N,LoadCase,E_true,E_model,Q111_true,Q112_true,Q221_true,Q222_true,Q121_true,Q122_true,Q111_model,Q112_model,Q221_model,Q222_model,Q121_model,Q122_model
1,NC_k0000,0.500960130795777,0.552019975201163,4.7209091481806,18.4400196179013,-3.2761033892833,2.83238396436425,0.64153704745071,-8.46205974724383,-7.11335943243884,13.6208198648313,-6.54136769632737,5.75689389205213,7.51780868395439,-13.5776431428282
1,NC_k0001,0.399706431073544,0.453658416077143,21.4959541384173,-3.80647852843528,13.2818836538708,-5.33456397775874,1.35419715873085,-13.2552802040968,22.8263179413137,-0.761177857033437,1.6582323732428,-10.9542316392339,-5.07961113926954,-0.426359775326851
1,NC_k0002,1.06052736358619,1.05500152436248,-13.2266355362595,12.5998676775511,21.0807458188625,-7.88541819295971,4.44494468173002,10.6225741268063,-9.86927494589589,10.8583126611425,20.6050773812932,-8.76483063681502,3.95670153194167,12.14805502005
1,NC_k0003,0.448621799188448,0.471109576080132,-16.449851884631,11.6317309491441,-15.8553787340789,2.11916865974253,2.71835664935837,11.3698549685412,-12.101714312695,8.9624773732257,-5.21930926852371,11.5881328923934,12.0126567756613,2.95363327708674
1,NC_k0004,0.265070641078253,0.353016351157319,3.96002091824948,-10.1331326098223,4.23089284162876,-0.424817679644458,-4.25810160036153,-4.89083173198069,-4.24977837396981,-9.12255814108155,0.745344246204922,-11.6849327022468,-13.2345891975894,-6.69332247433099
1,NC_k0005,1.07798322439443,1.09653739876518,7.86816597696723,21.569964069922,-4.8688329458443,-12.2889141052507,10.8897493986721,-6.36866919948709,8.86531498636563,22.258959533984,-8.18750036001272,-9.20245683727271,12.9365691662916,-3.89659878385342
1,NC_k0006,0.486580614064581,0.347177202141715,-12.7768364949071,23.9515947223344,-7.4397554332035,15.4847427236618,-13.1716937299104,10.8372753252379,-5.41243275279955,10.2586244757034,0.384769401056006,5.85643023470555,-5.00902294016408,6.49457159596647
1,NC_k0007,0.346337989521872,0.310743977621358,-8.28077296553228,-14.4626288619461,-8.89557435722358,-14.8076546921406,9.33776424693595,9.32885186343187,2.4745597536925,-5.2161108394473,-2.33568885298037,-14.2733550774374,0.477671958669636,9.53718951491735
1,NC_k0008,0.594212549179149,0.466719501430111,5.03391842680724,-16.7208020849248,20.0193221599948,-21.216751521427,16.2777328010352,-4.64158755925218,-0.441258368979752,-3.68039101659698,11.7769945748125,-12.739166061824,6.99994839908981,0.604637215264825
1,NC_k0009,0.619082120075541,0.557384841040323,11.3051736850006,10.982040370062,23.2119935200805,17.6206748848106,-12.1334240643352,-8.02764555301507,7.06697339158805,1.13902955370883,13.2600126393467,16.8073432645133,-3.11349017751966,0.0122102290907223
1,NC_k0010,0.663252688044334,0.731730921549539,-11.9375904760778,-7.34099013269021,-27.512384794615,-10.9415075412149,6.48067829811364,5.60590272231851,-15.1651816220804,-1.55174254492336,-17.1070243877305,-14.5287111555276,-1.34567830084738,-7.92698677291465
1,NC_k0011,0.326767205790948,0.474132294286529,7.28187001215948,6.6132530916923,15.4364946296787,3.07940368097049,1.0517832630451,-1.62519886490608,15.1638158373825,5.05966529407095,10.0193311173032,12.1457549880751,8.67294383462914,9.60841762446272
1,NC_k0012,0.558161888191256,0.627892092073447,-16.4944127100093,-10.8209251324408,-3.40808006628341,9.41690729292271,-6.68326391389762,10.022414332071,-20.7188176753151,-12.6481214599959,4.24142636622414,10.5136150281308,-4.9423214880917,0.277737859738221
1,NC_k0013,0.924503739827381,0.883737876911135,5.67473054487503,3.57848812989572,-24.8648763358361,18.2192596590849,-12.8390774496251,-4.19644825461094,6.78132759015617,-3.70036606908356,-19.8973431707142,13.7200961445102,-6.36597787457473,-8.10481707216523
1,NC_k0014,1.04580114404657,1.07428836518582,-3.46949703576575,-22.6723567877799,7.6544163893064,8.72791276303328,-9.3983952087018,6.30285472528406,2.9525354117252,-21.7403780441131,9.46606788412504,3.83139532992914,-13.9010954669639,10.1321106381216
1,NC_k0015,0.776553881634587,0.714530051618953,15.2948564836875,-23.4096666382507,-8.7947353360612,-4.60078428211422,5.28717524864459,-12.6220161525016,8.94094418058555,-13.7370799288868,-12.8690033115616,1.92804322647843,0.417448257000498,-11.1428528594706
1,NC_k0016,0.575625192167421,0.588698735971295,-19.9579078545047,-9.6327892516418,-3.57236607446348,-3.69643722105566,-1.7042020487417,15.419353815012,-15.7106550360302,-8.20982373295672,5.73687156120488,-12.3476112207454,-9.65359948153034,8.25917793398056
1,NC_k0017,0.572332915472327,0.535164281626729,-5.98060035728106,-2.91609104324618,-12.0008766408015,-17.4220097311639,16.0037335012684,0.865586732920429,-11.2504876737738,6.12608084475654,-8.43857660214134,-6.94324575717467,13.4461930964407,-6.68065034625169
1,NC_k0018,0.903960003821523,0.95634422479782,-2.21324257764797,34.73663631233,5.584979184831,10.1119820081657,-3.96635485121025,1.74487135546356,0.653330501294837,22.6319805706184,4.84426269887985,14.139934992912,11.2191283651598,3.27619069921467
1,NC_k0019,0.632364093198625,0.512276333593198,24.5845848448536,3.440072928104,16.9328390084927,-5.5144080700865,6.60599743274097,-18.9800712772636,17.3283325320704,6.5648417054323,1.78490159303949,1.13431570511922,7.77321575210015,-7.91781977710499
1,NC_k0020,0.56682646090702,0.59198860135679,2.93830194532168,3.1913827497928,9.1014348149225,-21.6530197716786,13.9168146734425,-3.58131264018554,-0.872432668629279,10.3484574963508,3.68492955965778,-23.6722657626846,4.4406754470887,-1.86678855185156
1,NC_k0021,0.456340690031636,0.492679603612283,-16.8011515065083,19.8939374639365,-0.89122573362736,8.85510785169805,-6.45723574388753,9.19373938405197,-21.4344480140276,10.1037426517871,4.95588487693185,5.73752150459018,0.707014278209333,-0.856760328741299
1,NC_k0022,0.599989489038417,0.528252436176653,9.28334934850078,2.8329052690479,5.84435439290024,20.302160480158,-17.5241960165188,-4.0923727073256,12.5298838524198,-6.8500028976956,2.38505144038269,10.0210023623946,-13.7332379721996,2.18307831230053
1,NC_k0023,0.902296508548905,0.891661664979068,6.36689313373951,-12.6796035226382,32.8832544627863,-1.08128299292322,-1.0634781572109,-3.71985838819534,2.43381733499476,-10.176064614375,22.2747036635794,-1.76359300146176,-5.81725337131515,5.47789665620641
1,NC_k0024,0.532467460936786,0.569395288391273,8.95089343186574,-1.55762095164908,-17.9229760229946,-5.55430108287016,6.38713018152882,-4.98023126043385,14.8057209277348,3.0546925326909,-16.4556675373064,-0.25137803250325,6.80823828033675,-2.56989154369685
1,NC_k0025,0.631217217714976,0.511872707212812,-18.1672164374218,-3.1223969333039,-27.7954010887898,10.7531802015245,-8.09796072124298,14.3126925139474,-10.3770493181704,-6.94981415975246,-12.0777586340138,8.11097329389355,-4.86973163115881,3.49484861980148
1,NC_k0026,0.351994238872211,0.445841958338712,2.82527626748903,-4.1232592105436,-0.980740607029221,16.890754205859,-8.90224534404771,-1.92597447398106,1.87810305183999,-8.46989301750116,-0.692028921892789,23.8557438726539,0.513854052242382,-1.33936998521218
1,NC_k0027,0.839551146215625,0.863734459793896,8.67026917466296,-33.7254987831466,-3.460603622357,-12.8872999436228,6.53088801073065,-5.55374669984073,7.43195965490471,-20.2167792430852,-5.71164680720769,-15.3371228678385,-8.77171690380852,-2.96072359876367
1,NC_k0028,0.670591844795231,0.636436983748004,-12.3674059365992,-12.014690427062,12.4046219946597,-8.01942890612476,7.39407451486855,11.1979705328219,-6.40666103893741,-5.84931349421126,15.098102611749,1.26163822048424,5.97060476113311,12.9732173642388
1,NC_k0029,0.480737379761364,0.575503057506003,-0.312664494170573,11.2988022797331,14.95756559261,-2.80096169176978,0.68652616800552,5.15543733004669,12.0289716769707,8.80755237232864,12.611016890901,-5.16906239045419,1.51849348765871,14.9320330932084
1,NC_k0030,0.699005410447731,0.713002300116993,6.34218306717807,15.596771942636,-18.5301245087021,3.61702601578202,-4.10639347379122,-6.6667572080316,3.0577525298919,10.2013343800818,-17.4210137172059,-5.30507316567328,-3.12817243527925,-11.1128716413158
1,NC_k0031,0.723280903390639,0.766480375115258,5.26877672101526,-12.8635815776622,-12.6768054798232,9.15264490177412,-7.12164499802807,-7.8751566369561,-6.65498017338914,-13.0418705441309,-12.3314684623843,5.94381991023551,-8.6568641982397,-15.0956166343585
1,NC_k0032,0.62219424695023,0.647140761400634,14.788509620651,24.2530018316027,1.34945906545175,10.2015271090659,-6.14029710217755,-9.08662655462395,18.6095592216954,15.0699111192154,-4.47308364902538,8.4697269637251,3.35879560225403,-1.22791519455238
1,NC_k0033,0.76393124297906,0.828715880006981,0.26560777548678,-17.5698578567525,21.9863179560167,-15.2301930333381,7.66772820931049,3.10180016530939,5.31893714519185,-8.50935058975109,16.974890218803,-17.5320713348602,-4.39685675601539,11.7543932683853
1,NC_k0034,0.67799152602642,0.657836710696727,4.83916278141153,-12.3303548313705,-11.3138256753738,-23.8688265413885,16.4876775709089,-4.00985430271243,4.88361723423629,0.837859716573231,-11.47628717003,-22.8070957500021,4.13527145619791,-4.38463546101385
1,NC_k0035,0.759381225360957,0.719835382114191,-6.15801584338311,5.24494292579377,19.49074400011,12.6068321121438,-12.8333793450339,6.04253216855007,-4.77719356929038,-3.47594805452133,17.8773353384473,2.84426400727023,-11.4311503968769,8.56124083596361
1,NC_k0036,0.41196312145421,0.388742011348787,-4.43676350839594,-23.1927716640848,-9.8001776539572,-2.29649920845045,3.35638869995565,5.1859454312118,1.14740330388757,-15.4279702258848,-4.07901885199548,5.32018698608311,0.795743513272192,4.38407441109635
1,NC_k0037,0.554671459461925,0.644563437501319,9.5886788624856,12.0176322313733,-9.2663986245584,3.44189529902436,2.9101919171417,-8.49546406215395,7.15652211754837,10.2630915462802,-11.2578166557327,14.1401174884646,12.7936505526501,-7.91657157087394
1,NC_k0038,0.134524985125137,0.170971715166263,3.56775903104904,-7.5836039644857,9.8831802427724,-0.344550861533475,3.6325431219747,-5.54982183238163,-6.07645507175847,-4.37780206992807,5.05014616858173,9.74147622762035,6.11531269260835,-5.94051270845916
1,NC_k0039,0.75038143458127,0.76319031665902,-9.34311077142016,-31.2454346652615,-0.75964896365133,-11.7984347257135,6.67415727306164,5.82529602600794,-12.7249788180524,-19.5388696422465,3.02749025456254,-10.8923926059316,-5.74861019784508,0.673703898248136
1,NC_k0040,0.801885251085743,0.851229905956742,1.6924033256333,-17.1698218019026,-21.6936279701333,2.70659314965227,-5.64870995929306,-0.67089890867216,3.25464097650699,-14.5573892716136,-16.1112402448226,-7.31456942761595,-13.6883978901118,-4.93028875004832
1,NC_k0041,0.481349452883963,0.439034327713557,-9.41273423015829,14.3941725348353,-22.67931824881,-0.53928583214237,0.30176613576339,8.68262832904752,0.942489829844415,11.0568995152841,-12.6266108153546,-3.39586799496759,3.17507262825109,3.96693238949528
1,NC_k0042,0.896718285356557,0.905689341554044,11.7713597452431,15.1060834928154,31.9464677491789,-4.06171093377829,2.8892075624278,-6.4950363651922,13.3053697118107,12.6625219950029,19.0106206230676,-3.29435317961095,4.9370262500913,7.18211862235423
1,NC_k0043,0.0962987442881538,0.202805475785978,-0.142075717672394,1.96977108399142,0.18622211613198,-4.3662454993307,-1.6696588301498,2.08730321664494,4.75502524044981,1.43704065737526,0.455587031834694,-16.5995214507165,-9.0153040524383,4.08709576034281
1,NC_k0044,0.767701889086851,0.797210764922252,-7.99813806243939,-15.2604516754176,-29.1959341338327,0.801064986876528,1.12905047001872,3.10603383685051,-11.5721518182096,-10.7102736406586,-18.8534005343737,4.74728514720891,-0.0638356313344544,-9.11458403090292
1,NC_k0045,0.787636035463981,0.848667577851548,-10.0813460131735,10.1704330763647,20.1895306956714,9.92721152668495,-5.19826113628744,8.0068402810163,-8.89133640565181,3.22783933389454,19.6674908065453,15.3780530521598,4.16258053602746,9.58827780686886
1,NC_k0046,0.82441913905031,0.73701790194423,-20.4091880394702,3.0868791526947,4.3400405051253,8.94731685014381,-7.54112404655827,18.4529765765422,-9.05550586848143,-2.76343483561935,13.3058295929927,7.21035277395192,-3.29438467622987,16.7237513473645
1,NC_k0047,0.839260736777715,0.840477013675927,0.076197322180008,17.2055864358652,17.1749897095621,-9.90563344103042,10.6876176198019,-2.00775747558764,-4.3772641384833,17.5979728630854,11.1203172044234,-0.217700278964671,15.518578719054,0.416628540026135
1,NC_k0048,0.76137196050216,0.770221968257286,-14.0190152638302,23.5234164282949,-9.1145881442613,-6.98323427835311,4.43969852856853,8.48658571925745,-13.0460487508705,19.4619124198217,-2.69040367438405,-10.7025168270988,6.01202753188857,0.452292456895642
1,NC_k0049,0.40612419354099,0.343731556932314,8.62207015287116,21.8501879280225,12.667156169406,5.68675544952203,-5.59612483709724,-8.08813163979302,2.14015848603145,13.277787799135,4.76186617971351,-1.67579370578339,-1.97811960314877,-5.29399294145366
1,NC_k0050,0.651494584043217,0.581566705675817,-24.7554477867344,-1.80787386823715,-9.40623236101357,-11.3293266543374,8.47010370642361,16.8926578102835,-22.351104203317,2.32721130432155,2.22681894641292,-8.01430934728183,5.55250840672383,5.7976305492708
1,NC_k0051,0.425802927092222,0.429536258443703,-5.51667614391306,12.7321577113485,-2.92087475476762,21.1457384299911,-13.89769071585,7.32332052907986,4.24993097150087,1.30110728035527,2.20435755166485,21.4053260006919,-1.26440693683053,8.87268332083102
1,NC_k0052,1.01457486268983,1.0059912140039,13.1411884223976,-1.83633239682271,-17.7020291542655,-9.64971670008137,8.15218692082801,-13.5747726489371,3.55817483135702,3.98332242348124,-20.4403737956605,-8.37951097993273,4.04909350313023,-17.3879718598442
1,NC_k0053,0.55430724239302,0.52333990948966,-3.02336557538178,17.8642290358804,-7.7601160881413,24.9986324270873,-16.7047608598861,0.13952821879612,-7.26631871024552,3.5087260944296,-4.44027426388831,22.4129916219095,-3.17158174085998,-5.92029668265191
1,NC_k0054,0.618237147848986,0.590098813647905,-13.2594892649293,-0.989417189812499,-17.7410541138588,15.6289588752877,-14.4540947751014,8.03441691957977,-15.4176722805874,-8.62211285364505,-7.65590417204647,4.47010750566487,-13.6425038525704,-3.71681730747087
1,NC_k0055,0.847742398139756,0.8119477245503,-10.0728543683368,13.8255962562056,2.4015360088554,-13.7578053031672,12.4015472418914,9.1681731093733,-1.28703184344795,16.3166388232473,5.66993288904145,-5.79397636223707,14.7854969044876,10.4130243391254
1,NC_k0056,0.171660678606866,0.271333634999994,-6.59386580276286,-4.57344656605017,5.42366442731092,-9.0420347758034,5.57647944425953,0.495147688923969,-17.7852989369903,-0.76744021099335,4.64378283583924,-9.74049534129174,-0.154249986317856,-6.41645523622853
1,NC_k0057,0.89872023174399,0.94275748106264,-9.68338847651808,20.4127709404753,-28.991821392957,7.42013645414855,-2.82978915767379,3.73902723122252,-11.8802714527732,13.1898448070047,-18.8212179294912,8.31345665589966,6.35064039806169,-9.14141114052762
1,NC_k0058,0.48513066625767,0.395933690380975,19.0603254986582,-14.4697845757279,13.9533931670533,-10.8971827700486,6.31913436414205,-16.1588097405392,7.77945748759055,-6.38846589939234,1.37210638619944,-12.5974335273446,-3.6470852211668,-10.2256659992573
1,NC_k0059,0.834601274547517,0.733549169370756,23.8256200837549,-1.62521021099702,-0.6380223966793,10.9891130074715,-7.85910748258615,-18.2608130910069,17.1173391509998,-4.46555840518999,-9.98548249369857,7.92831727643596,-5.85567894571842,-12.2552998398513
1,NC_k0060,0.51794807649427,0.447608790454682,12.2504781480393,-9.1296794364424,10.8490997616557,-19.9851454954132,16.8233518543412,-7.20588938789524,14.9683239483713,2.74412713949423,3.01592775550257,-9.603140175586,11.3627502876025,2.81571624283846
1,NC_k0061,0.320410650338521,0.41866656724548,10.0266160971421,-11.4316579475542,-2.24984521366623,4.8264325980138,-4.64659786926021,-2.70699076311377,19.6286289897523,-10.0809202823174,-3.48159021179945,2.44383844654877,-6.4782684103171,5.77123207428609
1,NC_k0062,1.06290817933434,1.05685323803337,5.57926396368883,-22.9199252767551,5.89215273063476,13.3563534651024,-11.644926202995,-4.04065762700775,0.699380956107883,-23.0595524656996,3.28206941276755,9.2660788706228,-14.4446078394613,-2.72199068672942
1,NC_k0063,0.65824461212819,0.679700211704168,16.8157622335941,-18.7134613357147,22.5706308077113,0.29159220648738,0.22388743697464,-9.25976414249634,18.0567901776718,-13.3968727834851,11.5147640550993,4.99273398814627,-2.51061728254855,4.55313381531458
2,NC_k0000,0.367914180149014,0.396106250582731,1.43103279395818,4.6790477079628,0.0984387424403987,1.83407823178532,-0.38419001458403,-2.77623016907953,-2.4990254023337,4.78518977792669,-2.298076484731,2.02247956277467,2.6411142371651,-4.77002117494805
2,NC_k0001,0.301554897097004,0.279458770596957,11.5363018811161,-1.07843537912072,5.1569375812233,-3.11214445702961,0.675580011301542,-5.6596478227422,8.0192135542813,-0.267412720879241,0.58256086495619,-3.84837900987486,-1.78454039776527,-0.149786316745952
2,NC_k0002,0.78053289426326,0.794743083300822,-6.8556730628696,2.0000192010343,3.4119816540422,-4.44072731441271,1.70196793543883,3.7403649492733,-3.46721813042889,3.81468129431684,7.23885982171558,-3.07921097149503,1.39004611417263,4.2677863212718
2,NC_k0003,0.327312031698626,0.323233267627619,-8.2675637344272,2.3570942665035,-5.612879040469,1.77825845346538,0.606429311232209,4.68636019007688,-4.251506164766,3.14864711058934,-1.83361835832392,4.07107763058459,4.22021897206468,1.03765382007235
2,NC_k0004,0.196761932714695,0.23096704520853,1.26624910623342,-1.7563908075823,1.92548171343438,-1.23830672939907,-1.03145777767563,-1.67086801702734,-1.49300822089876,-3.20488578502951,0.26185014583338,-4.105084795,-4.64950139358945,-2.35146038214876
2,NC_k0005,0.807760059196266,0.827367294351728,4.26478948490943,3.7338420478962,-0.602185257942999,-6.2786398819417,3.749571620099,-2.43624948296687,3.11451256766052,7.81989239167018,-2.87638654782175,-3.23295534531133,4.54480267342901,-1.36893115496818
2,NC_k0006,0.328464683098937,0.272905666700358,-5.73956891794557,7.2172990481284,-3.02220103340825,7.0044670567393,-5.06853000150926,3.83703263061584,-1.90146541393475,3.60400221600997,0.135175020524727,2.05744811049235,-1.75974174892081,2.28163634211726
2,NC_k0007,0.249736743453261,0.218188270225549,-3.53806399614788,-5.0207560185615,-3.36389696024088,-7.9949700853582,4.21155437833885,3.56018450174287,0.869348406024517,-1.83249470422132,-0.820561062741683,-5.01443477639866,0.167813024216695,3.35055174577022
2,NC_k0008,0.414388013631448,0.356956100414798,1.70649069960557,-6.1600288766842,5.0829721483198,-10.264362824886,6.3040045190794,-1.64999183023571,-0.155020406819884,-1.29297425897727,4.13742745395225,-4.47545212573779,2.45918247636658,0.212417743612465
2,NC_k0009,0.456033825168845,0.408287059427476,5.78601356278211,4.3602532494498,6.7321532235488,9.5536268704253,-5.2779756137664,-3.68481134459897,2.48272931951927,0.400157452433308,4.65843301406634,5.90466124518053,-1.09381384666941,0.00428962896587172
2,NC_k0010,0.498814006384723,0.510587393990545,-6.75740892135691,-2.55267484133051,-7.3657053216707,-6.4351872489715,3.12230834140326,3.07948573512892,-5.32774625892756,-0.545149457788031,-6.00994353080556,-5.10414503662784,-0.472756127273872,-2.78486438055402
2,NC_k0011,0.251106395563296,0.298388252311636,4.66816730746358,1.3185523281108,3.7828527068335,2.66396553285092,-0.2460668762363,-1.36170950371514,5.32726643913404,1.77753313568387,3.51993502006246,4.26697828698282,3.04692981728334,3.37557520434907
2,NC_k0012,0.428048150713125,0.426368174675794,-9.1859887105274,-1.6681201164756,-2.1292167823808,5.00417883511761,-2.39795086382732,4.27830718151621,-7.27881842168926,-4.44346684861596,1.49007404054204,3.69358406182044,-1.73630857016967,0.0975733017947129
2,NC_k0013,0.677018516222136,0.662965130995463,3.49314709016463,2.83056654489171,-5.0637932400147,9.239360908417,-5.0006194833534,-1.49712953874884,2.38237784415406,-1.29999178199871,-6.99022262193174,4.82006696178379,-2.23645951963405,-2.84733872047072
2,NC_k0014,0.776365882551026,0.812358146080327,-1.20348345637613,-4.3724242447622,1.3778158802965,4.22463996919688,-3.0274734967535,1.9852451313138,1.03726812419225,-7.63770726118774,3.32556569470765,1.34602424449581,-4.88365462509718,3.55955608660144
2,NC_k0015,0.556358080767569,0.545439471976969,7.3955573223715,-5.8878438796438,-0.408747445339699,-1.53821679033173,2.06283422360643,-4.4303457545455,3.14108219053825,-4.82603360932748,-4.52106581760099,0.677349295439026,0.146655572280916,-3.91464435542189
2,NC_k0016,0.426549294859172,0.407206418787612,-10.2844395753789,-2.4298861774286,-2.75103058410626,-3.08990848715884,0.20793867012482,6.0692815972207,-5.51937890883159,-2.88422906957012,2.01544543018564,-4.33789328261229,-3.39144824009385,2.90156790971195
2,NC_k0017,0.414571972331747,0.389790959308106,-3.95215839860429,-2.68372688028208,-3.4365045904128,-8.3448769916937,6.0138733406994,1.128995596365,-3.95245801262197,2.1521802452414,-2.96459324016751,-2.43926202332731,4.72384088444251,-2.34700848142976
2,NC_k0018,0.665458684509366,0.704424286481609,-0.668066702767048,8.7627332817156,0.872804728770699,5.67540416755841,-2.46668764921972,0.27813424515053,0.229524394818247,7.95094004292524,1.70185910821152,4.96756238318173,3.94144103680759,1.15097287828458
2,NC_k0019,0.447063338080137,0.37658254097224,12.2776419965039,0.251653942080699,6.4017499203367,-1.89891663025385,1.89553537996931,-7.5114803363872,6.08769226256887,2.30632324149972,0.627061582369987,0.398501409676003,2.73084241093362,-2.78164388317736
2,NC_k0020,0.424832290686854,0.400882724541129,0.91713039940279,-1.182483425985,2.4338737518594,-11.7210919765405,5.5837547013856,-1.22055718868562,-0.306498135155086,3.6355618472501,1.2945687143828,-8.31640718195236,1.56007310627202,-0.65582964788598
2,NC_k0021,0.337870866384472,0.326487632699723,-9.2633646963515,5.5598235002612,-1.55589368660374,4.16436058734485,-2.68846067350601,3.81231523433047,-7.53022964477009,3.54959000529535,1.74107358360322,2.01567376463793,0.248384277195448,-0.300992216908432
2,NC_k0022,0.434517560592477,0.384539351892831,5.57016839308868,3.00565082015565,2.42555966532654,9.9286570773718,-6.6697062281007,-2.23156344238048,4.40192827775502,-2.40650446669917,0.837902849138806,3.52052215248234,-4.82468387472638,0.766946786471091
2,NC_k0023,0.666034197830568,0.686864695331466,2.81850130372249,-2.972575423246,8.4171728286357,-0.37237495756511,-0.3239446180849,-1.89623878370813,0.855035008783002,-3.57499775016899,7.82542353067281,-0.619575567900104,-2.04368471533058,1.92446382405355
2,NC_k0024,0.4005800887863,0.41241023859507,5.36362101385754,-1.11872014632991,-3.6626931287601,-2.42026192383479,2.32306206751675,-1.87345769411522,5.20146255080875,1.07315738899705,-5.78111250790366,-0.0883127156417152,2.39183195637689,-0.902839833968448
2,NC_k0025,0.442385884179612,0.390581670760562,-8.7000279524519,0.216409403482999,-8.3652640277186,5.13842395799893,-2.75245215081778,5.7850714813736,-3.64560656517906,-2.44156959755445,-4.24309019055253,2.84950148964154,-1.71080671016246,1.22779054835422
2,NC_k0026,0.275291243187671,0.277182276336064,1.57180707718724,0.4158219765942,0.0711441111326819,9.800450557159,-3.91969746624021,-0.82050299087785,0.659804594344729,-2.97559514696521,-0.243119706150818,8.3808656789453,0.180524313700472,-0.470539925327654
2,NC_k0027,0.61398698748094,0.629943180955435,4.24747037940846,-8.8524634540875,0.1206024847155,-6.9262685603557,3.33812842007218,-1.90722220457219,2.61095423943148,-7.10244510511412,-2.00658361157443,-5.38815168971443,-3.08163021605978,-1.04014475198008
2,NC_k0028,0.49214986508076,0.48414155943359,-6.2426195163808,-4.1487980965866,1.2462818628632,-3.41885504685518,2.86393430432763,4.1421323701894,-2.25075209997605,-2.0549478972744,5.30418043853371,0.443231639212165,2.09755926255093,4.55767771207844
2,NC_k0029,0.354570591745923,0.400829364152395,1.05691080443523,2.176623805608,2.9270857501027,-1.77680840709494,0.23751314488003,1.11266975875911,4.22595063137362,3.09421973118085,4.43043148022336,-1.81596590790632,0.533468586113095,5.24583782990723
2,NC_k0030,0.520279331657834,0.540599215803158,3.27537856767717,4.4671059915079,-3.3939933760944,0.97794371249833,-1.52821535717899,-2.2968118467675,1.07423240999226,3.58387538204069,-6.1202524949277,-1.86374844799751,-1.09897193483481,-3.90411152259187
2,NC_k0031,0.529104789042402,0.563465448359614,1.72098030398902,-1.6836640212656,-1.7928642746533,4.68029462783952,-2.56148363303307,-2.3798923574887,-2.33799018076956,-4.58179656086301,-4.33222209959514,2.08814935947678,-3.04128080992203,-5.30330707894778
2,NC_k0032,0.469660556522749,0.458015015356505,8.5279859300756,6.6825006076039,1.61350925288493,5.35440817075972,-2.98915146011332,-4.07985770206955,6.5378056125171,5.29427636203651,-1.5714585733854,2.97553680988714,1.17999316792596,-0.431384255532532
2,NC_k0033,0.567644965403026,0.589608463522497,0.330823610235254,-5.5746185148886,4.8931802628891,-8.2464827857761,3.54035069150386,0.73800141706747,1.8686190632565,-2.9894571591837,5.96352289821946,-6.15926863213778,-1.54467897033255,4.12948729017676
2,NC_k0034,0.504427080668059,0.460552896965811,2.30302648943052,-5.12548175754988,-2.3030534082348,-12.6118050546494,6.8219153670687,-1.11510128240082,1.71568492208847,0.29435216021282,-4.03178462086349,-8.0124605222108,1.45278029498376,-1.54038545375317
2,NC_k0035,0.553848673279652,0.549474432039502,-3.02066107675781,2.70906853475634,4.1172910420421,5.7361222405216,-4.7400673538522,1.77066805660517,-1.67829675906434,-1.22115050813101,6.28056483875726,0.999230823722731,-4.01592742374583,3.00768694844854
2,NC_k0036,0.297948941161597,0.2971304269788,-1.92271479232142,-6.0100137902327,-3.0246121667105,-0.479549445693937,1.5136575576984,2.12639202713593,0.403099271219249,-5.42006767226093,-1.43301794666094,1.86905815032441,0.279556132696035,1.54018834885371
2,NC_k0037,0.416236751682848,0.448868189524261,4.9665559316473,2.8026845118079,-1.3330609052219,2.97081224721828,0.27614580141332,-3.10782852259925,2.51418907394992,3.60557156210468,-3.95503278931678,4.96762649649221,4.49459331042008,-2.78120537038908
2,NC_k0038,0.0950784780681398,0.106058904757107,0.81165910712682,-2.020804271829,2.8508198502006,0.99543779871062,0.94393546278179,-1.82260500933086,-2.13474599796196,-1.53798478525475,1.77418893008995,3.42232060396624,2.14839723863108,-2.08698749196141
2,NC_k0039,0.558666339789102,0.560314022551249,-5.61485074943946,-8.3944201215415,-0.95228622537919,-6.2020459680554,3.33116784370494,2.75632228215787,-4.47046794310076,-6.86428571937351,1.06360083773744,-3.82665406872069,-2.01956938194588,0.236681861975884
2,NC_k0040,0.586466972194936,0.633284017009851,1.15051940932194,-3.2727929573757,-4.6785276768379,0.41682606732893,-1.3602581571901,0.0130589223885802,1.14340215098319,-5.1142200709728,-5.66011024992005,-2.56971336544406,-4.80893090944403,-1.73208129635965
2,NC_k0041,0.347521687564007,0.3405962263286,-3.83083475745069,3.1955935859288,-6.5579852090621,-0.88237277837943,0.22378905962359,3.34419534458117,0.331110222756566,3.88444771028147,-4.43590985000094,-1.19301723229335,1.11544864667881,1.39364036146984
2,NC_k0042,0.65518561101441,0.675823803389776,6.34666321368129,3.0494174783199,8.3827859413883,-1.88993017235198,0.63809345851866,-3.32081586579301,4.67436760549808,4.44852596352946,6.67870424690271,-1.15735361868027,1.73444827695658,2.52318149396304
2,NC_k0043,0.0762546078568885,0.103868246572113,0.429898632530669,0.44562885178443,0.0247644382465499,-3.61290278245903,-0.0226521188361097,0.52835928114364,1.67050870653781,0.504853036188532,0.160054272013409,-5.83165045516352,-3.16720588222559,1.43585548064527
2,NC_k0044,0.562694888013904,0.590994858229968,-4.60370244583319,-3.5339905009095,-7.4102668560106,0.689623047592878,0.674975428310665,2.07582352860702,-4.06546324954268,-3.76267305879332,-6.62347057016603,1.66778950054111,-0.0224263747381219,-3.20208436551927
2,NC_k0045,0.590358945475501,0.61494800917554,-5.21682287683656,2.9467787297237,3.59827443148779,5.79116288056085,-2.52857989193591,2.6862687334597,-3.12365426623748,1.13398634873828,6.90947218294438,5.4025310517181,1.46237436721596,3.36849979697742
2,NC_k0046,0.593532177715149,0.55637672040218,-9.6596197452412,1.28767096261688,-1.3304091457604,4.33237457384771,-2.73097779278519,6.6474980560496,-3.18132935798496,-0.970834374039059,4.67452916836675,2.53310055720258,-1.15736468389517,5.87529420329706
2,NC_k0047,0.608427166951775,0.634727886921613,-0.564011827540204,2.6815716666215,3.8796940413167,-4.29065340031582,3.3844588250493,-0.780338995467337,-1.53779580220701,6.18242078614484,3.90672725591972,-0.0764812368044967,5.4518997381431,0.14636759392679
2,NC_k0048,0.566176098158452,0.566415498351931,-7.3392177213078,4.8409076595675,-3.5222136351761,-4.41387601058321,1.70641586076851,3.53748986461685,-4.58326442494013,6.83724954110093,-0.945177477487948,-3.75994797870825,2.11211167724842,0.158896840487449
2,NC_k0049,0.289424887770163,0.269258878982475,4.09373913419466,6.0505753462618,4.1459496932169,2.39010657371574,-2.46243677281287,-3.33604236937552,0.751868434655905,4.66467768316584,1.67291202681963,-0.588730413470446,-0.694941846264639,-1.85985580598337
2,NC_k0050,0.482011603927515,0.405340939933083,-13.1245076438011,-1.82191824797537,-4.77645338821885,-6.0590161991386,3.57529114846441,7.0224522589282,-7.85226413831672,0.817582778057895,0.78231349987834,-2.81554205593559,1.95067600433581,2.03679093592578
2,NC_k0051,0.309964902303179,0.279869354147903,-1.64667176854242,4.749345958847,-1.50133198733786,11.1797640662623,-5.7393220937826,2.24407505362292,1.49306183060457,0.457097687197051,0.774422489086548,7.51999866294158,-0.444204329056811,3.11710116945645
2,NC_k0052,0.746606669430038,0.758625515165481,5.9997494330749,-1.09531602605237,-2.5294071189122,-4.90870246915367,3.10035435781491,-4.510313687446,1.25003795660259,1.39939841596787,-7.18099708495094,-2.94384263819021,1.42250474151529,-6.10864441555656
2,NC_k0053,0.404791032191096,0.352470636689844,-1.64317588628345,6.7116006970707,-1.7435211492466,12.9995463652005,-6.936619534837,0.11243651167267,-2.55276219496902,1.23266590463915,-1.55993216484788,7.87400607791876,-1.11422224776703,-2.07988531154913
2,NC_k0054,0.442313757558085,0.42353591863128,-7.024378848936,1.7194301749667,-4.9755208298819,7.0124865603256,-5.0549183847417,3.46678276458933,-5.41644985607512,-3.02907216311709,-2.68962916685022,1.5704130114495,-4.79280767446331,-1.30577133848256
2,NC_k0055,0.617207052092827,0.615180646631527,-4.64263803036856,1.3224465939444,-1.0379314349348,-6.7504495215437,4.4738209074159,3.3501686077956,-0.452152783918311,5.73226972252392,1.99192891260717,-2.03550716750259,5.19435756078087,3.65824510707616
2,NC_k0056,0.135871524296845,0.151442356749715,-4.81342458780086,-1.74193922723095,1.04720327783672,-4.9024510982275,2.35091318558958,0.791436676712639,-6.24823112817158,-0.269612775828364,1.63142765101421,-3.42197600450163,-0.0541902370854589,-2.25419294224733
2,NC_k0057,0.664386213286381,0.693964735421417,-5.12809403444348,5.4446537015384,-7.5640477407258,3.75994218953111,-1.43124521023537,2.07165870413501,-4.17371010548261,4.6337820461074,-6.61216435854006,2.92063680481986,2.2310712437037,-3.21150911469159
2,NC_k0058,0.336527845743399,0.287691140361643,8.8188167298026,-4.0212903766091,5.51080592960235,-5.62302045554564,2.61102797269853,-6.0583662589615,2.73303522231807,-2.244359885952,0.482040693484411,-4.42565944938494,-1.28127345436934,-3.59242342955282
2,NC_k0059,0.61034162166362,0.542312775932137,12.2073969801217,1.08210747380723,2.5396509289893,5.8812373735738,-3.27097765767875,-7.1344590891195,6.01356725538659,-1.56881484707268,-3.50804351211529,2.78533180556315,-2.05718417187359,-4.30546296779834
2,NC_k0060,0.365863809877819,0.316578865854503,6.4779566991259,-4.44780997150521,3.270670736669,-9.4273822185112,6.2832134716703,-2.96210947212729,5.25858732890077,0.964051302898695,1.0595387656406,-3.3737211607108,3.9918974823064,0.989201583787308
2,NC_k0061,0.244536680106639,0.266088118916427,6.37371314993584,-2.1957246416111,0.14866185896312,2.45326638363435,-1.5530106266111,-1.59963810024503,6.89581946818012,-3.5415721788959,-1.2231326790723,0.858555569296069,-2.27590879868807,2.02751677226285
2,NC_k0062,0.788646426445304,0.80393559967849,2.54503931642384,-3.7458234412585,2.31398823581766,6.9308915788362,-4.1439401531842,-1.59462359568126,0.245702581434551,-8.10115219476158,1.153038154845,3.25530668000769,-5.07459833295475,-0.95627444889571
2,NC_k0063,0.487494422909647,0.485749349491696,8.9476978704861,-4.4629315766232,6.7411021835895,0.99285182950792,-0.0169793943054999,-4.16737858791557,6.34360990291479,-4.70651394966609,4.04530210358091,1.75401920597095,-0.882015934133068,1.5995813472896
3,NC_k0000,0.348425533292201,0.362800343850282,0.81539843767109,2.2534112983772,0.190093950504599,1.16600156209169,-0.0694407790118596,-1.87011983248733,-1.40624082504172,2.69270140872073,-1.29316371449415,1.13808100002918,1.48619644299419,-2.68416579769913
3,NC_k0001,0.257530784225995,0.240353172490584,6.9727580651204,-0.59652961367558,2.9833788626762,-1.86847925102038,0.275207564798347,-3.3363330671684,4.5125373572543,-0.150477336038564,0.327816144088806,-2.16554328293979,-1.00418889657154,-0.0842871118653243
3,NC_k0002,0.729376487093846,0.740697649988436,-4.0789638174782,0.6356191154462,1.1406745061409,-2.66105919632941,1.14582384781833,2.5036804514552,-1.95105807239124,2.14658104938903,4.07342006149459,-1.73272035289799,0.782200770194148,2.40155036116181
3,NC_k0003,0.296540159785667,0.291035352224309,-4.9763719764067,1.0758214380747,-3.0603609728682,1.089507268995,0.61600394504994,2.77931150354218,-2.39238926152067,1.7717931584151,-1.03180583543214,2.29085929286512,2.37478346702315,0.583904094245534
3,NC_k0004,0.187489658753379,0.203976829100086,0.72914675353349,-0.7725440322812,1.02525134423028,-0.796226230623423,-0.85368179070954,-1.07540407238697,-0.840139164007743,-1.80343954338987,0.147347187735732,-2.30999565814585,-2.6163474247393,-1.32320367162248
3,NC_k0005,0.758000736598753,0.771534075880023,2.57476968503763,1.345081762843,-0.0757204668850981,-3.7365916222693,2.5024907940834,-1.51948145013571,1.75258511524522,4.40037620999394,-1.61858786564173,-1.81923472561267,2.55743181128385,-0.770319051174939
3,NC_k0006,0.28939645674895,0.258017632864764,-3.36177981824867,3.6885901593799,-1.68665358611669,4.1602400201782,-2.96582907546606,2.30288150610274,-1.06998443872674,2.02802862466354,0.0760651061050484,1.15775835078644,-0.990234307563199,1.28391258815852
3,NC_k0007,0.219250436624915,0.198219926652591,-2.12249799126546,-2.7728034271593,-1.81698112693698,-4.8722481665664,2.50050023591015,2.25827404952967,0.489195995604918,-1.03117353762884,-0.461742591647691,-2.8217011681817,0.0944310231528101,1.88540806624731
3,NC_k0008,0.366985813670567,0.334415352626252,0.96136292528746,-3.4007486212468,2.3823478048021,-6.1190983831244,3.7750342396846,-0.83623855384907,-0.0872324165177042,-0.727576913385495,2.32819538007207,-2.51840716939293,1.38382058512269,0.119530798987537
3,NC_k0009,0.405501082832035,0.37677959361312,3.53031364496721,2.5469075194353,3.4414963209203,5.8163675325563,-3.1976926498773,-2.14921132765598,1.39707076341669,0.225174880387737,2.62137338779539,3.32264557745611,-0.615506222844331,0.00241384156017527
3,NC_k0010,0.456993239004994,0.462752423467427,-4.14122608922931,-1.50643109616179,-3.7160853393222,-3.950527703557,1.85861378897602,1.64495442353496,-2.99800645794588,-0.306764157969339,-3.38188957235963,-2.8721825399363,-0.26602729441658,-1.56708690535217
3,NC_k0011,0.23526375254349,0.259126949603505,2.87230474010475,0.684041841020401,1.9138894922539,1.67838475564665,-0.0204837267063702,-0.624925082603886,2.99773645581558,1.00024580019427,1.98072269376832,2.4010956675824,1.71455524065481,1.89948915922238
3,NC_k0012,0.384791708274444,0.382325235970449,-5.5652963696193,-0.506287087110199,-1.43760513203321,2.98894809699131,-1.52165547535968,2.54486765358011,-4.09590539299303,-2.50040855183306,0.838488054658555,2.0784377356088,-0.977048090012319,0.0549060286821045
3,NC_k0013,0.623182979478412,0.616989279678061,2.1148710977382,1.83581303018428,-2.0743238237977,5.5216563294077,-3.0646684836024,-1.15504760918836,1.34060141285309,-0.731525783754802,-3.93350800592542,2.71232734759936,-1.25849088093529,-1.60224219718168
3,NC_k0014,0.7362905533604,0.758110780983833,-0.689270089026889,-1.7507062208374,0.552545781755299,2.48456325017328,-2.0896499275586,1.34811122273861,0.583687057118917,-4.29785777702375,1.8713480230689,0.757428973046184,-2.74810912398178,2.00301808990426
3,NC_k0015,0.514436074073015,0.510663758292034,4.3644797961425,-2.7592346198612,0.238056511097202,-0.90142594795754,1.10941857767491,-2.81532190038,1.76753625914385,-2.71568487384008,-2.54407470987451,0.381155081965192,0.0825253928066083,-2.20283183315089
3,NC_k0016,0.383446856905676,0.367810934008185,-6.1805194604393,-1.2712714507444,-1.82934280360025,-1.95837835463095,0.000712803922080063,3.7384757581974,-3.10584115840724,-1.62300097574598,1.13412278319545,-2.44100064888779,-1.90842116562008,1.63275781328895
3,NC_k0017,0.37756599662369,0.358974226923708,-2.46874223770686,-1.74122186247339,-1.8093156078062,-4.988607520055,3.7844831511807,0.582278454624517,-2.22411017167808,1.21106561016967,-1.66822315614444,-1.37261103347468,2.65817942326671,-1.32069851719938
3,NC_k0018,0.626231042013458,0.651357510707264,-0.330287726627478,4.2661815302961,0.3470552879017,3.48475537609161,-1.17681531414094,0.19986108359126,0.12915698017115,4.47411878061711,0.957662836960853,2.79532533668855,2.21791074643646,0.647670507249776
3,NC_k0019,0.39229596589379,0.347965671747135,7.365689566874,0.0305646912154991,3.6087754366934,-1.03870163424468,1.19092689429247,-4.521324513845,3.42564000426748,1.29780429399028,0.352857396375593,0.224242999130683,1.5366878949786,-1.56527468092109
3,NC_k0020,0.374755699252199,0.359076663176508,0.52265359078639,-1.1604886911597,1.1481518317638,-7.0479046518454,3.4088808067594,-0.67856310540266,-0.172471312237058,2.04578772460373,0.728474138472873,-4.67977287706255,0.877877627830698,-0.369045638459201
3,NC_k0021,0.297130961594475,0.289874755516466,-5.5665023643464,2.7622087121927,-1.17126471055833,2.50217044556147,-1.48783961332164,2.24218902692457,-4.23737843501965,1.99741001950001,0.979729437875321,1.13425127057628,0.139769732058161,-0.169373045604572
3,NC_k0022,0.388029791464228,0.354065275160647,3.42815360716488,1.98593452890808,1.45538095363804,5.9438433547836,-4.1870908883991,-1.33506804500589,2.47703414591306,-1.35417784211292,0.471501087094762,1.98105308239814,-2.71492535699113,0.431572996722259
3,NC_k0023,0.62685966394137,0.645050187713622,1.70231955319199,-1.350922612264,4.0113173688814,-0.188445192950375,-0.35979622244179,-0.913076615968588,0.481141622277118,-2.01170735640591,4.40348866874174,-0.348644898513598,-1.15001347226317,1.08292600514296
3,NC_k0024,0.370321567021557,0.379033156399606,3.22310097666764,-0.672748568792731,-1.42859797428761,-1.45180775214785,1.47381647860367,-1.22057018444531,2.92694463291262,0.603882509835054,-3.25312276345076,-0.0496949514757674,1.34592139021701,-0.508042147876811
3,NC_k0025,0.394309871461891,0.36562879070694,-5.2203376379757,0.348759040455199,-4.3089679117263,3.00675513592073,-1.67196758061958,3.3731016520613,-2.05144004507016,-1.37390954171792,-2.3876534607119,1.60345922134651,-0.962697793043286,0.690897016126256
3,NC_k0026,0.240410314505085,0.239397077070659,0.94582961896307,0.697705369405901,0.136713123087208,5.9418627157111,-2.36966084819381,-0.53799323478545,0.371282403232551,-1.67441410181382,-0.136807275285061,4.71604468522731,0.101583865294517,-0.264780202790221
3,NC_k0027,0.569094785188482,0.580419021579141,2.49360434792811,-4.378804413589,0.2843271502066,-4.2202843861661,1.72409671303026,-1.15778743390944,1.46922493880037,-3.99665735894569,-1.12913609874496,-3.0319975421291,-1.73408169979328,-0.585305780734103
3,NC_k0028,0.458372209445386,0.452737318226069,-3.7540101610707,-2.1713636659119,0.148703590767198,-2.03508745774353,1.76606278956645,2.7401342262515,-1.26653354026694,-1.15635144155891,2.98474560086036,0.249413401491739,1.18032952573791,2.5646767976517
3,NC_k0029,0.338039811106557,0.363017530760321,0.737285555567572,0.8718782670922,1.3173503359203,-1.07152925072781,0.21623292763777,0.925456909370951,2.3780087616952,1.74116601758941,2.49307334540178,-1.02187252446377,0.300191148104762,2.95191529909017
3,NC_k0030,0.490752315519843,0.504962003887963,1.97114259545291,2.1619164218214,-1.31536241180761,0.55097227348889,-0.89423439257698,-1.6286545737839,0.604487441025367,2.01670293922632,-3.44396215816518,-1.04876050989108,-0.618408760029657,-2.19690484276693
3,NC_k0031,0.502654383683316,0.520651613265381,0.95718535814766,-0.4461832222837,-0.623871374747399,2.79718923285842,-1.72120002790917,-1.6945542315305,-1.31562377784337,-2.57824885249444,-2.43780938517453,1.17503442555598,-1.71137645553121,-2.98425414771085
3,NC_k0032,0.424513744332551,0.417353604010322,5.2071662074775,3.3637696415106,1.20377797572592,3.26188191937932,-1.66860233356778,-2.49278197354005,3.67892585242348,2.97917242153545,-0.884284408911057,1.67438127462418,0.664000679808304,-0.242746692708116
3,NC_k0033,0.526435096017803,0.538323639347906,0.21688919063914,-2.9947166653973,2.1960999130426,-4.9842431186238,1.98212500315665,0.72977070052862,1.05150128155905,-1.68221447370306,3.35576795366544,-3.46591715107122,-0.869215105871496,2.32372732526631
3,NC_k0034,0.446183541855582,0.417937630874479,1.32563978823428,-3.02759032043438,-0.964546067264003,-7.6167359844401,4.0902881439556,-0.7228073011895,0.965442839475052,0.165636581462495,-2.26874849945063,-4.50873732009523,0.817502278574085,-0.866799076690167
3,NC_k0035,0.516679583598811,0.514436719615601,-1.74888117574504,1.59232165657363,1.7458444661166,3.4236459889107,-2.9677830502471,1.22417576809375,-0.944403933200328,-0.687160561253455,3.53417243071413,0.562282871013145,-2.25982540569706,1.69247266230418
3,NC_k0036,0.275301582764065,0.278308062660089,-1.18492948435828,-2.82881276746991,-1.5382154921097,-0.303948233311467,0.835266177799602,1.31389105971548,0.22683028800096,-3.0499571665436,-0.806381694932039,1.05174836274521,0.157310624502188,0.866688162668971
3,NC_k0037,0.390340760729557,0.406503471843403,2.9692105582041,1.4003313258738,-0.340612121985099,1.86838717879208,0.36977269696822,-2.01236238485945,1.41477366110827,2.02891172034753,-2.22555903894458,2.79536141425482,2.52917821450304,-1.5650279228911
3,NC_k0038,0.0855668833843969,0.091509130248933,0.42238261956427,-0.893944791217701,1.3733681938461,0.67806376289353,0.59152310486244,-1.11343149906782,-1.20125508553261,-0.865448182839019,0.998363963207296,1.92579352942333,1.20893685296221,-1.17438062446541
3,NC_k0039,0.514723242817142,0.51749730518595,-3.45814845578116,-4.1765246556246,-0.74420354716286,-3.7788923180245,1.80145180470877,1.6999360528882,-2.51560249157848,-3.86264133382544,0.598504888416994,-2.15331831750163,-1.13644339559112,0.133184599302818
3,NC_k0040,0.558598363310403,0.587650833312302,0.67314316982352,-1.4057992894531,-2.0421081502426,0.14751923221706,-1.0606429717069,-0.157485819390339,0.643410340147622,-2.87785191992593,-3.18503289331983,-1.44601805158452,-2.70606091612758,-0.974669336677224
3,NC_k0041,0.321023414871035,0.320618860998047,-2.25851438075158,1.3808183474491,-3.2531607840181,-0.58661615293053,0.27916423257347,1.94907711338401,0.186320920305221,2.18583970688595,-2.49615611007825,-0.671329525287143,0.627680464445247,0.784223309572867
3,NC_k0042,0.611995213613272,0.627786671086418,3.88504217435689,1.2923085847394,4.1466860063785,-1.0630996068588,0.47559571916458,-1.75784525096059,2.63034003254449,2.5032553952158,3.75821172590066,-0.651261050038992,0.976001273817355,1.41983383701787
3,NC_k0043,0.0676487100951903,0.0810213238944665,0.30305476545381,0.06259251501132,0.0302847111950901,-2.24912933211489,-0.11761282495559,0.36714642010749,0.940021473782294,0.28408872893873,0.0900650514866329,-3.28156125974786,-1.78223647056117,0.807978419850273
3,NC_k0044,0.527908140693182,0.547722422556661,-2.85472115712483,-1.5956225393723,-3.61359785784931,0.377036939396098,0.364594998644969,1.00838042944965,-2.28769999251504,-2.11731519880454,-3.72713086891067,0.938491333880274,-0.0126196731273643,-1.80186314065315
3,NC_k0045,0.550018915155066,0.565267201942043,-3.09491728657506,1.6063986821396,1.3439145827222,3.54199539483925,-1.40871111253616,1.8067253438502,-1.75772929254616,0.638111920409696,3.88806846624006,3.04008903486412,0.822901013632447,1.89550771642051
3,NC_k0046,0.544262872238433,0.518919898612307,-5.7346620513343,0.76994194598512,-1.187792424748,2.56498398637071,-1.62080509645621,4.2059564094653,-1.79018397208947,-0.546303742992225,2.63043094650699,1.42541544961796,-0.651267276609127,3.30612028196743
3,NC_k0047,0.575481703751721,0.592076634543061,-0.349917467096118,0.9354682578441,1.7164697582018,-2.48193778808062,2.295789442017,-0.368235750165948,-0.865341839111291,3.47894523158692,2.19837675697381,-0.0430371925966542,3.06786956973371,0.0823633428658897
3,NC_k0048,0.520558156504726,0.523443477884236,-4.4019627649757,1.9546974294903,-2.0196792259694,-2.68115793946121,1.23909732723291,2.08591014537539,-2.57907484265402,3.84742765188185,-0.531866204526088,-2.11578175346078,1.18851839794041,0.0894137465969448
3,NC_k0049,0.263677004199031,0.254279609000714,2.49407604496436,2.9609574996567,2.1794782981222,1.46528717474445,-1.43641916680457,-2.04459113217515,0.423088171447152,2.62488736113011,0.941373859833583,-0.331287845890925,-0.391054686492822,-1.04657005912077
3,NC_k0050,0.417220291866341,0.367204156017942,-7.9291875682738,-1.23326794820031,-2.94305969305013,-3.6827205822613,2.26488935598731,4.2742177457796,-4.41859230002238,0.460066664101285,0.440220087592087,-1.5843497148853,1.09767601048178,1.14613423436954
3,NC_k0051,0.267991850452288,0.246732706127386,-0.89992284014281,2.7435274533729,-0.79736163959855,6.7267139738884,-3.383358233464,1.40215312855474,0.840169331030793,0.257216044370088,0.435779691941887,4.23162130093286,-0.24996074933717,1.75404176211316
3,NC_k0052,0.701632365510473,0.707295156824564,3.5236496313879,-0.72770729000415,-0.782109639468999,-2.94216138471037,1.88064437832354,-2.990801820272,0.703415982000315,0.787463457232182,-4.04085979115436,-1.65654646665685,0.800465749354198,-3.43743010967269
3,NC_k0053,0.349473491617837,0.315022296083758,-0.96413131321762,3.7960602846875,-0.810074773496799,7.8346618135357,-4.1192379049883,-0.10400468056618,-1.43647936184892,0.693640455643952,-0.877798317878758,4.43082683075402,-0.626990350524866,-1.17038411605328
3,NC_k0054,0.402014270987539,0.387959515060144,-4.2290752353284,1.2212348037767,-2.5833549456436,4.1276281410828,-3.1826764891954,1.91388348840365,-3.04792136458127,-1.70450645831566,-1.51349655554349,0.88369605479589,-2.69698811869204,-0.734778030919093
3,NC_k0055,0.578503178152044,0.57448610360009,-2.76031366074826,0.139661817401795,-0.8281922578446,-4.0311987867403,2.9648044762185,2.1831974781383,-0.254433469667185,3.22563816135524,1.12088966957813,-1.14541183772447,2.92294654348568,2.05855195100281
3,NC_k0056,0.117064533235809,0.124053566191305,-2.97058791934796,-1.04252620259817,0.26329174908572,-2.9466833893393,1.38803967375329,0.434554140429338,-3.51597774417424,-0.151715341496173,0.918029950322111,-1.92559961789487,-0.0304936971177239,-1.26846975622932
3,NC_k0057,0.62178705826744,0.64153678849802,-3.10493793617333,2.6722159071167,-3.7044718108004,2.25121995962707,-0.653837283775215,0.971671742267427,-2.34861219767429,2.60750190113972,-3.72076868613728,1.64348817992074,1.255458813481,-1.80716659496759
3,NC_k0058,0.29530357175543,0.264716020209103,5.2405759320036,-2.0692746674422,3.05009294470285,-3.35486152680284,1.40091866522507,-3.6802290326885,1.53792182436865,-1.26293654108692,0.271251865577749,-2.4903880487349,-0.720992686946604,-2.0215130597536
3,NC_k0059,0.546468945195349,0.50211686909137,7.3353418932471,0.89587638002417,1.8990079867891,3.566110299769,-2.09817314436815,-4.4671980104119,3.3839286990687,-0.88279674261214,-1.97403115556667,1.56734993274272,-1.15760982838221,-2.42275160163211
3,NC_k0060,0.320676076097524,0.288399242599716,3.8772541546457,-2.59459232371468,1.7692126742642,-5.6105020182162,3.8515805534124,-1.64009751499484,2.95908964232286,0.542486802376961,0.59621909667934,-1.89844585976128,2.24630338041315,0.556639260256664
3,NC_k0061,0.221103420033818,0.232083653391276,3.88583310890244,-0.856822656493598,0.37901585767353,1.4449975055723,-1.0760858088091,-0.90009960450808,3.88038586931398,-1.99289826271656,-0.688275959959388,0.483122696945619,-1.28068960955662,1.14091551688522
3,NC_k0062,0.74109628533311,0.751781514967791,1.50991662384777,-1.2746654680661,1.25949045863576,4.1475442259383,-2.7947789355365,-0.98354229449954,0.13826069975469,-4.55864551657281,0.648832670792233,1.83181217253052,-2.85555614593818,-0.538110644543923
3,NC_k0063,0.443939356885412,0.4442368708968,5.3958718165495,-1.9800582857855,3.5456722225776,0.64795769609185,-0.16891007907938,-2.32808715698228,3.56964887803351,-2.64842928505976,2.276354999181,0.987014142809519,-0.496324212533797,0.900109535274545
4,NC_k0000,0.339733914635316,0.348753359568372,0.63390282332636,1.3542074128826,0.1803311362966,0.76721893659844,0.04203521154807,-1.42398057672603,-0.941034764312298,1.80191443058391,-0.865365298472344,0.761586327575857,0.994539835958274,-1.79620253077064
4,NC_k0001,0.236137315928682,0.223783793974815,4.7811764540106,-0.39090112913559,2.0052125374793,-1.24619715383493,0.145936216784336,-2.34032748261,3.01972069990804,-0.100697122378872,0.219369529313178,-1.44914830844061,-0.67198778813877,-0.0564036408531922
4,NC_k0002,0.709746671148139,0.717966136358532,-2.8482524274664,0.255906269282001,0.483875473909997,-1.83470548325064,0.88111942863659,1.9183068056544,-1.3056180994161,1.43645907295369,2.72587014916156,-1.15950985056923,0.523436743064768,1.60708062079834
4,NC_k0003,0.281969915048178,0.277431121039124,-3.422632192496,0.624226068298203,-1.9908077973593,0.67534485554898,0.55346905956392,1.95423750092408,-1.60095015360657,1.18565677197562,-0.690468619507711,1.53300785778995,1.58916862630309,0.390739652785312
4,NC_k0004,0.182544525608223,0.192556505667361,0.53139266220415,-0.436760719163903,0.65516912749615,-0.475100529405784,-0.72210176855509,-0.798315618579051,-0.562208226438102,-1.20683404680348,0.0986024752046727,-1.54581361955639,-1.75081951708065,-0.885467576455468
4,NC_k0005,0.73869032156764,0.748053224762026,1.79287377360477,0.623115251205306,0.0492230026773015,-2.6259884139363,1.9191928537881,-1.11434931421972,1.17280304446651,2.94466418263331,-1.08313414284337,-1.21740394017851,1.71139409333026,-0.515485679166067
4,NC_k0006,0.272989735937152,0.251777921846969,-2.31502682549037,2.3206339740869,-1.11712596413433,2.8658954043615,-2.06559661446076,1.64677760381544,-0.71601715451916,1.3571256109509,0.0509016008647241,0.774754108515227,-0.662649591476654,0.859174586799174
4,NC_k0007,0.20489854191516,0.189790212144536,-1.51135390449275,-1.817040521185,-1.18112082530878,-3.3532474617359,1.75016988319296,1.64706042209807,0.327362447618415,-0.690045495528012,-0.308991051295388,-1.88823908855073,0.063191790505539,1.26168612349944
4,NC_k0008,0.346827844398366,0.324945195852293,0.63913971714839,-2.2337387264724,1.4160925604108,-4.2131163301899,2.6775387799685,-0.52232118963314,-0.0583745934951753,-0.486883296953405,1.55799259397416,-1.68527940228287,0.926031484068743,0.0799881750339305
4,NC_k0009,0.382814253010525,0.36350491887906,2.42876715810741,1.7234058123114,2.1604928932413,4.0187127248476,-2.2715816613297,-1.47176613493405,0.934898299898543,0.150683571918372,1.75418281437348,2.223463394175,-0.411887311926023,0.00161530570242076
4,NC_k0010,0.437884263171944,0.442553730651742,-2.80425962524771,-1.02764112642563,-2.3140568184203,-2.7173664196617,1.29880473679819,1.04789422952623,-2.00621988091987,-0.205281863499855,-2.26310856574744,-1.92202044728055,-0.17802138001115,-1.0486704911239
4,NC_k0011,0.226843654743552,0.242498924754694,1.92239300840283,0.4360821703473,1.196229872238,1.11484560653909,0.05662109648752,-0.34043756555059,2.00603919964072,0.6693491285977,1.32546920847857,1.60677634683779,1.14735403641987,1.27110897467336
4,NC_k0012,0.365525032464199,0.363709769249527,-3.8214889212663,-0.1834172470382,-1.0399670300742,2.07041748239611,-1.13940240502757,1.80123233049851,-2.74091698769044,-1.67323500381869,0.561103329417905,1.39085861385683,-0.653825577193897,0.0367422711957281
4,NC_k0013,0.601388605893206,0.597646439829937,1.49583394088686,1.29963937317079,-1.1062883409193,3.801555674706,-2.2109894713932,-0.95130343768016,0.897109877707837,-0.489525820361279,-2.63224315022055,1.81504780748365,-0.84216277072953,-1.07219587253225
4,NC_k0014,0.720768337293311,0.735300357763441,-0.530753421185159,-0.905311799957701,0.279235706875902,1.77114949735788,-1.6329853048682,1.03878454706451,0.390594414873245,-2.8760604216773,1.25227735852618,0.50685983683675,-1.83899242273381,1.34038894517972
4,NC_k0015,0.498138964303171,0.496051097028831,3.02828717947,-1.6424036406638,0.3235069461827,-0.61940973542011,0.71776330364217,-2.0914936581788,1.182808120357,-1.81729461248201,-1.7024557261937,0.255063127407717,0.0552247255140261,-1.47410123359722
4,NC_k0016,0.363374795650929,0.351170411565115,-4.2782213914333,-0.8035667419229,-1.31822251425665,-1.30276902650462,-0.0758750516965199,2.6999734296072,-2.07838120643844,-1.08608732835248,0.758937549657523,-1.63348014750187,-1.27708613618483,1.09261645419934
4,NC_k0017,0.360587711616965,0.345986645442074,-1.66907362292856,-1.24221900753139,-1.148991296081,-3.4894518393667,2.768488184176,0.351091076393542,-1.48834037096567,0.810426507848632,-1.11634931699279,-0.918530224252295,1.77881284807627,-0.883791165587482
4,NC_k0018,0.610220732087205,0.629006395749045,-0.222766566887678,2.5967163593335,0.185100841319001,2.33575839310821,-0.66922709202186,0.17419847760191,0.0864298676516108,2.99401157842103,0.640853263553466,1.87058878717226,1.48419181079928,0.433411157099452
4,NC_k0019,0.367635555443771,0.335911224421321,5.0848511377811,-0.0236680417013009,2.4015953037489,-0.73275849492091,0.891606990653179,-3.2142889782957,2.29238568289965,0.868470703005227,0.236126750782041,0.150059971292162,1.02832794022307,-1.04745777836516
4,NC_k0020,0.352422926342239,0.341405073759247,0.36676556083405,-0.944293572288903,0.6871172120241,-4.8450983399528,2.4599252910123,-0.46125040960972,-0.115415153486827,1.36900972790229,0.487483706203088,-3.13163214150819,0.587462226874397,-0.246959673779655
4,NC_k0021,0.278783152807849,0.274388230415155,-3.7973779870701,1.7039748631551,-0.879128226926761,1.7107252861411,-0.99389028942562,1.58299788924981,-2.83558857479654,1.33663611058899,0.655619894006044,0.759023531439577,0.0935317582331185,-0.113341841036813
4,NC_k0022,0.36667169074729,0.341221727151269,2.34872218419618,1.4245623157897,0.99018701950634,4.1435234933915,-3.0589341120276,-0.93288794726205,1.65759321034053,-0.906195015673694,0.315521286586206,1.32569029947582,-1.81678635547068,0.288802021689304
4,NC_k0023,0.612421587493064,0.627492603167966,1.13296748306418,-0.7788909914497,2.4033022912556,-0.07938165143392,-0.33317673302293,-0.522619800690357,0.321972584679407,-1.34620366888053,2.94674699222897,-0.233307811904618,-0.76957135474646,0.724677452019735
4,NC_k0024,0.358281760303629,0.364962510208268,2.21775641347134,-0.46486699600779,-0.723133327776104,-1.03964504446291,1.0860786244142,-0.93114920730187,1.9586663989124,0.404108901686943,-2.17693979471265,-0.0332550983563733,0.900669924860252,-0.339974003296188
4,NC_k0025,0.374037782026453,0.355143332137691,-3.5937945993796,0.3126467666126,-2.7224468823696,2.06227726954773,-1.2172933801411,2.3386887362569,-1.37279217395508,-0.919399166027333,-1.5977810284336,1.07301028641337,-0.644222578841418,0.462337673005016
4,NC_k0026,0.224136503485638,0.223390107179055,0.65159001033658,0.623932023365901,0.124618971479968,4.0708488883627,-1.69717535293811,-0.39735671897251,0.248456482415722,-1.12049220275966,-0.0915493276553578,3.15590467850163,0.0679783626197334,-0.177186845446523
4,NC_k0027,0.550236983203453,0.559548725002331,1.70354070449722,-2.6935902875808,0.2600641292054,-2.8503467728735,1.07470616137734,-0.84658833968002,0.98318276598515,-2.67450172746969,-0.755600537004354,-2.0289661924502,-1.1604208430052,-0.391677639857599
4,NC_k0028,0.444422338926748,0.439537878736697,-2.64827783432,-1.3784478717941,-0.0951047615788028,-1.42104112441206,1.26614109339246,2.0724567469418,-0.847544794842206,-0.773812626466231,1.99734591900678,0.166903618007353,0.789858392164565,1.71624232694552
4,NC_k0029,0.330674586603033,0.347050046641282,0.440525111568208,0.461855132405898,0.756160821892898,-0.73926017765695,0.19983630707634,0.79163616357709,1.5913269439664,1.16516155967966,1.66832639632251,-0.683821400354697,0.200883306240964,1.97537638524097
4,NC_k0030,0.479616164661051,0.489979796060443,1.41855884497003,1.3063526074941,-0.663155656611004,0.38435262843036,-0.61425798106858,-1.2855558669215,0.404513712349499,1.3495466361862,-2.30464658691252,-0.701814427280705,-0.413829645235849,-1.47013498265377
4,NC_k0031,0.491790529696969,0.502616920952317,0.72439138461215,-0.126030017686901,-0.2801337176973,1.95834260130632,-1.32096625930107,-1.3384135222515,-0.880395227943812,-1.72532453761864,-1.63134460283356,0.78631499244029,-1.14522684223213,-1.99701704610643
4,NC_k0032,0.404405272327463,0.400193871949369,3.591440557879,2.09128976740899,0.90425092165559,2.22053343038002,-1.10283165024245,-1.78421664449535,2.46188068274511,1.99361643299052,-0.591749546383685,1.12047023530848,0.44433905779124,-0.162442358870782
4,NC_k0033,0.508137097040628,0.516685572175703,0.0806190712485999,-1.929818320675,1.2569442519331,-3.3848920330361,1.33554279223245,0.65917947313202,0.703648509590559,-1.12571209183671,2.24562837967004,-2.31933853099984,-0.581665400210668,1.55500264031458
4,NC_k0034,0.419860791770693,0.399945335327184,0.918917098800129,-2.06175214689277,-0.521275182106002,-5.246573376205,2.9009400740593,-0.563196777183959,0.646059521757554,0.110841456614253,-1.51821165439502,-3.01717777339881,0.547059970343208,-0.580048630585768
4,NC_k0035,0.501782652511219,0.49971393660854,-1.2308325839865,1.08724482443382,0.951547803152899,2.4113607302406,-2.1654704308476,0.969806884195,-0.631980608775466,-0.459837294785314,2.36501391593252,0.376271062237864,-1.51224045708813,1.13257671411237
4,NC_k0036,0.266853457795408,0.270399741805624,-0.85040923250267,-1.6818212661349,-0.9646139305703,-0.220744295682947,0.538091718196542,0.93937692224863,0.151791345270852,-2.04098449730032,-0.539618246550061,0.703813852525878,0.105269854079116,0.579974408626103
4,NC_k0037,0.378509918447545,0.388613266871628,2.0758630702571,0.860094021727601,-0.0750053598781975,1.21622538287862,0.370849034429471,-1.50460181248725,0.946744807168266,1.35771656502083,-1.48930993068999,1.87061292972558,1.69248722025836,-1.04729265168098
4,NC_k0038,0.081263101621418,0.0853451219427131,0.308816960404,-0.5118964082197,0.8342931957822,0.44620807223589,0.43086751947794,-0.796019205090571,-0.803861455422899,-0.579144633166415,0.668089832185606,1.28871145525253,0.809001976216978,-0.78587747879098
4,NC_k0039,0.496037665743804,0.499460087153464,-2.39373370589306,-2.5775611344299,-0.56998911715683,-2.5624133445578,1.16109195816149,1.21864480378452,-1.68340255496121,-2.58482026155906,0.400510280018741,-1.44096754930962,-0.760490467834788,0.089125088521901
4,NC_k0040,0.548159150834864,0.56844198554803,0.48072105433113,-0.779932948275906,-1.1538598318687,0.15429281391936,-0.8860382361869,-0.20812106997282,0.430560318698578,-1.92581430930428,-2.13137509928517,-0.967653073451198,-1.81085440777705,-0.652233751992846
4,NC_k0041,0.311009424878182,0.312235636949383,-1.55738860351603,0.770550435891501,-2.0043496307861,-0.43683360071616,0.26795964837151,1.3456462762086,0.124683098515984,1.46273036365081,-1.67038933510162,-0.449243408635738,0.420034127444098,0.524790195356631
4,NC_k0042,0.594769497694041,0.607569678984526,2.63578539551169,0.712191304637599,2.5524432216395,-0.73339691733439,0.406121599554409,-1.11596308326927,1.76018315533776,1.67514006769111,2.51493757167356,-0.435813893193608,0.653125063872306,0.950130999177257
4,NC_k0043,0.0626775390680618,0.071316457452644,0.194336952402407,-0.0201762971192001,0.02094168588578,-1.50058804433183,-0.13079206015884,0.28323693794163,0.629047934234861,0.1901078146218,0.0602701493152741,-2.19597039970133,-1.19264527608459,0.540686750344252
4,NC_k0044,0.514141885626118,0.529503390780522,-1.92305664922403,-0.926085144861602,-2.2011093181079,0.242762651690991,0.218792562883214,0.581671015736144,-1.53089370251341,-1.41687481518165,-2.49413873948821,0.628023988110968,-0.00844489145502792,-1.20577914230107
4,NC_k0045,0.533504111323125,0.544323905275599,-2.16319169903196,1.0515381300057,0.653431822407796,2.41731389086925,-0.94537228354039,1.3999183859068,-1.17624544891656,0.427014697578412,2.60183570808346,2.03438089512647,0.550672720935256,1.26844465429383
4,NC_k0046,0.52312336903747,0.503167847251199,-4.0075757942997,0.53519590721179,-0.946769959016102,1.76820376317612,-1.15283373602563,3.1041048940621,-1.19796362205662,-0.365578075159611,1.76024399356529,0.953866128611757,-0.43581805991872,2.21240492021489
4,NC_k0047,0.562994059142486,0.574140614002488,-0.238244035689444,0.417269317790598,0.983116542309602,-1.76424304849042,1.7749774890724,-0.203802163074698,-0.579073469576953,2.32805672240718,1.47111996503665,-0.0287998283584558,2.05297120243226,0.0551162841823172
4,NC_k0048,0.502071360104269,0.505342509373584,-3.0052309396777,1.0266021308356,-1.3494221157755,-1.87482217854851,0.991804444446711,1.46197048056955,-1.7258772775486,2.57463949924071,-0.355916696137047,-1.41584865710691,0.795338259685003,0.0598343060852605
4,NC_k0049,0.253403379492659,0.247999472591848,1.75172811069226,1.8075696362273,1.3931712453421,1.02518772826574,-0.97921266305777,-1.458126271197,0.283124106917661,1.75653431136457,0.629952930211633,-0.221692738843823,-0.261687790728218,-0.700348611264225
4,NC_k0050,0.387011982208706,0.351099887941366,-5.4672192190788,-0.88945487183326,-2.04019604766218,-2.5611933402817,1.65208737955721,3.0574227739187,-2.95685411033373,0.30786954631875,0.294588522105001,-1.06022249815647,0.734547929074909,0.766975428321957
4,NC_k0051,0.248181536914962,0.232710133889454,-0.649280517164839,1.8488637709347,-0.51492174273439,4.6097857786944,-2.3740288044066,1.03523922357088,0.56222841374665,0.17212502679544,0.291617077527566,2.83173598907863,-0.16726989477983,1.17377781018064
4,NC_k0052,0.683424197509164,0.68570716990813,2.4962126821279,-0.53105256029221,-0.288815278245501,-2.03994264178997,1.35013689133105,-2.2809438817971,0.470715172712706,0.526958452410914,-2.70408131628178,-1.10853545570799,0.53565938662124,-2.30027544037478
4,NC_k0053,0.323473060849744,0.299190007991581,-0.61721203916454,2.5227174152643,-0.477344728955899,5.3825513396639,-2.9015098914389,-0.14359230391907,-0.961269928766913,0.464173540598935,-0.587409153872533,2.96504127041221,-0.41957231380674,-0.783203076736432
4,NC_k0054,0.383999067112803,0.372955109349423,-2.8738130667183,0.899915575735601,-1.6434261837131,2.8839472106021,-2.3465902466985,1.27903315572579,-2.03962216989118,-1.14062954559883,-1.01280865202522,0.591355828845239,-1.80478303106521,-0.49170217421848
4,NC_k0055,0.562421165428834,0.557376869453419,-1.94006607904626,-0.117188639950506,-0.629926946200399,-2.8388238601334,2.2473573371441,1.6323802040336,-0.170262970536583,2.15854752107459,0.750082153247293,-0.766492011581008,1.95599093886703,1.37755135218683
4,NC_k0056,0.107720854498507,0.112430487907854,-2.00905463289836,-0.715821784548321,0.0622876552704099,-2.01162286282916,0.971932778195749,0.289253629037374,-2.35283831111797,-0.101525576618909,0.614331544461717,-1.28858169263561,-0.0204059138158904,-0.848840480829539
4,NC_k0057,0.604075303683395,0.619453926819805,-2.07159806754998,1.6294022712651,-2.2589497301024,1.49531982547353,-0.3647470861887,0.55043827886584,-1.57165521477009,1.74490022852956,-2.48988126448107,1.09979705076182,0.840133757752936,-1.20932813248252
4,NC_k0058,0.276788453069693,0.255032054749541,3.6321877727736,-1.3084606776578,2.00596315557405,-2.26582817677804,0.92145725481025,-2.6384845593544,1.0291536668213,-0.84513773823048,0.181517582797851,-1.66652943703144,-0.482477233735239,-1.35276549497347
4,NC_k0059,0.517994105187592,0.485190410318201,5.089228955916,0.69009665983882,1.4239115022555,2.4789059795765,-1.54594558135065,-3.2621802391797,2.26447311802604,-0.590754022942717,-1.32099133387676,1.04884650501431,-0.774654719603191,-1.62126816533113
4,NC_k0060,0.300068976508726,0.276506668992065,2.6310177902927,-1.75441980947082,1.1530130312468,-3.8936629098661,2.7811767195867,-1.1073329307837,1.98017734555505,0.363023837117082,0.398980663291076,-1.27041081469606,1.50319172542747,0.37249444458922
4,NC_k0061,0.21019892452315,0.217685161560308,2.63115538924474,-0.432197245656898,0.3498205147266,1.01746345299617,-0.83772672885742,-0.61450584731333,2.59669463220308,-1.33361691223708,-0.460583702470015,0.323298289423972,-0.857017819014443,0.763483142725909
4,NC_k0062,0.722683051458783,0.729860720795371,1.03873818287076,-0.552183454196303,0.813877249666561,2.9193235091625,-2.1471243758638,-0.705782750683579,0.0925219369900225,-3.05057557203557,0.434188859094582,1.2258205745026,-1.9108943197505,-0.360095379500383
4,NC_k0063,0.425071096416636,0.426725438736681,3.6635802545199,-1.1247664525129,2.2626214222193,0.4712835452373,-0.19571867446283,-1.56300093016234,2.38875420966268,-1.7722882053222,1.52330180720067,0.66049470667594,-0.332132540918354,0.602339477917806
5,NC_k0000,0.334728508570703,0.341194465878543,0.54464163159349,0.916263118255102,0.163607305594999,0.53456794941802,0.0786146586021901,-1.14422875434373,-0.692831161965576,1.32664861708518,-0.637119974736991,0.560713334174302,0.732223947827874,-1.32244326534395
5,NC_k0001,0.224190657871691,0.214905239973127,3.5638189921701,-0.28161891562162,1.4746651264401,-0.9007624331623,0.09495385987101,-1.8014217297008,2.22325112808954,-0.0741376482040261,0.161509491102553,-1.06692669014314,-0.494746950632689,-0.0415268399355727
5,NC_k0002,0.699578942308203,0.705703117165644,-2.1788039306245,0.108761252356302,0.219791172175597,-1.3806947134425,0.71940386006302,1.5587782541949,-0.961253440581232,1.05758431715092,2.00690543477534,-0.853682124769845,0.385377140852032,1.18320340130448
5,NC_k0003,0.273723643232125,0.270122596555979,-2.5627257018183,0.4090433999372,-1.433190397402,0.43844324011763,0.48006042411863,1.50346794654048,-1.17868988185872,0.872932637744301,-0.50835335111545,1.12866777689255,1.17001580353456,0.287679709540923
5,NC_k0004,0.179417677710191,0.186429331483088,0.4286384590028,-0.278321295319401,0.46712209103524,-0.284882735803339,-0.61215096911283,-0.632604322227601,-0.413922411330224,-0.888524278438868,0.072595476872376,-1.13809594165433,-1.28903029559961,-0.651920155496924
5,NC_k0005,0.728585012070971,0.73538466948796,1.36145845278285,0.321064735210406,0.0867304617004017,-2.0235320413347,1.561016957042,-0.88280941952365,0.863469158494167,2.16799122054029,-0.797450971218013,-0.89630629860071,1.26000356546821,-0.37952321807605
5,NC_k0006,0.264245118471939,0.248400785157641,-1.74916628759797,1.6361931852006,-0.81773777580487,2.1565925564013,-1.57582981765636,1.28167695008394,-0.527163305720513,0.999175534875685,0.0374759962229313,0.57040803336578,-0.487871759737054,0.632562100655632
5,NC_k0007,0.19684259827877,0.185257972338296,-1.17652880354423,-1.3134681625102,-0.85332633601041,-2.5040488647811,1.34157899032389,1.28927188980567,0.241018624995337,-0.508041828640799,-0.227492795404212,-1.3902046251665,0.0465245741209496,0.928908788634152
5,NC_k0008,0.336076211733162,0.319831121049942,0.46756261089871,-1.6216020469806,0.956528965228301,-3.1666402063297,2.0708238847146,-0.36772283657844,-0.0429779419149157,-0.358464886912414,1.14706263801605,-1.24077678190091,0.681785087496654,0.0588908107903572
5,NC_k0009,0.37050361044345,0.356354802580199,1.81068446134901,1.2739654696425,1.5168261566848,3.0155812941382,-1.7577219773609,-1.10648836533801,0.688313227101342,0.110939869790701,1.29150650291926,1.63701149563796,-0.303249545864684,0.00118925906797466
5,NC_k0010,0.427442272274295,0.431696346366017,-2.04923350615821,-0.76302393307992,-1.6128875920307,-2.0236419406012,0.99447641239562,0.74957423778485,-1.47706727101834,-0.151137532228154,-1.66620001377621,-1.41507594651312,-0.131067165895805,-0.77207731577838
5,NC_k0011,0.221836154459488,0.233585345827741,1.38343092635059,0.3071409179438,0.8348553447013,0.7892220012909,0.0773790878026399,-0.21408340775336,1.47693424551777,0.492804253481424,0.975868699740231,1.18297938143865,0.844732480015861,0.935846305902841
5,NC_k0012,0.355098426149247,0.353712283522529,-2.8519267644628,-0.0589743244587986,-0.800513148792599,1.56828734722461,-0.917477365761759,1.39661273078881,-2.01798357876877,-1.23190916627226,0.413108937571989,1.02401125453901,-0.481375132512881,0.0270512752675974
5,NC_k0013,0.589931230263907,0.587214185082241,1.15617741839744,0.98787381509397,-0.677486172709301,2.8560266970947,-1.7308516752313,-0.8045586775334,0.660491729481787,-0.360410428812278,-1.93797312225333,1.33631798651026,-0.620037253815048,-0.789397735761744
5,NC_k0014,0.712452010476225,0.722991788078543,-0.45224668496674,-0.532102592164698,0.156071533614902,1.39060443185988,-1.340604128957,0.84273427614032,0.287572779005311,-2.11748211586007,0.921981642245624,0.373172493755763,-1.35394706487775,0.986853265780609
5,NC_k0015,0.489672159120239,0.4881610403879,2.3042183633024,-1.1111933547953,0.318944954222502,-0.46511593050583,0.51632248517186,-1.6681999714298,0.870835335194164,-1.33797218312101,-1.25342274664604,0.187788687132728,0.0406588706370203,-1.0852981305897
5,NC_k0016,0.35206387496824,0.342228343372093,-3.2289287742692,-0.561573238612603,-1.01545599144201,-0.92246782832667,-0.09569021820514,2.1127483960865,-1.53019561112227,-0.799625236213713,0.558763187428884,-1.20263989340338,-0.940246954967356,0.804432265686637
5,NC_k0017,0.350910990377583,0.338993105239789,-1.21137252580216,-0.953382076225989,-0.808747381521101,-2.6685051822875,2.1799307576719,0.240830139371634,-1.09578160948176,0.596671621936098,-0.821905442586725,-0.676262330259696,1.30964021648299,-0.650685908119838
5,NC_k0018,0.601805144012787,0.616964045299051,-0.174154788505178,1.7795550657479,0.1134760005465,1.68409869747181,-0.43409604043739,0.15441806835681,0.0636334680763431,2.20432294266169,0.471824344939747,1.37720969737334,1.09272725711396,0.319096346883105
5,NC_k0019,0.35398166622536,0.329417188235407,3.8270173992359,-0.0430869593771011,1.7597010632048,-0.580224498763251,0.71527612848014,-2.4893631772396,1.68775511446411,0.639406310069631,0.173846894205903,0.11048074759581,0.757100235533889,-0.771184463333785
5,NC_k0020,0.34032038196776,0.33191527575105,0.28505082697219,-0.773390464844102,0.468099916946201,-3.628409752314,1.9303578525996,-0.34665842945939,-0.0849737097195879,1.00792514420854,0.358906934596398,-2.30564525109278,0.432515516633135,-0.181822568338841
5,NC_k0021,0.268905509089725,0.266076812606289,-2.8188152945908,1.1823775190679,-0.68936275899936,1.27209782475878,-0.73785419794559,1.22854464818764,-2.08768496301865,0.984090263977949,0.482696187429277,0.558826490996644,0.0688621921260172,-0.0834472459497703
5,NC_k0022,0.354597821663342,0.334305932318272,1.74006504636968,1.09524541484707,0.73054376150133,3.1556293565151,-2.4078063813334,-0.71494057395066,1.22039299029058,-0.667180607440619,0.232300641698554,0.976031476651709,-1.33759798196597,0.2126287442858
5,NC_k0023,0.605317119768438,0.618006124316199,0.81235468173839,-0.509677931910701,1.6280460843241,-0.020071055808249,-0.29494443366894,-0.33780664419592,0.237050370957882,-0.991134320988051,2.16952467652621,-0.171771467482023,-0.566592262204106,0.53353939745255
5,NC_k0024,0.352072374541325,0.35738774610648,1.66425766715284,-0.35138928783947,-0.4191052682703,-0.81528832923612,0.858767157940751,-0.76052225496733,1.44205630708353,0.297522738302876,-1.60275877650714,-0.0244838653249571,0.663112792697303,-0.250303806697217
5,NC_k0025,0.363295929850951,0.349481905805068,-2.6949392686959,0.2694943609966,-1.923824986201,1.55249523796193,-0.962357002226931,1.7792638958857,-1.0107099472713,-0.676902083393704,-1.17635663258964,0.78999734306317,-0.474304982971951,0.340393319520574
5,NC_k0026,0.215239340422658,0.214811468300368,0.4884408259211,0.530804461429501,0.106852458040738,3.0297508983759,-1.32800267503881,-0.31361216512477,0.18292458465736,-0.824955617212148,-0.0674026395857773,2.32351575986331,0.0500486589321338,-0.130452744862664
5,NC_k0027,0.540281618223546,0.548309791426063,1.27574456291682,-1.8619026532399,0.223961288666599,-2.0798511034921,0.757250728401468,-0.67298931408363,0.723862373649736,-1.96908574453772,-0.556306332016451,-1.4938141055091,-0.854352837449,-0.288370296858041
5,NC_k0028,0.436776974017126,0.43241260142679,-2.0427015800541,-0.976365108888398,-0.165307331783502,-1.08500068688956,0.98124348638374,1.6672422938717,-0.623999736563959,-0.569714872893167,1.47053387015298,0.122881780764815,0.581528470982211,1.26357304818715
5,NC_k0029,0.326416416620502,0.338467621909951,0.256924658834653,0.283046557497901,0.490117063847698,-0.55681248981892,0.18231275481073,0.67642021207609,1.17160485187929,0.857843161469624,1.22829523364811,-0.503459376159075,0.147899121010821,1.4543589336001
5,NC_k0030,0.473888758062158,0.481893943031641,1.11873370946507,0.891921602530001,-0.380551853453305,0.29656876617587,-0.46012459362015,-1.0604463123838,0.297820777708381,0.993595560477424,-1.69678213099543,-0.516706633566758,-0.304679577033562,-1.08237800228624
5,NC_k0031,0.485644115646722,0.492901163386103,0.61186492895508,-0.0101308114778007,-0.1364206000796,1.50091874679642,-1.07439694699157,-1.1003999875984,-0.648185669539018,-1.27025977094438,-1.20106761153869,0.578919664335125,-0.843166346142058,-1.47029173946629
5,NC_k0032,0.393570448386481,0.390965152064511,2.6879807053581,1.4569410027378,0.71017188762537,1.63534496376787,-0.8088028199945,-1.38997522404705,1.81254478445692,1.46778805859727,-0.435672029729128,0.82493944380889,0.327141947769772,-0.11959720566872
5,NC_k0033,0.498132946716355,0.505045927208513,-0.00279992044997002,-1.3773696235503,0.817430765410798,-2.4938786114376,1.00137802292761,0.578036376949409,0.518056965590683,-0.828798729020276,1.65333033234608,-1.70759898609959,-0.428247638011159,1.14486130269163
5,NC_k0034,0.405463672981117,0.390272802059026,0.70464274870058,-1.53150282716969,-0.320921054567201,-3.9321996542299,2.2461807860931,-0.46695130596149,0.475657421099975,0.0816063530194136,-1.11777416150282,-2.22137891380479,0.402769599266318,-0.427057301139099
5,NC_k0035,0.493768143918178,0.491764435256568,-0.95761662135012,0.81369711638316,0.590935272242199,1.8589566668366,-1.7017003197105,0.805590707974892,-0.46529190644471,-0.338552431157035,1.74122721240562,0.27702729713157,-1.1133779035479,0.833852765712721
5,NC_k0036,0.262711470128015,0.266129281545692,-0.66307787356965,-1.1342138335173,-0.678883272862,-0.171400615031247,0.381749133691122,0.725600175450779,0.111755461231208,-1.50266250987198,-0.397290675066954,0.518178698328243,0.0775042943019008,0.42700265566955
5,NC_k0037,0.371762066399018,0.378997437018697,1.5872322173571,0.588159405973602,0.0214171044847014,0.83893418385777,0.33729854145865,-1.20289615886815,0.697035146533207,0.999610621240676,-1.09649544197326,1.37722747218242,1.24608349435467,-0.77106288980982
5,NC_k0038,0.0788894366424461,0.0820417722071479,0.25537337046708,-0.338297683268999,0.575343787736699,0.30647879505781,0.33397873858825,-0.613919954120741,-0.591838141736447,-0.426391738498678,0.49187710410338,0.94880602592132,0.595622819125569,-0.578597547553128
5,NC_k0039,0.486172580840826,0.489743617097827,-1.79472052112366,-1.78590891426811,-0.45250187471657,-1.8781667265101,0.83636292633413,0.9489885014446,-1.23939496439531,-1.90305830688079,0.29487327483308,-1.06090365563961,-0.559906514058244,0.0656178081646526
5,NC_k0040,0.542686830664138,0.55808703144965,0.38030812781396,-0.491875756616203,-0.746471096793798,0.17731174962829,-0.751445920502411,-0.2142666654756,0.316997434327736,-1.41786915451555,-1.56921204468082,-0.71242873131121,-1.33323062130178,-0.480203160822233
5,NC_k0041,0.306034610016483,0.307703589621252,-1.17472874036075,0.492674691708899,-1.390343547856,-0.34950544120316,0.24325654066093,1.01721673119048,0.091797178274733,1.07692639626457,-1.22981405986537,-0.330752746459833,0.309247589588214,0.386373611927914
5,NC_k0042,0.585892031035769,0.596669395717331,1.93108880740179,0.4493807170808,1.7657897160761,-0.56349332484349,0.35455091745198,-0.79607721887025,1.29592421771591,1.23331175804294,1.85160759850018,-0.320865346821409,0.480859383810521,0.699528209949352
5,NC_k0043,0.0596880914639677,0.0661281930491281,0.12760610508087,-0.0397322901055299,0.0130937251408001,-1.07370345442739,-0.11770866061767,0.22749121354,0.463132742525704,0.139965730383418,0.0443735334394961,-1.61676994449715,-0.878077881688356,0.398077354532334
5,NC_k0044,0.507073479436532,0.519683956505881,-1.39133207522353,-0.6137470435423,-1.5091078848582,0.174568557784353,0.142244117635093,0.381776377769453,-1.12711124283837,-1.04316552564288,-1.83629458391562,0.462378868375979,-0.00621750033192019,-0.887747611369931
5,NC_k0045,0.524767411527713,0.533049111146371,-1.65878418455476,0.760292092068401,0.360230741451794,1.78575933046855,-0.70736482412171,1.1481471008148,-0.866003607980557,0.31438699219134,1.91558582662176,1.4978006476531,0.405429465070966,0.933884716114239
5,NC_k0046,0.511298178134889,0.494668919921036,-3.0684935485536,0.40615839876069,-0.7732399460861,1.33388662318623,-0.8956345464276,2.4618571209659,-0.881993481790788,-0.269154649974137,1.29596900949351,0.702278176437665,-0.320868414547609,1.62886976097107
5,NC_k0047,0.556369036588631,0.564463095782426,-0.176432370351876,0.201997135909401,0.645703640985303,-1.38657682293732,1.446895385227,-0.124272678961198,-0.42633934473572,1.71401770187084,1.08310318961696,-0.0212036996960256,1.5114876491332,0.0405790313614672
5,NC_k0048,0.492496570418601,0.495590870650475,-2.2328654574253,0.619133122595997,-0.9878395794633,-1.42912753160472,0.827683203620351,1.12390094801273,-1.27066672237961,1.89556278210932,-0.262041518017441,-1.0424100229577,0.585562990349174,0.0440526464936182
5,NC_k0049,0.248125771619882,0.244601542869144,1.33831825877679,1.2441662321603,0.993041546656199,0.777312748801109,-0.73064147681008,-1.12680972837612,0.20844841382622,1.29323777837738,0.463799040347994,-0.163219940088763,-0.192666055493637,-0.515627435377234
5,NC_k0050,0.370198591433684,0.3424437263852,-4.1018596607759,-0.68309842228389,-1.53086862116512,-1.9371253749139,1.29769030138831,2.3790157286016,-2.17696598119019,0.226667094138348,0.216889020270027,-0.780582411189241,0.540806476572934,0.564681027051832
5,NC_k0051,0.237115600954942,0.225187561996558,-0.52583256835551,1.3640000654734,-0.37348681053043,3.437540458114,-1.8266919579365,0.82046380117288,0.413937274114224,0.126726011451012,0.21470131214555,2.08484852005105,-0.123151449826469,0.864186823864223
5,NC_k0052,0.673428884214824,0.674060276513996,1.9467999373457,-0.41459491207079,-0.0938934214959986,-1.54376022469897,1.05357076664179,-1.8456723047131,0.346561203085522,0.38796997808922,-1.99086353815848,-0.816152534406604,0.394375988353391,-1.693563900756
5,NC_k0053,0.309057544129931,0.290689272701291,-0.4260624020598,1.8427993733219,-0.318661818163498,4.0238704305851,-2.2366124364759,-0.14030636748819,-0.707729179587592,0.34174496594911,-0.432476441956039,2.18299372835267,-0.308907582086773,-0.576628535192177
5,NC_k0054,0.373912779453622,0.364880926162595,-2.1208137897062,0.704386854215599,-1.1662240634972,2.2129024784236,-1.8603647038445,0.952900562525371,-1.5016595045446,-0.839781614260581,-0.745674253324982,0.435382157569254,-1.32876060686499,-0.362012756195832
5,NC_k0055,0.553386119502845,0.548143501565562,-1.49413845718526,-0.189060881441506,-0.499345428081499,-2.1894458567278,1.8105356026175,1.3022515282049,-0.12535508377608,1.58921757611891,0.552243455302889,-0.564325114395841,1.44008651578322,1.01421386350198
5,NC_k0056,0.102491156321993,0.106211312483786,-1.46519789604819,-0.53400735766483,-0.00480129424845899,-1.49342233673414,0.74634272290788,0.220287806844449,-1.73226299689392,-0.0747475926349094,0.452297889432984,-0.948710488978297,-0.0150237308080373,-0.624953677547002
5,NC_k0057,0.594757619274344,0.607556508425318,-1.49162326216961,1.1172096614281,-1.5494265254126,1.07451439771976,-0.235018698287575,0.357845925793346,-1.1571216600634,1.28467225515266,-1.83316004365407,0.809718936539473,0.618543405264997,-0.890360533957351
5,NC_k0058,0.266555432056757,0.249818034358177,2.7534825634568,-0.924443239074801,1.45895972303645,-1.66433214267454,0.6805999848852,-2.0537915111778,0.757708171754963,-0.622227555670686,0.133641224082644,-1.22697223322257,-0.355220949477895,-0.995965425819665
5,NC_k0059,0.502165536960933,0.476068983686968,3.8518505106789,0.54857773088787,1.1200486863623,1.8755225076402,-1.22306092293715,-2.5706680254735,1.6672046571503,-0.434939081608052,-0.972571891608203,0.772206904942182,-0.57033485887954,-1.19364889528288
5,NC_k0060,0.288572035850115,0.270110863576305,1.9422250470509,-1.30007302072146,0.832233261766101,-2.9553894197558,2.1759280157387,-0.83352878037276,1.45789361163656,0.26727410764132,0.293747103755261,-0.935332289836004,1.1067158295114,0.274246785196157
5,NC_k0061,0.204182984161379,0.209965193962783,1.92814322225164,-0.247873786840099,0.29830651468459,0.787422378525021,-0.68527307247002,-0.47056528116284,1.9118007405537,-0.981867397425422,-0.339101969307062,0.238026413069643,-0.630974193399648,0.562109852872954
5,NC_k0062,0.712985988292223,0.718027530227455,0.780716108056271,-0.258605640235203,0.582069300668159,2.2497987350767,-1.7460143829476,-0.54813161279285,0.0681187173344743,-2.24596784134937,0.319668925280187,0.902502994790635,-1.40688440231395,-0.265118048407072
5,NC_k0063,0.415069325025806,0.417303888704333,2.6995039065397,-0.730066532731598,1.6057140035035,0.36912033193565,-0.19059967365294,-1.16695081137456,1.75870586028798,-1.30483648766005,1.12152175576465,0.486285238816679,-0.244530577379048,0.443468802864585
6,NC_k0000,0.331528658542234,0.336559218037808,0.483563332540459,0.668786513426596,0.147423564451399,0.39268214319523,0.0891331431143803,-0.95238980853083,-0.542412721351323,1.03862402006955,-0.498796818468664,0.438978588411946,0.573253060750261,-1.0353316792982
6,NC_k0001,0.216808900772273,0.209492306304932,2.8126897453848,-0.2164874529995,1.1516338924083,-0.69123222102492,0.07074505113557,-1.4650466406666,1.74056792020328,-0.0580418516436923,0.126444662714746,-0.835289521102193,-0.387333963315985,-0.0325110755622939
6,NC_k0002,0.693410940463764,0.698157381192642,-1.7623497869997,0.0405727413556001,0.0936493786528985,-1.09998554577212,0.60867083519181,1.3126054053755,-0.752558665425465,0.827975441948744,1.57119237431953,-0.668341826819271,0.301709096229319,0.926321753474468
6,NC_k0003,0.268555114047473,0.265651026984053,-2.031221430978,0.290196455368601,-1.1016572460482,0.29860112692422,0.416307835429429,1.22067775819128,-0.922788150340187,0.683412920186752,-0.397986320078796,0.883626190584444,0.915997274456844,0.225222453457432
6,NC_k0004,0.177332166803147,0.182687342769623,0.36266312070324,-0.191911397000101,0.35665030600662,-0.173243327061565,-0.52540678197442,-0.52215407295815,-0.324056990913876,-0.695619507770774,0.0568344963821055,-0.891007435520481,-1.0091728965494,-0.51038377754786
6,NC_k0005,0.722407377382468,0.727588320186035,1.09335309823073,0.171204564398103,0.0978074636308008,-1.6475265723417,1.3154632615285,-0.73179768704178,0.676004027782211,1.69730532105808,-0.62431884590103,-0.701711997493118,0.986448070434704,-0.297126100605258
6,NC_k0006,0.258896089528703,0.246313573059987,-1.40064618635717,1.2394419063896,-0.63799185342284,1.7185041291348,-1.27020285108326,1.04868959333134,-0.412712503348154,0.78224761057516,0.0293396980571178,0.446568501308205,-0.381951423949638,0.495228490397172
6,NC_k0007,0.191796501624303,0.182482002234073,-0.96475203751086,-1.0123035023834,-0.658723019389319,-1.9781429322223,1.08643381171992,1.05513869545627,0.188691813326043,-0.397742431289559,-0.178102534956633,-1.08838157890078,0.0364237670647808,0.7272362612859
6,NC_k0008,0.329518189441724,0.316679971283916,0.36431422081136,-1.2555673689053,0.6999255008086,-2.5203247602165,1.6866927940881,-0.27897855820337,-0.0336471332582856,-0.280639678890075,0.898027400040106,-0.971395554655849,0.533764826103743,0.046105208161769
6,NC_k0009,0.362979305785725,0.351964517931351,1.42752729319851,0.99885722156314,1.1434282968136,2.3932012456865,-1.4322112039611,-0.8816407629691,0.538875661416483,0.0868540562015384,1.01111150212116,1.2816049695474,-0.237411970550465,0.000931062692996408
6,NC_k0010,0.421112175576089,0.425048317843506,-1.58526827441591,-0.60007423027564,-1.2083005488722,-1.5939929511387,0.80489062085592,0.57710953893248,-1.15638574312833,-0.118324527900305,-1.30445645837286,-1.10785316423905,-0.102611577013451,-0.604453986678191
6,NC_k0011,0.218678923408948,0.22814803128594,1.05431520321774,0.2314917014744,0.6258836104473,0.59062865736445,0.07998007926478,-0.14896531525953,1.15628159838466,0.385813039162415,0.764000850663204,0.926146369872035,0.661335211885317,0.732667595538326
6,NC_k0012,0.34872356452401,0.347598210033223,-2.2533700904873,-0.00216194186729979,-0.64591986061565,1.25760744304041,-0.769991717304459,1.14237184469067,-1.57986537657588,-0.96445315975637,0.323420127938919,0.80169132360199,-0.376865259461495,0.0211782561746988
6,NC_k0013,0.582968832196099,0.580797193001643,0.942741464098059,0.78990982933279,-0.451990539367998,2.2719364211451,-1.422385664714,-0.69449285238996,0.517094403493442,-0.282162830177633,-1.51722574395315,1.04619410246701,-0.485422874494972,-0.618014023601864
6,NC_k0014,0.707278472255442,0.71541553365488,-0.39949222072955,-0.337625643599601,0.0917446359308016,1.15128633730638,-1.1352394118233,0.706716682016651,0.225138738281208,-1.65776209259693,0.721813046323772,0.292154162490717,-1.05999578590327,0.7726005913878
6,NC_k0015,0.484536662903194,0.483300304413939,1.8559323234794,-0.814328275415697,0.2964376600662,-0.36999379564964,0.39711577880667,-1.3878447915893,0.681770956536489,-1.04748916154423,-0.98129599292722,0.147018463398325,0.0318315484060074,-0.84967239467198
6,NC_k0016,0.344942862584788,0.336755332415127,-2.5784820383577,-0.4198340148901,-0.82063386914366,-0.68981938581641,-0.09697094707253,1.7346712950504,-1.19797955287398,-0.626021062917238,0.437451832022675,-0.941538448611242,-0.736112833232345,0.629784453020286
6,NC_k0017,0.344725285812494,0.334700583497758,-0.92958690494588,-0.769114306568339,-0.609156871233601,-2.1565312561065,1.7951712808116,0.180055974744625,-0.85787983773638,0.467130083019485,-0.643464082276772,-0.52944109768806,1.02530826095979,-0.509417493819042
6,NC_k0018,0.596807266619681,0.60956700175235,-0.145547276616598,1.3151839826271,0.075838503265599,1.2856283317522,-0.30800383011205,0.13791810855604,0.0498182017252091,1.72574917484108,0.36938801397517,1.07820793987442,0.855488606407976,0.249818321385969
6,NC_k0019,0.345432947964957,0.325428769144298,3.0485463152155,-0.0501668995360003,1.3723194152931,-0.48611573142579,0.5972110199313,-2.0294551219925,1.32133179751026,0.500586774575981,0.136103530212437,0.0864946126129199,0.592728534216924,-0.603754978679093
6,NC_k0020,0.332897918834489,0.326112335397894,0.23444652738922,-0.649366664438002,0.345562502468001,-2.8773967535436,1.5910316158849,-0.276551377835,-0.0665253292036668,0.789097619162434,0.280985754962283,-1.80507370882104,0.338613404365475,-0.142347630288399
6,NC_k0021,0.262934741033887,0.260998623297095,-2.2174764914383,0.883749527775699,-0.562642983348931,1.00198953057131,-0.58402547510073,1.00697788461057,-1.63443410787496,0.770437456400297,0.377899504212011,0.437501391947728,0.0539117335936839,-0.0653302712835209
6,NC_k0022,0.346912682814481,0.330061285390958,1.36352240191718,0.884001585884459,0.57037244714691,2.5406965928871,-1.983010034482,-0.579507874868,0.955437225288202,-0.522331079751109,0.181866564543516,0.764128287580558,-1.04719620204994,0.166465572215855
6,NC_k0023,0.601247860244154,0.61215662348829,0.61693459724695,-0.361481830513501,1.19180419979219,0.0118430680231081,-0.25984888710718,-0.237094179627625,0.185585094705937,-0.775952199878873,1.69850585313583,-0.134478692995139,-0.443581160476152,0.417704301433777
6,NC_k0024,0.348364605915736,0.352740138689528,1.32292642573554,-0.2810603379709,-0.262836209228404,-0.67320532147981,0.708869847869701,-0.64529702590094,1.12897590178815,0.232928492547769,-1.25478875281616,-0.0191682487006401,0.51914641574348,-0.195961117814124
6,NC_k0025,0.356784103555573,0.345994270945382,-2.1392972180419,0.2340605958415,-1.4593097819569,1.23955544465343,-0.797486509489131,1.4318867413425,-0.791277822205577,-0.529941955988697,-0.920961465636745,0.618483452008036,-0.371330088321131,0.266491573859288
6,NC_k0026,0.209809282855957,0.209580165514669,0.38735331293252,0.4549995964919,0.091867191430982,2.3877176246654,-1.09398362023498,-0.25828764040493,0.143210391236688,-0.645852042879582,-0.0527690600120559,1.8190644064488,0.0391827486719077,-0.102130551039249
6,NC_k0027,0.534346007949722,0.541410916225604,1.01350681984174,-1.3862155975743,0.1935497711426,-1.6075246984126,0.576778507651458,-0.56060293479301,0.566706842199874,-1.54158360059715,-0.435528376925125,-1.16949672393985,-0.668866923133521,-0.225763109488182
6,NC_k0028,0.43194858419027,0.428024445605341,-1.6628468418677,-0.7412155953166,-0.184137436009102,-0.875231624579159,0.79807699306654,1.3932253610026,-0.488525074813223,-0.446025830771826,1.15127078881103,0.0962032956486035,0.455274614949273,0.989242593749606
6,NC_k0029,0.32370438756104,0.333213033149628,0.148073436309982,0.189769621232298,0.343744361526504,-0.44400185795868,0.16589641494225,0.583911161415889,0.917241329407513,0.671599473651389,0.961623836918337,-0.394154860958537,0.115789198172547,1.13860754293675
6,NC_k0030,0.470442457777954,0.476915705649014,0.928217407643301,0.6573877305423,-0.235520848828806,0.24176899195599,-0.3641372325918,-0.9004040392738,0.233161825535493,0.777879087239916,-1.32839898627316,-0.404526047093637,-0.238531532054788,-0.847386246434538
6,NC_k0031,0.481681175825093,0.486934061195314,0.53739557890494,0.0388449186784001,-0.0659855637224993,1.21559319167938,-0.90525466484147,-0.9302542900242,-0.507460074339233,-0.994477582714855,-0.940307520021745,0.453232198281825,-0.660109096515333,-1.1510812263723
6,NC_k0032,0.387008093009531,0.38531028369804,2.1280657883512,1.09131327310629,0.58030568960642,1.27477057903671,-0.63321726583736,-1.13910776691299,1.41902876643021,1.14912111194888,-0.341084616620885,0.645839380834114,0.256117166633436,-0.0936318245396807
6,NC_k0033,0.492022823451021,0.49791174442975,-0.04863450330186,-1.0508819086481,0.576589470637302,-1.9467425323919,0.80046192512081,0.50682273223284,0.405583212688999,-0.648860788514505,1.29438087385723,-1.33686742726659,-0.335272111731963,0.896303989850907
6,NC_k0034,0.396582085423182,0.384349298028032,0.57302261224205,-1.20566332101474,-0.214050835646802,-3.1192648504506,1.8325587216136,-0.40009513365191,0.372388902770815,0.063889048949874,-0.875097654494733,-1.73910217659807,0.315325531541954,-0.334340205233609
6,NC_k0035,0.488771526759242,0.486867090510359,-0.78789225384433,0.64561632351312,0.398012904848898,1.5130855415779,-1.3990379913857,0.6885394676356,-0.36427381309093,-0.26505035510097,1.36319473288766,0.216882753511602,-0.871655854570026,0.652817558860086
6,NC_k0036,0.26033991053841,0.263498103495259,-0.54360560495284,-0.827653142086803,-0.513475970843499,-0.139080478197637,0.288681006642092,0.5883358407399,0.0874925770952888,-1.17642407847234,-0.311036119708019,0.405678516406677,0.0606775755718629,0.334297423673721
6,NC_k0037,0.367493159579906,0.373110184246642,1.2829181957948,0.431976172074002,0.0616662244092012,0.61069159401522,0.29996295703111,-1.00153275470145,0.545703991771924,0.782588236678912,-0.858438692253265,1.07822185564942,0.975550143106096,-0.603659799608638
6,NC_k0038,0.0774332779355466,0.0800274853464174,0.22134190727102,-0.243883305214601,0.428909591597,0.22112326634039,0.26971283142622,-0.49651161489966,-0.463345984825559,-0.333819140849038,0.385087180331502,0.742813670641575,0.466308982558291,-0.452980015282694
6,NC_k0039,0.480288322131598,0.483776619520877,-1.42231990674176,-1.3319134828099,-0.3723986817617,-1.4575058176626,0.64635230849829,0.776973870639281,-0.970313739294813,-1.48989117665689,0.230854245935223,-0.830574129077118,-0.438346934527397,0.0513717278459636
6,NC_k0040,0.539364359227794,0.551721794122162,0.3172247572253,-0.336578583324702,-0.525564547466402,0.18828286391116,-0.64749448413588,-0.206079682980489,0.248175097273753,-1.11003994745128,-1.22852524865919,-0.557755522749688,-1.04377702561413,-0.375947730936554
6,NC_k0041,0.303150640056604,0.304906948154605,-0.938059858309821,0.3430209485788,-1.0389495334266,-0.29204218567076,0.21854581435133,0.813118577289131,0.0718673755076344,0.843118221812834,-0.962812915451453,-0.258944035936155,0.242107797466844,0.302489226537667
6,NC_k0042,0.580668549728201,0.589967381608303,1.49778298489519,0.308492676995101,1.3157051152249,-0.45967565928285,0.313530687767759,-0.61138284758342,1.01457010045876,0.965551239145757,1.44961077317589,-0.251203259193737,0.376461483372113,0.547655793864971
6,NC_k0043,0.0577964145516062,0.0629751892552044,0.087121665185909,-0.04368003479884,0.00797222467371994,-0.81335628750391,-0.10106256980648,0.18832804552214,0.362583418603146,0.109578201560407,0.0347397322034526,-1.26575799925884,-0.687441096058336,0.311652005616554
6,NC_k0044,0.502935469287681,0.513649525428118,-1.06496739022553,-0.4416857960721,-1.11558287626951,0.134758404737669,0.097839918883439,0.273530743999268,-0.882407590846801,-0.816687069875115,-1.43762232004491,0.36199321574918,-0.0048676379761445,-0.69501146049811
6,NC_k0045,0.519470327743529,0.526131111271783,-1.34522744168526,0.586694752526101,0.212174681981701,1.39676348101295,-0.56492320400927,0.9737938142503,-0.677988230743203,0.246131400193045,1.4996988851543,1.17261776019199,0.317407922070458,0.731131880469747
6,NC_k0046,0.503724632800863,0.489438374680394,-2.4839962435267,0.32616542084023,-0.649954336831502,1.0661882489773,-0.73266697961621,2.0387208987381,-0.690506592277153,-0.210719312541673,1.01460516763141,0.549808723595093,-0.251205660895346,1.27523086182878
6,NC_k0047,0.55226613731212,0.558507000341315,-0.138431161202365,0.0965527121624987,0.461721678321602,-1.14972474456442,1.2190899721197,-0.080606425963813,-0.333778122134656,1.34189259541749,0.847953990576459,-0.0166002297330398,1.18333321891775,0.0317690427897753
6,NC_k0048,0.486788722931561,0.489601583823672,-1.7576867558375,0.406400252974699,-0.7685111490454,-1.15109333398478,0.709551476386761,0.91287250772914,-0.994796182176831,1.48402298219272,-0.205150490765503,-0.816095592052016,0.458433212237204,0.034488512034507
6,NC_k0049,0.244991878627704,0.242502384463325,1.0789831979256,0.923405965124203,0.758245993000799,0.62168755292774,-0.57735994132819,-0.915096659681441,0.163192820432728,1.0124669056945,0.363105058556513,-0.127783761387373,-0.150836921329935,-0.403681150300606
6,NC_k0050,0.359690444324905,0.337143810922412,-3.2565979539416,-0.5497198200395,-1.21304296896146,-1.5482531347917,1.06690647175011,1.946769632927,-1.70433159905313,0.177456099150584,0.169800912796894,-0.61111256700831,0.42339364737887,0.442084867703833
6,NC_k0051,0.230227399284315,0.220594003785549,-0.44820274276374,1.0685546573261,-0.29046496071723,2.7149793738348,-1.4846330507075,0.678339387057201,0.324068626884598,0.0992129172454249,0.168088171248212,1.63221347630775,-0.0964144176904891,0.676565883033188
6,NC_k0052,0.667094840933725,0.666893010401407,1.6025271292602,-0.33921704099189,-0.00369622786480051,-1.23630883414717,0.86381604370716,-1.5484156519104,0.271320367211985,0.303739010556286,-1.55863328449034,-0.638960170280651,0.308754231653639,-1.32587945609332
6,NC_k0053,0.300133840472603,0.285492262809931,-0.31268178330727,1.432385185164,-0.230558442565599,3.1847616181344,-1.8192674716138,-0.12770061499969,-0.554076276232677,0.267549768492922,-0.338582813071228,1.70905068058627,-0.24184160794729,-0.4514384891336
6,NC_k0054,0.367549636792761,0.35992962111707,-1.6588676271302,0.576041392539601,-0.887567761063,1.7956875045162,-1.5402546016367,0.757807166627821,-1.17563883254372,-0.657459213352359,-0.583783211829197,0.340857677713237,-1.04027748225026,-0.283417281195891
6,NC_k0055,0.547552165484794,0.542459133992971,-1.21509067318025,-0.206858115059802,-0.4105766501558,-1.7828391319276,1.5143791921241,1.0813963121504,-0.0981396274574394,1.24418744075608,0.432347578866813,-0.441806226148866,1.12743376581282,0.794021013970621
6,NC_k0056,0.0992902101898486,0.102427230829043,-1.13149632557659,-0.42155286914854,-0.0313046578803391,-1.17464147161578,0.60561300564279,0.180979560139141,-1.35617671060834,-0.0585193729169702,0.35410088710905,-0.74273887543013,-0.0117619748645805,-0.489271908606255
6,NC_k0057,0.58923016277363,0.600248826284569,-1.13839938216055,0.825641427677496,-1.1455853182295,0.81916015680742,-0.166907793323637,0.255311086837114,-0.905902538778611,1.00576101684716,-1.43516831016951,0.633923351039884,0.484253350804638,-0.697057099506761
6,NC_k0058,0.260169172590137,0.246618248395657,2.2089074408493,-0.701193380619799,1.13166456791505,-1.29701337397479,0.53873302249474,-1.6794196612074,0.593204483276642,-0.487137646657827,0.104626789351877,-0.960588069042179,-0.278100022725132,-0.779734438413605
6,NC_k0059,0.492165368248979,0.470464638932673,3.0835994612683,0.45116985227397,0.916960027205,1.4997541741,-1.01083654370323,-2.120546523852,1.3052429867169,-0.340510796609911,-0.761419802395118,0.604555441137595,-0.446511213509396,-0.934499458412867
6,NC_k0060,0.281343873985084,0.266191997166089,1.5204725301015,-1.02253992740961,0.641853020391901,-2.3734777214678,1.7859239246025,-0.66884831655199,1.14137481790662,0.209247048965269,0.229972574393063,-0.732265175917301,0.866440162917632,0.214705909962361
6,NC_k0061,0.200501829348985,0.205254686229736,1.49702839397714,-0.153134597327099,0.25493009338675,0.64373809299868,-0.578658340542569,-0.38464586552338,1.49673556746966,-0.76869718956164,-0.265480584715061,0.186349231319671,-0.49398532879698,0.440071913235276
6,NC_k0062,0.707018034930514,0.71073998657885,0.62113112605251,-0.117094097169804,0.44452981329596,1.8309531101828,-1.4702990098266,-0.44690706699519,0.0533296723252607,-1.75835267778327,0.250266589050009,0.706563348050487,-1.10144006098235,-0.207559085113693
6,NC_k0063,0.409099813263418,0.411527779570268,2.1077380708679,-0.515147226526899,1.2204567407893,0.30331211372788,-0.17760036476139,-0.92899992433681,1.3768786453383,-1.02154745491277,0.878031620103779,0.380709347702,-0.191441296539675,0.347188656344162
7,NC_k0000,0.329336825913538,0.333461852882057,0.435766335574679,0.514618886265396,0.133065978361699,0.30127138849949,0.08989659494594,-0.81327749920453,-0.443052010088486,0.848365906079012,-0.407425792849621,0.358565236997357,0.4682429280457,-0.845676665692081
7,NC_k0001,0.211885587208547,0.205895644560818,2.3115453180303,-0.17434190475451,0.938167910158999,-0.55451655470499,0.057427465621244,-1.2350880880487,1.42172571804804,-0.0474095795097318,0.103282168311174,-0.682278801293961,-0.316381021807811,-0.0265556038990527
7,NC_k0002,0.689287226725646,0.693098492591553,-1.4792514742937,0.00539698572040237,0.0268555913818957,-0.911401406287879,0.52765797622809,1.1329935526487,-0.614702820014248,0.676304536046625,1.2833768683443,-0.545913062401604,0.24644116239265,0.756635489379923
7,NC_k0003,0.265068191855326,0.262669585383204,-1.6753529157339,0.217913726965001,-0.886139813730402,0.21190578440615,0.36424628010294,1.02697340578718,-0.753749181758674,0.558223389847573,-0.32508204943892,0.721761021625631,0.748202277912318,0.183965561266297
7,NC_k0004,0.175872747582984,0.180196749938719,0.31532213032149,-0.140177635325301,0.28518127327499,-0.105624844453335,-0.45739873783562,-0.443486930869351,-0.264695305910101,-0.568193939859654,0.0464233910328018,-0.727790149035695,-0.82430972346873,-0.41689021967586
7,NC_k0005,0.718253100871075,0.722360719976468,0.912268135355259,0.0886269924798029,0.0993393243303018,-1.390548965027,1.1360869089097,-0.62512771749025,0.552171679511237,1.38638808535908,-0.509954336844207,-0.573170389916362,0.805747695896919,-0.242697692994645
7,NC_k0006,0.255316555638932,0.244908339346208,-1.16626763041417,0.986002431804,-0.51989746790702,1.4244179057312,-1.06207315981576,0.886989145789761,-0.337110648403497,0.638953259408829,0.023965168381764,0.364764807974798,-0.311984471373486,0.404511121304324
7,NC_k0007,0.188381872595721,0.180629160812165,-0.818268564036271,-0.815844616204998,-0.53184965290701,-1.6264545847538,0.912353345153041,0.890635898395969,0.154126708114571,-0.324882836894568,-0.145477203996625,-0.889008733191089,0.0297515573986576,0.59401904617805
7,NC_k0008,0.325145711258888,0.314564557243983,0.29663227089428,-1.016304136422,0.540912106490001,-2.0867381441137,1.4218619310342,-0.22256303646572,-0.0274835553020576,-0.229231301089454,0.733524176407733,-0.793452542943836,0.435988260988115,0.0376595244682496
7,NC_k0009,0.357980954352068,0.349027158442599,1.17140299347911,0.816216570570521,0.905231386285202,1.9756860465454,-1.2077762832268,-0.730482690181431,0.440162878893277,0.0709438821577816,0.825893209735792,1.04683691135185,-0.193922167808676,0.000760507970062435
7,NC_k0010,0.416968538162058,0.420612371152457,-1.27940553640231,-0.491594493646399,-0.951685810461001,-1.3072916108721,0.6757593257401,0.46670614681837,-0.944555700416235,-0.0966495029806758,-1.06550239919736,-0.904913457922171,-0.0838148953086827,-0.493728379261801
7,NC_k0011,0.216573040748546,0.224533203802634,0.83953297047072,0.1832882130774,0.493394760953599,0.46212392530652,0.0766486224348197,-0.11138819330064,0.944470633204111,0.315138704883989,0.624048993084739,0.756492233046626,0.540189939200013,0.598455453111879
7,NC_k0012,0.3444809247961,0.343523355509791,-1.8538252861553,0.0263397822750022,-0.53963745108915,1.04822142388401,-0.66406907243634,0.967454768439399,-1.29046112527987,-0.787781875767412,0.264175105313584,0.654835217558074,-0.307830005020819,0.0172987627299614
7,NC_k0013,0.578326556582802,0.576496482704826,0.796223365589969,0.65507050401023,-0.3196772645111,1.8801364557683,-1.2071915727401,-0.60953898294987,0.422371573997224,-0.2304754371745,-1.23929599944071,0.854549279165051,-0.396501726124945,-0.504804449898455
7,NC_k0014,0.703761144219175,0.71033458262339,-0.35898012267217,-0.225070036381098,0.0549097802154002,0.985117873579181,-0.983084943174999,0.607097711078211,0.183897181275119,-1.35408849841087,0.589589271219737,0.238636528702268,-0.865822730816048,0.63107340874516
7,NC_k0015,0.48110715824493,0.480037795236554,1.552657866615,-0.6301402745977,0.2718303105448,-0.3063001509781,0.3196515388976,-1.1878983011316,0.556882205787713,-0.855607105622217,-0.801539390660019,0.12008720143302,0.0260005544677776,-0.694026979010123
7,NC_k0016,0.340100471675233,0.333104886256254,-2.1407230635412,-0.3294676526932,-0.68650530086035,-0.53890748669103,-0.0922690040534002,1.4707414327536,-0.978530237313409,-0.511344736886372,0.357318156203425,-0.769064746847291,-0.601269582326557,0.514418738443246
7,NC_k0017,0.340459174492193,0.331829679304838,-0.7442792257297,-0.64261688301583,-0.481310878687601,-1.80837916825,1.5240865473053,0.142713276570739,-0.700730959216025,0.381559860430585,-0.52559249414767,-0.43245656549087,0.837489365748735,-0.416100942559899
7,NC_k0018,0.593582926315746,0.604616105998375,-0.125934058828158,1.024161566759,0.0538264792475989,1.0251302867393,-0.23274536821297,0.12415280121077,0.0406923612675584,1.40962151277911,0.301722462715418,0.880698730414396,0.698777760470987,0.20405588786937
7,NC_k0019,0.339620299890716,0.322759650904436,2.5257097628479,-0.0520555019435012,1.1173309297178,-0.42059288742006,0.51231180717211,-1.7119192997795,1.07928646552073,0.408887859685629,0.11117169687785,0.0706502824721879,0.484150828666713,-0.493157417544132
7,NC_k0020,0.327940129200761,0.322245263604929,0.19975524211012,-0.557975447237002,0.2693144860031,-2.3749548033238,1.3542603948058,-0.22948225938746,-0.0543390294240396,0.644548463861545,0.229513981958467,-1.47441515209788,0.276585233976949,-0.116271984870647
7,NC_k0021,0.259012781473394,0.257617230820639,-1.8177345323716,0.695078324782799,-0.473830756176721,0.82212264131021,-0.48220733679002,0.85478621750544,-1.3350338005479,0.629306523001924,0.308674793864448,0.357358637599879,0.044036028278485,-0.0533628856264277
7,NC_k0022,0.341620650258383,0.327222501194123,1.11287097737672,0.73864556644792,0.463883334799499,2.1238500807011,-1.6840181140325,-0.48736473286096,0.780417505921888,-0.426648980943657,0.14855172789486,0.62415308574365,-0.855367811284695,0.135971933322328
7,NC_k0023,0.598677842336883,0.608227068982503,0.48947689317819,-0.271156139410099,0.920310767293699,0.029165303685693,-0.23027945173928,-0.176401662024753,0.151589087083137,-0.633811060021664,1.38736870054247,-0.109844501982058,-0.362324696767297,0.34118803466074
7,NC_k0024,0.345930120474316,0.349632818450744,1.09447693592954,-0.23352832575722,-0.173010977092105,-0.57446987601263,0.602652685914411,-0.56132698323463,0.922166872086911,0.190259986109963,-1.02493296578039,-0.0156569541649704,0.424047692783378,-0.160064400647602
7,NC_k0025,0.352466288580262,0.343653468979624,-1.7670336476686,0.2060811703598,-1.1620100219442,1.02983599777055,-0.68149360713997,1.1961490620476,-0.646329291085247,-0.432865675137697,-0.752257114375666,0.505187887068641,-0.303308782336712,0.217674886340889
7,NC_k0026,0.206216943729634,0.206103399797076,0.31953434953616,0.396216152458601,0.0800270525115789,1.9598874068446,-0.93167824626107,-0.2191364550059,0.116976702804646,-0.527543021307968,-0.0431026729066672,1.48584299378102,0.0320051408761789,-0.083421985046099
7,NC_k0027,0.530497036914796,0.53679645618138,0.838304662785339,-1.0864132423771,0.1694592385821,-1.296662926957,0.462782145469288,-0.48125866506898,0.462895864503382,-1.25919191434603,-0.355747045103447,-0.95526497432173,-0.546341970073494,-0.184407178381385
7,NC_k0028,0.428625312457603,0.425080050338036,-1.4025841319482,-0.5900284021731,-0.184879821318596,-0.73246634040028,0.67090767604712,1.1954054199755,-0.399035656529958,-0.364321545376975,0.940377718037532,0.0785805012243501,0.371876110857083,0.808030310450685
7,NC_k0029,0.321858842239706,0.329707174114695,0.0822543620135863,0.135231030181899,0.255074710838798,-0.36814885800067,0.15136992489921,0.510562062568351,0.749218443324481,0.548573964184167,0.785470836366536,-0.321952447941792,0.0945786021925793,0.930034161704879
7,NC_k0030,0.46815931894322,0.473576335090075,0.795078056697831,0.5104774831849,-0.1527357264196,0.20402231216047,-0.29933785448912,-0.7810183923145,0.190450576494668,0.635384974653307,-1.08505906646431,-0.330423810583712,-0.19483664483951,-0.692159613935359
7,NC_k0031,0.478921047356509,0.48294076798794,0.48069261841502,0.0609334383679005,-0.0280953728107001,1.02115819104977,-0.781708079264469,-0.803377946226501,-0.414502088770196,-0.812306339187745,-0.768059303271975,0.370207829907299,-0.539188427144915,-0.940222880187659
7,NC_k0032,0.382689892979102,0.381534393577291,1.753235269572,0.8593981262444,0.4890425180516,1.03580656612574,-0.51795607715364,-0.96525465103084,1.15908702468111,0.938621825121814,-0.278603762514382,0.527532678732147,0.20920089265682,-0.0764800795364988
7,NC_k0033,0.487988227196662,0.493146770850829,-0.0730243206329502,-0.840037196682601,0.430428149641699,-1.5844735385612,0.66696614272092,0.44788879419643,0.331287321566373,-0.530000616325425,1.05727248902612,-1.09197623425327,-0.273856008869759,0.73211646541853
7,NC_k0034,0.390626117194068,0.380396171543762,0.48381804420138,-0.98865415295805,-0.150729181884699,-2.5748399597392,1.5475463390596,-0.350320545190129,0.304173640131851,0.0521856705155508,-0.714794767131738,-1.42052847354215,0.257563300200319,-0.273094811665014
7,NC_k0035,0.485364971592945,0.48358001777583,-0.671288438686219,0.53302679504276,0.283390800083602,1.2763830977155,-1.186132353569,0.600646427628421,-0.297545095753755,-0.216497674150402,1.1134808288479,0.17715355137219,-0.711983445945972,0.533232574179769
7,NC_k0036,0.25883852210666,0.261731857075148,-0.46075583570986,-0.637355529793503,-0.4078149494306,-0.116468365404097,0.228336452033972,0.49323440378039,0.0714654369707939,-0.960923356268536,-0.25405963507538,0.331365167276887,0.0495624840019145,0.273059866953438
7,NC_k0037,0.364592138040755,0.369182236779654,1.0761908740571,0.3339660748961,0.0792160935604009,0.46477554962089,0.26645967153851,-0.857352627257551,0.445740376194574,0.639231488650169,-0.701187441166589,0.880710097057992,0.796846082017526,-0.493079673647605
7,NC_k0038,0.0764703035088446,0.0786888485612717,0.19629016736249,-0.186223381028899,0.3368711908919,0.16656019161034,0.22447744496528,-0.41503689779981,-0.378468944150055,-0.272669197342411,0.314545810946555,0.606742941203611,0.380889171496685,-0.370001842510107
7,NC_k0039,0.476467903789863,0.479783745789208,-1.17258872333946,-1.0451206198562,-0.31546859772516,-1.1796458437919,0.52364680907692,0.65769058519503,-0.79256889760997,-1.21696865624098,0.18856570591532,-0.678427188245763,-0.358049291275192,0.0419613080371152
7,NC_k0040,0.537159231262206,0.54745847713306,0.27306022277975,-0.243943119839805,-0.392193763641998,0.18976280844862,-0.56637587873181,-0.19371912241857,0.202713674242577,-0.906699659940797,-1.00348048531548,-0.455584273312326,-0.852574969352524,-0.30708055199126
7,NC_k0041,0.301303569093766,0.303026873537996,-0.77873218800833,0.253220601044898,-0.816813660290201,-0.25113395575825,0.19675569980732,0.67493947272958,0.0587025044307873,0.688673418252039,-0.786442096098308,-0.211509927967988,0.19775779974066,0.247078386203299
7,NC_k0042,0.577310178125108,0.585477492935686,1.21176141177549,0.2244117724786,1.0318944393024,-0.389182162919,0.280332730691129,-0.49329759034489,0.828718252153201,0.788678805838471,1.18406693209821,-0.20518712881455,0.307500193788552,0.447334641606464
7,NC_k0043,0.0565322795155184,0.0608867074748552,0.061665968951217,-0.0432422605582701,0.00474135467507009,-0.64399628188922,-0.0861332728618698,0.15968737359097,0.296164352555495,0.0895053536765676,0.0283760088523185,-1.03389283433487,-0.561513672959756,0.254562701244406
7,NC_k0044,0.500291292300413,0.509608819370316,-0.85101105215578,-0.336208638567502,-0.868827228217803,0.109123930482276,0.07006576337253,0.20836526008391,-0.720765648467879,-0.667084000205599,-1.17427455804714,0.295682264745758,-0.00397597015118084,-0.567697276422798
7,NC_k0045,0.515959217605967,0.52150572160399,-1.13183059699676,0.4738193646225,0.128881234713994,1.13885938298265,-0.47055742264142,0.845282747099601,-0.553792410507556,0.201044347429291,1.22497976068801,0.957814290240474,0.259264232485138,0.597201054715097
7,NC_k0046,0.498455183507451,0.485931050333424,-2.0864036571552,0.27224002184121,-0.5593104118465,0.886508645351671,-0.61997940309445,1.7385076918661,-0.564017622827084,-0.172119147120045,0.82874689562103,0.44909319152051,-0.205189090565599,1.04163043088763
7,NC_k0047,0.549482592596948,0.554513030187944,-0.113109438411611,0.0395547462199985,0.349828455781203,-0.985053177552091,1.0517197739652,-0.054427299287678,-0.272635692553265,1.09608087775194,0.692623357084058,-0.0135593522453361,0.966566860636758,0.0259494988088239
7,NC_k0048,0.483054649992316,0.485593349123913,-1.4413784963405,0.2823370079456,-0.624013591848501,-0.96250203393517,0.620380133864211,0.76869243104578,-0.812566576690452,1.21217541439654,-0.167570438019694,-0.666600870979216,0.374456107273819,0.0281708079113289
7,NC_k0049,0.242946929268624,0.241089687219427,0.90244059811632,0.721573177358103,0.6068179784628,0.51613997493802,-0.47452844529572,-0.768673630866551,0.133298693556818,0.827000326611949,0.296590437012559,-0.10437596706489,-0.123206183336362,-0.329733684397996
7,NC_k0050,0.352570586287809,0.33360759268962,-2.6898693283537,-0.45781592674053,-0.99920173136978,-1.2856800060479,0.90482995782123,1.647183546788,-1.39212726968608,0.144949184147553,0.138696296691015,-0.499167221832169,0.34583518996857,0.361102499177968
7,NC_k0051,0.225592114383829,0.217537030379882,-0.39267340945935,0.873047386848,-0.236392902493,2.2329904831176,-1.2506872304465,0.57730810837037,0.264704810370478,0.0810388117425022,0.137297300030289,1.33321995061261,-0.0787529493277027,0.552630612512854
7,NC_k0052,0.662721977075161,0.662087442886281,1.3648162961638,-0.28690976840505,0.041711169505902,-1.02922890078687,0.7318294935645,-1.3322404557924,0.221619127537675,0.248099231216386,-1.27311838845496,-0.521913621612801,0.25219574979118,-1.08300107101782
7,NC_k0053,0.294153421902801,0.282029711209571,-0.24076501478682,1.1626496745542,-0.176514445222299,2.6237493607539,-1.5330752815197,-0.11426110811224,-0.45257900167911,0.218539237859652,-0.276560246483341,1.39598189638771,-0.197540371577453,-0.368742697523133
7,NC_k0054,0.363204112278697,0.356621013403229,-1.353044081844,0.4861191012061,-0.708948641266097,1.5114690369333,-1.3132255736985,0.62877566512261,-0.960281953931546,-0.537023957146994,-0.47684413597909,0.278418394923905,-0.849716482335677,-0.231500094272904
7,NC_k0055,0.543465077790596,0.538646329204703,-1.02402308296689,-0.205930404781803,-0.347193776506201,-1.5043175083516,1.3001938435681,0.923339557743899,-0.0801621302428688,1.0162736323376,0.353148914716848,-0.360874899978756,0.920907228983416,0.64856997714905
7,NC_k0056,0.0971852661556403,0.0999177571313013,-0.91195527759605,-0.34642383341448,-0.0426768458034505,-0.96264017301958,0.50954351801212,0.155399999125805,-1.10774838793104,-0.0477996270725153,0.289235675404017,-0.606681847192591,-0.00960738272026519,-0.399645683176052
7,NC_k0057,0.585669163569885,0.595357957653928,-0.90781300910254,0.642711189364398,-0.892231282844499,0.65276477453732,-0.126838747792965,0.194341157936372,-0.739956724743118,0.821522841633636,-1.17227008070862,0.517799461304181,0.39554643912401,-0.569368189436118
7,NC_k0058,0.255843233763469,0.244478502061817,1.8412305577632,-0.5585934587228,0.91738093073395,-1.05476735802174,0.44589513384633,-1.419291183452,0.484539592018507,-0.397902381426141,0.0854609552961231,-0.784624803407769,-0.22715686639329,-0.636900457300681
7,NC_k0059,0.485299286957252,0.466712652121649,2.5652586602808,0.38146820575045,0.773792106126201,1.2459614252921,-0.860696397006761,-1.8038346012208,1.06614484903325,-0.278135056491674,-0.621940748609088,0.493811249003608,-0.364718014318571,-0.763315178974669
7,NC_k0060,0.276417492470112,0.263575369063131,1.2413748892326,-0.838007758790262,0.5183337524211,-1.9802515741095,1.5135520623111,-0.559164919754809,0.932294519343275,0.170916576989903,0.187845541484039,-0.598126749866221,0.707723179584892,0.175375468240702
7,NC_k0061,0.198070730464687,0.202122209573862,1.21262681024774,-0.0989471812362979,0.22120286664965,0.54517630218411,-0.499991021468499,-0.32724309545235,1.22255927199917,-0.627885043212444,-0.21684909307518,0.152213246969826,-0.403495685596147,0.359458283457347
7,NC_k0062,0.702982316414114,0.705850150276506,0.51382335399343,-0.0414901807038035,0.355294067735061,1.5444085298931,-1.268781528777,-0.37660485435721,0.043560590655401,-1.43625261294667,0.204422040582595,0.577133056224651,-0.899675125233906,-0.169537819176969
7,NC_k0063,0.405225764654302,0.407668941297559,1.7159862312088,-0.384902009323199,0.972929527889903,0.25753243483469,-0.16349970868119,-0.771211239352009,1.12465808313874,-0.834417474893126,0.717191280542005,0.310969922199882,-0.156372533141441,0.283589646809869
8,NC_k0000,0.327756284885328,0.331261328373447,0.39642883212063,0.411648449307698,0.1206650343275,0.23935134754866,0.0869097726243604,-0.70819174293263,-0.373189308033954,0.714591240396344,-0.343180814546736,0.302024840499763,0.394407993486516,-0.71232605315809
8,NC_k0001,0.208404790637231,0.203353270424559,1.9568372319469,-0.14529698505442,0.788262092334699,-0.45995126085322,0.049207095667303,-1.0678547696794,1.19754075108802,-0.0399337950591488,0.086996108914155,-0.574693597914783,-0.26649244764729,-0.0223681807504541
8,NC_k0002,0.686342958142955,0.689493860498229,-1.2745602779201,-0.0139699289480006,-0.0108906244575024,-0.77680878175398,0.465681100234,0.996120327713701,-0.517773342235422,0.569661385301147,1.08100745406513,-0.459830704669782,0.207581062200864,0.637325343946033
8,NC_k0003,0.262581116837449,0.26055555964722,-1.4224789861262,0.170756803720401,-0.7366935556445,0.15556277663851,0.32208876613002,0.886069534529181,-0.634894164040695,0.470199876858652,-0.27382145283607,0.607950060248127,0.630221924301304,0.154956932702632
8,NC_k0004,0.17480757602004,0.178433551881766,0.27918523544966,-0.107014323903901,0.23572153454314,-0.063147398847328,-0.40347226275857,-0.38476813878437,-0.222956799208964,-0.478598219660399,0.0391031138142471,-0.613028484078686,-0.69432835943012,-0.35115284224957
8,NC_k0005,0.715273901263787,0.718635438501192,0.782349991925509,0.0398410318427054,0.0971207053152021,-1.2036713234943,0.999261664738199,-0.54564473418296,0.465102431092887,1.1677753366661,-0.429542134472644,-0.482789957674988,0.678693287096631,-0.204427882162231
8,NC_k0006,0.25276557303716,0.243903342213397,-0.99850786152717,0.812561374467297,-0.43712700581196,1.2146568461072,-0.91155263165026,0.76820378722865,-0.283953320928288,0.538199848584813,0.020186218325748,0.307246831486141,-0.262789167723123,0.340725743285647
8,NC_k0007,0.185935745402466,0.179314147155928,-0.71069962591382,-0.679306304915798,-0.44349100854169,-1.3771481624437,0.78611610677621,0.769099753442049,0.129823222197638,-0.273653653142387,-0.122537616031517,-0.748825299109836,0.0250601799917802,0.500351091416789
8,NC_k0008,0.322040571465276,0.313055495168816,0.24936914002952,-0.849521980550898,0.434860704421002,-1.777732911965,1.2283362602525,-0.18402884791604,-0.0231498080404584,-0.193084939658012,0.61785834075125,-0.668336896609165,0.367239406941379,0.031721178455746
8,NC_k0009,0.354451244907546,0.346937981455616,0.990031404871811,0.68745339272027,0.742610837697804,1.6786817411414,-1.0437583964907,-0.62237792690882,0.370755749790207,0.0597570887589863,0.695662153501313,0.881766324666428,-0.163343530712141,0.000640587192111056
8,NC_k0010,0.414090922349176,0.417464895665605,-1.06605866946581,-0.41500719612729,-0.777460910653602,-1.104623334745,0.58222647027497,0.39070615220713,-0.795613337060497,-0.0814093161025957,-0.897488543129653,-0.762222085675995,-0.0705985348693906,-0.415874768690561
8,NC_k0011,0.215097469135816,0.221976739203329,0.69138718002342,0.1505791107309,0.403559757731998,0.37448870886773,0.0715507777987097,-0.0877836612310101,0.795541683680519,0.265446025596146,0.52564576303822,0.637204677002475,0.455010032742419,0.50408794306421
8,NC_k0012,0.341477258350336,0.340635131752656,-1.5708870790595,0.0413288752847016,-0.46272976660768,0.898166031074149,-0.58403764223169,0.839531440634689,-1.08697462921279,-0.663560409173215,0.222518626497335,0.551577458519948,-0.259289798827151,0.0145710055389408
8,NC_k0013,0.575025147517258,0.573432982489149,0.68935988857875,0.55811345730561,-0.235865656801202,1.6009746632586,-1.0484203979922,-0.542321561793839,0.355769868647601,-0.194132894015754,-1.04387748153576,0.719799587657502,-0.333979310413881,-0.425204307982804
8,NC_k0014,0.701222090219557,0.706713220972231,-0.32609152008528,-0.155004759697199,0.0324173912353025,0.862195923684821,-0.866014229155599,0.53122838798258,0.154899335217439,-1.14056891342794,0.496619825981137,0.201007102981517,-0.729295383918419,0.531562532988394
8,NC_k0015,0.47866218870272,0.477710798022234,1.3343350231163,-0.507160123684997,0.249041243717301,-0.26099094282419,0.26587424563673,-1.0379886922103,0.469070177546046,-0.720690610640314,-0.675148568906455,0.101151238649323,0.0219006543461819,-0.584589263012158
8,NC_k0016,0.336615807785037,0.330515678804366,-1.8278713918682,-0.268092172698001,-0.58918414839843,-0.43579532091597,-0.0859010761560501,1.2760454947519,-0.824230595591608,-0.430713289140291,0.300974405769861,-0.647794692663572,-0.506458326022487,0.433302566443595
8,NC_k0017,0.337352096952675,0.329788428677521,-0.61556680885862,-0.55090426892709,-0.393964569772802,-1.5567889118186,1.3229719911214,0.117849899588594,-0.590236125405615,0.32139355435761,-0.44271438732359,-0.364264607214051,0.705429768453471,-0.350488022377308
8,NC_k0018,0.591370510730658,0.60109365513867,-0.111292029823138,0.828572446975798,0.0399511654887004,0.84513519464753,-0.18414616299745,0.11263507823388,0.0342757820705401,1.18734519867938,0.25414532496214,0.741825659980843,0.588590917006791,0.171879314076501
8,NC_k0019,0.335428438653642,0.320860860603846,2.1528440140916,-0.0516076975775999,0.938569346781501,-0.37161190069931,0.448293629829919,-1.4796351724123,0.909099067528554,0.344412335222425,0.0936415763524455,0.0595097853701947,0.407807455152074,-0.415393839130421
8,NC_k0020,0.324417484466078,0.3195045816568,0.17435120343209,-0.488595275107702,0.218200708614301,-2.0180629469541,1.1793147265265,-0.19581304268039,-0.0457705739467111,0.542912772644453,0.193323045964945,-1.24192184627781,0.23297186273831,-0.0979376249053586
8,NC_k0021,0.256271953691806,0.25522247624272,-1.5357007985172,0.567236410136999,-0.40873725245988,0.69504241770435,-0.41014155301555,0.74345875796833,-1.12451885756913,0.530074258806404,0.260001377054559,0.301008503853126,0.0370922026028712,-0.0449483534848296
8,NC_k0022,0.33776666369427,0.325204151835549,0.9362095236578,0.6331537296465,0.388912713987351,1.8236309959972,-1.4622926946828,-0.42062278850796,0.657357290748792,-0.359372792237091,0.12512733331073,0.52573344183544,-0.720489049455164,0.114531184947032
8,NC_k0023,0.596938511546934,0.605422165803248,0.40159790821744,-0.211971351660701,0.738838441934995,0.0385543512603941,-0.20581135542598,-0.137029386762503,0.127685746201121,-0.533868497440091,1.16860132344283,-0.0925236603211243,-0.30519148946688,0.287387764111659
8,NC_k0024,0.344221947854342,0.347424149129162,0.932037413121339,-0.19938608344871,-0.117267035164005,-0.50155294344929,0.5235573925794,-0.4970837541786,0.776754893442913,0.160258820513524,-0.863316305018862,-0.0131880857274016,0.357181688469528,-0.13482462906921
8,NC_k0025,0.349414726934808,0.341983937410469,-1.5022964035125,0.183805495489999,-0.958300582135898,0.880194634925068,-0.59521938794872,1.0260757461221,-0.544412789943118,-0.364609206363887,-0.633637373457364,0.425527282823134,-0.255481505609809,0.183350799364846
8,NC_k0026,0.203691871971489,0.20364527447754,0.27127024818065,0.3502778562814,0.070673446409248,1.6574825188777,-0.81213085039086,-0.19003682927156,0.0985312193190157,-0.444357345406791,-0.0363060234694352,1.25154768756267,0.0269584069254642,-0.0702675807022179
8,NC_k0027,0.527840465012374,0.533515270127553,0.71373846612756,-0.883885993435904,0.1503381696064,-1.0800893679978,0.385156472829638,-0.4219932195381,0.389904082212143,-1.06063610704056,-0.29965103548625,-0.804633918002088,-0.460191979991049,-0.155328913377233
8,NC_k0028,0.426200804181052,0.422980527925271,-1.2131038280461,-0.486066487170699,-0.178845901243996,-0.62926035240553,0.57772493345562,1.0459652285797,-0.336113677740788,-0.306873464796921,0.792094160265487,0.0661895267578618,0.313236787837608,0.680615967338298
8,NC_k0029,0.320537221716072,0.327219824545341,0.0412439876069206,0.100727951442799,0.197475777890801,-0.31394926880652,0.13875516715518,0.451939884953889,0.631077855565304,0.46207202187943,0.661613786259395,-0.271185342874844,0.0796649655195517,0.783381628683423
8,NC_k0030,0.466544345067845,0.471195778124102,0.69618888080617,0.411650046669102,-0.101862658781904,0.17634293468562,-0.2529973235539,-0.688768532360401,0.160419357633696,0.535194229180186,-0.913961415295034,-0.278320897822019,-0.164113808337744,-0.583016353592429
8,NC_k0031,0.476893516741278,0.480099965697294,0.43490458614508,0.070781823673002,-0.00643528628219769,0.880284345199611,-0.68748086205027,-0.7055962624316,-0.349141284012871,-0.684217730041503,-0.646947792562466,0.311831569942012,-0.454166444219358,-0.791963738037992
8,NC_k0032,0.379667930093048,0.378853584376714,1.4872027022965,0.701879973800899,0.42199851711754,0.868118425130229,-0.43705565248217,-0.837568095560721,0.976316267260561,0.790615145505871,-0.234672099394455,0.444348633701108,0.176213028251676,-0.0644203102811962
8,NC_k0033,0.485163004531572,0.48976290271554,-0.0855093179203901,-0.694769150816303,0.3350393594202,-1.3301914183893,0.57194357697995,0.3995682492928,0.27904824598603,-0.446427414299626,0.890556367195335,-0.919787848765455,-0.230672995774547,0.616672604815039
8,NC_k0034,0.386382190099548,0.377590880504424,0.419227207937119,-0.83522260347545,-0.110362690435501,-2.1879239719492,1.3391897501432,-0.31165355266367,0.256209988214032,0.0439567676605209,-0.60208228031492,-1.19653229420592,0.216949404557496,-0.230031828029795
8,NC_k0035,0.482897948784756,0.481235505622812,-0.58576642605653,0.452821960217261,0.210099790030903,1.1041857731217,-1.028415310022,0.532262894458871,-0.250626666542069,-0.182359216000426,0.937901489136296,0.149219075293533,-0.599714262601226,0.449149740545288
8,NC_k0036,0.257818749285932,0.260471943612134,-0.399901276545021,-0.510346711031701,-0.3354789867342,-0.0998622257063569,0.186700564135862,0.423715183035039,0.0601964021473422,-0.809400057406125,-0.213998215230316,0.279113816587627,0.0417472185837152,0.230002393578679
8,NC_k0037,0.362511885655305,0.3663954380088,0.926905968881599,0.268297039662901,0.0864343990129015,0.36665031601596,0.23797536707086,-0.749028076681851,0.375453758852431,0.538434205219445,-0.590620626952571,0.741835234274068,0.671195325122883,-0.415328354288263
8,NC_k0038,0.0757964227824587,0.0777424596304452,0.17655828068978,-0.1481048286774,0.274614068879,0.13001725157579,0.19120032484035,-0.355484742455801,-0.318790029530599,-0.229673326745691,0.264946622200584,0.51106861773867,0.32082862307765,-0.31165806368886
8,NC_k0039,0.473826629653374,0.476943462493754,-0.995158131141061,-0.8510013061723,-0.27331960103821,-0.985357018463001,0.43865181974583,0.57009917952129,-0.667592588981203,-1.02507082775875,0.158831703066685,-0.571449326868627,-0.301590251732184,0.0353446348374388
8,NC_k0040,0.535602014433217,0.544423319171667,0.24004717935679,-0.184566703601803,-0.305362927813597,0.18591218864665,-0.501989781202221,-0.18074608207259,0.170748747544332,-0.763726630244491,-0.845246561155802,-0.383745420034597,-0.71813659709205,-0.258658523376105
8,NC_k0041,0.30003526168478,0.301684028580546,-0.6647510685537,0.195096894906598,-0.666162232850802,-0.22042468206287,0.17815202022842,0.575625870368841,0.0494459939455196,0.58007987903616,-0.662431892799864,-0.17815796309088,0.166574340626047,0.208117805308996
8,NC_k0042,0.575006538639096,0.582280399387449,1.01194485623799,0.17033616182,0.840047691460796,-0.33792007509484,0.253093016191779,-0.41212219566252,0.698041728812817,0.664315906733211,0.997357215391857,-0.172832175176189,0.259011993913169,0.376796632357884
8,NC_k0043,0.0556457496108145,0.0594145876239585,0.044981986534324,-0.0415230201452099,0.00268239125024006,-0.52762726100987,-0.07374006955787,0.13802728216471,0.249463645977896,0.0753916927207293,0.0239015349603023,-0.870863335773232,-0.472971331337835,0.214421955358426
8,NC_k0044,0.498489656149015,0.506732801331493,-0.702838631940811,-0.2665473362669,-0.702904815188802,0.0914095493224251,0.051679411097299,0.1659568177322,-0.60711164260975,-0.561894790608286,-0.989108952856276,0.24905757623432,-0.00334901888648842,-0.478179872648974
8,NC_k0045,0.513479589085363,0.518217939972774,-0.977249109813561,0.395577345408801,0.0784406308486965,0.957703426680549,-0.40352282801167,0.746519056797,-0.466467596954349,0.169342648702328,1.03181870037212,0.806781244776401,0.218382125158983,0.503031344608421
8,NC_k0046,0.494576981051894,0.483431577216456,-1.7987491985057,0.23360246905119,-0.490293146969602,0.7582350333318,-0.53735417144746,1.5144663444692,-0.475080445611244,-0.14497852159681,0.698065855632459,0.378277885146773,-0.172833827588321,0.877380828612942
8,NC_k0047,0.547475000898104,0.551666669670105,-0.0951904369739131,0.00672259100240069,0.276377753561103,-0.862941541453191,0.923748551342401,-0.0377048930356439,-0.229645105162689,0.923245251129321,0.583406971354742,-0.0114212443835094,0.814153665204096,0.0218576494040935
8,NC_k0048,0.480445184739807,0.482741857508152,-1.2179321918142,0.204220129213795,-0.522810241522299,-0.826656109478391,0.550740789259901,0.66392814980051,-0.684436931966669,1.02103340875052,-0.141147076161615,-0.561487843663954,0.315409957252415,0.0237286911509252
8,NC_k0049,0.241521300364561,0.240079715846531,0.77498857820457,0.585289774778204,0.5023800492572,0.440354847261379,-0.40128153218987,-0.661658098911481,0.112279475270553,0.696594694538297,0.24982254326326,-0.0879174318982139,-0.103778403568508,-0.277739594255307
8,NC_k0050,0.347454734346054,0.331098629538124,-2.2866621940691,-0.39119795257838,-0.84689228875468,-1.0976260813804,0.78486775466331,1.4272727886459,-1.17260953711864,0.122092857046982,0.11682595679603,-0.42045598680745,0.291302132253921,0.304162014230887
8,NC_k0051,0.222286162133006,0.215373125424955,-0.3501173732734,0.7355274874313,-0.19858744295566,1.8917763955145,-1.0805612720336,0.501891464351391,0.222964804957523,0.0682601983275918,0.115647561068509,1.12299102474857,-0.066334782364194,0.465488997196656
8,NC_k0052,0.659523781481768,0.658663048355767,1.1899833368927,-0.24863198668223,0.065513348284,-0.881034442581029,0.63469100317303,-1.1680599934192,0.186673092480396,0.208977678270565,-1.07236658363861,-0.439615618185043,0.212428236890016,-0.912227935073476
8,NC_k0053,0.289901612011238,0.279576183993548,-0.19249922725934,0.973967051952897,-0.140879293036999,2.2257148730187,-1.3246149732808,-0.10210958006598,-0.381214034969828,0.184078855524937,-0.232950815400217,1.17585634660999,-0.166391197645253,-0.310597467109444
8,NC_k0054,0.36006243401843,0.354270381922397,-1.1383124061471,0.419884714541499,-0.58647344353,1.3053675216041,-1.1438389549621,0.537329362635041,-0.808859794663011,-0.452343278897024,-0.40165291905694,0.234515961511663,-0.71572885089623,-0.194995977953572
8,NC_k0055,0.54044124317265,0.53592841939698,-0.884934537505101,-0.198161829703203,-0.299998087755901,-1.3014753854155,1.1381790101379,0.8047735146296,-0.067521756440941,0.856022419466,0.297462591558497,-0.303970304034953,0.77569387729253,0.546300153193101
8,NC_k0056,0.0957199986010068,0.0981469902453894,-0.759124266182741,-0.29321694898137,-0.0475265215019398,-0.813048917249501,0.43979465657901,0.137179009047406,-0.933072968758562,-0.0402623379316355,0.243627517999977,-0.511017157343099,-0.00809244158191958,-0.336627512272072
8,NC_k0057,0.583229292296312,0.591878351614672,-0.748537986825569,0.5196672524823,-0.721811578872199,0.53794178047446,-0.10120177965635,0.155016211324171,-0.623276572036778,0.691980927345559,-0.987420551734287,0.436150199670391,0.333174657942535,-0.479587307570895
8,NC_k0058,0.25273518067792,0.242957316048009,1.5773580822166,-0.4611086768939,0.767730477801841,-0.885231944681841,0.38057835930854,-1.2281600470101,0.408134916314513,-0.335159103238979,0.0719850357173894,-0.660901160095272,-0.19133761241156,-0.536470742789497
8,NC_k0059,0.480302796091553,0.464042593644755,2.1938441614044,0.32961580469424,0.668193721915799,1.0640949438532,-0.74891566160513,-1.5688322105831,0.898029688196701,-0.234277301329436,-0.523869957310859,0.415944571108556,-0.307207416492437,-0.642951745995867
8,NC_k0060,0.272859506993327,0.261717671886706,1.0453580251514,-0.707527647955793,0.4327927927964,-1.6977903203828,1.3126057358445,-0.480869506858619,0.785285561593723,0.143965578862073,0.158225097838268,-0.503811071423855,0.596125776782114,0.147721369384617
8,NC_k0061,0.196368832955658,0.199906335162368,1.01386829850234,-0.0655831269557972,0.19496931088261,0.47319191629002,-0.43966445493318,-0.28588336641424,1.02977988669263,-0.528876925204612,-0.182655221395688,0.128211485371493,-0.339870426662184,0.302777066836304
8,NC_k0062,0.70007525458508,0.702363423527905,0.43718358204778,0.00163680230220109,0.293551926031361,1.3359643832914,-1.1151004101499,-0.32503173744374,0.0366917344105782,-1.20977697106143,0.172187729961255,0.486127770536428,-0.757809760019703,-0.142804230617535
8,NC_k0063,0.402549444116812,0.404927979833499,1.4410285487538,-0.299825158173498,0.803020690064002,0.22387227792329,-0.15028349145583,-0.6591926884054,0.947316256927745,-0.702842269025285,0.604100899260116,0.261934597840937,-0.131714914072766,0.238871784008906
