LoadCase,zeta1,zeta2,ALLSE,RF_LEFT_x,RF_LEFT_y,RF_RIGHT_x,RF_RIGHT_y,RF_BOTTOM_x,RF_BOTTOM_y,RF_TOP_x,RF_TOP_y,Volume,nBndNodes,Savg_11,Savg_22,Savg_33,Savg_12,Eavg_11,Eavg_22,Eavg_33,Eavg_12,Uavg_1,Uavg_2,Fbar_11,Fbar_12,Fbar_21,Fbar_22,G111,G112,G121,G122,G211,G212,G221,G222,Fbar_11_int,Fbar_12_int,Fbar_21_int,Fbar_22_int,G111_int,G112_int,G121_int,G122_int,G211_int,G212_int,G221_int,G222_int,Q111,Q112,Q121,Q122,Q211,Q212,Q221,Q222,fitResidMax,c1_fit,c2_fit,H11,H22,H12,G1_11,G1_22,G1_12,G2_11,G2_22,G2_12,HillResid,QSymResid,ForceBalanceResid,KubcErrF,KubcErrG,EnergyConsistencyResid
NC_k0000,-0.0335526315789474,-0.0335526315789474,0.342892914829837,41.5259420085394,-0.407440615523035,57.6705176206158,-6.95420139102775,-42.3719999916822,-3.52882064532324,-61.4710966942164,15.2644207928446,1,640,13.2293492023228,-2.58043735182436,3.51414091066452,-1.94374487359601,-5.61238736894779e-19,3.87285962797328e-19,0,-6.01909553252786e-19,-0.00155257125560707,0.000846785365966669,1,1.84863129813669e-19,-4.68574193489148e-20,1,-0.00523340711650885,0.0100210450899222,0.0100210450899222,-0.0151659745678761,0.00104088811922811,-0.00481258406506862,-0.00481258406506862,0.00423543471264215,1,4.33680868994202e-19,0,1,-0.00523380032467865,0.0100218279840698,0.0100218279840698,-0.0151659797851298,0.00104100203930642,-0.0048129600481987,-0.0048129600481987,0.00423542384574415,5.24878978244287,36.5724371875911,3.18328695777778,-11.4861204282334,3.18328695777778,-11.4861204282334,-14.7756841277308,2.58820936240281,2.60208521396521e-18,-2.21002722607874e-19,2.10354109893579e-19,0,0,0,-0.00523340711650885,-0.0151659745678761,0.0100210450899222,0.00104088811922811,0.00423543471264215,-0.00481258406506862,1.01635301941154e-12,2.46954890616241e-08,5.22655808335444e-12,1.84863129813669e-19,5.20417042793042e-18,6.15184407596936e-15
NC_k0000,-0.0210526315789474,-0.0210526315789474,0.339558909577712,45.7452635950707,-1.87200840959871,56.0393436439633,-5.65470531442623,-47.2033675003045,-0.207126355023068,-59.1874327543741,12.0766914124659,1,640,8.4959979274313,-1.60356687121149,2.2745022485525,-1.23543228126732,-3.88046968960876e-19,1.6347735882008e-19,0,-1.92144130128718e-19,-0.00154890864780665,0.000842189330601416,1,-2.98599449855946e-20,-1.01249810479326e-19,1,-0.00523340711650886,0.0100210450899222,0.0100210450899222,-0.0151659745678761,0.00104088811922811,-0.00481258406506862,-0.00481258406506862,0.00423543471264215,1,4.33680868994202e-19,0,1,-0.00523380032467865,0.0100218279840698,0.0100218279840698,-0.0151659797851298,0.00104100203930642,-0.0048129600481987,-0.0048129600481987,0.00423542384574415,5.1637295413091,36.4620455723084,3.06850691627659,-11.2635123610675,3.06850691627659,-11.2635123610675,-14.7166983365335,2.58679464194974,2.24294324432939e-18,7.22276394002499e-20,-1.18840254369794e-19,0,0,0,-0.00523340711650885,-0.0151659745678761,0.0100210450899222,0.00104088811922811,0.00423543471264215,-0.00481258406506862,7.36908098841672e-13,1.7323737044181e-08,1.04987555217035e-12,1.01249810479326e-19,5.20417042793042e-18,9.97229090327184e-14
NC_k0000,-0.00855263157894737,-0.00855263157894737,0.337983963897083,49.5601240230383,-3.08142063046911,53.7730089368921,-4.54452534090832,-51.5325049431985,3.42924488723867,-56.3841934322042,8.5241485638153,1,640,3.485190638431,-0.644588384810493,0.93739874369477,-0.504243087411157,-2.75306883681329e-18,-8.40647112925391e-19,0,-5.66585632374322e-20,-0.00154706115458033,0.00083988764668075,1,-1.09015829311017e-19,-9.00811189251507e-20,1,-0.00523340711650885,0.0100210450899222,0.0100210450899222,-0.0151659745678761,0.00104088811922811,-0.00481258406506862,-0.00481258406506862,0.00423543471264215,1,4.33680868994202e-19,0,1,-0.00523380032467865,0.0100218279840698,0.0100218279840698,-0.0151659797851298,0.00104100203930642,-0.0048129600481987,-0.0048129600481987,0.00423542384574415,5.10918780651985,36.438592448465,3.00114823945829,-11.1420412987509,3.00114823945829,-11.1420412987509,-14.6988741725878,2.6003500923708,2.21583819001725e-18,-2.61856640077014e-19,-9.72527118093667e-20,0,0,0,-0.00523340711650885,-0.0151659745678761,0.0100210450899222,0.00104088811922811,0.00423543471264215,-0.00481258406506862,9.51076198176954e-13,9.34590488445901e-09,4.47874295108574e-12,1.09015829311017e-19,5.20417042793042e-18,1.6424196755134e-14
NC_k0000,0.00394736842105262,0.00394736842105262,0.337751008742392,52.7636845181127,-4.15644191204618,50.8174362612378,-3.48634052256812,-55.1993005729979,7.16295402968098,-52.9615861538044,4.80412541165065,1,640,-1.61069536387775,0.296912132064439,-0.433548466498392,0.232909453658714,-4.08333408047617e-18,-9.7727749778445e-19,0,-1.35260573764671e-20,-0.00154678488668082,0.00083954520628235,1,-1.66751850694965e-19,-7.71131494170553e-20,1,-0.00523340711650885,0.0100210450899222,0.0100210450899222,-0.0151659745678761,0.00104088811922811,-0.00481258406506862,-0.00481258406506862,0.00423543471264215,1,4.33680868994202e-19,0,1,-0.00523380032467865,0.0100218279840698,0.0100218279840698,-0.0151659797851298,0.00104100203930642,-0.0048129600481987,-0.0048129600481987,0.00423542384574415,5.10009541268284,36.4369163985618,2.99033312483361,-11.1230038049429,2.99033312483361,-11.1230038049429,-14.6968634648402,2.60340920173706,1.50433051432364e-18,-9.17450610130148e-19,1.11436566467021e-19,0,0,0,-0.00523340711650885,-0.0151659745678761,0.0100210450899222,0.00104088811922811,0.00423543471264215,-0.00481258406506862,1.75436007680123e-12,1.45551543841942e-08,3.4520938010643e-12,1.66751850694965e-19,3.46944695195361e-18,3.78017073308798e-14
NC_k0000,0.0164473684210526,0.0164473684210526,0.338807391506235,55.2848717839413,-5.2304396963107,47.2131884517394,-2.34067603339232,-58.2216542215014,10.7990259142589,-48.8715343742044,1.10661118178901,1,640,-6.66938564641336,1.24714665190609,-1.78933886818741,0.967519206453747,-2.26163090872819e-18,-6.95890505728611e-19,0,-6.76435217721364e-19,-0.00154803446823,0.000841095576711921,1,-9.70231585825866e-20,-3.80859539879555e-20,1,-0.00523340711650885,0.0100210450899222,0.0100210450899222,-0.0151659745678761,0.00104088811922811,-0.00481258406506862,-0.00481258406506862,0.00423543471264215,1,4.33680868994202e-19,0,1,-0.00523380032467865,0.0100218279840698,0.0100218279840698,-0.0151659797851298,0.00104100203930642,-0.0048129600481987,-0.0048129600481987,0.00423542384574415,5.13908869216249,36.4483652172452,3.03755838766787,-11.2070130496142,3.03755838766787,-11.2070130496142,-14.7073434696794,2.59181117590192,1.95156391047391e-18,-7.37097899853905e-19,2.37886620454059e-19,0,0,0,-0.00523340711650885,-0.0151659745678761,0.0100210450899222,0.00104088811922811,0.00423543471264215,-0.00481258406506862,4.88027085829705e-13,8.65908738839725e-09,2.00036745088398e-12,9.70231585825866e-20,5.20417042793042e-18,4.09606996651343e-14
NC_k0000,0.0289473684210526,0.0289473684210526,0.341409299258635,57.1308078437337,-6.44665166610939,43.1074316914945,-0.983937216459018,-60.6809437767416,14.145546300636,-44.186256174644,-2.35185998630213,1,640,-11.5365647709803,2.2217225157883,-3.07389794421332,1.68729997756357,-3.05289203036171e-18,-1.24444029202683e-18,0,2.87686799601043e-19,-0.00155098204376019,0.000844797490286794,1,-2.79300496324583e-20,8.75635896985925e-20,1,-0.00523340711650885,0.0100210450899222,0.0100210450899222,-0.0151659745678761,0.00104088811922811,-0.00481258406506862,-0.00481258406506862,0.00423543471264214,1,4.33680868994202e-19,0,1,-0.00523380032467865,0.0100218279840698,0.0100218279840698,-0.0151659797851298,0.00104100203930642,-0.0048129600481987,-0.0048129600481987,0.00423542384574415,5.21519170278106,36.5138293390335,3.13636837017992,-11.3922944698844,3.13636837017992,-11.3922944698844,-14.7460178079655,2.58361097338841,2.60208521396521e-18,-1.53823526066164e-18,7.96244615803045e-20,0,0,0,-0.00523340711650885,-0.0151659745678761,0.0100210450899222,0.00104088811922811,0.00423543471264215,-0.00481258406506862,5.84031869590292e-13,9.68237639025081e-09,4.72459491469661e-12,8.75635896985925e-20,1.04083408558608e-17,1.7121162889659e-13
NC_k0001,-0.0335526315789474,-0.0335526315789474,0.235138029894796,125.929705373228,25.09625943245,147.995150672761,19.8860616820784,-110.885687002855,-30.3031636975004,-156.476026019916,-18.5387177499306,1,640,2.5699428106952,3.79863280497488,2.10162995317113,-3.60388381235788,1.40341447959217e-18,-3.32874022103589e-19,0,-4.27460470787803e-19,0.00159469589540527,-0.00120705085290653,1,5.24541112602275e-20,3.56410093730727e-20,1,0.0167936705423597,-0.000560010168439073,-0.000560010168439073,-0.00184734565890285,-0.00691428473759986,0.00121998686912674,0.00121998686912674,-0.00805919542814356,1,0,0,1,0.0167934524202159,-0.000560053919233482,-0.000560053919233482,-0.00184683561635123,-0.00691445332452903,0.00122008218060089,0.00122008218060089,-0.00805931929199888,23.6860598020415,-4.05337382759426,-0.183907566027875,-13.3095067156674,-0.183907566027875,-13.3095067156674,13.2570060742306,-5.50085367321944,8.67361737988404e-19,-5.12395548627377e-19,-1.46976317648024e-19,0,0,0,0.0167936705423597,-0.00184734565890285,-0.000560010168439073,-0.00691428473759986,-0.00805919542814356,0.00121998686912674,1.33496838142306e-12,7.54436471374605e-09,2.35994874886665e-12,5.24541112602275e-20,3.90312782094782e-18,6.13805403004547e-14
NC_k0001,-0.0210526315789474,-0.0210526315789474,0.236082198542054,130.137062279888,23.5400184917285,143.752132633459,20.3942041847837,-119.094115891107,-27.6030693451147,-148.219211364303,-20.1719669632287,1,640,1.58896919337587,2.52468189337214,1.35750485862683,-2.28019303921687,-4.65338725397831e-19,-9.00482049715027e-19,0,-1.12280834603458e-18,0.00158798171978071,-0.00120322673641012,1,2.58593196831907e-20,-1.98124640561223e-20,1,0.0167936705423597,-0.000560010168439072,-0.000560010168439072,-0.00184734565890285,-0.00691428473759986,0.00121998686912674,0.00121998686912674,-0.00805919542814356,1,0,0,1,0.0167934524202159,-0.000560053919233482,-0.000560053919233482,-0.00184683561635123,-0.00691445332452903,0.00122008218060089,0.00122008218060089,-0.00805931929199888,23.772825208779,-3.91180496795509,-0.121726537039332,-13.1915486295322,-0.121726537039332,-13.1915486295322,13.0914546378057,-5.65610991901157,1.51788304147971e-18,3.26514642595704e-19,-3.16831433824985e-19,0,0,0,0.0167936705423597,-0.00184734565890285,-0.000560010168439073,-0.00691428473759986,-0.00805919542814356,0.00121998686912674,2.12934625306774e-12,8.86895446955375e-09,1.02214483791816e-12,2.58593196831907e-20,3.46944695195361e-18,7.01877513207704e-14
NC_k0001,-0.00855263157894737,-0.00855263157894737,0.236807059311426,134.243965274956,22.3286921799434,139.708243276143,21.0797379926129,-127.720888451872,-25.1352249487107,-139.649460399541,-22.1072104497064,1,640,0.641549879725479,1.05528894414698,0.559956811877915,-0.928581434530978,-2.47532143945268e-19,-6.2178174028876e-19,0,-2.95058633220115e-19,0.00158434005549629,-0.00120115409447213,1,-4.89707073315147e-20,4.59917123859248e-20,1,0.0167936705423597,-0.000560010168439073,-0.000560010168439073,-0.00184734565890285,-0.00691428473759986,0.00121998686912674,0.00121998686912674,-0.00805919542814357,1,0,0,1,0.0167934524202159,-0.000560053919233482,-0.000560053919233482,-0.00184683561635123,-0.00691445332452903,0.00122008218060089,0.00122008218060089,-0.00805931929199888,23.8393497821911,-3.84423796801281,-0.0880334782408566,-13.1317952086221,-0.0880334782408566,-13.1317952086221,13.0253505092077,-5.7479720827189,1.0842021724855e-18,4.49033909606322e-19,1.2872077528006e-21,0,0,0,0.0167936705423597,-0.00184734565890285,-0.000560010168439073,-0.00691428473759986,-0.00805919542814356,0.00121998686912674,1.80175103938947e-12,6.07471162022935e-09,1.40686648369366e-12,4.89707073315147e-20,3.46944695195361e-18,6.68083043930823e-14
NC_k0001,0.00394736842105262,0.00394736842105262,0.236930221505636,138.240183673148,21.3772937692427,135.723331381527,21.9517504674443,-136.446292134111,-22.8817996978382,-130.934725273182,-24.279719422473,1,640,-0.295905915772958,-0.489058099990131,-0.259038125201815,0.428699970743246,-9.23530610303204e-20,-2.42774201061863e-19,0,-4.49006871383584e-19,0.00158377836835305,-0.00120083210840449,1,2.69311708978157e-20,1.74028830228578e-20,1,0.0167936705423597,-0.000560010168439072,-0.000560010168439072,-0.00184734565890285,-0.00691428473759986,0.00121998686912674,0.00121998686912674,-0.00805919542814356,1,0,0,1,0.0167934524202159,-0.000560053919233482,-0.000560053919233482,-0.00184683561635123,-0.00691445332452903,0.00122008218060089,0.00122008218060089,-0.00805931929199888,23.8506195101505,-3.83431963254873,-0.082825956451654,-13.1226201293614,-0.082825956451654,-13.1226201293614,13.0165718432837,-5.76261454544094,1.73472347597681e-18,3.73884163799214e-20,-6.708180358531e-19,0,0,0,0.0167936705423597,-0.00184734565890285,-0.000560010168439073,-0.00691428473759986,-0.00805919542814356,0.00121998686912674,8.32454841537765e-12,7.26749687214936e-09,7.78592427788575e-13,2.69311708978157e-20,6.93889390390723e-18,3.28010547704284e-15
NC_k0001,0.0164473684210526,0.0164473684210526,0.236405805109446,142.246443122892,20.6270545286965,131.668775456677,23.0590967994834,-145.090227016994,-20.854694055453,-122.247483911765,-26.6680467905212,1,640,-1.23758898052569,-1.99936713094403,-1.06819551678502,1.78379168368939,-4.77276595998197e-19,-2.74581156770906e-19,0,-5.90514313134256e-19,0.0015862779138096,-0.00120225775083605,1,-2.112579156415e-20,2.73705165194521e-20,1,0.0167936705423597,-0.000560010168439073,-0.000560010168439073,-0.00184734565890285,-0.00691428473759986,0.00121998686912674,0.00121998686912674,-0.00805919542814357,1,0,0,1,0.0167934524202159,-0.000560053919233482,-0.000560053919233482,-0.00184683561635123,-0.00691445332452903,0.00122008218060089,0.00122008218060089,-0.00805931929199888,23.8025660179316,-3.87942329477248,-0.105985525730498,-13.1634432059065,-0.105985525730498,-13.1634432059065,13.0584916980278,-5.6984701374531,1.30104260698261e-18,-2.3580964799397e-19,1.43806280154272e-19,0,0,0,0.0167936705423597,-0.00184734565890285,-0.000560010168439073,-0.00691428473759986,-0.00805919542814356,0.00121998686912674,3.93076720382305e-12,6.90945937341183e-09,9.48735205137349e-13,2.73705165194521e-20,4.33680868994202e-18,2.82949639086477e-14
NC_k0001,0.0289473684210526,0.0289473684210526,0.235460581208733,146.399490761344,20.0500860294584,127.473000610393,24.4771230616349,-153.480231532221,-19.0977175591146,-113.824566828513,-29.2822164538296,1,640,-2.20246306645637,-3.36003914068189,-1.83562572835566,3.12230123690832,1.98854219257748e-19,7.86986252227851e-19,0,-1.25020739525755e-18,0.00159188830774728,-0.00120544462944583,1,9.63922950263637e-21,-5.33374344274199e-20,1,0.0167936705423597,-0.000560010168439072,-0.000560010168439072,-0.00184734565890285,-0.00691428473759986,0.00121998686912674,0.00121998686912674,-0.00805919542814356,1,0,0,1,0.0167934524202159,-0.000560053919233482,-0.000560053919233482,-0.00184683561635123,-0.00691445332452903,0.00122008218060089,0.00122008218060089,-0.00805931929199888,23.7155956624917,-3.99113695216564,-0.157768787455767,-13.2580785517427,-0.157768787455767,-13.2580785517427,13.1804974853608,-5.56350457752123,1.30104260698261e-18,3.60165886859609e-20,-5.58812960487764e-19,0,0,0,0.0167936705423597,-0.00184734565890285,-0.000560010168439073,-0.00691428473759986,-0.00805919542814356,0.00121998686912674,1.36066820176344e-12,8.40873481383874e-09,2.16671216224892e-12,5.33374344274199e-20,3.46944695195361e-18,1.13634200493827e-13
NC_k0002,-0.0335526315789474,-0.0335526315789474,0.711881738142268,-109.183444122764,47.9510788385001,-100.375643065347,67.3731407667268,88.8281577636229,-63.3815114479837,122.125588334808,-52.5845133966336,1,640,9.84809326352394,17.5485992033112,9.04090851405541,4.90458223268113,-7.91628389825499e-19,-3.44488299648324e-18,0,-2.32465545395983e-18,-5.41014537561159e-06,-0.000466966732991662,1,5.34334970302742e-20,8.29021360813124e-20,1,-0.0072609762275046,0.00798862637180394,0.00798862637180394,0.00271554906894999,-0.00216661494335417,0.0151594699561672,0.0151594699561672,-0.00644841969049436,1,-3.3881317890172e-20,1.0842021724855e-19,1,-0.007260825762432,0.00798925048323924,0.00798925048323924,0.00271530982600319,-0.00216678270355074,0.0151606542897575,0.0151606542897575,-0.00644842019269299,-15.6702967893588,24.9883792943371,7.16694737043548,15.7601989667071,7.16694737043548,15.7601989667071,47.9390320817292,-9.33387660357578,2.60208521396521e-18,-3.2066314862758e-19,-1.37421624360473e-18,0,0,0,-0.0072609762275046,0.00271554906894998,0.00798862637180394,-0.00216661494335417,-0.00644841969049437,0.0151594699561672,1.88734000286292e-13,1.47210990367971e-08,1.68679277824765e-12,8.29021360813124e-20,6.93889390390723e-18,3.72735088805416e-14
NC_k0002,-0.0210526315789474,-0.0210526315789474,0.709566249651496,-107.195146124308,49.5607173900118,-99.9136003427032,62.2546653064447,93.4249621637539,-60.3826255381665,115.088608194338,-52.0329427595039,1,640,6.40031943927173,11.2852624474869,5.83624202263034,3.06464335065939,-4.87631242906135e-20,4.99722969100436e-19,0,-2.60491748038259e-18,-4.36894156584427e-06,-0.000464123858848898,1,2.34595709660467e-20,3.16976896765065e-19,1,-0.0072609762275046,0.00798862637180394,0.00798862637180394,0.00271554906894999,-0.00216661494335417,0.0151594699561672,0.0151594699561672,-0.00644841969049436,1,-3.3881317890172e-20,1.0842021724855e-19,1,-0.007260825762432,0.00798925048323924,0.00798925048323924,0.00271530982600319,-0.00216678270355074,0.0151606542897575,0.0151606542897575,-0.00644842019269299,-15.5373176517372,25.0525420031766,7.12048546377091,15.555297812687,7.12048546377091,15.555297812687,47.9900366736543,-9.17599878690121,2.16840434497101e-18,-4.61929187997573e-19,-1.57455742647416e-19,0,0,0,-0.0072609762275046,0.00271554906894998,0.00798862637180394,-0.00216661494335417,-0.00644841969049437,0.0151594699561672,2.53579469825362e-13,1.60093979271237e-08,7.45809472774326e-13,3.16976896765065e-19,5.20417042793042e-18,8.44911146199583e-15
NC_k0002,-0.00855263157894737,-0.00855263157894737,0.708639805886962,-104.405091210987,52.1149459198377,-101.064332842839,57.4006357405773,98.9508666026625,-56.9124315083335,107.927915656996,-53.1813494579803,1,640,2.63768728562517,4.62803524732531,2.39768843587364,1.23851411563611,1.35523369045279e-18,-1.46740517177927e-18,0,3.04058358284692e-19,-3.47486176950749e-06,-0.000462415178019928,1,-9.77373331874578e-20,3.40232554513926e-19,1,-0.0072609762275046,0.00798862637180394,0.00798862637180394,0.00271554906894998,-0.00216661494335417,0.0151594699561672,0.0151594699561672,-0.00644841969049436,1,-3.3881317890172e-20,1.0842021724855e-19,1,-0.007260825762432,0.00798925048323924,0.00798925048323924,0.00271530982600319,-0.00216678270355074,0.0151606542897575,0.0151606542897575,-0.00644842019269299,-15.4622133290857,25.1059773877412,7.09432611839005,15.4410567597811,7.09432611839005,15.4410567597811,48.0555960192534,-9.09320096903498,2.60208521396521e-18,-1.36992986613147e-19,-4.77645417548987e-19,0,0,0,-0.0072609762275046,0.00271554906894998,0.00798862637180394,-0.00216661494335417,-0.00644841969049437,0.0151594699561672,1.29891266334014e-12,5.86613546648673e-09,3.86809987441452e-12,3.40232554513926e-19,6.93889390390723e-18,2.82005248325558e-15
NC_k0002,0.00394736842105262,0.00394736842105262,0.708506378228398,-101.811357181447,55.7901872649545,-103.380414321531,53.3415493120143,105.37884163732,-53.9804500135723,101.223168195101,-55.7257985707974,1,640,-1.21975316756007,-2.13856559825482,-1.10824519271894,-0.570968857947408,-1.25070701234753e-18,9.02593014638262e-19,0,5.63938654414152e-19,-3.31533997610083e-06,-0.000462141064918737,1,-1.60910237169973e-19,7.89528076184301e-20,1,-0.0072609762275046,0.00798862637180394,0.00798862637180394,0.00271554906894998,-0.00216661494335417,0.0151594699561672,0.0151594699561672,-0.00644841969049436,1,-3.3881317890172e-20,1.0842021724855e-19,1,-0.007260825762432,0.00798925048323924,0.00798925048323924,0.00271530982600319,-0.00216678270355074,0.0151606542897575,0.0151606542897575,-0.00644842019269299,-15.4500593213432,25.1151036242207,7.09007564546931,15.4228971419934,7.09007564546931,15.4228971419934,48.0675198288153,-9.08034173357373,2.60208521396521e-18,4.40417078800466e-20,-9.97004993513712e-19,0,0,0,-0.0072609762275046,0.00271554906894998,0.00798862637180394,-0.00216661494335417,-0.00644841969049437,0.0151594699561672,1.4330444853673e-12,1.3441207081102e-08,2.25356621592237e-12,1.60910237169973e-19,6.93889390390723e-18,3.149651644741e-14
NC_k0002,0.0164473684210526,0.0164473684210526,0.709117658526294,-100.171281782317,60.4037796980247,-106.204769230594,50.3744511173503,112.431493222503,-52.2697006737682,95.3506059924668,-59.0988076172254,1,640,-5.03596239150567,-8.85834205382286,-4.58512046695841,-2.38908447634629,1.35307888495709e-18,-2.67327568620397e-18,0,-6.79664530832771e-19,-3.98122603093393e-06,-0.00046333953015466,1,-1.76811469666783e-19,4.99782477292367e-20,1,-0.0072609762275046,0.00798862637180394,0.00798862637180394,0.00271554906894999,-0.00216661494335417,0.0151594699561672,0.0151594699561672,-0.00644841969049436,1,-3.3881317890172e-20,1.0842021724855e-19,1,-0.007260825762432,0.00798925048323924,0.00798925048323924,0.00271530982600319,-0.00216678270355074,0.0151606542897575,0.0151606542897575,-0.00644842019269299,-15.5028742780228,25.0762957496077,7.1085077430575,15.5024908755609,7.1085077430575,15.5024908755609,48.0181624764862,-9.13729960801742,2.60208521396521e-18,-2.82605750615723e-19,-7.62928175340296e-19,0,0,0,-0.0072609762275046,0.00271554906894998,0.00798862637180394,-0.00216661494335417,-0.00644841969049437,0.0151594699561672,2.72419009298001e-13,1.33132587888015e-08,1.53893072739673e-12,1.76811469666783e-19,6.93889390390723e-18,5.01004824246492e-15
NC_k0002,0.0289473684210526,0.0289473684210526,0.710768196453415,-99.9979448856163,65.4958032101793,-108.607940788116,48.4594290108624,119.586697922446,-52.1764769400575,90.4159723695569,-62.4037167103769,1,640,-8.63558190486389,-15.3169520003396,-7.9043361887172,-4.22822099213522,-5.73590197801421e-19,4.38816006236931e-19,0,-1.78353374956234e-19,-5.07999771291927e-06,-0.00046582408494959,1,-1.91606842459178e-20,-1.09099507775001e-19,1,-0.0072609762275046,0.00798862637180394,0.00798862637180394,0.00271554906894999,-0.00216661494335417,0.0151594699561672,0.0151594699561672,-0.00644841969049436,1,-3.3881317890172e-20,1.0842021724855e-19,1,-0.007260825762432,0.00798925048323924,0.00798925048323924,0.00271530982600319,-0.00216678270355074,0.0151606542897575,0.0151606542897575,-0.00644842019269299,-15.6140117649177,25.0083541165219,7.1471262975036,15.6740064330543,7.1471262975036,15.6740064330543,47.9466856801556,-9.26597182147168,2.16840434497101e-18,-3.19828886127064e-19,-1.0429656285168e-18,0,0,0,-0.0072609762275046,0.00271554906894998,0.00798862637180394,-0.00216661494335417,-0.00644841969049437,0.0151594699561672,5.82185759516094e-13,1.24718949796004e-08,5.2076399976429e-13,1.09099507775001e-19,6.93889390390723e-18,1.12464314205216e-14
NC_k0003,-0.0335526315789474,-0.0335526315789474,0.283300311621464,-97.2048021816667,3.59806480766109,-113.836050933382,15.5560293316162,88.7923333325635,0.731502835935045,118.512769602914,-13.9318899692494,1,640,4.54047038345523,-5.8599270343716,-0.435420694802405,3.72244311109541,1.90786147717089e-18,1.67858769088651e-18,0,-1.6877660869634e-18,-0.000557988058246487,0.00170922240608739,1,1.1143622131252e-20,-1.53277950969497e-19,1,-0.0089034159467886,0.00659383141145556,0.00659383141145556,0.00818599167466987,0.011081958503288,-0.00383992549913756,-0.00383992549913756,0.00852556625629547,1,0,-4.33680868994202e-19,1,-0.00890308917539241,0.00659434655453458,0.00659434655453458,0.00818565089108085,0.0110821000534859,-0.00384022549331718,-0.00384022549331718,0.00852580766556552,-17.2342111525133,23.7477076465554,6.53578288975438,11.297892801113,6.53578288975438,11.297892801113,-20.3590998284227,1.61454959522674,1.51788304147971e-18,3.14012558283224e-20,8.52764446436965e-20,0,0,0,-0.00890341594678861,0.00818599167466987,0.00659383141145556,0.011081958503288,0.00852556625629547,-0.00383992549913756,7.06459242570795e-13,1.54835539380471e-08,1.92441831903671e-12,1.53277950969497e-19,3.46944695195361e-18,1.16195116382787e-13
NC_k0003,-0.0210526315789474,-0.0210526315789474,0.281835783866145,-100.09443825504,6.84427137237426,-110.253023270178,14.1317107747987,93.9539780015299,-2.98207977812472,112.68263796961,-12.0455069818193,1,640,2.91595387693362,-3.79663262896478,-0.290623988170319,2.34606040064997,6.88435954048283e-19,-3.53331853013251e-19,0,4.05093507024369e-19,-0.000552002740333434,0.00170515518407398,1,-1.23558825652907e-19,-5.69295456751958e-20,1,-0.00890341594678861,0.00659383141145556,0.00659383141145556,0.00818599167466987,0.011081958503288,-0.00383992549913756,-0.00383992549913756,0.00852556625629547,1,0,-4.33680868994202e-19,1,-0.00890308917539241,0.00659434655453458,0.00659434655453458,0.00818565089108085,0.0110821000534859,-0.00384022549331718,-0.00384022549331718,0.00852580766556552,-17.1644138235261,23.6951504043105,6.39422268476515,11.2326466024304,6.39422268476515,11.2326466024304,-20.1780852256156,1.79280970354703,1.30104260698261e-18,8.22036574799224e-20,-3.82251784319986e-19,0,0,0,-0.00890341594678861,0.00818599167466987,0.00659383141145556,0.011081958503288,0.00852556625629547,-0.00383992549913756,1.18641893902107e-12,1.96239176413645e-08,4.81176003968287e-13,1.23558825652907e-19,6.93889390390723e-18,2.24537535778954e-14
NC_k0003,-0.00855263157894737,-0.00855263157894737,0.28129565287716,-102.931143486648,9.4964708308041,-106.998011788193,12.4055514580864,99.3051251656144,-6.14876048951971,106.926744503954,-9.80569133279131,1,640,1.19248352601742,-1.56583136412946,-0.123204786576969,0.952797061362958,-1.32110008247579e-18,-6.72815475360832e-19,0,-5.64547459344991e-19,-0.000548773769705227,0.00170312051226917,1,-1.15959019256748e-19,-2.04603434980101e-19,1,-0.00890341594678861,0.00659383141145556,0.00659383141145556,0.00818599167466987,0.011081958503288,-0.00383992549913756,-0.00383992549913756,0.00852556625629547,1,0,-4.33680868994202e-19,1,-0.00890308917539241,0.00659434655453458,0.00659434655453458,0.00818565089108085,0.0110821000534859,-0.00384022549331718,-0.00384022549331718,0.00852580766556552,-17.142662610155,23.6911707575458,6.31593404788383,11.2018474692285,6.31593404788383,11.2018474692285,-20.1069190680407,1.90196128390869,1.73472347597681e-18,5.07631707279006e-19,3.468000832173e-19,0,0,0,-0.00890341594678861,0.00818599167466987,0.00659383141145556,0.011081958503288,0.00852556625629547,-0.00383992549913756,3.17787707563032e-12,1.02288004473551e-08,3.59773453597909e-13,2.04603434980101e-19,3.46944695195361e-18,5.07166240235617e-14
NC_k0003,0.00394736842105262,0.00394736842105262,0.281225080771011,-105.866055950992,11.6901975842485,-103.99328257259,10.3511640746479,104.841394805673,-8.89021032042481,101.323190525068,-7.20422471510799,1,640,-0.550709851764228,0.724220876361913,0.0572586381172452,-0.439642575190852,-1.70321782080589e-18,-8.71014567573438e-19,0,-2.04082000729083e-20,-0.000548278050910754,0.00170281504567603,1,-2.02923375412887e-19,-1.68585136545598e-19,1,-0.00890341594678861,0.00659383141145556,0.00659383141145556,0.00818599167466987,0.011081958503288,-0.00383992549913756,-0.00383992549913756,0.00852556625629546,1,0,-4.33680868994202e-19,1,-0.00890308917539241,0.00659434655453458,0.00659434655453458,0.00818565089108085,0.0110821000534859,-0.00384022549331718,-0.00384022549331718,0.00852580766556552,-17.140132320979,23.6918841849784,6.30360695026393,11.1972040273012,6.30360695026393,11.1972040273012,-20.0974538949727,1.91968457692651,1.95156391047391e-18,7.47824767383083e-20,1.15599419467552e-18,0,0,0,-0.00890341594678861,0.00818599167466987,0.00659383141145556,0.011081958503288,0.00852556625629547,-0.00383992549913756,6.77228786958576e-12,1.20509350015902e-08,4.61251076934983e-12,2.02923375412887e-19,3.03576608295941e-18,6.39545126971532e-14
NC_k0003,0.0164473684210526,0.0164473684210526,0.281564804788105,-109.020080949304,13.5307055403107,-101.138509023779,7.88358645941578,110.548551555731,-11.2623099904905,95.9051892098116,-4.20579500454787,1,640,-2.2863284321667,2.98774212986281,0.231466520239704,-1.8330667503347,-1.09283793808056e-19,1.57110715081382e-18,0,1.82101495747834e-18,-0.000550490266482403,0.00170418937854568,1,-1.15734828491176e-19,-1.67940919544571e-20,1,-0.00890341594678861,0.00659383141145556,0.00659383141145556,0.00818599167466987,0.011081958503288,-0.00383992549913756,-0.00383992549913756,0.00852556625629547,1,0,-4.33680868994202e-19,1,-0.00890308917539241,0.00659434655453458,0.00659434655453458,0.00818565089108085,0.0110821000534859,-0.00384022549331718,-0.00384022549331718,0.00852580766556552,-17.1530602272951,23.6914245773564,6.35790872558357,11.2180128211604,6.35790872558357,11.2180128211604,-20.1426228900205,1.84270032234605,1.30104260698261e-18,-1.22786923309895e-19,4.03870359886527e-20,0,0,0,-0.00890341594678861,0.00818599167466987,0.00659383141145556,0.011081958503288,0.00852556625629547,-0.00383992549913756,2.17396565732574e-12,1.02023456204765e-08,1.70660379661976e-12,1.15734828491176e-19,2.60208521396521e-18,2.68127139438914e-14
NC_k0003,0.0289473684210526,0.0289473684210526,0.282597856365182,-112.475460613938,15.0675341159742,-98.2785167942603,4.86910154147809,116.362705258025,-13.2788833667374,90.6658232030418,-0.705323389067523,1,640,-3.96373189420214,5.12795154347151,0.384192484258887,-3.22038267945647,1.00289859007767e-19,9.42737744126686e-21,0,-5.68544396064847e-19,-0.000555479557936338,0.00170746071875288,1,-4.49799456504903e-20,-4.04096341332995e-20,1,-0.0089034159467886,0.00659383141145556,0.00659383141145556,0.00818599167466987,0.011081958503288,-0.00383992549913756,-0.00383992549913756,0.00852556625629546,1,0,-4.33680868994202e-19,1,-0.00890308917539241,0.00659434655453458,0.00659434655453458,0.00818565089108085,0.0110821000534859,-0.00384022549331718,-0.00384022549331718,0.00852580766556552,-17.1994287393551,23.71736800321,6.47633166932056,11.2685420536386,6.47633166932056,11.2685420536386,-20.2746378067376,1.68581297393994,1.30104260698261e-18,3.58711333216311e-20,9.98371250336806e-19,0,0,0,-0.00890341594678861,0.00818599167466987,0.00659383141145556,0.011081958503288,0.00852556625629547,-0.00383992549913756,7.25722064063065e-13,1.19928271744587e-08,2.85248896975143e-12,4.49799456504903e-20,3.46944695195361e-18,9.46800348651294e-14
NC_k0004,-0.0335526315789474,-0.0335526315789474,0.182412071794576,29.3082045304861,-17.8436256938994,33.6033842001812,-20.4131085424685,-31.2751213121677,13.4853509935876,-33.5105638610626,18.6661725700001,1,640,-7.14066990723417,0.33518782382312,-2.24580908752561,-1.76507997065113,1.77393845445672e-19,-4.80118788582929e-19,0,-1.2791785690316e-18,-0.000871508626031425,-0.00181289779603836,1,-2.87943652425284e-21,1.65092993798255e-19,1,-0.00312662682058422,-0.00671160527592422,-0.00671160527592422,-0.0103971201687872,-0.012762173308884,0.000548361139259962,0.000548361139259962,-0.00859678335400792,1,0,0,1,-0.00312690089024912,-0.00671212962008641,-0.00671212962008641,-0.0103971102348057,-0.0127623005371726,0.000548403979973967,0.000548403979973967,-0.00859707329284163,3.48781503473538,-23.5063996500369,-7.87123724879838,-5.97776258444733,-7.87123724879838,-5.97776258444733,3.69254011941167,-0.43998345952495,1.73472347597681e-18,3.78352852913198e-19,-8.46253761181275e-20,0,0,0,-0.00312662682058422,-0.0103971201687872,-0.00671160527592423,-0.012762173308884,-0.00859678335400792,0.000548361139259962,5.25425168528969e-13,1.49432411552669e-08,4.9947320745334e-12,1.65092993798255e-19,5.20417042793042e-18,1.55201828746421e-14
NC_k0004,-0.0210526315789474,-0.0210526315789474,0.182505446580214,30.0146351014419,-19.0533171748012,32.4570964776526,-20.2664661703251,-31.7034871387438,15.1039682913265,-32.6951551494038,18.0818644131529,1,640,-4.56215058947355,0.218971890502382,-1.43324897066049,-1.0996497266933,-6.49674270544048e-19,2.24754898598008e-19,0,2.4584601898464e-18,-0.000873391108934341,-0.00181045391314466,1,-1.82556996781877e-20,1.04479948269737e-21,1,-0.00312662682058422,-0.00671160527592423,-0.00671160527592423,-0.0103971201687872,-0.012762173308884,0.000548361139259962,0.000548361139259962,-0.00859678335400792,1,0,0,1,-0.00312690089024912,-0.00671212962008641,-0.00671212962008641,-0.0103971102348057,-0.0127623005371726,0.000548403979973967,0.000548403979973967,-0.00859707329284163,3.31494674147628,-23.5665276112278,-7.7605884107529,-5.96173382141039,-7.7605884107529,-5.96173382141039,3.54844912660189,-0.630093231674575,1.73472347597681e-18,-1.33601487159562e-19,-4.98416830305253e-19,0,0,0,-0.00312662682058422,-0.0103971201687872,-0.00671160527592423,-0.012762173308884,-0.00859678335400792,0.000548361139259962,9.14236778710343e-13,1.14412607297245e-08,1.63784408297301e-12,1.82556996781877e-20,3.46944695195361e-18,6.38739389809968e-14
NC_k0004,-0.00855263157894737,-0.00855263157894737,0.182668553287273,30.5677676542707,-19.6882205048664,31.5233458973315,-20.0969037713275,-31.8620404817982,16.2344159621616,-32.1830584870035,17.4020233240657,1,640,-1.86423425737626,0.0915172256023869,-0.584996620485371,-0.442919175076749,7.91486114760139e-19,1.34375490509239e-19,0,-1.32730062834749e-18,-0.000874482193693043,-0.00180934412613284,1,1.44248861648116e-19,7.41851269476444e-20,1,-0.00312662682058422,-0.00671160527592423,-0.00671160527592423,-0.0103971201687872,-0.012762173308884,0.000548361139259962,0.000548361139259962,-0.00859678335400792,1,0,0,1,-0.00312690089024912,-0.00671212962008641,-0.00671212962008641,-0.0103971102348057,-0.0127623005371726,0.000548403979973967,0.000548403979973967,-0.00859707329284163,3.22253144639495,-23.6212531566655,-7.69876989209523,-5.95444589294549,-7.69876989209523,-5.95444589294549,3.47602915718147,-0.744705082416817,1.11130722679764e-18,-4.04330085427843e-19,-5.21051217239592e-19,0,0,0,-0.00312662682058422,-0.0103971201687872,-0.00671160527592423,-0.012762173308884,-0.00859678335400792,0.000548361139259962,3.08407731804e-12,5.81030808024802e-09,6.7722588191859e-13,1.44248861648116e-19,1.73472347597681e-18,1.39333576477747e-13
NC_k0004,0.00394736842105262,0.00394736842105262,0.182698651926979,31.2308127000504,-20.0164241156335,30.7920903565655,-19.8336084993684,-32.0619445373848,17.1177590994969,-31.9195324259914,16.5815028643922,1,640,0.860987255054763,-0.0424201744292548,0.270127136606423,0.204053549234202,1.2853857323482e-18,-4.61376530263702e-19,0,4.34157325027032e-19,-0.000874653606847633,-0.00180918477279667,1,2.20895711425446e-19,7.12701593211718e-20,1,-0.00312662682058422,-0.00671160527592423,-0.00671160527592423,-0.0103971201687872,-0.012762173308884,0.000548361139259962,0.000548361139259962,-0.00859678335400792,1,0,0,1,-0.00312690089024912,-0.00671212962008641,-0.00671212962008641,-0.0103971102348057,-0.0127623005371726,0.000548403979973967,0.000548403979973967,-0.00859707329284163,3.20825335596705,-23.6309317493531,-7.68893756460091,-5.95330233979616,-7.68893756460091,-5.95330233979616,3.46513364778985,-0.763236516219266,1.73472347597681e-18,-7.0257746366411e-19,-9.17263808145699e-19,0,0,0,-0.00312662682058422,-0.0103971201687872,-0.00671160527592423,-0.012762173308884,-0.00859678335400792,0.000548361139259962,4.31151049116095e-12,1.27298502110574e-08,7.05473903242696e-12,2.20895711425446e-19,3.46944695195361e-18,4.42087142896719e-14
NC_k0004,0.0164473684210526,0.0164473684210526,0.182574680942051,32.0904867209248,-20.2088664403557,30.217681014195,-19.3382419546391,-32.4723113903267,17.8467946368452,-31.7733685157125,15.5614527980228,1,640,3.57514645697976,-0.173301309016266,1.12260889882797,0.85604776529542,3.47574675949882e-19,-3.04137767623497e-19,0,-9.61567683590843e-19,-0.000873895684524199,-0.00180991693493385,1,2.39352509625254e-19,-4.35322409962728e-20,1,-0.00312662682058422,-0.00671160527592423,-0.00671160527592423,-0.0103971201687872,-0.012762173308884,0.000548361139259962,0.000548361139259962,-0.00859678335400792,1,0,0,1,-0.00312690089024912,-0.00671212962008641,-0.00671212962008641,-0.0103971102348057,-0.0127623005371726,0.000548403979973967,0.000548403979973967,-0.00859707329284163,3.27167967964904,-23.5904459863695,-7.73202818615661,-5.95831342917943,-7.73202818615661,-5.95831342917943,3.51414041352253,-0.682593432191654,1.30104260698261e-18,-3.85989300371807e-19,-4.2556850844211e-19,0,0,0,-0.00312662682058422,-0.0103971201687872,-0.00671160527592423,-0.012762173308884,-0.00859678335400792,0.000548361139259962,1.10551945639858e-12,1.18700310543769e-08,3.02381239414029e-12,2.39352509625254e-19,1.73472347597681e-18,2.11312159531964e-14
NC_k0004,0.0289473684210526,0.0289473684210526,0.182407749118245,33.1588303492569,-20.3593617412162,29.6098625805811,-18.3751564166909,-33.1741703177344,18.459047754376,-31.4893986901856,14.1583113395074,1,640,6.21587984009766,-0.293445674566108,1.95440327462538,1.52053911000807,-2.10712680519308e-19,2.00705780340887e-18,0,-2.42423476482141e-19,-0.000872274299609652,-0.00181180434438281,1,1.00043079252657e-19,-7.57834108085159e-21,1,-0.00312662682058422,-0.00671160527592423,-0.00671160527592423,-0.0103971201687872,-0.012762173308884,0.000548361139259962,0.000548361139259962,-0.00859678335400792,1,0,0,1,-0.00312690089024912,-0.00671212962008641,-0.00671212962008641,-0.0103971102348057,-0.0127623005371726,0.000548403979973967,0.000548403979973967,-0.00859707329284163,3.41470957309185,-23.5240919083669,-7.82473517179133,-5.97019150481755,-7.82473517179133,-5.97019150481755,3.63026257424206,-0.51656149855858,1.30104260698261e-18,-6.897273256426e-19,-5.60303935007661e-19,0,0,0,-0.00312662682058422,-0.0103971201687872,-0.00671160527592423,-0.012762173308884,-0.00859678335400792,0.000548361139259962,4.75006386673167e-13,1.15147016841906e-08,6.06775773755253e-12,1.00043079252657e-19,3.46944695195361e-18,6.08649045883165e-16
NC_k0005,-0.0335526315789474,-0.0335526315789474,0.739673330089676,51.1264285438162,86.3245261697943,66.3406860994426,116.771136401808,-46.7390415075449,-100.257098325768,-69.8776140942881,-100.90214754955,1,640,18.770307853436,-5.10595092947777,4.50923778490628,1.27675679148469,-9.34489099058307e-19,1.98621285197253e-18,0,5.8418803580945e-19,0.000433513825729972,8.60182943605911e-05,1,2.04074312479619e-19,-9.098931726577e-20,1,0.00652234756030477,0.0163762563016297,0.0163762563016297,0.00029009458314486,0.00265900651085749,-0.0060236689931776,-0.0060236689931776,-0.00677038796632783,1,-5.42101086242752e-20,6.7762635780344e-21,1,0.00652229236436911,0.0163775356966533,0.0163775356966533,0.000290282834591122,0.00265878219278708,-0.0060241395923177,-0.0060241395923177,-0.00677024394867647,9.73346871770068,52.3303008826019,16.0477225549985,-7.92881932405549,16.0477225549985,-7.92881932405549,-17.689085689407,-14.9771163490704,2.60208521396521e-18,-1.02978491282814e-18,2.76778912150252e-19,0,0,0,0.00652234756030476,0.000290094583144854,0.0163762563016298,0.00265900651085749,-0.00677038796632783,-0.00602366899317761,1.82837779780637e-13,2.19445416585727e-08,1.46959142152442e-12,2.04074312479619e-19,6.93889390390723e-18,3.55728463001717e-14
NC_k0005,-0.0210526315789474,-0.0210526315789474,0.7385542435573,55.2363399671732,92.0002170386462,65.2273758351703,111.645320172346,-52.3462714000152,-101.105272949048,-67.2066117999886,-100.61905517997,1,640,11.9439596400168,-3.133446560698,2.9074693161752,0.789332700128208,-1.65068192574142e-18,-3.36563247635576e-19,0,-1.94355680214439e-18,0.000434394982426805,8.57055154526485e-05,1,4.65390104711459e-20,-1.70172605946213e-19,1,0.00652234756030477,0.0163762563016297,0.0163762563016297,0.000290094583144858,0.00265900651085749,-0.0060236689931776,-0.0060236689931776,-0.00677038796632783,1,-5.42101086242752e-20,6.7762635780344e-21,1,0.00652229236436911,0.0163775356966533,0.0163775356966533,0.000290282834591122,0.00265878219278708,-0.0060241395923177,-0.0060241395923177,-0.00677024394867647,9.94329953970782,52.425178147032,15.8088335293679,-7.76461229627467,15.8088335293679,-7.76461229627467,-17.7014835928832,-15.0145750350013,3.03576608295941e-18,-4.79728372295867e-19,-1.2699453466349e-19,0,0,0,0.00652234756030476,0.000290094583144854,0.0163762563016298,0.00265900651085749,-0.00677038796632783,-0.00602366899317761,3.81775235698471e-13,1.16714943580376e-08,1.42875505309901e-12,1.70172605946213e-19,6.93889390390723e-18,6.91489617428418e-15
NC_k0005,-0.00855263157894737,-0.00855263157894737,0.738241943910248,59.1294201314242,97.9114391791798,63.2659264614668,106.001495362886,-57.6832859651004,-101.197892809039,-63.7681733827261,-100.802570229242,1,640,4.87335566111501,-1.25450160168683,1.19422183961131,0.316800329690293,-1.11556886131352e-18,3.41804263996712e-19,0,-2.79039122605168e-18,0.000434751227568506,8.59086454323332e-05,1,-2.71056542353975e-19,-1.22696739902708e-19,1,0.00652234756030477,0.0163762563016297,0.0163762563016297,0.000290094583144858,0.00265900651085749,-0.0060236689931776,-0.0060236689931776,-0.00677038796632782,1,-5.42101086242752e-20,6.7762635780344e-21,1,0.00652229236436911,0.0163775356966533,0.0163775356966533,0.000290282834591122,0.00265878219278708,-0.0060241395923177,-0.0060241395923177,-0.00677024394867647,10.0554911946831,52.5172768432094,15.6751046031589,-7.6742037406884,15.6751046031589,-7.6742037406884,-17.7197628996956,-15.0277580077028,3.90312782094782e-18,-5.51095345216202e-19,-3.15411635582227e-19,0,0,0,0.00652234756030476,0.000290094583144854,0.0163762563016298,0.00265900651085749,-0.00677038796632783,-0.00602366899317761,1.47474835380994e-12,5.86573196867898e-09,1.49884061301954e-12,2.71056542353975e-19,1.04083408558608e-17,2.27085006617803e-14
NC_k0005,0.00394736842105262,0.00394736842105262,0.738202484833965,62.3129990938614,103.844919416988,60.3990525134417,100.103767948638,-62.2869052425366,-100.920906738409,-59.4758735694587,-101.117053426541,1,640,-2.25035724044414,0.577647632062206,-0.551994170766022,-0.14581413882703,-3.02009597343521e-18,4.83655812882205e-19,0,-1.038912379587e-18,0.000434796920723609,8.59642851126568e-05,1,-2.53353742818862e-19,-4.32053648627118e-20,1,0.00652234756030477,0.0163762563016297,0.0163762563016297,0.000290094583144858,0.00265900651085749,-0.0060236689931776,-0.0060236689931776,-0.00677038796632782,1,-5.42101086242752e-20,6.7762635780344e-21,1,0.00652229236436911,0.0163775356966533,0.0163775356966533,0.000290282834591122,0.00265878219278708,-0.0060241395923177,-0.0060241395923177,-0.00677024394867647,10.0726179253332,52.5335490903212,15.6538577388563,-7.65999702599663,15.6538577388563,-7.65999702599663,-17.7231245519245,-15.0290181444413,3.03576608295941e-18,-4.11157406112728e-19,-3.68848211489879e-19,0,0,0,0.00652234756030476,0.000290094583144854,0.0163762563016298,0.00265900651085749,-0.00677038796632783,-0.00602366899317761,4.38906329323528e-12,1.22007576315736e-08,2.77536116378753e-12,2.53353742818862e-19,6.93889390390723e-18,2.31609008781282e-14
NC_k0005,0.0164473684210526,0.0164473684210526,0.738395609536629,64.6100564950799,109.612484714042,56.7321394052191,94.1665537878526,-66.0371027542047,-100.652178964056,-54.3800948389007,-101.210654410826,1,640,-9.352798502939,2.43185727472624,-2.28391060531025,-0.61335302071093,-6.50738355684037e-18,7.87211245354465e-19,0,-4.53828341738033e-18,0.000434571090269727,8.57679823835144e-05,1,-4.29351213623606e-19,-6.81037509609015e-20,1,0.00652234756030477,0.0163762563016297,0.0163762563016297,0.000290094583144859,0.00265900651085748,-0.0060236689931776,-0.0060236689931776,-0.00677038796632783,1,-5.42101086242752e-20,6.7762635780344e-21,1,0.00652229236436911,0.0163775356966533,0.0163775356966533,0.000290282834591122,0.00265878219278708,-0.0060241395923177,-0.0060241395923177,-0.00677024394867647,9.99608879911164,52.465463146526,15.747025452607,-7.72261516034089,15.747025452607,-7.72261516034089,-17.7093245508954,-15.0217845313067,3.03576608295941e-18,-1.00499351833246e-18,1.50155562130518e-19,0,0,0,0.00652234756030476,0.000290094583144854,0.0163762563016298,0.00265900651085749,-0.00677038796632783,-0.00602366899317761,6.97035181347095e-13,8.96140017891281e-09,4.27266830228072e-13,4.29351213623606e-19,8.67361737988404e-18,8.57029911693898e-15
NC_k0005,0.0289473684210526,0.0289473684210526,0.73907431747802,66.0136836479932,114.957880768112,52.6163840850516,88.3643257437571,-68.971311918536,-100.72001877081,-48.7839339405453,-100.670817521812,1,640,-16.3078227296682,4.36885314912134,-3.93985996158048,-1.09619580767482,-2.00646223336783e-18,-2.58255051661916e-18,0,1.07623476882539e-18,0.000433926051551867,8.57675873847057e-05,1,-9.57982111045552e-20,1.27809868087861e-20,1,0.00652234756030477,0.0163762563016297,0.0163762563016297,0.00029009458314486,0.00265900651085749,-0.0060236689931776,-0.0060236689931776,-0.00677038796632782,1,-5.42101086242752e-20,6.7762635780344e-21,1,0.00652229236436911,0.0163775356966533,0.0163775356966533,0.000290282834591122,0.00265878219278708,-0.0060241395923177,-0.0060241395923177,-0.00677024394867647,9.82138751205896,52.3554633626705,15.9476205281044,-7.85993376288733,15.9476205281044,-7.85993376288733,-17.6899103937012,-14.99364863176,3.46944695195361e-18,-9.94275417881792e-19,-3.65552800459565e-19,0,0,0,0.00652234756030476,0.000290094583144854,0.0163762563016298,0.00265900651085749,-0.00677038796632783,-0.00602366899317761,3.80045154733759e-13,1.28243244036784e-08,2.13933883561143e-12,9.57982111045552e-20,1.04083408558608e-17,1.6073331304524e-14
NC_k0006,-0.0335526315789474,-0.0335526315789474,0.274183864427358,-93.3489431511023,-87.4224224760689,-74.1345054816427,-106.431366701061,80.3269377218427,94.3122637355154,86.5132217751333,101.807911179718,1,640,9.42719633502042,3.15662373808662,4.15266062412537,-0.566397855958544,-1.66494913694673e-19,9.01520988564393e-19,0,-6.14853275478016e-19,0.000141661291531638,-0.000142843580851491,1,-1.93894507649963e-20,1.39768571854189e-19,1,-0.00398200939445783,0.0075474266198202,0.0075474266198202,0.00927323019774596,-0.0149178558947045,0.000283080721679624,0.000283080721679624,0.0043086651193074,1,0,-2.16840434497101e-19,1,-0.00398169883098139,0.00754801626252488,0.00754801626252488,0.00927302297842583,-0.0149175839820946,0.000283102837361006,0.000283102837361005,0.00430818599594019,-12.3498412065211,32.6769845478354,-11.6406313342104,10.8185787615606,-11.6406313342104,10.8185787615606,-3.80744623871539,14.9603312467879,1.51788304147971e-18,-5.47680245883386e-19,4.44993895979582e-19,0,0,0,-0.00398200939445784,0.00927323019774596,0.00754742661982021,-0.0149178558947045,0.00430866511930741,0.000283080721679624,1.60494370138297e-13,2.20480525793074e-08,2.43485170153292e-13,1.39768571854189e-19,5.20417042793042e-18,8.50330254328486e-15
NC_k0006,-0.0210526315789474,-0.0210526315789474,0.272885586574385,-88.8387257594951,-90.803779949012,-75.9801852773822,-102.953299207629,79.9324883596621,95.588727900612,84.2451861396511,100.46441804839,1,640,6.07788587529219,2.0483206312382,2.68164814715498,-0.37055333252954,1.33033803555678e-18,3.19606045078239e-19,0,-9.19990277281477e-19,0.000144058706671848,-0.000145658251260885,1,-3.58770593885914e-20,-5.20486868856643e-20,1,-0.00398200939445783,0.0075474266198202,0.0075474266198202,0.00927323019774596,-0.0149178558947045,0.000283080721679624,0.000283080721679624,0.00430866511930741,1,0,-2.16840434497101e-19,1,-0.00398169883098139,0.00754801626252488,0.00754801626252488,0.00927302297842583,-0.0149175839820946,0.000283102837361006,0.000283102837361005,0.00430818599594019,-12.2741268166443,32.6483561548595,-11.5093968445293,10.7147016337885,-11.5093968445293,10.7147016337885,-3.76080503738594,14.9296367894766,1.73472347597681e-18,-4.89440881670361e-19,4.47364600409432e-19,0,0,0,-0.00398200939445784,0.00927323019774596,0.00754742661982021,-0.0149178558947045,0.00430866511930741,0.000283080721679624,5.40855722049009e-13,1.85575392752075e-08,7.45348709514305e-13,5.20486868856643e-20,8.67361737988404e-18,1.38327506817462e-14
NC_k0006,-0.00855263157894737,-0.00855263157894737,0.272368361505688,-84.3511516222784,-94.4588687489575,-78.9595411337994,-99.4311587370635,80.4076885592673,97.0951122087843,82.2614259565676,99.1076889591068,1,640,2.49661997052697,0.846206630216015,1.10313277824518,-0.153944090789997,-9.88480832000868e-19,3.93225119595458e-19,0,-1.34017321304004e-18,0.000145406943039604,-0.00014707308147204,1,-5.94014065188761e-20,6.48519971794793e-20,1,-0.00398200939445784,0.0075474266198202,0.0075474266198202,0.00927323019774596,-0.0149178558947045,0.000283080721679624,0.000283080721679624,0.0043086651193074,1,0,-2.16840434497101e-19,1,-0.00398169883098139,0.00754801626252488,0.00754801626252488,0.00927302297842583,-0.0149175839820946,0.000283102837361006,0.000283102837361005,0.00430818599594019,-12.2396105664726,32.6668396222214,-11.4425127640251,10.6587949472186,-11.4425127640251,10.6587949472186,-3.7428610820599,14.926302911096,1.30104260698261e-18,2.43039337458165e-19,1.03645414052869e-19,0,0,0,-0.00398200939445784,0.00927323019774596,0.00754742661982021,-0.0149178558947045,0.00430866511930741,0.000283080721679624,7.99108714503432e-13,1.26518795801523e-08,1.80063303329731e-12,6.48519971794793e-20,3.46944695195361e-18,5.09522755546798e-15
NC_k0006,0.00394736842105262,0.00394736842105262,0.272296963675336,-80.2851903689556,-98.1086742428673,-82.7851171978961,-95.8116392173951,81.6457642869433,98.5834048206838,80.7830010508376,97.6521916973949,1,640,-1.15392718020461,-0.391600560912445,-0.510024154568625,0.0713024757137559,-1.1574506700883e-18,5.28429445078476e-19,0,-1.97775244866734e-18,0.000145616134860447,-0.000147283033755913,1,-1.16898697205553e-19,3.65807160795163e-20,1,-0.00398200939445784,0.0075474266198202,0.0075474266198202,0.00927323019774595,-0.0149178558947045,0.000283080721679624,0.000283080721679624,0.0043086651193074,1,0,-2.16840434497101e-19,1,-0.00398169883098139,0.00754801626252488,0.00754801626252488,0.00927302297842583,-0.0149175839820946,0.000283102837361006,0.000283102837361005,0.00430818599594019,-12.2344917368077,32.6715568572604,-11.4322783132159,10.6500014187317,-11.4322783132159,10.6500014187317,-3.74053109086163,14.9264866390955,1.30104260698261e-18,4.85395006376809e-19,3.0280148730154e-19,0,0,0,-0.00398200939445784,0.00927323019774596,0.00754742661982021,-0.0149178558947045,0.00430866511930741,0.000283080721679624,4.52150984371544e-12,1.63345671604167e-08,1.3053427448148e-12,1.16898697205553e-19,6.93889390390723e-18,4.01609208011463e-14
NC_k0006,0.0164473684210526,0.0164473684210526,0.272630993440076,-76.962327355067,-101.665974792558,-87.1602735651447,-92.1394582250796,83.4701176483947,99.9738691122464,80.0108254231287,96.134781708184,1,640,-4.77447634557462,-1.61304650197478,-2.10788253969131,0.292463192602806,-1.2369857403465e-18,8.67831576576334e-19,0,-4.67393442039413e-19,0.000144685835167599,-0.000146332149040835,1,-1.80366392120978e-19,-1.70654044181592e-20,1,-0.00398200939445784,0.0075474266198202,0.0075474266198202,0.00927323019774596,-0.0149178558947045,0.000283080721679624,0.000283080721679624,0.0043086651193074,1,0,-2.16840434497101e-19,1,-0.00398169883098139,0.00754801626252488,0.00754801626252488,0.00927302297842583,-0.0149175839820946,0.000283102837361006,0.000283102837361005,0.00430818599594019,-12.2576142582448,32.6543829688864,-11.4779214400823,10.6887029697248,-11.4779214400823,10.6887029697248,-3.75175677762121,14.9270731692458,1.0842021724855e-18,-8.43579068681185e-20,2.72129442985984e-19,0,0,0,-0.00398200939445784,0.00927323019774596,0.00754742661982021,-0.0149178558947045,0.00430866511930741,0.000283080721679624,5.69752211142051e-13,2.43624274408818e-08,1.5452280324794e-12,1.80366392120978e-19,3.46944695195361e-18,1.52709576039433e-14
NC_k0006,0.0289473684210526,0.0289473684210526,0.27357264600007,-74.6640510341604,-105.147276474744,-91.7106213191929,-88.6060271379787,85.6562114048602,101.301139317494,80.075879828119,94.7309814025538,1,640,-8.23621900971457,-2.76317606607829,-3.62980037501164,0.497353553986933,-8.37493900430339e-19,-1.12059811943784e-19,0,5.8363713352149e-19,0.0001426471636875,-0.000144046741922039,1,-9.86847892878218e-22,2.42498236161094e-20,1,-0.00398200939445784,0.0075474266198202,0.0075474266198202,0.00927323019774596,-0.0149178558947045,0.000283080721679624,0.000283080721679624,0.0043086651193074,1,0,-2.16840434497101e-19,1,-0.00398169883098139,0.00754801626252488,0.00754801626252488,0.00927302297842583,-0.0149175839820946,0.000283102837361006,0.000283102837361005,0.00430818599594019,-12.315474254073,32.6537293717048,-11.5838523840911,10.7742879522083,-11.5838523840911,10.7742879522083,-3.7857579456193,14.943048083994,1.30104260698261e-18,2.23048155337551e-19,2.73371754575961e-19,0,0,0,-0.00398200939445784,0.00927323019774596,0.00754742661982021,-0.0149178558947045,0.00430866511930741,0.000283080721679624,3.12892321309122e-13,1.82940504804512e-08,2.4894830446077e-12,2.42498236161094e-20,3.46944695195361e-18,4.66697419126693e-15
NC_k0007,-0.0335526315789474,-0.0335526315789474,0.206074954462198,-51.7885809011083,72.2975054722894,-80.1454923106023,115.520760534504,51.1387149590968,-77.8732848093524,82.4705468577343,-114.55191237056,1,640,-9.25090985988217,-6.98866070513631,-5.35905828645608,5.32877496763005,-3.5660087079406e-19,-6.4408914704809e-19,0,4.8746746114485e-19,0.0010088590905675,-0.000918601385851396,1,-9.61921317131894e-20,-3.15132566811992e-21,1,0.00182057138377452,-0.00383757236604354,-0.00383757236604354,0.0157517137559357,0.00454043346890259,-0.00171840194232206,-0.00171840194232206,-0.0105011252064776,1,0,2.71050543121376e-20,1,0.00182101508074604,-0.00383787217638464,-0.00383787217638464,0.0157516132676583,0.00454008147857947,-0.0017185361924738,-0.0017185361924738,-0.010500889635915,-8.83841062545239,-19.9394881576941,9.51886940971019,10.9799684744206,9.51886940971019,10.9799684744206,-9.64602437614711,-16.6048993346355,1.30104260698261e-18,3.96645136888655e-19,-6.73962070619411e-19,0,0,0,0.00182057138377452,0.0157517137559357,-0.00383757236604354,0.00454043346890259,-0.0105011252064776,-0.00171840194232206,5.16628974749004e-13,5.22126752279759e-09,3.08554563703168e-12,9.61921317131894e-20,5.20417042793042e-18,3.43451333057734e-14
NC_k0007,-0.0210526315789474,-0.0210526315789474,0.204804544488074,-57.9399508701418,81.0313730202884,-75.906780436273,108.286165988388,57.9009978263967,-85.3387522997282,77.5875647351847,-108.595723187527,1,640,-6.00706730532314,-4.49223840994301,-3.46477088603783,3.37729344178804,7.51768210467793e-19,-8.35095076653935e-19,0,8.73886538660222e-19,0.00100793822039752,-0.000913858703008177,1,-2.6576537440328e-21,-5.25061667959546e-20,1,0.00182057138377452,-0.00383757236604354,-0.00383757236604354,0.0157517137559357,0.00454043346890259,-0.00171840194232206,-0.00171840194232206,-0.0105011252064776,1,0,2.71050543121376e-20,1,0.00182101508074604,-0.00383787217638464,-0.00383787217638464,0.0157516132676583,0.00454008147857947,-0.0017185361924738,-0.0017185361924738,-0.010500889635915,-8.693511711271,-19.8252102194221,9.42782509150867,10.7971525716213,9.42782509150867,10.7971525716213,-9.70044719618341,-16.6210797541835,1.51788304147971e-18,-2.42995955421707e-19,5.47125468323014e-19,0,0,0,0.00182057138377452,0.0157517137559357,-0.00383757236604354,0.00454043346890259,-0.0105011252064776,-0.00171840194232206,9.33116564510669e-13,1.4367760955197e-08,2.29499608137075e-13,5.25061667959546e-20,4.77048955893622e-18,8.56500710612844e-14
NC_k0007,-0.00855263157894737,-0.00855263157894737,0.204276574021772,-63.8232968882073,89.5743988717754,-71.1498741226586,100.655521706318,64.3056500982484,-92.6844449193575,72.2924286677793,-102.167599816733,1,640,-2.4810408486017,-1.84675914900812,-1.42817399921124,1.37664364204353,9.35058199319743e-19,-9.32742093604595e-19,0,-4.26825196077362e-19,0.00100743195381665,-0.000911340802718271,1,-1.3355738471101e-20,2.79007316931488e-20,1,0.00182057138377452,-0.00383757236604354,-0.00383757236604354,0.0157517137559357,0.00454043346890259,-0.00171840194232206,-0.00171840194232206,-0.0105011252064776,1,0,2.71050543121376e-20,1,0.00182101508074604,-0.00383787217638464,-0.00383787217638464,0.0157516132676583,0.00454008147857947,-0.0017185361924738,-0.0017185361924738,-0.010500889635915,-8.61714865433715,-19.7892445871454,9.38363482292219,10.7010460100145,9.38363482292219,10.7010460100145,-9.73917216243646,-16.6454830672328,1.51788304147971e-18,3.58765109567785e-19,-4.35923158680513e-19,0,0,0,0.00182057138377452,0.0157517137559357,-0.00383757236604354,0.00454043346890259,-0.0105011252064776,-0.00171840194232206,1.47293427672333e-12,9.6017137043421e-09,1.99028952989492e-12,2.79007316931488e-20,3.46944695195361e-18,3.28811530697902e-14
NC_k0007,0.00394736842105262,0.00394736842105262,0.204202748136993,-69.2677098071326,97.7450006644836,-65.8845710137015,92.6305179251546,70.2297665487476,-99.6885623014578,66.544636088622,-95.3094650304007,1,640,1.14786477262988,0.853867556977414,0.660571668770402,-0.635646310063483,-3.21938694405638e-19,8.08327512031719e-19,0,-1.55462309556686e-18,0.00100735270603594,-0.000910957124496127,1,-9.46833002100464e-21,4.0825569237832e-20,1,0.00182057138377451,-0.00383757236604354,-0.00383757236604354,0.0157517137559357,0.0045404334689026,-0.00171840194232206,-0.00171840194232206,-0.0105011252064776,1,0,2.71050543121376e-20,1,0.00182101508074604,-0.00383787217638464,-0.00383787217638464,0.0157516132676583,0.00454008147857947,-0.0017185361924738,-0.0017185361924738,-0.010500889635915,-8.60536143413379,-19.7851951376339,9.3769938065534,10.686201003081,9.3769938065534,10.686201003081,-9.74567755130262,-16.6500772680859,1.02999206386123e-18,1.26374748326034e-18,-6.40844499015186e-19,0,0,0,0.00182057138377452,0.0157517137559357,-0.00383757236604354,0.00454043346890259,-0.0105011252064776,-0.00171840194232206,4.54036056229625e-12,1.17644825098523e-08,1.74887654987894e-12,4.0825569237832e-20,6.93889390390723e-18,2.21552298714041e-14
NC_k0007,0.0164473684210526,0.0164473684210526,0.204546397689598,-74.2150461224217,105.521054530835,-60.1516782903062,84.2173557287772,75.6868785947323,-106.280441893229,60.3137855269041,-88.0763112944935,1,640,4.73031661195152,3.52949045123224,2.72573633085069,-2.64312884777808,2.52987565521178e-18,-4.58310998913581e-19,0,3.20178454062126e-19,0.00100770411443761,-0.000912674900339111,1,4.39113263739155e-20,3.38568284313773e-20,1,0.00182057138377452,-0.00383757236604354,-0.00383757236604354,0.0157517137559357,0.00454043346890259,-0.00171840194232206,-0.00171840194232206,-0.0105011252064776,1,0,2.71050543121376e-20,1,0.00182101508074604,-0.00383787217638464,-0.00383787217638464,0.0157516132676583,0.00454008147857947,-0.0017185361924738,-0.0017185361924738,-0.010500889635915,-8.65772520956546,-19.8062808109079,9.40685973631567,10.7521381995393,9.40685973631567,10.7521381995393,-9.71782919240254,-16.6313418004968,1.0842021724855e-18,2.79630409696995e-19,-7.8960225178699e-20,0,0,0,0.00182057138377452,0.0157517137559357,-0.00383757236604354,0.00454043346890259,-0.0105011252064776,-0.00171840194232206,1.11071200360276e-12,6.88944393693274e-09,2.9538696434279e-12,4.39113263739155e-20,2.16840434497101e-18,2.38820207225732e-14
NC_k0007,0.0289473684210526,0.0289473684210526,0.205486032692326,-78.6404970154879,112.902119613588,-54.0665711996619,75.5098268862243,80.7170209582584,-112.41281338837,53.6508210033126,-80.6111714093151,1,640,8.10208426697822,6.09306997832211,4.68440090094914,-4.61998732219999,6.92813393849914e-19,-5.83790989115425e-19,0,2.69430592609752e-18,0.0010084622101605,-0.000916601683644914,1,-1.23458694769244e-19,1.63542991826487e-20,1,0.00182057138377451,-0.00383757236604354,-0.00383757236604354,0.0157517137559357,0.0045404334689026,-0.00171840194232206,-0.00171840194232206,-0.0105011252064776,1,0,2.71050543121376e-20,1,0.00182101508074604,-0.00383787217638464,-0.00383787217638464,0.0157516132676583,0.00454008147857947,-0.0017185361924738,-0.0017185361924738,-0.010500889635915,-8.77657706259164,-19.8833925659141,9.47866706914476,10.9018054668466,9.47866706914476,10.9018054668466,-9.66591608562748,-16.6064049836601,8.67361737988404e-19,9.86977360830319e-19,-1.13361894859428e-18,0,0,0,0.00182057138377452,0.0157517137559357,-0.00383757236604354,0.00454043346890259,-0.0105011252064776,-0.00171840194232206,4.10649439151978e-13,1.14784518506366e-08,3.05898016915869e-12,1.23458694769244e-19,6.93889390390723e-18,5.57850700559213e-14
NC_k0008,-0.0335526315789474,-0.0335526315789474,0.348281580911689,29.262324783871,120.740355645606,15.2537455957455,153.85564458226,-28.558346748374,-137.937714643194,-14.5047165401693,-139.803838125899,1,640,-3.58649383184258,7.07985600694716,1.15280951778451,3.64225375997316,-1.10101048253258e-19,8.92256152113493e-19,0,-1.65609499566997e-18,-0.000152633170274121,-0.000287654480829594,1,5.27513848173274e-21,-1.72438566697499e-19,1,-0.000324640517658471,-0.00270771985033661,-0.00270771985033661,-0.00777483302139315,0.0130076576265531,0.00866451467893541,0.00866451467893541,-0.00937239892902189,1,-2.16840434497101e-19,0,1,-0.000324865125652089,-0.00270793139094992,-0.00270793139094992,-0.00777476660624209,0.0130072560166467,0.0086651915941447,0.0086651915941447,-0.00937192631796906,3.14355830742835,-17.932355551107,16.3430345175636,-1.58265311915175,16.3430345175636,-1.58265311915175,32.1412715358722,-21.7249803948629,1.51788304147971e-18,9.82687192183092e-20,1.58508272937125e-19,0,0,0,-0.000324640517658471,-0.00777483302139315,-0.00270771985033662,0.0130076576265531,-0.00937239892902188,0.00866451467893541,2.72355164748673e-13,1.28672121886538e-08,8.55153845112204e-13,1.72438566697499e-19,5.20417042793042e-18,2.50235763846419e-14
NC_k0008,-0.0210526315789474,-0.0210526315789474,0.346690712618929,25.9416953418996,125.508031378082,17.4053557590034,146.865719625345,-25.3810254288729,-137.570976309456,-16.5113964025018,-137.955559023942,1,640,-2.28559624870915,4.54020142506559,0.74401970819762,2.29401732135877,-1.73263898083317e-18,-5.69788475706127e-19,0,5.37932095955485e-19,-0.000154526776094134,-0.00028280760819779,1,1.84405605902295e-20,1.46916784792988e-19,1,-0.000324640517658473,-0.00270771985033661,-0.00270771985033661,-0.00777483302139315,0.0130076576265531,0.00866451467893541,0.00866451467893541,-0.00937239892902188,1,-2.16840434497101e-19,0,1,-0.000324865125652089,-0.00270793139094992,-0.00270793139094992,-0.00777476660624209,0.0130072560166467,0.0086651915941447,0.0086651915941447,-0.00937192631796906,3.14923094180007,-17.8616194621906,16.179562499797,-1.60214380986874,16.179562499797,-1.60214380986874,32.1136984628694,-21.6131247300556,1.73472347597681e-18,2.09996238476276e-19,-2.30520907779874e-20,0,0,0,-0.000324640517658471,-0.00777483302139315,-0.00270771985033662,0.0130076576265531,-0.00937239892902188,0.00866451467893541,4.1511695851169e-13,1.57858955889213e-08,8.66683295882079e-13,1.46916784792988e-19,3.46944695195361e-18,6.08445415469322e-15
NC_k0008,-0.00855263157894737,-0.00855263157894737,0.346082523532459,23.1204744623209,131.161238755163,19.7158096724197,139.961998601746,-22.4956735933878,-137.150531721751,-18.8840861179774,-137.130330688025,1,640,-0.934602660797086,1.85675432117873,0.304310047925958,0.931686984942553,5.96463396099737e-19,-2.83459575798652e-18,0,1.8905643033818e-18,-0.000155411423868707,-0.000280192556583932,1,7.79856942845624e-20,1.71906361432195e-19,1,-0.000324640517658472,-0.00270771985033661,-0.00270771985033661,-0.00777483302139315,0.0130076576265531,0.00866451467893541,0.00866451467893541,-0.00937239892902188,1,-2.16840434497101e-19,0,1,-0.000324865125652089,-0.00270793139094992,-0.00270793139094992,-0.00777476660624209,0.0130072560166467,0.0086651915941447,0.0086651915941447,-0.00937192631796906,3.16062607594951,-17.8468908521692,16.0947599398507,-1.61497533645078,16.0947599398507,-1.61497533645078,32.1287166444669,-21.5685207064233,1.51788304147971e-18,-4.86152327245098e-20,-3.90090028600387e-19,0,0,0,-0.000324640517658471,-0.00777483302139315,-0.00270771985033662,0.0130076576265531,-0.00937239892902188,0.00866451467893541,1.35707893497166e-12,9.41017428256286e-09,1.26343846567727e-12,1.71906361432195e-19,3.46944695195361e-18,3.8174866093174e-14
NC_k0008,0.00394736842105262,0.00394736842105262,0.346000071777566,20.5990759328211,137.496546727892,22.1655409018311,133.426380043211,-19.8201693589366,-137.029850931937,-21.487633134417,-137.051188133832,1,640,0.431659236921955,-0.857472772010288,-0.140518466579154,-0.429884749053484,4.44017317928664e-19,-1.12371493598594e-18,0,-1.49653516423094e-18,-0.00015553658948265,-0.00027979116766486,1,1.18987333815122e-19,3.08112496460441e-20,1,-0.000324640517658469,-0.00270771985033661,-0.00270771985033661,-0.00777483302139314,0.0130076576265531,0.00866451467893541,0.00866451467893541,-0.00937239892902188,1,-2.16840434497101e-19,0,1,-0.000324865125652089,-0.00270793139094992,-0.00270793139094992,-0.00777476660624209,0.0130072560166467,0.0086651915941447,0.0086651915941447,-0.00937192631796906,3.16292662117118,-17.8460095636981,16.0816349016218,-1.61710070830696,16.0816349016218,-1.61710070830696,32.132549687931,-21.5623425515918,1.95156391047391e-18,-6.02568069361177e-19,-2.97335955510542e-19,0,0,0,-0.000324640517658471,-0.00777483302139315,-0.00270771985033662,0.0130076576265531,-0.00937239892902188,0.00866451467893541,3.44814499601978e-12,1.06518796883368e-08,1.78849227392018e-12,1.18987333815122e-19,5.20417042793042e-18,1.36371296988929e-14
NC_k0008,0.0164473684210526,0.0164473684210526,0.346389210714314,18.2418972989174,144.297516949445,24.8550608905602,127.500295270898,-17.3523023656876,-137.547537211469,-24.2893306939303,-137.40475453037,1,640,1.79134500416361,-3.55955959879026,-0.583510816226793,-1.79227916735239,6.40376760458952e-19,1.7923614210595e-18,0,-4.12134468398421e-20,-0.000154954721205266,-0.000281581092602438,1,6.38457255919047e-20,3.14366548393923e-20,1,-0.000324640517658471,-0.00270771985033661,-0.00270771985033661,-0.00777483302139315,0.0130076576265531,0.00866451467893541,0.00866451467893541,-0.00937239892902188,1,-2.16840434497101e-19,0,1,-0.000324865125652089,-0.00270793139094992,-0.00270793139094992,-0.00777476660624209,0.0130072560166467,0.0086651915941447,0.0086651915941447,-0.00937192631796906,3.15378765232119,-17.8527787996853,16.139854845259,-1.60792778709457,16.139854845259,-1.60792778709457,32.1185504456072,-21.5911993798423,1.0842021724855e-18,2.00061654315338e-19,-3.48537117927317e-19,0,0,0,-0.000324640517658471,-0.00777483302139315,-0.00270771985033662,0.0130076576265531,-0.00937239892902188,0.00866451467893541,4.75583571777748e-13,1.43245669504496e-08,1.01071957919971e-12,6.38457255919047e-20,3.46944695195361e-18,7.53205939206035e-15
NC_k0008,0.0289473684210526,0.0289473684210526,0.34752296683524,16.0211697707989,151.2869833496,27.968668946342,122.375789279943,-15.1889394892592,-138.985642833958,-27.3483111088772,-137.826046217207,1,640,3.11662010038244,-6.17491407416604,-1.00923701134858,-3.14982322279677,4.01348033210729e-20,3.35126848501878e-19,0,-7.47135999037496e-19,-0.000153469546068463,-0.000285628397207789,1,5.76224672271569e-20,-6.76222283966811e-20,1,-0.00032464051765847,-0.00270771985033661,-0.00270771985033661,-0.00777483302139314,0.0130076576265531,0.00866451467893541,0.00866451467893541,-0.00937239892902188,1,-2.16840434497101e-19,0,1,-0.000324865125652089,-0.00270793139094992,-0.00270793139094992,-0.00777476660624209,0.0130072560166467,0.0086651915941447,0.0086651915941447,-0.00937192631796906,3.14362635065404,-17.8953811290129,16.2724740149554,-1.59025118840478,16.2724740149554,-1.59025118840478,32.119389116097,-21.6722772174335,1.73472347597681e-18,-2.57653208396564e-19,-4.55075645880483e-19,0,0,0,-0.000324640517658471,-0.00777483302139315,-0.00270771985033662,0.0130076576265531,-0.00937239892902188,0.00866451467893541,6.0181218125326e-13,1.08774255833598e-08,8.86209317559204e-13,6.76222283966811e-20,5.20417042793042e-18,2.63560708996248e-14
NC_k0009,-0.0335526315789474,-0.0335526315789474,0.382604755450963,52.996508413761,-88.8063770723649,89.2352099672742,-147.621269170285,-50.3054881489313,97.6139964199931,-88.3051135926434,143.193594513241,1,640,7.90823920927466,17.2559346445337,8.30417737175668,-6.18905509488933,-1.18717623258101e-18,8.87478770485693e-19,0,-1.03147437151892e-18,0.000317684774687081,0.000938683679818948,1,1.03547477956915e-19,6.50896818147438e-21,1,0.00519928019819397,0.000838001429410395,0.000838001429410395,-0.00973762720273093,-0.00541928592851948,0.00975559370658175,0.00975559370658175,0.0123654189958392,1,0,-2.71050543121376e-20,1,0.00519894414192633,0.000838066898272068,0.000838066898272068,-0.00973737978605323,-0.0054188707376707,0.00975635586234008,0.00975635586234008,0.0123651394716519,11.9205047434903,10.6016424201588,-13.348613562742,-6.83296563667777,-13.348613562742,-6.83296563667777,39.0754119498907,20.3885041734024,2.60208521396521e-18,-4.6492675902841e-19,-1.030029612936e-18,0,0,0,0.00519928019819397,-0.00973762720273093,0.000838001429410396,-0.00541928592851949,0.0123654189958392,0.00975559370658176,3.8088463135568e-13,1.25994670380103e-08,1.26265486823852e-12,1.03547477956915e-19,1.04083408558608e-17,3.17741532128018e-14
NC_k0009,-0.0210526315789474,-0.0210526315789474,0.382693778126203,60.1911858141703,-100.958669622939,83.3875540558062,-138.324974815179,-57.9540207241209,107.378199136426,-81.9631654581811,136.346589981619,1,640,5.17514198906277,11.0649813019439,5.35924068603215,-3.93232109315935,-4.92430544820168e-19,1.28354608266588e-18,0,-1.49016918223673e-18,0.000315159301605574,0.000935833487499549,1,1.8759908683503e-20,1.74474729605164e-19,1,0.00519928019819397,0.000838001429410395,0.000838001429410395,-0.00973762720273094,-0.00541928592851948,0.00975559370658175,0.00975559370658175,0.0123654189958392,1,0,-2.71050543121376e-20,1,0.00519894414192633,0.000838066898272068,0.000838066898272068,-0.00973737978605323,-0.0054188707376707,0.00975635586234008,0.00975635586234008,0.0123651394716519,11.8555654100065,10.5775502500142,-13.1444074986713,-6.73755797418483,-13.1444074986713,-6.73755797418483,39.1246635845443,20.4685016809363,2.38524477946811e-18,3.81072604328448e-19,-6.66032551723167e-19,0,0,0,0.00519928019819397,-0.00973762720273093,0.000838001429410396,-0.00541928592851949,0.0123654189958392,0.00975559370658176,3.50897290810332e-13,1.80630203100749e-08,6.52206086758447e-13,1.74474729605164e-19,7.80625564189563e-18,4.90281530262498e-14
NC_k0009,-0.00855263157894737,-0.00855263157894737,0.38306811543358,67.4743376929025,-112.91285320225,76.9760849926774,-128.159458396151,-65.5002283216187,116.863687733873,-75.2699372891234,128.680162171926,1,640,2.14719696174254,4.53796510344708,2.20610348151257,-1.6056577769608,-8.46735162233781e-19,4.05601726792722e-18,0,-3.64372398085119e-18,0.000313997770945473,0.000934307259181033,1,-2.721071696219e-20,1.25297879484574e-19,1,0.00519928019819397,0.000838001429410395,0.000838001429410395,-0.00973762720273094,-0.00541928592851948,0.00975559370658175,0.00975559370658175,0.0123654189958392,1,0,-2.71050543121376e-20,1,0.00519894414192633,0.000838066898272068,0.000838066898272068,-0.00973737978605323,-0.0054188707376707,0.00975635586234008,0.00975635586234008,0.0123651394716519,11.8359995975724,10.5818950296469,-13.0381694159109,-6.6924620766833,-13.0381694159109,-6.6924620766833,39.1893672700142,20.5252273913435,1.95156391047391e-18,-5.95150182807692e-20,1.11211765958013e-19,0,0,0,0.00519928019819397,-0.00973762720273093,0.000838001429410396,-0.00541928592851949,0.0123654189958392,0.00975559370658176,9.71122336440966e-13,1.17578962668883e-08,2.71090246863315e-12,1.25297879484574e-19,3.46944695195361e-18,2.70985364273814e-14
NC_k0009,0.00394736842105262,0.00394736842105262,0.383142952518589,74.4920450745007,-124.201107523207,70.1014286476576,-117.160335697414,-72.710029828476,125.647163679242,-68.2001917437873,120.190605336045,1,640,-0.994127850583969,-2.09722299178506,-1.02014577798176,0.741609386816665,3.15175665717405e-19,3.01133447638705e-18,0,-6.24025054110004e-19,0.000313832718466244,0.000934074617302955,1,-2.30443393727716e-20,3.34037589348659e-20,1,0.00519928019819397,0.000838001429410395,0.000838001429410395,-0.00973762720273093,-0.00541928592851949,0.00975559370658175,0.00975559370658175,0.0123654189958392,1,0,-2.71050543121376e-20,1,0.00519894414192633,0.000838066898272068,0.000838066898272068,-0.00973737978605323,-0.0054188707376707,0.00975635586234008,0.00975635586234008,0.0123651394716519,11.8338991468721,10.5836606189974,-13.0218339442711,-6.6858325908602,-13.0218339442711,-6.6858325908602,39.2014329284181,20.5346185204131,2.60208521396521e-18,-7.4203698719742e-19,8.14774232201623e-19,0,0,0,0.00519928019819397,-0.00973762720273093,0.000838001429410396,-0.00541928592851949,0.0123654189958392,0.00975559370658176,1.25954829450075e-12,1.27967781464138e-08,5.59774159223495e-13,3.34037589348659e-20,6.93889390390723e-18,4.12918415878755e-14
NC_k0009,0.0164473684210526,0.0164473684210526,0.382845029555453,81.0842762284128,-134.680461404601,62.8889106804077,-105.423003404935,-79.5397706097119,133.618590696702,-60.7646128817334,110.93915606277,1,640,-4.083802739338,-8.68460459244425,-4.21357441948815,3.07985622006779,-7.30426950663925e-19,2.58178289301071e-18,0,-4.82544082138934e-20,0.000314595856241219,0.000935116395614565,1,-1.26818093525634e-20,3.75070015368486e-20,1,0.00519928019819397,0.000838001429410395,0.000838001429410395,-0.00973762720273094,-0.00541928592851948,0.00975559370658175,0.00975559370658175,0.0123654189958392,1,0,-2.71050543121376e-20,1,0.00519894414192633,0.000838066898272068,0.000838066898272068,-0.00973737978605323,-0.0054188707376707,0.00975635586234008,0.00975635586234008,0.0123651394716519,11.8451165932301,10.5780608529655,-13.0945646903405,-6.7159575616318,-13.0945646903405,-6.7159575616318,39.1520423432175,20.4941587936949,2.16840434497101e-18,6.28454880937291e-20,-3.1980782170614e-19,0,0,0,0.00519928019819397,-0.00973762720273093,0.000838001429410396,-0.00541928592851949,0.0123654189958392,0.00975559370658176,4.16649813280666e-13,1.29515349660796e-08,2.33772379104123e-13,3.75070015368486e-20,5.20417042793042e-18,6.66983442256758e-15
NC_k0009,0.0289473684210526,0.0289473684210526,0.382530886978363,87.1509079991863,-144.298250297974,55.6000707288294,-93.249152029017,-86.008751906174,140.760938261428,-53.1050771153244,101.191320858125,1,640,-6.94751791106908,-15.0352445502875,-7.25431161224767,5.37084764994664,-7.3845391132814e-19,3.50481057750148e-18,0,-3.4145750988393e-18,0.000316573783261499,0.000937492706372693,1,1.68725256905318e-20,-1.32717392819623e-19,1,0.00519928019819397,0.000838001429410395,0.000838001429410395,-0.00973762720273093,-0.00541928592851948,0.00975559370658175,0.00975559370658175,0.0123654189958392,1,0,-2.71050543121376e-20,1,0.00519894414192633,0.000838066898272068,0.000838066898272068,-0.00973737978605323,-0.0054188707376707,0.00975635586234008,0.00975635586234008,0.0123651394716519,11.888370743005,10.5864331310487,-13.2609522713131,-6.79077165454217,-13.2609522713131,-6.79077165454217,39.0834297768007,20.4171892789431,2.16840434497101e-18,-9.76883761805218e-19,3.43854295426544e-19,0,0,0,0.00519928019819397,-0.00973762720273093,0.000838001429410396,-0.00541928592851949,0.0123654189958392,0.00975559370658176,3.53138957947033e-13,1.35970891188006e-08,1.58705636540936e-12,1.32717392819623e-19,5.20417042793042e-18,1.94454736027872e-14
NC_k0010,-0.0335526315789474,-0.0335526315789474,0.43578113613285,-48.6688337293115,47.5504951536988,-79.1319308953439,93.9470116088044,42.7893708711563,-54.2801698955213,77.6269527591779,-91.5424303490079,1,640,-7.66328483811197,-19.4924217076664,-8.96138316010684,4.30143780703941,1.35039881977242e-18,3.2788645388214e-18,0,2.06411341334032e-19,-0.00150602853951793,-0.00113645247732827,1,2.99115108204785e-20,-2.283224645074e-20,1,-0.0111572556086814,-0.00114164067691532,-0.00114164067691532,0.000921888631614491,-0.000838431457235706,-0.0125858989726805,-0.0125858989726805,-0.0106889945710182,1,0,1.0842021724855e-19,1,-0.0111571196426511,-0.0011417298675932,-0.0011417298675932,0.000921552756072915,-0.000838736423566323,-0.0125868822460378,-0.0125868822460378,-0.0106889147497272,-12.6648924821821,-8.79010012851196,6.7654142539747,2.36527573815704,6.7654142539747,2.36527573815704,-49.13443021136,-13.3600332309344,3.46944695195361e-18,4.08802930050845e-19,7.75006771213381e-19,0,0,0,-0.0111572556086814,0.000921888631614494,-0.00114164067691532,-0.000838431457235701,-0.0106889945710182,-0.0125858989726805,3.26976731539795e-13,1.3364424795403e-08,1.34782462660401e-12,2.99115108204785e-20,1.04083408558608e-17,2.42027886464632e-14
NC_k0010,-0.0210526315789474,-0.0210526315789474,0.437770120054186,-54.3975636892083,57.3360185274568,-74.1067117787576,87.0161965182378,49.3975041480683,-62.4141934829243,71.6676125526476,-86.3483254813108,1,640,-4.99204246983075,-12.5053776973476,-5.77414865516893,2.74730722796471,7.9835502256678e-19,-2.03007327677254e-18,0,2.23919363461268e-18,-0.00150180330707635,-0.00113572353538408,1,-6.80057382605179e-21,-2.02257634866918e-19,1,-0.0111572556086814,-0.00114164067691532,-0.00114164067691532,0.000921888631614493,-0.000838431457235707,-0.0125858989726805,-0.0125858989726805,-0.0106889945710182,1,0,1.0842021724855e-19,1,-0.0111571196426511,-0.0011417298675932,-0.0011417298675932,0.000921552756072915,-0.000838736423566323,-0.0125868822460378,-0.0125868822460378,-0.0106889147497272,-12.7423116940274,-8.87536731433914,6.60837617348494,2.33829388029001,6.60837617348494,2.33829388029001,-49.1929466933203,-13.5148366023356,4.11996825544492e-18,-1.01668081746812e-19,6.2240576291828e-19,0,0,0,-0.0111572556086814,0.000921888631614494,-0.00114164067691532,-0.000838431457235701,-0.0106889945710182,-0.0125858989726805,5.78488183526986e-13,1.8177551351677e-08,1.60916605289544e-12,2.02257634866918e-19,1.04083408558608e-17,9.45960377866642e-14
NC_k0010,-0.00855263157894737,-0.00855263157894737,0.43928948503144,-60.4962528619876,67.0233098065612,-68.6026484178026,79.1712297082948,56.259374757484,-70.4200572748394,65.3747513610143,-80.226649292073,1,640,-2.06552690141315,-5.12800507372573,-2.37386555179579,1.12574254833731,4.88354198761507e-19,2.73271357629958e-18,0,1.32050699397659e-18,-0.00149981840583741,-0.00113540358492698,1,7.14682300935447e-20,-1.45762794696586e-19,1,-0.0111572556086814,-0.00114164067691532,-0.00114164067691532,0.000921888631614495,-0.000838431457235703,-0.0125858989726805,-0.0125858989726805,-0.0106889945710182,1,0,1.0842021724855e-19,1,-0.0111571196426511,-0.0011417298675932,-0.0011417298675932,0.000921552756072915,-0.000838736423566323,-0.0125868822460378,-0.0125868822460378,-0.0106889147497272,-12.8063427433046,-8.93364109444297,6.5263023314878,2.33081738391133,6.5263023314878,2.33081738391133,-49.2731219353861,-13.6082968289303,2.60208521396521e-18,-2.69185337789585e-19,2.15393529298124e-19,0,0,0,-0.0111572556086814,0.000921888631614494,-0.00114164067691532,-0.000838431457235701,-0.0106889945710182,-0.0125858989726805,6.32705256823638e-13,1.11208641075926e-08,3.16812749229384e-12,1.45762794696586e-19,6.93889390390723e-18,7.64512869970182e-14
NC_k0010,0.00394736842105262,0.00394736842105262,0.439548821790607,-66.4757747622088,76.0543423232278,-62.7276890786589,70.4419743571668,62.9730237688472,-77.7432396505081,58.7615586348283,-73.2120930578993,1,640,0.955914246385222,2.3697776663587,1.0974783312055,-0.52028221934489,2.46565996989806e-19,2.14429037575386e-18,0,-1.71663138161905e-19,-0.00149953222335002,-0.00113535980274733,1,2.43529182567162e-20,2.08151322708087e-20,1,-0.0111572556086814,-0.00114164067691532,-0.00114164067691532,0.000921888631614493,-0.000838431457235699,-0.0125858989726805,-0.0125858989726805,-0.0106889945710182,1,0,1.0842021724855e-19,1,-0.0111571196426511,-0.0011417298675932,-0.0011417298675932,0.000921552756072915,-0.000838736423566323,-0.0125868822460378,-0.0125868822460378,-0.0106889147497272,-12.8176171436982,-8.94342463508441,6.51372800404055,2.33012636816208,6.51372800404055,2.33012636816208,-49.2881467958877,-13.6232330378215,3.46944695195361e-18,1.80036963727357e-19,-8.19477299951431e-19,0,0,0,-0.0111572556086814,0.000921888631614494,-0.00114164067691532,-0.000838431457235701,-0.0106889945710182,-0.0125858989726805,2.35098898148307e-12,1.2872500003859e-08,1.29677637739521e-12,2.43529182567162e-20,8.67361737988404e-18,4.1802389510896e-14
NC_k0010,0.0164473684210526,0.0164473684210526,0.438446852909176,-72.1262548836423,84.2328151275358,-56.6355076289605,60.958282095034,69.3887450029994,-84.1991783019367,51.9247384331583,-65.4204799802372,1,640,3.93433010647879,9.81481650569385,4.53721838201689,-2.15513041784789,3.92871086293286e-19,5.87234707441606e-18,0,1.24727085238419e-18,-0.0015008466070817,-0.00113556664123953,1,-6.31530268040646e-21,-1.00618218087013e-19,1,-0.0111572556086814,-0.00114164067691532,-0.00114164067691532,0.000921888631614494,-0.000838431457235704,-0.0125858989726805,-0.0125858989726805,-0.0106889945710182,1,0,1.0842021724855e-19,1,-0.0111571196426511,-0.0011417298675932,-0.0011417298675932,0.000921552756072915,-0.000838736423566323,-0.0125868822460378,-0.0125868822460378,-0.0106889147497272,-12.770365661686,-8.90156301007253,6.56983130851669,2.33413576219795,6.56983130851669,2.33413576219795,-49.2267655857561,-13.557880103513,2.60208521396521e-18,-1.81160096772465e-19,3.73175032900222e-19,0,0,0,-0.0111572556086814,0.000921888631614494,-0.00114164067691532,-0.000838431457235701,-0.0106889945710182,-0.0125858989726805,9.3262739941386e-13,1.56403107582418e-08,1.35450491238494e-12,1.00618218087013e-19,6.93889390390723e-18,2.92465913470175e-14
NC_k0010,0.0289473684210526,0.0289473684210526,0.436469163113403,-77.3410941509177,91.499422030214,-50.6867355076929,51.1051681258707,75.4704559504084,-89.7341204381357,45.1521750592559,-57.2296011734389,1,640,6.72023133050435,16.9899164010532,7.8243487514139,-3.74016543001148,2.37321012873608e-19,-5.12158471557313e-18,0,1.94644283530159e-18,-0.00150417110744355,-0.00113613166019569,1,7.88157226872736e-20,2.66614745959965e-19,1,-0.0111572556086814,-0.00114164067691532,-0.00114164067691532,0.000921888631614493,-0.000838431457235706,-0.0125858989726805,-0.0125858989726805,-0.0106889945710182,1,0,1.0842021724855e-19,1,-0.0111571196426511,-0.0011417298675932,-0.0011417298675932,0.000921552756072915,-0.000838736423566323,-0.0125868822460378,-0.0125868822460378,-0.0106889147497272,-12.690673337272,-8.82229492622686,6.69837421230045,2.35197744738198,6.69837421230045,2.35197744738198,-49.1428308478123,-13.4215983049037,3.68628738645072e-18,-4.16071215365776e-20,6.96128176623542e-20,0,0,0,-0.0111572556086814,0.000921888631614494,-0.00114164067691532,-0.000838431457235701,-0.0106889945710182,-0.0125858989726805,5.13149044525964e-13,1.39368115425059e-08,2.44160326952235e-12,2.66614745959965e-19,1.04083408558608e-17,4.71846326093048e-14
NC_k0011,-0.0335526315789474,-0.0335526315789474,0.224308759508544,26.7523615624157,1.45595907065836,40.4212679963856,-18.6005839304566,-19.4747241225206,3.18173890620065,-41.0178292781713,19.0320631908105,1,640,7.51786907324509,11.1478470925426,6.15968633470988,-1.21507611793362,-1.2861301948995e-18,-2.57765360739284e-18,0,-1.58810736676301e-18,0.0017481554874783,0.00152314255671737,1,3.23214462933885e-20,-5.9852427928852e-20,1,0.0111562507800311,0.00372247299024298,0.00372247299024298,0.0067667441851801,0.0090391613447924,0.00737137484334534,0.00737137484334534,0.00893581734392582,1,0,-2.16840434497101e-19,1,0.0111563400767281,0.00372276380844534,0.00372276380844534,0.00676700494697849,0.00903933486325614,0.00737195073200498,0.00737195073200498,0.00893599489926458,8.14699782360704,14.3492616156783,2.81128355245512,1.2503988500086,2.81128355245512,1.2503988500086,28.7715938890128,4.32772517999636,1.40946282423116e-18,-1.21264033751261e-19,-6.77717431267647e-19,0,0,0,0.0111562507800311,0.0067667441851801,0.00372247299024298,0.0090391613447924,0.00893581734392581,0.00737137484334534,7.92583433000929e-13,1.91811780948251e-08,3.55690609166421e-12,5.9852427928852e-20,5.20417042793042e-18,1.04682568002555e-13
NC_k0011,-0.0210526315789474,-0.0210526315789474,0.2268286609588,29.2254290100371,-2.5538894814344,38.2238878999093,-15.6674878296138,-23.303581496106,6.4658270348469,-37.4022742254355,16.8928684322414,1,640,4.83967223100231,7.15793879216094,3.95921163764386,-0.793521101412226,-1.12978313295963e-18,1.48146062474777e-18,0,-1.29674126779733e-18,0.00174562212059043,0.00152253905071793,1,-2.2374430540326e-20,2.31909965262773e-19,1,0.0111562507800311,0.00372247299024298,0.00372247299024298,0.0067667441851801,0.00903916134479241,0.00737137484334534,0.00737137484334534,0.00893581734392582,1,0,-2.16840434497101e-19,1,0.0111563400767281,0.00372276380844534,0.00372276380844534,0.00676700494697849,0.00903933486325614,0.00737195073200498,0.00737195073200498,0.00893599489926458,8.32278029161384,14.4718242795107,2.82501575255964,1.25452487338559,2.82501575255964,1.25452487338559,28.8637255606276,4.51906587886059,1.73472347597681e-18,3.17001677797779e-19,-1.09834117671499e-18,0,0,0,0.0111562507800311,0.0067667441851801,0.00372247299024298,0.0090391613447924,0.00893581734392581,0.00737137484334534,1.30932366939762e-12,1.78644270689572e-08,1.01548797714534e-12,2.31909965262773e-19,8.67361737988404e-18,6.77894443588473e-14
NC_k0011,-0.00855263157894737,-0.00855263157894737,0.228411557194395,32.0467799182513,-6.79975760429986,35.7648065405332,-12.223440433695,-27.6001883227682,9.94175900479584,-33.4373707047569,14.2521290153669,1,640,1.98815988473981,2.93561111888307,1.62484443119553,-0.330026342542056,-9.50556255276537e-19,-1.32957702939323e-19,0,-3.64157992870345e-19,0.00174447516144002,0.00152237423160082,1,-9.85786834162011e-20,1.02857383328025e-19,1,0.0111562507800311,0.00372247299024298,0.00372247299024298,0.0067667441851801,0.0090391613447924,0.00737137484334534,0.00737137484334534,0.00893581734392582,1,0,-2.16840434497101e-19,1,0.0111563400767281,0.00372276380844534,0.00372276380844534,0.00676700494697849,0.00903933486325614,0.00737195073200498,0.00737195073200498,0.00893599489926458,8.43329999964972,14.5521847064308,2.83045650453006,1.25307085572324,2.83045650453006,1.25307085572324,28.9423144119655,4.63158805566086,1.19262238973405e-18,7.18866301660715e-19,-7.46616082669285e-19,0,0,0,0.0111562507800311,0.0067667441851801,0.00372247299024298,0.0090391613447924,0.00893581734392581,0.00737137484334534,3.51233963108226e-12,9.10407179426961e-09,1.70015210614754e-12,1.02857383328025e-19,5.20417042793042e-18,3.64546907650653e-14
NC_k0011,0.00394736842105262,0.00394736842105262,0.228668204960586,34.8001316912548,-10.835031204054,33.0800784462309,-8.32541943310872,-31.9013352377499,13.165220970734,-29.1998518230173,11.1713105199045,1,640,-0.919060487714005,-1.35661557295731,-0.750973100021522,0.152942318456434,-2.93814553578835e-20,8.42387500934203e-19,0,-9.50715073954147e-19,0.00174431222610207,0.00152235852015401,1,-1.16350156126864e-19,3.8532957696654e-20,1,0.0111562507800311,0.00372247299024298,0.00372247299024298,0.0067667441851801,0.0090391613447924,0.00737137484334534,0.00737137484334534,0.00893581734392581,1,0,-2.16840434497101e-19,1,0.0111563400767281,0.00372276380844534,0.00372276380844534,0.00676700494697849,0.00903933486325614,0.00737195073200498,0.00737195073200498,0.00893599489926458,8.45135457986309,14.5654277599486,2.83109126318716,1.25255446103514,2.83109126318716,1.25255446103514,28.9560415191728,4.64955988790207,1.73472347597681e-18,7.35848655638225e-19,1.00331489322886e-18,0,0,0,0.0111562507800311,0.0067667441851801,0.00372247299024298,0.0090391613447924,0.00893581734392581,0.00737137484334534,6.61346846184491e-12,1.20946605576964e-08,2.52325708058236e-12,1.16350156126864e-19,3.46944695195361e-18,1.11547532352211e-13
NC_k0011,0.0164473684210526,0.0164473684210526,0.227552472673375,37.3438678014149,-14.4569227088554,30.2543914422213,-4.12144085391955,-35.980223831035,15.9735874885558,-24.8633839595161,7.75600842128906,1,640,-3.8016814038888,-5.61837875596699,-3.10861985275245,0.626657185421613,-6.49925733450264e-19,1.08851674656058e-18,0,-9.67033693078593e-19,0.00174506525037431,0.00152244821336181,1,-7.60681024407447e-20,8.9080295215957e-20,1,0.0111562507800311,0.00372247299024298,0.00372247299024298,0.0067667441851801,0.0090391613447924,0.00737137484334534,0.00737137484334534,0.00893581734392581,1,0,-2.16840434497101e-19,1,0.0111563400767281,0.00372276380844534,0.00372276380844534,0.00676700494697849,0.00903933486325614,0.00737195073200498,0.00737195073200498,0.00893599489926458,8.37315546612963,14.5082993792015,2.82781870136254,1.25424487726518,2.82781870136254,1.25424487726518,28.8982791349768,4.57091642851932,2.05998412772246e-18,-6.09035759178999e-20,-2.26578490384442e-19,0,0,0,0.0111562507800311,0.0067667441851801,0.00372247299024298,0.0090391613447924,0.00893581734392581,0.00737137484334534,1.06691207818446e-12,1.88774054201419e-08,3.83756732821423e-12,8.9080295215957e-20,5.20417042793042e-18,1.07215494868109e-13
NC_k0011,0.0289473684210526,0.0289473684210526,0.225292273165611,39.6416946858121,-17.5809135382389,27.5800757546718,0.0488391573455842,-39.7289249337814,18.3045200841521,-20.7879213926055,4.32397388601888,1,640,-6.56213792017417,-9.72113830937778,-5.37348115575218,1.06545812333947,-3.53351705347952e-19,1.39207217903284e-18,0,-1.35995110148618e-18,0.00174702695638437,0.00152284166467782,1,-7.67485701266619e-20,-2.00129320344918e-20,1,0.0111562507800311,0.00372247299024298,0.00372247299024298,0.0067667441851801,0.0090391613447924,0.00737137484334534,0.00737137484334534,0.00893581734392581,1,0,-2.16840434497101e-19,1,0.0111563400767281,0.00372276380844534,0.00372276380844534,0.00676700494697849,0.00903933486325614,0.00737195073200498,0.00737195073200498,0.00893599489926458,8.216132865003,14.3961056915533,2.81731637806896,1.25292465905141,2.81731637806896,1.25292465905141,28.8007543274673,4.40535813204569,1.95156391047391e-18,2.37137698006291e-19,3.61760006709083e-19,0,0,0,0.0111562507800311,0.0067667441851801,0.00372247299024298,0.0090391613447924,0.00893581734392581,0.00737137484334534,3.25444554977672e-13,1.2446898215737e-08,2.61512310384364e-12,7.67485701266619e-20,6.07153216591882e-18,5.46999477619916e-14
NC_k0012,-0.0335526315789474,-0.0335526315789474,0.363026089208757,-97.506629226708,-60.8777069370694,-118.514618114231,-74.7866814006291,85.2608768914121,70.1214222969793,125.579440499387,66.2668809044066,1,640,-12.3613042480896,1.1552496421253,-3.69799801996822,1.2539487393538,-2.90902877822649e-20,-1.50811569280668e-18,0,6.7263018690362e-19,-0.00153756714433293,0.000535978634628086,1,-4.08370517751573e-20,-1.52773854712554e-20,1,-0.0152431504266709,-0.00930541602570422,-0.00930541602570422,-0.00271181015510362,0.0020331333037314,0.00312048212099628,0.00312048212099628,0.0077350270615511,1,0,-1.0842021724855e-19,1,-0.0152430810153432,-0.00930614301133123,-0.00930614301133123,-0.00271223024925523,0.00203334006103493,0.00312072590866199,0.00312072590866199,0.00773501108862971,-19.0989676597517,-28.7163726583821,-8.9818565602664,10.7538193926788,-8.9818565602664,10.7538193926788,3.97170830155237,11.0664016539757,1.84314369322536e-18,7.06141496934954e-19,-2.94409386312777e-19,0,0,0,-0.0152431504266709,-0.00271181015510362,-0.00930541602570422,0.0020331333037314,0.0077350270615511,0.00312048212099628,4.66316322951491e-13,2.44718162141998e-08,3.73609295115247e-12,4.08370517751573e-20,6.93889390390723e-18,5.90241445786113e-14
NC_k0012,-0.0210526315789474,-0.0210526315789474,0.36553594201162,-102.162060026917,-63.3507637629121,-115.452343128682,-72.3468674216111,93.2535760078997,69.6526931698897,119.13424403497,66.7591846317265,1,640,-7.82956010888883,0.608727264683172,-2.38287483858787,0.804942722577021,-1.09026375201429e-18,-8.91780109670969e-19,0,7.74191422512881e-19,-0.00153393730767702,0.000533952097442981,1,9.75068145972607e-20,7.63749496937822e-20,1,-0.0152431504266709,-0.00930541602570422,-0.00930541602570422,-0.00271181015510362,0.0020331333037314,0.00312048212099628,0.00312048212099628,0.0077350270615511,1,0,-1.0842021724855e-19,1,-0.0152430810153432,-0.00930614301133123,-0.00930614301133123,-0.00271223024925523,0.00203334006103493,0.00312072590866199,0.00312072590866199,0.00773501108862971,-19.3088664178657,-28.8750964438566,-8.88714313719952,10.6089340266046,-8.88714313719952,10.6089340266046,4.0675601928511,11.1688032384805,2.49366499671666e-18,-7.55236546322026e-20,-1.58296190018134e-19,0,0,0,-0.0152431504266709,-0.00271181015510362,-0.00930541602570422,0.0020331333037314,0.0077350270615511,0.00312048212099628,3.0516541645593e-13,1.3863207865174e-08,1.15646772544615e-12,9.75068145972607e-20,6.93889390390723e-18,4.16102869492411e-14
NC_k0012,-0.00855263157894737,-0.00855263157894737,0.367049486393061,-106.65188667015,-66.0037437923888,-112.050702980135,-69.7130315743967,101.418114111577,68.8531932823639,112.033836780396,67.5751340197343,1,640,-3.18848547588297,0.22051199139719,-0.979431249880309,0.330827600293547,9.46559318556681e-20,1.55389517662781e-18,0,-6.98868355933802e-20,-0.00153190776443282,0.000532625248618236,1,2.37506539987651e-19,7.12773183162648e-20,1,-0.0152431504266709,-0.00930541602570422,-0.00930541602570422,-0.00271181015510362,0.0020331333037314,0.00312048212099628,0.00312048212099628,0.0077350270615511,1,0,-1.0842021724855e-19,1,-0.0152430810153432,-0.00930614301133123,-0.00930614301133123,-0.00271223024925523,0.00203334006103493,0.00312072590866199,0.00312072590866199,0.00773501108862971,-19.4337915591593,-28.9799888947209,-8.83337088038523,10.5318306615577,-8.83337088038523,10.5318306615577,4.11356925517298,11.2238469915976,2.00577401909818e-18,-2.76552617579116e-19,-2.10367433923105e-19,0,0,0,-0.0152431504266709,-0.00271181015510362,-0.00930541602570422,0.0020331333037314,0.0077350270615511,0.00312048212099628,1.34975321832544e-12,7.03492713211273e-09,2.75549829820946e-12,2.37506539987651e-19,3.46944695195361e-18,6.65439060595704e-15
NC_k0012,0.00394736842105262,0.00394736842105262,0.367288688384437,-110.686580001784,-68.7165650719895,-108.195532996591,-67.0009784048961,109.266812455166,67.9158959078793,104.360939411957,68.5126818839725,1,640,1.47197731043194,-0.0998923268974747,0.452788044566372,-0.153017275085719,2.9217342724353e-19,5.11634369921199e-19,0,3.28526360804011e-19,-0.00153158960205527,0.000532404505988066,1,3.36767295169785e-19,5.50055214513771e-20,1,-0.0152431504266709,-0.00930541602570422,-0.00930541602570422,-0.00271181015510361,0.0020331333037314,0.00312048212099628,0.00312048212099628,0.0077350270615511,1,0,-1.0842021724855e-19,1,-0.0152430810153432,-0.00930614301133123,-0.00930614301133123,-0.00271223024925523,0.00203334006103493,0.00312072590866199,0.00312072590866199,0.00773501108862971,-19.4536075849431,-28.9971198210423,-8.82472802953184,10.5198291172239,-8.82472802953184,10.5198291172239,4.12019942626662,11.2321204916908,1.84314369322536e-18,-1.36174931112e-18,-1.14734230999547e-19,0,0,0,-0.0152431504266709,-0.00271181015510362,-0.00930541602570422,0.0020331333037314,0.0077350270615511,0.00312048212099628,5.62209917700942e-12,1.20609528222873e-08,1.8603530855889e-12,3.36767295169785e-19,5.20417042793042e-18,4.17139929008398e-14
NC_k0012,0.0164473684210526,0.0164473684210526,0.366236803280077,-114.245901684339,-71.3936759411887,-103.86085253557,-64.3167164627051,116.592588621539,67.035093871343,96.2781125343041,69.388353247811,1,640,6.12517786531041,-0.451622311601761,1.87227333272384,-0.632372062892633,3.18156162900556e-18,1.12827435552233e-19,0,1.16299939763731e-18,-0.00153299278158995,0.000533351693607639,1,2.38887345112551e-19,5.9157332107475e-20,1,-0.0152431504266709,-0.00930541602570422,-0.00930541602570422,-0.00271181015510362,0.0020331333037314,0.00312048212099628,0.00312048212099628,0.0077350270615511,1,0,-1.0842021724855e-19,1,-0.0152430810153432,-0.00930614301133123,-0.00930614301133123,-0.00271223024925523,0.00203334006103493,0.00312072590866199,0.00312072590866199,0.00773501108862971,-19.3666126556673,-28.9229363671281,-8.86240639586572,10.5729339116997,-8.86240639586572,10.5729339116997,4.08978787530112,11.1948620645565,1.89735380184963e-18,5.63800982740525e-19,-3.61366411309819e-19,0,0,0,-0.0152431504266709,-0.00271181015510362,-0.00930541602570422,0.0020331333037314,0.0077350270615511,0.00312048212099628,1.83706214686561e-12,9.08675207708235e-09,1.99576216341636e-12,2.38887345112551e-19,5.20417042793042e-18,5.50205433109808e-14
NC_k0012,0.0289473684210526,0.0289473684210526,0.364013185507241,-117.412426543037,-73.9152678003276,-99.2008282971793,-61.7543145547431,123.282487102745,66.394312757673,88.131909539288,69.9951977025914,1,640,10.7168707688154,-0.931721624253234,3.22909921770546,-1.09250336142908,3.33294229854766e-18,-2.14382715461083e-18,0,1.60635972736445e-18,-0.00153607010087304,0.00053519983938968,1,2.33153438001032e-19,-4.81860826811242e-20,1,-0.0152431504266709,-0.00930541602570422,-0.00930541602570422,-0.00271181015510362,0.0020331333037314,0.00312048212099628,0.00312048212099628,0.0077350270615511,1,0,-1.0842021724855e-19,1,-0.0152430810153432,-0.00930614301133123,-0.00930614301133123,-0.00271223024925523,0.00203334006103493,0.00312072590866199,0.00312072590866199,0.00773501108862971,-19.1827700091657,-28.7759384791481,-8.94220585173936,10.6920569174558,-8.94220585173936,10.6920569174558,4.01308852715574,11.108672539633,1.95156391047391e-18,-3.14730180467958e-19,2.76129738476516e-20,0,0,0,-0.0152431504266709,-0.00271181015510362,-0.00930541602570422,0.0020331333037314,0.0077350270615511,0.00312048212099628,3.04716747554229e-13,1.47357031908803e-08,2.11116419190035e-12,2.33153438001032e-19,5.20417042793042e-18,5.33741735312875e-15
NC_k0013,-0.0335526315789474,-0.0335526315789474,0.603523277636101,52.8861339469224,-104.52800358616,57.6429465414525,-138.074894492157,-40.4866115681951,124.60858534283,-71.7067534321579,120.600077930836,1,640,-3.02503109262403,-14.8705710497422,-5.90554870698087,-5.4515623725039,1.29063998359914e-18,4.8372860477611e-18,0,7.08966576851849e-19,0.000106837911544573,0.000520487617162709,1,-4.82825988665779e-20,-3.23845360271062e-20,1,0.00498912622183263,-0.00272241580136071,-0.00272241580136071,0.00271310382184267,-0.00664467839056454,-0.0146387790942166,-0.0146387790942166,0.0100940841642874,1,0,-5.42101086242752e-20,1,0.0049891569853604,-0.00272262849009519,-0.00272262849009519,0.00271322349249543,-0.00664431777600512,-0.0146399227488333,-0.0146399227488333,0.0100937909209345,8.42640268579128,-2.35308564908301,-14.4294487729354,-9.29185792848758,-14.4294487729354,-9.29185792848758,-48.9316790769496,19.4496442354105,3.46944695195361e-18,-2.19229497195224e-19,1.10201988378013e-18,0,0,0,0.00498912622183263,0.00271310382184266,-0.00272241580136071,-0.00664467839056453,0.0100940841642874,-0.0146387790942166,3.13568099559061e-13,1.3707530813417e-08,1.09463698388148e-12,4.82825988665779e-20,8.67361737988404e-18,1.17732449118313e-14
NC_k0013,-0.0210526315789474,-0.0210526315789474,0.601205604027145,54.051257172523,-108.702747396255,55.8186819600804,-130.423902505626,-45.7109965651489,122.824497725151,-65.8270240537926,118.887911962596,1,640,-2.00047188611841,-9.55205792439653,-3.81233483746994,-3.42002598085646,9.75470935326634e-19,1.87890436546725e-18,0,2.16575736701084e-18,0.000107352670944337,0.000515580077376932,1,4.88000945005117e-20,-1.35942851311229e-19,1,0.00498912622183263,-0.00272241580136071,-0.00272241580136071,0.00271310382184266,-0.00664467839056453,-0.0146387790942166,-0.0146387790942166,0.0100940841642874,1,0,-5.42101086242752e-20,1,0.0049891569853604,-0.00272262849009519,-0.00272262849009519,0.00271322349249543,-0.00664431777600512,-0.0146399227488333,-0.0146399227488333,0.0100937909209345,8.34370210485079,-2.4356404619168,-14.3016171444495,-9.14351265857096,-14.3016171444495,-9.14351265857096,-48.9434597405002,19.2858448241726,3.03576608295941e-18,2.59176649292526e-20,-4.0713948689986e-19,0,0,0,0.00498912622183263,0.00271310382184266,-0.00272241580136071,-0.00664467839056453,0.0100940841642874,-0.0146387790942166,2.65884714187698e-13,1.38740920998056e-08,1.39787596202985e-12,1.35942851311229e-19,8.67361737988404e-18,1.32959601902517e-14
NC_k0013,-0.00855263157894737,-0.00855263157894737,0.600280928048854,54.4059024145275,-113.998163527564,54.8523187208182,-122.977958722052,-51.3198836965038,120.731221066587,-59.6085904524359,118.820651617001,1,640,-0.829952552832149,-3.91322225442514,-1.5652476863949,-1.38558892415587,1.64696953915228e-18,5.25018813976797e-18,0,2.72879604891853e-18,0.000107342343720053,0.00051283640766025,1,9.17428349779916e-21,-2.16991783549679e-19,1,0.00498912622183263,-0.00272241580136071,-0.00272241580136071,0.00271310382184267,-0.00664467839056454,-0.0146387790942166,-0.0146387790942166,0.0100940841642874,1,0,-5.42101086242752e-20,1,0.0049891569853604,-0.00272262849009519,-0.00272262849009519,0.00271322349249543,-0.00664431777600512,-0.0146399227488333,-0.0146399227488333,0.0100937909209345,8.29222492007616,-2.47539874135717,-14.2343679043828,-9.0598884683407,-14.2343679043828,-9.0598884683407,-48.991108365907,19.209455991549,3.46944695195361e-18,-8.48126276856179e-20,7.64001806814468e-19,0,0,0,0.00498912622183263,0.00271310382184266,-0.00272241580136071,-0.00664467839056453,0.0100940841642874,-0.0146387790942166,1.10885489944716e-12,8.14631250546831e-09,3.75001691224742e-13,2.16991783549679e-19,8.67361737988404e-18,5.54851723292532e-16
NC_k0013,0.00394736842105262,0.00394736842105262,0.600149821245174,54.6657157767023,-120.388781732958,54.4792607361101,-116.233596267896,-57.3246971634213,119.146537947294,-53.4909613919935,120.049687130152,1,640,0.384183235974144,1.80787619007915,0.723379610597591,0.639051233331477,3.10093468033879e-19,-4.81366176946659e-19,0,2.53289321008637e-19,0.000107320534127982,0.000512408753059994,1,3.62180525399531e-20,-9.46325280583402e-20,1,0.00498912622183263,-0.00272241580136071,-0.00272241580136071,0.00271310382184266,-0.00664467839056454,-0.0146387790942166,-0.0146387790942166,0.0100940841642874,1,0,-5.42101086242752e-20,1,0.0049891569853604,-0.00272262849009519,-0.00272262849009519,0.00271322349249543,-0.00664431777600512,-0.0146399227488333,-0.0146399227488333,0.0100937909209345,8.28361418554176,-2.48111251518676,-14.2238569156157,-9.04656629294833,-14.2238569156157,-9.04656629294833,-49.0004739301004,19.1981050239923,3.46944695195361e-18,2.59176649292526e-20,3.65694092968701e-19,0,0,0,0.00498912622183263,0.00271310382184266,-0.00272241580136071,-0.00664467839056453,0.0100940841642874,-0.0146387790942166,6.27859378095501e-13,1.35815976933613e-08,2.71044170958241e-13,9.46325280583402e-20,8.67361737988404e-18,4.14379791032946e-14
NC_k0013,0.0164473684210526,0.0164473684210526,0.600755182012524,55.3737775600738,-127.628400195513,54.2368467458758,-110.521010697015,-63.5492774943189,118.687513081601,-47.729857153203,122.042777382797,1,640,1.57933594145697,7.494499700368,2.99436576180218,2.66909839076034,1.93017632855574e-18,1.12192160841792e-19,0,3.80047801565244e-18,0.000107375143365935,0.000514302746845589,1,3.16342790477242e-20,-1.03219490297842e-19,1,0.00498912622183263,-0.00272241580136071,-0.00272241580136071,0.00271310382184266,-0.00664467839056453,-0.0146387790942166,-0.0146387790942166,0.0100940841642874,1,0,-5.42101086242752e-20,1,0.0049891569853604,-0.00272262849009519,-0.00272262849009519,0.00271322349249543,-0.00664431777600512,-0.0146399227488333,-0.0146399227488333,0.0100937909209345,8.32050274602253,-2.45482146265376,-14.2702653475697,-9.10491711403446,-14.2702653475697,-9.10491711403446,-48.9628924122051,19.2494052527298,3.03576608295941e-18,1.8061664526253e-19,-1.82400696858561e-19,0,0,0,0.00498912622183263,0.00271310382184266,-0.00272241580136071,-0.00664467839056453,0.0100940841642874,-0.0146387790942166,7.33225712506847e-13,1.39662263693721e-08,1.47975630938784e-12,1.03219490297842e-19,8.67361737988404e-18,4.62011422400852e-15
NC_k0013,0.0289473684210526,0.0289473684210526,0.60241682238944,56.8625092196604,-135.266402076858,53.4540453362959,-105.938990736268,-69.6116289740947,119.762888299201,-42.3688533025993,124.040493946879,1,640,2.67421492289673,12.9750567824535,5.16425966276558,4.70714886355927,6.31390994067212e-19,-4.72849525359813e-18,0,-1.77569869480023e-18,0.000107145711327287,0.000518460467925781,1,-1.55067782710258e-20,2.52443348607795e-19,1,0.00498912622183263,-0.00272241580136071,-0.00272241580136071,0.00271310382184266,-0.00664467839056454,-0.0146387790942166,-0.0146387790942166,0.0100940841642874,1,0,-5.42101086242752e-20,1,0.0049891569853604,-0.00272262849009519,-0.00272262849009519,0.00271322349249543,-0.00664431777600512,-0.0146399227488333,-0.0146399227488333,0.0100937909209345,8.39269438066308,-2.38858861846967,-14.3743222467016,-9.22977057574927,-14.3743222467016,-9.22977057574927,-48.9219641318034,19.3761015688825,2.60208521396521e-18,3.09521732361115e-19,5.94760954714293e-19,0,0,0,0.00498912622183263,0.00271310382184266,-0.00272241580136071,-0.00664467839056453,0.0100940841642874,-0.0146387790942166,1.91120099848522e-13,1.13350968102274e-08,8.92045917418581e-13,2.52443348607795e-19,6.93889390390723e-18,8.29326709535922e-15
NC_k0014,-0.0335526315789474,-0.0335526315789474,0.725018815125511,-32.4705151029487,-68.3812047474569,-43.6389426225372,-93.2959055518477,33.0712901646192,81.10150204334,46.4692109631688,77.035351212707,1,640,-18.1194771152565,6.33403427200113,-3.88919613827422,-1.16624349008925,-1.07499068918411e-18,2.80389081364855e-18,0,2.4365299774464e-18,0.000922841842937952,-0.000564809086891338,1,-1.34136011654304e-19,8.36306414674446e-21,1,0.00217222537146127,-0.0159947279836309,-0.0159947279836309,0.00794436627928002,-0.00445976827374019,0.0069643306373949,0.0069643306373949,0.00281881602866443,1,0,0,1,0.00217243690342872,-0.0159959775717546,-0.0159959775717546,0.00794435233699326,-0.0044596421388148,0.00696487472572595,0.00696487472572595,0.0028186578438905,-4.38710754859921,-52.5938268491373,-14.4755702466243,8.88803508976358,-14.4755702466243,8.88803508976358,22.8348178727308,10.8963244629367,2.60208521396521e-18,8.91949506051589e-19,-9.47741906622475e-20,0,0,0,0.00217222537146128,0.00794436627928002,-0.0159947279836309,-0.00445976827374019,0.00281881602866443,0.00696433063739491,4.14887366590293e-13,2.2530453647321e-08,6.0979606148494e-13,1.34136011654304e-19,6.93889390390723e-18,1.28629398469292e-14
NC_k0014,-0.0210526315789474,-0.0210526315789474,0.720519090814994,-35.9562109328403,-72.9562214478622,-43.3692100873719,-89.2043021047569,37.0993347729958,81.0424138095886,45.6024058125778,77.6150149458644,1,640,-11.5685401934448,3.95563796158257,-2.51225773651451,-0.723644181508774,1.0903166915735e-18,-3.0309221132923e-18,0,1.49071181271856e-19,0.000919034086621147,-0.000562092336647401,1,2.61310808738352e-20,1.33472451627087e-19,1,0.00217222537146128,-0.0159947279836309,-0.0159947279836309,0.00794436627928002,-0.00445976827374019,0.0069643306373949,0.0069643306373949,0.00281881602866443,1,0,0,1,0.00217243690342872,-0.0159959775717546,-0.0159959775717546,0.00794435233699326,-0.0044596421388148,0.00696487472572595,0.00696487472572595,0.0028186578438905,-4.46397813966141,-52.5759435549668,-14.2177554392714,8.68762836247565,-14.2177554392714,8.68762836247565,22.7925629391323,10.8995504214783,3.46944695195361e-18,2.04520908929256e-19,8.58294757086255e-20,0,0,0,0.00217222537146128,0.00794436627928002,-0.0159947279836309,-0.00445976827374019,0.00281881602866443,0.00696433063739491,2.76957383834932e-13,1.15761526342181e-08,3.05891941205486e-13,1.33472451627087e-19,1.04083408558608e-17,7.70432760754028e-15
NC_k0014,-0.00855263157894737,-0.00855263157894737,0.71843448026671,-39.1202160478717,-77.8407308987625,-42.2107289391869,-84.5678737317922,40.6114251664937,80.2563629727892,44.0650071631403,78.6680190759473,1,640,-4.72851389676138,1.59865968067038,-1.03285189131005,-0.2913123107022,-1.10352511159474e-19,1.48373702579352e-18,0,1.30959234579395e-20,0.000917134449264063,-0.000560961420975779,1,2.06533169633371e-19,1.26429712991633e-19,1,0.00217222537146127,-0.0159947279836309,-0.0159947279836309,0.00794436627928002,-0.00445976827374019,0.0069643306373949,0.0069643306373949,0.00281881602866443,1,0,0,1,0.00217243690342872,-0.0159959775717546,-0.0159959775717546,0.00794435233699326,-0.0044596421388148,0.00696487472572595,0.00696487472572595,0.0028186578438905,-4.4958394003602,-52.6109490067848,-14.0730860667386,8.57655104732957,-14.0730860667386,8.57655104732957,22.7899741925866,10.8900737004439,2.60208521396521e-18,4.99847783208461e-19,-1.02303787120978e-19,0,0,0,0.00217222537146128,0.00794436627928002,-0.0159947279836309,-0.00445976827374019,0.00281881602866443,0.00696433063739491,6.18116642658074e-13,6.30774871562932e-09,1.30875428815262e-12,2.06533169633371e-19,6.93889390390723e-18,1.76168360906456e-14
NC_k0014,0.00394736842105262,0.00394736842105262,0.718125164288587,-41.5442432155396,-82.7780694952916,-40.1127802975875,-79.6647095848923,43.2953757380515,79.1077199045947,41.7019923253223,79.8545033316645,1,640,2.18405079523399,-0.737155986490362,0.477475286885399,0.13415505914535,2.12901731292368e-18,-2.85323048282611e-18,0,3.13680454042154e-18,0.00091685276173195,-0.000560808845147273,1,2.04613179848473e-19,5.23574076674737e-20,1,0.00217222537146127,-0.0159947279836309,-0.0159947279836309,0.00794436627928002,-0.00445976827374019,0.0069643306373949,0.0069643306373949,0.00281881602866442,1,0,0,1,0.00217243690342872,-0.0159959775717546,-0.0159959775717546,0.00794435233699326,-0.0044596421388148,0.00696487472572595,0.00696487472572595,0.0028186578438905,-4.50004506212118,-52.6186409398269,-14.0501358828605,8.559056130306,-14.0501358828605,8.559056130306,22.7906413345397,10.8876195195745,2.60208521396521e-18,9.77354488797817e-19,8.21188853378184e-20,0,0,0,0.00217222537146128,0.00794436627928002,-0.0159947279836309,-0.00445976827374019,0.00281881602866443,0.00696433063739491,4.06014977382245e-12,1.25462237449091e-08,1.1471479180672e-12,2.04613179848473e-19,6.93889390390723e-18,4.86990667014678e-14
NC_k0014,0.0164473684210526,0.0164473684210526,0.719525604559333,-43.053347839276,-87.5451313803134,-37.1888805515764,-74.7375599948096,45.1251230776663,77.9674403303875,38.479201993787,80.8221886826395,1,640,9.06635401414868,-3.08352624677009,1.97433316323493,0.563042294165592,-1.46563169654596e-19,2.68138867365189e-18,0,-5.38865155686445e-19,0.000918132907745675,-0.000561533538834793,1,2.28166544418945e-19,1.39120077188054e-20,1,0.00217222537146127,-0.0159947279836309,-0.0159947279836309,0.00794436627928002,-0.00445976827374019,0.0069643306373949,0.0069643306373949,0.00281881602866443,1,0,0,1,0.00217243690342872,-0.0159959775717546,-0.0159959775717546,0.00794435233699326,-0.0044596421388148,0.00696487472572595,0.00696487472572595,0.0028186578438905,-4.47986189795068,-52.5891621717628,-14.150862249468,8.6360920429049,-14.150862249468,8.6360920429049,22.7898990839043,10.8964528833403,2.60208521396521e-18,7.85689675328862e-19,-1.33066039984687e-19,0,0,0,0.00217222537146128,0.00794436627928002,-0.0159947279836309,-0.00445976827374019,0.00281881602866443,0.00696433063739491,3.14465188849689e-13,8.91810894820491e-09,1.77176555534548e-12,2.28166544418945e-19,6.93889390390723e-18,8.17786329385324e-15
NC_k0014,0.0289473684210526,0.0289473684210526,0.72298686870473,-43.6267028312078,-91.8675112956765,-33.7544223360001,-70.0051573666074,46.2123165760098,77.170665965911,34.5769616548069,81.1750212761956,1,640,15.7647118916755,-5.45948153531673,3.40072601759833,1.0025480398136,2.53344907545801e-18,3.71243952869719e-18,0,-8.62858566733665e-19,0.000921187105526131,-0.000563558313509532,1,-3.09474142596351e-20,-8.26106703312718e-20,1,0.00217222537146127,-0.0159947279836309,-0.0159947279836309,0.00794436627928002,-0.00445976827374019,0.0069643306373949,0.0069643306373949,0.00281881602866443,1,0,0,1,0.00217243690342872,-0.0159959775717546,-0.0159959775717546,0.00794435233699326,-0.0044596421388148,0.00696487472572595,0.00696487472572595,0.0028186578438905,-4.42188468071884,-52.570552417869,-14.3678482074056,8.80417880436338,-14.3678482074056,8.80417880436338,22.8100350036922,10.8999036687883,3.46944695195361e-18,1.1992034960745e-18,-3.02212270707413e-20,0,0,0,0.00217222537146128,0.00794436627928002,-0.0159947279836309,-0.00445976827374019,0.00281881602866443,0.00696433063739491,3.29305279970801e-13,1.17024281707695e-08,1.4980446732498e-12,8.26106703312718e-20,1.04083408558608e-17,6.08100004000371e-14
NC_k0015,-0.0335526315789474,-0.0335526315789474,0.499586243841854,120.384155848015,23.2522661699167,101.614317030661,23.2678400100498,-100.110690842175,-17.5943058417579,-122.428054318026,-30.010663153232,1,640,-12.664320465012,-12.9139759772345,-8.44083782594133,-2.52916572119007,1.18710840377078e-18,-1.95108745444108e-19,0,1.95677845705544e-19,-9.05469948274304e-05,0.000376956735945394,1,1.3413882059824e-19,-1.15536002912198e-19,1,0.00657798911293621,-0.0101065793937027,-0.0101065793937027,-0.00692801170261272,0.0107208255033532,-0.00946792217555797,-0.00946792217555797,0.0014184908323871,1,0,0,1,0.00657772190566843,-0.0101073689702178,-0.0101073689702178,-0.00692775133172364,0.0107207623651403,-0.00946866185697794,-0.00946866185697794,0.00141879106662224,16.450129570935,-37.3817888356044,2.55887387555118,-15.7044928884604,2.55887387555118,-15.7044928884604,-27.3398822622044,-3.34989842884444,2.16840434497101e-18,1.96370509883442e-19,2.29814060200049e-19,0,0,0,0.00657798911293621,-0.00692801170261272,-0.0101065793937027,0.0107208255033532,0.00141849083238711,-0.00946792217555798,2.23248607201143e-13,2.28828481877163e-08,3.18064315857477e-12,1.3413882059824e-19,5.20417042793042e-18,4.87791561335232e-14
NC_k0015,-0.0210526315789474,-0.0210526315789474,0.498005517417833,116.041248110355,24.4304558087966,102.670462375541,24.2476554417656,-102.266005822496,-20.4519223121706,-116.996022394481,-29.3551151078281,1,640,-8.19248596251364,-8.3213905883991,-5.44957926180116,-1.56826391811034,1.60231502096422e-18,-5.1351372427292e-19,0,5.97462630279701e-19,-9.26067951866695e-05,0.000376989092756723,1,6.0408040610893e-20,-2.0270572543502e-19,1,0.00657798911293622,-0.0101065793937027,-0.0101065793937027,-0.00692801170261272,0.0107208255033532,-0.00946792217555797,-0.00946792217555797,0.0014184908323871,1,0,0,1,0.00657772190566843,-0.0101073689702178,-0.0101073689702178,-0.00692775133172364,0.0107207623651403,-0.00946866185697794,-0.00946866185697794,0.00141879106662224,16.3184446782417,-37.4055149189897,2.50975763924237,-15.5245687332876,2.50975763924237,-15.5245687332876,-27.3981754103222,-3.42514083273514,1.73472347597681e-18,-2.13282430161542e-19,4.24255619191323e-20,0,0,0,0.00657798911293621,-0.00692801170261272,-0.0101065793937027,0.0107208255033532,0.00141849083238711,-0.00946792217555798,4.68990841699351e-13,1.88976425531586e-08,2.50276742606621e-12,2.0270572543502e-19,3.46944695195361e-18,8.80588827611317e-15
NC_k0015,-0.00855263157894737,-0.00855263157894737,0.497399138310994,111.23029186318,25.1729461199663,105.45632662745,25.0378331288734,-105.543581802646,-23.7553312665994,-111.697272112833,-27.6082171389438,1,640,-3.36989312009636,-3.41763717346839,-2.23988499687636,-0.63074217912767,4.02836958313324e-19,2.40166927771096e-18,0,4.55121390471576e-19,-9.39541476220511e-05,0.000376823783952942,1,1.29980308127365e-19,-2.09093420205579e-19,1,0.00657798911293621,-0.0101065793937027,-0.0101065793937027,-0.00692801170261272,0.0107208255033532,-0.00946792217555797,-0.00946792217555797,0.0014184908323871,1,0,0,1,0.00657772190566843,-0.0101073689702178,-0.0101073689702178,-0.00692775133172364,0.0107207623651403,-0.00946866185697794,-0.00946866185697794,0.00141879106662224,16.2488958134976,-37.4524109196196,2.48659488502793,-15.4252136255366,2.48659488502793,-15.4252136255366,-27.4490478251388,-3.47282146833033,1.73472347597681e-18,-7.14774239211849e-20,3.98101825348356e-19,0,0,0,0.00657798911293621,-0.00692801170261272,-0.0101065793937027,0.0107208255033532,0.00141849083238711,-0.00946792217555798,1.04033548791072e-12,8.95921684245556e-09,5.6163615477988e-13,2.09093420205579e-19,3.46944695195361e-18,7.03097825911925e-15
NC_k0015,0.00394736842105262,0.00394736842105262,0.497314116926702,106.832291910914,25.2022683476293,109.521194435052,25.2691980381805,-109.880337003869,-26.7113025210837,-107.028162030431,-24.9167390741799,1,640,1.55790292885929,1.57969960082627,1.03540883479623,0.290534080365052,2.19546969461374e-18,-1.11023520072377e-18,0,-4.51309742208932e-21,-9.41758873928359e-05,0.000376785875952179,1,2.0663330412009e-19,-1.42309102549271e-19,1,0.00657798911293622,-0.0101065793937027,-0.0101065793937027,-0.00692801170261272,0.0107208255033532,-0.00946792217555797,-0.00946792217555797,0.0014184908323871,1,0,0,1,0.00657772190566843,-0.0101073689702178,-0.0101073689702178,-0.00692775133172364,0.0107207623651403,-0.00946866185697794,-0.00946866185697794,0.00141879106662224,16.2379315739734,-37.4614230114015,2.48322631801413,-15.4094572880705,2.48322631801413,-15.4094572880705,-27.457768985223,-3.48069187257748,1.73472347597681e-18,-7.69271340368266e-19,1.86988675027024e-19,0,0,0,0.00657798911293621,-0.00692801170261272,-0.0101065793937027,0.0107208255033532,0.00141849083238711,-0.00946792217555798,9.23487638785505e-13,1.33168414932261e-08,1.38115845391558e-12,2.0663330412009e-19,5.20417042793042e-18,3.66119862359269e-14
NC_k0015,0.0164473684210526,0.0164473684210526,0.497708615124696,103.518597852837,24.5841014568618,114.273498885048,24.7781835406334,-115.000661394015,-28.8355288091398,-103.342823644834,-21.6661659791024,1,640,6.44002982613901,6.53618567794742,4.28215111634846,1.21994465418164,1.50100855698362e-18,-1.00836625392664e-18,0,1.17697874998945e-18,-9.3216172188884e-05,0.000376929442625577,1,1.88014994504942e-19,7.32654360015672e-21,1,0.00657798911293621,-0.0101065793937027,-0.0101065793937027,-0.00692801170261272,0.0107208255033532,-0.00946792217555797,-0.00946792217555797,0.0014184908323871,1,0,0,1,0.00657772190566843,-0.0101073689702178,-0.0101073689702178,-0.00692775133172364,0.0107207623651403,-0.00946866185697794,-0.00946866185697794,0.00141879106662224,16.2861265436097,-37.4249582609881,2.49861983725526,-15.478574668995,2.49861983725526,-15.478574668995,-27.4207686483745,-3.44676284756486,2.16840434497101e-18,6.45753918169002e-19,5.31904012480914e-19,0,0,0,0.00657798911293621,-0.00692801170261272,-0.0101065793937027,0.0107208255033532,0.00141849083238711,-0.00946792217555798,6.28882031341406e-13,2.29313942717866e-08,1.37448176113808e-12,1.88014994504942e-19,5.20417042793042e-18,1.1153343451238e-15
NC_k0015,0.0289473684210526,0.0289473684210526,0.498820154196948,101.779122852854,23.6214262931851,118.896114729378,23.7028534566388,-120.44302819384,-29.8930296800612,-100.775254237384,-18.5342483719498,1,640,11.0814461659689,11.2795248851412,7.37912044686631,2.17379255016877,-1.47185209475236e-19,-1.23370348767589e-18,0,5.45753915827786e-19,-9.13344511449948e-05,0.00037701827605418,1,8.4151368756676e-20,4.48843947102288e-20,1,0.00657798911293621,-0.0101065793937027,-0.0101065793937027,-0.00692801170261272,0.0107208255033532,-0.00946792217555797,-0.00946792217555797,0.0014184908323871,1,0,0,1,0.00657772190566843,-0.0101073689702178,-0.0101073689702178,-0.00692775133172364,0.0107207623651403,-0.00946866185697794,-0.00946866185697794,0.00141879106662224,16.3931097250731,-37.379983893174,2.53735674659593,-15.6284985609895,2.53735674659593,-15.6284985609895,-27.357057500928,-3.37968181401221,1.73472347597681e-18,3.27116906951148e-19,3.45790526808237e-19,0,0,0,0.00657798911293621,-0.00692801170261272,-0.0101065793937027,0.0107208255033532,0.00141849083238711,-0.00946792217555798,3.75129452218803e-13,1.38999882935299e-08,1.60351250680005e-12,8.4151368756676e-20,4.33680868994202e-18,5.56424502540654e-15
NC_k0016,-0.0335526315789474,-0.0335526315789474,0.365057726746489,-130.070784067045,-1.16679199000277,-150.339936791548,22.3840059190739,112.545046779841,-2.97601167881261,165.352237500436,-23.9897349012988,1,640,-10.6878183292993,0.757504743366432,-3.27700348335792,4.75184395048394,2.72395207925142e-18,6.84971721642911e-20,0,1.23468948696605e-18,-0.000530396792314986,-0.00157758010202304,1,-9.91715415106469e-20,6.01842882659157e-20,1,-0.0115585687257176,-0.00604009263940822,-0.00604009263940822,0.00793210257873352,-0.00816450835296581,0.00422070397820643,0.00422070397820643,-0.00908432605554111,1,0,0,1,-0.0115582234632521,-0.00604056452164568,-0.00604056452164568,0.00793168648685114,-0.00816469476380383,0.00422103372070473,0.00422103372070473,-0.00908447653600012,-22.4120022549222,-22.8509152142288,-3.32272183290563,17.5828167283067,-3.32272183290563,17.5828167283067,6.6338388773279,-4.86168929395986,8.67361737988404e-19,-1.36418009291422e-19,5.56001311753548e-20,0,0,0,-0.0115585687257176,0.00793210257873352,-0.00604009263940822,-0.00816450835296581,-0.0090843260555411,0.00422070397820643,1.82658060452723e-13,1.97187261041455e-08,1.55425998468954e-12,9.91715415106469e-20,3.46944695195361e-18,3.84715080178571e-14
NC_k0016,-0.0210526315789474,-0.0210526315789474,0.363268132716192,-134.454939960003,2.91713685417121,-146.762646032691,17.9682955895654,122.303733174836,-6.69147417136027,156.328152273784,-19.9525177771193,1,640,-6.82004850982653,0.433945821479994,-2.10741388715435,3.01180027518951,-1.35980551769837e-18,-4.04291141830193e-19,0,-7.21354433705444e-19,-0.000529010806579335,-0.00157405771925808,1,2.76317631187419e-20,8.21807140397255e-20,1,-0.0115585687257176,-0.00604009263940822,-0.00604009263940822,0.00793210257873352,-0.00816450835296581,0.00422070397820643,0.00422070397820643,-0.00908432605554111,1,0,0,1,-0.0115582234632521,-0.00604056452164568,-0.00604056452164568,0.00793168648685114,-0.00816469476380383,0.00422103372070473,0.00422103372070473,-0.00908447653600012,-22.4458970311078,-22.8753467040917,-3.26020503136149,17.303526007105,-3.26020503136149,17.303526007105,6.59171030696899,-4.89927757376515,1.19262238973405e-18,-5.53427087838583e-19,2.12581578693171e-19,0,0,0,-0.0115585687257176,0.00793210257873352,-0.00604009263940822,-0.00816450835296581,-0.0090843260555411,0.00422070397820643,1.01488639190033e-12,1.15935391642181e-08,1.67836331982254e-12,8.21807140397255e-20,5.20417042793042e-18,4.47734492677495e-14
NC_k0016,-0.00855263157894737,-0.00855263157894737,0.362460223641245,-138.460442831354,7.25498998652344,-143.343297989966,13.4227041827026,132.593987994951,-10.5283388324282,146.586303453166,-15.9112559347536,1,640,-2.79085915903148,0.163899638783867,-0.866896641681715,1.22818065294905,8.51003414194555e-19,1.35204325483017e-19,0,1.25132574344572e-18,-0.000528181151224123,-0.00157232922964191,1,5.92743961329249e-20,1.59593121959038e-19,1,-0.0115585687257176,-0.00604009263940822,-0.00604009263940822,0.00793210257873352,-0.00816450835296581,0.00422070397820643,0.00422070397820643,-0.00908432605554111,1,0,0,1,-0.0115582234632521,-0.00604056452164568,-0.00604056452164568,0.00793168648685114,-0.00816469476380383,0.00422103372070473,0.00422103372070473,-0.00908447653600012,-22.4728583667127,-22.9116866666892,-3.22210395002789,17.1537722722299,-3.22210395002789,17.1537722722299,6.5682333935605,-4.93376338707609,1.30104260698261e-18,1.1504694174658e-19,-2.13225476990379e-19,0,0,0,-0.0115585687257176,0.00793210257873352,-0.00604009263940822,-0.00816450835296581,-0.0090843260555411,0.00422070397820643,1.25778584988789e-12,7.15993730765242e-09,2.00454846785329e-12,1.59593121959038e-19,3.46944695195361e-18,4.33417373101746e-14
NC_k0016,0.00394736842105262,0.00394736842105262,0.362340706159928,-142.072237683962,11.7467851566109,-139.827512733525,8.8965906769021,142.869761196445,-14.444571711253,136.400442169877,-11.9608421327365,1,640,1.28943292736783,-0.0746828398218246,0.400867528890187,-0.567168269538188,-8.05581272398043e-19,-2.41351450408272e-19,0,4.93423161555232e-19,-0.000528047854929057,-0.0015720744785931,1,5.53470114647882e-20,9.65304069607334e-20,1,-0.0115585687257176,-0.00604009263940822,-0.00604009263940822,0.00793210257873352,-0.00816450835296581,0.00422070397820643,0.00422070397820643,-0.0090843260555411,1,0,0,1,-0.0115582234632521,-0.00604056452164568,-0.00604056452164568,0.00793168648685114,-0.00816469476380383,0.00422103372070473,0.00422103372070473,-0.00908447653600012,-22.4772666099328,-22.9186276893831,-3.2158638680112,17.1304368743213,-3.2158638680112,17.1304368743213,6.56438666721686,-4.93998860393522,1.51788304147971e-18,2.91688048583923e-19,-7.77096670837227e-19,0,0,0,-0.0115585687257176,0.00793210257873352,-0.00604009263940822,-0.00816450835296581,-0.0090843260555411,0.00422070397820643,1.62921541912543e-12,9.6015356975092e-09,2.18968050713823e-12,9.65304069607334e-20,5.20417042793042e-18,3.66151661094761e-14
NC_k0016,0.0164473684210526,0.0164473684210526,0.362882101289407,-145.49805250043,16.2997260709004,-135.984666512661,4.4915154052638,152.809733855567,-18.4548644524729,126.071404173954,-8.09496042375454,1,640,5.34716883953445,-0.328356622215769,1.65620803171514,-2.35752202971038,2.17211011411525e-19,-3.44866176431653e-19,0,8.96915246913698e-19,-0.000528628196108272,-0.00157323359861201,1,1.87149379299736e-19,5.02850453215579e-20,1,-0.0115585687257176,-0.00604009263940822,-0.00604009263940822,0.00793210257873352,-0.00816450835296581,0.00422070397820643,0.00422070397820643,-0.0090843260555411,1,0,0,1,-0.0115582234632521,-0.00604056452164568,-0.00604056452164568,0.00793168648685114,-0.00816469476380383,0.00422103372070473,0.00422103372070473,-0.00908447653600012,-22.4581256702442,-22.8905537974326,-3.24284879319153,17.2336630469967,-3.24284879319153,17.2336630469967,6.58104561579342,-4.91417324753411,1.30104260698261e-18,-2.77631240274017e-19,-1.21302957946077e-19,0,0,0,-0.0115585687257176,0.00793210257873352,-0.00604009263940822,-0.00816450835296581,-0.0090843260555411,0.00422070397820643,5.90079335564689e-13,8.79084530067525e-09,1.73209562317528e-12,1.87149379299736e-19,2.60208521396521e-18,3.45718902466863e-14
NC_k0016,0.0289473684210526,0.0289473684210526,0.364239883352314,-148.98204731447,20.7850433426643,-131.708409598746,0.299183035162237,162.125072830733,-22.514680408706,116.022126465936,-4.32291274592185,1,640,9.29240454121491,-0.633691036870025,2.85737545643387,-4.119391450632,1.45327030947196e-18,-1.62167104729796e-19,0,-6.00797822509515e-20,-0.000529853762149553,-0.00157604557921392,1,-7.11650491210322e-20,-3.0086841321553e-20,1,-0.0115585687257176,-0.00604009263940822,-0.00604009263940822,0.00793210257873351,-0.00816450835296581,0.00422070397820643,0.00422070397820643,-0.0090843260555411,1,0,0,1,-0.0115582234632521,-0.00604056452164568,-0.00604056452164568,0.00793168648685114,-0.00816469476380383,0.00422103372070473,0.00422103372070473,-0.00908447653600012,-22.4224409907534,-22.8535774426333,-3.29747094247067,17.4642130164761,-3.29747094247067,17.4642130164761,6.6155196039215,-4.87324052709045,1.0842021724855e-18,5.33555516167203e-19,-5.2162719980197e-19,0,0,0,-0.0115585687257176,0.00793210257873352,-0.00604009263940822,-0.00816450835296581,-0.0090843260555411,0.00422070397820643,5.98433382993402e-13,9.87342901436116e-09,2.18778037218678e-12,7.11650491210322e-20,5.20417042793042e-18,5.05977051144378e-14
NC_k0017,-0.0335526315789474,-0.0335526315789474,0.36411151225632,-17.6941728881116,106.728521462281,-44.5415179655707,154.503858494432,15.3762966678567,-118.766222603888,41.7416678439615,-141.820017204113,1,640,0.791158286577598,-11.0551448949719,-3.38711558077013,5.15994968869842,-4.42998231413999e-19,2.20172979748955e-18,0,-3.92840646046744e-18,-0.00124900389978923,0.000529814835769519,1,1.21798379467721e-20,-1.45190701079696e-19,1,-0.0082771555149627,0.00450705118921081,0.00450705118921081,-0.00362172325633171,0.0152780878324339,-0.00620838961707159,-0.00620838961707159,-0.00510825188891229,1,1.0842021724855e-19,0,1,-0.0082771807885394,0.00450740330258496,0.00450740330258496,-0.00362193038273101,0.0152777889765403,-0.00620887464751042,-0.00620887464751042,-0.00510775440341047,-7.10571447140146,8.58228035243215,19.0867305408498,-0.252087158950052,19.0867305408498,-0.252087158950052,-24.5200031737946,-19.2601617913251,1.73472347597681e-18,-2.53290448031133e-19,2.58578039011489e-19,0,0,0,-0.0082771555149627,-0.00362172325633171,0.00450705118921081,0.0152780878324339,-0.00510825188891229,-0.00620838961707159,3.12204079796773e-13,1.95597741753297e-08,1.54972086682041e-12,1.45190701079696e-19,5.20417042793042e-18,4.58893936559914e-14
NC_k0017,-0.0210526315789474,-0.0210526315789474,0.360436355110146,-22.6938755836556,116.045165286313,-39.6780769329803,146.581475445493,20.3332588606407,-123.948060444162,36.9288304515664,-138.091190459209,1,640,0.458738534475064,-7.08535659977841,-2.18678396155013,3.26629755996636,4.77210421549192e-19,-1.99447142320826e-18,0,3.3054931371007e-18,-0.00124459702771215,0.00052966116137472,1,-4.38793071679641e-21,-1.56669197800763e-19,1,-0.00827715551496271,0.0045070511892108,0.0045070511892108,-0.00362172325633171,0.0152780878324339,-0.00620838961707159,-0.00620838961707159,-0.00510825188891229,1,1.0842021724855e-19,0,1,-0.0082771807885394,0.00450740330258496,0.00450740330258496,-0.00362193038273101,0.0152777889765403,-0.00620887464751042,-0.00620887464751042,-0.00510775440341047,-7.10143681001827,8.54823095055838,18.7842232400942,-0.20522335007251,18.7842232400942,-0.20522335007251,-24.4638965430998,-19.1882589914807,1.35525271560688e-18,2.32348983685524e-19,-9.05633668650413e-20,0,0,0,-0.0082771555149627,-0.00362172325633171,0.00450705118921081,0.0152780878324339,-0.00510825188891229,-0.00620838961707159,9.06834981568231e-13,1.65839711795781e-08,2.2180093718383e-12,1.56669197800763e-19,5.20417042793042e-18,6.93049346990326e-15
NC_k0017,-0.00855263157894737,-0.00855263157894737,0.358592421782475,-27.7452813943661,125.499747653887,-34.6619180167967,138.005245355851,25.2789986721661,-128.644201944197,32.0253354961733,-134.302651849332,1,640,0.174310231888491,-2.9062037468902,-0.901524859950553,1.33067137243131,3.70970652395332e-19,2.95270391456929e-19,0,-5.29017074185633e-18,-0.0012423548106854,0.000529698721894536,1,-2.46521689605872e-20,-1.32324154704651e-19,1,-0.0082771555149627,0.00450705118921081,0.00450705118921081,-0.00362172325633171,0.0152780878324339,-0.00620838961707159,-0.00620838961707159,-0.00510825188891229,1,1.0842021724855e-19,0,1,-0.0082771807885394,0.00450740330258496,0.00450740330258496,-0.00362193038273101,0.0152777889765403,-0.00620887464751042,-0.00620887464751042,-0.00510775440341047,-7.11389458018695,8.5328545682288,18.6216669397692,-0.174924507942208,18.6216669397692,-0.174924507942208,-24.4598110877486,-19.1525764998809,1.73472347597681e-18,1.67790046024407e-19,7.48887550192517e-19,0,0,0,-0.0082771555149627,-0.00362172325633171,0.00450705118921081,0.0152780878324339,-0.00510825188891229,-0.00620838961707159,1.26784234521365e-12,8.21588092400053e-09,2.09734616349098e-12,1.32324154704651e-19,6.07153216591882e-18,1.70283203562579e-15
NC_k0017,0.00394736842105262,0.00394736842105262,0.358311788182464,-32.8016128955521,134.711559581356,-29.6083738158819,128.933420860852,30.2111219881717,-132.848588171614,27.097326798627,-130.243302675873,1,640,-0.0795295707820491,1.34318401846848,0.417005967736522,-0.614323138531183,-6.06323389001369e-19,-9.77793658486683e-20,0,-9.20618934547018e-20,-0.00124201810708152,0.00052970998358076,1,-9.07845057039621e-20,-4.0135584613651e-20,1,-0.0082771555149627,0.00450705118921081,0.00450705118921081,-0.00362172325633171,0.0152780878324339,-0.00620838961707159,-0.00620838961707159,-0.00510825188891229,1,1.0842021724855e-19,0,1,-0.0082771807885394,0.00450740330258496,0.00450740330258496,-0.00362193038273101,0.0152777889765403,-0.00620887464751042,-0.00620887464751042,-0.00510775440341047,-7.11674511924531,8.53051195504353,18.5963177807846,-0.16990098581655,18.5963177807846,-0.16990098581655,-24.4606565967049,-19.1469714110512,1.57209315010398e-18,-2.0134035563815e-19,-5.24252706188716e-19,0,0,0,-0.0082771555149627,-0.00362172325633171,0.00450705118921081,0.0152780878324339,-0.00510825188891229,-0.00620838961707159,3.10348718659795e-12,8.86310073461042e-09,1.18731685643029e-12,9.07845057039621e-20,6.93889390390723e-18,6.64624627590612e-14
NC_k0017,0.0164473684210526,0.0164473684210526,0.359567311860261,-37.8380508576197,143.490458308688,-24.5530044833288,119.541162463513,35.1277658657922,-136.715403284486,22.1576059737057,-125.742876769215,1,640,-0.348158725217563,5.56126618991659,1.72032546335072,-2.55552714512843,2.64376849939298e-19,-1.44906161451529e-18,0,-2.3523957829824e-18,-0.00124353578446973,0.000529670289020549,1,-6.57190280785708e-20,-8.19986868761987e-20,1,-0.0082771555149627,0.0045070511892108,0.0045070511892108,-0.00362172325633171,0.0152780878324339,-0.00620838961707159,-0.00620838961707159,-0.00510825188891229,1,1.0842021724855e-19,0,1,-0.0082771807885394,0.00450740330258496,0.00450740330258496,-0.00362193038273101,0.0152777889765403,-0.00620887464751042,-0.00620887464751042,-0.00510775440341047,-7.10600855504859,8.54099476412592,18.7084453105019,-0.191525906166245,18.7084453105019,-0.191525906166245,-24.4599475296928,-19.1716435821503,8.67361737988404e-19,-2.47577017395565e-19,-2.98673950528908e-19,0,0,0,-0.0082771555149627,-0.00362172325633171,0.00450705118921081,0.0152780878324339,-0.00510825188891229,-0.00620838961707159,1.14434738500654e-12,1.18568452940871e-08,2.22414119115256e-12,8.19986868761987e-20,5.20417042793042e-18,3.84414161150304e-14
NC_k0017,0.0289473684210526,0.0289473684210526,0.362506880510123,-42.7812191632768,151.669232541571,-19.5198131429619,110.100837786653,39.9875557375117,-140.435443818801,17.1995118853374,-120.711380370918,1,640,-0.665387907610413,9.62940477382664,2.95812556585131,-4.47122138533124,1.16330710882518e-18,3.15392717910139e-18,0,1.45158947846726e-18,-0.00124711286691933,0.000529699514324006,1,2.24811899890725e-20,7.832710508117e-20,1,-0.0082771555149627,0.0045070511892108,0.0045070511892108,-0.00362172325633171,0.0152780878324339,-0.00620838961707159,-0.00620838961707159,-0.00510825188891229,1,1.0842021724855e-19,0,1,-0.0082771807885394,0.00450740330258496,0.00450740330258496,-0.00362193038273101,0.0152777889765403,-0.00620887464751042,-0.00620887464751042,-0.00510775440341047,-7.09939703784683,8.56626304390785,18.9583172849167,-0.233813672152812,18.9583172849167,-0.233813672152812,-24.487833509916,-19.2279067143983,9.21571846612679e-19,-2.27797634695978e-19,1.07769611227793e-19,0,0,0,-0.0082771555149627,-0.00362172325633171,0.00450705118921081,0.0152780878324339,-0.00510825188891229,-0.00620838961707159,3.09659534475389e-13,9.19697362486946e-09,3.82388510371174e-12,7.832710508117e-20,1.73472347597681e-18,5.14521180603682e-14
NC_k0018,-0.0335526315789474,-0.0335526315789474,0.608995995600666,-29.7121277038789,-30.3624293971482,1.40148534984785,-51.161035314778,23.1839552169029,31.3718418955999,6.22079246962752,58.3842559756005,1,640,22.6151594491214,9.37910140292965,10.5581060811767,-1.04480909695341,-4.80823546464824e-19,1.74917597563933e-18,0,-1.37280879692771e-18,0.00024348253901889,0.00162582682896899,1,2.24132414164702e-19,-2.8507183887812e-20,1,0.000480665222583368,0.0166506935722712,0.0166506935722712,0.00125668900088172,-0.000142525586410514,0.00356399801294227,0.00356399801294227,0.0104029660136978,1,5.42101086242752e-20,0,1,0.000480697345647622,0.0166519944077065,0.0166519944077065,0.00125669081051714,-0.000142219420164152,0.00356427645028704,0.00356427645028704,0.0104028602466785,-1.36803762657601,62.6578426791162,1.05112731093998,2.43287480561191,1.05112731093998,2.43287480561191,11.9273903373739,9.97441468684241,3.46944695195361e-18,-8.42865505323321e-19,1.42298393703765e-20,0,0,0,0.000480665222583363,0.00125668900088172,0.0166506935722712,-0.000142525586410515,0.0104029660136978,0.00356399801294227,2.64016684908497e-13,1.33206416934283e-08,2.00490037871451e-12,2.24132414164702e-19,1.04083408558608e-17,1.93242059817146e-14
NC_k0018,-0.0210526315789474,-0.0210526315789474,0.610029576795512,-22.4817012509479,-34.709270966591,-1.77133390788604,-47.9208468055559,18.0642774293544,36.4331585903357,7.36251737764491,54.476819702551,1,640,14.5465134167771,6.08080081029826,6.80701369493485,-0.697167376925293,-1.63345009922071e-19,5.53860285830806e-19,0,-8.283055781861e-19,0.000246339583119825,0.00162091410474477,1,-3.33234577230321e-20,1.03741672441381e-19,1,0.000480665222583369,0.0166506935722712,0.0166506935722712,0.00125668900088172,-0.000142525586410513,0.00356399801294227,0.00356399801294227,0.0104029660136978,1,5.42101086242752e-20,0,1,0.000480697345647622,0.0166519944077065,0.0166519944077065,0.00125669081051714,-0.000142219420164152,0.00356427645028704,0.00356427645028704,0.0104028602466785,-1.21299012603833,62.6681108783456,1.01202375459194,2.49704558293798,1.01202375459194,2.49704558293798,12.0807486551725,10.1293015152651,3.46944695195361e-18,-7.10102180474047e-19,-3.26422213669808e-19,0,0,0,0.000480665222583363,0.00125668900088172,0.0166506935722712,-0.000142525586410515,0.0104029660136978,0.00356399801294227,1.37624329668932e-13,1.35936221998952e-08,2.69158060046713e-12,1.03741672441381e-19,6.93889390390723e-18,7.27979800885827e-15
NC_k0018,-0.00855263157894737,-0.00855263157894737,0.611169629107898,-15.1698483375729,-39.0903022498135,-6.52617828495498,-44.4698504013706,13.6202554343941,42.1611321452874,9.29004006737686,49.7034199528169,1,640,5.97011283278386,2.50743201038765,2.79758979824658,-0.293250649594137,-2.04590220497436e-18,-1.18626302518475e-18,0,-3.05805363738404e-19,0.000248020849275347,0.00161862498767649,1,-1.34738483868384e-19,3.18462266998693e-20,1,0.000480665222583365,0.0166506935722712,0.0166506935722712,0.00125668900088172,-0.000142525586410514,0.00356399801294227,0.00356399801294227,0.0104029660136978,1,5.42101086242752e-20,0,1,0.000480697345647622,0.0166519944077065,0.0166519944077065,0.00125669081051714,-0.000142219420164152,0.00356427645028704,0.00356427645028704,0.0104028602466785,-1.12899927621796,62.7346020358492,0.983120634780296,2.53017609933373,0.983120634780296,2.53017609933373,12.172399253869,10.2372891450343,3.90312782094782e-18,-1.83927665628996e-19,-5.39774875220626e-20,0,0,0,0.000480665222583363,0.00125668900088172,0.0166506935722712,-0.000142525586410515,0.0104029660136978,0.00356399801294227,1.0633206457413e-12,9.31664210854101e-09,2.1248905786319e-12,1.34738483868384e-19,1.04083408558608e-17,3.90559247263034e-14
NC_k0018,0.00394736842105262,0.00394736842105262,0.611377216821439,-8.63576569908894,-43.1040330878995,-12.6406944143161,-40.6207726840514,10.2503321307714,47.7639939554227,12.247189160837,44.2685804450765,1,640,-2.75922110032104,-1.15976411617705,-1.29326512144437,0.136180009128268,-5.03243449787461e-19,-9.24655575936276e-19,0,-1.58205902212402e-18,0.000248287171926896,0.00161829603147209,1,-3.07766178637444e-19,-3.82658811670919e-20,1,0.000480665222583367,0.0166506935722712,0.0166506935722712,0.00125668900088172,-0.000142525586410516,0.00356399801294227,0.00356399801294227,0.0104029660136978,1,5.42101086242752e-20,0,1,0.000480697345647622,0.0166519944077065,0.0166519944077065,0.00125669081051714,-0.000142219420164152,0.00356427645028704,0.00356427645028704,0.0104028602466785,-1.11592308795931,62.7481825950597,0.978083816787278,2.53513728099451,0.978083816787278,2.53513728099451,12.1869922224848,10.2555520426791,4.33680868994202e-18,-3.83684985950014e-19,6.51655756222019e-19,0,0,0,0.000480665222583363,0.00125668900088172,0.0166506935722712,-0.000142525586410515,0.0104029660136978,0.00356399801294227,8.3338516378266e-13,1.37391688222449e-08,1.46153587526252e-12,3.07766178637444e-19,1.04083408558608e-17,0
NC_k0018,0.0164473684210526,0.0164473684210526,0.610519208874323,-3.3501317695989,-46.6868607520864,-19.7414627180749,-36.3495061693884,7.96554116505582,52.808858644781,16.3165090901721,38.5162590188922,1,640,-11.4220202229397,-4.78497464559221,-5.34830830661553,0.553479460491629,-1.34985288056813e-18,-1.49580724529189e-19,0,3.09709656229654e-19,0.000247112799037237,0.00161980936554432,1,-3.97184908619787e-19,-3.31253884204487e-20,1,0.000480665222583367,0.0166506935722712,0.0166506935722712,0.00125668900088172,-0.000142525586410515,0.00356399801294227,0.00356399801294227,0.0104029660136978,1,5.42101086242752e-20,0,1,0.000480697345647622,0.0166519944077065,0.0166519944077065,0.00125669081051714,-0.000142219420164152,0.00356427645028704,0.00356427645028704,0.0104028602466785,-1.17379302675654,62.6946174847039,0.999288448146254,2.51274216372086,0.999288448146254,2.51274216372086,12.123020703255,10.1776518795698,3.46944695195361e-18,-7.16781174567568e-19,6.09498021832606e-20,0,0,0,0.000480665222583363,0.00125668900088172,0.0166506935722712,-0.000142525586410515,0.0104029660136978,0.00356399801294227,3.72315771686641e-13,1.5910914071818e-08,1.27191167233914e-12,3.97184908619787e-19,6.93889390390723e-18,3.00050836075922e-14
NC_k0018,0.0289473684210526,0.0289473684210526,0.609232765323394,0.420286195840566,-49.9762816633061,-27.1293255544225,-31.9164974011452,6.56883323827183,57.0513988635963,21.2660641667072,33.0944397104208,1,640,-19.7365520415083,-8.21092791294648,-9.22266838496991,0.92447364165573,-3.05254792322689e-18,8.50791655957741e-19,0,-3.3709926067251e-19,0.000244645743206068,0.0016236572754238,1,-4.75162230082244e-20,-5.41808128714289e-20,1,0.000480665222583369,0.0166506935722712,0.0166506935722712,0.00125668900088172,-0.000142525586410515,0.00356399801294227,0.00356399801294227,0.0104029660136978,1,5.42101086242752e-20,0,1,0.000480697345647622,0.0166519944077065,0.0166519944077065,0.00125669081051714,-0.000142219420164152,0.00356427645028704,0.00356427645028704,0.0104028602466785,-1.30268534837327,62.641594973226,1.03658616921558,2.4599719674648,1.03658616921558,2.4599719674648,11.9886976065413,10.0324356185079,3.46944695195361e-18,-7.60238791039347e-19,5.49987200209054e-19,0,0,0,0.000480665222583363,0.00125668900088172,0.0166506935722712,-0.000142525586410515,0.0104029660136978,0.00356399801294227,2.69740197603214e-13,1.27260379445019e-08,3.06097636792522e-12,5.41808128714289e-20,1.04083408558608e-17,1.25740756340431e-14
NC_k0019,-0.0335526315789474,-0.0335526315789474,0.369187214916415,153.299184484444,47.3261820433731,176.620200999353,36.1728546086166,-136.683166897036,-53.5995729722468,-189.247389094022,-27.7584834809294,1,640,10.0323904573362,5.14671852708662,5.00910596485955,-3.96229218892759,-5.9572885971579e-19,7.99354256746744e-20,0,1.28800624052877e-18,0.000567704854397891,0.000632139461786178,1,1.72558104741543e-19,-6.75256531353422e-20,1,0.0127487187526354,0.00482985425188675,0.00482985425188675,-0.0129637010912488,0.00660789271466915,0.00131317934767683,0.00131317934767683,0.000834533379048352,1,0,0,1,0.0127482144574984,0.00483023158425018,0.00483023158425018,-0.0129632009949856,0.00660785263368695,0.00131328193981337,0.00131328193981337,0.000834718819915198,26.3727543597252,15.017934355581,7.45662712238739,-19.6640730754823,7.45662712238739,-19.6640730754823,14.6910847389096,-4.85850142879056,1.0842021724855e-18,-1.09980903779582e-18,-1.63466275311758e-19,0,0,0,0.0127487187526354,-0.0129637010912488,0.00482985425188675,0.00660789271466915,0.000834533379048352,0.00131317934767683,4.21230905924614e-13,1.18725179938284e-08,1.15216557896867e-12,1.72558104741543e-19,5.20417042793042e-18,3.17260523565184e-14
NC_k0019,-0.0210526315789474,-0.0210526315789474,0.367535918864295,158.108250505759,44.4589781804603,172.603706785884,37.5990407772914,-146.475742885638,-48.3256777585245,-180.185012825699,-31.5810449391699,1,640,6.40984872360005,3.37911739958543,3.23035882065122,-2.51743827065559,-2.18576852038972e-18,4.01182597088218e-19,0,-9.85099317656751e-19,0.000564059954526939,0.000632073085618795,1,1.11351792809129e-19,1.33715245456226e-20,1,0.0127487187526354,0.00482985425188675,0.00482985425188675,-0.0129637010912488,0.00660789271466915,0.00131317934767683,0.00131317934767683,0.000834533379048353,1,0,0,1,0.0127482144574984,0.00483023158425018,0.00483023158425018,-0.0129632009949856,0.00660785263368695,0.00131328193981337,0.00131328193981337,0.000834718819915198,26.4040591008889,15.0882451005723,7.37733803502201,-19.3979143134763,7.37733803502201,-19.3979143134763,14.6583054663539,-4.84706973806848,1.19262238973405e-18,-2.00738047066596e-19,-1.5444747959261e-20,0,0,0,0.0127487187526354,-0.0129637010912488,0.00482985425188675,0.00660789271466915,0.000834533379048352,0.00131317934767683,5.33335322694753e-13,7.35500907885576e-09,1.3666410120963e-12,1.11351792809129e-19,3.46944695195361e-18,8.45801541943505e-15
NC_k0019,-0.00855263157894737,-0.00855263157894737,0.366793744068095,162.762952135878,42.0050584637448,168.59821891819,39.2567683961149,-156.725135694748,-43.0053716138297,-170.552031830257,-36.1024651135385,1,640,2.62506496214499,1.40324748512801,1.32934310760009,-1.02793298366211,-3.34551544385847e-19,5.24611179370931e-19,0,-1.20158902757413e-18,0.00056208313411634,0.000632187212796858,1,-1.27706409153979e-19,-1.49110621819547e-21,1,0.0127487187526354,0.00482985425188675,0.00482985425188675,-0.0129637010912488,0.00660789271466915,0.00131317934767683,0.00131317934767683,0.000834533379048352,1,0,0,1,0.0127482144574984,0.00483023158425018,0.00483023158425018,-0.0129632009949856,0.00660785263368695,0.00131328193981337,0.00131328193981337,0.000834718819915198,26.4368306072754,15.1379366377271,7.33161234228473,-19.2577006821776,7.33161234228473,-19.2577006821776,14.6628410729449,-4.83693604364019,1.51788304147971e-18,-1.88125562314064e-18,1.70716143840783e-19,0,0,0,0.0127487187526354,-0.0129637010912488,0.00482985425188675,0.00660789271466915,0.000834533379048352,0.00131317934767683,8.64472268327994e-13,7.12395888691453e-09,9.91566342125854e-13,1.27706409153979e-19,1.38777878078145e-17,1.74042837284856e-14
NC_k0019,0.00394736842105262,0.00394736842105262,0.366683842116563,167.080083493147,39.9352496225693,164.391138161107,41.2009815809173,-166.886107503612,-37.894732520577,-160.495918925804,-41.0871935727356,1,640,-1.21302624257959,-0.649678831603853,-0.614692674480521,0.474819799324263,-1.44720872994318e-18,-4.38134409412187e-19,0,-7.75471898101113e-19,0.000561778992481581,0.000632215345301587,1,-6.65010995180873e-20,-6.60100330910984e-21,1,0.0127487187526354,0.00482985425188675,0.00482985425188675,-0.0129637010912488,0.00660789271466915,0.00131317934767683,0.00131317934767683,0.000834533379048352,1,0,0,1,0.0127482144574984,0.00483023158425018,0.00483023158425018,-0.0129632009949856,0.00660785263368695,0.00131328193981337,0.00131328193981337,0.000834718819915198,26.4425883210083,15.1462420393988,7.32422481532585,-19.2359741450328,7.32422481532585,-19.2359741450328,14.6648840994479,-4.83499715702271,1.0842021724855e-18,9.58093598908007e-20,2.69970887885715e-19,0,0,0,0.0127487187526354,-0.0129637010912488,0.00482985425188675,0.00660789271466915,0.000834533379048352,0.00131317934767683,3.44674232236288e-12,7.27764710323662e-09,6.2856585908416e-13,6.65010995180873e-20,3.46944695195361e-18,1.90747566480311e-14
NC_k0019,0.0164473684210526,0.0164473684210526,0.367181046579506,171.139776186791,38.1811603302707,159.860627830021,43.5078099012065,-176.697078625298,-33.1812672722709,-150.23842633084,-46.355804266541,1,640,-5.02737486033868,-2.66781003533819,-2.53941101557338,1.97179287305664,2.32034087988475e-19,-3.17385892314147e-19,0,-9.17045514300789e-20,0.000563132951429684,0.000632113803514281,1,-1.01339695501416e-19,2.01325899764826e-20,1,0.0127487187526354,0.00482985425188675,0.00482985425188675,-0.0129637010912488,0.00660789271466915,0.00131317934767683,0.00131317934767683,0.000834533379048353,1,0,0,1,0.0127482144574984,0.00483023158425018,0.00483023158425018,-0.0129632009949856,0.00660785263368695,0.00131328193981337,0.00131328193981337,0.000834718819915198,26.4183745533398,15.110672078863,7.35635120331937,-19.33230862596,7.35635120331937,-19.33230862596,14.6585031016312,-4.84281750137757,1.0842021724855e-18,2.25152966625206e-19,-2.19570450899312e-19,0,0,0,0.0127487187526354,-0.0129637010912488,0.00482985425188675,0.00660789271466915,0.000834533379048352,0.00131317934767683,4.02009010700961e-13,1.20419852042525e-08,9.95814194327686e-13,1.01339695501416e-19,3.46944695195361e-18,4.53545887635336e-15
NC_k0019,0.0289473684210526,0.0289473684210526,0.368431566117754,175.117768970478,36.6708905327943,155.054885391161,46.2226599994026,-185.979914456933,-29.0659487688443,-140.178721020204,-51.6820346138183,1,640,-8.72665235240583,-4.52903538229833,-4.37437695245235,3.43836699673459,-2.42833758065967e-19,-6.92714132176407e-20,0,-1.30496013436366e-20,0.000566192262572115,0.000632062113632477,1,3.24537457304091e-21,-2.73252962850418e-20,1,0.0127487187526354,0.00482985425188675,0.00482985425188675,-0.0129637010912488,0.00660789271466915,0.00131317934767683,0.00131317934767683,0.000834533379048353,1,0,0,1,0.0127482144574984,0.00483023158425018,0.00483023158425018,-0.0129632009949856,0.00660785263368695,0.00131328193981337,0.00131328193981337,0.000834718819915198,26.3799803352133,15.0433649116246,7.42371258444248,-19.5502300557558,7.42371258444248,-19.5502300557558,14.6706556171471,-4.85445900164912,8.67361737988404e-19,-4.5420303924457e-19,7.53187178215554e-20,0,0,0,0.0127487187526354,-0.0129637010912488,0.00482985425188675,0.00660789271466915,0.000834533379048352,0.00131317934767683,1.90120703908004e-13,9.69442740691564e-09,1.76411031135339e-12,2.73252962850418e-20,3.46944695195361e-18,1.35601942674381e-15
NC_k0020,-0.0335526315789474,-0.0335526315789474,0.352327939401175,15.8183668700445,119.913520502383,18.8993920280052,167.111814833001,-20.6911440129593,-144.033293781754,-14.0471978570125,-147.722329123073,1,640,7.77383895379522,1.91881432056303,3.19857558053821,3.8169973840593,-6.03272746902274e-19,2.15199308161796e-19,0,1.07035847775382e-18,-0.000271802297344333,-0.00149547708648063,1,1.30552962295315e-19,5.76524245268831e-20,1,-0.000641862031582152,0.00761351814436902,0.00761351814436902,-0.0054579085922262,-0.00107937272190659,0.00271105892574516,0.00271105892574516,-0.0174160472675352,1,0,0,1,-0.000642015663064039,0.00761411295047405,0.00761411295047406,-0.00545787409688931,-0.00107987241691714,0.00271127072722373,0.00271127072722373,-0.0174159088111964,2.30553583808367,17.970878509736,16.0987394907736,-2.61961935890146,16.0987394907736,-2.61961935890146,10.8413980903206,-24.5483501557224,1.0842021724855e-18,-3.77714344102336e-19,2.974266862523e-19,0,0,0,-0.000641862031582153,-0.0054579085922262,0.00761351814436903,-0.00107937272190659,-0.0174160472675352,0.00271105892574516,7.78428991646086e-13,1.31266311691794e-08,2.80786276588326e-12,1.30552962295315e-19,3.46944695195361e-18,3.63952854724351e-14
NC_k0020,-0.0210526315789474,-0.0210526315789474,0.352371848593795,16.8899371506977,127.365929727545,19.5144563546709,158.00828545667,-20.4519261716744,-144.460270667894,-15.9706665320058,-145.670372011935,1,640,4.94680545767798,1.3331295671063,2.07237855817883,2.40061290667066,-1.26893476432575e-18,-9.55843593751976e-19,0,1.96424293490312e-18,-0.000272441031020514,-0.0014908492103831,1,2.86514270995604e-20,-3.35404020499211e-20,1,-0.000641862031582153,0.00761351814436902,0.00761351814436902,-0.0054579085922262,-0.00107937272190659,0.00271105892574515,0.00271105892574515,-0.0174160472675352,1,0,0,1,-0.000642015663064039,0.00761411295047405,0.00761411295047406,-0.00545787409688931,-0.00107987241691714,0.00271127072722373,0.00271127072722373,-0.0174159088111964,2.39929232879435,18.0524135354839,15.9049426079026,-2.60169090993364,15.9049426079026,-2.60169090993364,10.7408200810078,-24.6123972348552,1.73472347597681e-18,-4.01333065829647e-20,8.5741978707982e-19,0,0,0,-0.000641862031582153,-0.0054579085922262,0.00761351814436903,-0.00107937272190659,-0.0174160472675352,0.00271105892574516,1.93532478037685e-12,1.28964154710389e-08,1.23112806546789e-12,3.35404020499211e-20,5.20417042793042e-18,3.60756788111418e-14
NC_k0020,-0.00855263157894737,-0.00855263157894737,0.352540879030109,18.1607816817734,135.882198700438,19.383027511588,148.545871556521,-19.7287534592475,-144.483447456044,-17.8302183087416,-144.715122883277,1,640,2.0168880305417,0.565270604546128,0.852112349578992,0.974447115134313,-8.0428425319756e-19,-4.90630599807253e-19,0,-1.12589207535818e-18,-0.000272785732095613,-0.00148818966681693,1,-1.25403772292592e-19,1.20944996277664e-19,1,-0.000641862031582153,0.00761351814436902,0.00761351814436902,-0.0054579085922262,-0.00107937272190659,0.00271105892574516,0.00271105892574516,-0.0174160472675352,1,0,0,1,-0.000642015663064039,0.00761411295047405,0.00761411295047406,-0.00545787409688931,-0.00107987241691714,0.00271127072722373,0.00271127072722373,-0.0174159088111964,2.45142197803378,18.1025211989257,15.800322098093,-2.59255659457531,15.800322098093,-2.59255659457531,10.698614865559,-24.6590867885088,1.30104260698261e-18,-2.17692121982645e-19,9.54887133852288e-21,0,0,0,-0.000641862031582153,-0.0054579085922262,0.00761351814436903,-0.00107937272190659,-0.0174160472675352,0.00271105892574516,1.45652613267241e-12,7.61177831819423e-09,7.98981781144327e-13,1.25403772292592e-19,3.46944695195361e-18,1.44863368109987e-14
NC_k0020,0.00394736842105262,0.00394736842105262,0.352570576483195,19.1548073306376,145.066299612514,18.5796808698367,139.207019576669,-18.4335401314355,-144.567364721962,-19.3156814810272,-144.47856607828,1,640,-0.931227259849059,-0.262348813293104,-0.393880104136919,-0.449559797401932,-2.47942425529095e-19,-6.90623019587873e-19,0,-1.66768875913551e-18,-0.000272838143010998,-0.0014877691005132,1,-1.20188625521736e-19,4.69044028536606e-22,1,-0.000641862031582152,0.00761351814436902,0.00761351814436902,-0.0054579085922262,-0.00107937272190658,0.00271105892574516,0.00271105892574516,-0.0174160472675352,1,0,0,1,-0.000642015663064039,0.00761411295047405,0.00761411295047406,-0.00545787409688931,-0.00107987241691714,0.00271127072722373,0.00271127072722373,-0.0174159088111964,2.45957435656209,18.1103521518789,15.7839035155156,-2.59114208114496,15.7839035155156,-2.59114208114496,10.692687242012,-24.666679696887,1.30104260698261e-18,-4.76123025969196e-19,-6.6739404074071e-19,0,0,0,-0.000641862031582153,-0.0054579085922262,0.00761351814436903,-0.00107937272190659,-0.0174160472675352,0.00271105892574516,5.73711698346966e-12,9.42217928075074e-09,3.50813708741522e-12,1.20188625521736e-19,6.93889390390723e-18,6.61277062586633e-15
NC_k0020,0.0164473684210526,0.0164473684210526,0.352445211677597,19.5540511126024,154.538544055858,17.3637942158873,130.405035443241,-16.6822898221379,-145.209850627536,-20.2520512856382,-144.495813692684,1,640,-3.87254590769223,-1.06358149182162,-1.62892204183956,-1.87504382257872,-9.4123889285674e-19,-1.01998648717179e-18,0,1.15385739750737e-18,-0.000272604071873042,-0.00148961790463433,1,-1.12759052477587e-19,-6.98040404579151e-21,1,-0.000641862031582152,0.00761351814436902,0.00761351814436902,-0.0054579085922262,-0.00107937272190659,0.00271105892574516,0.00271105892574516,-0.0174160472675352,1,0,0,1,-0.000642015663064039,0.00761411295047405,0.00761411295047406,-0.00545787409688931,-0.00107987241691714,0.00271127072722373,0.00271127072722373,-0.0174159088111964,2.42355312358616,18.0757398694946,15.8562925181171,-2.59740223517282,15.8562925181171,-2.59740223517282,10.7201770391346,-24.633661536229,1.30104260698261e-18,-2.88243903675346e-19,2.98309186990133e-19,0,0,0,-0.000641862031582153,-0.0054579085922262,0.00761351814436903,-0.00107937272190659,-0.0174160472675352,0.00271105892574516,1.02354325474707e-12,9.655065460724e-09,2.75716778352138e-12,1.12759052477587e-19,3.46944695195361e-18,4.03207484294085e-14
NC_k0020,0.0289473684210526,0.0289473684210526,0.352281102867562,19.2077977028771,163.828899623898,16.1548900415748,122.499868605109,-14.7391057614971,-146.816064306185,-20.6439034575906,-144.253302670817,1,640,-6.75555614972313,-1.73457747009891,-2.80174409454127,-3.29874446635408,1.59718650116639e-19,4.5377143171189e-19,0,1.07308486505279e-18,-0.000272069679340855,-0.00149358920979883,1,1.64020568057621e-20,-4.70352508437446e-20,1,-0.000641862031582151,0.00761351814436902,0.00761351814436902,-0.0054579085922262,-0.00107937272190659,0.00271105892574516,0.00271105892574516,-0.0174160472675352,1,0,0,1,-0.000642015663064039,0.00761411295047405,0.00761411295047406,-0.00545787409688931,-0.00107987241691714,0.00271127072722373,0.00271127072722373,-0.0174159088111964,2.34454463153512,18.0019468785134,16.0163373847327,-2.61186687076843,16.0163373847327,-2.61186687076843,10.7950052621984,-24.5701880380716,1.0842021724855e-18,-6.01397082068263e-19,-1.09134234900151e-18,0,0,0,-0.000641862031582153,-0.0054579085922262,0.00761351814436903,-0.00107937272190659,-0.0174160472675352,0.00271105892574516,4.81621279411589e-13,1.08252286226479e-08,2.79414843333282e-12,4.70352508437446e-20,6.93889390390723e-18,2.71031228585821e-14
NC_k0021,-0.0335526315789474,-0.0335526315789474,0.278217172345487,-109.42719846765,-45.3666457381856,-100.779961888696,-52.4742191417886,88.9566922547149,43.8290791270592,115.739394744325,57.0069882201198,1,640,8.77668400093961,5.56860400453639,4.73394504180702,1.46502766066238,1.9764190335199e-18,-3.03383378904849e-19,0,-7.44241694074173e-19,-0.00169736997044694,0.000328354496419648,1,6.42309345794125e-20,6.54212819493153e-20,1,-0.0157696505906199,0.00743347769776724,0.00743347769776724,-0.00490678345698627,-0.00639315530433366,0.00364612015319482,0.00364612015319482,0.00422118215147607,1,0,1.0842021724855e-19,1,-0.0157696403435475,0.00743405843821238,0.00743405843821238,-0.00490719754066121,-0.00639296920373054,0.00364640500633179,0.00364640500633179,0.00422095362952231,-18.5604293009259,29.8742744804374,-4.45193490364061,9.49018400029114,-4.45193490364061,9.49018400029114,6.16121877252489,8.48196759028105,2.49366499671666e-18,2.4128138721746e-19,-1.03554531055769e-21,0,0,0,-0.0157696505906199,-0.00490678345698626,0.00743347769776725,-0.00639315530433366,0.00422118215147607,0.00364612015319482,5.47680833319562e-13,1.76531719961156e-08,1.64470123043584e-12,6.54212819493153e-20,6.07153216591882e-18,1.05947526729926e-13
NC_k0021,-0.0210526315789474,-0.0210526315789474,0.278705008556997,-106.939525227851,-47.4023100600167,-100.496369794122,-51.6438528243059,92.1536764877977,46.5436050385678,109.770944723504,55.4965266391429,1,640,5.72190632035311,3.56062361889769,3.06323487995282,0.91166121879791,-2.99136633640002e-18,-5.11637678643649e-19,0,1.09161371077398e-19,-0.00169181551303685,0.000324800267670844,1,-7.67419401264749e-20,1.03738939565047e-19,1,-0.01576965059062,0.00743347769776724,0.00743347769776724,-0.00490678345698626,-0.00639315530433366,0.00364612015319482,0.00364612015319482,0.00422118215147607,1,0,1.0842021724855e-19,1,-0.0157696403435475,0.00743405843821238,0.00743405843821238,-0.00490719754066121,-0.00639296920373054,0.00364640500633179,0.00364640500633179,0.00422095362952231,-18.6339635865811,29.7402310854114,-4.44254031642574,9.42055813634063,-4.44254031642574,9.42055813634063,6.27030055094607,8.55711248112492,2.49366499671666e-18,2.44630921094982e-19,-2.43458900805736e-19,0,0,0,-0.0157696505906199,-0.00490678345698626,0.00743347769776725,-0.00639315530433366,0.00422118215147607,0.00364612015319482,1.70156785023211e-12,1.29508560844201e-08,6.20969184812429e-13,1.03738939565047e-19,6.93889390390723e-18,6.83171248730091e-14
NC_k0021,-0.00855263157894737,-0.00855263157894737,0.279212512740159,-104.33958971259,-49.1247603732035,-101.491618057793,-50.7876587441144,96.4918596101154,49.5616562924306,103.828070075347,53.3465415117548,1,640,2.36302301206936,1.45673748602465,1.26052096437103,0.367769772458712,1.71666446884355e-19,4.77084690096084e-19,0,-4.55147860251178e-20,-0.00168873336532067,0.000322974572492009,1,4.88741124141832e-20,9.05899461866278e-20,1,-0.0157696505906199,0.00743347769776724,0.00743347769776724,-0.00490678345698627,-0.00639315530433365,0.00364612015319482,0.00364612015319482,0.00422118215147607,1,0,1.0842021724855e-19,1,-0.0157696403435475,0.00743405843821238,0.00743405843821238,-0.00490719754066121,-0.00639296920373054,0.00364640500633179,0.00364640500633179,0.00422095362952231,-18.6874555229239,29.6998530740897,-4.44114986626862,9.38348180462613,-4.44114986626862,9.38348180462613,6.32596175748136,8.60934348679803,2.92734586571086e-18,-3.44487648374554e-19,-5.34915538324689e-19,0,0,0,-0.0157696505906199,-0.00490678345698626,0.00743347769776725,-0.00639315530433366,0.00422118215147607,0.00364612015319482,1.613002563887e-12,8.7670801675326e-09,4.12769748578357e-13,9.05899461866278e-20,6.07153216591882e-18,5.16914488483495e-15
NC_k0021,0.00394736842105262,0.00394736842105262,0.279303017493863,-102.120802420289,-50.4113646254811,-103.451590723086,-49.6483588192844,101.729850334789,52.406330890553,98.3315160387945,50.6490209543979,1,640,-1.09306022390959,-0.672981484009575,-0.58279376361333,-0.169500446154794,-8.41341944639936e-20,-2.92504299488551e-19,0,5.86305618177586e-21,-0.00168825341836817,0.000322699439551944,1,-5.22590905155454e-20,5.27724330283528e-20,1,-0.0157696505906199,0.00743347769776724,0.00743347769776724,-0.00490678345698626,-0.00639315530433366,0.00364612015319482,0.00364612015319482,0.00422118215147607,1,0,1.0842021724855e-19,1,-0.0157696403435475,0.00743405843821238,0.00743405843821238,-0.00490719754066121,-0.00639296920373054,0.00364640500633179,0.00364640500633179,0.00422095362952231,-18.6963416592772,29.6953376466597,-4.4411152904333,9.37763940665073,-4.4411152904333,9.37763940665073,6.33419184821475,8.61811660645616,1.78893358460108e-18,-8.82189260801694e-19,-3.03248215147057e-20,0,0,0,-0.0157696505906199,-0.00490678345698626,0.00743347769776725,-0.00639315530433366,0.00422118215147607,0.00364612015319482,3.62262673966922e-12,9.89438455030702e-09,9.97174526881435e-13,5.27724330283528e-20,3.46944695195361e-18,5.58484245388656e-14
NC_k0021,0.0164473684210526,0.0164473684210526,0.278925348436847,-100.728703265595,-51.3473482914413,-105.969931169038,-48.0858889746968,107.556044387567,54.7778321066304,93.6322752086295,47.6493557773521,1,640,-4.50640089306946,-2.7916276277699,-2.40834941187697,-0.710114559924236,-5.99179857231361e-19,2.46036601397773e-20,0,-3.62546645037092e-19,-0.00169038111815628,0.000323936145803896,1,-4.33484260926507e-20,2.86994732728915e-20,1,-0.0157696505906199,0.00743347769776724,0.00743347769776724,-0.00490678345698626,-0.00639315530433366,0.00364612015319482,0.00364612015319482,0.00422118215147607,1,0,1.0842021724855e-19,1,-0.0157696403435475,0.00743405843821238,0.00743405843821238,-0.00490719754066121,-0.00639296920373054,0.00364640500633179,0.00364640500633179,0.00422095362952231,-18.6581061747032,29.7188898723876,-4.44160934345322,9.40331910130559,-4.44160934345322,9.40331910130559,6.29686205697094,8.58057869885865,1.51788304147971e-18,-1.31666936066073e-19,-2.4380651371105e-19,0,0,0,-0.0157696505906199,-0.00490678345698626,0.00743347769776725,-0.00639315530433366,0.00422118215147607,0.00364612015319482,1.22729582891271e-12,1.69909139994529e-08,4.6771491662973e-13,4.33484260926507e-20,3.46944695195361e-18,3.10468003019701e-14
NC_k0021,0.0289473684210526,0.0289473684210526,0.27833585727374,-100.511954789185,-52.1510891624317,-108.547314339962,-46.1336244650421,113.563820674552,56.5216151892778,89.9846065364921,44.7589590707908,1,640,-7.70532037409144,-4.84744779541659,-4.14241349593766,-1.2606592530373,7.20566957762293e-19,-2.60277342823485e-19,0,-2.11165975494987e-19,-0.00169506398036476,0.000326837303511143,1,1.19870235240007e-19,3.79167653636059e-20,1,-0.0157696505906199,0.00743347769776724,0.00743347769776724,-0.00490678345698626,-0.00639315530433366,0.00364612015319482,0.00364612015319482,0.00422118215147607,1,0,1.0842021724855e-19,1,-0.0157696403435475,0.00743405843821238,0.00743405843821238,-0.00490719754066121,-0.00639296920373054,0.00364640500633179,0.00364640500633179,0.00422095362952231,-18.5861811547745,29.8072555848835,-4.44679828839528,9.46020659719521,-4.44679828839528,9.46020659719521,6.2072988431275,8.50999623147246,1.62630325872826e-18,-6.62454899152861e-19,-1.46712835896589e-20,0,0,0,-0.0157696505906199,-0.00490678345698626,0.00743347769776725,-0.00639315530433366,0.00422118215147607,0.00364612015319482,5.09024376790852e-13,1.2916845872965e-08,4.35899117833214e-12,1.19870235240007e-19,3.46944695195361e-18,1.26644052897508e-13
NC_k0022,-0.0335526315789474,-0.0335526315789474,0.370256438976871,46.113829809958,-122.050948401927,73.2066725881322,-176.001239764366,-39.3345815152073,137.745059939141,-75.861405565147,160.420302955984,1,640,-1.37558613760124,6.3361948760323,1.63700088368225,-6.62304523549225,1.84189961358408e-19,6.43056825643624e-19,0,1.69726873784041e-18,0.00105555756256398,-0.00031910200182855,1,-4.04452382860118e-20,1.64905334986724e-19,1,0.00921842681296943,-0.00503965169388544,-0.00503965169388544,0.00145752932466205,-0.0151678539211591,0.00175471875137047,0.00175471875137047,0.00737260440386989,1,0,-2.16840434497101e-19,1,0.00921837949032452,-0.00504004541667402,-0.00504004541667402,0.00145778516207527,-0.015167489803316,0.00175485583877292,0.00175485583877292,0.00737208803505967,11.0936001265966,-9.29556851592857,-20.927426637421,-4.65156330906826,-20.927426637421,-4.65156330906826,10.2410817669211,22.4454711033976,1.13841228110978e-18,7.77347532670132e-20,7.8851976411745e-19,0,0,0,0.00921842681296943,0.00145752932466205,-0.00503965169388544,-0.0151678539211591,0.00737260440386989,0.00175471875137047,4.36777495865662e-13,1.19255868163882e-08,3.17380922081685e-12,1.64905334986724e-19,4.33680868994202e-18,4.93257289611232e-14
NC_k0022,-0.0210526315789474,-0.0210526315789474,0.366533301562645,51.2522276755178,-132.028677856714,67.9956987294977,-166.533928511398,-45.9918547476054,142.574852924342,-69.1373880618564,156.146066876031,1,640,-0.852389099349233,4.05798172099206,1.05784556514213,-4.18329241123975,4.3778401441224e-20,1.52360051387367e-18,0,1.43212095557021e-18,0.00105145870997689,-0.000320331145668949,1,8.97966517809837e-20,9.85939906973006e-20,1,0.00921842681296943,-0.00503965169388544,-0.00503965169388544,0.00145752932466205,-0.0151678539211591,0.00175471875137047,0.00175471875137047,0.00737260440386989,1,0,-2.16840434497101e-19,1,0.00921837949032452,-0.00504004541667402,-0.00504004541667402,0.00145778516207527,-0.015167489803316,0.00175485583877292,0.00175485583877292,0.00737208803505967,11.0475669756273,-9.292995933825,-20.6228731092892,-4.62433514697746,-20.6228731092892,-4.62433514697746,10.181060187646,22.3319654158787,1.62630325872826e-18,-2.58459404574256e-19,7.63928120089589e-19,0,0,0,0.00921842681296943,0.00145752932466205,-0.00503965169388544,-0.0151678539211591,0.00737260440386989,0.00175471875137047,1.25921754137619e-12,1.13792679814078e-08,4.50097038953224e-13,9.85939906973006e-20,1.21430643318376e-17,3.55905465717036e-14
NC_k0022,-0.00855263157894737,-0.00855263157894737,0.364627421751649,56.1889695938257,-142.362970349913,62.9211038625388,-156.505397603474,-52.7759468731868,146.847479718031,-62.2210403038653,152.201449462464,1,640,-0.338776601576869,1.66643724095695,0.438128010995431,-1.70191757821556,8.16615881156546e-19,1.2386268666818e-18,0,2.26094269445854e-18,0.00104928405156351,-0.000321134108410319,1,5.56638368858892e-20,1.05895450970763e-19,1,0.00921842681296943,-0.00503965169388544,-0.00503965169388544,0.00145752932466205,-0.0151678539211591,0.00175471875137047,0.00175471875137047,0.00737260440386989,1,0,-2.16840434497101e-19,1,0.00921837949032452,-0.00504004541667402,-0.00504004541667402,0.00145778516207527,-0.015167489803316,0.00175485583877292,0.00175485583877292,0.00737208803505967,11.0352032402345,-9.29376840940961,-20.4597259676333,-4.61351492309814,-20.4597259676333,-4.61351492309814,10.1630170794446,22.276628026959,1.30104260698261e-18,-5.07814549180204e-20,-1.89908320603729e-19,0,0,0,0.00921842681296943,0.00145752932466205,-0.00503965169388544,-0.0151678539211591,0.00737260440386989,0.00175471875137047,2.15753787295343e-12,7.85551107427386e-09,1.42144337268301e-12,1.05895450970763e-19,3.46944695195361e-18,2.96869457543653e-14
NC_k0022,0.00394736842105262,0.00394736842105262,0.364334254140039,61.0915495059262,-152.724265376392,57.989677432503,-146.18889948224,-59.6656309565818,150.778672435087,-55.3036262362391,148.318849471106,1,640,0.155723449695771,-0.770431820198346,-0.202853762265855,0.785530170189058,1.36257822711165e-18,1.34077374616475e-18,0,1.29543101370705e-19,0.00104895121968518,-0.000321264309141123,1,1.05994309621877e-19,7.57238274227545e-20,1,0.00921842681296943,-0.00503965169388544,-0.00503965169388544,0.00145752932466205,-0.0151678539211591,0.00175471875137047,0.00175471875137047,0.00737260440386989,1,0,-2.16840434497101e-19,1,0.00921837949032452,-0.00504004541667402,-0.00504004541667402,0.00145778516207527,-0.015167489803316,0.00175485583877292,0.00175485583877292,0.00737208803505967,11.033982207546,-9.29383863456364,-20.434284988263,-4.61202807579802,-20.434284988263,-4.61202807579802,10.1611308159337,22.2681101856133,1.0842021724855e-18,3.06668216415273e-20,-3.92576784773542e-19,0,0,0,0.00921842681296943,0.00145752932466205,-0.00503965169388544,-0.0151678539211591,0.00737260440386989,0.00175471875137047,6.15722576971858e-12,8.17297290969112e-09,2.57331763906009e-12,1.05994309621877e-19,3.46944695195361e-18,7.61816252527289e-15
NC_k0022,0.0164473684210526,0.0164473684210526,0.365639088255476,66.1060900787433,-162.890075680036,53.0870370847711,-135.8187549706,-66.5993970232341,154.669328311957,-48.4782775468501,144.208528734261,1,640,0.660033126932389,-3.18647938873343,-0.833727266394359,3.2709680947057,8.22080216896026e-19,-6.00943406297324e-19,0,4.86887772971573e-18,0.00105043796974454,-0.000320696999019182,1,1.20959834681379e-19,-5.21381681034995e-20,1,0.00921842681296943,-0.00503965169388544,-0.00503965169388544,0.00145752932466205,-0.0151678539211591,0.00175471875137047,0.00175471875137047,0.00737260440386989,1,0,-2.16840434497101e-19,1,0.00921837949032452,-0.00504004541667402,-0.00504004541667402,0.00145778516207527,-0.015167489803316,0.00175485583877292,0.00175485583877292,0.00737208803505967,11.0408335918259,-9.29342170192681,-20.5468105178249,-4.61899407199613,-20.5468105178249,-4.61899407199613,10.1713933040021,22.3059688708877,1.0842021724855e-18,6.68079334090291e-20,1.19109299936544e-20,0,0,0,0.00921842681296943,0.00145752932466205,-0.00503965169388544,-0.0151678539211591,0.00737260440386989,0.00175471875137047,1.68717531049573e-12,9.89731298734979e-09,1.78669687731795e-12,1.20959834681379e-19,3.46944695195361e-18,1.26010202415097e-14
NC_k0022,0.0289473684210526,0.0289473684210526,0.368639639797061,71.2788853894216,-172.595413500437,48.0330370046054,-125.647766623986,-73.4233213138433,158.788777395689,-41.7663618555695,139.585190972851,1,640,1.18650432156601,-5.51451960414424,-1.42824504325082,5.7340932595236,3.02602520406599e-19,1.07263487879956e-18,0,4.92004381368581e-18,0.00105382863623289,-0.000319562096070206,1,-2.42727667920365e-21,5.73829964746113e-20,1,0.00921842681296942,-0.00503965169388544,-0.00503965169388544,0.00145752932466205,-0.0151678539211591,0.00175471875137047,0.00175471875137047,0.00737260440386989,1,0,-2.16840434497101e-19,1,0.00921837949032452,-0.00504004541667402,-0.00504004541667402,0.00145778516207527,-0.015167489803316,0.00175485583877292,0.00175485583877292,0.00737208803505967,11.0700418747835,-9.29289631163516,-20.7978634922041,-4.63868364877225,-20.7978634922041,-4.63868364877225,10.2115037052977,22.3947037215483,1.30104260698261e-18,3.33817437328734e-19,2.79053089893294e-19,0,0,0,0.00921842681296943,0.00145752932466205,-0.00503965169388544,-0.0151678539211591,0.00737260440386989,0.00175471875137047,5.04180979498771e-13,9.13508035920669e-09,3.14532482472747e-12,5.73829964746113e-20,4.33680868994202e-18,1.23478701407939e-14
NC_k0023,-0.0335526315789474,-0.0335526315789474,0.613655880062963,19.8042527755382,0.326760914741011,30.3794722271422,-19.0207009289092,-22.0127115111998,-4.75754712800584,-23.9216740000966,20.8356904683662,1,640,-4.66292033615386,19.792913122906,4.99289761962816,-1.2070133496804,2.35501629116297e-19,5.36383613848786e-19,0,9.42238127036704e-19,0.000309141901734955,-0.000467016580867907,1,7.30063960342348e-20,6.62994683180349e-20,1,0.00179059656442486,-0.00748668606960372,-0.00748668606960372,-0.00832749512316029,-0.00107299813618593,0.0163878394980998,0.0163878394980998,-0.00129750229158753,1,0,-5.42101086242752e-20,1,0.0017903351085466,-0.00748727096695291,-0.00748727096695291,-0.008327361341082,-0.00107302567045096,0.0163891197980606,0.0163891197980606,-0.00129752105615899,4.69302877921218,-26.2518948155324,-4.06747484942117,0.549186706005583,-4.06747484942117,0.549186706005583,60.0440305822229,0.667540041291615,2.60208521396521e-18,8.92122668908955e-20,-1.02701739929835e-18,0,0,0,0.00179059656442486,-0.00832749512316028,-0.00748668606960372,-0.00107299813618593,-0.00129750229158753,0.0163878394980998,1.14966053614327e-13,2.34987295874853e-08,1.12267908605764e-12,7.30063960342348e-20,6.93889390390723e-18,1.44735583664414e-15
NC_k0023,-0.0210526315789474,-0.0210526315789474,0.612181836279315,21.0925088668099,-5.31053104959798,28.2604765571022,-17.4100997927579,-22.0697316716269,1.76495517898877,-23.043537576662,18.3863646639731,1,640,-2.88583920110651,12.6601848436964,3.22553406205468,-0.776834152145375,-6.09188742643253e-19,-2.32833475332446e-18,0,-6.5586654460962e-19,0.000304701224521726,-0.000463350498067252,1,8.61288309969379e-20,2.26620449886193e-19,1,0.00179059656442485,-0.00748668606960372,-0.00748668606960372,-0.00832749512316029,-0.00107299813618593,0.0163878394980998,0.0163878394980998,-0.00129750229158753,1,0,-5.42101086242752e-20,1,0.0017903351085466,-0.00748727096695291,-0.00748727096695291,-0.008327361341082,-0.00107302567045096,0.0163891197980606,0.0163891197980606,-0.00129752105615899,4.62114494554518,-26.212577832012,-3.92789913081675,0.471654753843993,-3.92789913081675,0.471654753843993,60.0081596294777,0.758120976917093,1.73472347597681e-18,4.64300096263874e-19,7.85612779611551e-20,0,0,0,0.00179059656442486,-0.00832749512316028,-0.00748668606960372,-0.00107299813618593,-0.00129750229158753,0.0163878394980998,5.64749754198568e-13,1.82393831339346e-08,4.75678810899293e-13,2.26620449886193e-19,4.11996825544492e-18,2.48456496680912e-14
NC_k0023,-0.00855263157894737,-0.00855263157894737,0.611916895853494,22.9744521801136,-10.1133045320447,26.0030514450468,-14.996438152695,-22.1992381511304,7.85064376723203,-22.5452551031961,14.7124158452365,1,640,-1.1582727330462,5.18067571796266,1.32739298502242,-0.319575973111443,4.46254014305008e-19,-2.35819266471518e-19,0,-3.66941455631586e-19,0.000302606132971551,-0.000461514072926456,1,1.68955917579248e-19,2.36863780198117e-19,1,0.00179059656442486,-0.00748668606960372,-0.00748668606960372,-0.00832749512316029,-0.00107299813618593,0.0163878394980998,0.0163878394980998,-0.00129750229158753,1,0,-5.42101086242752e-20,1,0.0017903351085466,-0.00748727096695291,-0.00748727096695291,-0.008327361341082,-0.00107302567045096,0.0163891197980606,0.0163891197980606,-0.00129752105615899,4.6009058994598,-26.2151274902517,-3.8502298775743,0.42264615161702,-3.8502298775743,0.42264615161702,60.0446298766811,0.797067991559372,1.73472347597681e-18,3.0888503777124e-20,-4.5372531741062e-20,0,0,0,0.00179059656442486,-0.00832749512316028,-0.00748668606960372,-0.00107299813618593,-0.00129750229158753,0.0163878394980998,1.91927809225109e-12,1.16400809035024e-08,7.59387992178795e-13,2.36863780198117e-19,3.46944695195361e-18,4.318120346918e-14
NC_k0023,0.00394736842105262,0.00394736842105262,0.611903091067216,25.1654824644199,-13.8718096824311,23.7590627358415,-11.6206229561581,-22.4244656864348,13.0619928362593,-22.2682729485761,9.8878802498884,1,640,0.533408738581046,-2.39323798837165,-0.613743652430865,0.147790040010707,6.87698108941886e-19,1.57511070497857e-18,0,8.94030040937113e-19,0.000302305419150173,-0.000461239790722133,1,2.19602155691252e-19,5.82369916631409e-20,1,0.00179059656442486,-0.00748668606960372,-0.00748668606960372,-0.00832749512316028,-0.00107299813618593,0.0163878394980998,0.0163878394980998,-0.00129750229158753,1,0,-5.42101086242752e-20,1,0.0017903351085466,-0.00748727096695291,-0.00748727096695291,-0.008327361341082,-0.00107302567045096,0.0163891197980606,0.0163891197980606,-0.00129752105615899,4.5990240297053,-26.2167792736689,-3.8380195060347,0.41456994126736,-3.8380195060347,0.41456994126736,60.0531691511369,0.802415074947326,1.73472347597681e-18,-8.15877111952162e-19,1.48059891736995e-19,0,0,0,0.00179059656442486,-0.00832749512316028,-0.00748668606960372,-0.00107299813618593,-0.00129750229158753,0.0163878394980998,1.98827525998826e-12,1.21341612638597e-08,1.29835447352341e-12,2.19602155691252e-19,3.46944695195361e-18,7.25750884957175e-16
NC_k0023,0.0164473684210526,0.0164473684210526,0.612019815644461,27.4365668880773,-16.6238560038082,21.7319778783708,-7.19676791135964,-22.8245737365519,17.1736810493553,-22.1079649869232,4.08888053117476,1,640,2.24270115768507,-9.92699463563809,-2.53581684772453,0.610520450942556,-2.42047605611797e-18,-1.85701385773665e-18,0,-9.21702541149462e-19,0.000303692137111618,-0.000462478193818866,1,2.41417147639724e-19,2.25385741603878e-19,1,0.00179059656442486,-0.00748668606960372,-0.00748668606960372,-0.00832749512316028,-0.00107299813618593,0.0163878394980998,0.0163878394980998,-0.00129750229158753,1,0,-5.42101086242752e-20,1,0.0017903351085466,-0.00748727096695291,-0.00748727096695291,-0.008327361341082,-0.00107302567045096,0.0163891197980606,0.0163891197980606,-0.00129752105615899,4.60994070775513,-26.2120321373234,-3.89185763855282,0.449439665415748,-3.89185763855282,0.449439665415748,60.0211303947252,0.777295444239337,3.46944695195361e-18,-3.20966827976185e-19,-7.69429094093633e-19,0,0,0,0.00179059656442486,-0.00832749512316028,-0.00748668606960372,-0.00107299813618593,-0.00129750229158753,0.0163878394980998,3.67267388004608e-13,1.11813334877083e-08,2.58386781932857e-12,2.41417147639724e-19,1.04083408558608e-17,2.12241647346601e-14
NC_k0023,0.0289473684210526,0.0289473684210526,0.612852006050938,29.6245683069178,-18.5092256925865,20.189790907737,-1.81571539915957,-23.5445562579549,20.0749071480515,-22.0257562942915,-2.34794104186712,1,640,4.00655334132263,-17.2330132362144,-4.36473176531426,1.05293704335383,-1.16009103060357e-18,4.60507990620522e-18,0,-5.46953327715988e-19,0.000307187465368985,-0.000465429544956408,1,1.10856438003058e-19,-2.14120599488865e-19,1,0.00179059656442486,-0.00748668606960372,-0.00748668606960372,-0.00832749512316028,-0.00107299813618593,0.0163878394980998,0.0163878394980998,-0.00129750229158753,1,0,-5.42101086242752e-20,1,0.0017903351085466,-0.00748727096695291,-0.00748727096695291,-0.008327361341082,-0.00107302567045096,0.0163891197980606,0.0163891197980606,-0.00129752105615899,4.65763793743993,-26.2271703759612,-4.00920729761834,0.518457290055883,-4.00920729761834,0.518457290055883,60.009864279335,0.708326902314837,1.73472347597681e-18,-2.09259349895658e-19,-6.6136959658217e-19,0,0,0,0.00179059656442486,-0.00832749512316028,-0.00748668606960372,-0.00107299813618593,-0.00129750229158753,0.0163878394980998,2.10074418737751e-13,1.20655970432385e-08,1.80686716767363e-12,2.14120599488865e-19,4.77048955893622e-18,1.15940345914613e-14
NC_k0024,-0.0335526315789474,-0.0335526315789474,0.358145379647777,69.674862331434,38.2823755112052,60.7179466422626,53.7945132199569,-53.3380668897093,-34.9390962894212,-75.3594909126529,-55.9108256135269,1,640,0.553576120932976,-14.7458265366534,-4.68344263718781,-0.32511834459294,-2.34596362653919e-18,-3.26899131102996e-18,0,-1.37455580238142e-18,0.00109699282957423,0.000504697945189126,1,-4.77463567745229e-21,-6.53198103425416e-20,1,0.010892794888854,0.00224738392473582,0.00224738392473582,0.00832526892141889,0.00777046573001903,-0.0121066857951696,-0.0121066857951696,-0.000184942655679286,1,0,0,1,0.0108929324182668,0.00224755950160494,0.00224755950160494,0.00832550674481484,0.00777038442832277,-0.0121076316299974,-0.0121076316299974,-0.000184713199235475,11.3895610112398,5.2330814836423,7.87784918065362,-7.63718022662438,7.87784918065362,-7.63718022662438,-38.9448683931192,-6.34848138665432,2.60208521396521e-18,-3.96809222730635e-20,7.11912860795135e-19,0,0,0,0.010892794888854,0.00832526892141889,0.00224738392473582,0.00777046573001903,-0.000184942655679282,-0.0121066857951696,3.39884630244864e-13,2.2362266163542e-08,4.14286379761993e-12,6.53198103425416e-20,6.93889390390723e-18,1.22446950218435e-14
NC_k0024,-0.0210526315789474,-0.0210526315789474,0.358221718672621,67.9915764880819,42.8611065232699,61.4765755634729,52.3902964056675,-56.5622165803618,-40.136066376616,-71.1854422492427,-53.9088785117862,1,640,0.227293480727233,-9.41770918279176,-3.03283718168135,-0.19357420417962,-5.75161840965272e-19,1.6161123935816e-18,0,3.82443647491442e-19,0.0010961866451972,0.000504172994691291,1,4.005949457853e-21,-3.2146133254751e-19,1,0.010892794888854,0.00224738392473582,0.00224738392473582,0.00832526892141889,0.00777046573001903,-0.0121066857951696,-0.0121066857951696,-0.000184942655679284,1,0,0,1,0.0108929324182668,0.00224755950160494,0.00224755950160494,0.00832550674481484,0.00777038442832277,-0.0121076316299974,-0.0121076316299974,-0.000184713199235475,11.5190858215049,5.31350784056911,7.75295029697607,-7.51391666728205,7.75295029697607,-7.51391666728205,-38.9668871551669,-6.41221550502755,2.60208521396521e-18,-5.75430776516664e-20,5.24419305287145e-19,0,0,0,0.010892794888854,0.00832526892141889,0.00224738392473582,0.00777046573001903,-0.000184942655679282,-0.0121066857951696,7.94933858579087e-13,1.26872895380135e-08,2.70127570958045e-12,3.2146133254751e-19,6.93889390390723e-18,3.56415150664206e-15
NC_k0024,-0.00855263157894737,-0.00855263157894737,0.358433318840366,65.888127718013,46.6972954062839,63.0337505345677,50.5037144800709,-60.5373370042106,-45.1404057870711,-66.6499611922095,-50.8657742123171,1,640,0.0658223575670917,-3.85069949436036,-1.24900945514178,-0.0761689709250187,1.01441459856563e-18,-7.43694927689276e-19,0,5.10884944286226e-19,0.00109553002684768,0.000503986022916303,1,-1.24752214714149e-19,-2.56902514228157e-19,1,0.010892794888854,0.00224738392473582,0.00224738392473582,0.00832526892141889,0.00777046573001903,-0.0121066857951696,-0.0121066857951696,-0.000184942655679284,1,0,0,1,0.0108929324182668,0.00224755950160494,0.00224755950160494,0.00832550674481484,0.00777038442832277,-0.0121076316299974,-0.0121076316299974,-0.000184713199235475,11.5881077696387,5.35848953813241,7.68547871457283,-7.44354964917716,7.68547871457283,-7.44354964917716,-39.0087041477653,-6.44476006879684,2.60208521396521e-18,-3.05011809472085e-19,2.58944881119793e-19,0,0,0,0.010892794888854,0.00832526892141889,0.00224738392473582,0.00777046573001903,-0.000184942655679282,-0.0121066857951696,9.30111394744319e-13,8.96827439117119e-09,3.67930189958421e-12,2.56902514228157e-19,6.93889390390723e-18,1.03763990036615e-14
NC_k0024,0.00394736842105262,0.00394736842105262,0.358471734437881,63.7494125132227,49.6343361482985,65.0818747477008,47.8823998640935,-64.9637766225574,-49.4876727442082,-62.1307081016601,-46.8362021486311,1,640,-0.0285201202425268,1.77866601916354,0.577548146643925,0.0349635632341626,-4.16899028726726e-19,1.54186466179884e-19,0,-2.02846027457806e-18,0.00109541302245013,0.000503962788325625,1,-6.67535314958315e-20,-1.21788615354443e-19,1,0.010892794888854,0.00224738392473582,0.00224738392473582,0.00832526892141889,0.00777046573001903,-0.0121066857951696,-0.0121066857951696,-0.000184942655679284,1,0,0,1,0.0108929324182668,0.00224755950160494,0.00224755950160494,0.00832550674481484,0.00777038442832277,-0.0121076316299974,-0.0121076316299974,-0.000184713199235475,11.5984882798718,5.36551053798867,7.67492992635066,-7.4322969423263,7.67492992635066,-7.4322969423263,-39.0165765732312,-6.44959044127247,2.60208521396521e-18,6.57851307146177e-19,1.77853884000644e-19,0,0,0,0.010892794888854,0.00832526892141889,0.00224738392473582,0.00777046573001903,-0.000184942655679282,-0.0121066857951696,1.97256076442636e-12,1.25279240974797e-08,4.82517300630882e-12,1.21788615354443e-19,5.20417042793042e-18,3.85589024982901e-14
NC_k0024,0.0164473684210526,0.0164473684210526,0.358312426644743,61.9724986239194,51.766672531883,67.2482433672699,44.3776437785755,-69.5369091335983,-52.9105256618428,-57.95762390566,-42.0331257024306,1,640,-0.153666033793915,7.38171407295628,2.38525585292357,0.149086493575055,1.18182271965656e-18,4.65219611389624e-18,0,5.15350065232787e-19,0.00109590018588628,0.000504077957990832,1,-6.86810803334734e-20,-3.64202970091302e-20,1,0.010892794888854,0.00224738392473582,0.00224738392473582,0.00832526892141889,0.00777046573001903,-0.0121066857951696,-0.0121066857951696,-0.000184942655679285,1,0,0,1,0.0108929324182668,0.00224755950160494,0.00224755950160494,0.00832550674481484,0.00777038442832277,-0.0121076316299974,-0.0121076316299974,-0.000184713199235475,11.5517623576389,5.33450332657458,7.72152847046035,-7.48149518015772,7.72152847046035,-7.48149518015772,-38.9844649519892,-6.42772486684653,1.73472347597681e-18,1.50388606089513e-19,5.41545847307945e-19,0,0,0,0.010892794888854,0.00832526892141889,0.00224738392473582,0.00777046573001903,-0.000184942655679282,-0.0121066857951696,4.83812484514714e-13,7.27294329080805e-09,4.0995643959874e-12,6.86810803334734e-20,3.74049749507499e-18,1.08446715693751e-14
NC_k0024,0.0289473684210526,0.0289473684210526,0.358105983578384,60.8862915267889,53.3139239818013,69.1198741436193,40.0282927704426,-73.8858448074399,-55.2883485275103,-54.4143276467871,-36.8351728912165,1,640,-0.409300514421537,12.8304635717282,4.09898380891119,0.27471759390216,1.13749907371352e-18,-3.56359995799685e-18,0,-1.66814856815851e-18,0.00109672261177986,0.000504442258380833,1,-1.2296706696009e-19,9.56710593864201e-20,1,0.010892794888854,0.00224738392473582,0.00224738392473582,0.00832526892141889,0.00777046573001903,-0.0121066857951696,-0.0121066857951696,-0.000184942655679283,1,0,0,1,0.0108929324182668,0.00224755950160494,0.00224755950160494,0.00832550674481484,0.00777038442832277,-0.0121076316299974,-0.0121076316299974,-0.000184713199235475,11.4432892827006,5.26613052852104,7.82493771729834,-7.58595900446914,7.82493771729834,-7.58595900446914,-38.9432524626981,-6.37549962549959,1.30104260698261e-18,8.60803367778757e-19,1.34428548175801e-19,0,0,0,0.010892794888854,0.00832526892141889,0.00224738392473582,0.00777046573001903,-0.000184942655679282,-0.0121066857951696,3.9222424800845e-13,1.21731221307774e-08,3.1649228458715e-12,1.2296706696009e-19,3.46944695195361e-18,9.300791460097e-16
NC_k0025,-0.0335526315789474,-0.0335526315789474,0.37453173353143,-102.52728382552,-69.8144143447648,-127.020377270382,-70.929895825443,96.7978389144923,85.1624768535951,128.804116395222,56.3805658244012,1,640,-10.2924927351862,-13.0880880206666,-7.71559164943136,1.60785527188139,1.0264715831742e-18,2.94116309066295e-18,0,1.15133925292761e-18,-0.000283501673899043,0.000285591115000315,1,-9.457007238813e-20,-2.02564900430076e-20,1,-0.00763455358412234,-0.00511308436295233,-0.00511308436295233,0.0140282183419054,-0.00205238742742985,-0.00888579138831072,-0.00888579138831072,0.00596736686248431,1,2.16840434497101e-19,-6.7762635780344e-21,1,-0.00763406804497575,-0.00511348382266819,-0.00511348382266819,0.0140278576790237,-0.00205219255938283,-0.00888648559076294,-0.00888648559076294,0.00596724845887938,-18.3937780841057,-13.9994395972341,-8.81108916160619,12.6641087646441,-8.81108916160619,12.6641087646441,-38.7161555917865,10.8542534838639,1.51788304147971e-18,1.06762301835889e-18,2.83035697982065e-19,0,0,0,-0.00763455358412233,0.0140282183419054,-0.00511308436295233,-0.00205238742742985,0.00596736686248431,-0.00888579138831073,4.31565760496411e-13,2.26483430757452e-08,7.65666075614067e-13,9.457007238813e-20,6.93889390390723e-18,1.2598259191997e-14
NC_k0025,-0.0210526315789474,-0.0210526315789474,0.373912595957172,-107.524958107766,-68.0790186420636,-123.467044387605,-69.2994405494415,103.366164285997,78.6757880428979,123.637546881353,59.4829178846561,1,640,-6.62114208691239,-8.47853756452839,-4.98289428497547,1.03876428725582,2.20477382214374e-18,1.18363589955928e-18,0,1.14550907717518e-18,-0.000279711343753645,0.00028297608301065,1,-1.29993947630282e-20,-1.69815144295101e-19,1,-0.00763455358412233,-0.00511308436295233,-0.00511308436295233,0.0140282183419054,-0.00205238742742985,-0.00888579138831072,-0.00888579138831072,0.00596736686248431,1,2.16840434497101e-19,-6.7762635780344e-21,1,-0.00763406804497575,-0.00511348382266819,-0.00511348382266819,0.0140278576790237,-0.00205219255938283,-0.00888648559076294,-0.00888648559076294,0.00596724845887938,-18.4293729954245,-14.0834469913991,-8.7428859198699,12.5164178540983,-8.7428859198699,12.5164178540983,-38.6561843961599,10.8276970716599,1.40946282423116e-18,-1.92493333866338e-19,7.51443217288257e-20,0,0,0,-0.00763455358412233,0.0140282183419054,-0.00511308436295233,-0.00205238742742985,0.00596736686248431,-0.00888579138831073,4.57653155574685e-13,1.59054058562964e-08,2.31751641927897e-12,1.69815144295101e-19,3.46944695195361e-18,1.46975630971362e-14
NC_k0025,-0.00855263157894737,-0.00855263157894737,0.373867047056456,-112.741514674119,-67.3883820718766,-119.328535592331,-68.0118005203104,109.903443333435,72.1039795060704,118.155991146133,64.0691787424886,1,640,-2.71981457241583,-3.49266340467334,-2.05011773243943,0.428254110756766,1.32253606801918e-18,4.41772680618441e-18,0,1.5892075169777e-18,-0.000277793353164874,0.000281426078750283,1,3.10465342821193e-20,-1.99999385400794e-19,1,-0.00763455358412234,-0.00511308436295233,-0.00511308436295233,0.0140282183419054,-0.00205238742742985,-0.00888579138831072,-0.00888579138831072,0.00596736686248431,1,2.16840434497101e-19,-6.7762635780344e-21,1,-0.00763406804497575,-0.00511348382266819,-0.00511348382266819,0.0140278576790237,-0.00205219255938283,-0.00888648559076294,-0.00888648559076294,0.00596724845887938,-18.4658264415621,-14.1369447897055,-8.70414244363055,12.4421005912054,-8.70414244363055,12.4421005912054,-38.6654263728522,10.8167579708723,1.30104260698261e-18,1.14307630133435e-18,-9.3263214605396e-20,0,0,0,-0.00763455358412233,0.0140282183419054,-0.00511308436295233,-0.00205238742742985,0.00596736686248431,-0.00888579138831073,1.0534784520427e-12,1.42784044758228e-08,1.60918183261356e-12,1.99999385400794e-19,6.93889390390723e-18,1.91537033424369e-14
NC_k0025,0.00394736842105262,0.00394736842105262,0.373874000197253,-117.650565048328,-67.6890598925994,-114.602821124034,-67.3924235130225,116.024327900527,66.0643824487665,112.214946844317,69.7888031159126,1,640,1.25734395954344,1.61503161878248,0.947883940847575,-0.198177272988329,-2.99637905091209e-19,4.12377659498511e-18,0,4.23152514157627e-19,-0.000277507883893861,0.000281177251086567,1,5.06835198790982e-20,-5.37406888564555e-20,1,-0.00763455358412234,-0.00511308436295233,-0.00511308436295233,0.0140282183419054,-0.00205238742742985,-0.00888579138831072,-0.00888579138831072,0.00596736686248431,1,2.16840434497101e-19,-6.7762635780344e-21,1,-0.00763406804497575,-0.00511348382266819,-0.00511348382266819,0.0140278576790237,-0.00205219255938283,-0.00888648559076294,-0.00888648559076294,0.00596724845887938,-18.4724024869038,-14.1455622712773,-8.69787560080519,12.4307984921016,-8.69787560080519,12.4307984921016,-38.6691100026888,10.8150706710398,1.73472347597681e-18,1.71458160864051e-18,2.19707434836717e-19,0,0,0,-0.00763455358412233,0.0140282183419054,-0.00511308436295233,-0.00205238742742985,0.00596736686248431,-0.00888579138831073,2.6800190370679e-12,1.42241315301518e-08,3.59624452106148e-12,5.37406888564555e-20,1.04083408558608e-17,1.12841424954658e-14
NC_k0025,0.0164473684210526,0.0164473684210526,0.373870926293132,-122.01381023526,-68.7679434213443,-109.457822569355,-67.7026037098035,121.665321812419,61.0188571433224,105.808831653199,76.2285530705681,1,640,5.20077183928227,6.66897623841874,3.91701686564131,-0.817265301672595,2.56533192498825e-18,1.9015624968063e-18,0,-6.30940284030947e-19,-0.000278799115339066,0.000282262411659733,1,8.83828950605792e-20,-9.28358652886211e-20,1,-0.00763455358412233,-0.00511308436295233,-0.00511308436295233,0.0140282183419054,-0.00205238742742985,-0.00888579138831072,-0.00888579138831072,0.0059673668624843,1,2.16840434497101e-19,-6.7762635780344e-21,1,-0.00763406804497575,-0.00511348382266819,-0.00511348382266819,0.0140278576790237,-0.00205219255938283,-0.00888648559076294,-0.00888648559076294,0.00596724845887938,-18.4450898648678,-14.108014193875,-8.7251019686009,12.4813297264483,-8.7251019686009,12.4813297264483,-38.6572849928892,10.8225263709602,1.30104260698261e-18,-3.43333316198881e-19,6.12248329698751e-19,0,0,0,-0.00763455358412233,0.0140282183419054,-0.00511308436295233,-0.00205238742742985,0.00596736686248431,-0.00888579138831073,1.01829905434441e-12,2.4420804073861e-08,6.76630236778757e-13,9.28358652886211e-20,3.90312782094782e-18,2.36078080028341e-14
NC_k0025,0.0289473684210526,0.0289473684210526,0.374170389123276,-125.76913991523,-70.3080420484487,-104.291619898758,-69.0574422695324,126.9236220187,57.3297716549377,99.175068533828,82.8267988368555,1,640,8.9802352931112,11.4564232578004,6.74409732180089,-1.4047525053546,2.6347092173243e-18,1.30690566316438e-18,0,-5.35583109810987e-19,-0.000281882446345804,0.000284537471641679,1,-3.95192331326307e-20,1.08076580045031e-19,1,-0.00763455358412234,-0.00511308436295233,-0.00511308436295233,0.0140282183419054,-0.00205238742742985,-0.00888579138831072,-0.00888579138831072,0.00596736686248431,1,2.16840434497101e-19,-6.7762635780344e-21,1,-0.00763406804497575,-0.00511348382266819,-0.00511348382266819,0.0140278576790237,-0.00205219255938283,-0.00888648559076294,-0.00888648559076294,0.00596724845887938,-18.4030815343543,-14.031522526259,-8.78244137577838,12.599960632483,-8.78244137577838,12.599960632483,-38.6772739676035,10.8413311788778,1.73472347597681e-18,2.02500999532436e-18,2.51696248325712e-19,0,0,0,-0.00763455358412233,0.0140282183419054,-0.00511308436295233,-0.00205238742742985,0.00596736686248431,-0.00888579138831073,3.50265524405529e-13,1.98483281134793e-08,1.31647095253117e-12,1.08076580045031e-19,1.21430643318376e-17,1.64677322572405e-14
NC_k0026,-0.0335526315789474,-0.0335526315789474,0.222946471895667,21.3621882666651,-86.0218949642536,20.6173319224544,-130.898344241529,-13.7413824475075,105.303664415869,-27.9967976046416,117.277885401896,1,640,-5.11675779811497,1.03323252757923,-1.3475633392768,-3.96752543829673,6.26222045816945e-19,-5.19072377989276e-19,0,9.35680239140383e-19,3.32725774480966e-05,0.00189351769069421,1,-4.31153734885789e-20,-5.13776970021342e-20,1,0.00138174908359249,-0.00623142958188206,-0.00623142958188206,-0.00146165364460813,0.0069875301218291,-0.000509136241330345,-0.000509136241330345,0.0175510349137461,1,0,2.16840434497101e-19,1,0.00138169276806497,-0.00623191641231815,-0.00623191641231815,-0.00146159888971657,0.00698797607470624,-0.000509176017599199,-0.000509176017599199,0.0175510682297173,3.24105431008731,-14.8935562895324,-10.5211945173743,-2.56249983202752,-10.5211945173743,-2.56249983202752,-0.835760007072928,20.0037141112442,8.67361737988404e-19,1.31825816942713e-19,-8.07958364381379e-20,0,0,0,0.00138174908359249,-0.00146165364460813,-0.00623142958188206,0.0069875301218291,0.0175510349137461,-0.000509136241330345,9.35434838351601e-13,1.15803140587012e-08,3.37744856506816e-13,5.13776970021342e-20,3.46944695195361e-18,1.48895239983106e-13
NC_k0026,-0.0210526315789474,-0.0210526315789474,0.224123899268134,20.7690570194369,-93.5647343103918,19.6780733073623,-122.591079746773,-15.4038374254648,107.534824033026,-24.7842199139393,114.306361827344,1,640,-3.23181466213586,0.571038752007091,-0.878056050342489,-2.5018694472424,1.2229038175984e-20,-4.11512428577781e-19,0,9.90393273577091e-19,3.36202445492574e-05,0.00188896046960744,1,6.68674192749734e-20,2.88357010972329e-20,1,0.00138174908359249,-0.00623142958188206,-0.00623142958188206,-0.00146165364460813,0.0069875301218291,-0.000509136241330344,-0.000509136241330344,0.0175510349137461,1,0,2.16840434497101e-19,1,0.00138169276806497,-0.00623191641231815,-0.00623191641231815,-0.00146159888971657,0.00698797607470624,-0.000509176017599199,-0.000509176017599199,0.0175510682297173,3.13115971336543,-14.9712141658789,-10.3969917384935,-2.50596727772955,-10.3969917384935,-2.50596727772955,-0.719814791808987,20.1233264142639,1.30104260698261e-18,1.21820187549692e-19,1.52977498992164e-19,0,0,0,0.00138174908359249,-0.00146165364460813,-0.00623142958188206,0.0069875301218291,0.0175510349137461,-0.000509136241330345,1.14147915393961e-12,1.13793967301905e-08,3.5185512958297e-12,6.68674192749734e-20,6.07153216591882e-18,7.18273861450421e-14
NC_k0026,-0.00855263157894737,-0.00855263157894737,0.224882088665608,20.034647234096,-101.874385694482,19.4469696851862,-113.843825147909,-17.6524386822472,109.425100447224,-21.562199204605,111.990917595737,1,640,-1.31118819961501,0.217027217902926,-0.36107312396499,-1.01718118132326,8.76149704816167e-19,5.0915944552844e-19,0,2.66510975919685e-18,3.383664405355e-05,0.00188638897882703,1,1.03561667845923e-19,-8.8085983996489e-20,1,0.00138174908359249,-0.00623142958188206,-0.00623142958188206,-0.00146165364460813,0.0069875301218291,-0.000509136241330344,-0.000509136241330344,0.0175510349137461,1,0,2.16840434497101e-19,1,0.00138169276806497,-0.00623191641231815,-0.00623191641231815,-0.00146159888971657,0.00698797607470624,-0.000509176017599199,-0.000509176017599199,0.0175510682297173,3.07371597693177,-15.0172772827424,-10.3304815248636,-2.47598073788926,-10.3304815248636,-2.47598073788926,-0.659189987042243,20.2001533488651,1.51788304147971e-18,2.80789442735942e-20,4.98230283668367e-19,0,0,0,0.00138174908359249,-0.00146165364460813,-0.00623142958188206,0.0069875301218291,0.0175510349137461,-0.000509136241330345,4.723909394702e-12,6.82772215691324e-09,9.04035251943677e-13,1.03561667845923e-19,4.33680868994202e-18,5.27015328708393e-14
NC_k0026,0.00394736842105262,0.00394736842105262,0.225003489642962,19.5206255752449,-110.590666121021,19.8020550053035,-105.054387719105,-20.433034231781,111.257875692884,-18.6213043465894,110.086748672071,1,640,0.604890259150636,-0.099222490770366,0.166870363565493,0.469429425626547,7.00218314693489e-19,4.01017160965708e-20,0,-3.01795192128747e-19,3.38719561507893e-05,0.00188598489864281,1,1.41749620498528e-19,-5.43351279637424e-20,1,0.00138174908359249,-0.00623142958188206,-0.00623142958188206,-0.00146165364460813,0.00698753012182909,-0.000509136241330344,-0.000509136241330344,0.0175510349137461,1,0,2.16840434497101e-19,1,0.00138169276806497,-0.00623191641231815,-0.00623191641231815,-0.00146159888971657,0.00698797607470624,-0.000509176017599199,-0.000509176017599199,0.0175510682297173,3.06489803830878,-15.0243951480669,-10.3200756563084,-2.47134828234115,-10.3200756563084,-2.47134828234115,-0.649878605145145,20.2124961818684,1.30104260698261e-18,-8.85309489632327e-20,1.00551381615628e-18,0,0,0,0.00138174908359249,-0.00146165364460813,-0.00623142958188206,0.0069875301218291,0.0175510349137461,-0.000509136241330345,5.58855515589989e-12,9.93656176222993e-09,5.47100972329202e-12,1.41749620498528e-19,3.46944695195361e-18,4.15710396194716e-14
NC_k0026,0.0164473684210526,0.0164473684210526,0.224472429023662,19.5132653148494,-119.398529347462,20.4944713288733,-96.5607005737931,-23.5813701618464,113.388085961765,-16.1642069910324,108.26108431624,1,640,2.52434980320366,-0.432339096767657,0.690363533123891,1.95559797210987,1.05180977969793e-18,-3.87517573368842e-19,0,-1.27309051972321e-18,3.37194572900758e-05,0.00188776664807115,1,1.15724444898153e-19,7.28254941144268e-21,1,0.00138174908359249,-0.00623142958188206,-0.00623142958188206,-0.00146165364460813,0.00698753012182909,-0.000509136241330344,-0.000509136241330344,0.0175510349137461,1,0,2.16840434497101e-19,1,0.00138169276806497,-0.00623191641231815,-0.00623191641231815,-0.00146159888971657,0.00698797607470624,-0.000509176017599199,-0.000509176017599199,0.0175510682297173,3.10417170489756,-14.9927606457607,-10.3660211459465,-2.49193082864902,-10.3660211459465,-2.49193082864902,-0.691330558284029,20.1585857909868,1.30104260698261e-18,2.61265329312667e-19,8.88998048745947e-19,0,0,0,0.00138174908359249,-0.00146165364460813,-0.00623142958188206,0.0069875301218291,0.0175510349137461,-0.000509136241330345,1.35554664056689e-12,7.40514082563124e-09,2.41571103024267e-12,1.15724444898153e-19,3.46944695195361e-18,1.73107254333602e-14
NC_k0026,0.0289473684210526,0.0289473684210526,0.223390642417797,20.1868095611847,-127.913942073422,21.1835131728335,-88.6777220158714,-26.8350623700817,116.093407393824,-14.2861116256403,106.169295529789,1,640,4.43392712004067,-0.8451074132983,1.18431050322498,3.43241305774988,3.35954442704737e-19,4.70632681318171e-19,0,-1.17898383579428e-18,3.34137788223373e-05,0.00189164059361087,1,1.84073050306145e-20,4.34025013185376e-20,1,0.00138174908359249,-0.00623142958188206,-0.00623142958188206,-0.00146165364460813,0.00698753012182909,-0.000509136241330344,-0.000509136241330344,0.0175510349137461,1,0,2.16840434497101e-19,1,0.00138169276806497,-0.00623191641231815,-0.00623191641231815,-0.00146159888971657,0.00698797607470624,-0.000509176017599199,-0.000509176017599199,0.0175510682297173,3.19406402499671,-14.9237784350801,-10.4681975041984,-2.53842877449873,-10.4681975041984,-2.53842877449873,-0.786251633761132,20.0491544578993,1.30104260698261e-18,2.35773735081632e-19,1.30190007052043e-18,0,0,0,0.00138174908359249,-0.00146165364460813,-0.00623142958188206,0.0069875301218291,0.0175510349137461,-0.000509136241330345,1.24555349336566e-12,1.01145875845382e-08,3.52390158525552e-12,4.34025013185376e-20,6.93889390390723e-18,7.03236967691107e-14
NC_k0027,-0.0335526315789474,-0.0335526315789474,0.549397083862299,68.4654884881364,49.9792545845522,42.1478818222566,72.5101108975984,-56.0103572643265,-52.3874142363221,-53.5207099282606,-78.0598220782618,1,640,-19.8986885014772,-9.43834007002688,-9.68121942859619,0.438035324160082,1.47508140786376e-18,-1.77376640088931e-18,0,8.0693784860263e-19,0.000380279018497365,-0.00154483335332206,1,-1.14636628370508e-19,3.1076376426592e-20,1,0.00546780616345853,-0.0148737930887004,-0.0148737930887004,-0.000154353349661793,0.00196682104422621,-0.00420214574164677,-0.00420214574164677,-0.0112837554077873,1,0,2.71050543121376e-20,1,0.00546774824484318,-0.0148749551037855,-0.0148749551037855,-0.000154191652671162,0.00196647125821773,-0.00420247403428284,-0.00420247403428284,-0.0112835875931531,8.67697019899409,-57.5828914859985,2.05948485476337,-6.28130648520283,2.05948485476337,-6.28130648520283,-11.5177431986476,-12.911669504251,3.03576608295941e-18,8.66189655857436e-19,1.12533948547104e-19,0,0,0,0.00546780616345854,-0.000154353349661787,-0.0148737930887004,0.00196682104422621,-0.0112837554077873,-0.00420214574164677,4.01397182807693e-13,1.65510669843801e-08,1.103112950904e-12,1.14636628370508e-19,8.67361737988404e-18,2.00059451836186e-14
NC_k0027,-0.0210526315789474,-0.0210526315789474,0.550049794193307,62.2055603850432,54.6902692679318,44.4374795958696,68.9750602325495,-53.4765120247699,-57.2704213345227,-52.1457481562531,-74.3928742871394,1,640,-12.8341185853061,-6.08836017342345,-6.24441799038078,0.310110146172147,-3.50989277518501e-20,1.08195224121936e-19,0,4.64716685577191e-19,0.00037594268597706,-0.0015393674212421,1,6.16298050916808e-20,-1.16953135074009e-20,1,0.00546780616345854,-0.0148737930887004,-0.0148737930887004,-0.000154353349661789,0.0019668210442262,-0.00420214574164677,-0.00420214574164677,-0.0112837554077873,1,0,2.71050543121376e-20,1,0.00546774824484318,-0.0148749551037855,-0.0148749551037855,-0.000154191652671162,0.00196647125821773,-0.00420247403428284,-0.00420247403428284,-0.0112835875931531,8.58756069916411,-57.536978196878,2.06988554605111,-6.29490508502176,2.06988554605111,-6.29490508502176,-11.6898685723433,-13.0737529330965,2.60208521396521e-18,-1.67573136760924e-20,1.795986898308e-19,0,0,0,0.00546780616345854,-0.000154353349661787,-0.0148737930887004,0.00196682104422621,-0.0112837554077873,-0.00420214574164677,2.37786570990831e-13,1.36983474252813e-08,3.01315450868741e-12,6.16298050916808e-20,5.20417042793042e-18,2.68447809332791e-14
NC_k0027,-0.00855263157894737,-0.00855263157894737,0.550945800997332,55.8332407994786,59.4137813295163,48.3610698081824,65.2257732855159,-51.8360256013922,-62.7527228284049,-51.3686209191393,-69.9065834464084,1,640,-5.2742079596637,-2.50379084587001,-2.56673960582616,0.13470661157259,2.49940893889023e-18,-9.21962275861804e-19,0,5.22235516651679e-19,0.000373453520403001,-0.00153671833196377,1,2.19736069760926e-19,5.37734624967823e-20,1,0.00546780616345854,-0.0148737930887004,-0.0148737930887004,-0.000154353349661788,0.00196682104422621,-0.00420214574164677,-0.00420214574164677,-0.0112837554077873,1,0,2.71050543121376e-20,1,0.00546774824484318,-0.0148749551037855,-0.0148749551037855,-0.000154191652671162,0.00196647125821773,-0.00420247403428284,-0.00420247403428284,-0.0112835875931531,8.54419220749591,-57.5702911709269,2.08279519868014,-6.30128021658964,2.08279519868014,-6.30128021658964,-11.7880607132339,-13.1854078867615,3.46944695195361e-18,2.64296378914444e-19,-1.13204920717881e-19,0,0,0,0.00546780616345854,-0.000154353349661787,-0.0148737930887004,0.00196682104422621,-0.0112837554077873,-0.00420214574164677,4.12244035133674e-13,1.01486017010516e-08,1.19252943913316e-12,2.19736069760926e-19,1.04083408558608e-17,1.41058542570029e-15
NC_k0027,0.00394736842105262,0.00394736842105262,0.551113593603717,50.1639765070896,63.7467650149441,53.6300915995464,61.0642090973734,-51.2996967151312,-68.0744500696552,-51.5100307194781,-64.7591643792866,1,640,2.4380372726906,1.15761903357013,1.18656658106605,-0.0628991466387352,2.58869150548675e-18,4.45248162680143e-19,0,9.10613357857576e-19,0.000373061931078003,-0.00153632981681689,1,3.1447746969058e-19,8.51042260793287e-20,1,0.00546780616345854,-0.0148737930887004,-0.0148737930887004,-0.00015435334966179,0.00196682104422621,-0.00420214574164677,-0.00420214574164677,-0.0112837554077873,1,0,2.71050543121376e-20,1,0.00546774824484318,-0.0148749551037855,-0.0148749551037855,-0.000154191652671162,0.00196647125821773,-0.00420247403428284,-0.00420247403428284,-0.0112835875931531,8.53763620541616,-57.5786078091266,2.08527310733393,-6.3020875889728,2.08527310733393,-6.3020875889728,-11.8034082514643,-13.2041698707537,3.46944695195361e-18,4.09510844905968e-19,-4.69080023969307e-19,0,0,0,0.00546780616345854,-0.000154353349661787,-0.0148737930887004,0.00196682104422621,-0.0112837554077873,-0.00420214574164677,1.57951628810209e-12,1.40406559095451e-08,1.93010093339656e-12,3.1447746969058e-19,8.67361737988404e-18,3.56568006377201e-14
NC_k0027,0.0164473684210526,0.0164473684210526,0.550427968502298,45.7073850679874,67.6324366093772,59.8206060525397,56.4600651269375,-51.7708917551775,-72.8289294070414,-52.7494074149595,-59.2692942648956,1,640,10.0837484899807,4.78486014375448,4.90664084913261,-0.249888937283391,3.71622470718023e-18,-1.85639181791601e-18,0,7.38520085777144e-19,0.000374791948525445,-0.00153809937215863,1,2.69868393702641e-19,-2.71950515453003e-22,1,0.00546780616345853,-0.0148737930887004,-0.0148737930887004,-0.000154353349661793,0.0019668210442262,-0.00420214574164677,-0.00420214574164677,-0.0112837554077873,1,0,2.71050543121376e-20,1,0.00546774824484318,-0.0148749551037855,-0.0148749551037855,-0.000154191652671162,0.00196647125821773,-0.00420247403428284,-0.00420247403428284,-0.0112835875931531,8.56703016122229,-57.5481332393217,2.07524364511276,-6.2980934527057,2.07524364511276,-6.2980934527057,-11.7355674444116,-13.1239070808521,3.46944695195361e-18,7.74737329858785e-19,7.99428225787024e-20,0,0,0,0.00546780616345854,-0.000154353349661787,-0.0148737930887004,0.00196682104422621,-0.0112837554077873,-0.00420214574164677,7.25956874315344e-13,1.83548747599046e-08,9.34571338177663e-13,2.69868393702641e-19,1.04083408558608e-17,5.84935169659627e-15
NC_k0027,0.0289473684210526,0.0289473684210526,0.549487658061766,42.7920684633758,71.2155359302315,66.233699132813,51.668499928293,-52.9670100267788,-76.8053587585767,-55.0010945782169,-54.0541646009373,1,640,17.3865117099793,8.24530091272666,8.45849816549294,-0.397209355838667,2.02337642253331e-18,-1.19812810389121e-18,0,6.82192394784733e-20,0.000378499617497821,-0.0015424511395445,1,6.02638014566621e-20,9.06106011585526e-20,1,0.00546780616345853,-0.0148737930887004,-0.0148737930887004,-0.000154353349661794,0.00196682104422621,-0.00420214574164677,-0.00420214574164677,-0.0112837554077873,1,0,2.71050543121376e-20,1,0.00546774824484318,-0.0148749551037855,-0.0148749551037855,-0.000154191652671162,0.00196647125821773,-0.00420247403428284,-0.00420247403428284,-0.0112835875931531,8.63730082303337,-57.5441314431088,2.06190967726967,-6.28680376604942,2.06190967726967,-6.28680376604942,-11.5878465745903,-12.9725829739234,3.46944695195361e-18,1.13202063484442e-18,-3.91630930740326e-19,0,0,0,0.00546780616345854,-0.000154353349661787,-0.0148737930887004,0.00196682104422621,-0.0112837554077873,-0.00420214574164677,4.63845778003202e-13,1.44226269796102e-08,3.15135065481796e-12,9.06106011585526e-20,1.04083408558608e-17,8.89006556686226e-15
NC_k0028,-0.0335526315789474,-0.0335526315789474,0.446327956116814,-90.2440416703565,47.741576403991,-113.030262567653,64.2596845849707,81.6844043070062,-50.7721657176319,123.386843373439,-60.9094148641899,1,640,-6.68092850892681,9.34519269870243,0.879207182625941,5.12613419558726,-2.92205190979052e-18,-1.06429689822503e-18,0,-8.05819500414458e-19,0.000395213867664702,0.000670593119332665,1,-9.21458191179187e-20,-2.16405104473899e-19,1,-0.00471347832099349,-0.00430342922469209,-0.00430342922469209,0.00798128353293045,0.0130887593471326,0.0111079045568512,0.0111079045568512,0.000928206497120313,1,0,0,1,-0.00471319846426575,-0.00430376543010027,-0.00430376543010027,0.00798106750052326,0.0130886587207668,0.0111087723618947,0.0111087723618947,0.000928580892350232,-14.9810227806917,-18.4041662962382,7.88234597332366,16.1415713078661,7.88234597332366,16.1415713078661,33.5406579255182,-7.65214917753514,2.92734586571086e-18,4.3721113512623e-19,-6.36400972662409e-19,0,0,0,-0.00471347832099349,0.00798128353293045,-0.00430342922469209,0.0130887593471326,0.000928206497120309,0.0111079045568512,5.96098467732256e-13,2.01309726698271e-08,1.5360726566542e-12,2.16405104473899e-19,6.93889390390723e-18,7.01463774907152e-14
NC_k0028,-0.0210526315789474,-0.0210526315789474,0.444306901965074,-95.551165780669,50.2321855182164,-109.286901493285,60.4854179037655,90.111910906975,-52.2347553250997,116.518033930274,-58.1299718655894,1,640,-4.22503466494334,5.91462254138672,0.557563999226341,3.22718182307195,-7.9648890310486e-19,-6.10737224749952e-19,0,8.86737616656846e-20,0.000395630755902307,0.000673174013981047,1,-1.01954387136078e-20,1.99256400484459e-19,1,-0.00471347832099348,-0.00430342922469209,-0.00430342922469209,0.00798128353293045,0.0130887593471326,0.0111079045568512,0.0111079045568512,0.000928206497120312,1,0,0,1,-0.00471319846426575,-0.00430376543010027,-0.00430376543010027,0.00798106750052326,0.0130886587207668,0.0111087723618947,0.0111087723618947,0.000928580892350232,-14.9114147591177,-18.3476483797009,7.83193657272486,15.9131682321482,7.83193657272486,15.9131682321482,33.6400323990799,-7.4062365320071,2.49366499671666e-18,-3.52859363804955e-19,-1.69322122917501e-19,0,0,0,-0.00471347832099349,0.00798128353293045,-0.00430342922469209,0.0130887593471326,0.000928206497120309,0.0111079045568512,2.92073925973934e-13,1.42633797518218e-08,1.69819236793764e-12,1.99256400484459e-19,5.20417042793042e-18,2.03650170876848e-14
NC_k0028,-0.00855263157894737,-0.00855263157894737,0.443383420625933,-100.093911832775,52.8474976547745,-105.545488590925,56.995003516128,98.3309081468796,-53.5855841704405,109.09693012631,-55.8866200950909,1,640,-1.72160400616204,2.40302697805468,0.224869580724578,1.30985018925696,1.86978552639447e-18,-6.04385801134525e-18,0,-2.32989647032096e-18,0.000396134453776343,0.000674538969200895,1,4.74812867804838e-20,1.26305645137113e-19,1,-0.00471347832099349,-0.00430342922469209,-0.00430342922469209,0.00798128353293045,0.0130887593471326,0.0111079045568512,0.0111079045568512,0.000928206497120312,1,0,0,1,-0.00471319846426575,-0.00430376543010027,-0.00430376543010027,0.00798106750052326,0.0130886587207668,0.0111087723618947,0.0111087723618947,0.000928580892350232,-14.8708509132082,-18.3355351964301,7.80840501840179,15.7884818364966,7.80840501840179,15.7884818364966,33.7180688999336,-7.2807925494969,3.03576608295941e-18,2.67282207615685e-19,-7.8565917408406e-20,0,0,0,-0.00471347832099349,0.00798128353293045,-0.00430342922469209,0.0130887593471326,0.000928206497120309,0.0111079045568512,9.69297443156122e-13,5.59877751100522e-09,1.32394171162036e-12,1.26305645137113e-19,6.93889390390723e-18,2.09082293662061e-14
NC_k0028,0.00394736842105262,0.00394736842105262,0.443244937728739,-104.132091503776,55.8038335780167,-101.625611605736,53.8908736182182,106.258432341583,-55.1885565854924,101.287311983344,-54.1327850872789,1,640,0.794889389574723,-1.10876619776984,-0.103579346704398,-0.60434442790111,9.01322465217381e-19,-2.93166043978594e-18,0,-2.40477947681416e-19,0.000396230788632716,0.000674744814707827,1,4.15335563806527e-20,1.69411988994903e-20,1,-0.00471347832099349,-0.00430342922469209,-0.00430342922469209,0.00798128353293045,0.0130887593471326,0.0111079045568512,0.0111079045568512,0.000928206497120311,1,0,0,1,-0.00471319846426575,-0.00430376543010027,-0.00430376543010027,0.00798106750052326,0.0130886587207668,0.0111087723618947,0.0111087723618947,0.000928580892350232,-14.8641241464797,-18.3346816158397,7.80488366576968,15.7688532908075,7.80488366576968,15.7688532908075,33.731248480918,-7.2617826204084,3.25260651745651e-18,4.16263625692798e-19,3.86666787289223e-19,0,0,0,-0.00471347832099349,0.00798128353293045,-0.00430342922469209,0.0130887593471326,0.000928206497120309,0.0111079045568512,1.50277192676765e-12,1.26604283834625e-08,1.2256711025914e-12,4.15335563806527e-20,6.93889390390723e-18,2.34195236011878e-14
NC_k0028,0.0164473684210526,0.0164473684210526,0.443868146241775,-107.919123428755,59.158809959127,-97.3030013299511,51.1659283724952,113.838544575841,-57.2422849871286,93.1729672330387,-52.7218622583555,1,640,3.30578851253796,-4.62268943047702,-0.434577302919893,-2.5208017116365,2.43359183191061e-18,2.87452542051568e-18,0,2.20315916558804e-18,0.000395842222669957,0.00067381729124763,1,8.56304850012813e-20,4.56843127944646e-20,1,-0.00471347832099349,-0.00430342922469209,-0.00430342922469209,0.00798128353293045,0.0130887593471326,0.0111079045568512,0.0111079045568512,0.000928206497120313,1,0,0,1,-0.00471319846426575,-0.00430376543010027,-0.00430376543010027,0.00798106750052326,0.0130886587207668,0.0111087723618947,0.0111087723618947,0.000928580892350232,-14.8930396525076,-18.3405840200157,7.82073718532302,15.8552721386657,7.82073718532302,15.8552721386657,33.6749705252366,-7.34698775762726,3.36102673470506e-18,3.45227807128625e-19,-2.58856165676317e-19,0,0,0,-0.00471347832099349,0.00798128353293045,-0.00430342922469209,0.0130887593471326,0.000928206497120309,0.0111079045568512,5.59976187703549e-13,1.0876991395237e-08,3.50911076151839e-12,8.56304850012813e-20,8.67361737988404e-18,1.48824083288047e-14
NC_k0028,0.0289473684210526,0.0289473684210526,0.445402670882154,-111.638949369407,62.8465410777295,-92.2956503800029,48.6636271832476,120.931767347592,-59.8245811287997,84.7960917648024,-51.3532883507669,1,640,5.78574281801881,-8.10469704440782,-0.765254894708381,-4.432718920283,-1.18993570710448e-18,3.61759830838431e-18,0,-6.4048925702226e-19,0.000395294282078201,0.000671681765091989,1,-9.17908492975017e-21,-1.23250453634119e-19,1,-0.00471347832099349,-0.00430342922469209,-0.00430342922469209,0.00798128353293045,0.0130887593471326,0.0111079045568512,0.0111079045568512,0.000928206497120312,1,0,0,1,-0.00471319846426575,-0.00430376543010027,-0.00430376543010027,0.00798106750052326,0.0130886587207668,0.0111087723618947,0.0111087723618947,0.000928580892350232,-14.9515342783207,-18.3743757110584,7.85961546717445,16.0449034316236,7.85961546717445,16.0449034316236,33.5733757654239,-7.54634467265603,2.81892564846231e-18,4.5977336993447e-19,-6.55455487134892e-20,0,0,0,-0.00471347832099349,0.00798128353293045,-0.00430342922469209,0.0130887593471326,0.000928206497120309,0.0111079045568512,4.87667083175266e-13,1.39696594932826e-08,3.56523834679901e-12,1.23250453634119e-19,6.93889390390723e-18,8.72419686772861e-15
NC_k0029,-0.0335526315789474,-0.0335526315789474,0.330465697002244,-30.1890142620483,19.8981641812906,-12.4862977829708,23.1498955817089,26.8057061052502,-25.1795553714046,22.7372059162707,-18.1078566572219,1,640,9.2588385971843,12.4576465273107,7.16644009108333,1.3605541195259,-6.93746453580874e-19,-9.57703095768995e-19,0,6.73047085932347e-19,0.00192848268688218,-0.000381092484140276,1,3.01712795209347e-20,-5.37156270742299e-20,1,0.00884989807930436,0.0064798507234388,0.0064798507234388,0.0126933317263392,-0.00424549304752961,0.00927811762783742,0.00927811762783742,-0.00380295810394701,1,0,0,1,0.00885018352947134,0.00648035696177658,0.00648035696177658,0.0126934670423793,-0.00424556300242477,0.0092788424807771,0.0092788424807771,-0.0038030453453634,0.113648914135696,21.5123547861825,2.61234906250742,9.00208779172955,2.61234906250742,9.00208779172955,32.6336072711518,-3.71407548594246,2.16840434497101e-18,-6.07349890044805e-19,-2.79399482198348e-19,0,0,0,0.00884989807930435,0.0126933317263392,0.00647985072343881,-0.00424549304752961,-0.00380295810394701,0.00927811762783743,4.19825575636496e-13,1.52775092393685e-08,2.40047248119498e-12,5.37156270742299e-20,6.93889390390723e-18,1.57899844464123e-14
NC_k0029,-0.0210526315789474,-0.0210526315789474,0.330597832298951,-26.6557306357051,19.6479722681598,-14.5027076890461,21.6508932365323,25.3125954757281,-23.3786352007304,22.7417562331699,-18.0948873777234,1,640,5.93949956538375,8.05180798388361,4.61713149125831,0.831297005545362,-7.25285195976296e-19,8.76176174595769e-19,0,-1.11485417726427e-18,0.0019254188293875,-0.000378108617674473,1,7.33367472935825e-20,1.34113422137213e-19,1,0.00884989807930436,0.0064798507234388,0.0064798507234388,0.0126933317263392,-0.00424549304752961,0.00927811762783742,0.00927811762783742,-0.00380295810394701,1,0,0,1,0.00885018352947134,0.00648035696177658,0.00648035696177658,0.0126934670423793,-0.00424556300242477,0.0092788424807771,0.0092788424807771,-0.0038030453453634,0.368352511758905,21.6852608158215,2.6489871291482,8.87199893653552,2.6489871291482,8.87199893653552,32.6233359698272,-3.65134790423979,1.73472347597681e-18,-1.58372837084147e-18,2.93625870115056e-19,0,0,0,0.00884989807930435,0.0126933317263392,0.00647985072343881,-0.00424549304752961,-0.00380295810394701,0.00927811762783743,9.18727325326682e-13,1.4796807188821e-08,2.1859319329712e-12,1.34113422137213e-19,1.04083408558608e-17,6.21272251325363e-15
NC_k0029,-0.00855263157894737,-0.00855263157894737,0.330885599093211,-22.6138755049584,19.6261621051675,-17.4694074917798,20.4462606072847,24.0121819808059,-21.2666635506435,22.9798773718746,-18.9483748152631,1,640,2.43328539394662,3.31212624537708,1.89598584097682,0.330818675706176,-7.33920961571349e-19,-1.10839555104146e-18,0,-9.18646935966691e-19,0.00192400604428253,-0.000376320718703997,1,-1.39650464678672e-19,2.17849424669131e-19,1,0.00884989807930435,0.0064798507234388,0.0064798507234388,0.0126933317263392,-0.00424549304752961,0.00927811762783742,0.00927811762783742,-0.00380295810394701,1,0,0,1,0.00885018352947134,0.00648035696177658,0.00648035696177658,0.0126934670423793,-0.00424556300242477,0.0092788424807771,0.0092788424807771,-0.0038030453453634,0.519808424205922,21.7939573310933,2.66753568488394,8.79791207291562,2.66753568488394,8.79791207291562,32.6498001226865,-3.61759427454383,1.73472347597681e-18,6.95524203004736e-20,6.89054679248619e-20,0,0,0,0.00884989807930435,0.0126933317263392,0.00647985072343881,-0.00424549304752961,-0.00380295810394701,0.00927811762783743,8.34646727362866e-13,6.65049629855e-09,1.78518205795962e-12,2.17849424669131e-19,5.20417042793042e-18,2.23127967309254e-14
NC_k0029,0.00394736842105262,0.00394736842105262,0.33093984875981,-18.7555520287014,20.1216075062644,-21.1442216319553,19.7424750329913,23.1676866647712,-19.459847502293,23.6428993841092,-20.5413558677357,1,640,-1.12427652920043,-1.53125351738909,-0.876324915374534,-0.15207712381365,-6.33448295648208e-19,5.82957191057971e-19,0,3.64528569784769e-19,0.00192380300060381,-0.000376033360766746,1,-1.59223134646292e-19,6.60504716719144e-20,1,0.00884989807930435,0.0064798507234388,0.0064798507234388,0.0126933317263392,-0.00424549304752961,0.00927811762783742,0.00927811762783742,-0.00380295810394701,1,0,0,1,0.00885018352947134,0.00648035696177658,0.00648035696177658,0.0126934670423793,-0.00424556300242477,0.0092788424807771,0.0092788424807771,-0.0038030453453634,0.544220008354311,21.8115035715007,2.67024514131711,8.78604726841547,2.67024514131711,8.78604726841547,32.6555821705724,-3.61226992839442,1.73472347597681e-18,5.10506518360762e-19,-2.69784220833282e-19,0,0,0,0.00884989807930435,0.0126933317263392,0.00647985072343881,-0.00424549304752961,-0.00380295810394701,0.00927811762783743,2.48065850188498e-12,1.2127581455563e-08,3.4166538078614e-12,1.59223134646292e-19,5.20417042793042e-18,4.528922971533e-14
NC_k0029,0.0164473684210526,0.0164473684210526,0.330718656071473,-15.499122396996,21.1593196232977,-25.1822016732604,19.5919385098271,22.790050217665,-18.3135627899087,24.7907887917288,-22.5977675357549,1,640,-4.65995221325356,-6.32914930628967,-3.62640350144924,-0.643629140218473,-1.28399606891911e-18,-5.85140947875111e-18,0,-1.02993912430203e-18,0.00192473615132972,-0.000377287847628381,1,-1.25111128161136e-19,1.21213174329048e-19,1,0.00884989807930435,0.0064798507234388,0.0064798507234388,0.0126933317263392,-0.00424549304752961,0.00927811762783742,0.00927811762783742,-0.00380295810394701,1,0,0,1,0.00885018352947134,0.00648035696177658,0.00648035696177658,0.0126934670423793,-0.00424556300242477,0.0092788424807771,0.0092788424807771,-0.0038030453453634,0.437887541517331,21.7350775988291,2.6578564732536,8.83788146538544,2.6578564732536,8.83788146538544,32.6333388379052,-3.63568936016455,1.73472347597681e-18,1.47231160914674e-19,-3.10941586052591e-19,0,0,0,0.00884989807930435,0.0126933317263392,0.00647985072343881,-0.00424549304752961,-0.00380295810394701,0.00927811762783743,6.62083572587062e-13,1.60065817027715e-08,2.06444759569996e-12,1.25111128161136e-19,5.20417042793042e-18,3.37378650785019e-14
NC_k0029,0.0289473684210526,0.0289473684210526,0.330439886392507,-13.106483075545,22.5802313224437,-29.0034761867566,19.8092663251389,22.7254019305421,-18.0006307347049,26.2615647384925,-24.6027096391117,1,640,-8.07199473738128,-10.8952190145992,-6.25918053815354,-1.16305258724065,-1.00492518257842e-18,-9.31471544183713e-19,0,-1.12253041334876e-18,0.00192711815231597,-0.000379888009599426,1,-2.41096994631829e-19,-1.99812399902725e-20,1,0.00884989807930435,0.0064798507234388,0.0064798507234388,0.0126933317263392,-0.00424549304752961,0.00927811762783742,0.00927811762783742,-0.00380295810394701,1,0,0,1,0.00885018352947134,0.00648035696177658,0.00648035696177658,0.0126934670423793,-0.00424556300242477,0.0092788424807771,0.0092788424807771,-0.0038030453453634,0.216957190059715,21.5794135263528,2.62775810668394,8.94784591828861,2.62775810668394,8.94784591828861,32.6184079452912,-3.68724114044441,2.16840434497101e-18,7.09393624885593e-19,-9.63355021259088e-19,0,0,0,0.00884989807930435,0.0126933317263392,0.00647985072343881,-0.00424549304752961,-0.00380295810394701,0.00927811762783743,4.92870011911781e-13,1.07943766639591e-08,3.34549194928465e-12,2.41096994631829e-19,6.93889390390723e-18,1.91510513741264e-14
NC_k0030,-0.0335526315789474,-0.0335526315789474,0.480084820577458,53.5798677772315,-22.3042707346695,69.941400973992,-20.905017585368,-49.1562684073095,21.6792502198101,-77.1614347682439,21.0066352959693,1,640,8.53069349252796,-12.4816489359815,-1.30381529633968,-2.76039061319422,9.5746486775258e-19,2.43114337729745e-18,0,-3.66791735940714e-19,-0.00044947687656129,-0.000789919463225459,1,4.7846345720538e-20,1.02625402585263e-19,1,0.00224963521138602,0.0075052774219652,0.0075052774219652,-0.00353491288320554,-0.0121081658433772,-0.012816905715274,-0.012816905715274,-0.00390302330741579,1,-5.42101086242752e-20,2.16840434497101e-19,1,0.00224950968039128,0.0075058637717638,0.0075058637717638,-0.00353481245529034,-0.012108161945956,-0.012817907036033,-0.012817907036033,-0.00390333992337499,8.70760009891835,27.6974247087312,-3.12024649603106,-11.5197697478698,-3.12024649603106,-11.5197697478698,-41.9969136529753,2.12603368204293,1.95156391047391e-18,-4.5801734184549e-19,8.88203377100139e-19,0,0,0,0.00224963521138601,-0.00353491288320555,0.00750527742196521,-0.0121081658433772,-0.00390302330741578,-0.012816905715274,5.45502905933617e-13,2.34326874026993e-08,3.25592759421658e-13,1.02625402585263e-19,6.93889390390723e-18,4.04697297189498e-14
NC_k0030,-0.0210526315789474,-0.0210526315789474,0.479500524662425,57.820846949819,-21.2448180750978,67.7187769236563,-20.0966367569742,-55.3241994601064,20.7509599757524,-73.007993137695,20.0246358324913,1,640,5.38950262740435,-7.91238308925214,-0.832550552409783,-1.7336364311933,-2.22060275034556e-18,3.80529551553994e-18,0,-4.46809879676643e-19,-0.000448378432291415,-0.000792174511824895,1,2.76301651788086e-20,-2.25794168448958e-19,1,0.00224963521138601,0.0075052774219652,0.0075052774219652,-0.00353491288320555,-0.0121081658433772,-0.012816905715274,-0.012816905715274,-0.00390302330741578,1,-5.42101086242752e-20,2.16840434497101e-19,1,0.00224950968039128,0.0075058637717638,0.0075058637717638,-0.00353481245529034,-0.012108161945956,-0.012817907036033,-0.012817907036033,-0.00390333992337499,8.69951097783106,27.6550084529748,-3.1435873972555,-11.3373500800496,-3.1435873972555,-11.3373500800496,-42.083486075842,1.88678084530056,3.46944695195361e-18,2.52480037069178e-19,3.44987154538905e-19,0,0,0,0.00224963521138601,-0.00353491288320555,0.00750527742196521,-0.0121081658433772,-0.00390302330741578,-0.012816905715274,6.38515708715105e-13,1.45774514117331e-08,5.30511344291168e-12,2.25794168448958e-19,8.67361737988404e-18,4.17924998280078e-14
NC_k0030,-0.00855263157894737,-0.00855263157894737,0.479455244627302,61.3404609431882,-20.3339839387851,65.2778643525902,-19.8215537592656,-61.1056363224556,19.957620509313,-68.3019092515933,19.6104100254579,1,640,2.1922846995111,-3.22008413756498,-0.339173814557784,-0.702431764161946,-3.06173293674868e-18,2.61521422464765e-20,0,3.14209518761943e-19,-0.000448084956588822,-0.000793294386274542,1,-1.08254904790908e-19,-2.05620162137425e-19,1,0.00224963521138601,0.0075052774219652,0.0075052774219652,-0.00353491288320555,-0.0121081658433772,-0.012816905715274,-0.012816905715274,-0.00390302330741579,1,-5.42101086242752e-20,2.16840434497101e-19,1,0.00224950968039128,0.0075058637717638,0.0075058637717638,-0.00353481245529034,-0.012108161945956,-0.012817907036033,-0.012817907036033,-0.00390333992337499,8.68671720161694,27.6567872256702,-3.15992018128276,-11.2357308032259,-3.15992018128276,-11.2357308032259,-42.1641368330561,1.76439619731594,3.68628738645072e-18,2.03023762757343e-19,5.29604863865217e-19,0,0,0,0.00224963521138601,-0.00353491288320555,0.00750527742196521,-0.0121081658433772,-0.00390302330741578,-0.012816905715274,1.14667181898251e-12,7.3800200546097e-09,2.1836760893873e-12,2.05620162137425e-19,8.67361737988404e-18,4.63118523393429e-16
NC_k0030,0.00394736842105262,0.00394736842105262,0.479459230881424,64.2966335844422,-19.860759450619,62.4858286923553,-20.1003339148796,-66.4464954859246,19.6031563340438,-63.1247419949254,19.7666331091135,1,640,-1.01186316863413,1.48622569654187,0.156539634209556,0.323998631627091,1.66460502981191e-18,3.01427262192283e-18,0,9.51720925579012e-19,-0.000448060470049508,-0.000793458532104808,1,-1.6227075293643e-19,-3.71224117048616e-20,1,0.00224963521138601,0.0075052774219652,0.0075052774219652,-0.00353491288320555,-0.0121081658433772,-0.012816905715274,-0.012816905715274,-0.00390302330741578,1,-5.42101086242752e-20,2.16840434497101e-19,1,0.00224950968039128,0.0075058637717638,0.0075058637717638,-0.00353481245529034,-0.012108161945956,-0.012817907036033,-0.012817907036033,-0.00390333992337499,8.68400579112959,27.6583574196413,-3.16263682708951,-11.2196195979125,-3.16263682708951,-11.2196195979125,-42.1782675241929,1.74591988346155,1.95156391047391e-18,4.12012529635518e-20,-6.64386425599273e-20,0,0,0,0.00224963521138601,-0.00353491288320555,0.00750527742196521,-0.0121081658433772,-0.00390302330741578,-0.012816905715274,2.36517787893673e-12,1.21355400984689e-08,3.29954942547366e-12,1.6227075293643e-19,6.93889390390723e-18,6.37940462053332e-14
NC_k0030,0.0164473684210526,0.0164473684210526,0.47946367500869,66.8539193899625,-19.9303025749874,59.1958786660654,-20.8707890466267,-71.333644434236,19.8048402183466,-57.5061845704158,20.4206180452218,1,640,-4.21391248649914,6.18855070697762,0.651630612757928,1.35314210387221,7.75220435194897e-19,3.15469480270984e-18,0,-9.59794208357529e-20,-0.000448214513160117,-0.000792708930232195,1,-1.26474341598729e-19,-1.58901085728992e-19,1,0.00224963521138602,0.0075052774219652,0.0075052774219652,-0.00353491288320554,-0.0121081658433772,-0.012816905715274,-0.012816905715274,-0.00390302330741578,1,-5.42101086242752e-20,2.16840434497101e-19,1,0.00224950968039128,0.0075058637717638,0.0075058637717638,-0.00353481245529034,-0.012108161945956,-0.012817907036033,-0.012817907036033,-0.00390333992337499,8.69453039390904,27.6540531672323,-3.15094037352315,-11.2903341584532,-3.15094037352315,-11.2903341584532,-42.1188829525422,1.82888819778542,2.81892564846231e-18,-5.47564932361998e-19,6.97374261559623e-19,0,0,0,0.00224963521138601,-0.00353491288320555,0.00750527742196521,-0.0121081658433772,-0.00390302330741578,-0.012816905715274,5.66328403867657e-13,9.33248783608895e-09,7.06774000776034e-13,1.58901085728992e-19,8.67361737988404e-18,6.9466557061181e-16
NC_k0030,0.0289473684210526,0.0289473684210526,0.479733492209004,69.1375012600667,-20.5496373968334,55.2296132293736,-21.9255023969583,-75.7007098017677,20.582868667164,-51.4597626467829,21.3526649104176,1,640,-7.38751921298959,10.8291727902977,1.13574568051166,2.38487588508303,-3.32531900202237e-18,-2.8811031607467e-18,0,1.12208042709553e-18,-0.00044891834810144,-0.000790894424336012,1,-1.80765903626302e-20,1.23379432533462e-19,1,0.00224963521138602,0.0075052774219652,0.0075052774219652,-0.00353491288320554,-0.0121081658433772,-0.012816905715274,-0.012816905715274,-0.00390302330741579,1,-5.42101086242752e-20,2.16840434497101e-19,1,0.00224950968039128,0.0075058637717638,0.0075058637717638,-0.00353481245529034,-0.012108161945956,-0.012817907036033,-0.012817907036033,-0.00390333992337499,8.70585046035835,27.6711365369032,-3.12881097700946,-11.4431892490728,-3.12881097700946,-11.4431892490728,-42.0212152245914,2.02356941563547,1.95156391047391e-18,-4.06205373576094e-19,-3.71617464661199e-20,0,0,0,0.00224963521138601,-0.00353491288320555,0.00750527742196521,-0.0121081658433772,-0.00390302330741578,-0.012816905715274,3.94502727169078e-13,1.2634533223345e-08,3.92435580310537e-12,1.23379432533462e-19,5.20417042793042e-18,2.30267831502738e-14
NC_k0031,-0.0335526315789474,-0.0335526315789474,0.492461304763569,57.9600414841298,-62.2249703599417,50.1421896207599,-83.5984432462813,-51.175276711174,72.2620150885548,-62.2481967524179,72.5456438866198,1,640,-11.2768965183161,-10.8397418061581,-7.29849064707645,-4.03386110030336,1.39415667417647e-18,-3.19089222631516e-18,0,1.56761975735129e-18,-0.00155575874298514,-9.55511953917117e-05,1,-4.08268939950692e-21,2.68886434951311e-20,1,-0.00489617049868363,-0.00959510323729569,-0.00959510323729569,-0.0131397015888722,-0.00314287102986019,-0.00907244958180328,-0.00907244958180328,0.00437295903755682,1,0,-5.42101086242752e-20,1,-0.00489650763671359,-0.00959585285473611,-0.00959585285473611,-0.013139716713969,-0.00314271222372598,-0.00907315836692686,-0.00907315836692686,0.00437282425657902,5.57842077740402,-29.8044210327565,-10.907968566646,-12.1671342129185,-10.907968566646,-12.1671342129185,-29.7643959785155,10.7523003004199,2.16840434497101e-18,5.24565814186131e-19,5.29452350926667e-19,0,0,0,-0.00489617049868363,-0.0131397015888722,-0.0095951032372957,-0.00314287102986019,0.00437295903755682,-0.00907244958180328,2.89525036034043e-13,1.95506265304588e-08,2.04663613475621e-12,2.68886434951311e-20,6.93889390390723e-18,2.34461456045669e-14
NC_k0031,-0.0210526315789474,-0.0210526315789474,0.491694276994611,56.2504864654444,-65.3731583189926,50.1054002185071,-78.9174062636936,-52.3603111076476,72.1059897608958,-59.3560327349369,71.1150066185897,1,640,-7.22998248159503,-7.01160427898599,-4.69972363099178,-2.51635711693608,-5.22764912243713e-19,2.21936528814918e-18,0,-2.83877798316358e-18,-0.00155482566398053,-9.82784124601292e-05,1,-4.88289931065017e-20,-1.36441837152097e-19,1,-0.00489617049868363,-0.00959510323729569,-0.00959510323729569,-0.0131397015888722,-0.00314287102986019,-0.00907244958180328,-0.00907244958180328,0.00437295903755682,1,0,-5.42101086242752e-20,1,-0.00489650763671359,-0.00959585285473611,-0.00959585285473611,-0.013139716713969,-0.00314271222372598,-0.00907315836692686,-0.00907315836692686,0.00437282425657902,5.290200793248,-29.9743718324842,-10.8210786466263,-12.0211333305475,-10.8210786466263,-12.0211333305475,-29.8093695383547,10.6072887201692,2.38524477946811e-18,2.86133951448082e-19,-2.4520500775795e-19,0,0,0,-0.00489617049868363,-0.0131397015888722,-0.0095951032372957,-0.00314287102986019,0.00437295903755682,-0.00907244958180328,6.13004295043031e-13,1.83153826728319e-08,3.08498260830669e-12,1.36441837152097e-19,6.07153216591882e-18,2.74341402378037e-14
NC_k0031,-0.00855263157894737,-0.00855263157894737,0.491488790702618,53.920855290724,-68.8078923257374,51.1720520348912,-74.3493886573382,-53.8027924089008,71.3538150218251,-56.6699360277939,70.7069561030167,1,640,-2.95953578135624,-2.88349223820029,-1.92819924645365,-1.01540573288142,1.56032733307103e-18,-9.16840373508875e-19,0,1.41679495318083e-18,-0.00155457249923676,-0.00010001277676791,1,2.99252673976645e-19,-1.56030553576071e-19,1,-0.00489617049868363,-0.0095951032372957,-0.0095951032372957,-0.0131397015888722,-0.00314287102986019,-0.00907244958180328,-0.00907244958180328,0.00437295903755682,1,0,-5.42101086242752e-20,1,-0.00489650763671359,-0.00959585285473611,-0.00959585285473611,-0.013139716713969,-0.00314271222372598,-0.00907315836692686,-0.00907315836692686,0.00437282425657902,5.12597795188005,-30.0874541824756,-10.7728422434233,-11.9399911638645,-10.7728422434233,-11.9399911638645,-29.8602489550868,10.5284162570852,2.38524477946811e-18,-3.61161582938243e-20,5.16546440769973e-20,0,0,0,-0.00489617049868363,-0.0131397015888722,-0.0095951032372957,-0.00314287102986019,0.00437295903755682,-0.00907244958180328,9.61318846295769e-13,5.84692688277193e-09,2.8611420339902e-12,2.99252673976645e-19,8.67361737988404e-18,3.04951224035307e-15
NC_k0031,0.00394736842105262,0.00394736842105262,0.491463267224933,51.7946503662281,-72.7603420805285,53.0809011577151,-70.1999942542212,-55.7919649885436,70.7720886420418,-54.4666240824212,71.0872191646151,1,640,1.36722084344237,1.33296747541848,0.891062145224069,0.467972447284195,3.48024662203111e-19,1.78804022953953e-18,0,-1.42410061235089e-18,-0.00155454860841247,-0.000100296149416992,1,2.58105766213627e-19,-1.06404019631542e-20,1,-0.00489617049868362,-0.00959510323729569,-0.00959510323729569,-0.0131397015888722,-0.00314287102986019,-0.00907244958180328,-0.00907244958180328,0.00437295903755682,1,0,-5.42101086242752e-20,1,-0.00489650763671359,-0.00959585285473611,-0.00959585285473611,-0.013139716713969,-0.00314271222372598,-0.00907315836692686,-0.00907315836692686,0.00437282425657902,5.09986877602953,-30.1059499641068,-10.7650967713842,-11.9270859412303,-10.7650967713842,-11.9270859412303,-29.8694500441008,10.5159513512084,1.73472347597681e-18,-1.25211202754743e-18,-3.35133093156128e-21,0,0,0,-0.00489617049868363,-0.0131397015888722,-0.0095951032372957,-0.00314287102986019,0.00437295903755682,-0.00907244958180328,1.92459002017474e-12,1.50121355715891e-08,3.46429240914463e-12,2.58105766213627e-19,5.20417042793042e-18,5.72660370594222e-14
NC_k0031,0.0164473684210526,0.0164473684210526,0.491588558114211,50.383784325857,-77.2021423512711,55.413708928236,-66.5883971105914,-58.324622747081,70.8567389996521,-52.8399151617006,71.852543901011,1,640,5.6704981768577,5.51110561401629,3.68992925098836,1.9603810037062,7.15928128887096e-19,-4.7592001979361e-19,0,-8.62570707880496e-19,-0.00155468473806731,-9.90675402911222e-05,1,1.78599919787648e-19,-5.98815054282348e-20,1,-0.00489617049868363,-0.00959510323729569,-0.00959510323729569,-0.0131397015888722,-0.00314287102986019,-0.00907244958180328,-0.00907244958180328,0.00437295903755682,1,0,-5.42101086242752e-20,1,-0.00489650763671359,-0.00959585285473611,-0.00959585285473611,-0.013139716713969,-0.00314271222372598,-0.00907315836692686,-0.00907315836692686,0.00437282425657902,5.21430934887764,-30.0258596605923,-10.7988685779265,-11.9836297064857,-10.7988685779265,-11.9836297064857,-29.8312793617431,10.5707299476589,2.38524477946811e-18,7.04725225314167e-19,4.16150663679002e-19,0,0,0,-0.00489617049868363,-0.0131397015888722,-0.0095951032372957,-0.00314287102986019,0.00437295903755682,-0.00907244958180328,3.4376690122085e-13,1.77707021004549e-08,5.01350295327452e-12,1.78599919787648e-19,8.67361737988404e-18,1.28731052338552e-14
NC_k0031,0.0289473684210526,0.0289473684210526,0.492046980381869,49.9903850224242,-81.8842673255042,57.4653460746063,-63.3732450389838,-61.1798687021418,71.891234714439,-51.6108209011696,72.3290582625979,1,640,9.83082743813205,9.48544974026481,6.37437146887092,3.47574657442124,4.06694928690272e-19,-1.17605230770339e-18,0,-1.83395867970357e-18,-0.00155528453932355,-9.66168241178852e-05,1,9.88380897188918e-20,1.44828845196714e-19,1,-0.00489617049868363,-0.00959510323729569,-0.00959510323729569,-0.0131397015888722,-0.00314287102986019,-0.00907244958180328,-0.00907244958180328,0.00437295903755682,1,0,-5.42101086242752e-20,1,-0.00489650763671359,-0.00959585285473611,-0.00959585285473611,-0.013139716713969,-0.00314271222372598,-0.00907315836692686,-0.00907315836692686,0.00437282425657902,5.45916095928213,-29.8679324914608,-10.8709840134806,-12.1055418534351,-10.8709840134806,-12.1055418534351,-29.7739842753703,10.6906187165287,1.95156391047391e-18,-3.1964035544955e-19,2.98488397026633e-19,0,0,0,-0.00489617049868363,-0.0131397015888722,-0.0095951032372957,-0.00314287102986019,0.00437295903755682,-0.00907244958180328,1.55666593353824e-13,1.37456261320691e-08,2.15835603510583e-13,1.44828845196714e-19,5.20417042793042e-18,2.30146211696859e-14
NC_k0032,-0.0335526315789474,-0.0335526315789474,0.403117402115881,83.4875408409733,-41.1325219512574,120.911543177865,-70.3046894163137,-72.7073725143303,46.2852466442246,-127.289435476502,69.8344715716446,1,640,17.1222726293785,2.21681943001564,6.38190037960005,-5.05800747725483,2.80439373946098e-18,1.42381606222018e-18,0,8.20338174525989e-19,0.00130717106807653,0.000671604585671986,1,1.03346587690822e-20,1.96209152334798e-20,1,0.0136913367855113,0.0110871636454645,0.0110871636454645,0.00148412401573946,-0.00614492925545893,-0.00329091592009189,-0.00329091592009189,0.00623130741358427,1,0,-1.0842021724855e-19,1,0.0136912465612463,0.0110880298301243,0.0110880298301243,0.00148451063572324,-0.00614468668854978,-0.00329117302289815,-0.00329117302289815,0.00623106653374853,18.0306615467124,43.0753685600408,-3.86370923511313,-10.7883153453441,-3.86370923511313,-10.7883153453441,-5.11388247545266,10.3607532870833,3.36102673470506e-18,-1.09400096632495e-18,4.70144776063033e-19,0,0,0,0.0136913367855113,0.00148412401573944,0.0110871636454645,-0.00614492925545893,0.00623130741358428,-0.00329091592009189,1.39537548590012e-13,2.47470001037182e-08,7.14059974196397e-13,1.96209152334798e-20,1.10588621593521e-17,1.79016078744947e-15
NC_k0032,-0.0210526315789474,-0.0210526315789474,0.404313665816155,91.6769775412794,-46.3464969302304,115.345574838662,-64.9544471502513,-83.8335105871187,50.4981376900365,-118.719553973955,65.5216410350509,1,640,10.9401895878769,1.52374189255008,4.11309738854091,-3.21458212064438,-3.78711077695358e-18,4.26669686122202e-19,0,-5.63740131067139e-19,0.00130520323302163,0.000668525914829501,1,-2.06701774022466e-20,-9.00758746853858e-20,1,0.0136913367855113,0.0110871636454645,0.0110871636454645,0.00148412401573945,-0.00614492925545893,-0.00329091592009189,-0.00329091592009189,0.00623130741358428,1,0,-1.0842021724855e-19,1,0.0136912465612463,0.0110880298301243,0.0110880298301243,0.00148451063572324,-0.00614468668854978,-0.00329117302289815,-0.00329117302289815,0.00623106653374853,18.1795485525893,43.1478942025002,-3.81957120740868,-10.5996371503344,-3.81957120740868,-10.5996371503344,-5.11201385727221,10.3092180448061,1.84314369322536e-18,1.47788049939681e-19,-1.5285710360144e-19,0,0,0,0.0136913367855113,0.00148412401573944,0.0110871636454645,-0.00614492925545893,0.00623130741358428,-0.00329091592009189,2.0539784834546e-13,2.08213881018455e-08,8.53575412054419e-13,9.00758746853858e-20,3.46944695195361e-18,2.10064780304616e-14
NC_k0032,-0.00855263157894737,-0.00855263157894737,0.405290324403372,99.5190625677314,-51.8535385779302,109.14013878671,-59.4666551668575,-94.9381651902274,54.9596834645626,-109.217613219364,61.0964463767539,1,640,4.47734395826609,0.650084389086959,1.69205135462652,-1.3129938872817,1.04150641798797e-18,7.5646825070832e-19,0,2.82306816896998e-19,0.00130410181166987,0.000667109599728444,1,-3.41614545542646e-19,-7.36678601656824e-20,1,0.0136913367855113,0.0110871636454645,0.0110871636454645,0.00148412401573945,-0.00614492925545893,-0.00329091592009189,-0.00329091592009189,0.00623130741358427,1,0,-1.0842021724855e-19,1,0.0136912465612463,0.0110880298301243,0.0110880298301243,0.00148451063572324,-0.00614468668854978,-0.00329117302289815,-0.00329117302289815,0.00623106653374853,18.2697129039545,43.2281287065608,-3.80203519960416,-10.4996291089875,-3.80203519960416,-10.4996291089875,-5.10838441523307,10.2988270347456,2.38524477946811e-18,-6.92181614378904e-20,4.2072477351002e-19,0,0,0,0.0136913367855113,0.00148412401573944,0.0110871636454645,-0.00614492925545893,0.00623130741358428,-0.00329091592009189,3.00384376221065e-13,1.17193435821975e-08,2.20387993842e-13,3.41614545542646e-19,5.20417042793042e-18,3.08174369704472e-14
NC_k0032,0.00394736842105262,0.00394736842105262,0.40545839533649,106.681693930549,-57.4225327865451,102.241748949979,-53.9053945582037,-105.505902592,59.4503479162644,-98.9086938193617,56.6159945126972,1,640,-2.06851542172097,-0.302310217008071,-0.782372460780592,0.60649682639786,7.50947647300141e-19,1.47293735571602e-18,0,2.58980323623002e-19,0.00130392792240179,0.000666909159415374,1,-2.77020270954887e-19,-4.50725297230743e-20,1,0.0136913367855113,0.0110871636454645,0.0110871636454645,0.00148412401573945,-0.00614492925545893,-0.00329091592009189,-0.00329091592009189,0.00623130741358427,1,0,-1.0842021724855e-19,1,0.0136912465612463,0.0110880298301243,0.0110880298301243,0.00148451063572324,-0.00614468668854978,-0.00329117302289815,-0.00329117302289815,0.00623106653374853,18.2840573584974,43.242789399217,-3.79971151494016,-10.4841395810749,-3.79971151494016,-10.4841395810749,-5.10750076040583,10.298282606258,3.25260651745651e-18,2.84929982305958e-19,1.97418908055867e-19,0,0,0,0.0136913367855113,0.00148412401573944,0.0110871636454645,-0.00614492925545893,0.00623130741358428,-0.00329091592009189,2.59189656113696e-12,1.71511965869504e-08,2.78785337134429e-12,2.77020270954887e-19,6.93889390390723e-18,4.8329092725708e-14
NC_k0032,0.0164473684210526,0.0164473684210526,0.404746943832296,113.135836721565,-62.9455642289017,94.635517258832,-48.3572010714814,-115.322151102012,63.899544426745,-87.9660684650798,52.1287073175555,1,640,-8.57835616519766,-1.21813342162675,-3.23284156365209,2.51806946747643,1.63053842346453e-20,6.40357735304864e-19,0,5.96456778654837e-19,0.00130469040356241,0.000667839690052764,1,-3.17226109737706e-19,-6.22838156694836e-21,1,0.0136913367855113,0.0110871636454645,0.0110871636454645,0.00148412401573945,-0.00614492925545893,-0.00329091592009189,-0.00329091592009189,0.00623130741358427,1,0,-1.0842021724855e-19,1,0.0136912465612463,0.0110880298301243,0.0110880298301243,0.00148451063572324,-0.00614468668854978,-0.00329117302289815,-0.00329117302289815,0.00623106653374853,18.2211710604158,43.1823215429889,-3.81082994490318,-10.5528590743257,-3.81082994490318,-10.5528590743257,-5.11076494187172,10.3028656734309,3.36102673470506e-18,-5.15483517475158e-19,3.52425591289187e-19,0,0,0,0.0136913367855113,0.00148412401573944,0.0110871636454645,-0.00614492925545893,0.00623130741358428,-0.00329091592009189,5.98677598412902e-13,1.18023933905312e-08,1.14591047078433e-12,3.17226109737706e-19,6.93889390390723e-18,2.0572539982263e-14
NC_k0032,0.0289473684210526,0.0289473684210526,0.403504902460583,118.927189256381,-68.354234397239,86.4992800864544,-42.9953693582687,-124.246693497143,68.2628608122965,-76.7502646309172,47.7845738561767,1,640,-14.8975548404642,-1.98656403241866,-5.57175922805144,4.38961096441555,-7.42464082937797e-18,2.29221673905795e-19,0,1.35693354661159e-18,0.0013063665719394,0.000670242852531218,1,-3.24554059921051e-21,6.0697257589901e-20,1,0.0136913367855113,0.0110871636454645,0.0110871636454645,0.00148412401573945,-0.00614492925545893,-0.00329091592009189,-0.00329091592009189,0.00623130741358427,1,0,-1.0842021724855e-19,1,0.0136912465612463,0.0110880298301243,0.0110880298301243,0.00148451063572324,-0.00614468668854978,-0.00329117302289815,-0.00329117302289815,0.00623106653374853,18.0893925269654,43.0921088352476,-3.84329172402858,-10.7079227150133,-3.84329172402858,-10.7079227150133,-5.11317311076567,10.3337882380343,1.73472347597681e-18,-4.51984674494325e-19,3.99133054537548e-19,0,0,0,0.0136913367855113,0.00148412401573944,0.0110871636454645,-0.00614492925545893,0.00623130741358428,-0.00329091592009189,2.73114976532585e-13,1.34390711914453e-08,8.40640026684547e-13,6.0697257589901e-20,4.77048955893622e-18,6.16324500643034e-14
NC_k0033,-0.0335526315789474,-0.0335526315789474,0.510712902084106,-17.3011512835092,72.0507416761485,-24.6203398097098,96.141761254945,14.0173677846166,-84.6536518430445,33.1262129777438,-90.1712339036334,1,640,-7.436684020673,11.7336784773559,1.41800817070531,3.37724756912032,-1.65461268801227e-18,1.3072365354094e-18,0,-2.94873344762903e-19,0.00111880601875264,-0.00151511992785351,1,-3.09742485060319e-20,5.06307404646332e-20,1,0.00391322324877467,-0.00626045912008748,-0.00626045912008748,0.00480708725796237,-0.000209210142586531,0.0124886858476349,0.0124886858476349,-0.0128986124998242,1,-1.0842021724855e-19,0,1,0.0039133258663384,-0.00626094821845624,-0.00626094821845624,0.00480715495896323,-0.000209585988556816,0.0124896615262168,0.0124896615262168,-0.0128984926660149,-1.33249329289158,-28.1231816995959,5.92457052004206,7.91735088913849,5.92457052004206,7.91735088913849,43.8076269268123,-15.8830832747156,2.38524477946811e-18,4.11395500451054e-20,-9.27733966720972e-19,0,0,0,0.00391322324877467,0.00480708725796237,-0.00626045912008749,-0.000209210142586534,-0.0128986124998242,0.012488685847635,5.04505827283865e-13,2.20659708563055e-08,2.36328973214315e-12,5.06307404646332e-20,6.93889390390723e-18,6.39117531411106e-14
NC_k0033,-0.0210526315789474,-0.0210526315789474,0.507879716848079,-19.6183796552105,75.0972913999809,-23.6934048817145,90.5534128378385,18.1256303987849,-84.6629552420613,30.3781416056881,-87.5907284503501,1,640,-4.75205134877957,7.52537104007842,0.915195498128626,2.12596927759464,-2.15056371351947e-18,-4.52355298503199e-19,0,-5.10787336973945e-19,0.00111405126226342,-0.00150763593390907,1,1.87933729088663e-20,2.46029484194393e-19,1,0.00391322324877468,-0.00626045912008748,-0.00626045912008748,0.00480708725796237,-0.000209210142586538,0.0124886858476349,0.0124886858476349,-0.0128986124998242,1,-1.0842021724855e-19,0,1,0.0039133258663384,-0.00626094821845624,-0.00626094821845624,0.00480715495896323,-0.000209585988556816,0.0124896615262168,0.0124896615262168,-0.0128984926660149,-1.24328829260563,-27.9781210764667,5.94776876153258,7.72418579407193,5.94776876153258,7.72418579407193,43.7056321684297,-15.8565293480645,2.81892564846231e-18,-4.39828936284297e-20,2.31234296911008e-19,0,0,0,0.00391322324877467,0.00480708725796237,-0.00626045912008749,-0.000209210142586534,-0.0128986124998242,0.012488685847635,6.91859825722012e-13,1.6794010484697e-08,2.12135070636387e-12,2.46029484194393e-19,8.67361737988404e-18,4.5250117000863e-14
NC_k0033,-0.00855263157894737,-0.00855263157894737,0.506828242963312,-21.235329112143,78.898491648617,-22.7713635862692,85.2550592341797,22.0771622548767,-84.8378402100857,27.1049822264837,-85.9048747079122,1,640,-1.94493711098465,3.08074720557488,0.374817331214791,0.863098975601829,2.53743277728807e-18,-2.74831751137479e-18,0,-1.4757166825742e-18,0.00111172248926185,-0.00150369133787837,1,4.48526504287783e-20,3.02733489742205e-19,1,0.00391322324877467,-0.00626045912008748,-0.00626045912008748,0.00480708725796237,-0.000209210142586533,0.0124886858476349,0.0124886858476349,-0.0128986124998242,1,-1.0842021724855e-19,0,1,0.0039133258663384,-0.00626094821845624,-0.00626094821845624,0.00480715495896323,-0.000209585988556816,0.0124896615262168,0.0124896615262168,-0.0128984926660149,-1.18014755303391,-27.9331919542155,5.96533661413762,7.61563681152878,5.96533661413762,7.61563681152878,43.6921617357756,-15.8635515159583,2.60208521396521e-18,2.21454466430511e-19,-3.63974484504383e-19,0,0,0,0.00391322324877467,0.00480708725796237,-0.00626045912008749,-0.000209210142586534,-0.0128986124998242,0.012488685847635,8.19491827641371e-13,8.41225733478473e-09,3.21301054767354e-12,3.02733489742205e-19,6.93889390390723e-18,1.51146645363015e-14
NC_k0033,0.00394736842105262,0.00394736842105262,0.506690540975442,-22.404805886152,83.4255282965215,-21.7047331964188,80.4865059632232,25.8030846611103,-85.4912034601719,23.479064407767,-85.0069990649312,1,640,0.898521238309379,-1.42312357501852,-0.173118771114036,-0.398237600395108,1.00830007947764e-18,-3.19119662878058e-19,0,-1.74059976704838e-18,0.00111138057090585,-0.00150308998876701,1,8.57880568549118e-20,1.51012925505858e-19,1,0.00391322324877467,-0.00626045912008749,-0.00626045912008749,0.00480708725796237,-0.00020921014258653,0.0124886858476349,0.0124886858476349,-0.0128986124998242,1,-1.0842021724855e-19,0,1,0.0039133258663384,-0.00626094821845624,-0.00626094821845624,0.00480715495896323,-0.000209585988556816,0.0124896615262168,0.0124896615262168,-0.0128984926660149,-1.16931259865466,-27.9281728021988,5.9682879984571,7.59844411930901,5.9682879984571,7.59844411930901,43.6922249683836,-15.8658219198109,2.60208521396521e-18,1.691511856626e-19,-1.11253714113699e-18,0,0,0,0.00391322324877467,0.00480708725796237,-0.00626045912008749,-0.000209210142586534,-0.0128986124998242,0.012488685847635,5.95637930824469e-12,1.17706288360272e-08,1.67101072999923e-12,1.51012925505858e-19,6.93889390390723e-18,1.13938573175982e-14
NC_k0033,0.0164473684210526,0.0164473684210526,0.507352874064429,-23.3610908231053,88.5540866937334,-20.2833706801064,76.4099255035303,29.2233240915221,-86.869105938143,19.6048566384994,-84.6899156468266,1,640,3.72624767989601,-5.90235998991745,-0.718117062307067,-1.66075008769225,4.02737696639818e-20,3.4989210515401e-18,0,-1.97349412287391e-18,0.00111293999525725,-0.00150578011281029,1,9.76047490433391e-20,1.59325485797081e-19,1,0.00391322324877467,-0.00626045912008748,-0.00626045912008748,0.00480708725796237,-0.000209210142586534,0.012488685847635,0.012488685847635,-0.0128986124998242,1,-1.0842021724855e-19,0,1,0.0039133258663384,-0.00626094821845624,-0.00626094821845624,0.00480715495896323,-0.000209585988556816,0.0124896615262168,0.0124896615262168,-0.0128984926660149,-1.21520968038401,-27.9544283196709,5.95562274793458,7.67396780125753,5.95562274793458,7.67396780125753,43.6962973729662,-15.8581358193049,1.51788304147971e-18,4.50295963224244e-19,-5.01810851475328e-19,0,0,0,0.00391322324877467,0.00480708725796237,-0.00626045912008749,-0.000209210142586534,-0.0128986124998242,0.012488685847635,4.04110076338811e-13,9.44368304703267e-09,1.52201980776155e-12,1.59325485797081e-19,2.60208521396521e-18,4.09205734741811e-14
NC_k0033,0.0289473684210526,0.0289473684210526,0.509358305308398,-24.2677302545526,94.0658366397666,-18.2505534498642,73.0852939764161,32.1861225430924,-89.1132740783222,15.5400489730747,-84.6598787110626,1,640,6.47088868429733,-10.2311889093826,-1.2408990742782,-2.92005273114417,1.53700745724193e-18,1.08747119026631e-18,0,-1.52439460726172e-19,0.00111672949215052,-0.00151194820186036,1,-3.53632221323566e-20,-2.37329306800768e-19,1,0.00391322324877467,-0.00626045912008748,-0.00626045912008748,0.00480708725796236,-0.000209210142586529,0.0124886858476349,0.0124886858476349,-0.0128986124998241,1,-1.0842021724855e-19,0,1,0.0039133258663384,-0.00626094821845624,-0.00626094821845624,0.00480715495896323,-0.000209585988556816,0.0124896615262168,0.0124896615262168,-0.0128984926660149,-1.29892476486973,-28.0515130793408,5.9325614605818,7.8368196048612,5.9325614605818,7.8368196048612,43.7504446886751,-15.865003812911,2.60208521396521e-18,3.57961300652588e-19,-1.46487743408977e-18,0,0,0,0.00391322324877467,0.00480708725796237,-0.00626045912008749,-0.000209210142586534,-0.0128986124998242,0.012488685847635,6.55161642781292e-13,1.03354614622637e-08,2.53549196420198e-12,2.37329306800768e-19,1.04083408558608e-17,5.01319587807997e-14
NC_k0034,-0.0335526315789474,-0.0335526315789474,0.418785893027063,46.3215437871362,126.849762231203,24.7626379946304,184.896913325095,-39.0851687937619,-142.576434684358,-32.6251390323822,-174.857056384972,1,640,-3.70999846159146,-13.9781097177448,-5.8370756991809,3.95328887010753,-1.19785017120539e-18,1.33561213914242e-18,0,-1.07533479631894e-19,0.000157857481808233,-0.00131775581311442,1,-5.90334215003256e-22,-1.17808144983898e-19,1,0.00359295174533235,0.000616426183014776,0.000616426183014776,0.00199159317497654,0.00546833848355631,-0.00844327965108072,-0.00844327965108072,-0.0167795284827941,1,0,2.37169225231204e-20,1,0.00359297500536926,0.000616474341310325,0.000616474341310325,0.00199167898808261,0.00546779349406479,-0.00844393928230347,-0.00844393928230347,-0.0167792044149822,5.30254292179067,-7.85601776056573,17.4109937107102,-5.46706442885534,17.4109937107102,-5.46706442885534,-27.8005903270041,-26.6646895531602,2.16840434497101e-18,-9.98576865148308e-20,3.63015556488347e-19,0,0,0,0.00359295174533235,0.00199159317497654,0.000616426183014777,0.00546833848355632,-0.0167795284827941,-0.00844327965108072,3.21388695435712e-13,1.34578639443977e-08,5.00165735760718e-13,1.17808144983898e-19,5.20417042793042e-18,3.61868547591073e-14
NC_k0034,-0.0210526315789474,-0.0210526315789474,0.419808914669247,42.0671119340888,138.163420607318,27.989838032332,175.287378711854,-37.2855758152368,-149.438141514368,-33.4157886440787,-169.758523776288,1,640,-2.5082260696932,-8.90133304915862,-3.7651545092211,2.51431354422979,-4.30357257292964e-19,-2.64144577623293e-18,0,5.59134389416444e-19,0.000156942281499785,-0.00131315982861702,1,9.40473711487251e-21,-1.37753743105754e-19,1,0.00359295174533235,0.000616426183014777,0.000616426183014777,0.00199159317497654,0.00546833848355632,-0.00844327965108072,-0.00844327965108072,-0.0167795284827941,1,0,2.37169225231204e-20,1,0.00359297500536926,0.000616474341310325,0.000616474341310325,0.00199167898808261,0.00546779349406479,-0.00844393928230347,-0.00844393928230347,-0.0167792044149822,5.38697852869053,-7.76764824926966,17.1792121383754,-5.4218284706249,17.1792121383754,-5.4218284706249,-27.9298063605324,-26.8017237281556,2.16840434497101e-18,-1.2211060086971e-19,-5.92413033631014e-19,0,0,0,0.00359295174533235,0.00199159317497654,0.000616426183014777,0.00546833848355632,-0.0167795284827941,-0.00844327965108072,1.84942939649898e-13,1.06937893723526e-08,1.70309781135219e-12,1.37753743105754e-19,5.20417042793042e-18,2.35368630200452e-14
NC_k0034,-0.00855263157894737,-0.00855263157894737,0.420577778749528,37.6492736760633,149.713953499748,31.821640289564,164.916784492033,-35.8241630218076,-156.084033298735,-34.2980949704166,-164.323692372005,1,640,-1.05761215090791,-3.63731531549948,-1.54932606391444,1.02739911317261,9.70817217200411e-19,-1.83406455882198e-18,0,6.98319108007067e-19,0.000156231811270213,-0.00131064178792194,1,-4.20777445336349e-20,-1.30140403338866e-19,1,0.00359295174533235,0.000616426183014777,0.000616426183014777,0.00199159317497654,0.00546833848355632,-0.00844327965108072,-0.00844327965108072,-0.0167795284827941,1,0,2.37169225231204e-20,1,0.00359297500536926,0.000616474341310325,0.000616474341310325,0.00199167898808261,0.00546779349406479,-0.00844393928230347,-0.00844393928230347,-0.0167792044149822,5.42872204151919,-7.73805295355421,17.0573516319101,-5.39359686574497,17.0573516319101,-5.39359686574497,-28.0206519782947,-26.892674245078,2.60208521396521e-18,1.81014568323232e-19,-2.61399488135042e-19,0,0,0,0.00359295174533235,0.00199159317497654,0.000616426183014777,0.00546833848355632,-0.0167795284827941,-0.00844327965108072,1.59196514598565e-12,6.4692338944928e-09,8.34842829440122e-13,1.30140403338866e-19,5.20417042793042e-18,4.36879739870636e-14
NC_k0034,0.00394736842105262,0.00394736842105262,0.42070498075896,33.3395999928612,160.924831100639,36.0368637025381,153.900519668614,-34.6639105921956,-162.204327075109,-35.3651449886643,-158.402802799792,1,640,0.490780698684874,1.68010916660855,0.716393655546841,-0.474564690765289,1.28331447209437e-18,2.17163365808242e-18,0,2.56548412622096e-18,0.00015610836443793,-0.00131025209833442,1,-3.07225992381681e-20,-1.41506873340368e-20,1,0.00359295174533235,0.000616426183014776,0.000616426183014776,0.00199159317497654,0.00546833848355632,-0.00844327965108072,-0.00844327965108072,-0.016779528482794,1,0,2.37169225231204e-20,1,0.00359297500536926,0.000616474341310325,0.000616474341310325,0.00199167898808261,0.00546779349406479,-0.00844393928230347,-0.00844393928230347,-0.0167792044149822,5.43479059101349,-7.73465501121404,17.0384855138968,-5.38888266797461,17.0384855138968,-5.38888266797461,-28.0357436083513,-26.9074714167853,1.30104260698261e-18,1.25308961512889e-19,-1.70068026367365e-18,0,0,0,0.00359295174533235,0.00199159317497654,0.000616426183014777,0.00546833848355632,-0.0167795284827941,-0.00844327965108072,1.32127779662023e-12,7.04140429506306e-09,1.5045281687291e-12,3.07225992381681e-20,1.04083408558608e-17,1.45142722684733e-15
NC_k0034,0.0164473684210526,0.0164473684210526,0.420156565809864,29.3457748608194,171.551587407647,40.4433396971372,142.434948107853,-33.7261989253388,-167.80564981922,-36.7097438685108,-151.939905896274,1,640,1.9945622945077,6.97441982519804,2.95976409950285,-1.96982460751884,2.10947599813273e-18,4.99778555637599e-18,0,3.71543061379218e-19,0.000156629329559945,-0.00131198269067148,1,-2.61967905582884e-20,1.21378175069283e-20,1,0.00359295174533235,0.000616426183014777,0.000616426183014777,0.00199159317497654,0.00546833848355632,-0.00844327965108072,-0.00844327965108072,-0.0167795284827941,1,0,2.37169225231204e-20,1,0.00359297500536926,0.000616474341310325,0.000616474341310325,0.00199167898808261,0.00546779349406479,-0.00844393928230347,-0.00844393928230347,-0.0167792044149822,5.40702373314091,-7.75213671558256,17.1221970261637,-5.40908008524501,17.1221970261637,-5.40908008524501,-27.9708683881112,-26.8432143164284,1.73472347597681e-18,-5.36239827656823e-20,3.43417600036744e-20,0,0,0,0.00359295174533235,0.00199159317497654,0.000616426183014777,0.00546833848355632,-0.0167795284827941,-0.00844327965108072,9.41101724027281e-13,9.79022953692927e-09,8.7088182027862e-13,2.61967905582884e-20,3.46944695195361e-18,3.26336786566499e-14
NC_k0034,0.0289473684210526,0.0289473684210526,0.419130617609497,25.8652244632734,181.448140112166,44.7918650850268,130.92558003005,-32.9085906676782,-173.000353802892,-38.381871357605,-145.084270248155,1,640,3.30536569747555,12.1438272280083,5.09823366540965,-3.43193305032215,4.26692847179354e-20,-3.82223617448503e-20,0,-2.41086752612255e-18,0.000157536233311451,-0.00131584822885902,1,-4.0803619122075e-20,2.389188907875e-20,1,0.00359295174533235,0.000616426183014777,0.000616426183014777,0.00199159317497654,0.00546833848355632,-0.00844327965108072,-0.00844327965108072,-0.0167795284827941,1,0,2.37169225231204e-20,1,0.00359297500536926,0.000616474341310325,0.000616474341310325,0.00199167898808261,0.00546779349406479,-0.00844393928230347,-0.00844393928230347,-0.0167792044149822,5.33863393062069,-7.81377370552431,17.3117479186608,-5.44876414522315,17.3117479186608,-5.44876414522315,-27.8473891863761,-26.7159754681501,1.73472347597681e-18,1.76521955102505e-20,-6.19850621624032e-19,0,0,0,0.00359295174533235,0.00199159317497654,0.000616426183014777,0.00546833848355632,-0.0167795284827941,-0.00844327965108072,3.86608853896291e-13,8.13436412684484e-09,1.34904037840137e-12,4.0803619122075e-20,5.20417042793042e-18,9.53593634234179e-15
NC_k0035,-0.0335526315789474,-0.0335526315789474,0.504597695958608,-63.0613785902119,-80.2158982381068,-42.1929234318411,-112.832321137357,50.0511395674116,83.2907191946425,57.2753177751359,108.559807085358,1,640,0.555264710408479,17.6810390384017,6.01798023710725,-1.60792374373384,1.54561013561248e-18,2.41605560292448e-18,0,-3.83150059734562e-21,0.000107197556134457,-0.000697429596912176,1,-7.17638462118141e-21,1.54206235103751e-19,1,-0.00351465423052479,-0.00255730804241255,-0.00255730804241255,-0.000555357364942646,-0.0142628356337485,0.0131526284975548,0.0131526284975548,0.00209256844649203,1,0,0,1,-0.00351463617796487,-0.00255750783210336,-0.00255750783210336,-0.000555454909916537,-0.014262635042528,0.0131536560466562,0.0131536560466562,0.00209213015474058,-7.43242086688651,-3.54077818093913,-14.9478085817221,9.22892628694597,-14.9478085817221,9.22892628694597,43.9034534018502,13.8054084722713,2.60208521396521e-18,2.40537079398382e-19,-3.29895171470158e-19,0,0,0,-0.00351465423052479,-0.000555357364942644,-0.00255730804241255,-0.0142628356337485,0.00209256844649203,0.0131526284975548,1.24453208322647e-13,2.18695764224225e-08,9.63217402466169e-13,1.54206235103751e-19,6.93889390390723e-18,4.88447556223092e-14
NC_k0035,-0.0210526315789474,-0.0210526315789474,0.501629080558866,-59.123684517564,-87.7741207556802,-45.0917627997047,-108.385461060895,50.5583653379096,89.3744306975154,55.7085990603476,105.641781711487,1,640,0.473828192566833,11.3146061782521,3.89018334237019,-1.03196491594462,-2.96084337179681e-19,-1.83628802030852e-18,0,-2.5035845466224e-18,0.000105591219190757,-0.000696595208962743,1,-2.46938648899969e-20,2.80742426998458e-19,1,-0.00351465423052479,-0.00255730804241255,-0.00255730804241255,-0.000555357364942645,-0.0142628356337485,0.0131526284975548,0.0131526284975548,0.00209256844649203,1,0,0,1,-0.00351463617796487,-0.00255750783210336,-0.00255750783210336,-0.000555454909916537,-0.014262635042528,0.0131536560466562,0.0131536560466562,0.00209213015474058,-7.47946546980532,-3.55782245639111,-14.701766646409,9.07072363848797,-14.701766646409,9.07072363848797,43.8983256399608,13.8305658885337,1.73472347597681e-18,4.38002678171557e-20,-1.51266568575104e-19,0,0,0,-0.00351465423052479,-0.000555357364942644,-0.00255730804241255,-0.0142628356337485,0.00209256844649203,0.0131526284975548,4.05149838753419e-13,1.33288108700665e-08,1.98507422437004e-12,2.80742426998458e-19,3.46944695195361e-18,4.16088174945902e-14
NC_k0035,-0.00855263157894737,-0.00855263157894737,0.500226125999189,-54.7553343994679,-94.8733765241655,-48.8499951960706,-103.251335180415,51.7074790413716,95.1616782828265,53.9361752884883,101.847968640021,1,640,0.22036111436461,4.63266519536934,1.60149868221221,-0.423759947706085,-9.83233198194832e-19,-1.22597431203219e-18,0,2.192428978682e-18,0.000104993907505269,-0.000696243173004006,1,5.43484144349279e-20,2.71606567219492e-19,1,-0.00351465423052479,-0.00255730804241255,-0.00255730804241255,-0.000555357364942645,-0.0142628356337485,0.0131526284975548,0.0131526284975548,0.00209256844649203,1,0,0,1,-0.00351463617796487,-0.00255750783210336,-0.00255750783210336,-0.000555454909916537,-0.014262635042528,0.0131536560466562,0.0131536560466562,0.00209213015474058,-7.49635341329317,-3.56613065754829,-14.5694292024569,8.97985495634039,-14.5694292024569,8.97985495634039,43.9328960835539,13.844633132068,2.60208521396521e-18,1.95419750347809e-19,-6.99564413746974e-19,0,0,0,-0.00351465423052479,-0.000555357364942644,-0.00255730804241255,-0.0142628356337485,0.00209256844649203,0.0131526284975548,9.60137920241744e-13,7.96281172035314e-09,1.51905513882024e-12,2.71606567219492e-19,6.93889390390723e-18,4.26132921990515e-14
NC_k0035,0.00394736842105262,0.00394736842105262,0.500015262375541,-50.3824761433963,-101.155433385795,-53.1226149800613,-97.2889470603993,53.2896993996963,100.212673128283,52.2515402548494,97.1214842017816,1,640,-0.103646302887724,-2.14037368257551,-0.740526595202886,0.195890203987169,1.28149467474675e-18,-2.53233734471474e-18,0,6.31238069051466e-20,0.000104920034154151,-0.000696193719603637,1,9.27178890442597e-20,1.67551299453615e-19,1,-0.00351465423052479,-0.00255730804241255,-0.00255730804241255,-0.000555357364942645,-0.0142628356337485,0.0131526284975548,0.0131526284975548,0.00209256844649203,1,0,0,1,-0.00351463617796487,-0.00255750783210336,-0.00255750783210336,-0.000555454909916537,-0.014262635042528,0.0131536560466562,0.0131536560466562,0.00209213015474058,-7.49821056294613,-3.56730803375957,-14.5487956619276,8.96529717451488,-14.5487956619276,8.96529717451488,43.94011565764,13.8466517450004,2.60208521396521e-18,-9.70522549199287e-20,-2.88408500941381e-19,0,0,0,-0.00351465423052479,-0.000555357364942644,-0.00255730804241255,-0.0142628356337485,0.00209256844649203,0.0131526284975548,1.41480741939795e-12,1.14760125561876e-08,1.00480138583259e-12,1.67551299453615e-19,6.93889390390723e-18,2.8864917545831e-15
NC_k0035,0.0164473684210526,0.0164473684210526,0.500963819110293,-46.3959284349795,-106.583878391161,-57.5427270978243,-90.4734467209423,55.0647964303128,104.353747002184,50.919067477026,91.5737934627518,1,640,-0.395264902213283,-8.87402404913414,-3.05886535394462,0.810303014743316,1.35919671276753e-18,-2.81056119810818e-19,0,1.62106885981202e-18,0.000105287224903964,-0.000696423666743142,1,8.01768571284145e-20,1.04238318052767e-20,1,-0.00351465423052479,-0.00255730804241255,-0.00255730804241255,-0.000555357364942646,-0.0142628356337485,0.0131526284975548,0.0131526284975548,0.00209256844649203,1,0,0,1,-0.00351463617796487,-0.00255750783210336,-0.00255750783210336,-0.000555454909916537,-0.014262635042528,0.0131536560466562,0.0131536560466562,0.00209213015474058,-7.48836959700214,-3.56189806547458,-14.6400689046374,9.02889419566293,-14.6400689046374,9.02889419566293,43.9118799655905,13.8373458316526,2.60208521396521e-18,2.08641499546228e-19,-7.45336393038466e-19,0,0,0,-0.00351465423052479,-0.000555357364942644,-0.00255730804241255,-0.0142628356337485,0.00209256844649203,0.0131526284975548,4.42186344831692e-13,9.34144658923425e-09,1.23402593850052e-12,8.01768571284145e-20,6.93889390390723e-18,1.50699836584186e-14
NC_k0035,0.0289473684210526,0.0289473684210526,0.503263931064818,-43.1369799152615,-111.260520931862,-61.6860845790483,-83.007023380487,56.7372237076901,107.57237488368,50.1486217838726,85.5189005841017,1,640,-0.550270147929459,-15.3956064878827,-5.26213928981814,1.40117507234388,2.08637449798535e-18,3.95511446808555e-18,0,1.56583635595063e-18,0.000106438578836284,-0.000697036889200246,1,6.20475113903411e-20,-7.44211579641898e-20,1,-0.00351465423052479,-0.00255730804241255,-0.00255730804241255,-0.000555357364942645,-0.0142628356337485,0.0131526284975548,0.0131526284975548,0.00209256844649203,1,0,0,1,-0.00351463617796487,-0.00255750783210336,-0.00255750783210336,-0.000555454909916537,-0.014262635042528,0.0131536560466562,0.0131536560466562,0.00209213015474058,-7.45388569912444,-3.54781444577061,-14.8434783074271,9.16340454336966,-14.8434783074271,9.16340454336966,43.8881665209794,13.8151249886372,1.73472347597681e-18,9.08516065697597e-20,-4.20752848636312e-19,0,0,0,-0.00351465423052479,-0.000555357364942644,-0.00255730804241255,-0.0142628356337485,0.00209256844649203,0.0131526284975548,4.58638537051038e-13,1.16223447778225e-08,2.12362731365696e-12,7.44211579641898e-20,3.46944695195361e-18,3.41937019910802e-14
NC_k0036,-0.0335526315789474,-0.0335526315789474,0.267069026865947,-18.1553644399953,8.06773648062964,-52.0665831864669,15.2563553893442,25.0009982600903,1.61709535141764,45.6281818586249,-25.3011147959162,1,640,-16.4247786882997,-7.75435763267895,-7.979114985923,1.84411406330358,2.03639955409735e-18,-9.90677823707809e-19,0,-1.47833719075477e-20,0.000508759611681732,0.000676406911158818,1,-8.78569689336725e-20,-5.30155205190824e-20,1,0.000844162125238228,-0.0113505931958439,-0.0113505931958439,0.0094518573638317,0.0125214744945685,-0.00300099643370445,-0.00300099643370445,0.0039141427757966,1,0,-2.16840434497101e-19,1,0.000844430791351183,-0.0113514799609373,-0.0113514799609373,0.0094517897918494,0.0125214668866957,-0.00300123088655083,-0.00300123088655083,0.00391447139181914,-4.99356186791401,-41.0532639795242,1.4946294648744,5.72555132485888,1.4946294648744,5.72555132485888,-12.8280457833366,-1.22815280182297,1.73472347597681e-18,7.84658758993388e-19,-5.63747666429703e-19,0,0,0,0.000844162125238233,0.00945185736383171,-0.0113505931958439,0.0125214744945685,0.0039141427757966,-0.00300099643370445,1.60063534017975e-13,1.51244723488595e-08,3.27559632374482e-12,8.78569689336725e-20,5.20417042793042e-18,6.96308212176382e-14
NC_k0036,-0.0210526315789474,-0.0210526315789474,0.266760896351201,-25.8688559600526,10.7303749323257,-48.0755861534518,14.7370166113599,30.851366640547,-3.98473499866201,43.4740612836958,-21.8490328741944,1,640,-10.5610221415442,-5.07540567930888,-5.16002118088145,1.18590730396186,2.53606958363858e-19,-3.63640177806887e-19,0,5.66473135811015e-19,0.000508445841396312,0.000677257229898439,1,6.81768775011105e-20,-1.76788028999331e-20,1,0.000844162125238235,-0.0113505931958439,-0.0113505931958439,0.00945185736383171,0.0125214744945685,-0.00300099643370445,-0.00300099643370445,0.0039141427757966,1,0,-2.16840434497101e-19,1,0.000844430791351183,-0.0113514799609373,-0.0113514799609373,0.0094517897918494,0.0125214668866957,-0.00300123088655083,-0.00300123088655083,0.00391447139181914,-5.01393955810513,-41.0409790583424,1.48771140912447,5.62568715238436,1.48771140912447,5.62568715238436,-12.7918879497892,-1.15120188528888,1.51788304147971e-18,-1.92426176136147e-19,-2.34690092731141e-19,0,0,0,0.000844162125238233,0.00945185736383171,-0.0113505931958439,0.0125214744945685,0.0039141427757966,-0.00300099643370445,2.39936343039799e-13,1.40331452689702e-08,2.37476834648127e-12,6.81768775011105e-20,6.93889390390723e-18,4.20348435699939e-14
NC_k0036,-0.00855263157894737,-0.00855263157894737,0.266818852507864,-33.4996858983306,12.6531565461443,-42.7141412470963,14.1575324737073,35.7735166362093,-9.85617916490479,40.8075234302167,-17.3240870684126,1,640,-4.33471247899187,-2.10336851386196,-2.12456672764177,0.487332851383459,1.02543926176974e-18,9.26769849581962e-19,0,9.92649822288135e-19,0.000508251541280489,0.00067752674435821,1,1.20140301726665e-19,-6.35204818039538e-20,1,0.000844162125238232,-0.0113505931958439,-0.0113505931958439,0.00945185736383171,0.0125214744945685,-0.00300099643370445,-0.00300099643370445,0.0039141427757966,1,0,-2.16840434497101e-19,1,0.000844430791351183,-0.0113514799609373,-0.0113514799609373,0.0094517897918494,0.0125214668866957,-0.00300123088655083,-0.00300123088655083,0.00391447139181914,-5.02696827188938,-41.0711047489679,1.4892249829271,5.57429649087685,1.4892249829271,5.57429649087685,-12.7858695172463,-1.1172800474736,1.51788304147971e-18,1.60465030410998e-19,3.26611399315027e-19,0,0,0,0.000844162125238233,0.00945185736383171,-0.0113505931958439,0.0125214744945685,0.0039141427757966,-0.00300099643370445,5.93899863480574e-13,1.21782908392885e-08,2.39208666399853e-12,1.20140301726665e-19,3.46944695195361e-18,8.32192338877131e-14
NC_k0036,0.00394736842105262,0.00394736842105262,0.266839008620163,-40.4236458154822,13.858407015544,-36.1576503337199,13.1728733931804,39.6312337708325,-15.4312350172921,37.3150666003161,-11.9699225078753,1,640,2.00345537323322,0.973574529554929,0.98241986792013,-0.225363695414018,1.15760287132101e-18,-3.42805152537901e-19,0,-1.07877586766716e-19,0.000508220082952787,0.000677553761410796,1,1.77065752188369e-19,-1.75890558812757e-20,1,0.000844162125238229,-0.0113505931958439,-0.0113505931958439,0.0094518573638317,0.0125214744945685,-0.00300099643370445,-0.00300099643370445,0.0039141427757966,1,0,-2.16840434497101e-19,1,0.000844430791351183,-0.0113514799609373,-0.0113514799609373,0.0094517897918494,0.0125214668866957,-0.00300123088655083,-0.00300123088655083,0.00391447139181914,-5.02909236758304,-41.0776692374395,1.48980021516762,5.56643705596088,1.48980021516762,5.56643705596088,-12.7856464885418,-1.11260807001431,2.60208521396521e-18,7.32614240020496e-19,6.17846224432979e-19,0,0,0,0.000844162125238233,0.00945185736383171,-0.0113505931958439,0.0125214744945685,0.0039141427757966,-0.00300099643370445,1.53790233347847e-12,1.29800771221174e-08,4.18300232773074e-12,1.77065752188369e-19,5.20417042793042e-18,1.08176832126309e-14
NC_k0036,0.0164473684210526,0.0164473684210526,0.266772223025559,-46.2539536374905,14.5497049819299,-28.7296047198243,11.5279804653484,42.5694919873001,-20.2960957457314,32.7887408407789,-6.14925585213535,1,640,8.2926746362804,4.00327823909103,4.05766444887265,-0.931618709452477,2.24093154107966e-18,2.62785354440746e-19,0,3.23857753426761e-20,0.000508359236480841,0.000677401954073362,1,2.46660901499282e-19,8.3335529800956e-20,1,0.000844162125238231,-0.0113505931958439,-0.0113505931958439,0.00945185736383171,0.0125214744945685,-0.00300099643370445,-0.00300099643370445,0.0039141427757966,1,0,-2.16840434497101e-19,1,0.000844430791351183,-0.0113514799609373,-0.0113514799609373,0.0094517897918494,0.0125214668866957,-0.00300123088655083,-0.00300123088655083,0.00391447139181914,-5.01988992468612,-41.0524094049555,1.48794195311853,5.60150719021361,1.48794195311853,5.60150719021361,-12.7880483393729,-1.13455040607269,3.46944695195361e-18,4.45432238360264e-19,-2.66292361943995e-19,0,0,0,0.000844162125238233,0.00945185736383171,-0.0113505931958439,0.0125214744945685,0.0039141427757966,-0.00300099643370445,2.31036662793151e-13,1.4383968581429e-08,6.10098879918223e-13,2.46660901499282e-19,1.04083408558608e-17,6.86678684105729e-14
NC_k0036,0.0289473684210526,0.0289473684210526,0.266860739401713,-50.757639124838,15.0496941378095,-20.9550557659349,9.12652637650347,44.872431815741,-24.1638894738259,27.2368776715467,-0.375835395657131,1,640,14.3306012875819,6.81567804331537,6.97827217919612,-1.60843854837055,1.90549325907715e-18,-1.20991046453641e-18,0,3.13150727577875e-19,0.000508627529451113,0.000676816943268235,1,1.6919540959398e-20,3.61278715846219e-20,1,0.000844162125238227,-0.0113505931958439,-0.0113505931958439,0.0094518573638317,0.0125214744945685,-0.00300099643370445,-0.00300099643370445,0.0039141427757966,1,0,-2.16840434497101e-19,1,0.000844430791351183,-0.0113514799609373,-0.0113514799609373,0.0094517897918494,0.0125214668866957,-0.00300123088655083,-0.00300123088655083,0.00391447139181914,-5.00145327511891,-41.0354121905538,1.4902562065937,5.6825997244402,1.4902562065937,5.6825997244402,-12.8083588937089,-1.19391998383507,3.46944695195361e-18,1.2951685315366e-18,2.76526549864568e-19,0,0,0,0.000844162125238233,0.00945185736383171,-0.0113505931958439,0.0125214744945685,0.0039141427757966,-0.00300099643370445,2.29751518150284e-13,1.32547438903725e-08,3.71420244693435e-12,3.61278715846219e-20,1.04083408558608e-17,3.8274838964513e-14
NC_k0037,-0.0335526315789474,-0.0335526315789474,0.380912210428516,72.3064595146622,3.94028517198217,78.7214102689359,-6.67198898838057,-60.1580369016032,1.71104743432899,-91.4144037466615,7.9669534025072,1,640,9.73919186927852,-7.19191681424611,0.840600768160762,-2.3635065495319,-1.08134343628852e-18,1.01637336225616e-18,0,1.95163752954843e-18,1.93533946857066e-05,0.00194019120069746,1,3.44492843699354e-20,-3.38467030511207e-20,1,0.00526516256280188,0.0075507131118313,0.0075507131118313,-0.00336613753595377,0.011274254889374,-0.00828254755886328,-0.00828254755886328,0.0104031002784616,1,0,0,1,0.00526501252788811,0.00755130301129316,0.00755130301129316,-0.00336595041070744,0.011274449567557,-0.00828319463289132,-0.00828319463289132,0.0104033289861216,11.5109594054357,27.8600654314068,5.80734154787639,-11.2882236714079,5.80734154787639,-11.2882236714079,-25.2039412426786,3.96854523831528,1.73472347597681e-18,-3.98933249960204e-19,-6.99748399678152e-20,0,0,0,0.00526516256280188,-0.00336613753595378,0.0075507131118313,0.011274254889374,0.0104031002784616,-0.00828254755886328,4.67107530764875e-13,3.13375060455709e-08,2.18574149010548e-13,3.44492843699354e-20,5.20417042793042e-18,4.21165881970176e-14
NC_k0037,-0.0210526315789474,-0.0210526315789474,0.378358924558522,74.1211153717492,2.96838378619018,77.7096111989745,-3.97444682821821,-65.9839007096978,2.04203883449546,-86.3264643345125,5.90197298537861,1,640,6.20023681325144,-4.58407571030339,0.533333163972859,-1.49757524022738,-4.56294001707931e-18,9.4794898198577e-19,0,-1.60984732762213e-18,2.12185971686923e-05,0.00193525973600434,1,2.24155623656792e-20,-1.70115279414135e-19,1,0.00526516256280188,0.0075507131118313,0.0075507131118313,-0.00336613753595377,0.011274254889374,-0.00828254755886328,-0.00828254755886328,0.0104031002784616,1,0,0,1,0.00526501252788811,0.00755130301129316,0.00755130301129316,-0.00336595041070744,0.011274449567557,-0.00828319463289132,-0.00828319463289132,0.0104033289861216,11.5514711378082,27.8422802671109,5.67728735648544,-11.0616891488409,5.67728735648544,-11.0616891488409,-25.1042126413221,4.03847670074939,2.49366499671666e-18,-5.2773154372326e-20,-8.26099898227481e-20,0,0,0,0.00526516256280188,-0.00336613753595378,0.0075507131118313,0.011274254889374,0.0104031002784616,-0.00828254755886328,1.13295722937469e-12,1.72326034554627e-08,1.76009949330281e-12,1.70115279414135e-19,6.93889390390723e-18,1.77525858728443e-14
NC_k0037,-0.00855263157894737,-0.00855263157894737,0.377199970208942,75.5100643727603,1.44028357184818,76.8525097672321,-1.44427422732799,-72.2000560609544,2.69890862410224,-80.6075470593303,4.23821573622635,1,640,2.53235106622626,-1.87079410483463,0.218313797259239,-0.610775494046207,-8.03569569148314e-19,2.57574778326152e-18,0,2.68442938958364e-18,2.20857437976671e-05,0.00193279642379976,1,-9.44155762113525e-20,-2.31473645406317e-19,1,0.00526516256280188,0.0075507131118313,0.0075507131118313,-0.00336613753595377,0.011274254889374,-0.00828254755886328,-0.00828254755886328,0.0104031002784616,1,0,0,1,0.00526501252788811,0.00755130301129316,0.00755130301129316,-0.00336595041070744,0.011274449567557,-0.00828319463289132,-0.00828319463289132,0.0104033289861216,11.5706517398549,27.8609732617006,5.60284096693772,-10.9371394288783,5.60284096693772,-10.9371394288783,-25.0709200051581,4.09307591459133,1.84314369322536e-18,-2.36890645536454e-19,3.24983147493409e-19,0,0,0,0.00526516256280188,-0.00336613753595378,0.0075507131118313,0.011274254889374,0.0104031002784616,-0.00828254755886328,1.02234208583941e-12,6.28196617465641e-09,2.43568483701056e-12,2.31473645406317e-19,3.46944695195361e-18,1.69241328096036e-14
NC_k0037,0.00394736842105262,0.00394736842105262,0.377030135266735,76.5296013907762,-0.590102401636753,75.9186802778333,0.745674409539287,-78.3888591187352,3.74223563675339,-74.4987242323359,3.03395697768219,1,640,-1.16958513356458,0.863822122955354,-0.100901793501043,0.282073866634327,-4.04304707592239e-18,5.47580330620303e-19,0,-2.00783204446222e-19,2.22092960293552e-05,0.00193242906163427,1,-1.18587973974204e-19,-1.2088649063188e-19,1,0.00526516256280188,0.0075507131118313,0.0075507131118313,-0.00336613753595377,0.011274254889374,-0.00828254755886328,-0.00828254755886328,0.0104031002784615,1,0,0,1,0.00526501252788811,0.00755130301129316,0.00755130301129316,-0.00336595041070744,0.011274449567557,-0.00828319463289132,-0.00828319463289132,0.0104033289861216,11.5732339551899,27.8654532810361,5.59095972899658,-10.9175724881965,5.59095972899658,-10.9175724881965,-25.0667517453487,4.10259464769412,1.84314369322536e-18,-4.06759756400441e-19,1.18877330518182e-18,0,0,0,0.00526516256280188,-0.00336613753595378,0.0075507131118313,0.011274254889374,0.0104031002784616,-0.00828254755886328,6.02685243113887e-12,1.5216374259956e-08,3.5136384159249e-12,1.2088649063188e-19,5.20417042793042e-18,7.36163320101532e-15
NC_k0037,0.0164473684210526,0.0164473684210526,0.377803490282246,77.3882338497256,-3.01283400155075,74.6857344209345,2.46921544879496,-84.2814892619777,5.23510074894052,-68.2571485612319,2.24232215725558,1,640,-4.85710788687096,3.59011370404298,-0.418108080333244,1.17229781744306,1.48950743774669e-18,9.02354786621847e-19,0,4.75031627815728e-19,2.16362574209741e-05,0.00193408970566883,1,-1.4973125160272e-19,-7.64331702478821e-20,1,0.00526516256280188,0.0075507131118313,0.0075507131118313,-0.00336613753595377,0.011274254889374,-0.00828254755886328,-0.00828254755886328,0.0104031002784616,1,0,0,1,0.00526501252788811,0.00755130301129316,0.00755130301129316,-0.00336595041070744,0.011274449567557,-0.00828319463289132,-0.00828319463289132,0.0104033289861216,11.5609365668823,27.848848237483,5.64296546437303,-11.0038273052791,5.64296546437303,-11.0038273052791,-25.0872679311105,4.06252434499027,2.05998412772246e-18,-3.80887518242321e-19,5.34832080768855e-19,0,0,0,0.00526516256280188,-0.00336613753595378,0.0075507131118313,0.011274254889374,0.0104031002784616,-0.00828254755886328,1.20775501680147e-12,1.04537176856613e-08,3.51315279672869e-12,1.4973125160272e-19,5.20417042793042e-18,3.90837210542532e-14
NC_k0037,0.0289473684210526,0.0289473684210526,0.379754779940306,78.3110305053504,-5.67201987769141,73.0154031430515,3.64699589427885,-89.6253197054432,7.16913539155442,-62.2184635531235,1.79992824592788,1,640,-8.46136545207116,6.25438248682885,-0.72830437852999,2.04848686188034,-4.98148017214135e-18,2.65791907813193e-18,0,4.56256282271999e-19,2.01886364795728e-05,0.0019380545000095,1,-4.20241321383934e-21,8.48986684353531e-20,1,0.00526516256280189,0.0075507131118313,0.0075507131118313,-0.00336613753595377,0.011274254889374,-0.00828254755886328,-0.00828254755886328,0.0104031002784615,1,0,0,1,0.00526501252788811,0.00755130301129316,0.00755130301129316,-0.00336595041070744,0.011274449567557,-0.00828319463289132,-0.00828319463289132,0.0104033289861216,11.5279359511482,27.843191318439,5.75351310671655,-11.1930406453753,5.75351310671655,-11.1930406453753,-25.1545441235448,3.9929960940814,1.73472347597681e-18,-6.98026909518831e-19,1.33617772998133e-18,0,0,0,0.00526516256280188,-0.00336613753595378,0.0075507131118313,0.011274254889374,0.0104031002784616,-0.00828254755886328,3.43352574391876e-13,1.25785125944742e-08,3.88061689854261e-12,8.48986684353531e-20,6.93889390390723e-18,1.08170467051364e-14
NC_k0038,-0.0335526315789474,-0.0335526315789474,0.0807246007758265,28.9836379506393,11.868185815625,22.6984229592102,0.985426943251216,-26.946381880795,-11.2834639512286,-26.5910863209064,1.40681252440099,1,640,-2.42624870627912,4.15414355271424,0.570205299323581,-0.651509154564208,-3.42995404078788e-19,-2.45136628891315e-19,0,6.40940897636713e-19,-0.00100908910190696,0.0012786839066695,1,5.72288658628171e-20,-8.18832231950699e-20,1,-0.0044705407505022,-0.00322081580792181,-0.00322081580792181,-0.0124565213817698,0.0122190735985311,0.00371546962431562,0.00371546962431562,0.00716695275968236,1,2.16840434497101e-19,0,1,-0.00447086203002753,-0.00322106743415681,-0.00322106743415681,-0.0124565307089268,0.0122191642409596,0.00371575989538002,0.00371575989538002,0.00716724075058115,2.35456424960269,-11.1323874551902,3.19247867690458,-5.14308873400908,3.19247867690458,-5.14308873400908,14.2183532371863,1.34079194596368,1.30104260698261e-18,2.85197525861076e-19,-7.00374426192253e-19,0,0,0,-0.0044705407505022,-0.0124565213817698,-0.00322081580792181,0.0122190735985311,0.00716695275968236,0.00371546962431562,2.17931867715264e-12,2.99137326830708e-08,6.97712582301607e-12,8.18832231950699e-20,6.93889390390723e-18,2.19363825557302e-13
NC_k0038,-0.0210526315789474,-0.0210526315789474,0.0812613623870413,27.4588122585848,9.35031913633373,23.3516892130867,2.47017912308612,-26.3900616450806,-8.48206403224219,-26.2591561619643,-0.36713072469455,1,640,-1.49477751080302,2.60723461929021,0.367110845800766,-0.413276285759817,-1.65343478282e-19,7.25715329894823e-19,0,5.60154303111722e-19,-0.001007976408315,0.00127691186968859,1,6.00898105265206e-20,1.81163521061537e-19,1,-0.0044705407505022,-0.00322081580792181,-0.00322081580792181,-0.0124565213817699,0.0122190735985311,0.00371546962431562,0.00371546962431562,0.00716695275968236,1,2.16840434497101e-19,0,1,-0.00447086203002753,-0.00322106743415681,-0.00322106743415681,-0.0124565307089268,0.0122191642409596,0.00371575989538002,0.00371575989538002,0.00716724075058115,2.21587607669396,-11.2095025753805,3.14076556729969,-5.0614634750519,3.14076556729969,-5.0614634750519,14.3042389619109,1.48936998832,2.16840434497101e-18,7.28606546858735e-19,-8.97759204652933e-19,0,0,0,-0.0044705407505022,-0.0124565213817698,-0.00322081580792181,0.0122190735985311,0.00716695275968236,0.00371546962431562,8.29164455532826e-13,2.99141515532131e-08,2.60777931267066e-12,1.81163521061537e-19,9.54097911787244e-18,1.13910032959137e-13
NC_k0038,-0.00855263157894737,-0.00855263157894737,0.0815954234931748,26.023736940876,7.02190442062502,24.3228169127859,4.2228749160942,-26.1034243766763,-5.79782479215531,-26.0726972431142,-2.47854160944321,1,640,-0.598339622974154,1.05600526751893,0.151029662699775,-0.168599888802046,2.75384969531154e-19,1.34433393152118e-19,0,1.20636847715346e-19,-0.00100731573097608,0.00127591062791233,1,1.10565156687956e-19,2.5776383377262e-20,1,-0.0044705407505022,-0.00322081580792181,-0.00322081580792181,-0.0124565213817698,0.0122190735985311,0.00371546962431562,0.00371546962431562,0.00716695275968236,1,2.16840434497101e-19,0,1,-0.00447086203002753,-0.00322106743415681,-0.00322106743415681,-0.0124565307089268,0.0122191642409596,0.00371575989538002,0.00371575989538002,0.00716724075058115,2.14160184362309,-11.2578109261271,3.11306414794538,-5.01844698804606,3.11306414794538,-5.01844698804606,14.3613274185331,1.57220133036276,1.30104260698261e-18,-5.32920814793607e-19,-2.72111842178397e-19,0,0,0,-0.0044705407505022,-0.0124565213817698,-0.00322081580792181,0.0122190735985311,0.00716695275968236,0.00371546962431562,5.25166514144134e-12,2.48820360749506e-08,3.43972121252244e-12,1.10565156687956e-19,1.73472347597681e-18,1.04429407302615e-13
NC_k0038,0.00394736842105262,0.00394736842105262,0.0816488554732901,24.7438386643607,4.93131544950993,25.5308825238678,6.22337059409615,-26.0451334402733,-3.32681418937076,-26.0575580786625,-4.86015402484488,1,640,0.275417556826619,-0.487050533373136,-0.0698388822603513,0.0778675981475337,-5.55203627145592e-21,-1.21258060355373e-18,0,7.84663529067802e-21,-0.00100720839752126,0.00127575228696654,1,1.01032171174103e-19,-2.24492550484483e-20,1,-0.00447054075050219,-0.00322081580792181,-0.00322081580792181,-0.0124565213817698,0.0122190735985311,0.00371546962431562,0.00371546962431562,0.00716695275968236,1,2.16840434497101e-19,0,1,-0.00447086203002753,-0.00322106743415681,-0.00322106743415681,-0.0124565307089268,0.0122191642409596,0.00371575989538002,0.00371575989538002,0.00716724075058115,2.13012880253834,-11.26556686725,3.10875585863285,-5.01179856644555,3.10875585863285,-5.01179856644555,14.3706673045546,1.58514553217708,1.0842021724855e-18,-6.22479485441391e-19,-6.74864297136551e-20,0,0,0,-0.0044705407505022,-0.0124565213817698,-0.00322081580792181,0.0122190735985311,0.00716695275968236,0.00371546962431562,6.63568667803726e-12,2.24260211513878e-08,2.2958302806261e-12,1.01032171174103e-19,5.20417042793042e-18,8.46446442908492e-14
NC_k0038,0.0164473684210526,0.0164473684210526,0.0814151593087441,23.6776223978791,3.08605075490633,26.9153416761448,8.46580498865977,-26.1726160082434,-1.11042588342253,-26.2546535035766,-7.47220896667026,1,640,1.16020960295312,-2.03456094602062,-0.288535943212273,0.323576306333904,-1.37967108728945e-19,-3.5956548610945e-19,0,5.62687130147359e-19,-0.00100767393240907,0.0012764483415496,1,6.75565678164997e-20,6.52424517714032e-20,1,-0.00447054075050219,-0.00322081580792181,-0.00322081580792181,-0.0124565213817698,0.0122190735985311,0.00371546962431562,0.00371546962431562,0.00716695275968236,1,2.16840434497101e-19,0,1,-0.00447086203002753,-0.00322106743415681,-0.00322106743415681,-0.0124565307089268,0.0122191642409596,0.00371575989538002,0.00371575989538002,0.00716724075058115,2.18106660731871,-11.231699393564,3.12783403324946,-5.04131596960946,3.12783403324946,-5.04131596960946,14.3302067087676,1.52794634409703,8.67361737988404e-19,-1.58567060182301e-19,-3.76959744070603e-20,0,0,0,-0.0044705407505022,-0.0124565213817698,-0.00322081580792181,0.0122190735985311,0.00716695275968236,0.00371546962431562,1.70558325743721e-12,2.55188043645118e-08,4.51638152310112e-12,6.75565678164997e-20,1.73472347597681e-18,1.84604984175826e-13
NC_k0038,0.0289473684210526,0.0289473684210526,0.0809332082904312,22.894459740583,1.49898597479979,28.41774162796,10.9260521104067,-26.45212347522,0.797959980608589,-26.7083835813121,-10.2479385138614,1,640,2.08069786518048,-3.58829869128003,-0.497508272612851,0.564989286243173,3.05474491493383e-19,1.1808962773705e-18,0,2.84211813847707e-19,-0.00100863385090128,0.0012779481254173,1,1.32617320113081e-19,-4.54373774794217e-20,1,-0.00447054075050219,-0.00322081580792181,-0.00322081580792181,-0.0124565213817698,0.0122190735985311,0.00371546962431562,0.00371546962431562,0.00716695275968236,1,2.16840434497101e-19,0,1,-0.00447086203002753,-0.00322106743415681,-0.00322106743415681,-0.0124565307089268,0.0122191642409596,0.00371575989538002,0.00371575989538002,0.00716724075058115,2.29607115425842,-11.1622484434844,3.17056802854308,-5.10826964365135,3.17056802854308,-5.10826964365135,14.2506739351799,1.40232039741602,1.19262238973405e-18,-1.13269527166446e-18,-2.88116612630151e-20,0,0,0,-0.0044705407505022,-0.0124565213817698,-0.00322081580792181,0.0122190735985311,0.00716695275968236,0.00371546962431562,1.16520397839201e-12,2.16854580014012e-08,6.82904832758091e-12,1.32617320113081e-19,5.20417042793042e-18,1.56382562214862e-13
NC_k0039,-0.0335526315789474,-0.0335526315789474,0.494917336730871,-47.7422497426173,45.9975828132959,-86.5399104582869,74.5822300738476,42.8324670601184,-50.3350452101772,88.460199875641,-76.4824462403434,1,640,-20.7840821601457,-3.74809326688159,-8.09561789091886,4.16516564071076,2.34122553599049e-18,-2.18529206435689e-18,0,1.10451772832981e-19,-0.000905048521515611,-0.000980962555299582,1,-2.49478579279325e-19,-3.43742894832846e-20,1,-0.00936196115721762,-0.0143750446473943,-0.0143750446473943,-0.00123606231006256,0.00591636410265959,0.00222737079348689,0.00222737079348689,-0.00801369950739952,1,0,5.42101086242752e-20,1,-0.00936190594457868,-0.0143761676977574,-0.0143761676977574,-0.00123632451534734,0.00591607154931364,0.00222754480683013,0.00222754480683013,-0.0080134479176357,-12.0786475155367,-55.2880106771439,3.22215837567158,7.24497300035082,3.22215837567158,7.24497300035082,3.56518691182776,-11.7448161862898,2.16840434497101e-18,9.75431905938088e-19,-9.0352069967996e-19,0,0,0,-0.00936196115721762,-0.00123606231006256,-0.0143750446473943,0.00591636410265959,-0.00801369950739952,0.00222737079348689,1.68861775968867e-13,2.01158378743815e-08,9.8022761979863e-13,2.49478579279325e-19,6.93889390390723e-18,5.50717730653452e-14
NC_k0039,-0.0210526315789474,-0.0210526315789474,0.495889099805846,-56.4575805251244,51.2507874673942,-81.3369364944373,69.4411077802647,52.8269281907228,-55.0188168846867,81.9036801778348,-71.949046106057,1,640,-13.3118815041596,-2.5045256408505,-5.21941435785329,2.65689464674153,2.42606117961393e-18,-1.19467912262838e-18,0,2.89569462675213e-19,-0.000904988016651079,-0.000976687931959529,1,1.01114381732629e-19,1.7209480087549e-20,1,-0.00936196115721762,-0.0143750446473943,-0.0143750446473943,-0.00123606231006256,0.00591636410265958,0.00222737079348689,0.00222737079348689,-0.00801369950739952,1,0,5.42101086242752e-20,1,-0.00936190594457868,-0.0143761676977574,-0.0143761676977574,-0.00123632451534734,0.00591607154931364,0.00222754480683013,0.00222754480683013,-0.0080134479176357,-12.232230632096,-55.33202292005,3.20144665109406,7.07856849939904,3.20144665109406,7.07856849939904,3.51378871621998,-11.7419774038667,3.03576608295941e-18,-2.21139070585215e-19,4.55091605121752e-19,0,0,0,-0.00936196115721762,-0.00123606231006256,-0.0143750446473943,0.00591636410265959,-0.00801369950739952,0.00222737079348689,2.23280914917829e-13,1.81963400645298e-08,1.70138042050663e-12,1.01114381732629e-19,6.93889390390723e-18,1.07464965862069e-14
NC_k0039,-0.00855263157894737,-0.00855263157894737,0.496877876123242,-64.8899169356431,56.7467760749896,-75.0793947616343,64.1760632002664,62.4957693199587,-60.1239671900472,74.3718782357978,-67.0936458689889,1,640,-5.45339152499276,-1.05139956245313,-2.14658105885714,1.08766370979453,7.47056589698691e-19,-1.56412264451657e-18,0,8.89705540694686e-19,-0.000904950530719578,-0.000974687063138197,1,1.96619129559501e-19,9.16691222459082e-20,1,-0.00936196115721762,-0.0143750446473943,-0.0143750446473943,-0.00123606231006256,0.00591636410265959,0.00222737079348689,0.00222737079348689,-0.00801369950739952,1,0,5.42101086242752e-20,1,-0.00936190594457868,-0.0143761676977574,-0.0143761676977574,-0.00123632451534734,0.00591607154931364,0.00222754480683013,0.00222754480683013,-0.0080134479176357,-12.3206780565642,-55.4090864130587,3.19785162101196,6.99020861748905,3.19785162101196,6.99020861748905,3.48487134678824,-11.7623573016324,2.60208521396521e-18,7.84057885755228e-20,-4.66122066053777e-19,0,0,0,-0.00936196115721762,-0.00123606231006256,-0.0143750446473943,0.00591636410265959,-0.00801369950739952,0.00222737079348689,2.86442627214386e-13,1.09039625015509e-08,5.08356654528385e-13,1.96619129559501e-19,6.93889390390723e-18,3.1281574591373e-14
NC_k0039,0.00394736842105262,0.00394736842105262,0.497055861737611,-72.5146471146714,62.1998106605717,-67.8069666871352,58.7685701564135,71.3493948678793,-65.2442923696545,65.8644100016895,-62.0214507905785,1,640,2.51977227175197,0.487703637885207,0.992467050180242,-0.502621282543391,1.49543666837747e-18,-1.15507500736905e-19,0,1.63674558678113e-18,-0.000904942516898875,-0.000974400242715287,1,2.49553151031092e-19,6.09327262906094e-20,1,-0.00936196115721762,-0.0143750446473943,-0.0143750446473943,-0.00123606231006256,0.00591636410265959,0.00222737079348689,0.00222737079348689,-0.00801369950739952,1,0,5.42101086242752e-20,1,-0.00936190594457868,-0.0143761676977574,-0.0143761676977574,-0.00123632451534734,0.00591607154931364,0.00222754480683013,0.00222754480683013,-0.0080134479176357,-12.3345702491874,-55.4239094793467,3.19778187922059,6.97655115362503,3.19778187922059,6.97655115362503,3.48022030576308,-11.7668665206734,3.03576608295941e-18,3.42271020363122e-19,-1.76889452009724e-19,0,0,0,-0.00936196115721762,-0.00123606231006256,-0.0143750446473943,0.00591636410265959,-0.00801369950739952,0.00222737079348689,1.66861333609111e-12,1.59723374713612e-08,9.26141510671306e-13,2.49553151031092e-19,6.93889390390723e-18,2.78082962511763e-14
NC_k0039,0.0164473684210526,0.0164473684210526,0.49631689490993,-79.1519865582567,67.5179423482025,-59.6365757151927,53.2678945028761,79.2441918398643,-70.1911635317951,56.4650093269406,-56.8775935783743,1,640,10.4431732833705,1.98718629942183,4.1020186623214,-2.08335258659948,2.05003149059222e-18,-8.85933597101444e-19,0,1.35475640723935e-18,-0.000904969905040739,-0.000975722519649988,1,2.90425629802152e-19,7.17235027258223e-20,1,-0.00936196115721762,-0.0143750446473943,-0.0143750446473943,-0.00123606231006256,0.00591636410265959,0.00222737079348689,0.00222737079348689,-0.00801369950739952,1,0,5.42101086242752e-20,1,-0.00936190594457868,-0.0143761676977574,-0.0143761676977574,-0.00123632451534734,0.00591607154931364,0.00222754480683013,0.00222754480683013,-0.0080134479176357,-12.2733192787246,-55.3640463010116,3.1990867950672,7.03721427425505,3.1990867950672,7.03721427425505,3.50051295372239,-11.7496131410681,2.60208521396521e-18,2.46408197120796e-19,-1.74195957788689e-19,0,0,0,-0.00936196115721762,-0.00123606231006256,-0.0143750446473943,0.00591636410265959,-0.00801369950739952,0.00222737079348689,3.41470572050595e-13,1.33671548446132e-08,6.31255729291796e-13,2.90425629802152e-19,6.93889390390723e-18,1.58821582655757e-14
NC_k0039,0.0289473684210526,0.0289473684210526,0.495168925155324,-84.7411784923648,72.7006412796,-50.9294007897818,47.8742258876812,86.1558137406476,-74.8544027297822,46.4951344317707,-51.9746536680481,1,640,18.1035597114968,3.32081983766743,7.07004525122435,-3.6200125324957,1.80463016390489e-18,-5.00278834472071e-21,0,7.7870121121252e-19,-0.000905033923249741,-0.000979080135791882,1,4.98225951168096e-20,-3.54872953245055e-20,1,-0.00936196115721762,-0.0143750446473943,-0.0143750446473943,-0.00123606231006256,0.00591636410265959,0.00222737079348689,0.00222737079348689,-0.00801369950739951,1,0,5.42101086242752e-20,1,-0.00936190594457868,-0.0143761676977574,-0.0143761676977574,-0.00123632451534734,0.00591607154931364,0.00222754480683013,0.00222754480683013,-0.0080134479176357,-12.1409556292697,-55.2886200255211,3.21130701467967,7.17427725242609,3.21130701467967,7.17427725242609,3.54344199448008,-11.7370566840878,2.60208521396521e-18,3.35307006144856e-19,-1.07810715048345e-18,0,0,0,-0.00936196115721762,-0.00123606231006256,-0.0143750446473943,0.00591636410265959,-0.00801369950739952,0.00222737079348689,1.71173766691077e-13,1.32771441407327e-08,1.74459379555279e-12,4.98225951168096e-20,6.93889390390723e-18,3.09411131464303e-14
NC_k0040,-0.0335526315789474,-0.0335526315789474,0.54750647195154,28.6532435061205,-38.9600414912903,12.876746953067,-36.0998699515717,-20.4375435806318,47.4659419027893,-22.7592541234989,21.9938156398943,1,640,-15.3032468637838,-16.1670468347965,-10.3851969205316,-1.65734882945845,1.2885356361208e-18,-3.09532308706323e-18,0,-1.5208344219053e-18,6.48211659551249e-05,-0.00145372960712077,1,-1.77140317786898e-19,8.15727627578124e-20,1,0.00239448904696964,-0.0107100934987805,-0.0107100934987805,0.00459870799470201,-0.00943143305055486,-0.0118532853785697,-0.0118532853785697,-0.00538144038133595,1,1.0842021724855e-19,0,1,0.00239460039106082,-0.0107109302248351,-0.0107109302248351,0.00459873323649055,-0.00943149860610264,-0.0118542114164899,-0.0118542114164899,-0.00538166413972238,2.90116038717885,-36.7828868479172,-9.56761108152413,-4.16088129928774,-9.56761108152413,-4.16088129928774,-40.9193180770632,2.56476157935712,3.25260651745651e-18,3.02049476257376e-19,8.92797372102827e-19,0,0,0,0.00239448904696964,0.00459870799470201,-0.0107100934987805,-0.00943143305055485,-0.00538144038133594,-0.0118532853785697,3.72037287927171e-13,2.07242897051826e-08,1.17154253902371e-12,1.77140317786898e-19,8.67361737988404e-18,2.87944851016713e-14
NC_k0040,-0.0210526315789474,-0.0210526315789474,0.548043392333451,25.1338677261165,-36.8863935826334,13.9216309790005,-35.2344787005978,-19.6131279177963,41.9766401244772,-21.1748600208263,24.4986139728074,1,640,-9.89653845029397,-10.3944573905009,-6.69602862746233,-1.00842046354344,1.69000278333974e-18,-3.69402979698421e-18,0,-1.07125845026027e-18,6.3240792575225e-05,-0.00145239100808092,1,4.82603842049038e-20,-2.30879443633943e-19,1,0.00239448904696964,-0.0107100934987805,-0.0107100934987805,0.00459870799470201,-0.00943143305055486,-0.0118532853785697,-0.0118532853785697,-0.00538144038133595,1,1.0842021724855e-19,0,1,0.00239460039106082,-0.0107109302248351,-0.0107109302248351,0.00459873323649055,-0.00943149860610264,-0.0118542114164899,-0.0118542114164899,-0.00538166413972238,2.79643844084598,-36.8165745833326,-9.46005820230277,-4.16021235063215,-9.46005820230277,-4.16021235063215,-41.0653040302039,2.30376577153169,4.11996825544492e-18,-9.33968125985972e-20,5.29540220330806e-19,0,0,0,0.00239448904696964,0.00459870799470201,-0.0107100934987805,-0.00943143305055485,-0.00538144038133594,-0.0118532853785697,3.69388719787576e-13,1.94475347657118e-08,3.25255139639652e-12,2.30879443633943e-19,1.04083408558608e-17,3.36281806634104e-14
NC_k0040,-0.00855263157894737,-0.00855263157894737,0.548685130098892,21.0810555091793,-35.3882923026011,16.2570711710516,-34.7720583840565,-19.2132043674371,35.9471035230658,-19.8910537376203,28.5444608670524,1,640,-4.07224700305608,-4.2638553777338,-2.75091378566068,-0.400383581131578,1.92117660349116e-18,4.59222882820859e-18,0,-8.75408550987319e-19,6.21073442920813e-05,-0.00145194082256829,1,1.34815694806907e-19,-1.44889449176245e-19,1,0.00239448904696964,-0.0107100934987805,-0.0107100934987805,0.00459870799470201,-0.00943143305055486,-0.0118532853785697,-0.0118532853785697,-0.00538144038133595,1,1.0842021724855e-19,0,1,0.00239460039106082,-0.0107109302248351,-0.0107109302248351,0.00459873323649055,-0.00943149860610264,-0.0118542114164899,-0.0118542114164899,-0.00538166413972238,2.73398402749835,-36.868670968112,-9.39795593358985,-4.15628188817285,-9.39795593358985,-4.15628188817285,-41.1780366052911,2.15173259909406,2.81892564846231e-18,3.05683804074418e-20,1.53182027622072e-19,0,0,0,0.00239448904696964,0.00459870799470201,-0.0107100934987805,-0.00943143305055485,-0.00538144038133594,-0.0118532853785697,6.99068451542522e-13,8.19820962404001e-09,3.19040932420503e-12,1.44889449176245e-19,6.93889390390723e-18,1.11288356481208e-14
NC_k0040,0.00394736842105262,0.00394736842105262,0.548799810256409,17.4008332437022,-34.7757606714084,19.6461184981157,-35.0560819609709,-19.5674620073183,30.3612829059174,-19.2513013767529,33.798342200091,1,640,1.88283871034882,1.97041426538697,1.27157348199281,0.183956986686293,1.22844923642495e-18,1.04877237248863e-18,0,3.15072433576958e-18,6.19142415886374e-05,-0.00145188806940249,1,1.51531250813552e-19,-3.10390999509143e-20,1,0.00239448904696964,-0.0107100934987805,-0.0107100934987805,0.00459870799470201,-0.00943143305055486,-0.0118532853785697,-0.0118532853785697,-0.00538144038133595,1,1.0842021724855e-19,0,1,0.00239460039106082,-0.0107109302248351,-0.0107109302248351,0.00459873323649055,-0.00943149860610264,-0.0118542114164899,-0.0118542114164899,-0.00538166413972238,2.72381568941456,-36.8785122191684,-9.38791314601911,-4.1553430103091,-9.38791314601911,-4.1553430103091,-41.197126851429,2.12736828300261,3.68628738645072e-18,1.16026676321626e-19,1.03272061748746e-19,0,0,0,0.00239448904696964,0.00459870799470201,-0.0107100934987805,-0.00943143305055485,-0.00538144038133594,-0.0118532853785697,3.43769979584101e-12,1.41200075674441e-08,1.62993944734983e-12,1.51531250813552e-19,8.67361737988404e-18,5.01704455725663e-14
NC_k0040,0.0164473684210526,0.0164473684210526,0.548321371672904,14.6425150526129,-34.9960342344864,23.6470088340178,-36.2421414163467,-20.6451227052059,25.8264159371568,-19.3905895855331,39.7573056844021,1,640,7.78051369494794,8.15987714338429,5.26032897664959,0.779900289625076,1.65888755741795e-18,-1.09584887551025e-20,0,3.87676392046453e-19,6.27374777241403e-05,-0.00145215676074254,1,1.61686091480481e-19,-9.61931475869018e-20,1,0.00239448904696964,-0.0107100934987805,-0.0107100934987805,0.00459870799470201,-0.00943143305055486,-0.0118532853785697,-0.0118532853785697,-0.00538144038133595,1,1.0842021724855e-19,0,1,0.00239460039106082,-0.0107109302248351,-0.0107109302248351,0.00459873323649055,-0.00943149860610264,-0.0118542114164899,-0.0118542114164899,-0.00538166413972238,2.76792029313354,-36.838449739246,-9.4315849274347,-4.15881505310774,-9.4315849274347,-4.15881505310774,-41.1156716004523,2.23378853089124,3.46944695195361e-18,5.53524083353397e-19,6.93589317905684e-19,0,0,0,0.00239448904696964,0.00459870799470201,-0.0107100934987805,-0.00943143305055485,-0.00538144038133594,-0.0118532853785697,7.77820900443695e-13,1.91956883310189e-08,1.87283964339295e-12,1.61686091480481e-19,8.67361737988404e-18,2.30823439219818e-14
NC_k0040,0.0289473684210526,0.0289473684210526,0.54759872869599,13.1083576333303,-35.7593432274326,27.4874440912325,-38.1657371775478,-22.167180933818,22.7236875284372,-20.120725711465,45.5820899349809,1,640,13.3867115492916,14.1078217861359,9.07319600069104,1.41432940021351,1.38869728213362e-18,4.06459347651817e-18,0,5.52861051650842e-19,6.42384531311016e-05,-0.00145308253734619,1,-3.68661627640623e-20,1.13048632607405e-19,1,0.00239448904696964,-0.0107100934987805,-0.0107100934987805,0.00459870799470201,-0.00943143305055486,-0.0118532853785697,-0.0118532853785697,-0.00538144038133595,1,1.0842021724855e-19,0,1,0.00239460039106082,-0.0107109302248351,-0.0107109302248351,0.00459873323649055,-0.00943149860610264,-0.0118542114164899,-0.0118542114164899,-0.00538166413972238,2.85828349692294,-36.7853310325969,-9.52282139490026,-4.16111417665157,-9.52282139490026,-4.16111417665157,-40.9687322042585,2.45777471244788,3.46944695195361e-18,2.97098901049294e-19,4.97007566023201e-19,0,0,0,0.00239448904696964,0.00459870799470201,-0.0107100934987805,-0.00943143305055485,-0.00538144038133594,-0.0118532853785697,5.06169882398613e-13,1.17853956208912e-08,2.47989148051894e-12,1.13048632607405e-19,8.67361737988404e-18,4.92667679536723e-14
NC_k0041,-0.0335526315789474,-0.0335526315789474,0.310984944480573,-55.902589385499,4.87451450998135,-60.1968988401275,26.7656639432424,53.0520765628742,-3.79928664535719,62.1991231993879,-26.96029191081,1,640,6.07386312055667,-11.4002042389583,-1.75769256907253,2.44062607738381,-2.34336958813823e-19,-1.94171715246208e-18,0,-1.42672112053146e-19,0.000581110702574716,-0.000141976399066634,1,-6.00452426094584e-20,3.52923875096693e-20,1,0.000693404154477527,0.00813472975173025,0.00813472975173025,0.0151266557406844,-0.00346283095456102,-0.00928959031609184,-0.00928959031609184,-0.00249839192021467,1,2.16840434497101e-19,-2.16840434497101e-19,1,0.000693840546694979,0.00813536527749211,0.00813536527749211,0.0151265283340118,-0.00346287033292827,-0.00929031606533529,-0.00929031606533529,-0.00249846897198169,-8.14820284381735,27.848134596708,3.35972315164608,7.12194618839539,3.35972315164608,7.12194618839539,-36.2841969534814,-2.70171766587861,2.19550939928315e-18,-2.39797395383055e-19,2.94955932519577e-19,0,0,0,0.000693404154477524,0.0151266557406844,0.00813472975173025,-0.00346283095456102,-0.00249839192021467,-0.00928959031609184,4.06217483761467e-13,3.05400227401814e-08,2.16348165535624e-12,6.00452426094584e-20,6.93889390390723e-18,5.65848451914623e-14
NC_k0041,-0.0210526315789474,-0.0210526315789474,0.310913871087071,-56.117940386686,10.2954661195221,-58.7281646561551,24.0151774004122,54.1490233734469,-9.37925297610103,59.8546934520518,-24.0622915351813,1,640,3.8099743741201,-7.26231433761205,-1.13927218795235,1.54365594047042,2.19355063559262e-19,-3.7016398586197e-18,0,-8.63775082852374e-19,0.000583652486506978,-0.000143042473071967,1,-6.42407182294253e-21,-2.01387423083931e-19,1,0.000693404154477528,0.00813472975173025,0.00813472975173025,0.0151266557406844,-0.00346283095456102,-0.00928959031609184,-0.00928959031609184,-0.00249839192021467,1,2.16840434497101e-19,-2.16840434497101e-19,1,0.000693840546694979,0.00813536527749211,0.00813536527749211,0.0151265283340118,-0.00346287033292827,-0.00929031606533529,-0.00929031606533529,-0.00249846897198169,-7.97273283252287,27.8914688563052,3.27836639679886,7.07244847107135,3.27836639679886,7.07244847107135,-36.2718505304132,-2.76870939562312,2.48011246956059e-18,3.29789917889143e-19,-1.79178182812415e-19,0,0,0,0.000693404154477524,0.0151266557406844,0.00813472975173025,-0.00346283095456102,-0.00249839192021467,-0.00928959031609184,6.74115608578415e-13,2.68454721405456e-08,1.56323685821125e-12,2.01387423083931e-19,5.20417042793042e-18,3.62440043621905e-14
NC_k0041,-0.00855263157894737,-0.00855263157894737,0.311125196870472,-56.5520433060814,15.1259839418979,-57.5989028188817,20.6810901824494,55.4997657710685,-14.4775749953602,57.8123669239118,-20.4654453914122,1,640,1.54030373380264,-2.96618218773606,-0.470539889798037,0.628353071595032,-8.80080467087019e-19,-1.40940988467195e-18,0,1.19788987587479e-18,0.000584886287913837,-0.000143451747696837,1,-1.27744156159054e-19,-1.25363691168691e-19,1,0.000693404154477525,0.00813472975173025,0.00813472975173025,0.0151266557406844,-0.00346283095456102,-0.00928959031609184,-0.00928959031609184,-0.00249839192021467,1,2.16840434497101e-19,-2.16840434497101e-19,1,0.000693840546694979,0.00813536527749211,0.00813536527749211,0.0151265283340118,-0.00346287033292827,-0.00929031606533529,-0.00929031606533529,-0.00249846897198169,-7.88909178437237,27.93773735779,3.23273438684812,7.05031681964163,3.23273438684812,7.05031681964163,-36.2992578903523,-2.79914791288289,2.24971950790742e-18,5.1297719290741e-19,-3.39177498801062e-19,0,0,0,0.000693404154477524,0.0151266557406844,0.00813472975173025,-0.00346283095456102,-0.00249839192021467,-0.00928959031609184,3.20694760905724e-13,1.70044540755581e-08,2.25153937095109e-12,1.27744156159054e-19,3.46944695195361e-18,0
NC_k0041,0.00394736842105262,0.00394736842105262,0.311170310626421,-57.2620108893431,19.3018387171829,-56.7794320591963,16.7394451407658,57.1351536639276,-18.9715702373931,56.0681266175263,-16.2066383016511,1,640,-0.710141024536793,1.36985977272258,0.217707186901322,-0.290054453455096,1.28947531329666e-19,1.74946714321495e-18,0,-9.68568940295492e-19,0.0005850647632582,-0.00014350430782956,1,-1.33368034469103e-19,-3.11880501697086e-20,1,0.000693404154477518,0.00813472975173025,0.00813472975173025,0.0151266557406844,-0.00346283095456102,-0.00928959031609184,-0.00928959031609184,-0.00249839192021467,1,2.16840434497101e-19,-2.16840434497101e-19,1,0.000693840546694979,0.00813536527749211,0.00813536527749211,0.0151265283340118,-0.00346287033292827,-0.00929031606533529,-0.00929031606533529,-0.00249846897198169,-7.87681554779408,27.9460509099766,3.22551101304726,7.0471012906854,3.22551101304726,7.0471012906854,-36.3052810237627,-2.80340929948383,1.73472347597681e-18,1.51384549133716e-18,-2.49604444180957e-19,0,0,0,0.000693404154477524,0.0151266557406844,0.00813472975173025,-0.00346283095456102,-0.00249839192021467,-0.00928959031609184,2.45441137459821e-12,1.69008274592081e-08,1.86697638926788e-12,1.33368034469103e-19,1.04083408558608e-17,5.53023739541454e-14
NC_k0041,0.0164473684210526,0.0164473684210526,0.310995148682537,-58.274644919037,22.8556108064489,-56.2481159857712,12.151931842005,59.0671299251776,-22.8168656517784,54.6146437520029,-11.3243463139424,1,640,-2.97095941030971,5.68928370240161,0.897047016390291,-1.20736152503098,1.26697600063522e-18,1.24082385838874e-18,0,8.22111649759303e-19,0.000584244061599154,-0.000143249182349753,1,-9.27167232255608e-20,-1.00614911323165e-19,1,0.000693404154477522,0.00813472975173025,0.00813472975173025,0.0151266557406844,-0.00346283095456102,-0.00928959031609184,-0.00928959031609184,-0.00249839192021467,1,2.16840434497101e-19,-2.16840434497101e-19,1,0.000693840546694979,0.00813536527749211,0.00813536527749211,0.0151265283340118,-0.00346287033292827,-0.00929031606533529,-0.00929031606533529,-0.00249846897198169,-7.9326496096314,27.911499640637,3.25725590889096,7.06176773523468,3.25725590889096,7.06176773523468,-36.2821464623632,-2.78357821653218,1.95156391047391e-18,-2.70255704895567e-19,2.37429231537769e-19,0,0,0,0.000693404154477524,0.0151266557406844,0.00813472975173025,-0.00346283095456102,-0.00249839192021467,-0.00928959031609184,4.79270834626926e-13,1.32857155062538e-08,1.46920064467557e-12,1.00614911323165e-19,5.20417042793042e-18,3.74839987310025e-14
NC_k0041,0.0289473684210526,0.0289473684210526,0.310867077522018,-59.6144568609276,25.8198429205204,-55.9605659041366,6.92542215071378,61.3003981749471,-25.9755095194507,53.4288794276782,-5.89345323237763,1,640,-5.24813878414932,9.90788940521043,1.53771770495016,-2.11435002261175,-9.30412752999646e-21,4.00725993390089e-19,0,-3.10622863625913e-19,0.000582213170482043,-0.000142474712786605,1,-1.2514478027298e-19,9.92235369749522e-20,1,0.000693404154477524,0.00813472975173025,0.00813472975173025,0.0151266557406844,-0.00346283095456102,-0.00928959031609184,-0.00928959031609184,-0.00249839192021467,1,2.16840434497101e-19,-2.16840434497101e-19,1,0.000693840546694979,0.00813536527749211,0.00813536527749211,0.0151265283340118,-0.00346287033292827,-0.00929031606533529,-0.00929031606533529,-0.00249846897198169,-8.0710444357652,27.8582515018667,3.32571335136062,7.09950981720983,3.32571335136062,7.09950981720983,-36.2674771242641,-2.73119394002135,1.51788304147971e-18,4.69910314146986e-19,-1.09067179359268e-20,0,0,0,0.000693404154477524,0.0151266557406844,0.00813472975173025,-0.00346283095456102,-0.00249839192021467,-0.00928959031609184,3.11780281085145e-13,1.65795224331487e-08,2.02130685055035e-12,1.2514478027298e-19,3.46944695195361e-18,2.17853897691491e-14
NC_k0042,-0.0335526315789474,-0.0335526315789474,0.593074637695199,44.369356139004,36.3580402553598,80.0537420379626,26.3021834026234,-44.5754924114756,-47.9188310343942,-72.848600712455,-13.5244497272205,1,640,16.1944179807095,20.5894075862377,12.1386624370924,-1.17999102800929,-1.95161685003311e-18,-1.66169335405573e-18,0,1.25500504281035e-18,0.001281518087947,-1.71691006340987e-05,1,7.48455267017435e-20,-2.00912358704476e-20,1,0.00978896359714778,0.00931601071912622,0.00931601071912622,-0.00341841517630104,-0.00205151957200579,0.0139864037805132,0.0139864037805132,-0.00242370592098119,1,-2.71050543121376e-20,0,1,0.00978876785291803,0.00931673853246366,0.00931673853246366,-0.00341809500729745,-0.00205157054464438,0.0139874964683085,0.0139874964683085,-0.00242374235509052,12.1381164950936,31.3814888174986,4.93177028415849,-2.68922633609462,4.93177028415849,-2.68922633609462,54.1553468330396,-4.18109897922637,2.16840434497101e-18,-4.85039518036686e-19,-8.88302180363059e-19,0,0,0,0.00978896359714778,-0.00341841517630104,0.00931601071912623,-0.0020515195720058,-0.00242370592098119,0.0139864037805132,3.62011061605558e-13,2.0175991151901e-08,3.40801995183937e-13,7.48455267017435e-20,5.20417042793042e-18,1.17934651232433e-14
NC_k0042,-0.0210526315789474,-0.0210526315789474,0.594605905120217,51.6852252397241,32.3870363961216,75.3547367274748,26.3042163848102,-51.0692406079576,-40.2315649776092,-68.9122199674301,-17.1759962007198,1,640,10.4320915947745,13.2984617465351,7.83108260263221,-0.786111630141645,-1.93668789433775e-18,2.82392843680703e-18,0,1.9154856008768e-19,0.00127752599900883,-1.491592330816e-05,1,-9.88627143680431e-20,2.25240314441158e-19,1,0.00978896359714778,0.00931601071912622,0.00931601071912622,-0.00341841517630104,-0.0020515195720058,0.0139864037805132,0.0139864037805132,-0.00242370592098119,1,-2.71050543121376e-20,0,1,0.00978876785291803,0.00931673853246366,0.00931673853246366,-0.00341809500729745,-0.00205157054464438,0.0139874964683085,0.0139874964683085,-0.00242374235509052,12.3108740041522,31.5258367928764,4.94025625565626,-2.65863235989239,4.94025625565626,-2.65863235989239,54.1469362561113,-4.08180959607602,3.03576608295941e-18,3.75051281377057e-20,1.51123303140922e-20,0,0,0,0.00978896359714778,-0.00341841517630104,0.00931601071912623,-0.0020515195720058,-0.00242370592098119,0.0139864037805132,3.95919601254194e-13,1.59042218015511e-08,1.92084461478319e-12,2.25240314441158e-19,8.67361737988404e-18,4.79859542045715e-14
NC_k0042,-0.00855263157894737,-0.00855263157894737,0.595978324158053,59.5008066537685,29.2864611856482,69.3679401896891,26.89212516895,-57.2704378723342,-32.2639713683046,-64.5103714500945,-22.5987457932428,1,640,4.28624197010355,5.47001474752206,3.21956471681646,-0.330170718642437,-6.30271922096005e-19,3.13243371806481e-19,0,-1.44861162826207e-18,0.00127566196488917,-1.34615730544148e-05,1,-4.03619232629986e-19,2.44786725300259e-19,1,0.00978896359714778,0.00931601071912622,0.00931601071912622,-0.00341841517630104,-0.0020515195720058,0.0139864037805132,0.0139864037805132,-0.00242370592098119,1,-2.71050543121376e-20,0,1,0.00978876785291803,0.00931673853246366,0.00931673853246366,-0.00341809500729745,-0.00205157054464438,0.0139874964683085,0.0139874964683085,-0.00242374235509052,12.4254125838145,31.6289644470398,4.94122462009542,-2.649207841733,4.94122462009542,-2.649207841733,54.1965590081896,-4.02495797629099,3.03576608295941e-18,-9.54493107948795e-20,-1.36371124006782e-19,0,0,0,0.00978896359714778,-0.00341841517630104,0.00931601071912623,-0.0020515195720058,-0.00242370592098119,0.0139864037805132,3.97649558592316e-13,1.08837271864061e-08,2.08465871561381e-12,4.03619232629986e-19,8.67361737988404e-18,3.85611618379027e-14
NC_k0042,0.00394736842105262,0.00394736842105262,0.596218990792563,66.8743488830645,27.3328071979065,62.3029846557264,28.4322162850291,-62.712409095656,-24.9814217860308,-59.3722828312288,-29.4623905760302,1,640,-1.98141960940183,-2.52888283483689,-1.48839980659875,0.153286889483275,-9.59767738577927e-19,6.7107508735202e-19,0,-1.46572764949701e-18,0.00127539414833625,-1.32209147051161e-05,1,-3.36698835671466e-19,9.19138127102212e-20,1,0.00978896359714778,0.00931601071912622,0.00931601071912622,-0.00341841517630104,-0.00205151957200579,0.0139864037805132,0.0139864037805132,-0.00242370592098119,1,-2.71050543121376e-20,0,1,0.00978876785291803,0.00931673853246366,0.00931673853246366,-0.00341809500729745,-0.00205157054464438,0.0139874964683085,0.0139874964683085,-0.00242374235509052,12.4444606316673,31.6461861319609,4.94101922478224,-2.64821122640136,4.94101922478224,-2.64821122640136,54.2071114189466,-4.01580001175435,2.60208521396521e-18,-9.96368042285718e-20,-7.57721249554468e-19,0,0,0,0.00978896359714778,-0.00341841517630104,0.00931601071912623,-0.0020515195720058,-0.00242370592098119,0.0139864037805132,2.24293880075142e-12,1.29403154107947e-08,1.04779482307472e-12,3.36698835671466e-19,6.93889390390723e-18,2.38349581859365e-14
NC_k0042,0.0164473684210526,0.0164473684210526,0.595207835505222,73.2891847162741,26.4309470429622,54.5679279801792,31.1194061206824,-67.3625595483164,-18.9839518940679,-53.4249716650951,-37.2684464146703,1,640,-8.19541155845544,-10.4527654534069,-6.15389841391471,0.623732988269553,-1.41274507690177e-18,-4.87734805918827e-18,0,-3.84791186069868e-19,0.00127662513795446,-1.42566616125806e-05,1,-3.01691202847161e-19,2.06675960538033e-19,1,0.00978896359714778,0.00931601071912622,0.00931601071912622,-0.00341841517630104,-0.00205151957200579,0.0139864037805132,0.0139864037805132,-0.00242370592098119,1,-2.71050543121376e-20,0,1,0.00978876785291803,0.00931673853246366,0.00931673853246366,-0.00341809500729745,-0.00205157054464438,0.0139874964683085,0.0139874964683085,-0.00242374235509052,12.3626176777112,31.5723122902421,4.94116198883168,-2.65356424306494,4.94116198883168,-2.65356424306494,54.1660662885674,-4.05568637327054,2.60208521396521e-18,-5.28467205087191e-19,-9.97070346161477e-19,0,0,0,0.00978896359714778,-0.00341841517630104,0.00931601071912623,-0.0020515195720058,-0.00242370592098119,0.0139864037805132,7.94985531030539e-13,2.06893501534217e-08,1.07097974683111e-12,3.01691202847161e-19,6.93889390390723e-18,2.03314376030388e-14
NC_k0042,0.0289473684210526,0.0289473684210526,0.593531292892992,78.475474557942,26.2600034558463,46.9239800457128,34.8306744325643,-71.4313056598975,-14.6496612180851,-46.9469737585593,-45.19713121283,1,640,-14.1401627624513,-17.999798387688,-10.6061871795459,1.04358836756761,-1.74000419700735e-18,-3.55420318623825e-18,0,-1.80206259528352e-18,0.00127976005178944,-1.62915396987358e-05,1,-2.05900830468237e-19,-1.06901076000885e-19,1,0.00978896359714778,0.00931601071912622,0.00931601071912622,-0.00341841517630104,-0.00205151957200579,0.0139864037805132,0.0139864037805132,-0.00242370592098119,1,-2.71050543121376e-20,0,1,0.00978876785291803,0.00931673853246366,0.00931673853246366,-0.00341809500729745,-0.00205157054464438,0.0139874964683085,0.0139874964683085,-0.00242374235509052,12.2043942543209,31.4332349721661,4.93590611149638,-2.6744526518832,4.93590611149638,-2.6744526518832,54.1336501534584,-4.13973587462417,1.95156391047391e-18,-4.80162321562668e-19,-5.51128933290533e-19,0,0,0,0.00978896359714778,-0.00341841517630104,0.00931601071912623,-0.0020515195720058,-0.00242370592098119,0.0139864037805132,5.42189654876379e-13,1.55016687014135e-08,1.58053948791346e-12,2.05900830468237e-19,5.20417042793042e-18,1.02879607335872e-14
NC_k0043,-0.0335526315789474,-0.0335526315789474,0.0620722485877338,-9.56789120093464,9.07878953386882,-0.636766810270784,23.7668740681098,6.20746607887935,-16.2080489074502,5.96697545521367,-22.2842163892746,1,640,0.760112966494474,0.318066726389546,0.355799298651728,0.620180166221208,-3.71238658913799e-21,-7.30420333219025e-19,0,-9.94577153115384e-19,0.000680271810181631,-0.00197392228596226,1,-4.3318524486617e-20,1.00197708260728e-19,1,0.00349834465260774,0.00105725274737618,0.00105725274737618,0.00567869514329042,-0.0143226463588292,0.000335182333641108,0.000335182333641108,-0.0122125213151273,1,0,4.33680868994202e-19,1,0.00349847685710752,0.00105733534524707,0.00105733534524707,0.00567874217784915,-0.0143228642779463,0.000335208519760924,0.000335208519760924,-0.0122128216610038,0.389760850571491,1.8122232258865,-2.38263013540297,2.40471410695631,-2.38263013540297,2.40471410695631,1.40905875006333,-6.08592817142342,8.67361737988404e-19,-1.05095196484375e-19,8.79099711943176e-19,0,0,0,0.00349834465260774,0.00567869514329042,0.00105725274737618,-0.0143226463588292,-0.0122125213151273,0.000335182333641108,3.423068405886e-12,5.01022489985087e-09,6.7959333927719e-12,1.00197708260728e-19,5.20417042793042e-18,4.82027173082959e-13
NC_k0043,-0.0210526315789474,-0.0210526315789474,0.0626726658423311,-7.66085242390905,11.4349176409375,-1.76486332511499,21.005033780313,5.6190792962484,-17.1873001557492,5.74660483891972,-20.898554457847,1,640,0.448525514422239,0.268662788958179,0.236672140115529,0.392873441693752,-9.43291955137096e-20,1.64651955289905e-19,0,1.57429014181092e-20,0.000677800905018,-0.00197011212982312,1,-3.55792652374315e-21,-4.30208976032025e-20,1,0.00349834465260774,0.00105725274737618,0.00105725274737618,0.00567869514329042,-0.0143226463588292,0.000335182333641108,0.000335182333641108,-0.0122125213151273,1,0,4.33680868994202e-19,1,0.00349847685710752,0.00105733534524707,0.00105733534524707,0.00567874217784915,-0.0143228642779463,0.000335208519760924,0.000335208519760924,-0.0122128216610038,0.471884851960996,1.88874875421039,-2.32113712600986,2.32765677954046,-2.32113712600986,2.32765677954046,1.26859113719478,-6.26270190788867,1.73472347597681e-18,-1.35993922200438e-19,7.10431784406186e-19,0,0,0,0.00349834465260774,0.00567869514329042,0.00105725274737618,-0.0143226463588292,-0.0122125213151273,0.000335182333641108,5.3363169556168e-12,7.59292433445069e-09,2.09414150012582e-12,4.30208976032025e-20,1.04083408558608e-17,3.65807089109404e-13
NC_k0043,-0.00855263157894737,-0.00855263157894737,0.0630534836661415,-5.72735515141951,14.1293076736759,-3.26537131536846,18.089554102772,5.4011924708423,-18.197179608665,5.51573208092896,-19.6676174927989,1,640,0.174900623555535,0.123766209006856,0.0985600547455901,0.160395631495834,-1.55086438686342e-19,-2.45139937613765e-19,0,1.70018703104149e-19,0.000676448427166794,-0.0019680673157955,1,-6.61724331976166e-20,6.8228237204101e-20,1,0.00349834465260774,0.00105725274737618,0.00105725274737618,0.00567869514329042,-0.0143226463588292,0.000335182333641108,0.000335182333641108,-0.0122125213151273,1,0,4.33680868994202e-19,1,0.00349847685710752,0.00105733534524707,0.00105733534524707,0.00567874217784915,-0.0143228642779463,0.000335208519760924,0.000335208519760924,-0.0122128216610038,0.519771172884678,1.9264120288569,-2.28709768508348,2.28521499389773,-2.28709768508348,2.28521499389773,1.19727061273153,-6.36792059428042,1.30104260698261e-18,7.01202314024905e-20,-3.07910376407602e-19,0,0,0,0.00349834465260774,0.00567869514329042,0.00105725274737618,-0.0143226463588292,-0.0122125213151273,0.000335182333641108,4.34372416285093e-11,4.77195399701138e-09,2.85811385790817e-12,6.8228237204101e-20,2.60208521396521e-18,1.76076397380931e-14
NC_k0043,0.00394736842105262,0.00394736842105262,0.0631151491396976,-3.89183810735164,17.0081710658898,-5.03274133979954,15.1754500558943,5.45177326117107,-19.2525254710546,5.39425861314379,-18.5766363903259,1,640,-0.0801696021124965,-0.0581234780328174,-0.0456367164479527,-0.0740869213822007,-1.29149363399129e-19,-1.68056630691174e-19,0,1.33672386988569e-19,0.000676238395753275,-0.00196775133338581,1,-7.73173018873704e-20,3.85925725586222e-20,1,0.00349834465260774,0.00105725274737618,0.00105725274737618,0.00567869514329042,-0.0143226463588292,0.000335182333641108,0.000335182333641108,-0.0122125213151273,1,0,4.33680868994202e-19,1,0.00349847685710752,0.00105733534524707,0.00105733534524707,0.00567874217784915,-0.0143228642779463,0.000335208519760924,0.000335208519760924,-0.0122128216610038,0.527420161421926,1.931926770549,-2.28174821175499,2.27857134568061,-2.28174821175499,2.27857134568061,1.18651892601876,-6.3847281148001,1.30104260698261e-18,2.82853055640008e-19,-1.54320857938716e-18,0,0,0,0.00349834465260774,0.00567869514329042,0.00105725274737618,-0.0143226463588292,-0.0122125213151273,0.000335182333641108,7.2446324073038e-11,7.18448209220059e-09,1.91336328934988e-12,7.73173018873704e-20,8.67361737988404e-18,6.15665278329194e-15
NC_k0043,0.0164473684210526,0.0164473684210526,0.0628470194775541,-2.27935333699104,19.9406307761071,-6.94474270332395,12.3980119182006,5.65669181360834,-20.4258069868437,5.50036188427933,-17.557281247066,1,640,-0.34398269105708,-0.223163258468148,-0.187158163343323,-0.3076526389425,3.3850546771385e-19,1.84448041709524e-19,0,6.59547498335481e-19,0.000677170020108644,-0.00196915505867871,1,-3.94083396551931e-20,-1.39469732094333e-19,1,0.00349834465260774,0.00105725274737618,0.00105725274737618,0.00567869514329042,-0.0143226463588292,0.000335182333641108,0.000335182333641108,-0.0122125213151273,1,0,4.33680868994202e-19,1,0.00349847685710752,0.00105733534524707,0.00105733534524707,0.00567874217784915,-0.0143228642779463,0.000335208519760924,0.000335208519760924,-0.0122128216610038,0.493982616109859,1.90679054210161,-2.30533236629803,2.30791410455462,-2.30533236629803,2.30791410455462,1.23483942067308,-6.31117891203507,8.67361737988404e-19,2.97018537545853e-21,5.09277069917222e-19,0,0,0,0.00349834465260774,0.00567869514329042,0.00105725274737618,-0.0143226463588292,-0.0122125213151273,0.000335182333641108,2.24942019019039e-11,7.71358838315414e-09,4.92150901648892e-12,1.39469732094333e-19,1.73472347597681e-18,4.54886216112574e-14
NC_k0043,0.0289473684210526,0.0289473684210526,0.0623046676949131,-1.00113910874685,22.7773316067766,-8.87774542587272,9.89437769812359,5.89343099056065,-21.7569522222246,5.94262887928117,-16.5616438285913,1,640,-0.640567015012868,-0.31467715234626,-0.315230575228513,-0.537292993367351,-1.77082825535352e-20,3.14196283872142e-20,0,-1.77853757866252e-19,0.000679235505797517,-0.00197231371802501,1,-9.27163690198691e-20,-8.32163347797224e-21,1,0.00349834465260774,0.00105725274737618,0.00105725274737618,0.00567869514329041,-0.0143226463588292,0.000335182333641107,0.000335182333641107,-0.0122125213151273,1,0,4.33680868994202e-19,1,0.00349847685710752,0.00105733534524707,0.00105733534524707,0.00567874217784915,-0.0143228642779463,0.000335208519760924,0.000335208519760924,-0.0122128216610038,0.423255159223574,1.84518301377072,-2.35690932598463,2.37248369139412,-2.35690932598463,2.37248369139412,1.34862018856779,-6.1570110523741,1.30104260698261e-18,7.00740825861251e-19,-5.86387427319219e-19,0,0,0,0.00349834465260774,0.00567869514329042,0.00105725274737618,-0.0143226463588292,-0.0122125213151273,0.000335182333641108,5.74759784374471e-12,5.09304335991805e-09,2.88385245180459e-12,9.27163690198691e-20,2.60208521396521e-18,9.06554813106184e-14
NC_k0044,-0.0335526315789474,-0.0335526315789474,0.513231198633717,-18.5794743255481,-11.2166084766812,-54.7031983811857,1.69199612125185,21.9987374491415,20.6683075480548,44.5144219565935,-11.0736101496313,1,640,-14.1731165848529,-20.3153702889998,-11.3812006683715,1.22206107837164,1.87780586961378e-18,-3.59925475112034e-18,0,2.24834307936813e-19,-0.001320133886694,0.000499406498640313,1,-7.06042089786615e-20,5.8386450972143e-21,1,-0.00851380873607495,-0.00787971180468842,-0.00787971180468842,0.000459257358681303,0.00778578210790153,-0.0138707345613709,-0.0138707345613709,0.00349265014786155,1,0,0,1,-0.00851371213860608,-0.00788032740717317,-0.00788032740717317,0.000459003445755848,0.00778580839860793,-0.0138718182125085,-0.0138718182125085,0.00349284413903515,-8.29395910980168,-27.6159472591611,-0.157050535946684,-0.697669117573008,-0.157050535946684,-0.697669117573008,-52.2881893098045,1.02969831555526,1.73472347597681e-18,5.09972702489461e-19,3.62591469584274e-20,0,0,0,-0.00851380873607495,0.000459257358681306,-0.00787971180468842,0.00778578210790153,0.00349265014786155,-0.0138707345613709,2.35385943925165e-13,1.60197053722785e-08,2.46453187297836e-12,7.06042089786615e-20,5.20417042793042e-18,2.42278682763322e-14
NC_k0044,-0.0210526315789474,-0.0210526315789474,0.513981321193513,-25.9576817245947,-6.8062305999086,-49.9379628754449,1.10900088570662,27.5158775740378,13.4568408901884,41.5693259472477,-7.75827224528054,1,640,-9.140304207602,-13.1160576779802,-7.34459942224215,0.809181801516961,7.39195065156987e-19,-3.66029406288185e-18,0,7.47215408376301e-19,-0.00131608818129223,0.000496825283539737,1,-5.14320745382747e-20,-3.3919558472997e-19,1,-0.00851380873607496,-0.00787971180468842,-0.00787971180468842,0.000459257358681304,0.00778578210790153,-0.0138707345613709,-0.0138707345613709,0.00349265014786155,1,0,0,1,-0.00851371213860608,-0.00788032740717317,-0.00788032740717317,0.000459003445755848,0.00778580839860793,-0.0138718182125085,-0.0138718182125085,0.00349284413903515,-8.45777799696477,-27.7513181935485,-0.230472185414142,-0.671551575680225,-0.230472185414142,-0.671551575680225,-52.2566629727961,0.978022830550822,2.60208521396521e-18,4.84993450859541e-19,-5.84732669008972e-20,0,0,0,-0.00851380873607495,0.000459257358681306,-0.00787971180468842,0.00778578210790153,0.00349265014786155,-0.0138707345613709,4.59594421014549e-13,1.45315525996226e-08,2.09873264765554e-12,3.3919558472997e-19,6.93889390390723e-18,2.00884228731078e-14
NC_k0044,-0.00855263157894737,-0.00855263157894737,0.514867043928272,-33.8297930921031,-3.20575233421598,-43.8348468619854,-0.057626603275347,32.5844536178821,6.05697845891247,38.2503545060321,-2.82585831759716,1,640,-3.7576358359478,-5.39413364706044,-3.02008392939276,0.338601110181107,8.28120289728888e-19,-3.235295281597e-18,0,8.00664510837028e-19,-0.00131419362674047,0.000495246472869375,1,1.4518007785389e-19,-2.77241327084219e-19,1,-0.00851380873607495,-0.00787971180468842,-0.00787971180468842,0.000459257358681306,0.00778578210790153,-0.0138707345613708,-0.0138707345613708,0.00349265014786155,1,0,0,1,-0.00851371213860608,-0.00788032740717317,-0.00788032740717317,0.000459003445755848,0.00778580839860793,-0.0138718182125085,-0.0138718182125085,0.00349284413903515,-8.56602050651478,-27.8467158999442,-0.266972627211092,-0.650467765712906,-0.266972627211092,-0.650467765712906,-52.2913744602705,0.948259341295764,3.03576608295941e-18,8.6231289409788e-20,1.3783731056207e-19,0,0,0,-0.00851380873607495,0.000459257358681306,-0.00787971180468842,0.00778578210790153,0.00349265014786155,-0.0138707345613709,1.26075317786156e-12,9.71978312124499e-09,4.23647712344508e-12,2.77241327084219e-19,6.93889390390723e-18,3.88139320217141e-15
NC_k0044,0.00394736842105262,0.00394736842105262,0.515029222655114,-41.2984947622989,-0.707472096697462,-36.6626097864666,-2.1553829460654,36.8697684831347,-0.646320935047493,34.2584576483563,3.47124872926638,1,640,1.73719159857869,2.49376588273102,1.39621596883219,-0.157085537536275,2.85555982343106e-19,5.64616280771956e-18,0,1.0463586594612e-18,-0.00131392074333885,0.000494989578637038,1,1.64343361323654e-19,-1.18212775128624e-19,1,-0.00851380873607495,-0.00787971180468842,-0.00787971180468842,0.000459257358681304,0.00778578210790153,-0.0138707345613709,-0.0138707345613709,0.00349265014786155,1,0,0,1,-0.00851371213860608,-0.00788032740717317,-0.00788032740717317,0.000459003445755848,0.00778580839860793,-0.0138718182125085,-0.0138718182125085,0.00349284413903515,-8.58405385825636,-27.8625944662074,-0.272364956262278,-0.646709416221993,-0.272364956262278,-0.646709416221993,-52.2994816620455,0.943435323368581,2.16840434497101e-18,5.87252922774805e-20,1.5837140276094e-19,0,0,0,-0.00851380873607495,0.000459257358681306,-0.00787971180468842,0.00778578210790153,0.00349265014786155,-0.0138707345613709,1.45580197229599e-12,1.24890311881917e-08,1.21581060138274e-12,1.64343361323654e-19,5.20417042793042e-18,6.10049104299692e-14
NC_k0044,0.0164473684210526,0.0164473684210526,0.514360284862589,-47.8316232735106,0.767999364223237,-28.8576610135081,-5.36015137961344,40.408607305253,-6.11826852053204,29.4634568608109,10.6964194958896,1,640,7.18253427494587,10.3085781486583,5.77206709978931,-0.640925718847754,1.55598628921635e-18,1.07083493378665e-18,0,1.06241754387331e-18,-0.00131517377214547,0.000496103736357364,1,1.65577567624683e-19,-1.86587092158864e-20,1,-0.00851380873607495,-0.00787971180468842,-0.00787971180468842,0.000459257358681303,0.00778578210790152,-0.0138707345613708,-0.0138707345613708,0.00349265014786155,1,0,0,1,-0.00851371213860608,-0.00788032740717317,-0.00788032740717317,0.000459003445755848,0.00778580839860793,-0.0138718182125085,-0.0138718182125085,0.00349284413903515,-8.50664998854096,-27.7943728531334,-0.247869936166951,-0.662388117363075,-0.247869936166951,-0.662388117363075,-52.2690263989853,0.964382984921431,3.46944695195361e-18,4.40416271419943e-19,5.50505085528914e-19,0,0,0,-0.00851380873607495,0.000459257358681306,-0.00787971180468842,0.00778578210790153,0.00349265014786155,-0.0138707345613709,3.14308610590276e-13,1.71394637613765e-08,2.57464975216616e-12,1.65577567624683e-19,1.04083408558608e-17,1.23031879143896e-14
NC_k0044,0.0289473684210526,0.0289473684210526,0.513382242483501,-53.1127426805378,1.52024883747433,-21.1640732925649,-9.5365084922297,43.4515993609165,-10.0479229033093,24.0410459338187,18.1067268830932,1,640,12.3811461135675,17.7568361280925,9.94553413974786,-1.07819860358403,1.6379367268632e-18,-8.12410475535281e-19,0,6.5453809254586e-19,-0.00131835089141119,0.000498371890442818,1,5.92422536288347e-20,1.44667104452097e-19,1,-0.00851380873607495,-0.00787971180468842,-0.00787971180468842,0.000459257358681303,0.00778578210790153,-0.0138707345613709,-0.0138707345613709,0.00349265014786155,1,0,0,1,-0.00851371213860608,-0.00788032740717317,-0.00788032740717317,0.000459003445755848,0.00778580839860793,-0.0138718182125085,-0.0138718182125085,0.00349284413903515,-8.35709766871589,-27.6649799683898,-0.18861568141713,-0.688430044461992,-0.18861568141713,-0.688430044461992,-52.257505332981,1.00814888197286,2.60208521396521e-18,5.42977758877921e-19,4.82211605872545e-19,0,0,0,-0.00851380873607495,0.000459257358681306,-0.00787971180468842,0.00778578210790153,0.00349265014786155,-0.0138707345613709,2.47093646732322e-13,1.34675514737969e-08,8.19427400182015e-13,1.44667104452097e-19,5.20417042793042e-18,3.02759251460703e-14
NC_k0045,-0.0335526315789474,-0.0335526315789474,0.531471867660409,-85.2666035216434,-42.990151535321,-74.7366144504015,-70.5294209860714,71.9925963493533,46.6623932859917,89.2038497960958,72.0287252329119,1,640,5.72076527549011,18.7465282560785,8.07420686541768,0.592782931178803,-1.87723676935234e-19,2.39959140001223e-18,0,2.19904311485997e-19,-0.000135371033334948,0.00140973474044749,1,-7.59148123124634e-22,-1.34599664421274e-20,1,-0.00654149191567826,0.00237477066938528,0.00237477066938528,-0.000361188515241835,0.00375017741096737,0.0144696732013101,0.0144696732013101,0.0113138683691724,1,5.42101086242752e-20,1.0842021724855e-19,1,-0.00654143861561605,0.00237495619834382,0.00237495619834382,-0.000361376633281207,0.00375047224912846,0.014470803644529,0.014470803644529,0.0113138677506554,-12.0819965069968,12.6728638774138,-4.06936854495291,12.2367423690498,-4.06936854495291,12.2367423690498,46.6362007958186,11.6040319808166,3.25260651745651e-18,4.10630109972079e-20,-2.66135391177887e-19,0,0,0,-0.00654149191567826,-0.000361188515241834,0.00237477066938528,0.00375017741096736,0.0113138683691724,0.0144696732013101,2.96967110850259e-13,1.50620671504585e-08,1.3311033846862e-12,1.34599664421274e-20,8.67361737988404e-18,2.96632200290808e-14
NC_k0045,-0.0210526315789474,-0.0210526315789474,0.533452061885676,-83.2928974363291,-49.3817772835089,-75.5259157534903,-66.9902181107334,74.4365235126123,52.4124026035005,85.6042893110357,69.1945985593979,1,640,3.80764992830901,11.9662698958074,5.2053935419584,0.344863036983376,1.31436352356716e-18,-2.15927227100842e-18,0,-2.36997171663793e-19,-0.000133752135368525,0.00140766303679071,1,-3.43067383184941e-20,3.71690810080951e-19,1,-0.00654149191567826,0.00237477066938528,0.00237477066938528,-0.000361188515241835,0.00375017741096737,0.0144696732013101,0.0144696732013101,0.0113138683691724,1,5.42101086242752e-20,1.0842021724855e-19,1,-0.00654143861561605,0.00237495619834382,0.00237495619834382,-0.000361376633281207,0.00375047224912846,0.014470803644529,0.014470803644529,0.0113138677506554,-12.0741456133488,12.6459186043516,-3.98778768966316,12.1044503821953,-3.98778768966316,12.1044503821953,46.8026198799164,11.8722397414412,3.68628738645072e-18,-3.89522493775186e-21,-3.51311183520109e-19,0,0,0,-0.00654149191567826,-0.000361188515241834,0.00237477066938528,0.00375017741096736,0.0113138683691724,0.0144696732013101,6.6890217152314e-13,1.41194619599976e-08,8.84397576234271e-13,3.71690810080951e-19,1.04083408558608e-17,3.16343138962671e-14
NC_k0045,-0.00855263157894737,-0.00855263157894737,0.534809664644418,-80.6967351614635,-55.5511236158731,-77.2968740009022,-62.7453448023587,77.3029429695889,58.2929909268511,81.9256302120829,65.271844154112,1,640,1.58960263264544,4.89132876210025,2.13870736026606,0.13262175208171,-2.48459909720308e-18,-3.61974236053205e-19,0,-5.09318264206051e-19,-0.000132526686143119,0.00140661258617705,1,-2.32161208229799e-20,1.52822481113099e-19,1,-0.00654149191567826,0.00237477066938528,0.00237477066938528,-0.000361188515241835,0.00375017741096737,0.0144696732013101,0.0144696732013101,0.0113138683691724,1,5.42101086242752e-20,1.0842021724855e-19,1,-0.00654143861561605,0.00237495619834382,0.00237495619834382,-0.000361376633281207,0.00375047224912846,0.014470803644529,0.014470803644529,0.0113138677506554,-12.0653243774617,12.6488082325719,-3.94583372135269,12.0288188347737,-3.94583372135269,12.0288188347737,46.9280492018856,12.0279081986465,3.25260651745651e-18,2.04176168123297e-19,5.91131387707997e-19,0,0,0,-0.00654149191567826,-0.000361188515241834,0.00237477066938528,0.00375017741096736,0.0113138683691724,0.0144696732013101,1.25582275275411e-12,6.89472607930984e-09,1.69839542649272e-12,1.52822481113099e-19,6.93889390390723e-18,4.81613850199004e-14
NC_k0045,0.00394736842105262,0.00394736842105262,0.53503077313166,-78.1322292422393,-60.9698259366734,-79.7187955119755,-57.6471594084931,80.6138474043783,63.561163468389,78.4744719200326,60.3294243173923,1,640,-0.736522619837272,-2.25926013968626,-0.988608310642791,-0.0605872555883944,9.46923278026204e-19,3.0573389533348e-18,0,-5.02422886619809e-19,-0.000132314693692961,0.00140645425036837,1,-4.22683652853652e-20,5.91021970029685e-20,1,-0.00654149191567826,0.00237477066938528,0.00237477066938528,-0.000361188515241834,0.00375017741096737,0.0144696732013101,0.0144696732013101,0.0113138683691724,1,5.42101086242752e-20,1.0842021724855e-19,1,-0.00654143861561605,0.00237495619834382,0.00237495619834382,-0.000361376633281207,0.00375047224912846,0.014470803644529,0.014470803644529,0.0113138677506554,-12.0633999947478,12.650276158291,-3.93945039433337,12.0166361382766,-3.93945039433337,12.0166361382766,46.9491418024498,12.05255888574,3.68628738645072e-18,-1.13164056793659e-20,9.01519159630423e-19,0,0,0,-0.00654149191567826,-0.000361188515241834,0.00237477066938528,0.00375017741096736,0.0113138683691724,0.0144696732013101,1.70490092436337e-12,1.27867690380051e-08,2.49438848325981e-13,5.91021970029685e-20,1.04083408558608e-17,6.82696011976479e-14
NC_k0045,0.0164473684210526,0.0164473684210526,0.534070997882134,-76.0827645816709,-65.5199046725956,-82.3724146393279,-51.7215118189338,84.2408140978788,67.8753254176848,75.4410427583253,54.6150590014591,1,640,-3.01414993701986,-9.37800842214623,-4.08941225852481,-0.263037425687541,-4.71973375654997e-18,-2.20779137701833e-18,0,-3.93261515542411e-19,-0.0001332107659171,0.00140716506402768,1,-4.01811079360983e-21,2.1462064783513e-20,1,-0.00654149191567826,0.00237477066938528,0.00237477066938528,-0.000361188515241834,0.00375017741096737,0.0144696732013101,0.0144696732013101,0.0113138683691724,1,5.42101086242752e-20,1.0842021724855e-19,1,-0.00654143861561605,0.00237495619834382,0.00237495619834382,-0.000361376633281207,0.00375047224912846,0.014470803644529,0.014470803644529,0.0113138677506554,-12.0707655502042,12.6458151995519,-3.96801409970864,12.0697010938695,-3.96801409970864,12.0697010938695,46.8589114865797,11.9442629806231,2.38524477946811e-18,-1.30858756659157e-19,2.45924423291975e-19,0,0,0,-0.00654149191567826,-0.000361188515241834,0.00237477066938528,0.00375017741096736,0.0113138683691724,0.0144696732013101,5.87240919761327e-13,1.20061265560787e-08,6.38222866025645e-13,2.1462064783513e-20,5.20417042793042e-18,1.03939647446478e-14
NC_k0045,0.0289473684210526,0.0289473684210526,0.532189302734455,-74.8956729606014,-69.2925578503136,-84.653657114184,-45.3115090523888,87.9065392916612,71.1052507455361,72.8464330248924,48.6961666295858,1,640,-5.06647741240351,-16.3077807028916,-7.05350517804742,-0.497440537999231,-7.32670264485169e-19,-2.93121045353271e-18,0,-4.48927462044779e-19,-0.00013479925641569,0.0014088489907335,1,2.56549278694518e-20,-1.18526763002301e-19,1,-0.00654149191567826,0.00237477066938528,0.00237477066938528,-0.000361188515241834,0.00375017741096737,0.0144696732013101,0.0144696732013101,0.0113138683691724,1,5.42101086242752e-20,1.0842021724855e-19,1,-0.00654143861561605,0.00237495619834382,0.00237495619834382,-0.000361376633281207,0.00375047224912846,0.014470803644529,0.014470803644529,0.0113138677506554,-12.0789441677388,12.6560483848701,-4.03440460642742,12.181451756594,-4.03440460642742,12.181451756594,46.6933032939317,11.7131406093372,3.03576608295941e-18,-5.18660100431777e-20,3.70574974926658e-19,0,0,0,-0.00654149191567826,-0.000361188515241834,0.00237477066938528,0.00375017741096736,0.0113138683691724,0.0144696732013101,5.81887775471101e-13,1.29338780971061e-08,1.48501714639503e-12,1.18526763002301e-19,6.93889390390723e-18,5.42397197612542e-14
NC_k0046,-0.0335526315789474,-0.0335526315789474,0.526370812957118,-149.014639685367,-53.976550063865,-155.232114737634,-63.850672007793,132.709951507267,61.1786395566307,172.864042490259,57.8128256612822,1,640,-3.10340287540317,10.352805306836,2.39230280237289,2.98875517621875,2.1355818182649e-19,5.86279148397984e-19,0,-1.84203196248209e-19,0.000541839081052023,0.000285321974079323,1,-1.02939543931545e-19,6.71806393744084e-20,1,-0.00666227389545113,-0.00203310119108945,-0.00203310119108945,0.0148185363540504,-0.0028143569959596,0.00978930193875319,0.00978930193875319,0.00530476659841745,1,0,0,1,-0.00666177469737538,-0.00203326002712,-0.00203326002712,0.0148181964579757,-0.00281417409892063,0.00979006672796716,0.00979006672796716,0.00530463234219102,-22.3011683507391,-3.61241162291951,-7.45463525196294,22.5948080328318,-7.45463525196294,22.5948080328318,25.9897488589365,9.47333498958475,1.73472347597681e-18,4.59032323964061e-20,-2.55433482208984e-19,0,0,0,-0.00666227389545113,0.0148185363540504,-0.00203310119108945,-0.0028143569959596,0.00530476659841745,0.00978930193875319,1.84794001174813e-13,2.05695253869555e-08,1.4993166233868e-12,1.02939543931545e-19,3.46944695195361e-18,9.49141458422812e-15
NC_k0046,-0.0210526315789474,-0.0210526315789474,0.523011101043078,-150.634220288543,-56.0351013809796,-153.662015321406,-62.6654505823278,139.933293893487,60.9235517166508,165.671563577751,58.9958141850381,1,640,-1.90630844210071,6.56550402185041,1.53753454131741,1.8750625751067,2.02700278233874e-18,1.52256819246921e-18,0,3.11416957013964e-19,0.000543243261094411,0.000285521034913679,1,-3.84365264065362e-20,3.42011695965317e-19,1,-0.00666227389545113,-0.00203310119108945,-0.00203310119108945,0.0148185363540504,-0.0028143569959596,0.00978930193875318,0.00978930193875318,0.00530476659841745,1,0,0,1,-0.00666177469737538,-0.00203326002712,-0.00203326002712,0.0148181964579757,-0.00281417409892063,0.00979006672796716,0.00979006672796716,0.00530463234219102,-22.2257604698695,-3.59928510658403,-7.32055766642295,22.2946647675971,-7.32055766642295,22.2946647675971,26.0922613951636,9.63204662745461,2.60208521396521e-18,-6.10282481480676e-19,-2.64527975713448e-19,0,0,0,-0.00666227389545113,0.0148185363540504,-0.00203310119108945,-0.0028143569959596,0.00530476659841745,0.00978930193875319,4.24608682830122e-13,1.17142552016702e-08,2.07492064273884e-12,3.42011695965317e-19,8.67361737988404e-18,1.63451928124745e-14
NC_k0046,-0.00855263157894737,-0.00855263157894737,0.521263604040459,-151.644904043763,-58.3300532418821,-152.681789992936,-61.1030524831006,147.529988359215,60.7176968131235,158.093389524268,59.9637151381487,1,640,-0.765810001676816,2.67326708159403,0.629460836372673,0.759325434366267,3.34772567045521e-18,-3.50498263106889e-18,0,5.00120015794461e-19,0.000544279761973128,0.00028558758854471,1,4.16487968316977e-20,1.42524898534301e-19,1,-0.00666227389545113,-0.00203310119108945,-0.00203310119108945,0.0148185363540504,-0.0028143569959596,0.00978930193875319,0.00978930193875319,0.00530476659841745,1,0,0,1,-0.00666177469737538,-0.00203326002712,-0.00203326002712,0.0148181964579757,-0.00281417409892063,0.00979006672796716,0.00979006672796716,0.00530463234219102,-22.1862033500419,-3.5921759545708,-7.24698716780232,22.1312306359396,-7.24698716780232,22.1312306359396,26.1633221146994,9.71984655324456,2.16840434497101e-18,3.07489136365212e-19,-2.55900234203967e-20,0,0,0,-0.00666227389545113,0.0148185363540504,-0.00203310119108945,-0.0028143569959596,0.00530476659841745,0.00978930193875319,2.44050234517422e-12,7.68737942206186e-09,3.85721544119399e-12,1.42524898534301e-19,6.93889390390723e-18,6.38960604204577e-15
NC_k0046,0.00394736842105262,0.00394736842105262,0.520989715474129,-152.395845386828,-60.423021430336,-151.931210665007,-59.138015896531,155.252194332016,60.2341073967152,150.369769556803,60.5801849912807,1,640,0.352915786039901,-1.23402359762063,-0.290765577821629,-0.350227910056748,-1.06302634880415e-19,-4.57389850583442e-18,0,2.24013744769161e-19,0.000544456682585944,0.000285594191793695,1,1.0354671445683e-20,4.25311634799704e-20,1,-0.00666227389545114,-0.00203310119108945,-0.00203310119108945,0.0148185363540503,-0.0028143569959596,0.00978930193875319,0.00978930193875319,0.00530476659841745,1,0,0,1,-0.00666177469737538,-0.00203326002712,-0.00203326002712,0.0148181964579757,-0.00281417409892063,0.00979006672796716,0.00979006672796716,0.00530463234219102,-22.1797910470384,-3.59103025169992,-7.23544022027869,22.1055205371878,-7.23544022027869,22.1055205371878,26.1749593243435,9.73341856839743,2.16840434497101e-18,1.21337913335981e-18,1.86749190033164e-19,0,0,0,-0.00666227389545113,0.0148185363540504,-0.00203310119108945,-0.0028143569959596,0.00530476659841745,0.00978930193875319,2.36183286111031e-12,1.17617338020756e-08,1.63267823140041e-12,4.25311634799704e-20,8.67361737988404e-18,2.57849592783976e-14
NC_k0046,0.0164473684210526,0.0164473684210526,0.522197528874095,-153.254525554358,-62.1385203768516,-151.062583824021,-56.8848135374956,162.912407732671,59.3884608709393,142.707068486656,60.8669644500184,1,640,1.48144578206934,-5.13616504988144,-1.20605735837801,-1.46322279928023,2.10323574759163e-18,-4.60362406832712e-19,0,-3.5051282148567e-19,0.000543705219665433,0.000285555278418693,1,8.88479279534428e-20,8.57612869998596e-20,1,-0.00666227389545113,-0.00203310119108945,-0.00203310119108945,0.0148185363540504,-0.0028143569959596,0.00978930193875319,0.00978930193875319,0.00530476659841745,1,0,0,1,-0.00666177469737538,-0.00203326002712,-0.00203326002712,0.0148181964579757,-0.00281417409892063,0.00979006672796716,0.00979006672796716,0.00530463234219102,-22.2075916277428,-3.59606916936803,-7.28636221199851,22.218735683102,-7.28636221199851,22.218735683102,26.1246253918348,9.67310901483324,1.73472347597681e-18,1.02035922545862e-19,-1.5812836924209e-19,0,0,0,-0.00666227389545113,0.0148185363540504,-0.00203310119108945,-0.0028143569959596,0.00530476659841745,0.00978930193875319,3.77671209898103e-13,1.15412660837525e-08,2.29302600446359e-12,8.88479279534428e-20,3.46944695195361e-18,1.27563570860118e-14
NC_k0046,0.0289473684210526,0.0289473684210526,0.524907451835938,-154.557729232917,-63.4495114328607,-149.694121744758,-54.6639244653609,170.27141548873,58.2553997880879,135.298751740135,61.0436485940326,1,640,2.65397703272051,-8.98287332057658,-2.08853577499252,-2.58098036410609,1.48617224551687e-18,-8.9944311086566e-19,0,2.03314377120634e-19,0.000542331078480304,0.000285425390392474,1,-5.15148789750324e-20,-1.01494490455506e-19,1,-0.00666227389545113,-0.00203310119108945,-0.00203310119108945,0.0148185363540503,-0.0028143569959596,0.00978930193875318,0.00978930193875318,0.00530476659841745,1,0,0,1,-0.00666177469737538,-0.00203326002712,-0.00203326002712,0.0148181964579757,-0.00281417409892063,0.00979006672796716,0.00979006672796716,0.00530463234219102,-22.2676908173752,-3.60662711171928,-7.39832660689558,22.4677144710576,-7.39832660689558,22.4677144710576,26.0265837734924,9.53892341203868,2.60208521396521e-18,5.69399745823675e-19,-2.63441311620066e-19,0,0,0,-0.00666227389545113,0.0148185363540504,-0.00203310119108945,-0.0028143569959596,0.00530476659841745,0.00978930193875319,2.58656073955008e-13,1.56359416517921e-08,3.01607809516422e-12,1.01494490455506e-19,8.67361737988404e-18,6.34525012404756e-15
NC_k0047,-0.0335526315789474,-0.0335526315789474,0.564649976823709,-9.87343456817036,78.4805756431425,2.64065514364466,94.1043470611839,2.54735874750151,-93.6372758896392,4.82291546579125,-74.7990553110888,1,640,16.7069172064812,11.1140326386478,9.18091344889262,2.62778330738434,-3.05236263476968e-19,-3.45430623802144e-20,0,4.43990848149063e-18,-0.000448703863364485,0.00101764711078807,1,1.73870498062458e-19,-1.00236852530607e-19,1,-0.00322042004354662,0.0129470972600951,0.0129470972600951,-0.00756834716060175,0.00988741323463333,0.00818138711367098,0.00818138711367098,-0.000160165418325987,1,0,0,1,-0.00322061032305285,0.0129481087520686,0.0129481087520686,-0.00756836759920497,0.00988731198551722,0.00818202628453924,0.00818202628453924,-0.000159874183900967,-0.977934927288006,41.6659852240097,15.2992762752251,0.326257749818659,15.2992762752251,0.326257749818659,28.7735926443145,-10.8489272522397,1.95156391047391e-18,-7.72579481495434e-19,-1.60043194500779e-19,0,0,0,-0.00322042004354662,-0.00756834716060175,0.0129470972600951,0.00988741323463333,-0.000160165418325989,0.00818138711367098,2.5028818592134e-13,1.78451234889103e-08,1.95281550134404e-12,1.73870498062458e-19,5.20417042793042e-18,4.44364498120971e-14
NC_k0047,-0.0210526315789474,-0.0210526315789474,0.562844237625638,-6.7512798474818,79.8896377161691,2.30622488642674,90.185464205033,1.54744476832816,-89.6592380608266,3.09816217862868,-76.2501620291959,1,640,10.7597628376812,7.18700211868303,5.92243243560016,1.62609906497895,-1.23309468274505e-18,-1.48405466314874e-18,0,-1.00135176233219e-19,-0.000446560123245267,0.00101701607667952,1,-4.35781429291241e-20,1.5631324666452e-19,1,-0.00322042004354662,0.0129470972600951,0.0129470972600951,-0.00756834716060175,0.00988741323463334,0.00818138711367098,0.00818138711367098,-0.000160165418325987,1,0,0,1,-0.00322061032305285,0.0129481087520686,0.0129481087520686,-0.00756836759920497,0.00988731198551722,0.00818202628453924,0.00818202628453924,-0.000159874183900967,-0.873345795925372,41.6986345928401,15.0990978307434,0.379196717081722,15.0990978307434,0.379196717081722,28.8803303539381,-10.6485041542303,1.73472347597681e-18,-3.67624769327321e-19,2.86519550815549e-20,0,0,0,-0.00322042004354662,-0.00756834716060175,0.0129470972600951,0.00988741323463333,-0.000160165418325989,0.00818138711367098,6.39774960260123e-13,1.54401261671475e-08,1.11303311404349e-12,1.5631324666452e-19,5.20417042793042e-18,1.42021633036916e-14
NC_k0047,-0.00855263157894737,-0.00855263157894737,0.562144389923128,-3.23647817291488,82.0625011437034,0.693300588081163,86.3662568296158,1.04952619707753,-85.0178522847336,1.72770290029936,-79.2366140454393,1,640,4.4175162988495,2.95584614188443,2.43320960544219,0.653037836479438,-1.42792549550334e-18,-9.45361561029704e-19,0,-2.1277732332824e-18,-0.000445224028161811,0.00101698780035619,1,-1.41536054280458e-19,7.21739656111688e-20,1,-0.00322042004354662,0.0129470972600951,0.0129470972600951,-0.00756834716060175,0.00988741323463333,0.00818138711367098,0.00818138711367098,-0.000160165418325987,1,0,0,1,-0.00322061032305285,0.0129481087520686,0.0129481087520686,-0.00756836759920497,0.00988731198551722,0.00818202628453924,0.00818202628453924,-0.000159874183900967,-0.814727846229647,41.7515069441035,14.9869869220129,0.405727701680582,14.9869869220129,0.405727701680582,28.9618385705874,-10.5324753420166,2.60208521396521e-18,-3.29078662701671e-19,-2.09711832204242e-19,0,0,0,-0.00322042004354662,-0.00756834716060175,0.0129470972600951,0.00988741323463333,-0.000160165418325989,0.00818138711367098,1.4506358017978e-12,5.70170329620212e-09,4.32531482808539e-12,1.41536054280458e-19,6.93889390390723e-18,2.01447796227677e-14
NC_k0047,0.00394736842105262,0.00394736842105262,0.562046039522738,-0.195942765236749,85.0736082122333,-2.02716761710671,83.0788157404978,1.38977692436513,-80.6430143006022,1.07302241849218,-83.3340882691908,1,640,-2.0417858609147,-1.36643400315651,-1.1247125551435,-0.300674830829546,-8.13654555176561e-19,-2.9638079871122e-18,0,-3.36113261382347e-18,-0.000445006214588715,0.00101700269872389,1,-1.7049949388996e-19,-9.34490187169401e-21,1,-0.00322042004354662,0.0129470972600951,0.0129470972600951,-0.00756834716060175,0.00988741323463333,0.00818138711367098,0.00818138711367098,-0.000160165418325989,1,0,0,1,-0.00322061032305285,0.0129481087520686,0.0129481087520686,-0.00756836759920497,0.00988731198551722,0.00818202628453924,0.00818202628453924,-0.000159874183900967,-0.805449267169953,41.7614676509572,14.9691344216963,0.409663028311157,14.9691344216963,0.409663028311157,28.9755838766705,-10.5137636209427,2.60208521396521e-18,-6.9474706900548e-19,6.14325588254735e-19,0,0,0,-0.00322042004354662,-0.00756834716060175,0.0129470972600951,0.00988741323463333,-0.000160165418325989,0.00818138711367098,5.13888158498017e-12,1.22661722851314e-08,2.59953542603375e-12,1.7049949388996e-19,6.93889390390723e-18,2.48890822576663e-14
NC_k0047,0.0164473684210526,0.0164473684210526,0.562502294969415,1.85556182046416,88.7418303184579,-5.44810595413502,80.5927796462982,2.52885035031974,-77.1937375911068,1.27845662218396,-87.9727790659328,1,640,-8.45028046628741,-5.64907070334372,-4.65278588597825,-1.26400960640818,-2.91601680004134e-18,8.71080742022442e-19,0,-7.05154928589205e-19,-0.000445953273098169,0.00101697610770801,1,-2.35032905774273e-19,6.54178052277262e-20,1,-0.00322042004354662,0.0129470972600951,0.0129470972600951,-0.00756834716060175,0.00988741323463333,0.00818138711367098,0.00818138711367098,-0.000160165418325988,1,0,0,1,-0.00322061032305285,0.0129481087520686,0.0129481087520686,-0.00756836759920497,0.00988731198551722,0.00818202628453924,0.00818202628453924,-0.000159874183900967,-0.846223325168682,41.7208801317887,15.0473281271869,0.391835205751265,15.0473281271869,0.391835205751265,28.9167999811428,-10.5952369319759,1.73472347597681e-18,-3.05193951874654e-19,-2.28807978906287e-19,0,0,0,-0.00322042004354662,-0.00756834716060175,0.0129470972600951,0.00988741323463333,-0.000160165418325989,0.00818138711367098,6.51212875810587e-13,1.4916662367512e-08,1.82652447913816e-12,2.35032905774273e-19,3.46944695195361e-18,5.921165306635e-15
NC_k0047,0.0289473684210526,0.0289473684210526,0.563777415990289,2.66267224993882,92.6780149222732,-8.83507487158598,78.9233190517534,4.17540636480128,-75.1333493653126,2.15908341008229,-92.3114117162939,1,640,-14.5895514907143,-9.72328880724487,-8.02323729832643,-2.25691399666578,-1.96892808589262e-18,1.43532379890201e-19,0,-6.33412561445746e-18,-0.000447852461153874,0.00101728113413001,1,1.79789898292055e-20,-1.39499391509154e-19,1,-0.00322042004354661,0.0129470972600951,0.0129470972600951,-0.00756834716060174,0.00988741323463334,0.00818138711367098,0.00818138711367098,-0.000160165418325986,1,0,0,1,-0.00322061032305285,0.0129481087520686,0.0129481087520686,-0.00756836759920497,0.00988731198551722,0.00818202628453924,0.00818202628453924,-0.000159874183900967,-0.934208351183939,41.6671927272824,15.2152584155353,0.348831934290691,15.2152584155353,0.348831934290691,28.8100207208233,-10.7659476141932,2.60208521396521e-18,-1.12035451267004e-18,-3.4488791313322e-19,0,0,0,-0.00322042004354662,-0.00756834716060175,0.0129470972600951,0.00988741323463333,-0.000160165418325989,0.00818138711367098,2.66644350291545e-13,1.22904720230585e-08,6.79944556954563e-12,1.39499391509154e-19,8.67361737988404e-18,3.95820800231381e-14
NC_k0048,-0.0335526315789474,-0.0335526315789474,0.503261064032486,-89.5330681162571,44.0253176792773,-84.8663078352001,78.851697948025,72.9011961442473,-57.7315049382429,97.5223231560198,-64.8685030252536,1,640,14.1665861809833,-2.40813041083703,3.88029040414829,4.47588548635034,-8.08387069035823e-19,1.55594658454695e-18,0,-1.79499516412987e-18,-0.000869787347550551,-0.000557011905268194,1,1.12522309786758e-19,-3.29246767647613e-21,1,-0.00959817720777239,0.0143184260441408,0.0143184260441408,0.00264488798011918,-0.00547214519221274,-0.00197937105098254,-0.00197937105098254,-0.00787400499854834,1,2.71050543121376e-20,2.16840434497101e-19,1,-0.00959800598862056,0.0143195446711755,0.0143195446711755,0.00264458095453711,-0.00547232243703504,-0.0019795256893459,-0.0019795256893459,-0.00787408842072195,-14.658233497105,47.272775495775,8.99297298462993,8.21247761411624,8.99297298462993,8.21247761411624,-12.3749335695511,-10.0893459108895,2.60208521396521e-18,-2.72695284861011e-19,3.45603520707896e-19,0,0,0,-0.00959817720777239,0.00264488798011918,0.0143184260441408,-0.00547214519221274,-0.00787400499854834,-0.00197937105098254,2.10280047826417e-13,1.64711738034886e-08,2.87583671577448e-12,1.12522309786758e-19,5.20417042793042e-18,4.89744844339627e-14
NC_k0048,-0.0210526315789474,-0.0210526315789474,0.501912404385471,-87.4596750728575,50.154001933841,-83.4644910495309,72.6938487504447,75.4452750105434,-59.5477350500465,91.5128327272608,-63.0452370052378,1,640,9.0698546285307,-1.46357526668081,2.51007218941047,2.81310960975535,3.89886618643194e-19,-3.47984957533708e-19,0,1.34875438471466e-18,-0.000864995682050732,-0.000557571012158107,1,7.42787244269215e-20,-7.45725546269732e-20,1,-0.0095981772077724,0.0143184260441408,0.0143184260441408,0.00264488798011918,-0.00547214519221274,-0.00197937105098254,-0.00197937105098254,-0.00787400499854834,1,2.71050543121376e-20,2.16840434497101e-19,1,-0.00959800598862056,0.0143195446711755,0.0143195446711755,0.00264458095453711,-0.00547232243703504,-0.0019795256893459,-0.0019795256893459,-0.00787408842072195,-14.5426568708488,47.2603558019448,8.8292050233856,8.16167521255076,8.8292050233856,8.16167521255076,-12.3456388759582,-10.105902927631,2.60208521396521e-18,-8.76412086771722e-20,1.41291642492939e-19,0,0,0,-0.00959817720777239,0.00264488798011918,0.0143184260441408,-0.00547214519221274,-0.00787400499854834,-0.00197937105098254,8.32766300065104e-13,1.28767931068973e-08,1.1583513174669e-12,7.45725546269732e-20,5.20417042793042e-18,4.20277269172202e-15
NC_k0048,-0.00855263157894737,-0.00855263157894737,0.501514039415968,-85.3443397101712,56.6982659856863,-83.4845289052763,65.9992110454708,79.0989263336822,-60.629844333726,85.7704064871579,-61.8224731879819,1,640,3.70964594945538,-0.584549803891046,1.03128172803623,1.14122928022716,-1.87571475702525e-18,4.58615401379e-19,0,3.2148870815241e-19,-0.000862441103110278,-0.000557609086891415,1,-1.40169782523756e-19,3.76795350726395e-20,1,-0.00959817720777239,0.0143184260441408,0.0143184260441408,0.00264488798011918,-0.00547214519221274,-0.00197937105098254,-0.00197937105098254,-0.00787400499854834,1,2.71050543121376e-20,2.16840434497101e-19,1,-0.00959800598862056,0.0143195446711755,0.0143195446711755,0.00264458095453711,-0.00547232243703504,-0.0019795256893459,-0.0019795256893459,-0.00787408842072195,-14.4947426315604,47.2925920851724,8.73721633267679,8.13709843456092,8.73721633267679,8.13709843456092,-12.3459748575387,-10.1098453625448,2.60208521396521e-18,-1.95016041707165e-19,-2.09652526051019e-19,0,0,0,-0.00959817720777239,0.00264488798011918,0.0143184260441408,-0.00547214519221274,-0.00787400499854834,-0.00197937105098254,1.15944084106781e-12,6.89314892461526e-09,2.02468743563454e-12,1.40169782523756e-19,5.20417042793042e-18,8.85497064782517e-15
NC_k0048,0.00394736842105262,0.00394736842105262,0.501466873465756,-83.8066783668336,63.4826119097973,-84.6815658632494,59.1800430230654,83.8096790925487,-61.4768387352941,80.7202650676242,-60.9425503461132,1,640,-1.71349157591487,0.269093602385492,-0.476651331264698,-0.526470929829488,-8.96729958456486e-19,9.27765775039476e-21,0,-2.86057584666558e-18,-0.000862051046807244,-0.000557597861238788,1,-2.00505137791026e-19,4.50447466160562e-20,1,-0.0095981772077724,0.0143184260441408,0.0143184260441408,0.00264488798011918,-0.00547214519221274,-0.00197937105098254,-0.00197937105098254,-0.00787400499854833,1,2.71050543121376e-20,2.16840434497101e-19,1,-0.00959800598862056,0.0143195446711755,0.0143195446711755,0.00264458095453711,-0.00547232243703504,-0.0019795256893459,-0.0019795256893459,-0.00787408842072195,-14.4880733551636,47.299499426237,8.72261573592431,8.13336680663946,8.72261573592431,8.13336680663946,-12.3470204860696,-10.1098895014312,2.16840434497101e-18,1.86642656055383e-19,-7.68683869741899e-19,0,0,0,-0.00959817720777239,0.00264488798011918,0.0143184260441408,-0.00547214519221274,-0.00787400499854834,-0.00197937105098254,2.85257771728757e-12,1.37273083923348e-08,9.43125374677442e-13,2.00505137791026e-19,5.20417042793042e-18,5.31348210637553e-15
NC_k0048,0.0164473684210526,0.0164473684210526,0.501705438561655,-83.3154105280938,70.2664621630074,-86.6499969001183,52.5274476777317,89.3417437874093,-62.536019213397,76.661140905487,-60.0079799900234,1,640,-7.11081391067557,1.1343550851315,-1.97223141242952,-2.19675958336622,-2.22470556618382e-18,2.84122643777674e-18,0,-3.37948940597725e-18,-0.000863797586191824,-0.000557612769059019,1,-2.37591544360592e-19,-2.92082133048215e-20,1,-0.00959817720777239,0.0143184260441408,0.0143184260441408,0.00264488798011918,-0.00547214519221274,-0.00197937105098254,-0.00197937105098254,-0.00787400499854834,1,2.71050543121376e-20,2.16840434497101e-19,1,-0.00959800598862056,0.0143195446711755,0.0143195446711755,0.00264458095453711,-0.00547232243703504,-0.0019795256893459,-0.0019795256893459,-0.00787408842072195,-14.5191739681385,47.2727330268782,8.78669035351159,8.1500408241455,8.78669035351159,8.1500408241455,-12.3444276619966,-10.1085049571449,3.46944695195361e-18,-3.81081208221134e-19,4.43939450903018e-20,0,0,0,-0.00959817720777239,0.00264488798011918,0.0143184260441408,-0.00547214519221274,-0.00787400499854834,-0.00197937105098254,2.74791683186466e-13,1.14843174380773e-08,9.97296639417962e-13,2.37591544360592e-19,8.67361737988404e-18,2.21289812565729e-16
NC_k0048,0.0289473684210526,0.0289473684210526,0.502568340764279,-84.1781487785092,76.6738986298753,-88.8123505643648,46.218703973319,95.3070511863543,-64.1162789802682,73.7114755253275,-58.5071108895287,1,640,-12.3430420609111,2.05047804084747,-3.39654612662098,-3.8672967811414,-2.90876408043047e-19,-7.07537208753358e-20,0,7.50762358842929e-19,-0.000867769181585899,-0.000557328857709814,1,-3.75547982630846e-20,1.26905675418274e-20,1,-0.00959817720777239,0.0143184260441408,0.0143184260441408,0.00264488798011918,-0.00547214519221274,-0.00197937105098254,-0.00197937105098254,-0.00787400499854833,1,2.71050543121376e-20,2.16840434497101e-19,1,-0.00959800598862056,0.0143195446711755,0.0143195446711755,0.00264458095453711,-0.00547232243703504,-0.0019795256893459,-0.0019795256893459,-0.00787408842072195,-14.6046288547045,47.2536188742666,8.92448748170703,8.18982018721634,8.92448748170703,8.18982018721634,-12.3576916308625,-10.0967644662638,2.60208521396521e-18,-3.18244196504746e-19,-3.1085802886185e-19,0,0,0,-0.00959817720777239,0.00264488798011918,0.0143184260441408,-0.00547214519221274,-0.00787400499854834,-0.00197937105098254,5.22413785451115e-13,1.14519206681824e-08,1.29038968457901e-12,3.75547982630846e-20,6.93889390390723e-18,3.86592257311588e-14
NC_k0049,-0.0335526315789474,-0.0335526315789474,0.254002392855557,43.6947217013075,-26.2615107588009,82.1264213907091,-45.9024199254788,-46.9873057060844,19.8500308184739,-78.3525672639571,53.2612884688421,1,640,15.7936243715899,9.23212139529901,8.25849610307338,-3.48809000891997,-1.78236907925986e-18,5.90077561770828e-19,0,-1.0654086289683e-18,-0.000356368736448427,-0.000479871904377285,1,1.26611834405593e-19,1.26142646045953e-19,1,0.00157454726667927,0.00976867116296736,0.00976867116296736,-0.0112931204706938,-0.0126793367371587,0.00350337763604774,0.00350337763604774,-0.00123290700954228,1,0,0,1,0.00157420103710233,0.00976943434040198,0.00976943434040198,-0.0112929640569998,-0.0126792490358334,0.00350365133742556,0.00350365133742556,-0.00123326643437823,9.53669104678503,36.9518829696678,-4.47665030482561,-8.79249652476516,-4.47665030482561,-8.79249652476516,16.299497962416,5.35855441909777,1.73472347597681e-18,-7.72622041853426e-19,2.30127047357362e-19,0,0,0,0.00157454726667927,-0.0112931204706938,0.00976867116296737,-0.0126793367371587,-0.00123290700954228,0.00350337763604774,5.51230336056436e-13,1.49706587477756e-08,4.07961860736341e-12,1.26611834405593e-19,5.20417042793042e-18,6.94975582437857e-14
NC_k0049,-0.0210526315789474,-0.0210526315789474,0.253301077427542,52.1917113994625,-31.2552226933025,77.0842885932649,-43.2285714390654,-54.6299090890701,26.8199700012717,-74.1336655287168,48.6255666649358,1,640,10.1646575548973,6.01617916902022,5.33967611889272,-2.22425626518997,-1.15013839347333e-18,1.20295883866852e-18,0,8.64701525138433e-19,-0.000357015401636471,-0.000481198028891486,1,-5.40927929434452e-20,8.96764121111604e-20,1,0.00157454726667927,0.00976867116296736,0.00976867116296736,-0.0112931204706938,-0.0126793367371587,0.00350337763604774,0.00350337763604774,-0.00123290700954228,1,0,0,1,0.00157420103710233,0.00976943434040198,0.00976943434040198,-0.0112929640569998,-0.0126792490358334,0.00350365133742556,0.00350365133742556,-0.00123326643437823,9.53178985144703,36.9362594191436,-4.42482766361159,-8.6572592473356,-4.42482766361159,-8.6572592473356,16.2614344697821,5.28121276359552,2.16840434497101e-18,-8.56706504074638e-19,-1.60585063682694e-19,0,0,0,0.00157454726667927,-0.0112931204706938,0.00976867116296737,-0.0126793367371587,-0.00123290700954228,0.00350337763604774,2.52263402266695e-13,1.69515603811632e-08,1.46894145054298e-12,8.96764121111604e-20,6.93889390390723e-18,2.45448973255131e-14
NC_k0049,-0.00855263157894737,-0.00855263157894737,0.253143307117456,60.5577637830343,-35.5734260213386,70.8266696807053,-40.3436697891963,-61.4986758101117,33.9255778281229,-69.3574027091887,42.960128838503,1,640,4.17529041393622,2.48837916422737,2.19901096079398,-0.909794885905744,-1.14995310501612e-18,7.75035146737685e-19,0,-7.32696734264771e-19,-0.000357331938705275,-0.000481754670900421,1,2.77426513435288e-20,1.11990061515766e-19,1,0.00157454726667927,0.00976867116296736,0.00976867116296736,-0.0112931204706938,-0.0126793367371587,0.00350337763604774,0.00350337763604774,-0.00123290700954228,1,0,0,1,0.00157420103710233,0.00976943434040198,0.00976943434040198,-0.0112929640569998,-0.0126792490358334,0.00350365133742556,0.00350365133742556,-0.00123326643437823,9.53475393747158,36.9624089232179,-4.40229976451877,-8.5877348174562,-4.40229976451877,-8.5877348174562,16.2589488739813,5.24860157822624,1.95156391047391e-18,-3.35726763612254e-19,9.90427759740604e-20,0,0,0,0.00157454726667927,-0.0112931204706938,0.00976867116296737,-0.0126793367371587,-0.00123290700954228,0.00350337763604774,1.27059178522327e-12,1.45135534019189e-08,2.08988144765063e-12,1.11990061515766e-19,3.46944695195361e-18,4.82432398072854e-15
NC_k0049,0.00394736842105262,0.00394736842105262,0.253130324171778,68.2376335598612,-39.1726160695572,63.4876078646113,-36.9778246219387,-67.4081253890417,40.6509201492273,-63.7862388964954,36.4690307465542,1,640,-1.93003810184206,-1.15147046678853,-1.0168978276481,0.42036065053416,-2.32526425889066e-18,5.81077836706251e-19,0,-1.02835093752592e-20,-0.000357378460586404,-0.000481827589210943,1,-1.03535460473892e-19,8.51502380992759e-20,1,0.00157454726667927,0.00976867116296736,0.00976867116296736,-0.0112931204706938,-0.0126793367371587,0.00350337763604774,0.00350337763604774,-0.00123290700954228,1,0,0,1,0.00157420103710233,0.00976943434040198,0.00976943434040198,-0.0112929640569998,-0.0126792490358334,0.00350365133742556,0.00350365133742556,-0.00123326643437823,9.53549656432672,36.9682870836627,-4.39912792351828,-8.57709138824306,-4.39912792351828,-8.57709138824306,16.2595514677439,5.24416335353826,2.60208521396521e-18,-1.15555429109459e-18,-4.57132470640091e-19,0,0,0,0.00157454726667927,-0.0112931204706938,0.00976867116296737,-0.0126793367371587,-0.00123290700954228,0.00350337763604774,2.42161897457166e-12,1.42852827005209e-08,3.18513371977995e-12,1.03535460473892e-19,8.67361737988404e-18,4.2324649259969e-14
NC_k0049,0.0164473684210526,0.0164473684210526,0.253211171484026,74.9159662625092,-42.2052575864714,55.3259254433724,-32.932605595401,-72.4527818390826,46.649069048487,-57.2695895310112,29.4534620831533,1,640,-7.9841792711711,-4.74083346416388,-4.19925420266054,1.74354426940634,-2.26448964492517e-18,9.31345812730605e-19,0,-1.96457380714814e-18,-0.000357168739352158,-0.000481474635759268,1,-1.78078812541675e-19,-5.14078419972952e-20,1,0.00157454726667927,0.00976867116296736,0.00976867116296736,-0.0112931204706938,-0.0126793367371587,0.00350337763604774,0.00350337763604774,-0.00123290700954228,1,0,0,1,0.00157420103710233,0.00976943434040198,0.00976943434040198,-0.0112929640569998,-0.0126792490358334,0.00350365133742556,0.00350365133742556,-0.00123326643437823,9.53277942683129,36.9459354015317,-4.41384897149938,-8.62455610627702,-4.41384897149938,-8.62455610627702,16.2588598454974,5.26512370289366,2.16840434497101e-18,-6.09811720630288e-19,-4.13979682261357e-19,0,0,0,0.00157454726667927,-0.0112931204706938,0.00976867116296737,-0.0126793367371587,-0.00123290700954228,0.00350337763604774,1.37022695922653e-13,1.56575674140896e-08,8.84708443686657e-13,1.78078812541675e-19,6.93889390390723e-18,6.57686044094145e-16
NC_k0049,0.0289473684210526,0.0289473684210526,0.253632003899594,80.4105846972766,-44.924763651545,46.7905267159793,-28.1641646654055,-76.8466255312338,51.6811566054337,-49.8605280281511,22.3618494369359,1,640,-13.7839911673954,-8.0986758165856,-7.22128010471363,3.03170730112028,-1.34835733802064e-18,-1.1106719520872e-18,0,7.78026231832677e-19,-0.000356639837725026,-0.000480471161028176,1,7.25086369332886e-20,-9.32882683262507e-21,1,0.00157454726667928,0.00976867116296736,0.00976867116296736,-0.0112931204706938,-0.0126793367371587,0.00350337763604774,0.00350337763604774,-0.00123290700954228,1,0,0,1,0.00157420103710233,0.00976943434040198,0.00976943434040198,-0.0112929640569998,-0.0126792490358334,0.00350365133742556,0.00350365133742556,-0.00123326643437823,9.53267817029853,36.9335719345858,-4.45315926815791,-8.73423093060983,-4.45315926815791,-8.73423093060983,16.277626496904,5.32344595694713,3.03576608295941e-18,-1.89298104584938e-18,-3.98604962939232e-19,0,0,0,0.00157454726667927,-0.0112931204706938,0.00976867116296737,-0.0126793367371587,-0.00123290700954228,0.00350337763604774,2.28971563901602e-13,1.57691092624704e-08,2.76719254030197e-12,7.25086369332886e-20,1.21430643318376e-17,4.35541214246503e-14
NC_k0050,-0.0335526315789474,-0.0335526315789474,0.389057452007343,-151.809506548807,60.3050172759388,-183.39143883336,105.909641288176,132.225765643255,-69.7120403141315,197.761598380498,-97.7078685810475,1,640,-3.57144344153414,-3.27457741434708,-2.25918688244079,7.93178858910399,3.09238494152744e-18,-5.38739424233337e-19,0,1.48230765769503e-20,-0.00116842142079461,-0.000150932615303793,1,4.46640865542327e-20,-5.56319231254713e-20,1,-0.0164440485414028,0.001712164880368,0.001712164880368,0.0068925058961546,0.00645796550210894,0.00163830469021281,0.00163830469021281,-0.00589624972143269,1,0,0,1,-0.0164436860261076,0.00171229864324928,0.00171229864324928,0.0068919568272921,0.00645772969434852,0.00163843268276673,0.00163843268276673,-0.00589600294266094,-27.7577749344106,1.17584788444307,10.7485433657476,18.8578485137541,10.7485433657476,18.8578485137541,-4.57582839332653,-13.3064791464748,1.0842021724855e-18,5.78299355568256e-19,-1.7708407841351e-19,0,0,0,-0.0164440485414028,0.00689250589615461,0.001712164880368,0.00645796550210893,-0.00589624972143269,0.00163830469021281,3.84753201097909e-13,7.01379837896312e-09,1.11711792469705e-12,5.56319231254713e-20,5.20417042793042e-18,2.28289784739392e-15
NC_k0050,-0.0210526315789474,-0.0210526315789474,0.386887501709956,-158.004471185599,68.789168669119,-177.190600193406,97.8433764717205,144.023815582985,-75.3734029987924,185.925405631028,-92.4919794269738,1,640,-2.26937183146148,-2.14650446232036,-1.457239176948,5.01190681485879,2.78300615754281e-18,-6.63352529153225e-19,0,1.29836915924283e-18,-0.00116295559573303,-0.000149718241005297,1,-3.94553537040592e-20,1.43811287766517e-20,1,-0.0164440485414028,0.001712164880368,0.001712164880368,0.0068925058961546,0.00645796550210893,0.00163830469021281,0.00163830469021281,-0.00589624972143269,1,0,0,1,-0.0164436860261076,0.00171229864324928,0.00171229864324928,0.0068919568272921,0.00645772969434852,0.00163843268276673,0.00163843268276673,-0.00589600294266094,-27.7319429581149,1.133878880194,10.5844340985086,18.6303763421131,10.5844340985086,18.6303763421131,-4.49300464417176,-13.1881619479982,1.51788304147971e-18,2.76263397229683e-19,1.6659179294593e-19,0,0,0,-0.0164440485414028,0.00689250589615461,0.001712164880368,0.00645796550210893,-0.00589624972143269,0.00163830469021281,6.89183977637682e-13,8.11893659907186e-09,8.68037065736868e-13,3.94553537040592e-20,6.93889390390723e-18,8.89584533262637e-15
NC_k0050,-0.00855263157894737,-0.00855263157894737,0.385894915190735,-163.783817660303,77.4555177841109,-171.416098617608,89.3421673978109,156.382959903884,-80.6018552648997,173.555648260275,-87.4403732463386,1,640,-0.931080404305994,-0.894481070364114,-0.602435286641143,2.03955651575283,-3.39488158281563e-19,-4.52368533393e-19,0,1.17642288461782e-18,-0.00115994521402523,-0.000149032535374058,1,7.71886728836552e-20,1.15516980264691e-20,1,-0.0164440485414028,0.001712164880368,0.001712164880368,0.0068925058961546,0.00645796550210893,0.00163830469021281,0.00163830469021281,-0.00589624972143269,1,0,0,1,-0.0164436860261076,0.00171229864324928,0.00171229864324928,0.0068919568272921,0.00645772969434852,0.00163843268276673,0.00163843268276673,-0.00589600294266094,-27.7358764857214,1.10898267734188,10.4982934405444,18.5115140347396,10.4982934405444,18.5115140347396,-4.46304849750361,-13.1307463565236,8.67361737988404e-19,9.27407087953722e-19,4.48068502257004e-21,0,0,0,-0.0164440485414028,0.00689250589615461,0.001712164880368,0.00645796550210893,-0.00589624972143269,0.00163830469021281,2.12675712769322e-13,6.10537448377698e-09,6.54013229528352e-13,7.71886728836552e-20,7.80625564189563e-18,8.63102607151284e-16
NC_k0050,0.00394736842105262,0.00394736842105262,0.38574752862788,-169.353595925942,86.1542130181636,-165.843033408559,80.6626251829198,168.934412765418,-85.6055856871615,160.998668591429,-82.4577426307345,1,640,0.430482090093207,0.414492629135199,0.278841657345383,-0.941454369337091,-2.72135804085046e-19,-3.80400511378436e-19,0,-4.0027600713686e-19,-0.00115947783913489,-0.000148927370840395,1,4.201841175635e-20,1.38177895018754e-21,1,-0.0164440485414028,0.001712164880368,0.001712164880368,0.0068925058961546,0.00645796550210894,0.00163830469021281,0.00163830469021281,-0.00589624972143269,1,0,0,1,-0.0164436860261076,0.00171229864324928,0.00171229864324928,0.0068919568272921,0.00645772969434852,0.00163843268276673,0.00163843268276673,-0.00589600294266094,-27.7372754160438,1.10488636175093,10.4849880921834,18.4931194429395,10.4849880921834,18.4931194429395,-4.45945495300578,-13.1220929019853,1.40946282423116e-18,-5.91115281417665e-19,-7.50804900030522e-19,0,0,0,-0.0164440485414028,0.00689250589615461,0.001712164880368,0.00645796550210893,-0.00589624972143269,0.00163830469021281,2.60110208754993e-12,6.2882317420958e-09,5.23766454112708e-13,4.201841175635e-20,5.20417042793042e-18,1.15124317563279e-15
NC_k0050,0.0164473684210526,0.0164473684210526,0.386413917651112,-175.023557619331,94.746789419507,-160.17788584908,71.9715316047799,181.411457023721,-90.6142362574586,148.538183523253,-77.3423559378086,1,640,1.78069072901267,1.69688646322596,1.14760047343873,-3.91941024936307,2.32543631245808e-18,-7.99254995073237e-20,0,1.84761708597804e-18,-0.00116155095770818,-0.000149398680818385,1,-8.58110553623146e-21,2.0246441010915e-20,1,-0.0164440485414028,0.001712164880368,0.001712164880368,0.0068925058961546,0.00645796550210893,0.00163830469021281,0.00163830469021281,-0.00589624972143269,1,0,0,1,-0.0164436860261076,0.00171229864324928,0.00171229864324928,0.0068919568272921,0.00645772969434852,0.00163843268276673,0.00163843268276673,-0.00589600294266094,-27.7326458845673,1.12253394945317,10.5441093731432,18.5747199139716,10.5441093731432,18.5747199139716,-4.47754391148053,-13.1609615389116,1.30104260698261e-18,2.5513550608453e-19,2.9745131606728e-20,0,0,0,-0.0164440485414028,0.00689250589615461,0.001712164880368,0.00645796550210893,-0.00589624972143269,0.00163830469021281,1.69640410848944e-12,6.58820732784475e-09,2.49578053371876e-12,2.0246441010915e-20,3.46944695195361e-18,3.62016207783367e-14
NC_k0050,0.0289473684210526,0.0289473684210526,0.388070578065208,-181.044983003782,103.00813064041,-154.133392003511,63.3908592794405,193.485819654276,-95.7656798718657,136.465499331546,-71.8495097966536,1,640,3.09463458308098,2.87550838775377,1.97014718037544,-6.86817976090641,-2.45713670086632e-18,-3.24003337214571e-19,0,5.67813830147841e-18,-0.00116615747925086,-0.00015043839884518,1,8.80505413081521e-20,-3.14480857616167e-20,1,-0.0164440485414028,0.001712164880368,0.001712164880368,0.0068925058961546,0.00645796550210894,0.0016383046902128,0.0016383046902128,-0.00589624972143269,1,0,0,1,-0.0164436860261076,0.00171229864324928,0.00171229864324928,0.0068919568272921,0.00645772969434852,0.00163843268276673,0.00163843268276673,-0.00589600294266094,-27.7401823223008,1.15839537133544,10.6782134115927,18.7600352504763,10.6782134115927,18.7600352504763,-4.53714376256045,-13.2540877704968,8.67361737988404e-19,8.26059504240015e-19,-8.15601416884736e-19,0,0,0,-0.0164440485414028,0.00689250589615461,0.001712164880368,0.00645796550210893,-0.00589624972143269,0.00163830469021281,3.97781787038875e-13,7.29434190344686e-09,1.64981924471015e-12,8.80505413081521e-20,6.93889390390723e-18,2.47466046276611e-14
NC_k0051,-0.0335526315789474,-0.0335526315789474,0.247735680988596,-47.8391652351453,-110.24596161786,-35.20734395071,-153.994827588232,47.067844207749,129.486613734385,38.556167731652,140.68827534296,1,640,3.22357695058351,4.93941483922394,2.69378729063642,-2.77964337552568,4.74338450462408e-20,3.026289901862e-19,0,-6.83151924295294e-19,0.00101165401270749,0.00142366882451956,1,-4.80110179467312e-20,-6.74290130917948e-21,1,0.00312673908891715,0.000957244486943935,0.000957244486943935,0.0114337576136561,-0.00281773145494278,0.0016217794992341,0.0016217794992341,0.0157482250808751,1,0,0,1,0.00312704352772332,0.000957319271669478,0.000957319271669478,0.0114337375595511,-0.00281724256425237,0.00162190620075748,0.00162190620075748,0.0157479887388884,-4.58833774861771,11.8656501084848,-13.582380107716,8.04756203657286,-13.582380107716,8.04756203657286,3.53635383276299,23.0114375414173,1.0842021724855e-18,3.94999002938541e-20,6.15178841331188e-19,0,0,0,0.00312673908891714,0.0114337576136561,0.000957244486943936,-0.00281773145494278,0.0157482250808751,0.0016217794992341,7.36520200369179e-13,1.11653429495954e-08,2.47642357542313e-12,4.80110179467312e-20,1.73472347597681e-18,9.4111124502092e-15
NC_k0051,-0.0210526315789474,-0.0210526315789474,0.248138848596235,-45.3616994335499,-117.621880394776,-37.251262794121,-146.001899830109,45.3829377221946,131.470146447464,39.832913542943,138.146639843929,1,640,2.11090470406009,3.12375366765551,1.72743726266614,-1.76701445192221,1.17665118646688e-18,1.65925813433237e-19,0,3.35165436477453e-18,0.00101217402275285,0.00141944948009236,1,-1.20403483275656e-20,7.28530350557947e-20,1,0.00312673908891715,0.000957244486943936,0.000957244486943936,0.0114337576136561,-0.00281773145494278,0.0016217794992341,0.0016217794992341,0.0157482250808751,1,0,0,1,0.00312704352772332,0.000957319271669478,0.000957319271669478,0.0114337375595511,-0.00281724256425237,0.00162190620075748,0.00162190620075748,0.0157479887388884,-4.52246353955071,11.8604392218461,-13.4027411732092,7.97892347279086,-13.4027411732092,7.97892347279086,3.65707384462297,23.1155699834191,8.67361737988404e-19,-1.63833667142243e-19,-3.03420367806237e-19,0,0,0,0.00312673908891714,0.0114337576136561,0.000957244486943936,-0.00281773145494278,0.0157482250808751,0.0016217794992341,1.49728437506765e-12,6.73938120358338e-09,1.65870947774634e-12,7.28530350557947e-20,3.90312782094782e-18,8.37794092046152e-14
NC_k0051,-0.00855263157894737,-0.00855263157894737,0.24850141796274,-42.8517077128635,-125.865218690531,-39.5355768725542,-137.578795631259,43.6481372133439,133.429291406372,41.3527037741011,136.038417922829,1,640,0.87530191027643,1.27332569125524,0.709047108505452,-0.722225566427007,-1.0544898448826e-19,4.39663039184185e-20,0,6.18981733915268e-19,0.00101257596813642,0.00141720078635374,1,-1.15329152833333e-19,-2.67846824445329e-20,1,0.00312673908891715,0.000957244486943936,0.000957244486943936,0.0114337576136561,-0.00281773145494278,0.0016217794992341,0.0016217794992341,0.0157482250808751,1,0,0,1,0.00312704352772332,0.000957319271669478,0.000957319271669478,0.0114337375595511,-0.00281724256425237,0.00162190620075748,0.00162190620075748,0.0157479887388884,-4.48452983536481,11.8767062875329,-13.3084549240533,7.94083432034088,-13.3084549240533,7.94083432034088,3.72331960629166,23.1889886424083,1.30104260698261e-18,3.76232107643554e-19,9.17144052008549e-19,0,0,0,0.00312673908891714,0.0114337576136561,0.000957244486943936,-0.00281773145494278,0.0157482250808751,0.0016217794992341,4.97214331235726e-12,5.94593002329741e-09,1.41104059142111e-12,1.15329152833333e-19,3.46944695195361e-18,4.04324387974485e-14
NC_k0051,0.00394736842105262,0.00394736842105262,0.248563431441707,-40.4100773126183,-134.420150322853,-41.9417752440839,-129.001666277706,41.9524232313359,135.323540157218,43.0148165265475,134.126751591172,1,640,-0.405131938870956,-0.588044014560358,-0.327748064632332,0.333613021336479,-6.95175821679365e-19,2.99624670201408e-19,0,-1.09091887905944e-18,0.00101264405590685,0.0014168562417153,1,-1.08153621185873e-19,-1.05094824038664e-20,1,0.00312673908891714,0.000957244486943935,0.000957244486943935,0.0114337576136561,-0.00281773145494278,0.0016217794992341,0.0016217794992341,0.0157482250808751,1,0,0,1,0.00312704352772332,0.000957319271669478,0.000957319271669478,0.0114337375595511,-0.00281724256425237,0.00162190620075748,0.00162190620075748,0.0157479887388884,-4.47842337921728,11.880424519536,-13.2938745267093,7.9347450823289,-13.2938745267093,7.9347450823289,3.73363130847403,23.2011345619194,7.58941520739853e-19,9.24990441292055e-19,8.04846862236403e-19,0,0,0,0.00312673908891714,0.0114337576136561,0.000957244486943936,-0.00281773145494278,0.0157482250808751,0.0016217794992341,5.21652485372666e-12,6.93275960857397e-09,1.34058270834372e-12,1.08153621185873e-19,6.93889390390723e-18,3.4950817653679e-14
NC_k0051,0.0164473684210526,0.0164473684210526,0.248299627397686,-38.0758482592395,-142.936194983011,-44.4335271693391,-120.59580963241,40.3708069157744,137.332452248808,44.7448172611569,132.205337610777,1,640,-1.66540684180539,-2.44447387012987,-1.35626063493863,1.38443848604613,5.0486968687174e-19,6.82827669495174e-19,0,-3.2353018990419e-19,0.00101235271191151,0.00141839302707693,1,-5.53294551709534e-20,-2.67144576867375e-20,1,0.00312673908891715,0.000957244486943936,0.000957244486943936,0.0114337576136561,-0.00281773145494278,0.0016217794992341,0.0016217794992341,0.0157482250808751,1,0,0,1,0.00312704352772332,0.000957319271669478,0.000957319271669478,0.0114337375595511,-0.00281724256425237,0.00162190620075748,0.00162190620075748,0.0157479887388884,-4.50501420508628,11.8663660259632,-13.3586047399784,7.9613415364566,-13.3586047399784,7.9613415364566,3.68801791675016,23.1487669621842,8.67361737988404e-19,1.95994694671022e-19,7.86574642833141e-19,0,0,0,0.00312673908891714,0.0114337576136561,0.000957244486943936,-0.00281773145494278,0.0157482250808751,0.0016217794992341,4.10121541280069e-12,1.01081968033651e-08,3.24452267490813e-12,5.53294551709534e-20,5.63785129692462e-18,4.80665139928101e-15
NC_k0051,0.0289473684210526,0.0289473684210526,0.247850215102809,-35.9201181543178,-151.113650271171,-46.9408100571186,-112.809304649775,38.9891157723799,139.68252536328,46.4593017431716,130.198252709753,1,640,-2.83377879464993,-4.27716296706598,-2.34661078136625,2.41222279696173,-1.65846404094432e-19,-3.26319442929719e-19,0,-4.08908464009464e-20,0.00101183324810218,0.00142189770419511,1,-1.13118145133895e-19,2.20068420899189e-20,1,0.00312673908891715,0.000957244486943936,0.000957244486943936,0.0114337576136561,-0.00281773145494278,0.0016217794992341,0.0016217794992341,0.0157482250808751,1,0,0,1,0.00312704352772332,0.000957319271669478,0.000957319271669478,0.0114337375595511,-0.00281724256425237,0.00162190620075748,0.00162190620075748,0.0157479887388884,-4.56107848983187,11.8578274985128,-13.5054662492677,8.01853872163784,-13.5054662492677,8.01853872163784,3.58663498267105,23.0490156889536,9.48676900924816e-19,-5.27898457898215e-20,6.97291496049653e-19,0,0,0,0.00312673908891714,0.0114337576136561,0.000957244486943936,-0.00281773145494278,0.0157482250808751,0.0016217794992341,1.37094470610798e-12,7.54097838621462e-09,3.35975664836365e-12,1.13118145133895e-19,6.93889390390723e-18,7.83896956590539e-15
NC_k0052,-0.0335526315789474,-0.0335526315789474,0.686165458598089,111.3479462745,55.8577784609667,106.513307766928,78.6752688644516,-98.0721253534792,-62.037004758674,-123.640268715352,-73.70221936402,1,640,1.64123887040632,-17.9386018689646,-5.37812978952425,-1.30823986695517,1.25787039645224e-18,1.3446648037662e-19,0,9.60336838839364e-19,-0.000891108797051505,-0.000323417366436993,1,7.74781988344408e-20,-2.37649658245798e-20,1,0.00261780353728338,0.00293059111048585,0.00293059111048585,-0.0105468976187944,0.00302736868501015,-0.015038295014095,-0.015038295014095,-0.00616493413720396,1,-2.16840434497101e-19,6.7762635780344e-20,1,0.00261746898165453,0.00293082006291636,0.00293082006291636,-0.0105467179282844,0.00302715850755804,-0.015039469880893,-0.015039469880893,-0.00616478524032708,14.9491203396493,6.27720164391264,8.80334050576045,-18.8335936450224,8.80334050576045,-18.8335936450224,-47.4041509348257,-10.9672667071954,3.46944695195361e-18,-2.02231055372693e-19,1.03161966810134e-18,0,0,0,0.00261780353728338,-0.0105468976187944,0.00293059111048586,0.00302736868501016,-0.00616493413720396,-0.015038295014095,2.20217584128213e-13,1.98006679405848e-08,3.10171419275351e-12,7.74781988344408e-20,8.67361737988404e-18,3.00949982242161e-14
NC_k0052,-0.0210526315789474,-0.0210526315789474,0.683266743801338,110.954216135922,61.0576381520084,106.891873498565,75.8431623205975,-102.607283353192,-65.2138981119414,-119.08402214529,-72.9697431206765,1,640,0.94043324671859,-11.4387190974502,-3.46443433074139,-0.804858514380858,-9.10719236975983e-19,-3.26975893463841e-18,0,4.93740798910452e-19,-0.000890254223238726,-0.000324383436204286,1,-9.36748134204438e-23,-2.00791990560882e-19,1,0.00261780353728337,0.00293059111048585,0.00293059111048585,-0.0105468976187944,0.00302736868501015,-0.015038295014095,-0.015038295014095,-0.00616493413720396,1,-2.16840434497101e-19,6.7762635780344e-20,1,0.00261746898165453,0.00293082006291636,0.00293082006291636,-0.0105467179282844,0.00302715850755804,-0.015039469880893,-0.015039469880893,-0.00616478524032708,14.8797987821004,6.23472155458209,8.62076490756566,-18.5653719277751,8.62076490756566,-18.5653719277751,-47.4917514793413,-11.1524163757339,3.90312782094782e-18,3.06242022452991e-19,5.53089887605915e-19,0,0,0,0.00261780353728338,-0.0105468976187944,0.00293059111048586,0.00302736868501016,-0.00616493413720396,-0.015038295014095,2.64930429902098e-13,1.25075455746031e-08,2.19499484966111e-13,2.00791990560882e-19,1.21430643318376e-17,3.36349117211282e-14
NC_k0052,-0.00855263157894737,-0.00855263157894737,0.681921570149098,109.819804815896,66.2201866656534,107.949676647371,72.3027912822338,-107.412201049847,-68.3101070137968,-114.196457782909,-71.5355970558102,1,640,0.362423437516162,-4.6727568144679,-1.42241001439406,-0.321724333121626,-4.61765305151602e-20,6.29491063597754e-18,0,1.032665511601e-18,-0.00089016706171771,-0.00032485810293564,1,-4.74656876180553e-20,-3.09182492154491e-19,1,0.00261780353728338,0.00293059111048586,0.00293059111048586,-0.0105468976187944,0.00302736868501015,-0.015038295014095,-0.015038295014095,-0.00616493413720396,1,-2.16840434497101e-19,6.7762635780344e-20,1,0.00261746898165453,0.00293082006291636,0.00293082006291636,-0.0105467179282844,0.00302715850755804,-0.015039469880893,-0.015039469880893,-0.00616478524032708,14.8338804520481,6.21391109651608,8.52132917913437,-18.4160594781775,8.52132917913437,-18.4160594781775,-47.5767109296822,-11.2539306874266,3.90312782094782e-18,-3.75502709325246e-19,-8.92810002175441e-20,0,0,0,0.00261780353728338,-0.0105468976187944,0.00293059111048586,0.00302736868501016,-0.00616493413720396,-0.015038295014095,1.16896673591985e-12,5.3306379958204e-09,1.45639063970538e-12,3.09182492154491e-19,8.67361737988404e-18,1.85601145861386e-14
NC_k0052,0.00394736842105262,0.00394736842105262,0.681718046490049,108.435300911774,70.8027998939011,109.314196450455,67.9906873584449,-112.362510123799,-70.8082281741216,-109.225278258127,-69.3147217249368,1,640,-0.165927151161223,2.15809255380206,0.657414582871467,0.148056380842951,-1.60316867135637e-18,7.43504345276143e-18,0,-2.91167575618666e-21,-0.000890177840919132,-0.000324927731261618,1,-2.09236636518129e-20,-1.1178640325083e-19,1,0.00261780353728338,0.00293059111048585,0.00293059111048585,-0.0105468976187944,0.00302736868501015,-0.015038295014095,-0.015038295014095,-0.00616493413720396,1,-2.16840434497101e-19,6.7762635780344e-20,1,0.00261746898165453,0.00293082006291636,0.00293082006291636,-0.0105467179282844,0.00302715850755804,-0.015039469880893,-0.015039469880893,-0.00616478524032708,14.8259191800958,6.21074365982232,8.50579315140615,-18.392373774872,8.50579315140615,-18.392373774872,-47.5916868858247,-11.269572048158,3.03576608295941e-18,-6.38018972873417e-19,1.68528392857038e-19,0,0,0,0.00261780353728338,-0.0105468976187944,0.00293059111048586,0.00302736868501016,-0.00616493413720396,-0.015038295014095,1.55815536783187e-12,1.17368335978961e-08,1.47779998895188e-12,1.1178640325083e-19,8.67361737988404e-18,7.97997478381655e-15
NC_k0052,0.0164473684210526,0.0164473684210526,0.682630329373529,107.225594739345,74.628281657629,110.597544826634,63.0047081110731,-117.308864637887,-72.5314101253536,-104.355313836287,-66.4025264019056,1,640,-0.716992351176369,8.96198605603763,2.72084792260423,0.624471917589438,-4.45552565145563e-18,3.32214262847017e-18,0,-1.4257946782454e-19,-0.000890180807998072,-0.000324609139167454,1,-6.031591897253e-20,2.02195495815418e-20,1,0.00261780353728338,0.00293059111048585,0.00293059111048585,-0.0105468976187944,0.00302736868501015,-0.015038295014095,-0.015038295014095,-0.00616493413720396,1,-2.16840434497101e-19,6.7762635780344e-20,1,0.00261746898165453,0.00293082006291636,0.00293082006291636,-0.0105467179282844,0.00302715850755804,-0.015039469880893,-0.015039469880893,-0.00616478524032708,14.8594481968435,6.22495520089494,8.57446363349309,-18.4962905078384,8.57446363349309,-18.4962905078384,-47.5289376128898,-11.1999715074292,3.03576608295941e-18,-2.73628863699617e-19,6.45295686543657e-19,0,0,0,0.00261780353728338,-0.0105468976187944,0.00293059111048586,0.00302736868501016,-0.00616493413720396,-0.015038295014095,3.52925607680875e-13,9.14367108720558e-09,1.5313274496105e-12,6.031591897253e-20,8.67361737988404e-18,1.70770932039636e-14
NC_k0052,0.0289473684210526,0.0289473684210526,0.684843036642881,106.546938933128,77.7035854202773,111.316459803119,57.7198186729058,-122.013467007078,-73.4978568115624,-99.696831324758,-63.1618101533931,1,640,-1.36513385257351,15.5987919224683,4.69710716306515,1.12130246528909,-3.17115900562209e-18,-1.0376894757694e-17,0,1.43410618904034e-18,-0.00089062715602207,-0.000323846454790929,1,1.84558443279232e-20,-1.83210817592057e-20,1,0.00261780353728338,0.00293059111048585,0.00293059111048585,-0.0105468976187944,0.00302736868501015,-0.015038295014095,-0.015038295014095,-0.00616493413720396,1,-2.16840434497101e-19,6.7762635780344e-20,1,0.00261746898165453,0.00293082006291636,0.00293082006291636,-0.0105467179282844,0.00302715850755804,-0.015039469880893,-0.015039469880893,-0.00616478524032708,14.9212365378032,6.25826870108609,8.72648431119393,-18.7209462578425,8.72648431119393,-18.7209462578425,-47.4274448760636,-11.0440457089112,3.46944695195361e-18,-3.88633298447118e-19,7.2386261284428e-19,0,0,0,0.00261780353728338,-0.0105468976187944,0.00293059111048586,0.00302736868501016,-0.00616493413720396,-0.015038295014095,1.55286679068918e-13,1.316148053226e-08,3.40703037719656e-12,1.84558443279232e-20,8.67361737988404e-18,3.17742462408949e-14
NC_k0053,-0.0335526315789474,-0.0335526315789474,0.324035674807611,-15.9063632236403,-132.440163840405,3.60754842796318,-183.991694107305,12.6781070180038,149.652559908175,-3.77842903587398,173.110565586643,1,640,5.82881044449721,0.549963132846116,2.10499528052333,-4.97074402187836,5.60356962361798e-19,6.79902758849186e-19,0,-1.23402112503111e-19,-0.000956174672482574,0.00130954953993072,1,7.0746593537104e-20,7.87832018679196e-20,1,-0.00534594159204218,0.00258142334671432,0.00258142334671432,-0.00544452772527847,-0.00724818554560279,-0.00326677755462682,-0.00326677755462682,0.0164895800599435,1,0,0,1,-0.00534604889322952,0.00258162502041328,0.00258162502041328,-0.00544463117544498,-0.007247631669375,-0.00326703277162327,-0.00326703277162327,0.0164892066797023,-2.27367011202021,19.4095658214112,-16.8683323205857,-2.41904370987796,-16.8683323205857,-2.41904370987796,-12.4645419687984,27.0049159938902,1.0842021724855e-18,2.91574060547365e-19,3.89862243210758e-19,0,0,0,-0.00534594159204217,-0.00544452772527846,0.00258142334671432,-0.00724818554560279,0.0164895800599435,-0.00326677755462682,8.98816573431317e-13,6.78283495447575e-09,8.25417624250562e-13,7.87832018679196e-20,3.46944695195361e-18,5.05369960358341e-14
NC_k0053,-0.0210526315789474,-0.0210526315789474,0.323351932179019,-11.4793461232046,-141.505528257723,0.728868375323311,-174.422915255563,8.82220744665023,153.971308133507,-1.45327228846403,168.299658476373,1,640,3.80579385208077,0.318249179253514,1.36093420034032,-3.14204070149995,3.26160624252109e-19,9.4857102180641e-19,0,-2.94301597523507e-18,-0.00095288453268875,0.0013023958063952,1,-6.36937590316475e-21,-2.61654224795341e-20,1,-0.00534594159204218,0.00258142334671432,0.00258142334671432,-0.00544452772527847,-0.00724818554560278,-0.00326677755462682,-0.00326677755462682,0.0164895800599435,1,0,0,1,-0.00534604889322952,0.00258162502041328,0.00258162502041328,-0.00544463117544498,-0.007247631669375,-0.00326703277162327,-0.00326703277162327,0.0164892066797023,-2.41136940215217,19.2505686250054,-16.7099903801304,-2.32620824309787,-16.7099903801304,-2.32620824309787,-12.3546611917934,27.017860084262,1.0842021724855e-18,3.88823481783232e-20,-1.65683919639932e-18,0,0,0,-0.00534594159204217,-0.00544452772527846,0.00258142334671432,-0.00724818554560279,0.0164895800599435,-0.00326677755462682,1.03548636667613e-12,1.19750624709864e-08,2.94589272133019e-12,2.61654224795341e-20,1.04083408558608e-17,3.63949087352639e-14
NC_k0053,-0.00855263157894737,-0.00855263157894737,0.323255639977375,-7.45522608954772,-151.114847573836,-2.51076565458355,-164.595840691278,5.37473632123614,158.171085330946,1.21788385667453,163.889302746791,1,640,1.57645529443644,0.127286442510191,0.562234773192387,-1.27882750854995,-1.8500390708116e-19,7.16080330119805e-19,0,-1.3976308327492e-18,-0.000951153311872995,0.00129853146119757,1,6.28210596660144e-21,-8.41897592935338e-20,1,-0.00534594159204218,0.00258142334671432,0.00258142334671432,-0.00544452772527847,-0.00724818554560279,-0.00326677755462682,-0.00326677755462682,0.0164895800599435,1,0,0,1,-0.00534604889322952,0.00258162502041328,0.00258162502041328,-0.00544463117544498,-0.007247631669375,-0.00326703277162327,-0.00326703277162327,0.0164892066797023,-2.49339668258067,19.1939299905029,-16.6294384958164,-2.27577985000637,-16.6294384958164,-2.27577985000637,-12.3099630754163,27.046747593213,1.57209315010398e-18,-1.37283075373306e-19,9.44084150988331e-20,0,0,0,-0.00534594159204217,-0.00544452772527846,0.00258142334671432,-0.00724818554560279,0.0164895800599435,-0.00326677755462682,3.65317044889425e-12,5.82752819046793e-09,4.85997687906257e-13,8.41897592935338e-20,3.46944695195361e-18,3.38298715942688e-14
NC_k0053,0.00394736842105262,0.00394736842105262,0.323254211300276,-3.78338877896744,-160.952624491144,-6.06407596961388,-154.723695304385,2.27909537693928,162.329347447012,4.19645594109377,159.697261113291,1,640,-0.729615590355471,-0.058808991016106,-0.260180111852629,0.590298443712816,-4.27493558012305e-19,1.71830559517885e-18,0,3.98429740009642e-18,-0.000950890309408924,0.00129793698599013,1,-1.27769839524636e-20,-7.58866321336587e-20,1,-0.00534594159204217,0.00258142334671432,0.00258142334671432,-0.00544452772527846,-0.00724818554560279,-0.00326677755462682,-0.00326677755462682,0.0164895800599435,1,0,0,1,-0.00534604889322952,0.00258162502041328,0.00258162502041328,-0.00544463117544498,-0.007247631669375,-0.00326703277162327,-0.00326703277162327,0.0164892066797023,-2.50656260815148,19.1869469050646,-16.6170598745098,-2.26792494625603,-16.6170598745098,-2.26792494625603,-12.3038273096409,27.0522677159261,1.0842021724855e-18,-6.65380265507099e-19,7.9509288520183e-19,0,0,0,-0.00534594159204217,-0.00544452772527846,0.00258142334671432,-0.00724818554560279,0.0164895800599435,-0.00326677755462682,2.63991881599428e-12,9.17657617740644e-09,1.1010553721931e-12,7.58866321336587e-20,6.93889390390723e-18,1.97484894811305e-14
NC_k0053,0.0164473684210526,0.0164473684210526,0.323287611092089,-0.426672763409605,-170.821877358982,-9.95236998973429,-145.005815225452,-0.505742683402611,166.638503380724,7.50736794887665,155.533696787749,1,640,-3.00100082234035,-0.246222978291399,-1.07158385420848,2.45725804895625,-7.69542667470333e-20,1.58461335585558e-18,0,-7.30565917006834e-21,-0.000952070336937768,0.00130058511307777,1,-3.62459370709258e-20,-4.3790431230283e-21,1,-0.00534594159204217,0.00258142334671432,0.00258142334671432,-0.00544452772527846,-0.00724818554560279,-0.00326677755462682,-0.00326677755462682,0.0164895800599435,1,0,0,1,-0.00534604889322952,0.00258162502041328,0.00258162502041328,-0.00544463117544498,-0.007247631669375,-0.00326703277162327,-0.00326703277162327,0.0164892066797023,-2.44907912050586,19.221588442053,-16.6721448163755,-2.3027054944446,-16.6721448163755,-2.3027054944446,-12.3326287901229,27.0298618465021,1.13841228110978e-18,-1.87554206695567e-19,5.91994881161895e-20,0,0,0,-0.00534594159204217,-0.00544452772527846,0.00258142334671432,-0.00724818554560279,0.0164895800599435,-0.00326677755462682,2.04955586061904e-12,5.51088813920567e-09,3.45977393525607e-13,3.62459370709258e-20,3.46944695195361e-18,3.31396930165102e-14
NC_k0053,0.0289473684210526,0.0289473684210526,0.323653295742093,2.59350250989099,-180.508547611239,-14.2258060471982,-135.681174026648,-2.96741837137578,171.277210512501,11.20905189774,151.249371596567,1,640,-5.11685226252403,-0.454716443871767,-1.83861767311065,4.30492265472667,7.42344968929589e-20,-7.27654241250647e-20,0,1.98635843576034e-18,-0.000954773012004294,0.00130655451584035,1,5.69493572378281e-20,4.58307619798582e-20,1,-0.00534594159204217,0.00258142334671432,0.00258142334671432,-0.00544452772527846,-0.00724818554560279,-0.00326677755462682,-0.00326677755462682,0.0164895800599435,1,0,0,1,-0.00534604889322952,0.00258162502041328,0.00258162502041328,-0.00544463117544498,-0.007247631669375,-0.00326703277162327,-0.00326703277162327,0.0164892066797023,-2.32929332764543,19.3338798249051,-16.7994606814015,-2.37991025558748,-16.7994606814015,-2.37991025558748,-12.4134645428225,27.002637698504,1.0842021724855e-18,-5.91361909812444e-19,8.75135873088994e-19,0,0,0,-0.00534594159204217,-0.00544452772527846,0.00258142334671432,-0.00724818554560279,0.0164895800599435,-0.00326677755462682,3.66251822295693e-13,8.12807550869511e-09,1.5735976531692e-12,5.69493572378281e-20,6.93889390390723e-18,9.1074065030645e-14
NC_k0054,-0.0335526315789474,-0.0335526315789474,0.384046163630544,-72.8527166022815,-105.722666282232,-79.2135824770375,-124.399687555634,63.1384442367739,117.725599043367,83.2338314993693,110.847167176648,1,640,-8.98459047904488,-7.16777693464132,-5.33028124651637,-1.30890554872901,1.47230208100558e-18,-2.3679203087188e-19,0,-2.14611679054638e-18,-0.00131137070902117,-0.000682740369696297,1,-3.87258314176573e-20,1.18897462909151e-19,1,-0.0113430168402953,-0.00634342003889684,-0.00634342003889684,0.000163527106001498,-0.0137305766224986,-0.00563256556312673,-0.00563256556312673,0.00328872632599213,1,0,0,1,-0.0113429012778133,-0.00634391561858738,-0.00634391561858738,0.000163193194110615,-0.0137303461854322,-0.00563300560731136,-0.00563300560731136,0.00328829194653713,-13.8379971505796,-15.9587468654909,-17.2430083920189,5.59607859417785,-17.2430083920189,5.59607859417785,-25.0454545710575,16.2049257994909,1.51788304147971e-18,8.69401102968051e-19,7.62678393720637e-19,0,0,0,-0.0113430168402953,0.000163527106001503,-0.00634342003889684,-0.0137305766224986,0.00328872632599214,-0.00563256556312674,2.57024946947367e-13,2.63513770730924e-08,1.87027831622629e-12,1.18897462909151e-19,5.20417042793042e-18,2.31268660856762e-14
NC_k0054,-0.0210526315789474,-0.0210526315789474,0.383931120136473,-74.0432448754695,-108.388917801845,-78.4241298731896,-120.312723959619,66.7654150782869,116.195805700337,79.9463446749117,110.928295354238,1,640,-5.72779186359061,-4.66335804206669,-3.42907946886686,-0.803621308017499,1.42846812598517e-18,-7.88286580150784e-19,0,2.03523488379487e-18,-0.00130839222694752,-0.000685297868833063,1,2.16265756707065e-20,-5.36168945408476e-20,1,-0.0113430168402953,-0.00634342003889684,-0.00634342003889684,0.000163527106001502,-0.0137305766224986,-0.00563256556312673,-0.00563256556312673,0.00328872632599214,1,0,0,1,-0.0113429012778133,-0.00634391561858738,-0.00634391561858738,0.000163193194110615,-0.0137303461854322,-0.00563300560731136,-0.00563300560731136,0.00328829194653713,-14.0317325114017,-16.121921923734,-17.0671853817716,5.51593824591179,-17.0671853817716,5.51593824591179,-25.0583213203928,16.0699182820673,1.95156391047391e-18,7.39213736084401e-20,-3.04040176283863e-19,0,0,0,-0.0113430168402953,0.000163527106001503,-0.00634342003889684,-0.0137305766224986,0.00328872632599214,-0.00563256556312674,1.72742093831198e-13,1.93456470494259e-08,1.10330083165506e-12,5.36168945408476e-20,5.20417042793042e-18,3.55682112927843e-14
NC_k0054,-0.00855263157894737,-0.00855263157894737,0.384046241922385,-75.5698175090585,-111.456469921293,-77.412532052498,-116.349611231766,70.8672587315776,114.27538569919,76.3272650633856,111.941102361521,1,640,-2.33983996123978,-1.92345381860927,-1.40688694735019,-0.320745522867151,7.71924947634485e-19,1.45867676195561e-18,0,4.61198851868126e-18,-0.00130691519851499,-0.000686907106149236,1,1.80935628596538e-19,-9.99044289210466e-22,1,-0.0113430168402953,-0.00634342003889684,-0.00634342003889684,0.000163527106001502,-0.0137305766224986,-0.00563256556312673,-0.00563256556312673,0.00328872632599214,1,0,0,1,-0.0113429012778133,-0.00634391561858738,-0.00634391561858738,0.000163193194110615,-0.0137303461854322,-0.00563300560731136,-0.00563300560731136,0.00328829194653713,-14.1514148643762,-16.2180098833031,-16.9714439582484,5.47542170201058,-16.9714439582484,5.47542170201058,-25.093342111318,15.9988338372247,1.70761842166467e-18,-2.55346065819337e-19,-4.38924328862053e-19,0,0,0,-0.0113430168402953,0.000163527106001503,-0.00634342003889684,-0.0137305766224986,0.00328872632599214,-0.00563256556312674,1.43940296058468e-12,9.91167057168799e-09,1.97998610158816e-12,1.80935628596538e-19,3.46944695195361e-18,1.17079735690802e-14
NC_k0054,0.00394736842105262,0.00394736842105262,0.384070178239133,-76.9666987583258,-114.958971308279,-76.112042485744,-112.697359868472,74.9062939614627,112.48719959083,72.3794191373344,113.577513591652,1,640,1.08073316731652,0.889503818693006,0.650178205383149,0.147489122568637,1.8079388863551e-18,-9.55605365735561e-19,0,2.23825809333989e-18,-0.00130669648952699,-0.000687168858465487,1,1.84437148018355e-19,-1.24632477948885e-20,1,-0.0113430168402953,-0.00634342003889684,-0.00634342003889684,0.000163527106001502,-0.0137305766224986,-0.00563256556312674,-0.00563256556312674,0.00328872632599214,1,0,0,1,-0.0113429012778133,-0.00634391561858738,-0.00634391561858738,0.000163193194110615,-0.0137303461854322,-0.00563300560731136,-0.00563300560731136,0.00328829194653713,-14.1707569471093,-16.2331891975146,-16.956305471901,5.46928081319701,-16.956305471901,5.46928081319701,-25.1003007087051,15.9876740600698,1.70761842166467e-18,-7.06417394994513e-20,1.22227982298197e-19,0,0,0,-0.0113430168402953,0.000163527106001503,-0.00634342003889684,-0.0137305766224986,0.00328872632599214,-0.00563256556312674,3.61908038254708e-12,1.16622072020385e-08,9.91749115351249e-13,1.84437148018355e-19,5.20417042793042e-18,5.34775338448099e-15
NC_k0054,0.0164473684210526,0.0164473684210526,0.383975632854873,-78.0820620654139,-118.82788132747,-74.6004565150166,-109.470302569323,78.6551586959748,111.211831820886,68.2591896470097,115.504066067024,1,640,4.48764770999884,3.67052227952105,2.69219609654156,0.62294772332254,1.16437913489904e-18,4.43433328416202e-18,0,3.26764135227028e-18,-0.00130768767304266,-0.000686032711109271,1,1.20788916838707e-19,-5.53737773995435e-20,1,-0.0113430168402953,-0.00634342003889684,-0.00634342003889684,0.000163527106001501,-0.0137305766224986,-0.00563256556312673,-0.00563256556312673,0.00328872632599214,1,0,0,1,-0.0113429012778133,-0.00634391561858738,-0.00634391561858738,0.000163193194110615,-0.0137303461854322,-0.00563300560731136,-0.00563300560731136,0.00328829194653713,-14.0865466913083,-16.1664590884162,-17.0227965672823,5.4967851788455,-17.0227965672823,5.4967851788455,-25.0724931839561,16.0368460278372,1.68051336735253e-18,6.78890455331459e-20,-2.45595583524029e-21,0,0,0,-0.0113430168402953,0.000163527106001503,-0.00634342003889684,-0.0137305766224986,0.00328872632599214,-0.00563256556312674,8.15192306715916e-13,2.30054365854069e-08,1.85289158285243e-12,1.20788916838707e-19,5.20417042793042e-18,2.45768087916157e-14
NC_k0054,0.0289473684210526,0.0289473684210526,0.383925065893412,-78.9356157705687,-122.89044795014,-73.2045462916203,-106.660013728776,82.0554406894485,110.747314715412,64.3671612606081,117.242357258205,1,640,7.81146547290813,6.28776706299715,4.65274673684876,1.1211055317286,1.10336629291713e-18,3.24971469403503e-18,0,-1.67089160246732e-18,-0.00131008503154816,-0.000683737519319702,1,1.12307044825071e-19,7.67663698791938e-20,1,-0.0113430168402953,-0.00634342003889684,-0.00634342003889684,0.000163527106001501,-0.0137305766224986,-0.00563256556312673,-0.00563256556312673,0.00328872632599214,1,0,0,1,-0.0113429012778133,-0.00634391561858738,-0.00634391561858738,0.000163193194110615,-0.0137303461854322,-0.00563300560731136,-0.00563300560731136,0.00328829194653713,-13.9145195739372,-16.0239596107486,-17.1682771336553,5.56150875424419,-17.1682771336553,5.56150875424419,-25.0417312168326,16.146606439575,1.35525271560688e-18,3.14334546043452e-19,-2.71747054514627e-20,0,0,0,-0.0113430168402953,0.000163527106001503,-0.00634342003889684,-0.0137305766224986,0.00328872632599214,-0.00563256556312674,3.7487514473531e-13,1.55617881807839e-08,3.98189111641881e-13,1.12307044825071e-19,3.46944695195361e-18,1.20008458980731e-14
NC_k0055,-0.0335526315789474,-0.0335526315789474,0.565128166658684,-75.4599610053288,93.043795223249,-80.750152485783,132.010422622359,66.7109952177562,-105.695891512332,91.1269994807829,-117.043701408943,1,640,11.7776644133513,3.56688279330127,5.06370057819529,6.05960007910712,7.73182262165566e-20,1.35917024298793e-18,0,-3.54978273304476e-18,0.000687169140915398,0.000570799444655122,1,7.46492321984194e-20,-6.34669277381236e-20,1,-0.000946888973156339,0.0120044002480288,0.0120044002480288,0.0111505857370525,0.00975143128445296,0.00417145617530866,0.00417145617530866,-0.00426271685200356,1,0,0,1,-0.000946553048877199,0.0120053380917982,0.0120053380917982,0.0111504491037257,0.00975121117134905,0.00417178207032236,0.00417178207032236,-0.00426238953744589,-10.837002641086,36.301696094076,17.7156485807017,12.1831094717263,17.7156485807017,12.1831094717263,10.4815899882144,-16.0466955979938,1.51788304147971e-18,-1.30195838997866e-19,-5.6151883442441e-19,0,0,0,-0.000946888973156342,0.0111505857370525,0.0120044002480288,0.00975143128445296,-0.00426271685200356,0.00417145617530866,4.23966832498096e-13,1.48010929408131e-08,1.15303557745254e-12,7.46492321984194e-20,3.46944695195361e-18,1.47341314341489e-14
NC_k0055,-0.0210526315789474,-0.0210526315789474,0.56228822711134,-76.0851647222346,99.947648083952,-78.3154222352227,124.711749878364,70.3273073428842,-108.188223165313,85.743292356815,-114.135791531262,1,640,7.53184057029921,2.33938585069566,3.25750471892834,3.80183824983765,-6.35235005771323e-19,-3.81178061154236e-19,0,3.08094999673951e-18,0.000689405754549155,0.000572103682371405,1,-2.1683894131683e-20,1.89201904347734e-20,1,-0.000946888973156341,0.0120044002480288,0.0120044002480288,0.0111505857370525,0.00975143128445296,0.00417145617530866,0.00417145617530866,-0.00426271685200356,1,0,0,1,-0.000946553048877199,0.0120053380917982,0.0120053380917982,0.0111504491037257,0.00975121117134905,0.00417178207032236,0.00417178207032236,-0.00426238953744589,-10.5746261722449,36.4198012139479,17.4963680891845,12.0709826926252,17.4963680891845,12.0709826926252,10.5744514738969,-15.8712379290765,1.95156391047391e-18,1.35786469313952e-19,-6.25192599342581e-20,0,0,0,-0.000946888973156342,0.0111505857370525,0.0120044002480288,0.00975143128445296,-0.00426271685200356,0.00417145617530866,3.9415815299576e-13,1.47625277400589e-08,2.51041243378235e-13,2.1683894131683e-20,5.20417042793042e-18,3.45532806737799e-14
NC_k0055,-0.00855263157894737,-0.00855263157894737,0.560914281932049,-76.2198348333748,107.046350422306,-76.8988783525015,117.174534735497,74.2586468198721,-109.855639381186,80.5524065854479,-112.019013326941,1,640,3.07761598861254,0.965910500319732,1.33436374134766,1.53991529787509,-1.46187298784252e-18,-8.97980655542666e-19,0,1.00685747648935e-18,0.000690763467653115,0.000573121146360654,1,-1.63363017536329e-19,5.7891657259423e-20,1,-0.000946888973156342,0.0120044002480288,0.0120044002480288,0.0111505857370525,0.00975143128445296,0.00417145617530866,0.00417145617530866,-0.00426271685200355,1,0,0,1,-0.000946553048877199,0.0120053380917982,0.0120053380917982,0.0111504491037257,0.00975121117134905,0.00417178207032236,0.00417178207032236,-0.00426238953744589,-10.435030069754,36.5103610589333,17.3764248825761,12.0113638757063,17.3764248825761,12.0113638757063,10.6306871463784,-15.7740061212546,2.16840434497101e-18,3.01494544985626e-24,-4.06885056289373e-19,0,0,0,-0.000946888973156342,0.0111505857370525,0.0120044002480288,0.00975143128445296,-0.00426271685200356,0.00417145617530866,6.86346293516659e-13,6.28376232888123e-09,1.23141991514101e-12,1.63363017536329e-19,5.20417042793042e-18,1.68241316245484e-14
NC_k0055,0.00394736842105262,0.00394736842105262,0.560703539792103,-76.5983152447467,114.407154226549,-76.3007860441786,109.728117070051,78.751185575538,-111.384254663665,75.8440814104045,-110.403139142109,1,640,-1.42134940622262,-0.446679842701087,-0.616449652144825,-0.710188243004865,-1.01327639804276e-18,-8.95634771325466e-19,0,1.9700927561951e-18,0.00069098106779418,0.000573296278805072,1,-3.70503144503192e-19,2.4899101672396e-20,1,-0.000946888973156347,0.0120044002480288,0.0120044002480288,0.0111505857370524,0.00975143128445296,0.00417145617530866,0.00417145617530866,-0.00426271685200355,1,0,0,1,-0.000946553048877199,0.0120053380917982,0.0120053380917982,0.0111504491037257,0.00975121117134905,0.00417178207032236,0.00417178207032236,-0.00426238953744589,-10.4133937957664,36.5256390054543,17.3574876787441,12.0020051918384,17.3574876787441,12.0020051918384,10.6395831219968,-15.7584958665157,1.95156391047391e-18,1.47178885877308e-18,-3.36803124666813e-19,0,0,0,-0.000946888973156342,0.0111505857370525,0.0120044002480288,0.00975143128445296,-0.00426271685200356,0.00417145617530866,2.06274189203193e-12,1.39795024272195e-08,1.49363765561832e-12,3.70503144503192e-19,8.67361737988404e-18,9.90026766227305e-15
NC_k0055,0.0164473684210526,0.0164473684210526,0.56164196301494,-77.684083278131,121.942713116958,-76.1474862755757,102.536211305821,83.7896146654557,-113.278794980093,71.7206321106681,-108.860956219897,1,640,-5.9025284143782,-1.84265951618216,-2.5559120170849,-2.96684297715173,-1.36519211784732e-18,-5.87033537116633e-19,0,-1.75992270615762e-18,0.000690027726406431,0.00057255350658802,1,-2.52148572238317e-19,6.53278706848959e-20,1,-0.000946888973156339,0.0120044002480288,0.0120044002480288,0.0111505857370525,0.00975143128445296,0.00417145617530866,0.00417145617530866,-0.00426271685200355,1,0,0,1,-0.000946553048877199,0.0120053380917982,0.0120053380917982,0.0111504491037257,0.00975121117134905,0.00417178207032236,0.00417178207032236,-0.00426238953744589,-10.5093463877705,36.4603841347074,17.4407543172628,12.0432366876315,17.4407543172628,12.0432366876315,10.6004483537383,-15.8263652695942,2.38524477946811e-18,-4.55561971218425e-19,-5.65745739346694e-19,0,0,0,-0.000946888973156342,0.0111505857370525,0.0120044002480288,0.00975143128445296,-0.00426271685200356,0.00417145617530866,8.16322699122621e-13,1.20461493503504e-08,1.39272582205887e-12,2.52148572238317e-19,6.93889390390723e-18,2.15465221000453e-14
NC_k0055,0.0289473684210526,0.0289473684210526,0.563850814063887,-79.731096560329,129.37342204172,-75.7994307456774,95.5667272104579,89.1445656575209,-115.866221218692,68.029382763629,-106.75057660732,1,640,-10.2579779909445,-3.14295400205784,-4.4223075576908,-5.23279758524969,-1.56779181091871e-18,-6.39612445572953e-19,0,1.15522059115686e-18,0.000688056169181483,0.000571245805930259,1,-1.52675290130915e-19,-6.64160007175736e-20,1,-0.00094688897315634,0.0120044002480288,0.0120044002480288,0.0111505857370525,0.00975143128445296,0.00417145617530866,0.00417145617530866,-0.00426271685200355,1,0,0,1,-0.000946553048877199,0.0120053380917982,0.0120053380917982,0.0111504491037257,0.00975121117134905,0.00417178207032236,0.00417178207032236,-0.00426238953744589,-10.725356011444,36.3413923775169,17.6227162725357,12.1348549141652,17.6227162725357,12.1348549141652,10.5180711488244,-15.9724461133383,2.60208521396521e-18,3.06465778008871e-19,-5.40017948663862e-19,0,0,0,-0.000946888973156342,0.0111505857370525,0.0120044002480288,0.00975143128445296,-0.00426271685200356,0.00417145617530866,4.4331090521729e-13,1.31144346277956e-08,4.25928976598117e-12,1.52675290130915e-19,6.93889390390723e-18,1.81148125918891e-14
NC_k0056,-0.0335526315789474,-0.0335526315789474,0.106659096866048,-34.2621379668472,44.8738130200803,-43.4970643370124,66.6689709841513,22.5018715567741,-57.6442090234659,50.0653787479514,-56.6953988712727,1,640,-1.90374011431879,1.88804953883324,-0.00517788991023085,2.77030445858556,2.34098730797407e-19,-2.5785535798993e-19,0,-6.16485302826583e-19,-0.00188819071438805,-0.00070484636882501,1,1.44853256869967e-21,-1.55356427905402e-20,1,-0.0130849159121108,-0.000564617477839249,-0.000564617477839249,-0.0128578700403618,0.000337649338865148,0.00341650191747311,0.00341650191747311,-0.00716623110663764,1,0,5.42101086242752e-20,1,-0.0130851648251401,-0.000564661588579705,-0.000564661588579706,-0.0128581278223706,0.000337436093331369,0.00341676883168541,0.00341676883168541,-0.00716615123184152,-8.95007158133527,-5.40628259816206,5.35250038453109,0.817979581211703,5.35250038453109,0.817979581211703,9.24571361015991,-9.83843099798431,8.67361737988404e-19,4.00630502090963e-19,-4.09203084262348e-19,0,0,0,-0.0130849159121108,-0.0128578700403618,-0.000564617477839249,0.000337649338865147,-0.00716623110663764,0.00341650191747311,2.3809061739971e-12,1.42386475807212e-08,2.68181968598921e-12,1.55356427905402e-20,3.46944695195361e-18,7.03914004958872e-14
NC_k0056,-0.0210526315789474,-0.0210526315789474,0.107715885444024,-35.9505864952817,47.8127683629107,-41.3869323774092,62.189737885762,27.0733075475256,-56.9821946845221,45.043468255776,-55.8569484624888,1,640,-1.17014446068266,1.19860979241859,0.00939355947285573,1.75282108916478,3.31514137176552e-19,-1.26356470778905e-18,0,-4.33391355779808e-19,-0.00188562135416317,-0.000703618676547876,1,-2.55430242116468e-20,2.45164265353153e-20,1,-0.0130849159121108,-0.000564617477839249,-0.000564617477839249,-0.0128578700403618,0.000337649338865145,0.00341650191747311,0.00341650191747311,-0.00716623110663764,1,0,5.42101086242752e-20,1,-0.0130851648251401,-0.000564661588579705,-0.000564661588579706,-0.0128581278223706,0.000337436093331369,0.00341676883168541,0.00341676883168541,-0.00716615123184152,-9.09740864345866,-5.50133049767227,5.26294871124064,0.797804733536491,5.26294871124064,0.797804733536491,9.23364063614101,-9.833193102978,1.73472347597681e-18,5.88970855422984e-19,3.0739956345496e-20,0,0,0,-0.0130849159121108,-0.0128578700403618,-0.000564617477839249,0.000337649338865147,-0.00716623110663764,0.00341650191747311,2.30263362796798e-12,1.2471766217203e-08,2.21701910717501e-12,2.55430242116468e-20,1.04083408558608e-17,4.3804568241784e-14
NC_k0056,-0.00855263157894737,-0.00855263157894737,0.108377169880521,-37.4956860204717,51.5824728093066,-39.6027409054467,57.572829516241,32.2126341887419,-56.2999989642972,39.6516936165338,-55.7111992898431,1,640,-0.470043227269206,0.48641893550784,0.00540398371874732,0.714400667693575,4.13272668921293e-19,-1.0393276242545e-18,0,-1.34064470598919e-19,-0.00188422658565275,-0.000703008197100866,1,6.66389410577995e-20,9.25330573682371e-20,1,-0.0130849159121108,-0.000564617477839249,-0.000564617477839249,-0.0128578700403618,0.000337649338865147,0.0034165019174731,0.0034165019174731,-0.00716623110663764,1,0,5.42101086242752e-20,1,-0.0130851648251401,-0.000564661588579705,-0.000564661588579706,-0.0128581278223706,0.000337436093331369,0.00341676883168541,0.00341676883168541,-0.00716615123184152,-9.18542950368101,-5.55942478184397,5.21575547276616,0.787237829927963,5.21575547276616,0.787237829927963,9.23083404609539,-9.83837494349562,9.85946350604006e-19,-2.47642449245058e-19,-1.54812919532143e-19,0,0,0,-0.0130849159121108,-0.0128578700403618,-0.000564617477839249,0.000337649338865147,-0.00716623110663764,0.00341650191747311,6.6843320414784e-12,8.27378667085325e-09,2.16319983094881e-12,9.25330573682371e-20,2.60208521396521e-18,9.2964910964003e-14
NC_k0056,0.00394736842105262,0.00394736842105262,0.108483646593842,-39.0119125257072,55.898035504517,-38.0470780121631,53.1230439160815,37.6328678126554,-55.7994990175589,34.1899369628238,-56.0806429255863,1,640,0.216549901638868,-0.224327286284546,-0.00256653693307037,-0.329850924998921,7.7745713157124e-19,5.11449081463987e-19,0,-8.26684304185496e-20,-0.00188400951203054,-0.00070291779780084,1,6.52449743969288e-20,4.64046852617099e-20,1,-0.0130849159121108,-0.000564617477839249,-0.000564617477839249,-0.0128578700403618,0.000337649338865149,0.00341650191747311,0.00341650191747311,-0.00716623110663764,1,0,5.42101086242752e-20,1,-0.0130851648251401,-0.000564661588579705,-0.000564661588579706,-0.0128581278223706,0.000337436093331369,0.00341676883168541,0.00341676883168541,-0.00716615123184152,-9.19946181213631,-5.56885942505895,5.20847314233252,0.785619397595909,5.20847314233252,0.785619397595909,9.23044183552056,-9.83955004687878,8.67361737988404e-19,-6.89833620323197e-19,-5.72400862571734e-19,0,0,0,-0.0130849159121108,-0.0128578700403618,-0.000564617477839249,0.000337649338865147,-0.00716623110663764,0.00341650191747311,6.3104314099628e-12,9.56329740215596e-09,4.38493002620516e-12,6.52449743969288e-20,3.46944695195361e-18,8.6093632431317e-14
NC_k0056,0.0164473684210526,0.0164473684210526,0.10801931185994,-40.6927626656218,60.4888213901745,-36.5347946904375,49.121399379101,43.0839336933832,-55.729868883328,28.9185906665068,-56.7252256849913,1,640,0.909346578109096,-0.936504541454371,-0.00896212790394601,-1.3715981710962,-5.21587007051437e-19,1.92594116381947e-19,0,6.57841851912397e-19,-0.00188497061917303,-0.000703327849712164,1,3.06907883362286e-20,-1.61947871676043e-20,1,-0.0130849159121108,-0.000564617477839249,-0.000564617477839249,-0.0128578700403618,0.000337649338865148,0.00341650191747311,0.00341650191747311,-0.00716623110663764,1,0,5.42101086242752e-20,1,-0.0130851648251401,-0.000564661588579705,-0.000564661588579706,-0.0128581278223706,0.000337436093331369,0.00341676883168541,0.00341676883168541,-0.00716615123184152,-9.13801763027843,-5.52790412619303,5.24084903079964,0.792842015683728,5.24084903079964,0.792842015683728,9.23223300595367,-9.83506628742029,8.67361737988404e-19,1.10085354626253e-19,-4.19403652507374e-19,0,0,0,-0.0130849159121108,-0.0128578700403618,-0.000564617477839249,0.000337649338865147,-0.00716623110663764,0.00341650191747311,2.57627774463481e-12,6.62212821059114e-09,2.15903679246633e-12,3.06907883362286e-20,3.46944695195361e-18,1.07790577168771e-13
NC_k0056,0.0289473684210526,0.0289473684210526,0.10707001634667,-42.6800352522239,65.0536855639139,-34.8965730529098,45.8382048000483,48.2781750496725,-56.2973949390974,24.0951631501449,-57.4069278067041,1,640,1.62871017486868,-1.64082571336591,-0.0039981277040827,-2.39959297602099,-4.1072495263463e-19,1.00996105814765e-18,0,-9.2962031397282e-19,-0.00188711368294136,-0.000704319665854857,1,2.32113942723308e-19,-5.87149732878564e-20,1,-0.0130849159121108,-0.000564617477839249,-0.000564617477839249,-0.0128578700403618,0.000337649338865149,0.0034165019174731,0.0034165019174731,-0.00716623110663764,1,0,5.42101086242752e-20,1,-0.0130851648251401,-0.000564661588579705,-0.000564661588579706,-0.0128581278223706,0.000337436093331369,0.00341676883168541,0.00341676883168541,-0.00716615123184152,-9.00892870102773,-5.44427090237284,5.31429686049088,0.809347594454657,5.31429686049088,0.809347594454657,9.23882689552483,-9.83335336178677,2.16840434497101e-18,-1.55293804267498e-18,-7.45762279218075e-19,0,0,0,-0.0130849159121108,-0.0128578700403618,-0.000564617477839249,0.000337649338865147,-0.00716623110663764,0.00341650191747311,2.41921617923141e-12,6.9626516522456e-09,2.62350793719736e-12,2.32113942723308e-19,5.20417042793042e-18,4.0439610861914e-14
NC_k0057,-0.0335526315789474,-0.0335526315789474,0.606341508751641,-40.7182523954589,-31.3301734681231,-43.443334225143,-26.4305026683809,36.1774380757754,36.539077405115,41.0350947881387,26.1337863463579,1,640,8.61319304392748,-15.3817898828637,-2.23363695684888,0.355286222936947,-7.24094055894219e-19,6.9555963348359e-18,0,-7.72553604900026e-20,-0.00134938366247121,0.00094255471852242,1,1.38273865075989e-19,1.80991419433249e-20,1,-0.0087404970545237,0.00970397016124897,0.00970397016124897,0.000396105896908985,-0.000359444000503654,-0.0138470573277066,-0.0138470573277066,0.00611633696272485,1,0,-2.71050543121376e-20,1,-0.00874040009344221,0.00970472828391782,0.00970472828391782,0.000395845959437689,-0.000359261300748878,-0.0138481391290604,-0.0138481391290604,0.00611626670228575,-8.79108675857898,36.844956384245,0.503329982994839,-0.702138040911275,0.503329982994839,-0.702138040911275,-52.403910073644,6.29697791455757,3.03576608295941e-18,-2.21649995424455e-19,6.82957345592074e-19,0,0,0,-0.0087404970545237,0.000396105896908983,0.00970397016124897,-0.00035944400050365,0.00611633696272485,-0.0138470573277066,2.46331842941969e-13,2.54459009178937e-08,7.89876070337318e-13,1.38273865075989e-19,8.67361737988404e-18,2.54511687218345e-14
NC_k0057,-0.0210526315789474,-0.0210526315789474,0.603766556868981,-40.1485408153135,-28.9116338582736,-42.0461383165235,-25.8315356767875,36.0778876440221,33.2019574271195,39.1844174913595,26.4067940271068,1,640,5.48189282105961,-9.84581156622078,-1.4400931859032,0.232140269905638,-9.49868041006893e-20,3.12819855332854e-19,0,4.16763371106267e-19,-0.00134271609061759,0.000936426475064688,1,5.59959390513754e-20,-2.75135797985244e-19,1,-0.00874049705452371,0.00970397016124897,0.00970397016124897,0.000396105896908984,-0.000359444000503649,-0.0138470573277066,-0.0138470573277066,0.00611633696272485,1,0,-2.71050543121376e-20,1,-0.00874040009344221,0.00970472828391782,0.00970472828391782,0.000395845959437689,-0.000359261300748878,-0.0138481391290604,-0.0138481391290604,0.00611626670228575,-8.81305221883153,36.7160997138504,0.385534220740383,-0.596416384786077,0.385534220740383,-0.596416384786077,-52.3080684122662,6.25748358487145,1.95156391047391e-18,-2.54375417804828e-19,-2.04710083573341e-19,0,0,0,-0.0087404970545237,0.000396105896908983,0.00970397016124897,-0.00035944400050365,0.00611633696272485,-0.0138470573277066,5.06702586160761e-13,1.97454863297634e-08,1.12400033016046e-12,2.75135797985244e-19,5.20417042793042e-18,3.89831597233711e-14
NC_k0057,-0.00855263157894737,-0.00855263157894737,0.603007354241544,-40.1736876220042,-27.1172715171898,-40.9835687975486,-25.8780161152017,36.4790537909467,30.3250132069385,37.7562206948152,27.5140390898787,1,640,2.23597748475631,-4.02973518774509,-0.591940041986312,0.0964718834310981,-4.17296075420751e-20,4.2195475663065e-19,0,4.24525633974465e-19,-0.00133937614474354,0.000933278530381412,1,-1.11231342783745e-19,-1.8790425881348e-19,1,-0.0087404970545237,0.00970397016124897,0.00970397016124897,0.000396105896908985,-0.00035944400050365,-0.0138470573277066,-0.0138470573277066,0.00611633696272485,1,0,-2.71050543121376e-20,1,-0.00874040009344221,0.00970472828391782,0.00970472828391782,0.000395845959437689,-0.000359261300748878,-0.0138481391290604,-0.0138481391290604,0.00611626670228575,-8.84761809661572,36.6839666247572,0.317497864210916,-0.532883431133793,0.317497864210916,-0.532883431133793,-52.3085651844488,6.25335826724099,2.60208521396521e-18,-4.32976767497691e-19,1.32051281265666e-19,0,0,0,-0.0087404970545237,0.000396105896908983,0.00970397016124897,-0.00035944400050365,0.00611633696272485,-0.0138470573277066,1.03797177050435e-12,1.13160752200249e-08,2.01930017531281e-12,1.8790425881348e-19,8.67361737988404e-18,3.09312095159479e-14
NC_k0057,0.00394736842105262,0.00394736842105262,0.602924356510991,-40.6873579308174,-26.0731046032114,-40.3104807553751,-26.6441414901651,37.3341103864644,28.1281576670461,36.743657002333,29.4285859088946,1,640,-1.03235420738192,1.86155529428289,0.27363635867731,-0.044687831970479,-1.6877793218532e-18,5.0540867775888e-18,0,4.29725291304973e-19,-0.00133888043239704,0.000932803544344359,1,-1.87143458755909e-19,-3.10771464036331e-20,1,-0.0087404970545237,0.00970397016124897,0.00970397016124897,0.000396105896908983,-0.000359444000503647,-0.0138470573277066,-0.0138470573277066,0.00611633696272485,1,0,-2.71050543121376e-20,1,-0.00874040009344221,0.00970472828391782,0.00970472828391782,0.000395845959437689,-0.000359261300748878,-0.0138481391290604,-0.0138481391290604,0.00611626670228575,-8.85440773768245,36.6810358580964,0.306689715531589,-0.522608548979182,0.306689715531589,-0.522608548979182,-52.3114294768435,6.25378991731111,1.30104260698261e-18,-2.61796598546442e-19,-3.99541861827709e-19,0,0,0,-0.0087404970545237,0.000396105896908983,0.00970397016124897,-0.00035944400050365,0.00611633696272485,-0.0138470573277066,5.52921535178466e-12,1.34090816945517e-08,2.27496194419383e-12,1.87143458755909e-19,3.46944695195361e-18,2.00712259137164e-14
NC_k0057,0.0164473684210526,0.0164473684210526,0.603363464105049,-41.6113851283717,-25.7692316585048,-40.0944898042979,-28.166648074781,38.6098310602211,26.7180920374048,36.1695618543316,32.0719422136368,1,640,-4.29211682576626,7.72100297845813,1.13153243038832,-0.183282056805342,-1.50295408578435e-19,2.55605426723786e-18,0,4.38141026857088e-19,-0.00134112913007237,0.00093493811901357,1,-1.41884697985654e-19,-1.65720646839652e-20,1,-0.00874049705452371,0.00970397016124897,0.00970397016124897,0.000396105896908985,-0.00035944400050365,-0.0138470573277066,-0.0138470573277066,0.00611633696272485,1,0,-2.71050543121376e-20,1,-0.00874040009344221,0.00970472828391782,0.00970472828391782,0.000395845959437689,-0.000359261300748878,-0.0138481391290604,-0.0138481391290604,0.00611626670228575,-8.8272199016561,36.6982265488761,0.354136307628067,-0.567345173916412,0.354136307628067,-0.567345173916412,-52.3043754802688,6.25405053574311,1.30104260698261e-18,-2.18055537169116e-19,1.91225187096364e-19,0,0,0,-0.0087404970545237,0.000396105896908983,0.00970397016124897,-0.00035944400050365,0.00611633696272485,-0.0138470573277066,6.21299027883336e-13,1.07949016046905e-08,1.38414693149255e-12,1.41884697985654e-19,3.46944695195361e-18,3.53290899117016e-14
NC_k0057,0.0289473684210526,0.0289473684210526,0.605048581622165,-42.8960499201426,-26.1398886683115,-40.42862978421,-30.3842010144227,40.304237152676,26.1376743858452,36.079926870986,35.2813999326219,1,640,-7.48518018952917,13.3975460409994,1.95108073098519,-0.311711473518106,5.41664334879324e-19,-1.0166962935673e-17,0,1.20808074102145e-18,-0.00134650346895095,0.00093992992135865,1,8.04063337475326e-20,1.25576020118736e-19,1,-0.0087404970545237,0.00970397016124897,0.00970397016124897,0.000396105896908984,-0.000359444000503656,-0.0138470573277066,-0.0138470573277066,0.00611633696272485,1,0,-2.71050543121376e-20,1,-0.00874040009344221,0.00970472828391782,0.00970472828391782,0.000395845959437689,-0.000359261300748878,-0.0138481391290604,-0.0138481391290604,0.00611626670228575,-8.79362594869843,36.778236080407,0.455002436871558,-0.659381884725702,0.455002436871558,-0.659381884725702,-52.3460482722964,6.27528548649901,2.60208521396521e-18,-6.01737416725948e-19,1.39731312497244e-18,0,0,0,-0.0087404970545237,0.000396105896908983,0.00970397016124897,-0.00035944400050365,0.00611633696272485,-0.0138470573277066,5.33004661639985e-13,1.23219095999151e-08,1.57284713223285e-12,1.25576020118736e-19,8.67361737988404e-18,4.38548756157752e-14
NC_k0058,-0.0335526315789474,-0.0335526315789474,0.277734759284657,126.406201737347,53.9867644290911,132.860091504495,59.5263346795818,-115.440326100426,-64.6368009901355,-142.757445740621,-53.6593133489289,1,640,-3.43505827032924,1.35985685527681,-0.684816466967285,-2.39528544524926,-1.30139994900723e-18,-9.96368826322174e-19,0,5.04024308285711e-19,-0.000305152688032053,-0.00112193467726592,1,1.27803607239696e-19,1.39489244111681e-20,1,0.00572346562335538,-0.00470009187908998,-0.00470009187908998,-0.0160558367440877,-0.000666340657392889,0.00100947961288123,0.00100947961288123,-0.00926812413992542,1,0,-5.42101086242752e-20,1,0.00572293934429429,-0.00470045907376804,-0.00470045907376804,-0.01605551226915,-0.000666605677234318,0.00100955847847599,0.00100955847847599,-0.00926805315259956,19.407794352565,-20.6106141372641,3.79775470423938,-17.0703969678044,3.79775470423938,-17.0703969678044,11.309198150955,-10.750243472823,1.51788304147971e-18,1.5140681140383e-19,5.87233189235101e-20,0,0,0,0.00572346562335538,-0.0160558367440877,-0.00470009187908999,-0.000666340657392888,-0.00926812413992542,0.00100947961288123,6.40395512353693e-13,1.66161465495743e-08,7.66250564515681e-13,1.27803607239696e-19,3.46944695195361e-18,1.39909768449451e-15
NC_k0058,-0.0210526315789474,-0.0210526315789474,0.276696900606648,127.428027524443,54.0094352688635,130.992654938428,57.9940902013584,-120.013892710111,-61.8844850673146,-137.348053104537,-54.92963847775,1,640,-2.22252512959376,0.91310628502881,-0.432108218706453,-1.50495200957488,-1.37963634570372e-18,-5.58324372801602e-19,0,-6.02756586200041e-19,-0.000309299223692161,-0.00111854913807641,1,2.92876995631268e-20,7.41038517929501e-21,1,0.00572346562335537,-0.00470009187908998,-0.00470009187908998,-0.0160558367440877,-0.00066634065739289,0.00100947961288123,0.00100947961288123,-0.00926812413992542,1,0,-5.42101086242752e-20,1,0.00572293934429429,-0.00470045907376804,-0.00470045907376804,-0.01605551226915,-0.000666605677234318,0.00100955847847599,0.00100955847847599,-0.00926805315259956,19.2938586581276,-20.5927202878635,3.77415306591767,-16.9044594411459,3.77415306591767,-16.9044594411459,11.1614595494806,-10.8775330470117,1.3586408473959e-18,7.92476832470233e-19,1.58839824854349e-19,0,0,0,0.00572346562335538,-0.0160558367440877,-0.00470009187908999,-0.000666340657392888,-0.00926812413992542,0.00100947961288123,1.34673900174822e-12,1.21920350507729e-08,2.07219476592807e-12,2.92876995631268e-20,5.20417042793042e-18,6.21924453940792e-15
NC_k0058,-0.00855263157894737,-0.00855263157894737,0.276306807979624,128.3051978619,54.7989121390641,129.652400620936,56.5245927036057,-124.911491487579,-59.4997660543243,-131.991382778418,-56.6503443261631,1,640,-0.912148682768048,0.383436066205265,-0.174475163465702,-0.609836924286972,4.38761412316502e-19,1.1360746686987e-19,0,-1.1637438601886e-19,-0.000311614492101036,-0.00111682375587277,1,1.09121780610701e-19,9.71607651109529e-20,1,0.00572346562335538,-0.00470009187908998,-0.00470009187908998,-0.0160558367440877,-0.000666340657392889,0.00100947961288123,0.00100947961288123,-0.00926812413992542,1,0,-5.42101086242752e-20,1,0.00572293934429429,-0.00470045907376804,-0.00470045907376804,-0.01605551226915,-0.000666605677234318,0.00100955847847599,0.00100955847847599,-0.00926805315259956,19.2431768558567,-20.6061588443104,3.76316573910995,-16.8175088180429,3.76316573910995,-16.8175088180429,11.0993166005846,-10.9594032611418,1.0842021724855e-18,-4.50506084612363e-19,-2.34467600279481e-19,0,0,0,0.00572346562335538,-0.0160558367440877,-0.00470009187908999,-0.000666340657392888,-0.00926812413992542,0.00100947961288123,2.59192385583971e-12,8.29440671313417e-09,4.05894317373886e-12,1.09121780610701e-19,1.73472347597681e-18,5.38422800319643e-14
NC_k0058,0.00394736842105262,0.00394736842105262,0.276253840150808,129.248545006254,56.0144367801445,128.633786705803,55.2107594371706,-130.049216658845,-57.3686933010916,-126.779288082783,-58.6854282738773,1,640,0.421421761043734,-0.177759455108856,0.0804085609585089,0.281300472832004,2.08876008687195e-18,-5.17834915792897e-19,0,-2.62236106514011e-19,-0.000311973902452914,-0.00111656323844929,1,1.83751097355938e-19,6.18553314137925e-20,1,0.00572346562335538,-0.00470009187908998,-0.00470009187908998,-0.0160558367440877,-0.000666340657392885,0.00100947961288123,0.00100947961288123,-0.00926812413992541,1,0,-5.42101086242752e-20,1,0.00572293934429429,-0.00470045907376804,-0.00470045907376804,-0.01605551226915,-0.000666605677234318,0.00100955847847599,0.00100955847847599,-0.00926805315259956,19.2357800609735,-20.6095360465584,3.76153947628814,-16.803979326435,3.76153947628814,-16.803979326435,11.0907533484163,-10.9727842436318,1.19262238973405e-18,-4.15065328398519e-20,-8.49131356253112e-19,0,0,0,0.00572346562335538,-0.0160558367440877,-0.00470009187908999,-0.000666340657392888,-0.00926812413992542,0.00100947961288123,1.35760171280767e-11,9.05609627883516e-09,1.47056906617273e-12,1.83751097355938e-19,5.20417042793042e-18,2.12999103552773e-14
NC_k0058,0.0164473684210526,0.0164473684210526,0.276503284128376,130.451105610766,57.4430152987037,127.757977099508,54.23292201336,-135.363875508679,-55.5197025959355,-121.787598278615,-60.9728551575059,1,640,1.74559487051319,-0.724754927891357,0.336877181065196,1.17476956917532,-1.41258460386293e-18,-8.22167898040956e-19,0,4.90326197341833e-19,-0.00031037797690815,-0.00111773197448506,1,9.53065875722961e-20,3.28392365439787e-20,1,0.00572346562335537,-0.00470009187908998,-0.00470009187908998,-0.0160558367440877,-0.00066634065739289,0.00100947961288123,0.00100947961288123,-0.00926812413992542,1,0,-5.42101086242752e-20,1,0.00572293934429429,-0.00470045907376804,-0.00470045907376804,-0.01605551226915,-0.000666605677234318,0.00100955847847599,0.00100955847847599,-0.00926805315259956,19.2694793223536,-20.5971719875208,3.76889143695821,-16.8638220226727,3.76889143695821,-16.8638220226727,11.1308831770668,-10.9148059313507,1.3992984288641e-18,1.24169294815325e-19,1.22677031119018e-19,0,0,0,0.00572346562335538,-0.0160558367440877,-0.00470009187908999,-0.000666340657392888,-0.00926812413992542,0.00100947961288123,4.18821672941201e-12,1.44438624902417e-08,8.98934584821892e-13,9.53065875722961e-20,3.46944695195361e-18,1.44548116354195e-14
NC_k0058,0.0289473684210526,0.0289473684210526,0.277235126268047,132.095600514992,58.955397409616,126.807019933901,53.8780575844269,-140.762875809701,-54.0613292956271,-117.074872786852,-63.566541058597,1,640,3.00847152564988,-1.2082992181129,0.594056861487216,2.06985391693417,6.30321552932758e-19,1.0013914670016e-18,0,-1.04649597144289e-18,-0.000306860974043725,-0.00112048564291245,1,1.68037541279693e-19,-2.66488181113908e-20,1,0.00572346562335538,-0.00470009187908998,-0.00470009187908998,-0.0160558367440877,-0.000666340657392888,0.00100947961288123,0.00100947961288123,-0.00926812413992542,1,0,-5.42101086242752e-20,1,0.00572293934429429,-0.00470045907376804,-0.00470045907376804,-0.01605551226915,-0.000666605677234318,0.00100955847847599,0.00100955847847599,-0.00926805315259956,19.3557628688813,-20.5955379803716,3.78727819380442,-16.9989372118285,3.78727819380442,-16.9989372118285,11.2417627047461,-10.7994936337187,1.30104260698261e-18,-6.84133196379582e-19,-2.82704608638748e-19,0,0,0,0.00572346562335538,-0.0160558367440877,-0.00470009187908999,-0.000666340657392888,-0.00926812413992542,0.00100947961288123,5.13250057208075e-13,1.0254803315802e-08,6.9113706682974e-13,1.68037541279693e-19,4.33680868994202e-18,3.7042791496246e-14
NC_k0059,-0.0335526315789474,-0.0335526315789474,0.521744155770231,159.596132574957,-60.8583670601373,182.169752124342,-101.20596883849,-138.940059374334,71.3333319841351,-200.883209045381,91.65488587585,1,640,0.299779889407278,-4.38239164830938,-1.34726188043771,-7.96248976052676,-1.66764905446611e-18,-6.5562004478708e-19,0,-2.07486014385861e-18,0.000365730274849778,0.000153013788684587,1,8.34488256485029e-20,5.14348160247589e-21,1,0.0125934877014677,-0.00328537948333291,-0.00328537948333291,-0.0106863504327794,-0.00533084528573012,-0.00734647189427622,-0.00734647189427622,0.00583298404228314,1,0,-5.42101086242752e-20,1,0.0125930516415166,-0.00328563615360505,-0.00328563615360505,-0.0106858771240535,-0.00533062233848976,-0.00734704583739296,-0.00734704583739297,0.00583277090244037,26.8078738961586,-6.87002272859586,-10.5345950389091,-22.2241000591126,-10.5345950389091,-22.2241000591126,-15.8970929126758,12.8568516078307,1.95156391047391e-18,1.65764824052975e-19,5.48399733900403e-19,0,0,0,0.0125934877014677,-0.0106863504327794,-0.00328537948333291,-0.00533084528573012,0.00583298404228314,-0.00734647189427622,5.08981267289386e-13,1.26716777304118e-08,8.86113407139168e-13,8.34488256485029e-20,6.93889390390723e-18,1.1490697627701e-14
NC_k0059,-0.0210526315789474,-0.0210526315789474,0.51784567907123,164.103392675018,-67.8288873989837,177.182649384246,-93.5010941336693,-149.848951550402,75.158379068688,-189.476011897719,87.0888433704097,1,640,0.15263500950907,-2.77891301856527,-0.866671742988539,-5.01781391478007,-1.78832477967024e-18,-3.94383172453033e-20,0,1.03364489344626e-19,0.000361913374163414,0.000150681685674392,1,1.17261832210716e-19,-1.23500311432549e-19,1,0.0125934877014677,-0.00328537948333291,-0.00328537948333291,-0.0106863504327794,-0.00533084528573011,-0.00734647189427622,-0.00734647189427622,0.00583298404228314,1,0,-5.42101086242752e-20,1,0.0125930516415166,-0.00328563615360505,-0.00328563615360505,-0.0106858771240535,-0.00533062233848976,-0.00734704583739296,-0.00734704583739297,0.00583277090244037,26.6958185928871,-6.89484302322865,-10.4098990455723,-21.9436747429162,-10.4098990455723,-21.9436747429162,-15.9852033864006,12.6882671757469,1.51788304147971e-18,-2.7480930586817e-19,-3.09480295861965e-19,0,0,0,0.0125934877014677,-0.0106863504327794,-0.00328537948333291,-0.00533084528573012,0.00583298404228314,-0.00734647189427622,4.66408315584658e-13,1.22819002173914e-08,1.12319142920732e-12,1.23500311432549e-19,5.20417042793042e-18,2.44407610070758e-14
NC_k0059,-0.00855263157894737,-0.00855263157894737,0.515864189266254,167.932132848489,-75.112336237827,172.993941898965,-85.6170288538061,-161.352241818065,78.4912267450125,-177.603414173501,83.1501205059383,1,640,0.0596368359840248,-1.12699853851747,-0.352229361836044,-2.03841620907399,-8.21886656632688e-21,6.56295024166923e-19,0,-1.30204845860747e-19,0.000359655487215536,0.000149339317539792,1,-5.30482076379516e-21,-1.24960097377756e-19,1,0.0125934877014677,-0.00328537948333291,-0.00328537948333291,-0.0106863504327794,-0.00533084528573012,-0.00734647189427622,-0.00734647189427622,0.00583298404228314,1,0,-5.42101086242752e-20,1,0.0125930516415166,-0.00328563615360505,-0.00328563615360505,-0.0106858771240535,-0.00533062233848976,-0.00734704583739296,-0.00734704583739297,0.00583277090244037,26.6452446239673,-6.91039842692583,-10.3445813378225,-21.7937441728806,-10.3445813378225,-21.7937441728806,-16.0375715491245,12.6033288507594,1.51788304147971e-18,7.88473731910807e-20,4.64435528008182e-20,0,0,0,0.0125934877014677,-0.0106863504327794,-0.00328537948333291,-0.00533084528573012,0.00583298404228314,-0.00734647189427622,1.54201257492289e-12,6.68491402062195e-09,1.94978431195342e-12,1.24960097377756e-19,4.33680868994202e-18,1.03303749883872e-14
NC_k0059,0.00394736842105262,0.00394736842105262,0.51555747063618,171.58852716819,-82.7371989897471,169.270554067957,-77.8838399531408,-173.199072994376,81.8345957016291,-165.688320495042,79.6974862514239,1,640,-0.0275269519069548,0.519766566349404,0.162439072766011,0.940633036606569,5.38660014894532e-19,-3.18179985702197e-19,0,7.72176410540702e-19,0.000359295245061763,0.000149129348040675,1,8.65224093412867e-20,-4.17323406407563e-20,1,0.0125934877014677,-0.00328537948333291,-0.00328537948333291,-0.0106863504327794,-0.00533084528573012,-0.00734647189427622,-0.00734647189427622,0.00583298404228313,1,0,-5.42101086242752e-20,1,0.0125930516415166,-0.00328563615360505,-0.00328563615360505,-0.0106858771240535,-0.00533062233848976,-0.00734704583739296,-0.00734704583739297,0.00583277090244037,26.6376636169935,-6.91278084112261,-10.3344513184162,-21.7703201607782,-10.3344513184162,-21.7703201607782,-16.0456598276847,12.5903804946433,1.73472347597681e-18,-6.78813922225389e-19,4.67063874377402e-19,0,0,0,0.0125934877014677,-0.0106863504327794,-0.00328537948333291,-0.00533084528573012,0.00583298404228314,-0.00734647189427622,2.09891586607828e-12,1.00048446697199e-08,1.50512346780322e-12,8.65224093412867e-20,6.93889390390723e-18,7.75239059909005e-15
NC_k0059,0.0164473684210526,0.0164473684210526,0.516917758488466,175.563048800849,-90.5970067437642,165.569913429816,-70.4730458178605,-185.132390037621,85.5688787625362,-154.035268757955,76.4161653351928,1,640,-0.116182473806315,2.17054703012865,0.677940303586371,3.92096720838203,1.82686477877031e-18,4.78485934053749e-19,0,1.67469001584016e-18,0.000360873380552121,0.000150059648846323,1,5.78039559734293e-20,-7.67593355245253e-20,1,0.0125934877014677,-0.00328537948333291,-0.00328537948333291,-0.0106863504327794,-0.00533084528573012,-0.00734647189427622,-0.00734647189427622,0.00583298404228314,1,0,-5.42101086242752e-20,1,0.0125930516415166,-0.00328563615360505,-0.00328563615360505,-0.0106858771240535,-0.00533062233848976,-0.00734704583739296,-0.00734704583739297,0.00583277090244037,26.6717667879042,-6.90210791882732,-10.3793661562722,-21.8737890583686,-10.3793661562722,-21.8737890583686,-16.0097018008445,12.648240671398,1.51788304147971e-18,1.14603344878941e-19,2.26745679336569e-19,0,0,0,0.0125934877014677,-0.0106863504327794,-0.00328537948333291,-0.00533084528573012,0.00583298404228314,-0.00734647189427622,1.11419995310049e-12,9.8157691852857e-09,1.5423130646556e-12,7.67593355245253e-20,4.33680868994202e-18,9.23543238260539e-15
NC_k0059,0.0289473684210526,0.0289473684210526,0.520035377893193,180.221437222134,-98.4142483442008,161.353734050628,-63.3907635704141,-196.76287058115,89.8985046741583,-142.860860156056,72.8278347219152,1,640,-0.232491749584989,3.80713954153223,1.17963377134258,6.88760421609015,-1.4943911120832e-18,7.76476095364752e-19,0,1.81503278728836e-19,0.000364201611326495,0.000152063547690213,1,2.23447269294324e-20,4.18114416796459e-20,1,0.0125934877014677,-0.00328537948333291,-0.00328537948333291,-0.0106863504327794,-0.00533084528573012,-0.00734647189427622,-0.00734647189427622,0.00583298404228313,1,0,-5.42101086242752e-20,1,0.0125930516415166,-0.00328563615360505,-0.00328563615360505,-0.0106858771240535,-0.00533062233848976,-0.00734704583739296,-0.00734704583739297,0.00583277090244037,26.7562245433937,-6.87909199465108,-10.4808974944199,-22.1044636448806,-10.4808974944199,-22.1044636448806,-15.9313451621048,12.7833943637071,1.73472347597681e-18,-8.74650568477054e-19,2.55655165525115e-19,0,0,0,0.0125934877014677,-0.0106863504327794,-0.00328537948333291,-0.00533084528573012,0.00583298404228314,-0.00734647189427622,2.76604556604191e-13,1.22229531980387e-08,6.71531218200207e-13,4.18114416796459e-20,6.93889390390723e-18,5.5507374819762e-15
NC_k0060,-0.0335526315789474,-0.0335526315789474,0.300731174700456,74.173481742336,122.355817754616,66.8302867910711,154.027119425539,-62.2602520983928,-134.603044887965,-73.8438396969123,-142.68349381627,1,640,1.97548081120192,1.03799873948937,0.994448251728118,2.3184570454224,7.43866981256687e-19,6.52877113875854e-19,0,-5.25361597622639e-18,0.00127313104261087,0.000207969696524145,1,2.77689089188646e-20,-8.81018613856525e-20,1,0.0110124244131944,0.00201889622432736,0.00201889622432736,0.00192426675443054,0.0147006014428568,0.0022188640864324,0.0022188640864324,-0.00706517681456636,1,0,0,1,0.0110123732449898,0.00201905395059489,0.00201905395059489,0.0019245705923845,0.0147002508946939,0.00221903743518915,0.00221903743518915,-0.00706467713701614,12.7238598934177,-1.12471029995687,18.5647355459603,-5.38492302927251,18.5647355459603,-5.38492302927251,12.5364938207439,-20.9072035459039,8.67361737988404e-19,-7.22381016114442e-20,-9.99471171750288e-19,0,0,0,0.0110124244131944,0.00192426675443054,0.00201889622432736,0.0147006014428568,-0.00706517681456636,0.0022188640864324,1.83433215919439e-12,1.55191318603345e-08,5.42082370399045e-12,8.81018613856525e-20,6.93889390390723e-18,8.49101513729428e-15
NC_k0060,-0.0210526315789474,-0.0210526315789474,0.300005384788821,72.3864673518834,127.922190659777,67.7235910207512,148.05407937829,-63.6603174776522,-136.16704493938,-71.5135645967891,-140.706439085621,1,640,1.19946424839665,0.715006093168195,0.631775212716406,1.45537899596371,-1.45280708832893e-18,-1.02515802036147e-18,0,-4.13387812462561e-18,0.00126986959878819,0.000211901804952083,1,1.89264544561078e-20,5.008844946107e-20,1,0.0110124244131944,0.00201889622432736,0.00201889622432736,0.00192426675443054,0.0147006014428568,0.0022188640864324,0.0022188640864324,-0.00706517681456636,1,0,0,1,0.0110123732449898,0.00201905395059489,0.00201905395059489,0.0019245705923845,0.0147002508946939,0.00221903743518915,0.00221903743518915,-0.00706467713701614,12.8933228060564,-0.960345454444971,18.3701844056375,-5.32959466068592,18.3701844056375,-5.32959466068592,12.505920184527,-20.8281955361757,1.30104260698261e-18,-4.06497504458866e-20,-7.93805391219987e-20,0,0,0,0.0110124244131944,0.00192426675443054,0.00201889622432736,0.0147006014428568,-0.00706517681456636,0.0022188640864324,3.30111890448273e-12,1.04347456031578e-08,1.50955738153028e-12,5.008844946107e-20,6.93889390390723e-18,3.16407882719404e-14
NC_k0060,-0.00855263157894737,-0.00855263157894737,0.29973415437445,70.8587102790022,133.769158544121,68.9399584892537,141.996858351091,-65.7667711447048,-137.465949570797,-69.0759968043064,-139.196217244234,1,640,0.476485852377746,0.300976338679221,0.256562523048796,0.589483392230141,-7.31075460264167e-19,-8.0225931505803e-19,0,-5.98614065692375e-20,0.00126815743792645,0.000214160835236954,1,-1.06487084871344e-19,9.91970484996713e-21,1,0.0110124244131944,0.00201889622432736,0.00201889622432736,0.00192426675443054,0.0147006014428568,0.0022188640864324,0.0022188640864324,-0.00706517681456636,1,0,0,1,0.0110123732449898,0.00201905395059489,0.00201905395059489,0.0019245705923845,0.0147002508946939,0.00221903743518915,0.00221903743518915,-0.00706467713701614,12.997039639042,-0.881023522968782,18.2668150626089,-5.30079016519811,18.2668150626089,-5.30079016519811,12.5064050122753,-20.7946629821589,6.50521303491303e-19,-6.50205538259437e-20,-1.19209851523218e-19,0,0,0,0.0110124244131944,0.00192426675443054,0.00201889622432736,0.0147006014428568,-0.00706517681456636,0.0022188640864324,2.01333647218502e-12,8.23994861325316e-09,1.57241551043715e-12,1.06487084871344e-19,1.73472347597681e-18,2.03721416005532e-15
NC_k0060,0.00394736842105262,0.00394736842105262,0.299695639818698,69.4357856466524,139.765526784632,70.323170850627,135.96511758634,-68.1676361639997,-138.708716416658,-66.632292538068,-137.917677874013,1,640,-0.219181567983511,-0.139471037509652,-0.11835535981275,-0.271834634746818,-4.01242154092322e-19,-1.40041677705228e-18,0,-1.60390982518522e-18,0.00126789729437089,0.000214516392542707,1,-1.11133438484013e-19,-3.63906902114411e-20,1,0.0110124244131944,0.00201889622432736,0.00201889622432736,0.00192426675443054,0.0147006014428568,0.0022188640864324,0.0022188640864324,-0.00706517681456636,1,0,0,1,0.0110123732449898,0.00201905395059489,0.00201905395059489,0.0019245705923845,0.0147002508946939,0.00221903743518915,0.00221903743518915,-0.00706467713701614,13.0137104840646,-0.869393529535329,18.2506550115108,-5.2963417164577,18.2506550115108,-5.2963417164577,12.5074545239692,-20.7897565008922,1.40946282423116e-18,-3.32285697042726e-20,-2.16522471488276e-19,0,0,0,0.0110124244131944,0.00192426675443054,0.00201889622432736,0.0147006014428568,-0.00706517681456636,0.0022188640864324,9.21841468514626e-12,5.49503148317693e-09,2.25355538341427e-12,1.11133438484013e-19,6.93889390390723e-18,3.51927667026437e-15
NC_k0060,0.0164473684210526,0.0164473684210526,0.299872966748051,68.1434101303105,145.827086260114,71.807351073074,130.054794231739,-70.625500251569,-140.1112559414,-64.3816206277696,-136.667478703116,1,640,-0.927687716087682,-0.568611038463763,-0.493778589001983,-1.13568815140616,-7.69092681217104e-19,-1.24613766664379e-18,0,2.976314957974e-18,0.00126906311003519,0.000212949469894923,1,-1.28059305793991e-19,2.9938942019301e-20,1,0.0110124244131944,0.00201889622432736,0.00201889622432736,0.00192426675443054,0.0147006014428568,0.0022188640864324,0.0022188640864324,-0.00706517681456636,1,0,0,1,0.0110123732449898,0.00201905395059489,0.00201905395059489,0.0019245705923845,0.0147002508946939,0.00221903743518915,0.00221903743518915,-0.00706467713701614,12.9409438028662,-0.922316151924051,18.3220077238793,-5.31608306829782,18.3220077238793,-5.31608306829782,12.5047407572615,-20.8120722973724,1.0842021724855e-18,-1.13765607329774e-19,-2.19652582928541e-19,0,0,0,0.0110124244131944,0.00192426675443054,0.00201889622432736,0.0147006014428568,-0.00706517681456636,0.0022188640864324,1.259706185858e-12,1.25894708509957e-08,5.91523850705786e-13,1.28059305793991e-19,5.20417042793042e-18,2.6101293519344e-14
NC_k0060,0.0289473684210526,0.0289473684210526,0.30037453862188,67.1066073585541,151.841066274178,73.4632467876729,124.355857878918,-72.9990988729917,-141.880976028015,-62.6574443579103,-135.217421212468,1,640,-1.68377014012414,-0.936004350253719,-0.864525581824708,-2.00274796634748,-1.63138545641178e-18,-3.30316379649575e-19,0,-4.88850507129039e-18,0.00127174843399348,0.000209569815944605,1,-1.12053191995064e-19,-8.3192890820707e-20,1,0.0110124244131944,0.00201889622432736,0.00201889622432736,0.00192426675443054,0.0147006014428568,0.0022188640864324,0.0022188640864324,-0.00706517681456636,1,0,0,1,0.0110123732449898,0.00201905395059489,0.00201905395059489,0.0019245705923845,0.0147002508946939,0.00221903743518915,0.00221903743518915,-0.00706467713701614,12.7909430153319,-1.05320476624011,18.4814276580251,-5.36120171086812,18.4814276580251,-5.36120171086812,12.5183121934195,-20.8701975181207,1.0842021724855e-18,1.76799448686834e-19,6.64884854331509e-19,0,0,0,0.0110124244131944,0.00192426675443054,0.00201889622432736,0.0147006014428568,-0.00706517681456636,0.0022188640864324,1.0125754267916e-12,8.97807684150585e-09,3.54003577156146e-12,1.12053191995064e-19,6.93889390390723e-18,3.41891926822411e-14
NC_k0061,-0.0335526315789474,-0.0335526315789474,0.210645701190807,58.5019603650868,-34.2092532016578,59.1391081483607,-51.382623194309,-43.4653391366299,45.6570261217012,-68.34200907304,38.4608144536583,1,640,-7.83697034419298,-2.65383509490826,-3.46196579490342,-2.93119716423858,2.45607790968225e-18,-2.20890310776161e-19,0,2.07185582387382e-19,0.00195394475420046,-0.000217225419410289,1,-9.46729433529234e-20,1.16413114067048e-20,1,0.0144410819694882,-0.00741668693217575,-0.00741668693217575,0.0110534261280014,-0.00211563498216453,-0.00256145906364691,-0.00256145906364691,0.00179796924916267,1,0,0,1,0.0144412647741407,-0.00741726636084233,-0.00741726636084233,0.0110537412629602,-0.00211556164678631,-0.00256165917763626,-0.00256165917763626,0.0017978897093756,12.0124849941447,-24.2911643834397,-7.14295830161502,-2.78945622070911,-7.14295830161502,-2.78945622070911,-4.94748550136352,5.88684619717929,1.73472347597681e-18,5.67460900260874e-19,1.68415574436037e-19,0,0,0,0.0144410819694882,0.0110534261280014,-0.00741668693217575,-0.00211563498216453,0.00179796924916267,-0.00256145906364692,6.81974462810842e-13,1.15587798746686e-08,2.13283888298951e-12,9.46729433529234e-20,4.33680868994202e-18,9.24985127729816e-14
NC_k0061,-0.0210526315789474,-0.0210526315789474,0.210129065487059,57.938643813463,-36.4345153330105,57.5546517937146,-47.8246060214171,-46.7090095117988,44.120844725064,-62.9569681421466,38.6925723976049,1,640,-5.08423110209401,-1.71257890099561,-2.24294730101955,-1.84113024189675,1.35187781870766e-19,8.07923847892793e-20,0,-2.60727329076714e-19,0.00194898041177809,-0.000215583172107406,1,2.72967895799331e-20,-4.49206015140687e-20,1,0.0144410819694883,-0.00741668693217575,-0.00741668693217575,0.0110534261280014,-0.00211563498216453,-0.00256145906364691,-0.00256145906364691,0.00179796924916267,1,0,0,1,0.0144412647741407,-0.00741726636084233,-0.00741726636084233,0.0110537412629602,-0.00211556164678631,-0.00256165917763626,-0.00256165917763626,0.0017978897093756,12.0901339442267,-24.1852587801136,-7.00272918466843,-2.79905177352088,-7.00272918466843,-2.79905177352088,-5.02292957591406,5.80664998960805,2.60208521396521e-18,-2.4607881735467e-19,-5.3801306006825e-20,0,0,0,0.0144410819694882,0.0110534261280014,-0.00741668693217575,-0.00211563498216453,0.00179796924916267,-0.00256145906364692,4.26075668503031e-13,1.28147079439842e-08,3.34123427468612e-12,4.49206015140687e-20,8.67361737988404e-18,1.13331698415973e-13
NC_k0061,-0.00855263157894737,-0.00855263157894737,0.210000438453038,57.261551839809,-39.324856974541,56.9222413747143,-44.0886207339279,-50.8094987824973,42.1957868167651,-57.5518754678097,39.78485765489,1,640,-2.09391810500943,-0.702308683433271,-0.922754840186094,-0.746831842410771,3.52425263061893e-19,-2.46172259018231e-19,0,2.75757531679048e-18,0.00194627323934531,-0.000214818238232944,1,2.41114365997614e-20,-3.86757069669649e-20,1,0.0144410819694882,-0.00741668693217575,-0.00741668693217575,0.0110534261280014,-0.00211563498216453,-0.00256145906364691,-0.00256145906364691,0.00179796924916267,1,0,0,1,0.0144412647741407,-0.00741726636084233,-0.00741726636084233,0.0110537412629602,-0.00211556164678631,-0.00256165917763626,-0.00256165917763626,0.0017978897093756,12.1445442535568,-24.1502778326619,-6.92467907063514,-2.80529756257089,-6.92467907063514,-2.80529756257089,-5.06149205026779,5.7592126880816,1.95156391047391e-18,4.69872684133579e-21,2.51205578383767e-20,0,0,0,0.0144410819694882,0.0110534261280014,-0.00741668693217575,-0.00211563498216453,0.00179796924916267,-0.00256145906364692,1.10157094990629e-12,6.73808256385724e-09,2.48932061108508e-12,3.86757069669649e-20,4.33680868994202e-18,9.93911870694524e-14
NC_k0061,0.00394736842105262,0.00394736842105262,0.209987205356207,56.8998721032822,-42.740298174518,57.0696072530492,-40.5322031876398,-55.6349011192267,40.357486856431,-52.5131765656236,41.4846707211705,1,640,0.968214690021269,0.324485867010835,0.426591183820594,0.344518215492925,3.58407433251876e-19,6.82427314078698e-19,0,1.12806259728552e-18,0.0019458537703664,-0.00021470768612247,1,5.06120593344489e-20,-2.11717237859388e-20,1,0.0144410819694882,-0.00741668693217575,-0.00741668693217575,0.0110534261280014,-0.00211563498216453,-0.00256145906364691,-0.00256145906364691,0.00179796924916267,1,0,0,1,0.0144412647741407,-0.00741726636084233,-0.00741726636084233,0.0110537412629602,-0.00211556164678631,-0.00256165917763626,-0.00256165917763626,0.0017978897093756,12.1535944740103,-24.1459851683243,-6.91235524661673,-2.80628972211598,-6.91235524661673,-2.80628972211598,-5.06715485121359,5.75146506224754,1.73472347597681e-18,1.16986759075779e-18,8.51959215448559e-20,0,0,0,0.0144410819694882,0.0110534261280014,-0.00741668693217575,-0.00211563498216453,0.00179796924916267,-0.00256145906364692,3.0246869052275e-12,1.20577955093536e-08,3.75400607409108e-12,5.06120593344489e-20,3.46944695195361e-18,6.84679247219231e-14
NC_k0061,0.0164473684210526,0.0164473684210526,0.210059568568368,57.2155978788071,-46.4489461659892,57.6802083970323,-37.4283174415813,-60.9461169631411,39.0061413053465,-48.125803727996,43.4319775556891,1,640,3.99908060841744,1.34445856811507,1.76336792825574,1.43762459505447,8.30730871742105e-19,-1.1910573640151e-19,0,3.57348642067808e-19,0.00194771742752482,-0.000215214498909987,1,1.23728082788189e-20,-2.771096593021e-20,1,0.0144410819694883,-0.00741668693217575,-0.00741668693217575,0.0110534261280014,-0.00211563498216453,-0.00256145906364691,-0.00256145906364691,0.00179796924916267,1,0,0,1,0.0144412647741407,-0.00741726636084233,-0.00741726636084233,0.0110537412629602,-0.00211556164678631,-0.00256165917763626,-0.00256165917763626,0.0017978897093756,12.1147089107263,-24.1673124013681,-6.96657045812495,-2.80192020320357,-6.96657045812495,-2.80192020320357,-5.04135243568364,5.78499798009775,1.95156391047391e-18,4.3504336199496e-19,5.03906260020998e-20,0,0,0,0.0144410819694882,0.0110534261280014,-0.00741668693217575,-0.00211563498216453,0.00179796924916267,-0.00256145906364692,6.01990267845558e-13,1.09425155229679e-08,3.30853216429539e-12,2.771096593021e-20,3.46944695195361e-18,3.19759263753609e-14
NC_k0061,0.0289473684210526,0.0289473684210526,0.210371568083422,58.4426368950678,-50.1162862075832,58.3287412583532,-34.9437915985258,-66.3874296012825,38.4349725391985,-44.5531775843927,45.1612826410159,1,640,6.86648135329072,2.32089204364622,3.03183322098918,2.53183055537481,2.2208889548375e-19,1.22265566341463e-19,0,-1.3758329692472e-19,0.00195186637257434,-0.000216494274093026,1,-9.63683548301876e-20,4.37427854781248e-20,1,0.0144410819694882,-0.00741668693217575,-0.00741668693217575,0.0110534261280014,-0.00211563498216453,-0.00256145906364691,-0.00256145906364691,0.00179796924916267,1,0,0,1,0.0144412647741407,-0.00741726636084233,-0.00741726636084233,0.0110537412629602,-0.00211556164678631,-0.00256165917763626,-0.00256165917763626,0.0017978897093756,12.040710146668,-24.2388219425529,-7.08423299901278,-2.79296117115055,-7.08423299901278,-2.79296117115055,-4.97925571873408,5.85376332785251,1.73472347597681e-18,5.54479214960168e-19,2.14287561569453e-19,0,0,0,0.0144410819694882,0.0110534261280014,-0.00741668693217575,-0.00211563498216453,0.00179796924916267,-0.00256145906364692,6.86459720900519e-13,9.98376923186773e-09,3.11715748256161e-12,9.63683548301876e-20,4.33680868994202e-18,2.38276350832486e-13
NC_k0062,-0.0335526315789474,-0.0335526315789474,0.724801248445895,38.6738447999423,-91.4878405251495,34.1716284468414,-133.210527943472,-32.1212534700237,106.648569938074,-40.3764996403034,115.850812743924,1,640,-17.6380504191949,2.66847023135632,-4.93996146198685,-4.63197098862009,1.71865631975858e-18,-1.63847935734504e-20,0,-2.6051027688398e-18,-0.000219912802721228,-0.00019470960508549,1,-1.12550591900884e-19,3.0319505402478e-20,1,0.000514545245127707,-0.016965264742165,-0.016965264742165,-0.00641988876246026,-0.00428897221301671,0.00241466856620862,0.00241466856620862,0.00681719566742372,1,0,-1.0842021724855e-19,1,0.000514352137593215,-0.016966590153473,-0.016966590153473,-0.00641981099366633,-0.00428873060599312,0.00241485721219036,0.00241485721219036,0.00681700343976447,5.19786241107386,-53.8706723216971,-17.7553593207595,-4.35405841458546,-17.7553593207595,-4.35405841458546,10.5872922935076,16.5196014963517,3.90312782094782e-18,5.95528374585188e-19,-4.01606085505e-19,0,0,0,0.000514545245127712,-0.00641988876246026,-0.016965264742165,-0.00428897221301671,0.00681719566742371,0.00241466856620863,2.1814139446805e-13,1.69144655268667e-08,2.192894545532e-12,1.12550591900884e-19,1.04083408558608e-17,1.22540961622864e-15
NC_k0062,-0.0210526315789474,-0.0210526315789474,0.722506263974977,36.7445291627201,-99.1488458361807,32.9791475489601,-125.888968707327,-32.0964241062486,109.108817238125,-37.3281601483354,113.73675896321,1,640,-11.2504606953393,1.60328606016827,-3.18356762960644,-2.90391247930436,1.00119294365458e-18,-1.98139535208502e-19,0,2.5098645018329e-18,-0.000222993696255004,-0.000194709914328284,1,4.52283267645211e-20,6.06637418475976e-20,1,0.000514545245127708,-0.016965264742165,-0.016965264742165,-0.00641988876246026,-0.00428897221301671,0.00241466856620862,0.00241466856620862,0.00681719566742371,1,0,-1.0842021724855e-19,1,0.000514352137593215,-0.016966590153473,-0.016966590153473,-0.00641981099366633,-0.00428873060599312,0.00241485721219036,0.00241485721219036,0.00681700343976447,4.95298121108569,-53.9574758729802,-17.496891932431,-4.365738131805,-17.496891932431,-4.365738131805,10.5381901745701,16.4651362717394,3.03576608295941e-18,4.35089239874891e-19,1.14879891466187e-19,0,0,0,0.000514545245127712,-0.00641988876246026,-0.016965264742165,-0.00428897221301671,0.00681719566742371,0.00241466856620863,1.58918217419933e-13,1.22018360878288e-08,1.58173201386832e-12,6.06637418475976e-20,6.93889390390723e-18,3.08862135979191e-14
NC_k0062,-0.00855263157894737,-0.00855263157894737,0.721581915755664,34.7164461795334,-107.053128749,32.9935810218722,-118.031228717193,-32.6412609780939,110.635098830652,-34.7963897833707,112.260241774054,1,640,-4.59364109892803,0.636479254700462,-1.30586340859511,-1.17582482053784,3.24651846814812e-19,-2.73406353505927e-19,0,5.41524045047435e-18,-0.000224643393307494,-0.000195095157573922,1,2.40796494500643e-19,1.58398985249878e-20,1,0.000514545245127711,-0.016965264742165,-0.016965264742165,-0.00641988876246026,-0.00428897221301671,0.00241466856620862,0.00241466856620862,0.00681719566742371,1,0,-1.0842021724855e-19,1,0.000514352137593215,-0.016966590153473,-0.016966590153473,-0.00641981099366633,-0.00428873060599312,0.00241485721219036,0.00241485721219036,0.00681700343976447,4.82761051097164,-54.0465525247644,-17.3534421040547,-4.37453243284057,-17.3534421040547,-4.37453243284057,10.5224404678287,16.4293934674071,3.03576608295941e-18,-1.88546088763875e-19,-4.91959112547166e-20,0,0,0,0.000514545245127712,-0.00641988876246026,-0.016965264742165,-0.00428897221301671,0.00681719566742371,0.00241466856620863,1.15178324388214e-12,5.51490850933308e-09,8.59637639587122e-13,2.40796494500643e-19,6.93889390390723e-18,4.26191082545509e-14
NC_k0062,0.00394736842105262,0.00394736842105262,0.721449286161488,33.2843123324878,-115.076659117948,34.0926743741079,-110.002165925986,-34.0531378703745,111.811499659272,-33.0559687786254,111.079148586802,1,640,2.1213291511357,-0.292757520550414,0.603428638093143,0.54222209648328,9.499739201253e-19,1.78866888680507e-18,0,7.30777675243648e-19,-0.000224894893959814,-0.00019517862530411,1,3.37677239512288e-19,7.18710242651275e-21,1,0.000514545245127712,-0.016965264742165,-0.016965264742165,-0.00641988876246026,-0.00428897221301671,0.00241466856620862,0.00241466856620862,0.00681719566742371,1,0,-1.0842021724855e-19,1,0.000514352137593215,-0.016966590153473,-0.016966590153473,-0.00641981099366633,-0.00428873060599312,0.00241485721219036,0.00241485721219036,0.00681700343976447,4.80859624890819,-54.0624011924485,-17.3307199560714,-4.37598206845726,-17.3307199560714,-4.37598206845726,10.520632308461,16.4231070482932,3.46944695195361e-18,-4.91565190109381e-19,2.4460064309085e-19,0,0,0,0.000514545245127712,-0.00641988876246026,-0.016965264742165,-0.00428897221301671,0.00681719566742371,0.00241466856620863,1.3994699343373e-12,1.30894036238477e-08,1.97923484065143e-12,3.37677239512288e-19,1.04083408558608e-17,9.69493655243962e-15
NC_k0062,0.0164473684210526,0.0164473684210526,0.722058922136576,32.847122240539,-123.03567532584,35.9645504093592,-102.041976554673,-36.3172187477419,113.136870378867,-32.2066739659491,109.751204821341,1,640,8.81311822438956,-1.2390979042147,2.4994267056577,2.26573523932102,3.31653103519461e-18,3.08161174122955e-19,0,2.33781093442187e-18,-0.000223766422404836,-0.000194856727168246,1,3.20424457357026e-19,-8.56990100518065e-21,1,0.000514545245127709,-0.016965264742165,-0.016965264742165,-0.00641988876246026,-0.00428897221301671,0.00241466856620863,0.00241466856620863,0.00681719566742371,1,0,-1.0842021724855e-19,1,0.000514352137593215,-0.016966590153473,-0.016966590153473,-0.00641981099366633,-0.00428873060599312,0.00241485721219036,0.00241485721219036,0.00681700343976447,4.89378453288694,-53.996260537536,-17.4304984980589,-4.3696995930249,-17.4304984980589,-4.3696995930249,10.5299788724147,16.4494259064884,3.90312782094782e-18,4.03308077184171e-19,-5.95274361712531e-20,0,0,0,0.000514545245127712,-0.00641988876246026,-0.016965264742165,-0.00428897221301671,0.00681719566742371,0.00241466856620863,6.45994246908238e-13,8.85166242392295e-09,8.22583222265787e-13,3.20424457357026e-19,1.04083408558608e-17,9.53299314176191e-15
NC_k0062,0.0289473684210526,0.0289473684210526,0.723700672278101,33.5959305336455,-130.599899301724,38.0284005412289,-94.2660285345048,-39.2165168208949,114.978233439541,-32.0791434073472,107.690415146441,1,640,15.3424190402948,-2.26112512661459,4.31682699151436,3.99860982741724,9.6230883741969e-19,1.73959391542352e-18,0,3.6861153328833e-18,-0.00022120907624676,-0.000194586305581878,1,1.64068286066836e-19,6.25701915800593e-21,1,0.000514545245127707,-0.016965264742165,-0.016965264742165,-0.00641988876246026,-0.00428897221301671,0.00241466856620862,0.00241466856620862,0.00681719566742371,1,0,-1.0842021724855e-19,1,0.000514352137593215,-0.016966590153473,-0.016966590153473,-0.00641981099366633,-0.00428873060599312,0.00241485721219036,0.00241485721219036,0.00681700343976447,5.09264092495415,-53.8918777507697,-17.6466298623755,-4.35790000130275,-17.6466298623755,-4.35790000130275,10.5631720980063,16.4971671243448,3.90312782094782e-18,5.45699972770937e-19,1.96404040340923e-20,0,0,0,0.000514545245127712,-0.00641988876246026,-0.016965264742165,-0.00428897221301671,0.00681719566742371,0.00241466856620863,1.80096962312795e-13,1.25215896143295e-08,1.33741790797511e-12,1.64068286066836e-19,1.04083408558608e-17,2.14772805113263e-15
NC_k0063,-0.0335526315789474,-0.0335526315789474,0.425589239990606,93.7157660473006,-1.60579428912282,98.901928094851,-27.6525061328362,-78.7586263528206,6.70433466577533,-106.738980172404,21.8526228100622,1,640,-7.70662617940595,10.7241362304757,0.995778316852998,-3.34379221866555,-1.15786756911703e-18,-5.56474176566474e-19,0,6.62929012679598e-19,0.00151961278235638,0.000344215805578596,1,-2.835334202906e-20,-6.59823650432639e-20,1,0.0132846561620654,-0.00985628380372969,-0.00985628380372969,-0.00177196758404015,0.00616208488741967,0.00847158768275763,0.00847158768275763,0.00367323060679951,1,5.42101086242752e-20,-1.0842021724855e-19,1,0.0132844745159822,-0.00985705382590186,-0.00985705382590187,-0.00177156108075821,0.00616213232498737,0.00847224952554534,0.00847224952554534,0.00367337526523754,17.2846745375036,-34.2584608492292,-2.97208860201056,-6.75573206864813,-2.97208860201056,-6.75573206864813,36.371455755426,2.73703967757535,2.60208521396521e-18,7.57648595151963e-19,-8.08495016550019e-19,0,0,0,0.0132846561620654,-0.00177196758404015,-0.0098562838037297,0.00616208488741966,0.0036732306067995,0.00847158768275763,4.79696387321529e-13,2.49850608358914e-08,1.70998049852288e-12,6.59823650432639e-20,6.93889390390723e-18,8.25644904231174e-14
NC_k0063,-0.0210526315789474,-0.0210526315789474,0.424887732180776,93.6609129369304,-7.05148833788345,96.5005373854692,-23.8569046665582,-82.4358947815501,10.4841228387434,-100.59349747974,19.7706078087875,1,640,-4.91868500279026,6.84236603186344,0.634814739594144,-2.11596071860422,-7.04824056344184e-19,-9.13604442952568e-19,0,-1.01058971541319e-18,0.00151320243021627,0.000346912707412626,1,-2.30328368103284e-20,1.93457894142955e-19,1,0.0132846561620654,-0.00985628380372969,-0.00985628380372969,-0.00177196758404015,0.00616208488741967,0.00847158768275763,0.00847158768275763,0.0036732306067995,1,5.42101086242752e-20,-1.0842021724855e-19,1,0.0132844745159822,-0.00985705382590186,-0.00985705382590187,-0.00177156108075821,0.00616213232498737,0.00847224952554534,0.00847224952554534,0.00367337526523754,17.2812778230536,-34.1581096007973,-2.84893739667975,-6.73064054772974,-2.84893739667975,-6.73064054772974,36.3318086425624,2.8061640888563,2.05998412772246e-18,-1.02513040989528e-19,-3.08661236419427e-20,0,0,0,0.0132846561620654,-0.00177196758404015,-0.0098562838037297,0.00616208488741966,0.0036732306067995,0.00847158768275763,4.34849245442239e-13,2.48934198488139e-08,3.6914039172632e-13,1.93457894142955e-19,5.20417042793042e-18,2.63910951044903e-14
NC_k0063,-0.00855263157894737,-0.00855263157894737,0.424944150086135,93.8816855100576,-12.4568938649629,94.9314578756293,-19.3710641584759,-87.0856376595996,13.7455511421701,-94.5910366341033,17.4507132045111,1,640,-2.00721846982312,2.7974584512618,0.260779193874775,-0.8621727039744,1.29808460911212e-18,-3.18749085963634e-18,0,8.9289184041424e-20,0.0015099119253995,0.000348225945331616,1,2.13767616655925e-20,1.15119815233325e-19,1,0.0132846561620654,-0.00985628380372969,-0.00985628380372969,-0.00177196758404015,0.00616208488741966,0.00847158768275763,0.00847158768275763,0.0036732306067995,1,5.42101086242752e-20,-1.0842021724855e-19,1,0.0132844745159822,-0.00985705382590186,-0.00985705382590187,-0.00177156108075821,0.00616213232498737,0.00847224952554534,0.00847224952554534,0.00367337526523754,17.3023669527229,-34.1347211697085,-2.77963171443494,-6.72256203978404,-2.77963171443494,-6.72256203978404,36.3499780543783,2.83643318106729,2.16840434497101e-18,5.42107002986109e-19,1.20726721797413e-19,0,0,0,0.0132846561620654,-0.00177196758404015,-0.0098562838037297,0.00616208488741966,0.0036732306067995,0.00847158768275763,1.6687524963376e-12,1.27780229104901e-08,1.452288016376e-12,1.15119815233325e-19,6.93889390390723e-18,5.23832876372633e-14
NC_k0063,0.00394736842105262,0.00394736842105262,0.424976309301488,94.5389682915238,-17.5837689677149,94.0617057782941,-14.3867768847502,-92.4683161337075,16.5238422593232,-88.9953715026752,14.8190175801795,1,640,0.926744047938182,-1.29214500012319,-0.12058231422107,0.398060981284841,2.1429089841309e-18,-8.5779291266239e-19,0,-3.60558102844514e-19,0.00150941759139018,0.000348419129882642,1,1.99632391987146e-19,1.00335597853481e-19,1,0.0132846561620654,-0.00985628380372969,-0.00985628380372969,-0.00177196758404015,0.00616208488741966,0.00847158768275763,0.00847158768275763,0.0036732306067995,1,5.42101086242752e-20,-1.0842021724855e-19,1,0.0132844745159822,-0.00985705382590186,-0.00985705382590187,-0.00177156108075821,0.00616213232498737,0.00847224952554534,0.00847224952554534,0.00367337526523754,17.3069335793609,-34.132671481535,-2.76869643138548,-6.7215899520495,-2.76869643138548,-6.7215899520495,36.3550024454578,2.84056345314597,2.27682456221956e-18,3.31176298334146e-19,2.54549512203033e-19,0,0,0,0.0132846561620654,-0.00177196758404015,-0.0098562838037297,0.00616208488741966,0.0036732306067995,0.00847158768275763,2.76828650244266e-12,1.63148504392482e-08,1.46635270667245e-12,1.99632391987146e-19,6.93889390390723e-18,1.21478231880558e-14
NC_k0063,0.0164473684210526,0.0164473684210526,0.424881301908135,95.8296441463545,-22.2739427565743,93.703877707708,-9.0644865605965,-98.3515106515445,18.9457142827544,-84.0495435472204,11.7495672584996,1,640,3.85235904241008,-5.36275048836757,-0.498429177166024,1.65563939190725,1.44863809804167e-18,3.76741726092992e-18,0,-1.1466046778965e-19,0.00151164669386595,0.000347540852373226,1,1.50676146284963e-19,1.20221525967143e-19,1,0.0132846561620654,-0.00985628380372969,-0.00985628380372969,-0.00177196758404015,0.00616208488741966,0.00847158768275763,0.00847158768275763,0.0036732306067995,1,5.42101086242752e-20,-1.0842021724855e-19,1,0.0132844745159822,-0.00985705382590186,-0.00985705382590187,-0.00177156108075821,0.00616213232498737,0.00847224952554534,0.00847224952554534,0.00367337526523754,17.2893049232206,-34.1449595335399,-2.81684205750013,-6.72643427589875,-2.81684205750013,-6.72643427589875,36.3372019349356,2.82108722037937,2.16840434497101e-18,-2.09342474611612e-19,-2.44309949170125e-20,0,0,0,0.0132846561620654,-0.00177196758404015,-0.0098562838037297,0.00616208488741966,0.0036732306067995,0.00847158768275763,8.12365810805277e-13,1.14589382369947e-08,1.03849538004777e-12,1.50676146284963e-19,5.20417042793042e-18,1.22811905167492e-14
NC_k0063,0.0289473684210526,0.0289473684210526,0.425147845032674,97.9161661168399,-26.3477604893517,93.6643181572058,-3.5916192955764,-104.475417730097,21.1111227639274,-79.9811578873241,8.14490139634497,1,640,6.70731481313121,-9.32617941702494,-0.864225319284955,2.89678317723686,3.92282133697148e-20,-3.22775139441052e-18,0,-7.89178280851116e-19,0.00151687339303071,0.000345393463208878,1,-7.98122032257886e-20,-7.21024766644952e-20,1,0.0132846561620654,-0.00985628380372969,-0.00985628380372969,-0.00177196758404015,0.00616208488741966,0.00847158768275763,0.00847158768275763,0.0036732306067995,1,5.42101086242752e-20,-1.0842021724855e-19,1,0.0132844745159822,-0.00985705382590186,-0.00985705382590187,-0.00177156108075821,0.00616213232498737,0.00847224952554534,0.00847224952554534,0.00367337526523754,17.2758591547806,-34.2055119300404,-2.92088769146689,-6.74334222216121,-2.92088769146689,-6.74334222216121,36.3419089938426,2.7677067604557,2.38524477946811e-18,4.47954834885597e-19,8.13178882268857e-20,0,0,0,0.0132846561620654,-0.00177196758404015,-0.0098562838037297,0.00616208488741966,0.0036732306067995,0.00847158768275763,5.15221189269217e-13,1.43687785846284e-08,1.64732421069719e-12,7.98122032257886e-20,6.93889390390723e-18,4.51768921104118e-14
