LoadCase,zeta1,zeta2,ALLSE,RF_LEFT_x,RF_LEFT_y,RF_RIGHT_x,RF_RIGHT_y,RF_BOTTOM_x,RF_BOTTOM_y,RF_TOP_x,RF_TOP_y,Volume,nBndNodes,Savg_11,Savg_22,Savg_33,Savg_12,Eavg_11,Eavg_22,Eavg_33,Eavg_12,Uavg_1,Uavg_2,Fbar_11,Fbar_12,Fbar_21,Fbar_22,G111,G112,G121,G122,G211,G212,G221,G222,Fbar_11_int,Fbar_12_int,Fbar_21_int,Fbar_22_int,G111_int,G112_int,G121_int,G122_int,G211_int,G212_int,G221_int,G222_int,Q111,Q112,Q121,Q122,Q211,Q212,Q221,Q222,fitResidMax,c1_fit,c2_fit,H11,H22,H12,G1_11,G1_22,G1_12,G2_11,G2_22,G2_12,HillResid,QSymResid,ForceBalanceResid,KubcErrF,KubcErrG,EnergyConsistencyResid
NC_k0000,-0.0191729323308271,-0.0191729323308271,0.331055429714402,42.0620017504359,-0.546391269207594,50.2677723496442,-3.89765398951151,-40.6313475701122,-3.60732585744949,-54.3784161233303,10.5749366814254,1,1120,7.3726608013599,-1.45469728028605,1.9529279619544,-0.946150409428463,-7.40763399598388e-19,6.78079652779119e-19,0,-2.71556777656259e-19,-0.00154030938344877,0.000840760323758739,1,9.11768591496987e-20,-2.16472843228392e-21,1,-0.00523340711650885,0.0100210450899222,0.0100210450899222,-0.0151659745678761,0.00104088811922811,-0.00481258406506862,-0.00481258406506862,0.00423543471264215,1,-4.33680868994202e-19,0,1,-0.00523353551101327,0.0100213007288275,0.0100213007288275,-0.0151659762714692,0.00104092531762103,-0.00481270683507028,-0.00481270683507028,0.00423543116426729,5.00093734611552,35.7323232143903,3.1549912354025,-10.7585335978114,3.1549912354025,-10.7585335978114,-14.8049837009187,2.15256693030623,2.16840434497101e-18,-1.02517662917414e-18,8.64014275432324e-20,0,0,0,-0.00523340711650885,-0.0151659745678761,0.0100210450899222,0.00104088811922811,0.00423543471264215,-0.00481258406506862,5.29943933883433e-13,8.50460876092779e-09,6.46412184623946e-12,9.11768591496987e-20,2.60208521396521e-18,8.83670046557169e-14
NC_k0000,-0.0120300751879699,-0.0120300751879699,0.329237119204117,44.5225599063449,-1.02660423170557,49.7130882965514,-2.89848976336682,-44.1043903638841,-1.41231164520064,-52.7838623396452,7.83986615722589,1,1120,4.71018456961932,-0.889838833893134,1.26071409278966,-0.595963981655643,-1.57536878532969e-18,-7.3495162861459e-19,0,-1.5599170514872e-18,-0.001538857505166,0.000838838756126222,1,3.45565271547804e-19,2.88300809218893e-20,1,-0.00523340711650885,0.0100210450899222,0.0100210450899222,-0.0151659745678761,0.00104088811922811,-0.00481258406506862,-0.00481258406506862,0.00423543471264215,1,-4.33680868994202e-19,0,1,-0.00523353551101327,0.0100213007288275,0.0100213007288275,-0.0151659762714692,0.00104092531762103,-0.00481270683507028,-0.00481270683507028,0.00423543116426729,4.96546098761011,35.6286255289827,3.11723962244274,-10.6557055126787,3.11723962244274,-10.6557055126787,-14.7666312402816,2.12267801652331,2.64274279543342e-18,-1.32057800753732e-18,3.76812821472601e-19,0,0,0,-0.00523340711650885,-0.0151659745678761,0.0100210450899222,0.00104088811922811,0.00423543471264215,-0.00481258406506862,1.3676186014088e-12,5.96144917707556e-09,1.18283964591656e-12,3.45565271547804e-19,3.46944695195361e-18,9.67794909752798e-14
NC_k0000,-0.00488721804511278,-0.00488721804511278,0.328389605201568,46.6248082112423,-1.46687741586068,48.7400030553522,-2.17618404451753,-47.2366335285242,1.15029810304103,-50.7641449333768,4.98281653659515,1,1120,1.92649127872346,-0.354374151319581,0.518798652043275,-0.242021687799259,-2.24588800731008e-18,-2.92485439770585e-18,0,-1.29529204736414e-18,-0.00153817157241966,0.000837947278639414,1,2.23194173382569e-19,-8.39774336253762e-20,1,-0.00523340711650886,0.0100210450899222,0.0100210450899222,-0.0151659745678761,0.00104088811922811,-0.00481258406506862,-0.00481258406506862,0.00423543471264215,1,-4.33680868994202e-19,0,1,-0.00523353551101327,0.0100213007288275,0.0100213007288275,-0.0151659762714692,0.00104092531762103,-0.00481270683507028,-0.00481270683507028,0.00423543116426729,4.94145623646227,35.5929754277638,3.09461710835295,-10.599750143162,3.09461710835295,-10.599750143162,-14.7543486706501,2.11414646559179,2.82909004382936e-18,2.36883733184322e-19,1.96433619844651e-19,0,0,0,-0.00523340711650885,-0.0151659745678761,0.0100210450899222,0.00104088811922811,0.00423543471264215,-0.00481258406506862,5.3089099882421e-12,2.48167341151045e-09,1.24035915593852e-11,2.23194173382569e-19,7.80625564189563e-18,1.99467819368637e-14
NC_k0000,0.00225563909774436,0.00225563909774436,0.328265098577712,48.2602168340945,-1.96178765216867,47.2828987320983,-1.63789240224351,-49.9031821066781,3.93140797118545,-48.2750889731729,2.15712686451135,1,1120,-0.88989167273322,0.162964997846349,-0.239885802712666,0.11169897837744,-1.49157208055562e-18,2.29822434505177e-18,0,2.31074558477913e-19,-0.00153807147735522,0.000837819813754645,1,3.36046212351924e-19,-9.34231370315079e-20,1,-0.00523340711650885,0.0100210450899222,0.0100210450899222,-0.0151659745678761,0.00104088811922811,-0.00481258406506862,-0.00481258406506862,0.00423543471264215,1,-4.33680868994202e-19,0,1,-0.00523353551101327,0.0100213007288275,0.0100213007288275,-0.0151659762714692,0.00104092531762103,-0.00481270683507028,-0.00481270683507028,0.00423543116426729,4.93738747753724,35.58854913635,3.09095770302877,-10.5909906477561,3.09095770302877,-10.5909906477561,-14.7529056785379,2.11331454426783,3.46944695195361e-18,-2.19089220542996e-18,5.48983477081366e-19,0,0,0,-0.00523340711650885,-0.0151659745678761,0.0100210450899222,0.00104088811922811,0.00423543471264215,-0.00481258406506862,8.25046026287481e-12,3.84315024724726e-09,7.33342368211988e-12,3.36046212351924e-19,2.60208521396521e-18,9.89262142426577e-14
NC_k0000,0.0093984962406015,0.0093984962406015,0.328831748777195,49.4091453228311,-2.60447465561056,45.3476684203916,-1.18792718691977,-52.0925597399913,6.79256362297316,-45.3087963425799,-0.503021286600521,1,1120,-3.69245237144039,0.689100991536371,-0.991105955368375,0.465620570496833,-7.5062339250002e-19,6.26758058853879e-19,0,-3.62559879926892e-19,-0.00153852864408924,0.000838407834598019,1,2.19832374059641e-19,2.59278631512058e-20,1,-0.00523340711650886,0.0100210450899222,0.0100210450899222,-0.0151659745678761,0.00104088811922811,-0.00481258406506862,-0.00481258406506862,0.00423543471264215,1,-4.33680868994202e-19,0,1,-0.00523353551101327,0.0100213007288275,0.0100213007288275,-0.0151659762714692,0.00104092531762103,-0.00481270683507028,-0.00481270683507028,0.00423543116426729,4.9547071778589,35.6104530697562,3.10689103132174,-10.6296747416483,3.10689103132174,-10.6296747416483,-14.7602736145801,2.11800719845727,2.60208521396521e-18,-5.10115167851874e-19,4.1865989435742e-19,0,0,0,-0.00523340711650885,-0.0151659745678761,0.0100210450899222,0.00104088811922811,0.00423543471264215,-0.00481258406506862,1.25499666007242e-12,2.8614689264274e-09,3.78378247510631e-12,2.19832374059641e-19,6.07153216591882e-18,8.74452556504048e-14
NC_k0000,0.0165413533834586,0.0165413533834586,0.330241954006231,50.1030435651768,-3.49384508942515,42.9962894963797,-0.734505933356005,-53.83550506172,9.59475012211435,-41.9330509778151,-2.85193964794199,1,1120,-6.41544650796664,1.2443719311926,-1.70645461033545,0.818219859604718,-1.80963295224961e-18,-2.3211812953871e-18,0,-7.4127294285572e-19,-0.00153966658173781,0.000839910179180658,1,1.33122275026125e-19,-6.80519171165665e-20,1,-0.00523340711650886,0.0100210450899222,0.0100210450899222,-0.0151659745678761,0.00104088811922811,-0.00481258406506862,-0.00481258406506862,0.00423543471264215,1,-4.33680868994202e-19,0,1,-0.00523353551101327,0.0100213007288275,0.0100213007288275,-0.0151659762714692,0.00104092531762103,-0.00481270683507028,-0.00481270683507028,0.00423543116426729,4.98731478580406,35.6817286262586,3.13967359603254,-10.7151123043079,3.13967359603254,-10.7151123043079,-14.7859294219781,2.1377870040106,2.60208521396521e-18,-7.41006287627685e-19,2.64618739261252e-19,0,0,0,-0.00523340711650885,-0.0151659745678761,0.0100210450899222,0.00104088811922811,0.00423543471264215,-0.00481258406506862,9.43459489239794e-13,3.50567734141359e-09,6.82375007491203e-12,1.33122275026125e-19,5.20417042793042e-18,7.39606408133492e-15
NC_k0001,-0.0191729323308271,-0.0191729323308271,0.212243722590423,113.975107029585,22.4038792089885,128.95345503763,17.3267795571721,-105.293318349972,-24.8840020224751,-133.836696706842,-17.0798125662462,1,1120,1.30512211159386,1.98120721699628,1.08448867843474,-1.79919987241885,-1.26538781385912e-19,-1.92357542726756e-19,0,-5.92340727926773e-19,0.00162421790964981,-0.00121279700976965,1,-1.67903570987728e-19,4.94160190594052e-20,1,0.0167936705423597,-0.000560010168439072,-0.000560010168439072,-0.00184734565890285,-0.00691428473759986,0.00121998686912674,0.00121998686912674,-0.00805919542814357,1,0,0,1,0.0167935993188025,-0.000560024454412757,-0.000560024454412757,-0.0018471791143962,-0.00691433978639306,0.00122001799124075,0.00122001799124075,-0.00805923587348408,21.3464762671845,-3.75300968087516,-0.24238726897112,-12.1626903037806,-0.24238726897112,-12.1626903037806,12.138775240504,-4.91970208645631,2.16840434497101e-18,1.16529363673521e-18,-1.1491921977762e-19,0,0,0,0.0167936705423597,-0.00184734565890285,-0.000560010168439073,-0.00691428473759986,-0.00805919542814356,0.00121998686912674,2.36949825190033e-12,2.97046174999202e-09,3.81215916496931e-12,1.67903570987728e-19,3.46944695195361e-18,1.53003457882957e-13
NC_k0001,-0.0120300751879699,-0.0120300751879699,0.211829771472145,116.160972854681,20.9329996177577,125.476846157148,17.7238571991497,-109.81839876559,-22.8782875297906,-128.016989867037,-17.9978503257191,1,1120,0.815426266415262,1.30116028588123,0.698473562257852,-1.12971242211569,-2.52605077205934e-18,-2.3882821866774e-18,0,-4.32794131377545e-19,0.00162197696388161,-0.00121147013190906,1,-1.61404804083211e-19,1.1741550740848e-19,1,0.0167936705423597,-0.000560010168439072,-0.000560010168439072,-0.00184734565890285,-0.00691428473759986,0.00121998686912674,0.00121998686912674,-0.00805919542814356,1,0,0,1,0.0167935993188025,-0.000560024454412757,-0.000560024454412757,-0.0018471791143962,-0.00691433978639306,0.00122001799124075,0.00122001799124075,-0.00805923587348408,21.3029754486704,-3.69910077146411,-0.211144398687672,-12.0882533253842,-0.211144398687672,-12.0882533253842,12.0301224393195,-4.96258459450333,1.30104260698261e-18,3.5537894842072e-19,-1.27705175211437e-18,0,0,0,0.0167936705423597,-0.00184734565890285,-0.000560010168439073,-0.00691428473759986,-0.00805919542814356,0.00121998686912674,5.10998047052449e-12,3.87098396443046e-09,7.1352788259741e-12,1.61404804083211e-19,3.46944695195361e-18,8.81816670976041e-14
NC_k0001,-0.00488721804511278,-0.00488721804511278,0.211725814853124,118.615078506845,19.6995775291662,122.371834647268,18.3912907730568,-114.87060863967,-21.1400768435993,-122.313798908171,-19.1629143018332,1,1120,0.331230155494419,0.540460572497019,0.287657940237175,-0.458018610825648,2.57958590130377e-18,2.030142759944e-18,0,-4.83033773061566e-19,0.00162079289768835,-0.00121077426766261,1,-1.98619247319397e-19,6.00323454723005e-20,1,0.0167936705423597,-0.000560010168439072,-0.000560010168439072,-0.00184734565890285,-0.00691428473759986,0.00121998686912674,0.00121998686912674,-0.00805919542814357,1,0,0,1,0.0167935993188025,-0.000560024454412757,-0.000560024454412757,-0.0018471791143962,-0.00691433978639306,0.00122001799124075,0.00122001799124075,-0.00805923587348408,21.290384491498,-3.67502581595991,-0.193979038658036,-12.0499021369707,-0.193979038658036,-12.0499021369707,11.9839170720915,-4.99059569023261,2.60208521396521e-18,1.06614462286169e-18,-2.98741216005853e-19,0,0,0,0.0167936705423597,-0.00184734565890285,-0.000560010168439073,-0.00691428473759986,-0.00805919542814356,0.00121998686912674,1.64239744568661e-11,2.60266386218763e-09,5.38140744052691e-12,1.98619247319397e-19,3.46944695195361e-18,1.32927360292705e-13
NC_k0001,0.00225563909774436,0.00225563909774436,0.211715271503899,121.309696679673,18.6996274148686,119.578507027625,19.3037723728465,-120.261220606477,-19.6515754277622,-116.82301638355,-20.5633786601477,1,1120,-0.152919796150094,-0.250226600906211,-0.133038311028591,0.211291884094806,-5.27416314264221e-18,1.09047551025111e-18,0,-3.07204953334844e-19,0.00162061357187054,-0.00121066729828871,1,5.98761655395986e-20,1.85009158738509e-19,1,0.0167936705423597,-0.000560010168439072,-0.000560010168439072,-0.00184734565890284,-0.00691428473759986,0.00121998686912674,0.00121998686912674,-0.00805919542814356,1,0,0,1,0.0167935993188025,-0.000560024454412757,-0.000560024454412757,-0.0018471791143962,-0.00691433978639306,0.00122001799124075,0.00122001799124075,-0.00805923587348408,21.2889205366958,-3.67161703246373,-0.191319313088847,-12.0439864327954,-0.191319313088847,-12.0439864327954,11.9775264964959,-4.99516120886049,2.60208521396521e-18,-2.57491713976546e-19,-1.23157740334891e-18,0,0,0,0.0167936705423597,-0.00184734565890285,-0.000560010168439073,-0.00691428473759986,-0.00805919542814356,0.00121998686912674,1.50730473945329e-11,2.8359181308658e-09,1.05919846371581e-11,1.85009158738509e-19,9.97465998686664e-18,5.63723978433017e-15
NC_k0001,0.0093984962406015,0.0093984962406015,0.211773266995656,124.293260759917,17.9401633559779,117.038991940381,20.4516573662713,-125.897357360278,-18.3999880574934,-111.632702922265,-22.2081683721541,1,1120,-0.636881197669762,-1.02739086268099,-0.549209779915769,0.881987663447378,1.92844255799183e-18,4.87890977618477e-19,0,-5.81805755645298e-20,0.00162141853000837,-0.00121114245922157,1,-1.51769664469515e-20,1.55669955916106e-19,1,0.0167936705423597,-0.000560010168439072,-0.000560010168439072,-0.00184734565890285,-0.00691428473759986,0.00121998686912674,0.00121998686912674,-0.00805919542814356,1,0,0,1,0.0167935993188025,-0.000560024454412757,-0.000560024454412757,-0.0018471791143962,-0.00691433978639306,0.00122001799124075,0.00122001799124075,-0.00805923587348408,21.2963932172587,-3.68739098351311,-0.203142913612835,-12.0702630825548,-0.203142913612835,-12.0702630825548,12.0074396898087,-4.97534678301077,2.38524477946811e-18,6.38745174326259e-19,-8.03689921201588e-19,0,0,0,0.0167936705423597,-0.00184734565890285,-0.000560010168439073,-0.00691428473759986,-0.00805919542814356,0.00121998686912674,8.62035222790354e-12,2.33603652250899e-09,3.89320262863158e-12,1.55669955916106e-19,3.90312782094782e-18,9.93455246505606e-14
NC_k0001,0.0165413533834586,0.0165413533834586,0.212025675836037,127.623994448916,17.4393306978152,114.73842997174,21.8336914943678,-131.68498833286,-17.388151171667,-106.877315628505,-24.1120359305283,1,1120,-1.12320725920587,-1.74364844542188,-0.946062382527116,1.55388125630233,-1.84899351451733e-18,-2.26408598078624e-18,0,3.14566860786566e-19,0.00162327636385747,-0.00121223527295406,1,-2.45682315439411e-19,1.23291430200333e-19,1,0.0167936705423597,-0.000560010168439073,-0.000560010168439073,-0.00184734565890285,-0.00691428473759986,0.00121998686912674,0.00121998686912674,-0.00805919542814357,1,0,0,1,0.0167935993188025,-0.000560024454412757,-0.000560024454412757,-0.0018471791143962,-0.00691433978639306,0.00122001799124075,0.00122001799124075,-0.00805923587348408,21.3240792063962,-3.72879701248649,-0.229327424906023,-12.130460791979,-0.229327424906023,-12.130460791979,12.0893235457747,-4.93605097752203,1.73472347597681e-18,-2.95759841120064e-19,-3.14902295553649e-19,0,0,0,0.0167936705423597,-0.00184734565890285,-0.000560010168439073,-0.00691428473759986,-0.00805919542814356,0.00121998686912674,3.91827289891871e-12,2.4219301824468e-09,1.96574632655863e-12,2.45682315439411e-19,6.93889390390723e-18,1.17554191512679e-13
NC_k0002,-0.0191729323308271,-0.0191729323308271,0.690830266427998,-97.301537607452,45.7463078741517,-93.1315601281367,57.7716276482287,84.8681185547751,-53.7227799874346,106.35631708145,-50.1733627265017,1,1120,5.9539133343416,10.2668670653109,5.35285753188522,2.48835105142554,-5.02381279434997e-18,4.73770673689952e-18,0,-1.75697132573203e-18,-3.61399436638428e-05,-0.00048261158743126,1,-1.27494954356544e-20,-5.97604267650048e-20,1,-0.0072609762275046,0.00798862637180395,0.00798862637180395,0.00271554906894998,-0.00216661494335417,0.0151594699561672,0.0151594699561672,-0.00644841969049436,1,-1.35525271560688e-20,-1.0842021724855e-19,1,-0.00726092709605232,0.00798883016329302,0.00798883016329302,0.00271547094880409,-0.00216666972219387,0.0151598566773395,0.0151598566773395,-0.00644841985447759,-14.2462512967775,24.7921977454313,6.79742289482455,14.8712733602708,6.79742289482455,14.8712733602708,47.5614370086892,-8.33662941044643,2.16840434497101e-18,-6.24827434881325e-19,-6.62291865708056e-19,0,0,0,-0.0072609762275046,0.00271554906894998,0.00798862637180394,-0.00216661494335417,-0.00644841969049437,0.0151594699561672,5.66375709044074e-13,5.02033639776792e-09,2.45033206950577e-12,5.97604267650048e-20,3.46944695195361e-18,2.37848594118666e-14
NC_k0002,-0.0120300751879699,-0.0120300751879699,0.689170936635777,-96.2320570516035,46.6306855169564,-92.5204065113292,54.4596497085384,87.8022190155342,-52.3111500040545,101.74595885773,-49.1332766051252,1,1120,3.86907061611355,6.59290830906872,3.45245304531021,1.55045065241207,3.37010214679569e-18,4.73793834747103e-18,0,-4.39874797420999e-19,-3.65056278576841e-05,-0.000482077916679524,1,2.08761169382658e-19,-1.72072820200501e-19,1,-0.0072609762275046,0.00798862637180394,0.00798862637180394,0.00271554906894998,-0.00216661494335417,0.0151594699561672,0.0151594699561672,-0.00644841969049437,1,-1.35525271560688e-20,-1.0842021724855e-19,1,-0.00726092709605232,0.00798883016329302,0.00798883016329302,0.00271547094880409,-0.00216666972219387,0.0151598566773395,0.0151598566773395,-0.00644841985447759,-14.1693197692525,24.8033403148598,6.76724455814892,14.7720114673431,6.76724455814892,14.7720114673431,47.5367015546843,-8.25535591544502,1.73472347597681e-18,-5.12278872817156e-19,-7.00986618117705e-19,0,0,0,-0.0072609762275046,0.00271554906894998,0.00798862637180394,-0.00216661494335417,-0.00644841969049437,0.0151594699561672,8.84014537568397e-13,5.12219992501328e-09,4.24591322373153e-12,2.08761169382658e-19,1.73472347597681e-18,3.60853808969409e-14
NC_k0002,-0.00488721804511278,-0.00488721804511278,0.688470582384559,-94.7059405398902,48.1447603939537,-92.9578304822208,51.3945341436983,91.3476182969358,-50.6898054967605,97.1132144491223,-49.1913468269849,1,1120,1.5947457390904,2.7016455980912,1.41780914126993,0.625468193522243,-2.26018003393377e-19,6.31095132241617e-18,0,-7.65320737623862e-19,-3.64822455911436e-05,-0.000481680293692708,1,1.0525021396301e-19,9.99592800851495e-20,1,-0.0072609762275046,0.00798862637180394,0.00798862637180394,0.00271554906894998,-0.00216661494335417,0.0151594699561672,0.0151594699561672,-0.00644841969049436,1,-1.35525271560688e-20,-1.0842021724855e-19,1,-0.00726092709605232,0.00798883016329302,0.00798883016329302,0.00271547094880409,-0.00216666972219387,0.0151598566773395,0.0151598566773395,-0.00644841985447759,-14.1256265436864,24.8207340548982,6.75033384170116,14.7168088952852,6.75033384170116,14.7168088952852,47.5459641623224,-8.2123035622881,8.67361737988404e-19,-5.01974760003484e-19,-9.76043091207782e-19,0,0,0,-0.0072609762275046,0.00271554906894998,0.00798862637180394,-0.00216661494335417,-0.00644841969049437,0.0151594699561672,4.04548973830687e-12,2.3653903594075e-09,1.35683919697373e-11,1.0525021396301e-19,4.33680868994202e-18,5.06354285356489e-14
NC_k0002,0.00225563909774436,0.00225563909774436,0.688368966630064,-93.3285302352929,50.3936250200708,-94.1523210329257,48.8888433114586,95.4733009404032,-49.4582247691379,92.8053114873609,-50.1643583279902,1,1120,-0.737495167664746,-1.24822622871855,-0.65528806080649,-0.288252711400937,3.35626052001553e-18,1.27054942088145e-19,0,1.02776198492979e-18,-3.64658332103755e-05,-0.000481613033876665,1,3.14590562167997e-21,1.67737982724675e-19,1,-0.0072609762275046,0.00798862637180395,0.00798862637180395,0.00271554906894998,-0.00216661494335417,0.0151594699561672,0.0151594699561672,-0.00644841969049437,1,-1.35525271560688e-20,-1.0842021724855e-19,1,-0.00726092709605232,0.00798883016329302,0.00798883016329302,0.00271547094880409,-0.00216666972219387,0.0151598566773395,0.0151598566773395,-0.00644841985447759,-14.1185529572308,24.8239672328391,6.74761421358545,14.7080498050014,6.74761421358545,14.7080498050014,47.5484761751524,-8.20557657998789,1.73472347597681e-18,-2.54157944374886e-19,-8.37494759299953e-19,0,0,0,-0.0072609762275046,0.00271554906894998,0.00798862637180394,-0.00216661494335417,-0.00644841969049437,0.0151594699561672,7.22225727399692e-12,4.24754786581629e-09,5.31040142139351e-12,1.67737982724675e-19,1.73472347597681e-18,2.37086203085045e-14
NC_k0002,0.0093984962406015,0.0093984962406015,0.688833742441312,-92.573304715649,53.2825371007394,-95.6900607214656,47.1052787448502,100.021638869241,-49.0333668874737,89.0375955248135,-51.7036202684839,1,1120,-3.04444430961671,-5.1732077819119,-2.71182519020455,-1.20771201073953,3.5090159637357e-19,-7.34737554272061e-18,0,-1.33341514743548e-18,-3.65140631628406e-05,-0.000481901104886787,1,1.39145499674681e-19,-2.36597386296929e-19,1,-0.0072609762275046,0.00798862637180395,0.00798862637180395,0.00271554906894998,-0.00216661494335417,0.0151594699561672,0.0151594699561672,-0.00644841969049436,1,-1.35525271560688e-20,-1.0842021724855e-19,1,-0.00726092709605232,0.00798883016329302,0.00798883016329302,0.00271547094880409,-0.00216666972219387,0.0151598566773395,0.0151598566773395,-0.00644841985447759,-14.1493019165052,24.810719140319,6.75947054193688,14.746488421684,6.75947054193688,14.746488421684,47.5395291868018,-8.23529491534827,1.30104260698261e-18,5.10852626927001e-20,-9.86588076242223e-19,0,0,0,-0.0072609762275046,0.00271554906894998,0.00798862637180394,-0.00216661494335417,-0.00644841969049437,0.0151594699561672,2.1867918337391e-12,5.07357720203393e-09,1.19584962469093e-11,2.36597386296929e-19,4.33680868994202e-18,2.04691372445954e-14
NC_k0002,0.0165413533834586,0.0165413533834586,0.690048865834163,-92.7706769113325,56.5468532469337,-96.9976514110242,46.0123558978984,104.684538776646,-49.6599799689446,85.8761096160642,-53.2685528311419,1,1120,-5.22027359344172,-8.95557185053377,-4.67802899651187,-2.14275166514313,-1.76165151363786e-18,-5.4424513839049e-18,0,-1.63045901412572e-18,-3.63633366145958e-05,-0.00048242082282038,1,1.28137171977058e-19,2.50403973817042e-19,1,-0.0072609762275046,0.00798862637180395,0.00798862637180395,0.00271554906894999,-0.00216661494335417,0.0151594699561672,0.0151594699561672,-0.00644841969049437,1,-1.35525271560688e-20,-1.0842021724855e-19,1,-0.00726092709605232,0.00798883016329302,0.00798883016329302,0.00271547094880409,-0.00216666972219387,0.0151598566773395,0.0151598566773395,-0.00644841985447759,-14.2137149319762,24.7926379858885,6.78461387397885,14.8294365221652,6.78461387397885,14.8294365221652,47.5428053772752,-8.3017046772825,1.73472347597681e-18,-3.10245968499858e-19,-9.8993880163666e-19,0,0,0,-0.0072609762275046,0.00271554906894998,0.00798862637180394,-0.00216661494335417,-0.00644841969049437,0.0151594699561672,4.07811999363194e-13,4.30421400691934e-09,7.44994710426972e-12,2.50403973817042e-19,3.90312782094782e-18,6.66086642486094e-14
NC_k0003,-0.0191729323308271,-0.0191729323308271,0.266198398014172,-86.8505819398572,5.21349360371596,-99.5547405629578,14.2182249018448,83.054977865614,-3.44227461305501,101.185379356513,-12.5540683814155,1,1120,2.7322792534407,-3.1195484911068,-0.127798848429788,1.83701561751648,-1.13772737556259e-18,-5.80453315343773e-19,0,2.84943206945327e-18,-0.000575227144354321,0.00170616552134839,1,2.0590325284705e-20,-8.55478872443858e-20,1,-0.0089034159467886,0.00659383141145556,0.00659383141145556,0.00818599167466987,0.011081958503288,-0.00383992549913756,-0.00383992549913756,0.00852556625629547,1,0,2.16840434497101e-19,1,-0.00890330924592454,0.00659399962144055,0.00659399962144055,0.00818588039839591,0.0110820047237608,-0.0038400234564207,-0.0038400234564207,0.00852564508381222,-15.5041207444116,23.3393001283056,6.27266821771646,10.3563969031338,6.27266821771646,10.3563969031338,-19.2003821391222,1.27261465980194,2.16840434497101e-18,-1.02581158296034e-18,1.09198463333633e-18,0,0,0,-0.00890341594678861,0.00818599167466987,0.00659383141145556,0.011081958503288,0.00852556625629547,-0.00383992549913756,2.9503464685292e-12,5.41990149500856e-09,8.92354397694139e-12,8.55478872443858e-20,5.20417042793042e-18,2.4606894309483e-14
NC_k0003,-0.0120300751879699,-0.0120300751879699,0.264982232748246,-88.638078569925,7.76472643529695,-96.4962660302849,13.3338577660644,85.8152899606446,-6.0533500118929,97.1721534705901,-11.6160121475039,1,1120,1.74200122725969,-1.99904797975104,-0.084825428322161,1.15084449618307,-1.71974158072225e-19,3.06454204210891e-18,0,-8.19001450656103e-19,-0.000573155691801284,0.00170448399658762,1,1.29210380849669e-19,-1.30794376222925e-19,1,-0.0089034159467886,0.00659383141145556,0.00659383141145556,0.00818599167466987,0.011081958503288,-0.00383992549913756,-0.00383992549913756,0.00852556625629546,1,0,2.16840434497101e-19,1,-0.00890330924592454,0.00659399962144055,0.00659399962144055,0.00818588039839591,0.0110820047237608,-0.0038400234564207,-0.0038400234564207,0.00852564508381222,-15.4195906138824,23.2927251129182,6.20670133580236,10.3066418529321,6.20670133580236,10.3066418529321,-19.0797674434148,1.32807035068149,2.16840434497101e-18,3.1068882675832e-19,1.94799427750441e-18,0,0,0,-0.00890341594678861,0.00818599167466987,0.00659383141145556,0.011081958503288,0.00852556625629547,-0.00383992549913756,6.56132168431495e-12,7.57015607688238e-09,4.13910411712279e-12,1.30794376222925e-19,3.46944695195361e-18,1.13753117731523e-13
NC_k0003,-0.00488721804511278,-0.00488721804511278,0.264466564846355,-90.6240058202678,9.86450732801299,-93.7903016288236,12.106947403224,88.8366755711895,-8.15989835674224,93.4416578611757,-10.3868099686301,1,1120,0.709743768119767,-0.819413168950416,-0.0361909022741311,0.465752331904952,-9.70325044735942e-19,1.19588437647966e-18,0,-3.93340924881216e-20,-0.000572080131439464,0.00170370010947563,1,1.62902172739178e-19,-1.20858076187119e-19,1,-0.0089034159467886,0.00659383141145556,0.00659383141145556,0.00818599167466987,0.011081958503288,-0.00383992549913756,-0.00383992549913756,0.00852556625629547,1,0,2.16840434497101e-19,1,-0.00890330924592454,0.00659399962144055,0.00659399962144055,0.00818588039839591,0.0110820047237608,-0.0038400234564207,-0.0038400234564207,0.00852564508381222,-15.3823688896965,23.2821102511792,6.1700676451739,10.2819102358673,6.1700676451739,10.2819102358673,-19.0289029197795,1.36565002263075,1.73472347597681e-18,-1.48592244162437e-18,1.13953077776562e-18,0,0,0,-0.00890341594678861,0.00818599167466987,0.00659383141145556,0.011081958503288,0.00852556625629547,-0.00383992549913756,1.1668129102335e-11,3.24465991202446e-09,1.83556373674876e-12,1.62902172739178e-19,8.67361737988404e-18,2.17035111438253e-13
NC_k0003,0.00225563909774436,0.00225563909774436,0.264393991797705,-92.8796838663791,11.5691659850785,-91.4209905786784,10.5356545806196,92.1446680755667,-9.85238791255127,90.0202980439201,-8.82754094060595,1,1120,-0.327577373613341,0.378615028247778,0.016842426029377,-0.214772213122747,7.01082718433606e-19,-1.22253013875668e-18,0,2.8468909706115e-18,-0.000571918657074729,0.00170358593786164,1,-4.44141914863559e-20,-2.89314501262685e-19,1,-0.00890341594678861,0.00659383141145556,0.00659383141145556,0.00818599167466987,0.011081958503288,-0.00383992549913756,-0.00383992549913756,0.00852556625629547,1,0,2.16840434497101e-19,1,-0.00890330924592454,0.00659399962144055,0.00659399962144055,0.00818588039839591,0.0110820047237608,-0.0038400234564207,-0.0038400234564207,0.00852564508381222,-15.3770208342778,23.2812689502597,6.16430078070526,10.2781363713005,6.16430078070526,10.2781363713005,-19.0218507710172,1.37191743494718,2.81892564846231e-18,4.84425633305969e-19,1.49820366105024e-18,0,0,0,-0.00890341594678861,0.00818599167466987,0.00659383141145556,0.011081958503288,0.00852556625629547,-0.00383992549913756,1.24277144760123e-11,4.59990619213869e-09,5.41352032201633e-12,2.89314501262685e-19,3.46944695195361e-18,1.4465980462824e-13
NC_k0003,0.0093984962406015,0.0093984962406015,0.264731002996833,-95.4588804355307,12.9212457481496,-89.343503091124,8.5882666177667,95.7629245640028,-11.1988448633073,86.8976568286326,-6.8835677491931,1,1120,-1.36346928935624,1.56866018286982,0.0677129948594963,-0.897769499691908,6.91096166898254e-19,1.91032399385446e-18,0,-1.23760116272224e-18,-0.000572646663967264,0.0017041061145335,1,3.47573771399545e-20,-1.71436185014701e-19,1,-0.00890341594678861,0.00659383141145556,0.00659383141145556,0.00818599167466987,0.011081958503288,-0.00383992549913756,-0.00383992549913756,0.00852556625629546,1,0,2.16840434497101e-19,1,-0.00890330924592454,0.00659399962144055,0.00659399962144055,0.00818588039839591,0.0110820047237608,-0.0038400234564207,-0.0038400234564207,0.00852564508381222,-15.4016001440591,23.2866507252811,6.18972105551495,10.2949775295541,6.18972105551495,10.2949775295541,-19.0548358784281,1.34500063092319,1.73472347597681e-18,-5.57651777398642e-20,1.4671543600337e-18,0,0,0,-0.00890341594678861,0.00818599167466987,0.00659383141145556,0.011081958503288,0.00852556625629547,-0.00383992549913756,5.39498429438526e-12,3.94944265897436e-09,5.55033371255226e-12,1.71436185014701e-19,3.46944695195361e-18,8.80693354884738e-15
NC_k0003,0.0165413533834586,0.0165413533834586,0.265636960728648,-98.3864322200561,13.9324454724521,-87.488793957786,6.20711608621344,99.6768680329441,-12.2385602932783,84.0393015068468,-4.4689752390746,1,1120,-2.37774665262353,2.71747655100627,0.112110866466294,-1.58531603635086,-4.02347267390693e-19,-2.79603921527419e-18,0,4.73412008176349e-20,-0.000574350918290368,0.0017054224557928,1,6.22770152229728e-20,-2.41882393839137e-19,1,-0.00890341594678861,0.00659383141145556,0.00659383141145556,0.00818599167466987,0.011081958503288,-0.00383992549913756,-0.00383992549913756,0.00852556625629547,1,0,2.16840434497101e-19,1,-0.00890330924592454,0.00659399962144055,0.00659399962144055,0.00818588039839591,0.0110820047237608,-0.0038400234564207,-0.0038400234564207,0.00852564508381222,-15.4655319869238,23.3147763580139,6.24499125589259,10.3344983112628,6.24499125589259,10.3344983112628,-19.145071660274,1.29363093005343,2.60208521396521e-18,6.76383862110174e-19,1.17145530367776e-18,0,0,0,-0.00890341594678861,0.00818599167466987,0.00659383141145556,0.011081958503288,0.00852556625629547,-0.00383992549913756,1.54725774443332e-12,3.96513440479347e-09,7.9327645410951e-12,2.41882393839137e-19,3.46944695195361e-18,4.11678283118469e-14
NC_k0004,-0.0191729323308271,-0.0191729323308271,0.176060046461417,25.9626930523893,-17.1508117126017,30.4160488479298,-18.9382574120688,-28.4496103225006,14.6212361634233,-29.0049426459901,17.9494612749799,1,1120,-4.13412290618457,0.0678706866488813,-1.34186323244679,-0.841815129048688,7.55394570273226e-19,4.41428242611373e-19,0,1.31364222207301e-18,-0.000870541627969022,-0.00181004276872016,1,1.2473763987923e-19,1.40910350322493e-19,1,-0.00312662682058422,-0.00671160527592423,-0.00671160527592423,-0.0103971201687872,-0.012762173308884,0.000548361139259962,0.000548361139259962,-0.00859678335400792,1,2.16840434497101e-19,0,1,-0.0031267163127197,-0.00671177649034453,-0.00671177649034453,-0.0103971169250381,-0.0127622148528149,0.000548375128064535,0.000548375128064535,-0.00859687802791281,3.17807285764993,-23.2796456220244,-7.54646774876331,-5.62158438328648,-7.54646774876331,-5.62158438328648,3.24880972138388,-0.198627210613406,2.60208521396521e-18,-5.8591215274108e-19,-1.2272448435656e-18,0,0,0,-0.00312662682058422,-0.0103971201687872,-0.00671160527592423,-0.012762173308884,-0.00859678335400792,0.000548361139259962,1.53157346199544e-12,5.001566397339e-09,2.34009114107574e-11,1.40910350322493e-19,3.46944695195361e-18,1.99425161241593e-13
NC_k0004,-0.0120300751879699,-0.0120300751879699,0.17584010204508,26.7612506970014,-18.2450836616354,29.4099811923219,-19.0807744153932,-28.6367455285146,15.9617394486558,-28.6426449445865,17.8304742384818,1,1120,-2.63711590218402,0.0322581494234137,-0.859603058410985,-0.523672721324162,9.75444465547032e-20,7.62771366975974e-19,0,-3.11893413046794e-18,-0.000871114547935159,-0.00180888529752378,1,-2.40586242784271e-20,1.17044899653115e-19,1,-0.00312662682058422,-0.00671160527592423,-0.00671160527592423,-0.0103971201687872,-0.012762173308884,0.000548361139259962,0.000548361139259962,-0.00859678335400791,1,2.16840434497101e-19,0,1,-0.0031267163127197,-0.00671177649034453,-0.00671177649034453,-0.0103971169250381,-0.0127622148528149,0.000548375128064535,0.000548375128064535,-0.00859687802791281,3.10187300167384,-23.2713598792876,-7.49705036673825,-5.60715421020116,-7.49705036673825,-5.60715421020116,3.1817568227356,-0.258964425281577,1.73472347597681e-18,-8.61606375304123e-19,-1.65169076563144e-18,0,0,0,-0.00312662682058422,-0.0103971201687872,-0.00671160527592423,-0.012762173308884,-0.00859678335400792,0.000548361139259962,4.39228204051306e-12,3.63124380749801e-09,1.5236347205909e-11,1.17044899653115e-19,3.46944695195361e-18,9.15504123907848e-14
NC_k0004,-0.00488721804511278,-0.00488721804511278,0.17579325146308,27.4562147718902,-18.8239044209656,28.5087419355707,-19.1030259778504,-28.5787245675431,16.8344703629727,-28.5109963656274,17.5531214424914,1,1120,-1.07672230693146,0.0110529210012295,-0.351670897356978,-0.210745775798396,2.42466489873994e-19,-7.84283025986028e-20,0,4.09871302242475e-19,-0.000871447395229231,-0.00180839677951035,1,-5.88948702976638e-21,1.18534340030665e-19,1,-0.00312662682058423,-0.00671160527592423,-0.00671160527592423,-0.0103971201687872,-0.012762173308884,0.000548361139259962,0.000548361139259962,-0.00859678335400792,1,2.16840434497101e-19,0,1,-0.0031267163127197,-0.00671177649034453,-0.00671177649034453,-0.0103971169250381,-0.0127622148528149,0.000548375128064535,0.000548375128064535,-0.00859687802791281,3.06066846762136,-23.2804452425419,-7.46948291822765,-5.60010349916704,-7.46948291822765,-5.60010349916704,3.14781081967305,-0.29867544185648,2.60208521396521e-18,1.88947431668459e-19,-1.40797576833235e-18,0,0,0,-0.00312662682058422,-0.0103971201687872,-0.00671160527592423,-0.012762173308884,-0.00859678335400792,0.000548361139259962,1.15460847570252e-11,1.84249950157551e-09,1.66045897860674e-11,1.18534340030665e-19,6.07153216591882e-18,2.65882728419387e-13
NC_k0004,0.00225563909774436,0.00225563909774436,0.175789307227007,28.2054616442757,-19.0700850068062,27.7218651420544,-18.945412696925,-28.5090031793273,17.4013550619264,-28.5451804974201,17.0731672183167,1,1120,0.497206196058111,-0.00495231688940243,0.16244378012567,0.0970666955099471,-3.85108823425088e-19,9.34555273507311e-19,0,-2.98387208005029e-19,-0.000871499386550175,-0.00180832930965459,1,8.41520141645911e-20,2.22285456541827e-19,1,-0.00312662682058422,-0.00671160527592423,-0.00671160527592423,-0.0103971201687872,-0.012762173308884,0.000548361139259962,0.000548361139259962,-0.00859678335400792,1,2.16840434497101e-19,0,1,-0.0031267163127197,-0.00671177649034453,-0.00671177649034453,-0.0103971169250381,-0.0127622148528149,0.000548375128064535,0.000548375128064535,-0.00859687802791281,3.05428598635752,-23.2825880617809,-7.4651056948858,-5.59901376929932,-7.4651056948858,-5.59901376929932,3.14268851141419,-0.305254388678036,2.60208521396521e-18,-9.72424695644823e-19,-1.79305832733541e-18,0,0,0,-0.00312662682058422,-0.0103971201687872,-0.00671160527592423,-0.012762173308884,-0.00859678335400792,0.000548361139259962,1.67939236187256e-11,4.35628354410972e-09,8.60885885966972e-12,2.22285456541827e-19,2.60208521396521e-18,1.98784955986835e-13
NC_k0004,0.0093984962406015,0.0093984962406015,0.175813541786456,29.0648306241089,-19.1055247279491,27.0188501273624,-18.5077725566333,-28.5698380631091,17.7493583276088,-28.6293421090013,16.3283235307834,1,1120,2.06579019224744,-0.0233470663861885,0.674006231534195,0.407509058777121,-5.15422857126692e-19,4.93750725077803e-19,0,1.26988105894651e-18,-0.000871268948892968,-0.001808644661622,1,-3.74438604328601e-20,2.35308222619657e-19,1,-0.00312662682058422,-0.00671160527592423,-0.00671160527592423,-0.0103971201687872,-0.012762173308884,0.000548361139259962,0.000548361139259962,-0.00859678335400792,1,2.16840434497101e-19,0,1,-0.0031267163127197,-0.00671177649034453,-0.00671177649034453,-0.0103971169250381,-0.0127622148528149,0.000548375128064535,0.000548375128064535,-0.00859687802791281,3.08261461849524,-23.2745942709395,-7.48431270554322,-5.60384635137803,-7.48431270554322,-5.60384635137803,3.16570393560884,-0.27692337566135,1.73472347597681e-18,-1.00395671779258e-18,-1.24135423720043e-18,0,0,0,-0.00312662682058422,-0.0103971201687872,-0.00671160527592423,-0.012762173308884,-0.00859678335400792,0.000548361139259962,6.32869898523314e-12,3.97069415277224e-09,1.89278960474235e-11,2.35308222619657e-19,3.46944695195361e-18,2.71535341213172e-13
NC_k0004,0.0165413533834586,0.0165413533834586,0.175940236514862,30.0353776785592,-19.0014634580639,26.2846029972981,-17.6252740649522,-28.8422573549238,17.9199412497518,-28.564135064977,15.1830842466508,1,1120,3.59621330554617,-0.0523705014984271,1.16946812533576,0.724727414767966,9.91842494010284e-19,1.61370364363785e-18,0,-4.64212436275779e-18,-0.00087077269504967,-0.00180951506606414,1,-2.87859958034321e-21,1.89716481034532e-19,1,-0.00312662682058422,-0.00671160527592423,-0.00671160527592423,-0.0103971201687872,-0.012762173308884,0.000548361139259962,0.000548361139259962,-0.00859678335400792,1,2.16840434497101e-19,0,1,-0.0031267163127197,-0.00671177649034453,-0.00671177649034453,-0.0103971169250381,-0.0127622148528149,0.000548375128064535,0.000548375128064535,-0.00859687802791281,3.14599770822072,-23.2715184824137,-7.52565885572032,-5.61507523300615,-7.52565885572032,-5.61507523300615,3.21985810260696,-0.221874268780305,2.60208521396521e-18,-6.69038738639014e-19,-5.0965861356654e-19,0,0,0,-0.00312662682058422,-0.0103971201687872,-0.00671160527592423,-0.012762173308884,-0.00859678335400792,0.000548361139259962,3.84856544750483e-12,3.49186563741217e-09,1.35348975449873e-11,1.89716481034532e-19,8.67361737988404e-18,4.76422221656606e-14
NC_k0005,-0.0191729323308271,-0.0191729323308271,0.719493330110019,50.7920693219564,83.2656446640885,57.0401544541943,102.69825793814,-46.0159291052172,-93.0119345936279,-61.3207725858,-91.847961223692,1,1120,10.7006668078694,-2.7339700828063,2.6290099192709,0.643824211289987,-8.33565123392957e-18,1.29989117156993e-18,0,3.16876349056814e-19,0.000453757179800235,5.37473652318626e-05,1,-6.25048680525571e-20,9.28585182870222e-20,1,0.00652234756030477,0.0163762563016297,0.0163762563016297,0.000290094583144859,0.00265900651085748,-0.0060236689931776,-0.0060236689931776,-0.00677038796632783,1,-5.42101086242752e-20,-6.7762635780344e-21,1,0.0065223295371421,0.0163766740632701,0.0163766740632701,0.00029015605300486,0.00265893326414062,-0.00602382265820294,-0.00602382265820294,-0.00677034094015596,8.99945154330607,51.9208158150899,15.1350345470871,-7.34966974696302,15.1350345470871,-7.34966974696302,-17.6724352040802,-13.7847912697554,2.60208521396521e-18,-2.86927120035895e-20,6.43477433689086e-20,0,0,0,0.00652234756030476,0.000290094583144854,0.0163762563016298,0.00265900651085749,-0.00677038796632783,-0.00602366899317761,1.05147131695445e-12,8.05201845682508e-09,9.10925874374264e-12,9.28585182870222e-20,5.4752209710518e-18,9.15035937167126e-14
NC_k0005,-0.0120300751879699,-0.0120300751879699,0.718149039634003,52.6039821845141,86.8521329488125,56.7665437217449,99.3468093364885,-49.4967043792357,-93.2126176210772,-59.3419950033774,-91.8925385305513,1,1120,6.7978316844938,-1.66427026824818,1.69407526736101,0.398613780074319,-4.34448492602651e-19,-1.52354095686957e-18,0,-6.72434310534567e-18,0.000454255443756611,5.29356306977861e-05,1,1.23845056335252e-19,1.48685007657868e-19,1,0.00652234756030476,0.0163762563016297,0.0163762563016297,0.000290094583144852,0.00265900651085748,-0.00602366899317761,-0.00602366899317761,-0.00677038796632783,1,-5.42101086242752e-20,-6.7762635780344e-21,1,0.0065223295371421,0.0163766740632701,0.0163766740632701,0.00029015605300486,0.00265893326414062,-0.00602382265820294,-0.00602382265820294,-0.00677034094015596,9.05811856638003,51.8935589602739,15.0282067366339,-7.27747842836401,15.0282067366339,-7.27747842836401,-17.6522433533155,-13.7765449359793,1.73472347597681e-18,6.69367474051962e-19,-1.89990084964067e-19,0,0,0,0.00652234756030476,0.000290094583144854,0.0163762563016298,0.00265900651085749,-0.00677038796632783,-0.00602366899317761,1.03203648465021e-12,3.66812871858259e-09,7.80054432294223e-12,1.48685007657868e-19,3.46944695195361e-18,3.41655109038654e-14
NC_k0005,-0.00488721804511278,-0.00488721804511278,0.717608848736672,54.3295181550225,90.5894410753406,56.0642805435743,95.7227709053573,-52.9031211320257,-92.946250720028,-56.9388806553542,-92.2793081284458,1,1120,2.77088746216453,-0.662940760595505,0.695622411517763,0.160085554609735,-4.46954139975473e-18,3.25036320363527e-18,0,5.1711361429875e-19,0.000454442589076869,5.2740805804056e-05,1,7.15899620955788e-20,-3.38949744619552e-20,1,0.00652234756030477,0.0163762563016297,0.0163762563016297,0.000290094583144857,0.00265900651085748,-0.00602366899317761,-0.00602366899317761,-0.00677038796632783,1,-5.42101086242752e-20,-6.7762635780344e-21,1,0.0065223295371421,0.0163766740632701,0.0163766740632701,0.00029015605300486,0.00265893326414062,-0.00602382265820294,-0.00602382265820294,-0.00677034094015596,9.08980089897146,51.9031555590384,14.9684943107263,-7.23778105949561,14.9684943107263,-7.23778105949561,-17.6481890003158,-13.7683467822954,2.16840434497101e-18,8.36458984286461e-20,8.21301998629487e-19,0,0,0,0.00652234756030476,0.000290094583144854,0.0163762563016298,0.00265900651085749,-0.00677038796632783,-0.00602366899317761,2.6837556352551e-12,2.0681501106163e-09,4.41466350585242e-12,7.15899620955788e-20,6.93889390390723e-18,1.74823933684071e-14
NC_k0005,0.00225563909774436,0.00225563909774436,0.717531698329032,55.6830873457779,94.3495197024847,54.8789982747713,91.9766836906266,-55.9363985656676,-92.4614170924092,-54.071553168256,-92.7787501039863,1,1120,-1.27926023921594,0.304961368362487,-0.32151862738163,-0.0736783844169735,-5.73518067652006e-18,-4.24694378819426e-18,0,-3.80416062373952e-18,0.000454466353004069,5.27258741160261e-05,1,5.88617657500399e-20,-3.91037732569885e-20,1,0.00652234756030476,0.0163762563016298,0.0163762563016298,0.000290094583144855,0.00265900651085749,-0.00602366899317761,-0.00602366899317761,-0.00677038796632783,1,-5.42101086242752e-20,-6.7762635780344e-21,1,0.0065223295371421,0.0163766740632701,0.0163766740632701,0.00029015605300486,0.00265893326414062,-0.00602382265820294,-0.00602382265820294,-0.00677034094015596,9.09457724126914,51.9058522291787,14.959009101198,-7.23153334187959,14.959009101198,-7.23153334187959,-17.6478944741466,-13.7666529703146,1.73472347597681e-18,3.05958562175131e-19,-6.3196473183262e-19,0,0,0,0.00652234756030476,0.000290094583144854,0.0163762563016298,0.00265900651085749,-0.00677038796632783,-0.00602366899317761,5.07370247866196e-12,4.46692615231881e-09,3.30428470276364e-12,5.88617657500399e-20,1.73472347597681e-18,2.08882908829579e-14
NC_k0005,0.0093984962406015,0.0093984962406015,0.717887656123861,56.5637547198339,98.0354684672338,53.2707648022401,88.221739767082,-58.5101372298528,-92.0085980365357,-50.7833851899686,-93.1583427652151,1,1120,-5.32066740806659,1.28865206082573,-1.33056506458959,-0.309847435515965,-4.25890812857422e-18,-2.79591017509864e-18,0,-3.90221792227401e-18,0.000454349754633135,5.28233961993759e-05,1,2.56494315494166e-19,4.76698841041936e-20,1,0.00652234756030476,0.0163762563016297,0.0163762563016297,0.000290094583144853,0.00265900651085749,-0.00602366899317761,-0.00602366899317761,-0.00677038796632782,1,-5.42101086242752e-20,-6.7762635780344e-21,1,0.0065223295371421,0.0163766740632701,0.0163766740632701,0.00029015605300486,0.00265893326414062,-0.00602382265820294,-0.00602382265820294,-0.00677034094015596,9.07308775332297,51.8963956841627,15.0006170795094,-7.25904988477387,15.0006170795094,-7.25904988477387,-17.6499245699213,-13.7732885278176,1.73472347597681e-18,4.84347900958422e-19,-1.02529254853671e-18,0,0,0,0.00652234756030476,0.000290094583144854,0.0163762563016298,0.00265900651085749,-0.00677038796632783,-0.00602366899317761,2.42282040857952e-12,2.55668887802869e-09,4.18725917845635e-12,2.56494315494166e-19,5.20417042793042e-18,3.07756206720856e-14
NC_k0005,0.0165413533834586,0.0165413533834586,0.718848032292863,56.9782326891091,101.503240682169,51.4393637333053,84.5528998168596,-60.6347126312765,-91.8069901472203,-47.2740277992674,-93.1504155463128,1,1120,-9.29051313087442,2.33171222017918,-2.29640430052937,-0.553141598853373,-7.40751488197567e-18,1.14054309836772e-18,0,1.77255540847253e-18,0.000453993287999227,5.33294677734329e-05,1,1.17818859200266e-19,-4.86815264523047e-20,1,0.00652234756030476,0.0163762563016298,0.0163762563016298,0.000290094583144855,0.00265900651085749,-0.00602366899317761,-0.00602366899317761,-0.00677038796632783,1,-5.42101086242752e-20,-6.7762635780344e-21,1,0.0065223295371421,0.0163766740632701,0.0163766740632701,0.00029015605300486,0.00265893326414062,-0.00602382265820294,-0.00602382265820294,-0.00677034094015596,9.02368385584871,51.9005236722644,15.0901669626678,-7.31933926839047,15.0901669626678,-7.31933926839047,-17.6613071468096,-13.7816395196645,1.73472347597681e-18,5.65328253473614e-20,-4.78675835715458e-19,0,0,0,0.00652234756030476,0.000290094583144854,0.0163762563016298,0.00265900651085749,-0.00677038796632783,-0.00602366899317761,8.02471246737386e-13,4.29004172418894e-09,8.59468488314888e-12,1.17818859200266e-19,2.60208521396521e-18,2.71822754679839e-14
NC_k0006,-0.0191729323308271,-0.0191729323308271,0.256221745965681,-80.0299208046885,-79.4290092570847,-68.0579317893298,-91.8171534140403,72.1182816221514,84.1545597616614,75.591463918001,88.4024075804815,1,1120,5.41246893352726,1.75076494131691,2.36386717869856,-0.268579944519811,-1.22971978584583e-19,5.96297959977227e-20,0,3.12797521456315e-19,0.000126216621637581,-0.000128489941311635,1,6.65274237705549e-21,1.45550126414743e-19,1,-0.00398200939445783,0.00754742661982021,0.00754742661982021,0.00927323019774596,-0.0149178558947045,0.000283080721679624,0.000283080721679624,0.0043086651193074,1,2.16840434497101e-19,0,1,-0.00398190798597573,0.00754761915621357,0.00754761915621357,0.00927316253429449,-0.0149177671069135,0.000283087943126606,0.000283087943126606,0.00430850867086097,-11.1776660730449,31.3854121863504,-10.5801665216375,10.0065318496666,-10.5801665216375,10.0065318496666,-3.19400558792043,13.5431936255546,1.73472347597681e-18,-1.1635385232201e-18,-1.05122834438953e-18,0,0,0,-0.00398200939445784,0.00927323019774596,0.00754742661982021,-0.0149178558947045,0.00430866511930741,0.000283080721679624,1.10060911833199e-12,8.41006266202514e-09,1.66806439690826e-12,1.45550126414743e-19,1.04083408558608e-17,4.61470402041582e-14
NC_k0006,-0.0120300751879699,-0.0120300751879699,0.25524993941483,-77.0999778460056,-81.377157439897,-69.1397321628332,-89.271717272985,71.7425630848974,84.5777180100814,74.1211573599598,87.39828988937,1,1120,3.47999207153767,1.1388108753891,1.52420497248582,-0.172446562696356,-5.91857654449042e-19,7.14247297882388e-19,0,-4.7388784382372e-19,0.000126959773536699,-0.000129702325846192,1,-4.6327763453303e-20,1.06479326385971e-19,1,-0.00398200939445784,0.00754742661982021,0.00754742661982021,0.00927323019774596,-0.0149178558947045,0.000283080721679624,0.000283080721679624,0.00430866511930741,1,2.16840434497101e-19,0,1,-0.00398190798597573,0.00754761915621357,0.00754761915621357,0.00927316253429449,-0.0149177671069135,0.000283087943126606,0.000283087943126606,0.00430850867086097,-11.1270837688802,31.3182130541015,-10.5080859144194,9.95612936253505,-10.5080859144194,9.95612936253505,-3.16526910759185,13.4897617338162,8.67361737988404e-19,2.66215966943257e-19,-9.72495159107532e-19,0,0,0,-0.00398200939445784,0.00927323019774596,0.00754742661982021,-0.0149178558947045,0.00430866511930741,0.000283080721679624,1.30757771718659e-12,7.56340908620974e-09,2.36857472830071e-12,1.06479326385971e-19,5.20417042793042e-18,6.15461685689757e-14
NC_k0006,-0.00488721804511278,-0.00488721804511278,0.254832669711413,-74.2620962347367,-83.605616426838,-70.9356637075966,-86.8308578041763,71.9052281308454,85.2969301125077,72.9171128327974,86.4750052472398,1,1120,1.42728741242602,0.471086986098477,0.626463551513092,-0.0709185134070488,-4.73541048351907e-19,9.33986173245875e-19,0,-1.39357165068825e-18,0.000127376056267782,-0.000130262462645373,1,7.97985550843949e-20,1.14018942721707e-19,1,-0.00398200939445783,0.00754742661982021,0.00754742661982021,0.00927323019774596,-0.0149178558947045,0.000283080721679624,0.000283080721679624,0.00430866511930741,1,2.16840434497101e-19,0,1,-0.00398190798597573,0.00754761915621357,0.00754761915621357,0.00927316253429449,-0.0149177671069135,0.000283087943126606,0.000283087943126606,0.00430850867086097,-11.1033519903599,31.3012731296382,-10.4715079662595,9.92961268296314,-10.4715079662595,9.92961268296314,-3.15386542256839,13.4683122472593,1.30104260698261e-18,-8.27926939894914e-19,-1.34879526071885e-18,0,0,0,-0.00398200939445784,0.00927323019774596,0.00754742661982021,-0.0149178558947045,0.00430866511930741,0.000283080721679624,4.73402712659244e-12,5.67628025246306e-09,2.49311955416267e-12,1.14018942721707e-19,6.07153216591882e-18,3.703173427489e-15
NC_k0006,0.00225563909774436,0.00225563909774436,0.2547731873208,-71.7452186062519,-85.9492689572618,-73.2869639302778,-84.4597613212906,72.5633713650581,86.1461178427481,72.0932171954355,85.5998566080667,1,1120,-0.659526060698499,-0.218040065247561,-0.289596821562195,0.03278338874608,2.15179621263217e-18,2.07423810403797e-19,0,-2.4483454253161e-18,0.000127439441770442,-0.000130342090249648,1,-6.53102668661623e-20,1.31637373524959e-19,1,-0.00398200939445783,0.00754742661982021,0.00754742661982021,0.00927323019774596,-0.0149178558947045,0.000283080721679624,0.000283080721679624,0.00430866511930741,1,2.16840434497101e-19,0,1,-0.00398190798597573,0.00754761915621357,0.00754761915621357,0.00927316253429449,-0.0149177671069135,0.000283087943126606,0.000283087943126606,0.00430850867086097,-11.0998001871744,31.2997032484789,-10.4659228195767,9.92547680255115,-10.4659228195767,9.92547680255115,-3.15234906359231,13.4653616574021,1.73472347597681e-18,4.38233774468957e-20,-1.22934979159959e-18,0,0,0,-0.00398200939445784,0.00927323019774596,0.00754742661982021,-0.0149178558947045,0.00430866511930741,0.000283080721679624,1.25465184374002e-11,7.15251602249047e-09,5.80005035549863e-12,1.31637373524959e-19,5.20417042793042e-18,3.74761493239632e-14
NC_k0006,0.0093984962406015,0.0093984962406015,0.255047447163033,-69.7274074457944,-88.363403760579,-76.0308744122525,-82.178203064208,73.6407459258966,87.0528349883764,71.7417369002282,84.8196046528219,1,1120,-2.73176056679976,-0.897353418693413,-1.19760761521275,0.135455302475169,-4.30931320638076e-19,4.6298291501328e-19,0,-8.97768897305853e-19,0.000127154076287549,-0.000129975030501936,1,1.25224165390058e-19,2.00106371511793e-19,1,-0.00398200939445784,0.00754742661982021,0.00754742661982021,0.00927323019774595,-0.0149178558947045,0.000283080721679624,0.000283080721679624,0.0043086651193074,1,2.16840434497101e-19,0,1,-0.00398190798597573,0.00754761915621357,0.00754761915621357,0.00927316253429449,-0.0149177671069135,0.000283087943126606,0.000283087943126606,0.00430850867086097,-11.1157848630426,31.3088237188418,-10.4908605576722,9.94375377900126,-10.4908605576722,9.94375377900126,-3.15956576298663,13.4791971688203,1.30104260698261e-18,6.35849053988087e-19,-3.66664430088828e-19,0,0,0,-0.00398200939445784,0.00927323019774596,0.00754742661982021,-0.0149178558947045,0.00430866511930741,0.000283080721679624,2.8673860044643e-12,8.55990447414462e-09,6.10975192257326e-12,2.00106371511793e-19,3.46944695195361e-18,5.72420266747014e-14
NC_k0006,0.0165413533834586,0.0165413533834586,0.255774344257834,-68.3619847437607,-90.8626791697758,-78.9553430964653,-80.0958319922764,75.0249661969538,88.0159840371645,71.9145985184399,84.2596536604518,1,1120,-4.72334502243786,-1.53404059451286,-2.06493725359379,0.233988049240952,-2.06118850269434e-18,1.70201675455646e-18,0,3.28539637052842e-18,0.000126519734360833,-0.000129018937015565,1,6.36639586931323e-20,1.3321739324684e-19,1,-0.00398200939445783,0.00754742661982021,0.00754742661982021,0.00927323019774596,-0.0149178558947045,0.000283080721679624,0.000283080721679624,0.0043086651193074,1,2.16840434497101e-19,0,1,-0.00398190798597573,0.00754761915621357,0.00754761915621357,0.00927316253429449,-0.0149177671069135,0.000283087943126606,0.000283087943126606,0.00430850867086097,-11.1549167858045,31.3506349316596,-10.5489085727191,9.98483245836093,-10.5489085727191,9.98483245836093,-3.18073225023993,13.5181874150614,1.30104260698261e-18,3.28811036507423e-19,4.48397009627087e-19,0,0,0,-0.00398200939445784,0.00927323019774596,0.00754742661982021,-0.0149178558947045,0.00430866511930741,0.000283080721679624,6.55695938954686e-13,5.89784225749721e-09,8.43772642091789e-12,1.3321739324684e-19,6.93889390390723e-18,2.60438089171131e-14
NC_k0007,-0.0191729323308271,-0.0191729323308271,0.189459855080447,-50.3836509677763,70.161250982638,-68.49522945111,97.9208153219075,49.0565878466439,-73.0664381737717,70.7892614033688,-97.6795626161575,1,1120,-5.00004847879225,-3.77855767193604,-2.89694002974039,2.6409508170519,1.29337960578791e-18,-5.62290910633947e-19,0,-1.0871800226907e-19,0.000997572148041142,-0.000937065340076732,1,-8.3535261023102e-20,3.59133515999642e-20,1,0.00182057138377453,-0.00383757236604354,-0.00383757236604354,0.0157517137559357,0.0045404334689026,-0.00171840194232206,-0.00171840194232206,-0.0105011252064776,1,0,0,1,0.00182071626441828,-0.00383767026329777,-0.00383767026329777,0.015751680943437,0.00454031853328688,-0.0017184457791063,-0.0017184457791063,-0.0105010482854776,-8.08468247714754,-18.9277759396712,8.65626070558428,10.1418936101752,8.65626070558428,10.1418936101752,-9.06316308957225,-14.9525957730823,1.95156391047391e-18,-2.0350797477429e-19,-3.8976194458451e-20,0,0,0,0.00182057138377452,0.0157517137559357,-0.00383757236604354,0.00454043346890259,-0.0105011252064776,-0.00171840194232206,1.58893578690594e-12,1.2859367823136e-09,4.30045972767264e-12,8.3535261023102e-20,7.58941520739853e-18,1.55288359848445e-14
NC_k0007,-0.0120300751879699,-0.0120300751879699,0.188319906565323,-54.2270901773896,75.2390304895383,-65.6754149175892,92.7567168000004,53.5573740564761,-77.5206497584064,67.2902550548681,-93.1432438686056,1,1120,-3.23001380727263,-2.43098493487909,-1.86812958491003,1.66013865599933,6.97078337088237e-19,1.88001609621052e-19,0,-1.55468927001587e-18,0.000997269669691631,-0.000935380795650049,1,-2.35036583869937e-19,9.45476839336992e-20,1,0.00182057138377452,-0.00383757236604354,-0.00383757236604354,0.0157517137559357,0.00454043346890259,-0.00171840194232206,-0.00171840194232206,-0.0105011252064776,1,0,0,1,0.00182071626441828,-0.00383767026329777,-0.00383767026329777,0.015751680943437,0.00454031853328688,-0.0017184457791063,-0.0017184457791063,-0.0105010482854776,-8.00259447262603,-18.829001726743,8.59183389919291,10.0435535575966,8.59183389919291,10.0435535575966,-9.05108588593269,-14.8950573560757,1.73472347597681e-18,1.14123794443371e-18,-1.3929480263179e-19,0,0,0,0.00182057138377452,0.0157517137559357,-0.00383757236604354,0.00454043346890259,-0.0105011252064776,-0.00171840194232206,4.76397069469427e-13,5.38488481043407e-09,4.8668373134423e-12,2.35036583869937e-19,2.60208521396521e-18,8.31252783241197e-14
NC_k0007,-0.00488721804511278,-0.00488721804511278,0.187787222189114,-57.9293547070356,80.4432094504845,-62.5917341865055,87.5680510713433,57.9324044363524,-82.1530536207172,63.5219022782967,-88.5271641238267,1,1120,-1.33024248767329,-0.999740969495883,-0.768894540865832,0.673516104722664,5.5236143456086e-19,1.78088677160217e-19,0,-3.49996660783437e-19,0.000997103653560361,-0.000934525655898318,1,-1.55779199824413e-19,-3.21008617293629e-20,1,0.00182057138377453,-0.00383757236604354,-0.00383757236604354,0.0157517137559357,0.00454043346890259,-0.00171840194232206,-0.00171840194232206,-0.0105011252064776,1,0,0,1,0.00182071626441828,-0.00383767026329777,-0.00383767026329777,0.015751680943437,0.00454031853328688,-0.0017184457791063,-0.0017184457791063,-0.0105010482854776,-7.95888713452768,-18.7894775569865,8.55907687262326,9.99160022842184,8.55907687262326,9.99160022842184,-9.04940198283508,-14.8723674091962,2.16840434497101e-18,-4.03028641373207e-19,7.32491667376342e-19,0,0,0,0.00182057138377452,0.0157517137559357,-0.00383757236604354,0.00454043346890259,-0.0105011252064776,-0.00171840194232206,5.12128471826264e-12,2.57110264119146e-09,5.57709514388708e-12,1.55779199824413e-19,9.54097911787244e-18,1.05531573227072e-13
NC_k0007,0.00225563909774436,0.00225563909774436,0.1877087174939,-61.3860725745185,85.6523245411969,-59.2331859888739,82.3637216200911,62.0659087299791,-86.8147873929237,59.4856254945774,-83.8708524798264,1,1120,0.615156704505403,0.462247787440063,0.355543482342024,-0.310732214587118,-6.52514253005581e-19,-1.12523033086813e-18,0,-6.47794916192328e-19,0.000997076986110131,-0.000934399020142464,1,-2.1192621870343e-19,4.79075978552915e-20,1,0.00182057138377452,-0.00383757236604354,-0.00383757236604354,0.0157517137559357,0.00454043346890259,-0.00171840194232206,-0.00171840194232206,-0.0105011252064776,1,0,0,1,0.00182071626441828,-0.00383767026329777,-0.00383767026329777,0.015751680943437,0.00454031853328688,-0.0017184457791063,-0.0017184457791063,-0.0105010482854776,-7.9521169653856,-18.784154015854,8.55407446121596,9.98356932127777,8.55407446121596,9.98356932127777,-9.04939812025646,-14.8692551613904,3.03576608295941e-18,1.64982501081921e-18,-5.78226489222753e-19,0,0,0,0.00182057138377452,0.0157517137559357,-0.00383757236604354,0.00454043346890259,-0.0105011252064776,-0.00171840194232206,6.65242212073197e-12,4.74413875888319e-09,1.17677282850071e-11,2.1192621870343e-19,3.46944695195361e-18,4.15501040767868e-14
NC_k0007,0.0093984962406015,0.0093984962406015,0.188065241421311,-64.5714808451044,90.8472495816905,-55.6157196073188,77.1522274369395,65.933351742346,-91.4499735023117,55.1933154577397,-79.2181301823351,1,1120,2.54010631421803,1.91032286976465,1.46864163071427,-1.2964267976768,1.04758123240656e-18,-6.57142057114177e-19,0,2.78660604756864e-20,0.000997193814438817,-0.00093497388089925,1,-1.38800182890176e-19,2.52973918838418e-20,1,0.00182057138377452,-0.00383757236604354,-0.00383757236604354,0.0157517137559357,0.00454043346890259,-0.00171840194232206,-0.00171840194232206,-0.0105011252064776,1,0,0,1,0.00182071626441828,-0.00383767026329777,-0.00383767026329777,0.015751680943437,0.00454031853328688,-0.0017184457791063,-0.0017184457791063,-0.0105010482854776,-7.98215173414611,-18.8094164451955,8.57641569551698,10.0192391019342,8.57641569551698,10.0192391019342,-9.04993819149841,-14.8838807715109,1.73472347597681e-18,7.40336615626229e-19,-4.47189109767297e-19,0,0,0,0.00182057138377452,0.0157517137559357,-0.00383757236604354,0.00454043346890259,-0.0105011252064776,-0.00171840194232206,1.7563517625943e-12,2.41026486012592e-09,3.74639129114585e-12,1.38800182890176e-19,2.60208521396521e-18,9.34211937937733e-14
NC_k0007,0.0165413533834586,0.0165413533834586,0.188950292824231,-67.4845676449541,96.022734601028,-51.8020524539561,71.9998957808215,69.5314515679487,-96.0206025989466,50.7137599722976,-74.6676831537625,1,1120,4.36969310557015,3.29567188088433,2.52957044552988,-2.28193612322884,6.15290026841444e-20,-5.2429023329326e-19,0,1.48154665153148e-18,0.000997440228973911,-0.000936346795636682,1,-3.77482350299085e-20,-4.85979356019606e-20,1,0.00182057138377452,-0.00383757236604354,-0.00383757236604354,0.0157517137559357,0.00454043346890259,-0.00171840194232206,-0.00171840194232206,-0.0105011252064776,1,0,0,1,0.00182071626441828,-0.00383767026329777,-0.00383767026329777,0.015751680943437,0.00454031853328688,-0.0017184457791063,-0.0017184457791063,-0.0105010482854776,-8.04978987077956,-18.8818103643875,8.62828907378199,10.0999087639053,8.62828907378199,10.0999087639053,-9.05645225959405,-14.925372475146,2.60208521396521e-18,5.31165944028536e-19,-5.05446804378918e-19,0,0,0,0.00182057138377452,0.0157517137559357,-0.00383757236604354,0.00454043346890259,-0.0105011252064776,-0.00171840194232206,8.1181550341839e-13,3.8977746184614e-09,1.34829863365809e-11,4.85979356019606e-20,6.93889390390723e-18,6.40455793295406e-14
NC_k0008,-0.0191729323308271,-0.0191729323308271,0.326321259829906,22.9490093365155,111.277880191183,13.412139742301,132.440229032219,-22.6042008191897,-121.439628800856,-12.9191854912967,-124.101714570212,1,1120,-1.87213366837753,4.24886150692732,0.784320186721429,1.83043063028949,-1.27117807814699e-19,1.13054662066501e-18,0,-3.57269232729003e-18,-0.000155391960218874,-0.000313045180530677,1,2.63118799800423e-20,-3.05760296108018e-20,1,-0.000324640517658474,-0.00270771985033662,-0.00270771985033662,-0.00777483302139315,0.0130076576265531,0.00866451467893541,0.00866451467893541,-0.00937239892902188,1,2.16840434497101e-19,0,1,-0.000324713859044142,-0.00270778892482259,-0.00270778892482259,-0.00777481133481321,0.0130075264886245,0.00866473571247314,0.00866473571247314,-0.00937224460704545,2.81201771648157,-16.7249181673543,15.0192910167331,-1.29286820340649,15.0192910167331,-1.29286820340649,31.2896943323165,-19.5906600101273,1.30104260698261e-18,3.79910577917265e-19,1.01112742911971e-18,0,0,0,-0.000324640517658471,-0.00777483302139315,-0.00270771985033662,0.0130076576265531,-0.00937239892902188,0.00866451467893541,1.07143018965218e-12,4.9870221782198e-09,3.29031872255711e-12,3.05760296108018e-20,5.20417042793042e-18,6.82148985798146e-14
NC_k0008,-0.0120300751879699,-0.0120300751879699,0.325058156318615,20.6545675846567,113.984924814473,14.8814631182356,127.589365584356,-20.4365983694735,-121.07553269814,-14.2627288080644,-122.325216490602,1,1120,-1.18092485468998,2.71618304204639,0.506635201827622,1.14606390180323,-7.93736046026284e-19,-4.7765838120992e-18,0,-2.61985305352285e-18,-0.000156387868748951,-0.000311404749160851,1,3.23566850001078e-20,-2.08839624377317e-19,1,-0.000324640517658471,-0.00270771985033662,-0.00270771985033662,-0.00777483302139315,0.0130076576265531,0.00866451467893541,0.00866451467893541,-0.00937239892902189,1,2.16840434497101e-19,0,1,-0.000324713859044142,-0.00270778892482259,-0.00270778892482259,-0.00777481133481321,0.0130075264886245,0.00866473571247314,0.00866473571247314,-0.00937224460704545,2.8077964986946,-16.6480432215155,14.9263026489524,-1.30236979679915,14.9263026489524,-1.30236979679915,31.2426334610056,-19.4897859581732,8.67361737988404e-19,-2.90140611027122e-19,5.49397568877552e-19,0,0,0,-0.000324640517658471,-0.00777483302139315,-0.00270771985033662,0.0130076576265531,-0.00937239892902188,0.00866451467893541,1.34223294668586e-12,6.40105721525883e-09,4.40283361580442e-12,2.08839624377317e-19,6.93889390390723e-18,5.12318951106524e-15
NC_k0008,-0.00488721804511278,-0.00488721804511278,0.324518623277575,18.7236947343795,117.397142064621,16.4308560853034,122.9902204974,-18.4228846283851,-120.901043513642,-15.8955118631908,-121.314346749212,1,1120,-0.480039621507281,1.10902167350435,0.207564077159021,0.463821044389344,4.18427658498724e-19,-7.31629257684271e-19,0,-5.09300397104819e-18,-0.000156811399409658,-0.000310549500541903,1,6.81360353592891e-21,4.69893761349701e-20,1,-0.000324640517658474,-0.00270771985033662,-0.00270771985033662,-0.00777483302139315,0.0130076576265531,0.00866451467893541,0.00866451467893541,-0.00937239892902188,1,2.16840434497101e-19,0,1,-0.000324713859044142,-0.00270778892482259,-0.00270778892482259,-0.00777481133481321,0.0130075264886245,0.00866473571247314,0.00866473571247314,-0.00937224460704545,2.81038147151472,-16.6194966428927,14.8781179980232,-1.30915679234854,14.8781179980232,-1.30915679234854,31.2347832152937,-19.443845154616,1.73472347597681e-18,2.71566245147786e-19,1.44550840385764e-18,0,0,0,-0.000324640517658471,-0.00777483302139315,-0.00270771985033662,0.0130076576265531,-0.00937239892902188,0.00866451467893541,8.87059870535971e-12,3.78598568757624e-09,1.27723921451311e-12,4.69893761349701e-20,1.21430643318376e-17,2.37769097601064e-14
NC_k0008,0.00225563909774436,0.00225563909774436,0.324441663652498,17.0226669476802,121.392453073813,18.077151551246,118.806732021893,-16.5476671855357,-121.106121838136,-17.7154855496724,-120.921669048757,1,1120,0.221495050658869,-0.512033920680643,-0.0958778271071792,-0.2138676357209,-7.25700440643797e-19,-1.07458537068396e-18,0,4.54261784379011e-18,-0.000156868404366135,-0.000310420930178486,1,5.74050916567076e-20,-1.06342930093388e-20,1,-0.000324640517658471,-0.00270771985033662,-0.00270771985033662,-0.00777483302139314,0.0130076576265531,0.00866451467893541,0.00866451467893541,-0.00937239892902188,1,2.16840434497101e-19,0,1,-0.000324713859044142,-0.00270778892482259,-0.00270778892482259,-0.00777481133481321,0.0130075264886245,0.00866473571247314,0.00866473571247314,-0.00937224460704545,2.81108672604228,-16.615835579325,14.8706755248691,-1.31030189001032,14.8706755248691,-1.31030189001032,31.2344585301975,-19.4370925604376,1.30104260698261e-18,-8.82585407745604e-19,-1.76653253449885e-19,0,0,0,-0.000324640517658471,-0.00777483302139315,-0.00270771985033662,0.0130076576265531,-0.00937239892902188,0.00866451467893541,7.4702001588201e-12,4.76667822287498e-09,3.22810760628219e-12,5.74050916567076e-20,3.46944695195361e-18,4.75650995885e-14
NC_k0008,0.0093984962406015,0.0093984962406015,0.324796379294998,15.4438630202992,125.856718305529,19.9077116854179,115.168036663185,-14.8372828552556,-121.871964585566,-19.6780378039818,-120.980237355077,1,1120,0.923033389544362,-2.12789765432937,-0.397605207379033,-0.893960152444472,-4.09464329381099e-19,2.45269970406058e-18,0,-3.87401768083085e-18,-0.000156596911782824,-0.000310999269243488,1,1.78314040892529e-20,-3.62498070712465e-19,1,-0.000324640517658469,-0.00270771985033662,-0.00270771985033662,-0.00777483302139314,0.0130076576265531,0.00866451467893541,0.00866451467893541,-0.00937239892902188,1,2.16840434497101e-19,0,1,-0.000324713859044142,-0.00270778892482259,-0.00270778892482259,-0.00777481133481321,0.0130075264886245,0.00866473571247314,0.00866473571247314,-0.00937224460704545,2.80855905650671,-16.6336372760517,14.9037289462689,-1.30539625489478,14.9037289462689,-1.30539625489478,31.2376959001424,-19.4677726853007,1.73472347597681e-18,-8.70616330551925e-19,-7.12288831314288e-19,0,0,0,-0.000324640517658471,-0.00777483302139315,-0.00270771985033662,0.0130076576265531,-0.00937239892902188,0.00866451467893541,5.36376209595174e-12,5.76852466026182e-09,2.17202907736943e-12,3.62498070712465e-19,8.67361737988404e-18,2.54656826883686e-14
NC_k0008,0.0165413533834586,0.0165413533834586,0.325738185179734,13.9408855519849,130.634441873587,22.0550034710114,112.181122415838,-13.3716831056343,-123.349343857001,-21.7867045378387,-121.290988636897,1,1120,1.62010928857434,-3.70073095664386,-0.686605150462949,-1.5791444849571,7.97335936052114e-20,-3.08169776801326e-18,0,-4.48115501555497e-18,-0.000155842095578459,-0.000312356200993491,1,1.97252743736054e-20,9.92931189117284e-20,1,-0.000324640517658472,-0.00270771985033662,-0.00270771985033662,-0.00777483302139315,0.0130076576265531,0.00866451467893541,0.00866451467893541,-0.00937239892902188,1,2.16840434497101e-19,0,1,-0.000324713859044142,-0.00270778892482259,-0.00270778892482259,-0.00777481133481321,0.0130075264886245,0.00866473571247314,0.00866473571247314,-0.00937224460704545,2.80886980255978,-16.6884969304215,14.9791434905955,-1.29641009281375,14.9791434905955,-1.29641009281375,31.2638277303631,-19.5450194950974,1.30104260698261e-18,1.11583669901347e-19,-2.67996235262595e-19,0,0,0,-0.000324640517658471,-0.00777483302139315,-0.00270771985033662,0.0130076576265531,-0.00937239892902188,0.00866451467893541,1.82430614163538e-12,4.04027274979035e-09,4.48394869937651e-12,9.92931189117284e-20,4.33680868994202e-18,3.34016278604952e-14
NC_k0009,-0.0191729323308271,-0.0191729323308271,0.358923003073789,50.051734080866,-87.0287621106348,74.3640329218203,-125.954553902881,-48.2744591334903,93.4388851029553,-74.0545868879248,122.076439673539,1,1120,4.25866850191619,9.54478575816954,4.55513990582816,-3.08413653341391,-1.23558945947251e-18,5.30847459445091e-18,0,-4.74662705262529e-19,0.000327100219605472,0.00096689394556911,1,2.24206540778411e-20,-5.20994246708607e-20,1,0.00519928019819397,0.000838001429410395,0.000838001429410395,-0.00973762720273093,-0.00541928592851948,0.00975559370658176,0.00975559370658176,0.0123654189958392,1,0,-2.71050543121376e-20,1,0.00519917046553515,0.000838022806997881,0.000838022806997881,-0.00973754641361168,-0.00541915035599743,0.00975584257376815,0.00975584257376815,0.0123653277226352,10.6767703086227,9.72748252736957,-12.199907272822,-6.06640394914764,-12.199907272822,-6.06640394914764,37.935418832292,18.4642391125363,8.67361737988404e-19,-1.59100406715805e-19,-9.48182634580531e-20,0,0,0,0.00519928019819397,-0.00973762720273093,0.000838001429410396,-0.00541928592851949,0.0123654189958392,0.00975559370658176,6.16016041363973e-13,5.55512027040813e-09,3.00681251732676e-12,5.20994246708607e-20,1.73472347597681e-18,2.81481806336383e-14
NC_k0009,-0.0120300751879699,-0.0120300751879699,0.35788532266157,54.4385587811458,-94.4278991163254,70.0043549147436,-119.231944059283,-52.976683204248,99.014244895816,-69.3559972586447,117.213445403243,1,1120,2.78310264074102,6.10935673560391,2.93451159419392,-1.9415711447059,-9.45358252307254e-19,4.75833993009904e-19,0,-9.81075911157293e-19,0.0003259078817121,0.000965944774006769,1,4.14013068061953e-20,-3.08284742430556e-19,1,0.00519928019819397,0.000838001429410396,0.000838001429410396,-0.00973762720273093,-0.00541928592851948,0.00975559370658176,0.00975559370658176,0.0123654189958392,1,0,-2.71050543121376e-20,1,0.00519917046553515,0.000838022806997881,0.000838022806997881,-0.00973754641361168,-0.00541915035599743,0.00975584257376815,0.00975584257376815,0.0123653277226352,10.6006909329791,9.67269121666056,-12.0839151745399,-5.99842681616354,-12.0839151745399,-5.99842681616354,37.8726333082382,18.4245148592954,1.73472347597681e-18,-5.78883109701923e-19,1.14273316467205e-18,0,0,0,0.00519928019819397,-0.00973762720273093,0.000838001429410396,-0.00541928592851949,0.0123654189958392,0.00975559370658176,4.72485073134311e-13,6.9225402725536e-09,2.0756935720377e-12,3.08284742430556e-19,5.20417042793042e-18,7.94156888553953e-14
NC_k0009,-0.00488721804511278,-0.00488721804511278,0.357504861344758,59.0866371017939,-102.022806173086,65.4650241873955,-112.159855208442,-57.8726254644525,104.671009845131,-64.5583684273468,112.096383325861,1,1120,1.15387304677882,2.50281703478879,1.2067077269173,-0.788575499805347,-1.01976149404517e-18,4.13986029481559e-18,0,-1.38086222737152e-18,0.000325404698873824,0.000965450383089036,1,-7.94645403148949e-21,9.39016513141116e-20,1,0.00519928019819396,0.000838001429410396,0.000838001429410396,-0.00973762720273094,-0.00541928592851948,0.00975559370658175,0.00975559370658175,0.0123654189958392,1,0,-2.71050543121376e-20,1,0.00519917046553515,0.000838022806997881,0.000838022806997881,-0.00973754641361168,-0.00541915035599743,0.00975584257376815,0.00975584257376815,0.0123653277226352,10.5678302252935,9.6522493430601,-12.02284323137,-5.96446280889878,-12.02284323137,-5.96446280889878,37.8602756441589,18.4105076127801,1.73472347597681e-18,4.56601098484381e-19,-4.76060902245104e-19,0,0,0,0.00519928019819397,-0.00973762720273093,0.000838001429410396,-0.00541928592851949,0.0123654189958392,0.00975559370658176,2.93159340980829e-12,4.11573889306194e-09,8.99716166110828e-13,9.39016513141116e-20,6.07153216591882e-18,5.8382962358727e-14
NC_k0009,0.00225563909774436,0.00225563909774436,0.357454936920225,63.7608730394362,-109.476802309514,60.8133213127662,-104.794612016769,-62.7695592474127,110.144222188181,-59.6820143334579,106.714812430665,1,1120,-0.534174039498109,-1.15642415835986,-0.557897405293143,0.36388439808097,-4.95408395025359e-19,3.50870163510293e-18,0,1.35977243047387e-18,0.000325337003144472,0.000965377259115123,1,1.03145076915775e-19,1.74159270054173e-20,1,0.00519928019819397,0.000838001429410395,0.000838001429410395,-0.00973762720273093,-0.00541928592851948,0.00975559370658176,0.00975559370658176,0.0123654189958392,1,0,-2.71050543121376e-20,1,0.00519917046553515,0.000838022806997881,0.000838022806997881,-0.00973754641361168,-0.00541915035599743,0.00975584257376815,0.00975584257376815,0.0123653277226352,10.5632119729476,9.64963716498519,-12.0134158381437,-5.9593482925893,-12.0134158381437,-5.9593482925893,37.8595135261746,18.4086382184223,1.73472347597681e-18,-1.03700804772277e-18,1.00066411831234e-18,0,0,0,0.00519928019819397,-0.00973762720273093,0.000838001429410396,-0.00541928592851949,0.0123654189958392,0.00975559370658176,7.3419692242185e-12,4.97940642543696e-09,2.69816414762242e-12,1.03145076915775e-19,3.46944695195361e-18,4.9694567228671e-14
NC_k0009,0.0093984962406015,0.0093984962406015,0.357694915800983,68.3493050513107,-116.66472298134,56.1363361915292,-97.2288546283285,-67.599013394,115.359450501697,-54.7718882339487,101.109181745964,1,1120,-2.19543381798697,-4.79263077059901,-2.30606131423332,1.51694893057133,-1.25939240877934e-18,8.62353655687762e-18,0,-3.12532658224175e-18,0.00032565781676166,0.000965709707708103,1,4.71837429155562e-20,-8.21936976019409e-20,1,0.00519928019819397,0.000838001429410395,0.000838001429410395,-0.00973762720273093,-0.00541928592851948,0.00975559370658176,0.00975559370658176,0.0123654189958392,1,0,-2.71050543121376e-20,1,0.00519917046553515,0.000838022806997881,0.000838022806997881,-0.00973754641361168,-0.00541915035599743,0.00975584257376815,0.00975584257376815,0.0123653277226352,10.5846682378155,9.66235855271492,-12.055327949505,-5.98233586067065,-12.055327949505,-5.98233586067065,37.8652607555376,18.417539951358,1.30104260698261e-18,-8.87664190249563e-19,4.27057037184986e-19,0,0,0,0.00519928019819397,-0.00973762720273093,0.000838001429410396,-0.00541928592851949,0.0123654189958392,0.00975559370658176,1.81596721116777e-12,3.95144549675401e-09,3.73651650440899e-12,8.21936976019409e-20,6.07153216591882e-18,1.86229601078737e-15
NC_k0009,0.0165413533834586,0.0165413533834586,0.358422686311083,72.7823606449482,-123.521032938436,51.6131542082801,-89.6940596956787,-72.3368404352215,120.310598222562,-49.9637922028545,95.4511801375195,1,1120,-3.73917242577883,-8.31035895294268,-3.97634535497814,2.6662486551682,5.50240543470274e-19,2.21892191934085e-18,0,-2.58707684893105e-18,0.000326563861536316,0.000966496466405288,1,1.65905401638563e-20,1.5158946368519e-19,1,0.00519928019819397,0.000838001429410395,0.000838001429410395,-0.00973762720273093,-0.00541928592851949,0.00975559370658176,0.00975559370658176,0.0123654189958392,1,0,-2.71050543121376e-20,1,0.00519917046553515,0.000838022806997881,0.000838022806997881,-0.00973754641361168,-0.00541915035599743,0.00975584257376815,0.00975584257376815,0.0123653277226352,10.6420995687487,9.70168804759598,-12.1502996482508,-6.03686909859444,-12.1502996482508,-6.03686909859444,37.9016767447476,18.4446000145284,1.73472347597681e-18,-5.93819336741735e-19,5.00835752394745e-19,0,0,0,0.00519928019819397,-0.00973762720273093,0.000838001429410396,-0.00541928592851949,0.0123654189958392,0.00975559370658176,5.41220366392091e-13,4.69669004145938e-09,2.50046007128148e-12,1.5158946368519e-19,3.46944695195361e-18,4.67726187881134e-14
NC_k0010,-0.0191729323308271,-0.0191729323308271,0.417119119560445,-44.5708053340955,48.268944081651,-64.9156616131182,79.7541819708774,40.931275283193,-54.0749262033257,64.2980836955529,-76.4430675380637,1,1120,-4.22720060757561,-10.9012446616431,-4.99238693884214,2.16371432621452,6.18042883920021e-19,-2.96497265741467e-18,0,5.74084955205304e-19,-0.00151511329543759,-0.00115692841969088,1,1.13920317286393e-19,1.60672702616681e-19,1,-0.0111572556086814,-0.00114164067691532,-0.00114164067691532,0.000921888631614492,-0.000838431457235705,-0.0125858989726805,-0.0125858989726805,-0.0106889945710182,1,0,0,1,-0.0111572112116103,-0.00114166980040198,-0.00114166980040198,0.000921778957968264,-0.000838531038078354,-0.0125862200415319,-0.0125862200415319,-0.0106889685069231,-11.2471845583652,-8.33982574452552,6.07444996670344,1.79380263096659,6.07444996670344,1.79380263096659,-47.904926811004,-12.0922180202591,2.60208521396521e-18,-1.02263927275901e-18,-4.52991526599049e-20,0,0,0,-0.0111572556086814,0.000921888631614494,-0.00114164067691532,-0.000838431457235701,-0.0106889945710182,-0.0125858989726805,5.08892569760085e-13,5.03167071309638e-09,4.2454847028072e-12,1.60672702616681e-19,5.20417042793042e-18,5.85561902976112e-14
NC_k0010,-0.0120300751879699,-0.0120300751879699,0.416863389473975,-47.7853664122427,54.3290228776782,-60.9781507369929,74.5793315083856,44.727981753677,-58.5429421125027,59.7481342270628,-72.9110584141494,1,1120,-2.75827136430258,-6.97973260813307,-3.21354131090371,1.36629542768393,6.70962590788713e-19,-8.21767542624481e-19,0,1.64249180370138e-18,-0.00151319130111712,-0.00115662176592489,1,4.16491270755161e-20,3.22092363690231e-19,1,-0.0111572556086814,-0.00114164067691532,-0.00114164067691532,0.000921888631614493,-0.000838431457235699,-0.0125858989726805,-0.0125858989726805,-0.0106889945710182,1,0,0,1,-0.0111572112116103,-0.00114166980040198,-0.00114166980040198,0.000921778957968264,-0.000838531038078354,-0.0125862200415319,-0.0125862200415319,-0.0106889685069231,-11.2183791366605,-8.33903416678812,5.98793993851914,1.7584464003926,5.98793993851914,1.7584464003926,-47.83487631742,-12.1023957480788,2.60208521396521e-18,-5.66192926220414e-19,-1.35551149877335e-18,0,0,0,-0.0111572556086814,0.000921888631614494,-0.00114164067691532,-0.000838431457235701,-0.0106889945710182,-0.0125858989726805,9.88740788297316e-13,5.85593784633459e-09,3.58937772492042e-12,3.22092363690231e-19,3.46944695195361e-18,1.27171516531463e-13
NC_k0010,-0.00488721804511278,-0.00488721804511278,0.416985995395555,-51.5357230769808,60.6337582919979,-56.9719860597117,68.9470145711832,49.0205612341066,-63.1301756888665,55.1869507368506,-69.0203538444419,1,1120,-1.14227888648663,-2.85876162936601,-1.3203433702314,0.556188325155438,1.31622302558418e-18,-9.96264270692747e-18,0,1.81007797541916e-20,-0.00151235885660289,-0.00115649460733252,1,1.01100441938333e-19,-1.04461324304612e-19,1,-0.0111572556086814,-0.00114164067691532,-0.00114164067691532,0.000921888631614493,-0.000838431457235708,-0.0125858989726805,-0.0125858989726805,-0.0106889945710182,1,0,0,1,-0.0111572112116103,-0.00114166980040198,-0.00114166980040198,0.000921778957968264,-0.000838531038078354,-0.0125862200415319,-0.0125862200415319,-0.0106889685069231,-11.2151535118865,-8.34549164108997,5.94213909144872,1.74240928664056,5.94213909144872,1.74240928664056,-47.8250341401619,-12.1136181221715,1.73472347597681e-18,-1.0638259771705e-18,2.22591401444756e-19,0,0,0,-0.0111572556086814,0.000921888631614494,-0.00114164067691532,-0.000838431457235701,-0.0106889945710182,-0.0125858989726805,3.86633716866049e-12,3.82597621614845e-09,5.40866820257364e-12,1.04461324304612e-19,6.93889390390723e-18,1.74792780504538e-13
NC_k0010,0.00225563909774436,0.00225563909774436,0.417018746531531,-55.4956535197019,66.7690640020188,-52.9814556041889,62.926760092418,53.511979305058,-67.495996850986,50.6619104744789,-64.7735415164848,1,1120,0.528720764198915,1.32080018538333,0.610341913362113,-0.25676449535033,1.27713377855737e-19,-2.58453575008929e-18,0,1.77976490789639e-18,-0.00151224430335707,-0.0011564786209546,1,-5.6262717878832e-20,1.57196964442063e-19,1,-0.0111572556086814,-0.00114164067691532,-0.00114164067691532,0.000921888631614491,-0.000838431457235702,-0.0125858989726805,-0.0125858989726805,-0.0106889945710182,1,0,0,1,-0.0111572112116103,-0.00114166980040198,-0.00114166980040198,0.000921778957968264,-0.000838531038078354,-0.0125862200415319,-0.0125862200415319,-0.0106889685069231,-11.2153640685412,-8.34689702699219,5.9350848414148,1.74011788306837,5.9350848414148,1.74011788306837,-47.8250091844766,-12.1155984225942,2.16840434497101e-18,-6.53795631617985e-19,-1.15388013926968e-18,0,0,0,-0.0111572556086814,0.000921888631614494,-0.00114164067691532,-0.000838431457235701,-0.0106889945710182,-0.0125858989726805,4.87386830720028e-12,4.61133702274431e-09,5.54893463423228e-12,1.57196964442063e-19,3.03576608295941e-18,2.68890850638683e-14
NC_k0010,0.0093984962406015,0.0093984962406015,0.416901580354911,-59.505676999426,72.5549170709984,-49.1259976259169,56.6529696982899,58.0670767508224,-71.5202724916675,46.2719622991127,-60.2432498334946,1,1120,2.17473806093108,5.47502131698307,2.52442059471162,-1.06856411708429,2.53666515367962e-19,-4.78042896117666e-18,0,1.41295683513858e-19,-0.00151278161077277,-0.0011565576061435,1,2.07238348130926e-20,2.52329076437035e-19,1,-0.0111572556086814,-0.00114164067691532,-0.00114164067691532,0.000921888631614492,-0.000838431457235701,-0.0125858989726805,-0.0125858989726805,-0.0106889945710182,1,0,0,1,-0.0111572112116103,-0.00114166980040198,-0.00114166980040198,0.000921778957968264,-0.000838531038078354,-0.0125862200415319,-0.0125862200415319,-0.0106889685069231,-11.2158763840899,-8.34148652375036,5.96649138179186,1.75066856930959,5.96649138179186,1.75066856930959,-47.8281921480868,-12.1073019284364,1.95156391047391e-18,-6.83747022118455e-19,-1.00009829099498e-18,0,0,0,-0.0111572556086814,0.000921888631614494,-0.00114164067691532,-0.000838431457235701,-0.0106889945710182,-0.0125858989726805,1.9435214844206e-12,4.91741700896575e-09,4.12031025022934e-12,2.52329076437035e-19,1.73472347597681e-18,3.20895580087372e-14
NC_k0010,0.0165413533834586,0.0165413533834586,0.416922397655931,-63.4771152108874,77.9032747060194,-45.6609794127112,50.4318137619255,62.6258364309004,-75.1798350793648,42.2452678948512,-55.6705876680358,1,1120,3.7095443825631,9.4938653962386,4.35712522700449,-1.87256913111745,3.78974452002395e-19,-2.61101876458078e-18,0,1.10440688612772e-18,-0.00151425011408843,-0.00115679198386753,1,6.96107582306689e-20,5.8502287828622e-21,1,-0.0111572556086814,-0.00114164067691532,-0.00114164067691532,0.000921888631614494,-0.000838431457235703,-0.0125858989726805,-0.0125858989726805,-0.0106889945710182,1,0,0,1,-0.0111572112116103,-0.00114166980040198,-0.00114166980040198,0.000921778957968264,-0.000838531038078354,-0.0125862200415319,-0.0125862200415319,-0.0106889685069231,-11.2311208695547,-8.33737620885637,6.03764859757863,1.77805331347551,6.03764859757863,1.77805331347551,-47.8659774206174,-12.0942970141609,2.16840434497101e-18,-5.14431238316615e-19,-2.81517525035426e-19,0,0,0,-0.0111572556086814,0.000921888631614494,-0.00114164067691532,-0.000838431457235701,-0.0106889945710182,-0.0125858989726805,1.27709032109619e-12,4.70491167143461e-09,8.72599098344984e-12,6.96107582306689e-20,6.93889390390723e-18,1.25289486969999e-13
NC_k0011,-0.0191729323308271,-0.0191729323308271,0.2160028847107,24.111209213588,-0.636987108871482,32.4589686934683,-14.6610625978946,-19.0410424503795,4.5403184941771,-33.6778873632321,13.6777808417257,1,1120,4.25389133700599,6.3117551783197,3.48666335005757,-0.643228011810539,-3.67810822455379e-19,2.56667526630304e-18,0,-1.14451356530797e-18,0.00175614015384209,0.00152948088759647,1,-1.70865666851745e-19,-1.54044724331403e-19,1,0.0111562507800311,0.00372247299024298,0.00372247299024298,0.00676674418518011,0.0090391613447924,0.00737137484334535,0.00737137484334535,0.00893581734392581,1,2.16840434497101e-19,2.16840434497101e-19,1,0.0111562799381362,0.00372256795128865,0.00372256795128865,0.00676682933188978,0.0090392180038826,0.00737156288862196,0.00737156288862196,0.00893587532117929,7.20801214805905,14.1995578057469,2.83209715666226,1.47058239162996,2.83209715666226,1.47058239162996,28.178692878458,3.81439554182839,3.03576608295941e-18,1.30350811399554e-18,8.05580003542435e-19,0,0,0,0.0111562507800311,0.0067667441851801,0.00372247299024298,0.0090391613447924,0.00893581734392581,0.00737137484334534,8.58380625848846e-13,5.7072467931687e-09,1.0008419953927e-11,1.70865666851745e-19,6.07153216591882e-18,1.09221871295295e-13
NC_k0011,-0.0120300751879699,-0.0120300751879699,0.216535160003834,25.1543882650142,-3.02828203751345,30.6966763445362,-12.2768898290316,-21.1616267192449,6.11122305932974,-30.8026748251416,12.1541328950624,1,1120,2.74244518504055,4.04948613243851,2.24133733476811,-0.411117146657668,-1.44521687902815e-18,-1.82540894089222e-18,0,-2.28487799266338e-18,0.00175494835196588,0.0015290692315856,1,-1.29053218243217e-19,-2.1248655923289e-19,1,0.0111562507800311,0.00372247299024298,0.00372247299024298,0.0067667441851801,0.0090391613447924,0.00737137484334535,0.00737137484334535,0.00893581734392581,1,2.16840434497101e-19,2.16840434497101e-19,1,0.0111562799381362,0.00372256795128865,0.00372256795128865,0.00676682933188978,0.0090392180038826,0.00737156288862196,0.00737156288862196,0.00893587532117929,7.23848897415881,14.2182882680665,2.8444576831492,1.48295448475106,2.8444576831492,1.48295448475106,28.1623923992655,3.86389525523126,2.16840434497101e-18,1.50308322994229e-18,1.20185228980877e-18,0,0,0,0.0111562507800311,0.0067667441851801,0.00372247299024298,0.0090391613447924,0.00893581734392581,0.00737137484334534,2.5576204519279e-12,4.49909209341179e-09,4.93582051548349e-12,2.1248655923289e-19,3.46944695195361e-18,6.319296495896e-14
NC_k0011,-0.00488721804511278,-0.00488721804511278,0.216961987189591,26.647180596139,-5.80428171255311,28.9502395643032,-9.64757260236862,-23.8446213701658,7.96140377465674,-27.8497628887502,10.4689331551001,1,1120,1.1275062871102,1.6599915928617,0.91987430039072,-0.168891853600539,2.01236499421901e-19,-1.17499351651932e-19,0,4.38299845534698e-19,0.00175444746883878,0.00152893745770891,1,-8.03498604952414e-20,2.32775183560668e-20,1,0.0111562507800311,0.00372247299024298,0.00372247299024298,0.0067667441851801,0.0090391613447924,0.00737137484334534,0.00737137484334534,0.00893581734392582,1,2.16840434497101e-19,2.16840434497101e-19,1,0.0111562799381362,0.00372256795128865,0.00372256795128865,0.00676682933188978,0.0090392180038826,0.00737156288862196,0.00737156288862196,0.00893587532117929,7.26400494235742,14.2370774094653,2.85050747719272,1.48807831916953,2.85050747719272,1.48807831916953,28.1706655041525,3.89617183296688,2.60208521396521e-18,6.49469223133148e-19,2.54517123508188e-19,0,0,0,0.0111562507800311,0.0067667441851801,0.00372247299024298,0.0090391613447924,0.00893581734392581,0.00737137484334534,6.11358105702938e-12,3.17424578952604e-09,1.10071362269545e-11,8.03498604952414e-20,6.93889390390723e-18,1.63620280548815e-13
NC_k0011,0.00225563909774436,0.00225563909774436,0.217035213551727,28.3167371479876,-8.63142436651467,27.2501027643697,-6.85193736234655,-26.7575084734946,9.81328102919074,-24.9031186941261,8.65184143700728,1,1120,-0.521273453210264,-0.767032235943832,-0.425140877420854,0.0781125716726395,1.33387836857851e-19,-2.78139150098711e-18,0,9.60892704210999e-19,0.001754379465354,0.00152892294414338,1,-2.45975246874574e-20,-1.20839931575215e-19,1,0.0111562507800311,0.00372247299024298,0.00372247299024298,0.0067667441851801,0.0090391613447924,0.00737137484334535,0.00737137484334535,0.00893581734392581,1,2.16840434497101e-19,2.16840434497101e-19,1,0.0111562799381362,0.00372256795128865,0.00372256795128865,0.00676682933188978,0.0090392180038826,0.00737156288862196,0.00737156288862196,0.00893587532117929,7.26845986686616,14.2404641597976,2.85136947543829,1.48875568558079,2.85136947543829,1.48875568558079,28.1728662767628,3.90147028803801,3.46944695195361e-18,7.6459701423262e-19,1.38357708256059e-18,0,0,0,0.0111562507800311,0.0067667441851801,0.00372247299024298,0.0090391613447924,0.00893581734392581,0.00737137484334534,8.98580658252252e-12,3.95482498411247e-09,5.07795061038913e-12,1.20839931575215e-19,5.20417042793042e-18,1.84026696208774e-13
NC_k0011,0.0093984962406015,0.0093984962406015,0.216724673713393,30.0500393575978,-11.3334687321726,25.6702680748556,-4.02825903929834,-29.7202859260075,11.5506441373394,-22.1064028142881,6.77857309672289,1,1120,-2.15505177393046,-3.17779531865156,-1.75983954055205,0.322832651667807,-4.9978914354944e-19,-1.38813479931709e-18,0,-4.99067842055294e-19,0.00175470046571385,0.00152899926958584,1,2.87906317697018e-20,-2.51660430835844e-19,1,0.0111562507800311,0.00372247299024298,0.00372247299024298,0.0067667441851801,0.0090391613447924,0.00737137484334534,0.00737137484334534,0.00893581734392581,1,2.16840434497101e-19,2.16840434497101e-19,1,0.0111562799381362,0.00372256795128865,0.00372256795128865,0.00676682933188978,0.0090392180038826,0.00737156288862196,0.00737156288862196,0.00893587532117929,7.24970814540981,14.226414874748,2.84737508017565,1.48551840571095,2.84737508017565,1.48551840571095,28.1649761282027,3.87856505780673,1.73472347597681e-18,7.72027967538983e-19,4.90681131045627e-19,0,0,0,0.0111562507800311,0.0067667441851801,0.00372247299024298,0.0090391613447924,0.00893581734392581,0.00737137484334534,3.74853671715366e-12,6.05203540279526e-09,1.31790568881246e-11,2.51660430835844e-19,1.73472347597681e-18,2.90202925524711e-13
NC_k0011,0.0165413533834586,0.0165413533834586,0.21617832532203,31.8079626974819,-13.8147690696384,24.415698013794,-1.44490507267707,-32.6316470464116,13.1358252929021,-19.7292459532137,5.05963827323144,1,1120,-3.71527602268679,-5.502086396296,-3.04172959826437,0.559047950112114,7.23974941886012e-19,-4.44336278772865e-18,0,-1.2120842951862e-18,0.00175559923007991,0.00152928127498668,1,-9.44198080471964e-20,-1.12289500706514e-19,1,0.0111562507800311,0.00372247299024298,0.00372247299024298,0.0067667441851801,0.0090391613447924,0.00737137484334535,0.00737137484334535,0.00893581734392581,1,2.16840434497101e-19,2.16840434497101e-19,1,0.0111562799381362,0.00372256795128865,0.00372256795128865,0.00676682933188978,0.0090392180038826,0.00737156288862196,0.00737156288862196,0.00893587532117929,7.21788672142243,14.20453717088,2.83734043522913,1.47612552312653,2.83734043522913,1.47612552312653,28.1661049886747,3.83338549971822,2.16840434497101e-18,9.33824707451208e-19,1.53310427655639e-18,0,0,0,0.0111562507800311,0.0067667441851801,0.00372247299024298,0.0090391613447924,0.00893581734392581,0.00737137484334534,1.9739745981292e-12,4.21931609135992e-09,5.68124949750371e-12,1.12289500706514e-19,1.73472347597681e-18,1.92973232113567e-13
NC_k0012,-0.0191729323308271,-0.0191729323308271,0.344197868889578,-90.7452529751991,-58.0061307381271,-102.698767820537,-65.7394048908298,82.3770107858234,63.8147450171245,108.06832419045,60.3601663072991,1,1120,-6.96352812093217,0.667209500630197,-2.07778514469971,0.631122960810726,-1.62272983848203e-18,2.1574193864363e-19,0,1.17799866368473e-18,-0.00156656299876752,0.000556711724025532,1,2.45386685530318e-19,-6.2167665201846e-20,1,-0.0152431504266709,-0.00930541602570422,-0.00930541602570422,-0.00271181015510362,0.0020331333037314,0.00312048212099628,0.00312048212099628,0.0077350270615511,1,0,0,1,-0.0152431277617475,-0.0093056534087661,-0.0093056534087661,-0.00271194732870414,0.00203320081632031,0.00312056172513202,0.00312056172513202,0.0077350218459033,-17.3153507612391,-28.6420740993944,-8.45307212836951,9.85325075465326,-8.45307212836951,9.85325075465326,4.51876535247157,10.1264314848596,3.63207727782644e-18,-6.12858204329761e-19,-5.45383123317824e-20,0,0,0,-0.0152431504266709,-0.00271181015510362,-0.00930541602570422,0.0020331333037314,0.0077350270615511,0.00312048212099628,1.0411198529251e-12,9.34276873748747e-09,7.00412161116895e-12,2.45386685530318e-19,8.67361737988404e-18,8.91861031270177e-14
NC_k0012,-0.0120300751879699,-0.0120300751879699,0.344452005639581,-92.9218010798475,-59.2820102154006,-100.50782295558,-64.2140341904604,86.9588109930462,63.1900417628418,103.44710493251,60.7286639581465,1,1120,-4.41222669991005,0.358738425432032,-1.33765113057774,0.399744171056813,-1.97186623142841e-19,-9.21254209257458e-19,0,-1.26486503571199e-18,-0.00156547169258829,0.000556426024773675,1,6.59104740994268e-20,-1.10835852689513e-19,1,-0.0152431504266709,-0.00930541602570422,-0.00930541602570422,-0.00271181015510362,0.0020331333037314,0.00312048212099628,0.00312048212099628,0.0077350270615511,1,0,0,1,-0.0152431277617475,-0.0093056534087661,-0.0093056534087661,-0.00271194732870414,0.00203320081632031,0.00312056172513202,0.00312056172513202,0.0077350218459033,-17.3378791607441,-28.664419876872,-8.41262538865333,9.77723341095644,-8.41262538865333,9.77723341095644,4.56535493349754,10.1441114951901,2.60208521396521e-18,-1.53405504200901e-18,8.99841341377497e-19,0,0,0,-0.0152431504266709,-0.00271181015510362,-0.00930541602570422,0.0020331333037314,0.0077350270615511,0.00312048212099628,1.09974873945748e-12,4.58127920600391e-09,9.53794834978136e-12,1.10835852689513e-19,1.73472347597681e-18,1.43591661355585e-13
NC_k0012,-0.00488721804511278,-0.00488721804511278,0.344688355363132,-95.2359939050511,-60.6701719439136,-98.323860429591,-62.6868647091486,91.8813739825565,62.4204071034773,98.6425902464074,61.3570420225373,1,1120,-1.79696944851265,0.131765359582143,-0.54951734934706,0.163051470803898,3.2461611261235e-18,2.37688032911397e-18,0,-2.97782456259191e-18,-0.00156485361202284,0.000556136581986599,1,-5.31817404021601e-21,2.46701577953027e-20,1,-0.0152431504266709,-0.00930541602570422,-0.00930541602570422,-0.00271181015510362,0.0020331333037314,0.00312048212099628,0.00312048212099628,0.0077350270615511,1,0,0,1,-0.0152431277617475,-0.0093056534087661,-0.0093056534087661,-0.00271194732870414,0.00203320081632031,0.00312056172513202,0.00312056172513202,0.0077350218459033,-17.3568968582453,-28.6881603303661,-8.38976306542293,9.73670209931352,-8.38976306542293,9.73670209931352,4.58776728520452,10.1537799420008,2.16840434497101e-18,-7.49583981781664e-19,-3.50251170625879e-20,0,0,0,-0.0152431504266709,-0.00271181015510362,-0.00930541602570422,0.0020331333037314,0.0077350270615511,0.00312048212099628,2.99973830960151e-12,2.47130198419293e-09,9.5632532050668e-12,2.46701577953027e-20,5.20417042793042e-18,1.24006470723497e-13
NC_k0012,0.00225563909774436,0.00225563909774436,0.344727887377454,-97.5062205143928,-62.1324427324507,-96.080875356184,-61.2009499863859,96.836589592391,61.6290764370283,93.7121975113558,62.1243831523835,1,1120,0.829557878023616,-0.0598044840535826,0.254018620010105,-0.0753259214102141,-2.64785146289654e-18,-2.3929342504424e-19,0,-1.30917751471676e-18,-0.00156475728206152,0.000556083070399081,1,-4.14894349098414e-20,-4.11196717317208e-20,1,-0.0152431504266709,-0.00930541602570422,-0.00930541602570422,-0.00271181015510362,0.0020331333037314,0.00312048212099628,0.00312048212099628,0.0077350270615511,1,0,0,1,-0.0152431277617475,-0.0093056534087661,-0.0093056534087661,-0.00271194732870414,0.00203320081632031,0.00312056172513202,0.00312056172513202,0.0077350218459033,-17.3600771109201,-28.692382024239,-8.3860844985873,9.7303818341956,-8.3860844985873,9.7303818341956,4.59100794818648,10.155140335846,2.60208521396521e-18,-1.32807400145398e-18,8.53972561527363e-19,0,0,0,-0.0152431504266709,-0.00271181015510362,-0.00930541602570422,0.0020331333037314,0.0077350270615511,0.00312048212099628,7.2683418290256e-12,4.49422523570624e-09,2.05141284866481e-12,4.14894349098414e-20,8.67361737988404e-19,4.44439753812304e-14
NC_k0012,0.0093984962406015,0.0093984962406015,0.344558300583498,-99.7076964548907,-63.6495853306875,-93.7736470862634,-59.7845545337215,101.696522893836,60.9376412556587,88.7557527179098,62.9185827238801,1,1120,3.45191477710603,-0.267789554280572,1.05076132353242,-0.312954331116275,3.44103164355119e-18,-1.14986707823241e-18,0,3.20899755556272e-18,-0.001565183694339,0.000556302195317451,1,-1.61482388650259e-19,-1.03283966217498e-19,1,-0.0152431504266709,-0.00930541602570422,-0.00930541602570422,-0.00271181015510362,0.0020331333037314,0.00312048212099628,0.00312048212099628,0.00773502706155109,1,0,0,1,-0.0152431277617475,-0.0093056534087661,-0.0093056534087661,-0.00271194732870414,0.00203320081632031,0.00312056172513202,0.00312056172513202,0.0077350218459033,-17.3464201636474,-28.6747861443286,-8.40211344083938,9.75832507247497,-8.40211344083938,9.75832507247497,4.57618373985682,10.1488069113323,1.73472347597681e-18,-6.45568070254766e-19,1.16981346616081e-18,0,0,0,-0.0152431504266709,-0.00271181015510362,-0.00930541602570422,0.0020331333037314,0.0077350270615511,0.00312048212099628,4.05379707444849e-12,2.72155363765522e-09,2.74504866722162e-12,1.61482388650259e-19,4.33680868994202e-18,1.35169739937056e-13
NC_k0012,0.0165413533834586,0.0165413533834586,0.344261130923355,-101.881805167967,-65.1793229841311,-91.5067542033907,-58.4556477304454,106.388536142831,60.456103209185,83.9923060538121,63.6059970338207,1,1120,6.03814579441454,-0.542231835051472,1.81365160658986,-0.546806245073471,7.8120260538488e-19,2.03004680699294e-18,0,-9.18433523368653e-19,-0.00156611829108046,0.000556635230382123,1,1.06947117066359e-19,-1.73091327090108e-20,1,-0.0152431504266709,-0.00930541602570422,-0.00930541602570422,-0.00271181015510362,0.0020331333037314,0.00312048212099628,0.00312048212099628,0.0077350270615511,1,0,0,1,-0.0152431277617475,-0.0093056534087661,-0.0093056534087661,-0.00271194732870414,0.00203320081632031,0.00312056172513202,0.00312056172513202,0.0077350218459033,-17.3220100210906,-28.647088013199,-8.43605233756825,9.82084548327238,-8.43605233756825,9.82084548327238,4.53881179299328,10.1332604596327,2.38524477946811e-18,-6.01892353678702e-19,3.25590168777234e-19,0,0,0,-0.0152431504266709,-0.00271181015510362,-0.00930541602570422,0.0020331333037314,0.0077350270615511,0.00312048212099628,7.89180719750353e-13,4.91909156262064e-09,7.49307202521446e-12,1.06947117066359e-19,5.20417042793042e-18,1.6769711156663e-14
NC_k0013,-0.0191729323308271,-0.0191729323308271,0.579926172353012,49.3207231088418,-97.3681757804014,53.5427467672333,-118.59794908062,-41.6097326259986,108.505746325798,-62.205335440956,108.973668300066,1,1120,-2.05047260045234,-8.77502306485013,-3.57241356954989,-2.75346929840133,-1.9515043534698e-18,-1.10576478582129e-17,0,5.51570649895259e-18,0.000128511202604331,0.000545819977275539,1,-8.11720774038327e-20,1.16634754003603e-19,1,0.00498912622183263,-0.00272241580136071,-0.00272241580136071,0.00271310382184267,-0.00664467839056453,-0.0146387790942166,-0.0146387790942166,0.0100940841642874,1,0,-5.42101086242752e-20,1,0.00498913626706619,-0.0027224852507434,-0.0027224852507434,0.00271314289797418,-0.00664456063887167,-0.0146391525324588,-0.0146391525324588,0.0100939884113559,7.68993142023214,-3.02074606969208,-13.3755958091262,-8.87545078081465,-13.3755958091262,-8.87545078081465,-48.2054001694182,17.4813441497845,1.0842021724855e-18,6.30963284076841e-19,-1.64474578554703e-19,0,0,0,0.00498912622183263,0.00271310382184266,-0.00272241580136071,-0.00664467839056453,0.0100940841642874,-0.0146387790942166,2.96311736670806e-13,4.78673181299458e-09,3.93378653264605e-12,1.16634754003603e-19,4.33680868994202e-18,4.02028475840821e-14
NC_k0013,-0.0120300751879699,-0.0120300751879699,0.578210096273889,50.2651621645653,-99.7199857933534,52.1214775792476,-113.421331710071,-45.0272206094992,107.585555313136,-58.3109588148511,107.056800805021,1,1120,-1.35885674604781,-5.62526589788136,-2.30476047249664,-1.71980143105247,-3.15035045013271e-19,3.75185964796902e-19,0,2.13735529349822e-18,0.000129345732587651,0.000544402345725222,1,-1.03653944004713e-19,1.27208379667099e-19,1,0.00498912622183263,-0.00272241580136071,-0.00272241580136071,0.00271310382184266,-0.00664467839056453,-0.0146387790942166,-0.0146387790942166,0.0100940841642874,1,0,-5.42101086242752e-20,1,0.00498913626706619,-0.0027224852507434,-0.0027224852507434,0.00271314289797418,-0.00664456063887167,-0.0146391525324588,-0.0146391525324588,0.0100939884113559,7.64399876320559,-3.07843251808464,-13.299466211392,-8.80316186976246,-13.299466211392,-8.80316186976246,-48.1616416186157,17.3679856276072,2.16840434497101e-18,5.29380156640815e-19,1.9255397677346e-19,0,0,0,0.00498912622183263,0.00271310382184266,-0.00272241580136071,-0.00664467839056453,0.0100940841642874,-0.0146387790942166,4.92738095157973e-13,4.27301593724303e-09,2.88123476561981e-12,1.27208379667099e-19,3.46944695195361e-18,2.30412377462035e-14
NC_k0013,-0.00488721804511278,-0.00488721804511278,0.57747360983501,50.7054423897755,-102.902080162278,51.2810928625306,-108.552378810518,-48.7320358719858,106.672780091753,-54.2054377364358,106.27634155376,1,1120,-0.564985230941388,-2.30209625626766,-0.946136890778984,-0.69490161212339,6.38065617827479e-19,4.36024767977932e-18,0,4.23566766208393e-18,0.000129590495337654,0.000543596619906511,1,-9.81639423923562e-20,-1.0913997641533e-19,1,0.00498912622183263,-0.00272241580136071,-0.00272241580136071,0.00271310382184267,-0.00664467839056453,-0.0146387790942166,-0.0146387790942166,0.0100940841642874,1,0,-5.42101086242752e-20,1,0.00498913626706619,-0.0027224852507434,-0.0027224852507434,0.00271314289797418,-0.00664456063887167,-0.0146391525324588,-0.0146391525324588,0.0100939884113559,7.61507023501735,-3.10749753905566,-13.2593488105447,-8.76217075133077,-13.2593488105447,-8.76217075133077,-48.1624621295328,17.3129878121311,1.73472347597681e-18,6.59397203756031e-19,-1.1536202721628e-19,0,0,0,0.00498912622183263,0.00271310382184266,-0.00272241580136071,-0.00664467839056453,0.0100940841642874,-0.0146387790942166,1.18709804929941e-12,3.14495189361866e-09,4.96284620719255e-12,1.0913997641533e-19,3.46944695195361e-18,2.922278990225e-14
NC_k0013,0.00225563909774436,0.00225563909774436,0.577366879630268,51.0832818231036,-106.897051437582,50.8302165946555,-104.283527526659,-52.6982555322837,106.239548934033,-50.1667898858256,106.435038891097,1,1120,0.261637232557417,1.0633596782047,0.437248980551528,0.320338959758103,-9.91830499891402e-19,1.23870958474306e-18,0,-5.10969978453197e-18,0.000129615307849203,0.000543471340408061,1,-4.62223552507733e-20,-1.59169554340482e-19,1,0.00498912622183263,-0.00272241580136071,-0.00272241580136071,0.00271310382184266,-0.00664467839056453,-0.0146387790942166,-0.0146387790942166,0.0100940841642874,1,0,-5.42101086242752e-20,1,0.00498913626706619,-0.0027224852507434,-0.0027224852507434,0.00271314289797418,-0.00664456063887167,-0.0146391525324588,-0.0146391525324588,0.0100939884113559,7.61021968915565,-3.1118035515771,-13.2530946331665,-8.75563542613208,-13.2530946331665,-8.75563542613208,-48.1637845402648,17.3046838471508,2.16840434497101e-18,8.20027353166783e-19,5.12349421165951e-19,0,0,0,0.00498912622183263,0.00271310382184266,-0.00272241580136071,-0.00664467839056453,0.0100940841642874,-0.0146387790942166,3.76617298597336e-12,4.29300333219077e-09,4.79070925008904e-13,1.59169554340482e-19,3.46944695195361e-18,2.34594698419498e-14
NC_k0013,0.0093984962406015,0.0093984962406015,0.57785525303465,51.752371146381,-111.574475481945,50.4625828516149,-100.795043136544,-56.8064642389115,106.645747843241,-46.3593501591701,107.222456030959,1,1120,1.07377246090955,4.41136414340487,1.81009507942375,1.34056410296037,-3.27914247150721e-18,-9.11876628089067e-18,0,-3.93367394660817e-19,0.000129478758708,0.000544026962791702,1,-7.41952235424618e-20,2.26731759462365e-19,1,0.00498912622183263,-0.00272241580136071,-0.00272241580136071,0.00271310382184267,-0.00664467839056454,-0.0146387790942166,-0.0146387790942166,0.0100940841642874,1,0,-5.42101086242752e-20,1,0.00498913626706619,-0.0027224852507434,-0.0027224852507434,0.00271314289797418,-0.00664456063887167,-0.0146391525324588,-0.0146391525324588,0.0100939884113559,7.63099108966865,-3.09229171403364,-13.2807515655541,-8.7842630293188,-13.2807515655541,-8.7842630293188,-48.160343906867,17.341946967483,1.73472347597681e-18,3.89898280713195e-19,7.18067176451792e-19,0,0,0,0.00498912622183263,0.00271310382184266,-0.00272241580136071,-0.00664467839056453,0.0100940841642874,-0.0146387790942166,2.68203311814867e-12,5.32444435305987e-09,1.14977318845789e-11,2.26731759462365e-19,3.46944695195361e-18,4.18839524426321e-14
NC_k0013,0.0165413533834586,0.0165413533834586,0.57912732836998,52.9447596624207,-116.676401388115,49.7524976480583,-98.1382184460125,-60.8154400176033,108.128803026433,-42.8331006889762,108.194799222154,1,1120,1.81368850313223,7.64980420125288,3.1229525924471,2.37324341436812,-2.0318434432834e-18,5.49038815476357e-18,0,2.90783102069951e-18,0.000128924462014583,0.000545242725836875,1,-9.10685502986686e-20,-1.08126942792987e-19,1,0.00498912622183263,-0.00272241580136071,-0.00272241580136071,0.00271310382184267,-0.00664467839056454,-0.0146387790942166,-0.0146387790942166,0.0100940841642874,1,0,-5.42101086242752e-20,1,0.00498913626706619,-0.0027224852507434,-0.0027224852507434,0.00271314289797418,-0.00664456063887167,-0.0146391525324588,-0.0146391525324588,0.0100939884113559,7.67126637388488,-3.04528927118741,-13.3428339099523,-8.84524445239084,-13.3428339099523,-8.84524445239084,-48.1782788343179,17.4310931789534,1.73472347597681e-18,3.46545938667926e-19,1.53864468000061e-18,0,0,0,0.00498912622183263,0.00271310382184266,-0.00272241580136071,-0.00664467839056453,0.0100940841642874,-0.0146387790942166,4.9565107471363e-13,3.98947148036198e-09,2.10979013989681e-13,1.08126942792987e-19,1.04083408558608e-17,4.1983658943751e-14
NC_k0014,-0.0191729323308271,-0.0191729323308271,0.70620820884664,-34.4046693461432,-65.9378924351704,-37.8367393611156,-82.7193002542367,32.2862712740254,75.6650997160655,41.9327896574353,70.958077907002,1,1120,-10.2980742356223,3.41491498887822,-2.27144255142561,-0.601960984403158,6.9711738001315e-18,-4.888796238866e-18,0,2.79891780380588e-18,0.000909054617705046,-0.000536908855341078,1,2.85617150618429e-20,-8.45399849870272e-20,1,0.00217222537146128,-0.0159947279836309,-0.0159947279836309,0.00794436627928002,-0.00445976827374019,0.0069643306373949,0.0069643306373949,0.00281881602866443,1,0,0,1,0.00217229444312412,-0.015995136012406,-0.015995136012406,0.00794436172669659,-0.00445972708682578,0.00696450829889076,0.00696450829889076,0.00281876437649335,-4.25833694168946,-51.9753413230574,-13.6825687870776,8.34315641920329,-13.6825687870776,8.34315641920329,22.6242167489801,10.1166145172687,2.60208521396521e-18,7.66334743559896e-19,-4.95623052550833e-19,0,0,0,0.00217222537146128,0.00794436627928002,-0.0159947279836309,-0.00445976827374019,0.00281881602866443,0.00696433063739491,1.38924575727338e-12,8.09673364898655e-09,6.33237377431234e-12,8.45399849870272e-20,6.93889390390723e-18,1.38343940134276e-14
NC_k0014,-0.0120300751879699,-0.0120300751879699,0.703611594092979,-36.0696231737513,-69.1014419871248,-38.4104279175269,-80.0307210188302,35.135533423848,75.33607502076,41.2870149522364,71.7866817684045,1,1120,-6.55316609752112,2.11270205304849,-1.46535313467594,-0.373513343575772,2.03539370247248e-18,4.23582648076154e-19,0,-1.38062201412164e-17,0.000907520223464902,-0.000535323045717642,1,-2.51935582208075e-19,-1.26079855752917e-19,1,0.00217222537146128,-0.0159947279836309,-0.0159947279836309,0.00794436627928002,-0.00445976827374019,0.00696433063739491,0.00696433063739491,0.00281881602866443,1,0,0,1,0.00217229444312412,-0.015995136012406,-0.015995136012406,0.00794436172669659,-0.00445972708682578,0.00696450829889076,0.00696450829889076,0.00281876437649335,-4.2891122796478,-51.9011628725503,-13.570552981077,8.2583883207901,-13.570552981077,8.2583883207901,22.5711350948751,10.1112088956069,3.46944695195361e-18,7.19915240062767e-19,-2.33753978117738e-19,0,0,0,0.00217222537146128,0.00794436627928002,-0.0159947279836309,-0.00445976827374019,0.00281881602866443,0.00696433063739491,2.2422785500702e-12,4.02589756859403e-09,4.97767823409003e-12,2.51935582208075e-19,3.46944695195361e-18,2.33527999003965e-14
NC_k0014,-0.00488721804511278,-0.00488721804511278,0.702423594843412,-37.434702276335,-72.4355132095375,-38.4227232743432,-76.9551746625436,37.6357725519623,74.4848369625992,40.1433238164098,72.9109836050574,1,1120,-2.67343881551176,0.849073031389245,-0.602040708760443,-0.15030566194198,1.21115123545524e-18,-7.690397416579e-19,0,6.36492320302403e-18,0.000906808061790567,-0.000534703916937198,1,-1.55529492418065e-19,9.32145094291739e-20,1,0.00217222537146128,-0.0159947279836309,-0.0159947279836309,0.00794436627928002,-0.00445976827374018,0.00696433063739491,0.00696433063739491,0.00281881602866443,1,0,0,1,0.00217229444312412,-0.015995136012406,-0.015995136012406,0.00794436172669659,-0.00445972708682578,0.00696450829889076,0.00696450829889076,0.00281876437649335,-4.30078268985458,-51.8871554213885,-13.5077475334202,8.21149876801041,-13.5077475334202,8.21149876801041,22.5542321900905,10.1022815183436,1.73472347597681e-18,8.91787746987908e-19,-7.33850974767922e-19,0,0,0,0.00217222537146128,0.00794436627928002,-0.0159947279836309,-0.00445976827374019,0.00281881602866443,0.00696433063739491,5.8997858393948e-12,1.90506846092886e-09,7.60519955833995e-12,1.55529492418065e-19,4.33680868994202e-18,9.435946493924e-14
NC_k0014,0.00225563909774436,0.00225563909774436,0.702248814607858,-38.2688850075286,-75.7598836193569,-37.8095643606157,-73.6687236498191,39.5781925426472,73.3496148717723,38.4203977474327,74.0856364740388,1,1120,1.23441811253471,-0.391117194737981,0.278289302872942,0.0692027036729986,6.79082195681534e-20,3.76077334624989e-18,0,-3.03477512058557e-18,0.0009067055297548,-0.000534623258512925,1,-3.04034445635866e-19,4.43861111865786e-20,1,0.00217222537146128,-0.0159947279836309,-0.0159947279836309,0.00794436627928002,-0.00445976827374019,0.00696433063739491,0.00696433063739491,0.00281881602866443,1,0,0,1,0.00217229444312412,-0.015995136012406,-0.015995136012406,0.00794436172669659,-0.00445972708682578,0.00696450829889076,0.00696450829889076,0.00281876437649335,-4.30220731989163,-51.8863211245601,-13.4977849574223,8.20411061464846,-13.4977849574223,8.20411061464846,22.5522474056394,10.1003756218326,2.60208521396521e-18,1.1367356907969e-18,-4.78698510875038e-19,0,0,0,0.00217222537146128,0.00794436627928002,-0.0159947279836309,-0.00445976827374019,0.00281881602866443,0.00696433063739491,3.46736117563081e-12,4.24303502215039e-09,1.31968730257842e-11,3.04034445635866e-19,3.46944695195361e-18,2.33981181920936e-14
NC_k0014,0.0093984962406015,0.0093984962406015,0.703043833704852,-38.4871516503951,-78.933665513398,-36.6242940110383,-70.3227724965389,40.9298033325756,72.1806421187996,36.1142764641211,75.0729103531271,1,1120,5.13125223867152,-1.6426688388498,1.15123252194117,0.290596412404681,2.22716725568678e-19,-9.58702329948959e-19,0,5.04072615633484e-18,0.000907176979620474,-0.000535012528090393,1,-1.84788711270582e-19,3.48256758582223e-21,1,0.00217222537146128,-0.0159947279836309,-0.0159947279836309,0.00794436627928002,-0.00445976827374019,0.00696433063739491,0.00696433063739491,0.00281881602866442,1,0,0,1,0.00217229444312412,-0.015995136012406,-0.015995136012406,0.00794436172669659,-0.00445972708682578,0.00696450829889076,0.00696450829889076,0.00281876437649335,-4.29507663410877,-51.8927877674389,-13.5415253539154,8.23664076181444,-13.5415253539154,8.23664076181444,22.5623914352831,10.1077544314421,2.60208521396521e-18,6.99075530329799e-19,4.28157634974912e-19,0,0,0,0.00217222537146128,0.00794436627928002,-0.0159947279836309,-0.00445976827374019,0.00281881602866443,0.00696433063739491,1.04184040454794e-12,2.47441512164655e-09,7.3289392077559e-12,1.84788711270582e-19,6.93889390390723e-18,6.4587895562472e-14
NC_k0014,0.0165413533834586,0.0165413533834586,0.705030819219309,-38.1017157119117,-81.782677332521,-35.0291431194497,-67.0646571292537,41.7437795047448,71.2093753778744,33.3513603271819,75.6150378029055,1,1120,8.94749347934535,-2.93216433671292,1.98505861706871,0.517525800652698,1.04166523666558e-18,1.38774437006796e-19,0,-1.42143709077847e-18,0.000908373414426156,-0.000536168584315907,1,-2.24070780248586e-19,1.11473759332796e-19,1,0.00217222537146128,-0.0159947279836309,-0.0159947279836309,0.00794436627928002,-0.00445976827374019,0.00696433063739491,0.00696433063739491,0.00281881602866443,1,0,0,1,0.00217229444312412,-0.015995136012406,-0.015995136012406,0.00794436172669659,-0.00445972708682578,0.00696450829889076,0.00696450829889076,0.00281876437649335,-4.27256107314132,-51.9348558498929,-13.6356763092962,8.30762557675863,-13.6356763092962,8.30762557675863,22.5977519917545,10.1154999293959,1.73472347597681e-18,1.04283181246433e-18,-2.43524106187206e-19,0,0,0,0.00217222537146128,0.00794436627928002,-0.0159947279836309,-0.00445976827374019,0.00281881602866443,0.00696433063739491,1.28171758734906e-12,4.03235955435158e-09,5.5245049349786e-12,2.24070780248586e-19,1.73472347597681e-18,2.29908476589379e-14
NC_k0015,-0.0191729323308271,-0.0191729323308271,0.482188549884133,105.061885239103,19.7664986298878,94.2353488753392,20.1948838094859,-92.7729073444397,-17.4910039025779,-106.823826124994,-23.0930709502019,1,1120,-7.44410417406193,-7.49118463412541,-4.92864530670195,-1.29687528983061,-2.37387600912918e-18,2.68061443259854e-18,0,1.28185201677138e-18,-6.32875323750116e-05,0.000378308336666332,1,8.72046601825408e-20,3.57678297068495e-20,1,0.00657798911293621,-0.0101065793937027,-0.0101065793937027,-0.00692801170261272,0.0107208255033532,-0.00946792217555798,-0.00946792217555798,0.00141849083238711,1,1.0842021724855e-19,-2.16840434497101e-19,1,0.00657790186158347,-0.0101068372146056,-0.0101068372146056,-0.0069279266835469,0.0107208048867939,-0.00946816370418491,-0.00946816370418491,0.00141858886805572,14.9219222352027,-36.4338312296129,2.13790307562852,-14.709696796622,2.13790307562852,-14.709696796622,-27.4504648512636,-3.09613189183645,1.30104260698261e-18,7.86915214853568e-19,6.02354164868674e-19,0,0,0,0.00657798911293621,-0.00692801170261272,-0.0101065793937027,0.0107208255033532,0.00141849083238711,-0.00946792217555798,6.70059621287293e-13,7.90042191752513e-09,4.5897501441772e-12,8.72046601825408e-20,4.33680868994202e-18,1.95709659874368e-14
NC_k0015,-0.0120300751879699,-0.0120300751879699,0.481020310288237,102.412569328641,20.4746658392612,94.6578219812002,20.6359916974102,-94.0814300131711,-18.7694705186367,-103.293955360141,-22.9888478588765,1,1120,-4.80948741817454,-4.8224566014727,-3.17854152648365,-0.804355998729638,-2.78937875698192e-18,2.16297142270776e-18,0,-4.93317282436825e-19,-6.35036394739916e-05,0.000378764247527233,1,-1.75270976178517e-19,3.63183371843706e-20,1,0.00657798911293621,-0.0101065793937027,-0.0101065793937027,-0.00692801170261272,0.0107208255033532,-0.00946792217555798,-0.00946792217555798,0.0014184908323871,1,1.0842021724855e-19,-2.16840434497101e-19,1,0.00657790186158347,-0.0101068372146056,-0.0101068372146056,-0.0069279266835469,0.0107208048867939,-0.00946816370418491,-0.00946816370418491,0.00141858886805572,14.8445547031279,-36.3969659894996,2.1128676184511,-14.6228186922423,2.1128676184511,-14.6228186922423,-27.4511666155898,-3.1114931266835,1.30104260698261e-18,9.58044709048057e-20,8.31300777571084e-19,0,0,0,0.00657798911293621,-0.00692801170261272,-0.0101065793937027,0.0107208255033532,0.00141849083238711,-0.00946792217555798,1.7233532994156e-12,6.25717232999725e-09,5.91038853683798e-12,1.75270976178517e-19,1.73472347597681e-18,1.51177832947163e-14
NC_k0015,-0.00488721804511278,-0.00488721804511278,0.480539664579598,99.539263600378,20.958564960207,96.1820542800312,20.9907751003234,-96.0984052491026,-20.3715383469118,-99.9298776312107,-22.2380791026181,1,1120,-1.97709184835909,-1.97958504021572,-1.30570337322968,-0.323505293108045,1.67823034886189e-18,3.27563522570999e-20,0,1.85903879587618e-19,-6.37645431002749e-05,0.000378877225776824,1,-7.95180728946459e-20,-1.59793202287502e-19,1,0.00657798911293621,-0.0101065793937027,-0.0101065793937027,-0.00692801170261272,0.0107208255033532,-0.00946792217555798,-0.00946792217555798,0.00141849083238711,1,1.0842021724855e-19,-2.16840434497101e-19,1,0.00657790186158347,-0.0101068372146056,-0.0101068372146056,-0.0069279266835469,0.0107208048867939,-0.00946816370418491,-0.00946816370418491,0.00141858886805572,14.8034691532878,-36.3969036450674,2.10127200156314,-14.575303096606,2.10127200156314,-14.575303096606,-27.4631632445705,-3.12404121392738,1.73472347597681e-18,7.69768980668737e-19,8.43361088404749e-19,0,0,0,0.00657798911293621,-0.00692801170261272,-0.0101065793937027,0.0107208255033532,0.00141849083238711,-0.00946792217555798,4.76416362360813e-12,4.11542005224081e-09,2.5468167992736e-12,1.59793202287502e-19,5.20417042793042e-18,9.35698669883074e-15
NC_k0015,0.00225563909774436,0.00225563909774436,0.480471153831097,96.9682686099319,21.0526620154714,98.532318488285,21.0403537063219,-98.7912425288627,-21.8138118453304,-97.0167369203582,-20.9414754263775,1,1120,0.913927476691404,0.914906871112246,0.603515334775202,0.149014679961788,-3.3974623863268e-18,-5.11392171437844e-18,0,2.01521049552619e-19,-6.381214929877e-05,0.00037888630013123,1,-8.67382294343863e-20,-3.30745569081912e-19,1,0.00657798911293621,-0.0101065793937027,-0.0101065793937027,-0.00692801170261272,0.0107208255033532,-0.00946792217555798,-0.00946792217555798,0.00141849083238711,1,1.0842021724855e-19,-2.16840434497101e-19,1,0.00657790186158347,-0.0101068372146056,-0.0101068372146056,-0.0069279266835469,0.0107208048867939,-0.00946816370418491,-0.00946816370418491,0.00141858886805572,14.796988423961,-36.3979223813643,2.09959546413798,-14.5677982862597,2.09959546413798,-14.5677982862597,-27.4655446616447,-3.12626659405147,1.73472347597681e-18,2.70767403096944e-20,6.9531670469066e-19,0,0,0,0.00657798911293621,-0.00692801170261272,-0.0101065793937027,0.0107208255033532,0.00141849083238711,-0.00946792217555798,3.14510266135104e-12,4.19587546477359e-09,4.06056064246671e-12,3.30745569081912e-19,3.46944695195361e-18,3.21186816716048e-14
NC_k0015,0.0093984962406015,0.0093984962406015,0.480787171753105,95.1050588592385,20.7907037332419,101.350941407403,20.6929290313409,-102.019153143371,-22.7855660778266,-94.7424165229334,-19.3510055929012,1,1120,3.77956003652304,3.78695432472314,2.49694973921116,0.625722511425311,-1.63232182486519e-18,-1.92471031906799e-18,0,1.15649775802264e-18,-6.36134934041216e-05,0.000378830038318538,1,-1.19010919668579e-19,-1.086394268414e-19,1,0.00657798911293622,-0.0101065793937027,-0.0101065793937027,-0.00692801170261272,0.0107208255033532,-0.00946792217555798,-0.00946792217555798,0.00141849083238711,1,1.0842021724855e-19,-2.16840434497101e-19,1,0.00657790186158347,-0.0101068372146056,-0.0101068372146056,-0.0069279266835469,0.0107208048867939,-0.00946816370418491,-0.00946816370418491,0.00141858886805572,14.8254811379394,-36.3955032491376,2.10727736267006,-14.6007922199909,2.10727736267006,-14.6007922199909,-27.4560582917144,-3.11696520120366,1.73472347597681e-18,-2.91539264278204e-19,8.10990510907251e-19,0,0,0,0.00657798911293621,-0.00692801170261272,-0.0101065793937027,0.0107208255033532,0.00141849083238711,-0.00946792217555798,1.51803648224074e-12,8.12032712429296e-09,2.69577498963914e-12,1.19010919668579e-19,3.46944695195361e-18,2.03207639277831e-14
NC_k0015,0.0165413533834586,0.0165413533834586,0.481636099133409,94.2477158276719,20.3495393908916,104.145692928954,20.0339381926158,-105.522932050094,-23.1276020884991,-93.1713560802196,-17.887931793374,1,1120,6.51010461736519,6.5402922247217,4.30663095788871,1.11478793901762,-1.73350255739268e-18,-4.7437021419793e-18,0,-5.41320227744502e-19,-6.33303844952007e-05,0.000378534842071594,1,-1.03081340417712e-19,-2.01594822434101e-19,1,0.00657798911293621,-0.0101065793937027,-0.0101065793937027,-0.00692801170261272,0.0107208255033532,-0.00946792217555798,-0.00946792217555798,0.0014184908323871,1,1.0842021724855e-19,-2.16840434497101e-19,1,0.00657790186158347,-0.0101068372146056,-0.0101068372146056,-0.0069279266835469,0.0107208048867939,-0.00946816370418491,-0.00946816370418491,0.00141858886805572,14.8884463746814,-36.411373148699,2.12684319076861,-14.6728245313358,2.12684319076861,-14.6728245313358,-27.4463627812355,-3.10144172970998,1.73472347597681e-18,-1.95354210060428e-19,1.1196525447243e-18,0,0,0,0.00657798911293621,-0.00692801170261272,-0.0101065793937027,0.0107208255033532,0.00141849083238711,-0.00946792217555798,5.14006898018692e-13,4.7118222658913e-09,5.53879989900085e-12,2.01594822434101e-19,3.90312782094782e-18,4.46038317417445e-14
NC_k0016,-0.0191729323308271,-0.0191729323308271,0.341457305232651,-119.79701248048,1.12522507082218,-131.685274488421,16.6550300298842,107.353572747364,-2.67988117418221,142.671465804474,-18.4145185820713,1,1120,-5.78318305603124,0.580884448854707,-1.71675854036828,2.39869521274595,-3.20165219172325e-19,4.30234007381693e-19,0,1.80357137272082e-18,-0.000565554238055212,-0.00157969023509715,1,1.89806401999305e-20,1.19840838790979e-19,1,-0.0115585687257176,-0.00604009263940823,-0.00604009263940823,0.00793210257873352,-0.00816450835296581,0.00422070397820643,0.00422070397820643,-0.00908432605554111,1,0,0,1,-0.0115584559869533,-0.00604024672340413,-0.00604024672340413,0.00793196671199642,-0.00816456922181088,0.00422081164922628,0.00422081164922628,-0.00908437519201752,-20.3526449103652,-22.4465436981202,-3.28836653405982,16.2206466802554,-3.28836653405982,16.2206466802554,7.22306042998847,-4.15718777481944,2.38524477946811e-18,-9.92442000304866e-19,-6.44033484360682e-19,0,0,0,-0.0115585687257176,0.00793210257873352,-0.00604009263940822,-0.00816450835296581,-0.0090843260555411,0.00422070397820643,1.17764768230151e-12,7.43398713256537e-09,1.04870254917276e-11,1.19840838790979e-19,5.20417042793042e-18,2.42231207436663e-14
NC_k0016,-0.0120300751879699,-0.0120300751879699,0.340026373638201,-121.989980729698,3.38037665117927,-129.198443395848,13.3720764784987,113.445672309532,-5.05734251377604,136.241602063159,-15.0141222929351,1,1120,-3.67751712721925,0.336424417140561,-1.10256059432596,1.50754012805226,3.29060388607475e-18,-1.55120022219212e-18,0,3.92255663917546e-19,-0.000565305567700569,-0.00157827735767954,1,4.360877732739e-20,8.72815897412166e-20,1,-0.0115585687257176,-0.00604009263940823,-0.00604009263940823,0.00793210257873353,-0.00816450835296581,0.00422070397820643,0.00422070397820643,-0.0090843260555411,1,0,0,1,-0.0115584559869533,-0.00604024672340413,-0.00604024672340413,0.00793196671199642,-0.00816456922181088,0.00422081164922628,0.00422081164922628,-0.00908437519201752,-20.3076125692734,-22.4031734221832,-3.27686561853468,16.0781380468631,-3.27686561853468,16.0781380468631,7.22427225226789,-4.13635357774572,1.73472347597681e-18,-1.20825483620617e-18,-1.55568267870447e-18,0,0,0,-0.0115585687257176,0.00793210257873352,-0.00604009263940822,-0.00816450835296581,-0.0090843260555411,0.00422070397820643,1.50005451339087e-12,4.34942648310602e-09,2.71739881132259e-12,8.72815897412166e-20,8.67361737988404e-18,8.89742083748666e-14
NC_k0016,-0.00488721804511278,-0.00488721804511278,0.339350040251184,-124.137309230448,6.03860435848679,-126.996338002147,10.1470670083016,120.114019362554,-7.72699450324749,129.495504512493,-11.7774974517748,1,1120,-1.50186986054813,0.128488002925292,-0.453216013015545,0.611734017694346,8.01743154355797e-19,-2.30511248480765e-19,0,6.31866726317007e-19,-0.000565116558249057,-0.00157762987445017,1,-2.60671248061021e-20,1.48780920076107e-19,1,-0.0115585687257176,-0.00604009263940823,-0.00604009263940823,0.00793210257873352,-0.00816450835296581,0.00422070397820643,0.00422070397820643,-0.00908432605554111,1,0,0,1,-0.0115584559869533,-0.00604024672340413,-0.00604024672340413,0.00793196671199642,-0.00816456922181088,0.00422081164922628,0.00422081164922628,-0.00908437519201752,-20.288240315926,-22.3929778268501,-3.26917935580657,16.0017790094371,-3.26917935580657,16.0017790094371,7.22492408584308,-4.13274699621105,2.60208521396521e-18,-1.00366199448128e-18,-8.73591333690411e-19,0,0,0,-0.0115585687257176,0.00793210257873352,-0.00604009263940822,-0.00816450835296581,-0.0090843260555411,0.00422070397820643,8.74934507978118e-12,2.73234277411112e-09,8.16388426472882e-12,1.48780920076107e-19,6.93889390390723e-18,1.06981843521723e-13
NC_k0016,0.00225563909774436,0.00225563909774436,0.339248696487139,-126.221643034495,8.99834913907126,-124.906683259897,7.09879272262487,126.969564782857,-10.6434572822042,122.631700917234,-8.77321923329151,1,1120,0.693648393266995,-0.0586597393579726,0.209546255789981,-0.282263804277636,-8.46338115539756e-19,-2.53585120795686e-18,0,-6.87803988060293e-19,-0.000565085456922272,-0.00157753839763873,1,-3.78923439086851e-20,2.56954469880865e-19,1,-0.0115585687257176,-0.00604009263940823,-0.00604009263940823,0.00793210257873351,-0.00816450835296581,0.00422070397820643,0.00422070397820643,-0.0090843260555411,1,0,0,1,-0.0115584559869533,-0.00604024672340413,-0.00604024672340413,0.00793196671199642,-0.00816456922181088,0.00422081164922628,0.00422081164922628,-0.00908437519201752,-20.2853444083013,-22.3921295024625,-3.26786892030602,15.9898843769122,-3.26786892030602,15.9898843769122,7.22494727523098,-4.13263458702046,2.81892564846231e-18,5.18323088662218e-19,-2.09116506640758e-18,0,0,0,-0.0115585687257176,0.00793210257873352,-0.00604009263940822,-0.00816450835296581,-0.0090843260555411,0.00422070397820643,7.79726809614635e-12,2.29897995970537e-09,4.42896558002328e-12,2.56954469880865e-19,6.93889390390723e-18,2.02900787061297e-14
NC_k0016,0.0093984962406015,0.0093984962406015,0.339705198224121,-128.364581251785,12.1698330595948,-122.792757343513,4.3184075772521,133.783269857044,-13.7967394119574,115.862382121019,-6.01011863721413,1,1120,2.88063102442034,-0.255771562687163,0.866203622371959,-1.17737661546749,1.21685547295941e-18,-2.09451726393532e-18,0,3.48468031011439e-19,-0.000565220195518287,-0.00157796354418726,1,-1.11179050482026e-19,6.42849225909111e-20,1,-0.0115585687257176,-0.00604009263940823,-0.00604009263940823,0.00793210257873351,-0.00816450835296581,0.00422070397820643,0.00422070397820643,-0.0090843260555411,1,0,0,1,-0.0115584559869533,-0.00604024672340413,-0.00604024672340413,0.00793196671199642,-0.00816456922181088,0.00422081164922628,0.00422081164922628,-0.00908437519201752,-20.2983746489649,-22.3974115393711,-3.27343276740402,16.0425181388101,-3.27343276740402,16.0425181388101,7.22471118080459,-4.13404395586918,1.30104260698261e-18,1.72696192881263e-19,-4.12466969025573e-19,0,0,0,-0.0115585687257176,0.00793210257873352,-0.00604009263940822,-0.00816450835296581,-0.0090843260555411,0.00422070397820643,6.81149909067532e-12,3.26516189846687e-09,5.3373971375145e-12,1.11179050482026e-19,5.20417042793042e-18,1.08667502769362e-13
NC_k0016,0.0165413533834586,0.0165413533834586,0.340815216218103,-130.721486826321,15.4491311078222,-120.594289066683,1.9022132906206,140.350129237194,-17.1529861962458,109.492533586796,-3.51414511913743,1,1120,5.02089362151053,-0.487341127041786,1.49607232317466,-2.07222442254143,6.56622587689494e-19,-2.33971014110829e-18,0,1.87182039070135e-18,-0.000565473957846777,-0.00157906169714302,1,-6.9262791474275e-20,1.63275759779608e-19,1,-0.0115585687257176,-0.00604009263940823,-0.00604009263940823,0.00793210257873352,-0.00816450835296581,0.00422070397820643,0.00422070397820643,-0.0090843260555411,1,0,0,1,-0.0115584559869533,-0.00604024672340413,-0.00604024672340413,0.00793196671199642,-0.00816456922181088,0.00422081164922628,0.00422081164922628,-0.00908437519201752,-20.3313841034892,-22.4238769900937,-3.28386493599862,16.1600697120357,-3.28386493599862,16.1600697120357,7.22312252103199,-4.14599650281348,1.73472347597681e-18,2.12030464537779e-19,-7.13207792825432e-19,0,0,0,-0.0115585687257176,0.00793210257873352,-0.00604009263940822,-0.00816450835296581,-0.0090843260555411,0.00422070397820643,1.14168989683156e-12,3.89435311077203e-09,2.73451138918408e-12,1.63275759779608e-19,3.46944695195361e-18,3.72989615106358e-14
NC_k0017,-0.0191729323308271,-0.0191729323308271,0.342500221703637,-16.6208859696013,101.531588037878,-36.3678973507085,133.785325131268,16.5762207547581,-110.630975971224,33.4590376447232,-124.319031364129,1,1120,0.608086791596773,-5.96965041917181,-1.76931599709981,2.57763426953712,-6.34313526568939e-19,-8.05680534071549e-19,0,4.3178629451921e-18,-0.00125274767541721,0.000499298039645896,1,1.30350710284087e-19,-7.07648880267554e-20,1,-0.0082771555149627,0.00450705118921081,0.00450705118921081,-0.00362172325633171,0.0152780878324339,-0.00620838961707159,-0.00620838961707159,-0.00510825188891229,1,0,0,1,-0.00827716376755917,0.00450716616500645,0.00450716616500645,-0.00362179088944168,0.015277990246836,-0.00620854799435774,-0.00620854799435774,-0.0051080894446668,-6.22243134758929,9.14952105320001,17.6962328525379,-0.415038917967567,17.6962328525379,-0.415038917967567,-23.8786132973935,-17.5811639440029,1.84314369322536e-18,-1.06489180059219e-18,1.66375339479514e-18,0,0,0,-0.0082771555149627,-0.00362172325633171,0.00450705118921081,0.0152780878324339,-0.00510825188891229,-0.00620838961707159,1.00695871993195e-12,8.11400960290139e-09,4.60778450466371e-12,1.30350710284087e-19,6.93889390390723e-18,5.51059246757481e-15
NC_k0017,-0.0120300751879699,-0.0120300751879699,0.340370999964577,-19.8563880185668,107.54686089109,-32.3715010633042,128.202611396568,19.3098422571873,-113.524032878953,29.9715616925627,-121.895010708212,1,1120,0.354632615192105,-3.80722013422333,-1.1393538812803,1.61896514371814,-8.52575057358406e-21,-4.05116006337031e-18,0,7.80024700192605e-19,-0.00125105970678386,0.000498995662267736,1,2.27153435825891e-19,-1.48470189212686e-21,1,-0.0082771555149627,0.00450705118921081,0.00450705118921081,-0.00362172325633171,0.0152780878324339,-0.00620838961707159,-0.00620838961707159,-0.00510825188891229,1,0,0,1,-0.00827716376755917,0.00450716616500645,0.00450716616500645,-0.00362179088944168,0.015277990246836,-0.00620854799435774,-0.00620854799435774,-0.0051080894446668,-6.17825152719505,9.14893571136068,17.5439526443877,-0.413612982616981,17.5439526443877,-0.413612982616981,-23.8000467083233,-17.5076648921434,1.30104260698261e-18,-1.08598713736553e-18,1.2251204084517e-18,0,0,0,-0.0082771555149627,-0.00362172325633171,0.00450705118921081,0.0152780878324339,-0.00510825188891229,-0.00620838961707159,2.85544399164281e-12,5.96343322073232e-09,1.11341591851083e-11,2.27153435825891e-19,6.93889390390723e-18,5.65922757204672e-14
NC_k0017,-0.00488721804511278,-0.00488721804511278,0.339304131242484,-23.3459307842313,113.801866761462,-28.4477745153946,122.268580402805,22.2561274508959,-116.207503843469,26.597612797268,-119.551676012015,1,1120,0.13590685522843,-1.55722721356554,-0.469035718251244,0.656541847728764,5.37766659832974e-20,7.70005888613362e-19,0,4.85660898687034e-19,-0.00125025299459402,0.000498912236884503,1,9.57776012064997e-20,-1.86535137972601e-19,1,-0.0082771555149627,0.00450705118921081,0.00450705118921081,-0.00362172325633171,0.0152780878324339,-0.00620838961707159,-0.00620838961707159,-0.00510825188891229,1,0,0,1,-0.00827716376755917,0.00450716616500645,0.00450716616500645,-0.00362179088944168,0.015277990246836,-0.00620854799435774,-0.00620854799435774,-0.0051080894446668,-6.1621688293937,9.15098154045235,17.4622361306046,-0.411024508347009,17.4622361306046,-0.411024508347009,-23.7721573626788,-17.4695944380368,1.30104260698261e-18,-4.62648468778494e-19,1.21407730956564e-18,0,0,0,-0.0082771555149627,-0.00362172325633171,0.00450705118921081,0.0152780878324339,-0.00510825188891229,-0.00620838961707159,2.60525692156131e-12,3.42530995350201e-09,1.89841355977689e-11,1.86535137972601e-19,1.73472347597681e-18,2.35588224288035e-14
NC_k0017,0.00225563909774436,0.00225563909774436,0.33914207926075,-27.0408216883564,120.017758007705,-24.6856436897849,116.105387448156,25.3951525094542,-118.676890582185,23.390996324074,-117.137566916332,1,1120,-0.0620866655586238,0.71935620134279,0.216898946808778,-0.302850019242495,-1.71646594549654e-19,1.60649062869639e-18,0,9.70368885308407e-19,-0.0012501354315667,0.000498902673279967,1,8.7975035954186e-20,-2.11315233328643e-19,1,-0.0082771555149627,0.00450705118921081,0.00450705118921081,-0.00362172325633171,0.0152780878324339,-0.00620838961707159,-0.00620838961707159,-0.00510825188891229,1,0,0,1,-0.00827716376755917,0.00450716616500645,0.00450716616500645,-0.00362179088944168,0.015277990246836,-0.00620854799435774,-0.00620854799435774,-0.0051080894446668,-6.16014029257991,9.15137807743856,17.4495082582422,-0.410503552559509,17.4495082582422,-0.410503552559509,-23.7686546642732,-17.4636414168158,1.89735380184963e-18,-5.72245909299853e-19,3.40054261830515e-19,0,0,0,-0.0082771555149627,-0.00362172325633171,0.00450705118921081,0.0152780878324339,-0.00510825188891229,-0.00620838961707159,5.24733472169731e-12,4.02928236595687e-09,1.20928443133337e-11,2.11315233328643e-19,3.46944695195361e-18,3.3881989312319e-14
NC_k0017,0.0093984962406015,0.0093984962406015,0.339868060533138,-30.9107328575595,126.051381950774,-21.1157643577559,109.844088765861,28.7113790630123,-121.031833009487,20.3719699311283,-114.541616981514,1,1120,-0.27008275621056,2.98436980278811,0.89571472537057,-1.26402249423352,-3.5238555839249e-19,8.88769172241276e-19,0,1.23114915394432e-18,-0.00125067183548133,0.000498951566372187,1,1.70847793429284e-19,-2.2900049866132e-19,1,-0.0082771555149627,0.00450705118921081,0.00450705118921081,-0.00362172325633171,0.0152780878324339,-0.00620838961707159,-0.00620838961707159,-0.00510825188891229,1,0,0,1,-0.00827716376755917,0.00450716616500645,0.00450716616500645,-0.00362179088944168,0.015277990246836,-0.00620854799435774,-0.00620854799435774,-0.0051080894446668,-6.17010692387092,9.14979632027526,17.5058566458805,-0.412574724131002,17.5058566458805,-0.412574724131002,-23.7859001822382,-17.4899334858278,1.73472347597681e-18,-6.04466142215529e-19,7.5311300296349e-19,0,0,0,-0.0082771555149627,-0.00362172325633171,0.00450705118921081,0.0152780878324339,-0.00510825188891229,-0.00620838961707159,2.96434481449256e-12,4.01432789403161e-09,2.5144607812201e-12,2.2900049866132e-19,2.60208521396521e-18,6.69659042662427e-15
NC_k0017,0.0165413533834586,0.0165413533834586,0.34156955424857,-34.8966823016456,131.775173624522,-17.7769364724979,103.68908229773,32.1671785842816,-123.402207941426,17.5559511346417,-111.710625816353,1,1120,-0.511766980045628,5.1891660101981,1.54354167995031,-2.22643550232452,-1.13885234119566e-18,6.14079034424666e-19,0,-3.41810881441612e-18,-0.00125200998452597,0.000499139252664568,1,1.78109119184123e-19,-1.63000453397048e-19,1,-0.0082771555149627,0.00450705118921081,0.00450705118921081,-0.00362172325633171,0.0152780878324339,-0.00620838961707159,-0.00620838961707159,-0.00510825188891229,1,0,0,1,-0.00827716376755917,0.00450716616500645,0.00450716616500645,-0.00362179088944168,0.015277990246836,-0.00620854799435774,-0.00620854799435774,-0.0051080894446668,-6.20133126992538,9.14813567866312,17.6315047440391,-0.414987694415129,17.6315047440391,-0.414987694415129,-23.8406937216896,-17.5490847867591,2.16840434497101e-18,-5.56897433900624e-19,1.13129865508916e-18,0,0,0,-0.0082771555149627,-0.00362172325633171,0.00450705118921081,0.0152780878324339,-0.00510825188891229,-0.00620838961707159,1.63654775030767e-12,3.72927820293054e-09,3.81626733727838e-12,1.78109119184123e-19,5.20417042793042e-18,4.956794572274e-14
NC_k0018,-0.0191729323308271,-0.0191729323308271,0.594039454718371,-20.8641884242655,-28.0063999016127,-3.56556387631937,-41.6264019729507,18.9238123879384,28.5300907758784,6.12886184214078,45.8486534164528,1,1120,12.8544386014141,5.38571789719371,6.0192516445406,-0.518471702207257,-1.9232941858593e-19,-5.80548441114217e-20,0,5.70754622661589e-20,0.000243349537367148,0.00162812414840877,1,-1.70191530869302e-19,-5.99854753304851e-20,1,0.000480665222583367,0.0166506935722712,0.0166506935722712,0.00125668900088172,-0.000142525586410508,0.00356399801294228,0.00356399801294228,0.0104029660136978,1,0,0,1,0.000480675711747203,0.0166511183348623,0.0166511183348623,0.00125668959178308,-0.000142425613758641,0.00356408893125893,0.00356408893125893,0.0104029314775282,-1.17187975562026,61.198750023146,1.44701952618681,2.41349592478558,1.44701952618681,2.41349592478558,11.9071779951259,8.81297164283573,1.73472347597681e-18,-4.92329114667551e-19,-1.23200216128348e-19,0,0,0,0.000480665222583363,0.00125668900088172,0.0166506935722712,-0.000142525586410515,0.0104029660136978,0.00356399801294227,7.75799519964717e-13,4.29923161737763e-09,7.83437091517847e-12,1.70191530869302e-19,6.39679281766448e-18,6.16749603441738e-14
NC_k0018,-0.0120300751879699,-0.0120300751879699,0.593436815316439,-16.8372267415313,-30.2332962395167,-5.29113096494088,-38.9363502662607,15.5075415713074,31.1616816339332,7.29278937600181,42.7787853226635,1,1120,8.24788199180145,3.50138912867949,3.87725946975878,-0.336524524191403,-1.29431928296377e-18,1.9467199408068e-19,0,1.61315439571111e-18,0.000244094710001041,0.00162577365860834,1,2.94755451645801e-19,-1.40428378533109e-19,1,0.000480665222583363,0.0166506935722712,0.0166506935722712,0.00125668900088172,-0.000142525586410514,0.00356399801294228,0.00356399801294228,0.0104029660136978,1,0,0,1,0.000480675711747203,0.0166511183348623,0.0166511183348623,0.00125668959178308,-0.000142425613758641,0.00356408893125893,0.00356408893125893,0.0104029314775282,-1.11901273857496,61.10237296609,1.447925833598,2.44565229628892,1.447925833598,2.44565229628892,11.9476734380288,8.81871553103485,1.73472347597681e-18,1.06193030717495e-19,7.47352190044447e-19,0,0,0,0.000480665222583363,0.00125668900088172,0.0166506935722712,-0.000142525586410515,0.0104029660136978,0.00356399801294227,1.01009126768162e-12,4.94376751384751e-09,6.6527914257041e-12,2.94755451645801e-19,1.73472347597681e-18,4.39646486454991e-14
NC_k0018,-0.00488721804511278,-0.00488721804511278,0.593456089187245,-12.7404117670161,-32.7812134691316,-7.91395397627558,-36.337746898556,12.3565735509928,34.5147437107702,8.99515574537059,39.3848520096985,1,1120,3.38036116221998,1.44595971577081,1.59268588973698,-0.1394926692726,-2.20517086883777e-18,8.94969718112973e-19,0,8.44114654053213e-19,0.000244562904430214,0.00162476586717744,1,2.32548036233077e-19,4.4649741809432e-20,1,0.000480665222583367,0.0166506935722712,0.0166506935722712,0.00125668900088172,-0.000142525586410509,0.00356399801294228,0.00356399801294228,0.0104029660136978,1,0,0,1,0.000480675711747203,0.0166511183348623,0.0166511183348623,0.00125668959178308,-0.000142425613758641,0.00356408893125893,0.00356408893125893,0.0104029314775282,-1.08995656293809,61.0855781917666,1.44487563868291,2.46265625042447,1.44487563868291,2.46265625042447,11.9749733745156,8.8355676416684,2.60208521396521e-18,-4.48761468195363e-19,-2.13936565986445e-20,0,0,0,0.000480665222583363,0.00125668900088172,0.0166506935722712,-0.000142525586410515,0.0104029660136978,0.00356399801294227,4.41861787036488e-12,3.38398216312162e-09,5.43136660797481e-12,2.32548036233077e-19,5.33969569949111e-18,1.12433598703744e-13
NC_k0018,0.00225563909774436,0.00225563909774436,0.59347739707201,-9.08723727742829,-35.3830580729265,-11.3249411837117,-33.7404377925837,9.77979766472496,38.0828256541365,11.3326947427249,35.8238123394891,1,1120,-1.56194458503322,-0.668943254273082,-0.736192986971103,0.0646279805316208,8.53127614007591e-19,8.13628085396959e-19,0,1.26834581172961e-18,0.000244638424666556,0.00162462764452156,1,2.24153135824895e-19,-5.55278455440479e-20,1,0.000480665222583366,0.0166506935722712,0.0166506935722712,0.00125668900088172,-0.000142525586410513,0.00356399801294228,0.00356399801294228,0.0104029660136978,1,0,0,1,0.000480675711747203,0.0166511183348623,0.0166511183348623,0.00125668959178308,-0.000142425613758641,0.00356408893125893,0.00356408893125893,0.0104029314775282,-1.08541580004149,61.0848687706985,1.44415964249365,2.46523628371276,1.44415964249365,2.46523628371276,11.9794489943353,8.83899709550779,2.16840434497101e-18,-2.74918693332382e-19,6.82168235060382e-19,0,0,0,0.000480665222583363,0.00125668900088172,0.0166506935722712,-0.000142525586410515,0.0104029660136978,0.00356399801294227,3.03588711385908e-12,4.11594388431559e-09,4.7557982206779e-12,2.24153135824895e-19,3.46944695195361e-18,1.19725323873436e-14
NC_k0018,0.0093984962406015,0.0093984962406015,0.593420411272886,-6.15687320762654,-37.9745117828179,-15.3032034073526,-31.1538798379536,7.85050338617275,41.5591143730873,14.2929522528134,32.3438892535548,1,1120,-6.47212077865117,-2.75713967260409,-3.0456559489143,0.265323753042173,-2.13490683888506e-18,2.97255624927056e-19,0,-1.53399321108979e-18,0.00024430751380948,0.00162527710256094,1,2.35595782970545e-19,-1.52204245101405e-19,1,0.000480665222583363,0.0166506935722712,0.0166506935722712,0.00125668900088172,-0.000142525586410513,0.00356399801294228,0.00356399801294228,0.0104029660136978,1,0,0,1,0.000480675711747203,0.0166511183348623,0.0166511183348623,0.00125668959178308,-0.000142425613758641,0.00356408893125893,0.00356408893125893,0.0104029314775282,-1.10548564176608,61.0919060937052,1.44684308670039,2.45366804508076,1.44684308670039,2.45366804508076,11.9600828822605,8.82544229810885,1.73472347597681e-18,1.7977121527541e-19,5.93715672173951e-19,0,0,0,0.000480665222583363,0.00125668900088172,0.0166506935722712,-0.000142525586410515,0.0104029660136978,0.00356399801294227,2.83976438512786e-12,5.38908929480144e-09,3.95024524942083e-12,2.35595782970545e-19,3.46944695195361e-18,3.59210463069169e-14
NC_k0018,0.0165413533834586,0.0165413533834586,0.593667390327524,-4.09518836565645,-40.6176929692963,-19.4340381486704,-28.7637103818118,6.50370573305101,44.7629246202327,17.6654588467589,29.3732828195072,1,1120,-11.2067198936934,-4.72033417216394,-5.25592784173286,0.453410800570495,-1.05843384204325e-18,-6.15528254857859e-19,0,9.43657568967845e-19,0.000243643169549315,0.00162706353170078,1,2.97678299826619e-19,-3.90702708952216e-21,1,0.000480665222583365,0.0166506935722712,0.0166506935722712,0.00125668900088172,-0.000142525586410513,0.00356399801294228,0.00356399801294228,0.0104029660136978,1,0,0,1,0.000480675711747203,0.0166511183348623,0.0166511183348623,0.00125668959178308,-0.000142425613758641,0.00356408893125893,0.00356408893125893,0.0104029314775282,-1.14968294462345,61.1461458454471,1.44829674965289,2.42696504142452,1.44829674965289,2.42696504142452,11.922245922002,8.81118204052911,1.73472347597681e-18,-4.28202196261967e-20,9.49960346721653e-20,0,0,0,0.000480665222583363,0.00125668900088172,0.0166506935722712,-0.000142525586410515,0.0104029660136978,0.00356399801294227,1.15133906788358e-12,4.31058731055121e-09,7.94562217825532e-12,2.97678299826619e-19,6.93889390390723e-18,7.85445988679474e-15
NC_k0019,-0.0191729323308271,-0.0191729323308271,0.340966782458356,139.922169671464,41.4422141520605,153.943793572683,33.3755607208501,-128.510094209046,-45.7280224612417,-163.045860774326,-27.8612596811153,1,1120,5.47327260594325,2.82686674569939,2.73904598604208,-1.9825191803675,-2.46325121995431e-18,-6.32615324771367e-19,0,-3.59634969280905e-19,0.000602988446017607,0.000622927258548194,1,-4.39874085013347e-20,-6.69803490810812e-20,1,0.0127487187526354,0.00482985425188675,0.00482985425188675,-0.0129637010912488,0.00660789271466915,0.00131317934767683,0.00131317934767683,0.000834533379048353,1,0,0,1,0.0127485540848356,0.0048299774624544,0.0048299774624544,-0.0129635377945098,0.00660787962700149,0.00131321284714999,0.00131321284714999,0.000834593931168138,23.9066168044261,15.0646257527827,7.02472072534121,-18.0407901163196,7.02472072534121,-18.0407901163196,13.4374180700405,-4.53241235948806,1.30104260698261e-18,4.55611336509748e-19,4.89411736637912e-19,0,0,0,0.0127487187526354,-0.0129637010912488,0.00482985425188675,0.00660789271466915,0.000834533379048352,0.00131317934767683,8.59208562460555e-13,4.34017003993361e-09,3.25366422360505e-12,6.69803490810812e-20,3.46944695195361e-18,9.76830953989561e-16
NC_k0019,-0.0120300751879699,-0.0120300751879699,0.339549179693412,142.287883180579,39.6439568393512,151.036143287136,34.5662253919972,-134.411099696152,-42.2518963537423,-156.566818064969,-30.723476266711,1,1120,3.49207115060169,1.85223694525568,1.76362167163293,-1.24796219383459,-3.10851827219468e-18,-8.45759089110969e-19,0,-3.85085993240182e-18,0.000601771349083234,0.000622699589564744,1,1.84546905988426e-20,-4.96097018830119e-20,1,0.0127487187526354,0.00482985425188675,0.00482985425188675,-0.0129637010912488,0.00660789271466915,0.00131317934767683,0.00131317934767683,0.000834533379048351,1,0,0,1,0.0127485540848356,0.0048299774624544,0.0048299774624544,-0.0129635377945098,0.00660787962700149,0.00131321284714999,0.00131321284714999,0.000834593931168138,23.8449983668695,15.0596903573782,6.99860120296861,-17.8994895825508,6.99860120296861,-17.8994895825508,13.377152816402,-4.53445028924231,1.30104260698261e-18,4.57682557360188e-19,6.61856249738182e-19,0,0,0,0.0127487187526354,-0.0129637010912488,0.00482985425188675,0.00660789271466915,0.000834533379048352,0.00131317934767683,5.12434424705951e-13,3.0997447222049e-09,2.60147903112952e-12,4.96097018830119e-20,6.93889390390723e-18,6.04893994269422e-15
NC_k0019,-0.00488721804511278,-0.00488721804511278,0.338872900504279,144.819868498774,37.9638885832113,148.350831846313,35.9012897092387,-140.859149112196,-38.685942913816,-149.947003739565,-33.9432582993216,1,1120,1.42891006453733,0.768303076906321,0.725080336676413,-0.506858502397925,-3.7920606257391e-19,-1.62369350389565e-18,0,-8.69393293572834e-19,0.000601129314258485,0.000622662186393064,1,1.1620925265531e-20,-1.93336213629525e-20,1,0.0127487187526354,0.00482985425188675,0.00482985425188675,-0.0129637010912488,0.00660789271466915,0.00131317934767683,0.00131317934767683,0.000834533379048353,1,0,0,1,0.0127485540848356,0.0048299774624544,0.0048299774624544,-0.0129635377945098,0.00660787962700149,0.00131321284714999,0.00131321284714999,0.000834593931168138,23.8206424353217,15.0637555774757,6.98381318067464,-17.8251163401695,6.98381318067464,-17.8251163401695,13.3567964630545,-4.53364339061388,1.0842021724855e-18,1.00626295414775e-18,6.13422449250585e-19,0,0,0,0.0127487187526354,-0.0129637010912488,0.00482985425188675,0.00660789271466915,0.000834533379048352,0.00131317934767683,3.82720838100426e-12,2.64438200868162e-09,3.47204985037245e-12,1.93336213629525e-20,6.93889390390723e-18,4.24270815031261e-14
NC_k0019,0.00225563909774436,0.00225563909774436,0.338771117060221,147.390462129861,36.4288061106432,145.762385154316,37.3807735297472,-147.492632130592,-35.1900034763683,-143.292743301776,-37.3831254606698,1,1120,-0.660179813265338,-0.355651016466989,-0.335224173811674,0.233921407075325,-1.40331521791866e-18,9.8726983958409e-19,0,3.80006773406861e-20,0.000601033441855946,0.000622662708381645,1,1.64526867576276e-19,-5.67184745635103e-20,1,0.0127487187526354,0.00482985425188675,0.00482985425188675,-0.0129637010912488,0.00660789271466915,0.00131317934767683,0.00131317934767683,0.000834533379048352,1,0,0,1,0.0127485540848356,0.0048299774624544,0.0048299774624544,-0.0129635377945098,0.00660787962700149,0.00131321284714999,0.00131321284714999,0.000834593931168138,23.8172138344778,15.0647213432396,6.98141929789909,-17.8135978320406,6.98141929789909,-17.8135978320406,13.354359868999,-4.53333603822135,1.30104260698261e-18,-1.41347191460674e-18,4.70935142025595e-19,0,0,0,0.0127487187526354,-0.0129637010912488,0.00482985425188675,0.00660789271466915,0.000834533379048352,0.00131317934767683,7.85798582715784e-12,2.86746898595094e-09,3.28168303904496e-12,1.64526867576276e-19,1.04083408558608e-17,8.84845848872959e-15
NC_k0019,0.0093984962406015,0.0093984962406015,0.339228397026561,150.029872884372,35.0420811595189,143.213801134641,39.0097387489966,-154.139961592637,-31.8773433675387,-136.749263627146,-40.9395264592657,1,1120,-2.73782634371209,-1.46156032652644,-1.38579760117873,0.975074272175489,-9.99472407980473e-19,-2.73611659733963e-18,0,1.2666252760555e-18,0.000601466996391706,0.000622674800841244,1,1.44686820591548e-19,-1.48667900054964e-19,1,0.0127487187526354,0.00482985425188675,0.00482985425188675,-0.0129637010912488,0.00660789271466915,0.00131317934767683,0.00131317934767683,0.000834533379048353,1,0,0,1,0.0127485540848356,0.0048299774624544,0.0048299774624544,-0.0129635377945098,0.00660787962700149,0.00131321284714999,0.00131321284714999,0.000834593931168138,23.8330914016958,15.0611442024049,6.9918137150994,-17.8646911891341,6.9918137150994,-17.8646911891341,13.3666025071543,-4.53431091740607,1.51788304147971e-18,-1.3991334507868e-18,3.74641899846169e-19,0,0,0,0.0127487187526354,-0.0129637010912488,0.00482985425188675,0.00660789271466915,0.000834533379048352,0.00131317934767683,2.68867006012937e-12,3.6210659401524e-09,4.08398539003111e-12,1.48667900054964e-19,1.21430643318376e-17,3.35460890130516e-14
NC_k0019,0.0165413533834586,0.0165413533834586,0.340333422601468,152.833106448801,33.7951639107226,140.752013675461,40.7678599037251,-160.679480042298,-28.8615412820667,-130.582307553044,-44.470683429128,1,1120,-4.75815713331042,-2.48555852978435,-2.39042616882128,1.7137856751168,3.31428110392847e-19,-4.06211855212541e-20,0,-1.72642520007168e-19,0.000602482735433638,0.0006228023917665,1,-8.32789508429821e-20,-5.99269923894295e-20,1,0.0127487187526354,0.00482985425188675,0.00482985425188675,-0.0129637010912488,0.00660789271466915,0.00131317934767683,0.00131317934767683,0.000834533379048353,1,0,0,1,0.0127485540848356,0.0048299774624544,0.0048299774624544,-0.0129635377945098,0.00660787962700149,0.00131321284714999,0.00131321284714999,0.000834593931168138,23.8771761850603,15.0601331290328,7.01372687991249,-17.9802977665727,7.01372687991249,-17.9802977665727,13.408358126598,-4.53363423057192,1.0842021724855e-18,-8.47084131180875e-19,3.36541338283209e-19,0,0,0,0.0127487187526354,-0.0129637010912488,0.00482985425188675,0.00660789271466915,0.000834533379048352,0.00131317934767683,7.22204460580515e-13,2.56241079935198e-09,2.38667386161564e-12,8.32789508429821e-20,5.20417042793042e-18,3.26216278183537e-14
NC_k0020,-0.0191729323308271,-0.0191729323308271,0.328513221107573,15.567289620367,113.952046184199,15.5158480520955,144.085430258997,-18.0930953028605,-128.935362928473,-12.999420307057,-131.84388686095,1,1120,4.61486374625219,1.34553685125119,1.96693219717615,1.94804907976301,-1.51186778406522e-18,1.54476310266523e-18,0,-8.96081448856245e-19,-0.000270838217040291,-0.00153365813668989,1,1.63968922615274e-20,-1.719591096902e-20,1,-0.000641862031582154,0.00761351814436903,0.00761351814436903,-0.0054579085922262,-0.00107937272190659,0.00271105892574516,0.00271105892574516,-0.0174160472675352,1,0,0,1,-0.000641912196963993,0.00761371236677067,0.00761371236677067,-0.00545789732844273,-0.00107953588762432,0.00271112808541163,0.00271112808541163,-0.0174160020573021,2.19991326026511,18.4050496675672,14.9035108251051,-2.37448180689737,14.9035108251051,-2.37448180689737,10.3689666580121,-22.1804847548627,1.73472347597681e-18,-1.4445709196724e-19,-6.1591269926303e-19,0,0,0,-0.000641862031582153,-0.0054579085922262,0.00761351814436903,-0.00107937272190659,-0.0174160472675352,0.00271105892574516,1.75408388248102e-12,5.3358115558122e-09,3.52016312730075e-12,1.719591096902e-20,3.46944695195361e-18,3.02468681074525e-14
NC_k0020,-0.0120300751879699,-0.0120300751879699,0.327892738241289,15.8504643117205,118.239237804398,16.2509696065575,137.77800522837,-17.7860970652734,-128.796648531489,-14.3249192566849,-129.977174826479,1,1120,2.94013122646266,0.914256090582865,1.27194781462502,1.218493654122,-5.03475060358976e-19,-2.27375406778576e-19,0,3.23219831738361e-18,-0.000271186368547556,-0.00153247580337046,1,1.86119548444748e-19,1.51075009249559e-19,1,-0.000641862031582155,0.00761351814436903,0.00761351814436903,-0.0054579085922262,-0.00107937272190659,0.00271105892574516,0.00271105892574516,-0.0174160472675352,1,0,0,1,-0.000641912196963993,0.00761371236677067,0.00761371236677067,-0.00545789732844273,-0.00107953588762432,0.00271112808541163,0.00271112808541163,-0.0174160020573021,2.23070420499173,18.4380713772747,14.8016825098031,-2.37027080535894,14.8016825098031,-2.37027080535894,10.3266061164332,-22.1413919136631,2.16840434497101e-18,-3.38968443555801e-19,-1.46693685657923e-18,0,0,0,-0.000641862031582153,-0.0054579085922262,0.00761351814436903,-0.00107937272190659,-0.0174160472675352,0.00271105892574516,2.18149087286783e-12,4.89019132565017e-09,6.00441691273187e-12,1.86119548444748e-19,3.46944695195361e-18,3.84303458413975e-14
NC_k0020,-0.00488721804511278,-0.00488721804511278,0.327643002292304,16.258863922678,123.417312366004,16.520132344423,131.482490213571,-17.1283768569303,-128.667370055091,-15.6595547881494,-128.996226667528,1,1120,1.19955633607844,0.384037145530684,0.522585848931016,0.492948595253993,-5.31817576867493e-19,-6.36234239951287e-19,0,3.89617288635747e-18,-0.000271352525460084,-0.00153174660970759,1,1.34478495841531e-19,-3.08567993204694e-21,1,-0.000641862031582154,0.00761351814436902,0.00761351814436902,-0.0054579085922262,-0.0010793727219066,0.00271105892574516,0.00271105892574516,-0.0174160472675352,1,0,0,1,-0.000641912196963993,0.00761371236677067,0.00761371236677067,-0.00545789732844273,-0.00107953588762432,0.00271112808541163,0.00271112808541163,-0.0174160020573021,2.24848557466323,18.4600175816758,14.7468166252361,-2.36859706059289,14.7468166252361,-2.36859706059289,10.3105179494547,-22.1271274919871,1.73472347597681e-18,-4.66866539539148e-19,-2.31192977731007e-19,0,0,0,-0.000641862031582153,-0.0054579085922262,0.00761351814436903,-0.00107937272190659,-0.0174160472675352,0.00271105892574516,8.46214914631173e-12,3.16643821196819e-09,3.4269986639862e-12,1.34478495841531e-19,7.58941520739853e-18,8.20020479850178e-14
NC_k0020,0.00225563909774436,0.00225563909774436,0.32760628216716,16.5096418493125,129.226275885372,16.3821685090374,125.495494565896,-16.1090180697919,-128.814291915526,-16.7914392390001,-128.672776510544,1,1120,-0.553895110009641,-0.17804028057166,-0.241538678891834,-0.227280074975671,3.09815535348061e-19,7.09773905129701e-19,0,-8.38840550467575e-19,-0.000271376402350227,-0.0015316293387364,1,1.4450774458127e-19,2.67995188666502e-19,1,-0.000641862031582153,0.00761351814436902,0.00761351814436902,-0.0054579085922262,-0.00107937272190659,0.00271105892574516,0.00271105892574516,-0.0174160472675352,1,0,0,1,-0.000641912196963993,0.00761371236677067,0.00761371236677067,-0.00545789732844273,-0.00107953588762432,0.00271112808541163,0.00271112808541163,-0.0174160020573021,2.25129172592243,18.4635136693966,14.7382171882115,-2.36835166359991,14.7382171882115,-2.36835166359991,10.3083612980702,-22.1250864562685,2.60208521396521e-18,-6.72094046322068e-19,-1.69707652443121e-18,0,0,0,-0.000641862031582153,-0.0054579085922262,0.00761351814436903,-0.00107937272190659,-0.0174160472675352,0.00271105892574516,9.87959892389469e-12,4.33153629427834e-09,1.4210764068175e-12,2.67995188666502e-19,3.03576608295941e-18,3.98195066744458e-14
NC_k0020,0.0093984962406015,0.0093984962406015,0.327772942298148,16.4041220017315,135.441103084004,16.0033399337311,120.060399347553,-14.8284869497779,-129.524732672087,-17.5882756165562,-128.736671274677,1,1120,-2.30237003788433,-0.726074303163881,-0.999386632545873,-0.950281919054373,-7.33576854436527e-20,-9.44971131780579e-21,0,-5.9821701899835e-21,-0.000271266612562715,-0.00153214085348889,1,1.20580254493078e-19,1.1753949829802e-20,1,-0.000641862031582152,0.00761351814436903,0.00761351814436903,-0.0054579085922262,-0.00107937272190658,0.00271105892574516,0.00271105892574516,-0.0174160472675352,1,0,0,1,-0.000641912196963993,0.00761371236677067,0.00761371236677067,-0.00545789732844273,-0.00107953588762432,0.00271112808541163,0.00271112808541163,-0.0174160020573021,2.23893048907254,18.4482126445593,14.7761631013506,-2.36945695260158,14.7761631013506,-2.36945695260158,10.3185840239758,-22.1344563768301,1.43656787854329e-18,-4.03796286406463e-19,-1.98093469781249e-18,0,0,0,-0.000641862031582153,-0.0054579085922262,0.00761351814436903,-0.00107937272190659,-0.0174160472675352,0.00271105892574516,3.72708802700457e-12,3.8931503549503e-09,1.83018374636421e-12,1.20580254493078e-19,1.04083408558608e-17,3.08232566521585e-14
NC_k0020,0.0165413533834586,0.0165413533834586,0.328212589098095,15.837943343365,141.779160529375,15.6377178061756,115.403695466063,-13.4702592845131,-131.040124547327,-18.0141869329704,-128.891096564378,1,1120,-4.01225465260708,-1.20403174598837,-1.7213745115365,-1.67985241195235,5.42130864744804e-19,4.33661016659501e-19,0,4.49679534657712e-18,-0.000270989610438587,-0.00153319564106555,1,1.33044339428974e-19,1.21319021698461e-19,1,-0.000641862031582154,0.00761351814436903,0.00761351814436903,-0.0054579085922262,-0.00107937272190659,0.00271105892574516,0.00271105892574516,-0.0174160472675352,1,0,0,1,-0.000641912196963993,0.00761371236677067,0.00761371236677067,-0.00545789732844273,-0.00107953588762432,0.00271112808541163,0.00271112808541163,-0.0174160020573021,2.21253508933655,18.4168959538705,14.8601579881892,-2.37251086011237,14.8601579881892,-2.37251086011237,10.3488501781607,-22.1609552368887,2.60208521396521e-18,-5.54004539902361e-19,-6.58868555286627e-19,0,0,0,-0.000641862031582153,-0.0054579085922262,0.00761351814436903,-0.00107937272190659,-0.0174160472675352,0.00271105892574516,1.96844548424825e-12,4.16663361578389e-09,3.32195296836362e-12,1.33044339428974e-19,6.93889390390723e-18,2.99363098622522e-14
NC_k0021,-0.0191729323308271,-0.0191729323308271,0.259355829283574,-95.1765647830942,-41.3176801134608,-90.8790729745909,-44.9463509961291,83.3307905995299,40.111535615173,99.5334744497776,47.8846043275541,1,1120,5.10615004521778,3.28283876350793,2.76836630687948,0.771860903120029,-6.94214637807579e-19,-2.69822345347857e-18,0,-3.80440216047839e-19,-0.00172358008526871,0.000333262538288404,1,1.66694317932258e-19,-2.67417178723232e-21,1,-0.0157696505906199,0.00743347769776725,0.00743347769776725,-0.00490678345698626,-0.00639315530433366,0.00364612015319482,0.00364612015319482,0.00422118215147607,1,0,0,1,-0.0157696472446371,0.00743366732730035,0.00743366732730035,-0.00490691866798216,-0.00639309453678978,0.00364621316646403,0.00364621316646403,0.0042211075320626,-16.6758336403112,28.8319718798256,-3.94328591362677,8.73421721096441,-3.94328591362677,8.73421721096441,6.6224886496529,7.67192025597303,2.00577401909818e-18,-1.66083749497952e-18,-3.60911622186954e-19,0,0,0,-0.0157696505906199,-0.00490678345698626,0.00743347769776725,-0.00639315530433366,0.00422118215147607,0.00364612015319482,1.11827874419788e-12,6.85024016295785e-09,2.18354327051021e-12,1.66694317932258e-19,3.46944695195361e-18,3.42455545400142e-15
NC_k0021,-0.0120300751879699,-0.0120300751879699,0.25895029682973,-93.3520057770781,-42.2069141254133,-90.0910925107255,-44.2821771155417,84.818137722457,41.4388465251386,95.4362704063375,46.7789094731344,1,1120,3.30946046406669,2.10834769358134,1.78787669202387,0.479716280774973,1.01689117731961e-18,5.53562500810287e-19,0,2.37845858972272e-19,-0.00172190757482619,0.000331774725240506,1,2.48297230154201e-19,-4.21897649081277e-20,1,-0.0157696505906199,0.00743347769776724,0.00743347769776724,-0.00490678345698626,-0.00639315530433366,0.00364612015319482,0.00364612015319482,0.00422118215147607,1,0,0,1,-0.0157696472446371,0.00743366732730035,0.00743366732730035,-0.00490691866798216,-0.00639309453678978,0.00364621316646403,0.00364621316646403,0.0042211075320626,-16.6539757173266,28.7377307765334,-3.93144990409276,8.69312109391454,-3.93144990409276,8.69312109391454,6.67329985641832,7.66831509803047,2.16840434497101e-18,-2.22715122432134e-18,-8.68146204219458e-20,0,0,0,-0.0157696505906199,-0.00490678345698626,0.00743347769776725,-0.00639315530433366,0.00422118215147607,0.00364612015319482,1.97557984541791e-12,5.01206234110747e-09,4.00113752617427e-12,2.48297230154201e-19,6.07153216591882e-18,1.90789217856371e-14
NC_k0021,-0.00488721804511278,-0.00488721804511278,0.258869536428934,-91.7089936105005,-42.9691401998519,-90.2567183806635,-43.7611128138228,87.1851733275841,43.0934613635809,91.5946594433645,45.3635207967292,1,1120,1.36249379864661,0.864632689347505,0.734951741038073,0.193315823197685,-2.64178326592286e-19,-3.16757235048606e-19,0,3.1384886801487e-20,-0.00172097302858402,0.000331067227041806,1,2.99910302577914e-19,8.72512934331678e-20,1,-0.0157696505906199,0.00743347769776725,0.00743347769776725,-0.00490678345698626,-0.00639315530433366,0.00364612015319482,0.00364612015319482,0.00422118215147607,1,0,0,1,-0.0157696472446371,0.00743366732730035,0.00743366732730035,-0.00490691866798216,-0.00639309453678978,0.00364621316646403,0.00364621316646403,0.0042211075320626,-16.6499750440565,28.7048270616857,-3.92701417275294,8.67135243679486,-3.92701417275294,8.67135243679486,6.69921808376882,7.67295831582952,2.38524477946811e-18,-1.92338043705118e-18,-3.67650171979839e-19,0,0,0,-0.0157696505906199,-0.00490678345698626,0.00743347769776725,-0.00639315530433366,0.00422118215147607,0.00364612015319482,3.28953449539643e-12,4.10345920998631e-09,6.63442518239022e-12,2.99910302577914e-19,6.93889390390723e-18,1.12150438767128e-13
NC_k0021,0.00225563909774436,0.00225563909774436,0.258863505857985,-90.5260597538794,-43.5681690093523,-91.2057879846831,-43.2063594514904,90.2933411602042,44.7781586317345,88.2518123266972,43.7231927545438,1,1120,-0.629942838231474,-0.399577760880862,-0.33974179770707,-0.0890821742167411,-8.09607987619951e-19,1.45530848250129e-19,0,2.81988352361165e-19,-0.00172082828774655,0.000330964350109164,1,1.42941470175231e-19,2.12451097122389e-20,1,-0.0157696505906199,0.00743347769776725,0.00743347769776725,-0.00490678345698626,-0.00639315530433366,0.00364612015319482,0.00364612015319482,0.00422118215147606,1,0,0,1,-0.0157696472446371,0.00743366732730035,0.00743366732730035,-0.00490691866798216,-0.00639309453678978,0.00364621316646403,0.00364621316646403,0.0042211075320626,-16.649662883437,28.7007121877835,-3.92641817145873,8.66793645675103,-3.92641817145873,8.66793645675103,6.70304260717986,7.6740427306587,3.46944695195361e-18,-1.67992551825887e-18,1.71648575329972e-19,0,0,0,-0.0157696505906199,-0.00490678345698626,0.00743347769776725,-0.00639315530433366,0.00422118215147607,0.00364612015319482,1.68564772107513e-11,4.22781311897018e-09,2.30223023191222e-12,1.42941470175231e-19,3.46944695195361e-18,3.36673596164952e-14
NC_k0021,0.0093984962406015,0.0093984962406015,0.258903362899725,-90.0493236747827,-44.0841496180239,-92.7114534587168,-42.5078746264833,93.9778250741385,46.2913936848597,85.5957550814285,42.0286234377231,1,1120,-2.60263459854736,-1.65483509089504,-1.40496499751596,-0.373512326256669,-2.14905162735972e-18,-1.20667784270256e-18,0,-4.96561484799258e-19,-0.00172147228313094,0.000331433827233874,1,1.62469202298773e-19,-1.81907519065812e-20,1,-0.0157696505906199,0.00743347769776725,0.00743347769776725,-0.00490678345698626,-0.00639315530433366,0.00364612015319482,0.00364612015319482,0.00422118215147607,1,0,0,1,-0.0157696472446371,0.00743366732730035,0.00743366732730035,-0.00490691866798216,-0.00639309453678978,0.00364621316646403,0.00364621316646403,0.0042211075320626,-16.6516562168229,28.7209783434781,-3.92923164878273,8.68298544544595,-3.92923164878273,8.68298544544595,6.68569079361787,7.66996762712877,2.60208521396521e-18,-8.83744600330985e-19,-2.13387795100157e-20,0,0,0,-0.0157696505906199,-0.00490678345698626,0.00743347769776725,-0.00639315530433366,0.00422118215147607,0.00364612015319482,2.12938508441296e-12,6.79824941462893e-09,1.76953677153344e-12,1.62469202298773e-19,3.46944695195361e-18,2.72299136149121e-14
NC_k0021,0.0165413533834586,0.0165413533834586,0.259134157540414,-90.468636321618,-44.6721540643631,-94.4976272180471,-41.6509175627383,98.0101107927118,47.5142733746979,83.7659549334617,40.5389820540708,1,1120,-4.47175061723686,-2.86293988560155,-2.42044786593675,-0.663892101250169,-9.25108870911956e-19,7.12678963440987e-19,0,-6.91061425312527e-19,-0.00172289117683593,0.000332613965685945,1,2.96622787429885e-19,4.49529250683127e-20,1,-0.01576965059062,0.00743347769776725,0.00743347769776725,-0.00490678345698627,-0.00639315530433366,0.00364612015319482,0.00364612015319482,0.00422118215147607,1,0,0,1,-0.0157696472446371,0.00743366732730035,0.00743366732730035,-0.00490691866798216,-0.00639309453678978,0.00364621316646403,0.00364621316646403,0.0042211075320626,-16.6635131690408,28.7862422643288,-3.93765048208922,8.71650637207243,-3.93765048208922,8.71650637207243,6.64387866312796,7.6682951983855,2.60208521396521e-18,-8.5488201784054e-20,6.20261345553777e-21,0,0,0,-0.0157696505906199,-0.00490678345698626,0.00743347769776725,-0.00639315530433366,0.00422118215147607,0.00364612015319482,3.23469798722177e-12,4.515171501689e-09,5.61672579751285e-12,2.96622787429885e-19,1.04083408558608e-17,3.98445123059614e-14
NC_k0022,-0.0191729323308271,-0.0191729323308271,0.34376263761166,42.6653085297553,-116.000023074768,62.6660838373746,-151.997355625169,-39.6593838087447,126.766284793668,-63.2883319760875,141.304420912374,1,1120,-1.04476797675616,3.21476075383558,0.716097616436209,-3.31452102597591,2.22430355640612e-18,-3.0293670137407e-18,0,-4.91795270109727e-18,0.00106781017357703,-0.000284898293756983,1,-1.29467451002537e-19,6.35448934024543e-20,1,0.00921842681296943,-0.00503965169388544,-0.00503965169388544,0.00145752932466205,-0.0151678539211591,0.00175471875137047,0.00175471875137047,0.00737260440386989,1,0,0,1,0.00921841136067721,-0.00503978025642865,-0.00503978025642865,0.00145761286340922,-0.0151677350255369,0.00175476351460393,0.00175476351460393,0.00737243579364615,9.87925750157076,-9.96200199958366,-19.4097303729647,-4.21331197543068,-19.4097303729647,-4.21331197543068,9.72327213809303,20.4133296752387,1.30104260698261e-18,6.70239510608168e-19,-1.10224856874168e-18,0,0,0,0.00921842681296943,0.00145752932466205,-0.00503965169388544,-0.0151678539211591,0.00737260440386989,0.00175471875137047,1.43080361681896e-12,5.36318536235631e-09,6.72053338782814e-12,1.29467451002537e-19,3.46944695195361e-18,2.85821456229116e-14
NC_k0022,-0.0120300751879699,-0.0120300751879699,0.341539906654505,46.0176071044662,-122.338216249554,58.4358810250101,-145.388462532259,-43.5339913111996,129.558419265981,-58.5407746791127,138.269758107938,1,1120,-0.649447572409276,2.04403917062183,0.460215227410145,-2.07896266392961,-2.88078883211393e-19,-1.1231458357245e-18,0,6.84202774545482e-18,0.00106643279306656,-0.000285009258976508,1,-2.24815160119933e-19,2.52838609643767e-20,1,0.00921842681296942,-0.00503965169388544,-0.00503965169388544,0.00145752932466205,-0.0151678539211591,0.00175471875137047,0.00175471875137047,0.00737260440386989,1,0,0,1,0.00921841136067721,-0.00503978025642865,-0.00503978025642865,0.00145761286340922,-0.0151677350255369,0.00175476351460393,0.00175476351460393,0.00737243579364615,9.81349690751944,-9.9794201444735,-19.2521087536127,-4.1796022261727,-19.2521087536127,-4.1796022261727,9.65723844659517,20.313730106071,8.67361737988404e-19,7.68131919691333e-19,3.49567390016401e-19,0,0,0,0.00921842681296943,0.00145752932466205,-0.00503965169388544,-0.0151678539211591,0.00737260440386989,0.00175471875137047,2.58191567005431e-12,4.37977642068863e-09,5.33241440729005e-12,2.24815160119933e-19,3.46944695195361e-18,3.08810728364116e-14
NC_k0022,-0.00488721804511278,-0.00488721804511278,0.340397220473111,49.4586790024423,-129.079689762504,54.4645938364047,-138.530658788246,-47.709713542812,132.143313801363,-53.8397498057591,135.583287874984,1,1120,-0.259490042868846,0.836095697671162,0.190279866084771,-0.842322966606309,9.40711151625931e-19,1.20047067938596e-18,0,-6.65635547643872e-18,0.0010657257882323,-0.000285155717306572,1,-1.39207306698392e-19,7.20353211698973e-20,1,0.00921842681296943,-0.00503965169388544,-0.00503965169388544,0.00145752932466205,-0.0151678539211591,0.00175471875137047,0.00175471875137047,0.00737260440386989,1,0,0,1,0.00921841136067721,-0.00503978025642865,-0.00503978025642865,0.00145761286340922,-0.0151677350255369,0.00175476351460393,0.00175476351460393,0.00737243579364615,9.7844070385657,-9.99090501338972,-19.1677068272488,-4.16271645452065,-19.1677068272488,-4.16271645452065,9.62907513838302,20.2629529306141,1.40946282423116e-18,2.42072628880259e-19,-1.32883813430865e-18,0,0,0,0.00921842681296943,0.00145752932466205,-0.00503965169388544,-0.0151678539211591,0.00737260440386989,0.00175471875137047,6.4921826269633e-12,3.22462929720555e-09,1.1862430914618e-11,1.39207306698392e-19,8.67361737988404e-18,2.44616353597588e-15
NC_k0022,0.00225563909774436,0.00225563909774436,0.340221454138907,53.0725242894106,-135.979388555689,50.7655443967998,-131.611929227671,-52.1476278118973,134.645102202314,-49.3163861873356,133.064498004385,1,1120,0.119381544511986,-0.386280864467185,-0.0880767755852293,0.388489354569212,1.44580583162429e-18,2.16311038905067e-18,0,-2.79488447113907e-18,0.00106561958091196,-0.000285181665824466,1,-1.93646309795506e-20,6.84151501889909e-20,1,0.00921842681296943,-0.00503965169388544,-0.00503965169388544,0.00145752932466205,-0.0151678539211591,0.00175471875137047,0.00175471875137047,0.0073726044038699,1,0,0,1,0.00921841136067721,-0.00503978025642865,-0.00503978025642865,0.00145761286340922,-0.0151677350255369,0.00175476351460393,0.00175476351460393,0.00737243579364615,9.78023489075815,-9.99272935200438,-19.154559175594,-4.16015736103659,-19.154559175594,-4.16015736103659,9.62518430076226,20.2550891167674,1.73472347597681e-18,4.74811000870174e-19,-9.18641808074388e-19,0,0,0,0.00921842681296943,0.00145752932466205,-0.00503965169388544,-0.0151678539211591,0.00737260440386989,0.00175471875137047,2.05354020782542e-11,4.18119304662589e-09,9.09991236327258e-12,6.84151501889909e-20,4.33680868994202e-18,1.55003727801845e-14
NC_k0022,0.0093984962406015,0.0093984962406015,0.341004096369335,56.9397595073742,-142.880813722449,47.2714980810097,-124.792792452788,-56.7950400615765,137.249755109874,-45.0399247691511,130.531957559941,1,1120,0.503972134553974,-1.60209559253863,-0.362380741134933,1.62251862823001,2.00804049397658e-18,-7.95939655178125e-19,0,5.03890635898723e-18,0.00106609750575801,-0.000285072431942353,1,-1.35342890822238e-20,2.9548109926753e-19,1,0.00921842681296943,-0.00503965169388544,-0.00503965169388544,0.00145752932466205,-0.0151678539211591,0.00175471875137047,0.00175471875137047,0.00737260440386989,1,0,0,1,0.00921841136067721,-0.00503978025642865,-0.00503978025642865,0.00145761286340922,-0.0151677350255369,0.00175476351460393,0.00175476351460393,0.00737243579364615,9.79944551587547,-9.98473837770018,-19.2127586741238,-4.17162408888815,-19.2127586741238,-4.17162408888815,9.64344387123158,20.2899736699072,1.30104260698261e-18,3.93055614793638e-19,7.23993403385009e-19,0,0,0,0.00921842681296943,0.00145752932466205,-0.00503965169388544,-0.0151678539211591,0.00737260440386989,0.00175471875137047,5.57588999328453e-12,3.6459331729743e-09,3.01110733056254e-12,2.9548109926753e-19,8.67361737988404e-18,9.44166596733728e-15
NC_k0022,0.0165413533834586,0.0165413533834586,0.342798586302778,61.0829412164287,-149.602699678224,43.8908815958246,-118.26116217614,-61.5452619606641,140.132230405741,-41.0469207187298,127.817223079774,1,1120,0.901271988386056,-2.78936468631758,-0.623070590317416,2.86144172523819,-1.32646021284513e-18,1.37297754177267e-18,0,-4.8138470579238e-18,0.00106722444272465,-0.000284910565434657,1,-2.00463399664777e-19,9.84287132825919e-20,1,0.00921842681296943,-0.00503965169388544,-0.00503965169388544,0.00145752932466205,-0.0151678539211591,0.00175471875137047,0.00175471875137047,0.00737260440386989,1,0,0,1,0.00921841136067721,-0.00503978025642865,-0.00503978025642865,0.00145761286340922,-0.0151677350255369,0.00175476351460393,0.00175476351460393,0.00737243579364615,9.8492789214077,-9.96819511618804,-19.3426249211205,-4.19856778325498,-19.3426249211205,-4.19856778325498,9.69315085593912,20.3697313495439,1.89735380184963e-18,6.21010219881704e-19,8.19690143950784e-19,0,0,0,0.00921842681296943,0.00145752932466205,-0.00503965169388544,-0.0151678539211591,0.00737260440386989,0.00175471875137047,3.37399826702279e-12,3.60733979641676e-09,6.0450783340041e-12,2.00463399664777e-19,6.93889390390723e-18,5.8134730096056e-14
NC_k0023,-0.0191729323308271,-0.0191729323308271,0.600001624901725,15.1845319516248,-3.50947945064234,23.8569440494521,-17.1201671356245,-17.8446906359909,2.71190063722858,-18.7486616435932,16.4089472143229,1,1120,-2.62869149402919,11.1890001659755,2.82490186174228,-0.58282735947642,-2.41172779395961e-19,5.86437967075595e-20,0,-3.56684416035928e-19,0.000301706999162719,-0.000457927024144941,1,1.24128883850641e-19,-1.61403684776534e-19,1,0.00179059656442485,-0.00748668606960372,-0.00748668606960372,-0.00832749512316029,-0.00107299813618593,0.0163878394980998,0.0163878394980998,-0.00129750229158753,1,1.0842021724855e-19,-5.42101086242752e-20,1,0.00179051119107685,-0.00748687705649325,-0.00748687705649325,-0.00832745143921636,-0.00107300712696635,0.0163882575552299,0.0163882575552299,-0.00129750841879454,4.03997402068152,-25.7590996554686,-3.88781494163129,0.836789718284571,-3.88781494163129,0.836789718284571,58.6392115559507,0.827958358473522,2.60208521396521e-18,5.44061140540095e-19,-5.40054038694482e-19,0,0,0,0.00179059656442486,-0.00832749512316028,-0.00748668606960372,-0.00107299813618593,-0.00129750229158753,0.0163878394980998,1.12816279901115e-12,8.1554213588185e-09,3.52360333686233e-12,1.61403684776534e-19,4.11996825544492e-18,3.38617105478142e-14
NC_k0023,-0.0120300751879699,-0.0120300751879699,0.598521807750478,16.046652269789,-7.33138992219098,21.8955146910313,-15.9237672444335,-17.5460290077457,6.45517487525819,-17.956950434717,15.3205571785544,1,1120,-1.6126542731569,7.13329301753738,1.82181078564553,-0.370100816382811,3.92804911844281e-19,-2.25955303102945e-18,0,2.07219414074435e-18,0.000299584592897544,-0.000456419664304931,1,-8.31997802667719e-20,-1.62251035643305e-19,1,0.00179059656442486,-0.00748668606960372,-0.00748668606960372,-0.00832749512316029,-0.00107299813618593,0.0163878394980998,0.0163878394980998,-0.00129750229158753,1,1.0842021724855e-19,-5.42101086242752e-20,1,0.00179051119107685,-0.00748687705649325,-0.00748687705649325,-0.00832745143921636,-0.00107300712696635,0.0163882575552299,0.0163882575552299,-0.00129750841879454,3.98133590891782,-25.7082060147746,-3.8267575862036,0.818033231858978,-3.8267575862036,0.818033231858978,58.5321905934405,0.863380023371607,2.16840434497101e-18,7.51563782771983e-20,-1.29043005775952e-19,0,0,0,0.00179059656442486,-0.00832749512316028,-0.00748668606960372,-0.00107299813618593,-0.00129750229158753,0.0163878394980998,8.17987376240658e-13,5.80223071026538e-09,4.87729315487433e-12,1.62251035643305e-19,3.46944695195361e-18,2.78241246245785e-14
NC_k0023,-0.00488721804511278,-0.00488721804511278,0.598031048612737,17.4599037310838,-10.6605354695578,19.9250008168884,-14.1491501145807,-17.409811334421,9.84625613955245,-17.5427633844807,13.4995788485327,1,1120,-0.643814027102217,2.91342048582041,0.748970131377037,-0.151111951735368,-3.84629058669807e-19,-4.1134037501037e-20,0,-1.70091494998054e-19,0.000298668600448754,-0.00045571940058563,1,-4.57707142841132e-20,9.94560257514735e-20,1,0.00179059656442485,-0.00748668606960372,-0.00748668606960372,-0.00832749512316029,-0.00107299813618593,0.0163878394980998,0.0163878394980998,-0.00129750229158753,1,1.0842021724855e-19,-5.42101086242752e-20,1,0.00179051119107685,-0.00748687705649325,-0.00748687705649325,-0.00832745143921636,-0.00107300712696635,0.0163882575552299,0.0163882575552299,-0.00129750841879454,3.95968183695839,-25.6947465320546,-3.7924398302372,0.804459550507644,-3.7924398302372,0.804459550507644,58.5065036369963,0.877146420413796,2.60208521396521e-18,7.48446050299849e-19,-3.91322386795032e-19,0,0,0,0.00179059656442486,-0.00832749512316028,-0.00748668606960372,-0.00107299813618593,-0.00129750229158753,0.0163878394980998,1.817904063197e-12,3.89151740612616e-09,1.56929085330961e-12,9.94560257514735e-20,7.15573433840433e-18,6.99886872520433e-14
NC_k0023,0.00225563909774436,0.00225563909774436,0.597971025310765,19.2231454315959,-13.3341772145226,18.0796321246128,-11.7245170248387,-17.4644300401732,12.6429969573641,-17.4055992146819,10.9536819572369,1,1120,0.296205504922204,-1.34540413086361,-0.346235546560683,0.069791563425764,1.99727721984604e-18,5.66859594593199e-18,0,-7.27827949179284e-19,0.000298543022749953,-0.000455618256824969,1,7.28520973847846e-21,5.07780239053351e-20,1,0.00179059656442486,-0.00748668606960372,-0.00748668606960372,-0.00832749512316028,-0.00107299813618593,0.0163878394980998,0.0163878394980998,-0.00129750229158753,1,1.0842021724855e-19,-5.42101086242752e-20,1,0.00179051119107685,-0.00748687705649325,-0.00748687705649325,-0.00832745143921636,-0.00107300712696635,0.0163882575552299,0.0163882575552299,-0.00129750841879454,3.95699180996375,-25.6934109318134,-3.78703031258423,0.802128525344136,-3.78703031258423,0.802128525344136,58.5041949231793,0.87892279917045,2.60208521396521e-18,-7.5150403587219e-19,-3.19149985051375e-19,0,0,0,0.00179059656442486,-0.00832749512316028,-0.00748668606960372,-0.00107299813618593,-0.00129750229158753,0.0163878394980998,2.06299170479079e-12,4.24857831432415e-09,4.6397807809751e-12,5.07780239053351e-20,3.46944695195361e-18,2.50647777200415e-14
NC_k0023,0.0093984962406015,0.0093984962406015,0.598270368177597,21.1633569503625,-15.3420410126174,16.5133739087993,-8.62919375691619,-17.7659142686181,14.736045896537,-17.4752063320535,7.76239917663971,1,1120,1.25021668334788,-5.58832614599039,-1.43157612267205,0.289861277379959,3.25226571904414e-18,9.56621805272266e-18,0,1.02204285817459e-18,0.000299133939844165,-0.00045608157633609,1,-1.09441880792046e-19,-2.85687918766482e-19,1,0.00179059656442486,-0.00748668606960372,-0.00748668606960372,-0.00832749512316028,-0.00107299813618593,0.0163878394980998,0.0163878394980998,-0.00129750229158753,1,1.0842021724855e-19,-5.42101086242752e-20,1,0.00179051119107685,-0.00748687705649325,-0.00748687705649325,-0.00832745143921636,-0.00107300712696635,0.0163882575552299,0.0163882575552299,-0.00129750841879454,3.97028810710468,-25.7008883056962,-3.81086555590117,0.812020754709586,-3.81086555590117,0.812020754709586,58.517862843538,0.870326515858671,1.73472347597681e-18,-6.96775712908264e-19,-3.20755760766414e-20,0,0,0,0.00179059656442486,-0.00832749512316028,-0.00748668606960372,-0.00107299813618593,-0.00129750229158753,0.0163878394980998,2.07965933235925e-12,4.03140690061834e-09,6.13358501706572e-12,2.85687918766482e-19,3.46944695195361e-18,6.12388006516718e-15
NC_k0023,0.0165413533834586,0.0165413533834586,0.599271179267993,23.1434743433343,-16.7397067537514,15.4264407301878,-4.95360672754576,-18.4071227817492,16.0878036829936,-17.7181435689154,4.10904713575573,1,1120,2.25069347804124,-9.72864515377399,-2.46772405299175,0.505584810454161,1.21730215049019e-18,-3.08053971515568e-18,0,-3.74314116431271e-19,0.000300750832154401,-0.000457260283210467,1,-8.71984940962554e-20,1.72604127156447e-19,1,0.00179059656442486,-0.00748668606960372,-0.00748668606960372,-0.00832749512316029,-0.00107299813618593,0.0163878394980998,0.0163878394980998,-0.00129750229158753,1,1.0842021724855e-19,-5.42101086242752e-20,1,0.00179051119107685,-0.00748687705649325,-0.00748687705649325,-0.00832745143921636,-0.00107300712696635,0.0163882575552299,0.0163882575552299,-0.00129750841879454,4.0124670761754,-25.7328213727047,-3.86239638575871,0.829831559494294,-3.86239638575871,0.829831559494294,58.5830712167028,0.844314044699217,2.60208521396521e-18,-4.97128367871004e-20,-2.4136016969507e-19,0,0,0,0.00179059656442486,-0.00832749512316028,-0.00748668606960372,-0.00107299813618593,-0.00129750229158753,0.0163878394980998,3.15128140839901e-13,4.43792214371713e-09,5.60364954073276e-12,1.72604127156447e-19,5.20417042793042e-18,2.3713562752276e-14
NC_k0024,-0.0191729323308271,-0.0191729323308271,0.346317815634831,62.7315596741809,37.2037508936527,56.0955723773442,47.2114182371963,-51.9162906040115,-36.2505192947066,-65.9233278166145,-47.4613348626001,1,1120,0.215599448462681,-8.40272584271439,-2.70175171010306,-0.206585515977713,2.69821021858877e-18,-9.23523992858304e-18,0,3.53446003937783e-19,0.00112215087354465,0.000493917176934247,1,-1.64046337030871e-19,4.18973093094644e-21,1,0.010892794888854,0.00224738392473582,0.00224738392473582,0.0083252689214189,0.00777046573001903,-0.0121066857951696,-0.0121066857951696,-0.000184942655679282,1,0,0,1,0.0108928397964174,0.00224744125595839,0.00224744125595839,0.00832534657803798,0.00777043918252638,-0.012106994639195,-0.012106994639195,-0.000184867731126202,10.3629366942812,5.51957152569285,7.329660292995,-7.19827977833045,7.329660292995,-7.19827977833045,-38.4584639381159,-5.9370802026299,2.60208521396521e-18,5.378812999206e-19,8.64174672962655e-19,0,0,0,0.010892794888854,0.00832526892141889,0.00224738392473582,0.00777046573001903,-0.000184942655679282,-0.0121066857951696,5.01023809199827e-13,8.14868373500755e-09,1.77387884780083e-11,1.64046337030871e-19,8.67361737988404e-18,8.47932092303888e-14
NC_k0024,-0.0120300751879699,-0.0120300751879699,0.345880656477886,61.3151335623812,40.0758602377551,56.5921668643429,46.2134976547039,-53.8076114652105,-39.1076916364229,-63.0968823451003,-46.4902852871031,1,1120,0.0668542061404866,-5.3559946435746,-1.74541634435323,-0.125699487798477,-1.02999206386123e-18,-4.23773230489287e-18,0,9.00030409100573e-19,0.0011223696531998,0.000493647669472724,1,-1.66563342239287e-19,1.55707483175118e-19,1,0.010892794888854,0.00224738392473582,0.00224738392473582,0.00832526892141888,0.00777046573001903,-0.0121066857951696,-0.0121066857951696,-0.000184942655679285,1,0,0,1,0.0108928397964174,0.00224744125595839,0.00224744125595839,0.00832534657803798,0.00777043918252638,-0.012106994639195,-0.012106994639195,-0.000184867731126202,10.3927260583365,5.5432988500688,7.27127021125916,-7.14516416936386,7.27127021125916,-7.14516416936386,-38.4198216662218,-5.94513851737814,2.16840434497101e-18,1.96980422699198e-18,1.00166430209734e-18,0,0,0,0.010892794888854,0.00832526892141889,0.00224738392473582,0.00777046573001903,-0.000184942655679282,-0.0121066857951696,1.24789317138608e-12,3.90821097180602e-09,5.48839078159361e-12,1.66563342239287e-19,5.20417042793042e-18,2.87281057332862e-14
NC_k0024,-0.00488721804511278,-0.00488721804511278,0.345747723596104,59.7176190253823,42.494863867197,57.6708060568099,44.9456890570059,-56.2498505676994,-41.8414956907961,-60.1274164139407,-44.9147120119403,1,1120,0.0120119501403096,-2.18735095311772,-0.717861870982563,-0.0500599753266138,1.16860768219042e-18,-4.03981776281098e-19,0,1.05418378805596e-18,0.00112233545050963,0.000493554484830159,1,-7.38828288404393e-20,-1.44314066972069e-19,1,0.010892794888854,0.00224738392473582,0.00224738392473582,0.00832526892141889,0.00777046573001903,-0.0121066857951696,-0.0121066857951696,-0.000184942655679283,1,0,0,1,0.0108928397964174,0.00224744125595839,0.00224744125595839,0.00832534657803798,0.00777043918252638,-0.012106994639195,-0.012106994639195,-0.000184867731126202,10.4087101093855,5.55762581473471,7.23981148397301,-7.11476482048349,7.23981148397301,-7.11476482048349,-38.4162941461953,-5.94857538734103,1.73472347597681e-18,7.93584653557496e-19,7.20899866998628e-19,0,0,0,0.010892794888854,0.00832526892141889,0.00224738392473582,0.00777046573001903,-0.000184942655679282,-0.0121066857951696,4.7673433523118e-12,2.97419046027613e-09,1.18740809623085e-11,1.44314066972069e-19,1.73472347597681e-18,9.40845952163592e-14
NC_k0024,0.00225563909774436,0.00225563909774436,0.345730764075496,58.1754832649037,44.3773303507834,59.1290676693195,43.2494371884548,-59.0445218596212,-44.1832561763695,-57.2478025086243,-42.7599578553914,1,1120,-0.00446084589161884,1.01012056072611,0.331867705895369,0.0230313482737182,-8.25354197760511e-19,1.49051328937155e-18,0,6.78632209428305e-19,0.00112232081438078,0.000493543086996596,1,-9.38246558544551e-20,-1.86127842447227e-19,1,0.010892794888854,0.00224738392473582,0.00224738392473582,0.00832526892141889,0.00777046573001903,-0.0121066857951696,-0.0121066857951696,-0.000184942655679283,1,0,0,1,0.0108928397964174,0.00224744125595839,0.00224744125595839,0.00832534657803798,0.00777043918252638,-0.012106994639195,-0.012106994639195,-0.000184867731126202,10.4110162650494,5.55991047785987,7.23489875517811,-7.10989002644528,7.23489875517811,-7.10989002644528,-38.4165745349668,-5.94900121880886,2.60208521396521e-18,8.66431232140992e-19,9.17462832300673e-19,0,0,0,0.010892794888854,0.00832526892141889,0.00224738392473582,0.00777046573001903,-0.000184942655679282,-0.0121066857951696,7.36224601419836e-12,4.14618634668038e-09,1.07035202056565e-11,1.86127842447227e-19,5.20417042793042e-18,7.08077505293656e-14
NC_k0024,0.0093984962406015,0.0093984962406015,0.345813454659965,56.9325563412417,45.7875439350074,60.737066657035,41.0293824735538,-62.007153003431,-45.9815144153609,-54.6557655365265,-40.1472631105039,1,1120,-0.0385871237596636,4.19578967767662,1.3718768427926,0.0973550321783805,-1.17320018895131e-18,6.57583440689035e-18,0,7.85399719812974e-19,0.00112236746082787,0.000493600085959187,1,-2.67463944731229e-20,2.71202768134366e-20,1,0.010892794888854,0.00224738392473582,0.00224738392473582,0.00832526892141889,0.00777046573001903,-0.0121066857951696,-0.0121066857951696,-0.000184942655679281,1,0,0,1,0.0108928397964174,0.00224744125595839,0.00224744125595839,0.00832534657803798,0.00777043918252638,-0.012106994639195,-0.012106994639195,-0.000184867731126202,10.4004154123171,5.54992360496662,7.25661839004311,-7.13117845346075,7.25661839004311,-7.13117845346075,-38.4170374240865,-5.94689634914844,1.73472347597681e-18,1.30076619758236e-18,2.85240661093e-19,0,0,0,0.010892794888854,0.00832526892141889,0.00224738392473582,0.00777046573001903,-0.000184942655679282,-0.0121066857951696,2.66339872470802e-12,2.92903342124626e-09,5.23818288623622e-12,2.71202768134366e-20,1.73472347597681e-18,4.60702155705204e-14
NC_k0024,0.0165413533834586,0.0165413533834586,0.346090308401613,56.1980186754318,46.8624496882969,62.2399083089308,38.2984218039238,-64.9126955321545,-47.1685447627249,-52.5323364666441,-37.2940037463878,1,1120,-0.147037901334117,7.30536627803036,2.36224836430977,0.17613693323569,-1.52909299314102e-18,-5.62694574772872e-19,0,1.10141910975518e-18,0.00112228926248526,0.000493784845566351,1,-1.02847611462385e-19,-2.16712217716463e-19,1,0.010892794888854,0.00224738392473582,0.00224738392473582,0.00832526892141889,0.00777046573001903,-0.0121066857951696,-0.0121066857951696,-0.000184942655679285,1,0,0,1,0.0108928397964174,0.00224744125595839,0.00224744125595839,0.00832534657803798,0.00777043918252638,-0.012106994639195,-0.012106994639195,-0.000184867731126202,10.3748131179742,5.52892500360868,7.30485954186472,-7.17618707754947,7.30485954186472,-7.17618707754947,-38.4358278702794,-5.94052920808928,2.16840434497101e-18,2.28941428640433e-19,7.41918795180215e-19,0,0,0,0.010892794888854,0.00832526892141889,0.00224738392473582,0.00777046573001903,-0.000184942655679282,-0.0121066857951696,1.29347795135295e-12,4.03149084269986e-09,8.85307329201481e-12,2.16712217716463e-19,6.93889390390723e-18,1.33127840923179e-14
NC_k0025,-0.0191729323308271,-0.0191729323308271,0.353323286201431,-93.8552469117279,-62.8587656248979,-108.639834148277,-62.4701561743734,89.7045227915301,71.8786006986362,110.510271814571,53.9202756174584,1,1120,-5.79445799346625,-7.45840009767154,-4.37344317007556,0.776416860144998,5.30421295993503e-19,5.0954094122695e-18,0,6.66708400898353e-19,-0.000301869483984471,0.000302178506209625,1,-4.23685845906442e-20,5.1087502273871e-20,1,-0.00763455358412233,-0.00511308436295233,-0.00511308436295233,0.0140282183419054,-0.00205238742742985,-0.00888579138831073,-0.00888579138831073,0.00596736686248431,1,0,-1.18584612615602e-20,1,-0.00763439504072753,-0.00511321479877792,-0.00511321479877792,0.0140281005744338,-0.00205232379704715,-0.00888601806666247,-0.00888601806666247,0.0059673282000827,-16.6489973583164,-14.1749762957648,-8.23607955829527,11.4616105518627,-8.23607955829527,11.4616105518627,-37.1947735702179,9.82010491122528,1.30104260698261e-18,2.53594142456649e-19,-2.53628920770482e-19,0,0,0,-0.00763455358412233,0.0140282183419054,-0.00511308436295233,-0.00205238742742985,0.00596736686248431,-0.00888579138831073,1.03079377617788e-12,8.50022667862935e-09,3.2510133396869e-12,5.1087502273871e-20,3.46944695195361e-18,3.61356448380548e-15
NC_k0025,-0.0120300751879699,-0.0120300751879699,0.35237862393743,-96.4211469746998,-61.5614481256725,-106.099622341209,-61.5424424866173,93.5216421299889,67.7436854828196,106.695770891932,55.8184806888521,1,1120,-3.72833810397708,-4.81703905253145,-2.81997446164782,0.494216282807535,6.90980361612496e-19,-1.89128229615349e-18,0,1.3415082825487e-18,-0.000300271519160137,0.000301547805667267,1,-6.54140653591595e-21,1.02928117302321e-19,1,-0.00763455358412233,-0.00511308436295233,-0.00511308436295233,0.0140282183419054,-0.00205238742742985,-0.00888579138831073,-0.00888579138831073,0.00596736686248431,1,0,-1.18584612615602e-20,1,-0.00763439504072753,-0.00511321479877792,-0.00511321479877792,0.0140281005744338,-0.00205232379704715,-0.00888601806666247,-0.00888601806666247,0.0059673282000827,-16.6032920525938,-14.1893689146081,-8.20751614265459,11.3765478025054,-8.20751614265459,11.3765478025054,-37.1017274178933,9.79579152152966,1.73472347597681e-18,-2.1106612524316e-19,-6.46686236671967e-20,0,0,0,-0.00763455358412233,0.0140282183419054,-0.00511308436295233,-0.00205238742742985,0.00596736686248431,-0.00888579138831073,3.56411660058704e-13,6.82828010100138e-09,5.25158984427004e-12,1.02928117302321e-19,6.93889390390723e-18,2.99312104011501e-15
NC_k0025,-0.00488721804511278,-0.00488721804511278,0.352034096158614,-99.3497520156099,-60.8776319998712,-103.362156356995,-60.9243658550664,97.5173013140929,63.6185751353655,102.87998071547,58.6368854354753,1,1120,-1.53159673288017,-1.98100478559427,-1.15915850109658,0.202099984247614,1.03664921343106e-18,1.8804693911862e-18,0,-5.091824825085e-18,-0.00029952436736869,0.000301133823337241,1,-1.67432326657478e-20,-1.15277434038049e-19,1,-0.00763455358412233,-0.00511308436295233,-0.00511308436295233,0.0140282183419054,-0.00205238742742985,-0.00888579138831073,-0.00888579138831073,0.00596736686248431,1,0,-1.18584612615602e-20,1,-0.00763439504072753,-0.00511321479877792,-0.00511321479877792,0.0140281005744338,-0.00205232379704715,-0.00888601806666247,-0.00888601806666247,0.0059673282000827,-16.5882585990375,-14.2018832312823,-8.19176018706414,11.3334617461889,-8.19176018706414,11.3334617461889,-37.0749783613279,9.7847118575622,1.30104260698261e-18,-5.731996368302e-19,-4.42045378360523e-19,0,0,0,-0.00763455358412233,0.0140282183419054,-0.00511308436295233,-0.00205238742742985,0.00596736686248431,-0.00888579138831073,2.98495713165751e-12,5.46082430378974e-09,2.78077503568135e-12,1.15277434038049e-19,6.07153216591882e-18,9.3350621111706e-14
NC_k0025,0.00225563909774436,0.00225563909774436,0.351988593808224,-102.304468008725,-60.8087987917868,-100.447066990835,-60.7834692637392,101.454972210083,59.8682304003131,98.9796354371781,62.1768601129775,1,1120,0.708034171222571,0.915780926507751,0.535858982251018,-0.0934042821548526,2.07846665132934e-18,-5.38129295813518e-18,0,-4.69549901896339e-19,-0.000299418283149734,0.000301064879887239,1,-2.1659841683629e-19,-1.55332889336535e-19,1,-0.00763455358412234,-0.00511308436295233,-0.00511308436295233,0.0140282183419054,-0.00205238742742985,-0.00888579138831073,-0.00888579138831073,0.0059673668624843,1,0,-1.18584612615602e-20,1,-0.00763439504072753,-0.00511321479877792,-0.00511321479877792,0.0140281005744338,-0.00205232379704715,-0.00888601806666247,-0.00888601806666247,0.0059673282000827,-16.586415944153,-14.2040127481473,-8.18922415121893,11.3268921139388,-8.18922415121893,11.3268921139388,-37.0720939854886,9.78299594667059,1.73472347597681e-18,1.39663369356844e-18,6.5366012591697e-19,0,0,0,-0.00763455358412233,0.0140282183419054,-0.00511308436295233,-0.00205238742742985,0.00596736686248431,-0.00888579138831073,4.69478458173125e-12,5.55165758856466e-09,1.86227075718301e-12,2.1659841683629e-19,3.46944695195361e-18,3.64303734836562e-14
NC_k0025,0.0093984962406015,0.0093984962406015,0.352206152648753,-105.11574706523,-61.2695750067087,-97.4804136915393,-61.2365203150753,105.296216255879,56.7605835435421,94.9916723716663,66.2020703923249,1,1120,2.92860847127853,3.78597362337313,2.2158120912351,-0.387367010094522,7.98262378338174e-20,8.49977048490499e-18,0,-4.36585927305488e-20,-0.000299909118412137,0.000301359874175219,1,-1.44543235849652e-19,1.02825654732826e-19,1,-0.00763455358412233,-0.00511308436295233,-0.00511308436295233,0.0140282183419054,-0.00205238742742985,-0.00888579138831072,-0.00888579138831072,0.00596736686248431,1,0,-1.18584612615602e-20,1,-0.00763439504072753,-0.00511321479877792,-0.00511321479877792,0.0140281005744338,-0.00205232379704715,-0.00888601806666247,-0.00888601806666247,0.0059673282000827,-16.5955571081512,-14.1949675327399,-8.20026114488057,11.356234175837,-8.20026114488057,11.356234175837,-37.0874356511489,9.79058395219913,8.67361737988404e-19,2.98244344421672e-19,1.67479524533844e-19,0,0,0,-0.00763455358412233,0.0140282183419054,-0.00511308436295233,-0.00205238742742985,0.00596736686248431,-0.00888579138831073,3.84399072570139e-12,8.53971703592609e-09,8.83423363008258e-12,1.44543235849652e-19,1.73472347597681e-18,2.12773268151662e-14
NC_k0025,0.0165413533834586,0.0165413533834586,0.352866978727122,-107.721259873484,-62.1027454140828,-94.7269151165234,-62.3122970950871,109.097019563648,54.5010086626803,91.062207355286,70.3796005623028,1,1120,5.05613018074253,6.52039796698949,3.82025428875158,-0.674104929570084,1.61717780221057e-18,3.18704087338311e-18,0,-1.47729494318295e-18,-0.000301172073719362,0.00030193983563246,1,-6.88002619479572e-20,-2.92029225918842e-19,1,-0.00763455358412233,-0.00511308436295233,-0.00511308436295233,0.0140282183419054,-0.00205238742742985,-0.00888579138831072,-0.00888579138831072,0.00596736686248431,1,0,-1.18584612615602e-20,1,-0.00763439504072753,-0.00511321479877792,-0.00511321479877792,0.0140281005744338,-0.00205232379704715,-0.00888601806666247,-0.00888601806666247,0.0059673282000827,-16.6264646347006,-14.1791152247247,-8.22389664817086,11.4247316253917,-8.22389664817086,11.4247316253917,-37.147805175351,9.80880092742368,1.30104260698261e-18,-4.6132707480781e-20,7.41387303178059e-19,0,0,0,-0.00763455358412233,0.0140282183419054,-0.00511308436295233,-0.00205238742742985,0.00596736686248431,-0.00888579138831073,8.19233287250991e-13,6.31293563211372e-09,3.26827523752871e-12,2.92029225918842e-19,6.93889390390723e-18,8.33767734762122e-15
NC_k0026,-0.0191729323308271,-0.0191729323308271,0.206250922723659,17.9422470150618,-83.4918203342085,18.8895440971454,-112.122475196141,-13.1859704120737,95.2669379464268,-23.5085278308101,103.623729369465,1,1120,-3.13021149715484,0.372033549424361,-0.910198722751084,-2.01968724707764,-9.3719563402258e-20,3.73495207624843e-19,0,-3.75758373780789e-18,3.85475158764499e-05,0.00192492793775095,1,1.02654942826313e-20,-2.25987165553724e-19,1,0.00138174908359249,-0.00623142958188207,-0.00623142958188207,-0.00146165364460813,0.00698753012182911,-0.000509136241330344,-0.000509136241330344,0.0175510349137461,1,0,-2.16840434497101e-19,1,0.00138173069484881,-0.00623158854692242,-0.00623158854692242,-0.00146163576545986,0.0069876757390951,-0.000509149229499766,-0.000509149229499767,0.0175510457924306,2.85105568809556,-15.1637638386648,-9.70326771751091,-2.36177378092536,-9.70326771751091,-2.36177378092536,-0.798107898381357,18.0243624126673,3.46944695195361e-18,1.48699148756705e-19,4.4141755148508e-19,0,0,0,0.00138174908359249,-0.00146165364460813,-0.00623142958188206,0.0069875301218291,0.0175510349137461,-0.000509136241330345,3.25737997813413e-12,5.12444399780139e-09,5.2358325852356e-12,2.25987165553724e-19,1.12757025938492e-17,3.17589650450424e-14
NC_k0026,-0.0120300751879699,-0.0120300751879699,0.20618968040506,17.783347848799,-87.7845129208525,17.9973076855845,-106.30390869881,-14.4029119462745,96.2812222365251,-21.2282344740397,101.096827576145,1,1120,-1.98422078048662,0.193594966096128,-0.590906518748874,-1.26532529833061,2.77601813572796e-20,-1.20616168200032e-19,0,-2.62811824220348e-20,3.87195934967593e-05,0.00192368944549611,1,-1.23823420315815e-19,-1.30405197320933e-19,1,0.00138174908359249,-0.00623142958188206,-0.00623142958188206,-0.00146165364460813,0.0069875301218291,-0.000509136241330344,-0.000509136241330344,0.0175510349137461,1,0,-2.16840434497101e-19,1,0.00138173069484881,-0.00623158854692242,-0.00623158854692242,-0.00146163576545986,0.0069876757390951,-0.000509149229499766,-0.000509149229499767,0.0175510457924306,2.80114704788882,-15.1981181489288,-9.63310771737619,-2.32852968192567,-9.63310771737619,-2.32852968192567,-0.767097001904186,18.0107255548102,2.16840434497101e-18,-1.25396028769063e-19,1.86188325495531e-18,0,0,0,0.00138174908359249,-0.00146165364460813,-0.00623142958188206,0.0069875301218291,0.0175510349137461,-0.000509136241330345,3.32154189546247e-12,4.10494685490204e-09,1.76692048326646e-11,1.30405197320933e-19,3.46944695195361e-18,3.10549552331934e-13
NC_k0026,-0.00488721804511278,-0.00488721804511278,0.206227469160535,17.5711907789659,-92.8109420828986,17.5699769536707,-100.444545166821,-16.0680598770073,97.3504316557485,-18.9176764457133,99.2003691383775,1,1120,-0.8067380501653,0.0710861328407798,-0.242765132717098,-0.512429643952867,-3.54337704638115e-19,2.10249459376278e-19,0,-2.45666355355594e-18,3.88150428056472e-05,0.00192295858307152,1,-6.7916168243909e-20,-1.59029264325664e-19,1,0.00138174908359249,-0.00623142958188206,-0.00623142958188206,-0.00146165364460813,0.00698753012182911,-0.000509136241330344,-0.000509136241330344,0.0175510349137461,1,0,-2.16840434497101e-19,1,0.00138173069484881,-0.00623158854692242,-0.00623158854692242,-0.00146163576545986,0.0069876757390951,-0.000509149229499766,-0.000509149229499767,0.0175510457924306,2.77499085671977,-15.2196317807308,-9.59530340024524,-2.31071001905191,-9.59530340024524,-2.31071001905191,-0.751307650836681,18.0102830501954,3.46944695195361e-18,1.35608832299744e-19,4.19286684641123e-19,0,0,0,0.00138174908359249,-0.00146165364460813,-0.00623142958188206,0.0069875301218291,0.0175510349137461,-0.000509136241330345,9.93927521415771e-12,2.94477382407186e-09,4.49150212366346e-12,1.59029264325664e-19,1.04083408558608e-17,1.82500229906304e-13
NC_k0026,0.00225563909774436,0.00225563909774436,0.20623538680682,17.5151807105509,-98.3268902216983,17.5217253560822,-94.7964548662117,-18.1007656317074,98.6333697489784,-16.7801621378976,97.7867039518943,1,1120,0.372287590267197,-0.0323122460603565,0.112191863588257,0.236322730634035,-1.61399481121347e-20,-1.36081136932324e-19,0,2.14338047708005e-18,3.88302792478944e-05,0.00192284278638765,1,-1.80484421913375e-20,-2.1366540786031e-19,1,0.00138174908359249,-0.00623142958188206,-0.00623142958188206,-0.00146165364460813,0.0069875301218291,-0.000509136241330344,-0.000509136241330344,0.0175510349137461,1,0,-2.16840434497101e-19,1,0.00138173069484881,-0.00623158854692242,-0.00623158854692242,-0.00146163576545986,0.0069876757390951,-0.000509149229499766,-0.000509149229499767,0.0175510457924306,2.77097317951103,-15.2230097816862,-9.58938119013516,-2.30795278181593,-9.58938119013516,-2.30795278181593,-0.748893818161416,18.0104266745061,2.60208521396521e-18,-1.87271661724585e-19,1.33010942223006e-18,0,0,0,0.00138174908359249,-0.00146165364460813,-0.00623142958188206,0.0069875301218291,0.0175510349137461,-0.000509136241330345,2.05205756368756e-11,4.32863150255037e-09,4.41123660152392e-12,2.1366540786031e-19,3.46944695195361e-18,1.08876856783442e-13
NC_k0026,0.0093984962406015,0.0093984962406015,0.206204295342252,17.7885892337762,-104.136054291133,17.6995863388492,-89.5672297701146,-20.3687115190204,100.331991166395,-14.9672345013725,96.6634350281339,1,1120,1.55137997753473,-0.144237684210402,0.464356956797021,0.987283058425313,1.43400030992193e-19,-2.06709126354551e-19,0,-1.90279665028023e-18,3.87638530334374e-05,0.00192335168764258,1,-2.95694440133694e-20,-2.60681548082856e-19,1,0.00138174908359249,-0.00623142958188206,-0.00623142958188206,-0.00146165364460813,0.0069875301218291,-0.000509136241330344,-0.000509136241330344,0.0175510349137461,1,0,-2.16840434497101e-19,1,0.00138173069484881,-0.00623158854692242,-0.00623158854692242,-0.00146163576545986,0.0069876757390951,-0.000509149229499766,-0.000509149229499767,0.0175510457924306,2.78887052954779,-15.2081222706535,-9.61552199543723,-2.32019928871773,-9.61552199543723,-2.32019928871773,-0.759652707042975,18.0101994043747,3.03576608295941e-18,-5.35856613091283e-20,1.91264922597817e-18,0,0,0,0.00138174908359249,-0.00146165364460813,-0.00623142958188206,0.0069875301218291,0.0175510349137461,-0.000509136241330345,4.36281987708516e-12,2.66704687691245e-09,1.3788766171426e-11,2.60681548082856e-19,2.60208521396521e-18,1.06739636178101e-13
NC_k0026,0.0165413533834586,0.0165413533834586,0.206193907939477,18.505280344718,-110.000270649339,17.9016009397581,-84.965068394516,-22.6864931127538,102.612677415154,-13.579202756862,95.6347968347737,1,1120,2.71639287818193,-0.296883683601552,0.798438034211538,1.74268134073423,9.80923709924584e-19,5.55501412166111e-19,0,1.86492832183755e-18,3.86204944590317e-05,0.00192443065855402,1,-3.9890661392832e-20,-1.43420167920199e-19,1,0.00138174908359249,-0.00623142958188206,-0.00623142958188206,-0.00146165364460813,0.0069875301218291,-0.000509136241330344,-0.000509136241330344,0.0175510349137461,1,0,-2.16840434497101e-19,1,0.00138173069484881,-0.00623158854692242,-0.00623158854692242,-0.00146163576545986,0.0069876757390951,-0.000509149229499766,-0.000509149229499767,0.0175510457924306,2.82969250202207,-15.176631371841,-9.67339742641742,-2.34766859689902,-9.67339742641742,-2.34766859689902,-0.784718020598186,18.0156643194657,3.03576608295941e-18,-1.68211051043864e-20,9.90293431060767e-19,0,0,0,0.00138174908359249,-0.00146165364460813,-0.00623142958188206,0.0069875301218291,0.0175510349137461,-0.000509136241330345,2.38289455156173e-12,3.76915454266927e-09,4.22073114985092e-12,1.43420167920199e-19,6.93889390390723e-18,2.14028463158105e-14
NC_k0027,-0.0191729323308271,-0.0191729323308271,0.531080751583647,56.1003271523044,46.1955168224727,41.5579490715336,60.5115361458982,-50.2631908621369,-47.5692969724143,-46.7592261654363,-63.7285710417049,1,1120,-11.3464784744767,-5.43512928000202,-5.53793055897794,0.206079038716087,3.80733368856927e-18,-5.87086476675836e-19,0,5.65361405067743e-19,0.000391094758936994,-0.00155182383943789,1,1.1257824751853e-19,8.8436412957173e-20,1,0.00546780616345853,-0.0148737930887004,-0.0148737930887004,-0.00015435334966179,0.0019668210442262,-0.00420214574164677,-0.00420214574164677,-0.0112837554077873,1,0,0,1,0.00546778725125761,-0.0148741725221976,-0.0148741725221976,-0.00015430055064444,0.00196670682838671,-0.00420225293924222,-0.00420225293924222,-0.0112837006111721,7.77364652835674,-56.0475726345882,1.47207420917842,-5.92399571855502,1.47207420917842,-5.92399571855502,-11.7230668142318,-11.5162732849836,1.73472347597681e-18,1.1473472630663e-18,3.6398216820604e-19,0,0,0,0.00546780616345854,-0.000154353349661787,-0.0148737930887004,0.00196682104422621,-0.0112837554077873,-0.00420214574164677,4.85927139572009e-13,5.49927961353671e-09,1.72198627251521e-12,1.1257824751853e-19,6.07153216591882e-18,2.71764685070756e-15
NC_k0027,-0.0120300751879699,-0.0120300751879699,0.530358003603317,52.4346669549949,48.5855726915298,42.5901164905427,57.6800902369587,-48.313012332324,-50.0178447508946,-46.1149339192902,-60.8589210059761,1,1120,-7.29579738267872,-3.51747059529075,-3.56837843272985,0.139490440939177,6.97213994708696e-20,-2.32826857887546e-18,0,6.27763910478744e-20,0.000389881108607858,-0.00154937001724415,1,-2.38879217613755e-19,1.16254574145299e-19,1,0.00546780616345854,-0.0148737930887004,-0.0148737930887004,-0.000154353349661787,0.0019668210442262,-0.00420214574164677,-0.00420214574164677,-0.0112837554077873,1,0,0,1,0.00546778725125761,-0.0148741725221976,-0.0148741725221976,-0.00015430055064444,0.00196670682838671,-0.00420225293924222,-0.00420225293924222,-0.0112837006111721,7.72430157385872,-55.9374114197748,1.45882375635821,-5.92895819744505,1.45882375635821,-5.92895819744505,-11.777913296489,-11.5197929464144,1.73472347597681e-18,5.87431529001546e-19,-4.94287149597568e-19,0,0,0,0.00546780616345854,-0.000154353349661787,-0.0148737930887004,0.00196682104422621,-0.0112837554077873,-0.00420214574164677,1.57809438100725e-12,5.07952592055792e-09,1.8684761888678e-12,2.38879217613755e-19,2.60208521396521e-18,4.47976132453142e-14
NC_k0027,-0.00488721804511278,-0.00488721804511278,0.530284980176921,48.7777169388417,51.2614451891062,44.6317226678828,54.9664666332408,-46.8575041104116,-53.1504880062575,-45.9757017000667,-57.6965445277714,1,1120,-2.99314163940653,-1.44907037637851,-1.46592996520906,0.0593164601955893,1.68554262547685e-18,-2.54749791098161e-18,0,-1.5490115022913e-19,0.000389159132020404,-0.00154827452297379,1,-1.67888115702859e-19,-2.89188949176717e-20,1,0.00546780616345854,-0.0148737930887004,-0.0148737930887004,-0.000154353349661791,0.0019668210442262,-0.00420214574164677,-0.00420214574164677,-0.0112837554077873,1,0,0,1,0.00546778725125761,-0.0148741725221976,-0.0148741725221976,-0.00015430055064444,0.00196670682838671,-0.00420225293924222,-0.00420225293924222,-0.0112837006111721,7.70017186198624,-55.9113143625043,1.45509992292818,-5.93155658453284,1.45509992292818,-5.93155658453284,-11.8110067159447,-11.5353556451257,1.73472347597681e-18,9.64110910197645e-19,2.20273173560851e-19,0,0,0,0.00546780616345854,-0.000154353349661787,-0.0148737930887004,0.00196682104422621,-0.0112837554077873,-0.00420214574164677,5.97422316685559e-12,3.86613332586546e-09,7.43906216012309e-12,1.67888115702859e-19,3.76760254938713e-18,6.95086713662108e-14
NC_k0027,0.00225563909774436,0.00225563909774436,0.530290480886568,45.6113529313513,53.9722181408225,47.5358169319127,52.2618348113613,-46.0833685436306,-56.4820706745871,-46.4895451745451,-54.3732901484254,1,1120,1.38321519203343,0.670137172685624,0.677606280357309,-0.0276087906416445,-1.58882205081225e-18,-1.40127042744443e-18,0,3.01599977504185e-19,0.000389044815106929,-0.00154812069382109,1,-1.57850303734531e-19,1.23390335514489e-19,1,0.00546780616345854,-0.0148737930887004,-0.0148737930887004,-0.000154353349661789,0.00196682104422621,-0.00420214574164677,-0.00420214574164677,-0.0112837554077873,1,0,0,1,0.00546778725125761,-0.0148741725221976,-0.0148741725221976,-0.00015430055064444,0.00196670682838671,-0.00420225293924222,-0.00420225293924222,-0.0112837006111721,7.69651183498093,-55.909081435131,1.45473510588882,-5.93189722694615,1.45473510588882,-5.93189722694615,-11.8162443201666,-11.5385481729484,2.60208521396521e-18,7.53755538686739e-19,-1.69945443358813e-18,0,0,0,0.00546780616345854,-0.000154353349661787,-0.0148737930887004,0.00196682104422621,-0.0112837554077873,-0.00420214574164677,2.60360422403385e-12,4.57214542624949e-09,2.98941051908746e-12,1.57850303734531e-19,8.67361737988404e-18,5.84118016511551e-14
NC_k0027,0.0093984962406015,0.0093984962406015,0.530300467295381,43.2310926646225,56.673955466674,51.0569836785413,49.5570567652485,-45.9956699809057,-59.7228758722197,-47.7048910009918,-51.1224201265427,1,1120,5.72777338364794,2.76663890102455,2.80315605394195,-0.111243180067736,4.36023444488952e-20,7.62223773410464e-19,0,6.81749025976405e-19,0.000389549141175441,-0.00154883503976834,1,-2.16553689802757e-19,7.43563566033912e-20,1,0.00546780616345854,-0.0148737930887004,-0.0148737930887004,-0.000154353349661788,0.00196682104422621,-0.00420214574164677,-0.00420214574164677,-0.0112837554077873,1,0,0,1,0.00546778725125761,-0.0148741725221976,-0.0148741725221976,-0.00015430055064444,0.00196670682838671,-0.00420225293924222,-0.00420225293924222,-0.0112837006111721,7.71290399978968,-55.9227034962695,1.45677726607013,-5.93024351182046,1.45677726607013,-5.93024351182046,-11.7932288663773,-11.5259646526496,1.73472347597681e-18,7.58229689882695e-19,-8.72005421635843e-19,0,0,0,0.00546780616345854,-0.000154353349661787,-0.0148737930887004,0.00196682104422621,-0.0112837554077873,-0.00420214574164677,1.50707883899691e-12,6.29610122978408e-09,2.04269072745726e-12,2.16553689802757e-19,5.20417042793042e-18,4.50118310307752e-14
NC_k0027,0.0165413533834586,0.0165413533834586,0.530667537942944,41.8154436276499,59.4460550180358,54.7877483293494,47.0167207927265,-46.4743571465754,-62.7102673578479,-49.5064929568521,-48.35044242002,1,1120,9.90131208661462,4.75456063794212,4.83643799910376,-0.183210036462844,-4.26487706387441e-19,-2.94528575883591e-18,0,-2.86436102514862e-19,0.000390606559147047,-0.00155073068786346,1,-1.84628227851216e-19,3.43085618922238e-20,1,0.00546780616345854,-0.0148737930887004,-0.0148737930887004,-0.000154353349661792,0.00196682104422621,-0.00420214574164677,-0.00420214574164677,-0.0112837554077873,1,0,0,1,0.00546778725125761,-0.0148741725221976,-0.0148741725221976,-0.00015430055064444,0.00196670682838671,-0.00420225293924222,-0.00420225293924222,-0.0112837006111721,7.75173824608238,-55.9898877258708,1.46553767333893,-5.9258473075764,1.46553767333893,-5.9258473075764,-11.7446640852217,-11.513452472018,1.73472347597681e-18,8.93924808635361e-19,-3.26763804030386e-20,0,0,0,0.00546780616345854,-0.000154353349661787,-0.0148737930887004,0.00196682104422621,-0.0112837554077873,-0.00420214574164677,5.98857916814275e-13,4.76044795237551e-09,9.95314832707202e-12,1.84628227851216e-19,5.42101086242752e-18,7.32243883100654e-14
NC_k0028,-0.0191729323308271,-0.0191729323308271,0.429983655521358,-85.7274205628089,43.8298604866033,-100.228697318138,54.5111243933869,79.9183190315283,-44.3863121990516,107.063251444829,-53.7727668530407,1,1120,-3.50603973651767,5.54754044458643,0.673695233662657,2.54395643168963,-3.28920098775586e-19,3.8373702709723e-18,0,3.18881434861642e-19,0.000367636001837598,0.000666329091586945,1,-4.82555372931635e-20,-2.13668545082911e-19,1,-0.00471347832099348,-0.0043034292246921,-0.0043034292246921,0.00798128353293045,0.0130887593471326,0.0111079045568512,0.0111079045568512,0.000928206497120315,1,-1.0842021724855e-19,0,1,-0.00471338693920484,-0.00430353900604987,-0.00430353900604987,0.00798121299173627,0.0130887264895438,0.0111081879217634,0.0111081879217634,0.000928328748623957,-13.7275484499139,-17.630005953681,7.27796206832217,15.1532768118923,7.27796206832217,15.1532768118923,33.5384657719114,-6.84309200094204,2.92734586571086e-18,-5.04220773854074e-19,8.47187185094012e-19,0,0,0,-0.00471347832099349,0.00798128353293045,-0.00430342922469209,0.0130887593471326,0.000928206497120309,0.0111079045568512,1.06852808596703e-12,6.94583952549175e-09,5.05261933886976e-12,2.13668545082911e-19,6.17995238316738e-18,2.16889020945311e-14
NC_k0028,-0.0120300751879699,-0.0120300751879699,0.428550122118937,-88.974780834991,45.3580293067213,-97.6863155779521,51.9717210128853,85.2499354744338,-45.7485160742957,102.432292397548,-51.3795664819655,1,1120,-2.20133767781936,3.51087874479013,0.432148552100374,1.59255451558354,3.0230539713057e-18,5.76253719373842e-18,0,-3.18525416326e-18,0.000367241240388999,0.000667262553821088,1,-1.32768697719247e-19,-2.73050987772089e-19,1,-0.00471347832099348,-0.00430342922469209,-0.00430342922469209,0.00798128353293046,0.0130887593471326,0.0111079045568512,0.0111079045568512,0.000928206497120306,1,-1.0842021724855e-19,0,1,-0.00471338693920484,-0.00430353900604987,-0.00430353900604987,0.00798121299173627,0.0130887264895438,0.0111081879217634,0.0111081879217634,0.000928328748623957,-13.6654794247179,-17.5621621768222,7.23769994319497,15.0389157401506,7.23769994319497,15.0389157401506,33.5512859666102,-6.72261691214207,2.60208521396521e-18,-1.54444737647229e-19,9.66500079463052e-19,0,0,0,-0.00471347832099349,0.00798128353293045,-0.00430342922469209,0.0130887593471326,0.000928206497120309,0.0111079045568512,1.41491126936648e-12,5.03602048698248e-09,1.10086034667042e-11,2.73050987772089e-19,5.20417042793042e-18,3.47146990798156e-14
NC_k0028,-0.00488721804511278,-0.00488721804511278,0.427876142222917,-91.7862334745414,47.0015472927331,-95.2354036190196,49.6718814374547,90.5184267793191,-47.1143899508057,97.5210435328649,-49.3472171709551,1,1120,-0.893217261424804,1.42646674197242,0.175972328580712,0.644262563860512,2.41397772522575e-19,-9.38505888112864e-19,0,-2.38629033576238e-18,0.000367206451969069,0.000667728419565784,1,-1.05038608679329e-19,2.99361138665193e-20,1,-0.00471347832099348,-0.00430342922469209,-0.00430342922469209,0.00798128353293045,0.0130887593471326,0.0111079045568512,0.0111079045568512,0.000928206497120311,1,-1.0842021724855e-19,0,1,-0.00471338693920484,-0.00430353900604987,-0.00430353900604987,0.00798121299173627,0.0130887264895438,0.0111081879217634,0.0111081879217634,0.000928328748623957,-13.6299760170427,-17.5354235207497,7.21768492542325,14.9764070825335,7.21768492542325,14.9764070825335,33.5734510001373,-6.66085864881598,1.73472347597681e-18,-3.11389410963445e-19,5.84797079935684e-19,0,0,0,-0.00471347832099349,0.00798128353293045,-0.00430342922469209,0.0130887593471326,0.000928206497120309,0.0111079045568512,3.24707917994046e-12,2.05567339262912e-09,6.74835104806145e-12,1.05038608679329e-19,2.60208521396521e-18,1.23249670794266e-14
NC_k0028,0.00225563909774436,0.00225563909774436,0.427774930846088,-94.3294687760214,48.8977875556122,-92.7440492002491,47.6664323334948,95.6623551818073,-48.688761803616,92.4291489363929,-47.6621428299736,1,1120,0.412110304778891,-0.658149933788175,-0.081193077573067,-0.297077630992741,1.87578093147425e-19,3.56639251974483e-18,0,7.60047957527204e-18,0.000367211568416694,0.000667796096495983,1,-9.79143148097283e-20,1.46752175714185e-20,1,-0.00471347832099349,-0.00430342922469209,-0.00430342922469209,0.00798128353293045,0.0130887593471326,0.0111079045568512,0.0111079045568512,0.000928206497120316,1,-1.0842021724855e-19,0,1,-0.00471338693920484,-0.00430353900604987,-0.00430353900604987,0.00798121299173627,0.0130887264895438,0.0111081879217634,0.0111081879217634,0.000928328748623957,-13.6242046452466,-17.5318179905357,7.21464170029989,14.9665696178991,7.21464170029989,14.9665696178991,33.5776026246174,-6.65148014336228,2.60208521396521e-18,8.85481214858852e-19,-1.70316841382976e-19,0,0,0,-0.00471347832099349,0.00798128353293045,-0.00430342922469209,0.0130887593471326,0.000928206497120309,0.0111079045568512,1.03143718846048e-11,4.00185685381774e-09,4.26218432686314e-12,9.79143148097283e-20,6.93889390390723e-18,7.74710131318673e-14
NC_k0028,0.0093984962406015,0.0093984962406015,0.428230551601676,-96.7801186448757,51.0921708168708,-90.0550635849274,45.9406446060827,100.649716460973,-50.5881866387831,87.2046374661151,-46.238917429872,1,1120,1.71904779911436,-2.74401348172317,-0.33823867526087,-1.24209337477272,1.31250402155014e-18,-7.39982541100138e-18,0,2.13936699674795e-18,0.000367210176359561,0.000667485411203593,1,-1.19017713476373e-19,-3.57315971531705e-19,1,-0.00471347832099349,-0.00430342922469209,-0.00430342922469209,0.00798128353293045,0.0130887593471326,0.0111079045568512,0.0111079045568512,0.000928206497120311,1,-1.0842021724855e-19,0,1,-0.00471338693920484,-0.00430353900604987,-0.00430353900604987,0.00798121299173627,0.0130887264895438,0.0111081879217634,0.0111081879217634,0.000928328748623957,-13.6492497769333,-17.5489295748003,7.22825555887539,15.0099018832958,7.22825555887539,15.0099018832958,33.5606559969273,-6.69347897423942,1.73472347597681e-18,6.41379196194462e-19,2.11277442490351e-19,0,0,0,-0.00471347832099349,0.00798128353293045,-0.00430342922469209,0.0130887593471326,0.000928206497120309,0.0111079045568512,1.78282168374631e-12,3.62507129121094e-09,5.14962858445006e-12,3.57315971531705e-19,3.46944695195361e-18,3.99257701611416e-14
NC_k0028,0.0165413533834586,0.0165413533834586,0.42933647243464,-99.272724559325,53.5541324843206,-86.9782355030879,44.3905903073597,105.396674534452,-52.8524294664433,81.8770973778998,-44.9027043531379,1,1120,3.02739474874603,-4.81077634524311,-0.588515926844039,-2.19472198449225,1.25360876193636e-19,-1.09306160771819e-17,0,6.64417937782194e-18,0.000367411857661608,0.000666729025478741,1,-6.15791835783557e-20,-3.30491240930081e-20,1,-0.00471347832099349,-0.00430342922469209,-0.00430342922469209,0.00798128353293045,0.0130887593471326,0.0111079045568512,0.0111079045568512,0.000928206497120312,1,-1.0842021724855e-19,0,1,-0.00471338693920484,-0.00430353900604987,-0.00430353900604987,0.00798121299173627,0.0130887264895438,0.0111081879217634,0.0111081879217634,0.000928328748623957,-13.7013660022405,-17.5981351849676,7.26027918252973,15.1048711400385,7.26027918252973,15.1048711400385,33.5382422774679,-6.79131792615836,1.73472347597681e-18,6.36340108874252e-19,-1.41998086851244e-19,0,0,0,-0.00471347832099349,0.00798128353293045,-0.00430342922469209,0.0130887593471326,0.000928206497120309,0.0111079045568512,5.58114360358566e-13,4.82883406181426e-09,8.23638816224541e-12,6.15791835783557e-20,3.46944695195361e-18,1.00850267192179e-14
NC_k0029,-0.0191729323308271,-0.0191729323308271,0.322195177333177,-26.1277766804956,19.4242841917835,-15.320964367488,19.9685789048426,23.8392212213455,-20.9070491916736,21.5676688916792,-18.6327724646002,1,1120,5.43457784618936,7.1541725329358,4.1542876251113,0.676693923429508,-1.04494748933619e-18,-6.65129313108989e-18,0,8.22641045351337e-19,0.00192325231361558,-0.000387444718990885,1,-1.20207612324468e-19,-8.18433975468378e-20,1,0.00884989807930436,0.00647985072343881,0.00647985072343881,0.0126933317263392,-0.00424549304752961,0.00927811762783743,0.00927811762783743,-0.00380295810394701,1,0,0,1,0.00884999128752214,0.00648001602575318,0.00648001602575318,0.0126933759111686,-0.00424551588994436,0.00927835431451161,0.00927835431451161,-0.00380298659094012,-0.0671004823453456,21.3140989071679,2.58520013312112,8.64607586560467,2.58520013312112,8.64607586560467,32.175038978259,-3.31455916905197,2.60208521396521e-18,7.06395170966457e-19,-3.61543313572905e-19,0,0,0,0.00884989807930435,0.0126933317263392,0.00647985072343881,-0.00424549304752961,-0.00380295810394701,0.00927811762783743,1.07661413254717e-12,5.00190400497366e-09,6.16020565152613e-12,1.20207612324468e-19,5.20417042793042e-18,8.39054478511552e-14
NC_k0029,-0.0120300751879699,-0.0120300751879699,0.321797159681058,-24.3757258788585,18.990861036437,-16.9098131869999,19.2089589533289,23.3656680751248,-20.1220827857145,21.8915276687636,-18.1853961143358,1,1120,3.49699651607535,4.61031554283263,2.67541297943966,0.415952746108753,-1.51790951125931e-19,-3.90669131502669e-18,0,6.01016198191229e-19,0.0019217736746664,-0.000386767458454157,1,-1.25855344944438e-19,-9.248604525361e-20,1,0.00884989807930435,0.00647985072343881,0.00647985072343881,0.0126933317263392,-0.00424549304752961,0.00927811762783743,0.00927811762783743,-0.00380295810394701,1,0,0,1,0.00884999128752214,0.00648001602575318,0.00648001602575318,0.0126933759111686,-0.00424551588994436,0.00927835431451161,0.00927835431451161,-0.00380298659094012,0.00743256417255029,21.3572381935946,2.59967147861949,8.59202694171817,2.59967147861949,8.59202694171817,32.1262135308491,-3.28117162151016,3.46944695195361e-18,1.51394834591352e-18,-1.36744553968335e-19,0,0,0,0.00884989807930435,0.0126933317263392,0.00647985072343881,-0.00424549304752961,-0.00380295810394701,0.00927811762783743,1.77026310299142e-12,4.61889379107711e-09,9.89181825065619e-12,1.25855344944438e-19,3.46944695195361e-18,1.16439893746224e-13
NC_k0029,-0.00488721804511278,-0.00488721804511278,0.321718900682239,-22.1098205734787,18.6548185461846,-18.9379590469803,18.7238717673589,22.8124383462705,-19.1801965171889,22.2113837919281,-18.2866596499105,1,1120,1.43510053513402,1.89344292542851,1.09841934198562,0.166132302317818,-1.16148069403266e-18,-2.29370566416054e-18,0,-5.76313276377945e-20,0.00192114277253451,-0.000386304470513631,1,-2.18851420199073e-20,8.47950702609555e-20,1,0.00884989807930435,0.00647985072343881,0.00647985072343881,0.0126933317263392,-0.00424549304752961,0.00927811762783743,0.00927811762783743,-0.00380295810394701,1,0,0,1,0.00884999128752214,0.00648001602575318,0.00648001602575318,0.0126933759111686,-0.00424551588994436,0.00927835431451161,0.00927835431451161,-0.00380298659094012,0.0558395529481507,21.3901225065184,2.6068091792881,8.56138023352104,2.6068091792881,8.56138023352104,32.1185711811757,-3.26284631999999,2.60208521396521e-18,8.58686841939613e-19,-4.81766526761202e-19,0,0,0,0.00884989807930435,0.0126933317263392,0.00647985072343881,-0.00424549304752961,-0.00380295810394701,0.00927811762783743,4.86472352686337e-12,2.21496508807075e-09,6.97054761831073e-12,8.47950702609555e-20,3.46944695195361e-18,1.31824768301598e-13
NC_k0029,0.00225563909774436,0.00225563909774436,0.321713204348311,-19.7630658931656,18.6351761553013,-21.2364082471449,18.6044839865132,22.3501226738859,-18.4524912684954,22.6274061688981,-18.8724995026233,1,1120,-0.66325585130393,-0.875133059200147,-0.507668340466349,-0.0764166545111665,-9.30260551766936e-19,-1.76482292410639e-18,0,-6.49045613278508e-19,0.00192105540921106,-0.000386227138625714,1,-1.54395877591576e-20,3.06034282859957e-19,1,0.00884989807930435,0.00647985072343881,0.00647985072343881,0.0126933317263392,-0.00424549304752961,0.00927811762783743,0.00927811762783743,-0.00380295810394701,1,0,0,1,0.00884999128752214,0.00648001602575318,0.00648001602575318,0.0126933759111686,-0.00424551588994436,0.00927835431451161,0.00927835431451161,-0.00380298659094012,0.0638515870850176,21.3956719915091,2.60783124761844,8.55648257754882,2.60783124761844,8.55648257754882,32.1183730725849,-3.25992893210342,3.46944695195361e-18,1.90993700161589e-18,-1.02802872959018e-18,0,0,0,0.00884989807930435,0.0126933317263392,0.00647985072343881,-0.00424549304752961,-0.00380295810394701,0.00927811762783743,1.24862704709789e-11,3.46942496559288e-09,9.6418686455497e-12,3.06034282859957e-19,1.73472347597681e-18,1.36658462198389e-13
NC_k0029,0.0093984962406015,0.0093984962406015,0.321751694142151,-17.6144743475625,18.9916683404181,-23.5746940643266,18.8404881354821,22.0034742635304,-18.1604997600572,23.158683062059,-19.7713857038053,1,1120,-2.74581817640198,-3.62123925921246,-2.10112895375275,-0.322575073644509,-1.04390193304192e-19,2.23546553159191e-18,0,-2.59511042704016e-18,0.00192146326496907,-0.000386559528907176,1,8.354839669051e-20,-2.13228171526743e-20,1,0.00884989807930435,0.00647985072343881,0.00647985072343881,0.0126933317263392,-0.00424549304752961,0.00927811762783743,0.00927811762783743,-0.00380295810394701,1,0,0,1,0.00884999128752214,0.00648001602575318,0.00648001602575318,0.0126933759111686,-0.00424551588994436,0.00927835431451161,0.00927835431451161,-0.00380298659094012,0.02935700150094,21.3719805358297,2.60310839120484,8.57791291089364,2.60310839120484,8.57791291089364,32.1212695597837,-3.27270709780946,2.60208521396521e-18,1.16457656569287e-18,-2.43814353874724e-19,0,0,0,0.00884989807930435,0.0126933317263392,0.00647985072343881,-0.00424549304752961,-0.00380295810394701,0.00927811762783743,3.40985491319521e-12,5.50853996039538e-09,1.38694072859557e-12,8.354839669051e-20,1.73472347597681e-18,1.06794783796749e-13
NC_k0029,0.0165413533834586,0.0165413533834586,0.321976917251301,-15.8467616398501,19.6659029821715,-25.5757064052928,19.2727453551422,21.694853925249,-18.4062432937236,23.6895362963355,-20.6639976943296,1,1120,-4.74392770627202,-6.24899928897498,-3.62766590843154,-0.579867377265645,1.94777873199087e-19,-4.6087029572882e-18,0,1.04232036371072e-18,0.00192258025577596,-0.000387188562718476,1,-4.24063038674866e-20,2.43898377171833e-19,1,0.00884989807930435,0.00647985072343881,0.00647985072343881,0.0126933317263392,-0.00424549304752961,0.00927811762783743,0.00927811762783743,-0.00380295810394701,1,0,0,1,0.00884999128752214,0.00648001602575318,0.00648001602575318,0.0126933759111686,-0.00424551588994436,0.00927835431451161,0.00927835431451161,-0.00380298659094012,-0.0381301306571641,21.3287108818165,2.59131287487945,8.62345031793145,2.59131287487945,8.62345031793145,32.1480893284578,-3.30033703531679,2.60208521396521e-18,1.00844996875091e-18,-3.03275302558909e-19,0,0,0,0.00884989807930435,0.0126933317263392,0.00647985072343881,-0.00424549304752961,-0.00380295810394701,0.00927811762783743,1.03201540074114e-12,3.41265537517165e-09,1.56270754875885e-11,2.43898377171833e-19,3.46944695195361e-18,2.69644921340511e-13
NC_k0030,-0.0191729323308271,-0.0191729323308271,0.468935272947642,53.0540302488109,-18.3937376284005,62.5325494220231,-17.2501695333332,-49.5103323240184,16.4872599748232,-67.6801524564086,18.8544343421496,1,1120,4.67093965241143,-7.209720009558,-0.837797517858362,-1.36103820090403,-2.04711981483603e-18,1.03919428273976e-17,0,1.89267526830503e-18,-0.00042842602651306,-0.000795548553070656,1,-4.1264624958199e-20,2.01433840831728e-19,1,0.00224963521138601,0.00750527742196521,0.00750527742196521,-0.00353491288320555,-0.0121081658433772,-0.012816905715274,-0.012816905715274,-0.00390302330741578,1,5.42101086242752e-20,0,1,0.00224959422167345,0.00750546888312393,0.00750546888312393,-0.00353488009041691,-0.0121081645707499,-0.0128172326771545,-0.0128172326771545,-0.00390312669221879,8.09265772285196,26.9280878197359,-2.83005966467219,-10.9194349176667,-2.83005966467219,-10.9194349176667,-41.5905190423226,1.8136151227732,2.16840434497101e-18,-2.32285749377069e-20,-7.97501093923637e-19,0,0,0,0.00224963521138601,-0.00353491288320555,0.00750527742196521,-0.0121081658433772,-0.00390302330741578,-0.012816905715274,1.33921810940783e-12,8.20123203987636e-09,1.15871247216671e-11,2.01433840831728e-19,3.46944695195361e-18,3.75255092876613e-14
NC_k0030,-0.0120300751879699,-0.0120300751879699,0.468075614935977,55.5915728046946,-17.6982003464135,61.2534694393918,-16.7715264954883,-53.4903548959017,16.4020538648068,-64.9546313145198,17.7397862708152,1,1120,2.93513954500404,-4.56424697149937,-0.537605450743425,-0.850806335363231,-3.61516970610586e-18,-3.59981061649197e-18,0,1.06493879038037e-18,-0.000427492447297942,-0.000796526627373703,1,8.27036576660444e-20,3.50622680939472e-19,1,0.00224963521138601,0.00750527742196521,0.00750527742196521,-0.00353491288320555,-0.0121081658433771,-0.012816905715274,-0.012816905715274,-0.00390302330741578,1,5.42101086242752e-20,0,1,0.00224959422167345,0.00750546888312393,0.00750546888312393,-0.00353488009041691,-0.0121081645707499,-0.0128172326771545,-0.0128172326771545,-0.00390312669221879,8.07430315227842,26.8625941807493,-2.82869288342186,-10.8348261289445,-2.82869288342186,-10.8348261289445,-41.5753212589331,1.71161535565071,1.73472347597681e-18,-1.5353885932072e-19,-1.10613376043879e-18,0,0,0,0.00224963521138601,-0.00353491288320555,0.00750527742196521,-0.0121081658433772,-0.00390302330741578,-0.012816905715274,1.4841740268116e-12,5.189243185995e-09,1.07503000560105e-11,3.50622680939472e-19,2.16840434497101e-18,1.23575374869469e-13
NC_k0030,-0.00488721804511278,-0.00488721804511278,0.467774582450475,57.6438274945316,-17.0695315787018,59.8783926872032,-16.6550691655599,-57.2279696978655,16.433193337327,-61.8905853098205,16.950398184155,1,1120,1.19006145076351,-1.85600759311431,-0.21976222697578,-0.34379899694755,-3.33108941397554e-18,-1.50122031522044e-18,0,4.22618486354163e-18,-0.000427188074442409,-0.000796970287840267,1,6.07020945262557e-20,-1.06054247245528e-19,1,0.00224963521138601,0.00750527742196521,0.00750527742196521,-0.00353491288320555,-0.0121081658433772,-0.012816905715274,-0.012816905715274,-0.00390302330741578,1,5.42101086242752e-20,0,1,0.00224959422167345,0.00750546888312393,0.00750546888312393,-0.00353488009041691,-0.0121081645707499,-0.0128172326771545,-0.0128172326771545,-0.00390312669221879,8.05959355855562,26.8410968538064,-2.82983283852888,-10.7875565191305,-2.82983283852888,-10.7875565191305,-41.5875872917131,1.65964101823541,3.46944695195361e-18,4.941965595331e-19,-1.09402668597803e-18,0,0,0,0.00224963521138601,-0.00353491288320555,0.00750527742196521,-0.0121081658433772,-0.00390302330741578,-0.012816905715274,4.68241823169392e-12,2.69964839675704e-09,1.0244345414982e-11,1.06054247245528e-19,4.33680868994202e-18,1.12737193614572e-13
NC_k0030,0.00225563909774436,0.00225563909774436,0.467735003848519,59.3256195183909,-16.7043005414726,58.2989302264412,-16.8980377043055,-60.6866798783641,16.7481600952403,-58.5345468738295,16.5112683320384,1,1120,-0.548965357794597,0.85648085361207,0.101480113619769,0.158500731410915,1.79711274649801e-18,-1.96636051727126e-18,0,-1.29225464015484e-19,-0.00042715363792446,-0.000797032243202945,1,1.30236839773254e-19,2.82248623716605e-20,1,0.00224963521138601,0.00750527742196521,0.00750527742196521,-0.00353491288320555,-0.0121081658433772,-0.012816905715274,-0.012816905715274,-0.00390302330741578,1,5.42101086242752e-20,0,1,0.00224959422167345,0.00750546888312393,0.00750546888312393,-0.00353488009041691,-0.0121081645707499,-0.0128172326771545,-0.0128172326771545,-0.00390312669221879,8.05690181112627,26.8384898083899,-2.8301033703383,-10.7800539705329,-2.8301033703383,-10.7800539705329,-41.590503380213,1.65182070338121,3.46944695195361e-18,-2.30718074516464e-19,-1.15213555629714e-18,0,0,0,0.00224963521138601,-0.00353491288320555,0.00750527742196521,-0.0121081658433772,-0.00390302330741578,-0.012816905715274,6.8731989445171e-12,3.81236501066289e-09,3.25369099459684e-12,1.30236839773254e-19,3.46944695195361e-18,7.3582078485035e-14
NC_k0030,0.0093984962406015,0.0093984962406015,0.467925171460685,60.7645702287131,-16.6854312823158,56.4004880975416,-17.4447903024701,-63.8625264928598,17.4086174681429,-54.9003540611789,16.3883294173865,1,1120,-2.29150821801083,3.56852201183324,0.421414551961386,0.663248147590823,1.43400030992193e-18,6.97053852542106e-18,0,5.7888746244421e-19,-0.000427332589806752,-0.000796742810597235,1,1.3376489233148e-19,3.79882768687297e-19,1,0.00224963521138601,0.00750527742196521,0.00750527742196521,-0.00353491288320555,-0.0121081658433772,-0.012816905715274,-0.012816905715274,-0.00390302330741578,1,5.42101086242752e-20,0,1,0.00224959422167345,0.00750546888312393,0.00750546888312393,-0.00353488009041691,-0.0121081645707499,-0.0128172326771545,-0.0128172326771545,-0.00390312669221879,8.06799542566499,26.8515561378138,-2.82908316821292,-10.8129780593906,-2.82908316821292,-10.8129780593906,-41.5796521468182,1.6869932665764,2.60208521396521e-18,-2.7852405151534e-20,-1.28425444365028e-18,0,0,0,0.00224963521138601,-0.00353491288320555,0.00750527742196521,-0.0121081658433772,-0.00390302330741578,-0.012816905715274,3.08520939747318e-12,3.18364993084618e-09,7.92662890206436e-12,3.79882768687297e-19,2.60208521396521e-18,2.83531768612822e-14
NC_k0030,0.0165413533834586,0.0165413533834586,0.46851026801602,62.064485374454,-17.0341808224232,54.047172052395,-18.1481353737554,-66.7183263116688,18.4114913386891,-50.9947938964997,16.4582112562674,1,1120,-4.03622201885791,6.25163356793254,0.731085811194573,1.1736089558052,7.77794621261162e-18,-3.31980005297542e-18,0,-1.04126818997155e-18,-0.000427971971556777,-0.00079598225586609,1,5.26697645366157e-20,1.52177964840722e-19,1,0.00224963521138601,0.00750527742196521,0.00750527742196521,-0.00353491288320555,-0.0121081658433772,-0.012816905715274,-0.012816905715274,-0.00390302330741578,1,5.42101086242752e-20,0,1,0.00224959422167345,0.00750546888312393,0.00750546888312393,-0.00353488009041691,-0.0121081645707499,-0.0128172326771545,-0.0128172326771545,-0.00390312669221879,8.08587852365291,26.8956919648025,-2.82884956754055,-10.8839191932763,-2.82884956754055,-10.8839191932763,-41.5767995620519,1.76992085730561,3.46944695195361e-18,-2.62492166723864e-19,-9.39003646903155e-19,0,0,0,0.00224963521138601,-0.00353491288320555,0.00750527742196521,-0.0121081658433772,-0.00390302330741578,-0.012816905715274,1.1027583140949e-12,4.19556714107891e-09,6.92233594176955e-12,1.52177964840722e-19,5.20417042793042e-18,4.50240665102279e-15
NC_k0031,-0.0191729323308271,-0.0191729323308271,0.479694420005073,51.3366497856463,-59.6714855847801,48.1198468621936,-72.4267067135756,-47.6224989725798,64.5071842818053,-54.8967108044151,67.0168398349068,1,1120,-6.69155135679333,-6.39718857299214,-4.31928417682916,-2.01021065810543,5.76988255757789e-19,-1.10507690242389e-18,0,-1.74987742479878e-18,-0.00154413833621037,-7.75276917389413e-05,1,5.8607725403624e-20,4.33565980637316e-20,1,-0.00489617049868363,-0.0095951032372957,-0.0095951032372957,-0.0131397015888722,-0.00314287102986019,-0.00907244958180328,-0.00907244958180328,0.00437295903755682,1,-2.16840434497101e-19,0,1,-0.00489628058457096,-0.00959534801033747,-0.00959534801033747,-0.0131397065276793,-0.00314281917479596,-0.00907268102184364,-0.00907268102184364,0.00437291502744162,5.15941394042775,-29.7454708017138,-10.3302743880753,-11.5579251065698,-10.3302743880753,-11.5579251065698,-29.5711723827577,9.75157156741422,1.73472347597681e-18,-3.12622436030134e-19,5.57137353490962e-19,0,0,0,-0.00489617049868363,-0.0131397015888722,-0.0095951032372957,-0.00314287102986019,0.00437295903755682,-0.00907244958180328,1.241303270071e-12,6.49434331075159e-09,1.22416674964612e-11,5.8607725403624e-20,3.90312782094782e-18,1.34121685793942e-13
NC_k0031,-0.0120300751879699,-0.0120300751879699,0.478849116583293,50.8067780718686,-61.4878816988036,47.9977015769776,-69.4918811761057,-48.6681581357349,64.7600339090959,-53.2199183038775,65.6137024954059,1,1120,-4.29772835270176,-4.13128789528844,-2.78157536183687,-1.25134833163331,-2.76232002478408e-19,1.14811180097258e-18,0,-8.00763772510534e-19,-0.00154334375277954,-7.79475590506293e-05,1,7.73763314599331e-21,9.79936413931624e-20,1,-0.00489617049868362,-0.0095951032372957,-0.0095951032372957,-0.0131397015888722,-0.00314287102986019,-0.00907244958180328,-0.00907244958180328,0.00437295903755682,1,-2.16840434497101e-19,0,1,-0.00489628058457096,-0.00959534801033747,-0.00959534801033747,-0.0131397065276793,-0.00314281917479596,-0.00907268102184364,-0.00907268102184364,0.00437291502744162,5.05011572296203,-29.7868389676156,-10.2825726743061,-11.4875480142433,-10.2825726743061,-11.4875480142433,-29.559747786769,9.67195134779239,2.60208521396521e-18,-1.60826484203403e-18,1.50043150274562e-19,0,0,0,-0.00489617049868363,-0.0131397015888722,-0.0095951032372957,-0.00314287102986019,0.00437295903755682,-0.00907244958180328,3.75608727524664e-13,6.0111854430405e-09,1.70248004200809e-11,9.79936413931624e-20,3.46944695195361e-18,8.61331553853881e-14
NC_k0031,-0.00488721804511278,-0.00488721804511278,0.478526970260765,49.784821236165,-63.4669806431563,48.4790715029755,-66.722215292469,-49.7516643487971,64.6879004312077,-51.6049316986433,64.8800818473962,1,1120,-1.76110154675588,-1.69768495554939,-1.14139954576075,-0.504295447826265,7.9476836743075e-19,5.11855061708628e-18,0,-1.9514050917963e-18,-0.00154307847920339,-7.83277979078469e-05,1,-7.83665371075362e-20,-3.34937066646728e-20,1,-0.00489617049868363,-0.0095951032372957,-0.0095951032372957,-0.0131397015888722,-0.00314287102986019,-0.00907244958180328,-0.00907244958180328,0.00437295903755682,1,-2.16840434497101e-19,0,1,-0.00489628058457096,-0.00959534801033747,-0.00959534801033747,-0.0131397065276793,-0.00314281917479596,-0.00907268102184364,-0.00907268102184364,0.00437291502744162,4.98563994218415,-29.822578925645,-10.256146826258,-11.4486465078673,-10.256146826258,-11.4486465078673,-29.5696288936136,9.62807816919793,1.73472347597681e-18,-5.16978092992375e-20,-5.18317790280994e-20,0,0,0,-0.00489617049868363,-0.0131397015888722,-0.0095951032372957,-0.00314287102986019,0.00437295903755682,-0.00907244958180328,2.23967172526284e-12,2.51315830085066e-09,4.00538956250628e-12,7.83665371075362e-20,4.33680868994202e-18,1.3920507226836e-14
NC_k0031,0.00225563909774436,0.00225563909774436,0.478482021131526,48.7760709730177,-65.7779832244205,49.3903149285958,-64.2753069221539,-51.0585391310004,64.7536155241523,-50.2027696651535,64.6760449604932,1,1120,0.813713547248134,0.784697929492662,0.52747578732446,0.232354114878749,-1.67187098431258e-18,5.31464536182055e-18,0,4.06117887494955e-18,-0.00154304689560867,-7.83950710847117e-05,1,-3.29288121681592e-20,-1.52503471551323e-19,1,-0.00489617049868363,-0.0095951032372957,-0.0095951032372957,-0.0131397015888722,-0.00314287102986019,-0.00907244958180328,-0.00907244958180328,0.00437295903755682,1,-2.16840434497101e-19,0,1,-0.00489628058457096,-0.00959534801033747,-0.00959534801033747,-0.0131397065276793,-0.00314281917479596,-0.00907268102184364,-0.00907268102184364,0.00437291502744162,4.97527119819339,-29.8287567428358,-10.2519229738463,-11.4424844198506,-10.2519229738463,-11.4424844198506,-29.5719658676949,9.62111105412353,2.60208521396521e-18,-1.54805855541205e-18,5.55677799020576e-19,0,0,0,-0.00489617049868363,-0.0131397015888722,-0.0095951032372957,-0.00314287102986019,0.00437295903755682,-0.00907244958180328,9.47664701935639e-12,5.34972838234649e-09,4.61064975013877e-12,1.52503471551323e-19,2.60208521396521e-18,7.13493015400871e-14
NC_k0031,0.0093984962406015,0.0093984962406015,0.478691516693173,48.1127495738145,-68.4419008471228,50.457748081058,-62.1867118971892,-52.6080018975766,65.2713089448905,-49.0496203104924,64.7453588270767,1,1120,3.37235208429946,3.24598879706007,2.18405249084859,0.974297849926089,-1.00479945112531e-18,8.85182847977491e-18,0,1.20700871494758e-18,-0.00154320533349806,-7.81125224057198e-05,1,-1.60950068996725e-19,1.3709798420198e-19,1,-0.00489617049868363,-0.0095951032372957,-0.0095951032372957,-0.0131397015888722,-0.00314287102986019,-0.00907244958180328,-0.00907244958180328,0.00437295903755682,1,-2.16840434497101e-19,0,1,-0.00489628058457096,-0.00959534801033747,-0.00959534801033747,-0.0131397065276793,-0.00314281917479596,-0.00907268102184364,-0.00907268102184364,0.00437291502744162,5.02049915544727,-29.802662833159,-10.2703870028114,-11.4695505738056,-10.2703870028114,-11.4695505738056,-29.5632353626285,9.65166860826625,1.73472347597681e-18,-1.10929416777843e-18,2.67555247018909e-19,0,0,0,-0.00489617049868363,-0.0131397015888722,-0.0095951032372957,-0.00314287102986019,0.00437295903755682,-0.00907244958180328,4.78992125237768e-12,6.37838396425729e-09,6.77918363704513e-13,1.60950068996725e-19,1.73472347597681e-18,3.01507313516443e-15
NC_k0031,0.0165413533834586,0.0165413533834586,0.479282239465227,47.9978568482436,-71.3395215071532,51.2359551614169,-60.3346595449479,-54.2837927686934,66.4186048362575,-48.0190907308082,64.6695216876128,1,1120,5.83749896525483,5.59383455087165,3.77234006032168,1.7305952909864,-2.49973981113525e-19,4.32077462094829e-18,0,6.35159566899458e-18,-0.00154375277827163,-7.76561370159066e-05,1,3.12876083252353e-20,-1.70694706537042e-19,1,-0.00489617049868363,-0.0095951032372957,-0.0095951032372957,-0.0131397015888722,-0.00314287102986019,-0.00907244958180328,-0.00907244958180328,0.00437295903755682,1,-2.16840434497101e-19,0,1,-0.00489628058457096,-0.00959534801033747,-0.00959534801033747,-0.0131397065276793,-0.00314281917479596,-0.00907268102184364,-0.00907268102184364,0.00437291502744162,5.114806050324,-29.7579001565783,-10.3099858739703,-11.5281481299945,-10.3099858739703,-11.5281481299945,-29.5607477903883,9.71781808473655,2.81892564846231e-18,-7.57697278919135e-19,4.58089479362703e-19,0,0,0,-0.00489617049868363,-0.0131397015888722,-0.0095951032372957,-0.00314287102986019,0.00437295903755682,-0.00907244958180328,5.02553120391251e-13,4.20313351943174e-09,1.7738321787883e-11,1.70694706537042e-19,5.20417042793042e-18,1.15821423496093e-15
NC_k0032,-0.0191729323308271,-0.0191729323308271,0.383098994475082,80.4979167939739,-38.5555712580789,103.406392610934,-58.4345280101748,-72.5924828917614,41.5345235448988,-108.766418094804,58.1535245778592,1,1120,9.50271477970524,1.06819715841787,3.4884009395806,-2.5386628273266,-4.84150797760757e-18,3.49136186151229e-18,0,-5.99222870623214e-19,0.00133604086950843,0.000677857952137313,1,-1.11599839167703e-19,2.44953194790229e-20,1,0.0136913367855113,0.0110871636454645,0.0110871636454645,0.00148412401573945,-0.00614492925545893,-0.00329091592009189,-0.00329091592009189,0.00623130741358427,1,-1.0842021724855e-19,0,1,0.0136913073245268,0.0110874464812718,0.0110874464812718,0.00148425025899946,-0.00614485004993757,-0.00329099987202863,-0.00329099987202863,0.00623122875894403,16.3415481452129,41.9753700972256,-3.27820771312166,-9.88592739044528,-3.27820771312166,-9.88592739044528,-5.50896840702848,9.19275085038334,2.81892564846231e-18,7.33205602657987e-19,-8.58043049787371e-21,0,0,0,0.0136913367855113,0.00148412401573944,0.0110871636454645,-0.00614492925545893,0.00623130741358428,-0.00329091592009189,6.76645339619307e-13,8.3052249000232e-09,6.50073217276617e-12,1.11599839167703e-19,6.93889390390723e-18,3.60801695016776e-14
NC_k0032,-0.0120300751879699,-0.0120300751879699,0.382605222037729,85.0237437804654,-41.6703767061059,99.5036247942742,-54.4235554101756,-79.3735344862905,44.0916942925127,-102.568623834471,54.7210342988611,1,1120,6.06031497053852,0.74323700419344,2.24517215166151,-1.59827379922624,-2.7235417976676e-18,-6.12521453331229e-19,0,-4.82577169363436e-20,0.00133552726193896,0.000676412702484241,1,6.01724018028334e-21,3.34069621041041e-21,1,0.0136913367855113,0.0110871636454645,0.0110871636454645,0.00148412401573944,-0.00614492925545893,-0.00329091592009189,-0.00329091592009189,0.00623130741358428,1,-1.0842021724855e-19,0,1,0.0136913073245268,0.0110874464812718,0.0110874464812718,0.00148425025899946,-0.00614485004993757,-0.00329099987202863,-0.00329099987202863,0.00623122875894403,16.3387816890623,41.9191126596367,-3.2361116324402,-9.7835145678093,-3.2361116324402,-9.7835145678093,-5.52705708284538,9.12719916608916,2.60208521396521e-18,6.88092825215171e-19,-2.96299821590966e-19,0,0,0,0.0136913367855113,0.00148412401573944,0.0110871636454645,-0.00614492925545893,0.00623130741358428,-0.00329091592009189,5.24672192449414e-13,7.46548917561132e-09,3.13914850794524e-12,6.01724018028334e-21,6.07153216591882e-18,1.86727330207699e-13
NC_k0032,-0.00488721804511278,-0.00488721804511278,0.382529166363194,89.5605812229845,-45.219767754802,95.4463407503709,-50.4533533256955,-86.4459583724924,47.0247645488458,-95.9560833124263,51.3755969587804,1,1120,2.47739127343284,0.319183659492007,0.922869727865196,-0.649255633996174,-4.8263407938958e-18,2.41589430270504e-18,0,-1.34269942263078e-18,0.00133522208086376,0.000675801353940966,1,9.2995419551232e-20,-9.17957193235429e-21,1,0.0136913367855113,0.0110871636454645,0.0110871636454645,0.00148412401573945,-0.00614492925545893,-0.00329091592009189,-0.00329091592009189,0.00623130741358428,1,-1.0842021724855e-19,0,1,0.0136913073245268,0.0110874464812718,0.0110874464812718,0.00148425025899946,-0.00614485004993757,-0.00329099987202863,-0.00329099987202863,0.00623122875894403,16.3428734725976,41.9123477055184,-3.21615121848562,-9.72872719097453,-3.21615121848562,-9.72872719097453,-5.53591994289537,9.1012087848454,2.60208521396521e-18,4.62750667292026e-19,-2.17576130957305e-19,0,0,0,0.0136913367855113,0.00148412401573944,0.0110871636454645,-0.00614492925545893,0.00623130741358428,-0.00329091592009189,3.53131396948103e-12,3.26367070633254e-09,1.0772819465361e-11,9.2995419551232e-20,4.11996825544492e-18,9.88240827435214e-14
NC_k0032,0.00225563909774436,0.00225563909774436,0.382526658042175,93.9024454904556,-49.0151572881303,91.1857786803565,-46.5962499969526,-93.4375945282115,50.1756345861609,-89.0428078115962,48.1648585024628,1,1120,-1.14430844846939,-0.148586119755241,-0.426655207514148,0.29962384013836,-1.51495813083372e-18,-8.74978417068792e-19,0,-2.7048210460443e-18,0.0013351737182266,0.00067571937932224,1,2.14301795831048e-20,-3.68847822436112e-20,1,0.0136913367855113,0.0110871636454645,0.0110871636454645,0.00148412401573945,-0.00614492925545892,-0.00329091592009189,-0.00329091592009189,0.00623130741358427,1,-1.0842021724855e-19,0,1,0.0136913073245268,0.0110874464812718,0.0110874464812718,0.00148425025899946,-0.00614485004993757,-0.00329099987202863,-0.00329099987202863,0.00623122875894403,16.343683239491,41.9125653420265,-3.21322665977334,-9.72020955814058,-3.21322665977334,-9.72020955814058,-5.53716259531793,9.09773096207333,2.60208521396521e-18,1.90701051039831e-19,2.09958346294587e-19,0,0,0,0.0136913367855113,0.00148412401573944,0.0110871636454645,-0.00614492925545893,0.00623130741358428,-0.00329091592009189,5.51071327490696e-12,5.05382597592482e-09,3.76171296640516e-12,3.68847822436112e-20,6.93889390390723e-18,6.38515147330216e-14
NC_k0032,0.0093984962406015,0.0093984962406015,0.382556758298473,98.0303458277952,-52.95219207816,86.7113691693644,-42.9397427945899,-100.175343984865,53.4752686504563,-81.9723240254344,45.1388222075349,1,1120,-4.74949280581322,-0.596002985747277,-1.76401361121482,1.24883385004047,3.09830093726842e-18,-1.66311941343177e-18,0,-2.93050900437326e-18,0.00133538542978116,0.000676109824930137,1,1.80326163307423e-19,1.50553820529162e-19,1,0.0136913367855113,0.0110871636454645,0.0110871636454645,0.00148412401573945,-0.00614492925545892,-0.00329091592009189,-0.00329091592009189,0.00623130741358427,1,-1.0842021724855e-19,0,1,0.0136913073245268,0.0110874464812718,0.0110874464812718,0.00148425025899946,-0.00614485004993757,-0.00329099987202863,-0.00329099987202863,0.00623122875894403,16.3404358519874,41.9142099030891,-3.22655222674654,-9.75793618998547,-3.22655222674654,-9.75793618998547,-5.5313931621356,9.11427790909664,2.60208521396521e-18,9.29700076096033e-19,-2.32830950372528e-19,0,0,0,0.0136913367855113,0.00148412401573944,0.0110871636454645,-0.00614492925545893,0.00623130741358428,-0.00329091592009189,3.96913221775108e-12,3.32433366910575e-09,3.37415453457477e-12,1.80326163307423e-19,2.60208521396521e-18,1.62518340168758e-14
NC_k0032,0.0165413533834586,0.0165413533834586,0.382822558657959,101.980589511612,-56.9574775448172,82.1343763203357,-39.6360065795685,-106.537474749821,56.8832845396237,-75.0180069310074,42.4161608225946,1,1120,-8.26170541929189,-0.962111226097283,-3.04385949297848,2.19463465512808,2.02199999399402e-18,2.08527931085433e-18,0,-1.0178391263016e-18,0.00133583891346428,0.000677204708281509,1,-4.69067195416721e-20,-1.10226952039603e-19,1,0.0136913367855113,0.0110871636454645,0.0110871636454645,0.00148412401573945,-0.00614492925545893,-0.00329091592009189,-0.00329091592009189,0.00623130741358427,1,-1.0842021724855e-19,0,1,0.0136913073245268,0.0110874464812718,0.0110874464812718,0.00148425025899946,-0.00614485004993757,-0.00329099987202863,-0.00329099987202863,0.00623122875894403,16.337989820941,41.9436556920711,-3.25964593689766,-9.84241611693761,-3.25964593689766,-9.84241611693761,-5.51646879240232,9.16220602634445,2.60208521396521e-18,-3.97395748832961e-19,5.75162975143227e-19,0,0,0,0.0136913367855113,0.00148412401573944,0.0110871636454645,-0.00614492925545893,0.00623130741358428,-0.00329091592009189,3.71538860646852e-13,4.48412760522662e-09,2.60563529298934e-12,1.10226952039603e-19,1.04083408558608e-17,5.23467730447641e-14
NC_k0033,-0.0191729323308271,-0.0191729323308271,0.48988198544309,-19.6233700029913,66.8031777176971,-23.1631723278971,81.0934063699256,15.9416416072716,-72.5349148818276,29.8562690279499,-79.1953747758382,1,1120,-3.98552048102992,6.7962188659213,0.927530467014232,1.69824797304255,1.40983009242313e-18,-2.93776503270658e-18,0,-7.88137687640525e-19,0.00110598495276752,-0.00152876895254118,1,-9.49761735354922e-20,1.58910246377544e-20,1,0.00391322324877467,-0.00626045912008749,-0.00626045912008749,0.00480708725796237,-0.000209210142586541,0.012488685847635,0.012488685847635,-0.0128986124998242,1,1.0842021724855e-19,0,1,0.00391325675655058,-0.00626061882567729,-0.00626061882567729,0.00480710936441163,-0.00020933286780132,0.0124890044365596,0.0124890044365596,-0.012898573370417,-1.4188348741991,-27.0129480210279,5.28890624220272,7.60006181241842,5.28890624220272,7.60006181241842,42.9789031379409,-14.1271971421707,1.73472347597681e-18,6.44120053644374e-19,4.3457840520723e-20,0,0,0,0.00391322324877467,0.00480708725796237,-0.00626045912008749,-0.000209210142586534,-0.0128986124998242,0.012488685847635,1.7657139749783e-12,7.17679039628872e-09,9.62618930904016e-12,9.49761735354922e-20,6.83047368665868e-18,1.11615624961863e-13
NC_k0033,-0.0120300751879699,-0.0120300751879699,0.487829216919918,-21.1436586939818,68.0762285495188,-22.9637291181496,77.1948140778609,19.0595804425728,-72.5728984489847,28.0366092151474,-76.5114224946087,1,1120,-2.52067192691201,4.33547442601882,0.598884824705258,1.06294636091779,-1.87772315155252e-18,-4.10026812197635e-18,0,-1.29240684138755e-18,0.0011038569086282,-0.00152607787771895,1,-1.97328772570863e-19,-8.63060981087449e-20,1,0.00391322324877467,-0.00626045912008749,-0.00626045912008749,0.00480708725796236,-0.000209210142586535,0.012488685847635,0.012488685847635,-0.0128986124998242,1,1.0842021724855e-19,0,1,0.00391325675655058,-0.00626061882567729,-0.00626061882567729,0.00480710936441163,-0.00020933286780132,0.0124890044365596,0.0124890044365596,-0.012898573370417,-1.39619403663001,-26.8947050452251,5.27931517001195,7.51498168450389,5.27931517001195,7.51498168450389,42.8859245785709,-14.0587225295226,2.60208521396521e-18,6.94055236140268e-19,-1.2003516695944e-18,0,0,0,0.00391322324877467,0.00480708725796237,-0.00626045912008749,-0.000209210142586534,-0.0128986124998242,0.012488685847635,2.51428394538806e-12,6.02256669235143e-09,1.80068694081891e-12,1.97328772570863e-19,3.46944695195361e-18,1.00364704875819e-13
NC_k0033,-0.00488721804511278,-0.00488721804511278,0.486995145545387,-22.0774200587524,70.017893127862,-22.7249346845379,73.7550454199095,22.0408709448087,-73.0156249887323,25.7362877672335,-74.5586357775729,1,1120,-1.02563685702793,1.76962036061371,0.24551455618333,0.430080954625061,3.84188998583929e-19,-3.23808784334498e-18,0,-1.0342206111526e-18,0.00110289779958376,-0.00152472601039111,1,-1.30363994224031e-19,2.19809961818715e-19,1,0.00391322324877467,-0.00626045912008749,-0.00626045912008749,0.00480708725796237,-0.00020921014258654,0.012488685847635,0.012488685847635,-0.0128986124998242,1,1.0842021724855e-19,0,1,0.00391325675655058,-0.00626061882567729,-0.00626061882567729,0.00480710936441163,-0.00020933286780132,0.0124890044365596,0.0124890044365596,-0.012898573370417,-1.37552009002422,-26.8494821549492,5.27648338992145,7.46691738777556,5.27648338992145,7.46691738777556,42.8599029939241,-14.0332963230737,2.16840434497101e-18,4.88200405095615e-19,-3.66123837935383e-19,0,0,0,0.00391322324877467,0.00480708725796237,-0.00626045912008749,-0.000209210142586534,-0.0128986124998242,0.012488685847635,9.56816033846162e-12,3.01949370126962e-09,3.29979609264305e-12,2.19809961818715e-19,5.58364118830035e-18,6.67964248084797e-14
NC_k0033,0.00225563909774436,0.00225563909774436,0.486880268535854,-22.5994937803976,72.6307233685284,-22.3064733749425,70.9036808502165,24.7948084309023,-74.0217538281435,23.0857972511652,-73.3130725114951,1,1120,0.47335822891773,-0.817057304362721,-0.113420694896873,-0.198324036956835,8.05136249228489e-19,3.82269443254438e-18,0,4.07105210274098e-20,0.0011027621786425,-0.00152452500149135,1,-1.12645314394718e-19,2.32335766723817e-19,1,0.00391322324877467,-0.00626045912008749,-0.00626045912008749,0.00480708725796236,-0.000209210142586535,0.012488685847635,0.012488685847635,-0.0128986124998242,1,1.0842021724855e-19,0,1,0.00391325675655058,-0.00626061882567729,-0.00626061882567729,0.00480710936441163,-0.00020933286780132,0.0124890044365596,0.0124890044365596,-0.012898573370417,-1.37174330759825,-26.8435470944165,5.27614034084959,7.45929415623061,5.27614034084959,7.45929415623061,42.8571307374806,-14.0299529290125,1.95156391047391e-18,8.68188361299091e-19,-1.42873989527128e-18,0,0,0,0.00391322324877467,0.00480708725796237,-0.00626045912008749,-0.000209210142586534,-0.0128986124998242,0.012488685847635,4.71356492324129e-12,3.60079226551651e-09,5.8132952733224e-12,2.32335766723817e-19,1.73472347597681e-18,1.48902241871574e-13
NC_k0033,0.0093984962406015,0.0093984962406015,0.48741943347978,-22.8879195762481,75.8661221608807,-21.5481179608731,68.7127953375544,27.2377691174229,-75.7069033628156,20.1801207772599,-72.6803462611357,1,1120,1.97119363202348,-3.39575197772573,-0.470104254081727,-0.829051142855164,-1.54785344943373e-18,-1.44542201982006e-18,0,8.85182517105246e-19,0.00110339091255828,-0.00152543447385844,1,-1.17277792828766e-19,-6.73893338068979e-20,1,0.00391322324877467,-0.00626045912008748,-0.00626045912008748,0.00480708725796236,-0.000209210142586535,0.012488685847635,0.012488685847635,-0.0128986124998242,1,1.0842021724855e-19,0,1,0.00391325675655058,-0.00626061882567729,-0.00626061882567729,0.00480710936441163,-0.00020933286780132,0.0124890044365596,0.0124890044365596,-0.012898573370417,-1.38732287123601,-26.872086882306,5.27783520875782,7.49277241913314,5.27783520875782,7.49277241913314,42.8720082794507,-14.0459822741434,2.60208521396521e-18,6.95210947294042e-19,-6.35135375435187e-19,0,0,0,0.00391322324877467,0.00480708725796237,-0.00626045912008749,-0.000209210142586534,-0.0128986124998242,0.012488685847635,2.06563645271866e-12,4.08724819987724e-09,8.51290389429749e-12,1.17277792828766e-19,5.20417042793042e-18,1.66276260712528e-14
NC_k0033,0.0165413533834586,0.0165413533834586,0.488923313255943,-23.0858365933316,79.6148363788782,-20.2577862174181,67.1953007234768,29.2501660874902,-78.1259049160596,17.0962269768953,-72.5094546420113,1,1120,3.45327722450181,-5.91264526069705,-0.811591451944491,-1.46491148733562,-2.88949077215799e-18,-1.61823659339464e-18,0,2.73143971815625e-18,0.00110503388492992,-0.00152761326075279,1,-1.23976090569628e-19,1.38060670483234e-19,1,0.00391322324877468,-0.00626045912008749,-0.00626045912008749,0.00480708725796237,-0.000209210142586535,0.012488685847635,0.012488685847635,-0.0128986124998242,1,1.0842021724855e-19,0,1,0.00391325675655058,-0.00626061882567729,-0.00626061882567729,0.00480710936441163,-0.00020933286780132,0.0124890044365596,0.0124890044365596,-0.012898573370417,-1.41162135404128,-26.9571529896095,5.28400785387307,7.56463348649185,5.28400785387307,7.56463348649185,42.9314215199268,-14.0944635259927,2.60208521396521e-18,4.77126675345059e-19,-6.63092313042285e-19,0,0,0,0.00391322324877467,0.00480708725796237,-0.00626045912008749,-0.000209210142586534,-0.0128986124998242,0.012488685847635,9.54927949350384e-13,3.84342624565607e-09,6.55299459903791e-13,1.38060670483234e-19,3.46944695195361e-18,1.75983190156056e-14
NC_k0034,-0.0191729323308271,-0.0191729323308271,0.391131833363405,40.1744910056542,121.230782556547,25.116195250433,158.857162707864,-35.6149454048873,-131.893081305463,-30.0271729379457,-151.485994566699,1,1120,-1.99102883759943,-7.74996707468071,-3.21452865105247,1.97446900701582,-1.20914945837286e-18,3.71013665787184e-19,0,1.22123953020594e-18,0.000170165214499828,-0.0013549199612487,1,-5.55641774634573e-20,1.93471937763261e-19,1,0.00359295174533235,0.000616426183014777,0.000616426183014777,0.00199159317497654,0.0054683384835563,-0.00844327965108072,-0.00844327965108072,-0.0167795284827941,1,0,-2.37169225231204e-20,1,0.00359295934044645,0.000616441908172507,0.000616441908172507,0.0019916211955826,0.00546816052780398,-0.00844349504086774,-0.00844349504086774,-0.016779422664733,4.91627893693209,-6.77099515616982,15.9551315285939,-5.21859190508475,15.9551315285939,-5.21859190508475,-27.5583954083756,-24.1567189991765,1.73472347597681e-18,2.80797366884514e-19,1.6677471077529e-18,0,0,0,0.00359295174533235,0.00199159317497654,0.000616426183014777,0.00546833848355632,-0.0167795284827941,-0.00844327965108072,4.67126531482311e-13,5.97933708214721e-09,5.33189761885103e-12,1.93471937763261e-19,1.38777878078145e-17,1.04740208068427e-13
NC_k0034,-0.0120300751879699,-0.0120300751879699,0.390564126247915,37.2628149302041,127.902809326038,27.4792004077093,151.977950869874,-34.3056842843899,-135.420887463322,-30.7996978462031,-147.784509098254,1,1120,-1.34098924866107,-4.93261205692856,-2.07028843084457,1.24372713841816,1.84881484350502e-19,3.06800627451428e-18,0,-3.31809275219111e-18,0.000170196666592802,-0.00135344353091507,1,-4.42150627859386e-20,2.5270245501317e-19,1,0.00359295174533235,0.000616426183014777,0.000616426183014777,0.00199159317497654,0.00546833848355631,-0.00844327965108073,-0.00844327965108073,-0.0167795284827941,1,0,-2.37169225231204e-20,1,0.00359295934044645,0.000616441908172507,0.000616441908172507,0.0019916211955826,0.00546816052780398,-0.00844349504086774,-0.00844349504086774,-0.016779422664733,4.94964897316672,-6.69827692597876,15.8293156792803,-5.20893877283842,15.8293156792803,-5.20893877283842,-27.559046568219,-24.1282439860297,2.16840434497101e-18,6.46292464368782e-19,-6.95660162607651e-19,0,0,0,0.00359295174533235,0.00199159317497654,0.000616426183014777,0.00546833848355632,-0.0167795284827941,-0.00844327965108072,1.16743516774994e-12,3.06208502532311e-09,5.83175404323694e-12,2.5270245501317e-19,3.46944695195361e-18,2.14617351481975e-14
NC_k0034,-0.00488721804511278,-0.00488721804511278,0.390384671648488,34.2297918612765,135.035078228142,30.1894573030492,144.895103142317,-33.1048007349715,-139.124351211577,-31.6827238348424,-144.146692310355,1,1120,-0.564384740693541,-2.01476475890079,-0.851119334866129,0.505382404275724,-4.96819565150374e-19,1.02718626722345e-18,0,9.89091953037422e-18,0.000170086722880428,-0.00135264585651308,1,-1.96642401706596e-20,-5.69942035178709e-20,1,0.00359295174533235,0.000616426183014777,0.000616426183014777,0.00199159317497654,0.00546833848355631,-0.00844327965108073,-0.00844327965108073,-0.0167795284827941,1,0,-2.37169225231204e-20,1,0.00359295934044645,0.000616441908172507,0.000616441908172507,0.0019916211955826,0.00546816052780398,-0.00844349504086774,-0.00844349504086774,-0.016779422664733,4.96591973121606,-6.66860494502711,15.7629461686467,-5.20239198196054,15.7629461686467,-5.20239198196054,-27.5717157620715,-24.122490106135,2.16840434497101e-18,2.03775961088468e-19,4.28249223265723e-19,0,0,0,0.00359295174533235,0.00199159317497654,0.000616426183014777,0.00546833848355632,-0.0167795284827941,-0.00844327965108072,1.21157934367242e-12,2.80816457248057e-09,1.60814393834807e-12,5.69942035178709e-20,9.54097911787244e-18,6.95338596094445e-14
NC_k0034,0.00225563909774436,0.00225563909774436,0.390361484352909,31.2485061574847,142.250252071651,33.1179597986218,137.694658855513,-32.0395918151337,-142.80347039854,-32.6957822375239,-140.485234035392,1,1120,0.261840748903478,0.930518098928221,0.393478419784481,-0.233209107925941,1.98999803045557e-19,-2.42685527300198e-18,0,4.43432335799467e-18,0.000170062192601848,-0.00135252424202115,1,-2.54502049684234e-20,1.86687268844575e-19,1,0.00359295174533235,0.000616426183014777,0.000616426183014777,0.00199159317497654,0.00546833848355632,-0.00844327965108072,-0.00844327965108072,-0.0167795284827941,1,0,-2.37169225231204e-20,1,0.00359295934044645,0.000616441908172507,0.000616441908172507,0.0019916211955826,0.00546816052780398,-0.00844349504086774,-0.00844349504086774,-0.016779422664733,4.96823693096422,-6.66462279034608,15.752662915553,-5.20124108771863,15.752662915553,-5.20124108771863,-27.5742878934977,-24.1219611171083,1.73472347597681e-18,5.49987647030721e-19,-5.14205612961657e-19,0,0,0,0.00359295174533235,0.00199159317497654,0.000616426183014777,0.00546833848355632,-0.0167795284827941,-0.00844327965108072,4.73168923434135e-12,2.89015236954618e-09,3.28024957372087e-13,1.86687268844575e-19,3.46944695195361e-18,3.62621419667867e-14
NC_k0034,0.0093984962406015,0.0093984962406015,0.390473657092653,28.4454283415988,149.388724825443,36.1501087747935,130.505299440809,-31.1116464036002,-146.443655438639,-33.8493133901351,-136.78207929413,1,1120,1.06541740909424,3.86409759783209,1.62673995228566,-0.971888405650717,-1.03414451053625e-18,-2.79560577263322e-18,0,-2.61420837302279e-18,0.000170156911561641,-0.0013530677660082,1,-4.68533799572839e-21,2.08337021684452e-20,1,0.00359295174533235,0.000616426183014777,0.000616426183014777,0.00199159317497654,0.00546833848355632,-0.00844327965108073,-0.00844327965108073,-0.0167795284827941,1,0,-2.37169225231204e-20,1,0.00359295934044645,0.000616441908172507,0.000616441908172507,0.0019916211955826,0.00546816052780398,-0.00844349504086774,-0.00844349504086774,-0.016779422664733,4.95751869235943,-6.68353519383073,15.7982868185383,-5.20605774777879,15.7982868185383,-5.20605774777879,-27.5641505468394,-24.1250254941666,9.75781955236954e-19,3.08535470146024e-19,-7.69731890642734e-19,0,0,0,0.00359295174533235,0.00199159317497654,0.000616426183014777,0.00546833848355632,-0.0167795284827941,-0.00844327965108072,2.65504394395008e-12,3.53659873470477e-09,3.37659668675762e-12,2.08337021684452e-20,3.46944695195361e-18,1.12309265109497e-14
NC_k0034,0.0165413533834586,0.0165413533834586,0.39084093045904,25.9356742026044,156.349693924573,39.1290411539963,123.593929263373,-30.2985014782559,-150.104752647098,-35.1212725173339,-133.143697381209,1,1120,1.770984889384,6.73158514383719,2.80584811096301,-1.70729909882784,-1.66548845870612e-18,-6.99702153991255e-19,0,-5.89341371025656e-18,0.000170216266217799,-0.00135430938605637,1,-2.57881243023715e-20,-9.82905313009698e-20,1,0.00359295174533235,0.000616426183014777,0.000616426183014777,0.00199159317497654,0.00546833848355631,-0.00844327965108072,-0.00844327965108072,-0.0167795284827941,1,0,-2.37169225231204e-20,1,0.00359295934044645,0.000616441908172507,0.000616441908172507,0.0019916211955826,0.00546816052780398,-0.00844349504086774,-0.00844349504086774,-0.016779422664733,4.93049415454449,-6.73766142074973,15.9012824191065,-5.21473777632385,15.9012824191065,-5.21473777632385,-27.5541776683386,-24.1409085263472,2.60208521396521e-18,1.75389126304467e-19,-3.9477931343475e-19,0,0,0,0.00359295174533235,0.00199159317497654,0.000616426183014777,0.00546833848355632,-0.0167795284827941,-0.00844327965108072,4.51637269034157e-13,2.56642733490421e-09,1.22134425020705e-11,9.82905313009698e-20,6.93889390390723e-18,4.47394611851656e-14
NC_k0035,-0.0191729323308271,-0.0191729323308271,0.487067795767139,-56.2670804602685,-76.3763002396739,-41.1316405657149,-98.293104935393,46.9676880949718,80.2105817037285,51.6184088710987,93.7728591595063,1,1120,0.364651649272195,9.94028280333163,3.40062836935928,-0.771894571132247,3.12841692901025e-18,-7.29754618262042e-18,0,-5.75419921316388e-19,8.65775289548612e-05,-0.000675399051060715,1,1.0352651809346e-20,-5.6479213504084e-20,1,-0.00351465423052479,-0.00255730804241255,-0.00255730804241255,-0.000555357364942644,-0.0142628356337485,0.0131526284975548,0.0131526284975548,0.00209256844649203,1,-5.42101086242752e-20,0,1,-0.00351464833581135,-0.00255737327986261,-0.00255737327986261,-0.000555389216362691,-0.0142627701345745,0.013152964023792,0.013152964023792,0.00209242533081809,-6.89661510254154,-4.10007763280569,-13.8450479035344,8.76437112547771,-13.8450479035344,8.76437112547771,43.3005735778913,12.7173870861569,1.73472347597681e-18,-1.77136212131869e-19,-1.39957669786673e-18,0,0,0,-0.00351465423052479,-0.000555357364942644,-0.00255730804241255,-0.0142628356337485,0.00209256844649203,0.0131526284975548,5.71648070488694e-13,8.12721902944904e-09,4.34853671731245e-12,5.6479213504084e-20,5.20417042793042e-18,2.00587324836649e-14
NC_k0035,-0.0120300751879699,-0.0120300751879699,0.485270741049503,-53.5252859137915,-81.2332607473165,-43.4240093494665,-95.1075954695027,47.42290869191,83.4766938943479,50.6997258946002,92.2110808549674,1,1120,0.305318288670945,6.34297771935024,2.19393768264698,-0.489345830320944,1.20846455282567e-18,7.68620195651214e-18,0,4.09223123514479e-18,8.55051814089944e-05,-0.00067499200658488,1,-1.46957948466519e-20,-2.04889512439095e-19,1,-0.00351465423052479,-0.00255730804241255,-0.00255730804241255,-0.000555357364942643,-0.0142628356337485,0.0131526284975548,0.0131526284975548,0.00209256844649203,1,-5.42101086242752e-20,0,1,-0.00351464833581135,-0.00255737327986261,-0.00255737327986261,-0.000555389216362691,-0.0142627701345745,0.013152964023792,0.013152964023792,0.00209242533081809,-6.91754083468214,-4.11148466287939,-13.7258598268267,8.70288740019673,-13.7258598268267,8.70288740019673,43.2344908201774,12.6942653075753,2.60208521396521e-18,-2.31617441492317e-19,-1.67936740793414e-18,0,0,0,-0.00351465423052479,-0.000555357364942644,-0.00255730804241255,-0.0142628356337485,0.00209256844649203,0.0131526284975548,1.05765611304061e-12,4.01743631157737e-09,2.70781740907284e-12,2.04889512439095e-19,6.93889390390723e-18,3.32881083523809e-14
NC_k0035,-0.00488721804511278,-0.00488721804511278,0.484424520379453,-50.4583698009464,-85.8867166722686,-46.224199702071,-91.5327465125395,48.2192702977617,86.5962898345807,49.6272592211086,90.1878292721237,1,1120,0.141091291837543,2.59274287394342,0.902165274707705,-0.199560139838657,1.54553072627368e-18,5.69793769662047e-18,0,2.40675478411694e-18,8.51140578929476e-05,-0.000674830694059815,1,-5.17525028744638e-21,1.33615575316758e-19,1,-0.00351465423052479,-0.00255730804241255,-0.00255730804241255,-0.000555357364942645,-0.0142628356337485,0.0131526284975548,0.0131526284975548,0.00209256844649203,1,-5.42101086242752e-20,0,1,-0.00351464833581135,-0.00255737327986261,-0.00255737327986261,-0.000555389216362691,-0.0142627701345745,0.013152964023792,0.013152964023792,0.00209242533081809,-6.92452845454532,-4.11772602555799,-13.6619559174661,8.66753261103413,-13.6619559174661,8.66753261103413,43.2202416504054,12.6821755178471,2.60208521396521e-18,-8.23953427598961e-20,-1.08489692235602e-18,0,0,0,-0.00351465423052479,-0.000555357364942644,-0.00255730804241255,-0.0142628356337485,0.00209256844649203,0.0131526284975548,4.09882278585793e-12,2.59030680808329e-09,2.13412014596419e-12,1.33615575316758e-19,2.16840434497101e-18,1.90222639786499e-14
NC_k0035,0.00225563909774436,0.00225563909774436,0.484298059375645,-47.3369881773065,-90.1009067813872,-49.299914637432,-87.4949091265232,49.2278210461163,89.31159684754,48.5725959604413,87.6511925631489,1,1120,-0.0663362975796985,-1.19752156584475,-0.417073094930103,0.0921310957919526,2.25241280798189e-18,5.69624363072597e-18,0,4.10322777420807e-18,8.50651671058985e-05,-0.000674808552385445,1,-1.17813997360861e-20,2.28166951631235e-19,1,-0.00351465423052479,-0.00255730804241255,-0.00255730804241255,-0.000555357364942646,-0.0142628356337485,0.0131526284975548,0.0131526284975548,0.00209256844649202,1,-5.42101086242752e-20,0,1,-0.00351464833581135,-0.00255737327986261,-0.00255737327986261,-0.000555389216362691,-0.0142627701345745,0.013152964023792,0.013152964023792,0.00209242533081809,-6.92521364254071,-4.11867154527929,-13.6520075506352,8.66185331720216,-13.6520075506352,8.66185331720216,43.2191178112374,12.6802209869562,2.60208521396521e-18,-8.13177156045355e-20,-2.42962034805606e-19,0,0,0,-0.00351465423052479,-0.000555357364942644,-0.00255730804241255,-0.0142628356337485,0.00209256844649203,0.0131526284975548,3.20480153425627e-12,3.62541412972064e-09,1.30511785688736e-11,2.28166951631235e-19,4.77048955893622e-18,2.2351265466664e-14
NC_k0035,0.0093984962406015,0.0093984962406015,0.484868886439282,-44.4099387601859,-93.8414170383671,-52.4197544553443,-82.9911113687963,50.3138056780708,91.5253169269675,47.6845968741328,84.6619282404023,1,1120,-0.253863019993097,-4.97093648924395,-1.72418383804826,0.383011896997009,-2.73221065048715e-18,8.08205751045551e-18,0,2.14062431127903e-18,8.53049537612719e-05,-0.000674912872843079,1,-3.44436865287267e-20,1.30487266486199e-19,1,-0.00351465423052479,-0.00255730804241255,-0.00255730804241255,-0.000555357364942645,-0.0142628356337485,0.0131526284975548,0.0131526284975548,0.00209256844649202,1,-5.42101086242752e-20,0,1,-0.00351464833581135,-0.00255737327986261,-0.00255737327986261,-0.000555389216362691,-0.0142627701345745,0.013152964023792,0.013152964023792,0.00209242533081809,-6.92133205819598,-4.11445300721132,-13.6960589301029,8.6866378435338,-13.6960589301029,8.6866378435338,43.2263501176674,12.6887231209162,2.60208521396521e-18,-9.05606581604211e-20,-4.64621094225841e-19,0,0,0,-0.00351465423052479,-0.000555357364942644,-0.00255730804241255,-0.0142628356337485,0.00209256844649203,0.0131526284975548,1.84767056629925e-12,3.31753784649755e-09,4.74640856819784e-12,1.30487266486199e-19,3.46944695195361e-18,4.45354165484558e-14
NC_k0035,0.0165413533834586,0.0165413533834586,0.486259826546651,-41.9005186899541,-97.1564280641245,-55.3093755472633,-78.1592411533597,51.3068886749959,93.2390695651865,47.0849326109126,81.4042943571755,1,1120,-0.35809131694583,-8.64523710934413,-2.97109838067568,0.669209002419407,1.03097475442894e-18,4.51107248394979e-18,0,2.76161857562464e-18,8.60703194832432e-05,-0.000675203697301502,1,1.3806354814435e-20,2.91077886988063e-19,1,-0.00351465423052479,-0.00255730804241255,-0.00255730804241255,-0.000555357364942644,-0.0142628356337485,0.0131526284975548,0.0131526284975548,0.00209256844649202,1,-5.42101086242752e-20,0,1,-0.00351464833581135,-0.00255737327986261,-0.00255737327986261,-0.000555389216362691,-0.0142627701345745,0.013152964023792,0.013152964023792,0.00209242533081809,-6.90621064475038,-4.10464714249599,-13.7943887123436,8.73885575847778,-13.7943887123436,8.73885575847778,43.2651212737801,12.707092243561,2.81892564846231e-18,-6.66535647213358e-20,5.55370768242033e-19,0,0,0,-0.00351465423052479,-0.000555357364942644,-0.00255730804241255,-0.0142628356337485,0.00209256844649203,0.0131526284975548,5.90822785400788e-13,3.61179095756622e-09,1.63842344405394e-11,2.91077886988063e-19,7.37257477290143e-18,3.77867758231998e-14
NC_k0036,-0.0191729323308271,-0.0191729323308271,0.259309222065691,-21.8560738093351,6.94930312551146,-42.1585974077801,12.0512507533679,25.1860988492165,-0.891944094687555,39.0635806679109,-18.3123739662061,1,1120,-9.29734147177463,-4.39759832594753,-4.51933013324827,0.872662365977486,3.08478811478176e-18,-8.85683788556453e-19,0,9.74061419562844e-19,0.000503459488215609,0.000683455135099721,1,-3.43942218936585e-20,-1.24861680005411e-19,1,0.000844162125238232,-0.0113505931958439,-0.0113505931958439,0.00945185736383171,0.0125214744945685,-0.00300099643370445,-0.00300099643370445,0.0039141427757966,1,-2.16840434497101e-19,0,1,0.000844249852948582,-0.0113508827517928,-0.0113508827517928,0.00945183529951096,0.0125214720103651,-0.00300107298973592,-0.00300107298973592,0.00391425007898763,-4.63827806871571,-40.0693486445663,1.19474685555511,5.23577095167808,1.19474685555511,5.23577095167808,-12.2760164262019,-1.09638164039251,1.73472347597681e-18,4.64347376858512e-19,1.09813445791525e-18,0,0,0,0.000844162125238233,0.00945185736383171,-0.0113505931958439,0.0125214744945685,0.0039141427757966,-0.00300099643370445,5.32772842828814e-13,5.12454977219405e-09,3.20140095810049e-12,1.24861680005411e-19,2.60208521396521e-18,1.27801691822073e-13
NC_k0036,-0.0120300751879699,-0.0120300751879699,0.258777014692547,-26.4035408310703,8.60892641773153,-39.6897201717003,11.5194512073947,28.8851223101047,-4.3956463177314,37.4274268500036,-15.939463037063,1,1120,-5.96468950364484,-2.87322916739641,-2.91651316144364,0.554099287223307,-6.36532024971806e-20,1.66662335050654e-18,0,1.65237599163593e-20,0.000503465195948789,0.000684176965268059,1,-2.41016058751258e-19,-4.56810553086485e-20,1,0.000844162125238234,-0.0113505931958439,-0.0113505931958439,0.00945185736383171,0.0125214744945685,-0.00300099643370445,-0.00300099643370445,0.0039141427757966,1,-2.16840434497101e-19,0,1,0.000844249852948582,-0.0113508827517928,-0.0113508827517928,0.00945183529951096,0.0125214720103651,-0.00300107298973592,-0.00300107298973592,0.00391425007898763,-4.62371270429118,-40.0010000000979,1.17881369438822,5.18133611839901,1.17881369438822,5.18133611839901,-12.2374288842663,-1.04919530887976,2.16840434497101e-18,8.80135580954576e-19,1.09733914214241e-18,0,0,0,0.000844162125238233,0.00945185736383171,-0.0113505931958439,0.0125214744945685,0.0039141427757966,-0.00300099643370445,6.79011638637297e-13,5.21701412391378e-09,5.29368879052775e-12,2.41016058751258e-19,1.73472347597681e-18,5.14832289542043e-14
NC_k0036,-0.00488721804511278,-0.00488721804511278,0.258615310398839,-30.9305123601889,9.8667277933747,-36.441428091607,10.9795128605157,32.0809212751303,-8.11611678287847,35.5018376528016,-12.9377426947323,1,1120,-2.44496700635257,-1.18956628700962,-1.19939598680952,0.226123379549519,2.62073979113951e-18,-1.19896851939356e-18,0,3.05229646032067e-20,0.000503444055398266,0.000684425874675717,1,-1.58345128258804e-19,-1.06514892218007e-19,1,0.000844162125238237,-0.0113505931958439,-0.0113505931958439,0.00945185736383171,0.0125214744945685,-0.00300099643370445,-0.00300099643370445,0.0039141427757966,1,-2.16840434497101e-19,0,1,0.000844249852948582,-0.0113508827517928,-0.0113508827517928,0.00945183529951096,0.0125214720103651,-0.00300107298973592,-0.00300107298973592,0.00391425007898763,-4.61687948942984,-39.984917955333,1.17261244158332,5.15299602591776,1.17261244158332,5.15299602591776,-12.2237568357215,-1.02761340785564,2.16840434497101e-18,-8.41741004123733e-20,1.04757842685925e-18,0,0,0,0.000844162125238233,0.00945185736383171,-0.0113505931958439,0.0125214744945685,0.0039141427757966,-0.00300099643370445,4.32125520061897e-12,3.78657191264078e-09,8.22077504116843e-12,1.58345128258804e-19,4.66206934168767e-18,3.24117849905825e-14
NC_k0036,0.00225563909774436,0.00225563909774436,0.258596489599844,-35.0652748624297,10.7367508127849,-32.513835297715,10.2280751932218,34.6820627160121,-11.7036214199115,33.1069263115394,-9.46904766968974,1,1120,1.12978146947767,0.550527999656397,0.554502124814245,-0.104447404267682,4.98915640822584e-19,2.44600284982135e-18,0,-3.41513096421093e-19,0.000503439065255906,0.00068445423288431,1,-1.54803256417023e-19,-2.10261569433756e-19,1,0.000844162125238233,-0.0113505931958439,-0.0113505931958439,0.00945185736383171,0.0125214744945685,-0.00300099643370445,-0.00300099643370445,0.0039141427757966,1,-2.16840434497101e-19,0,1,0.000844249852948582,-0.0113508827517928,-0.0113508827517928,0.00945183529951096,0.0125214720103651,-0.00300107298973592,-0.00300107298973592,0.00391425007898763,-4.61586379880313,-39.9834991201197,1.17180683633088,5.14864110969785,1.17180683633088,5.14864110969785,-12.2220054357909,-1.02457400749949,2.16840434497101e-18,1.37933202488624e-18,1.45490045176969e-18,0,0,0,0.000844162125238233,0.00945185736383171,-0.0113505931958439,0.0125214744945685,0.0039141427757966,-0.00300099643370445,5.25905294201137e-12,4.07713072375394e-09,7.1661512824527e-12,2.10261569433756e-19,1.73472347597681e-18,2.03930044647159e-14
NC_k0036,0.0093984962406015,0.0093984962406015,0.258692774073466,-38.580565339768,11.3328928726405,-28.0974957290562,9.12063281474262,36.7623629287493,-14.8993460936934,30.131056152621,-5.76127641912832,1,1120,4.68073009614482,2.26524698280148,2.2921724360523,-0.433874077066194,2.78925302552881e-18,1.22329507402813e-18,0,3.09001589625309e-20,0.000503458762062332,0.00068430710413624,1,-2.18040467693754e-19,-1.58652384874885e-19,1,0.00084416212523823,-0.0113505931958439,-0.0113505931958439,0.00945185736383171,0.0125214744945685,-0.00300099643370445,-0.00300099643370445,0.0039141427757966,1,-2.16840434497101e-19,0,1,0.000844249852948582,-0.0113508827517928,-0.0113508827517928,0.00945183529951096,0.0125214720103651,-0.00300107298973592,-0.00300107298973592,0.00391425007898763,-4.620455716598,-39.9920026318342,1.17569937167584,5.16803361160041,1.17569937167584,5.16803361160041,-12.2305125410314,-1.03869181740807,1.73472347597681e-18,1.07065756777622e-18,3.37116113820487e-19,0,0,0,0.000844162125238233,0.00945185736383171,-0.0113505931958439,0.0125214744945685,0.0039141427757966,-0.00300099643370445,1.64165225324907e-12,4.98423142964226e-09,4.29465547408536e-12,2.18040467693754e-19,3.46944695195361e-18,1.45916649479105e-14
NC_k0036,0.0165413533834586,0.0165413533834586,0.259040321809574,-41.3408909845104,11.8429916570737,-23.5024671773942,7.6034216878157,38.4814994317098,-17.5185266691675,26.5906006790729,-2.13238378334971,1,1120,8.10442723345772,3.86242886029014,3.94906251093691,-0.757061683126297,2.01035329096928e-18,1.85270672828708e-19,0,-1.87908965392446e-19,0.000503465604464042,0.000683797572957474,1,-2.22073873389283e-19,-1.99740720929553e-19,1,0.000844162125238234,-0.0113505931958439,-0.0113505931958439,0.00945185736383171,0.0125214744945685,-0.00300099643370445,-0.00300099643370445,0.0039141427757966,1,-2.16840434497101e-19,0,1,0.000844249852948582,-0.0113508827517928,-0.0113508827517928,0.00945183529951096,0.0125214720103651,-0.00300107298973592,-0.00300107298973592,0.00391425007898763,-4.63179510670186,-40.0332758497839,1.18735343529698,5.21244601063223,1.18735343529698,5.21244601063223,-12.2573429621455,-1.07560143079893,2.16840434497101e-18,4.34098379663246e-19,4.72319092245511e-19,0,0,0,0.000844162125238233,0.00945185736383171,-0.0113505931958439,0.0125214744945685,0.0039141427757966,-0.00300099643370445,1.18863219602968e-12,4.71788976793867e-09,2.53623372505096e-12,2.22073873389283e-19,6.93889390390723e-18,4.67163987593801e-14
NC_k0037,-0.0191729323308271,-0.0191729323308271,0.366063240251562,67.6898619819117,3.08821111374689,69.9550664018013,-3.2615154599617,-58.1926946978612,-1.19801939513114,-79.7628319275397,5.37765617744784,1,1120,5.33726027614896,-4.12822790374649,0.39898068289279,-1.21182783321993,1.78219040824755e-18,1.74603599803408e-18,0,1.90905923469787e-18,4.36253477191892e-05,0.00193912231493053,1,-3.74048304417822e-20,-9.72065155597919e-20,1,0.00526516256280188,0.0075507131118313,0.0075507131118313,-0.00336613753595378,0.011274254889374,-0.00828254755886328,-0.00828254755886328,0.0104031002784616,1,0,0,1,0.00526511357180963,0.00755090573206375,0.00755090573206375,-0.00336607643383252,0.0112743184577603,-0.00828275884834183,-0.00828275884834183,0.0104031749585138,10.5542480007841,27.3793910132077,5.62033209296389,-10.522472352172,5.62033209296389,-10.522472352172,-25.0158095788004,3.29253333728971,2.60208521396521e-18,1.71394612556992e-19,1.28021077186348e-18,0,0,0,0.00526516256280188,-0.00336613753595378,0.0075507131118313,0.011274254889374,0.0104031002784616,-0.00828254755886328,2.18726359591306e-12,1.08895632581339e-08,3.56519213971738e-12,9.72065155597919e-20,1.73472347597681e-18,1.50127173876238e-14
NC_k0037,-0.0120300751879699,-0.0120300751879699,0.364499468550085,68.4188830373476,2.96024466141007,69.5377223391475,-1.22253989313338,-62.0759228253404,-0.944907394835743,-76.1500385124783,3.20637153477981,1,1120,3.38035151985316,-2.613172447709,0.25316909380757,-0.761321726192302,-1.30083746619069e-18,-2.39133117441527e-18,0,-3.1020210786758e-18,4.45934689215053e-05,0.0019371637350319,1,8.14511177320689e-20,-6.18233340950046e-20,1,0.00526516256280188,0.0075507131118313,0.0075507131118313,-0.00336613753595378,0.011274254889374,-0.00828254755886328,-0.00828254755886328,0.0104031002784616,1,0,0,1,0.00526511357180963,0.00755090573206375,0.00755090573206375,-0.00336607643383252,0.0112743184577603,-0.00828275884834183,-0.00828275884834183,0.0104031749585138,10.5499625317602,27.3195251758011,5.57414792454661,-10.4172127043371,5.57414792454661,-10.4172127043371,-24.9542954550261,3.2879280462147,2.60208521396521e-18,1.28754962028119e-19,1.34448894509007e-18,0,0,0,0.00526516256280188,-0.00336613753595378,0.0075507131118313,0.011274254889374,0.0104031002784616,-0.00828254755886328,9.55776346035755e-13,6.11101203325314e-09,1.59876300724227e-12,8.14511177320689e-20,3.46944695195361e-18,8.26957450403833e-14
NC_k0037,-0.00488721804511278,-0.00488721804511278,0.363790192047198,68.9101419240862,2.27752329261316,69.2885734162409,0.534512196159522,-66.3109839730135,-0.251254365538277,-72.1343883799046,1.43210820450788,1,1120,1.37653788456724,-1.06226855192022,0.103708879773509,-0.3089432415931,-1.21251442910473e-18,5.25553999833119e-18,0,-4.95044306308865e-19,4.50038749593565e-05,0.00193624845046403,1,8.24801719777965e-20,-2.49563390087713e-19,1,0.00526516256280188,0.0075507131118313,0.0075507131118313,-0.00336613753595377,0.011274254889374,-0.00828254755886328,-0.00828254755886328,0.0104031002784616,1,0,0,1,0.00526511357180963,0.00755090573206375,0.00755090573206375,-0.00336607643383252,0.0112743184577603,-0.00828275884834183,-0.00828275884834183,0.0104031749585138,10.5464268200436,27.3035802026611,5.54760216463211,-10.3594211869141,5.54760216463211,-10.3594211869141,-24.9329115575475,3.29470405969592,3.46944695195361e-18,-8.07627143026091e-20,7.32222284837852e-19,0,0,0,0.00526516256280188,-0.00336613753595378,0.0075507131118313,0.011274254889374,0.0104031002784616,-0.00828254755886328,7.19491825769095e-12,2.12456918852514e-09,3.67446737523416e-12,2.49563390087713e-19,5.20417042793042e-18,2.79241741459655e-14
NC_k0037,0.00225563909774436,0.00225563909774436,0.363686462346004,69.2037857635895,1.0867233871346,69.0338494128633,1.8942717442724,-70.5885121888732,0.894603777831806,-67.8935943939468,0.117297934428647,1,1120,-0.635437013246743,0.490165617038509,-0.0479395607487256,0.142563779538713,3.33425917008285e-18,-1.26084866024773e-19,0,1.94657932010266e-19,4.50606026745693e-05,0.00193611669197919,1,6.03663263514716e-20,-4.03562354763626e-19,1,0.00526516256280188,0.0075507131118313,0.0075507131118313,-0.00336613753595377,0.011274254889374,-0.00828254755886328,-0.00828254755886328,0.0104031002784616,1,0,0,1,0.00526511357180963,0.00755090573206375,0.00755090573206375,-0.00336607643383252,0.0112743184577603,-0.00828275884834183,-0.00828275884834183,0.0104031749585138,10.545667286281,27.3020173300291,5.54335714293968,-10.3503438798913,5.54335714293968,-10.3503438798913,-24.9301815886833,3.29630003855072,4.01154803819637e-18,-1.39926539222754e-19,2.06336780676691e-18,0,0,0,0.00526516256280188,-0.00336613753595378,0.0075507131118313,0.011274254889374,0.0104031002784616,-0.00828254755886328,1.60826198448151e-11,3.5846190024774e-09,4.38549061606463e-12,4.03562354763626e-19,3.46944695195361e-18,1.26228844956496e-13
NC_k0037,0.0093984962406015,0.0093984962406015,0.364159431779906,69.4368199817474,-0.535281374186815,68.6293040170979,2.7721447041782,-74.7087560791769,2.50099237913633,-63.6161508539382,-0.741658784867532,1,1120,-2.64445333826266,2.04283638392247,-0.198533594932247,0.594583015598252,8.40137569668058e-19,-4.67408000418194e-18,0,1.57970403892008e-19,4.47950015047707e-05,0.00193672236109015,1,1.29803123835626e-19,-1.16505614956991e-19,1,0.00526516256280188,0.0075507131118313,0.0075507131118313,-0.00336613753595378,0.011274254889374,-0.00828254755886328,-0.00828254755886328,0.0104031002784616,1,0,0,1,0.00526511357180963,0.00755090573206375,0.00755090573206375,-0.00336607643383252,0.0112743184577603,-0.00828275884834183,-0.00828275884834183,0.0104031749585138,10.5485772682391,27.3108307268816,5.56192847334428,-10.3903680545078,5.56192847334428,-10.3903680545078,-24.9435097976978,3.29032520281428,2.60208521396521e-18,9.14164638970893e-20,1.26485412154529e-18,0,0,0,0.00526516256280188,-0.00336613753595378,0.0075507131118313,0.011274254889374,0.0104031002784616,-0.00828254755886328,3.8706722670171e-12,3.69100094247554e-09,1.47778361623066e-11,1.29803123835626e-19,1.73472347597681e-18,5.94501943128997e-14
NC_k0037,0.0165413533834586,0.0165413533834586,0.365354033269776,69.7679427672792,-2.48772963385415,67.9778230989411,3.10547890979532,-78.48803747822,4.54233849274839,-59.5534850453408,-1.15723091043754,1,1120,-4.62711854545668,3.57976922525478,-0.345625275666677,1.04664904015243,-2.72569908470514e-18,-4.30664306736343e-18,0,-1.06712130642659e-18,4.40690002979208e-05,0.00193825644508359,1,-3.42087069499164e-20,-3.09855160606836e-19,1,0.00526516256280188,0.0075507131118313,0.0075507131118313,-0.00336613753595378,0.011274254889374,-0.00828254755886328,-0.00828254755886328,0.0104031002784616,1,0,0,1,0.00526511357180963,0.00755090573206375,0.00755090573206375,-0.00336607643383252,0.0112743184577603,-0.00828275884834183,-0.00828275884834183,0.0104031749585138,10.5522736720115,27.3486996676065,5.60120419561339,-10.4781793987774,5.60120419561339,-10.4781793987774,-24.9856009907759,3.28772325631012,2.60208521396521e-18,-1.40077208448319e-19,8.61118877040204e-19,0,0,0,0.00526516256280188,-0.00336613753595378,0.0075507131118313,0.011274254889374,0.0104031002784616,-0.00828254755886328,1.68753415329302e-12,4.27459598995203e-09,3.56668943629923e-12,3.09855160606836e-19,3.46944695195361e-18,5.57612360798234e-14
NC_k0038,-0.0191729323308271,-0.0191729323308271,0.0764150378543614,24.5763441072753,8.07561339794627,20.5203510950838,1.68772485538895,-22.7685813244304,-8.1648291096804,-23.4013168837335,0.12205157628752,1,1120,-1.4535270155506,2.37715249765363,0.304796409093982,-0.328124071031396,-2.22121155527639e-19,7.32471741138156e-19,0,1.55646853551347e-19,-0.00100836792217337,0.00128284816792827,1,1.21990643126084e-19,-1.68331229475576e-19,1,-0.0044705407505022,-0.00322081580792181,-0.00322081580792181,-0.0124565213817698,0.0122190735985311,0.00371546962431562,0.00371546962431562,0.00716695275968236,1,0,0,1,-0.00447064565810231,-0.00322089797159038,-0.00322089797159038,-0.0124565244273721,0.0122191031960588,0.003715564406704,0.003715564406704,0.00716704679752686,2.15794935027207,-10.8651926459678,2.95688888764872,-4.72172385942049,2.95688888764872,-4.72172385942049,13.7958279011058,1.16434838937701,2.16840434497101e-18,-7.74625240368028e-19,1.23849420633531e-18,0,0,0,-0.0044705407505022,-0.0124565213817698,-0.00322081580792181,0.0122190735985311,0.00716695275968236,0.00371546962431562,1.86021650333614e-12,1.14100772632585e-08,7.15023054111913e-12,1.68331229475576e-19,2.60208521396521e-18,2.49896310461133e-13
NC_k0038,-0.0120300751879699,-0.0120300751879699,0.0764605272033471,23.6920509294829,6.78813382919262,21.0552281149141,2.74756063864776,-22.6664551759393,-6.55440366469154,-23.1426927701361,-1.26519226115457,1,1120,-0.903281539714824,1.4971271966734,0.195969066796323,-0.206331570827599,-2.11453834348156e-19,-9.983408249025e-19,0,4.25019047209853e-19,-0.00100811714478618,0.00128236384777164,1,1.5350087292272e-19,-1.63987326131242e-19,1,-0.0044705407505022,-0.00322081580792181,-0.00322081580792181,-0.0124565213817698,0.0122190735985311,0.00371546962431562,0.00371546962431562,0.00716695275968236,1,0,0,1,-0.00447064565810231,-0.00322089797159038,-0.00322089797159038,-0.0124565244273721,0.0122191031960588,0.003715564406704,0.003715564406704,0.00716704679752686,2.10585272682262,-10.8831401192048,2.93506687015752,-4.68168216166404,2.93506687015752,-4.68168216166404,13.8063755510049,1.20724676527585,2.60208521396521e-18,-1.62694268153679e-18,1.33694953925074e-18,0,0,0,-0.0044705407505022,-0.0124565213817698,-0.00322081580792181,0.0122190735985311,0.00716695275968236,0.00371546962431562,4.45868323706296e-12,1.05619718477869e-08,2.64055332443408e-11,1.63987326131242e-19,3.46944695195361e-18,2.93852779763047e-13
NC_k0038,-0.00488721804511278,-0.00488721804511278,0.0765149029666587,22.8278294430857,5.52377492044847,21.7392291282319,3.87963079837016,-22.7052004307269,-4.92599079641826,-22.9169692999792,-2.76451624900266,1,1120,-0.363338361946511,0.607452308849971,0.0805576024781417,-0.0837532028976772,3.06321524440637e-19,-3.4895110448917e-19,0,-3.50112879659501e-19,-0.00100794453690125,0.00128207592658743,1,6.43713718316396e-20,-2.67498715601687e-20,1,-0.0044705407505022,-0.00322081580792181,-0.00322081580792181,-0.0124565213817698,0.0122190735985311,0.00371546962431562,0.00371546962431562,0.00716695275968236,1,0,0,1,-0.00447064565810231,-0.00322089797159038,-0.00322089797159038,-0.0124565244273721,0.0122191031960588,0.003715564406704,0.003715564406704,0.00716704679752686,2.0779323360903,-10.8970051164789,2.92380448086136,-4.66090743280331,2.92380448086136,-4.66090743280331,13.8184908805707,1.23197088157767,2.60208521396521e-18,-5.40534442036453e-19,8.18559506945466e-19,0,0,0,-0.0044705407505022,-0.0124565213817698,-0.00322081580792181,0.0122190735985311,0.00716695275968236,0.00371546962431562,2.01998321342595e-11,8.79356307476571e-09,8.51304079736336e-12,6.43713718316396e-20,5.20417042793042e-18,4.1534567577957e-13
NC_k0038,0.00225563909774436,0.00225563909774436,0.0765245477459128,22.0177148208747,4.3117556457564,22.5209408411086,5.0707176325122,-22.8462275427064,-3.33558285791458,-22.747122256904,-4.33412576793487,1,1120,0.167373036313736,-0.28022937827008,-0.0372425928455939,0.0386529065002591,-3.65124139825807e-19,5.5001555034366e-19,0,-3.48120615154167e-19,-0.00100791462246834,0.00128202976449644,1,1.1219260921654e-19,-1.97125250428137e-19,1,-0.0044705407505022,-0.00322081580792181,-0.00322081580792181,-0.0124565213817698,0.0122190735985311,0.00371546962431562,0.00371546962431562,0.00716695275968236,1,0,0,1,-0.00447064565810231,-0.00322089797159038,-0.00322089797159038,-0.0124565244273721,0.0122191031960588,0.003715564406704,0.003715564406704,0.00716704679752686,2.07363033445835,-10.8993346639827,2.92207887704583,-4.65772027799427,2.92207887704583,-4.65772027799427,13.8206736685793,1.23585400794483,2.60208521396521e-18,-1.36489727497778e-18,1.36609657571084e-18,0,0,0,-0.0044705407505022,-0.0124565213817698,-0.00322081580792181,0.0122190735985311,0.00716695275968236,0.00371546962431562,2.26254053787398e-11,8.50435286377777e-09,8.16912989599226e-12,1.97125250428137e-19,3.46944695195361e-18,5.74882029970853e-14
NC_k0038,0.0093984962406015,0.0093984962406015,0.076484255351252,21.2932895242061,3.15729393422866,23.3690686368344,6.31694752268684,-23.0548001222786,-1.80741069204213,-22.6662227483557,-5.95216304798574,1,1120,0.702697799972544,-1.16925378461005,-0.153963474930363,0.161167017937104,-8.53852224224187e-19,1.25092207930679e-18,0,-2.8007508360433e-20,-0.00100804031594459,0.0012822319007929,1,2.31557621921412e-20,-3.28500969312035e-19,1,-0.0044705407505022,-0.00322081580792181,-0.00322081580792181,-0.0124565213817698,0.0122190735985311,0.00371546962431562,0.00371546962431562,0.00716695275968236,1,0,0,1,-0.00447064565810231,-0.00322089797159038,-0.00322089797159038,-0.0124565244273721,0.0122191031960588,0.003715564406704,0.003715564406704,0.00716704679752686,2.09275122423019,-10.889371125075,2.92977442010171,-4.67192322552438,2.92977442010171,-4.67192322552438,13.8116036936134,1.2187325548202,2.16840434497101e-18,-9.41200175225163e-19,1.32272257398956e-18,0,0,0,-0.0044705407505022,-0.0124565213817698,-0.00322081580792181,0.0122190735985311,0.00716695275968236,0.00371546962431562,6.47298045295406e-12,7.58252487364086e-09,1.3446286419121e-11,3.28500969312035e-19,2.60208521396521e-18,1.76910176486377e-13
NC_k0038,0.0165413533834586,0.0165413533834586,0.0764225499315355,20.6954580271466,2.06791836742745,24.2505738924223,7.60284501500207,-23.3028126385375,-0.37120773055709,-22.7121666928062,-7.58081789348462,1,1120,1.25096235301401,-2.05637680260226,-0.265786768364123,0.283524885513588,-4.94663932474061e-19,-3.07958018564512e-18,0,1.21700105674722e-18,-0.0010082708724784,0.00128265042116399,1,1.54731895192536e-19,-1.04665514816348e-19,1,-0.0044705407505022,-0.00322081580792181,-0.00322081580792181,-0.0124565213817698,0.0122190735985311,0.00371546962431562,0.00371546962431562,0.00716695275968236,1,0,0,1,-0.00447064565810231,-0.00322089797159038,-0.00322089797159038,-0.0124565244273721,0.0122191031960588,0.003715564406704,0.003715564406704,0.00716704679752686,2.13603200391265,-10.871133827142,2.94751232968393,-4.70453257566238,2.94751232968393,-4.70453257566238,13.7979638419165,1.18173565558767,3.03576608295941e-18,-7.23509554414182e-19,6.54460672873084e-19,0,0,0,-0.0044705407505022,-0.0124565213817698,-0.00322081580792181,0.0122190735985311,0.00716695275968236,0.00371546962431562,4.34721680529034e-12,6.63473653069233e-09,9.07722394978755e-12,1.54731895192536e-19,6.93889390390723e-18,2.88732614054267e-13
NC_k0039,-0.0191729323308271,-0.0191729323308271,0.477003800828827,-49.3212244237513,42.6620064336812,-72.423841698624,61.8531768798906,44.6074945821443,-45.0210367842492,75.4114132116604,-63.0894865073509,1,1120,-11.6383913428355,-2.00348047764152,-4.50181770075737,2.08532771243968,-3.53040685437632e-19,4.28893147608745e-20,0,-2.2478798582251e-19,-0.000926007924959911,-0.000986575309409423,1,1.77577168142096e-19,2.78562893955262e-20,1,-0.00936196115721762,-0.0143750446473943,-0.0143750446473943,-0.00123606231006256,0.00591636410265958,0.00222737079348689,0.00222737079348689,-0.00801369950739952,1,-1.0842021724855e-19,0,1,-0.00936194312860082,-0.0143754113577169,-0.0143754113577169,-0.00123614792811473,0.00591626857503642,0.0022274276141704,0.0022274276141704,-0.00801361735563991,-10.9926092524186,-53.8877129952375,2.59823735719948,6.60830502747547,2.59823735719948,6.60830502747547,3.77474187475711,-10.4166595455911,2.16840434497101e-18,-1.96666007921162e-19,9.41935505541108e-19,0,0,0,-0.00936196115721762,-0.00123606231006256,-0.0143750446473943,0.00591636410265959,-0.00801369950739952,0.00222737079348689,1.35381984514377e-13,6.65703620864556e-09,5.39863348886913e-12,1.77577168142096e-19,6.93889390390723e-18,1.7665672144044e-13
NC_k0039,-0.0120300751879699,-0.0120300751879699,0.47634888863342,-54.1930753392092,45.65335128228,-68.9903598385783,57.9298275809674,50.8405064879035,-47.7363535112277,70.5717694762271,-59.463150975431,1,1120,-7.4374252345674,-1.34683464529744,-2.89880576035535,1.31587146197354,3.81098651815431e-18,-1.3824686121211e-18,0,2.97660943427207e-19,-0.000926065985752092,-0.00098458463105606,1,-1.00472236197799e-19,-2.07445832904304e-20,1,-0.00936196115721761,-0.0143750446473943,-0.0143750446473943,-0.00123606231006255,0.00591636410265958,0.00222737079348689,0.00222737079348689,-0.00801369950739952,1,-1.0842021724855e-19,0,1,-0.00936194312860082,-0.0143754113577169,-0.0143754113577169,-0.00123614792811473,0.00591626857503642,0.0022274276141704,0.0022274276141704,-0.00801361735563991,-11.0081637612635,-53.804698135346,2.5652822143299,6.52019219969112,2.5652822143299,6.52019219969112,3.76918873360787,-10.3616105937437,1.30104260698261e-18,-1.21004754397556e-18,-3.82070867136243e-19,0,0,0,-0.00936196115721762,-0.00123606231006256,-0.0143750446473943,0.00591636410265959,-0.00801369950739952,0.00222737079348689,6.77380932547562e-13,6.52989727785241e-09,8.46721895470487e-12,1.00472236197799e-19,5.20417042793042e-18,1.01385145895365e-13
NC_k0039,-0.00488721804511278,-0.00488721804511278,0.476264343606324,-59.0407770289248,49.0791725102309,-65.0986551477098,54.1074581320518,57.131466355963,-50.9870548401961,65.2139898317339,-55.824083354681,1,1120,-3.04279613735303,-0.567218699646469,-1.19130489620982,0.535349291492703,-4.19387188009285e-19,-5.0821976835258e-21,0,3.7785196791116e-19,-0.000926082216705805,-0.000983728138936295,1,3.34553713495598e-20,1.45529510280099e-20,1,-0.00936196115721762,-0.0143750446473943,-0.0143750446473943,-0.00123606231006256,0.00591636410265958,0.00222737079348689,0.00222737079348689,-0.00801369950739952,1,-1.0842021724855e-19,0,1,-0.00936194312860082,-0.0143754113577169,-0.0143754113577169,-0.00123614792811473,0.00591626857503642,0.0022274276141704,0.0022274276141704,-0.00801361735563991,-11.0198396581163,-53.7905286929255,2.5509099071676,6.47290552272215,2.5509099071676,6.47290552272215,3.76589895162917,-10.3438811344456,2.16840434497101e-18,-1.6454149493486e-20,5.50304873320487e-19,0,0,0,-0.00936196115721762,-0.00123606231006256,-0.0143750446473943,0.00591636410265959,-0.00801369950739952,0.00222737079348689,2.89950720046058e-12,3.38278275061263e-09,4.20377274529064e-12,3.34553713495598e-20,5.20417042793042e-18,6.57372102588233e-14
NC_k0039,0.00225563909774436,0.00225563909774436,0.476265315242441,-63.5481840982616,52.7273743117038,-60.748819216196,50.4040597118506,63.1173001602327,-54.4980474414051,59.3827353505746,-52.2599079571661,1,1120,1.4056151936251,0.263244005594704,0.55072353574254,-0.247130816676494,-1.96598994035683e-18,1.57567980524001e-19,0,-7.47777891192837e-19,-0.000926083728072921,-0.000983611357710617,1,-7.72318711472248e-20,1.77521807441538e-20,1,-0.00936196115721762,-0.0143750446473943,-0.0143750446473943,-0.00123606231006256,0.00591636410265959,0.00222737079348689,0.00222737079348689,-0.00801369950739952,1,-1.0842021724855e-19,0,1,-0.00936194312860082,-0.0143754113577169,-0.0143754113577169,-0.00123614792811473,0.00591626857503642,0.0022274276141704,0.0022274276141704,-0.00801361735563991,-11.0217321519366,-53.7899788453279,2.54889505664206,6.46556194493341,2.54889505664206,6.46556194493341,3.76532772209455,-10.3418393655384,2.16840434497101e-18,-1.32480355591764e-19,-7.59882434534542e-19,0,0,0,-0.00936196115721762,-0.00123606231006256,-0.0143750446473943,0.00591636410265959,-0.00801369950739952,0.00222737079348689,8.85990811986238e-12,4.68944417973295e-09,2.44373711466837e-12,7.72318711472248e-20,5.20417042793042e-18,1.51521629417629e-14
NC_k0039,0.0093984962406015,0.0093984962406015,0.476289870272283,-67.611252500635,56.5092476795887,-56.0052804784329,46.8793801621937,68.6568103442425,-58.1193341939616,53.1782593385562,-48.8888365496953,1,1120,5.83109471335521,1.07023134400053,2.27743759892734,-1.02886536284352,5.33510319273021e-18,-7.45230174906174e-19,0,7.90043511771847e-19,-0.00092607375018931,-0.000984162389546655,1,-9.85142578146334e-20,-1.49780310355543e-19,1,-0.00936196115721762,-0.0143750446473943,-0.0143750446473943,-0.00123606231006256,0.00591636410265959,0.00222737079348689,0.00222737079348689,-0.00801369950739952,1,-1.0842021724855e-19,0,1,-0.00936194312860082,-0.0143754113577169,-0.0143754113577169,-0.00123614792811473,0.00591626857503642,0.0022274276141704,0.0022274276141704,-0.00801361735563991,-11.0134963227683,-53.7958067001973,2.55826881121779,6.49811003646489,2.55826881121779,6.49811003646489,3.76774761865939,-10.3523305324922,1.73472347597681e-18,-8.76392460468994e-19,-3.15368483037105e-19,0,0,0,-0.00936196115721762,-0.00123606231006256,-0.0143750446473943,0.00591636410265959,-0.00801369950739952,0.00222737079348689,1.51422745623065e-12,4.12850223401869e-09,9.76478957507448e-12,1.49780310355543e-19,3.46944695195361e-18,7.42417706975302e-14
NC_k0039,0.0165413533834586,0.0165413533834586,0.476635204155881,-71.208421425268,60.397431745282,-51.0825279902652,43.6939550502709,73.6899661847329,-61.760896266654,46.8589355246927,-45.9336016968211,1,1120,10.128020440942,1.7795910639065,3.92951179659993,-1.80429657723403,4.06641989131068e-19,-1.97904119606169e-18,0,1.22621254004861e-19,-0.000926040708467107,-0.000985679176681292,1,-4.00518866120671e-20,7.5330014776966e-20,1,-0.00936196115721762,-0.0143750446473943,-0.0143750446473943,-0.00123606231006256,0.00591636410265959,0.00222737079348689,0.00222737079348689,-0.00801369950739952,1,-1.0842021724855e-19,0,1,-0.00936194312860082,-0.0143754113577169,-0.0143754113577169,-0.00123614792811473,0.00591626857503642,0.0022274276141704,0.0022274276141704,-0.00801361735563991,-10.9976903195536,-53.8423273596559,2.58336809568077,6.5709927547211,2.58336809568077,6.5709927547211,3.77224044464345,-10.3897610612119,1.73472347597681e-18,-3.69029145116391e-19,-6.74606692936073e-19,0,0,0,-0.00936196115721762,-0.00123606231006256,-0.0143750446473943,0.00591636410265959,-0.00801369950739952,0.00222737079348689,1.07345458614942e-12,4.43673992182298e-09,8.62048318583176e-12,7.5330014776966e-20,2.60208521396521e-18,1.25781819737661e-14
NC_k0040,-0.0191729323308271,-0.0191729323308271,0.53748729199531,23.6768944584186,-35.0068371227684,15.8323581455055,-32.9411673650359,-20.1530036257863,39.7401324914553,-20.3070788691368,24.9836090062438,1,1120,-8.83021819189753,-9.38644714502777,-6.01149956118538,-0.838698206625202,7.38692139344555e-19,4.24946503470132e-18,0,2.11449202136725e-18,7.41410658374336e-05,-0.00144493237072294,1,-1.09160239858144e-19,6.3540852331458e-20,1,0.00239448904696964,-0.0107100934987805,-0.0107100934987805,0.00459870799470201,-0.00943143305055485,-0.0118532853785697,-0.0118532853785697,-0.00538144038133595,1,0,0,1,0.0023945254042239,-0.0107103667154514,-0.0107103667154514,0.00459871623691868,-0.00943145445644801,-0.0118535877582988,-0.0118535877582988,-0.00538151344529886,2.62823354701497,-36.3183073276753,-9.18611269249794,-4.14346956706677,-9.18611269249794,-4.14346956706677,-40.2997100444269,2.42622451537772,1.73472347597681e-18,4.6958348340741e-19,-2.83524699595823e-19,0,0,0,0.00239448904696964,0.00459870799470201,-0.0107100934987805,-0.00943143305055485,-0.00538144038133594,-0.0118532853785697,1.1602732763623e-12,6.63317110195162e-09,3.48183274616244e-12,1.09160239858144e-19,1.73472347597681e-18,4.75083410280915e-14
NC_k0040,-0.0120300751879699,-0.0120300751879699,0.537066689593043,21.9276505858605,-34.0110703865764,16.1899090933609,-32.7341347069477,-19.521144313467,36.8482416413878,-19.5865276594925,26.6479290546562,1,1120,-5.70028099766978,-6.03686624837301,-3.87325859119416,-0.514339502961293,-5.45145110896947e-20,3.01014333630497e-19,0,-2.24447849154629e-18,7.4161964169021e-05,-0.00144395730573217,1,-1.9972795464347e-19,2.51974241957525e-19,1,0.00239448904696964,-0.0107100934987805,-0.0107100934987805,0.00459870799470201,-0.00943143305055485,-0.0118532853785697,-0.0118532853785697,-0.00538144038133594,1,0,0,1,0.0023945254042239,-0.0107103667154514,-0.0107103667154514,0.00459871623691868,-0.00943145445644801,-0.0118535877582988,-0.0118535877582988,-0.00538151344529886,2.5896824340949,-36.2840071273844,-9.14107892281437,-4.14512223720821,-9.14107892281437,-4.14512223720821,-40.3049301318242,2.34229651136399,1.73472347597681e-18,8.6163073388856e-19,-1.41307692655221e-18,0,0,0,0.00239448904696964,0.00459870799470201,-0.0107100934987805,-0.00943143305055485,-0.00538144038133594,-0.0118532853785697,7.42690740225458e-13,6.03610330577881e-09,4.64517033403925e-12,2.51974241957525e-19,3.46944695195361e-18,1.01292687222614e-14
NC_k0040,-0.00488721804511278,-0.00488721804511278,0.537057840410441,19.8171918557195,-33.1873163021079,17.3157282021128,-32.6847012093653,-19.0565775019493,33.4751780959676,-19.086580122606,29.1375276977126,1,1120,-2.34336281385543,-2.47677659821172,-1.59064600598219,-0.205163103601778,1.51595736501368e-18,8.02137554071862e-18,0,-3.62291873408425e-18,7.39976200997468e-05,-0.00144361190264199,1,-2.32698476414836e-19,5.15434218345267e-21,1,0.00239448904696964,-0.0107100934987805,-0.0107100934987805,0.00459870799470201,-0.00943143305055486,-0.0118532853785697,-0.0118532853785697,-0.00538144038133595,1,0,0,1,0.0023945254042239,-0.0107103667154514,-0.0107103667154514,0.00459871623691868,-0.00943145445644801,-0.0118535877582988,-0.0118535877582988,-0.00538151344529886,2.56519313860966,-36.2853869822165,-9.11522940497011,-4.14428500083861,-9.11522940497011,-4.14428500083861,-40.3279804495569,2.29032863595121,2.60208521396521e-18,3.29998778052562e-19,-5.31335652738349e-20,0,0,0,0.00239448904696964,0.00459870799470201,-0.0107100934987805,-0.00943143305055485,-0.00538144038133594,-0.0118532853785697,2.89840516193888e-12,3.28279899141893e-09,1.23310210119749e-11,2.32698476414836e-19,5.20417042793042e-18,7.13194957181809e-14
NC_k0040,0.00225563909774436,0.00225563909774436,0.53706651508156,17.8992178823669,-32.745488186155,19.0662827250309,-32.9761659350148,-18.9963119899927,30.22206416883,-18.9821296720398,32.2380448906054,1,1120,1.08330886514023,1.14457280242532,0.735200950296618,0.0943282236879865,-3.16009463774858e-19,6.48686947764905e-18,0,4.30573978613453e-18,7.39613153153484e-05,-0.00144356970503769,1,-4.33225760727742e-20,3.96270775334863e-20,1,0.00239448904696964,-0.0107100934987805,-0.0107100934987805,0.00459870799470201,-0.00943143305055485,-0.0118532853785697,-0.0118532853785697,-0.00538144038133595,1,0,0,1,0.0023945254042239,-0.0107103667154514,-0.0107103667154514,0.00459871623691868,-0.00943145445644801,-0.0118535877582988,-0.0118535877582988,-0.00538151344529886,2.56111561086301,-36.2866452893469,-9.11105442255583,-4.14400318596748,-9.11105442255583,-4.14400318596748,-40.332537077202,2.28182528370344,3.46944695195361e-18,6.58185437565398e-19,-1.17851533268143e-18,0,0,0,0.00239448904696964,0.00459870799470201,-0.0107100934987805,-0.00943143305055485,-0.00538144038133594,-0.0118532853785697,6.95559709973233e-12,4.5550157675806e-09,8.387140586333e-12,4.33225760727742e-20,3.46944695195361e-18,8.76492108932876e-14
NC_k0040,0.0093984962406015,0.0093984962406015,0.537048464682849,16.5203902162039,-32.6861811701548,21.1590384695738,-33.671560188069,-19.3652332893619,27.4790713251371,-19.3131516998515,35.6257708298434,1,1120,4.47949259705511,4.73943037173718,3.0422445797014,0.398644167352304,1.82750667092566e-18,-4.59479639682996e-18,0,-6.86401089741403e-19,7.41013942615707e-05,-0.00144377963405141,1,-1.67163048296374e-19,3.51823382015758e-19,1,0.00239448904696964,-0.0107100934987805,-0.0107100934987805,0.00459870799470201,-0.00943143305055485,-0.0118532853785697,-0.0118532853785697,-0.00538144038133594,1,0,0,1,0.0023945254042239,-0.0107103667154514,-0.0107103667154514,0.00459871623691868,-0.00943145445644801,-0.0118535877582988,-0.0118535877582988,-0.00538151344529886,2.5786391597087,-36.2832085382731,-9.12922458461533,-4.14494274333239,-9.12922458461533,-4.14494274333239,-40.3143143149363,2.31862592467728,2.60208521396521e-18,5.68361347260326e-19,-1.19481564269818e-18,0,0,0,0.00239448904696964,0.00459870799470201,-0.0107100934987805,-0.00943143305055485,-0.00538144038133594,-0.0118532853785697,2.48120161168638e-12,6.33051587808366e-09,5.46367302115786e-13,3.51823382015758e-19,3.46944695195361e-18,2.41870338383432e-14
NC_k0040,0.0165413533834586,0.0165413533834586,0.537228585810034,15.8722184413945,-32.8601522209061,23.1172740014409,-34.6411331650466,-20.0304428671525,25.4909008941536,-19.9233816932135,38.7772310445203,1,1120,7.71841001165301,8.19187172453721,5.2503929729427,0.718014138914915,-1.05452624082955e-18,-7.05900052884993e-18,0,-1.92273832048766e-18,7.42012945257827e-05,-0.00144446765098211,1,-2.0468113522404e-19,-2.66490226633561e-19,1,0.00239448904696964,-0.0107100934987805,-0.0107100934987805,0.00459870799470201,-0.00943143305055486,-0.0118532853785697,-0.0118532853785697,-0.00538144038133595,1,0,0,1,0.0023945254042239,-0.0107103667154514,-0.0107103667154514,0.00459871623691868,-0.00943145445644801,-0.0118535877582988,-0.0118535877582988,-0.00538151344529886,2.61277345539473,-36.2969311548605,-9.16727051358672,-4.14441335842221,-9.16727051358672,-4.14441335842221,-40.2947209413915,2.39271057242652,2.60208521396521e-18,3.89516607568262e-19,2.1817017616556e-19,0,0,0,0.00239448904696964,0.00459870799470201,-0.0107100934987805,-0.00943143305055485,-0.00538144038133594,-0.0118532853785697,9.85555207229547e-13,3.85325949271416e-09,1.96355149554357e-11,2.66490226633561e-19,3.46944695195361e-18,1.00848847274232e-13
NC_k0041,-0.0191729323308271,-0.0191729323308271,0.301760402171271,-48.0365945871792,8.73419452672202,-52.3691033635651,23.1352067216007,46.9251365577091,-8.69542827945577,52.9912205957253,-22.6696749114341,1,1120,3.56427341810082,-6.37597442367305,-0.927861331838818,1.20495853553727,-5.95755329495392e-19,-4.09616530613809e-18,0,8.14203803103296e-19,0.000578663230024098,-0.000152363688930346,1,-1.19067904140782e-19,1.15100885194472e-19,1,0.000693404154477525,0.00813472975173025,0.00813472975173025,0.0151266557406844,-0.00346283095456102,-0.00928959031609184,-0.00928959031609184,-0.00249839192021467,1,0,-1.0842021724855e-19,1,0.000693546649895468,0.00813493727034637,0.00813493727034637,0.0151266141385056,-0.00346284381280339,-0.00928982729543664,-0.00928982729543664,-0.00249841707997533,-7.29197673740953,27.390941739836,3.24697177113094,6.43994417809951,3.24697177113094,6.43994417809951,-35.1567063786636,-2.56480208608031,1.95156391047391e-18,9.92994195135921e-19,-2.27189091846764e-20,0,0,0,0.000693404154477524,0.0151266557406844,0.00813472975173025,-0.00346283095456102,-0.00249839192021467,-0.00928959031609184,1.10810314073366e-12,1.06336360170286e-08,1.38295381989074e-11,1.19067904140782e-19,5.20417042793042e-18,2.50182479647087e-14
NC_k0041,-0.0120300751879699,-0.0120300751879699,0.301235174828467,-48.318107964554,12.1798623605396,-51.0342644246188,21.2408292192019,47.5487919316223,-12.057771033971,51.3187257944044,-20.8662685916668,1,1120,2.23316468775889,-4.0489388107418,-0.599205460584386,0.756533093652283,-8.46305028315254e-20,-2.53040505080382e-18,0,-3.77306855887488e-19,0.00057982336148242,-0.000153055445204226,1,4.57194106814521e-20,1.55201365728886e-19,1,0.000693404154477523,0.00813472975173026,0.00813472975173026,0.0151266557406844,-0.00346283095456102,-0.00928959031609185,-0.00928959031609185,-0.00249839192021467,1,0,-1.0842021724855e-19,1,0.000693546649895468,0.00813493727034637,0.00813493727034637,0.0151266141385056,-0.00346284381280339,-0.00928982729543664,-0.00928982729543664,-0.00249841707997533,-7.1983597225734,27.3759461132214,3.20810734264022,6.40289052682259,3.20810734264022,6.40289052682259,-35.0883410549065,-2.58063486836101,3.46944695195361e-18,1.75905480038619e-18,-5.36076172265638e-19,0,0,0,0.000693404154477524,0.0151266557406844,0.00813472975173025,-0.00346283095456102,-0.00249839192021467,-0.00928959031609184,1.12345629043004e-12,8.86453924997501e-09,6.49228155353012e-12,1.55201365728886e-19,5.20417042793042e-18,8.69794286011702e-14
NC_k0041,-0.00488721804511278,-0.00488721804511278,0.301096099799212,-48.8326672947253,15.3087975250896,-49.9380296836509,18.9861993482578,48.3822960237246,-15.1110625587819,49.9064622700116,-18.6913636606938,1,1120,0.902199235392222,-1.65058572959252,-0.246967543086122,0.306642363630314,5.60967421653862e-19,-5.4659433133014e-19,0,4.78626554757883e-19,0.000580336469359553,-0.000153311685382108,1,-3.10813538129081e-20,-4.92521173217647e-20,1,0.000693404154477531,0.00813472975173025,0.00813472975173025,0.0151266557406844,-0.00346283095456102,-0.00928959031609185,-0.00928959031609185,-0.00249839192021467,1,0,-1.0842021724855e-19,1,0.000693546649895468,0.00813493727034637,0.00813493727034637,0.0151266141385056,-0.00346284381280339,-0.00928982729543664,-0.00928982729543664,-0.00249841707997533,-7.15355250906684,27.3816614419975,3.18591705595567,6.38532067560697,3.18591705595567,6.38532067560697,-35.0708197509388,-2.58595133098481,2.60208521396521e-18,1.05471194719796e-19,-2.03981686551327e-19,0,0,0,0.000693404154477524,0.0151266557406844,0.00813472975173025,-0.00346283095456102,-0.00249839192021467,-0.00928959031609184,4.94240506720504e-12,5.43165930093257e-09,5.12238414483711e-12,4.92521173217647e-20,7.26415455565288e-18,1.21126864091754e-13
NC_k0041,0.00225563909774436,0.00225563909774436,0.30108183915906,-49.5949624869255,18.0644738492598,-49.0848191741354,16.3676702727272,49.4503279244204,-17.7960821832061,48.7474724657508,-16.1438788167743,1,1120,-0.415887044082453,0.762015709616129,0.114222459626114,-0.141444699966967,-9.15589676422695e-20,4.19482479215852e-18,0,-1.07160917484e-18,0.000580406833419209,-0.000153344333310469,1,-1.22790430213977e-19,-4.12733332717163e-20,1,0.000693404154477525,0.00813472975173025,0.00813472975173025,0.0151266557406844,-0.00346283095456102,-0.00928959031609185,-0.00928959031609185,-0.00249839192021467,1,0,-1.0842021724855e-19,1,0.000693546649895468,0.00813493727034637,0.00813493727034637,0.0151266141385056,-0.00346284381280339,-0.00928982729543664,-0.00928982729543664,-0.00249841707997533,-7.14696539241556,27.3832544788296,3.18238682339539,6.38271570334133,3.18238682339539,6.38271570334133,-35.0691208147422,-2.58652440375144,3.46944695195361e-18,1.88281943728906e-18,-4.02759138200926e-19,0,0,0,0.000693404154477524,0.0151266557406844,0.00813472975173025,-0.00346283095456102,-0.00249839192021467,-0.00928959031609184,8.82572684559026e-12,5.97055080761953e-09,2.53119942587539e-12,1.22790430213977e-19,3.46944695195361e-18,8.11238120836969e-15
NC_k0041,0.0093984962406015,0.0093984962406015,0.301160065056693,-50.6024931750126,20.452125111514,-48.4790217021678,13.3754166403259,50.7683864194426,-20.108332784417,47.8296675493986,-13.2243924815341,1,1120,-1.74084269777048,3.16915384813525,0.471342679620366,-0.590563121644592,9.58060437793618e-19,2.10646506070304e-19,0,-6.42944329080317e-19,0.000580075116664324,-0.000153186030689965,1,7.70461954924224e-20,2.1216199844791e-19,1,0.000693404154477526,0.00813472975173025,0.00813472975173025,0.0151266557406844,-0.00346283095456102,-0.00928959031609184,-0.00928959031609184,-0.00249839192021467,1,0,-1.0842021724855e-19,1,0.000693546649895468,0.00813493727034637,0.00813493727034637,0.0151266141385056,-0.00346284381280339,-0.00928982729543664,-0.00928982729543664,-0.00249841707997533,-7.17690807615221,27.3776449335758,3.1978747326641,6.39450005548068,3.1978747326641,6.39450005548068,-35.0787351217613,-2.58347879129852,1.73472347597681e-18,6.33387549016745e-19,-2.15474213938842e-19,0,0,0,0.000693404154477524,0.0151266557406844,0.00813472975173025,-0.00346283095456102,-0.00249839192021467,-0.00928959031609184,1.81872958235696e-12,4.30499400805887e-09,1.17505008097473e-11,2.1216199844791e-19,3.46944695195361e-18,2.11973071210252e-14
NC_k0041,0.0165413533834586,0.0165413533834586,0.301487833547896,-51.8496018626355,22.4790027699444,-48.1151128455921,10.0300232192809,52.344687391555,-22.0474201944587,47.1320031847954,-9.96094016504848,1,1120,-3.07820304313765,5.53427843318388,0.810504878715283,-1.0407073957093,2.45144569825195e-18,-3.91118125139163e-18,0,-4.52050896037779e-19,0.000579178915719563,-0.00015268823123856,1,-5.72539849271494e-20,-7.00991919233064e-20,1,0.000693404154477526,0.00813472975173026,0.00813472975173026,0.0151266557406844,-0.00346283095456102,-0.00928959031609184,-0.00928959031609184,-0.00249839192021467,1,0,-1.0842021724855e-19,1,0.000693546649895468,0.00813493727034637,0.00813493727034637,0.0151266141385056,-0.00346284381280339,-0.00928982729543664,-0.00928982729543664,-0.00249841707997533,-7.25083612323949,27.3797151467436,3.2308227914204,6.4234783620131,3.2308227914204,6.4234783620131,-35.1212710406489,-2.57216708019846,2.60208521396521e-18,8.33597634386686e-19,8.52090984425525e-20,0,0,0,0.000693404154477524,0.0151266557406844,0.00813472975173025,-0.00346283095456102,-0.00249839192021467,-0.00928959031609184,1.09279447670719e-12,5.48492990030071e-09,2.48844781407608e-12,7.00991919233064e-20,3.90312782094782e-18,2.61456105278834e-14
NC_k0042,-0.0191729323308271,-0.0191729323308271,0.577560443041615,42.6558127705905,32.2599975317469,64.4585695981461,24.0212262345838,-42.226577935204,-37.8709255163181,-60.8522258170968,-17.7185667814839,1,1120,9.2452403192574,11.7334778128459,6.92297698359405,-0.569905628316575,-1.83728063704358e-18,6.23365956597922e-18,0,-2.2961276489941e-18,0.00128918070429674,-2.61039748910985e-05,1,-7.56630860046074e-20,-1.09425479020324e-19,1,0.00978896359714778,0.00931601071912623,0.00931601071912623,-0.00341841517630104,-0.0020515195720058,0.0139864037805132,0.0139864037805132,-0.0024237059209812,1,3.3881317890172e-20,0,1,0.00978889968066459,0.0093162483724609,0.0093162483724609,-0.00341831063132028,-0.00205153621613268,0.013986760576528,0.013986760576528,-0.00242371781783322,10.8767162353454,31.0278272546032,4.80342871386202,-2.06961872466653,4.80342871386202,-2.06961872466653,52.7246809331737,-3.77194877224675,1.73472347597681e-18,2.73209772883502e-19,-2.55077087949607e-20,0,0,0,0.00978896359714778,-0.00341841517630104,0.00931601071912623,-0.0020515195720058,-0.00242370592098119,0.0139864037805132,2.7428479050431e-13,6.74228481889865e-09,6.73786672344155e-12,1.09425479020324e-19,3.46944695195361e-18,7.34304436040214e-14
NC_k0042,-0.0120300751879699,-0.0120300751879699,0.577179064874015,46.5519325472023,29.5916762704633,61.07376073075,24.422197312352,-45.873270803849,-33.4059724429865,-57.6846345284648,-19.8761751357258,1,1120,5.95802842353555,7.56089146740202,4.46124356400947,-0.369977331872539,-1.0918916434598e-18,-1.08650702854432e-17,0,-2.22709446379287e-18,0.00128724874614614,-2.57859425919411e-05,1,9.45406059075952e-20,-1.56258663857713e-19,1,0.00978896359714777,0.00931601071912623,0.00931601071912623,-0.00341841517630105,-0.0020515195720058,0.0139864037805132,0.0139864037805132,-0.0024237059209812,1,3.3881317890172e-20,0,1,0.00978889968066459,0.0093162483724609,0.0093162483724609,-0.00341831063132028,-0.00205153621613268,0.013986760576528,0.013986760576528,-0.00242371781783322,10.8859435133184,31.0382933576097,4.81359206794275,-2.03742771651239,4.81359206794275,-2.03742771651239,52.6328473788663,-3.73886485847767,2.16840434497101e-18,7.01303532594193e-19,-3.11131145748428e-19,0,0,0,0.00978896359714778,-0.00341841517630104,0.00931601071912623,-0.0020515195720058,-0.00242370592098119,0.0139864037805132,7.1398306115248e-13,5.91809506321991e-09,3.62273159696644e-12,1.56258663857713e-19,4.77048955893622e-18,3.36618289077778e-14
NC_k0042,-0.00488721804511278,-0.00488721804511278,0.577294449079573,51.0407266890185,27.3229618964516,57.1096025729675,25.236717582912,-49.6304223469143,-28.7436639199107,-54.4376502195389,-23.0655154186398,1,1120,2.44844922227861,3.10595504439959,1.83295340800381,-0.153288403537889,-1.70593759065996e-18,6.01151855811688e-18,0,-6.57161909448878e-19,0.00128641944037676,-2.54743747701563e-05,1,9.74014984970031e-20,1.41691286580846e-19,1,0.00978896359714777,0.00931601071912623,0.00931601071912623,-0.00341841517630105,-0.0020515195720058,0.0139864037805132,0.0139864037805132,-0.00242370592098119,1,3.3881317890172e-20,0,1,0.00978889968066459,0.0093162483724609,0.0093162483724609,-0.00341831063132028,-0.00205153621613268,0.013986760576528,0.013986760576528,-0.00242371781783322,10.9029977408832,31.0587840152596,4.81775158579062,-2.02327615195323,4.81775158579062,-2.02327615195323,52.6143435586805,-3.71904637234486,1.30104260698261e-18,9.81688510647716e-19,-6.71380920174309e-19,0,0,0,0.00978896359714778,-0.00341841517630104,0.00931601071912623,-0.0020515195720058,-0.00242370592098119,0.0139864037805132,4.73149157739953e-12,3.98545304833916e-09,4.83115906993795e-12,1.41691286580846e-19,3.46944695195361e-18,1.23273826713451e-13
NC_k0042,0.00225563909774436,0.00225563909774436,0.577328775543568,55.5302214043942,25.6785857316085,52.7175208939182,26.6402538165076,-53.1905065135353,-24.4659895361367,-50.9717073357811,-27.0994401399601,1,1120,-1.13188016965072,-1.43561348610235,-0.847272906398505,0.0710149736581434,-7.16854571173155e-19,5.412805230751e-19,0,2.01726190344532e-19,0.00128630584158714,-2.54169446153409e-05,1,7.46460751667674e-20,1.07008029612352e-19,1,0.00978896359714778,0.00931601071912623,0.00931601071912623,-0.00341841517630104,-0.0020515195720058,0.0139864037805132,0.0139864037805132,-0.0024237059209812,1,3.3881317890172e-20,0,1,0.00978889968066459,0.0093162483724609,0.0093162483724609,-0.00341831063132028,-0.00205153621613268,0.013986760576528,0.013986760576528,-0.00242371781783322,10.9063318970816,31.062691504286,4.81825002742036,-2.02128051419498,4.81825002742036,-2.02128051419498,52.613116293181,-3.71577307786539,1.30104260698261e-18,-6.43061573357478e-19,-8.760231913215e-20,0,0,0,0.00978896359714778,-0.00341841517630104,0.00931601071912623,-0.0020515195720058,-0.00242370592098119,0.0139864037805132,6.59507732802693e-12,3.91879635375246e-09,7.51514092198635e-12,1.07008029612352e-19,6.93889390390723e-18,3.61530444126941e-14
NC_k0042,0.0093984962406015,0.0093984962406015,0.577209936155422,59.6749279120822,24.6632617596456,48.1739460395052,28.6920634110913,-56.5069780246017,-20.9396662132605,-47.2681091157677,-31.6764070490283,1,1120,-4.68102288091437,-5.9393448451789,-3.50472134961088,0.291688779017367,-1.08084051047609e-18,-5.08477848703697e-18,0,-7.18737234247326e-20,0.00128683954732062,-2.56527363998013e-05,1,8.98282351681458e-20,-5.18110878515364e-20,1,0.00978896359714778,0.00931601071912623,0.00931601071912623,-0.00341841517630104,-0.0020515195720058,0.0139864037805132,0.0139864037805132,-0.0024237059209812,1,3.3881317890172e-20,0,1,0.00978889968066459,0.0093162483724609,0.0093162483724609,-0.00341831063132028,-0.00205153621613268,0.013986760576528,0.013986760576528,-0.00242371781783322,10.8929393852276,31.0468631111223,4.81571567822174,-2.03052054214309,4.81571567822174,-2.03052054214309,52.6218953073773,-3.72986418848587,2.16840434497101e-18,-2.1041507042054e-20,-1.13625057151046e-19,0,0,0,0.00978896359714778,-0.00341841517630104,0.00931601071912623,-0.0020515195720058,-0.00242370592098119,0.0139864037805132,2.48089315689183e-12,6.86897687911246e-09,6.84063456669519e-12,8.98282351681458e-20,5.20417042793042e-18,2.36581914958796e-14
NC_k0042,0.0165413533834586,0.0165413533834586,0.577288400056455,63.2819889752274,24.1343069456972,43.972030542826,31.2542306655542,-59.6829593684026,-18.3871249957148,-43.5244363931797,-36.2941717658143,1,1120,-8.07384443597162,-10.2477103954649,-6.04611309437409,0.498499233575489,-1.06243077876311e-18,4.43783722123679e-18,0,-2.51809329456658e-18,0.00128831091345955,-2.60126287026652e-05,1,-3.30990404135397e-20,1.43853819609546e-19,1,0.00978896359714778,0.00931601071912623,0.00931601071912623,-0.00341841517630104,-0.0020515195720058,0.0139864037805132,0.0139864037805132,-0.0024237059209812,1,3.3881317890172e-20,0,1,0.00978889968066459,0.0093162483724609,0.0093162483724609,-0.00341831063132028,-0.00205153621613268,0.013986760576528,0.013986760576528,-0.00242371781783322,10.8768029724865,31.0268870159489,4.80786719860331,-2.055178052053,4.80786719860331,-2.055178052053,52.6754937930114,-3.75830301532957,1.51788304147971e-18,1.26600597908511e-19,6.73354757175049e-21,0,0,0,0.00978896359714778,-0.00341841517630104,0.00931601071912623,-0.0020515195720058,-0.00242370592098119,0.0139864037805132,9.11236315211903e-13,5.07699994102331e-09,1.5125465137478e-11,1.43853819609546e-19,3.46944695195361e-18,5.36564087967343e-14
NC_k0043,-0.0191729323308271,-0.0191729323308271,0.056488299515623,-7.67740010874572,10.65963716134,-1.5152948466972,19.2702754077782,4.63414435075636,-14.2886702871094,5.69883721086835,-18.9030611381358,1,1120,0.518225507176176,0.171876104087939,0.227733531717156,0.333678490770822,1.88269616139519e-19,-8.99151943290042e-19,0,-6.51222752650748e-20,0.000679070447047669,-0.00198268354504634,1,-5.52700834891529e-20,1.6304393704634e-19,1,0.00349834465260774,0.00105725274737618,0.00105725274737618,0.00567869514329042,-0.0143226463588292,0.000335182333641107,0.000335182333641107,-0.0122125213151273,1,0,-4.33680868994202e-19,1,0.00349838782142399,0.00105727971810953,0.00105727971810953,0.00567871050151368,-0.0143227175160919,0.000335190884210844,0.000335190884210844,-0.0122126193872502,0.317462930158167,1.82888436588709,-2.30021789624733,2.23845411271432,-2.30021789624733,2.23845411271432,1.31070171383238,-5.36482196421021,3.03576608295941e-18,2.00529942294085e-19,-1.08587728074078e-18,0,0,0,0.00349834465260774,0.00567869514329042,0.00105725274737618,-0.0143226463588292,-0.0122125213151273,0.000335182333641108,3.91279723613844e-12,2.54434080958801e-09,1.41269018450619e-11,1.6304393704634e-19,5.20417042793042e-18,8.74850239914896e-13
NC_k0043,-0.0120300751879699,-0.0120300751879699,0.0565197082212417,-6.5199416174247,11.661468560554,-2.46201384837808,17.2782961088721,4.60054723556381,-14.667600644672,5.50154938143661,-17.5316342037853,1,1120,0.319775407644941,0.133390220074333,0.149544657147362,0.209484906600509,2.49864793272668e-19,7.0960516028474e-19,0,-1.29438876613523e-18,0.000678226161269007,-0.00198143002868182,1,-6.559349222614e-20,2.05563357301425e-19,1,0.00349834465260774,0.00105725274737618,0.00105725274737618,0.00567869514329042,-0.0143226463588292,0.000335182333641107,0.000335182333641107,-0.0122125213151273,1,0,-4.33680868994202e-19,1,0.00349838782142399,0.00105727971810953,0.00105727971810953,0.00567871050151368,-0.0143227175160919,0.000335190884210844,0.000335190884210844,-0.0122126193872502,0.338166600955366,1.86387262445496,-2.27722600263335,2.20504777327404,-2.27722600263335,2.20504777327404,1.25563967522613,-5.40394174460217,2.60208521396521e-18,6.50218855417173e-19,-2.27731181497735e-18,0,0,0,0.00349834465260774,0.00567869514329042,0.00105725274737618,-0.0143226463588292,-0.0122125213151273,0.000335182333641108,3.53085364197886e-11,2.77994953090499e-09,1.34215719143494e-11,2.05563357301425e-19,3.46944695195361e-18,2.69601728185382e-13
NC_k0043,-0.00488721804511278,-0.00488721804511278,0.0565727555103511,-5.28050665534385,13.039146861679,-3.58956040173542,15.3636181033726,4.780649049595,-15.2556809517458,5.19811197954288,-16.403820227397,1,1120,0.128079595385675,0.0594196385950706,0.0618747472136474,0.0850497164294436,-1.51671837117723e-20,4.21220220246703e-19,0,-8.57218849317278e-19,0.000677777007626573,-0.00198077041446839,1,-2.51774355177354e-20,1.24851578719256e-19,1,0.00349834465260774,0.00105725274737618,0.00105725274737618,0.00567869514329042,-0.0143226463588292,0.000335182333641107,0.000335182333641107,-0.0122125213151273,1,0,-4.33680868994202e-19,1,0.00349838782142399,0.00105727971810953,0.00105727971810953,0.00567871050151368,-0.0143227175160919,0.000335190884210844,0.000335190884210844,-0.0122126193872502,0.351285132745671,1.88082323431737,-2.26473445105669,2.18681120635466,-2.26473445105669,2.18681120635466,1.22802615318496,-5.43071049607658,2.60208521396521e-18,-7.01696358389636e-20,-6.87368958966548e-19,0,0,0,0.00349834465260774,0.00567869514329042,0.00105725274737618,-0.0143226463588292,-0.0122125213151273,0.000335182333641108,6.86361060119594e-11,2.13826492839166e-09,2.47985620180047e-12,1.24851578719256e-19,5.20417042793042e-18,4.58359262952231e-13
NC_k0043,0.00225563909774436,0.00225563909774436,0.0565825874748778,-4.03439657420482,14.6972592306933,-4.81720014483826,13.6215615784352,5.07796108097062,-16.0525123828871,4.88155562615721,-15.5233212078348,1,1120,-0.05896616132443,-0.0277812522886304,-0.0286266464923102,-0.0392518583521138,2.46827386063373e-19,-7.51622626679984e-19,0,8.79151543259122e-19,0.000677707853298651,-0.00198066962686044,1,-8.25124936860762e-20,3.27971690959534e-19,1,0.00349834465260774,0.00105725274737618,0.00105725274737618,0.00567869514329042,-0.0143226463588292,0.000335182333641107,0.000335182333641107,-0.0122125213151273,1,0,-4.33680868994202e-19,1,0.00349838782142399,0.00105727971810953,0.00105727971810953,0.00567871050151368,-0.0143227175160919,0.000335190884210844,0.000335190884210844,-0.0122126193872502,0.353431558635311,1.88328194193038,-2.26278905709615,2.18396931452808,-2.26278905709615,2.18396931452808,1.2238862856492,-5.4351191049621,3.46944695195361e-18,7.38292681296813e-19,-2.16468340500761e-18,0,0,0,0.00349834465260774,0.00567869514329042,0.00105725274737618,-0.0143226463588292,-0.0122125213151273,0.000335182333641108,2.01113344766601e-10,2.16206046293146e-09,2.89596252238946e-12,3.27971690959534e-19,3.46944695195361e-18,5.688946062164e-13
NC_k0043,0.0093984962406015,0.0093984962406015,0.0565422670557023,-2.86084837767892,16.5584458517103,-6.0687243588122,12.131312212227,5.39733890715663,-17.0866669700387,4.64702147700533,-14.8612683983571,1,1120,-0.248272621763269,-0.108999685050011,-0.117899861248382,-0.163620441907663,3.42925920907334e-19,8.22485535396177e-19,0,-1.63006693051537e-18,0.00067801534786914,-0.00198111981389203,1,-3.78961746129345e-20,2.87262179007824e-19,1,0.00349834465260774,0.00105725274737618,0.00105725274737618,0.00567869514329041,-0.0143226463588292,0.000335182333641107,0.000335182333641107,-0.0122125213151273,1,0,-4.33680868994202e-19,1,0.00349838782142399,0.00105727971810953,0.00105727971810953,0.00567871050151368,-0.0143227175160919,0.000335190884210844,0.000335190884210844,-0.0122126193872502,0.344153289276245,1.8720284977319,-2.2714062188189,2.1965501202527,-2.2714062188189,2.1965501202527,1.24254335508974,-5.41608065782693,2.60208521396521e-18,6.80866185386782e-19,-7.06318719053642e-19,0,0,0,0.00349834465260774,0.00567869514329042,0.00105725274737618,-0.0143226463588292,-0.0122125213151273,0.000335182333641108,4.59836400497573e-11,2.53881585759867e-09,8.55069968075898e-12,2.87262179007824e-19,5.20417042793042e-18,4.03014041831441e-13
NC_k0043,0.0165413533834586,0.0165413533834586,0.0564880593153146,-1.83768443216072,18.5346425624168,-7.26405690220729,10.9772903258854,5.64369856213681,-18.3731952930558,4.59127722525148,-14.3993978982708,1,1120,-0.444689726407773,-0.16334580004387,-0.200651723729038,-0.28804801858132,-1.05812943957783e-20,7.07947490337184e-19,0,-2.98196129283529e-19,0.000678713051509013,-0.00198215125883223,1,-8.39665643024114e-20,1.67932612642987e-19,1,0.00349834465260774,0.00105725274737618,0.00105725274737618,0.00567869514329042,-0.0143226463588292,0.000335182333641108,0.000335182333641108,-0.0122125213151273,1,0,-4.33680868994202e-19,1,0.00349838782142399,0.00105727971810953,0.00105727971810953,0.00567871050151368,-0.0143227175160919,0.000335190884210844,0.000335190884210844,-0.0122126193872502,0.325549399694623,1.84399789041899,-2.29052850089973,2.22442510879607,-2.29052850089973,2.22442510879607,1.2868998650026,-5.37924421046813,2.16840434497101e-18,5.14426037676703e-19,-1.01149187274565e-18,0,0,0,0.00349834465260774,0.00567869514329042,0.00105725274737618,-0.0143226463588292,-0.0122125213151273,0.000335182333641108,2.17061480117147e-11,1.4745074591034e-09,9.81316332396197e-12,1.67932612642987e-19,3.46944695195361e-18,2.52923940410032e-13
NC_k0044,-0.0191729323308271,-0.0191729323308271,0.500720805371486,-19.4387063704597,-9.38727276798845,-42.1108744517917,0.761361076141414,21.5075872164223,13.4056594571725,36.139413348747,-4.73096066924873,1,1120,-8.11638709296455,-11.5439228930636,-6.48790229538918,0.5856944434141,1.42564909445759e-18,-2.85344224106292e-20,0,8.01756389245598e-19,-0.00132210844921327,0.000503270602518007,1,7.36336775851147e-20,-2.85856906887029e-20,1,-0.00851380873607495,-0.00787971180468842,-0.00787971180468842,0.000459257358681303,0.00778578210790152,-0.0138707345613709,-0.0138707345613709,0.00349265014786155,1,-5.42101086242752e-20,0,1,-0.0085137771940443,-0.00787991281774467,-0.00787991281774467,0.000459174448338299,0.00778579069262198,-0.0138710884066403,-0.0138710884066403,0.00349271349191824,-7.3717017723087,-27.1502057918324,-0.337782641857705,-1.03880087408061,-0.337782641857705,-1.03880087408061,-51.0272670925898,0.857598251889668,1.51788304147971e-18,-4.65773307457873e-19,6.9320498539984e-19,0,0,0,-0.00851380873607495,0.000459257358681306,-0.00787971180468842,0.00778578210790153,0.00349265014786155,-0.0138707345613709,5.95354341440479e-13,5.41760698411543e-09,2.82678781994092e-12,7.36336775851147e-20,3.41523684332934e-18,5.63181408141361e-14
NC_k0044,-0.0120300751879699,-0.0120300751879699,0.500170352535051,-23.5286296652968,-6.36904174241369,-38.6137980914428,0.00976290504254806,24.5174915666127,9.2598120763214,33.7014407033387,-2.89331081448995,1,1120,-5.23876970906718,-7.4328610380827,-4.18163814655953,0.378854938297763,2.06583394901443e-19,-6.20478103643377e-19,0,1.01340874694077e-18,-0.00132016265369465,0.000502764383243713,1,-5.08586437599045e-21,1.27966812874201e-19,1,-0.00851380873607495,-0.00787971180468843,-0.00787971180468843,0.000459257358681306,0.00778578210790153,-0.0138707345613709,-0.0138707345613709,0.00349265014786155,1,-5.42101086242752e-20,0,1,-0.0085137771940443,-0.00787991281774467,-0.00787991281774467,0.000459174448338299,0.00778579069262198,-0.0138710884066403,-0.0138710884066403,0.00349271349191824,-7.38498254783618,-27.1615344926349,-0.377551654700455,-1.04416940747113,-0.377551654700455,-1.04416940747113,-50.9309832491494,0.845158159116758,1.73472347597681e-18,-1.75839944666049e-19,9.24518376607612e-19,0,0,0,-0.00851380873607495,0.000459257358681306,-0.00787971180468842,0.00778578210790153,0.00349265014786155,-0.0138707345613709,1.32888697298086e-12,4.9609946648058e-09,1.19991803482521e-12,1.27966812874201e-19,2.16840434497101e-18,5.32725549524379e-15
NC_k0044,-0.00488721804511278,-0.00488721804511278,0.50015496214432,-28.1855329339372,-3.7431202411979,-34.48865977874,-1.1636544430883,27.5130232403694,4.99520350789624,31.229369629422,-0.101497465965473,1,1120,-2.15462244783791,-3.05222422006176,-1.71825940040685,0.156575332147524,1.10689339104906e-18,2.13067829159369e-18,0,1.09233501226813e-18,-0.00131932493849397,0.000502382798947732,1,-8.76688223903534e-20,-2.29326275710781e-19,1,-0.00851380873607495,-0.00787971180468842,-0.00787971180468842,0.000459257358681303,0.00778578210790153,-0.0138707345613709,-0.0138707345613709,0.00349265014786156,1,-5.42101086242752e-20,0,1,-0.0085137771940443,-0.00787991281774467,-0.00787991281774467,0.000459174448338299,0.00778579069262198,-0.0138710884066403,-0.0138710884066403,0.00349271349191824,-7.40329663016161,-27.1807135210727,-0.397721741268225,-1.04403528022866,-0.397721741268225,-1.04403528022866,-50.9086033434212,0.837285107316145,3.46944695195361e-18,-2.343767399446e-19,1.82471805736273e-19,0,0,0,-0.00851380873607495,0.000459257358681306,-0.00787971180468842,0.00778578210790153,0.00349265014786155,-0.0138707345613709,3.80513536685572e-12,3.51288670400646e-09,1.10173628038657e-11,2.29326275710781e-19,6.93889390390723e-18,7.61377025659792e-14
NC_k0044,0.00225563909774436,0.00225563909774436,0.500167176959575,-32.8460862676789,-1.73870588877695,-29.9250698094171,-2.9280905160225,30.2752761230113,1.14366527857216,28.5615445821494,3.50711287668122,1,1120,0.996167484766107,1.41070666710248,0.794268470116674,-0.0724934003532518,-2.69594705243283e-20,8.93548290948362e-18,0,4.28261181620754e-19,-0.00131920958245899,0.000502316414652328,1,-1.00147378502393e-19,-2.37102536136102e-19,1,-0.00851380873607495,-0.00787971180468843,-0.00787971180468843,0.000459257358681301,0.00778578210790153,-0.0138707345613709,-0.0138707345613709,0.00349265014786155,1,-5.42101086242752e-20,0,1,-0.0085137771940443,-0.00787991281774467,-0.00787991281774467,0.000459174448338299,0.00778579069262198,-0.0138710884066403,-0.0138710884066403,0.00349271349191824,-7.40680222104071,-27.1843274592645,-0.400731789388998,-1.04381121522411,-0.400731789388998,-1.04381121522411,-50.9066958000186,0.835935910184216,2.60208521396521e-18,2.7579158373932e-21,5.34017946629717e-19,0,0,0,-0.00851380873607495,0.000459257358681306,-0.00787971180468842,0.00778578210790153,0.00349265014786155,-0.0138707345613709,3.18608183948277e-12,3.68953028689122e-09,1.47479215521554e-11,2.37102536136102e-19,4.98732999343332e-18,4.32842257098776e-14
NC_k0044,0.0093984962406015,0.0093984962406015,0.500142857225051,-37.1585692404009,-0.362719376317355,-25.2130138106168,-5.33799990646009,32.8047047333622,-1.9705102760633,25.6402028686608,7.67013162641303,1,1120,4.11750382584887,5.83773125805796,3.28522757768935,-0.298344678633608,1.29866032681845e-18,2.3990553869753e-18,0,1.13394881452444e-18,-0.00131974994162059,0.000502595997033323,1,-9.08648721612291e-20,1.39548118361091e-21,1,-0.00851380873607495,-0.00787971180468842,-0.00787971180468842,0.000459257358681303,0.00778578210790153,-0.0138707345613709,-0.0138707345613709,0.00349265014786156,1,-5.42101086242752e-20,0,1,-0.0085137771940443,-0.00787991281774467,-0.00787991281774467,0.000459174448338299,0.00778579069262198,-0.0138710884066403,-0.0138710884066403,0.00349271349191824,-7.39261229103331,-27.1696109144557,-0.387118897817697,-1.04440352078381,-0.387118897817697,-1.04440352078381,-50.9183417177913,0.841642982869634,2.60208521396521e-18,-4.12988306389531e-20,3.14626944547342e-19,0,0,0,-0.00851380873607495,0.000459257358681306,-0.00787971180468842,0.00778578210790153,0.00349265014786155,-0.0138707345613709,2.5332051158735e-12,5.82660980010486e-09,4.54943410485067e-12,9.08648721612291e-20,3.46944695195361e-18,5.9046994330543e-14
NC_k0044,0.0165413533834586,0.0165413533834586,0.500391599566996,-40.9027485655969,0.51980803264121,-20.8337174616926,-8.25494138882385,35.233304075685,-4.16655628157476,22.5936181272098,11.934129098357,1,1120,7.09272680882084,10.078642115405,5.66655174499459,-0.511635371831606,1.95519027027934e-19,1.47239075476725e-17,0,2.51984030002029e-19,-0.0013212315705612,0.000503088761352384,1,3.74431354575388e-20,-2.85339735427789e-19,1,-0.00851380873607495,-0.00787971180468842,-0.00787971180468842,0.000459257358681304,0.00778578210790153,-0.0138707345613709,-0.0138707345613709,0.00349265014786155,1,-5.42101086242752e-20,0,1,-0.0085137771940443,-0.00787991281774467,-0.00787991281774467,0.000459174448338299,0.00778579069262198,-0.0138710884066403,-0.0138710884066403,0.00349271349191824,-7.37389008400443,-27.1502774233595,-0.354799994449299,-1.04183027313827,-0.354799994449299,-1.04183027313827,-50.9766563945722,0.852494939036011,1.73472347597681e-18,7.40630165974839e-22,7.89034717098343e-19,0,0,0,-0.00851380873607495,0.000459257358681306,-0.00787971180468842,0.00778578210790153,0.00349265014786155,-0.0138707345613709,6.82791026513205e-13,4.62975479573076e-09,4.35673266360734e-12,2.85339735427789e-19,3.46944695195361e-18,8.49765301414705e-14
NC_k0045,-0.0191729323308271,-0.0191729323308271,0.515893333588348,-76.5830300021983,-42.3806318375124,-69.9505675454315,-60.2832526559392,68.6605538246416,45.9711277732419,78.5463028485545,59.6790576620528,1,1120,3.36906528207539,10.7220611495824,4.65007172244695,0.301226049300839,3.43392450772814e-19,-1.06278017985385e-17,0,-2.62970642897958e-19,-0.000160226887126109,0.00142607004113642,1,3.15705184626067e-20,-1.68761036543652e-19,1,-0.00654149191567826,0.00237477066938528,0.00237477066938528,-0.000361188515241835,0.00375017741096737,0.0144696732013101,0.0144696732013101,0.0113138683691724,1,-5.42101086242752e-20,0,1,-0.00654147451157632,0.0023748312502697,0.0023748312502697,-0.000361249941540405,0.00375027368465262,0.0144700423256265,0.0144700423256265,0.0113138681672076,-11.0621098918489,12.1044838216457,-3.55794875695119,11.6088079881576,-3.55794875695119,11.6088079881576,46.2732052239416,10.5295543959893,2.60208521396521e-18,-6.71717144069554e-19,3.6994686956566e-19,0,0,0,-0.00654149191567826,-0.000361188515241834,0.00237477066938528,0.00375017741096736,0.0113138683691724,0.0144696732013101,3.93307879698152e-13,5.62867387075371e-09,2.69003747041245e-12,1.68761036543652e-19,4.77048955893622e-18,9.21073066082162e-14
NC_k0045,-0.0120300751879699,-0.0120300751879699,0.51589301136102,-75.301776218364,-46.0507801756709,-70.4129324925832,-57.5315939351408,70.0361582185353,48.728919111264,76.3691568509805,57.8756507931505,1,1120,2.23515543474762,6.84260904637501,2.99566227877038,0.179932304886394,4.29703784609047e-18,4.10343787808366e-18,0,-3.1058315895651e-19,-0.000160330264284891,0.00142522747886258,1,1.46022353734217e-19,-3.7022773818492e-19,1,-0.00654149191567826,0.00237477066938528,0.00237477066938528,-0.000361188515241833,0.00375017741096736,0.0144696732013101,0.0144696732013101,0.0113138683691724,1,-5.42101086242752e-20,0,1,-0.00654147451157632,0.0023748312502697,0.0023748312502697,-0.000361249941540405,0.00375027368465262,0.0144700423256265,0.0144700423256265,0.0113138681672076,-11.0415975861112,12.0708877275468,-3.51447153811156,11.5508312077676,-3.51447153811156,11.5508312077676,46.279019335767,10.5897337627122,2.60208521396521e-18,-6.46680341819957e-19,9.67402423728846e-19,0,0,0,-0.00654149191567826,-0.000361188515241834,0.00237477066938528,0.00375017741096736,0.0113138683691724,0.0144696732013101,7.41395688386634e-13,4.71880034686626e-09,6.72423239913819e-12,3.7022773818492e-19,1.73472347597681e-18,5.16489892365637e-15
NC_k0045,-0.00488721804511278,-0.00488721804511278,0.516072767854397,-73.6495705387081,-49.8060361179561,-71.5086895660249,-54.5052691135242,71.6275977515367,51.7644731024434,74.2290902353563,55.5861587156482,1,1120,0.931751030180524,2.79646349902047,1.23031079463633,0.0703953989072807,4.59945507803986e-20,-7.89827783068093e-18,0,-6.4361930846016e-19,-0.000160168934839721,0.00142482651280509,1,3.49233518811578e-20,1.03943223756148e-19,1,-0.00654149191567826,0.00237477066938528,0.00237477066938528,-0.000361188515241834,0.00375017741096737,0.0144696732013101,0.0144696732013101,0.0113138683691724,1,-5.42101086242752e-20,0,1,-0.00654147451157632,0.0023748312502697,0.0023748312502697,-0.000361249941540405,0.00375027368465262,0.0144700423256265,0.0144700423256265,0.0113138681672076,-11.0279603852434,12.062665490651,-3.49190267662877,11.5177660511164,-3.49190267662877,11.5177660511164,46.3034795354885,10.6288523889016,4.33680868994202e-18,-3.28804594255111e-19,-3.151696255886e-19,0,0,0,-0.00654149191567826,-0.000361188515241834,0.00237477066938528,0.00375017741096736,0.0113138683691724,0.0144696732013101,4.31088969865419e-12,2.53980180085765e-09,7.82248053871174e-12,1.03943223756148e-19,7.37257477290143e-18,5.59335823129465e-14
NC_k0045,0.00225563909774436,0.00225563909774436,0.516107795197755,-72.0317780776121,-53.3042658698133,-73.0310685205095,-51.1334475846008,73.4825293598121,54.625835968925,72.2799603641051,52.8542663739092,1,1120,-0.431639780355112,-1.29156211592868,-0.568656625773638,-0.0322590852747362,6.02213955718206e-19,-1.23554313735821e-17,0,-8.02199758053926e-20,-0.000160131080263979,0.00142476810114548,1,2.99360939650844e-20,-8.05646239448139e-20,1,-0.00654149191567826,0.00237477066938528,0.00237477066938528,-0.000361188515241833,0.00375017741096737,0.0144696732013101,0.0144696732013101,0.0113138683691724,1,-5.42101086242752e-20,0,1,-0.00654147451157632,0.0023748312502697,0.0023748312502697,-0.000361249941540405,0.00375027368465262,0.0144700423256265,0.0144700423256265,0.0113138681672076,-11.025533159685,12.0619675680295,-3.48844930685047,11.5124369153844,-3.48844930685047,11.5124369153844,46.3082943086848,10.635212232766,2.60208521396521e-18,-6.95651131718595e-19,6.33092909763311e-19,0,0,0,-0.00654149191567826,-0.000361188515241834,0.00237477066938528,0.00375017741096736,0.0113138683691724,0.0144696732013101,4.23110875149865e-12,4.06483621090424e-09,2.59052679266625e-12,8.05646239448139e-20,5.20417042793042e-18,6.88366599353382e-15
NC_k0045,0.0093984962406015,0.0093984962406015,0.515966961005772,-70.7537884120097,-56.4543532986382,-74.7144704958748,-47.4503631675993,75.5675102861314,57.0890671673264,70.5945257428131,49.8449701836953,1,1120,-1.76808969897304,-5.36211263681586,-2.35296677081034,-0.138309133817245,6.63991112586116e-19,4.01926397895026e-18,0,-8.42711755734323e-19,-0.0001602741056175,0.00142503409120148,1,2.10058382804839e-20,-3.54932653899826e-19,1,-0.00654149191567826,0.00237477066938528,0.00237477066938528,-0.000361188515241834,0.00375017741096736,0.0144696732013101,0.0144696732013101,0.0113138683691724,1,-5.42101086242752e-20,0,1,-0.00654147451157632,0.0023748312502697,0.0023748312502697,-0.000361249941540405,0.00375027368465262,0.0144700423256265,0.0144700423256265,0.0113138681672076,-11.0356455222449,12.066230665263,-3.50386342371286,11.5356516296567,-3.50386342371286,11.5356516296567,46.2890409689794,10.6075944431546,2.60208521396521e-18,-3.98379337785536e-19,1.45762366115136e-18,0,0,0,-0.00654149191567826,-0.000361188515241834,0.00237477066938528,0.00375017741096736,0.0113138683691724,0.0144696732013101,9.76378400875621e-13,4.42170612932457e-09,2.34215805126454e-12,3.54932653899826e-19,3.46944695195361e-18,3.52884176311609e-14
NC_k0045,0.0165413533834586,0.0165413533834586,0.515821436628511,-70.0351350692988,-59.2934949461224,-76.1804252462648,-43.6865028981348,77.7501594192682,59.0674172124424,69.1439150889952,46.9129267461374,1,1120,-2.97945263806478,-9.32636177196214,-4.06091875530879,-0.255409702204696,-5.97641301292013e-19,5.37906949664863e-18,0,5.91401050750913e-20,-0.00016033717491462,0.00142570411723135,1,1.00327731487561e-19,1.22575565054818e-19,1,-0.00654149191567826,0.00237477066938528,0.00237477066938528,-0.000361188515241836,0.00375017741096737,0.0144696732013101,0.0144696732013101,0.0113138683691724,1,-5.42101086242752e-20,0,1,-0.00654147451157632,0.0023748312502697,0.0023748312502697,-0.000361249941540405,0.00375027368465262,0.0144700423256265,0.0144700423256265,0.0113138681672076,-11.0535630531532,12.0871825916154,-3.53933418878954,11.5844929498324,-3.53933418878954,11.5844929498324,46.2678835615579,10.5524681257611,2.16840434497101e-18,-8.24322804221362e-20,1.76267830336085e-19,0,0,0,-0.00654149191567826,-0.000361188515241834,0.00237477066938528,0.00375017741096736,0.0113138683691724,0.0144696732013101,4.92450402479197e-13,4.20535172123531e-09,2.45668390886915e-12,1.22575565054818e-19,5.20417042793042e-18,2.21691002769912e-14
NC_k0046,-0.0191729323308271,-0.0191729323308271,0.500346645854223,-135.82848396874,-49.8419133275478,-138.958987681466,-56.3769770978324,124.812054942582,56.0384340957063,150.726879259313,50.8557728427426,1,1120,-1.51394151380714,5.9712713161958,1.47091883478827,1.48605960734553,2.71493911929705e-18,-5.14022605785762e-18,0,3.16121960338165e-19,0.000505468877232255,0.000301718437630505,1,-3.04941877047418e-20,-8.03287672411879e-20,1,-0.00666227389545113,-0.00203310119108945,-0.00203310119108945,0.0148185363540504,-0.0028143569959596,0.00978930193875319,0.00978930193875319,0.00530476659841745,1,0,5.42101086242752e-20,1,-0.00666211089199782,-0.00203315305591575,-0.00203315305591575,0.014818425367577,-0.00281429727447749,0.00978955166584347,0.00978955166584347,0.00530472275964964,-20.3787135174118,-3.87706522029312,-6.8459638024276,21.0782961351368,-6.8459638024276,21.0782961351368,26.4574202201854,8.7026933764315,9.21571846612679e-19,-3.90896676701032e-19,-4.52074999058229e-19,0,0,0,-0.00666227389545113,0.0148185363540504,-0.00203310119108945,-0.0028143569959596,0.00530476659841745,0.00978930193875319,7.62451132815609e-13,7.76602508175337e-09,5.68625111422659e-12,8.03287672411879e-20,6.07153216591882e-18,3.37273970239006e-14
NC_k0046,-0.0120300751879699,-0.0120300751879699,0.498384193105499,-136.530337886926,-51.0783308493109,-137.94782314814,-55.4484602196425,129.330602017893,55.1843781410293,145.887209013675,52.0497589998621,1,1120,-0.915460780878843,3.78423651204744,0.946695991285651,0.928295745775699,8.1988818827276e-19,7.62158260705949e-18,0,8.01610805457788e-19,0.000505451718268455,0.000301828443147727,1,-5.48307969871243e-20,-1.80493820791347e-19,1,-0.00666227389545113,-0.00203310119108945,-0.00203310119108945,0.0148185363540504,-0.0028143569959596,0.00978930193875319,0.00978930193875319,0.00530476659841745,1,0,5.42101086242752e-20,1,-0.00666211089199782,-0.00203315305591575,-0.00203315305591575,0.014818425367577,-0.00281429727447749,0.00978955166584347,0.00978955166584347,0.00530472275964964,-20.3047700646628,-3.86226777873978,-6.78938882791399,20.9327344368709,-6.78938882791399,20.9327344368709,26.4796155656685,8.74732013737467,1.30104260698261e-18,8.43278042454627e-19,1.12537307569875e-19,0,0,0,-0.00666227389545113,0.0148185363540504,-0.00203310119108945,-0.0028143569959596,0.00530476659841745,0.00978930193875319,9.67218421980684e-13,4.38888930972411e-09,4.79427068272604e-12,1.80493820791347e-19,1.73472347597681e-18,3.3860203047672e-14
NC_k0046,-0.00488721804511278,-0.00488721804511278,0.497377271808443,-136.931180025277,-52.5140431063103,-137.386194706113,-54.3378452454347,134.13436584251,54.4134399115846,140.91478457427,53.1627474216681,1,1120,-0.364426984509938,1.54017582974654,0.387997118928072,0.374979595771608,3.52679372946069e-18,6.73800151162015e-18,0,1.80274419210827e-18,0.000505608436188978,0.000301863521253998,1,-6.56761223641819e-20,1.19457300551219e-19,1,-0.00666227389545112,-0.00203310119108945,-0.00203310119108945,0.0148185363540504,-0.0028143569959596,0.0097893019387532,0.0097893019387532,0.00530476659841745,1,0,5.42101086242752e-20,1,-0.00666211089199782,-0.00203315305591575,-0.00203315305591575,0.014818425367577,-0.00281429727447749,0.00978955166584347,0.00978955166584347,0.00530472275964964,-20.2654090166653,-3.85403208868779,-6.75873141696681,20.8539316569532,-6.75873141696681,20.8539316569532,26.5016144355129,8.77325120267658,1.73472347597681e-18,-1.01303559047247e-18,-1.85858044314419e-19,0,0,0,-0.00666227389545113,0.0148185363540504,-0.00203310119108945,-0.0028143569959596,0.00530476659841745,0.00978930193875319,2.99589035454735e-12,2.65179023279547e-09,1.49028859623668e-11,1.19457300551219e-19,9.54097911787244e-18,2.07590388910865e-14
NC_k0046,0.00225563909774436,0.00225563909774436,0.497220748974756,-137.245310688613,-53.8777976659113,-137.043743102129,-53.0330523166925,139.076569789339,53.5311054946684,135.943696973764,54.1065821126949,1,1120,0.167678443766699,-0.710876316495251,-0.179255298000417,-0.172883890496184,-7.84742938406607e-19,1.01531457107209e-18,0,-1.01897401810202e-18,0.000505641120612302,0.000301866752936968,1,-9.39342015818205e-20,5.64420307038259e-20,1,-0.00666227389545113,-0.00203310119108945,-0.00203310119108945,0.0148185363540504,-0.0028143569959596,0.00978930193875319,0.00978930193875319,0.00530476659841745,1,0,5.42101086242752e-20,1,-0.00666211089199782,-0.00203315305591575,-0.00203315305591575,0.014818425367577,-0.00281429727447749,0.00978955166584347,0.00978955166584347,0.00530472275964964,-20.2591376351734,-3.852712806647,-6.75393458199984,20.8415627969071,-6.75393458199984,20.8415627969071,26.5054634490124,8.77727832587435,1.51788304147971e-18,5.7698263246596e-19,4.87190903838267e-19,0,0,0,-0.00666227389545113,0.0148185363540504,-0.00203310119108945,-0.0028143569959596,0.00530476659841745,0.00978930193875319,8.10424215092291e-12,3.72857165187634e-09,5.89223996702051e-12,9.39342015818205e-20,3.46944695195361e-18,2.56778600038622e-15
NC_k0046,0.0093984962406015,0.0093984962406015,0.497913994719598,-137.702669944208,-55.0631953631436,-136.704562410015,-51.6038634498756,144.063980387326,52.4769907499858,131.078857265663,54.9046568333342,1,1120,0.70844127139505,-2.95980670560907,-0.742950593290647,-0.723570893493239,2.7656949216833e-18,-2.85819356650143e-18,0,8.70240326520088e-19,0.000505511897945549,0.000301846302516594,1,-1.41843169917202e-19,-3.27876614139217e-20,1,-0.00666227389545113,-0.00203310119108945,-0.00203310119108945,0.0148185363540503,-0.00281435699595961,0.00978930193875319,0.00978930193875319,0.00530476659841745,1,0,5.42101086242752e-20,1,-0.00666211089199782,-0.00203315305591575,-0.00203315305591575,0.014818425367577,-0.00281429727447749,0.00978955166584347,0.00978955166584347,0.00530472275964964,-20.2865726912061,-3.85850002017365,-6.77512017709852,20.8960997099016,-6.77512017709852,20.8960997099016,26.4893215281427,8.75941332713923,1.0842021724855e-18,9.89550633924846e-19,3.353765523714e-19,0,0,0,-0.00666227389545113,0.0148185363540504,-0.00203310119108945,-0.0028143569959596,0.00530476659841745,0.00978930193875319,1.0136698102823e-12,4.11612960470817e-09,7.36025649688668e-12,1.41843169917202e-19,5.20417042793042e-18,1.97332749674286e-14
NC_k0046,0.0165413533834586,0.0165413533834586,0.499488246582186,-138.515980078045,-56.0508521743114,-136.128430426923,-50.2473315256768,148.966307233437,51.2917125133814,126.424031629073,55.694628959158,1,1120,1.28638960967091,-5.17951203498979,-1.28473040035525,-1.28100280446755,3.90407411556858e-18,1.02967442650601e-20,0,-8.1209283818006e-20,0.000505404175577239,0.000301776853543036,1,2.67423532103921e-20,1.21398953425948e-19,1,-0.00666227389545113,-0.00203310119108945,-0.00203310119108945,0.0148185363540504,-0.0028143569959596,0.00978930193875319,0.00978930193875319,0.00530476659841745,1,0,5.42101086242752e-20,1,-0.00666211089199782,-0.00203315305591575,-0.00203315305591575,0.014818425367577,-0.00281429727447749,0.00978955166584347,0.00978955166584347,0.00530472275964964,-20.3465699148209,-3.87075661454371,-6.82204432136714,21.0164661787701,-6.82204432136714,21.0164661787701,26.4628229429657,8.72055208911025,1.30104260698261e-18,7.44633076135196e-19,2.4556029291171e-19,0,0,0,-0.00666227389545113,0.0148185363540504,-0.00203310119108945,-0.0028143569959596,0.00530476659841745,0.00978930193875319,1.28450758535245e-12,5.22190373869103e-09,1.30934626812759e-11,1.21398953425948e-19,1.73472347597681e-18,1.0557924842185e-14
NC_k0047,-0.0191729323308271,-0.0191729323308271,0.550666333031446,-6.17072948400244,72.9484562514908,-1.21815175344728,83.0678100358676,3.5506461692045,-82.4419169899818,3.91003599317584,-71.1906309074168,1,1120,9.64419182722747,6.58228187734012,5.3547363225074,1.33358302339114,-2.26899612490236e-18,3.66952539851794e-18,0,-1.00537516883165e-18,-0.000452926405111614,0.00099519064219037,1,9.42715403276177e-21,-1.72820935795904e-19,1,-0.00322042004354662,0.0129470972600951,0.0129470972600951,-0.00756834716060175,0.00988741323463333,0.00818138711367098,0.00818138711367098,-0.000160165418325986,1,2.16840434497101e-19,0,1,-0.00322048217563029,0.0129474275431885,0.0129474275431885,-0.00756835383443137,0.00988738017369746,0.00818159582252592,0.00818159582252592,-0.00016007032137088,-0.790271309131279,41.3584631386822,14.4688175107129,0.504940183834776,14.4688175107129,0.504940183834776,28.237690672408,-9.95358218829998,2.60208521396521e-18,-4.74426388992451e-19,8.4785605390317e-19,0,0,0,-0.00322042004354662,-0.00756834716060175,0.0129470972600951,0.00988741323463333,-0.000160165418325989,0.00818138711367098,3.77403853960615e-13,5.89292484439002e-09,7.25160701957307e-12,1.72820935795904e-19,3.46944695195361e-18,1.93549893957161e-14
NC_k0047,-0.0120300751879699,-0.0120300751879699,0.549384266031191,-4.75237812814231,74.0669516736622,-0.909079730659923,80.6755446364178,2.76671633904422,-80.2039408055609,3.00460576898463,-72.14688161193,1,1120,6.19901559829811,4.26005919565397,3.45149468200415,0.826120121197021,-7.06187249993671e-19,-1.86296624942458e-18,0,1.56730211999607e-18,-0.000452602975272363,0.00099435892284945,1,2.74738395748425e-19,-2.63792003983704e-19,1,-0.00322042004354662,0.0129470972600951,0.0129470972600951,-0.00756834716060175,0.00988741323463333,0.00818138711367099,0.00818138711367099,-0.000160165418325994,1,2.16840434497101e-19,0,1,-0.00322048217563029,0.0129474275431885,0.0129474275431885,-0.00756835383443137,0.00988738017369746,0.00818159582252592,0.00818159582252592,-0.00016007032137088,-0.749747386582523,41.3245224604409,14.3777633396825,0.52738541472923,14.3777633396825,0.52738541472923,28.2480082417915,-9.8712437179983,2.81892564846231e-18,-7.01192553621225e-19,1.6549207453966e-18,0,0,0,-0.00322042004354662,-0.00756834716060175,0.0129470972600951,0.00988741323463333,-0.000160165418325989,0.00818138711367098,1.16659986140199e-12,5.41563366937211e-09,4.39061869934034e-12,2.74738395748425e-19,6.93889390390723e-18,5.15316671379413e-14
NC_k0047,-0.00488721804511278,-0.00488721804511278,0.548864533810204,-3.10249892933699,75.5693039491155,-1.38525458592629,78.3151926517495,2.25384724803817,-77.4878151877427,2.36425157916411,-74.0031656948792,1,1120,2.54237306132343,1.75298950301366,1.41746964623123,0.331922015121824,-7.79230606804554e-19,-5.20338956943217e-18,0,-2.22713416846227e-18,-0.000452316086817706,0.000994116500035805,1,2.21664268967184e-19,-4.30690613755997e-21,1,-0.00322042004354662,0.0129470972600951,0.0129470972600951,-0.00756834716060175,0.00988741323463333,0.00818138711367098,0.00818138711367098,-0.000160165418325987,1,2.16840434497101e-19,0,1,-0.00322048217563029,0.0129474275431885,0.0129474275431885,-0.00756835383443137,0.00988738017369746,0.00818159582252592,0.00818159582252592,-0.00016007032137088,-0.726207648369366,41.3269942748329,14.3270993937128,0.538311569370942,14.3270993937128,0.538311569370942,28.2678574334715,-9.82213374428657,2.16840434497101e-18,-5.72868394608585e-20,8.06572060587206e-19,0,0,0,-0.00322042004354662,-0.00756834716060175,0.0129470972600951,0.00988741323463333,-0.000160165418325989,0.00818138711367098,1.66570153277417e-12,2.15085178128161e-09,2.23406605439003e-13,2.21664268967184e-19,2.60208521396521e-18,5.25918452771368e-15
NC_k0047,0.00225563909774436,0.00225563909774436,0.548791097845416,-1.74362186481875,77.505133043392,-2.54779011720372,76.2336293041044,2.23810487050809,-74.8604564725013,2.18608883078069,-76.4839073889172,1,1120,-1.17487783720981,-0.810443355681718,-0.655155993654211,-0.15282287877712,-3.71185719354595e-19,1.81283579558141e-18,0,-6.22782959702194e-18,-0.000452264685173579,0.000994091525592385,1,1.72385080162118e-19,-2.46260593052746e-20,1,-0.00322042004354662,0.0129470972600951,0.0129470972600951,-0.00756834716060175,0.00988741323463333,0.00818138711367098,0.00818138711367098,-0.000160165418325988,1,2.16840434497101e-19,0,1,-0.00322048217563029,0.0129474275431885,0.0129474275431885,-0.00756835383443137,0.00988738017369746,0.00818159582252592,0.00818159582252592,-0.00016007032137088,-0.722433892767202,41.3284356033814,14.3190509426079,0.539914763891445,14.3190509426079,0.539914763891445,28.2716104227322,-9.81411278361061,2.16840434497101e-18,-1.28990089058626e-18,6.06181642743685e-19,0,0,0,-0.00322042004354662,-0.00756834716060175,0.0129470972600951,0.00988741323463333,-0.000160165418325989,0.00818138711367098,4.60221119069376e-12,4.6529871815752e-09,6.7948020751621e-12,1.72385080162118e-19,5.20417042793042e-18,2.42764074486766e-15
NC_k0047,0.0093984962406015,0.0093984962406015,0.549131393909933,-0.99495936502113,79.7879128713273,-4.13965089976707,74.5711420908998,2.72489897055688,-72.7399581127491,2.52876250737937,-79.2271714691245,1,1120,-4.86604312109912,-3.34925097626367,-2.71104705212974,-0.642329066017614,-1.21641872159598e-18,-6.72064395364634e-18,0,4.8746679940036e-18,-0.000452479438616361,0.000994227796261359,1,2.63474158267508e-19,-2.8138512181887e-19,1,-0.00322042004354662,0.0129470972600951,0.0129470972600951,-0.00756834716060175,0.00988741323463333,0.00818138711367098,0.00818138711367098,-0.000160165418325987,1,2.16840434497101e-19,0,1,-0.00322048217563029,0.0129474275431885,0.0129474275431885,-0.00756835383443137,0.00988738017369746,0.00818159582252592,0.00818159582252592,-0.00016007032137088,-0.738938406562648,41.3242232541526,14.3543511812813,0.532620784199779,14.3543511812813,0.532620784199779,28.2563105558629,-9.84884554525228,1.73472347597681e-18,-6.53913285513885e-19,2.82756979899548e-19,0,0,0,-0.00322042004354662,-0.00756834716060175,0.0129470972600951,0.00988741323463333,-0.000160165418325989,0.00818138711367098,1.90812472649191e-12,4.88456607040191e-09,5.57752413605741e-12,2.8138512181887e-19,2.24971950790742e-18,6.59100372045319e-14
NC_k0047,0.0165413533834586,0.0165413533834586,0.550057930953499,-1.01505227074502,82.1992430632446,-5.71598614992732,73.3211053821612,3.56239317587185,-71.4226241526159,3.25399973394343,-81.712050828921,1,1120,-8.41489616571807,-5.76046289089347,-4.67786848868174,-1.14591295089033,-4.97393628495486e-19,-1.51554046598496e-18,0,-4.04824838761412e-18,-0.000452822524248374,0.000994775763500134,1,1.93419261925987e-19,3.27464588223449e-20,1,-0.00322042004354662,0.0129470972600951,0.0129470972600951,-0.00756834716060175,0.00988741323463334,0.00818138711367098,0.00818138711367098,-0.000160165418325986,1,2.16840434497101e-19,0,1,-0.00322048217563029,0.0129474275431885,0.0129474275431885,-0.00756835383443137,0.00988738017369746,0.00818159582252592,0.00818159582252592,-0.00016007032137088,-0.773483285885585,41.3367411100677,14.4304533337589,0.514588803630026,14.4304533337589,0.514588803630026,28.2369603020399,-9.91979771052045,1.73472347597681e-18,-6.03317671894208e-19,-2.91654446247292e-19,0,0,0,-0.00322042004354662,-0.00756834716060175,0.0129470972600951,0.00988741323463333,-0.000160165418325989,0.00818138711367098,4.04250186866233e-13,4.16643513797261e-09,1.54091583203263e-11,1.93419261925987e-19,6.93889390390723e-18,7.69000769880625e-14
NC_k0048,-0.0191729323308271,-0.0191729323308271,0.484210733521973,-76.2974168914388,45.2916240854807,-76.3205388755089,68.3843865637419,67.3310332748136,-54.4267197051594,82.9870894517806,-59.0965208149639,1,1120,8.29579632475025,-1.08546529813877,2.37940923878179,2.27340123350921,-2.95526486574575e-18,2.33291402519556e-19,0,-6.75784061143162e-18,-0.000885998065469937,-0.000581959837701105,1,2.10416302761462e-19,1.37260334385446e-19,1,-0.00959817720777239,0.0143184260441408,0.0143184260441408,0.00264488798011918,-0.00547214519221274,-0.00197937105098254,-0.00197937105098254,-0.00787400499854834,1,2.71050543121376e-20,0,1,-0.00959812129947792,0.0143187913101114,0.0143187913101114,0.00264478772686789,-0.00547220306807308,-0.001979421545142,-0.001979421545142,-0.00787403223844176,-13.0698853731504,46.5735311811901,8.53745308459727,7.50914505115263,8.53745308459727,7.50914505115263,-11.6756079866047,-9.20525117951367,2.16840434497101e-18,-1.55343222804932e-18,-2.28173647879661e-19,0,0,0,-0.00959817720777239,0.00264488798011918,0.0143184260441408,-0.00547214519221274,-0.00787400499854834,-0.00197937105098254,7.07744406153129e-13,5.79196495894029e-09,1.99550593219513e-12,2.10416302761462e-19,5.20417042793042e-18,3.8978465597709e-15
NC_k0048,-0.0120300751879699,-0.0120300751879699,0.482949961023311,-75.1690403387221,49.2237754992313,-74.5923888096791,64.1966292555565,68.634994773428,-55.4988036717408,78.8340188190981,-57.7839295992369,1,1120,5.29798561287795,-0.63982685717895,1.53719238938065,1.42147778047051,1.7955113248321e-19,-4.25746552558593e-18,0,3.9792681419721e-19,-0.000884393575199888,-0.000582764376443879,1,2.91116104029512e-19,1.65619624880675e-19,1,-0.00959817720777239,0.0143184260441408,0.0143184260441408,0.00264488798011918,-0.00547214519221274,-0.00197937105098254,-0.00197937105098254,-0.00787400499854834,1,2.71050543121376e-20,0,1,-0.00959812129947792,0.0143187913101114,0.0143187913101114,0.00264478772686789,-0.00547220306807308,-0.001979421545142,-0.001979421545142,-0.00787403223844176,-12.9821490528041,46.5210093402104,8.45945379863237,7.46921515759933,8.45945379863237,7.46921515759933,-11.6223153181223,-9.19187270746973,1.73472347597681e-18,-1.27595710791953e-18,-1.04032416040671e-18,0,0,0,-0.00959817720777239,0.00264488798011918,0.0143184260441408,-0.00547214519221274,-0.00787400499854834,-0.00197937105098254,8.79798604068734e-13,4.37819616862453e-09,6.52689506893416e-12,2.91116104029512e-19,6.93889390390723e-18,6.09191687068934e-15
NC_k0048,-0.00488721804511278,-0.00488721804511278,0.482459570827488,-74.2280736902027,53.5159863769617,-73.8618234745803,59.6975370930418,70.7878349549976,-56.1525423489858,75.0152380438071,-56.9312459622243,1,1120,2.16397202361194,-0.250981063910741,0.631287016701413,0.574852029709567,-6.60606289519549e-19,2.65100136666915e-18,0,6.68031062697825e-20,-0.000883565700938115,-0.000583007049120246,1,2.88801490240538e-19,4.77060739674995e-20,1,-0.00959817720777239,0.0143184260441408,0.0143184260441408,0.00264488798011918,-0.00547214519221274,-0.00197937105098254,-0.00197937105098254,-0.00787400499854834,1,2.71050543121376e-20,0,1,-0.00959812129947792,0.0143187913101114,0.0143187913101114,0.00264478772686789,-0.00547220306807308,-0.001979421545142,-0.001979421545142,-0.00787403223844176,-12.9424520631289,46.5155470379794,8.41537444173894,7.44906679238628,8.41537444173894,7.44906679238628,-11.6025621375501,-9.18182688882607,1.73472347597681e-18,-1.21211949147284e-18,-4.10357089809639e-19,0,0,0,-0.00959817720777239,0.00264488798011918,0.0143184260441408,-0.00547214519221274,-0.00787400499854834,-0.00197937105098254,3.73894498093183e-12,2.84592058840944e-09,1.0675869772077e-11,2.88801490240538e-19,6.93889390390723e-18,1.84439030344211e-13
NC_k0048,0.00225563909774436,0.00225563909774436,0.482392187422535,-73.8219375672019,58.017448916871,-74.0006830846486,55.1578463841275,73.7462039209872,-56.6976188831989,71.7893987861606,-56.3489224477927,1,1120,-0.999308073074908,0.115175873474196,-0.291763625868231,-0.265040107680052,-3.94399716065284e-19,1.48102387338434e-18,0,-3.45450476136846e-19,-0.000883442038758139,-0.000583033101632047,1,2.59860528920177e-20,1.47289058239491e-19,1,-0.00959817720777239,0.0143184260441408,0.0143184260441408,0.00264488798011918,-0.00547214519221274,-0.00197937105098254,-0.00197937105098254,-0.00787400499854834,1,2.71050543121376e-20,0,1,-0.00959812129947792,0.0143187913101114,0.0143187913101114,0.00264478772686789,-0.00547220306807308,-0.001979421545142,-0.001979421545142,-0.00787403223844176,-12.9366846459611,46.5158519076623,8.40836769457758,7.44598449002103,8.40836769457758,7.44598449002103,-11.60005488268,-9.17994988121422,1.73472347597681e-18,-7.44403194134315e-19,-1.06001411221397e-18,0,0,0,-0.00959817720777239,0.00264488798011918,0.0143184260441408,-0.00547214519221274,-0.00787400499854834,-0.00197937105098254,9.98320521431447e-12,4.8323555758928e-09,3.28387891881217e-12,1.47289058239491e-19,3.46944695195361e-18,2.89988322261611e-14
NC_k0048,0.0093984962406015,0.0093984962406015,0.482708868794204,-74.2117400741962,62.5598915789395,-74.780727643236,50.7727084244592,77.3730805947876,-57.4249315787857,69.329689845547,-55.7735109815305,1,1120,-4.15101703399818,0.491801923473954,-1.20754098647301,-1.10845904486741,1.29333659239606e-18,1.05672984998139e-18,0,2.15688999084427e-18,-0.000884001667858391,-0.000582894927270117,1,2.6484573160992e-19,1.72038085043206e-19,1,-0.00959817720777239,0.0143184260441408,0.0143184260441408,0.00264488798011918,-0.00547214519221274,-0.00197937105098254,-0.00197937105098254,-0.00787400499854834,1,2.71050543121376e-20,0,1,-0.00959812129947792,0.0143187913101114,0.0143187913101114,0.00264478772686789,-0.00547220306807308,-0.001979421545142,-0.001979421545142,-0.00787403223844176,-12.9630490596534,46.5168691618593,8.43910852851444,7.45972774311968,8.43910852851444,7.45972774311968,-11.6123255928086,-9.18761727394822,2.60208521396521e-18,-1.07422169211746e-18,-5.76124490236918e-19,0,0,0,-0.00959817720777239,0.00264488798011918,0.0143184260441408,-0.00547214519221274,-0.00787400499854834,-0.00197937105098254,2.50062601671316e-12,4.14877649684201e-09,1.44825271340289e-12,2.6484573160992e-19,3.46944695195361e-18,2.24248510642348e-14
NC_k0048,0.0165413533834586,0.0165413533834586,0.483606578364386,-75.564559266582,66.8958838796927,-75.8819337261104,46.6845735582579,81.436898627643,-58.5500119591231,67.7127379937777,-54.8848336682516,1,1120,-7.22033612502381,0.912857408207116,-2.0814679765495,-1.96018673380078,7.0897319429675e-19,-1.38962703314213e-18,0,6.95491473801116e-18,-0.000885317571548015,-0.000582355407641181,1,2.20457621709695e-19,6.91287829873696e-20,1,-0.00959817720777239,0.0143184260441408,0.0143184260441408,0.00264488798011918,-0.00547214519221274,-0.00197937105098254,-0.00197937105098254,-0.00787400499854834,1,2.71050543121376e-20,0,1,-0.00959812129947792,0.0143187913101114,0.0143187913101114,0.00264478772686789,-0.00547220306807308,-0.001979421545142,-0.001979421545142,-0.00787403223844176,-13.0301743227999,46.5431753440326,8.50488450027973,7.49167154780762,8.50488450027973,7.49167154780762,-11.6503700206492,-9.19981432725326,1.73472347597681e-18,-1.73065741307089e-19,-3.93831208361185e-19,0,0,0,-0.00959817720777239,0.00264488798011918,0.0143184260441408,-0.00547214519221274,-0.00787400499854834,-0.00197937105098254,8.68670633432135e-13,3.74818436638174e-09,8.84089895468493e-13,2.20457621709695e-19,3.46944695195361e-18,4.01750178764132e-15
NC_k0049,-0.0191729323308271,-0.0191729323308271,0.24366918813125,44.7652976373054,-24.9554903501672,68.4688500130431,-38.2801999818548,-46.0017526453268,21.0125192151732,-66.9534542577575,42.767503586756,1,1120,8.85732491068773,5.15440121914205,4.62386962284379,-1.6987553283622,-4.26538660713174e-18,-1.84467894044226e-18,0,1.37474109083863e-18,-0.000345533661593528,-0.000480093133899773,1,8.3386577060912e-20,1.20703226328579e-19,1,0.00157454726667927,0.00976867116296737,0.00976867116296737,-0.0112931204706938,-0.0126793367371587,0.00350337763604774,0.00350337763604774,-0.00123290700954228,1,0,0,1,0.00157443421212353,0.00976892036376234,0.00976892036376234,-0.0112930693968345,-0.0126793080999912,0.00350346700792621,0.00350346700792621,-0.00123302437275402,8.72118123616107,35.9257788838131,-3.96217342344728,-8.0463782068911,-3.96217342344728,-8.0463782068911,15.5300590857948,4.83418304856582,2.16840434497101e-18,-3.64320772564353e-19,-9.61964532847949e-19,0,0,0,0.00157454726667927,-0.0112931204706938,0.00976867116296737,-0.0126793367371587,-0.00123290700954228,0.00350337763604774,5.21812002847219e-13,4.91428674991307e-09,2.22365314444585e-13,1.20703226328579e-19,2.81892564846231e-18,3.73614278922397e-14
NC_k0049,-0.0120300751879699,-0.0120300751879699,0.242880312978665,49.7991421397119,-28.053303940941,65.1363991136793,-36.236472869063,-50.7781523835143,25.3313254056768,-63.859972649791,39.5106263529761,1,1120,5.68745966392556,3.35252592291359,2.98319524365694,-1.0722162282481,-1.00168925202211e-18,2.6706088559091e-18,0,-2.1073782680993e-18,-0.000345859955255288,-0.000480895189160591,1,2.9486810720297e-19,2.96330821850003e-20,1,0.00157454726667927,0.00976867116296737,0.00976867116296737,-0.0112931204706938,-0.0126793367371586,0.00350337763604774,0.00350337763604774,-0.00123290700954228,1,0,0,1,0.00157443421212353,0.00976892036376234,0.00976892036376234,-0.0112930693968345,-0.0126793080999912,0.00350346700792621,0.00350346700792621,-0.00123302437275402,8.68260574018281,35.8545003068625,-3.92161674952545,-7.97016362008616,-3.92161674952545,-7.97016362008616,15.4779033723341,4.77437009741688,1.73472347597681e-18,-1.11524410973934e-18,-1.12320414119601e-18,0,0,0,0.00157454726667927,-0.0112931204706938,0.00976867116296737,-0.0126793367371587,-0.00123290700954228,0.00350337763604774,1.13508055002794e-12,6.11699906218842e-09,2.09826572548993e-12,2.9486810720297e-19,3.46944695195361e-18,1.39417649111979e-14
NC_k0049,-0.00488721804511278,-0.00488721804511278,0.242574605480035,54.8394187622134,-30.8455178812389,61.1630721397428,-34.1218489097118,-55.2051955107685,29.8261057160426,-60.4903421067288,35.6966214249558,1,1120,2.33307888180921,1.38514603617743,1.22701422293559,-0.436052730699117,-1.41531926296803e-18,6.24574302036739e-19,0,4.11889622937105e-19,-0.000346003777591792,-0.000481207736600336,1,2.5120683757209e-19,1.64622190149721e-19,1,0.00157454726667927,0.00976867116296737,0.00976867116296737,-0.0112931204706938,-0.0126793367371586,0.00350337763604774,0.00350337763604774,-0.00123290700954228,1,0,0,1,0.00157443421212353,0.00976892036376234,0.00976892036376234,-0.0112930693968345,-0.0126793080999912,0.00350346700792621,0.00350346700792621,-0.00123302437275402,8.66469515640006,35.8353946448367,-3.90212876322595,-7.93049343242824,-3.90212876322595,-7.93049343242824,15.4593855186109,4.74675809270357,1.73472347597681e-18,-2.51513825473572e-19,-1.07121372518631e-18,0,0,0,0.00157454726667927,-0.0112931204706938,0.00976867116296737,-0.0126793367371587,-0.00123290700954228,0.00350337763604774,3.22791308157564e-12,4.21164266575388e-09,6.11450932713092e-12,2.5120683757209e-19,1.73472347597681e-18,5.89267018027794e-14
NC_k0049,0.00225563909774436,0.00225563909774436,0.242533393508005,59.5505518422369,-33.2938921309456,56.6255206175559,-31.7852678127499,-59.152373845393,34.176130727731,-56.7155138702905,31.4589918388927,1,1120,-1.07822347963084,-0.640848146634426,-0.567293636667547,0.201274550020249,4.04028098395401e-19,-1.80697273939964e-18,0,-2.49394292940248e-18,-0.000346023319623777,-0.000481246772878008,1,2.56657610762242e-19,1.96695255627254e-19,1,0.00157454726667927,0.00976867116296737,0.00976867116296737,-0.0112931204706938,-0.0126793367371586,0.00350337763604774,0.00350337763604774,-0.00123290700954228,1,0,0,1,0.00157443421212353,0.00976892036376234,0.00976892036376234,-0.0112930693968345,-0.0126793080999912,0.00350346700792621,0.00350346700792621,-0.00123302437275402,8.66205080432123,35.8334491183321,-3.89924881969129,-7.92439308826912,-3.89924881969129,-7.92439308826912,15.4570332466959,4.74279353500045,1.51788304147971e-18,-1.11849889613329e-18,-1.22597781354917e-18,0,0,0,0.00157454726667927,-0.0112931204706938,0.00976867116296737,-0.0126793367371587,-0.00123290700954228,0.00350337763604774,6.48872201955364e-12,4.79045245954124e-09,4.22770703282489e-12,2.56657610762242e-19,3.46944695195361e-18,5.72201114538745e-15
NC_k0049,0.0093984962406015,0.0093984962406015,0.242728845558477,63.7449755921108,-35.4741037526192,51.6775498506756,-29.1227790455183,-62.6584499032004,38.1641900711384,-52.4622659334612,26.986238601565,1,1120,-4.46464303145945,-2.64049811414178,-2.34469657804843,0.838244889686123,-1.56239197587996e-18,1.7770999387579e-18,0,-1.72149520362086e-18,-0.000345931888814593,-0.00048105361843302,1,1.27527000801175e-19,2.19530232130493e-19,1,0.00157454726667926,0.00976867116296737,0.00976867116296737,-0.0112931204706938,-0.0126793367371587,0.00350337763604774,0.00350337763604774,-0.00123290700954228,1,0,0,1,0.00157443421212353,0.00976892036376234,0.00976892036376234,-0.0112930693968345,-0.0126793080999912,0.00350346700792621,0.00350346700792621,-0.00123302437275402,8.67404551150269,35.8441691983274,-3.91231583390349,-7.95154748538724,-3.91231583390349,-7.95154748538724,15.4685151317882,4.76103288769533,1.73472347597681e-18,1.46430398468389e-19,-6.31273559534498e-19,0,0,0,0.00157454726667927,-0.0112931204706938,0.00976867116296737,-0.0126793367371587,-0.00123290700954228,0.00350337763604774,2.00159500028194e-12,5.29687228418827e-09,1.77011865816794e-12,2.19530232130493e-19,4.77048955893622e-18,5.55731632067022e-14
NC_k0049,0.0165413533834586,0.0165413533834586,0.24329522995531,67.3159474205187,-37.5257996151784,46.5883620139246,-26.1228029677808,-65.8365272039716,41.638308737368,-47.7816078220757,22.5575052341216,1,1120,-7.72304060089793,-4.51806785064597,-4.03956578900949,1.47019666740028,-6.85434942785941e-19,1.78100257688792e-18,0,-8.80973822148576e-19,-0.000345675102350615,-0.000480462281636405,1,2.40673337820823e-19,1.88284401539786e-19,1,0.00157454726667927,0.00976867116296736,0.00976867116296736,-0.0112931204706938,-0.0126793367371587,0.00350337763604774,0.00350337763604774,-0.00123290700954228,1,0,0,1,0.00157443421212353,0.00976892036376234,0.00976892036376234,-0.0112930693968345,-0.0126793080999912,0.00350346700792621,0.00350346700792621,-0.00123302437275402,8.7038854731367,35.8890748264227,-3.94432499976576,-8.01367733964229,-3.94432499976576,-8.01367733964229,15.5049031598253,4.8076775929502,2.16840434497101e-18,-1.09700490643347e-18,-2.84662876040096e-19,0,0,0,0.00157454726667927,-0.0112931204706938,0.00976867116296737,-0.0126793367371587,-0.00123290700954228,0.00350337763604774,1.35704392791137e-12,5.48276070425441e-09,8.79158961664355e-13,2.40673337820823e-19,5.20417042793042e-18,6.3999930961359e-14
NC_k0050,-0.0191729323308271,-0.0191729323308271,0.354406703979103,-138.560582425898,59.3569018564187,-160.278652277241,90.0908131774065,126.598838323301,-65.3191162201364,169.220849843491,-84.8262449764512,1,1120,-1.63801140941013,-1.47728026405484,-1.02804625224345,3.97617259031704,7.17137136070403e-18,3.70047518831722e-20,0,-7.34748142183902e-19,-0.00120616128929392,-0.000170257934660728,1,9.15851535906754e-20,-4.58961072816462e-20,1,-0.0164440485414028,0.001712164880368,0.001712164880368,0.00689250589615461,0.00645796550210894,0.00163830469021281,0.00163830469021281,-0.00589624972143269,1,0,0,1,-0.0164439301690615,0.00171220855804352,0.00171220855804352,0.00689232660836277,0.00645788850365655,0.0016383464836998,0.0016383464836998,-0.00589616914060926,-25.0513563671247,1.55227784603048,9.9349379143817,17.3553155666391,9.9349379143817,17.3553155666391,-3.53444815042525,-12.0035259154958,1.73472347597681e-18,-1.19011539577473e-18,-3.76782038701953e-19,0,0,0,-0.0164440485414028,0.00689250589615461,0.001712164880368,0.00645796550210893,-0.00589624972143269,0.00163830469021281,7.93261243398032e-13,2.70584583125084e-09,3.88306518846224e-12,9.15851535906754e-20,4.33680868994202e-18,3.17961358332821e-14
NC_k0050,-0.0120300751879699,-0.0120300751879699,0.352485200824438,-142.140420128628,64.7406716232063,-155.416324638055,84.3951426455364,133.625180797747,-68.946702482128,160.894267885784,-80.9044457971015,1,1120,-1.03834490610205,-0.962092037719546,-0.660144191461124,2.49451731661561,3.72449651330576e-18,-2.70183657839421e-19,0,1.36464948736548e-18,-0.0012044975119744,-0.000170000559089536,1,1.0114743868296e-19,-3.62208174416159e-20,1,-0.0164440485414028,0.001712164880368,0.001712164880368,0.00689250589615461,0.00645796550210893,0.00163830469021281,0.00163830469021281,-0.00589624972143269,1,0,0,1,-0.0164439301690615,0.00171220855804352,0.00171220855804352,0.00689232660836277,0.00645788850365655,0.0016383464836998,0.0016383464836998,-0.00589616914060926,-24.9558113116861,1.56639181645777,9.83965460365143,17.2235440771855,9.83965460365143,17.2235440771855,-3.45497595964288,-11.9147192588387,8.67361737988404e-19,-1.19934921713735e-18,-1.17544341497155e-19,0,0,0,-0.0164440485414028,0.00689250589615461,0.001712164880368,0.00645796550210893,-0.00589624972143269,0.00163830469021281,2.13827158624252e-12,3.75070894953553e-09,3.27153950573428e-12,1.0114743868296e-19,6.93889390390723e-18,3.48041971504451e-14
NC_k0050,-0.00488721804511278,-0.00488721804511278,0.351539528341973,-145.787515665892,70.4439298966621,-151.089040144868,78.4996325423289,141.327537791993,-72.4413152397244,152.504137686279,-77.2256523729991,1,1120,-0.425818919350102,-0.399855735273044,-0.272472636025633,1.01086385498428,1.8593630506763e-18,-5.44900265435632e-19,0,-3.49123158056581e-19,-0.00120358152384135,-0.000169837044610368,1,1.07536253107393e-19,-2.93582465580653e-20,1,-0.0164440485414028,0.001712164880368,0.001712164880368,0.00689250589615461,0.00645796550210893,0.00163830469021281,0.00163830469021281,-0.00589624972143269,1,0,0,1,-0.0164439301690615,0.00171220855804352,0.00171220855804352,0.00689232660836277,0.00645788850365655,0.0016383464836998,0.0016383464836998,-0.00589616914060926,-24.9138175570871,1.57337758817778,9.78900143885775,17.1540907986763,9.78900143885775,17.1540907986763,-3.41945977595653,-11.8698416547229,1.30104260698261e-18,-9.66227771976663e-19,6.08161307727914e-19,0,0,0,-0.0164440485414028,0.00689250589615461,0.001712164880368,0.00645796550210893,-0.00589624972143269,0.00163830469021281,3.57691525794582e-12,2.96453168941811e-09,4.7981144053868e-12,1.07536253107393e-19,3.46944695195361e-18,6.28476640855831e-14
NC_k0050,0.00225563909774436,0.00225563909774436,0.351395884739508,-149.604886537402,76.3167152763568,-147.164999813325,72.5940921623059,149.443909834307,-75.9191969827378,144.279242174322,-73.7162721317384,1,1120,0.196867810300671,0.18521144012137,0.126086152639279,-0.466269303635387,2.40278100845423e-18,1.03748301148851e-19,0,4.24820110272534e-19,-0.00120344107522385,-0.000169812456550603,1,-2.61229750417782e-19,1.00246129782684e-20,1,-0.0164440485414028,0.001712164880368,0.001712164880368,0.00689250589615461,0.00645796550210893,0.00163830469021281,0.00163830469021281,-0.00589624972143269,1,0,0,1,-0.0164439301690615,0.00171220855804352,0.00171220855804352,0.00689232660836277,0.00645788850365655,0.0016383464836998,0.0016383464836998,-0.00589616914060926,-24.9076906305909,1.57438761004298,9.7811522133692,17.1433227169907,9.7811522133692,17.1433227169907,-3.41447585350364,-11.8629829620973,1.30104260698261e-18,-1.52444396552188e-19,2.05385334813171e-20,0,0,0,-0.0164440485414028,0.00689250589615461,0.001712164880368,0.00645796550210893,-0.00589624972143269,0.00163830469021281,1.92862459199992e-11,2.44747877740755e-09,1.50736884983059e-12,2.61229750417782e-19,3.46944695195361e-18,7.06140443812159e-14
NC_k0050,0.0093984962406015,0.0093984962406015,0.352038924680434,-153.766395378139,82.2351977208804,-143.474931153971,66.8147473903223,157.797925778898,-79.5232655106549,136.402727613536,-70.2455038885535,1,1120,0.814513881283099,0.759574202358578,0.519449067601751,-1.94702034321824,3.23222478716321e-19,-6.35291254052976e-19,0,-2.32523778911106e-19,-0.00120406799318535,-0.000169924772376268,1,-5.99861157405887e-20,-1.38804560971152e-19,1,-0.0164440485414028,0.001712164880368,0.001712164880368,0.0068925058961546,0.00645796550210894,0.00163830469021281,0.00163830469021281,-0.00589624972143269,1,0,0,1,-0.0164439301690615,0.00171220855804352,0.00171220855804352,0.00689232660836277,0.00645788850365655,0.0016383464836998,0.0016383464836998,-0.00589616914060926,-24.9356325865126,1.56975151993768,9.81599185057394,17.1910665439851,9.81599185057394,17.1910665439851,-3.43764834751905,-11.89360657459,1.30104260698261e-18,-5.49200985290399e-19,-5.50890087036117e-19,0,0,0,-0.0164440485414028,0.00689250589615461,0.001712164880368,0.00645796550210893,-0.00589624972143269,0.00163830469021281,2.8416166478117e-12,2.37475698278372e-09,2.32114907739111e-12,1.38804560971152e-19,4.33680868994202e-18,4.57285621801e-14
NC_k0050,0.0165413533834586,0.0165413533834586,0.353557275161398,-158.417226726725,88.0295677456525,-139.865672043454,61.2877977126285,166.176065739176,-83.3513127439279,129.080729366956,-66.6714647480348,1,1120,1.41748013978563,1.29334984765995,0.894573895857022,-3.43288035752668,-2.53404464549905e-18,-1.0736787807326e-18,0,-5.65166852187671e-18,-0.00120547732326458,-0.000170160639557055,1,-1.5436872491826e-20,1.26276613837019e-21,1,-0.0164440485414028,0.001712164880368,0.001712164880368,0.0068925058961546,0.00645796550210893,0.00163830469021281,0.00163830469021281,-0.00589624972143269,1,0,0,1,-0.0164439301690615,0.00171220855804352,0.00171220855804352,0.00689232660836277,0.00645788850365655,0.0016383464836998,0.0016383464836998,-0.00589616914060926,-25.0072902038066,1.5581724144282,9.8942992304697,17.2988384317329,9.8942992304697,17.2988384317329,-3.49905017724691,-11.9647732912425,1.30104260698261e-18,3.57510537256086e-19,-6.30653006432782e-20,0,0,0,-0.0164440485414028,0.00689250589615461,0.001712164880368,0.00645796550210893,-0.00589624972143269,0.00163830469021281,1.36556046554292e-12,3.22946634454106e-09,2.3055916605234e-12,1.5436872491826e-20,6.93889390390723e-18,3.95658952397207e-14
NC_k0051,-0.0191729323308271,-0.0191729323308271,0.225972103432543,-41.917352887642,-103.703952849326,-33.0202912768326,-132.267024355309,41.4535165917696,116.331997293437,34.9647271841237,123.069382313431,1,1120,1.74913969854337,2.63688135959124,1.44738694918439,-1.42163289225685,-3.75457280037819e-21,-6.01419862330155e-19,0,-3.9652854808975e-18,0.00100612334089895,0.00145498199365114,1,-9.66705217426195e-20,-7.71965121976942e-20,1,0.00312673908891715,0.000957244486943936,0.000957244486943936,0.0114337576136561,-0.00281773145494277,0.0016217794992341,0.0016217794992341,0.0157482250808751,1,2.16840434497101e-19,-5.42101086242752e-20,1,0.00312683849750691,0.000957268906446154,0.000957268906446154,0.0114337510653769,-0.00281757181716632,0.0016218208711601,0.0016218208711601,0.0157481479079815,-4.29139246427102,10.9287137880547,-12.3797234420941,7.54846292858767,-12.3797234420941,7.54846292858767,3.89962373754632,20.7639233969996,1.73472347597681e-18,3.16660795935693e-19,1.80613187246747e-19,0,0,0,0.00312673908891714,0.0114337576136561,0.000957244486943936,-0.00281773145494278,0.0157482250808751,0.0016217794992341,2.51653453957945e-12,4.16122569500075e-09,7.11192199459644e-12,9.66705217426195e-20,3.46944695195361e-18,1.7232690229107e-13
NC_k0051,-0.0120300751879699,-0.0120300751879699,0.225548317763181,-40.3048567388301,-107.976536511387,-34.6165676947793,-126.514194801118,40.3668742336625,116.946829904852,36.0509141249358,121.008109021939,1,1120,1.14258392717382,1.67007717854958,0.928178164888749,-0.894919286731088,1.07883377031004e-19,-5.87318087247351e-19,0,-3.3971265509981e-18,0.00100619900736714,0.00145355475084827,1,-1.35426762199234e-19,-1.55579155086516e-19,1,0.00312673908891715,0.000957244486943936,0.000957244486943936,0.0114337576136561,-0.00281773145494278,0.0016217794992341,0.0016217794992341,0.0157482250808751,1,2.16840434497101e-19,-5.42101086242752e-20,1,0.00312683849750691,0.000957268906446154,0.000957268906446154,0.0114337510653769,-0.00281757181716632,0.0016218208711601,0.0016218208711601,0.0157481479079815,-4.26653835915167,10.8868146679051,-12.2820777977092,7.52166141066096,-12.2820777977092,7.52166141066096,3.93325802661789,20.7380064280493,2.16840434497101e-18,1.24389269409536e-18,1.27638968469546e-18,0,0,0,0.00312673908891714,0.0114337576136561,0.000957244486943936,-0.00281773145494278,0.0157482250808751,0.0016217794992341,4.41196865897626e-12,2.9132896324879e-09,2.07743477925145e-12,1.55579155086516e-19,3.46944695195361e-18,1.12844392243508e-13
NC_k0051,-0.00488721804511278,-0.00488721804511278,0.225406990162651,-38.6156371753906,-113.070263793335,-36.2928713064553,-120.720740864982,39.1077420719798,117.835184885005,37.3036770107069,119.436181190805,1,1120,0.473158879826333,0.681323893964892,0.380979315351107,-0.363659669380501,7.29992680842335e-19,5.88264381868112e-19,0,-9.77393303070207e-19,0.00100629529462161,0.00145281765782114,1,-4.22300903756146e-20,-2.99539445932956e-20,1,0.00312673908891715,0.000957244486943936,0.000957244486943936,0.0114337576136561,-0.00281773145494277,0.0016217794992341,0.0016217794992341,0.0157482250808751,1,2.16840434497101e-19,-5.42101086242752e-20,1,0.00312683849750691,0.000957268906446154,0.000957268906446154,0.0114337510653769,-0.00281757181716632,0.0016218208711601,0.0016218208711601,0.0157481479079815,-4.25182368643747,10.8749833897014,-12.2308125992393,7.50728849983863,-12.2308125992393,7.50728849983863,3.95239470144068,20.7338567223714,1.30104260698261e-18,7.10063709714559e-20,4.25971541022689e-19,0,0,0,0.00312673908891714,0.0114337576136561,0.000957244486943936,-0.00281773145494278,0.0157482250808751,0.0016217794992341,2.23870014818513e-11,2.67751292457465e-09,7.73509267780058e-12,4.22300903756146e-20,4.77048955893622e-18,1.33601888394086e-13
NC_k0051,0.00225563909774436,0.00225563909774436,0.225388474282792,-36.9161748313594,-118.612479789276,-37.9890872556138,-115.073740507372,37.78654257142,118.952789065572,38.6227035089242,118.216794633808,1,1120,-0.218963487986016,-0.314655294839548,-0.176094198332435,0.167809525996754,4.25847468593325e-19,-1.53617365918448e-19,0,-2.82908352978204e-18,0.0010063125882787,0.0014527069960062,1,-8.48625340658415e-20,-1.68616132443863e-19,1,0.00312673908891715,0.000957244486943936,0.000957244486943936,0.0114337576136561,-0.00281773145494278,0.0016217794992341,0.0016217794992341,0.0157482250808751,1,2.16840434497101e-19,-5.42101086242752e-20,1,0.00312683849750691,0.000957268906446154,0.000957268906446154,0.0114337510653769,-0.00281757181716632,0.0016218208711601,0.0016218208711601,0.0157481479079815,-4.2494262051191,10.8738123484211,-12.2228849447643,7.50500721162114,-12.2228849447643,7.50500721162114,3.95541392044695,20.7336173025447,1.97866896478605e-18,9.15047952691553e-19,1.66536110503375e-18,0,0,0,0.00312673908891714,0.0114337576136561,0.000957244486943936,-0.00281773145494278,0.0157482250808751,0.0016217794992341,1.59398033921666e-11,3.4398395476672e-09,3.76963179910905e-12,1.68616132443863e-19,6.93889390390723e-18,4.80267437123412e-15
NC_k0051,0.0093984962406015,0.0093984962406015,0.225477270208185,-35.2299728166963,-124.375405027562,-39.6871925549724,-109.78296947323,36.4990730479722,120.380509650587,39.9171645644052,117.248957454193,1,1120,-0.90089380345373,-1.30738853097564,-0.728733170361702,0.69930290335109,2.0543195948877e-19,3.42889524960381e-19,0,1.06698109931276e-18,0.00100623960727267,0.00145320466071669,1,-6.15125321845246e-20,3.23750911561074e-20,1,0.00312673908891714,0.000957244486943936,0.000957244486943936,0.0114337576136561,-0.00281773145494278,0.0016217794992341,0.0016217794992341,0.0157482250808751,1,2.16840434497101e-19,-5.42101086242752e-20,1,0.00312683849750691,0.000957268906446154,0.000957268906446154,0.0114337510653769,-0.00281757181716632,0.0016218208711601,0.0016218208711601,0.0157481479079815,-4.25980342972972,10.8803544292739,-12.2580872738884,7.51500461022168,-12.2580872738884,7.51500461022168,3.94215800654507,20.7354751894211,1.30104260698261e-18,1.09139618600404e-18,1.29271053883013e-18,0,0,0,0.00312673908891714,0.0114337576136561,0.000957244486943936,-0.00281773145494278,0.0157482250808751,0.0016217794992341,8.96695108490693e-12,3.27606056875917e-09,8.22125012256163e-12,6.15125321845246e-20,3.46944695195361e-18,1.14972598351319e-13
NC_k0051,0.0165413533834586,0.0165413533834586,0.225759530453624,-33.5914473209585,-130.162379240488,-41.3402515438492,-105.147791889547,35.3374639882454,122.242127668932,41.0793458329861,116.512103510277,1,1120,-1.53604810098881,-2.28465412142205,-1.26083173339559,1.2288127292192,1.21972744404619e-18,6.62187858850751e-19,0,2.59499524213987e-18,0.00100613617214382,0.00145438077457003,1,-1.29633299177765e-19,-1.77142856190223e-20,1,0.00312673908891715,0.000957244486943937,0.000957244486943937,0.0114337576136561,-0.00281773145494278,0.0016217794992341,0.0016217794992341,0.0157482250808752,1,2.16840434497101e-19,-5.42101086242752e-20,1,0.00312683849750691,0.000957268906446154,0.000957268906446154,0.0114337510653769,-0.00281757181716632,0.0016218208711601,0.0016218208711601,0.0157481479079815,-4.28122040672675,10.9078367339996,-12.3378862194782,7.53693381799476,-12.3378862194782,7.53693381799476,3.91335614042428,20.749262567455,2.16840434497101e-18,5.29025604973928e-19,5.04256058396543e-19,0,0,0,0.00312673908891714,0.0114337576136561,0.000957244486943936,-0.00281773145494278,0.0157482250808751,0.0016217794992341,6.02400537281191e-12,2.01472872246193e-09,6.45133674358909e-12,1.29633299177765e-19,6.93889390390723e-18,1.02042769643802e-13
NC_k0052,-0.0191729323308271,-0.0191729323308271,0.664530597346597,101.989282646357,53.3517789188447,97.5650979962058,68.8603102603055,-92.6785156053949,-59.5004288039936,-109.084144200334,-63.4103495575427,1,1120,0.740785276390764,-10.2169132911863,-3.1271222448825,-0.650313687990607,2.50257207755263e-18,-4.69163608550276e-19,0,4.94773120314918e-19,-0.000860530824653975,-0.0003435520148675,1,7.81766493855076e-20,1.61843539208812e-19,1,0.00261780353728338,0.00293059111048586,0.00293059111048586,-0.0105468976187944,0.00302736868501015,-0.015038295014095,-0.015038295014095,-0.00616493413720396,1,0,6.7762635780344e-20,1,0.00261769429462906,0.00293066587046316,0.00293066587046316,-0.0105468389443422,0.00302730005563804,-0.0150386786440698,-0.0150386786440698,-0.00616488551781559,13.7913879485967,6.50407322203406,8.08703536874189,-17.7400431362931,8.08703536874189,-17.7400431362931,-47.1877299478669,-10.0908812098161,1.30104260698261e-18,-1.40123341417804e-19,7.11704558648826e-19,0,0,0,0.00261780353728338,-0.0105468976187944,0.00293059111048586,0.00302736868501016,-0.00616493413720396,-0.015038295014095,3.59008119597215e-13,7.31604642067929e-09,7.42852864376724e-12,1.61843539208812e-19,5.20417042793042e-18,1.45349820652443e-14
NC_k0052,-0.0120300751879699,-0.0120300751879699,0.662616745297572,101.557519392003,56.6298918774208,98.1082493566354,66.7022108344232,-95.6793054003668,-60.6855156941792,-106.189260573931,-63.390972039593,1,1120,0.400761759084241,-6.50318421704062,-2.01379941112557,-0.401402709358889,1.36140693936428e-19,-9.94370357962246e-18,0,1.94769270520716e-18,-0.000859564900361218,-0.000343952247656605,1,1.41912371269173e-19,3.07386972972414e-19,1,0.00261780353728338,0.00293059111048586,0.00293059111048586,-0.0105468976187944,0.00302736868501015,-0.015038295014095,-0.015038295014095,-0.00616493413720396,1,0,6.7762635780344e-20,1,0.00261769429462906,0.00293066587046316,0.00293066587046316,-0.0105468389443422,0.00302730005563804,-0.0150386786440698,-0.0150386786440698,-0.00616488551781559,13.7475613234948,6.47971461913305,8.00490892261553,-17.619525488437,8.00490892261553,-17.619525488437,-47.1638688203505,-10.1379229619084,1.73472347597681e-18,-5.01510776624993e-20,-3.70774109601159e-19,0,0,0,0.00261780353728338,-0.0105468976187944,0.00293059111048586,0.00302736868501016,-0.00616493413720396,-0.015038295014095,5.94515014786716e-13,3.82751641865089e-09,4.24234107295452e-12,3.07386972972414e-19,6.93889390390723e-18,2.2786977905488e-14
NC_k0052,-0.00488721804511278,-0.00488721804511278,0.661730483005983,100.617325504177,60.0001588526938,99.071657239389,64.1497926971475,-98.7874270259425,-61.8860652082508,-103.09882323618,-63.0318638101227,1,1120,0.148579522644622,-2.65374799037251,-0.826705594350207,-0.160779533530754,-2.93846979058848e-18,-1.541189682419e-18,0,3.39069274019367e-18,-0.000859285138645755,-0.000344132778174544,1,4.75878285147911e-20,-1.25000446280685e-19,1,0.00261780353728338,0.00293059111048586,0.00293059111048586,-0.0105468976187944,0.00302736868501015,-0.015038295014095,-0.015038295014095,-0.00616493413720396,1,0,6.7762635780344e-20,1,0.00261769429462906,0.00293066587046316,0.00293066587046316,-0.0105468389443422,0.00302730005563804,-0.0150386786440698,-0.0150386786440698,-0.00616488551781559,13.7191886915665,6.46769346133277,7.9604032280823,-17.552766579098,7.9604032280823,-17.552766579098,-47.1734634571767,-10.164832542524,2.60208521396521e-18,2.86399938761219e-19,3.72072296501259e-20,0,0,0,0.00261780353728338,-0.0105468976187944,0.00293059111048586,0.00302736868501016,-0.00616493413720396,-0.015038295014095,3.63705782233166e-12,1.93870170811246e-09,4.41460369664657e-12,1.25000446280685e-19,6.93889390390723e-18,5.97281532159646e-14
NC_k0052,0.00225563909774436,0.00225563909774436,0.661597765265451,99.4815565434808,63.1036047193747,100.20486376969,61.1849031736647,-101.938319733637,-62.796070116214,-99.945672894466,-62.2638940488514,1,1120,-0.0675553085430032,1.22535064911542,0.382072462388904,0.0740211531861252,-3.94633311870269e-18,3.25886662033231e-18,0,-8.76017355918158e-19,-0.000859256042897868,-0.000344158186575434,1,1.49961040284862e-19,-5.57486333698937e-20,1,0.00261780353728338,0.00293059111048586,0.00293059111048586,-0.0105468976187944,0.00302736868501015,-0.015038295014095,-0.015038295014095,-0.00616493413720396,1,0,6.7762635780344e-20,1,0.00261769429462906,0.00293066587046316,0.00293066587046316,-0.0105468389443422,0.00302730005563804,-0.0150386786440698,-0.0150386786440698,-0.00616488551781559,13.7143263983254,6.46586057967039,7.95345890983446,-17.5421898586916,7.95345890983446,-17.5421898586916,-47.1760619213709,-10.1689800531603,1.73472347597681e-18,-8.81568775548982e-19,-2.47400048950918e-19,0,0,0,0.00261780353728338,-0.0105468976187944,0.00293059111048586,0.00302736868501016,-0.00616493413720396,-0.015038295014095,2.98016373944328e-12,3.65200967017347e-09,7.11220038458619e-12,1.49961040284862e-19,2.60208521396521e-18,3.96030107064238e-14
NC_k0052,0.0093984962406015,0.0093984962406015,0.662196153925141,98.4291419794712,65.8109684907061,101.255287065775,57.8874290106175,-105.066519513298,-63.3051254266301,-96.8175541237815,-61.1476617983487,1,1120,-0.300291382585242,5.09258181210402,1.58145584174119,0.311724743564851,-4.08735086953073e-18,-7.70768218265891e-18,0,5.07716842540148e-19,-0.000859413041595414,-0.00034403905842055,1,1.11210206400675e-19,1.34006280906854e-19,1,0.00261780353728338,0.00293059111048586,0.00293059111048586,-0.0105468976187944,0.00302736868501016,-0.015038295014095,-0.015038295014095,-0.00616493413720395,1,0,6.7762635780344e-20,1,0.00261769429462906,0.00293066587046316,0.00293066587046316,-0.0105468389443422,0.00302730005563804,-0.0150386786440698,-0.0150386786440698,-0.00616488551781559,13.7349158031382,6.47407696916007,7.98417948152272,-17.5886330395408,7.98417948152272,-17.5886330395408,-47.166838712457,-10.1505225159874,2.60208521396521e-18,-5.9702836854317e-19,-9.3674995969762e-19,0,0,0,0.00261780353728338,-0.0105468976187944,0.00293059111048586,0.00302736868501016,-0.00616493413720396,-0.015038295014095,1.40692483006169e-12,3.29150615573456e-09,7.21666039119052e-12,1.34006280906854e-19,6.93889390390723e-18,4.1746774198709e-14
NC_k0052,0.0165413533834586,0.0165413533834586,0.663660117610225,97.6978725566419,68.1050919770334,101.905404528311,54.511814490551,-108.047501578234,-63.4293381526601,-93.7607114579995,-59.9047247378294,1,1120,-0.602679751336899,8.87756797807798,2.73071311482453,0.558101007722548,7.79978378078302e-19,2.29033738470623e-18,0,2.0980873754591e-18,-0.000860048330057752,-0.000343735780907327,1,1.04951423131892e-19,-1.13796078587819e-19,1,0.00261780353728338,0.00293059111048586,0.00293059111048586,-0.0105468976187944,0.00302736868501015,-0.015038295014095,-0.015038295014095,-0.00616493413720396,1,0,6.7762635780344e-20,1,0.00261769429462906,0.00293066587046316,0.00293066587046316,-0.0105468389443422,0.00302730005563804,-0.0150386786440698,-0.0150386786440698,-0.00616488551781559,13.7736450076339,6.49323975680677,8.05234539115746,-17.6892569334393,8.05234539115746,-17.6892569334393,-47.1695611728966,-10.1097813054397,2.16840434497101e-18,-6.66868778825288e-19,-1.0270319983801e-19,0,0,0,0.00261780353728338,-0.0105468976187944,0.00293059111048586,0.00302736868501016,-0.00616493413720396,-0.015038295014095,7.08248708529846e-13,4.24673042267308e-09,8.37481945152026e-12,1.13796078587819e-19,2.16840434497101e-18,6.18965202535441e-15
NC_k0053,-0.0191729323308271,-0.0191729323308271,0.295272127408541,-10.6442038757086,-124.878829459861,2.24665782198843,-157.485070450189,9.35654309439182,134.815008729113,-2.92394777778968,151.213468315522,1,1120,3.07310996369128,0.0807020932127222,1.04075797877832,-2.48112006359416,-1.37016843641244e-18,1.26075560242882e-19,0,3.55634062094108e-18,-0.000955714378021505,0.00134209263612183,1,4.84586430841474e-20,-1.27010440499141e-19,1,-0.00534594159204218,0.00258142334671432,0.00258142334671432,-0.00544452772527846,-0.00724818554560279,-0.00326677755462682,-0.00326677755462682,0.0164895800599435,1,0,0,1,-0.00534597662916457,0.00258148919935072,0.00258148919935072,-0.00544456150492467,-0.00724800468805902,-0.00326686089078893,-0.00326686089078893,0.0164894581398648,-1.98675490927126,18.0174482667187,-15.4417747558779,-2.34632988583974,-15.4417747558779,-2.34632988583974,-12.1054038063505,24.3404724174826,1.30104260698261e-18,-4.59008389620842e-19,5.54529166603532e-19,0,0,0,-0.00534594159204217,-0.00544452772527846,0.00258142334671432,-0.00724818554560279,0.0164895800599435,-0.00326677755462682,7.82800250619165e-13,2.89532159750142e-09,1.19839379531226e-12,1.27010440499141e-19,3.46944695195361e-18,1.97399968985812e-14
NC_k0053,-0.0120300751879699,-0.0120300751879699,0.294064967349235,-7.59170860319801,-129.974876340332,0.418377688351364,-150.758187671362,6.50070537100283,137.143265415077,-1.27840941333627,147.258593120138,1,1120,1.98808204916959,0.0432723729958094,0.670346959314582,-1.5569956501291,2.2242431722214e-19,-8.40852253717304e-19,0,6.03749202935104e-19,-0.00095444394543554,0.00133967824291208,1,1.43713392982621e-19,8.62871315843962e-20,1,-0.00534594159204217,0.00258142334671432,0.00258142334671432,-0.00544452772527846,-0.00724818554560278,-0.00326677755462682,-0.00326677755462682,0.0164895800599435,1,0,0,1,-0.00534597662916457,0.00258148919935072,0.00258148919935072,-0.00544456150492467,-0.00724800468805902,-0.00326686089078893,-0.00326686089078893,0.0164894581398648,-2.03359796904051,17.8967090764779,-15.3441358037823,-2.29816644579075,-15.3441358037823,-2.29816644579075,-12.0577800617468,24.260284837494,1.89735380184963e-18,-7.42711475416779e-19,2.20144515963501e-20,0,0,0,-0.00534594159204217,-0.00544452772527846,0.00258142334671432,-0.00724818554560279,0.0164895800599435,-0.00326677755462682,2.1727474652591e-12,4.72799048205809e-09,4.51171969257603e-12,1.43713392982621e-19,6.93889390390723e-18,7.17332556068339e-14
NC_k0053,-0.00488721804511278,-0.00488721804511278,0.293562174328821,-4.88092067398566,-135.691756827695,-1.64970812807451,-144.192469585248,3.88008007525044,139.746579433384,0.707428434229813,143.807598281332,1,1120,0.819373953094357,0.0182732541916527,0.276423578404383,-0.631026328792994,-2.33729808244209e-19,6.63782663071753e-19,0,3.12005909610102e-19,-0.000953813838826477,0.00133841359301195,1,6.75058257406877e-20,-8.64809602291883e-20,1,-0.00534594159204218,0.00258142334671432,0.00258142334671432,-0.00544452772527847,-0.00724818554560278,-0.00326677755462682,-0.00326677755462682,0.0164895800599435,1,0,0,1,-0.00534597662916457,0.00258148919935072,0.00258148919935072,-0.00544456150492467,-0.00724800468805902,-0.00326686089078893,-0.00326686089078893,0.0164894581398648,-2.06359965422317,17.8472763839637,-15.2938025609535,-2.27163717884989,-15.2938025609535,-2.27163717884989,-12.0407251552106,24.2289526624964,1.30104260698261e-18,-1.51720710466984e-19,-1.23280073742828e-18,0,0,0,-0.00534594159204217,-0.00544452772527846,0.00258142334671432,-0.00724818554560279,0.0164895800599435,-0.00326677755462682,1.03913916864538e-11,2.40397731577033e-09,1.95559226377048e-12,8.64809602291883e-20,1.04083408558608e-17,6.06995079865927e-14
NC_k0053,0.00225563909774436,0.00225563909774436,0.293491222852285,-2.47162219474954,-141.839367446091,-3.96164564387623,-137.9124423779,1.51246100384575,142.646960819636,2.97765627687412,140.775673154195,1,1120,-0.378918306817137,-0.00858662068323449,-0.127876626075123,0.291056541932751,-1.32329045673783e-19,-5.34623373505273e-19,0,1.11209470274079e-18,-0.000953720602666521,0.00133822279512263,1,1.13983305040073e-19,-9.01421022354017e-20,1,-0.00534594159204218,0.00258142334671432,0.00258142334671432,-0.00544452772527847,-0.00724818554560278,-0.00326677755462682,-0.00326677755462682,0.0164895800599435,1,0,0,1,-0.00534597662916457,0.00258148919935072,0.00258148919935072,-0.00544456150492467,-0.00724800468805902,-0.00326686089078893,-0.00326686089078893,0.0164894581398648,-2.0685101926979,17.8405685238015,-15.2860454054226,-2.26749238554565,-15.2860454054226,-2.26749238554565,-12.0385485317998,24.2246214335494,2.16840434497101e-18,-5.94979292802795e-19,1.37898614539127e-18,0,0,0,-0.00534594159204217,-0.00544452772527846,0.00258142334671432,-0.00724818554560279,0.0164895800599435,-0.00326677755462682,1.29915308989376e-11,4.09595866223627e-09,2.56955004520702e-12,1.13983305040073e-19,6.93889390390723e-18,3.72607285706182e-14
NC_k0053,0.0093984962406015,0.0093984962406015,0.293819967086231,-0.316300749036694,-148.313726320801,-6.55475480536744,-132.023294102922,-0.582616416097016,145.933709712661,5.50655048041808,138.072906647873,1,1120,-1.5639922236441,-0.0340587286942729,-0.527356814271644,1.21528603560126,7.34883799804361e-20,1.65068854318632e-19,0,-2.33272873673834e-18,-0.000954144245846946,0.00133908013882134,1,4.36297735003075e-20,1.06166992955075e-19,1,-0.00534594159204218,0.00258142334671432,0.00258142334671432,-0.00544452772527846,-0.00724818554560279,-0.00326677755462682,-0.00326677755462682,0.0164895800599435,1,0,0,1,-0.00534597662916457,0.00258148919935072,0.00258148919935072,-0.00544456150492467,-0.00724800468805902,-0.00326686089078893,-0.00326686089078893,0.0164894581398648,-2.04724563858211,17.8722745548509,-15.3205316763751,-2.28582756858364,-15.3205316763751,-2.28582756858364,-12.0491385722298,24.2448804318644,8.67361737988404e-19,-4.76916447723466e-19,8.55979911185127e-19,0,0,0,-0.00534594159204217,-0.00544452772527846,0.00258142334671432,-0.00724818554560279,0.0164895800599435,-0.00326677755462682,5.4335891133079e-12,2.72982520138883e-09,3.82226954221482e-12,1.06166992955075e-19,3.46944695195361e-18,4.15644089541831e-15
NC_k0053,0.0165413533834586,0.0165413533834586,0.294710072391695,1.6031229667626,-154.99646007964,-9.4805793932985,-126.661783474695,-2.36242079145242,149.692956570922,8.28004392976565,135.63169713794,1,1120,-2.68738485750156,-0.0628037713580381,-0.9075622475237,2.14238778597727,-1.09154422760253e-18,2.99546915223828e-18,0,4.88364124928857e-18,-0.000955163538797307,0.00134107639234798,1,1.20733741673921e-19,-1.04266594482104e-19,1,-0.00534594159204218,0.00258142334671432,0.00258142334671432,-0.00544452772527847,-0.00724818554560278,-0.00326677755462682,-0.00326677755462682,0.0164895800599435,1,0,0,1,-0.00534597662916457,0.00258148919935072,0.00258148919935072,-0.00544456150492467,-0.00724800468805902,-0.00326686089078893,-0.00326686089078893,0.0164894581398648,-2.00498074297454,17.961796358869,-15.3995287068926,-2.32613185981964,-15.3995287068926,-2.32613185981964,-12.0825090488553,24.3022672759507,2.16840434497101e-18,-2.97121344175197e-19,1.20477023547269e-19,0,0,0,-0.00534594159204217,-0.00544452772527846,0.00258142334671432,-0.00724818554560279,0.0164895800599435,-0.00326677755462682,2.76950544299389e-12,2.34055785992093e-09,8.27172025123903e-12,1.20733741673921e-19,1.04083408558608e-17,1.68204152804213e-13
NC_k0054,-0.0191729323308271,-0.0191729323308271,0.36378308947498,-65.3923553519606,-97.6668341962056,-67.7003667257533,-108.755578096902,58.3677004080791,104.711278968447,71.4379490092238,100.830085239124,1,1120,-5.16676024196648,-4.22107951469099,-3.09798711969695,-0.636739599910336,2.39610400654971e-18,9.18149296355361e-19,0,-2.46333062929312e-18,-0.00132775857665666,-0.000659145971690514,1,7.08870294203975e-20,1.58717508775195e-19,1,-0.0113430168402953,-0.00634342003889684,-0.00634342003889684,0.0001635271060015,-0.0137305766224986,-0.00563256556312674,-0.00563256556312674,0.00328872632599214,1,0,0,1,-0.0113429791056073,-0.00634358186083661,-0.00634358186083661,0.000163418073547336,-0.0137305013777423,-0.00563270925102376,-0.00563270925102376,0.00328858448780275,-12.4774084984623,-16.4816779312596,-16.1218855403575,4.91035630943848,-16.1218855403575,4.91035630943848,-24.1626371293874,14.7811419886258,2.16840434497101e-18,-7.42724028748525e-19,-7.2725378300259e-19,0,0,0,-0.0113430168402953,0.000163527106001503,-0.00634342003889684,-0.0137305766224986,0.00328872632599214,-0.00563256556312674,7.19046197872183e-13,9.09824670441342e-09,1.11473281286133e-11,1.58717508775195e-19,3.03576608295941e-18,9.41505564734112e-14
NC_k0054,-0.0120300751879699,-0.0120300751879699,0.36314530274007,-65.380952394636,-99.2136377542205,-67.119448179722,-106.18757072069,60.2990656954506,103.754360408604,68.8798345848398,100.7488992863,1,1120,-3.29998770953503,-2.74057691455026,-1.9933863259481,-0.392493813379256,-2.19110218097946e-19,5.48628120302224e-18,0,-8.87720307224559e-18,-0.0013264954560954,-0.000659648125381457,1,5.64618790908513e-20,6.24570478755086e-20,1,-0.0113430168402953,-0.00634342003889684,-0.00634342003889684,0.000163527106001506,-0.0137305766224986,-0.00563256556312674,-0.00563256556312674,0.00328872632599214,1,0,0,1,-0.0113429791056073,-0.00634358186083661,-0.00634358186083661,0.000163418073547336,-0.0137305013777423,-0.00563270925102376,-0.00563270925102376,0.00328858448780275,-12.508876466213,-16.5335628902998,-16.0358281214853,4.86714114042917,-16.0358281214853,4.86714114042917,-24.126934929806,14.6992333783894,1.30104260698261e-18,-1.18694201188557e-18,-7.37385701606867e-19,0,0,0,-0.0113430168402953,0.000163527106001503,-0.00634342003889684,-0.0137305766224986,0.00328872632599214,-0.00563256556312674,2.52568267982779e-12,6.93405834657504e-09,4.65459328013327e-12,6.24570478755086e-20,3.52365706057789e-18,1.10060707339271e-14
NC_k0054,-0.00488721804511278,-0.00488721804511278,0.362913902047249,-65.8003919962557,-100.965460863072,-66.5603873015384,-103.801999496014,62.7333376857641,102.60091893448,66.2890184414404,101.261940664654,1,1120,-1.34943689848155,-1.12926502675687,-0.817971635328671,-0.15701710347512,4.45638591929268e-19,5.11145382102088e-18,0,6.76513965315679e-18,-0.00132591354386164,-0.00066004009602872,1,6.10094803690035e-20,4.7635043898022e-20,1,-0.0113430168402953,-0.00634342003889684,-0.00634342003889684,0.0001635271060015,-0.0137305766224986,-0.00563256556312674,-0.00563256556312674,0.00328872632599214,1,0,0,1,-0.0113429791056073,-0.00634358186083661,-0.00634358186083661,0.000163418073547336,-0.0137305013777423,-0.00563270925102376,-0.00563270925102376,0.00328858448780275,-12.5348443932002,-16.5671022476552,-15.9894930198375,4.84537923848394,-15.9894930198375,4.84537923848394,-24.1240949360106,14.6557510311529,2.16840434497101e-18,-8.20588499786559e-19,-4.19177512952557e-19,0,0,0,-0.0113430168402953,0.000163527106001503,-0.00634342003889684,-0.0137305766224986,0.00328872632599214,-0.00563256556312674,9.49422881224632e-12,3.39967885369796e-09,5.14338635390178e-12,6.10094803690035e-20,3.46944695195361e-18,6.53137326567916e-14
NC_k0054,0.00225563909774436,0.00225563909774436,0.362882262903847,-66.3521442486262,-102.985492913965,-65.9974655867672,-101.676244723518,65.3267974966906,101.564721071111,63.681219803296,102.191168953368,1,1120,0.623366155147889,0.522156282274048,0.378022404349234,0.0722149447818655,6.33726228334026e-19,2.64142592389823e-18,0,8.43522392734625e-18,-0.00132583114670364,-0.000660107428959072,1,-7.85197630512194e-20,6.30105938929513e-20,1,-0.0113430168402953,-0.00634342003889684,-0.00634342003889684,0.0001635271060015,-0.0137305766224987,-0.00563256556312674,-0.00563256556312674,0.00328872632599213,1,0,0,1,-0.0113429791056073,-0.00634358186083661,-0.00634358186083661,0.000163418073547336,-0.0137305013777423,-0.00563270925102376,-0.00563270925102376,0.00328858448780275,-12.5393055496586,-16.5725246602587,-15.9821999137558,4.84207474075613,-15.9821999137558,4.84207474075613,-24.1245445267428,14.6489156658649,2.16840434497101e-18,-7.9031178867314e-19,7.76951177552982e-19,0,0,0,-0.0113430168402953,0.000163527106001503,-0.00634342003889684,-0.0137305766224986,0.00328872632599214,-0.00563256556312674,7.54750873389473e-12,5.07230030413165e-09,3.13294673206207e-12,7.85197630512194e-20,9.54097911787244e-18,5.72118636892196e-14
NC_k0054,0.0093984962406015,0.0093984962406015,0.363030849594709,-66.9146041007965,-105.282960487655,-65.5057878551308,-99.8321474136057,67.9302380326506,100.879263580799,61.1613538644506,103.335720117538,1,1120,2.58671399385592,2.15607851001292,1.56512152627669,0.304570956768542,8.36934726336253e-19,1.13317126474864e-18,0,9.75956655782325e-18,-0.00132621299108124,-0.000659822405222359,1,-1.24462027850661e-19,2.69734757994845e-19,1,-0.0113430168402953,-0.00634342003889684,-0.00634342003889684,0.000163527106001502,-0.0137305766224986,-0.00563256556312673,-0.00563256556312673,0.00328872632599214,1,0,0,1,-0.0113429791056073,-0.00634358186083661,-0.00634358186083661,0.000163418073547336,-0.0137305013777423,-0.00563270925102376,-0.00563270925102376,0.00328858448780275,-12.5203743639631,-16.5489454521751,-16.0143058678213,4.85685617509438,-16.0143058678213,4.85685617509438,-24.1243335915893,14.6790233794029,1.68051336735253e-18,-5.75726393562146e-19,-4.98070831857881e-19,0,0,0,-0.0113430168402953,0.000163527106001503,-0.00634342003889684,-0.0137305766224986,0.00328872632599214,-0.00563256556312674,4.39975051453887e-12,7.82066088691394e-09,3.69220660461675e-12,2.69734757994845e-19,3.03576608295941e-18,2.90529544409625e-14
NC_k0054,0.0165413533834586,0.0165413533834586,0.363469266911327,-67.4758998619584,-107.793122997011,-65.3086086439191,-98.2142684882772,70.496761627861,100.718757653048,58.9888103557285,104.401523239292,1,1120,4.495485448705,3.69947624973832,2.7043373604863,0.546278500978106,9.6354629961607e-19,5.41960217384434e-18,0,-3.93903407697752e-18,-0.00132720256892854,-0.000659313729306182,1,6.14427923067319e-20,5.8239087026931e-20,1,-0.0113430168402953,-0.00634342003889684,-0.00634342003889684,0.0001635271060015,-0.0137305766224986,-0.00563256556312674,-0.00563256556312674,0.00328872632599213,1,0,0,1,-0.0113429791056073,-0.00634358186083661,-0.00634358186083661,0.000163418073547336,-0.0137305013777423,-0.00563270925102376,-0.00563270925102376,0.00328858448780275,-12.4875445579694,-16.5012522347359,-16.08511640362,4.89166074056576,-16.08511640362,4.89166074056576,-24.1422327440436,14.7458699608161,1.73472347597681e-18,-2.1050377721131e-21,2.81103930310822e-19,0,0,0,-0.0113430168402953,0.000163527106001503,-0.00634342003889684,-0.0137305766224986,0.00328872632599214,-0.00563256556312674,7.89296912911627e-13,5.45878093666255e-09,7.16340946052256e-12,6.14427923067319e-20,5.20417042793042e-18,4.64286571398603e-14
NC_k0055,-0.0191729323308271,-0.0191729323308271,0.545165257871342,-66.9440867670037,89.4786014832554,-73.3536549083169,114.552540037682,62.8249679263705,-97.012665751567,78.4036249478676,-105.695459798084,1,1120,7.02144936603378,2.38943843789282,3.10559297529588,3.02101398209606,-3.66775192328463e-18,-2.31364071692307e-19,0,-4.23022812237579e-18,0.000672851338404444,0.000542652735133928,1,-1.02510900828449e-20,-9.63310647604051e-20,1,-0.00094688897315634,0.0120044002480288,0.0120044002480288,0.0111505857370525,0.00975143128445295,0.00417145617530866,0.00417145617530866,-0.00426271685200356,1,0,-2.16840434497101e-19,1,-0.000946779283595806,0.012004706482729,0.012004706482729,0.0111505411220886,0.00975135941078637,0.00417156259000701,0.00417156259000701,-0.00426260997378064,-9.79012703301132,36.3120763388363,16.6635436896385,11.4293248257124,16.6635436896385,11.4293248257124,10.8113280245509,-14.6401527843544,1.73472347597681e-18,-8.92111187707574e-20,7.43816513515647e-19,0,0,0,-0.000946888973156342,0.0111505857370525,0.0120044002480288,0.00975143128445296,-0.00426271685200356,0.00417145617530866,1.5570905218212e-12,4.89173916203982e-09,9.56393147940624e-12,9.63310647604051e-20,3.46944695195361e-18,3.88969389816562e-14
NC_k0055,-0.0120300751879699,-0.0120300751879699,0.543380967808073,-67.8413907569962,93.8478908604043,-71.1999540043495,109.745744075394,65.0998142528253,-98.7794600308473,74.8970195618857,-103.480203476003,1,1120,4.49060476198357,1.56943185838086,1.99981208472024,1.88718625363144,2.38480141065978e-18,-3.63491119860505e-18,0,-1.15578969141829e-18,0.000673301670442936,0.000542480985011399,1,6.64162517285639e-20,-1.11109860214889e-19,1,-0.000946888973156341,0.0120044002480288,0.0120044002480288,0.0111505857370525,0.00975143128445295,0.00417145617530866,0.00417145617530866,-0.00426271685200356,1,0,-2.16840434497101e-19,1,-0.000946779283595806,0.012004706482729,0.012004706482729,0.0111505411220886,0.00975135941078637,0.00417156259000701,0.00417156259000701,-0.00426260997378064,-9.66288913247764,36.3321292819758,16.5517410114903,11.3633312980887,16.5517410114903,11.3633312980887,10.8564335828737,-14.538467047316,2.60208521396521e-18,5.92451069173512e-19,7.53997635724996e-19,0,0,0,-0.000946888973156342,0.0111505857370525,0.0120044002480288,0.00975143128445296,-0.00426271685200356,0.00417145617530866,2.5113867912884e-13,4.65462298368212e-09,1.94021852259134e-11,1.11109860214889e-19,3.46944695195361e-18,4.43369220890256e-14
NC_k0055,-0.00488721804511278,-0.00488721804511278,0.542518111599749,-68.4792535128412,98.3675770430143,-69.7020056361145,104.858379908741,67.5804275434131,-100.071231645753,71.5691286262619,-101.816564802543,1,1120,1.83523417672177,0.649217147334676,0.819868936938652,0.762411905898851,4.2257679645129e-19,6.85600378908451e-19,0,3.76795989141175e-18,0.000673628510184479,0.000542583897027822,1,8.71026174491962e-20,-1.13170458899507e-20,1,-0.000946888973156338,0.0120044002480288,0.0120044002480288,0.0111505857370525,0.00975143128445295,0.00417145617530866,0.00417145617530866,-0.00426271685200356,1,0,-2.16840434497101e-19,1,-0.000946779283595806,0.012004706482729,0.012004706482729,0.0111505411220886,0.00975135941078637,0.00417156259000701,0.00417156259000701,-0.00426260997378064,-9.59451019770835,36.3596599852314,16.4906192618111,11.3281108719243,16.4906192618111,11.3281108719243,10.8853002399117,-14.4815856921297,2.60208521396521e-18,-2.17523990473951e-19,7.31925967169406e-19,0,0,0,-0.000946888973156342,0.0111505857370525,0.0120044002480288,0.00975143128445296,-0.00426271685200356,0.00417145617530866,3.22722126941174e-12,2.15552607687345e-09,1.05836136969057e-11,8.71026174491962e-20,5.20417042793042e-18,3.39706671809224e-14
NC_k0055,0.00225563909774436,0.00225563909774436,0.542386866491299,-69.2947726951547,103.078018568609,-68.7408633775346,100.080250948177,70.4235978987257,-101.306323600848,68.5821397607922,-100.512754332253,1,1120,-0.847588699028612,-0.300345017025705,-0.378818126297921,-0.351441737392164,8.6137956779842e-19,-8.51681702296848e-19,0,-5.87089123653796e-18,0.000673682878567522,0.000542610398505569,1,3.28162250778532e-20,-3.78228439005894e-20,1,-0.000946888973156341,0.0120044002480288,0.0120044002480288,0.0111505857370525,0.00975143128445296,0.00417145617530866,0.00417145617530866,-0.00426271685200355,1,0,-2.16840434497101e-19,1,-0.000946779283595806,0.012004706482729,0.012004706482729,0.0111505411220886,0.00975135941078637,0.00417156259000701,0.00417156259000701,-0.00426260997378064,-9.5838755347283,36.3647388443046,16.4809851396834,11.3226024612406,16.4809851396834,11.3226024612406,10.8899415336725,-14.4724951549799,2.60208521396521e-18,1.36880192434835e-18,-1.16163138174537e-19,0,0,0,-0.000946888973156342,0.0111505857370525,0.0120044002480288,0.00975143128445296,-0.00426271685200356,0.00417145617530866,7.5655582290447e-12,5.23971102833998e-09,9.52469159891336e-12,3.78228439005894e-20,6.07153216591882e-18,2.2925514321983e-14
NC_k0055,0.0093984962406015,0.0093984962406015,0.542974161328461,-70.5760627500622,107.942860303872,-68.081073390031,95.4937206040131,73.6395353026445,-102.812379502082,65.9785830416793,-99.2890429867494,1,1120,-3.51942240249565,-1.23716472344661,-1.56967375156094,-1.47096803446002,-2.63410702983836e-19,-1.58824798746714e-18,0,8.39082748950931e-18,0.000673448175747158,0.000542513012275654,1,2.37443057626615e-19,-2.04035742826954e-19,1,-0.000946888973156346,0.0120044002480288,0.0120044002480288,0.0111505857370525,0.00975143128445296,0.00417145617530866,0.00417145617530866,-0.00426271685200356,1,0,-2.16840434497101e-19,1,-0.000946779283595806,0.012004706482729,0.012004706482729,0.0111505411220886,0.00975135941078637,0.00417156259000701,0.00417156259000701,-0.00426260997378064,-9.63098227549533,36.3438817107885,16.5233946425603,11.3469319786807,16.5233946425603,11.3469319786807,10.8696727319386,-14.5122545874933,1.30104260698261e-18,9.83118623992896e-19,-2.03814335659075e-19,0,0,0,-0.000946888973156342,0.0111505857370525,0.0120044002480288,0.00975143128445296,-0.00426271685200356,0.00417145617530866,2.20390201918958e-12,4.46586979957511e-09,7.07169741513933e-12,2.37443057626615e-19,5.20417042793042e-18,1.84023622729663e-14
NC_k0055,0.0165413533834586,0.0165413533834586,0.544365101644653,-72.4817858034207,112.805073761414,-67.3357575371301,91.069707900476,77.1046832017597,-104.805568103767,63.6517218218359,-97.7430954093175,1,1120,-6.11532214240621,-2.10598069273875,-2.71302993559785,-2.60418000091151,1.87370636249797e-18,-1.26265315475402e-18,0,-9.14874992373449e-19,0.000673010764359826,0.000542517674027251,1,6.26727382599862e-20,1.90809330401892e-20,1,-0.000946888973156341,0.0120044002480288,0.0120044002480288,0.0111505857370525,0.00975143128445296,0.00417145617530866,0.00417145617530866,-0.00426271685200356,1,0,-2.16840434497101e-19,1,-0.000946779283595806,0.012004706482729,0.012004706482729,0.0111505411220886,0.00975135941078637,0.00417156259000701,0.00417156259000701,-0.00426260997378064,-9.73611292816903,36.3143371345118,16.6161351143657,11.4010075203081,16.6161351143657,11.4010075203081,10.8285541382669,-14.597253520809,1.73472347597681e-18,9.40241105041365e-19,1.25126220523981e-20,0,0,0,-0.000946888973156342,0.0111505857370525,0.0120044002480288,0.00975143128445296,-0.00426271685200356,0.00417145617530866,1.81424305561091e-12,4.20816549937761e-09,1.6983992001402e-11,6.26727382599862e-20,3.46944695195361e-18,2.05987718809237e-14
NC_k0056,-0.0191729323308271,-0.0191729323308271,0.0970316356274163,-31.2586594426009,41.9945489444718,-37.7475551632484,56.9358388505593,24.0497276111715,-50.3113243798377,41.9574172612231,-50.2326818237235,1,1120,-0.956659740623419,1.24569212598839,0.0953806871704423,1.42895657744354,-5.97575126843008e-19,5.72552086132667e-19,0,5.68529196621092e-19,-0.00190380647421286,-0.000718810762775236,1,1.95581685785603e-19,7.11590150374094e-21,1,-0.0130849159121108,-0.00056461747783925,-0.00056461747783925,-0.0128578700403618,0.000337649338865144,0.00341650191747311,0.00341650191747311,-0.00716623110663764,1,0,0,1,-0.0130849971898346,-0.000564631881346337,-0.000564631881346337,-0.012857954214079,0.000337579707670444,0.00341658907313427,0.00341658907313427,-0.00716620502507156,-7.97493306996075,-5.11727297858904,4.85133989696309,0.68113650275382,4.85133989696309,0.68113650275382,9.13115446841741,-8.81327886507258,3.46944695195361e-18,-1.4954699368083e-18,-3.89036059902519e-20,0,0,0,-0.0130849159121108,-0.0128578700403618,-0.000564617477839249,0.000337649338865147,-0.00716623110663764,0.00341650191747311,8.62410780556145e-12,4.72959407857586e-09,1.42483285014787e-11,1.95581685785603e-19,5.20417042793042e-18,4.17628128566436e-14
NC_k0056,-0.0120300751879699,-0.0120300751879699,0.0971690429694425,-32.0546057147845,43.81331714792,-35.9226857757305,53.6927160005787,26.6234126293511,-49.74635711699,38.3387064510209,-49.397432234158,1,1120,-0.589441930861471,0.792212746249501,0.0669143690780504,0.896910490640878,2.13690530724499e-19,-1.04845638949464e-18,0,5.76069258097242e-20,-0.00190307357021387,-0.000718393407507133,1,1.8716805972693e-19,-6.74662582568719e-20,1,-0.0130849159121108,-0.00056461747783925,-0.00056461747783925,-0.0128578700403618,0.000337649338865145,0.00341650191747311,0.00341650191747311,-0.00716623110663764,1,0,0,1,-0.0130849971898346,-0.000564631881346337,-0.000564631881346337,-0.012857954214079,0.000337579707670444,0.00341658907313427,0.00341658907313427,-0.00716620502507156,-7.99828839807618,-5.13071637704269,4.80185970569713,0.664249815978105,4.80185970569713,0.664249815978105,9.12949868676244,-8.7848979359261,2.16840434497101e-18,-9.86883728932136e-19,-3.04448887217725e-19,0,0,0,-0.0130849159121108,-0.0128578700403618,-0.000564617477839249,0.000337649338865147,-0.00716623110663764,0.00341650191747311,8.52258572801922e-12,5.42002270155498e-09,5.62420907653827e-12,1.8716805972693e-19,3.46944695195361e-18,1.19112781993305e-13
NC_k0056,-0.00488721804511278,-0.00488721804511278,0.0972973219827222,-32.9538179886615,46.3092841248834,-34.4677043446736,50.4284347040377,29.7716141405455,-49.3008165035523,34.6281818913759,-49.0859969575293,1,1120,-0.23713719378501,0.321993279169112,0.0280025081767587,0.363788484568179,1.40168070902826e-18,-1.12207215528941e-18,0,-4.46444679436201e-19,-0.00190266668175765,-0.000718194892176327,1,1.69109073958e-19,9.51327729715726e-20,1,-0.0130849159121108,-0.00056461747783925,-0.00056461747783925,-0.0128578700403618,0.000337649338865144,0.00341650191747311,0.00341650191747311,-0.00716623110663764,1,0,0,1,-0.0130849971898346,-0.000564631881346337,-0.000564631881346337,-0.012857954214079,0.000337579707670444,0.00341658907313427,0.00341658907313427,-0.00716620502507156,-8.01579454944616,-5.14214372029721,4.77572839553256,0.654912234201348,4.77572839553256,0.654912234201348,9.13078614947357,-8.7740903789817,3.46944695195361e-18,-9.71809738233657e-19,-1.35719677275307e-19,0,0,0,-0.0130849159121108,-0.0128578700403618,-0.000564617477839249,0.000337649338865147,-0.00716623110663764,0.00341650191747311,2.79941922699191e-11,3.10013451857023e-09,2.23883290520379e-11,1.69109073958e-19,6.93889390390723e-18,5.5541205680076e-13
NC_k0056,0.00225563909774436,0.00225563909774436,0.0973194123358892,-34.01483104563,49.2629347769431,-33.3203889681614,47.3546824322028,33.2799372411343,-49.0823779990994,31.0319340507714,-49.1863086223581,1,1120,0.109274398858367,-0.148548111587527,-0.0129603252006181,-0.16782511836529,1.47924378070613e-18,-8.00247611808301e-19,0,-3.56572953448387e-19,-0.00190260308721495,-0.000718166579142935,1,1.8593200984503e-19,1.21583508546876e-19,1,-0.0130849159121108,-0.00056461747783925,-0.00056461747783925,-0.0128578700403618,0.000337649338865145,0.00341650191747311,0.00341650191747311,-0.00716623110663765,1,0,0,1,-0.0130849971898346,-0.000564631881346337,-0.000564631881346337,-0.012857954214079,0.000337579707670444,0.00341658907313427,0.00341658907313427,-0.00716620502507156,-8.01870613205034,-5.14416624882249,4.77169288979111,0.653446231466684,4.77169288979111,0.653446231466684,9.13102272591862,-8.77260776265837,4.33680868994202e-18,-2.08084806912705e-18,-3.18906718601675e-19,0,0,0,-0.0130849159121108,-0.0128578700403618,-0.000564617477839249,0.000337649338865147,-0.00716623110663764,0.00341650191747311,4.68593831770055e-11,4.09436517300262e-09,1.2275219435103e-11,1.8593200984503e-19,6.93889390390723e-18,3.00601657949845e-13
NC_k0056,0.0093984962406015,0.0093984962406015,0.0972258634684574,-35.3455092610471,52.4812070455629,-32.3729967813752,44.6669420341828,36.970965020705,-49.2270230060885,27.7296750123731,-49.5635620770578,1,1120,0.458388077883482,-0.619399024068603,-0.0531336122410811,-0.700305431473045,2.24351234459082e-19,1.44966545636246e-18,0,-9.80180074553898e-20,-0.00190288405849478,-0.000718297185115851,1,1.37311848447062e-19,-4.22749785812099e-20,1,-0.0130849159121108,-0.00056461747783925,-0.00056461747783925,-0.0128578700403618,0.000337649338865149,0.00341650191747311,0.00341650191747311,-0.00716623110663764,1,0,0,1,-0.0130849971898346,-0.000564631881346337,-0.000564631881346337,-0.012857954214079,0.000337579707670444,0.00341658907313427,0.00341658907313427,-0.00716620502507156,-8.0061948992198,-5.13571099647091,4.78963136487233,0.65991033067412,4.78963136487233,0.65991033067412,9.13003853649793,-8.7795638717503,3.46944695195361e-18,-2.61764669564928e-18,-4.61567938996943e-19,0,0,0,-0.0130849159121108,-0.0128578700403618,-0.000564617477839249,0.000337649338865147,-0.00716623110663764,0.00341650191747311,1.92056154748518e-11,3.12015370363224e-09,7.81114595265686e-12,1.37311848447062e-19,2.00577401909818e-18,2.52788315072285e-13
NC_k0056,0.0165413533834586,0.0165413533834586,0.0970683205499143,-37.0307489437381,55.7568271663785,-31.5362161723803,42.5697305529988,40.6488734483423,-49.8582974848768,24.9141259973741,-50.091713009828,1,1120,0.819206447454414,-1.08319064959171,-0.0871147867053087,-1.23373476633952,2.52522359144678e-18,-1.39605257214045e-18,0,6.93531800211916e-19,-0.00190350269278734,-0.00071863056605287,1,1.8472633164659e-19,1.09116383916198e-19,1,-0.0130849159121108,-0.00056461747783925,-0.00056461747783925,-0.0128578700403618,0.000337649338865145,0.00341650191747311,0.00341650191747311,-0.00716623110663764,1,0,0,1,-0.0130849971898346,-0.000564631881346337,-0.000564631881346337,-0.012857954214079,0.000337579707670444,0.00341658907313427,0.00341658907313427,-0.00716620502507156,-7.98280469135032,-5.12167430327774,4.83023578820293,0.674054257866962,4.83023578820293,0.674054257866962,9.12940245588219,-8.79963378729724,3.03576608295941e-18,-1.11712222275227e-18,-3.07502858748809e-19,0,0,0,-0.0130849159121108,-0.0128578700403618,-0.000564617477839249,0.000337649338865147,-0.00716623110663764,0.00341650191747311,9.92936341581767e-12,3.44053377675847e-09,3.24949197611818e-12,1.8472633164659e-19,5.20417042793042e-18,7.17705780841286e-14
NC_k0057,-0.0191729323308271,-0.0191729323308271,0.587533965946232,-32.4444234166181,-26.2988172241096,-36.4027036116659,-21.5360398404468,31.4246485937117,27.3204326958581,33.4121803537265,23.351747750319,1,1120,4.84200044074014,-8.68713546811836,-1.26889455903473,0.176911087845253,-1.27042368942834e-18,-5.21516200391003e-18,0,-1.26939136802388e-19,-0.00134882295019709,0.000940569497459926,1,-4.53636833952777e-20,4.19667470955352e-20,1,-0.0087404970545237,0.00970397016124897,0.00970397016124897,0.000396105896908983,-0.00035944400050365,-0.0138470573277066,-0.0138470573277066,0.00611633696272485,1,0,-2.71050543121376e-20,1,-0.0087404653937624,0.00970421771150819,0.00970421771150819,0.000396021019367336,-0.000359384343440867,-0.013847410568965,-0.013847410568965,0.00611631402054065,-7.68604664625647,35.8432304629663,0.668002818260826,-0.985731100732211,0.668002818260826,-0.985731100732211,-51.0695854065713,5.46107198344081,1.73472347597681e-18,-8.37350694036046e-19,4.58744126100269e-19,0,0,0,-0.0087404970545237,0.000396105896908983,0.00970397016124897,-0.00035944400050365,0.00611633696272485,-0.0138470573277066,8.96037099780363e-13,8.56162801810092e-09,5.95393883603201e-12,4.53636833952777e-20,3.46944695195361e-18,4.66739121440868e-14
NC_k0057,-0.0120300751879699,-0.0120300751879699,0.585476099407214,-32.0117341012504,-24.2355817231405,-34.7139344667983,-21.1452444090034,30.7496123185715,25.374637827508,31.9805018066205,22.8126459042959,1,1120,3.05665358275022,-5.53340105307712,-0.817326665207882,0.113321900407672,-1.03075307002478e-18,7.71968622770828e-18,0,9.11919476044797e-19,-0.00134604840330512,0.000938160919486627,1,3.61381144239672e-19,1.38043197971259e-19,1,-0.0087404970545237,0.00970397016124897,0.00970397016124897,0.000396105896908983,-0.000359444000503648,-0.0138470573277066,-0.0138470573277066,0.00611633696272485,1,0,-2.71050543121376e-20,1,-0.0087404653937624,0.00970421771150819,0.00970421771150819,0.000396021019367336,-0.000359384343440867,-0.013847410568965,-0.013847410568965,0.00611631402054065,-7.65167337186077,35.7360719972502,0.624639703685826,-0.953214774659966,0.624639703685826,-0.953214774659966,-50.9490898815211,5.41785254970114,1.73472347597681e-18,-9.77102691987927e-19,6.27042359223876e-19,0,0,0,-0.0087404970545237,0.000396105896908983,0.00970397016124897,-0.00035944400050365,0.00611633696272485,-0.0138470573277066,8.50393676951086e-13,6.29050639567397e-09,4.34473843683926e-12,3.61381144239672e-19,2.05998412772246e-18,2.02901303324198e-14
NC_k0057,-0.00488721804511278,-0.00488721804511278,0.584728130661452,-32.2199121927175,-22.6218744094356,-33.3644408731578,-21.3513211068735,30.551063548591,23.9078271158242,31.0483685170285,22.8550860821687,1,1120,1.2409364619083,-2.25840763150206,-0.33576548596594,0.0465668963464056,-1.52591992831127e-18,1.64933858442663e-18,0,9.39658150706151e-19,-0.00134476025531477,0.000937003913005492,1,1.06499517269461e-19,-1.3533607850995e-19,1,-0.0087404970545237,0.00970397016124897,0.00970397016124897,0.000396105896908981,-0.000359444000503649,-0.0138470573277066,-0.0138470573277066,0.00611633696272485,1,0,-2.71050543121376e-20,1,-0.0087404653937624,0.00970421771150819,0.00970421771150819,0.000396021019367336,-0.000359384343440867,-0.013847410568965,-0.013847410568965,0.00611631402054065,-7.6456162611147,35.6996217514864,0.598937459597275,-0.932530069136857,0.598937459597275,-0.932530069136857,-50.9140382468991,5.40387139889042,2.16840434497101e-18,-6.48283035911837e-19,3.90238214387153e-19,0,0,0,-0.0087404970545237,0.000396105896908983,0.00970397016124897,-0.00035944400050365,0.00611633696272485,-0.0138470573277066,6.63097190595552e-12,3.8126978868886e-09,1.29406907855579e-12,1.3533607850995e-19,3.46944695195361e-18,1.20567419911794e-13
NC_k0057,0.00225563909774436,0.00225563909774436,0.584632135657871,-32.9703790048927,-21.581226450848,-32.4395924387101,-22.1685085779233,30.8268003530205,23.0257599704362,30.5977075616335,23.5119501486879,1,1120,-0.572487872105966,1.04277776764955,0.1551956655294,-0.0215288609484439,4.74106839890893e-20,-1.0281729282581e-17,0,6.31352219975999e-19,-0.00134457608511225,0.000936834684468212,1,2.24030079914025e-20,-1.19065329384003e-19,1,-0.0087404970545237,0.00970397016124897,0.00970397016124897,0.00039610589690898,-0.000359444000503649,-0.0138470573277066,-0.0138470573277066,0.00611633696272485,1,0,-2.71050543121376e-20,1,-0.0087404653937624,0.00970421771150819,0.00970421771150819,0.000396021019367336,-0.000359384343440867,-0.013847410568965,-0.013847410568965,0.00611631402054065,-7.64543949183419,35.6951488452388,0.594827715441783,-0.929125038658981,0.594827715441783,-0.929125038658981,-50.9102127317316,5.40225865425878,1.30104260698261e-18,-6.55334478154912e-19,4.55701589437157e-19,0,0,0,-0.0087404970545237,0.000396105896908983,0.00970397016124897,-0.00035944400050365,0.00611633696272485,-0.0138470573277066,8.7867081273801e-12,4.54769861657903e-09,5.57561172904801e-12,1.19065329384003e-19,2.27682456221956e-18,6.58956916748035e-14
NC_k0057,0.0093984962406015,0.0093984962406015,0.585099072849152,-34.1720829575072,-21.1502544120759,-32.0185271391664,-23.5792308969673,31.5798783743077,22.7581223790414,30.620628432742,24.770783991234,1,1120,-2.38808287065017,4.33361876511025,0.642026845171843,-0.0890250443504125,-5.51964387866835e-19,-9.41860932677379e-19,0,3.35274086650912e-19,-0.00134542560506973,0.000937605654100866,1,7.53331566806582e-20,1.66840304535368e-19,1,-0.00874049705452371,0.00970397016124897,0.00970397016124897,0.00039610589690898,-0.000359444000503649,-0.0138470573277066,-0.0138470573277066,0.00611633696272485,1,0,-2.71050543121376e-20,1,-0.0087404653937624,0.00970421771150819,0.00970421771150819,0.000396021019367336,-0.000359384343440867,-0.013847410568965,-0.013847410568965,0.00611631402054065,-7.64777904698058,35.7174142363255,0.612830676165641,-0.94384490931775,0.612830676165641,-0.94384490931775,-50.9304745710419,5.41052686005552,1.73472347597681e-18,-1.87795555951094e-19,4.96723410656389e-19,0,0,0,-0.0087404970545237,0.000396105896908983,0.00970397016124897,-0.00035944400050365,0.00611633696272485,-0.0138470573277066,1.11021821722086e-12,4.15092200802751e-09,1.13081133936688e-12,1.66840304535368e-19,3.46944695195361e-18,4.74373946286952e-15
NC_k0057,0.0165413533834586,0.0165413533834586,0.586545576897391,-35.7470766600148,-21.3257616789843,-32.2053360275466,-25.5000580342671,32.8261066826525,23.0923056245968,31.1218277713935,26.5577678769082,1,1120,-4.19378133649637,7.5511356623983,1.10792692754763,-0.153940824561227,-9.55502795339604e-19,-1.91896637689442e-18,0,1.09462423461337e-18,-0.00134759846482518,0.000939517826379144,1,1.67549724237142e-19,-1.38962608524394e-19,1,-0.00874049705452371,0.00970397016124897,0.00970397016124897,0.000396105896908983,-0.000359444000503648,-0.0138470573277066,-0.0138470573277066,0.00611633696272485,1,0,-2.71050543121376e-20,1,-0.0087404653937624,0.00970421771150819,0.00970421771150819,0.000396021019367336,-0.000359384343440867,-0.013847410568965,-0.013847410568965,0.00611631402054065,-7.66774549333188,35.7908874255609,0.650402185200414,-0.972910297523481,0.650402185200414,-0.972910297523481,-51.008685378455,5.44003395425935,2.60208521396521e-18,-3.75124760008605e-19,5.6631015216757e-20,0,0,0,-0.0087404970545237,0.000396105896908983,0.00970397016124897,-0.00035944400050365,0.00611633696272485,-0.0138470573277066,5.14782980247747e-13,4.61117522164732e-09,6.40724129257382e-12,1.67549724237142e-19,6.93889390390723e-18,3.46385381646047e-14
NC_k0058,-0.0191729323308271,-0.0191729323308271,0.25673412081179,112.910002652883,48.3005352515457,117.793064671255,51.3385912278728,-106.567196525694,-55.076216444259,-123.508543590429,-47.3254191230179,1,1120,-2.1057987687649,0.681588708307298,-0.469989319950992,-1.17329763717251,3.68150462814893e-18,1.25808877213395e-18,0,2.53150354665729e-19,-0.000282311846527726,-0.00113336486356863,1,3.08962394715369e-20,8.8400069653134e-21,1,0.00572346562335537,-0.00470009187908999,-0.00470009187908999,-0.0160558367440877,-0.000666340657392892,0.00100947961288123,0.00100947961288123,-0.00926812413992542,1,0,-5.42101086242752e-20,1,0.00572329377713135,-0.00470021177939302,-0.00470021177939302,-0.0160557307930876,-0.000666427194483968,0.00100950536491217,0.00100950536491217,-0.00926810096039045,17.5989631715249,-19.8825267707563,3.31237071726748,-15.7780514329892,3.31237071726748,-15.7780514329892,10.1681555418147,-9.64600251721537,1.0842021724855e-18,7.53008734985412e-19,5.18462270946774e-20,0,0,0,0.00572346562335538,-0.0160558367440877,-0.00470009187908999,-0.000666340657392888,-0.00926812413992542,0.00100947961288123,1.92330513907938e-12,6.14683453631924e-09,9.21319036245544e-12,3.08962394715369e-20,6.93889390390723e-18,9.1028783375047e-14
NC_k0058,-0.0120300751879699,-0.0120300751879699,0.255780708767034,113.417619818165,47.9537381752321,116.225626580543,50.1466002579038,-109.176402411099,-52.8594505463429,-119.847111424497,-48.0177504323986,1,1120,-1.35572354278152,0.446478938427449,-0.300050719436856,-0.733673859485262,1.03320152463793e-18,-1.00082567546261e-18,0,-3.56329555553143e-19,-0.000283646391251544,-0.00113201802027082,1,-8.9837857911406e-20,4.68843236219847e-20,1,0.00572346562335537,-0.00470009187908999,-0.00470009187908999,-0.0160558367440877,-0.000666340657392889,0.00100947961288123,0.00100947961288123,-0.00926812413992542,1,0,-5.42101086242752e-20,1,0.00572329377713135,-0.00470021177939302,-0.00470021177939302,-0.0160557307930876,-0.000666427194483968,0.00100950536491217,0.00100950536491217,-0.00926810096039045,17.5053664349923,-19.8459285474518,3.29906926762601,-15.6876250367568,3.29906926762601,-15.6876250367568,10.077653973509,-9.66558107106952,2.16840434497101e-18,-2.7066275720376e-19,-3.92165810644687e-19,0,0,0,0.00572346562335538,-0.0160558367440877,-0.00470009187908999,-0.000666340657392888,-0.00926812413992542,0.00100947961288123,3.24298727659302e-12,4.99774303432394e-09,6.12403109553595e-12,8.9837857911406e-20,3.46944695195361e-18,7.29208504566726e-14
NC_k0058,-0.00488721804511278,-0.00488721804511278,0.255364522991319,113.987465759708,48.1996634760954,115.074672792262,49.1489337013327,-112.053697785723,-51.0484078922355,-116.392510026715,-49.083765390604,1,1120,-0.555122528150291,0.184989455121069,-0.122143914099646,-0.296483465445191,-1.19003166005554e-18,7.20576883929644e-19,0,-6.60784960531861e-19,-0.000284379638473984,-0.00113137559836132,1,-6.73451806410088e-20,5.82965191955654e-20,1,0.00572346562335537,-0.00470009187908999,-0.00470009187908999,-0.0160558367440877,-0.00066634065739289,0.00100947961288123,0.00100947961288123,-0.00926812413992542,1,0,-5.42101086242752e-20,1,0.00572329377713135,-0.00470021177939302,-0.00470021177939302,-0.0160557307930876,-0.000666427194483968,0.00100950536491217,0.00100950536491217,-0.00926810096039045,17.460559077182,-19.8398195532765,3.29313078843825,-15.6404843744196,3.29313078843825,-15.6404843744196,10.0380327561538,-9.68394692408215,1.73472347597681e-18,1.02287086771705e-18,-3.6935881462683e-19,0,0,0,0.00572346562335538,-0.0160558367440877,-0.00470009187908999,-0.000666340657392888,-0.00926812413992542,0.00100947961288123,2.28110473291585e-11,3.08229246148062e-09,5.48042990808974e-13,6.73451806410088e-20,7.80625564189563e-18,4.13022083505997e-15
NC_k0058,0.00225563909774436,0.00225563909774436,0.255304368285597,114.733808915799,48.8389856824938,114.236170559405,48.3970066757918,-115.178272896604,-49.5575592568668,-113.17579843285,-50.4635802629294,1,1120,0.256392196694436,-0.0855863235727919,0.0563659381301462,0.13669598432469,1.22313377380869e-18,6.68987283485936e-19,0,-7.39300944275394e-20,-0.000284491288192016,-0.0011312813624215,1,1.06812055039291e-19,1.42337513110528e-19,1,0.00572346562335538,-0.00470009187908999,-0.00470009187908999,-0.0160558367440877,-0.00066634065739289,0.00100947961288123,0.00100947961288123,-0.00926812413992542,1,0,-5.42101086242752e-20,1,0.00572329377713135,-0.00470021177939302,-0.00470021177939302,-0.0160557307930876,-0.000666427194483968,0.00100950536491217,0.00100950536491217,-0.00926810096039045,17.4538399186827,-19.839642917301,3.29226186453187,-15.6331754284433,3.29226186453187,-15.6331754284433,10.0324423966149,-9.68717647504715,2.16840434497101e-18,-7.39653700944727e-19,-1.22905801374378e-18,0,0,0,0.00572346562335538,-0.0160558367440877,-0.00470009187908999,-0.000666340657392888,-0.00926812413992542,0.00100947961288123,2.37724430486661e-11,3.75797486253664e-09,9.20573946254922e-12,1.42337513110528e-19,3.46944695195361e-18,7.61009420301263e-15
NC_k0058,0.0093984962406015,0.0093984962406015,0.255579765125086,115.759839829107,49.7549077254656,113.615281501518,47.988365778969,-118.548810951924,-48.3717555445988,-110.20817953207,-52.1511724047298,1,1120,1.06362645708548,-0.352177243312567,0.234778240545068,0.57199233747127,2.75945136241975e-18,-1.62898332391293e-19,0,6.38795191127751e-19,-0.000283990398715344,-0.00113170876740307,1,-5.67830732017384e-20,5.92208987954094e-20,1,0.00572346562335538,-0.00470009187908999,-0.00470009187908999,-0.0160558367440877,-0.000666340657392888,0.00100947961288123,0.00100947961288123,-0.00926812413992542,1,0,-5.42101086242752e-20,1,0.00572329377713135,-0.00470021177939302,-0.00470021177939302,-0.0160557307930876,-0.000666427194483968,0.00100950536491217,0.00100950536491217,-0.00926810096039045,17.4840826869468,-19.8419967416069,3.29620695865658,-15.665570318111,3.29620695865658,-15.665570318111,10.0583458279673,-9.67360666528347,8.67361737988404e-19,-5.91354727123704e-19,-5.12836974786281e-19,0,0,0,0.00572346562335538,-0.0160558367440877,-0.00470009187908999,-0.000666340657392888,-0.00926812413992542,0.00100947961288123,1.14658259533285e-11,5.13838036057086e-09,5.88280354039678e-12,5.92208987954094e-20,3.46944695195361e-18,2.84528034045877e-14
NC_k0058,0.0165413533834586,0.0165413533834586,0.256295916599988,117.15809425431,50.8779349648416,113.094704218909,48.0875488573452,-122.13696514418,-47.5306858422961,-107.49018736323,-54.2025823845744,1,1120,1.84020808408943,-0.599428147412882,0.409457379103269,1.01187231209587,-3.364304024292e-18,-6.76104345476343e-20,0,-1.44829399090685e-18,-0.000282860576815029,-0.00113277882858665,1,6.61293924173085e-21,9.64968839903775e-20,1,0.00572346562335538,-0.00470009187908998,-0.00470009187908998,-0.0160558367440877,-0.00066634065739289,0.00100947961288123,0.00100947961288123,-0.00926812413992542,1,0,-5.42101086242752e-20,1,0.00572329377713135,-0.00470021177939302,-0.00470021177939302,-0.0160557307930876,-0.000666427194483968,0.00100950536491217,0.00100950536491217,-0.00926810096039045,17.5572975393664,-19.862621439886,3.30637029401402,-15.7390369417953,3.30637029401402,-15.7390369417953,10.127249686149,-9.65158502444253,1.95156391047391e-18,-5.16982385188172e-19,-8.3936350712371e-19,0,0,0,0.00572346562335538,-0.0160558367440877,-0.00470009187908999,-0.000666340657392888,-0.00926812413992542,0.00100947961288123,3.59997374493458e-12,2.91717265791501e-09,1.01103076134393e-11,9.64968839903775e-20,3.46944695195361e-18,1.66774356045556e-14
NC_k0059,-0.0191729323308271,-0.0191729323308271,0.487694109902449,145.4342878929,-59.4725371973732,161.320682794363,-86.0880825604737,-132.641078630142,65.1773705859576,-172.979130094972,80.9213109181177,1,1120,-0.272956911406233,-2.88047243048267,-1.04063168282333,-3.98976427943295,3.82269939562806e-19,6.79822522329769e-20,0,4.11423754816115e-18,0.000405867729420701,0.000171197292692676,1,4.16750658666316e-21,4.94785679739826e-20,1,0.0125934877014677,-0.00328537948333291,-0.00328537948333291,-0.0106863504327794,-0.00533084528573012,-0.00734647189427622,-0.00734647189427622,0.00583298404228314,1,0,0,1,0.0125933453145449,-0.00328546329403402,-0.00328546329403402,-0.0106861958829914,-0.00533077248663122,-0.00734665930427353,-0.00734665930427353,0.00583291444559979,24.2882536471587,-7.171654128553,-9.80335532351777,-20.6401556673595,-9.80335532351777,-20.6401556673595,-16.5837892040618,11.5639394680716,1.30104260698261e-18,1.34202101039337e-18,-7.07345907117012e-20,0,0,0,0.0125934877014677,-0.0106863504327794,-0.00328537948333291,-0.00533084528573012,0.00583298404228314,-0.00734647189427622,9.34312046127001e-13,4.72897023452357e-09,2.63164557212542e-13,4.94785679739826e-20,6.93889390390723e-18,4.9968607157049e-14
NC_k0059,-0.0120300751879699,-0.0120300751879699,0.485209102213983,148.130064719728,-63.8131378278743,157.441565872866,-80.7797899314527,-139.31274139283,67.875781493617,-165.113069957802,77.2521789835136,1,1120,-0.202680765725819,-1.83383262724477,-0.672049419680297,-2.49896138677718,-2.05283728723e-18,6.85225666090965e-19,0,-1.32408455012588e-18,0.00040501275004728,0.000170653847733613,1,-1.52035741678776e-19,1.63170324923606e-19,1,0.0125934877014677,-0.00328537948333291,-0.00328537948333291,-0.0106863504327794,-0.00533084528573011,-0.00734647189427622,-0.00734647189427622,0.00583298404228314,1,0,0,1,0.0125933453145449,-0.00328546329403402,-0.00328546329403402,-0.0106861958829914,-0.00533077248663122,-0.00734665930427353,-0.00734665930427353,0.00583291444559979,24.1735617055781,-7.20362824148082,-9.72644659742466,-20.4890708549582,-9.72644659742466,-20.4890708549582,-16.6345117285429,11.4583041853985,8.67361737988404e-19,7.20354118611272e-19,-2.03513758866563e-20,0,0,0,0.0125934877014677,-0.0106863504327794,-0.00328537948333291,-0.00533084528573012,0.00583298404228314,-0.00734647189427622,6.98487238959211e-13,4.54327451974361e-09,9.49067244233182e-13,1.63170324923606e-19,6.93889390390723e-18,6.6355860941641e-15
NC_k0059,-0.00488721804511278,-0.00488721804511278,0.483933801514926,150.625765131786,-68.504495797834,154.255147637614,-75.4514221597495,-146.576887160235,70.3985173053266,-157.152762805949,74.0902576767902,1,1120,-0.0861599304996372,-0.745978843973437,-0.274605795576129,-1.01151315912086,-2.79872258918132e-18,5.35437898254454e-18,0,4.05119976803971e-18,0.000404437577883889,0.000170309366829328,1,-3.56706165339926e-20,-8.24021251072987e-20,1,0.0125934877014677,-0.00328537948333291,-0.00328537948333291,-0.0106863504327794,-0.00533084528573011,-0.00734647189427622,-0.00734647189427622,0.00583298404228314,1,0,0,1,0.0125933453145449,-0.00328546329403402,-0.00328546329403402,-0.0106861958829914,-0.00533077248663122,-0.00734665930427353,-0.00734665930427353,0.00583291444559979,24.1166940425458,-7.22300059045095,-9.68551666058011,-20.4081659556312,-9.68551666058011,-20.4081659556312,-16.6658968835486,11.4039493430362,1.0842021724855e-18,5.22987415850075e-19,-3.13489654514725e-19,0,0,0,0.0125934877014677,-0.0106863504327794,-0.00328537948333291,-0.00533084528573012,0.00583298404228314,-0.00734647189427622,3.7074271340555e-12,3.23146897485055e-09,3.70510041432895e-12,8.24021251072987e-20,2.60208521396521e-18,6.17129848523209e-14
NC_k0059,0.00225563909774436,0.00225563909774436,0.483736415235621,153.215794959227,-73.5292005708484,151.551833650162,-70.3193395041887,-154.251375247082,73.0383356300506,-149.364113543915,71.3428014020055,1,1120,0.0399521252626114,0.344215652373115,0.126775366619793,0.466469185179285,1.14348786134841e-18,3.02688381754182e-18,0,-7.42093506023373e-19,0.000404343726035564,0.000170255155596006,1,-6.07297829268553e-20,-8.65131675444407e-20,1,0.0125934877014677,-0.00328537948333291,-0.00328537948333291,-0.0106863504327794,-0.00533084528573012,-0.00734647189427623,-0.00734647189427623,0.00583298404228313,1,0,0,1,0.0125933453145449,-0.00328546329403402,-0.00328546329403402,-0.0106861958829914,-0.00533077248663122,-0.00734665930427353,-0.00734665930427353,0.00583291444559979,24.1079754089281,-7.22606287721569,-9.67915076512458,-20.3955353944367,-9.67915076512458,-20.3955353944367,-16.6708388982286,11.3955956694876,1.30104260698261e-18,-1.16439545459059e-18,6.3617341769121e-19,0,0,0,0.0125934877014677,-0.0106863504327794,-0.00328537948333291,-0.00533084528573012,0.00583298404228314,-0.00734647189427622,9.83867763404681e-12,3.55791080126228e-09,1.94734841446715e-12,8.65131675444407e-20,1.04083408558608e-17,1.56066740680951e-14
NC_k0059,0.0093984962406015,0.0093984962406015,0.484612370241332,156.1976711545,-78.8056514515738,149.060085272317,-65.5012757910516,-162.176284822826,76.0308464399777,-141.932931623417,68.8103907233844,1,1120,0.162310731564008,1.43429561527415,0.526880094456602,1.94950223694658,-2.66721410667519e-18,7.31803379203213e-18,0,-5.3099171974392e-18,0.000404751582536856,0.000170495868089917,1,-7.33780940010682e-20,1.52875537927205e-19,1,0.0125934877014677,-0.00328537948333291,-0.00328537948333291,-0.0106863504327794,-0.00533084528573012,-0.00734647189427622,-0.00734647189427622,0.00583298404228314,1,0,0,1,0.0125933453145449,-0.00328546329403402,-0.00328546329403402,-0.0106861958829914,-0.00533077248663122,-0.00734665930427353,-0.00734665930427353,0.00583291444559979,24.1468266733724,-7.21259163927596,-9.70735262104002,-20.451365941299,-9.70735262104002,-20.451365941299,-16.649077752933,11.4327959186234,1.0842021724855e-18,-6.20698996387301e-19,1.14317517273634e-19,0,0,0,0.0125934877014677,-0.0106863504327794,-0.00328537948333291,-0.00533084528573012,0.00583298404228314,-0.00734647189427622,2.4762586388391e-12,3.87733097949014e-09,6.26025811972382e-12,1.52875537927205e-19,5.20417042793042e-18,9.27835013269001e-15
NC_k0059,0.0165413533834586,0.0165413533834586,0.486609922635199,159.798999776845,-84.1518884888426,146.459710293266,-61.028223248174,-170.110246700896,79.5104788757609,-135.009037901421,66.2072348205057,1,1120,0.256880737277549,2.5057582235938,0.911670857087559,3.44253345089711,2.82531810023612e-18,-4.96566447882933e-19,0,-2.46456147404459e-18,0.000405551841562148,0.000170987066125821,1,-1.2924992931428e-19,-4.49436081996185e-20,1,0.0125934877014677,-0.00328537948333291,-0.00328537948333291,-0.0106863504327794,-0.00533084528573012,-0.00734647189427622,-0.00734647189427622,0.00583298404228314,1,0,0,1,0.0125933453145449,-0.00328546329403402,-0.00328546329403402,-0.0106861958829914,-0.00533077248663122,-0.00734665930427353,-0.00734665930427353,0.00583291444559979,24.2374588099102,-7.18407818090514,-9.77047331766193,-20.5757241974986,-9.77047331766193,-20.5757241974986,-16.6031765482962,11.5182112537613,1.0842021724855e-18,-1.25184787681181e-18,3.42901115714468e-19,0,0,0,0.0125934877014677,-0.0106863504327794,-0.00328537948333291,-0.00533084528573012,0.00583298404228314,-0.00734647189427622,2.34653877835777e-12,4.88892314323923e-09,7.25878330859318e-12,1.2924992931428e-19,8.67361737988404e-18,1.49441276739982e-14
NC_k0060,-0.0191729323308271,-0.0191729323308271,0.277234102141058,64.7957666690873,113.825873511138,58.8379617096812,133.518768987137,-56.9277912112391,-121.218902337459,-63.8742512170268,-126.659510053477,1,1120,1.20454140576552,0.749902544122213,0.64496650346295,1.1350349768957,1.08629328507404e-18,5.70751313939139e-19,0,8.3080035491356e-19,0.00128943439477793,0.000180631639472881,1,-5.82724103801487e-20,-1.92453143073066e-21,1,0.0110124244131944,0.00201889622432736,0.00201889622432736,0.00192426675443054,0.0147006014428568,0.0022188640864324,0.0022188640864324,-0.00706517681456636,1,0,-2.16840434497101e-19,1,0.0110124077052092,0.00201894772678206,0.00201894772678206,0.00192436596682367,0.0147004869781506,0.00221892069010807,0.00221892069010807,-0.00706501365454996,11.4705318866011,-0.130896551461366,17.2072481045582,-4.80950880526464,17.2072481045582,-4.80950880526464,11.9050142489895,-18.9985870819842,1.73472347597681e-18,4.66572448032385e-19,1.51173614803666e-18,0,0,0,0.0110124244131944,0.00192426675443054,0.00201889622432736,0.0147006014428568,-0.00706517681456636,0.0022188640864324,1.5856886964805e-12,5.72603961945143e-09,8.66113454525981e-12,5.82724103801487e-20,8.67361737988404e-18,7.02814478150228e-14
NC_k0060,-0.0120300751879699,-0.0120300751879699,0.276367565072329,63.0621931456477,117.051179255302,59.3433016930984,129.487079163616,-57.4287399022694,-121.974649670773,-62.1257782856637,-125.092451649358,1,1120,0.745883358459131,0.504927231704456,0.412767494753979,0.709362565127334,2.96719611890122e-18,-1.59800706433404e-18,0,-6.36003291124262e-18,0.00128822474058569,0.000181775013462794,1,-2.19724724016483e-19,-9.26150386958888e-20,1,0.0110124244131944,0.00201889622432736,0.00201889622432736,0.00192426675443054,0.0147006014428568,0.0022188640864324,0.0022188640864324,-0.00706517681456638,1,0,-2.16840434497101e-19,1,0.0110124077052092,0.00201894772678206,0.00201894772678206,0.00192436596682367,0.0147004869781506,0.00221892069010807,0.00221892069010807,-0.00706501365454996,11.5017602015003,-0.0481162015679824,17.1051886993958,-4.78225265749175,17.1051886993958,-4.78225265749175,11.8738787331432,-18.9162741033604,1.95156391047391e-18,1.71546263094424e-18,2.11469543260623e-18,0,0,0,0.0110124244131944,0.00192426675443054,0.00201889622432736,0.0147006014428568,-0.00706517681456636,0.0022188640864324,1.86356111993462e-12,3.82262377053094e-09,6.24911560634055e-12,2.19724724016483e-19,1.30104260698261e-17,3.81633739515658e-14
NC_k0060,-0.00488721804511278,-0.00488721804511278,0.275972326050715,61.6769377175997,120.521074206653,60.1659604557557,125.583256404969,-58.5038523418206,-122.714609958926,-60.4787074801167,-123.917142160625,1,1120,0.299774981217234,0.210684718015736,0.168451700746868,0.286574577106161,-2.11572948356363e-18,-1.50052879222834e-18,0,-8.91194465797281e-18,0.00128762093512784,0.000182445990073864,1,-3.13504472748675e-20,-5.30516875828645e-20,1,0.0110124244131944,0.00201889622432736,0.00201889622432736,0.00192426675443054,0.0147006014428568,0.0022188640864324,0.0022188640864324,-0.00706517681456636,1,0,-2.16840434497101e-19,1,0.0110124077052092,0.00201894772678206,0.00201894772678206,0.00192436596682367,0.0147004869781506,0.00221892069010807,0.00221892069010807,-0.00706501365454996,11.5259883906287,-0.00782181686086899,17.0512872910276,-4.76842500689187,17.0512872910276,-4.76842500689187,11.8670936767985,-18.8766897184873,1.30104260698261e-18,8.23599918780449e-19,1.09767992470565e-18,0,0,0,0.0110124244131944,0.00192426675443054,0.00201889622432736,0.0147006014428568,-0.00706517681456636,0.0022188640864324,1.32828642764016e-11,3.12352166296631e-09,9.60561773838804e-12,5.30516875828645e-20,3.46944695195361e-18,7.12062249758116e-14
NC_k0060,0.00225563909774436,0.00225563909774436,0.275913271325877,60.53196833518,124.185670364322,61.2293279055759,121.848907830802,-59.9073320513072,-123.556154175436,-58.9914695612748,-123.005661586369,1,1120,-0.138138393658208,-0.0975394436888298,-0.0777736863245236,-0.132077345535675,-2.85072908865375e-19,-8.18538229513074e-19,0,4.47801834667217e-18,0.00128753197303979,0.00018255166821899,1,5.9342110829433e-21,-5.38914574577094e-20,1,0.0110124244131944,0.00201889622432736,0.00201889622432736,0.00192426675443054,0.0147006014428568,0.0022188640864324,0.0022188640864324,-0.00706517681456636,1,0,-2.16840434497101e-19,1,0.0110124077052092,0.00201894772678206,0.00201894772678206,0.00192436596682367,0.0147004869781506,0.00221892069010807,0.00221892069010807,-0.00706501365454996,11.5300759722677,-0.0018912983045239,17.0428885023087,-4.76630089990128,17.0428885023087,-4.76630089990128,11.8666078202267,-18.8706892389293,1.40946282423116e-18,9.66536430984669e-19,-3.68427867106612e-19,0,0,0,0.0110124244131944,0.00192426675443054,0.00201889622432736,0.0147006014428568,-0.00706517681456636,0.0022188640864324,8.49042362475841e-11,3.2152246567573e-09,6.34426971114456e-12,5.38914574577094e-20,6.07153216591882e-18,1.04619101870461e-14
NC_k0060,0.0093984962406015,0.0093984962406015,0.276179368147515,59.6152057274508,128.03189416745,62.5197844743747,118.30668143538,-61.5054797428847,-124.622340175517,-57.7745886099387,-122.245032206152,1,1120,-0.579972583354093,-0.399798300211437,-0.323324391576613,-0.552877499854005,1.59680268936217e-18,-4.80261063648288e-20,0,9.51631590072856e-18,0.00128793703801393,0.000182086503992112,1,-4.76315515692956e-21,-2.26457554436307e-19,1,0.0110124244131944,0.00201889622432736,0.00201889622432736,0.00192426675443054,0.0147006014428568,0.0022188640864324,0.0022188640864324,-0.00706517681456636,1,0,-2.16840434497101e-19,1,0.0110124077052092,0.00201894772678206,0.00201894772678206,0.00192436596682367,0.0147004869781506,0.00221892069010807,0.00221892069010807,-0.00706501365454996,11.5125905111554,-0.0288298851989444,17.0800380696444,-4.77574446195848,17.0800380696444,-4.77574446195848,11.8698866431616,-18.8975625060326,2.16840434497101e-18,7.11194499373022e-19,2.50543183378183e-19,0,0,0,0.0110124244131944,0.00192426675443054,0.00201889622432736,0.0147006014428568,-0.00706517681456636,0.0022188640864324,9.82746965530401e-12,4.72889400089002e-09,3.00950350863612e-12,2.26457554436307e-19,5.20417042793042e-18,1.82907028715711e-14
NC_k0060,0.0165413533834586,0.0165413533834586,0.276838322083176,58.9778250614549,132.020514435914,64.1035841032615,114.974865188695,-63.2191347328957,-126.025973087632,-57.0239969457392,-121.501670031337,1,1120,-1.03476931058752,-0.668986398415032,-0.56223938397085,-0.978703974705535,6.91159032624808e-19,-1.06836331811634e-18,0,-4.76983443189108e-18,0.00128891484486047,0.000181086866469612,1,-3.85787582169133e-20,3.6752654898889e-20,1,0.0110124244131944,0.00201889622432736,0.00201889622432736,0.00192426675443054,0.0147006014428568,0.0022188640864324,0.0022188640864324,-0.00706517681456636,1,0,-2.16840434497101e-19,1,0.0110124077052092,0.00201894772678206,0.00201894772678206,0.00192436596682367,0.0147004869781506,0.00221892069010807,0.00221892069010807,-0.00706501365454996,11.4810152722646,-0.0949656675930585,17.1634267970339,-4.7976944530988,17.1634267970339,-4.7976944530988,11.8887696969226,-18.9618177172901,8.67361737988404e-19,7.49721367488155e-19,-1.32312761760487e-18,0,0,0,0.0110124244131944,0.00192426675443054,0.00201889622432736,0.0147006014428568,-0.00706517681456636,0.0022188640864324,7.17353236774021e-12,3.42076967610904e-09,9.69276579604487e-12,3.85787582169133e-20,8.67361737988404e-18,9.42436035674728e-15
NC_k0061,-0.0191729323308271,-0.0191729323308271,0.198601910510208,50.4621036955679,-32.7266043855527,52.9315516471461,-44.9241825175326,-42.3772920981561,40.6233840281229,-57.6429869913085,36.1783246577036,1,1120,-4.592755847974,-1.73560696197831,-2.08835972728423,-1.50609324906359,1.69439593957301e-18,8.34393213904184e-19,0,-2.53845517252518e-18,0.00197081478588355,-0.000202761301109575,1,-1.7458987625826e-19,1.60795425021104e-21,1,0.0144410819694882,-0.00741668693217575,-0.00741668693217575,0.0110534261280014,-0.00211563498216453,-0.00256145906364692,-0.00256145906364692,0.00179796924916267,1,0,2.71050543121376e-20,1,0.0144411416608033,-0.007416876133373,-0.007416876133373,0.0110535290292124,-0.00211561103591858,-0.00256152440699038,-0.00256152440699038,0.0017979432769873,10.6828089594751,-23.9199671658943,-6.73167471236754,-2.51807019988326,-6.73167471236754,-2.51807019988326,-5.10905246826269,5.36930339529852,2.60208521396521e-18,1.13878743830157e-18,-9.19717639622461e-20,0,0,0,0.0144410819694882,0.0110534261280014,-0.00741668693217575,-0.00211563498216453,0.00179796924916267,-0.00256145906364692,1.81063239029257e-12,4.21917495968219e-09,3.99615638371475e-12,1.7458987625826e-19,3.46944695195361e-18,5.08707569737585e-14
NC_k0061,-0.0120300751879699,-0.0120300751879699,0.19802269817024,50.0403873825645,-34.3956799550889,51.1556891903066,-42.4935728784203,-43.931265780595,39.7150898511329,-53.8977372526113,36.3442352994461,1,1120,-2.96248274214474,-1.1289701582419,-1.35017945712759,-0.941277852336867,-2.0731793128539e-19,-4.20262345097367e-19,0,1.50092914764482e-18,0.00196928349478856,-0.000201878364220864,1,-4.31217748277872e-19,6.18903719447943e-20,1,0.0144410819694882,-0.00741668693217575,-0.00741668693217575,0.0110534261280014,-0.00211563498216453,-0.00256145906364692,-0.00256145906364692,0.00179796924916267,1,0,2.71050543121376e-20,1,0.0144411416608033,-0.007416876133373,-0.007416876133373,0.0110535290292124,-0.00211561103591858,-0.00256152440699038,-0.00256152440699038,0.0017979432769873,10.6712955040179,-23.8567612032466,-6.66650936915486,-2.51164537387037,-6.66650936915486,-2.51164537387037,-5.15009335222135,5.33488357397084,3.46944695195361e-18,1.98946592418158e-18,2.72228742371602e-20,0,0,0,0.0144410819694882,0.0110534261280014,-0.00741668693217575,-0.00211563498216453,0.00179796924916267,-0.00256145906364692,1.39635952334983e-12,4.30783380726196e-09,6.09532996226556e-12,4.31217748277872e-19,1.73472347597681e-18,2.64909216964817e-14
NC_k0061,-0.00488721804511278,-0.00488721804511278,0.197797348392188,49.7845732539722,-36.5143869294444,50.1352801026586,-39.9001507731891,-46.2131517327552,38.5471790167488,-50.3451729620264,37.0475880201433,1,1120,-1.21637773400983,-0.46519849773531,-0.554920156475905,-0.380623301219894,-1.74338902007391e-18,1.18171063668356e-18,0,4.54456999003574e-18,0.00196845111627873,-0.000201502626877208,1,-2.56394957569166e-19,-2.3284228602112e-20,1,0.0144410819694882,-0.00741668693217575,-0.00741668693217575,0.0110534261280014,-0.00211563498216453,-0.00256145906364692,-0.00256145906364692,0.00179796924916267,1,0,2.71050543121376e-20,1,0.0144411416608033,-0.007416876133373,-0.007416876133373,0.0110535290292124,-0.00211561103591858,-0.00256152440699038,-0.00256152440699038,0.0017979432769873,10.6719880711077,-23.8352849350562,-6.63028141457005,-2.50844103036787,-6.63028141457005,-2.50844103036787,-5.1713119166735,5.31394749494328,2.60208521396521e-18,9.22554257811233e-19,3.60255426774135e-20,0,0,0,0.0144410819694882,0.0110534261280014,-0.00741668693217575,-0.00211563498216453,0.00179796924916267,-0.00256145906364692,3.41483800388914e-12,2.71197896310899e-09,6.71744393783808e-12,2.56394957569166e-19,3.46944695195361e-18,7.14245570185462e-14
NC_k0061,0.00225563909774436,0.00225563909774436,0.197766281494375,49.9354555544346,-38.9525169925387,49.781407384952,-37.3833482023402,-49.1337296853385,37.4080092421773,-47.2211034243239,38.1093180173059,1,1120,0.562170185222472,0.21511065946985,0.256502678748462,0.175483040092917,3.99061705997632e-19,1.79828858373875e-19,0,-3.90754331105762e-18,0.00196832287789989,-0.000201450548073554,1,-2.63896481085519e-19,-1.8754042123689e-20,1,0.0144410819694882,-0.00741668693217575,-0.00741668693217575,0.0110534261280014,-0.00211563498216453,-0.00256145906364692,-0.00256145906364692,0.00179796924916267,1,0,2.71050543121376e-20,1,0.0144411416608033,-0.007416876133373,-0.007416876133373,0.0110535290292124,-0.00211561103591858,-0.00256152440699038,-0.00256152440699038,0.0017979432769873,10.6724087413737,-23.8326124105603,-6.62456657164419,-2.50793683291617,-6.62456657164419,-2.50793683291617,-5.17444790403467,5.31048433480001,3.46944695195361e-18,2.21515544401353e-18,2.03980371565457e-19,0,0,0,0.0144410819694882,0.0110534261280014,-0.00741668693217575,-0.00211563498216453,0.00179796924916267,-0.00256145906364692,1.56494550557296e-11,4.65666598960185e-09,4.28281093153267e-12,2.63896481085519e-19,1.73472347597681e-18,9.93644992835859e-14
NC_k0061,0.0093984962406015,0.0093984962406015,0.197912096898631,50.6943321054528,-41.5437602113861,49.9141840335315,-35.1307418949343,-52.5527983706451,36.5493164138963,-44.6914765205582,39.2996105065717,1,1120,2.32686113597688,0.888246009967394,1.0609853581616,0.733966059083378,2.45937339724266e-19,-1.06881661309202e-19,0,1.76768166030337e-18,0.00196889416412563,-0.000201693813913327,1,-1.17434644264876e-19,6.93040379352381e-20,1,0.0144410819694882,-0.00741668693217575,-0.00741668693217575,0.0110534261280014,-0.00211563498216453,-0.00256145906364691,-0.00256145906364691,0.00179796924916267,1,0,2.71050543121376e-20,1,0.0144411416608033,-0.007416876133373,-0.007416876133373,0.0110535290292124,-0.00211561103591858,-0.00256152440699038,-0.00256152440699038,0.0017979432769873,10.6711837605473,-23.8458165491318,-6.64972764979513,-2.51014914829169,-6.64972764979513,-2.51014914829169,-5.16020786509646,5.32539542508316,1.73472347597681e-18,1.67897161039358e-18,2.88936031692509e-19,0,0,0,0.0144410819694882,0.0110534261280014,-0.00741668693217575,-0.00211563498216453,0.00179796924916267,-0.00256145906364692,3.11801866103927e-12,4.46495106691555e-09,9.33361120795001e-13,1.17434644264876e-19,3.46944695195361e-18,1.4458943595737e-13
NC_k0061,0.0165413533834586,0.0165413533834586,0.198324047322479,52.1883478537219,-44.0629599560997,50.3001269370093,-33.2806920270134,-56.2578281679945,36.1669564271132,-42.8601715917403,40.3360536066346,1,1120,4.01422112213937,1.52274065642108,1.82719738692499,1.29829072509153,2.86346767008707e-19,5.72739856131716e-21,0,-1.33811684203723e-18,0.00197017500789004,-0.000202358952726594,1,-3.8764064753162e-19,-2.35759022023614e-20,1,0.0144410819694882,-0.00741668693217575,-0.00741668693217575,0.0110534261280014,-0.00211563498216453,-0.00256145906364692,-0.00256145906364692,0.00179796924916267,1,0,2.71050543121376e-20,1,0.0144411416608033,-0.007416876133373,-0.007416876133373,0.0110535290292124,-0.00211561103591858,-0.00256152440699038,-0.00256152440699038,0.0017979432769873,10.6753202128292,-23.8888778580478,-6.70435129880777,-2.51515755677575,-6.70435129880777,-2.51515755677575,-5.12626251534968,5.35519811609859,2.81892564846231e-18,1.92795515265105e-18,1.45789107540212e-19,0,0,0,0.0144410819694882,0.0110534261280014,-0.00741668693217575,-0.00211563498216453,0.00179796924916267,-0.00256145906364692,1.33938512604639e-12,3.65259668001192e-09,1.18586119341055e-11,3.8764064753162e-19,1.73472347597681e-18,1.99289698905695e-13
NC_k0062,-0.0191729323308271,-0.0191729323308271,0.704635499503413,30.9530430200328,-89.1598550983532,31.9191637845707,-116.225473986285,-28.8413117748355,99.2214516947688,-33.8271074481704,104.908403794071,1,1120,-10.2530443477096,1.1964989311936,-2.9886599874503,-2.32255272206073,1.67856783855181e-18,-1.62395406578861e-18,0,-1.63331775032271e-18,-0.000218077367427604,-0.000160570770250803,1,-1.64294621291923e-20,-7.75640838945187e-20,1,0.000514545245127708,-0.016965264742165,-0.016965264742165,-0.00641988876246026,-0.0042889722130167,0.00241466856620863,0.00241466856620863,0.00681719566742371,1,0,0,1,0.000514482189606244,-0.0169656975295309,-0.0169656975295309,-0.00641986336856837,-0.00428889332092737,0.00241473016489654,0.00241473016489654,0.00681713289920845,4.54436032911905,-53.4713727104503,-16.7444036418917,-4.04498260132678,-16.7444036418917,-4.04498260132678,10.1337310674911,15.1406175781487,2.60208521396521e-18,3.79494654833268e-19,-6.24670350779315e-19,0,0,0,0.000514545245127712,-0.00641988876246026,-0.016965264742165,-0.00428897221301671,0.00681719566742371,0.00241466856620863,5.92477326297339e-13,6.20850502187259e-09,9.18504957877977e-12,7.75640838945187e-20,5.20417042793042e-18,5.81396049979595e-14
NC_k0062,-0.0120300751879699,-0.0120300751879699,0.702863845826222,30.3506492295428,-94.0444364129569,30.4189448376548,-111.368288127505,-28.7343307834772,100.673332989045,-31.8610806330273,103.489751566813,1,1120,-6.53087358939035,0.693956937109762,-1.92618249525251,-1.45014316841787,6.51024229303735e-19,9.49557021096573e-19,0,7.74045176980581e-18,-0.000219106241257902,-0.000159800516653432,1,-2.80151414005833e-19,-5.12790398610981e-20,1,0.000514545245127713,-0.016965264742165,-0.016965264742165,-0.00641988876246026,-0.00428897221301671,0.00241466856620863,0.00241466856620863,0.00681719566742371,1,0,0,1,0.000514482189606244,-0.0169656975295309,-0.0169656975295309,-0.00641986336856837,-0.00428889332092737,0.00241473016489654,0.00241473016489654,0.00681713289920845,4.43315768355133,-53.4501289656063,-16.6213675101717,-4.03650353135167,-16.6213675101717,-4.03650353135167,10.0814441792484,15.0892139548201,1.73472347597681e-18,-2.70665229655254e-19,-7.38198780461785e-20,0,0,0,0.000514545245127712,-0.00641988876246026,-0.016965264742165,-0.00428897221301671,0.00681719566742371,0.00241466856620863,1.63237052834394e-12,3.76994749369025e-09,5.30188678364301e-12,2.80151414005833e-19,3.46944695195361e-18,2.65367850750345e-14
NC_k0062,-0.00488721804511278,-0.00488721804511278,0.702100063019543,29.7606324307618,-99.1243110377727,29.6754282492247,-106.228534085515,-28.9995465144781,101.566009577639,-30.2788507289087,102.541750064784,1,1120,-2.66453806250371,0.269699574776282,-0.790296700950061,-0.585719928754295,3.79086948565702e-19,-4.91345283856498e-19,0,1.88795703009103e-19,-0.000219637327693267,-0.000159639253200507,1,-2.32999899297346e-19,-2.14883135316404e-20,1,0.000514545245127709,-0.016965264742165,-0.016965264742165,-0.00641988876246026,-0.0042889722130167,0.00241466856620863,0.00241466856620863,0.00681719566742371,1,0,0,1,0.000514482189606244,-0.0169656975295309,-0.0169656975295309,-0.00641986336856837,-0.00428889332092737,0.00241473016489654,0.00241473016489654,0.00681713289920845,4.37615280328866,-53.4640288955228,-16.5530811432694,-4.0330632820939,-16.5530811432694,-4.0330632820939,10.0589430611601,15.0577404845621,3.46944695195361e-18,2.13256385595015e-19,-7.87531418978303e-19,0,0,0,0.000514545245127712,-0.00641988876246026,-0.016965264742165,-0.00428897221301671,0.00681719566742371,0.00241466856620863,4.1245789937929e-12,2.06859198023351e-09,9.9217260810256e-12,2.32999899297346e-19,6.93889390390723e-18,4.06391243011073e-14
NC_k0062,0.00225563909774436,0.00225563909774436,0.701989090208519,29.5849398261032,-104.309586946587,29.6327363207681,-101.026471664907,-29.8264385419808,102.264630836305,-29.2353130609471,101.826547627772,1,1120,1.23029357915693,-0.123598009214781,0.365209538080902,0.269969931083172,1.47492258918615e-18,3.58797862501001e-19,0,3.17084136826687e-18,-0.000219716599408199,-0.000159629336354162,1,-3.8242668153042e-20,1.77230760237074e-20,1,0.000514545245127711,-0.016965264742165,-0.016965264742165,-0.00641988876246026,-0.00428897221301671,0.00241466856620862,0.00241466856620862,0.0068171956674237,1,0,0,1,0.000514482189606244,-0.0169656975295309,-0.0169656975295309,-0.00641986336856837,-0.00428889332092737,0.00241473016489654,0.00241473016489654,0.00681713289920845,4.36751556037568,-53.4674444994557,-16.5422706011282,-4.03257606937709,-16.5422706011282,-4.03257606937709,10.0557991684158,15.0524397180425,5.20417042793042e-18,-8.5355150876302e-19,8.51939337027939e-19,0,0,0,0.000514545245127712,-0.00641988876246026,-0.016965264742165,-0.00428897221301671,0.00681719566742371,0.00241466856620863,6.9180168827783e-12,4.78936464866722e-09,4.69025058374591e-12,3.8242668153042e-20,1.38777878078145e-17,9.33107926697652e-15
NC_k0062,0.0093984962406015,0.0093984962406015,0.702496816885472,30.0570239063151,-109.495000066608,30.1065341244185,-95.9004345209606,-31.223120016033,103.098185698124,-28.7737397647635,101.050063991639,1,1120,5.11416564045491,-0.531124229753203,1.51240366553154,1.13018652766821,8.52909238325877e-19,-4.02111686352238e-18,0,-5.15010590309396e-18,-0.000219357573641553,-0.0001597032343504,1,-8.68362278980179e-20,4.41112608623876e-20,1,0.000514545245127713,-0.016965264742165,-0.016965264742165,-0.00641988876246026,-0.00428897221301671,0.00241466856620863,0.00241466856620863,0.00681719566742371,1,0,0,1,0.000514482189606244,-0.0169656975295309,-0.0169656975295309,-0.00641986336856837,-0.00428889332092737,0.00241473016489654,0.00241473016489654,0.00681713289920845,4.40624782441306,-53.454897300456,-16.5897705494695,-4.03482636115195,-16.5897705494695,-4.03482636115195,10.0704802698567,15.0750816897895,1.30104260698261e-18,-5.63163440700296e-19,5.70800689453838e-19,0,0,0,0.000514545245127712,-0.00641988876246026,-0.016965264742165,-0.00428897221301671,0.00681719566742371,0.00241466856620863,1.07276112746314e-12,3.15965696810262e-09,3.87947854045799e-12,8.68362278980179e-20,3.46944695195361e-18,9.48237484873464e-16
NC_k0062,0.0165413533834586,0.0165413533834586,0.703808583041515,31.281908716192,-114.483180905344,30.7618959101971,-90.9237606495306,-33.0718921104147,104.316046272695,-28.7786103026103,99.8391993810025,1,1120,8.9133196609337,-0.999555768791016,2.61154208440713,2.00166214214045,1.821967869544e-18,-3.99515993590047e-18,0,2.13499948311367e-18,-0.000218514038473503,-0.00016016724249095,1,-1.71871606009291e-19,1.70180511703619e-20,1,0.000514545245127708,-0.016965264742165,-0.016965264742165,-0.00641988876246026,-0.00428897221301671,0.00241466856620863,0.00241466856620863,0.00681719566742371,1,0,0,1,0.000514482189606244,-0.0169656975295309,-0.0169656975295309,-0.00641986336856837,-0.00428889332092737,0.00241473016489654,0.00241473016489654,0.00681713289920845,4.49655266586871,-53.4532081877494,-16.6925911453,-4.04089141875635,-16.6925911453,-4.04089141875635,10.1098093770271,15.1192480136457,2.60208521396521e-18,3.64713507325637e-19,1.22156493671817e-19,0,0,0,0.000514545245127712,-0.00641988876246026,-0.016965264742165,-0.00428897221301671,0.00681719566742371,0.00241466856620863,9.60987937763553e-13,4.10802623767985e-09,4.82516079718928e-12,1.71871606009291e-19,6.07153216591882e-18,1.97181281135298e-14
NC_k0063,-0.0191729323308271,-0.0191729323308271,0.406223151764712,80.6721413531429,-5.73993060073919,86.2331358487169,-23.9160491554573,-72.5408797285735,10.3097909583199,-90.2522434816491,18.9416975839365,1,1120,-4.52457422288873,5.90466165207118,0.45542885163018,-1.69909199503359,-4.29692204080471e-19,2.03607529929723e-18,0,4.54955954349066e-19,0.00153534032850576,0.000357835235495433,1,-2.3312490113775e-19,-1.05220210355176e-19,1,0.0132846561620654,-0.0098562838037297,-0.0098562838037297,-0.00177196758404015,0.00616208488741967,0.00847158768275763,0.00847158768275763,0.0036732306067995,1,-5.42101086242752e-20,0,1,0.0132845968490586,-0.00985653523954102,-0.00985653523954102,-0.00177183484827462,0.00616210037723769,0.00847180379468831,0.00847180379468831,0.00367327784220784,15.3975621831859,-33.4997902431024,-2.87452362055111,-5.97174343642696,-2.87452362055111,-5.97174343642696,35.1372521121875,2.56792487033314,2.16840434497101e-18,1.05471069733831e-18,4.64613575621788e-19,0,0,0,0.0132846561620654,-0.00177196758404015,-0.0098562838037297,0.00616208488741966,0.0036732306067995,0.00847158768275763,2.61941156191951e-12,8.61885321096955e-09,5.76504106736629e-12,2.3312490113775e-19,3.46944695195361e-18,3.8809129615558e-14
NC_k0063,-0.0120300751879699,-0.0120300751879699,0.405101882795118,80.4753444750057,-9.40172673890585,83.8018549968917,-21.2067310314929,-74.3371784165027,12.50529531175,-85.824096283683,17.7292924243036,1,1120,-2.87058676333201,3.74868588406405,0.289772709841592,-1.06674152975484,-9.95105721526805e-19,-7.40452379688068e-19,0,-4.0581315415729e-19,0.00153289831567451,0.000359126697555982,1,-1.19891405535818e-19,-2.49485904776824e-19,1,0.0132846561620654,-0.0098562838037297,-0.0098562838037297,-0.00177196758404015,0.00616208488741966,0.00847158768275763,0.00847158768275763,0.0036732306067995,1,-5.42101086242752e-20,0,1,0.0132845968490586,-0.00985653523954102,-0.00985653523954102,-0.00177183484827462,0.00616210037723769,0.00847180379468831,0.00847180379468831,0.00367327784220784,15.3360496462091,-33.4238019259944,-2.81810507857275,-5.93973225393035,-2.81810507857275,-5.93973225393035,35.0471879535459,2.58985125218724,1.73472347597681e-18,5.8565153371187e-19,8.61107923390475e-19,0,0,0,0.0132846561620654,-0.00177196758404015,-0.0098562838037297,0.00616208488741966,0.0036732306067995,0.00847158768275763,3.18576893360315e-12,8.40665977086588e-09,2.21873507338286e-12,2.49485904776824e-19,2.60208521396521e-18,5.33047086327181e-14
NC_k0063,-0.00488721804511278,-0.00488721804511278,0.404744629260874,80.7678070397575,-13.140284384927,82.0764028742318,-18.0139323850581,-76.9924856704872,14.3632058924789,-81.7365221098285,16.4324782616631,1,1120,-1.1675553554208,1.5282092951531,0.119015800111644,-0.432617328735863,1.12774661429152e-18,-3.73839314759666e-19,0,-6.40591827418216e-19,0.00153171949590513,0.000359699147138927,1,-2.24049119732255e-19,3.84344747469647e-20,1,0.0132846561620654,-0.0098562838037297,-0.0098562838037297,-0.00177196758404015,0.00616208488741966,0.00847158768275763,0.00847158768275763,0.0036732306067995,1,-5.42101086242752e-20,0,1,0.0132845968490586,-0.00985653523954102,-0.00985653523954102,-0.00177183484827462,0.00616210037723769,0.00847180379468831,0.00847180379468831,0.00367327784220784,15.3154417347161,-33.4005630656951,-2.78591253509107,-5.92509823965345,-2.78591253509107,-5.92509823965345,35.0211823538551,2.59788375703365,1.30104260698261e-18,1.13485218570241e-18,4.51840056763315e-19,0,0,0,0.0132846561620654,-0.00177196758404015,-0.0098562838037297,0.00616208488741966,0.0036732306067995,0.00847158768275763,6.2068441635728e-12,4.15853415540499e-09,7.96181943104665e-12,2.24049119732255e-19,3.46944695195361e-18,1.2864768570248e-13
NC_k0063,0.00225563909774436,0.00225563909774436,0.40470251205213,81.6110856594966,-16.7472510685611,81.0106416242524,-14.49275265049,-80.3498138771758,15.917312411328,-78.1552020315703,14.9662003899892,1,1120,0.538767414848783,-0.705515477599311,-0.0550268607076714,0.199575452150895,-6.52212060663361e-19,-8.43740106671849e-18,0,-1.70119619138881e-19,0.00153154824211927,0.000359780014879199,1,-5.40065634655833e-20,-4.53688456186061e-20,1,0.0132846561620654,-0.00985628380372969,-0.00985628380372969,-0.00177196758404015,0.00616208488741966,0.00847158768275763,0.00847158768275763,0.0036732306067995,1,-5.42101086242752e-20,0,1,0.0132845968490586,-0.00985653523954102,-0.00985653523954102,-0.00177183484827462,0.00616210037723769,0.00847180379468831,0.00847180379468831,0.00367327784220784,15.3129288198372,-33.397889632272,-2.7808129057643,-5.9229592986353,-2.7808129057643,-5.9229592986353,35.0184129105597,2.59882794843955,2.60208521396521e-18,1.52082212529993e-18,9.69790073109035e-19,0,0,0,0.0132846561620654,-0.00177196758404015,-0.0098562838037297,0.00616208488741966,0.0036732306067995,0.00847158768275763,6.54659212748428e-12,5.82025278158784e-09,2.83768095946504e-12,5.40065634655833e-20,3.46944695195361e-18,4.7047706167608e-14
NC_k0063,0.0093984962406015,0.0093984962406015,0.40491654952032,83.085451766625,-20.0782922054373,80.5236748865613,-10.7841223524429,-84.2693950082733,17.2651386285342,-75.2246131421578,13.2297996480782,1,1120,2.24482045908116,-2.93413192576904,-0.227472784007016,0.832901317706747,8.6075421925533e-19,-9.38930066330982e-18,0,-3.4661183771687e-19,0.00153233257468497,0.000359406104825226,1,-1.19566192901089e-19,-2.0245459348355e-19,1,0.0132846561620654,-0.0098562838037297,-0.0098562838037297,-0.00177196758404015,0.00616208488741966,0.00847158768275763,0.00847158768275763,0.0036732306067995,1,-5.42101086242752e-20,0,1,0.0132845968490586,-0.00985653523954102,-0.00985653523954102,-0.00177183484827462,0.00616210037723769,0.00847180379468831,0.00847180379468831,0.00367327784220784,15.3254545818923,-33.4116583204267,-2.80323690470931,-5.93269140189597,-2.80323690470931,-5.93269140189597,35.033280311998,2.59403096788605,1.73472347597681e-18,2.22031017223018e-19,5.0386538592104e-19,0,0,0,0.0132846561620654,-0.00177196758404015,-0.0098562838037297,0.00616208488741966,0.0036732306067995,0.00847158768275763,1.98949528816657e-12,3.82542428911981e-09,3.12496733334039e-12,2.0245459348355e-19,3.46944695195361e-18,2.24832223150944e-14
NC_k0063,0.0165413533834586,0.0165413533834586,0.405665862532656,85.2538905048973,-22.9835875882235,80.5425142362236,-7.06073626703666,-88.5925234798147,18.4992266501351,-73.0909845940788,11.1536278996986,1,1120,3.92808629410642,-5.12445949247712,-0.394803155462333,1.46722616550812,1.92716456394543e-18,1.07745237868707e-18,0,-1.82051534038836e-18,0.00153427897510085,0.000358413440471098,1,-4.30322414699781e-19,1.10624251429526e-19,1,0.0132846561620654,-0.0098562838037297,-0.0098562838037297,-0.00177196758404014,0.00616208488741966,0.00847158768275763,0.00847158768275763,0.0036732306067995,1,-5.42101086242752e-20,0,1,0.0132845968490586,-0.00985653523954102,-0.00985653523954102,-0.00177183484827462,0.00616210037723769,0.00847180379468831,0.00847180379468831,0.00367327784220784,15.3674158649349,-33.4615447182217,-2.85117905409938,-5.95733833086737,-2.85117905409938,-5.95733833086737,35.0918888184798,2.57796892318471,2.60208521396521e-18,-1.99892840618944e-19,2.07121105975345e-19,0,0,0,0.0132846561620654,-0.00177196758404015,-0.0098562838037297,0.00616208488741966,0.0036732306067995,0.00847158768275763,2.33888543801322e-12,4.8390643691499e-09,3.09871150551566e-12,4.30322414699781e-19,5.20417042793042e-18,8.75773390597912e-14
