LoadCase,zeta1,zeta2,ALLSE,RF_LEFT_x,RF_LEFT_y,RF_RIGHT_x,RF_RIGHT_y,RF_BOTTOM_x,RF_BOTTOM_y,RF_TOP_x,RF_TOP_y,Volume,nBndNodes,Savg_11,Savg_22,Savg_33,Savg_12,Eavg_11,Eavg_22,Eavg_33,Eavg_12,Uavg_1,Uavg_2,Fbar_11,Fbar_12,Fbar_21,Fbar_22,G111,G112,G121,G122,G211,G212,G221,G222,Fbar_11_int,Fbar_12_int,Fbar_21_int,Fbar_22_int,G111_int,G112_int,G121_int,G122_int,G211_int,G212_int,G221_int,G222_int,Q111,Q112,Q121,Q122,Q211,Q212,Q221,Q222,fitResidMax,c1_fit,c2_fit,H11,H22,H12,G1_11,G1_22,G1_12,G2_11,G2_22,G2_12,HillResid,QSymResid,ForceBalanceResid,KubcErrF,KubcErrG,EnergyConsistencyResid
NC_k0000,-0.13421052631579,-0.13421052631579,0.486225266401118,11.9441321930883,-5.34861561919261,123.214272776085,-3.09545904212746,-53.652581380642,23.1119925473925,-99.3194333759788,2.08267892316205,1,160,61.5866053641895,-14.3636104598115,15.5835883184448,-11.8775587977339,-1.35779381444864e-18,1.12697733632185e-18,0,-5.14360757220174e-19,-0.00166457208094557,0.000971111396258027,1,2.61173035438437e-20,-3.1091584413178e-20,1,-0.00523340711650885,0.0100210450899222,0.0100210450899222,-0.0151659745678761,0.00104088811922811,-0.00481258406506862,-0.00481258406506862,0.00423543471264215,1,4.33680868994202e-19,-1.0842021724855e-19,1,-0.00523969844722559,0.0100335713962846,0.0100335713962846,-0.0151660580439357,0.00104271084048103,-0.00481859979514995,-0.00481859979514996,0.00423526084227418,7.69320833044514,49.7190281632714,5.02170229914833,-17.9413158767905,5.02170229914833,-17.9413158767905,-17.2184486452661,4.15992862681349,1.51788304147971e-18,7.44860963581867e-19,-2.45366361827078e-19,0,0,0,-0.00523340711650885,-0.0151659745678761,0.0100210450899222,0.00104088811922811,0.00423543471264215,-0.00481258406506862,1.58637784286488e-14,2.01481642070505e-07,1.30088685424759e-13,3.1091584413178e-20,3.46944695195361e-18,8.44839928109427e-15
NC_k0000,-0.0842105263157895,-0.0842105263157895,0.500851464957694,35.9102022334844,-9.83462411636279,109.916118707035,-5.66095034116391,-67.3764302833748,24.0265102798013,-96.1830960565411,8.17943755533356,1,160,41.1191914783661,-9.62593170605643,10.3927757248622,-7.99215537499968,-3.76188507699316e-19,5.65976827443483e-19,0,-1.41878018665095e-19,-0.00164408934677286,0.000961923042305969,1,2.26952050647873e-19,-9.60746037520944e-20,1,-0.00523340711650885,0.0100210450899222,0.0100210450899222,-0.0151659745678761,0.00104088811922811,-0.00481258406506862,-0.00481258406506862,0.00423543471264215,1,4.33680868994202e-19,-1.0842021724855e-19,1,-0.00523969844722559,0.0100335713962846,0.0100335713962846,-0.0151660580439357,0.00104271084048103,-0.00481859979514995,-0.00481859979514996,0.00423526084227418,9.26530385125818,53.5509298187752,3.67711448445226,-18.3037482793054,3.67711448445226,-18.3037482793054,-18.1762732658298,4.65647337114782,1.30104260698261e-18,-3.97379734396624e-19,-5.54238631921075e-20,0,0,0,-0.00523340711650885,-0.0151659745678761,0.0100210450899222,0.00104088811922811,0.00423543471264215,-0.00481258406506862,6.42386808986238e-14,3.08430937929722e-07,1.52904975119032e-13,2.26952050647873e-19,1.73472347597681e-18,7.53668212599593e-15
NC_k0000,-0.0342105263157895,-0.0342105263157895,0.510082626258715,60.7038927935334,-10.8383770401283,91.6721673232542,-8.44819405188367,-79.1828588913483,21.4740072107209,-90.8873091336334,14.494912198674,1,160,17.2267634357052,-4.03733112327678,4.3525126631014,-3.35749245767401,3.03661311590667e-19,1.15196480826585e-19,0,1.01591014111313e-19,-0.00163153623071403,0.000956522231686953,1,9.37592621499742e-20,-1.03092954235378e-19,1,-0.00523340711650885,0.0100210450899222,0.0100210450899222,-0.0151659745678761,0.00104088811922811,-0.00481258406506862,-0.00481258406506862,0.00423543471264215,1,4.33680868994202e-19,-1.0842021724855e-19,1,-0.00523969844722559,0.0100335713962846,0.0100335713962846,-0.0151660580439357,0.00104271084048103,-0.00481859979514995,-0.00481859979514996,0.00423526084227418,10.1854782439991,55.9267738200071,2.83614743572418,-18.5344176233172,2.83614743572418,-18.5344176233172,-18.7721280469956,4.96253785162485,1.73472347597681e-18,-1.59610112889861e-19,-8.47989197733621e-20,0,0,0,-0.00523340711650885,-0.0151659745678761,0.0100210450899222,0.00104088811922811,0.00423543471264215,-0.00481258406506862,6.30555014786958e-14,1.51522258517473e-07,1.49603002057345e-13,1.03092954235378e-19,1.73472347597681e-18,1.74124421020691e-15
NC_k0000,0.0157894736842105,0.0157894736842105,0.511579358333278,83.9017304070992,-9.35683996888837,69.5531780760122,-10.5139115164864,-88.2644311997084,16.6388395789069,-82.8636554470397,19.9008197687849,1,160,-7.98741236059137,1.87203513773877,-2.01807448354135,1.55750972900956,-3.34578014165449e-20,5.66453283476313e-19,0,-4.71162076910205e-20,-0.00162957290234838,0.000955733369832814,1,2.78644032917621e-19,-5.25247903494369e-20,1,-0.00523340711650885,0.0100210450899222,0.0100210450899222,-0.0151659745678761,0.00104088811922811,-0.00481258406506862,-0.00481258406506862,0.00423543471264215,1,4.33680868994202e-19,-1.0842021724855e-19,1,-0.00523969844722559,0.0100335713962846,0.0100335713962846,-0.0151660580439357,0.00104271084048103,-0.00481859979514995,-0.00481859979514996,0.00423526084227418,10.3321452313917,56.3132297171708,2.69793426187167,-18.5717064877159,2.69793426187167,-18.5717064877159,-18.8684420586388,5.01181154454943,8.67361737988404e-19,-1.51420826426927e-19,-1.45115055882723e-19,0,0,0,-0.00523340711650885,-0.0151659745678761,0.0100210450899222,0.00104088811922811,0.00423543471264215,-0.00481258406506862,2.59284225809325e-13,2.52060839838617e-07,4.41387267482833e-13,2.78644032917621e-19,1.73472347597681e-18,3.45059780149298e-14
NC_k0000,0.0657894736842105,0.0657894736842105,0.505071842656084,103.731114838177,-6.70274801784279,45.1008751793406,-10.5690801664574,-94.5204613241651,10.5426346490361,-72.0137924936329,23.4183965955403,1,160,-32.5970389583515,7.63459123934866,-8.23760774727094,6.34461815239583,-8.06798882259721e-19,-3.6782405734518e-19,0,-1.44260298829248e-19,-0.00163838121855852,0.000959454607816285,1,1.80887920870499e-19,2.48294153380813e-20,1,-0.00523340711650885,0.0100210450899222,0.0100210450899222,-0.0151659745678761,0.00104088811922811,-0.00481258406506862,-0.00481258406506862,0.00423543471264215,1,4.33680868994202e-19,-1.0842021724855e-19,1,-0.00523969844722559,0.0100335713962846,0.0100335713962846,-0.0151660580439357,0.00104271084048103,-0.00481859979514995,-0.00481859979514996,0.00423526084227418,9.69006782519168,54.6358927299678,3.29502814093476,-18.4094397106936,3.29502814093476,-18.4094397106936,-18.4491845333588,4.79644639512159,8.67361737988404e-19,4.91419630699262e-19,-2.99451094394913e-19,0,0,0,-0.00523340711650885,-0.0151659745678761,0.0100210450899222,0.00104088811922811,0.00423543471264215,-0.00481258406506862,1.885507046262e-14,2.44989441517125e-07,2.02996283901936e-13,1.80887920870499e-19,3.46944695195361e-18,1.67059302747483e-14
NC_k0000,0.11578947368421,0.11578947368421,0.491950226167769,118.938641343513,-3.97824357266151,20.477388761894,-7.43635517351034,-98.3684050619789,4.22722739426226,-58.8343238461454,23.9272487037033,1,160,-54.5925857956894,12.7612411419015,-13.80434373575,10.5683811342826,-1.40501590125807e-18,4.90855592933867e-19,0,9.74087889342445e-21,-0.00165625088492159,0.000967314134305472,1,-2.58172769237012e-20,-5.28360870592853e-20,1,-0.00523340711650886,0.0100210450899222,0.0100210450899222,-0.0151659745678761,0.00104088811922811,-0.00481258406506862,-0.00481258406506862,0.00423543471264215,1,4.33680868994202e-19,-1.0842021724855e-19,1,-0.00523969844722559,0.0100335713962846,0.0100335713962846,-0.0151660580439357,0.00104271084048103,-0.00481859979514995,-0.00481859979514996,0.00423526084227418,8.33191740473788,51.241205144125,4.48628638947865,-18.0818324577779,4.48628638947865,-18.0818324577779,-17.5956119827274,4.3579778250884,2.60208521396521e-18,6.9309561086371e-19,-2.29404384528616e-19,0,0,0,-0.00523340711650885,-0.0151659745678761,0.0100210450899222,0.00104088811922811,0.00423543471264215,-0.00481258406506862,4.62045656050885e-14,8.74737887826552e-08,5.14117633442594e-14,5.28360870592853e-20,8.67361737988404e-18,7.89872710590621e-15
NC_k0001,-0.13421052631579,-0.13421052631579,0.381369045178251,194.068256641626,45.4896569169833,226.923106719547,29.6820690165243,-175.708958341391,-67.6468992278043,-220.712494282586,-22.0505204215619,1,160,13.6242870087506,24.3354202726791,12.5267034028718,-16.8462282502028,-6.94037621156492e-19,-8.12622233772094e-20,0,-5.26325097600141e-19,0.00164911446438728,-0.00124632158197497,1,-4.35025321368517e-20,-1.65522110573292e-20,1,0.0167936705423597,-0.000560010168439073,-0.000560010168439073,-0.00184734565890285,-0.00691428473759986,0.00121998686912674,0.00121998686912674,-0.00805919542814356,1,0,-2.16840434497101e-19,1,0.0167901805880598,-0.000560710181149622,-0.000560710181149622,-0.00183918497807692,-0.00691698212846655,0.00122151185271315,0.00122151185271315,-0.00806117724982867,38.4305656107585,-9.49827760830728,1.84077990933634,-22.6511180199451,1.84077990933634,-22.6511180199451,23.3520272717663,-10.3096829433593,8.67361737988404e-19,8.62486568016111e-20,-3.38384542805936e-20,0,0,0,0.0167936705423597,-0.00184734565890285,-0.000560010168439073,-0.00691428473759986,-0.00805919542814356,0.00121998686912674,4.56946857298772e-14,7.60649959466009e-08,5.74658542564912e-14,4.35025321368517e-20,3.46944695195361e-18,1.48468720709669e-14
NC_k0001,-0.0842105263157895,-0.0842105263157895,0.400324489726412,210.99717592189,40.1615039284639,228.172912083697,30.6661715570607,-194.885913440134,-58.2918329505417,-219.695220839738,-27.0351688403463,1,160,7.78360560765289,17.3903406118417,8.30740225243327,-11.0827095922842,-7.99281464852839e-19,2.67905602432449e-19,0,-3.86829359099198e-19,0.00164261905741502,-0.00124094216952495,1,-4.05950143236222e-20,-2.64829537397555e-21,1,0.0167936705423597,-0.000560010168439073,-0.000560010168439073,-0.00184734565890285,-0.00691428473759986,0.00121998686912674,0.00121998686912674,-0.00805919542814356,1,0,-2.16840434497101e-19,1,0.0167901805880598,-0.000560710181149622,-0.000560710181149622,-0.00183918497807692,-0.00691698212846655,0.00122151185271315,0.00122151185271315,-0.00806117724982867,40.5573132256553,-7.26262124886023,1.07338511798303,-24.0999422492341,1.07338511798303,-24.0999422492341,24.3224948419438,-9.7659892971307,8.67361737988404e-19,6.55887521176234e-19,2.50793695615514e-20,0,0,0,0.0167936705423597,-0.00184734565890285,-0.000560010168439073,-0.00691428473759986,-0.00805919542814356,0.00121998686912674,6.17984380999042e-14,1.24270714427019e-07,3.31007308917403e-14,4.05950143236222e-20,6.93889390390723e-18,3.32796934422044e-15
NC_k0001,-0.0342105263157895,-0.0342105263157895,0.410298497468251,221.487583391474,36.0359455594297,227.640504211595,32.2977961790189,-207.652111627987,-48.0740224204103,-216.882514840757,-34.7603866877863,1,160,2.97233030360255,7.53048836666684,3.4659301611889,-4.59724408472333,-5.98905233267994e-19,-2.93285157986801e-20,0,1.20966892779755e-19,0.00163925902010078,-0.00123725651002009,1,-8.87982384019775e-20,6.97157350054629e-20,1,0.0167936705423597,-0.000560010168439073,-0.000560010168439073,-0.00184734565890285,-0.00691428473759986,0.00121998686912674,0.00121998686912674,-0.00805919542814356,1,0,-2.16840434497101e-19,1,0.0167901805880598,-0.000560710181149622,-0.000560710181149622,-0.00183918497807692,-0.00691698212846655,0.00122151185271315,0.00122151185271315,-0.00806117724982867,41.6887762777214,-6.08434322517321,0.634073248774044,-25.0139576610365,0.634073248774044,-25.0139576610365,25.0682031554657,-9.37386673897275,4.33680868994202e-19,-1.94360574524713e-19,-1.09952993829942e-19,0,0,0,0.0167936705423597,-0.00184734565890285,-0.000560010168439073,-0.00691428473759986,-0.00805919542814356,0.00121998686912674,1.40589643690155e-13,9.19216282985184e-08,1.87598106750998e-13,8.87982384019775e-20,2.16840434497101e-19,4.05883654757132e-16
NC_k0001,0.0157894736842105,0.0157894736842105,0.411823190218476,226.725749753214,33.112931928608,223.938597166575,34.8303205375567,-215.140896169047,-38.1208653684987,-210.943146048021,-44.3148015898122,1,160,-1.35779456462619,-3.5086326611369,-1.60592098450182,2.1280511781727,-5.97475865169502e-19,9.82558218814988e-20,0,-5.10362166139093e-19,0.00163876941784488,-0.00123666926546768,1,-2.61709193345578e-20,1.59304032163172e-20,1,0.0167936705423597,-0.000560010168439073,-0.000560010168439073,-0.00184734565890285,-0.00691428473759986,0.00121998686912674,0.00121998686912674,-0.00805919542814356,1,0,-2.16840434497101e-19,1,0.0167901805880598,-0.000560710181149622,-0.000560710181149622,-0.00183918497807692,-0.00691698212846655,0.00122151185271315,0.00122151185271315,-0.00806117724982867,41.8623723985568,-5.90390305356117,0.565248400949328,-25.1637962311667,0.565248400949328,-25.1637962311667,25.197545551324,-9.30796430588887,8.67361737988404e-19,-4.88486760140469e-19,-4.18693994018829e-20,0,0,0,0.0167936705423597,-0.00184734565890285,-0.000560010168439073,-0.00691428473759986,-0.00805919542814356,0.00121998686912674,5.32861588554829e-13,9.11385567046261e-08,7.87893978147193e-14,2.61709193345578e-20,3.46944695195361e-18,7.27885713501872e-15
NC_k0001,0.0657894736842105,0.0657894736842105,0.405015076011614,228.249958354336,31.1791433861934,215.556857914927,38.4949541438383,-218.930790062899,-29.5968371489501,-200.29952610273,-54.5680917767123,1,160,-5.91428388883637,-14.0056113598572,-6.57356543206886,8.74602612942646,3.88973411246936e-20,1.41930958224299e-19,0,-3.03131915998633e-19,0.00164110080312386,-0.00123931946794162,1,-2.03017702778883e-20,-5.75326887519513e-20,1,0.0167936705423597,-0.000560010168439073,-0.000560010168439073,-0.00184734565890285,-0.00691428473759986,0.00121998686912674,0.00121998686912674,-0.00805919542814356,1,0,-2.16840434497101e-19,1,0.0167901805880598,-0.000560710181149622,-0.000560710181149622,-0.00183918497807692,-0.00691698212846655,0.00122151185271315,0.00122151185271315,-0.00806117724982867,41.0885682501147,-6.70871402820446,0.869503669097026,-24.5159240954074,0.869503669097026,-24.5159240954074,24.651577637313,-9.59021075600894,8.67361737988404e-19,-1.33675579659344e-19,3.06138760380031e-19,0,0,0,0.0167936705423597,-0.00184734565890285,-0.000560010168439073,-0.00691428473759986,-0.00805919542814356,0.00121998686912674,5.50449993571414e-14,7.02368609570555e-08,2.33040626142687e-13,5.75326887519513e-20,2.81892564846231e-18,2.46707044093832e-15
NC_k0001,0.11578947368421,0.11578947368421,0.38940828783826,227.497612608847,29.9857899496686,201.089472100815,43.4005929853175,-220.478246787482,-23.5418728976664,-183.523514011076,-64.3628170062704,1,160,-11.3337448874055,-22.2180677630869,-11.0720981746625,14.8509632994422,-2.48686888080392e-19,-6.58568116490219e-20,0,-8.04254474695508e-19,0.00164639611535918,-0.00124421015827682,1,1.50238309044935e-20,6.43544656953573e-20,1,0.0167936705423597,-0.000560010168439073,-0.000560010168439073,-0.00184734565890285,-0.00691428473759986,0.00121998686912674,0.00121998686912674,-0.00805919542814357,1,0,-2.16840434497101e-19,1,0.0167901805880598,-0.000560710181149622,-0.000560710181149622,-0.00183918497807692,-0.00691698212846655,0.00122151185271315,0.00122151185271315,-0.00806117724982867,39.328086327219,-8.54990187474082,1.52632745459333,-23.2219705129633,1.52632745459333,-23.2219705129633,23.6975504884522,-10.1120118375475,6.50521303491303e-19,-7.7278243354573e-19,5.2211276659626e-19,0,0,0,0.0167936705423597,-0.00184734565890285,-0.000560010168439073,-0.00691428473759986,-0.00805919542814356,0.00121998686912674,3.45388340157934e-14,9.66587797319315e-08,3.86074479715405e-13,6.43544656953573e-20,6.93889390390723e-18,1.42552567484938e-14
NC_k0002,-0.13421052631579,-0.13421052631579,1.03358159157354,-168.345887876894,75.1956531525112,-135.659009158891,92.6235527526795,132.091325232604,-132.559078179616,177.807761621935,-37.3347466108193,1,160,25.6282583671907,61.0019515533555,28.5879692737802,25.1205310690891,-3.03734103484571e-19,-1.35906436386952e-18,0,-4.60997681543153e-19,8.48819850085768e-05,-0.000473795425018334,1,7.85118114738601e-20,2.34475612581086e-19,1,-0.0072609762275046,0.00798862637180394,0.00798862637180394,0.00271554906894998,-0.00216661494335417,0.0151594699561672,0.0151594699561672,-0.00644841969049436,1,-9.48676900924816e-20,-4.33680868994202e-19,1,-0.00725856878634298,0.0079986121547687,0.0079986121547687,0.00271172118180132,-0.0021692991064992,0.0151784192936124,0.0151784192936124,-0.00644842772567242,-25.2915103338167,37.6906698061065,9.78039736462363,23.6415641629554,9.78039736462363,23.6415641629554,66.1852985022924,-15.438823011258,1.30104260698261e-18,-1.04243431549909e-19,1.69043885939775e-19,0,0,0,-0.0072609762275046,0.00271554906894998,0.00798862637180394,-0.00216661494335417,-0.00644841969049437,0.0151594699561672,3.50018461145716e-14,1.67796735167579e-07,2.58323332327022e-13,2.34475612581086e-19,1.73472347597681e-18,1.5038118394784e-15
NC_k0002,-0.0842105263157895,-0.0842105263157895,1.06100607821701,-166.518428877388,78.6068823092556,-142.279845325452,89.4222824049518,142.824011279618,-117.758439196763,171.990164890187,-52.171417147667,1,160,16.2956497497661,39.3498009744561,18.3629987389933,16.0420121133664,-2.00535050262456e-19,-3.87517573368842e-19,0,-7.13731137180155e-19,0.000116307112785,-0.000429676029185071,1,1.62939825257589e-19,6.92575621678292e-20,1,-0.0072609762275046,0.00798862637180394,0.00798862637180394,0.00271554906894998,-0.00216661494335417,0.0151594699561672,0.0151594699561672,-0.00644841969049436,1,-9.48676900924816e-20,-4.33680868994202e-19,1,-0.00725856878634298,0.0079986121547687,0.0079986121547687,0.00271172118180132,-0.0021692991064992,0.0151784192936124,0.0151784192936124,-0.00644842772567242,-25.9324616851174,37.4096980854611,10.7059854199675,24.2819742254913,10.7059854199675,24.2819742254913,68.6287384910208,-15.2158976972142,8.67361737988404e-19,-1.9188948415642e-19,-6.21878262372434e-19,0,0,0,-0.0072609762275046,0.00271554906894998,0.00798862637180394,-0.00216661494335417,-0.00644841969049437,0.0151594699561672,3.66558843468951e-14,1.82636743921709e-07,2.36979904591945e-13,1.62939825257589e-19,3.46944695195361e-18,2.92988375163166e-15
NC_k0002,-0.0342105263157895,-0.0342105263157895,1.07656256479532,-160.517593328961,81.1524397616331,-149.876260688071,85.6464183461847,152.189563376067,-98.2326487679676,164.278469932644,-70.3781806040544,1,160,6.64674571016455,16.181351339305,7.53327202632497,6.5585954242088,2.32034087988475e-19,1.70253622398114e-19,0,3.3881317890172e-21,0.00013376993410372,-0.000404467066597587,1,5.62377431749547e-20,2.71971208782075e-19,1,-0.0072609762275046,0.00798862637180394,0.00798862637180394,0.00271554906894998,-0.00216661494335418,0.0151594699561672,0.0151594699561672,-0.00644841969049437,1,-9.48676900924816e-20,-4.33680868994202e-19,1,-0.00725856878634298,0.0079986121547687,0.0079986121547687,0.00271172118180132,-0.0021692991064992,0.0151784192936124,0.0151784192936124,-0.00644842772567242,-26.2871366570997,37.2184735291978,11.2185618499224,24.6277143842449,11.2185618499224,24.6277143842449,70.0473794167762,-15.1220882118065,1.73472347597681e-18,5.85312581169948e-20,3.96834342523153e-19,0,0,0,-0.0072609762275046,0.00271554906894998,0.00798862637180394,-0.00216661494335417,-0.00644841969049437,0.0151594699561672,1.41833212095851e-13,8.6236473163121e-08,1.01719091276162e-13,2.71971208782075e-19,3.46944695195361e-18,2.06253321623947e-15
NC_k0002,0.0157894736842105,0.0157894736842105,1.07898504201907,-152.801979958175,84.2990957304536,-157.771251198527,82.2154745274647,161.127352980308,-77.6848255551174,155.526466521654,-90.6239748115219,1,160,-3.06904726427432,-7.48031335630933,-3.48128900479261,-3.0293977534851,1.70041864161301e-19,-5.80217568869196e-19,0,-1.67130188405114e-19,0.000136587398786091,-0.000400457253117657,1,1.64373639353242e-19,2.6046598982761e-19,1,-0.0072609762275046,0.00798862637180394,0.00798862637180394,0.00271554906894998,-0.00216661494335417,0.0151594699561672,0.0151594699561672,-0.00644841969049437,1,-9.48676900924816e-20,-4.33680868994202e-19,1,-0.00725856878634298,0.0079986121547687,0.0079986121547687,0.00271172118180132,-0.0021692991064992,0.0151784192936124,0.0151784192936124,-0.00644842772567242,-26.3418989472009,37.185906774233,11.2977052116597,24.679750319402,11.2977052116597,24.679750319402,70.2720029570981,-15.1083607807402,8.67361737988404e-19,-1.56831063113816e-19,2.13857398530038e-19,0,0,0,-0.0072609762275046,0.00271554906894998,0.00798862637180394,-0.00216661494335417,-0.00644841969049437,0.0151594699561672,2.31059197978466e-13,1.33320545984653e-07,1.50230479071257e-13,2.6046598982761e-19,1.73472347597681e-18,2.88106354387764e-15
NC_k0002,0.0657894736842105,0.0657894736842105,1.06825094050236,-144.993794245835,88.0478124587894,-164.65194043883,79.5336609753947,169.327762469643,-58.5492812749083,146.357709141308,-110.89015004067,1,160,-12.7581755677638,-30.9234334890163,-14.4149309887374,-12.5722022752005,-3.84129441579825e-19,-6.70638335988592e-19,0,-7.10872400983172e-19,0.000124406636154396,-0.000418032199994919,1,1.33918350298435e-19,6.28089447400902e-20,1,-0.0072609762275046,0.00798862637180394,0.00798862637180394,0.00271554906894999,-0.00216661494335417,0.0151594699561672,0.0151594699561672,-0.00644841969049437,1,-9.48676900924816e-20,-4.33680868994202e-19,1,-0.00725856878634298,0.0079986121547687,0.0079986121547687,0.00271172118180132,-0.0021692991064992,0.0151784192936124,0.0151784192936124,-0.00644842772567242,-26.0986401297199,37.3239591986192,10.9454971125137,24.4453985498633,10.9454971125137,24.4453985498633,69.2847394284237,-15.1706097977798,8.67361737988404e-19,-2.65694715847445e-19,6.16681588079584e-20,0,0,0,-0.0072609762275046,0.00271554906894998,0.00798862637180394,-0.00216661494335417,-0.00644841969049437,0.0151594699561672,3.02153930564149e-14,9.27278811957774e-08,5.6401650032129e-14,1.33918350298435e-19,3.03576608295941e-18,1.10164790077249e-14
NC_k0002,0.11578947368421,0.11578947368421,1.04477796440983,-137.951776389724,91.5689652827552,-168.333038458108,76.7029809297814,175.927694145669,-42.3366213332186,136.302761692415,-127.943170917846,1,160,-22.2589614328419,-53.3005216237196,-24.9346294086652,-21.8623643256256,2.23616698075135e-19,-7.91975805682771e-19,0,3.4224101536014e-19,9.78662866634792e-05,-0.000455623808930196,1,-2.35959415794625e-20,-7.91913985662801e-20,1,-0.00726097622750461,0.00798862637180394,0.00798862637180394,0.00271554906894998,-0.00216661494335418,0.0151594699561672,0.0151594699561672,-0.00644841969049437,1,-9.48676900924816e-20,-4.33680868994202e-19,1,-0.00725856878634298,0.0079986121547687,0.0079986121547687,0.00271172118180132,-0.0021692991064992,0.0151784192936124,0.0151784192936124,-0.00644842772567242,-25.555424034269,37.5817132316025,10.1622731985001,23.9051502747386,10.1622731985001,23.9051502747386,67.1800960341977,-15.3351862820305,1.73472347597681e-18,4.16313153810642e-19,5.7759117346722e-19,0,0,0,-0.0072609762275046,0.00271554906894998,0.00798862637180394,-0.00216661494335417,-0.00644841969049437,0.0151594699561672,4.93242475349888e-15,5.70280045107896e-08,1.71737258057223e-13,7.91913985662801e-20,4.33680868994202e-18,2.55033638712463e-15
NC_k0003,-0.13421052631579,-0.13421052631579,0.431134787020221,-171.380082015697,-9.35784817277968,-154.501956993373,28.8803151383463,139.546249462218,34.2703980038213,172.415607202636,-31.0615595949171,1,160,16.1481823787696,-33.6691271036327,-5.78191175920484,23.1059655495032,-4.98373010340749e-19,3.11072849879142e-19,0,1.1667878848428e-19,-0.000637251254744039,0.00181582700073018,1,8.13831808272727e-20,-2.53886279776384e-21,1,-0.00890341594678861,0.00659383141145556,0.00659383141145556,0.00818599167466987,0.011081958503288,-0.00383992549913756,-0.00383992549913756,0.00852556625629547,1,0,2.16840434497101e-19,1,-0.00889818760444942,0.00660207370071988,0.00660207370071988,0.00818053913724564,0.0110842233064545,-0.00384472540601148,-0.00384472540601148,0.00852942880461634,-28.9676895796477,34.4984208061641,7.68282635105784,19.0834915145014,7.68282635105784,19.0834915145014,-31.7095011556576,4.26729879464309,4.33680868994202e-19,-1.63896597941807e-19,-1.68743467644995e-20,0,0,0,-0.00890341594678861,0.00818599167466987,0.00659383141145556,0.011081958503288,0.00852556625629547,-0.00383992549913756,3.81976743194812e-14,1.88580422114207e-07,8.61564962224447e-14,8.13831808272727e-20,1.73472347597681e-18,9.52793723629732e-15
NC_k0003,-0.0842105263157895,-0.0842105263157895,0.448598953711893,-176.690851460548,1.5062668227878,-161.728678828621,25.5936429614913,153.107762265222,19.7426269997076,171.472420548537,-24.0713951763946,1,160,10.7573756863167,-23.5358400963775,-4.21689325532008,15.2661191782421,9.30677450795662e-19,6.24369161244826e-19,0,1.17089070068106e-19,-0.000615967854203525,0.00181131990394588,1,1.77386945188709e-19,-2.76166683626142e-21,1,-0.0089034159467886,0.00659383141145556,0.00659383141145556,0.00818599167466987,0.011081958503288,-0.00383992549913756,-0.00383992549913756,0.00852556625629547,1,0,2.16840434497101e-19,1,-0.00889818760444942,0.00660207370071988,0.00660207370071988,0.00818053913724564,0.0110842233064545,-0.00384472540601148,-0.00384472540601148,0.00852942880461634,-30.2102352100911,34.6988473047243,8.56919793745569,20.6443318370427,8.56919793745569,20.6443318370427,-34.0022373530573,3.24555264869559,6.50521303491303e-19,-6.70056254724727e-19,2.52548374830418e-20,0,0,0,-0.00890341594678861,0.00818599167466987,0.00659383141145556,0.011081958503288,0.00852556625629547,-0.00383992549913756,1.31476658643322e-13,2.01543581430302e-07,9.8872368810317e-14,1.77386945188709e-19,5.20417042793042e-18,6.18716904842685e-15
NC_k0003,-0.0342105263157895,-0.0342105263157895,0.459332266116756,-176.080091864013,10.7463530089062,-169.02491432312,20.5599566810399,162.183949500843,4.96123420863758,169.10896903332,-13.4796795772269,1,160,4.49420599845515,-10.0949886894441,-1.84825828802636,6.35710084601419,5.85723283026349e-19,2.94343949170869e-20,0,-2.70521147529342e-19,-0.000603822893111187,0.00180787221417877,1,3.85374078535174e-20,-1.27087790873456e-19,1,-0.00890341594678861,0.00659383141145556,0.00659383141145556,0.00818599167466987,0.011081958503288,-0.00383992549913756,-0.00383992549913756,0.00852556625629547,1,0,2.16840434497101e-19,1,-0.00889818760444942,0.00660207370071988,0.00660207370071988,0.00818053913724564,0.0110842233064545,-0.00384472540601148,-0.00384472540601148,0.00852942880461634,-30.941723450324,34.8603484938949,9.09315218377942,21.6164809606304,9.09315218377942,21.6164809606304,-35.545481101407,2.59769980188323,8.67361737988404e-19,2.90854096388258e-19,3.08926843525636e-19,0,0,0,-0.00890341594678861,0.00818599167466987,0.00659383141145556,0.011081958503288,0.00852556625629547,-0.00383992549913756,2.58667407586978e-14,1.69578841917318e-07,1.09231165174592e-13,1.27087790873456e-19,1.73472347597681e-18,4.22981452951134e-15
NC_k0003,0.0157894736842105,0.0157894736842105,0.461067781486925,-171.398760060298,18.2466528621121,-174.716580499811,13.7139361599621,167.740824937522,-8.86934440869472,164.583287725975,-0.307594812630789,1,160,-2.08267354544463,4.69743711660872,0.862871978484154,-2.94462753569131,3.48699641582954e-19,1.73324116831911e-19,0,3.14619800345769e-19,-0.000601934472062454,0.00180732905929682,1,1.52253739965491e-19,-8.7610140459541e-20,1,-0.0089034159467886,0.00659383141145556,0.00659383141145556,0.00818599167466987,0.011081958503288,-0.00383992549913756,-0.00383992549913756,0.00852556625629547,1,0,2.16840434497101e-19,1,-0.00889818760444942,0.00660207370071988,0.00660207370071988,0.00818053913724564,0.0110842233064545,-0.00384472540601148,-0.00384472540601148,0.00852942880461634,-31.0582375323276,34.8877171912134,9.17633550170904,21.7753238691166,9.17633550170904,21.7753238691166,-35.8038074811424,2.49220673116611,6.50521303491303e-19,-3.59371552596333e-19,9.39631395048571e-22,0,0,0,-0.00890341594678861,0.00818599167466987,0.00659383141145556,0.011081958503288,0.00852556625629547,-0.00383992549913756,2.04959722302789e-13,1.74212133764355e-07,2.33021199831824e-13,1.52253739965491e-19,3.46944695195361e-18,9.75215235215778e-15
NC_k0003,0.0657894736842105,0.0657894736842105,0.453510875606155,-164.490366891081,23.9490909543,-177.056314760043,5.1094380194535,170.802376991974,-20.5457321707109,156.931436456306,14.2572392642548,1,160,-8.51714080728076,18.8665635490628,3.41530950478806,-12.0677591924257,1.73112358595098e-20,4.63750538621729e-20,0,1.13925931405703e-19,-0.000610387600858227,0.0018098302859829,1,4.86353601565029e-20,3.2689607715766e-20,1,-0.0089034159467886,0.00659383141145556,0.00659383141145556,0.00818599167466987,0.011081958503288,-0.00383992549913756,-0.00383992549913756,0.00852556625629547,1,0,2.16840434497101e-19,1,-0.00889818760444942,0.00660207370071988,0.00660207370071988,0.00818053913724564,0.0110842233064545,-0.00384472540601148,-0.00384472540601148,0.00852942880461634,-30.5474515557155,34.7706943059413,8.81105752536014,21.0873353560611,8.81105752536014,21.0873353560611,-34.6968613852106,2.94997135857961,8.67361737988404e-19,-4.57195253341015e-19,7.12102791515481e-20,0,0,0,-0.00890341594678861,0.00818599167466987,0.00659383141145556,0.011081958503288,0.00852556625629547,-0.00383992549913756,6.65666687094356e-14,1.44429630065536e-07,2.82131827949644e-13,4.86353601565029e-20,5.20417042793042e-18,1.37091507002804e-14
NC_k0003,0.11578947368421,0.11578947368421,0.43808613118874,-157.041303669395,27.8602565976701,-174.141541654203,-5.18197542763126,172.193860436389,-28.9408300963309,145.094909043862,29.0107192781738,1,160,-14.3121590080645,30.436207528144,5.32093601162627,-20.396064455125,7.34006988355055e-19,-2.8873235589531e-19,0,8.13363387600942e-19,-0.000628480969956084,0.00181412839944791,1,-7.26738554169495e-20,-7.08374038619411e-21,1,-0.0089034159467886,0.00659383141145556,0.00659383141145556,0.00818599167466987,0.011081958503288,-0.00383992549913756,-0.00383992549913756,0.00852556625629547,1,0,2.16840434497101e-19,1,-0.00889818760444942,0.00660207370071988,0.00660207370071988,0.00818053913724564,0.0110842233064545,-0.00384472540601148,-0.00384472540601148,0.00852942880461634,-29.4718896985279,34.5637067570938,8.04054300697602,19.7028870432226,8.04054300697602,19.7028870432226,-32.5883558576524,3.86773194608862,6.50521303491303e-19,-4.09782630221082e-19,-6.73457280205235e-19,0,0,0,-0.00890341594678861,0.00818599167466987,0.00659383141145556,0.011081958503288,0.00852556625629547,-0.00383992549913756,5.05425986959165e-14,1.22901719413493e-07,2.37683462782091e-13,7.26738554169495e-20,5.20417042793042e-18,6.71578213917283e-15
NC_k0004,-0.13421052631579,-0.13421052631579,0.252506242802316,67.421523185346,-12.9560670831031,26.2380568448557,-43.023736233466,-42.983500365277,7.24895182456625,-57.9649258445198,25.3131318620247,1,160,-28.5182437314595,6.23228367933065,-7.35436681720253,-18.8299885696262,4.00223067577657e-20,1.06302634880415e-19,0,6.61320973568795e-19,-0.00085175727641755,-0.00190538850427448,1,-7.42267106361031e-20,-6.33909259890453e-20,1,-0.00312662682058422,-0.00671160527592423,-0.00671160527592423,-0.0103971201687872,-0.012762173308884,0.000548361139259963,0.000548361139259963,-0.00859678335400792,1,0,-4.33680868994202e-19,1,-0.00313101193522262,-0.00671999478251913,-0.00671999478251913,-0.010396961225083,-0.0127642089615016,0.000549046590684037,0.000549046590684038,-0.00860142237534739,6.70275484217947,-31.8218417533084,-10.787098560566,-9.19511302942103,-10.787098560566,-9.19511302942103,6.30917680974112,-0.966409479148163,8.67361737988404e-19,-1.9135939021062e-19,-3.22155010157921e-19,0,0,0,-0.00312662682058422,-0.0103971201687872,-0.00671160527592423,-0.012762173308884,-0.00859678335400792,0.000548361139259962,8.3684515645736e-14,3.32770779426399e-07,2.55700030965647e-13,7.42267106361031e-20,3.46944695195361e-18,3.73729203863758e-15
NC_k0004,-0.0842105263157895,-0.0842105263157895,0.265348227109408,62.1535706653869,-19.3970445014921,33.6553906856873,-39.5159469757412,-46.8054915498009,11.581563322117,-56.4546073326251,23.7864291134617,1,160,-17.9342020505819,5.31071395013528,-4.16575107314739,-12.5062214780595,1.56701095242046e-20,-9.3173624197973e-21,0,-3.94479125404089e-19,-0.000874432416690001,-0.00191257699146935,1,-1.06927900318946e-19,3.40220862459557e-20,1,-0.00312662682058422,-0.00671160527592423,-0.00671160527592423,-0.0103971201687872,-0.012762173308884,0.000548361139259962,0.000548361139259962,-0.00859678335400792,1,0,-4.33680868994202e-19,1,-0.00313101193522262,-0.00671999478251913,-0.00671999478251913,-0.010396961225083,-0.0127642089615016,0.000549046590684037,0.000549046590684038,-0.00860142237534739,6.71515262668633,-33.3107191040136,-11.3001329444008,-10.052910559957,-11.3001329444008,-10.052910559957,7.07655053452971,-0.602362124604919,1.30104260698261e-18,2.02040657542565e-19,-6.0245513939229e-19,0,0,0,-0.00312662682058422,-0.0103971201687872,-0.00671160527592423,-0.012762173308884,-0.00859678335400792,0.000548361139259962,8.1417914098923e-14,3.70872744617963e-07,3.38041265658703e-13,1.06927900318946e-19,3.46944695195361e-18,1.73636945020728e-14
NC_k0004,-0.0342105263157895,-0.0342105263157895,0.27248218778149,54.4124731418558,-25.9421126480503,42.2842882853477,-34.4575262531685,-50.0863236439516,15.8197817545009,-54.1099524616344,20.9952012238301,1,160,-7.25583725705512,2.49033586566531,-1.57261545915863,-5.23268732912453,-3.01649608340938e-19,-2.06464280893236e-20,0,2.26898950745746e-19,-0.000887515188761445,-0.0019162824303506,1,9.18523947770276e-20,1.07749802778684e-20,1,-0.00312662682058422,-0.00671160527592423,-0.00671160527592423,-0.0103971201687872,-0.012762173308884,0.000548361139259962,0.000548361139259962,-0.00859678335400792,1,0,-4.33680868994202e-19,1,-0.00313101193522262,-0.00671999478251913,-0.00671999478251913,-0.010396961225083,-0.0127642089615016,0.000549046590684037,0.000549046590684038,-0.00860142237534739,6.8095375154277,-34.1157237735054,-11.610333681385,-10.5824891237067,-11.610333681385,-10.5824891237067,7.68257696567198,-0.31984177773352,8.67361737988404e-19,-3.66285459253829e-19,-4.60256180437762e-19,0,0,0,-0.00312662682058422,-0.0103971201687872,-0.00671160527592423,-0.012762173308884,-0.00859678335400792,0.000548361139259962,1.41749404455383e-13,2.44016708785258e-07,2.14805831764388e-13,9.18523947770276e-20,1.73472347597681e-18,6.92661475316801e-15
NC_k0004,0.0157894736842105,0.0157894736842105,0.273593522749327,45.5852859477971,-32.2894400903411,51.216959796661,-28.3327448399426,-53.0932795555967,19.7196336766275,-51.2272232917887,17.3127255321318,1,160,3.34558216767381,-1.1741286580417,0.716579658178595,2.42581355655078,-8.470329472543e-20,-1.65542001629012e-19,0,2.31875269310865e-20,-0.000889583226665532,-0.00191688403297831,1,-1.46363104325727e-19,2.19673924245424e-20,1,-0.00312662682058422,-0.00671160527592423,-0.00671160527592423,-0.0103971201687872,-0.012762173308884,0.000548361139259962,0.000548361139259962,-0.00859678335400792,1,0,-4.33680868994202e-19,1,-0.00313101193522262,-0.00671999478251913,-0.00671999478251913,-0.010396961225083,-0.0127642089615016,0.000549046590684037,0.000549046590684038,-0.00860142237534739,6.8294912322164,-34.2388334669548,-11.6601421380479,-10.6688877947291,-11.6601421380479,-10.6688877947291,7.78940631249444,-0.270919477034247,8.67361737988404e-19,3.44013912462174e-19,-4.62906701225287e-19,0,0,0,-0.00312662682058422,-0.0103971201687872,-0.00671160527592423,-0.012762173308884,-0.00859678335400792,0.000548361139259962,3.99079784174767e-13,2.66732689433166e-07,3.85454631139295e-13,1.46363104325727e-19,3.46944695195361e-18,1.29853720332977e-14
NC_k0004,0.0657894736842105,0.0657894736842105,0.268672270652835,36.7364949145241,-37.8146299814811,59.5107805579551,-21.8029666600717,-55.6752350699734,22.8895812390408,-48.0516589957368,13.1685407725471,1,160,13.9902207412974,-4.44390861759237,3.15028300082265,9.90669412263115,5.62244588519644e-19,-4.48298804779239e-20,0,2.91061696500259e-19,-0.000880482115689347,-0.00191435732654505,1,-1.12858729799363e-19,-7.00137446706333e-20,1,-0.00312662682058422,-0.00671160527592422,-0.00671160527592422,-0.0103971201687872,-0.012762173308884,0.000548361139259963,0.000548361139259963,-0.00859678335400792,1,0,-4.33680868994202e-19,1,-0.00313101193522262,-0.00671999478251913,-0.00671999478251913,-0.010396961225083,-0.0127642089615016,0.000549046590684037,0.000549046590684038,-0.00860142237534739,6.75161921326579,-33.6887695519648,-11.4426376706828,-10.2943567156326,-11.4426376706828,-10.2943567156326,7.34222007034043,-0.477427578011448,1.30443073877162e-18,5.18027721381928e-19,4.24658748716107e-19,0,0,0,-0.00312662682058422,-0.0103971201687872,-0.00671160527592423,-0.012762173308884,-0.00859678335400792,0.000548361139259962,7.99919336167941e-14,1.14474319062005e-07,5.05476473817505e-13,1.12858729799363e-19,6.93889390390723e-18,2.50001583068517e-14
NC_k0004,0.11578947368421,0.11578947368421,0.257821395374142,28.766944506874,-41.9260820613832,65.8920198293441,-15.3202742707,-57.5169304138681,24.9082846757949,-44.4947325929698,8.87170756082042,1,160,24.6719651495699,-6.16011339516348,6.10891107895411,16.6479503404399,-9.96057806411854e-19,2.1901095642444e-19,0,6.96684599116662e-20,-0.000861094009139282,-0.0019084381366194,1,5.78077369846527e-20,2.76233900547314e-20,1,-0.00312662682058422,-0.00671160527592423,-0.00671160527592423,-0.0103971201687872,-0.012762173308884,0.000548361139259962,0.000548361139259962,-0.00859678335400792,1,0,-4.33680868994202e-19,1,-0.00313101193522262,-0.00671999478251913,-0.00671999478251913,-0.010396961225083,-0.0127642089615016,0.000549046590684037,0.000549046590684038,-0.00860142237534739,6.68314993781084,-32.4419937562232,-10.9919504699516,-9.53708902955983,-10.9919504699516,-9.53708902955983,6.58096663076746,-0.838515685485591,1.73472347597681e-18,4.04788116635895e-19,6.74196940437341e-19,0,0,0,-0.00312662682058422,-0.0103971201687872,-0.00671160527592423,-0.012762173308884,-0.00859678335400792,0.000548361139259962,4.11834284775104e-14,1.3158751414784e-07,4.05192485351561e-13,5.78077369846527e-20,6.93889390390723e-18,1.09807361359045e-14
NC_k0005,-0.13421052631579,-0.13421052631579,1.01259615382383,20.626190056095,122.133081940846,151.133993809483,175.761809222763,-66.2907407582056,-117.274251338132,-102.463356830713,-172.647906210027,1,160,76.4974950002587,-28.2725503984276,15.9142317186042,9.14364693733438,-4.00604232403921e-18,2.48392411782324e-18,0,-9.62441186317699e-19,0.000328404677486928,0.000243103572679503,1,7.15119956254856e-20,-1.27664875492223e-19,1,0.00652234756030477,0.0163762563016298,0.0163762563016298,0.000290094583144858,0.00265900651085749,-0.00602366899317761,-0.00602366899317761,-0.00677038796632783,1,2.71050543121376e-19,-3.3881317890172e-20,1,0.00652146442533431,0.0163967266220068,0.0163967266220068,0.00029310660628513,0.00265541742173095,-0.00603119857941908,-0.00603119857941908,-0.00676808368390612,14.233991195264,67.8903253475829,24.7949351156463,-13.315434361768,24.7949351156463,-13.315434361768,-18.9452346301395,-23.3547700777312,1.73472347597681e-18,-2.46666354607133e-19,1.78437412450195e-20,0,0,0,0.00652234756030476,0.000290094583144854,0.0163762563016298,0.00265900651085749,-0.00677038796632783,-0.00602366899317761,1.48615111803637e-14,2.03669485664718e-07,1.61075770284075e-13,1.27664875492223e-19,4.06575814682064e-18,4.82421475718996e-15
NC_k0005,-0.0842105263157895,-0.0842105263157895,1.07921660085559,48.7483174484396,136.064448641684,134.6350832779,170.289507579783,-79.2347236856226,-131.704628340642,-100.987895323184,-166.637193520304,1,160,48.8869086063166,-18.069353178898,10.1697932910482,5.85737525098775,2.81638454962055e-20,8.00446135155314e-20,0,-3.12872794892057e-19,0.000364557566093556,0.00024199449844281,1,4.14383771126353e-19,-9.32320475716715e-20,1,0.00652234756030477,0.0163762563016297,0.0163762563016297,0.00029009458314486,0.00265900651085748,-0.00602366899317761,-0.00602366899317761,-0.00677038796632783,1,2.71050543121376e-19,-3.3881317890172e-20,1,0.00652146442533431,0.0163967266220068,0.0163967266220068,0.00029310660628513,0.00265541742173095,-0.00603119857941908,-0.00603119857941908,-0.00676808368390612,16.0978756385781,73.4667685089948,24.7828687175733,-13.0069420040988,24.7828687175733,-13.0069420040988,-22.6669531519249,-24.7346617317115,1.73472347597681e-18,-8.45225398825417e-19,2.26671131355766e-19,0,0,0,0.00652234756030476,0.000290094583144854,0.0163762563016298,0.00265900651085749,-0.00677038796632783,-0.00602366899317761,2.06933767930609e-14,2.56020829731379e-07,6.04507937743748e-14,4.14383771126353e-19,6.07153216591882e-18,3.90917586908035e-15
NC_k0005,-0.0342105263157895,-0.0342105263157895,1.11673518917272,77.4452519448926,148.337350050441,113.112314714619,162.431630464891,-89.3938241450286,-144.29092625299,-97.9332565934148,-158.463786497078,1,160,19.9970643370609,-7.39808378732632,4.15766358141242,2.40316650410348,-7.39036246479377e-19,6.49886028780862e-19,0,6.46392017873438e-20,0.000385986911089814,0.000240623992878681,1,2.21706757917474e-19,-2.86933178158986e-20,1,0.00652234756030476,0.0163762563016298,0.0163762563016298,0.000290094583144856,0.00265900651085749,-0.00602366899317761,-0.00602366899317761,-0.00677038796632783,1,2.71050543121376e-19,-3.3881317890172e-20,1,0.00652146442533431,0.0163967266220068,0.0163967266220068,0.00029310660628513,0.00265541742173095,-0.00603119857941908,-0.00603119857941908,-0.00676808368390612,17.0140278210717,76.6614614863529,24.7798550654639,-12.8596144500036,24.7798550654639,-12.8596144500036,-24.8272658226414,-25.4191057046065,8.67361737988404e-19,-2.12724791913778e-19,-2.41817573323064e-19,0,0,0,0.00652234756030476,0.000290094583144854,0.0163762563016298,0.00265900651085749,-0.00677038796632783,-0.00602366899317761,4.54814109932799e-14,1.02847650448284e-07,1.02068292375127e-13,2.21706757917474e-19,2.22261445359528e-18,3.7778405610205e-15
NC_k0005,0.0157894736842105,0.0157894736842105,1.12261827724167,104.124174768007,158.98156342711,87.6133017836397,152.460836605633,-96.2031329384774,-154.984215526127,-92.2858910308881,-148.444740311965,1,160,-9.23769605773434,3.41856000405607,-1.92031489771384,-1.11051393919776,-9.41000664840324e-19,4.32622077810134e-19,0,-3.33519222981381e-19,0.000389379004631051,0.00024043395573702,1,2.47524145203795e-19,-1.00376804027275e-19,1,0.00652234756030477,0.0163762563016298,0.0163762563016298,0.000290094583144858,0.00265900651085749,-0.00602366899317761,-0.00602366899317761,-0.00677038796632783,1,2.71050543121376e-19,-3.3881317890172e-20,1,0.00652146442533431,0.0163967266220068,0.0163967266220068,0.00029310660628513,0.00265541742173095,-0.00603119857941908,-0.00603119857941908,-0.00676808368390612,17.1506162056044,77.1658086609463,24.7787761031645,-12.837992619855,24.7787761031645,-12.837992619855,-25.1706176143093,-25.5213281485503,1.30104260698261e-18,-6.3621558056695e-19,2.32655607968996e-19,0,0,0,0.00652234756030476,0.000290094583144854,0.0163762563016298,0.00265900651085749,-0.00677038796632783,-0.00602366899317761,1.51191439537468e-13,1.85998539956121e-07,6.58578934532622e-14,2.47524145203795e-19,5.20417042793042e-18,9.49400277233071e-15
NC_k0005,0.0657894736842105,0.0657894736842105,1.09666371522679,127.23825745762,167.663231367569,59.4221388534689,140.774425611754,-100.100632573622,-163.854075944139,-83.3644574434617,-136.572422913662,1,160,-38.324235170576,14.169719720015,-7.97099009868512,-4.59722705974921,-3.46648233663822e-19,2.58980323623002e-19,0,-3.8794108984247e-19,0.00037442157127775,0.000241393323391579,1,2.63880480527194e-19,-5.85861034251053e-21,1,0.00652234756030477,0.0163762563016298,0.0163762563016298,0.000290094583144859,0.00265900651085749,-0.00602366899317761,-0.00602366899317761,-0.00677038796632783,1,2.71050543121376e-19,-3.3881317890172e-20,1,0.00652146442533431,0.0163967266220068,0.0163967266220068,0.00029310660628513,0.00265541742173095,-0.00603119857941908,-0.00603119857941908,-0.00676808368390612,16.5343231525445,74.9468833112875,24.7824804388888,-12.9368555856485,24.7824804388888,-12.9368555856485,-23.6650424393921,-25.0604985056603,8.67361737988404e-19,-9.43435551442512e-19,2.88761742430515e-19,0,0,0,0.00652234756030476,0.000290094583144854,0.0163762563016298,0.00265900651085749,-0.00677038796632783,-0.00602366899317761,2.46585961691021e-14,1.39293126678285e-07,1.48934750766412e-13,2.63880480527194e-19,6.07153216591882e-18,1.82225546133987e-15
NC_k0005,0.11578947368421,0.11578947368421,1.04006941004598,145.705677476449,174.027187116104,30.6796322572887,127.458888466619,-102.041243493201,-170.71508913343,-71.276216576874,-122.782952679573,1,160,-66.5834521238328,24.6055868903312,-13.8526955270556,-7.96349366247691,-2.07606121010804e-18,-1.02220994865833e-18,0,-2.02440874393778e-19,0.000343192063902393,0.00024275576331838,1,-1.20856489276223e-19,-2.65383318517924e-20,1,0.00652234756030477,0.0163762563016298,0.0163762563016298,0.000290094583144856,0.00265900651085749,-0.00602366899317761,-0.00602366899317761,-0.00677038796632783,1,2.71050543121376e-19,-3.3881317890172e-20,1,0.00652146442533431,0.0163967266220068,0.0163967266220068,0.00029310660628513,0.00265541742173095,-0.00603119857941908,-0.00603119857941908,-0.00676808368390612,15.0432728957076,70.1770770694971,24.7845882356604,-13.1792616004739,24.7845882356604,-13.1792616004739,-20.4659137112293,-23.951090678909,8.67361737988404e-19,-6.42809419985052e-19,1.4465215617042e-19,0,0,0,0.00652234756030476,0.000290094583144854,0.0163762563016298,0.00265900651085749,-0.00677038796632783,-0.00602366899317761,1.38862390791673e-14,9.72077920414519e-08,6.12252787573295e-14,1.20856489276223e-19,5.20417042793042e-18,3.84282322895535e-15
NC_k0006,-0.13421052631579,-0.13421052631579,0.47882464048635,-164.627792756083,-141.995738459427,-104.068031800343,-161.663259233266,131.637011436484,142.477398398132,134.870322555647,169.705436335597,1,160,36.7556015649456,13.547412718124,16.599994713413,-2.22148503788781,-2.13875819181711e-19,9.81764125426937e-19,0,1.37378156132807e-19,0.000112443811452133,-7.92439979498814e-05,1,8.82302000705918e-20,1.16998983963434e-19,1,-0.00398200939445784,0.00754742661982021,0.00754742661982021,0.00927323019774596,-0.0149178558947045,0.000283080721679624,0.000283080721679624,0.0043086651193074,1,2.16840434497101e-19,2.16840434497101e-19,1,-0.00397704037883476,0.00755686090309498,0.00755686090309498,0.00926991468862391,-0.0149135052929462,0.000283434572581725,0.000283434572581724,0.00430099914543187,-23.244544314338,52.031075811189,-22.3566596144729,20.4900737506295,-22.3566596144729,20.4900737506295,-10.3944304119691,26.6307977490057,8.67361737988404e-19,1.98438827637004e-19,-1.43492284905902e-19,0,0,0,-0.00398200939445784,0.00927323019774596,0.00754742661982021,-0.0149178558947045,0.00430866511930741,0.000283080721679624,1.71325858578237e-14,1.78587551764623e-07,1.64207750511731e-13,1.16998983963434e-19,1.73472347597681e-18,2.89830276773529e-15
NC_k0006,-0.0842105263157895,-0.0842105263157895,0.486487062652496,-153.069659653542,-149.896665466317,-111.699846595206,-161.620245687781,129.417546744081,151.908297432229,133.186320074874,168.231236700459,1,160,24.1837945117568,8.64228214602797,10.832605297069,-1.62392034358173,5.96099436630214e-19,-4.41992379789135e-19,0,3.68247573818807e-19,0.000133874968460858,-7.73058368851447e-05,1,1.49958628510491e-19,5.95485824796497e-20,1,-0.00398200939445783,0.00754742661982021,0.00754742661982021,0.00927323019774596,-0.0149178558947045,0.000283080721679624,0.000283080721679624,0.00430866511930741,1,2.16840434497101e-19,2.16840434497101e-19,1,-0.00397704037883476,0.00755686090309498,0.00755686090309498,0.00926991468862391,-0.0149135052929462,0.000283434572581725,0.000283434572581724,0.00430099914543187,-22.7159048716856,54.2887380651437,-22.6097203475733,19.9099782901644,-22.6097203475733,19.9099782901644,-10.066084704207,27.5535567281895,1.30104260698261e-18,-1.77309361750778e-19,-1.46598063880845e-19,0,0,0,-0.00398200939445784,0.00927323019774596,0.00754742661982021,-0.0149178558947045,0.00430866511930741,0.000283080721679624,2.4854443137112e-14,1.16006816184369e-07,1.15326057316897e-13,1.49958628510491e-19,2.60208521396521e-18,1.14106120168113e-15
NC_k0006,-0.0342105263157895,-0.0342105263157895,0.491412367728577,-140.047119318238,-155.988426943578,-122.471064449597,-160.558453555338,129.171158257209,159.404265679649,131.176207679483,165.817308843614,1,160,10.0509047260607,3.53091087743138,4.4819991491524,-0.7063759829999,2.31928208870068e-19,2.23854926091551e-19,0,3.681416947004e-19,0.000146761364499296,-7.64754904106329e-05,1,-3.36072727073672e-20,-3.53166400941403e-20,1,-0.00398200939445784,0.00754742661982021,0.00754742661982021,0.00927323019774596,-0.0149178558947045,0.000283080721679624,0.000283080721679624,0.00430866511930741,1,2.16840434497101e-19,2.16840434497101e-19,1,-0.00397704037883476,0.00755686090309498,0.00755686090309498,0.00926991468862391,-0.0149135052929462,0.000283434572581725,0.000283434572581724,0.00430099914543187,-22.4561890768405,55.6785692085632,-22.7921556873361,19.551321273911,-22.7921556873361,19.551321273911,-9.92069841884637,28.1191108675163,8.67361737988404e-19,-6.58260944686384e-20,-5.81656769736584e-19,0,0,0,-0.00398200939445784,0.00927323019774596,0.00754742661982021,-0.0149178558947045,0.00430866511930741,0.000283080721679624,1.18766601476365e-13,1.33161290318369e-07,6.08025097411521e-14,3.53166400941403e-20,5.20417042793042e-18,3.5018363418958e-15
NC_k0006,0.0157894736842105,0.0157894736842105,0.492223352813429,-126.996336502146,-159.735753082541,-135.161926866999,-157.642078173486,130.476201810245,164.500639038811,129.513981131682,161.558940907362,1,160,-4.65432960907768,-1.63071430366394,-2.07406449120473,0.329214368138857,2.74597493588003e-19,2.2806362104822e-19,0,4.52103835596983e-19,0.000148854287921844,-7.63254641354941e-05,1,1.22648794830599e-19,4.75839444417898e-21,1,-0.00398200939445784,0.00754742661982021,0.00754742661982021,0.00927323019774596,-0.0149178558947045,0.000283080721679625,0.000283080721679625,0.00430866511930741,1,2.16840434497101e-19,2.16840434497101e-19,1,-0.00397704037883476,0.00755686090309498,0.00755686090309498,0.00926991468862391,-0.0149135052929462,0.000283434572581725,0.000283434572581724,0.00430099914543187,-22.4181414898613,55.9041169506229,-22.8233747508041,19.4926407003903,-22.8233747508041,19.4926407003903,-9.9004535097581,28.2110474141643,8.67361737988404e-19,-2.05294598071826e-19,-1.45355752290868e-19,0,0,0,-0.00398200939445784,0.00927323019774596,0.00754742661982021,-0.0149178558947045,0.00430866511930741,0.000283080721679624,3.42346206386912e-13,1.39382032626184e-07,1.28574604242987e-13,1.22648794830599e-19,1.73472347597681e-18,1.91719788493878e-15
NC_k0006,0.0657894736842105,0.0657894736842105,0.488722985551321,-115.358748205587,-161.396360435188,-148.367131217877,-152.403092763626,132.457103425026,167.504568934228,129.105651146376,154.938253535805,1,160,-19.1002895888813,-6.77191110995831,-8.53782623061703,1.311368650646,-1.86082550599929e-19,3.91117463394673e-19,0,-1.76553429943318e-19,0.000139766360622439,-7.68594018461927e-05,1,1.21274555394675e-19,3.06566204245403e-20,1,-0.00398200939445783,0.00754742661982021,0.00754742661982021,0.00927323019774596,-0.0149178558947045,0.000283080721679624,0.000283080721679624,0.00430866511930741,1,2.16840434497101e-19,2.16840434497101e-19,1,-0.00397704037883476,0.00755686090309498,0.00755686090309498,0.00926991468862391,-0.0149135052929462,0.000283434572581725,0.000283434572581724,0.00430099914543187,-22.5917630570498,54.9238155441614,-22.6910415321182,19.7466981633767,-22.6910415321182,19.7466981633767,-9.99491758528383,27.8120531947174,8.67361737988404e-19,-6.68014820821954e-19,2.49853504198522e-19,0,0,0,-0.00398200939445784,0.00927323019774596,0.00754742661982021,-0.0149178558947045,0.00430866511930741,0.000283080721679624,4.49313814872643e-14,2.37753103859537e-07,1.26655463501329e-13,1.21274555394675e-19,6.93889390390723e-18,1.93092937887262e-15
NC_k0006,0.11578947368421,0.11578947368421,0.481813275155313,-106.451048672395,-161.707702150028,-160.629588586433,-145.032196171873,134.310622083929,169.207175786396,130.592021731383,146.094875216214,1,160,-32.3808717920398,-11.7815708490149,-14.5736060715481,2.0527486621731,3.21872519956634e-20,3.54132563846202e-19,0,7.06743115365307e-19,0.000121117782228818,-7.8391500170931e-05,1,8.48463051776054e-21,6.76283031027693e-20,1,-0.00398200939445784,0.00754742661982021,0.00754742661982021,0.00927323019774596,-0.0149178558947045,0.000283080721679624,0.000283080721679624,0.00430866511930741,1,2.16840434497101e-19,2.16840434497101e-19,1,-0.00397704037883476,0.00755686090309498,0.00755686090309498,0.00926991468862391,-0.0149135052929462,0.000283434572581725,0.000283434572581724,0.00430099914543187,-23.0154740454889,52.9312984325729,-22.4502238405472,20.2573418332952,-22.4502238405472,20.2573418332952,-10.2483503566139,26.9993968019049,1.0842021724855e-18,-6.58260944686384e-20,2.85976018794941e-19,0,0,0,-0.00398200939445784,0.00927323019774596,0.00754742661982021,-0.0149178558947045,0.00430866511930741,0.000283080721679624,1.17808017557755e-14,2.11749609246807e-07,6.99898628155933e-14,6.76283031027693e-20,5.20417042793042e-18,3.57160289453269e-15
NC_k0007,-0.13421052631579,-0.13421052631579,0.315491335159345,-47.4727979536918,110.598676103086,-140.294836573135,159.82298597576,72.460556771414,-109.727027127772,121.734108578732,-178.019350678195,1,160,-48.2338749007451,-33.3922674620788,-26.9366269797319,26.8453210018457,6.44062677268489e-19,-5.43530454341244e-19,0,3.66871145279519e-19,0.00102962755647304,-0.000969346146217202,1,8.15108892636376e-21,-8.97950782138871e-20,1,0.00182057138377452,-0.00383757236604354,-0.00383757236604354,0.0157517137559357,0.0045404334689026,-0.00171840194232206,-0.00171840194232206,-0.0105011252064776,1,0,0,1,0.0018276705353189,-0.00384236933150109,-0.00384236933150109,0.0157501059434975,0.00453480162373254,-0.00172054994474996,-0.00172054994474996,-0.0104973560774755,-13.4448732346827,-29.5959387343972,14.8507712093591,16.9315445134143,14.8507712093591,16.9315445134143,-14.4555984168819,-25.6162336762034,6.50521303491303e-19,-6.04717019932328e-20,-4.30052497108171e-19,0,0,0,0.00182057138377452,0.0157517137559357,-0.00383757236604354,0.00454043346890259,-0.0105011252064776,-0.00171840194232206,2.65161554405496e-14,8.75288058952379e-08,2.51653466610446e-13,8.97950782138871e-20,3.46944695195361e-18,7.91781430112792e-15
NC_k0007,-0.0842105263157895,-0.0842105263157895,0.346585217305773,-72.0688536034938,132.848577255987,-132.324494342879,159.409488239956,90.917881446318,-134.083345342238,119.830948231486,-175.527501747438,1,160,-32.6547683248741,-21.5270607608264,-17.8800035982812,17.8116081662124,9.64717587363445e-19,3.0543478682398e-19,0,-4.12663863990454e-19,0.00102089944118382,-0.00097085777141885,1,-3.95733024742403e-20,-1.78900970554221e-20,1,0.00182057138377452,-0.00383757236604354,-0.00383757236604354,0.0157517137559357,0.00454043346890259,-0.00171840194232206,-0.00171840194232206,-0.0105011252064776,1,0,0,1,0.0018276705353189,-0.00384236933150109,-0.00384236933150109,0.0157501059434975,0.00453480162373254,-0.00172054994474996,-0.00172054994474996,-0.0104973560774755,-15.47391821874,-32.4569869142024,17.009802212822,18.4851111682792,17.009802212822,18.4851111682792,-17.4529959147643,-28.1333288551714,8.67361737988404e-19,1.47461431362852e-19,5.06345623670211e-19,0,0,0,0.00182057138377452,0.0157517137559357,-0.00383757236604354,0.00454043346890259,-0.0105011252064776,-0.00171840194232206,3.8731436005613e-14,1.95020672763602e-07,1.75323556553918e-13,3.95733024742403e-20,3.46944695195361e-18,6.24647212263831e-15
NC_k0007,-0.0342105263157895,-0.0342105263157895,0.364938981916282,-94.5358721923972,147.351760034438,-119.470654234798,157.049686549565,104.56349444103,-152.616697074821,115.779456902574,-169.13696875092,1,160,-13.7755582433598,-8.84916139929527,-7.46615748207617,7.42336515475224,6.00969876076926e-19,-2.94052781595251e-19,0,-3.20072574943719e-19,0.00101505036391052,-0.000972420801405703,1,-3.84020349221722e-20,4.50864615000375e-20,1,0.00182057138377452,-0.00383757236604354,-0.00383757236604354,0.0157517137559357,0.00454043346890259,-0.00171840194232206,-0.00171840194232206,-0.0105011252064776,1,0,0,1,0.0018276705353189,-0.00384236933150109,-0.00384236933150109,0.0157501059434975,0.00453480162373254,-0.00172054994474996,-0.00172054994474996,-0.0104973560774755,-16.6978938977608,-34.2733395596293,18.3539447841172,19.4336497810818,18.3539447841172,19.4336497810818,-19.1894100275746,-29.5356288634634,4.87890977618477e-19,6.54561898555655e-19,3.04442237740771e-19,0,0,0,0.00182057138377452,0.0157517137559357,-0.00383757236604354,0.00454043346890259,-0.0105011252064776,-0.00171840194232206,5.04194103741888e-14,1.06557126016666e-07,9.9668490194656e-14,4.50864615000375e-20,3.46944695195361e-18,8.36609260454279e-15
NC_k0007,0.0157894736842105,0.0157894736842105,0.36786913333922,-113.538819666005,155.346181029137,-102.002513684889,150.953497328728,113.500789081321,-165.62315693429,108.364703947358,-158.023037109214,1,160,6.39368530781254,4.09122549004681,3.46002056329358,-3.43894396027495,2.97202685367853e-19,4.46776792452141e-20,0,-3.73859167094367e-19,0.00101410794861083,-0.000972751833559386,1,-1.34752009084879e-19,-2.32063486798608e-20,1,0.00182057138377452,-0.00383757236604354,-0.00383757236604354,0.0157517137559357,0.0045404334689026,-0.00171840194232206,-0.00171840194232206,-0.0105011252064776,1,0,0,1,0.0018276705353189,-0.00384236933150109,-0.00384236933150109,0.0157501059434975,0.00453480162373254,-0.00172054994474996,-0.00172054994474996,-0.0104973560774755,-16.8943162779553,-34.5714456015779,18.573300695522,19.5867475497671,18.573300695522,19.5867475497671,-19.4656568551205,-29.7543256006532,6.50521303491303e-19,-3.5963903582995e-19,3.88051679582268e-21,0,0,0,0.00182057138377452,0.0157517137559357,-0.00383757236604354,0.00454043346890259,-0.0105011252064776,-0.00171840194232206,2.55047832363107e-13,1.45535414528663e-07,2.08202717926184e-13,1.34752009084879e-19,3.46944695195361e-18,1.17701361805896e-14
NC_k0007,0.0657894736842105,0.0657894736842105,0.355040558576897,-128.163991515054,158.85129240982,-80.6786362688423,139.061220874477,118.652247478512,-173.677771028933,96.5283726601661,-141.582012368477,1,160,25.9730261508058,16.9159541945541,14.1533635139687,-14.0873222734541,4.41198286401084e-19,1.05508541492364e-19,0,-1.60248045708673e-19,0.001018274564664,-0.000971573092465534,1,-2.2837337562821e-19,-2.40587700438933e-20,1,0.00182057138377452,-0.00383757236604354,-0.00383757236604354,0.0157517137559357,0.00454043346890259,-0.00171840194232206,-0.00171840194232206,-0.0105011252064776,1,0,0,1,0.0018276705353189,-0.00384236933150109,-0.00384236933150109,0.0157501059434975,0.00453480162373254,-0.00172054994474996,-0.00172054994474996,-0.0104973560774755,-16.0363770770086,-33.282645351396,17.6226495320126,18.9197411605729,17.6226495320126,18.9197411605729,-18.2545700574627,-28.7864621379417,1.0842021724855e-18,-4.94579015959328e-19,3.2720504426922e-20,0,0,0,0.00182057138377452,0.0157517137559357,-0.00383757236604354,0.00454043346890259,-0.0105011252064776,-0.00171840194232206,3.18708448662936e-14,1.74767800704787e-07,1.94427511334291e-13,2.2837337562821e-19,6.93889390390723e-18,7.9739304268275e-15
NC_k0007,0.11578947368421,0.11578947368421,0.328102710833714,-137.910383073118,159.809059683532,-56.6579894276667,119.687266999088,121.210294986965,-177.484822838795,79.7577964100646,-119.351454985019,1,160,43.0088824241305,29.1616206487926,23.8162660140646,-23.7490932086476,1.9545285257893e-19,-3.45152691116327e-19,0,-6.78685148987508e-20,0.00102616091875619,-0.000969822031959906,1,-2.86899394800017e-20,-3.30591425831048e-21,1,0.00182057138377452,-0.00383757236604354,-0.00383757236604354,0.0157517137559357,0.0045404334689026,-0.00171840194232206,-0.00171840194232206,-0.0105011252064776,1,0,0,1,0.0018276705353189,-0.00384236933150109,-0.00384236933150109,0.0157501059434975,0.00453480162373254,-0.00172054994474996,-0.00172054994474996,-0.0104973560774755,-14.257870357441,-30.7219853620812,15.7079476847799,17.5522662004109,15.7079476847799,17.5522662004109,-15.6835564837844,-26.6597504572896,1.0842021724855e-18,-3.43099083623758e-19,8.75340406078901e-20,0,0,0,0.00182057138377452,0.0157517137559357,-0.00383757236604354,0.00454043346890259,-0.0105011252064776,-0.00171840194232206,3.0563548436187e-14,1.52414970817769e-07,1.30674858611351e-13,2.86899394800017e-20,6.93889390390723e-18,5.75240337718304e-15
NC_k0008,-0.13421052631579,-0.13421052631579,0.577488600589063,66.3287233989114,194.679319099497,24.3152100954761,226.443337153513,-54.4346490369932,-230.081785189978,-30.6008810252337,-202.671676000306,1,160,-22.050827341342,21.700645005413,-0.115560170856574,17.4075759009866,-2.42886697625171e-19,-1.25360876193636e-18,0,4.39398341388168e-20,-7.04009054269029e-05,-0.00035770007069547,1,-2.76172682279947e-20,5.33121524191381e-20,1,-0.000324640517658472,-0.00270771985033662,-0.00270771985033662,-0.00777483302139315,0.0130076576265531,0.00866451467893541,0.00866451467893541,-0.00937239892902188,1,2.16840434497101e-19,0,1,-0.000328234245556364,-0.00271110450014954,-0.00271110450014954,-0.00777377037897621,0.013001231868051,0.00867534532228408,0.00867534532228408,-0.00936483715217678,8.43237363068279,-29.9236662350852,28.9352744093603,-6.68567277931699,28.9352744093603,-6.68567277931699,49.747595099728,-37.7243273599983,1.30104260698261e-18,4.50965209218979e-20,4.72953577837866e-19,0,0,0,-0.000324640517658471,-0.00777483302139315,-0.00270771985033662,0.0130076576265531,-0.00937239892902188,0.00866451467893541,6.57348206719207e-14,1.19125355568212e-07,1.05397145619798e-13,5.33121524191381e-20,3.46944695195361e-18,5.7675061819022e-16
NC_k0008,-0.0842105263157895,-0.0842105263157895,0.594148518710915,55.6956097526397,205.454259164728,28.1168384079912,224.487832584542,-45.8087836209119,-231.584234663318,-32.352080374982,-209.990061861059,1,160,-14.8790935175682,14.1867496405907,-0.228473479402582,11.313022766524,-3.22335741099664e-19,1.02702744854584e-20,0,-4.06364056445251e-19,-7.33260822941078e-05,-0.000333483322604957,1,-2.823959668479e-20,3.33458787969741e-20,1,-0.000324640517658474,-0.00270771985033662,-0.00270771985033662,-0.00777483302139315,0.0130076576265531,0.00866451467893541,0.00866451467893541,-0.00937239892902188,1,2.16840434497101e-19,0,1,-0.000328234245556364,-0.00271110450014954,-0.00271110450014954,-0.00777377037897621,0.013001231868051,0.00867534532228408,0.00867534532228408,-0.00936483715217678,7.51439154791725,-32.3494571957544,29.7868022205715,-5.71190180975181,29.7868022205715,-5.71190180975181,50.7188151190034,-38.6207219500218,1.30104260698261e-18,2.46056394150986e-19,2.40750182584775e-19,0,0,0,-0.000324640517658471,-0.00777483302139315,-0.00270771985033662,0.0130076576265531,-0.00937239892902188,0.00866451467893541,1.10670908021362e-13,1.12616613653939e-07,5.96771086471059e-14,3.33458787969741e-20,3.46944695195361e-18,9.34297561688729e-16
NC_k0008,-0.0342105263157895,-0.0342105263157895,0.604498619946061,46.0514283883106,213.571265883463,34.5342778999006,221.119155599998,-40.009706248307,-228.036315841098,-34.8853334196638,-218.287175459989,1,160,-6.26516507653914,5.87837562312428,-0.1276405196269,4.66478846026407,-2.5442752153151e-19,-1.63000902787249e-19,0,-2.20228566286118e-19,-7.59470785344367e-05,-0.000319391838213717,1,1.59093388854772e-20,5.85295357301893e-20,1,-0.000324640517658471,-0.00270771985033662,-0.00270771985033662,-0.00777483302139315,0.0130076576265531,0.00866451467893541,0.00866451467893541,-0.00937239892902188,1,2.16840434497101e-19,0,1,-0.000328234245556364,-0.00271110450014954,-0.00271110450014954,-0.00777377037897621,0.013001231868051,0.00867534532228408,0.00867534532228408,-0.00936483715217678,7.0375427219907,-33.8567640114528,30.3040504686097,-5.14212688565955,30.3040504686097,-5.14212688565955,51.3387342096032,-39.1817488014737,1.30104260698261e-18,-3.58779627081562e-20,4.91936526940557e-19,0,0,0,-0.000324640517658471,-0.00777483302139315,-0.00270771985033662,0.0130076576265531,-0.00937239892902188,0.00866451467893541,8.4491682449601e-14,7.67963765706175e-08,6.43838984928963e-14,5.85295357301893e-20,5.20417042793042e-18,1.8366014213965e-15
NC_k0008,0.0157894736842105,0.0157894736842105,0.606179129510707,37.3894446460167,219.44576959857,42.7250451237631,215.975948251136,-36.0417766111741,-221.240492296078,-38.3819257127477,-225.810781390335,1,160,2.90696719876431,-2.72056383347565,0.0615131105452588,-2.15736683123824,-2.49874719440019e-20,-2.89685267960971e-19,0,-7.237896534288e-19,-7.6383181783654e-05,-0.000317170945413103,1,-5.67198654599503e-20,9.1087637818961e-20,1,-0.000324640517658472,-0.00270771985033662,-0.00270771985033662,-0.00777483302139315,0.0130076576265531,0.00866451467893541,0.00866451467893541,-0.00937239892902188,1,2.16840434497101e-19,0,1,-0.000328234245556364,-0.00271110450014954,-0.00271110450014954,-0.00777377037897621,0.013001231868051,0.00867534532228408,0.00867534532228408,-0.00936483715217678,6.96590314578562,-34.1024192864791,30.3872146188327,-5.05178987021417,30.3872146188327,-5.05178987021417,51.4402968545458,-39.2730454380473,8.67361737988404e-19,1.21666903742641e-19,-1.04361617710078e-20,0,0,0,-0.000324640517658471,-0.00777483302139315,-0.00270771985033662,0.0130076576265531,-0.00937239892902188,0.00866451467893541,2.25942673741705e-13,8.61469428872051e-08,1.10000623960714e-13,9.1087637818961e-20,1.84314369322536e-18,8.79124710628399e-15
NC_k0008,0.0657894736842105,0.0657894736842105,0.598877169398799,30.2160170092301,223.433245882776,52.0356573322476,208.736218358496,-33.191957520674,-213.025964993163,-43.3974740612861,-230.771371966897,1,160,11.8241103131084,-11.1875604467418,0.210061455900973,-8.90233634596016,-5.73123667935941e-19,-3.96199661078199e-19,0,-2.68085927805986e-19,-7.44546851777654e-05,-0.000327040701573873,1,-2.90507750728143e-21,1.26132787583554e-20,1,-0.000324640517658472,-0.00270771985033662,-0.00270771985033662,-0.00777483302139315,0.0130076576265531,0.00866451467893541,0.00866451467893541,-0.00937239892902189,1,2.16840434497101e-19,0,1,-0.000328234245556364,-0.00271110450014954,-0.00271110450014954,-0.00777377037897621,0.013001231868051,0.00867534532228408,0.00867534532228408,-0.00936483715217678,7.28862652868357,-33.0370314185494,30.0242572039113,-5.44868473912416,30.0242572039113,-5.44868473912416,51.000647738786,-38.8768316036456,8.67361737988404e-19,1.22771624073736e-19,4.91710363921504e-19,0,0,0,-0.000324640517658471,-0.00777483302139315,-0.00270771985033662,0.0130076576265531,-0.00937239892902188,0.00866451467893541,1.34457420403182e-13,1.26495404427673e-07,1.29290777459141e-14,1.26132787583554e-20,6.93889390390723e-18,6.67382744388616e-15
NC_k0008,0.11578947368421,0.11578947368421,0.584083256919351,25.3666655388294,225.860419819151,62.2838959438082,198.963569141012,-31.1528613231475,-205.143880714176,-50.8715928573773,-231.311971440529,1,160,19.6355878912791,-19.0678232831717,0.187362320675433,-15.2651195576891,1.15016486325293e-18,-4.3177504486288e-19,0,-1.48643694331289e-18,-7.14270043161092e-05,-0.000347777201695898,1,-3.36956560351413e-20,1.05531848203435e-20,1,-0.000324640517658471,-0.00270771985033662,-0.00270771985033662,-0.00777483302139315,0.0130076576265531,0.00866451467893541,0.00866451467893541,-0.00937239892902188,1,2.16840434497101e-19,0,1,-0.000328234245556364,-0.00271110450014954,-0.00271110450014954,-0.00777377037897621,0.013001231868051,0.00867534532228408,0.00867534532228408,-0.00936483715217678,8.04359063221748,-30.8880773612569,29.2748859241623,-6.29047408292517,29.2748859241623,-6.29047408292517,50.127464468681,-38.0775809744449,4.33680868994202e-19,2.37939431250088e-19,3.39867529796326e-19,0,0,0,-0.000324640517658471,-0.00777483302139315,-0.00270771985033662,0.0130076576265531,-0.00937239892902188,0.00866451467893541,2.35212095915494e-14,1.41347018170297e-07,6.27245824772572e-14,3.36956560351413e-20,3.46944695195361e-18,3.42143251094975e-15
NC_k0009,-0.13421052631579,-0.13421052631579,0.556732192764061,67.7675920904561,-133.792410940633,146.376075866818,-203.926973156671,-81.1814604741679,103.024742745875,-119.106281085021,251.118368749769,1,160,40.4556725063074,79.8505843340842,39.7010647573291,-26.0801784723289,-6.29768996283572e-19,-1.67500765319538e-19,0,-2.85979498816733e-19,0.000403431511696671,0.000930291719553752,1,-2.28399322293081e-20,4.53927011715257e-20,1,0.00519928019819397,0.000838001429410396,0.000838001429410396,-0.00973762720273093,-0.00541928592851948,0.00975559370658176,0.00975559370658176,0.0123654189958392,1,-2.16840434497101e-19,1.62630325872826e-19,1,0.00519390329791172,0.000839048931197159,0.000839048931197158,-0.0097336685358876,-0.00541264287493885,0.00976778819871498,0.00976778819871498,0.0123609466088421,18.4889956496058,17.6674464402349,-20.8548458603402,-11.2025500627071,-20.8548458603402,-11.2025500627071,54.2470825058046,30.5672050982434,6.50521303491303e-19,1.37441011708915e-19,-2.57440988973975e-19,0,0,0,0.00519928019819397,-0.00973762720273093,0.000838001429410396,-0.00541928592851949,0.0123654189958392,0.00975559370658176,2.10002327519357e-14,1.6453642756419e-07,1.24033822567516e-13,4.53927011715257e-20,1.73472347597681e-18,6.7802047964653e-15
NC_k0009,-0.0842105263157895,-0.0842105263157895,0.619952079672064,92.3283387173389,-163.604719443618,141.907897115377,-202.604540907304,-100.327595956262,144.17994028476,-119.929459743677,238.603990317567,1,160,26.9393691107954,51.8022262256291,25.9847264610201,-17.2982675587602,-7.80064404862007e-19,-4.51680319123356e-19,0,6.01525741448562e-19,0.000410587026464552,0.000952203441893148,1,9.70353648300531e-21,7.36855691139449e-20,1,0.00519928019819397,0.000838001429410396,0.000838001429410396,-0.00973762720273094,-0.00541928592851948,0.00975559370658176,0.00975559370658176,0.0123654189958392,1,-2.16840434497101e-19,1.62630325872826e-19,1,0.00519390329791172,0.000839048931197159,0.000839048931197158,-0.0097336685358876,-0.00541264287493885,0.00976778819871498,0.00976778819871498,0.0123609466088421,20.7582190085831,19.8436974517855,-23.003034287478,-13.2962082723995,-23.003034287478,-13.2962082723995,60.2499708619745,34.1620806167836,1.30104260698261e-18,4.8229713037967e-19,-2.23599368197282e-19,0,0,0,0.00519928019819397,-0.00973762720273093,0.000838001429410396,-0.00541928592851949,0.0123654189958392,0.00975559370658176,2.07118421189961e-14,2.49197488831341e-07,1.19813697965754e-13,7.36855691139449e-20,3.46944695195361e-18,3.40255935249643e-15
NC_k0009,-0.0342105263157895,-0.0342105263157895,0.656321548579945,112.771819376378,-183.952116288302,132.972235067951,-198.495203615609,-112.43618629572,180.218863397049,-119.303397879565,218.851422754697,1,160,11.2594511167971,21.3607724419714,10.7646737743936,-7.19908465216463,-3.57950829553747e-19,3.78411969185859e-19,0,2.90638180026632e-20,0.000415331716847458,0.000965997102405915,1,5.99256827070341e-20,-5.22337036734737e-20,1,0.00519928019819397,0.000838001429410396,0.000838001429410396,-0.00973762720273094,-0.00541928592851949,0.00975559370658176,0.00975559370658176,0.0123654189958392,1,-2.16840434497101e-19,1.62630325872826e-19,1,0.00519390329791172,0.000839048931197159,0.000839048931197158,-0.0097336685358876,-0.00541264287493885,0.00976778819871498,0.00976778819871498,0.0123609466088421,22.0974267650098,21.1722838628661,-24.3418254320005,-14.580505959001,-24.3418254320005,-14.580505959001,63.7591250118287,36.1287320968062,4.33680868994202e-19,3.41477593682032e-19,2.17316330165548e-19,0,0,0,0.00519928019819397,-0.00973762720273093,0.000838001429410396,-0.00541928592851949,0.0123654189958392,0.00975559370658176,4.12888238549499e-14,1.12286896677094e-07,8.4430025381201e-14,5.99256827070341e-20,3.46944695195361e-18,3.72148478053183e-15
NC_k0009,0.0157894736842105,0.0157894736842105,0.662072911477643,128.44728828047,-195.812373715261,119.119518339732,-189.198693673633,-118.321539359056,209.745561492676,-115.234981939838,191.897112753195,1,160,-5.21818267641483,-9.87968968406111,-4.98229787895705,3.33399430677626,-1.99582138196795e-19,-2.88202960303276e-19,0,2.90108784434598e-19,0.000416145195895749,0.000968266859126665,1,-1.96707371301118e-20,8.82472025527681e-20,1,0.00519928019819397,0.000838001429410395,0.000838001429410395,-0.00973762720273094,-0.00541928592851948,0.00975559370658176,0.00975559370658176,0.0123654189958392,1,-2.16840434497101e-19,1.62630325872826e-19,1,0.00519390329791172,0.000839048931197159,0.000839048931197158,-0.0097336685358876,-0.00541264287493885,0.00976778819871498,0.00976778819871498,0.0123609466088421,22.3104318570147,21.3873055056789,-24.5598617833467,-14.7887056005073,-24.5598617833467,-14.7887056005073,64.3179931340343,36.4334373454451,8.67361737988404e-19,4.13672002333405e-19,-1.12215570900514e-19,0,0,0,0.00519928019819397,-0.00973762720273093,0.000838001429410396,-0.00541928592851949,0.0123654189958392,0.00975559370658176,3.86567526596711e-14,1.54728603169711e-07,1.09276636223942e-13,8.82472025527681e-20,2.60208521396521e-18,9.22289151176752e-15
NC_k0009,0.0657894736842105,0.0657894736842105,0.636785700893619,139.178993541569,-201.531240193297,100.381780008116,-172.203478052313,-119.963650140992,232.180264016281,-105.605594425878,158.151425816658,1,160,-21.3357333045784,-40.76478229356,-20.4931701473857,13.6734358667654,-4.14728506799387e-19,5.7217075587028e-19,0,-5.71535481159839e-19,0.000412751213052328,0.000958540885708493,1,2.11057986535031e-20,1.13904065999989e-20,1,0.00519928019819397,0.000838001429410396,0.000838001429410396,-0.00973762720273094,-0.00541928592851948,0.00975559370658176,0.00975559370658176,0.0123654189958392,1,-2.16840434497101e-19,1.62630325872826e-19,1,0.00519390329791172,0.000839048931197159,0.000839048931197158,-0.0097336685358876,-0.00541264287493885,0.00976778819871498,0.00976778819871498,0.0123609466088421,21.3759514815343,20.4516000114669,-23.6140568166253,-13.8834729374871,-23.6140568166253,-13.8834729374871,61.8687712345114,35.0811716856244,8.67361737988404e-19,4.83911097552186e-19,-3.85240572491699e-19,0,0,0,0.00519928019819397,-0.00973762720273093,0.000838001429410396,-0.00541928592851949,0.0123654189958392,0.00975559370658176,2.12214007315964e-14,1.41555310945135e-07,7.81452143750582e-14,2.11057986535031e-20,6.93889390390723e-18,6.10217939996929e-15
NC_k0009,0.11578947368421,0.11578947368421,0.582628287065911,145.18380480725,-203.638298974446,77.2054853451746,-145.807862478728,-119.47484960664,247.322381785126,-89.0049539676942,118.607891146544,1,160,-35.8230488907868,-69.9336919938466,-34.8997244919289,23.0777716498254,-1.82112083659675e-19,-1.65764347777667e-18,0,-6.14310644996181e-19,0.00040627583037989,0.000939093467996049,1,-6.69869722329738e-21,-3.32189603667074e-20,1,0.00519928019819397,0.000838001429410396,0.000838001429410396,-0.00973762720273094,-0.00541928592851949,0.00975559370658176,0.00975559370658176,0.0123654189958392,1,-2.16840434497101e-19,1.62630325872826e-19,1,0.00519390329791172,0.000839048931197159,0.000839048931197158,-0.0097336685358876,-0.00541264287493885,0.00976778819871498,0.00976778819871498,0.0123609466088421,19.406870633788,18.5387163773029,-21.705971621491,-12.0393811709644,-21.705971621491,-12.0393811709644,56.6924088657673,32.0673459556091,8.67361737988404e-19,2.61711328915428e-19,-4.95040021780303e-20,0,0,0,0.00519928019819397,-0.00973762720273093,0.000838001429410396,-0.00541928592851949,0.0123654189958392,0.00975559370658176,5.89293622274539e-15,1.57289355242815e-07,1.06982708601549e-13,3.32189603667074e-20,3.46944695195361e-18,1.21954726801604e-14
NC_k0010,-0.13421052631579,-0.13421052631579,0.60944230508555,-69.4167873600048,73.2180719120394,-133.575309276305,122.181968185205,78.0184473351158,-28.6817627020789,96.7336864762552,-183.119358640243,1,160,-35.0542432784564,-87.357194067559,-40.3957743241852,11.4162967827415,6.64040743422869e-19,1.95219918518435e-18,0,6.57178453061129e-19,-0.00163764707538567,-0.00111810624678581,1,3.06851857392685e-21,-1.85438482787525e-19,1,-0.0111572556086814,-0.00114164067691532,-0.00114164067691532,0.000921888631614493,-0.000838431457235701,-0.0125858989726805,-0.0125858989726805,-0.0106889945710182,1,0,1.0842021724855e-19,1,-0.0111550801521965,-0.00114306772776146,-0.00114306772776146,0.000916514622949234,-0.000843310918525674,-0.0126016313463964,-0.0126016313463964,-0.010687717430362,-19.9642537689274,-13.4501139617334,10.4447351262802,5.32187824190753,10.4447351262802,5.32187824190753,-68.5207207427287,-18.8178476794822,8.67361737988404e-19,-1.2703538784329e-20,-1.48508554520796e-19,0,0,0,-0.0111572556086814,0.000921888631614494,-0.00114164067691532,-0.000838431457235701,-0.0106889945710182,-0.0125858989726805,2.22865113373149e-14,2.708692421477e-07,7.83946827854631e-14,1.85438482787525e-19,1.73472347597681e-18,1.47557962819818e-14
NC_k0010,-0.0842105263157895,-0.0842105263157895,0.664429335911961,-90.2546604267192,95.8173522951824,-130.100400346708,122.159661815291,92.4170238578564,-67.1839156628876,99.5115838000663,-167.423268991881,1,160,-22.4273472803492,-56.5261998699779,-26.0546705596079,7.5836747860808,7.89328827722601e-19,-3.20178454062126e-19,0,5.89217293933773e-19,-0.00164940726618256,-0.00115188079581465,1,-3.34299920999035e-20,-2.28578141486403e-19,1,-0.0111572556086814,-0.00114164067691532,-0.00114164067691532,0.000921888631614494,-0.000838431457235703,-0.0125858989726805,-0.0125858989726805,-0.0106889945710182,1,0,1.0842021724855e-19,1,-0.0111550801521965,-0.00114306772776146,-0.00114306772776146,0.000916514622949234,-0.000843310918525674,-0.0126016313463964,-0.0126016313463964,-0.010687717430362,-21.9202564662699,-15.2334839491751,11.7888488211814,6.89453868085766,11.7888488211814,6.89453868085766,-74.4753588807694,-21.8279616906658,1.73472347597681e-18,-4.26531055981106e-19,3.08873981566894e-19,0,0,0,-0.0111572556086814,0.000921888631614494,-0.00114164067691532,-0.000838431457235701,-0.0106889945710182,-0.0125858989726805,1.03075219042406e-14,3.51184422769711e-07,3.94454495029154e-14,2.28578141486403e-19,3.46944695195361e-18,6.68376885015965e-16
NC_k0010,-0.0342105263157895,-0.0342105263157895,0.694987257002352,-107.16922173083,110.800489647514,-123.233578496553,120.332054451764,100.13713882799,-103.228485667084,101.793726722612,-144.611283951809,1,160,-9.16435003544304,-23.2689367948782,-10.702984654006,3.14407972413801,2.67874169569172e-19,-8.03834266944331e-19,0,-3.03078976439429e-19,-0.00165646587358723,-0.00117237881822855,1,-1.43367968437911e-20,-1.15887969055734e-19,1,-0.0111572556086814,-0.00114164067691532,-0.00114164067691532,0.000921888631614494,-0.000838431457235698,-0.0125858989726805,-0.0125858989726805,-0.0106889945710182,1,0,1.0842021724855e-19,1,-0.0111550801521965,-0.00114306772776146,-0.00114306772776146,0.000916514622949234,-0.000843310918525674,-0.0126016313463964,-0.0126016313463964,-0.010687717430362,-23.0167904889793,-16.2136483274577,12.6273429689453,7.86803275601124,12.6273429689453,7.86803275601124,-77.939206564222,-23.4354051622108,8.67361737988404e-19,-1.32309988598594e-19,-6.25448356432172e-19,0,0,0,-0.0111572556086814,0.000921888631614494,-0.00114164067691532,-0.000838431457235701,-0.0106889945710182,-0.0125858989726805,4.65675626517093e-14,1.92755895137697e-07,7.03389401895909e-14,1.15887969055734e-19,5.20417042793042e-18,1.59747249095446e-16
NC_k0010,0.0157894736842105,0.0157894736842105,0.699747640669257,-119.703884138451,118.769080485372,-112.296148499287,114.458315658032,102.097087487045,-134.549280559569,101.425320802427,-115.403230746793,1,160,4.2321321653413,10.7588653529556,4.94702918103796,-1.45483644778512,6.98802181484798e-21,2.87567685592835e-19,0,1.41454502191468e-19,-0.00165765664094127,-0.00117569201920633,1,-9.20184565882541e-21,-1.33631910056277e-19,1,-0.0111572556086814,-0.00114164067691532,-0.00114164067691532,0.000921888631614493,-0.0008384314572357,-0.0125858989726805,-0.0125858989726805,-0.0106889945710182,1,0,1.0842021724855e-19,1,-0.0111550801521965,-0.00114306772776146,-0.00114306772776146,0.000916514622949234,-0.000843310918525674,-0.0126016313463964,-0.0126016313463964,-0.010687717430362,-23.1879456047411,-16.3655599874751,12.7636868606654,8.02655045003167,12.7636868606654,8.02655045003167,-78.4890878484376,-23.6820054800172,1.73472347597681e-18,-5.18833197632361e-21,-2.03266341388737e-19,0,0,0,-0.0111572556086814,0.000921888631614494,-0.00114164067691532,-0.000838431457235701,-0.0106889945710182,-0.0125858989726805,1.84423777463206e-13,2.46920525990819e-07,3.39458917252804e-13,1.33631910056277e-19,3.46944695195361e-18,2.18951474065331e-14
NC_k0010,0.0657894736842105,0.0657894736842105,0.678669861959369,-128.014426595171,121.803809200253,-96.9737726191438,102.244593869758,100.511053082679,-159.822072198024,96.0344357222793,-80.895496840828,1,160,17.5774859492439,44.4475726386931,20.4682693340192,-5.98601222801116,3.37330871244025e-19,1.46515524051313e-18,0,1.58117228450736e-19,-0.00165269289114316,-0.00116131552103391,1,-4.28970917212972e-20,-4.48198844081761e-20,1,-0.0111572556086814,-0.00114164067691532,-0.00114164067691532,0.000921888631614498,-0.000838431457235703,-0.0125858989726805,-0.0125858989726805,-0.0106889945710182,1,0,1.0842021724855e-19,1,-0.0111550801521965,-0.00114306772776146,-0.00114306772776146,0.000916514622949234,-0.000843310918525674,-0.0126016313463964,-0.0126016313463964,-0.010687717430362,-22.4305539170766,-15.6910665399038,12.1718104700109,7.33878086612642,12.1718104700109,7.33878086612642,-76.0754198449136,-22.5826467473862,1.51788304147971e-18,-2.24688404427172e-19,4.79901131180543e-19,0,0,0,-0.0111572556086814,0.000921888631614494,-0.00114164067691532,-0.000838431457235701,-0.0106889945710182,-0.0125858989726805,4.89174243349599e-14,1.36751505647412e-07,1.31434826243611e-13,4.48198844081761e-20,5.20417042793042e-18,2.4538212616806e-14
NC_k0010,0.11578947368421,0.11578947368421,0.632239727637516,-132.619739189387,122.267721989494,-77.4607970070513,82.3422703035966,97.7086582847241,-178.182000272348,84.0503400613073,-42.9170927939584,1,160,30.531225662081,76.4347305879178,35.2987655624997,-10.1227170476959,-2.53051092992222e-19,-1.71651226761084e-18,0,3.213431243646e-19,-0.00164244512738617,-0.00113182681840044,1,4.9034128869151e-20,1.60021211491669e-20,1,-0.0111572556086814,-0.00114164067691532,-0.00114164067691532,0.000921888631614494,-0.000838431457235699,-0.0125858989726805,-0.0125858989726805,-0.0106889945710182,1,0,1.0842021724855e-19,1,-0.0111550801521965,-0.00114306772776146,-0.00114306772776146,0.000916514622949234,-0.000843310918525674,-0.0126016313463964,-0.0126016313463964,-0.010687717430362,-20.7723879211565,-14.1926123805203,10.9768434046145,5.94889654191957,10.9768434046145,5.94889654191957,-70.9484160456192,-20.0848580779954,1.73472347597681e-18,2.94042873278192e-19,-4.1693663323689e-19,0,0,0,-0.0111572556086814,0.000921888631614494,-0.00114164067691532,-0.000838431457235701,-0.0106889945710182,-0.0125858989726805,2.14506854430596e-14,1.40365447380246e-07,3.13161347559679e-13,4.9034128869151e-20,3.46944695195361e-18,1.38725257384764e-14
NC_k0011,-0.13421052631579,-0.13421052631579,0.306232759445672,29.9913712064707,-5.18838512206907,81.9922735141303,-10.724045294537,-42.5005119362317,-21.6449428023018,-43.9366035555391,56.9825820648532,1,160,31.631791225325,47.5817916536666,26.1404823500671,6.19456172313398,-2.10911203866321e-19,4.67985703358001e-20,0,-5.26748614073768e-19,0.00182836557159927,0.00155185318355179,1,-7.64394790335965e-20,1.14263666826142e-20,1,0.0111562507800311,0.00372247299024298,0.00372247299024298,0.0067667441851801,0.0090391613447924,0.00737137484334534,0.00737137484334534,0.00893581734392581,1,2.16840434497101e-19,-4.33680868994202e-19,1,0.0111576795271835,0.00372712608148079,0.00372712608148079,0.0067709163739543,0.00904193764021224,0.00738058906189953,0.00738058906189953,0.00893865822934619,12.5932354875058,18.9895576831491,4.11964195522779,0.338142265091733,4.11964195522779,0.338142265091733,40.2865472216584,5.25554893316459,8.67361737988404e-19,2.88616444732199e-19,1.49260024821333e-19,0,0,0,0.0111562507800311,0.0067667441851801,0.00372247299024298,0.0090391613447924,0.00893581734392581,0.00737137484334534,1.8890347115949e-14,4.51479769577539e-07,1.99415866565292e-13,7.64394790335965e-20,8.67361737988404e-19,2.90033770817943e-15
NC_k0011,-0.0842105263157895,-0.0842105263157895,0.327673669499471,43.9578972358439,-12.1999890253895,77.0549775401849,-12.8027975747889,-48.6846061586705,-3.40996817902932,-46.5777812611578,48.0475713164071,1,160,19.6588263978253,30.2387772235935,16.4662091950682,4.12775140471118,-7.03249104457883e-19,6.3675701809842e-19,0,-2.2478136837761e-19,0.00184602946681006,0.00157746723875048,1,2.62005175278424e-20,-3.01228373051321e-22,1,0.0111562507800311,0.00372247299024298,0.00372247299024298,0.0067667441851801,0.0090391613447924,0.00737137484334535,0.00737137484334535,0.00893581734392581,1,2.16840434497101e-19,-4.33680868994202e-19,1,0.0111576795271835,0.00372712608148079,0.00372712608148079,0.0067709163739543,0.00904193764021224,0.00738058906189953,0.00738058906189953,0.00893865822934619,13.7319453697893,20.7141372702867,3.82066091811773,-0.0284904993662231,3.82066091811773,-0.0284904993662231,43.1723258572567,6.54088199141855,1.30104260698261e-18,-2.65079911254111e-20,-2.13361339517202e-19,0,0,0,0.0111562507800311,0.0067667441851801,0.00372247299024298,0.0090391613447924,0.00893581734392581,0.00737137484334534,3.27793385643901e-14,4.23454757301292e-07,2.78017212557589e-13,2.62005175278424e-20,3.46944695195361e-18,1.40610185714108e-14
NC_k0011,-0.0342105263157895,-0.0342105263157895,0.338437097968109,56.4521444656876,-15.5089640286442,69.9483258578618,-14.9745457135476,-51.129511436645,14.4331078864821,-49.4644457765723,35.7527074480231,1,160,7.89680362341039,12.313548266688,6.66941612373244,1.74608867907479,-1.12337744629602e-19,3.81800100974876e-19,0,1.85076698975065e-19,0.00185628537393662,0.00159259494036894,1,-1.72757734335759e-19,2.20348925040843e-20,1,0.0111562507800311,0.00372247299024298,0.00372247299024298,0.0067667441851801,0.0090391613447924,0.00737137484334534,0.00737137484334534,0.00893581734392581,1,2.16840434497101e-19,-4.33680868994202e-19,1,0.0111576795271835,0.00372712608148079,0.00372712608148079,0.0067709163739543,0.00904193764021224,0.00738058906189953,0.00738058906189953,0.00893865822934619,14.3020610076294,21.6056319622108,3.63385004332047,-0.260717837895551,3.63385004332047,-0.260717837895551,44.7814193983454,7.17359433020832,8.67361737988404e-19,2.31439645157121e-19,3.10320335450083e-19,0,0,0,0.0111562507800311,0.0067667441851801,0.00372247299024298,0.0090391613447924,0.00893581734392581,0.00737137484334534,1.20024615031499e-13,2.50961892387527e-07,2.90983857853693e-13,1.72757734335759e-19,4.33680868994202e-19,1.16455665205789e-14
NC_k0011,0.0157894736842105,0.0157894736842105,0.34003993391281,66.7523977740463,-15.5307550085892,60.5201837516932,-15.8364156970948,-50.3122147812364,30.4765668214897,-51.1423739946057,20.6082439662617,1,160,-3.6368370819177,-5.68321755780221,-3.07561803110757,-0.811199964283375,1.55007029347537e-19,-3.82223617448503e-19,0,-2.84973647191869e-19,0.00185795120602675,0.00159502896076942,1,1.49877124750745e-20,-2.45894751703937e-20,1,0.0111562507800311,0.00372247299024298,0.00372247299024298,0.0067667441851801,0.0090391613447924,0.00737137484334534,0.00737137484334534,0.00893581734392581,1,2.16840434497101e-19,-4.33680868994202e-19,1,0.0111576795271835,0.00372712608148079,0.00372712608148079,0.0067709163739543,0.00904193764021224,0.00738058906189953,0.00738058906189953,0.00893865822934619,14.3870518791954,21.739663824695,3.6035812631537,-0.298756834784669,3.6035812631537,-0.298756834784669,45.0319413792018,7.26715565236574,7.58941520739853e-19,-1.01717626753888e-20,-3.18153684996678e-19,0,0,0,0.0111562507800311,0.0067667441851801,0.00372247299024298,0.0090391613447924,0.00893581734392581,0.00737137484334534,2.1871513552457e-13,2.89630529422055e-07,2.34436633240814e-13,2.45894751703937e-20,3.46944695195361e-18,3.86899935264118e-14
NC_k0011,0.0657894736842105,0.0657894736842105,0.332790494760211,74.7041493617871,-13.6558845828069,48.7772650428737,-13.8607272295643,-47.6797268696127,43.8878699760611,-50.0277790226963,3.29652316643917,1,160,-15.2864016611003,-23.659523605672,-12.8521553380349,-3.28426913920972,-2.55592191833985e-19,-1.02681569030903e-18,0,-3.28542904416262e-19,0.00185080478420831,0.00158446226659913,1,-3.37268202913652e-20,1.16395724468597e-19,1,0.0111562507800311,0.00372247299024298,0.00372247299024298,0.0067667441851801,0.0090391613447924,0.00737137484334535,0.00737137484334535,0.00893581734392582,1,2.16840434497101e-19,-4.33680868994202e-19,1,0.0111576795271835,0.00372712608148079,0.00372712608148079,0.0067709163739543,0.00904193764021224,0.00738058906189953,0.00738058906189953,0.00893865822934619,14.0029733223823,21.136011408646,3.73522014045948,-0.134198770387239,3.73522014045948,-0.134198770387239,43.9220956967462,6.84276152318473,8.67361737988404e-19,6.41273172207742e-20,-9.09706433723391e-19,0,0,0,0.0111562507800311,0.0067667441851801,0.00372247299024298,0.0090391613447924,0.00893581734392581,0.00737137484334534,7.7332391601648e-14,9.24389720810807e-08,2.3347277985506e-13,1.16395724468597e-19,5.20417042793042e-18,2.03502220070715e-14
NC_k0011,0.11578947368421,0.11578947368421,0.315429279159415,80.4073452282733,-11.412968503786,35.2038975209812,-8.15146205006097,-44.8118441649628,54.1036347097125,-45.1666542732648,-15.0345371991795,1,160,-27.2309184153009,-41.3318300670297,-22.6257069991691,-5.46867843581669,-3.19754937588498e-19,1.09055491958991e-19,0,-1.77453402449776e-19,0.00183563449494784,0.00156234281224669,1,-1.19152137775828e-19,-6.94756765921092e-20,1,0.0111562507800311,0.00372247299024298,0.00372247299024298,0.0067667441851801,0.00903916134479241,0.00737137484334534,0.00737137484334534,0.00893581734392582,1,2.16840434497101e-19,-4.33680868994202e-19,1,0.0111576795271835,0.00372712608148079,0.00372712608148079,0.0067709163739543,0.00904193764021224,0.00738058906189953,0.00738058906189953,0.00893865822934619,13.0833159819041,19.7211268114058,4.00100083122976,0.193172457678164,4.00100083122976,0.193172457678164,41.4799678346584,5.81161957923139,1.30104260698261e-18,-4.76660613841196e-19,-8.16669253036043e-19,0,0,0,0.0111562507800311,0.0067667441851801,0.00372247299024298,0.0090391613447924,0.00893581734392581,0.00737137484334534,3.45542623339358e-14,1.58195373740807e-07,2.09211614015006e-13,1.19152137775828e-19,6.93889390390723e-18,2.49900183516408e-14
NC_k0012,-0.13421052631579,-0.13421052631579,0.516781772600424,-117.165974178751,-89.5190862475495,-210.297468039275,-113.464505175635,132.139493227381,98.5257264390006,175.968795399921,106.765979288879,1,160,-51.9215528695705,3.39860080479086,-16.0125741813773,2.33857644785621,3.27589992350601e-18,3.87094056895215e-19,0,6.91417112975924e-19,-0.00151165149086883,0.000463479829576921,1,-9.29326322605582e-20,4.17779020117221e-20,1,-0.0152431504266709,-0.00930541602570422,-0.00930541602570422,-0.00271181015510362,0.0020331333037314,0.00312048212099628,0.00312048212099628,0.0077350270615511,1,3.25260651745651e-19,0,1,-0.0152420398454269,-0.00931704779573635,-0.00931704779573635,-0.00271853166152938,0.00203644142058779,0.00312438272364753,0.00312438272364753,0.00773477149480886,-29.7810572423582,-34.9934696400406,-14.7365519325272,18.2039883361607,-14.7365519325272,18.2039883361607,0.0190821505615061,18.0103076706861,1.73472347597681e-18,3.29097696654586e-19,3.54619996267574e-20,0,0,0,-0.0152431504266709,-0.00271181015510362,-0.00930541602570422,0.0020331333037314,0.0077350270615511,0.00312048212099628,5.41409981595211e-15,2.02534382590541e-07,2.2368758442971e-14,9.29326322605582e-20,1.73472347597681e-18,4.29668027584859e-16
NC_k0012,-0.0842105263157895,-0.0842105263157895,0.559591806658152,-142.919041728123,-95.2807785997025,-201.561293780019,-110.792027816647,150.157175720858,102.251558176992,174.856620798388,106.070240089911,1,160,-32.4263172322036,1.19211523731786,-10.3072866583123,1.58407815027559,1.31650095827e-18,-1.3976043629696e-19,0,1.70994776226962e-19,-0.00152984576803454,0.000460942926931872,1,-2.68839512368048e-19,4.47821264656372e-21,1,-0.0152431504266709,-0.00930541602570422,-0.00930541602570422,-0.00271181015510362,0.0020331333037314,0.00312048212099628,0.00312048212099628,0.0077350270615511,1,3.25260651745651e-19,0,1,-0.0152420398454269,-0.00931704779573635,-0.00931704779573635,-0.00271853166152938,0.00203644142058779,0.00312438272364753,0.00312438272364753,0.00773477149480886,-32.0760279120684,-39.6147242700247,-14.4237876580191,18.8196299156443,-14.4237876580191,18.8196299156443,1.75006062449687,18.5605389171282,1.73472347597681e-18,1.56906850741007e-19,1.38368016154007e-19,0,0,0,-0.0152431504266709,-0.00271181015510362,-0.00930541602570422,0.0020331333037314,0.0077350270615511,0.00312048212099628,3.18484967044202e-14,2.68120330720578e-07,1.96289844385108e-13,2.68839512368048e-19,1.73472347597681e-18,1.98398727682476e-16
NC_k0012,-0.0342105263157895,-0.0342105263157895,0.582033059458428,-165.214834479893,-100.548977774313,-188.980707348471,-107.007560456154,162.690967640821,104.295755248821,171.995123449634,105.501654735811,1,160,-13.088731287715,0.271828735131628,-4.22957784235252,0.659718159642509,-9.48676900924816e-20,-3.61153672885552e-19,0,4.18354866604819e-20,-0.00154090496884564,0.000459617366975756,1,1.15827051669061e-19,1.84541891762391e-20,1,-0.0152431504266709,-0.00930541602570422,-0.00930541602570422,-0.00271181015510361,0.0020331333037314,0.00312048212099628,0.00312048212099628,0.0077350270615511,1,3.25260651745651e-19,0,1,-0.0152420398454269,-0.00931704779573635,-0.00931704779573635,-0.00271853166152938,0.00203644142058779,0.00312438272364753,0.00312438272364753,0.00773477149480886,-33.2295411046985,-42.180562578703,-14.2558800142675,19.2342296115973,-14.2558800142675,19.2342296115973,2.66306478412972,18.7707446358479,1.73472347597681e-18,-7.84640065462274e-19,1.24673649818396e-19,0,0,0,-0.0152431504266709,-0.00271181015510362,-0.00930541602570422,0.0020331333037314,0.0077350270615511,0.00312048212099628,6.85198694646569e-14,8.7929616952639e-08,1.15250368978214e-13,1.15827051669061e-19,3.46944695195361e-18,5.72247404120756e-16
NC_k0012,0.0157894736842105,0.0157894736842105,0.585460726717569,-183.348388565514,-105.384993647427,-172.383351755696,-102.392241779129,170.229483559859,105.270120327224,165.990212741025,104.741593773308,1,160,6.0336413749253,-0.110503421739291,1.95463552455138,-0.305491249931278,7.8104378670727e-19,-2.15851126484487e-19,0,3.79047243896299e-19,-0.00154268478530302,0.000459394611763007,1,1.27247465703065e-20,2.21885199578202e-20,1,-0.0152431504266709,-0.00930541602570422,-0.00930541602570422,-0.00271181015510362,0.0020331333037314,0.00312048212099628,0.00312048212099628,0.0077350270615511,1,3.25260651745651e-19,0,1,-0.0152420398454269,-0.00931704779573635,-0.00931704779573635,-0.00271853166152938,0.00203644142058779,0.00312438272364753,0.00312438272364753,0.00773477149480886,-33.4026655506542,-42.5809307476851,-14.2300056612275,19.3035910811548,-14.2300056612275,19.3035910811548,2.80291436628444,18.7984226862759,1.73472347597681e-18,-3.02819686274392e-19,1.9194551487292e-19,0,0,0,-0.0152431504266709,-0.00271181015510362,-0.00930541602570422,0.0020331333037314,0.0077350270615511,0.00312048212099628,2.05497310306535e-13,1.53263515790413e-07,2.58685757684598e-13,2.21885199578202e-20,3.03576608295941e-18,3.41338257739247e-15
NC_k0012,0.0657894736842105,0.0657894736842105,0.570157320004388,-197.379081796669,-109.515612926491,-151.593737345722,-97.2703275588284,174.073873832245,105.851202180945,155.420264703713,103.175454667819,1,160,25.2650227714569,-0.740249255253992,8.09317526034697,-1.25365260961519,4.76032516356917e-19,-3.56336172998043e-19,0,4.94561362078105e-19,-0.0015349595752762,0.000460349771774336,1,-2.22975746567193e-19,2.80201533390033e-20,1,-0.0152431504266709,-0.00930541602570422,-0.00930541602570422,-0.00271181015510362,0.0020331333037314,0.00312048212099628,0.00312048212099628,0.0077350270615511,1,3.25260651745651e-19,0,1,-0.0152420398454269,-0.00931704779573635,-0.00931704779573635,-0.00271853166152938,0.00203644142058779,0.00312438272364753,0.00312438272364753,0.00773477149480886,-32.623428903011,-40.8101183198376,-14.3454627895747,19.0066667006753,-14.3454627895747,19.0066667006753,2.17945516044779,18.6661154515089,1.73472347597681e-18,5.75081464440105e-19,-2.06359833987033e-19,0,0,0,-0.0152431504266709,-0.00271181015510362,-0.00930541602570422,0.0020331333037314,0.0077350270615511,0.00312048212099628,6.45436021697041e-14,1.11717943555593e-07,5.31244748262829e-14,2.22975746567193e-19,2.16840434497101e-18,1.16833335537982e-15
NC_k0012,0.11578947368421,0.11578947368421,0.534946643708574,-207.514093552039,-112.620375146985,-126.943384156257,-91.7102347811798,175.68823124341,106.497450336657,139.364422463637,100.120697611007,1,160,44.7665366915491,-2.40100150649708,13.9806266110672,-2.09460048669979,1.53798683908719e-18,4.66291637463492e-19,0,3.19013783759651e-19,-0.00151905757450718,0.000462416032748284,1,3.71104820460766e-20,1.43087366840914e-21,1,-0.0152431504266709,-0.00930541602570422,-0.00930541602570422,-0.00271181015510362,0.0020331333037314,0.00312048212099628,0.00312048212099628,0.0077350270615511,1,3.25260651745651e-19,0,1,-0.0152420398454269,-0.00931704779573635,-0.00931704779573635,-0.00271853166152938,0.00203644142058779,0.00312438272364753,0.00312438272364753,0.00773477149480886,-30.76943790622,-36.9126944204027,-14.6031918525925,18.4383903914231,-14.6031918525925,18.4383903914231,0.752658275124336,18.2675164816467,1.73472347597681e-18,5.31385935133438e-20,-3.30367045858227e-19,0,0,0,-0.0152431504266709,-0.00271181015510362,-0.00930541602570422,0.0020331333037314,0.0077350270615511,0.00312048212099628,8.15433485533989e-15,1.40871935281838e-07,3.23997292728266e-13,3.71104820460766e-20,3.46944695195361e-18,1.22448022103245e-14
NC_k0013,-0.13421052631579,-0.13421052631579,0.895516961457854,65.9633224653534,-167.509192064653,78.5190522045112,-198.481518497397,-52.8944169831843,224.295582665845,-98.3377119209395,151.183655924973,1,160,1.58070879012332,-49.641219486197,-15.8599685297042,-26.8683906943314,1.31607744179637e-19,2.30604719889983e-19,0,7.24001411665613e-19,-1.00204381786548e-06,0.000573299104110337,1,-2.66628294499539e-21,-1.23912886706958e-19,1,0.00498912622183263,-0.00272241580136071,-0.00272241580136071,0.00271310382184266,-0.00664467839056454,-0.0146387790942166,-0.0146387790942166,0.0100940841642874,1,-1.0842021724855e-19,4.33680868994202e-19,1,0.00498961843827696,-0.00272581882111241,-0.00272581882111241,0.00271501855228699,-0.006638908557614,-0.0146570775680844,-0.0146570775680844,0.0100893922706412,11.4611769493079,-2.0790609804474,-23.7720946262005,-11.3576980380619,-23.7720946262005,-11.3576980380619,-70.6931911588878,33.2082240163722,1.30104260698261e-18,-1.95397179534255e-20,8.41457707893159e-19,0,0,0,0.00498912622183263,0.00271310382184266,-0.00272241580136071,-0.00664467839056453,0.0100940841642874,-0.0146387790942166,4.7163190964326e-14,1.60268785742735e-07,3.08429200333985e-14,1.23912886706958e-19,6.93889390390723e-18,1.23975655672425e-15
NC_k0013,-0.0842105263157895,-0.0842105263157895,0.924779791338751,73.0854155128143,-176.834176764344,79.5644739186084,-195.435478177464,-65.8758533353044,216.926043565653,-93.6163559597446,164.731083690069,1,160,1.59550344034033,-32.1380055621805,-10.0790257002073,-17.2990985034172,1.59877468794249e-20,2.62156697175206e-19,0,7.78264459849092e-19,-1.7246632799439e-05,0.000531619226274563,1,-5.98600329755572e-20,-8.97580283807767e-20,1,0.00498912622183263,-0.00272241580136071,-0.00272241580136071,0.00271310382184266,-0.00664467839056453,-0.0146387790942166,-0.0146387790942166,0.0100940841642874,1,-1.0842021724855e-19,4.33680868994202e-19,1,0.00498961843827696,-0.00272581882111241,-0.00272581882111241,0.00271501855228699,-0.006638908557614,-0.0146570775680844,-0.0146570775680844,0.0100893922706412,12.5542691491288,-0.161636913601796,-24.9471873544469,-12.4082505502704,-24.9471873544469,-12.4082505502704,-72.7277193056266,33.700942711935,8.67361737988404e-19,1.03288711428221e-20,1.59490541649132e-20,0,0,0,0.00498912622183263,0.00271310382184266,-0.00272241580136071,-0.00664467839056453,0.0100940841642874,-0.0146387790942166,6.0800055546686e-14,1.48544293212849e-07,1.33132146112119e-14,8.97580283807767e-20,1.73472347597681e-18,6.60289800082972e-15
NC_k0013,-0.0342105263157895,-0.0342105263157895,0.941972810538492,76.9231575979434,-183.698258870462,79.288712723747,-191.149306836411,-75.9721858432373,203.368143679846,-87.1389914350501,180.813859489575,1,160,0.785556441723062,-13.2436943210223,-4.11118550016876,-7.10064346321967,-1.66230215898656e-19,2.41404389967476e-20,0,6.94567016748526e-20,-2.55901173365132e-05,0.000507664669528798,1,-4.40581017332433e-20,-2.09574219383964e-19,1,0.00498912622183263,-0.00272241580136071,-0.00272241580136071,0.00271310382184266,-0.00664467839056453,-0.0146387790942166,-0.0146387790942166,0.0100940841642874,1,-1.0842021724855e-19,4.33680868994202e-19,1,0.00498961843827696,-0.00272581882111241,-0.00272581882111241,0.00271501855228699,-0.006638908557614,-0.0146570775680844,-0.0146570775680844,0.0100893922706412,13.1397283187532,1.03201708728158,-25.6313569495675,-13.0075576724063,-25.6313569495675,-13.0075576724063,-73.9442852856643,34.0328036334972,8.67361737988404e-19,2.22763067813211e-20,4.91617745742591e-19,0,0,0,0.00498912622183263,0.00271310382184266,-0.00272241580136071,-0.00664467839056453,0.0100940841642874,-0.0146387790942166,1.04620229155609e-13,9.37267995620841e-08,9.30953743768639e-14,2.09574219383964e-19,3.46944695195361e-18,1.65006061436813e-15
NC_k0013,0.0157894736842105,0.0157894736842105,0.944695217504083,78.8890293481406,-189.310006597584,77.8187272516115,-185.877852122543,-84.3794044345607,187.002235177801,-79.2307390752351,197.507022726509,1,160,-0.37241230355735,6.1242501583971,1.89810649209713,3.28169915507919,-2.85873619698326e-19,1.13290656695263e-18,0,6.11557787917605e-19,-2.69292068798012e-05,0.000503870853393289,1,-3.19268323903388e-20,-2.57290491099265e-19,1,0.00498912622183263,-0.00272241580136071,-0.00272241580136071,0.00271310382184266,-0.00664467839056453,-0.0146387790942166,-0.0146387790942166,0.0100940841642874,1,-1.0842021724855e-19,4.33680868994202e-19,1,0.00498961843827696,-0.00272581882111241,-0.00272581882111241,0.00271501855228699,-0.006638908557614,-0.0146570775680844,-0.0146570775680844,0.0100893922706412,13.2289883045576,1.22692240566848,-25.7394614107884,-13.1010213726143,-25.7394614107884,-13.1010213726143,-74.139041078212,34.0874819328245,8.67361737988404e-19,2.07826100248227e-19,-4.06075736007579e-19,0,0,0,0.00498912622183263,0.00271310382184266,-0.00272241580136071,-0.00664467839056453,0.0100940841642874,-0.0146387790942166,9.94881626575743e-14,1.26221404279135e-07,1.68446191556715e-13,2.57290491099265e-19,2.60208521396521e-18,3.17308917304323e-15
NC_k0013,0.0657894736842105,0.0657894736842105,0.932726404284405,79.6097212494126,-193.987402461565,74.7962508093268,-179.56869518974,-91.4146595962105,170.458787945495,-69.853233636981,212.456122813689,1,160,-1.36939426238597,25.2801733284455,7.89055709179967,13.5831854667925,3.30131091192364e-19,1.05667360169974e-18,0,3.80211914198774e-19,-2.11742590523938e-05,0.000520595963609659,1,5.5696975466077e-21,-8.60499205562097e-20,1,0.00498912622183263,-0.00272241580136071,-0.00272241580136071,0.00271310382184267,-0.00664467839056453,-0.0146387790942166,-0.0146387790942166,0.0100940841642874,1,-1.0842021724855e-19,4.33680868994202e-19,1,0.00498961843827696,-0.00272581882111241,-0.00272581882111241,0.00271501855228699,-0.006638908557614,-0.0146570775680844,-0.0146570775680844,0.0100893922706412,12.8298798700718,0.382628884632078,-25.2637028079512,-12.6871917555673,-25.2637028079512,-12.6871917555673,-73.2872712003137,33.8512773094446,1.30104260698261e-18,-5.99573208148369e-20,-7.46228959943354e-20,0,0,0,0.00498912622183263,0.00271310382184266,-0.00272241580136071,-0.00664467839056453,0.0100940841642874,-0.0146387790942166,3.15497924214492e-14,1.05795357638098e-07,1.53038410368418e-13,8.60499205562097e-20,3.46944695195361e-18,9.16529997472554e-15
NC_k0013,0.11578947368421,0.11578947368421,0.907331253840702,79.0655149508835,-197.518598047645,69.0739492027212,-171.325499966002,-96.8253156078507,155.764842709655,-58.1028493613525,222.529435564145,1,160,-1.70592807338987,43.4400750911434,13.7722685158587,23.4664964575432,-3.39236695375347e-19,1.68517204856243e-18,0,2.36004554928729e-19,-7.83500016307779e-06,0.000556160102988829,1,3.57989507921495e-20,-1.13514175515575e-19,1,0.00498912622183263,-0.00272241580136071,-0.00272241580136071,0.00271310382184267,-0.00664467839056453,-0.0146387790942166,-0.0146387790942166,0.0100940841642874,1,-1.0842021724855e-19,4.33680868994202e-19,1,0.00498961843827696,-0.00272581882111241,-0.00272581882111241,0.00271501855228699,-0.006638908557614,-0.0146570775680844,-0.0146570775680844,0.0100893922706412,11.9184780550551,-1.31642539185053,-24.2486030520917,-11.7856625507961,-24.2486030520917,-11.7856625507961,-71.5115975982622,33.3940511989365,1.73472347597681e-18,-1.22329157973933e-19,-4.11000113221677e-19,0,0,0,0.00498912622183263,0.00271310382184266,-0.00272241580136071,-0.00664467839056453,0.0100940841642874,-0.0146387790942166,4.79255666894911e-14,7.10486989596515e-08,5.0815692717964e-14,1.13514175515575e-19,5.20417042793042e-18,9.78891023471854e-16
NC_k0014,-0.13421052631579,-0.13421052631579,1.00134443906217,13.6146734035678,-95.2679811098953,-117.207600333762,-142.080653185496,40.1536231602503,78.7844674455989,76.6522254433427,144.621977055028,1,160,-76.2143164828357,35.6534368429056,-13.3850902811769,-5.40860974420158,1.23158590530775e-18,-5.97158227814282e-20,0,3.9715257314386e-19,0.0010640189076807,-0.000736478347207448,1,-1.19015706362367e-19,1.04640446573284e-19,1,0.00217222537146128,-0.0159947279836309,-0.0159947279836309,0.00794436627928002,-0.00445976827374019,0.0069643306373949,0.0069643306373949,0.00281881602866443,1,-2.16840434497101e-19,-1.0842021724855e-19,1,0.0021756098829404,-0.0160147213936105,-0.0160147213936105,0.00794414320269176,-0.00445775011493398,0.00697303605069165,0.00697303605069165,0.00281628507228163,-5.98485766604816,-69.402950890372,-22.3751060865004,14.4267732565025,-22.3751060865004,14.4267732565025,26.6340068144662,16.8028442199099,1.30104260698261e-18,4.53643593196111e-20,-2.3015847836363e-19,0,0,0,0.00217222537146128,0.00794436627928002,-0.0159947279836309,-0.00445976827374019,0.00281881602866443,0.00696433063739491,2.08834219284913e-14,1.84152467644201e-07,1.16888953287768e-13,1.19015706362367e-19,1.73472347597681e-18,5.54366200737558e-15
NC_k0014,-0.0842105263157895,-0.0842105263157895,1.04613216674363,-12.1636912273485,-106.070360466859,-99.6274061201891,-136.728743835596,50.7157805803329,92.881267413547,74.1577725654103,135.993276400088,1,160,-49.7015728725436,23.3484885798744,-8.69651781658091,-3.35006066009859,4.45327572018948e-19,-8.65455913857081e-19,0,-5.35748339138345e-20,0.00102913517117041,-0.000729567451748622,1,-4.76430318175236e-19,7.69335196570405e-20,1,0.00217222537146128,-0.0159947279836309,-0.0159947279836309,0.00794436627928002,-0.00445976827374019,0.0069643306373949,0.0069643306373949,0.00281881602866443,1,-2.16840434497101e-19,-1.0842021724855e-19,1,0.0021756098829404,-0.0160147213936105,-0.0160147213936105,0.00794414320269176,-0.00445775011493398,0.00697303605069165,0.00697303605069165,0.00281628507228163,-7.4453522936019,-74.3935087698481,-21.9930409355912,13.9450070665419,-21.9930409355912,13.9450070665419,30.200553693488,17.8968075122071,1.73472347597681e-18,1.1239409302102e-19,-1.65692920702864e-19,0,0,0,0.00217222537146128,0.00794436627928002,-0.0159947279836309,-0.00445976827374019,0.00281881602866443,0.00696433063739491,5.46114155695667e-14,2.35604463259123e-07,1.70169417346388e-13,4.76430318175236e-19,3.46944695195361e-18,4.24505835847118e-15
NC_k0014,-0.0342105263157895,-0.0342105263157895,1.07266401256184,-40.2742926317247,-116.469528360331,-76.9204149934042,-129.275146401134,60.3063031608815,106.995822261252,69.904805851145,124.843287588048,1,160,-20.5617239585089,9.68081272107749,-3.59070070835238,-1.34651395256641,2.32510544021305e-19,8.97854924089558e-20,0,4.0260534774181e-20,0.00100841774337924,-0.000724863482598614,1,-7.99798867944662e-20,2.30126725563565e-20,1,0.00217222537146128,-0.0159947279836309,-0.0159947279836309,0.00794436627928002,-0.00445976827374019,0.0069643306373949,0.0069643306373949,0.00281881602866442,1,-2.16840434497101e-19,-1.0842021724855e-19,1,0.0021756098829404,-0.0160147213936105,-0.0160147213936105,0.00794414320269176,-0.00445775011493398,0.00697303605069165,0.00697303605069165,0.00281628507228163,-8.21135007440636,-77.3564685566088,-21.7483861813363,13.6797400087644,-21.7483861813363,13.6797400087644,32.3170727332544,18.4484839468574,1.73472347597681e-18,7.41335273617189e-20,2.94935884802571e-19,0,0,0,0.00217222537146128,0.00794436627928002,-0.0159947279836309,-0.00445976827374019,0.00281881602866443,0.00696433063739491,4.64785920444113e-14,1.16114931547682e-07,7.88681022216864e-14,7.99798867944662e-20,3.46944695195361e-18,1.24201764387372e-15
NC_k0014,0.0157894736842105,0.0157894736842105,1.07688979486522,-67.5474062607989,-126.069311210878,-50.5641071053757,-120.130720390438,67.7684756089063,120.28353566362,63.3348360269027,112.020930882867,1,160,9.51536356053148,-4.48161984990767,1.66113542450587,0.620014292752411,9.0801931945661e-19,-3.02814278643412e-19,0,7.53859323056327e-20,0.00100516536981183,-0.000724163871765559,1,-2.90927186157602e-19,1.3526360911891e-19,1,0.00217222537146128,-0.0159947279836309,-0.0159947279836309,0.00794436627928002,-0.00445976827374019,0.00696433063739491,0.00696433063739491,0.00281881602866442,1,-2.16840434497101e-19,-1.0842021724855e-19,1,0.0021756098829404,-0.0160147213936105,-0.0160147213936105,0.00794414320269176,-0.00445775011493398,0.00697303605069165,0.00697303605069165,0.00281628507228163,-8.3289375580962,-77.8306267735593,-21.7069036338097,13.6380716939117,-21.7069036338097,13.6380716939117,32.6557547144773,18.5314399514114,8.67361737988404e-19,1.50654658680321e-19,2.01226802341322e-21,0,0,0,0.00217222537146128,0.00794436627928002,-0.0159947279836309,-0.00445976827374019,0.00281881602866443,0.00696433063739491,2.67225080484152e-13,2.03001573854451e-07,1.30508768399446e-13,2.90927186157602e-19,1.73472347597681e-18,6.18571944827897e-16
NC_k0014,0.0657894736842105,0.0657894736842105,1.05837632801928,-91.7911933939512,-134.21315084459,-22.4486794012958,-109.966941937699,72.832204856272,132.131565617743,54.4492325945662,98.1396932665102,1,160,39.1682572100085,-18.4189658035469,6.84726616413232,2.60452566825757,4.63327022148102e-19,2.66603620148291e-19,0,8.99972506457694e-20,0.00101963595868756,-0.000727439888426417,1,-3.17110206717834e-19,7.45037532371984e-21,1,0.00217222537146128,-0.0159947279836309,-0.0159947279836309,0.00794436627928002,-0.00445976827374019,0.0069643306373949,0.0069643306373949,0.00281881602866443,1,-2.16840434497101e-19,-1.0842021724855e-19,1,0.0021756098829404,-0.0160147213936105,-0.0160147213936105,0.00794414320269176,-0.00445775011493398,0.00697303605069165,0.00697303605069165,0.00281628507228163,-7.80567639662519,-75.7573951827067,-21.8836837567199,13.8221251765754,-21.8836837567199,13.8221251765754,31.1750193861192,18.1587700833286,8.67361737988404e-19,1.37120054259538e-19,3.60775666098759e-20,0,0,0,0.00217222537146128,0.00794436627928002,-0.0159947279836309,-0.00445976827374019,0.00281881602866443,0.00696433063739491,6.82660226154761e-14,1.71154281403303e-07,8.13602742076709e-14,3.17110206717834e-19,8.67361737988404e-19,7.76250390785055e-15
NC_k0014,0.11578947368421,0.11578947368421,1.01940012302725,-111.414074336242,-140.360365076586,4.65400294993803,-99.2711544165359,75.8917912595959,141.791773676356,44.0336453959903,83.9013583695138,1,160,66.8957764938113,-31.3523685472643,11.7293246223605,4.647988039967,-3.28913481330686e-19,1.20384557628517e-18,0,-1.30231315640349e-19,0.0010497532993907,-0.000733727578361748,1,-1.43236344643953e-20,1.02771563713938e-20,1,0.00217222537146128,-0.0159947279836309,-0.0159947279836309,0.00794436627928003,-0.00445976827374019,0.00696433063739491,0.00696433063739491,0.00281881602866442,1,-2.16840434497101e-19,-1.0842021724855e-19,1,0.0021756098829404,-0.0160147213936105,-0.0160147213936105,0.00794414320269176,-0.00445775011493398,0.00697303605069165,0.00697303605069165,0.00281628507228163,-6.60500442811725,-71.4203946941858,-22.2205969214123,14.2242453441642,-22.2205969214123,14.2242453441642,28.0766071793638,17.2721585368997,8.67361737988404e-19,-4.0959500211474e-19,2.9866765099706e-19,0,0,0,0.00217222537146128,0.00794436627928002,-0.0159947279836309,-0.00445976827374019,0.00281881602866443,0.00696433063739491,3.24358276867919e-14,7.11490526178574e-08,1.75102369138795e-13,1.43236344643953e-20,3.46944695195361e-18,9.36621234007942e-15
NC_k0015,-0.13421052631579,-0.13421052631579,0.762251831198074,200.683630915747,39.6204867546631,136.892154112165,41.0635349988366,-156.399923498878,-4.123153433075,-183.74088946054,-80.8681115002536,1,160,-41.9156224891249,-46.6060509335908,-29.2121522294961,-13.4401144146743,-6.41627457545133e-19,3.27166475876974e-19,0,-2.75285707857648e-21,-0.000126010019383872,0.000337413127955436,1,-8.7641778241698e-20,-4.37992930417812e-20,1,0.00657798911293621,-0.0101065793937027,-0.0101065793937027,-0.00692801170261272,0.0107208255033532,-0.00946792217555798,-0.00946792217555798,0.0014184908323871,1,1.0842021724855e-19,2.16840434497101e-19,1,0.00657371379665172,-0.0101192126179448,-0.0101192126179448,-0.0069238457683875,0.010719815291946,-0.00947975707827743,-0.00947975707827743,0.00142329458014924,28.6424852894351,-57.7212998277359,7.41121712704685,-26.0885682097914,7.41121712704685,-26.0885682097914,-34.843627650466,-6.67398602657233,8.67361737988404e-19,4.99494980193745e-19,4.76984403156979e-19,0,0,0,0.00657798911293621,-0.00692801170261272,-0.0101065793937027,0.0107208255033532,0.00141849083238711,-0.00946792217555798,1.60080044887559e-14,2.52118777549947e-07,1.37773339148934e-13,8.7641778241698e-20,5.20417042793042e-18,2.62170763326902e-15
NC_k0015,-0.0842105263157895,-0.0842105263157895,0.776784769918369,190.808739630445,42.6586243747016,146.298279275044,43.1315802595359,-160.557831259871,-19.4810162053235,-179.209401846977,-70.7866932103212,1,160,-27.1969702172756,-30.0390331309532,-18.8878811049155,-8.43326021630193,-3.17637355220363e-21,3.53212739005043e-19,0,1.76182853028894e-19,-0.000159698173609178,0.000308818701621134,1,-3.04422734401646e-19,-1.13403007175269e-19,1,0.00657798911293621,-0.0101065793937027,-0.0101065793937027,-0.00692801170261272,0.0107208255033532,-0.00946792217555798,-0.00946792217555798,0.0014184908323871,1,1.0842021724855e-19,2.16840434497101e-19,1,0.00657371379665172,-0.0101192126179448,-0.0101192126179448,-0.0069238457683875,0.010719815291946,-0.00947975707827743,-0.00947975707827743,0.00142329458014924,28.5796871179008,-59.1897800965415,7.06215790147421,-26.0721951703796,7.06215790147421,-26.0721951703796,-36.5518122859282,-7.41582973159196,8.67361737988404e-19,4.31512859694408e-20,5.73396802179967e-19,0,0,0,0.00657798911293621,-0.00692801170261272,-0.0101065793937027,0.0107208255033532,0.00141849083238711,-0.00946792217555798,1.98102095565085e-14,2.19466170291923e-07,1.33343018564986e-13,3.04422734401646e-19,3.46944695195361e-18,5.85994290470126e-15
NC_k0015,-0.0342105263157895,-0.0342105263157895,0.785088244516954,177.591334991258,44.9506642447755,158.524797729996,44.9286969298419,-165.379922672246,-36.4914034266751,-173.43162180764,-57.9523551211348,1,160,-11.2184781998143,-12.3461988973644,-7.77634344206897,-3.4168826534791,-3.19569649131286e-19,-2.60250873043884e-19,0,-3.46648233663822e-19,-0.000179083846680945,0.000292642532437052,1,-8.57607552754233e-20,-1.17214495221849e-19,1,0.00657798911293621,-0.0101065793937027,-0.0101065793937027,-0.00692801170261272,0.0107208255033532,-0.00946792217555798,-0.00946792217555798,0.00141849083238711,1,1.0842021724855e-19,2.16840434497101e-19,1,0.00657371379665172,-0.0101192126179448,-0.0101192126179448,-0.0069238457683875,0.010719815291946,-0.00947975707827743,-0.00947975707827743,0.00142329458014924,28.5660474451543,-60.0748146634326,6.89887764807313,-26.0298020854125,6.89887764807313,-26.0298020854125,-37.5190183193822,-7.84593685861874,8.67361737988404e-19,3.04412629587621e-19,-9.31530842535649e-20,0,0,0,0.00657798911293621,-0.00692801170261272,-0.0101065793937027,0.0107208255033532,0.00141849083238711,-0.00946792217555798,6.0860751500343e-14,1.25256366289568e-07,1.81812170632888e-13,1.17214495221849e-19,3.46944695195361e-18,1.41413787861293e-16
NC_k0015,0.0157894736842105,0.0157894736842105,0.786385882443773,163.520512169196,45.2876673475227,172.390420757154,45.3158202560298,-171.183602280394,-52.5644263550689,-167.428930453734,-42.6187304821269,1,160,5.18902211281617,5.70699652964883,3.59568615201345,1.57609111230021,-3.25260651745651e-19,1.18796370852416e-19,0,-2.06358401774829e-19,-0.000182219189473501,0.000290055628610643,1,-1.96267384192456e-19,-1.422098893366e-19,1,0.00657798911293621,-0.0101065793937027,-0.0101065793937027,-0.00692801170261272,0.0107208255033532,-0.00946792217555798,-0.00946792217555798,0.0014184908323871,1,1.0842021724855e-19,2.16840434497101e-19,1,0.00657371379665172,-0.0101192126179448,-0.0101192126179448,-0.0069238457683875,0.010719815291946,-0.00947975707827743,-0.00947975707827743,0.00142329458014924,28.5651441758861,-60.2170578530488,6.87588380882875,-26.0200397455164,6.87588380882875,-26.0200397455164,-37.670665620942,-7.9149684171758,8.67361737988404e-19,1.43403604239396e-19,2.50099032493649e-19,0,0,0,0.00657798911293621,-0.00692801170261272,-0.0101065793937027,0.0107208255033532,0.00141849083238711,-0.00946792217555798,2.04497486098485e-13,1.43811755333812e-07,2.67341671201421e-13,1.96267384192456e-19,1.73472347597681e-18,4.51777398108939e-15
NC_k0015,0.0657894736842105,0.0657894736842105,0.780646100841204,150.526910226029,43.8888469410414,186.188679803547,43.6903339838051,-177.179575517452,-66.3741837540413,-162.213636934549,-25.7216553830564,1,160,21.404606115123,23.601315794121,14.8519542300505,6.5809681073692,3.9450559518369e-19,1.50348348137638e-20,0,3.447424095325e-19,-0.000168633294567155,0.00030130910683259,1,-1.50668938235455e-19,-8.421438580648e-20,1,0.00657798911293621,-0.0101065793937027,-0.0101065793937027,-0.00692801170261273,0.0107208255033532,-0.00946792217555798,-0.00946792217555798,0.0014184908323871,1,1.0842021724855e-19,2.16840434497101e-19,1,0.00657371379665172,-0.0101192126179448,-0.0101192126179448,-0.0069238457683875,0.010719815291946,-0.00947975707827743,-0.00947975707827743,0.00142329458014924,28.5718824593652,-59.5958485165648,6.98300023508521,-26.0566409353096,6.98300023508521,-26.0566409353096,-37.0011809639402,-7.61379676443413,1.73472347597681e-18,6.85444769389559e-19,7.47023718301508e-20,0,0,0,0.00657798911293621,-0.00692801170261272,-0.0101065793937027,0.0107208255033532,0.00141849083238711,-0.00946792217555798,3.29285080550974e-14,1.85506952042152e-07,1.6008482341901e-13,1.50668938235455e-19,6.93889390390723e-18,8.53310884480541e-15
NC_k0015,0.11578947368421,0.11578947368421,0.768166460889149,139.970203864631,41.7826597762621,197.606684955682,40.6810414901899,-182.261525455111,-77.4770778295508,-157.921100066881,-9.35955040759891,1,160,36.7117628211925,40.7074329964058,25.5483346198074,11.6099009438809,-1.07996700774923e-20,-3.9387032047325e-20,0,-2.98684993025548e-19,-0.000139809910896877,0.000325605134001409,1,6.87878102095554e-20,-4.23543209166875e-20,1,0.00657798911293622,-0.0101065793937027,-0.0101065793937027,-0.00692801170261272,0.0107208255033532,-0.00946792217555798,-0.00946792217555798,0.00141849083238711,1,1.0842021724855e-19,2.16840434497101e-19,1,0.00657371379665172,-0.0101192126179448,-0.0101192126179448,-0.0069238457683875,0.010719815291946,-0.00947975707827743,-0.00947975707827743,0.00142329458014924,28.6088072428938,-58.3108568679748,7.25976425119318,-26.086694584867,7.25976425119318,-26.086694584867,-35.5458494849955,-6.97872674583621,8.67361737988404e-19,-1.29403764678141e-19,-5.1950594613035e-19,0,0,0,0.00657798911293621,-0.00692801170261272,-0.0101065793937027,0.0107208255033532,0.00141849083238711,-0.00946792217555798,1.83276079485036e-14,1.32760974431078e-07,6.30024182029601e-14,6.87878102095554e-20,5.20417042793042e-18,5.63662958029475e-15
NC_k0016,-0.13421052631579,-0.13421052631579,0.549222661600901,-156.968543447773,5.38138833478557,-262.067958741903,13.0880110797046,174.025823311792,-16.9091804978129,235.810678537448,-23.5317118099183,1,160,-56.0414941184727,-1.46163096018424,-18.9760312759568,16.5558527646075,3.98529001683148e-19,3.72694496791892e-20,0,7.09019516411053e-19,-0.000484585156032311,-0.00167653721034855,1,-2.75721612699479e-20,1.08524935249407e-19,1,-0.0115585687257176,-0.00604009263940822,-0.00604009263940822,0.00793210257873352,-0.00816450835296581,0.00422070397820643,0.00422070397820643,-0.0090843260555411,1,3.25260651745651e-19,0,1,-0.0115530445262704,-0.00604764275520748,-0.00604764275520748,0.00792544510861541,-0.00816749092637419,0.00422597985817919,0.00422597985817919,-0.00908673374288538,-35.5929000473513,-27.354946697883,-6.49990024689953,29.0453347914302,-6.49990024689953,29.0453347914302,4.69461739539711,-6.24048225994598,8.67361737988404e-19,-1.66288330795097e-19,-3.67170759007785e-19,0,0,0,-0.0115585687257176,0.00793210257873352,-0.00604009263940822,-0.00816450835296581,-0.0090843260555411,0.00422070397820643,1.88915140992569e-14,1.6061648515181e-07,7.30602749760167e-14,1.08524935249407e-19,1.73472347597681e-18,2.02144431074462e-15
NC_k0016,-0.0842105263157895,-0.0842105263157895,0.576208340985564,-185.894584212793,14.1807477925349,-252.588634841789,15.0625755729842,196.378396551637,-24.5456218790105,232.747484181413,-26.7159066215719,1,160,-36.3654497204842,-0.767138667057076,-12.2537541678886,10.7717873328476,7.73446959961583e-19,-3.34578014165449e-20,0,2.67874169569172e-19,-0.000496252782576229,-0.00167152198678041,1,-1.52537939638177e-19,1.2320128971645e-19,1,-0.0115585687257176,-0.00604009263940822,-0.00604009263940822,0.00793210257873352,-0.00816450835296581,0.00422070397820643,0.00422070397820643,-0.00908432605554111,1,3.25260651745651e-19,0,1,-0.0115530445262704,-0.00604764275520748,-0.00604764275520748,0.00792544510861541,-0.00816749092637419,0.00422597985817919,0.00422597985817919,-0.00908673374288538,-38.1936423758104,-31.7646676551798,-4.8830494734021,30.0305616608855,-4.8830494734021,30.0305616608855,4.32290394368056,-7.32340464685381,1.30104260698261e-18,-1.00020332695915e-19,1.2875262907619e-20,0,0,0,-0.0115585687257176,0.00793210257873352,-0.00604009263940822,-0.00816450835296581,-0.0090843260555411,0.00422070397820643,4.16668127482252e-14,2.4702298923147e-07,6.64272824495511e-14,1.52537939638177e-19,3.46944695195361e-18,8.8631586008292e-15
NC_k0016,-0.0342105263157895,-0.0342105263157895,0.591202210711587,-211.170038644186,17.7457775159343,-238.367513203052,17.1202765640224,212.985577834925,-28.194263120435,227.147385717088,-28.6769778941336,1,160,-14.9919286291354,-0.263643983074982,-5.03433896202939,4.43254031027793,3.73329771502333e-19,-5.35218943546311e-19,0,-1.83541451758166e-19,-0.000503845146313534,-0.00166902173718162,1,-8.08351593651751e-21,1.47610894192824e-19,1,-0.0115585687257176,-0.00604009263940822,-0.00604009263940822,0.00793210257873352,-0.00816450835296581,0.00422070397820643,0.00422070397820643,-0.0090843260555411,1,3.25260651745651e-19,0,1,-0.0115530445262704,-0.00604764275520748,-0.00604764275520748,0.00792544510861541,-0.00816749092637419,0.00422597985817919,0.00422597985817919,-0.00908673374288538,-39.61240010366,-34.3241608831844,-3.910018847432,30.6341587195825,-3.910018847432,30.6341587195825,4.13589690769347,-7.91836222137999,1.30104260698261e-18,-8.09766658452194e-20,-5.69142267319996e-19,0,0,0,-0.0115585687257176,0.00793210257873352,-0.00604009263940822,-0.00816450835296581,-0.0090843260555411,0.00422070397820643,3.36134358255961e-14,1.10321814506388e-07,9.13955524885715e-14,1.47610894192824e-19,1.73472347597681e-18,6.38488526486078e-15
NC_k0016,0.0157894736842105,0.0157894736842105,0.593530367123316,-231.923802120099,17.6772534669426,-219.369380491178,18.0402770860834,224.180775577669,-28.9564997851446,217.690515604705,-28.7617766369032,1,160,6.93361166381087,0.117881983149562,2.32699290349695,-2.04923354767308,4.88949768802545e-19,-1.99052742604761e-19,0,-9.51323878884986e-20,-0.000505042613680413,-0.00166869018522668,1,-9.24911311207412e-20,1.45139341963968e-19,1,-0.0115585687257176,-0.00604009263940823,-0.00604009263940823,0.00793210257873352,-0.00816450835296581,0.00422070397820643,0.00422070397820643,-0.0090843260555411,1,3.25260651745651e-19,0,1,-0.0115530445262704,-0.00604764275520748,-0.00604764275520748,0.00792544510861541,-0.00816749092637419,0.00422597985817919,0.00422597985817919,-0.00908673374288538,-39.8321505320077,-34.7302559433058,-3.75326807935529,30.7310284302443,-3.75326807935529,30.7310284302443,4.10791934098196,-8.00982263778202,8.67361737988404e-19,-2.63669464301866e-19,-3.94954862984614e-19,0,0,0,-0.0115585687257176,0.00793210257873352,-0.00604009263940822,-0.00816450835296581,-0.0090843260555411,0.00422070397820643,2.6067844173095e-13,1.99063817133309e-07,5.89088337853735e-14,1.45139341963968e-19,2.60208521396521e-18,1.19714638899424e-14
NC_k0016,0.0657894736842105,0.0657894736842105,0.583211049462862,-247.914332752838,15.8606102426219,-195.697461566694,16.0349960207078,231.047970216792,-27.6204202303982,203.180045955143,-26.2846305379093,1,160,28.6146736206336,0.560072770973058,9.62766630923016,-8.47024333851138,4.43104110532406e-19,-1.01643953670516e-19,0,5.6078875064155e-19,-0.00049972462834905,-0.00167036767219075,1,-1.13534987287393e-19,-2.04552615243375e-20,1,-0.0115585687257176,-0.00604009263940822,-0.00604009263940822,0.00793210257873352,-0.00816450835296581,0.00422070397820643,0.00422070397820643,-0.00908432605554111,1,3.25260651745651e-19,0,1,-0.0115530445262704,-0.00604764275520748,-0.00604764275520748,0.00792544510861541,-0.00816749092637419,0.00422597985817919,0.00422597985817919,-0.00908673374288538,-38.8571876311232,-32.9476339847664,-4.43688243837369,30.3080142290634,-4.43688243837369,30.3080142290634,4.23446287285747,-7.60185665461142,8.67361737988404e-19,6.43479075866745e-19,3.01430616649958e-20,0,0,0,-0.0115585687257176,0.00793210257873352,-0.00604009263940822,-0.00816450835296581,-0.0090843260555411,0.00422070397820643,4.28070254900854e-14,1.77637659143459e-07,3.72130218973438e-13,1.13534987287393e-19,3.46944695195361e-18,7.80491797121379e-15
NC_k0016,0.11578947368421,0.11578947368421,0.560376523120296,-259.110136332895,13.7609523524411,-167.917853789699,9.28288252183825,234.899278404615,-24.7937562061396,182.865650789535,-20.2413433641087,1,160,49.0940182961591,1.18254058973931,16.5912644323464,-14.5368251630101,8.97749044971152e-19,-9.17442560994814e-20,0,2.05193731472354e-19,-0.000489294875676895,-0.00167439844694507,1,1.00375074775438e-19,6.56332978842202e-20,1,-0.0115585687257176,-0.00604009263940823,-0.00604009263940823,0.00793210257873352,-0.00816450835296581,0.00422070397820643,0.00422070397820643,-0.00908432605554111,1,3.25260651745651e-19,0,1,-0.0115530445262704,-0.00604764275520748,-0.00604764275520748,0.00792544510861541,-0.00816749092637419,0.00422597985817919,0.00422597985817919,-0.00908673374288538,-36.6784290121485,-29.154377408453,-5.84805731477691,29.4356124266585,-5.84805731477691,29.4356124266585,4.53407264293765,-6.69021338009389,1.30104260698261e-18,-2.03191533433543e-19,-5.64747307693349e-21,0,0,0,-0.0115585687257176,0.00793210257873352,-0.00604009263940822,-0.00816450835296581,-0.0090843260555411,0.00422070397820643,2.53007914825298e-14,1.27078229117475e-07,1.59053054696291e-13,1.00375074775438e-19,3.46944695195361e-18,1.16891332435107e-14
NC_k0017,-0.13421052631579,-0.13421052631579,0.54644601989384,-42.2041254313383,159.090975386775,-50.3343399866267,227.186091605099,27.314161281249,-135.999921451104,45.7363614477068,-247.47626074586,1,160,-0.467800982585528,-58.435185650575,-19.437985588943,23.4837365233319,3.12978674010464e-19,-1.51915359090059e-18,0,-4.03505320248267e-19,-0.00134715689648769,0.000600032027737987,1,1.53614500352164e-21,-2.28373012478981e-19,1,-0.0082771555149627,0.00450705118921081,0.00450705118921081,-0.00362172325633171,0.0152780878324339,-0.00620838961707159,-0.00620838961707159,-0.00510825188891229,1,0,-2.16840434497101e-19,1,-0.00827755989218989,0.00451268500319732,0.00451268500319732,-0.00362503727872055,0.0152733061381371,-0.00621615010409293,-0.00621615010409293,-0.00510029212088319,-10.0763136353882,7.39208599959163,30.8537119759732,-1.69637664457929,30.8537119759732,-1.69637664457929,-31.042213007404,-30.6033650133085,4.33680868994202e-19,-3.42755538326784e-20,2.70068045711022e-19,0,0,0,-0.0082771555149627,-0.00362172325633171,0.00450705118921081,0.0152780878324339,-0.00510825188891229,-0.00620838961707159,2.63861185591056e-14,1.2622336622322e-07,1.33806404464789e-13,2.28373012478981e-19,1.73472347597681e-18,2.03171582225239e-15
NC_k0017,-0.0842105263157895,-0.0842105263157895,0.572560423432028,-51.8227611847371,182.263353361111,-54.3912968863739,223.283919485198,39.6380447528847,-165.653376845742,47.102471958293,-237.199265375516,1,160,-0.239971951851238,-38.6713202575716,-12.8407264291095,15.4503991514097,-1.22131563082229e-19,-3.04137767623497e-19,0,7.12037071285646e-19,-0.00133814252045821,0.000589737992428233,1,4.43541338211258e-20,-1.75456473976371e-19,1,-0.0082771555149627,0.00450705118921081,0.00450705118921081,-0.00362172325633171,0.0152780878324339,-0.00620838961707159,-0.00620838961707159,-0.00510825188891229,1,0,-2.16840434497101e-19,1,-0.00827755989218989,0.00451268500319732,0.00451268500319732,-0.00362503727872055,0.0152733061381371,-0.00621615010409293,-0.00621615010409293,-0.00510029212088319,-11.4421411091974,6.86715247010106,32.0274338071393,0.310216676636019,32.0274338071393,0.310216676636019,-35.3432234930868,-33.1658422129359,8.67361737988404e-19,1.98023386539885e-19,-9.56339046373056e-20,0,0,0,-0.0082771555149627,-0.00362172325633171,0.00450705118921081,0.0152780878324339,-0.00510825188891229,-0.00620838961707159,2.99494470727877e-14,2.32789721130763e-07,2.06697588983177e-13,1.75456473976371e-19,3.46944695195361e-18,7.75619815264411e-16
NC_k0017,-0.0342105263157895,-0.0342105263157895,0.587944897461175,-56.4473325796507,200.201272027087,-56.9579745087903,216.422210399973,45.9734254880543,-192.306145051856,47.9886283179428,-221.666923808805,1,160,-0.080137825271862,-16.1192600608746,-5.34580130242836,6.40797220994689,4.35163176651897e-20,1.30231315640349e-19,0,-6.04834463898774e-19,-0.00133338849655471,0.000582903770987159,1,-4.57104847313206e-21,-1.06659363417704e-19,1,-0.0082771555149627,0.00450705118921081,0.00450705118921081,-0.00362172325633171,0.0152780878324339,-0.00620838961707159,-0.00620838961707159,-0.00510825188891229,1,0,-2.16840434497101e-19,1,-0.00827755989218989,0.00451268500319732,0.00451268500319732,-0.00362503727872055,0.0152733061381371,-0.00621615010409293,-0.00621615010409293,-0.00510029212088319,-12.2166031612115,6.57127487157637,32.7466492831269,1.5345124733676,32.7466492831269,1.5345124733676,-37.928967496714,-34.6231024253195,8.67361737988404e-19,3.3638539085044e-20,-5.34610622923783e-20,0,0,0,-0.0082771555149627,-0.00362172325633171,0.00450705118921081,0.0152780878324339,-0.00510825188891229,-0.00620838961707159,4.01131247402064e-14,9.82219961842279e-08,1.86936515325324e-13,1.06659363417704e-19,2.60208521396521e-18,3.7766227053564e-15
NC_k0017,0.0157894736842105,0.0157894736842105,0.590384404712686,-57.3482377322124,212.915537939382,-57.1438718804566,205.461585419349,47.9592149515577,-214.656765785423,47.1045150477678,-201.083189102412,1,160,0.0354265662730621,7.46797733268254,2.47612328665534,-2.96600440345215,-2.52521697400188e-19,2.11546478576762e-19,0,-1.49924831664011e-19,-0.00133271286860602,0.000581802233464102,1,2.66273644862021e-20,-1.61437503950817e-19,1,-0.0082771555149627,0.00450705118921081,0.00450705118921081,-0.00362172325633171,0.0152780878324339,-0.00620838961707159,-0.00620838961707159,-0.00510825188891229,1,0,-2.16840434497101e-19,1,-0.00827755989218989,0.00451268500319732,0.00451268500319732,-0.00362503727872055,0.0152733061381371,-0.00621615010409293,-0.00621615010409293,-0.00510029212088319,-12.3375060225922,6.52427272313412,32.8622592556936,1.73298224295153,32.8622592556936,1.73298224295153,-38.3449160535947,-34.852407942953,8.67361737988404e-19,-7.14081602710358e-20,-1.07952617426326e-19,0,0,0,-0.0082771555149627,-0.00362172325633171,0.00450705118921081,0.0152780878324339,-0.00510825188891229,-0.00620838961707159,2.59353561241729e-13,1.79034389134438e-07,1.15601784315503e-13,1.61437503950817e-19,2.60208521396521e-18,1.88050872577749e-15
NC_k0017,0.0657894736842105,0.0657894736842105,0.579670889356075,-55.560050110032,221.162622510266,-54.0299836533253,189.510510709592,47.5387875793827,-232.089388727529,42.5997264450017,-175.91483108088,1,160,0.174099021642611,30.5852520662013,10.1505858589885,-12.1920684370482,-5.99275810182417e-20,-6.96684599116662e-20,0,-1.49501315190384e-19,-0.00133594786932595,0.000586617580883976,1,4.23346039395915e-20,-1.00066800819137e-19,1,-0.0082771555149627,0.00450705118921081,0.00450705118921081,-0.00362172325633171,0.0152780878324339,-0.00620838961707159,-0.00620838961707159,-0.00510825188891229,1,0,-2.16840434497101e-19,1,-0.00827755989218989,0.00451268500319732,0.00451268500319732,-0.00362503727872055,0.0152733061381371,-0.00621615010409293,-0.00621615010409293,-0.00510029212088319,-11.8021455795397,6.73059861734575,32.3576823111497,0.870058203224514,32.3576823111497,0.870058203224514,-36.5304301796157,-33.8422223578923,8.67361737988404e-19,3.18796112119529e-19,1.63813439528457e-19,0,0,0,-0.0082771555149627,-0.00362172325633171,0.00450705118921081,0.0152780878324339,-0.00510825188891229,-0.00620838961707159,4.6114621760545e-14,2.33985592560393e-07,2.50736032015198e-13,1.00066800819137e-19,4.33680868994202e-18,3.44747594026189e-15
NC_k0017,0.11578947368421,0.11578947368421,0.556990857978157,-51.926364498162,226.017581219648,-46.4094269414647,168.163279179609,46.2431473969496,-244.287828015721,32.6029629115292,-147.131529125334,1,160,0.370762559290115,51.6086868931264,17.1532183192974,-20.7040453744594,-1.04301519542526e-18,-1.27690216798586e-19,0,-6.96684599116662e-20,-0.00134335151720271,0.000595938215885936,1,-1.59117068181741e-20,-8.78467345363903e-20,1,-0.00827715551496271,0.00450705118921081,0.00450705118921081,-0.00362172325633171,0.0152780878324339,-0.00620838961707159,-0.00620838961707159,-0.00510825188891229,1,0,-2.16840434497101e-19,1,-0.00827755989218989,0.00451268500319732,0.00451268500319732,-0.00362503727872055,0.0152733061381371,-0.00621615010409293,-0.00621615010409293,-0.00510029212088319,-10.6376474719333,7.17251873825895,31.3194363663875,-0.89189459353943,31.3194363663875,-0.89189459353943,-32.7737102788644,-31.6559263886604,8.67361737988404e-19,6.04596865717084e-19,-4.87277456558141e-19,0,0,0,-0.0082771555149627,-0.00362172325633171,0.00450705118921081,0.0152780878324339,-0.00510825188891229,-0.00620838961707159,2.17532665542491e-14,1.65475583884023e-07,2.40645012866233e-13,8.78467345363903e-20,5.20417042793042e-18,2.59122732687527e-15
NC_k0018,-0.13421052631579,-0.13421052631579,0.858630161060198,-106.051299348774,-61.2967321463415,53.2037988700843,-62.1400156201379,39.0388048593421,48.5723953059224,18.219499988195,106.423247113422,1,160,94.2339891148172,34.0640225170659,42.3383438385214,2.91925212836156,7.64447234897006e-19,1.05836766759425e-18,0,-7.1521344483785e-19,0.000206233226442716,0.00178532361366729,1,1.2106665342123e-19,3.18676130931795e-20,1,0.000480665222583366,0.0166506935722712,0.0166506935722712,0.00125668900088172,-0.000142525586410516,0.00356399801294228,0.00356399801294228,0.0104029660136978,1,-2.98155597433514e-19,-5.42101086242752e-20,1,0.000481179191611497,0.0166715069392365,0.0166715069392365,0.00125671795504842,-0.000137626926468719,0.00356845301045845,0.00356845301045845,0.0104012737413895,-5.14973711411402,89.5096172196218,-1.31453204859286,4.56337989873451,-1.31453204859286,4.56337989873451,16.2202344790208,16.4598325031619,1.73472347597681e-18,-2.65337315957469e-19,8.13568624385323e-20,0,0,0,0.000480665222583363,0.00125668900088172,0.0166506935722712,-0.000142525586410515,0.0104029660136978,0.00356399801294227,1.46986693286929e-14,2.46360182907058e-07,1.78496383512991e-13,1.2106665342123e-19,3.03576608295941e-18,1.02148308926267e-14
NC_k0018,-0.0842105263157895,-0.0842105263157895,0.904759838176288,-72.5284634612319,-70.1634013014156,33.7140512658586,-66.5847944254305,26.8647081723908,66.1336045657084,16.6067894075588,102.380372022895,1,160,61.3894061558699,21.1924604569481,27.2520159822298,1.66652087179932,-1.03507426154476e-18,-4.61632956253594e-19,0,-2.57100969271282e-19,0.000253960249299379,0.00180450888376109,1,3.83253695265288e-19,3.59021391353778e-20,1,0.000480665222583365,0.0166506935722712,0.0166506935722712,0.00125668900088172,-0.000142525586410515,0.00356399801294227,0.00356399801294227,0.0104029660136978,1,-2.98155597433514e-19,-5.42101086242752e-20,1,0.000481179191611497,0.0166715069392365,0.0166715069392365,0.00125671795504842,-0.000137626926468719,0.00356845301045845,0.00356845301045845,0.0104012737413895,-3.14686581663056,94.8699961207915,-2.27077541477431,4.0744647950715,-2.27077541477431,4.0744647950715,17.5414406918001,17.947555169605,1.73472347597681e-18,-3.42829176150408e-19,-2.52518755250723e-20,0,0,0,0.000480665222583363,0.00125668900088172,0.0166506935722712,-0.000142525586410515,0.0104029660136978,0.00356399801294227,1.36577380479637e-14,2.77790560522196e-07,6.71860979753884e-14,3.83253695265288e-19,2.60208521396521e-18,1.22709140898984e-16
NC_k0018,-0.0342105263157895,-0.0342105263157895,0.930892114299841,-37.2797349859441,-73.767871709254,7.22634574853913,-71.1951590593209,19.0719021836556,81.0661487139238,15.7181401703089,95.7353816163493,1,160,25.3682684584102,8.5254850615727,11.1849386615944,0.653896591785323,2.11122962103134e-19,6.61956248279236e-19,0,2.17687467444355e-19,0.000282225473507244,0.00181539217664376,1,-7.50747528802232e-20,3.11226871915624e-20,1,0.000480665222583362,0.0166506935722712,0.0166506935722712,0.00125668900088172,-0.000142525586410513,0.00356399801294227,0.00356399801294227,0.0104029660136978,1,-2.98155597433514e-19,-5.42101086242752e-20,1,0.000481179191611497,0.0166715069392365,0.0166715069392365,0.00125671795504842,-0.000137626926468719,0.00356845301045845,0.00356845301045845,0.0104012737413895,-2.08048039776236,98.044076871675,-2.89568911052311,3.75267867605289,-2.89568911052311,3.75267867605289,18.1896028321622,18.7606523557823,8.67361737988404e-19,1.20013357341053e-19,-2.3968568815774e-20,0,0,0,0.000480665222583363,0.00125668900088172,0.0166506935722712,-0.000142525586410515,0.0104029660136978,0.00356399801294227,5.18168618134596e-14,1.94874386212066e-07,2.61183107844732e-13,7.50747528802232e-20,1.68051336735253e-18,1.22842346368355e-14
NC_k0018,0.0157894736842105,0.0157894736842105,0.934988606506088,-3.9868833493226,-72.5136105729778,-24.6160751872886,-73.7876786934055,15.9418512198571,92.4547888231141,17.4255829014583,85.6929651797557,1,160,-11.7369668180839,-3.92719335967353,-5.16917285865995,-0.300290857417702,-4.17163726522743e-20,4.20340100074947e-20,0,6.49303693629625e-20,0.000286746928744411,0.00181720030541359,1,3.93430885702811e-19,-1.00615764068991e-20,1,0.000480665222583365,0.0166506935722712,0.0166506935722712,0.00125668900088172,-0.000142525586410515,0.00356399801294227,0.00356399801294227,0.0104029660136978,1,-2.98155597433514e-19,-5.42101086242752e-20,1,0.000481179191611497,0.0166715069392365,0.0166715069392365,0.00125671795504842,-0.000137626926468719,0.00356845301045845,0.00356845301045845,0.0104012737413895,-1.91690523467462,98.5510796233772,-2.99998742334076,3.69929263108071,-2.99998742334076,3.69929263108071,18.2848813258757,18.886775409567,1.73472347597681e-18,-3.04508864680608e-19,-1.91752750066811e-19,0,0,0,0.000480665222583363,0.00125668900088172,0.0166506935722712,-0.000142525586410515,0.0104029660136978,0.00356399801294227,2.73096528607089e-13,1.99541823323701e-07,7.96696300034903e-14,3.93430885702811e-19,2.60208521396521e-18,1.46052509173549e-14
NC_k0018,0.0657894736842105,0.0657894736842105,0.916898510550533,24.705768567105,-68.3684334610659,-59.5236048924585,-72.1305530666951,16.1032821572521,100.286238311239,23.4189378566101,72.005366691298,1,160,-48.3571624549757,-16.4893069445952,-21.3993349018584,-1.27861668411335,-2.86932410882394e-19,-3.75870870344096e-21,0,-5.21878174627056e-19,0.000266949846910054,0.00180960642347755,1,2.0285248807455e-19,1.83417577343692e-20,1,0.000480665222583365,0.0166506935722712,0.0166506935722712,0.00125668900088172,-0.000142525586410513,0.00356399801294227,0.00356399801294227,0.0104029660136978,1,-2.98155597433514e-19,-5.42101086242752e-20,1,0.000481179191611497,0.0166715069392365,0.0166715069392365,0.00125671795504842,-0.000137626926468719,0.00356845301045845,0.00356845301045845,0.0104012737413895,-2.64604931737997,96.3317618039143,-2.55263008436989,3.92886094647252,-2.55263008436989,3.92886094647252,17.8510648507145,18.3271169381888,1.73472347597681e-18,-4.17495806146177e-19,-5.6046415705782e-19,0,0,0,0.000480665222583363,0.00125668900088172,0.0166506935722712,-0.000142525586410515,0.0104029660136978,0.00356399801294227,3.56825863485891e-14,1.11194306227812e-07,6.48104532041178e-14,2.0285248807455e-19,5.20417042793042e-18,9.44459991201933e-15
NC_k0018,0.11578947368421,0.11578947368421,0.877590792336192,46.9149721213905,-63.6497109923588,-94.2140181350803,-65.0913163630971,17.6390970712359,105.172530384698,34.1695185312889,55.2095725740048,1,160,-82.683714042939,-29.3277760748722,-36.9637917388776,-2.41231060294751,4.62585868319255e-19,5.00172955353664e-19,0,3.29892863175948e-19,0.000225726953746891,0.00179323359204414,1,-1.47524038147081e-19,-6.23438555089438e-20,1,0.000480665222583363,0.0166506935722712,0.0166506935722712,0.00125668900088172,-0.000142525586410514,0.00356399801294228,0.00356399801294228,0.0104029660136978,1,-2.98155597433514e-19,-5.42101086242752e-20,1,0.000481179191611497,0.0166715069392365,0.0166715069392365,0.00125671795504842,-0.000137626926468719,0.00356845301045845,0.00356845301045845,0.0104012737413895,-4.30524667592164,91.6779387249001,-1.68892233906814,4.37330821982155,-1.68892233906814,4.37330821982155,16.791294660195,17.0820542019379,8.67361737988404e-19,-3.80030827654973e-20,-3.7762506161523e-19,0,0,0,0.000480665222583363,0.00125668900088172,0.0166506935722712,-0.000142525586410515,0.0104029660136978,0.00356399801294227,9.19504809457979e-15,1.08869768317166e-07,5.27417003640271e-14,1.47524038147081e-19,5.20417042793042e-18,3.28920937780259e-15
NC_k0019,-0.13421052631579,-0.13421052631579,0.60758855719846,204.859952310874,73.9276908002845,299.161437470416,68.1930153366661,-214.569391408111,-89.0374457494594,-274.639982616896,-44.6837808401808,1,160,49.2864012043361,24.5554655591119,24.3678160319378,-15.3684768108773,-2.70754081589837e-18,-2.39392686717747e-19,0,-3.90217490888215e-19,0.000577282028630097,0.000676543244933334,1,4.51921539580689e-20,-3.24305453460413e-20,1,0.0127487187526354,0.00482985425188675,0.00482985425188675,-0.0129637010912488,0.00660789271466915,0.00131317934767683,0.00131317934767683,0.000834533379048353,1,2.16840434497101e-19,2.16840434497101e-19,1,0.0127406500304438,0.00483589156970161,0.00483589156970161,-0.012955699551038,0.00660725141895391,0.00131482082186143,0.00131482082186143,0.000837500432917877,43.3123938242176,14.8937802795129,14.56969682289,-34.0605833280224,14.56969682289,-34.0605833280224,27.7725007443555,-10.6329446552921,1.0842021724855e-18,-5.78128316478836e-19,-9.78748291836062e-20,0,0,0,0.0127487187526354,-0.0129637010912488,0.00482985425188675,0.00660789271466915,0.000834533379048352,0.00131317934767683,1.64349333482123e-14,1.31523096887139e-07,1.03629637801131e-13,4.51921539580689e-20,5.20417042793042e-18,0
NC_k0019,-0.0842105263157895,-0.0842105263157895,0.632801587331688,233.036507670779,66.4417566591904,291.843649035403,66.1947665533447,-237.438074384249,-76.5822711677859,-272.479974047222,-47.6089678810122,1,160,31.6822550838254,16.4367698128517,15.8792782159035,-10.1532208037875,-7.23895532547206e-19,-2.10699445629507e-19,0,-4.26057572468913e-19,0.000586287246882267,0.000685459567474057,1,6.06179923329198e-20,-2.52803814788284e-20,1,0.0127487187526354,0.00482985425188675,0.00482985425188675,-0.0129637010912488,0.00660789271466915,0.00131317934767683,0.00131317934767683,0.000834533379048352,1,2.16840434497101e-19,2.16840434497101e-19,1,0.0127406500304438,0.00483589156970161,0.00483589156970161,-0.012955699551038,0.00660725141895391,0.00131482082186143,0.00131482082186143,0.000837500432917877,45.9670184391127,18.6149671812212,13.0885133382948,-35.1625956895018,13.0885133382948,-35.1625956895018,29.1880136050147,-9.60995086806802,4.33680868994202e-19,3.58729296028914e-19,1.04626011686564e-19,0,0,0,0.0127487187526354,-0.0129637010912488,0.00482985425188675,0.00660789271466915,0.000834533379048352,0.00131317934767683,2.09693866859517e-14,1.7258574693307e-07,6.27895974363101e-14,6.06179923329198e-20,1.73472347597681e-18,3.68435920261175e-15
NC_k0019,-0.0342105263157895,-0.0342105263157895,0.647079599618441,256.620862435349,63.3522197903714,280.346025194676,64.1148123190561,-254.202902626123,-65.5477270778953,-267.744963676198,-53.4832894262133,1,160,12.9967144215875,6.8860583092739,6.56131500118425,-4.21440178424997,-6.85037896091915e-19,3.47336447933467e-19,0,-3.4410713482206e-21,0.00059202791733824,0.000691214112950437,1,-4.70549584478286e-20,-2.60744407231636e-20,1,0.0127487187526354,0.00482985425188675,0.00482985425188675,-0.0129637010912488,0.00660789271466915,0.00131317934767683,0.00131317934767683,0.000834533379048352,1,2.16840434497101e-19,2.16840434497101e-19,1,0.0127406500304438,0.00483589156970161,0.00483589156970161,-0.012955699551038,0.00660725141895391,0.00131482082186143,0.00131482082186143,0.000837500432917877,47.4381558800186,20.7315281227292,12.1952670401582,-35.8611205920603,12.1952670401582,-35.8611205920603,30.0807861656692,-9.02948732570129,6.50521303491303e-19,6.32494138515199e-20,2.65603368038524e-20,0,0,0,0.0127487187526354,-0.0129637010912488,0.00482985425188675,0.00660789271466915,0.000834533379048352,0.00131317934767683,1.93398488742383e-14,6.88729468907169e-08,5.60294154392081e-14,4.70549584478286e-20,1.73472347597681e-18,1.02944647794164e-15
NC_k0019,0.0157894736842105,0.0157894736842105,0.649322632416257,274.914652249476,63.5432119165896,263.978354970772,63.1260674185508,-265.03068078957,-56.3210531902727,-258.832744928345,-61.9122683798753,1,160,-6.0063498362271,-3.19238032672565,-3.03558095377441,1.95105514824228,-7.48300669339971e-19,1.70994776226962e-20,0,-5.70264931738958e-19,0.000592944597323385,0.000692185770007632,1,3.70104230989289e-21,-2.42074644084478e-20,1,0.0127487187526354,0.00482985425188675,0.00482985425188675,-0.0129637010912488,0.00660789271466915,0.00131317934767683,0.00131317934767683,0.000834533379048353,1,2.16840434497101e-19,2.16840434497101e-19,1,0.0127406500304438,0.00483589156970161,0.00483589156970161,-0.012955699551038,0.00660725141895391,0.00131482082186143,0.00131482082186143,0.000837500432917877,47.6677639613709,21.0649271855008,12.051168449425,-35.9752289035819,12.051168449425,-35.9752289035819,30.226900240844,-8.93912738359102,8.67361737988404e-19,-6.09922342646095e-19,3.80862218140213e-20,0,0,0,0.0127487187526354,-0.0129637010912488,0.00482985425188675,0.00660789271466915,0.000834533379048352,0.00131317934767683,1.28649720080989e-13,1.1620355335347e-07,9.04067908640341e-14,2.42074644084478e-20,5.20417042793042e-18,1.36785378386556e-15
NC_k0019,0.0657894736842105,0.0657894736842105,0.639436452659848,288.138537752762,65.3894139337045,242.32161812511,64.8313644537234,-271.119429782992,-49.4403997002408,-244.355189528149,-72.3374519747221,1,160,-24.8718738795079,-13.0327337022854,-12.5085205019918,8.01610114642276,-2.56492164340443e-19,-3.03098828774131e-19,0,-3.74759139600825e-19,0.000588938951205101,0.000688063222519805,1,9.02071190192382e-20,-3.14981454717524e-20,1,0.0127487187526354,0.00482985425188675,0.00482985425188675,-0.0129637010912488,0.00660789271466915,0.00131317934767683,0.00131317934767683,0.000834533379048349,1,2.16840434497101e-19,2.16840434497101e-19,1,0.0127406500304438,0.00483589156970161,0.00483589156970161,-0.012955699551038,0.00660725141895391,0.00131482082186143,0.00131482082186143,0.000837500432917877,46.6526196902625,19.596692279198,12.6792218245736,-35.4810627135778,12.6792218245736,-35.4810627135778,29.5940282267457,-9.33986105119083,6.50521303491303e-19,4.16236365281611e-19,2.80660641601743e-19,0,0,0,0.0127487187526354,-0.0129637010912488,0.00482985425188675,0.00660789271466915,0.000834533379048352,0.00131317934767683,1.02845240416078e-14,1.7685224143717e-07,1.53780982805089e-14,9.02071190192382e-20,5.20417042793042e-18,1.04175139218947e-15
NC_k0019,0.11578947368421,0.11578947368421,0.617955729967057,296.891563168052,67.5118313195399,215.648276795097,70.6374864713563,-274.046863639871,-45.4178879200727,-223.618298037475,-84.3132085758593,1,160,-43.0032435361478,-21.7931461822609,-21.3828086070749,13.5789399442246,-9.57703095768995e-19,-3.05567135721989e-19,0,-4.3770427549366e-19,0.000580946937383433,0.000680084054843242,1,-2.3332888224684e-19,-4.52360596069925e-20,1,0.0127487187526354,0.00482985425188675,0.00482985425188675,-0.0129637010912488,0.00660789271466915,0.00131317934767683,0.00131317934767683,0.000834533379048353,1,2.16840434497101e-19,2.16840434497101e-19,1,0.0127406500304438,0.00483589156970161,0.00483589156970161,-0.012955699551038,0.00660725141895391,0.00131482082186143,0.00131482082186143,0.000837500432917877,44.4150377249033,16.4249458944368,13.9723412799672,-34.4923034649479,13.9723412799672,-34.4923034649479,28.3315073422683,-10.2133070376989,6.50521303491303e-19,6.11817143316629e-19,-1.90347860329029e-19,0,0,0,0.0127487187526354,-0.0129637010912488,0.00482985425188675,0.00660789271466915,0.000834533379048352,0.00131317934767683,1.94971439187405e-14,1.42201727198014e-07,1.10789282721603e-13,2.3332888224684e-19,5.20417042793042e-18,1.07796365090846e-15
NC_k0020,-0.13421052631579,-0.13421052631579,0.549836374461221,12.1947317396654,189.545002058184,48.8243681799293,235.899742144988,-30.1316382330231,-215.799965804946,-31.0064138097673,-227.085283687828,1,160,22.9712415885012,-1.50641969973863,7.08339122329167,14.0213121396265,-4.21293012140608e-19,-6.80061577526796e-19,0,-6.15104738384232e-19,-0.00028102942107379,-0.0014797651909693,1,-6.99002970742821e-20,-1.2362954024551e-19,1,-0.000641862031582151,0.00761351814436903,0.00761351814436903,-0.0054579085922262,-0.00107937272190659,0.00271105892574516,0.00271105892574516,-0.0174160472675352,1,0,0,1,-0.000644320135292325,0.00762303504204949,0.00762303504204949,-0.00545735666683597,-0.00108736784207545,0.00271444774940234,0.00271444774940234,-0.0174138319661131,4.76438331297067,20.9875929585658,26.6408337386922,-6.32813936009559,26.6408337386922,-6.32813936009559,20.993452637103,-39.8809982269272,8.67361737988404e-19,-1.39050522524052e-19,3.97536128155096e-19,0,0,0,-0.000641862031582153,-0.0054579085922262,0.00761351814436903,-0.00107937272190659,-0.0174160472675352,0.00271105892574516,8.09447549658342e-14,7.63476428096223e-08,2.26133097427629e-13,1.2362954024551e-19,2.60208521396521e-18,9.49018373120794e-15
NC_k0020,-0.0842105263157895,-0.0842105263157895,0.567401105178284,18.7006806034925,205.290673277148,43.1911015840054,232.607311042778,-30.3896180993677,-225.971685207407,-31.5896526844928,-229.388293089012,1,160,14.2646018492723,-0.0506454002583852,4.69060562817462,8.88192432872582,-9.50794483292952e-19,-1.35948788034315e-19,0,-2.85238344987886e-19,-0.000264403233215855,-0.00146580453549819,1,1.01955074170519e-19,-5.63343800925638e-20,1,-0.000641862031582154,0.00761351814436903,0.00761351814436903,-0.0054579085922262,-0.00107937272190659,0.00271105892574516,0.00271105892574516,-0.0174160472675352,1,0,0,1,-0.000644320135292325,0.00762303504204949,0.00762303504204949,-0.00545735666683597,-0.00108736784207545,0.00271444774940234,0.00271444774940234,-0.0174138319661131,4.98466764663418,22.2240154855162,27.370249064459,-5.70203444366295,27.370249064459,-5.70203444366295,19.0960360648044,-41.4861283949059,4.33680868994202e-19,2.27619961340207e-19,5.49481911860943e-19,0,0,0,-0.000641862031582153,-0.0054579085922262,0.00761351814436903,-0.00107937272190659,-0.0174160472675352,0.00271105892574516,6.18451957143102e-14,1.02051339026549e-07,1.20496689042539e-13,1.01955074170519e-19,3.46944695195361e-18,2.15234922163915e-15
NC_k0020,-0.0342105263157895,-0.0342105263157895,0.576649279987573,26.4492072056436,216.795519501113,36.6579547555272,227.509871097709,-31.2782073655552,-230.615303474691,-31.8740551747519,-231.154189904283,1,160,5.74968400909327,0.194477175621542,1.96157319095589,3.60614870545072,-2.07099555603676e-19,-9.6932332901414e-20,0,-1.74753484930403e-19,-0.000255124668573571,-0.00145819973214273,1,9.58111183559961e-21,1.33864896380348e-19,1,-0.000641862031582154,0.00761351814436903,0.00761351814436903,-0.0054579085922262,-0.00107937272190659,0.00271105892574516,0.00271105892574516,-0.0174160472675352,1,0,0,1,-0.000644320135292325,0.00762303504204949,0.00762303504204949,-0.00545735666683597,-0.00108736784207545,0.00271444774940234,0.00271444774940234,-0.0174138319661131,5.07697312129751,22.8859810897468,27.8087458648249,-5.37173910548539,27.8087458648249,-5.37173910548539,18.1090953141518,-42.3033923131493,8.67361737988404e-19,-5.66943878388089e-20,-3.92788434869277e-19,0,0,0,-0.000641862031582153,-0.0054579085922262,0.00761351814436903,-0.00107937272190659,-0.0174160472675352,0.00271105892574516,1.00794481564166e-13,2.50120494812574e-08,1.06473380945311e-13,1.33864896380348e-19,8.67361737988404e-19,2.88795043145398e-15
NC_k0020,0.0157894736842105,0.0157894736842105,0.578059618592856,34.0366017847238,225.09518473492,29.3056399456103,220.178061641009,-31.8342497957888,-231.460697462539,-31.5526218774268,-231.274336083099,1,160,-2.65033964241143,-0.105129994132635,-0.909304980059539,-1.66354280776233,-1.4288387028996e-19,-2.84232493363021e-19,0,-6.30616029230827e-19,-0.000253654971109534,-0.0014570034866706,1,5.86310784417248e-20,4.36215331404059e-20,1,-0.000641862031582153,0.00761351814436903,0.00761351814436903,-0.0054579085922262,-0.00107937272190659,0.00271105892574516,0.00271105892574516,-0.0174160472675352,1,0,0,1,-0.000644320135292325,0.00762303504204949,0.00762303504204949,-0.00545735666683597,-0.00108736784207545,0.00271444774940234,0.00271444774940234,-0.0174138319661131,5.09061853460483,22.9878674308557,27.8785227332638,-5.32199950817965,27.8785227332638,-5.32199950817965,17.959256896122,-42.4263020853459,4.33680868994202e-19,5.01881271669534e-20,-6.04238960156783e-20,0,0,0,-0.000641862031582153,-0.0054579085922262,0.00761351814436903,-0.00107937272190659,-0.0174160472675352,0.00271105892574516,5.30157809769301e-13,6.39737283694055e-08,1.37503113540545e-13,5.86310784417248e-20,4.33680868994202e-19,1.15236178648257e-15
NC_k0020,0.0657894736842105,0.0657894736842105,0.571757838422038,40.8797587955401,230.959387726672,21.5059472580882,209.972372714132,-31.750496218124,-230.153130347072,-30.7096641547839,-228.237916110765,1,160,-11.1046234224023,-0.150481845458216,-3.71418473839396,-6.93964722375802,-2.09203903082011e-19,4.2007540227893e-20,0,-3.84658837171859e-19,-0.000260094842844666,-0.00146233125162043,1,1.25605726886873e-19,-1.10771759162657e-19,1,-0.000641862031582154,0.00761351814436903,0.00761351814436903,-0.0054579085922262,-0.00107937272190659,0.00271105892574516,0.00271105892574516,-0.0174160472675352,1,0,0,1,-0.000644320135292325,0.00762303504204949,0.00762303504204949,-0.00545735666683597,-0.00108736784207545,0.00271444774940234,0.00271444774940234,-0.0174138319661131,5.02921665235597,22.5345463163266,27.5726197316781,-5.54614771885977,27.5726197316781,-5.54614771885977,18.6303031917612,-41.8734976631329,6.50521303491303e-19,1.49007781903081e-19,5.02702050931949e-19,0,0,0,-0.000641862031582153,-0.0054579085922262,0.00761351814436903,-0.00107937272190659,-0.0174160472675352,0.00271105892574516,1.81110960057517e-13,7.32267741886959e-08,1.60619849715056e-13,1.25605726886873e-19,3.46944695195361e-18,2.91265711640053e-15
NC_k0020,0.11578947368421,0.11578947368421,0.55725454880015,46.8627472954241,234.875043449968,14.3303759433312,195.87570071647,-31.2285506649378,-227.939020977779,-30.0698406747959,-220.26109604953,1,160,-19.7522787554218,0.801998498326841,-6.25359248484135,-12.1706627153428,-4.40086555657812e-19,-5.03137570669054e-19,0,-5.36807130322413e-20,-0.0002741470649787,-0.00147397472076722,1,-1.25302678349193e-19,3.78815265214955e-20,1,-0.000641862031582156,0.00761351814436903,0.00761351814436903,-0.0054579085922262,-0.00107937272190659,0.00271105892574516,0.00271105892574516,-0.0174160472675352,1,0,0,1,-0.000644320135292325,0.00762303504204949,0.00762303504204949,-0.00545735666683597,-0.00108736784207545,0.00271444774940234,0.00271444774940234,-0.0174138319661131,4.86728129565774,21.5079067955113,26.9309027767977,-6.0645912976682,26.9309027767977,-6.0645912976682,20.1864640936805,-40.5675733571677,1.0842021724855e-18,3.65460237069177e-19,6.23881171953164e-19,0,0,0,-0.000641862031582153,-0.0054579085922262,0.00761351814436903,-0.00107937272190659,-0.0174160472675352,0.00271105892574516,5.1081229526613e-14,7.53638150493453e-08,9.00185678400026e-14,1.25302678349193e-19,6.93889390390723e-18,1.394616013294e-15
NC_k0021,-0.13421052631579,-0.13421052631579,0.448064410261062,-190.583285748964,-72.8444728449502,-138.815133361622,-81.3784789824023,146.872624494149,68.8584800194019,161.974205391146,96.7099081301625,1,160,32.6974827508037,15.5866048157639,15.9337488969673,3.56139188139234,6.78473390750695e-19,4.41476219086902e-19,0,1.27584337680179e-20,-0.00173751147106532,0.000388929474739939,1,1.18269525768235e-19,1.08393582587392e-19,1,-0.0157696505906199,0.00743347769776725,0.00743347769776725,-0.00490678345698626,-0.00639315530433366,0.00364612015319482,0.00364612015319482,0.00422118215147607,1,6.50521303491303e-19,0,1,-0.0157694866374606,0.00744276954488946,0.00744276954488945,-0.00491340879578546,-0.00639017769468385,0.00365067780338631,0.00365067780338631,0.00421752580021599,-31.3014402572887,47.2010929583091,-9.62327273530543,16.8486852202471,-9.62327273530543,16.8486852202471,5.43560557287497,14.9438443721896,8.67361737988404e-19,-3.80318104707288e-19,-2.34674535609366e-19,0,0,0,-0.0157696505906199,-0.00490678345698626,0.00743347769776725,-0.00639315530433366,0.00422118215147607,0.00364612015319482,1.23050703074159e-14,1.3373469953015e-07,1.50079200629863e-13,1.18269525768235e-19,3.46944695195361e-18,1.48669209051211e-15
NC_k0021,-0.0842105263157895,-0.0842105263157895,0.456528201806857,-185.292256993436,-78.4650436355418,-147.645329199513,-82.688498140848,151.89977211697,77.7683438655991,160.515155294911,94.7672110938035,1,160,22.5278040035222,9.3631839755584,10.5240260330966,2.00678261296189,1.92064720789913e-19,-4.90855592933867e-19,0,6.51156578201743e-21,-0.00171452794301025,0.000397289258055959,1,2.12436079535257e-19,2.78549889840548e-20,1,-0.0157696505906199,0.00743347769776725,0.00743347769776725,-0.00490678345698626,-0.00639315530433366,0.00364612015319482,0.00364612015319482,0.00422118215147607,1,6.50521303491303e-19,0,1,-0.0157694866374606,0.00744276954488946,0.00744276954488945,-0.00491340879578546,-0.00639017769468385,0.00365067780338631,0.00365067780338631,0.00421752580021599,-31.676128187163,47.8878920389426,-9.88663228133544,17.0358535577484,-9.88663228133544,17.0358535577484,6.29515001445498,15.7231221570317,8.67361737988404e-19,-4.61873424361162e-19,-6.15009817468748e-20,0,0,0,-0.0157696505906199,-0.00490678345698626,0.00743347769776725,-0.00639315530433366,0.00422118215147607,0.00364612015319482,1.2300873485188e-14,1.4849022610664e-07,2.4049968683993e-13,2.12436079535257e-19,3.46944695195361e-18,3.52622987875685e-15
NC_k0021,-0.0342105263157895,-0.0342105263157895,0.461210190368693,-175.374732898603,-82.0973004036494,-158.900166105087,-83.4843079354261,155.210228340948,85.1176365283963,158.55871941626,91.8757920668553,1,160,9.59337978100492,3.70045615829309,4.38696585996835,0.75659249323675,-1.79570984817912e-19,7.50418251708107e-20,0,7.95152179234974e-20,-0.00170116700142635,0.000401821994829465,1,3.78631139286437e-20,1.65126630800423e-20,1,-0.0157696505906199,0.00743347769776725,0.00743347769776725,-0.00490678345698626,-0.00639315530433366,0.00364612015319482,0.00364612015319482,0.00422118215147607,1,6.50521303491303e-19,0,1,-0.0157694866374606,0.00744276954488946,0.00744276954488945,-0.00491340879578546,-0.00639017769468385,0.00365067780338631,0.00365067780338631,0.00421752580021599,-31.813609727527,48.4578857768688,-10.1006299196847,17.1444574780966,-10.1006299196847,17.1444574780966,6.71290390484751,16.1484348291652,1.73472347597681e-18,6.32494036263414e-19,-8.93116639409656e-21,0,0,0,-0.0157696505906199,-0.00490678345698626,0.00743347769776725,-0.00639315530433366,0.00422118215147607,0.00364612015319482,9.53599037226169e-14,1.16735083319611e-07,1.40948796607972e-13,3.78631139286437e-20,3.46944695195361e-18,1.43228123195608e-14
NC_k0021,0.0157894736842105,0.0157894736842105,0.461943055369362,-163.375638665991,-83.4644386592501,-171.058166272426,-82.8510947619859,157.738809319157,90.4142976238989,156.202262038061,87.3107291142474,1,160,-4.45906929917517,-1.7001764305352,-2.03255109080443,-0.344698236340506,2.11017082984728e-19,-6.00599299162502e-20,0,3.27484113232194e-19,-0.00169904138482751,0.000402579974497518,1,1.5146339649222e-19,4.50334116188995e-20,1,-0.0157696505906199,0.00743347769776725,0.00743347769776725,-0.00490678345698626,-0.00639315530433366,0.00364612015319482,0.00364612015319482,0.00422118215147607,1,6.50521303491303e-19,0,1,-0.0157694866374606,0.00744276954488946,0.00744276954488945,-0.00491340879578546,-0.00639017769468385,0.00365067780338631,0.00365067780338631,0.00421752580021599,-31.830818137578,48.5586794867504,-10.1392248973698,17.1613829234862,-10.1392248973698,17.1613829234862,6.77470677477163,16.2150635144983,8.67361737988404e-19,-4.29251296499612e-19,9.91056338387398e-20,0,0,0,-0.0157696505906199,-0.00490678345698626,0.00743347769776725,-0.00639315530433366,0.00422118215147607,0.00364612015319482,4.38990649064355e-13,9.66066736958551e-08,7.99034391705387e-14,1.5146339649222e-19,3.46944695195361e-18,2.17505561693613e-14
NC_k0021,0.0657894736842105,0.0657894736842105,0.458706768721708,-151.573286188496,-83.0901501372634,-182.03501925364,-80.0721538130467,159.844493995145,93.8510307978017,153.260961197789,80.6993162817873,1,160,-17.9966996557542,-7.22379685939873,-8.32276385000043,-1.51595351150174,3.34578014165449e-20,2.56889211034468e-20,0,1.35493838697411e-19,-0.0017084265539964,0.000399435369275807,1,1.75568331455093e-19,-2.90926557920317e-21,1,-0.0157696505906199,0.00743347769776725,0.00743347769776725,-0.00490678345698626,-0.00639315530433366,0.00364612015319482,0.00364612015319482,0.00422118215147607,1,6.50521303491303e-19,0,1,-0.0157694866374606,0.00744276954488946,0.00744276954488945,-0.00491340879578546,-0.00639017769468385,0.00365067780338631,0.00365067780338631,0.00421752580021599,-31.7462375337316,48.1366712504062,-9.97951341782613,17.0865268264345,-9.97951341782613,17.0865268264345,6.4946314649051,15.9210529712623,1.73472347597681e-18,-3.88634217503177e-19,-1.35122107576781e-19,0,0,0,-0.0157696505906199,-0.00490678345698626,0.00743347769776725,-0.00639315530433366,0.00422118215147607,0.00364612015319482,3.83467327514322e-14,8.43498427630852e-08,2.98666717648513e-13,1.75568331455093e-19,3.46944695195361e-18,1.00443809997268e-14
NC_k0021,0.11578947368421,0.11578947368421,0.451591513662136,-141.708146091746,-81.8678742523342,-189.328129264631,-75.0807012829356,161.503065719153,96.0608532644505,148.988917230735,72.2510370079733,1,160,-29.3743891412809,-13.2211424713069,-14.056525432154,-2.95212567869568,-4.06152298208437e-19,1.40580999464612e-19,0,3.80158974639571e-19,-0.00172811693750882,0.000392394716909203,1,1.42695058526299e-20,1.73716565038742e-22,1,-0.01576965059062,0.00743347769776725,0.00743347769776725,-0.00490678345698627,-0.00639315530433366,0.00364612015319482,0.00364612015319482,0.00422118215147607,1,6.50521303491303e-19,0,1,-0.0157694866374606,0.00744276954488946,0.00744276954488945,-0.00491340879578546,-0.00639017769468385,0.00365067780338631,0.00365067780338631,0.00421752580021599,-31.4768846725268,47.4333958372806,-9.71594748386681,16.9229320092098,-9.71594748386681,16.9229320092098,5.81025105720772,15.271892644186,1.73472347597681e-18,6.47421101041367e-19,-7.37703663827469e-20,0,0,0,-0.0157696505906199,-0.00490678345698626,0.00743347769776725,-0.00639315530433366,0.00422118215147607,0.00364612015319482,1.67510153878356e-14,1.04446967202119e-07,3.77026736841924e-13,1.42695058526299e-20,6.93889390390723e-18,8.11294249431819e-15
NC_k0022,-0.13421052631579,-0.13421052631579,0.570244092350034,79.0161624424672,-183.879898139255,94.1546833893104,-256.59887654723,-61.2475005994184,177.682287921842,-96.3685495950796,262.800893106759,1,160,2.57850822434184,41.3582747962652,14.4991383968003,-31.249648179415,2.64644856457765e-19,1.53503545866161e-18,0,1.30654832113976e-18,0.00111557867498721,-0.000370108954665287,1,-7.48812125919443e-20,9.34914788982107e-20,1,0.00921842681296943,-0.00503965169388544,-0.00503965169388544,0.00145752932466205,-0.0151678539211591,0.00175471875137047,0.00175471875137047,0.00737260440386989,1,2.16840434497101e-19,0,1,0.00921766965065083,-0.0050459512585028,-0.0050459512585028,0.00146162272327365,-0.0151620280356696,0.00175691214980969,0.00175691214980969,0.00736434250290624,16.2965003858686,-9.00644573975994,-33.5295561717474,-5.56768789337113,-33.5295561717474,-5.56768789337113,11.5001525100095,35.9475860414968,8.67361737988404e-19,1.26680641368865e-19,4.51027002497086e-19,0,0,0,0.00921842681296943,0.00145752932466205,-0.00503965169388544,-0.0151678539211591,0.00737260440386989,0.00175471875137047,1.47749575088385e-14,1.12385885233831e-07,1.10956519771399e-13,9.34914788982107e-20,3.46944695195361e-18,5.84077786785908e-16
NC_k0022,-0.0842105263157895,-0.0842105263157895,0.600287477450411,91.3432370363911,-208.637223045987,98.0107764540114,-252.196139346258,-77.893014606818,203.866720059881,-95.9418610939183,257.031032444495,1,160,1.85130361711831,27.6040366609284,9.72026229175543,-20.4647411041894,7.72917564369549e-21,-1.68030160911572e-19,0,9.89334482393023e-19,0.00110185826570726,-0.000372156580749256,1,-7.844537715161e-20,4.837459166592e-20,1,0.00921842681296943,-0.00503965169388544,-0.00503965169388544,0.00145752932466205,-0.0151678539211591,0.00175471875137047,0.00175471875137047,0.00737260440386989,1,2.16840434497101e-19,0,1,0.00921766965065083,-0.0050459512585028,-0.0050459512585028,0.00146162272327365,-0.0151620280356696,0.00175691214980969,0.00175691214980969,0.00736434250290624,18.0176517142149,-7.88051461246063,-35.1002193228111,-7.79052093084249,-35.1002193228111,-7.79052093084249,15.0520922619206,38.533261543087,8.67361737988404e-19,4.48305147427825e-20,1.57491496138748e-19,0,0,0,0.00921842681296943,0.00145752932466205,-0.00503965169388544,-0.0151678539211591,0.00737260440386989,0.00175471875137047,4.75315109387296e-14,1.59233073591524e-07,4.4991005605465e-14,7.844537715161e-20,3.46944695195361e-18,4.06886824384425e-15
NC_k0022,-0.0342105263157895,-0.0342105263157895,0.617892900351982,97.8145699365717,-227.493163130222,99.9306030623266,-244.685813151348,-87.9501626558038,225.376698232827,-94.3166221054972,246.886703378225,1,160,0.799883909982351,11.5568719282378,4.07772942661264,-8.47021213729588,-2.85238344987886e-19,-2.31875269310865e-19,0,3.60200760819891e-19,0.00109466340341857,-0.000372409832795551,1,-1.31424110697673e-20,2.8564387104904e-20,1,0.00921842681296942,-0.00503965169388544,-0.00503965169388544,0.00145752932466205,-0.0151678539211591,0.00175471875137047,0.00175471875137047,0.00737260440386989,1,2.16840434497101e-19,0,1,0.00921766965065083,-0.0050459512585028,-0.0050459512585028,0.00146162272327365,-0.0151620280356696,0.00175691214980969,0.00175691214980969,0.00736434250290624,18.9937286248655,-7.20671959940199,-36.0520136183852,-9.13658296836287,-36.0520136183852,-9.13658296836287,17.1960204688078,40.0167419139565,8.67361737988404e-19,2.11552701794114e-19,-1.39420090022074e-19,0,0,0,0.00921842681296943,0.00145752932466205,-0.00503965169388544,-0.0151678539211591,0.00737260440386989,0.00175471875137047,9.94475738961664e-14,7.13259836354642e-08,1.08396960178067e-13,2.8564387104904e-20,1.73472347597681e-18,1.79678877033984e-15
NC_k0022,0.0157894736842105,0.0157894736842105,0.620680204673858,99.974152227015,-240.925114620233,99.0345626756486,-233.026907324523,-93.205828357712,241.983472372495,-90.3383695733099,232.060278058423,1,160,-0.3723162596834,-5.35806795192099,-1.89102678982945,3.91944942336907,-4.39663039184185e-20,2.43680791013222e-19,0,5.31724932638887e-19,0.00109358666278342,-0.000372426773448041,1,-7.99878178600002e-20,6.59573080989534e-20,1,0.00921842681296943,-0.00503965169388544,-0.00503965169388544,0.00145752932466205,-0.0151678539211591,0.00175471875137047,0.00175471875137047,0.00737260440386989,1,2.16840434497101e-19,0,1,0.00921766965065083,-0.0050459512585028,-0.0050459512585028,0.00146162272327365,-0.0151620280356696,0.00175691214980969,0.00175691214980969,0.00736434250290624,19.1462379440472,-7.09781695530542,-36.2046250829896,-9.3537805412778,-36.2046250829896,-9.3537805412778,17.5416420844594,40.2507012624848,8.67361737988404e-19,2.27137924467047e-20,1.65192152789061e-19,0,0,0,0.00921842681296943,0.00145752932466205,-0.00503965169388544,-0.0151678539211591,0.00737260440386989,0.00175471875137047,1.34300471712533e-13,1.20439549321482e-07,3.85608544810075e-13,7.99878178600002e-20,3.46944695195361e-18,3.93518374806036e-15
NC_k0022,0.0657894736842105,0.0657894736842105,0.608428950449009,98.9931677882427,-249.846630772231,94.3166393397277,-216.268968869689,-95.5308428899391,253.829091743768,-82.2841042942187,212.36384724986,1,160,-1.49116138740441,-21.8778805645992,-7.71178384416117,16.1328104759251,1.51565957999316e-19,-8.04681299891585e-20,0,3.65918233213858e-19,0.00109851436030344,-0.00037230396610344,1,-3.77418540776754e-20,-9.67568126649308e-21,1,0.00921842681296943,-0.00503965169388544,-0.00503965169388544,0.00145752932466205,-0.0151678539211591,0.00175471875137047,0.00175471875137047,0.0073726044038699,1,2.16840434497101e-19,0,1,0.00921766965065083,-0.0050459512585028,-0.0050459512585028,0.00146162272327365,-0.0151620280356696,0.00175691214980969,0.00175691214980969,0.00736434250290624,18.4714486474698,-7.57187294477133,-35.5377289006168,-8.40739376067785,-35.5377289006168,-8.40739376067785,16.0355011861691,39.2209404469288,7.58941520739853e-19,-7.41078831061764e-20,1.9326520205357e-19,0,0,0,0.00921842681296943,0.00145752932466205,-0.00503965169388544,-0.0151678539211591,0.00737260440386989,0.00175471875137047,2.30591505836257e-14,1.80309522549274e-07,1.56351027431323e-13,3.77418540776754e-20,3.46944695195361e-18,6.56905442402272e-15
NC_k0022,0.11578947368421,0.11578947368421,0.582403308955211,95.7250376823791,-255.271788611919,84.336606244056,-193.652351462503,-96.3034731596123,261.140529288307,-68.2114740275624,187.810227340969,1,160,-2.35544856600279,-36.6575553036001,-12.874291276969,27.4939487664677,5.8402259968694e-20,6.71472134046046e-19,0,1.61190369862493e-18,0.00110980533055675,-0.000371096733805405,1,5.61504828952119e-20,3.71924729438843e-20,1,0.00921842681296943,-0.00503965169388544,-0.00503965169388544,0.00145752932466205,-0.0151678539211591,0.00175471875137047,0.00175471875137047,0.00737260440386989,1,2.16840434497101e-19,0,1,0.00921766965065083,-0.0050459512585028,-0.0050459512585028,0.00146162272327365,-0.0151620280356696,0.00175691214980969,0.00175691214980969,0.00736434250290624,17.0034236859757,-8.54906193604025,-34.1564130430325,-6.46006164155942,-34.1564130430325,-6.46006164155942,12.9287825882421,37.0054380369295,1.30104260698261e-18,-5.04011089593179e-19,5.83607233754197e-19,0,0,0,0.00921842681296943,0.00145752932466205,-0.00503965169388544,-0.0151678539211591,0.00737260440386989,0.00175471875137047,2.0740082664177e-14,1.45219434678124e-07,2.71852967814821e-13,5.61504828952119e-20,8.67361737988404e-18,6.8626033320802e-15
NC_k0023,-0.13421052631579,-0.13421052631579,0.846971101505078,66.2879479103629,15.1155803419358,29.6811215022355,-27.2839964419377,-46.1581942017753,-72.8284271054983,-33.4173622823912,74.9552026657216,1,160,-22.6605927924251,84.9089567220086,20.5419600967626,-5.92455526640894,-7.97058003366297e-19,-1.16339975305378e-18,0,-1.36134076491527e-19,0.000485059615552099,-0.000605887932889173,1,-7.409390714969e-20,1.94566173726069e-19,1,0.00179059656442486,-0.00748668606960372,-0.00748668606960372,-0.00832749512316028,-0.00107299813618593,0.0163878394980998,0.0163878394980998,-0.00129750229158753,1,-2.16840434497101e-19,-5.14996031930615e-19,1,0.00178641327037268,-0.00749604442719073,-0.00749604442719073,-0.00832535460990772,-0.00107343868442634,0.0164083242974724,0.0164083242974724,-0.0012978025247308,9.78731260454818,-35.5612919353925,-4.19443477095214,-1.83924866391792,-4.19443477095214,-1.83924866391792,84.5905901505115,-2.19315143177552,1.30104260698261e-18,2.65446883684473e-19,-2.22887958462117e-19,0,0,0,0.00179059656442486,-0.00832749512316028,-0.00748668606960372,-0.00107299813618593,-0.00129750229158753,0.0163878394980998,2.14960437973519e-14,2.18707089984053e-07,5.08080505795503e-14,1.94566173726069e-19,3.46944695195361e-18,1.04865256691972e-15
NC_k0023,-0.0842105263157895,-0.0842105263157895,0.902492848746703,62.6483478533792,-0.0606931126347217,36.9831322155954,-25.3320622340022,-46.4928249827695,-41.4345025604012,-36.7195375733931,56.8807153317601,1,160,-14.7366689720574,55.5459731923657,13.4670703927017,-4.09917792572869,-1.1247538748353e-18,-2.1916977510205e-19,0,-5.25478064652887e-19,0.000474175023666262,-0.000569665465255109,1,-1.79544300400828e-19,1.96912612678034e-19,1,0.00179059656442486,-0.00748668606960372,-0.00748668606960372,-0.00832749512316028,-0.00107299813618593,0.0163878394980998,0.0163878394980998,-0.00129750229158753,1,-2.16840434497101e-19,-5.14996031930615e-19,1,0.00178641327037268,-0.00749604442719073,-0.00749604442719073,-0.00832535460990772,-0.00107343868442634,0.0164083242974724,0.0164083242974724,-0.0012978025247308,9.82716864678738,-38.1363726981879,-4.65316786700877,-2.71900888726892,-4.65316786700877,-2.71900888726892,90.5379162842035,-0.184500172243,8.67361737988404e-19,-7.03704166863021e-20,-3.1323928262493e-19,0,0,0,0.00179059656442486,-0.00832749512316028,-0.00748668606960372,-0.00107299813618593,-0.00129750229158753,0.0163878394980998,3.44104144611039e-14,2.19796328621402e-07,1.52033770324962e-13,1.96912612678034e-19,2.81892564846231e-18,4.92069505555387e-16
NC_k0023,-0.0342105263157895,-0.0342105263157895,0.935907788496212,56.4977592549522,-11.6973392599067,45.4816635577231,-21.5723068060773,-45.0000874820998,-8.87215638423719,-40.5501803014488,32.2378840666868,1,160,-6.08844396451285,23.0171518412314,5.58647359931709,-1.74257168526292,-3.55753837846806e-19,-3.93446803999623e-19,0,2.75722459221076e-19,0.000467324687217403,-0.000547719645938059,1,5.44378434711343e-20,2.00399004244255e-19,1,0.00179059656442486,-0.00748668606960372,-0.00748668606960372,-0.00832749512316028,-0.00107299813618593,0.0163878394980998,0.0163878394980998,-0.00129750229158753,1,-2.16840434497101e-19,-5.14996031930615e-19,1,0.00178641327037268,-0.00749604442719073,-0.00749604442719073,-0.00832535460990772,-0.00107343868442634,0.0164083242974724,0.0164083242974724,-0.0012978025247308,9.94767421640327,-39.675836357291,-4.95414408207397,-3.27387378975096,-4.95414408207397,-3.27387378975096,94.0988736007894,0.872489426193998,8.67361737988404e-19,-2.65035129497249e-19,-1.67639554603429e-20,0,0,0,0.00179059656442486,-0.00832749512316028,-0.00748668606960372,-0.00107299813618593,-0.00129750229158753,0.0163878394980998,5.61836576481567e-14,1.1321308928925e-07,5.18685688646324e-14,2.00399004244255e-19,1.73472347597681e-18,1.66075360583615e-15
NC_k0023,0.0157894736842105,0.0157894736842105,0.941279066914936,48.6179480881069,-19.5322770642132,53.7371543133078,-15.0038581861685,-41.9231078310131,21.8518565799635,-44.0132243852757,2.79392378652915,1,160,2.81704520614299,-10.6538530161046,-2.58614657728734,0.809503073261675,2.45639554703747e-20,-5.85299766552722e-19,0,-3.40613123914636e-19,0.000466286283923059,-0.000544222767469922,1,-1.54560876160049e-19,1.99795761075401e-19,1,0.00179059656442486,-0.00748668606960372,-0.00748668606960372,-0.00832749512316028,-0.00107299813618593,0.0163878394980998,0.0163878394980998,-0.00129750229158753,1,-2.16840434497101e-19,-5.14996031930615e-19,1,0.00178641327037268,-0.00749604442719073,-0.00749604442719073,-0.00832535460990772,-0.00107343868442634,0.0164083242974724,0.0164083242974724,-0.0012978025247308,9.97224484868593,-39.9227969045481,-5.00376842847259,-3.36548752906458,-5.00376842847259,-3.36548752906458,94.6708082660907,1.03398813460068,8.67361737988404e-19,3.1473033622552e-19,-2.60329188033469e-19,0,0,0,0.00179059656442486,-0.00832749512316028,-0.00748668606960372,-0.00107299813618593,-0.00129750229158753,0.0163878394980998,1.05875929704875e-13,1.80680856652097e-07,3.07191840157596e-13,1.99795761075401e-19,3.03576608295941e-18,2.83076013560299e-15
NC_k0023,0.0657894736842105,0.0657894736842105,0.917839826183425,40.0540287272492,-24.2080732588688,60.6303844594261,-4.80373648121521,-38.1126584296077,48.4817999528351,-46.158715638048,-29.3897117433568,1,160,11.6051489379484,-43.8082255611392,-10.627015285653,3.27298557787547,-2.13028786234457e-19,-6.16216469127503e-19,0,-5.01602323452156e-19,0.000471078147606584,-0.000559622011866306,1,-1.16185542080683e-19,1.99491533702079e-19,1,0.00179059656442486,-0.00748668606960372,-0.00748668606960372,-0.00832749512316029,-0.00107299813618593,0.0163878394980998,0.0163878394980998,-0.00129750229158753,1,-2.16840434497101e-19,-5.14996031930615e-19,1,0.00178641327037268,-0.00749604442719073,-0.00749604442719073,-0.00832535460990772,-0.00107343868442634,0.0164083242974724,0.0164083242974724,-0.0012978025247308,9.87472751677522,-38.8442710449785,-4.78983133176264,-2.97046609693489,-4.78983133176264,-2.97046609693489,92.1739821325385,0.312956510468863,1.73472347597681e-18,2.60354824599599e-19,-7.73752433464255e-19,0,0,0,0.00179059656442486,-0.00832749512316028,-0.00748668606960372,-0.00107299813618593,-0.00129750229158753,0.0163878394980998,2.53833467852433e-14,1.43203931403697e-07,2.00383321152405e-13,1.99491533702079e-19,4.98732999343332e-18,4.11265470950611e-15
NC_k0023,0.11578947368421,0.11578947368421,0.869288419447078,32.124960783522,-26.7165097977258,65.2851299584404,9.19397186749149,-34.5257436112196,69.1497085280081,-46.4750575198034,-61.6325527452339,1,160,19.8704000530648,-74.6236787165337,-18.0685819589448,5.3382755826968,4.31986803099693e-19,-4.04034715840301e-19,0,-7.799585257436e-19,0.000480672416260919,-0.000591180865013324,1,1.46989420100509e-20,2.54023109806736e-20,1,0.00179059656442486,-0.00748668606960372,-0.00748668606960372,-0.00832749512316029,-0.00107299813618593,0.0163878394980998,0.0163878394980998,-0.00129750229158753,1,-2.16840434497101e-19,-5.14996031930615e-19,1,0.00178641327037268,-0.00749604442719073,-0.00749604442719073,-0.00832535460990772,-0.00107343868442634,0.0164083242974724,0.0164083242974724,-0.0012978025247308,9.7761083699695,-36.599288171483,-4.37115036487579,-2.18939204988705,-4.37115036487579,-2.18939204988705,86.9885265086296,-1.34242408491121,1.73472347597681e-18,4.44671598754975e-20,-3.87023884956664e-19,0,0,0,0.00179059656442486,-0.00832749512316028,-0.00748668606960372,-0.00107299813618593,-0.00129750229158753,0.0163878394980998,2.79937370961029e-14,9.19210580215339e-08,3.3128938041235e-14,2.54023109806736e-20,3.46944695195361e-18,4.98093578514733e-15
NC_k0024,-0.13421052631579,-0.13421052631579,0.501494161253884,89.6683320909678,49.13077199588,103.218330758819,85.7144394360771,-82.1474448492874,-12.8790018435484,-104.699206117716,-117.132717622029,1,160,7.28761436499152,-58.9199089488708,-17.0386572126801,3.12695369026459,4.27116363652981e-19,8.71385144487861e-19,0,-2.37830969721247e-20,0.00101107615157114,0.000577990663340021,1,1.02812770616237e-20,-1.7195912407617e-19,1,0.010892794888854,0.00224738392473582,0.00224738392473582,0.00832526892141889,0.00777046573001903,-0.0121066857951696,-0.0121066857951696,-0.000184942655679282,1,2.16840434497101e-19,0,1,0.0108949953594595,0.00225019315464174,0.00225019315464174,0.00832907409575407,0.00776916490287887,-0.0121218191524136,-0.0121218191524136,-0.000181271352578386,17.7186138241699,2.25830744467366,12.7009493722563,-12.005171490162,12.7009493722563,-12.005171490162,-52.0827380715813,-9.33074478722595,8.67361737988404e-19,5.11598020689108e-20,-1.96054576954492e-20,0,0,0,0.010892794888854,0.00832526892141889,0.00224738392473582,0.00777046573001903,-0.000184942655679282,-0.0121066857951696,1.1622311945238e-14,2.16065457828193e-07,2.2454572271903e-13,1.7195912407617e-19,1.73472347597681e-18,1.54968128700539e-14
NC_k0024,-0.0842105263157895,-0.0842105263157895,0.532989557572789,93.9426650626019,62.1516470315994,101.474264866255,84.3045454941659,-87.5422873825718,-36.5861867614945,-101.814091690773,-105.084433466405,1,160,3.78899509779033,-38.2131674395893,-11.3599768727937,2.39524894573139,-4.53718492152686e-19,-1.74065270660759e-19,0,2.63744883951308e-19,0.0010099455513568,0.000553681692056655,1,3.74883961433062e-20,-1.50334453244252e-19,1,0.010892794888854,0.00224738392473582,0.00224738392473582,0.00832526892141889,0.00777046573001903,-0.0121066857951696,-0.0121066857951696,-0.000184942655679282,1,2.16840434497101e-19,0,1,0.0108949953594595,0.00225019315464174,0.00225019315464174,0.00832907409575407,0.00776916490287887,-0.0121218191524136,-0.0121218191524136,-0.000181271352578386,18.3077154092035,4.27963737044258,13.0396150564018,-11.569538291232,13.0396150564018,-11.569538291232,-56.2112318318078,-10.9701015011708,8.67361737988404e-19,-2.62707973378172e-19,2.50363217430902e-19,0,0,0,0.010892794888854,0.00832526892141889,0.00224738392473582,0.00777046573001903,-0.000184942655679282,-0.0121066857951696,6.45218247606759e-14,1.67697345767418e-07,1.65409828945258e-13,1.50334453244252e-19,1.73472347597681e-18,4.99922600966996e-15
NC_k0024,-0.0342105263157895,-0.0342105263157895,0.550874317761261,96.7961144433707,72.4031244433157,99.5937261103609,81.1492301268568,-92.2265421738537,-60.1807884848902,-98.1009789634998,-88.6230720398502,1,160,1.34616871754562,-15.7687323585276,-4.75944600152406,1.07243936999473,-5.89746689525807e-20,4.63750538621729e-20,0,-6.59693082123291e-20,0.00100965996390518,0.000539184039780539,1,-1.44414702449996e-19,-1.49837511913839e-19,1,0.010892794888854,0.00224738392473582,0.00224738392473582,0.00832526892141889,0.00777046573001903,-0.0121066857951696,-0.0121066857951696,-0.000184942655679277,1,2.16840434497101e-19,0,1,0.0108949953594595,0.00225019315464174,0.00225019315464174,0.00832907409575407,0.00776916490287887,-0.0121218191524136,-0.0121218191524136,-0.000181271352578386,18.5132164142539,5.35812057230655,13.2921238218061,-11.292613546819,13.2921238218061,-11.292613546819,-58.6447481780949,-11.8523754684813,8.67361737988404e-19,4.28066014856539e-19,-4.69445544452036e-19,0,0,0,0.010892794888854,0.00832526892141889,0.00224738392473582,0.00777046573001903,-0.000184942655679282,-0.0121066857951696,8.11084172962399e-14,1.14622440123966e-07,2.19867696254653e-13,1.49837511913839e-19,4.09286320113278e-18,6.2476889289828e-15
NC_k0024,0.0157894736842105,0.0157894736842105,0.553694919551934,98.8942901424642,79.3618256537731,97.6242403941822,75.3451688387132,-96.5855763992137,-81.5664304471773,-93.867157343632,-68.3977910243041,1,160,-0.60706839910875,7.29439251737453,2.20681695902771,-0.502117235956868,-2.72956367252698e-19,5.76829437080179e-19,0,-4.44692297308508e-20,0.00100958150984988,0.000536862102658321,1,-6.83998572217912e-20,-1.71213712080551e-19,1,0.010892794888854,0.00224738392473582,0.00224738392473582,0.00832526892141889,0.00777046573001903,-0.0121066857951696,-0.0121066857951696,-0.00018494265567928,1,2.16840434497101e-19,0,1,0.0108949953594595,0.00225019315464174,0.00225019315464174,0.00832907409575407,0.00776916490287887,-0.0121218191524136,-0.0121218191524136,-0.000181271352578386,18.5381089081953,5.52333802440728,13.3359147668674,-11.2463700326995,13.3359147668674,-11.2463700326995,-59.0337545718844,-11.9889672116917,8.67361737988404e-19,3.03186026850544e-19,-2.21656809160936e-19,0,0,0,0.010892794888854,0.00832526892141889,0.00224738392473582,0.00777046573001903,-0.000184942655679282,-0.0121066857951696,1.67909532952761e-13,1.27849976828512e-07,3.88088992467824e-13,1.71213712080551e-19,1.81603863891322e-18,2.40614024529663e-15
NC_k0024,0.0657894736842105,0.0657894736842105,0.541285766162006,100.784838289795,83.3950681072121,95.1262461736753,66.3059645685024,-100.526388358118,-99.5038539368534,-89.323406655985,-45.4288312605336,1,160,-2.78923876654807,30.0778567277476,9.00524392719582,-1.96017190916687,-1.78723951870657e-19,1.93970544921235e-19,0,-9.70911515790242e-20,0.00100981616006585,0.000547016208948165,1,-2.12678988895595e-20,-1.05174683327357e-20,1,0.010892794888854,0.00224738392473582,0.00224738392473582,0.00832526892141889,0.00777046573001903,-0.0121066857951696,-0.0121066857951696,-0.000184942655679283,1,2.16840434497101e-19,0,1,0.0108949953594595,0.00225019315464174,0.00225019315464174,0.00832907409575407,0.00776916490287887,-0.0121218191524136,-0.0121218191524136,-0.000181271352578386,18.4139621765368,4.78647607357486,13.1515212190982,-11.4448329736241,13.1515212190982,-11.4448329736241,-57.3321229154256,-11.3829800693517,8.67361737988404e-19,-2.67908427959454e-20,-3.61861637560533e-20,0,0,0,0.010892794888854,0.00832526892141889,0.00224738392473582,0.00777046573001903,-0.000184942655679282,-0.0121066857951696,4.67596657675971e-14,1.20309230569977e-07,9.80398483879612e-14,2.12678988895595e-20,1.73472347597681e-18,2.66641028129443e-15
NC_k0024,0.11578947368421,0.11578947368421,0.514466043318843,102.614155827245,85.3395787269529,91.4304088382204,54.159641324613,-103.749643769547,-113.237184851117,-84.2472613867483,-21.449012767674,1,160,-5.8612775908715,51.5887052955354,15.0900511425391,-2.94246714867958,-6.47662567294319e-19,2.10487687392694e-19,0,-6.16216469127503e-20,0.00101058742888147,0.000568094476832697,1,-1.43043696175558e-20,-4.084247392636e-20,1,0.010892794888854,0.00224738392473582,0.00224738392473582,0.00832526892141889,0.00777046573001904,-0.0121066857951696,-0.0121066857951696,-0.000184942655679279,1,2.16840434497101e-19,0,1,0.0108949953594595,0.00225019315464174,0.00225019315464174,0.00832907409575407,0.00776916490287887,-0.0121218191524136,-0.0121218191524136,-0.000181271352578386,17.9974999006019,3.1088200361754,12.8238594125696,-11.8303636542919,12.8238594125696,-11.8303636542919,-53.759214286487,-10.0210390866195,8.67361737988404e-19,-5.6178164126331e-19,-6.1405100920729e-19,0,0,0,0.010892794888854,0.00832526892141889,0.00224738392473582,0.00777046573001903,-0.000184942655679282,-0.0121066857951696,3.43469745393105e-14,7.50346793316464e-08,8.95134914324934e-14,4.084247392636e-20,5.20417042793042e-18,1.94220927724744e-15
NC_k0025,-0.13421052631579,-0.13421052631579,0.609803487596346,-140.475230624575,-114.707219120784,-219.123191187045,-110.585271068864,154.51529850269,159.099477503822,190.186978192389,68.8727156396956,1,160,-42.4408627213323,-53.0508423682217,-31.5122626795528,6.98652835896214,1.01146321814004e-18,7.78952674118736e-19,0,8.69346971458531e-19,-0.000349168863342537,0.000288935009836392,1,-1.23783665563212e-20,-1.11727142928588e-19,1,-0.00763455358412233,-0.00511308436295233,-0.00511308436295233,0.0140282183419054,-0.00205238742742985,-0.00888579138831073,-0.00888579138831073,0.00596736686248431,1,2.16840434497101e-19,0,1,-0.00762678495777705,-0.00511947571840602,-0.00511947571840602,0.014022447735797,-0.00204926953867752,-0.00889689862754612,-0.00889689862754611,0.00596547240480544,-31.045348701503,-15.1414211360788,-16.6006948151372,23.585686814108,-16.6006948151372,23.585686814108,-61.0438101365512,20.529664503936,1.0842021724855e-18,-8.78326776603791e-20,-3.44598337344211e-20,0,0,0,-0.00763455358412233,0.0140282183419054,-0.00511308436295233,-0.00205238742742985,0.00596736686248431,-0.00888579138831073,2.42591912341885e-14,2.16181868815793e-07,7.69739863138903e-14,1.11727142928588e-19,1.73472347597681e-18,2.36681154071732e-15
NC_k0025,-0.0842105263157895,-0.0842105263157895,0.631313374018529,-163.311714209115,-108.62414810583,-212.822157473179,-108.413925590816,170.560577006293,140.311108861514,190.539612643283,79.32952967984,1,160,-27.2006590755908,-35.2185862648361,-20.5983509623409,4.89010540675897,1.23825628976738e-18,-3.50883398400094e-19,0,5.1118438366797e-19,-0.000362709674198072,0.000261477292565573,1,-1.30879215490665e-19,-1.41293404752712e-19,1,-0.00763455358412233,-0.00511308436295233,-0.00511308436295233,0.0140282183419054,-0.00205238742742985,-0.00888579138831073,-0.00888579138831073,0.00596736686248431,1,2.16840434497101e-19,0,1,-0.00762678495777705,-0.00511947571840602,-0.00511947571840602,0.014022447735797,-0.00204926953867752,-0.00889689862754612,-0.00889689862754611,0.00596547240480544,-33.0408832507157,-17.5662992703213,-15.629163105097,24.4781903180899,-15.629163105097,24.4781903180899,-63.7301282982781,19.5054201816019,8.67361737988404e-19,-3.17352160694128e-20,3.46642614612079e-19,0,0,0,-0.00763455358412233,0.0140282183419054,-0.00511308436295233,-0.00205238742742985,0.00596736686248431,-0.00888579138831073,2.09065720127034e-14,1.69168281166512e-07,1.31653559188513e-13,1.41293404752712e-19,3.03576608295941e-18,1.7585925949235e-15
NC_k0025,-0.0342105263157895,-0.0342105263157895,0.644203913479965,-183.049532178737,-105.700641402037,-203.116905845369,-106.282861658273,181.81112094312,120.158433625902,189.258084776471,94.4094293949543,1,160,-11.1439113370069,-14.7056437083437,-8.53035316496572,2.08818811860099,5.93346579551637e-19,9.91822641675582e-20,0,4.29935395180562e-20,-0.000370613664491096,0.000245036463785115,1,-9.34391638598799e-20,-1.5732773288978e-19,1,-0.00763455358412234,-0.00511308436295233,-0.00511308436295233,0.0140282183419054,-0.00205238742742985,-0.00888579138831073,-0.00888579138831073,0.00596736686248431,1,2.16840434497101e-19,0,1,-0.00762678495777705,-0.00511947571840602,-0.00511947571840602,0.014022447735797,-0.00204926953867752,-0.00889689862754612,-0.00889689862754611,0.00596547240480544,-34.1753445011921,-18.9255791847394,-15.0249320236051,25.0701773962737,-15.0249320236051,25.0701773962737,-65.4134566836367,18.9184818704147,8.67361737988404e-19,4.17056630443759e-19,-1.13017312391243e-19,0,0,0,-0.00763455358412233,0.0140282183419054,-0.00511308436295233,-0.00205238742742985,0.00596736686248431,-0.00888579138831073,4.44522749132292e-14,1.34172847173476e-07,7.0020240402022e-14,1.5732773288978e-19,2.60208521396521e-18,1.89574341529618e-15
NC_k0025,0.0157894736842105,0.0157894736842105,0.646277870196574,-198.524119167085,-105.742149099217,-189.264569005991,-105.422435645532,188.035765351674,100.893380435556,184.650204165173,112.848727379277,1,160,5.14918753945435,6.81439836386762,3.94798334809625,-0.970895604474525,5.76511799724958e-19,4.19281308890879e-19,0,5.77464711790619e-19,-0.000371895083171346,0.000242378989475583,1,-2.06326289103936e-20,-1.3577863513419e-19,1,-0.00763455358412233,-0.00511308436295233,-0.00511308436295233,0.0140282183419054,-0.00205238742742985,-0.00888579138831073,-0.00888579138831073,0.0059673668624843,1,2.16840434497101e-19,0,1,-0.00762678495777705,-0.00511947571840602,-0.00511947571840602,0.014022447735797,-0.00204926953867752,-0.00889689862754612,-0.00889689862754611,0.00596547240480544,-34.3544363486137,-19.1385646704534,-14.9260763851404,25.1690643038374,-14.9260763851404,25.1690643038374,-65.6882423333922,18.8262703987406,8.67361737988404e-19,2.27573196415732e-19,2.69629698074932e-19,0,0,0,-0.00763455358412233,0.0140282183419054,-0.00511308436295233,-0.00205238742742985,0.00596736686248431,-0.00888579138831073,1.4584877469364e-13,1.31320249541689e-07,9.36421110785559e-14,1.3577863513419e-19,3.46944695195361e-18,4.9818304476891e-15
NC_k0025,0.0657894736842105,0.0657894736842105,0.637232542461394,-209.68935926062,-107.568028476143,-171.031341038751,-107.161065507664,190.346565574067,84.3998584142087,175.318249679196,132.918858776858,1,160,21.3402842328871,27.8770935956413,16.2417346834144,-3.91341313072593,5.84505673164671e-19,1.43148568085977e-19,0,3.18590267286024e-19,-0.000366384028730222,0.000253962056393703,1,-1.9108990116297e-19,-2.44947318345577e-20,1,-0.00763455358412233,-0.00511308436295233,-0.00511308436295233,0.0140282183419054,-0.00205238742742985,-0.00888579138831073,-0.00888579138831073,0.00596736686248431,1,2.16840434497101e-19,0,1,-0.00762678495777705,-0.00511947571840602,-0.00511947571840602,0.014022447735797,-0.00204926953867752,-0.00889689862754612,-0.00889689862754611,0.00596547240480544,-33.5666761338643,-18.1983162913624,-15.3541028495842,24.745205559455,-15.3541028495842,24.745205559455,-64.4970327451682,19.2332524664208,8.67361737988404e-19,-3.2360062734082e-19,-3.48321993584764e-20,0,0,0,-0.00763455358412233,0.0140282183419054,-0.00511308436295233,-0.00205238742742985,0.00596736686248431,-0.00888579138831073,4.33462238757541e-14,2.1355439351874e-07,1.84060462196684e-13,1.9108990116297e-19,5.20417042793042e-18,2.78761161904701e-15
NC_k0025,0.11578947368421,0.11578947368421,0.618472118537047,-217.131478362324,-109.83823082086,-149.104236652516,-112.145312989283,190.405618111219,72.1390320512387,160.874747781024,152.493731292401,1,160,36.9799302809366,46.9129584049165,27.6846532663315,-6.32935715798426,7.32789378493377e-19,6.56450534122083e-19,0,1.09224898548442e-18,-0.000354745182717756,0.000277777289117618,1,1.1963195382158e-19,-4.82912336809108e-20,1,-0.00763455358412233,-0.00511308436295233,-0.00511308436295233,0.0140282183419054,-0.00205238742742985,-0.00888579138831073,-0.00888579138831073,0.00596736686248431,1,2.16840434497101e-19,0,1,-0.00762678495777705,-0.00511947571840602,-0.00511947571840602,0.014022447735797,-0.00204926953867752,-0.00889689862754612,-0.00889689862754611,0.00596547240480544,-31.8673934995826,-16.1450120162938,-16.2125713383386,23.9304143353597,-16.2125713383386,23.9304143353597,-62.1064903654749,20.1099649180201,1.30104260698261e-18,-8.54538422797621e-19,-2.82578844751846e-19,0,0,0,-0.00763455358412233,0.0140282183419054,-0.00511308436295233,-0.00205238742742985,0.00596736686248431,-0.00888579138831073,2.37602563262529e-14,1.85815311246279e-07,5.4297119549992e-14,1.1963195382158e-19,6.93889390390723e-18,6.10336047590061e-15
NC_k0026,-0.13421052631579,-0.13421052631579,0.334949406017442,37.2674387317704,-136.120649926039,22.4613899855404,-177.343212659591,-25.0384447057081,153.600575743409,-33.7650667041309,180.964531067107,1,160,-10.9718647582873,11.7145939434506,0.245100631103899,-13.9283252981141,-2.98896751262361e-19,4.81326472277256e-19,0,2.79414993475512e-19,5.14411756793364e-05,0.00188735547177111,1,-2.88065874416685e-20,-9.24504977629683e-20,1,0.00138174908359249,-0.00623142958188206,-0.00623142958188206,-0.00146165364460813,0.0069875301218291,-0.000509136241330344,-0.000509136241330344,0.0175510349137461,1,2.71050543121376e-20,-2.16840434497101e-19,1,0.00138084803515227,-0.00623921886885942,-0.00623921886885942,-0.00146077756634322,0.00699466536786338,-0.000509772661632007,-0.000509772661632006,0.0175515679692855,5.10614355249045,-18.9717027614601,-16.5797846249406,-3.44999996682998,-16.5797846249406,-3.44999996682998,-4.31716740244891,31.2324193677489,8.67361737988404e-19,7.0569726037277e-20,3.44777042858144e-19,0,0,0,0.00138174908359249,-0.00146165364460813,-0.00623142958188206,0.0069875301218291,0.0175510349137461,-0.000509136241330345,1.45518079910879e-13,1.26317235169099e-07,1.83581532751976e-13,9.24504977629683e-20,6.50521303491303e-19,1.37555865734375e-14
NC_k0026,-0.0842105263157895,-0.0842105263157895,0.3527451723208,36.1543597243965,-152.282853424495,25.7520184894477,-175.301494039316,-28.0657536544592,167.21597599903,-32.8884915964994,181.500130956503,1,160,-6.40758089075726,6.57520262129536,0.0553151710775625,-8.88055960111523,2.87091229560004e-19,7.63864899745769e-19,0,2.62166623342557e-19,3.88727130622482e-05,0.00188067012392403,1,-1.62650157622879e-19,-4.73588575899775e-20,1,0.00138174908359249,-0.00623142958188206,-0.00623142958188206,-0.00146165364460813,0.0069875301218291,-0.000509136241330344,-0.000509136241330344,0.0175510349137461,1,2.71050543121376e-20,-2.16840434497101e-19,1,0.00138084803515227,-0.00623921886885942,-0.00623921886885942,-0.00146077756634322,0.00699466536786338,-0.000509772661632007,-0.000509772661632006,0.0175515679692855,5.29257099533963,-19.7472355305683,-17.6070573558381,-4.05329919857156,-17.6070573558381,-4.05329919857156,-1.75643680415801,33.0210752341275,8.67361737988404e-19,1.57012632672779e-19,-1.40829104769392e-19,0,0,0,0.00138174908359249,-0.00146165364460813,-0.00623142958188206,0.0069875301218291,0.0175510349137461,-0.000509136241330345,1.12015444380241e-13,1.39488642299354e-07,1.71225041936602e-13,1.62650157622879e-19,3.46944695195361e-18,1.35337330755771e-14
NC_k0026,-0.0342105263157895,-0.0342105263157895,0.361673793794141,33.5775732190982,-163.110509883223,29.1541796088529,-171.794124291889,-29.9823934523529,175.449458698219,-31.8119516693695,180.585143903827,1,160,-2.49372777714851,2.47360223566991,-0.00664142868793961,-3.61640355755744,6.91390643196323e-20,2.17158071852321e-19,0,1.79888622173132e-19,3.18881747723853e-05,0.00187742339932686,1,-2.83771799725122e-20,-9.45185277489164e-20,1,0.00138174908359249,-0.00623142958188206,-0.00623142958188206,-0.00146165364460813,0.00698753012182909,-0.000509136241330345,-0.000509136241330345,0.0175510349137461,1,2.71050543121376e-20,-2.16840434497101e-19,1,0.00138084803515227,-0.00623921886885942,-0.00623921886885942,-0.00146077756634322,0.00699466536786338,-0.000509772661632007,-0.000509772661632006,0.0175515679692855,5.44908723030558,-20.144153584875,-18.2316172620817,-4.37860864293229,-18.2316172620817,-4.37860864293229,-0.380503708579812,33.9155703452524,8.67361737988404e-19,-2.50851426546874e-20,7.67754886084524e-19,0,0,0,0.00138174908359249,-0.00146165364460813,-0.00623142958188206,0.0069875301218291,0.0175510349137461,-0.000509136241330345,3.42853626307905e-13,6.15749326686362e-08,1.47587132777364e-13,9.45185277489164e-20,3.46944695195361e-18,4.75800491408695e-15
NC_k0026,0.0157894736842105,0.0157894736842105,0.363005929300464,30.3916597364934,-169.986088834458,32.4496105860841,-166.028022422318,-31.3666767628059,179.730588555279,-30.530999903314,177.40984264663,1,160,1.14323307203312,-1.12718186317604,0.00529689892283488,1.66908239811744,1.09479008432618e-19,-7.83505476210228e-20,0,2.08793621498185e-19,3.07723371414599e-05,0.00187693948807054,1,-9.57820484659182e-20,-6.61343666918949e-20,1,0.00138174908359249,-0.00623142958188206,-0.00623142958188206,-0.00146165364460813,0.0069875301218291,-0.000509136241330345,-0.000509136241330345,0.0175510349137461,1,2.71050543121376e-20,-2.16840434497101e-19,1,0.00138084803515227,-0.00623921886885942,-0.00623921886885942,-0.00146077756634322,0.00699466536786338,-0.000509772661632007,-0.000509772661632006,0.0175515679692855,5.47588131997325,-20.2042643255967,-18.3320367238213,-4.4279557806481,-18.3320367238213,-4.4279557806481,-0.168619231721933,34.0488507492038,8.67361737988404e-19,2.35321017176915e-19,-3.4504460281948e-19,0,0,0,0.00138174908359249,-0.00146165364460813,-0.00623142958188206,0.0069875301218291,0.0175510349137461,-0.000509136241330345,7.90487661934891e-13,8.47972058141291e-08,1.7469930165426e-13,9.57820484659182e-20,3.46944695195361e-18,1.83504940555318e-14
NC_k0026,0.0657894736842105,0.0657894736842105,0.35699006644611,27.0130463591341,-174.213604458779,35.3187516859673,-156.830186987229,-32.5133160569959,181.369118478303,-28.8659301490621,170.801570503657,1,160,4.90737609911903,-4.96405143051249,-0.0187028593598474,6.94866664668046,2.23921410733285e-19,-6.23230960721953e-20,0,1.99793896433608e-19,3.56303509112368e-05,0.00187919090834911,1,-8.61780856510465e-20,-8.10607902576356e-21,1,0.00138174908359249,-0.00623142958188206,-0.00623142958188206,-0.00146165364460813,0.0069875301218291,-0.000509136241330344,-0.000509136241330344,0.0175510349137461,1,2.71050543121376e-20,-2.16840434497101e-19,1,0.00138084803515227,-0.00623921886885942,-0.00623921886885942,-0.00146077756634322,0.00699466536786338,-0.000509772661632007,-0.000509772661632006,0.0175515679692855,5.36183901712115,-19.934877736466,-17.8938766451009,-4.20638294479922,-17.8938766451009,-4.20638294479922,-1.11150243782396,33.4466010905658,8.67361737988404e-19,1.13482072495014e-19,-5.33699898514978e-19,0,0,0,0.00138174908359249,-0.00146165364460813,-0.00623142958188206,0.0069875301218291,0.0175510349137461,-0.000509136241330345,9.30529441717547e-14,9.02304697746775e-08,3.13515729314815e-13,8.61780856510465e-20,6.93889390390723e-18,1.86597297063909e-14
NC_k0026,0.11578947368421,0.11578947368421,0.342601065354312,23.6382341294454,-176.728683920086,37.0848336571619,-142.739812849332,-33.4686020676649,181.28863583164,-26.3201409476238,159.294531618776,1,160,9.20120714949575,-9.68701185244876,-0.160315551974494,12.1246915430215,2.46645406328612e-19,1.91482385638675e-19,0,7.73976355553617e-20,4.62548000764347e-05,0.0018845166672497,1,2.85649107677095e-20,-1.30588682996517e-19,1,0.00138174908359249,-0.00623142958188206,-0.00623142958188206,-0.00146165364460813,0.0069875301218291,-0.000509136241330344,-0.000509136241330344,0.0175510349137461,1,2.71050543121376e-20,-2.16840434497101e-19,1,0.00138084803515227,-0.00623921886885942,-0.00623921886885942,-0.00146077756634322,0.00699466536786338,-0.000509772661632007,-0.000509772661632006,0.0175515679692855,5.16565919627222,-19.3038954315523,-16.9890094220597,-3.70161572940542,-16.9890094220597,-3.70161572940542,-3.24015346943695,32.0023454232076,1.30104260698261e-18,8.26739888825988e-21,-6.29786800939668e-19,0,0,0,0.00138174908359249,-0.00146165364460813,-0.00623142958188206,0.0069875301218291,0.0175510349137461,-0.000509136241330345,7.61838396639279e-14,7.36695196244078e-08,1.02305631074643e-13,1.30588682996517e-19,6.93889390390723e-18,9.55968399939767e-15
NC_k0027,-0.13421052631579,-0.13421052631579,0.806578439518123,158.166338297381,89.9147061058651,21.2697212425507,97.0659273620219,-91.8501878087989,-80.0056482653604,-83.8351741743463,-137.369850231494,1,160,-81.9622854428297,-33.2383457130786,-38.0162082814496,-3.43643635353756,-2.63427246596087e-19,-8.07910613002992e-19,0,5.06949218931699e-19,0.000419531040595123,-0.00168772998409367,1,-4.42980091794754e-20,-6.34025892413726e-20,1,0.00546780616345853,-0.0148737930887004,-0.0148737930887004,-0.000154353349661794,0.00196682104422621,-0.00420214574164677,-0.00420214574164677,-0.0112837554077873,1,-1.89735380184963e-19,-8.13151629364128e-20,1,0.00546687946561284,-0.0148923853300613,-0.0148923853300613,-0.000151766197811781,0.00196122446809065,-0.00420739842382383,-0.00420739842382383,-0.0112810703736404,16.8476989981064,-84.4191998365799,6.66360060896592,-11.3234214608287,6.66360060896592,-11.3234214608287,-13.9133523311246,-21.5897486429496,1.73472347597681e-18,1.19090479480368e-18,-1.12704575713932e-19,0,0,0,0.00546780616345854,-0.000154353349661787,-0.0148737930887004,0.00196682104422621,-0.0112837554077873,-0.00420214574164677,6.46934762368028e-15,2.60011844819875e-07,2.28470020450832e-13,6.34025892413726e-20,8.67361737988404e-18,7.57053044845387e-15
NC_k0027,-0.0842105263157895,-0.0842105263157895,0.840044596771693,131.54627795325,99.9845364021626,38.9754424721928,100.748326061646,-85.0588950133723,-97.8777397183499,-81.9135076594763,-133.430782288807,1,160,-53.8839184857413,-20.4611200360314,-24.5338627121851,-1.97196076098651,6.06899106707706e-19,7.70376465527786e-19,0,-2.1916977510205e-20,0.000375331115114934,-0.00170538531966591,1,-3.71163961976485e-19,-5.89852046840434e-20,1,0.00546780616345853,-0.0148737930887004,-0.0148737930887004,-0.000154353349661795,0.0019668210442262,-0.00420214574164678,-0.00420214574164678,-0.0112837554077873,1,-1.89735380184963e-19,-8.13151629364128e-20,1,0.00546687946561284,-0.0148923853300613,-0.0148923853300613,-0.000151766197811781,0.00196122446809065,-0.00420739842382383,-0.00420739842382383,-0.0112810703736404,15.5269685978364,-88.5980716459976,7.50835017511279,-11.007369329053,7.50835017511279,-11.007369329053,-15.4789601687805,-23.1583189340697,1.73472347597681e-18,1.14091402192933e-18,4.98759332593909e-19,0,0,0,0.00546780616345854,-0.000154353349661787,-0.0148737930887004,0.00196682104422621,-0.0112837554077873,-0.00420214574164677,2.99993907139842e-14,2.49057128648827e-07,1.00744226186131e-13,3.71163961976485e-19,7.91467585914418e-18,5.41865803131909e-15
NC_k0027,-0.0342105263157895,-0.0342105263157895,0.85922663480089,101.85594606475,104.949179545455,62.792329832675,104.243946432822,-80.9318837544217,-112.774549098288,-80.231876259318,-127.064124530029,1,160,-22.378113382711,-8.18408139734318,-10.0855242774179,-0.768917915607316,-3.14884498141786e-19,-6.50203666136082e-19,0,-2.21710873943813e-19,0.000349234890019165,-0.00171535216529257,1,-1.66254956881587e-19,-5.49238755129207e-21,1,0.00546780616345853,-0.0148737930887004,-0.0148737930887004,-0.000154353349661792,0.00196682104422621,-0.00420214574164677,-0.00420214574164677,-0.0112837554077873,1,-1.89735380184963e-19,-8.13151629364128e-20,1,0.00546687946561284,-0.0148923853300613,-0.0148923853300613,-0.000151766197811781,0.00196122446809065,-0.00420739842382383,-0.00420739842382383,-0.0112810703736404,14.8017057822572,-91.1363763525844,8.07546984709318,-10.799129827779,8.07546984709318,-10.799129827779,-16.2514676746951,-24.0052205380519,1.30104260698261e-18,8.55869921850282e-19,-1.09267486153547e-19,0,0,0,0.00546780616345854,-0.000154353349661787,-0.0148737930887004,0.00196682104422621,-0.0112837554077873,-0.00420214574164677,3.30217490881702e-14,2.08065011699512e-07,1.90105107205696e-13,1.66254956881587e-19,5.20417042793042e-18,1.39548847536951e-14
NC_k0027,0.0157894736842105,0.0157894736842105,0.862248395310768,72.7637106142918,105.08334713933,90.888807781455,105.487860832996,-79.9589950601535,-123.9004622445,-80.2354938005817,-117.321923304966,1,160,10.3615213963046,3.7666458905278,4.66229520465469,0.352629992038561,-1.1964340379967e-20,9.40206571452273e-20,0,-2.67741820671164e-19,0.000345063145155649,-0.00171701066019416,1,-2.97564099129899e-19,-6.42700572390754e-20,1,0.00546780616345853,-0.0148737930887004,-0.0148737930887004,-0.000154353349661795,0.00196682104422621,-0.00420214574164677,-0.00420214574164677,-0.0112837554077873,1,-1.89735380184963e-19,-8.13151629364128e-20,1,0.00546687946561284,-0.0148923853300613,-0.0148923853300613,-0.000151766197811781,0.00196122446809065,-0.00420739842382383,-0.00420739842382383,-0.0112810703736404,14.6891710126926,-91.5455515025394,8.17108394120504,-10.7645005404829,8.17108394120504,-10.7645005404829,-16.3656382287879,-24.1362143469978,1.73472347597681e-18,1.14794249108134e-18,-8.50426371334118e-20,0,0,0,0.00546780616345854,-0.000154353349661787,-0.0148737930887004,0.00196682104422621,-0.0112837554077873,-0.00420214574164677,2.9028712128966e-13,1.89931129715834e-07,2.23687071995923e-13,2.97564099129899e-19,7.80625564189563e-18,1.08157619748195e-14
NC_k0027,0.0657894736842105,0.0657894736842105,0.848933161345385,47.1115327708578,102.1583839414,120.751604624329,102.439579070605,-81.1947608340597,-131.424187439605,-83.1621211423521,-103.773361972912,1,160,42.543880681759,15.877391445661,19.2790198020487,1.50983633829622,2.53659897923061e-19,2.15516945517016e-19,0,2.34681065948645e-19,0.000363353519132599,-0.00171006751948016,1,-1.88847541558674e-19,-5.66572924087963e-20,1,0.00546780616345854,-0.0148737930887004,-0.0148737930887004,-0.000154353349661791,0.00196682104422621,-0.00420214574164677,-0.00420214574164677,-0.0112837554077873,1,-1.89735380184963e-19,-8.13151629364128e-20,1,0.00546687946561284,-0.0148923853300613,-0.0148923853300613,-0.000151766197811781,0.00196122446809065,-0.00420739842382383,-0.00420739842382383,-0.0112810703736404,15.1882446968837,-89.7617395949354,7.76294235738819,-10.9133046727994,7.76294235738819,-10.9133046727994,-15.8473934693531,-23.5543501661399,1.73472347597681e-18,4.70503146629212e-19,5.59227269352363e-19,0,0,0,0.00546780616345854,-0.000154353349661787,-0.0148737930887004,0.00196682104422621,-0.0112837554077873,-0.00420214574164677,2.15865706478368e-14,1.04408545863468e-07,1.70266567927928e-13,1.88847541558674e-19,6.93889390390723e-18,3.92335842859177e-16
NC_k0027,0.11578947368421,0.11578947368421,0.820275649546892,26.9931108736792,98.3387622240371,149.0048749709,94.130158209939,-83.174765197049,-136.133032851322,-89.1516401263879,-86.8036905705421,1,160,72.1905387169233,28.4911980110644,33.2249731202358,2.85260213946155,1.12242453423035e-18,1.32666535363705e-19,0,-1.84441424264624e-19,0.000401477680251729,-0.00169501435982499,1,6.84909474222664e-21,1.92277219679213e-20,1,0.00546780616345854,-0.0148737930887004,-0.0148737930887004,-0.000154353349661789,0.00196682104422621,-0.00420214574164677,-0.00420214574164677,-0.0112837554077873,1,-1.89735380184963e-19,-8.13151629364128e-20,1,0.00546687946561284,-0.0148923853300613,-0.0148923853300613,-0.000151766197811781,0.00196122446809065,-0.00420739842382383,-0.00420739842382383,-0.0112810703736404,16.2972720285439,-86.0915453861192,6.99023619556571,-11.1997009245636,6.99023619556571,-11.1997009245636,-14.5896893913241,-22.2493566459256,1.30104260698261e-18,4.25785293779008e-19,3.36443794036854e-19,0,0,0,0.00546780616345854,-0.000154353349661787,-0.0148737930887004,0.00196682104422621,-0.0112837554077873,-0.00420214574164677,1.0759194235597e-14,1.27121865602017e-07,2.05286402445822e-13,1.92277219679213e-20,3.46944695195361e-18,7.98550566374452e-15
NC_k0028,-0.13421052631579,-0.13421052631579,0.625046040982452,-103.841106367802,73.8957617449667,-182.637128524712,95.9487328002271,112.08915341382,-105.164272475721,181.71595088599,-63.37334299579,1,160,-38.3200726932636,30.8566898719417,-2.46291633103628,30.2550616607478,-1.76182853028894e-19,-1.24916183896328e-18,0,9.04419429430779e-19,0.000507131203100484,0.000599764404988258,1,-1.24809175688225e-20,9.1886037981531e-20,1,-0.00471347832099349,-0.00430342922469209,-0.00430342922469209,0.00798128353293045,0.0130887593471326,0.0111079045568512,0.0111079045568512,0.000928206497120313,1,-2.16840434497101e-19,2.16840434497101e-19,1,-0.00470900061334977,-0.00430880851122296,-0.00430880851122296,0.00797782701441547,0.0130871493252801,0.0111217894375473,0.0111217894375473,0.000934196820799104,-22.4012702841224,-24.87374737044,12.3846147799775,23.5649255088842,12.3846147799775,23.5649255088842,44.2366062676549,-13.5235055705,1.30104260698261e-18,4.90404221624047e-20,-1.00427597229833e-19,0,0,0,-0.00471347832099349,0.00798128353293045,-0.00430342922469209,0.0130887593471326,0.000928206497120309,0.0111079045568512,4.81172990995291e-14,2.13492596618535e-07,1.65359763332742e-13,9.1886037981531e-20,4.01154803819637e-18,7.10490397078653e-16
NC_k0028,-0.0842105263157895,-0.0842105263157895,0.671099300614085,-127.236163179356,81.9270404124684,-176.810050099036,94.7064542427872,134.65647718062,-102.481862330549,176.772752268393,-72.7391298163621,1,160,-25.4379616553683,18.9734633860085,-2.13328442888873,19.8873449333756,4.54115538846712e-19,-7.84458388275889e-19,0,-7.95681574827008e-19,0.000508638564633903,0.000628909592384379,1,-1.0937780932692e-19,1.32038968450662e-19,1,-0.00471347832099349,-0.00430342922469209,-0.00430342922469209,0.00798128353293045,0.0130887593471326,0.0111079045568512,0.0111079045568512,0.00092820649712031,1,-2.16840434497101e-19,2.16840434497101e-19,1,-0.00470900061334977,-0.00430880851122296,-0.00430880851122296,0.00797782701441547,0.0130871493252801,0.0111217894375473,0.0111217894375473,0.000934196820799104,-24.6816646552923,-29.0026450096585,13.9696629232429,25.0436884714869,13.9696629232429,25.0436884714869,46.2037221119947,-13.9701294491468,8.67361737988404e-19,-1.13189794607437e-19,6.69145726433349e-20,0,0,0,-0.00471347832099349,0.00798128353293045,-0.00430342922469209,0.0130887593471326,0.000928206497120309,0.0111079045568512,2.68150819460704e-14,2.21587913811959e-07,3.4578151879487e-14,1.32038968450662e-19,1.73472347597681e-18,4.30127085721005e-15
NC_k0028,-0.0342105263157895,-0.0342105263157895,0.697932995451093,-146.671711165178,87.502058679819,-166.831181655775,92.477424883457,152.076949017422,-95.6512572352219,168.831744539593,-82.863325400047,1,160,-10.6303771105938,7.58667883272554,-1.0044204316965,8.2582520915952,2.30816478126797e-20,4.18222517706811e-20,0,-1.18372854378788e-19,0.000508347226035145,0.000645611652719732,1,1.6659096799522e-20,2.22238239737006e-19,1,-0.00471347832099349,-0.00430342922469209,-0.00430342922469209,0.00798128353293045,0.0130887593471326,0.0111079045568512,0.0111079045568512,0.000928206497120309,1,-2.16840434497101e-19,2.16840434497101e-19,1,-0.00470900061334977,-0.00430880851122296,-0.00430880851122296,0.00797782701441547,0.0130871493252801,0.0111217894375473,0.0111217894375473,0.000934196820799104,-25.9442431437618,-31.4967005683784,14.9196117631237,25.9494294399554,14.9196117631237,25.9494294399554,47.2577231924157,-14.357916443161,9.75781955236954e-19,3.96888046447624e-19,1.81670687883988e-20,0,0,0,-0.00471347832099349,0.00798128353293045,-0.00430342922469209,0.0130887593471326,0.000928206497120309,0.0111079045568512,1.28835610339048e-13,9.02335234833771e-08,2.2759397676137e-13,2.22238239737006e-19,2.60208521396521e-18,2.06794913182155e-15
NC_k0028,0.0157894736842105,0.0157894736842105,0.702192383272934,-162.132834569338,91.3756864255139,-152.829286445437,89.0954506784834,165.038619678621,-86.5221768770558,157.331130550103,-92.4721872892128,1,160,4.92719772763215,-3.49140760283199,0.473810741184048,-3.82377062422729,6.64073830647371e-19,-4.60574165069526e-19,0,-2.03764363373863e-19,0.000508300529727556,0.000648231118853797,1,-3.53836063509466e-20,8.81448985736242e-20,1,-0.00471347832099349,-0.00430342922469209,-0.00430342922469209,0.00798128353293045,0.0130887593471326,0.0111079045568512,0.0111079045568512,0.000928206497120315,1,-2.16840434497101e-19,2.16840434497101e-19,1,-0.00470900061334977,-0.00430880851122296,-0.00430880851122296,0.00797782701441547,0.0130871493252801,0.0111217894375473,0.0111217894375473,0.000934196820799104,-26.1408329334961,-31.8995262506242,15.0722714876058,26.0956198129038,15.0722714876058,26.0956198129038,47.4188833077261,-14.4261945451195,1.84314369322536e-18,7.73690909468424e-20,-5.99901714889023e-19,0,0,0,-0.00471347832099349,0.00798128353293045,-0.00430342922469209,0.0130887593471326,0.000928206497120309,0.0111079045568512,4.56779743767601e-13,1.73672339464405e-07,1.31415192511037e-13,8.81448985736242e-20,6.07153216591882e-18,1.04351344974329e-14
NC_k0028,0.0657894736842105,0.0657894736842105,0.683498236600697,-173.613484701691,94.0087508837957,-134.86897623164,84.2222094744016,174.225495721828,-76.4547396112306,141.647661519721,-100.337517347601,1,160,20.1412304038644,-14.7184534189808,1.78951640501155,-15.7002736960896,1.82112083659675e-19,-7.8244668502616e-19,0,8.84514155170303e-19,0.000508590414001541,0.000636628217425449,1,-1.03567930398447e-19,3.39770129292408e-20,1,-0.00471347832099349,-0.00430342922469209,-0.00430342922469209,0.00798128353293045,0.0130887593471326,0.0111079045568512,0.0111079045568512,0.000928206497120311,1,-2.16840434497101e-19,2.16840434497101e-19,1,-0.00470900061334977,-0.00430880851122296,-0.00430880851122296,0.00797782701441547,0.0130871493252801,0.0111217894375473,0.0111217894375473,0.000934196820799104,-25.2706285685747,-30.1459081543043,14.4057178878811,25.4588799785949,14.4057178878811,25.4588799785949,46.6990879866932,-14.1394582846318,8.67361737988404e-19,8.09068223982194e-20,-5.23189515188899e-19,0,0,0,-0.00471347832099349,0.00798128353293045,-0.00430342922469209,0.0130887593471326,0.000928206497120309,0.0111079045568512,5.09767393841218e-14,1.38310223012091e-07,4.19851018905148e-13,1.03567930398447e-19,1.73472347597681e-18,1.20200023091293e-14
NC_k0028,0.11578947368421,0.11578947368421,0.643782111850126,-180.968637842337,95.5968095515332,-112.899478363907,77.1896964048331,180.208760410188,-66.6390097548911,121.008988171071,-104.801467179472,1,160,33.8783777761208,-26.4449597462736,2.4530279498496,-26.6503187593693,1.28283139861664e-18,-7.98328552787178e-20,0,-2.01977653250748e-19,0.000507932452123319,0.000611785626505186,1,8.55427391768034e-21,-2.37654615099259e-20,1,-0.00471347832099348,-0.00430342922469209,-0.00430342922469209,0.00798128353293045,0.0130887593471326,0.0111079045568512,0.0111079045568512,0.000928206497120311,1,-2.16840434497101e-19,2.16840434497101e-19,1,-0.00470900061334977,-0.00430880851122296,-0.00430880851122296,0.00797782701441547,0.0130871493252801,0.0111217894375473,0.0111217894375473,0.000934196820799104,-23.3481155587536,-26.535919197485,13.0236455697431,24.1527897410631,13.0236455697431,24.1527897410631,45.0606916670564,-13.6674157074476,8.67361737988404e-19,-2.38909480173066e-19,-5.52791257843641e-19,0,0,0,-0.00471347832099349,0.00798128353293045,-0.00430342922469209,0.0130887593471326,0.000928206497120309,0.0111079045568512,3.68082117006773e-14,7.80820717575205e-08,3.01986592167647e-13,2.37654615099259e-20,3.46944695195361e-18,1.00022871469983e-14
NC_k0029,-0.13421052631579,-0.13421052631579,0.467532229282672,-49.6011232659234,27.3339498432638,-4.4846714833584,33.9019008250352,32.601087759539,-71.1505376280885,47.8462655668341,9.31455698797779,1,160,29.6518406843349,50.14549336098,26.3331202349539,13.6081219287136,-2.72426971660664e-19,-8.8726701224888e-19,0,-6.82285039013339e-19,0.0020189031329847,-0.000377768181789551,1,6.99908409776687e-20,1.08296673777271e-19,1,0.00884989807930435,0.00647985072343881,0.00647985072343881,0.0126933317263392,-0.00424549304752961,0.00927811762783743,0.00927811762783743,-0.00380295810394701,1,-4.33680868994202e-19,-1.0842021724855e-19,1,0.00885446528197618,0.0064879505368431,0.0064879505368431,0.0126954967829816,-0.00424661232585216,0.00928971527487223,0.00928971527487222,-0.0038043539666093,-1.08253753470349,30.9304555847441,2.614595416887,13.5132246572145,2.614595416887,13.5132246572145,45.0696457925361,-6.12978676869996,8.67361737988404e-19,1.38825824813629e-19,1.33056535093513e-19,0,0,0,0.00884989807930435,0.0126933317263392,0.00647985072343881,-0.00424549304752961,-0.00380295810394701,0.00927811762783743,2.91185752521325e-14,2.80206416454429e-07,2.49866796215888e-13,1.08296673777271e-19,1.73472347597681e-18,3.56196735248142e-16
NC_k0029,-0.0842105263157895,-0.0842105263157895,0.481410075166914,-38.4686965121143,27.6115796086241,-9.29819347517292,31.9659110099398,30.7847856834563,-57.5174268335798,43.4797071680285,-2.45259723594114,1,160,17.9023058560889,32.8482093911576,16.7476700315913,8.77445118509112,-4.53797901491491e-19,-6.3675701809842e-19,0,1.37642853928824e-21,0.002042476801076,-0.000346215210329743,1,1.80338474948771e-19,1.12216859867161e-19,1,0.00884989807930435,0.00647985072343881,0.00647985072343881,0.0126933317263392,-0.00424549304752961,0.00927811762783743,0.00927811762783743,-0.00380295810394701,1,-4.33680868994202e-19,-1.0842021724855e-19,1,0.00885446528197618,0.0064879505368431,0.0064879505368431,0.0126954967829816,-0.00424661232585216,0.00928971527487223,0.00928971527487222,-0.0038043539666093,-0.332287431664899,32.5956601594462,3.13890536433092,13.2523519159999,3.13890536433092,13.2523519159999,46.8460708326078,-5.71019339726193,1.73472347597681e-18,-7.6872379914219e-20,2.44439447615646e-19,0,0,0,0.00884989807930435,0.0126933317263392,0.00647985072343881,-0.00424549304752961,-0.00380295810394701,0.00927811762783743,5.69979351517365e-14,2.80787334903324e-07,2.68226604146843e-13,1.80338474948771e-19,3.46944695195361e-18,9.80130682354527e-15
NC_k0029,-0.0342105263157895,-0.0342105263157895,0.488168061174296,-27.9064592258168,27.8521532304425,-15.9246617725143,29.7766020060627,32.177970570983,-40.6276355911864,38.1930592683406,-17.3069226688768,1,160,7.07509285291212,13.6106183668661,6.82628470252682,3.61698868564697,2.21988806629631e-19,2.03076149104219e-19,0,2.54745158886731e-19,0.00205595916067455,-0.000328050741514134,1,-4.57825725885765e-20,1.22435416817894e-19,1,0.00884989807930435,0.00647985072343881,0.00647985072343881,0.0126933317263392,-0.00424549304752961,0.00927811762783743,0.00927811762783743,-0.00380295810394701,1,-4.33680868994202e-19,-1.0842021724855e-19,1,0.00885446528197618,0.0064879505368431,0.0064879505368431,0.0126954967829816,-0.00424661232585216,0.00928971527487223,0.00928971527487222,-0.0038043539666093,-0.0147702366331551,33.4260572448383,3.44721177178094,13.056577276017,3.44721177178094,13.056577276017,47.9096272103502,-5.46560085419843,1.30104260698261e-18,3.13579853584552e-19,1.31419307871515e-19,0,0,0,0.00884989807930435,0.0126933317263392,0.00647985072343881,-0.00424549304752961,-0.00380295810394701,0.00927811762783743,1.26727709540121e-13,1.90306031189699e-07,2.87100092622261e-13,1.22435416817894e-19,1.73472347597681e-18,7.39135784785288e-15
NC_k0029,0.0157894736842105,0.0157894736842105,0.489147753004864,-18.8239622884122,29.0788646157984,-24.3673892022872,28.1784345043104,36.2861538365844,-23.3545501382937,33.4441243635016,-34.1860463514166,1,160,-3.25011430699801,-6.29901154956921,-3.15121153266719,-1.67313379880455,2.31663511074051e-19,-3.1213164106321e-19,0,-1.80272433977357e-19,0.00205816840956936,-0.000325169086757725,1,4.62339062015047e-20,1.2362450920337e-19,1,0.00884989807930435,0.00647985072343881,0.00647985072343881,0.0126933317263392,-0.00424549304752961,0.00927811762783743,0.00927811762783743,-0.00380295810394701,1,-4.33680868994202e-19,-1.0842021724855e-19,1,0.00885446528197618,0.0064879505368431,0.0064879505368431,0.0126954967829816,-0.00424661232585216,0.00928971527487223,0.00928971527487222,-0.0038043539666093,0.0288803626150486,33.5492405209116,3.49655503199683,13.0219030398567,3.49655503199683,13.0219030398567,48.079406734228,-5.42650710440243,1.30104260698261e-18,2.3331211319635e-19,7.19804240437569e-20,0,0,0,0.00884989807930435,0.0126933317263392,0.00647985072343881,-0.00424549304752961,-0.00380295810394701,0.00927811762783743,3.29171093666553e-13,2.3811319827745e-07,2.78329493505504e-13,1.2362450920337e-19,1.73472347597681e-18,1.04406610924878e-14
NC_k0029,0.0657894736842105,0.0657894736842105,0.484654655285478,-11.5295311619484,31.1433383368873,-34.4567369526582,27.6210064390111,41.5748651390355,-7.61044603071704,30.9188276803598,-51.5003959284104,1,160,-13.8156251857517,-25.9079816808043,-13.1087902659635,-6.90151774130471,-7.36918664111241e-20,-2.25522522206457e-19,0,-6.22886853587131e-19,0.00204875109584508,-0.000337828210735021,1,1.12255514431036e-19,-8.53609168933627e-21,1,0.00884989807930435,0.00647985072343881,0.00647985072343881,0.0126933317263392,-0.00424549304752961,0.00927811762783743,0.00927811762783743,-0.00380295810394701,1,-4.33680868994202e-19,-1.0842021724855e-19,1,0.00885446528197618,0.0064879505368431,0.0064879505368431,0.0126954967829816,-0.00424661232585216,0.00928971527487223,0.00928971527487222,-0.0038043539666093,-0.176300094720152,32.9909979022167,3.2807817242718,13.1666060815924,3.2807817242718,13.1666060815924,47.3356923388213,-5.59742626931523,8.67361737988404e-19,-6.89841581335734e-19,2.66297674983157e-19,0,0,0,0.00884989807930435,0.0126933317263392,0.00647985072343881,-0.00424549304752961,-0.00380295810394701,0.00927811762783743,1.07028523505491e-13,1.40010043510799e-07,9.7872538456247e-14,1.12255514431036e-19,6.93889390390723e-18,1.14537538484098e-14
NC_k0029,0.11578947368421,0.11578947368421,0.473511504653963,-6.05176704391774,33.2720052110299,-45.5295782600529,27.5596789155118,46.4081918365776,5.38554224895609,31.5968068643255,-66.7407245190407,1,160,-25.2225831192415,-44.106140403643,-22.8784787625518,-11.8802605064728,2.88838235013716e-19,-7.39459762953004e-19,0,-4.68223931374416e-19,0.00202858687668325,-0.000364772035015598,1,3.71597759259154e-20,-6.36808680085078e-20,1,0.00884989807930435,0.00647985072343881,0.00647985072343881,0.0126933317263392,-0.00424549304752962,0.00927811762783743,0.00927811762783743,-0.00380295810394702,1,-4.33680868994202e-19,-1.0842021724855e-19,1,0.00885446528197618,0.0064879505368431,0.0064879505368431,0.0126954967829816,-0.00424661232585216,0.00928971527487223,0.00928971527487222,-0.0038043539666093,-0.741248109294162,31.6468391015861,2.82682145410184,13.4159174814076,2.82682145410184,13.4159174814076,45.7820580331936,-5.95891278452845,1.73472347597681e-18,-7.9848267012362e-19,7.67216834492205e-19,0,0,0,0.00884989807930435,0.0126933317263392,0.00647985072343881,-0.00424549304752961,-0.00380295810394701,0.00927811762783743,3.15752806603493e-14,1.05546220932397e-07,4.43769496406032e-13,6.36808680085078e-20,5.20417042793042e-18,1.62953802501243e-14
NC_k0030,-0.13421052631579,-0.13421052631579,0.648566756501377,42.1554353243292,-38.3118403501576,122.751291961627,-35.5459537197299,-60.2094029522079,74.1286291741401,-115.757427617394,-2.21062349948116,1,160,42.0739645752876,-48.3565211830807,-2.07324368057176,-18.7536416034456,-8.83031847512608e-20,2.64231927895979e-18,0,-8.30092288309214e-20,-0.000591380322921297,-0.000689325867442335,1,-1.19957835954417e-20,4.82920536198665e-21,1,0.00224963521138601,0.00750527742196521,0.00750527742196521,-0.00353491288320555,-0.0121081658433772,-0.012816905715274,-0.012816905715274,-0.00390302330741578,1,0,0,1,0.00224762671547023,0.00751465901874266,0.00751465901874266,-0.00353330603656221,-0.0121081034846395,-0.0128329268474181,-0.0128329268474181,-0.00390808916276308,11.9144375216789,37.7103239091213,-5.73123909586107,-15.9239345702896,-5.73123909586107,-15.9239345702896,-56.3584611718378,5.5861447230416,1.73472347597681e-18,2.3633310021413e-19,-3.14229324010617e-19,0,0,0,0.00224963521138601,-0.00353491288320555,0.00750527742196521,-0.0121081658433772,-0.00390302330741578,-0.012816905715274,2.41713583138054e-14,2.50864548030927e-07,1.16160106917438e-13,1.19957835954417e-20,1.73472347597681e-18,6.33369680134748e-15
NC_k0030,-0.0842105263157895,-0.0842105263157895,0.699676963632092,62.6565472824273,-37.3556884038093,114.67575122821,-35.6789331270328,-77.1234036101695,61.269274673481,-111.320366546255,9.71754465420147,1,160,27.6534048315672,-30.494092654408,-0.937426981537464,-12.3529964640306,-4.21981226410252e-19,-2.30816478126797e-19,0,6.30616029230827e-19,-0.00058468004516851,-0.000719765783117941,1,1.97765780690559e-19,-1.19743148379444e-20,1,0.00224963521138601,0.00750527742196521,0.00750527742196521,-0.00353491288320555,-0.0121081658433772,-0.012816905715274,-0.012816905715274,-0.00390302330741578,1,0,0,1,0.00224762671547023,0.00751465901874266,0.00751465901874266,-0.00353330603656221,-0.0121081034846395,-0.0128329268474181,-0.0128329268474181,-0.00390808916276308,13.6734837872986,41.9726101760376,-6.64257903867651,-16.7196446797602,-6.64257903867651,-16.7196446797602,-60.026702008872,5.06043755394273,1.73472347597681e-18,1.88275523418235e-19,-1.73610506670692e-19,0,0,0,0.00224963521138601,-0.00353491288320555,0.00750527742196521,-0.0121081658433772,-0.00390302330741578,-0.012816905715274,2.20776938590228e-14,2.39616821186055e-07,9.53235959934855e-14,1.97765780690559e-19,2.60208521396521e-18,3.80823636849284e-15
NC_k0030,-0.0342105263157895,-0.0342105263157895,0.72916706907564,81.3019804646296,-36.4480915077686,102.736338497527,-35.8211459867621,-90.7052424393307,45.9224575023913,-104.460068837702,24.2504489510544,1,160,11.4958986364202,-12.3760516361312,-0.290450489904656,-5.13871018856085,-7.52165257161819e-19,-2.85238344987886e-19,0,-1.93758786684421e-20,-0.000579784959108965,-0.000737681951759038,1,4.16125186043052e-20,-1.9559815508013e-19,1,0.00224963521138601,0.00750527742196521,0.00750527742196521,-0.00353491288320555,-0.0121081658433772,-0.012816905715274,-0.012816905715274,-0.00390302330741578,1,0,0,1,0.00224762671547023,0.00751465901874266,0.00751465901874266,-0.00353330603656221,-0.0121081034846395,-0.0128329268474181,-0.0128329268474181,-0.00390808916276308,14.6094914754722,44.5317163908311,-7.18320602922657,-17.213259967001,-7.18320602922657,-17.213259967001,-62.097917957326,4.91662044285261,8.67361737988404e-19,3.34229247310073e-19,-1.17362979734722e-19,0,0,0,0.00224963521138601,-0.00353491288320555,0.00750527742196521,-0.0121081658433772,-0.00390302330741578,-0.012816905715274,7.98036750124032e-14,9.39159986223404e-08,2.75847164860367e-13,1.9559815508013e-19,3.03576608295941e-18,7.61295368174387e-15
NC_k0030,0.0157894736842105,0.0157894736842105,0.73383630130717,97.4938550498854,-35.9206970908777,87.5831021641953,-36.2061316025973,-101.270817705295,29.9829793128517,-94.9321771471412,40.0356266440763,1,160,-5.32415844539392,5.70950624821674,0.127164774931534,2.3801283054778,-2.81850213198868e-19,6.69579544804524e-19,0,4.2289443380651e-19,-0.000579017317271831,-0.000740508771030549,1,1.62073433894306e-19,-8.08575544668618e-20,1,0.00224963521138601,0.00750527742196521,0.00750527742196521,-0.00353491288320555,-0.0121081658433772,-0.012816905715274,-0.012816905715274,-0.00390302330741578,1,0,0,1,0.00224762671547023,0.00751465901874266,0.00751465901874266,-0.00353330603656221,-0.0121081034846395,-0.0128329268474181,-0.0128329268474181,-0.00390808916276308,14.7531489835654,44.9439259506123,-7.26998660565787,-17.2931481813663,-7.26998660565787,-17.2931481813663,-62.422590548668,4.90268500273657,8.67361737988404e-19,1.14624531904024e-19,3.26173228247424e-19,0,0,0,0.00224963521138601,-0.00353491288320555,0.00750527742196521,-0.0121081658433772,-0.00390302330741578,-0.012816905715274,1.08737373842842e-13,1.87932398162124e-07,5.27144190063378e-14,1.62073433894306e-19,2.16840434497101e-18,1.57341895400028e-14
NC_k0030,0.0657894736842105,0.0657894736842105,0.713322597816386,110.693347718962,-35.7202028390598,69.785839089893,-36.9860546363658,-109.088958523554,14.8443533033723,-82.5046619291139,55.7886439994361,1,160,-21.8410951287593,23.818780369794,0.652636129541488,9.75985587945069,-2.03711423814659e-19,8.86843495775252e-19,0,-3.35742684467923e-19,-0.000582506072591025,-0.000728019047912006,1,1.35664472784307e-19,-7.63448862075821e-21,1,0.00224963521138601,0.0075052774219652,0.0075052774219652,-0.00353491288320555,-0.0121081658433772,-0.012816905715274,-0.012816905715274,-0.00390302330741578,1,0,0,1,0.00224762671547023,0.00751465901874266,0.00751465901874266,-0.00353330603656221,-0.0121081034846395,-0.0128329268474181,-0.0128329268474181,-0.00390808916276308,14.1132338681264,43.147206925908,-6.89079705138528,-16.94572203846,-6.89079705138528,-16.94572203846,-60.9892992464396,4.98111993250698,8.67361737988404e-19,-1.26560691063662e-20,7.06719569923796e-19,0,0,0,0.00224963521138601,-0.00353491288320555,0.00750527742196521,-0.0121081658433772,-0.00390302330741578,-0.012816905715274,2.99803532486695e-14,1.42422848130742e-07,5.7819787971888e-13,1.35664472784307e-19,3.46944695195361e-18,1.05835937212161e-14
NC_k0030,0.11578947368421,0.11578947368421,0.669462774353721,120.261668501466,-35.605111587315,49.8697056139859,-37.9987873308144,-114.387051196845,1.78650972283033,-66.8264315666825,69.8370910931772,1,160,-37.0433217108273,41.865086451564,1.59118236444311,16.5304712052125,-3.1276691577365e-19,-7.41153828847513e-21,0,3.9590849350258e-19,-0.00058879430207414,-0.000701797497915463,1,-1.95523972889461e-20,6.21423792804441e-20,1,0.00224963521138601,0.00750527742196521,0.00750527742196521,-0.00353491288320555,-0.0121081658433772,-0.012816905715274,-0.012816905715274,-0.00390302330741578,1,0,0,1,0.00224762671547023,0.00751465901874266,0.00751465901874266,-0.00353330603656221,-0.0121081034846395,-0.0128329268474181,-0.0128329268474181,-0.00390808916276308,12.6561646208699,39.429500169494,-6.10114738772,-16.2374922463672,-6.10114738772,-16.2374922463672,-57.8697444426033,5.32462089057136,8.67361737988404e-19,1.87757899457575e-19,3.08989882142064e-19,0,0,0,0.00224963521138601,-0.00353491288320555,0.00750527742196521,-0.0121081658433772,-0.00390302330741578,-0.012816905715274,2.19790025723201e-14,7.35261213532108e-08,1.74715751112477e-13,6.21423792804441e-20,3.46944695195361e-18,3.98010966580276e-15
NC_k0031,-0.13421052631579,-0.13421052631579,0.698514834434945,99.6882720374713,-88.7043105435054,50.9794678376358,-124.230270682457,-69.9360500385226,130.103138847247,-101.317671551241,78.4872057833199,1,160,-34.8180211651901,-36.8493379177849,-23.6502284973817,-27.7546970538925,1.06726151354042e-19,7.27336603895427e-19,0,6.65556138305066e-19,-0.00162162025709704,-0.000133894015452689,1,-3.63086558896615e-20,-4.43160883160956e-20,1,-0.00489617049868363,-0.0095951032372957,-0.0095951032372957,-0.0131397015888722,-0.00314287102986019,-0.00907244958180329,-0.00907244958180329,0.00437295903755682,1,4.33680868994202e-19,-8.13151629364128e-20,1,-0.00490156470716299,-0.00960709711634232,-0.00960709711634232,-0.0131399435904202,-0.00314033013171292,-0.00908379014378054,-0.00908379014378054,0.00437080254191196,9.89217384173776,-41.3205041658452,-15.5102606977966,-17.9043973328185,-15.5102606977966,-17.9043973328185,-41.6434989936084,17.3602199048436,1.73472347597681e-18,-1.76334352651521e-19,-1.98496351788792e-19,0,0,0,-0.00489617049868363,-0.0131397015888722,-0.0095951032372957,-0.00314287102986019,0.00437295903755682,-0.00907244958180328,1.64864302427989e-14,3.23111358549427e-07,2.04725290545934e-13,4.43160883160956e-20,2.60208521396521e-18,4.13245320174263e-15
NC_k0031,-0.0842105263157895,-0.0842105263157895,0.724048618490027,91.9541108312947,-97.9613788244153,58.7857879188356,-120.117869801018,-75.065388652505,125.208806401694,-96.4386138503798,88.3160918804587,1,160,-21.2164090599872,-23.6633704703474,-14.8103272450104,-18.0460903092873,5.06313944221258e-19,6.76567566619372e-19,0,5.56818283701296e-19,-0.00165483655331169,-0.00016834447800857,1,-1.34365132738269e-19,2.23071483002224e-20,1,-0.00489617049868363,-0.0095951032372957,-0.0095951032372957,-0.0131397015888722,-0.00314287102986019,-0.00907244958180329,-0.00907244958180329,0.00437295903755682,1,4.33680868994202e-19,-8.13151629364128e-20,1,-0.00490156470716299,-0.00960709711634232,-0.00960709711634232,-0.0131399435904202,-0.00314033013171292,-0.00908379014378054,-0.00908379014378054,0.00437080254191196,9.79428594389459,-42.7870139500346,-16.6313113640567,-18.5765411944564,-16.6313113640567,-18.5765411944564,-42.2341312203125,17.8059568343503,1.73472347597681e-18,1.27186293446251e-19,-2.39832988994027e-19,0,0,0,-0.00489617049868363,-0.0131397015888722,-0.0095951032372957,-0.00314287102986019,0.00437295903755682,-0.00907244958180328,4.81935188532852e-14,2.56210635731646e-07,8.47664894000475e-14,1.34365132738269e-19,3.46944695195361e-18,9.20012548555494e-15
NC_k0031,-0.0342105263157895,-0.0342105263157895,0.737694926640756,82.0112692017622,-105.396229467802,68.033713853548,-114.473470666059,-80.8370027134694,115.576971057387,-90.0380733932908,99.6503030918606,1,160,-8.43293217990345,-9.69544861488166,-5.98236566227907,-7.45892154109524,-5.256898228897e-20,-3.02509876177993e-19,0,1.17525821431534e-19,-0.00167362187194675,-0.000187787522784983,1,6.06162015740741e-20,-8.21363666618891e-20,1,-0.00489617049868363,-0.0095951032372957,-0.0095951032372957,-0.0131397015888722,-0.00314287102986019,-0.00907244958180328,-0.00907244958180328,0.00437295903755682,1,4.33680868994202e-19,-8.13151629364128e-20,1,-0.00490156470716299,-0.00960709711634232,-0.00960709711634232,-0.0131399435904202,-0.00314033013171292,-0.00908379014378054,-0.00908379014378054,0.00437080254191196,9.85146266690274,-43.4985263631979,-17.2968008563339,-18.9477953917286,-17.2968008563339,-18.9477953917286,-42.5469552366925,18.0766926918662,1.30104260698261e-18,-3.06970191666298e-19,7.79974664752279e-20,0,0,0,-0.00489617049868363,-0.0131397015888722,-0.0095951032372957,-0.00314287102986019,0.00437295903755682,-0.00907244958180328,3.8475263094219e-14,1.70537458393861e-07,1.51086752413483e-13,8.21363666618891e-20,1.73472347597681e-18,1.29429086021436e-14
NC_k0031,0.0157894736842105,0.0157894736842105,0.739770617475635,71.6987979316456,-112.137526455679,78.1867633228949,-107.941159375981,-87.5058184357889,103.999599794026,-83.2178971152244,111.416141260296,1,160,3.87754433246109,4.47879448495119,2.75759180974605,3.45130838407368,-3.25260651745651e-19,4.09752188234268e-19,0,2.50509994150459e-19,-0.0016766481788835,-0.000190869771338822,1,-4.60344830673767e-20,-6.19413144218404e-20,1,-0.00489617049868363,-0.0095951032372957,-0.0095951032372957,-0.0131397015888722,-0.00314287102986019,-0.00907244958180328,-0.00907244958180328,0.00437295903755682,1,4.33680868994202e-19,-8.13151629364128e-20,1,-0.00490156470716299,-0.00960709711634232,-0.00960709711634232,-0.0131399435904202,-0.00314033013171292,-0.00908379014378054,-0.00908379014378054,0.00437080254191196,9.86667036945741,-43.6021754559474,-17.4030841876194,-19.0047804800913,-17.4030841876194,-19.0047804800913,-42.593562400407,18.1199240342892,1.30104260698261e-18,-2.57777049444375e-19,1.06821915957244e-19,0,0,0,-0.00489617049868363,-0.0131397015888722,-0.0095951032372957,-0.00314287102986019,0.00437295903755682,-0.00907244958180328,3.29983636299203e-13,2.00294144775466e-07,3.3830733147787e-13,6.19413144218404e-20,1.73472347597681e-18,1.36569759401423e-14
NC_k0031,0.0657894736842105,0.0657894736842105,0.730470362023822,62.0535477518539,-118.183542787191,88.4396470658701,-100.828186954296,-94.2078532283832,92.3660897615639,-77.0740816795322,122.047150241337,1,160,16.4153416014766,18.566609911011,11.5440439991209,14.214104894613,8.70961628014234e-19,1.93970544921235e-19,0,3.76082628580909e-19,-0.00166356463172866,-0.000177346461561042,1,-6.23089273492549e-21,4.05273288888397e-20,1,-0.00489617049868363,-0.0095951032372957,-0.0095951032372957,-0.0131397015888722,-0.00314287102986019,-0.00907244958180329,-0.00907244958180329,0.00437295903755682,1,4.33680868994202e-19,-8.13151629364128e-20,1,-0.00490156470716299,-0.00960709711634232,-0.00960709711634232,-0.0131399435904202,-0.00314033013171292,-0.00908379014378054,-0.00908379014378054,0.00437080254191196,9.8120675513008,-43.1282461457514,-16.9377952051068,-18.7504492828492,-16.9377952051068,-18.7504492828492,-42.3823261952814,17.9306026081454,1.73472347597681e-18,5.39354739285116e-20,-7.14753826755413e-20,0,0,0,-0.00489617049868363,-0.0131397015888722,-0.0095951032372957,-0.00314287102986019,0.00437295903755682,-0.00907244958180328,5.85529825274255e-14,8.56748618025791e-08,2.46003526580006e-13,4.05273288888397e-20,5.20417042793042e-18,1.21589932442894e-15
NC_k0031,0.11578947368421,0.11578947368421,0.709186061278647,53.6518954907152,-122.930746187609,97.2562061967869,-92.4378582908354,-99.7465558568952,81.874483917731,-71.8237376776684,129.07168325674,1,160,29.7295632569381,32.1477277975013,20.419506047965,24.3279987838204,-3.57871420214942e-19,8.44703606649351e-19,0,1.15768228065981e-18,-0.00163531677716566,-0.000148145475728224,1,1.20418437870594e-19,2.96943796688416e-20,1,-0.00489617049868363,-0.0095951032372957,-0.0095951032372957,-0.0131397015888722,-0.00314287102986019,-0.00907244958180329,-0.00907244958180329,0.00437295903755682,1,4.33680868994202e-19,-8.13151629364128e-20,1,-0.00490156470716299,-0.00960709711634232,-0.00960709711634232,-0.0131399435904202,-0.00314033013171292,-0.00908379014378054,-0.00908379014378054,0.00437080254191196,9.81759025184675,-41.9548324429515,-15.9616589409356,-18.1810112147648,-15.9616589409356,-18.1810112147648,-41.8882846796253,17.537723022382,1.73472347597681e-18,-2.52227945447668e-20,-3.37160096818093e-19,0,0,0,-0.00489617049868363,-0.0131397015888722,-0.0095951032372957,-0.00314287102986019,0.00437295903755682,-0.00907244958180328,4.32102404611925e-14,9.35299112496679e-08,3.96839889923839e-13,1.20418437870594e-19,3.46944695195361e-18,4.38336938453874e-15
NC_k0032,-0.13421052631579,-0.13421052631579,0.565048685943064,76.8843374050952,-73.0713220068428,220.196804202884,-91.254440710116,-109.014767985169,74.6536843951218,-171.582274388344,107.61958434541,1,160,78.9129761168025,15.6459311288486,31.2044393910649,-18.060534895454,4.74338450462408e-19,7.95152179234974e-19,0,-9.15589676422695e-19,0.00126467298251407,0.000790963802375213,1,-9.07913521031451e-20,3.78795412501572e-20,1,0.0136913367855113,0.0110871636454645,0.0110871636454645,0.00148412401573945,-0.00614492925545893,-0.00329091592009189,-0.00329091592009189,0.00623130741358427,1,-2.16840434497101e-19,0,1,0.013689893197271,0.0111010226000214,0.0111010226000214,0.0014903099354802,-0.00614104818491264,-0.00329502956499201,-0.00329502956499201,0.00622745333621241,26.2206289561095,59.1616152373989,-7.27996402831935,-16.294542751826,-7.27996402831935,-16.294542751826,-5.0555241455439,16.8613801816396,1.73472347597681e-18,1.09182902266707e-19,2.8795156068169e-19,0,0,0,0.0136913367855113,0.00148412401573944,0.0110871636454645,-0.00614492925545893,0.00623130741358428,-0.00329091592009189,9.54437833887926e-15,2.88382269687581e-07,2.2861767099923e-14,9.07913521031451e-20,3.46944695195361e-18,5.89448158492147e-15
NC_k0032,-0.0842105263157895,-0.0842105263157895,0.623316695073557,115.088864686353,-84.9969321635227,206.88889609668,-92.9132032123035,-135.263681442983,88.1689685622429,-170.07062570511,107.813191511235,1,160,50.8476314773785,10.5174000121676,20.2504603915502,-11.8961805034031,-1.04396810749093e-19,-3.90588067802639e-19,0,4.04299413636318e-19,0.00128944975895225,0.000790413423140685,1,2.20552696321273e-19,-3.7472029192494e-21,1,0.0136913367855113,0.0110871636454645,0.0110871636454645,0.00148412401573945,-0.00614492925545892,-0.00329091592009189,-0.00329091592009189,0.00623130741358428,1,-2.16840434497101e-19,0,1,0.013689893197271,0.0111010226000214,0.0111010226000214,0.0014903099354802,-0.00614104818491264,-0.00329502956499201,-0.00329502956499201,0.00622745333621241,29.4786328209542,65.3992186047737,-8.86260361225953,-17.9008847247326,-8.86260361225953,-17.9008847247326,-4.66516617308445,18.3019004796695,1.73472347597681e-18,-1.24583014773046e-20,-2.43169194272954e-19,0,0,0,0.0136913367855113,0.00148412401573944,0.0110871636454645,-0.00614492925545893,0.00623130741358428,-0.00329091592009189,8.34944071692968e-15,3.49060693013589e-07,6.680062425101e-14,2.20552696321273e-19,3.46944695195361e-18,0
NC_k0032,-0.0342105263157895,-0.0342105263157895,0.656010324827335,149.191818468167,-91.697221053813,186.833921195855,-94.0075297851135,-153.176638302952,98.0219452028266,-166.165516140611,105.783466374731,1,160,20.8861976351626,4.40828622647832,8.34717967434151,-4.92689802648794,-8.27974705941079e-20,3.87305815132029e-19,0,4.7592663723851e-19,0.00130493894513228,0.00079030816917622,1,-2.65746774946901e-19,-2.04907399088218e-20,1,0.0136913367855113,0.0110871636454645,0.0110871636454645,0.00148412401573945,-0.00614492925545892,-0.00329091592009189,-0.00329091592009189,0.00623130741358428,1,-2.16840434497101e-19,0,1,0.013689893197271,0.0111010226000214,0.0111010226000214,0.0014903099354802,-0.00614104818491264,-0.00329502956499201,-0.00329502956499201,0.00622745333621241,31.2037806090309,69.0125377437552,-9.82392206538629,-18.9005071852964,-9.82392206538629,-18.9005071852964,-4.42799133642587,19.1735840963683,8.67361737988404e-19,-6.11147829749093e-20,-8.7853173519025e-20,0,0,0,0.0136913367855113,0.00148412401573944,0.0110871636454645,-0.00614492925545893,0.00623130741358428,-0.00329091592009189,5.61750737457641e-14,1.70064077219484e-07,1.20175014306768e-13,2.65746774946901e-19,1.95156391047391e-18,9.81584176212586e-15
NC_k0032,0.0157894736842105,0.0157894736842105,0.661129766431897,177.819224284559,-93.9664729661954,160.424306417688,-92.9689483436735,-163.728281609011,104.304391125954,-157.820283755258,100.737161247338,1,160,-9.6542952010992,-2.04363018554385,-3.8603153775922,2.27996431547669,-5.55521264500813e-19,4.61950593608814e-19,0,1.8859717966209e-19,0.00130744136313504,0.000790353034257948,1,2.83735821785983e-20,-1.04091052904385e-20,1,0.0136913367855113,0.0110871636454645,0.0110871636454645,0.00148412401573945,-0.00614492925545892,-0.00329091592009189,-0.00329091592009189,0.00623130741358427,1,-2.16840434497101e-19,0,1,0.013689893197271,0.0111010226000214,0.0111010226000214,0.0014903099354802,-0.00614104818491264,-0.00329502956499201,-0.00329502956499201,0.00622745333621241,31.4676048544688,69.5857769406009,-9.97914719919194,-19.0629982723479,-9.97914719919194,-19.0629982723479,-4.38990351257642,19.3132119318667,1.73472347597681e-18,-1.00943752345977e-19,2.04041144609261e-20,0,0,0,0.0136913367855113,0.00148412401573944,0.0110871636454645,-0.00614492925545893,0.00623130741358428,-0.00329091592009189,8.18784569010393e-14,2.3560268085568e-07,1.68579025497278e-13,2.83735821785983e-20,3.46944695195361e-18,1.10832582869052e-14
NC_k0032,0.0657894736842105,0.0657894736842105,0.638522042412863,200.275623012469,-93.4563780964949,128.222677538262,-88.0618700382693,-169.00794477925,107.379278884728,-142.82720032381,92.2233911431435,1,160,-39.941552913093,-8.34328208847638,-15.9339955505179,9.3828513227342,-1.40565117596851e-18,4.27910457041032e-19,0,-5.96225168083322e-19,0.00129654940597415,0.000790384970356075,1,2.55418933294876e-19,9.48298591543529e-20,1,0.0136913367855113,0.0110871636454645,0.0110871636454645,0.00148412401573945,-0.00614492925545893,-0.00329091592009189,-0.00329091592009189,0.00623130741358428,1,-2.16840434497101e-19,0,1,0.013689893197271,0.0111010226000214,0.0111010226000214,0.0014903099354802,-0.00614104818491264,-0.00329502956499201,-0.00329502956499201,0.00622745333621241,30.289914612206,67.069222328764,-9.30289872413367,-18.3576196818501,-9.30289872413367,-18.3576196818501,-4.55656802008796,18.7024233108945,1.19262238973405e-18,-6.07944480933515e-19,-3.97908311527319e-20,0,0,0,0.0136913367855113,0.00148412401573944,0.0110871636454645,-0.00614492925545893,0.00623130741358428,-0.00329091592009189,3.34443767405724e-14,1.69770867653449e-07,1.42063191487152e-13,2.55418933294876e-19,1.73472347597681e-18,2.781982016921e-15
NC_k0032,0.11578947368421,0.11578947368421,0.589137967012664,216.082576348978,-91.8530416851192,91.2705218401625,-78.0467727012059,-171.199597424931,107.873405603169,-119.601413289802,80.0220095237596,1,160,-68.9219809889108,-13.914603814797,-27.3360729852236,15.9405782514145,-3.94399716065284e-20,-1.71871587676268e-19,0,-4.23536325961851e-19,0.00127467594502628,0.00079070000335726,1,-1.47360743727064e-19,3.9763261090306e-20,1,0.0136913367855113,0.0110871636454645,0.0110871636454645,0.00148412401573945,-0.00614492925545893,-0.00329091592009189,-0.00329091592009189,0.00623130741358427,1,-2.16840434497101e-19,0,1,0.013689893197271,0.0111010226000214,0.0111010226000214,0.0014903099354802,-0.00614104818491264,-0.00329502956499201,-0.00329502956499201,0.00622745333621241,27.5963964729973,61.710512776425,-7.91540590831775,-16.9304098197982,-7.91540590831775,-16.9304098197982,-4.8993175105056,17.4371969560348,9.75781955236954e-19,-1.05842597148373e-18,2.69928722174622e-19,0,0,0,0.0136913367855113,0.00148412401573944,0.0110871636454645,-0.00614492925545893,0.00623130741358428,-0.00329091592009189,1.08506200584662e-14,1.56510311934843e-07,4.29728936322855e-14,1.47360743727064e-19,8.67361737988404e-18,2.6382822386353e-15
NC_k0033,-0.13421052631579,-0.13421052631579,0.739560253683125,20.4637291186562,122.866846758776,-58.5115306598122,131.79823145228,7.99787344741716,-176.000022308947,50.1182216767588,-103.69329772614,1,160,-42.7764924137586,46.5182525999291,1.23478086143625,16.2413720126972,1.78342787044393e-18,-1.73112358595098e-18,0,-6.11451908799198e-19,0.00127395202843343,-0.00165573326500117,1,-6.22644239157412e-20,5.45981736409175e-20,1,0.00391322324877467,-0.00626045912008749,-0.00626045912008749,0.00480708725796236,-0.000209210142586534,0.012488685847635,0.012488685847635,-0.0128986124998242,1,2.16840434497101e-19,-4.33680868994202e-19,1,0.00391486512979422,-0.0062682846939876,-0.0062682846939876,0.00480817047397617,-0.00021522367811105,0.0125042967049445,0.0125042967049445,-0.0128966951588754,0.0607498048786717,-40.2263268072514,10.9974764307187,9.81320076870983,10.9974764307187,9.81320076870983,62.2023901094524,-27.262199968994,1.30104260698261e-18,4.03554971059538e-19,1.85843535249215e-19,0,0,0,0.00391322324877467,0.00480708725796237,-0.00626045912008749,-0.000209210142586534,-0.0128986124998242,0.012488685847635,5.80430743843654e-15,2.04751934933631e-07,1.2022962794709e-13,6.22644239157412e-20,3.46944695195361e-18,1.1859428425012e-14
NC_k0033,-0.0842105263157895,-0.0842105263157895,0.763794489775622,3.95658715044637,129.227144493841,-48.8472065351826,132.423846796565,19.077232848908,-169.220609272812,45.8610446526825,-117.393633719055,1,160,-28.9983590989222,30.9941822914892,0.658621653547096,10.5425664875836,7.42477317827598e-19,-4.26798726297761e-19,0,-8.59950199699928e-19,0.00126442564279181,-0.00162424200435245,1,-2.08555112378475e-19,2.07441834967275e-19,1,0.00391322324877467,-0.00626045912008749,-0.00626045912008749,0.00480708725796237,-0.000209210142586537,0.012488685847635,0.012488685847635,-0.0128986124998242,1,2.16840434497101e-19,-4.33680868994202e-19,1,0.00391486512979422,-0.0062682846939876,-0.0062682846939876,0.00480817047397617,-0.00021522367811105,0.0125042967049445,0.0125042967049445,-0.0128966951588754,-1.07580694352956,-43.6104186872904,12.2809539066246,10.1821420264347,12.2809539066246,10.1821420264347,64.4309126315137,-27.7134969861741,8.67361737988404e-19,1.14458792264202e-19,4.22952030302035e-20,0,0,0,0.00391322324877467,0.00480708725796237,-0.00626045912008749,-0.000209210142586534,-0.0128986124998242,0.012488685847635,2.90574827593768e-14,2.54413044417416e-07,2.06924326381603e-13,2.08555112378475e-19,2.60208521396521e-18,2.03498749373254e-15
NC_k0033,-0.0342105263157895,-0.0342105263157895,0.77897144451963,-13.1879452568964,132.083154552233,-35.3808077942366,132.837088276633,28.813944375463,-156.141661509887,39.8055322240769,-133.701819716457,1,160,-12.2410502092322,12.9701320907929,0.240597020915016,4.34467327787601,-2.17052192733914e-19,2.89261751487344e-19,0,-4.55386088267593e-19,0.00125790925447377,-0.00160582597349986,1,-1.09127411677125e-19,2.4210043567026e-19,1,0.00391322324877467,-0.00626045912008749,-0.00626045912008749,0.00480708725796237,-0.000209210142586531,0.012488685847635,0.012488685847635,-0.0128986124998242,1,2.16840434497101e-19,-4.33680868994202e-19,1,0.00391486512979422,-0.0062682846939876,-0.0062682846939876,0.00480817047397617,-0.00021522367811105,0.0125042967049445,0.0125042967049445,-0.0128966951588754,-1.71681957834751,-45.7406843822871,13.0653940380166,10.3784133013002,13.0653940380166,10.3784133013002,65.8515333664309,-27.9821088774446,8.67361737988404e-19,1.45664845218014e-19,-7.37871535522997e-19,0,0,0,0.00391322324877467,0.00480708725796237,-0.00626045912008749,-0.000209210142586534,-0.0128986124998242,0.012488685847635,1.38737945436178e-13,1.26097987373079e-07,1.32664356944969e-13,2.4210043567026e-19,3.46944695195361e-18,4.56077524252684e-15
NC_k0033,0.0157894736842105,0.0157894736842105,0.781431119084988,-29.7189308472114,132.848384589625,-19.4329265083196,132.54215788516,37.1328859776676,-139.919129702753,32.0514760622936,-150.377434155774,1,160,5.68207026561782,-6.01215397451959,-0.108927623937581,-2.0093396642403,1.83382633080556e-19,-3.86247023947961e-19,0,-2.87832383388852e-19,0.00125691299267591,-0.00160295344008121,1,-1.76253108905683e-19,2.26172546395133e-20,1,0.00391322324877467,-0.00626045912008749,-0.00626045912008749,0.00480708725796237,-0.000209210142586531,0.012488685847635,0.012488685847635,-0.0128986124998242,1,2.16840434497101e-19,-4.33680868994202e-19,1,0.00391486512979422,-0.0062682846939876,-0.0062682846939876,0.00480817047397617,-0.00021522367811105,0.0125042967049445,0.0125042967049445,-0.0128966951588754,-1.81707159241736,-46.0889385324261,13.1927429088155,10.4073473395863,13.1927429088155,10.4073473395863,66.0841521168023,-28.0247327496737,1.73472347597681e-18,1.84135393217386e-20,-4.01115969410308e-19,0,0,0,0.00391322324877467,0.00480708725796237,-0.00626045912008749,-0.000209210142586534,-0.0128986124998242,0.012488685847635,2.7093770862051e-13,1.9417306887524e-07,2.43367187451688e-13,1.76253108905683e-19,3.46944695195361e-18,6.39340242382879e-15
NC_k0033,0.0657894736842105,0.0657894736842105,0.770731534915689,-44.272545204867,132.620297446662,-2.3591380061602,130.610625567035,43.837841228372,-123.211551271022,22.8256407180266,-164.953244004869,1,160,23.0709426419849,-24.5564223050382,-0.490208288807582,-8.29391936884658,-2.54533400649917e-19,-4.34316143704642e-19,0,-3.29363467583914e-19,0.00126152716145218,-0.00161581397973462,1,-1.38412036392785e-19,2.09443523733951e-20,1,0.00391322324877467,-0.00626045912008749,-0.00626045912008749,0.00480708725796237,-0.000209210142586534,0.012488685847635,0.012488685847635,-0.0128986124998242,1,2.16840434497101e-19,-4.33680868994202e-19,1,0.00391486512979422,-0.0062682846939876,-0.0062682846939876,0.00480817047397617,-0.00021522367811105,0.0125042967049445,0.0125042967049445,-0.0128966951588754,-1.37434126834073,-44.580772246296,12.6394420144898,10.2756976725261,12.6394420144898,10.2756976725261,65.0772753652381,-27.8372672463378,1.73472347597681e-18,-1.27405131443725e-20,2.49416280938261e-19,0,0,0,0.00391322324877467,0.00480708725796237,-0.00626045912008749,-0.000209210142586534,-0.0128986124998242,0.012488685847635,3.60242096764978e-14,1.91790156317943e-07,7.99971110676367e-14,1.38412036392785e-19,5.20417042793042e-18,1.39726517613452e-14
NC_k0033,0.11578947368421,0.11578947368421,0.749098615895308,-55.466425242202,132.038892874127,14.5518910267334,125.694627580604,48.7582733673768,-108.307160848005,12.2228763926648,-174.433525812102,1,160,38.1697511103361,-41.2045665007049,-1.00148907882171,-14.2351966777602,7.69105916106905e-19,-1.75293468434277e-18,0,-1.05237226251446e-18,0.0012701840198716,-0.00164281790218659,1,-3.2818025667446e-20,-1.58858826238103e-21,1,0.00391322324877468,-0.00626045912008749,-0.00626045912008749,0.00480708725796237,-0.000209210142586539,0.012488685847635,0.012488685847635,-0.0128986124998242,1,2.16840434497101e-19,-4.33680868994202e-19,1,0.00391486512979422,-0.0062682846939876,-0.0062682846939876,0.00480817047397617,-0.00021522367811105,0.0125042967049445,0.0125042967049445,-0.0128966951588754,-0.406154379253998,-41.5617054924025,11.5112513064889,9.96532806467385,11.5112513064889,9.96532806467385,63.0743664961066,-27.4441258639533,8.67361737988404e-19,-2.12117050475633e-19,5.9432075652941e-19,0,0,0,0.00391322324877467,0.00480708725796237,-0.00626045912008749,-0.000209210142586534,-0.0128986124998242,0.012488685847635,3.14276849848822e-14,7.47571794482211e-08,7.49481701561208e-14,3.2818025667446e-20,5.20417042793042e-18,1.03745501693227e-14
NC_k0034,-0.13421052631579,-0.13421052631579,0.631469113180779,75.1491192541039,196.92547382442,38.3965595474451,262.625813754917,-58.9555207294894,-181.29453025328,-57.3193445634913,-299.476779401298,1,160,-20.0306810290575,-63.3561292961816,-27.5176474073289,15.3223647468109,-1.54159996400283e-19,-2.77403290225783e-20,0,-1.74700545371199e-20,9.29846856867589e-05,-0.00131335538601212,1,1.09519805398137e-20,-3.23780412059181e-19,1,0.00359295174533235,0.000616426183014777,0.000616426183014777,0.00199159317497654,0.00546833848355632,-0.00844327965108072,-0.00844327965108072,-0.0167795284827941,1,-5.42101086242752e-20,-1.01643953670516e-19,1,0.00359332390592292,0.000617196715743545,0.000617196715743546,0.00199296618467358,0.00545961865169195,-0.00845383375064458,-0.00845383375064458,-0.0167743433978045,10.024969847969,-17.6878182056682,29.3622234349901,-10.1547481463614,29.3622234349901,-10.1547481463614,-33.5584422248876,-42.3314310697074,8.67361737988404e-19,-5.92649941994533e-20,7.02367322192502e-21,0,0,0,0.00359295174533235,0.00199159317497654,0.000616426183014777,0.00546833848355632,-0.0167795284827941,-0.00844327965108072,1.5813233361182e-14,1.40695260507943e-07,1.04077719946986e-13,3.23780412059181e-19,1.73472347597681e-18,4.04376540885038e-15
NC_k0034,-0.0842105263157895,-0.0842105263157895,0.679154413033461,65.419631249527,223.479915134573,40.8533616046879,260.81400098709,-53.8170925002705,-215.816025586385,-55.2592047902126,-289.843177913085,1,160,-14.0667654388043,-40.2805365592976,-17.9346096593736,10.1605261387035,3.66871145279519e-20,-2.43680791013222e-19,0,2.65544828964223e-19,8.61441144620965e-05,-0.00132951507012167,1,5.02454290776948e-21,-1.44401392011402e-19,1,0.00359295174533235,0.000616426183014777,0.000616426183014777,0.00199159317497654,0.00546833848355631,-0.00844327965108073,-0.00844327965108073,-0.0167795284827941,1,-5.42101086242752e-20,-1.01643953670516e-19,1,0.00359332390592292,0.000617196715743545,0.000617196715743546,0.00199296618467358,0.00545961865169195,-0.00845383375064458,-0.00845383375064458,-0.0167743433978045,9.31978360652421,-18.005706983157,30.758655338457,-8.86173011270402,30.758655338457,-8.86173011270402,-38.8187126008976,-45.521710641254,1.30104260698261e-18,3.86943079405137e-20,4.68635082447683e-19,0,0,0,0.00359295174533235,0.00199159317497654,0.000616426183014777,0.00546833848355632,-0.0167795284827941,-0.00844327965108072,4.49816246494371e-14,1.95867920130746e-07,7.66446554592811e-14,1.44401392011402e-19,4.33680868994202e-18,0
NC_k0034,-0.0342105263157895,-0.0342105263157895,0.705271316539462,56.2308145579292,242.147071979291,45.8626163533844,256.307723844551,-51.8293760476242,-244.961806842489,-53.0696465316518,-274.916648100448,1,160,-6.03486606662534,-16.4251147999523,-7.41179368597062,4.2251719103577,-1.33778266106976e-19,-2.81638454962055e-19,0,-3.90071907100406e-19,8.18328816676865e-05,-0.00133958340738225,1,-1.90593889006601e-20,3.97252849754372e-20,1,0.00359295174533235,0.000616426183014777,0.000616426183014777,0.00199159317497654,0.00546833848355632,-0.00844327965108073,-0.00844327965108073,-0.0167795284827941,1,-5.42101086242752e-20,-1.01643953670516e-19,1,0.00359332390592292,0.000617196715743545,0.000617196715743546,0.00199296618467358,0.00545961865169195,-0.00845383375064458,-0.00845383375064458,-0.0167743433978045,8.84530727490349,-18.3034069206283,31.6502044315525,-8.08928937908666,31.6502044315525,-8.08928937908666,-41.7936068601464,-47.2239646139808,8.67361737988404e-19,-1.62270341093937e-22,-4.7669535530373e-19,0,0,0,0.00359295174533235,0.00199159317497654,0.000616426183014777,0.00546833848355632,-0.0167795284827941,-0.00844327965108072,9.81991316237319e-14,6.95612997135619e-08,2.11352667818764e-14,3.97252849754372e-20,3.46944695195361e-18,6.29671446201817e-16
NC_k0034,0.0157894736842105,0.0157894736842105,0.709328863402856,48.3074327271984,253.577971928991,53.119325738204,247.118850141444,-52.4308596061388,-267.970224983711,-51.8084043056717,-254.157438722005,1,160,2.80760880591949,7.58371576357509,3.4291371079332,-1.95637106535434,-2.95932135946971e-19,3.18484388167617e-19,0,-5.1054910895753e-19,8.11000539469214e-05,-0.00134124112988251,1,5.90203112525732e-21,-1.63457101860108e-19,1,0.00359295174533235,0.000616426183014777,0.000616426183014777,0.00199159317497654,0.00546833848355632,-0.00844327965108072,-0.00844327965108072,-0.0167795284827941,1,-5.42101086242752e-20,-1.01643953670516e-19,1,0.00359332390592292,0.000617196715743545,0.000617196715743546,0.00199296618467358,0.00545961865169195,-0.00845383375064458,-0.00845383375064458,-0.0167743433978045,8.76721999612014,-18.3573792390644,31.7965554765149,-7.96524378056095,31.7965554765149,-7.96524378056095,-42.2613055370965,-47.4855755434269,8.67361737988404e-19,-2.90373292470751e-20,6.26042021911128e-20,0,0,0,0.00359295174533235,0.00199159317497654,0.000616426183014777,0.00546833848355632,-0.0167795284827941,-0.00844327965108072,1.02418399138631e-13,1.06692805587395e-07,8.64675705583787e-14,1.63457101860108e-19,1.73472347597681e-18,1.45561172845577e-14
NC_k0034,0.0657894736842105,0.0657894736842105,0.691351048169415,42.398535697293,259.566533115372,61.9383033999856,231.285939568203,-54.4200458003795,-284.993128223072,-52.7280018379784,-227.247689245988,1,160,11.2803807162715,31.5332869583549,14.1285103326267,-8.02881894777997,1.2589027178567e-19,-4.44904055545321e-19,0,-5.89746689525807e-20,8.41925997252867e-05,-0.00133418709714782,1,-1.81798316840135e-20,-6.75894915889721e-20,1,0.00359295174533235,0.000616426183014777,0.000616426183014777,0.00199159317497654,0.00546833848355631,-0.00844327965108073,-0.00844327965108073,-0.0167795284827941,1,-5.42101086242752e-20,-1.01643953670516e-19,1,0.00359332390592292,0.000617196715743545,0.000617196715743546,0.00199296618467358,0.00545961865169195,-0.00845383375064458,-0.00845383375064458,-0.0167743433978045,9.10508432420159,-18.1334654996056,31.164175499377,-8.50712118983048,31.164175499377,-8.50712118983048,-40.1996824388329,-46.3205335472942,1.30104260698261e-18,-2.08790171574281e-20,1.00178268079129e-18,0,0,0,0.00359295174533235,0.00199159317497654,0.000616426183014777,0.00546833848355632,-0.0167795284827941,-0.00844327965108072,2.37724214166735e-14,1.37238039053264e-07,2.0120822797356e-14,6.75894915889721e-20,1.04083408558608e-17,2.2482243117889e-15
NC_k0034,0.11578947368421,0.11578947368421,0.651374401832546,39.0151063318819,262.162891676186,71.5548834626782,207.553054114058,-56.6227940663092,-296.499220738302,-56.7071737032581,-194.495184647753,1,160,18.1499806522377,55.0257802461642,24.1480010964726,-13.5598186156515,-5.66453283476313e-20,3.66341749687485e-20,0,-3.02814278643412e-20,9.02528251099906e-05,-0.00131987520763796,1,-4.63601363374753e-20,5.43613063602611e-22,1,0.00359295174533235,0.000616426183014777,0.000616426183014777,0.00199159317497654,0.00546833848355632,-0.00844327965108073,-0.00844327965108073,-0.0167795284827941,1,-5.42101086242752e-20,-1.01643953670516e-19,1,0.00359332390592292,0.000617196715743545,0.000617196715743546,0.00199296618467358,0.00545961865169195,-0.00845383375064458,-0.00845383375064458,-0.0167743433978045,9.75780079272541,-17.7861236544533,29.9085987399233,-9.63102920829524,29.9085987399233,-9.63102920829524,-35.7286031464155,-43.6760523031954,1.30104260698261e-18,-1.46633618193592e-19,2.88780571294261e-19,0,0,0,0.00359295174533235,0.00199159317497654,0.000616426183014777,0.00546833848355632,-0.0167795284827941,-0.00844327965108072,3.44774594016178e-14,1.33981011611597e-07,7.48017618743081e-14,4.63601363374753e-20,3.46944695195361e-18,6.13595326651792e-15
NC_k0035,-0.13421052631579,-0.13421052631579,0.724702918345557,-76.7304143629846,-115.192895042572,-79.1483059058051,-171.804344695453,74.3633693823101,71.8809612704706,89.7839025827082,210.315883035612,1,160,-1.79015602504563,76.9834475955668,24.813786218272,-9.3245346239737,-3.60836035530332e-19,3.21449003483007e-19,0,2.27481285896983e-19,0.000228614142239184,-0.000781820574380379,1,-4.45538827993118e-20,1.54346305408127e-19,1,-0.00351465423052479,-0.00255730804241255,-0.00255730804241255,-0.000555357364942644,-0.0142628356337485,0.0131526284975548,0.0131526284975548,0.00209256844649203,1,-2.71050543121376e-20,2.16840434497101e-19,1,-0.00351436538956609,-0.00256050467746557,-0.00256050467746556,-0.000556918084524931,-0.0142596261742214,0.0131690692831767,0.0131690692831767,0.00208555577846894,-12.5834873686156,1.67018520362849,-24.7789689947262,15.3639053942332,-24.7789689947262,15.3639053942332,57.307929485249,21.6821703924651,8.67361737988404e-19,-1.75073994521738e-20,-1.4664623670575e-19,0,0,0,-0.00351465423052479,-0.000555357364942644,-0.00255730804241255,-0.0142628356337485,0.00209256844649203,0.0131526284975548,2.78971062729928e-14,1.7201263769113e-07,2.03667068315317e-13,1.54346305408127e-19,8.67361737988404e-19,2.9107427242096e-15
NC_k0035,-0.0842105263157895,-0.0842105263157895,0.759667581669979,-75.0474864504169,-134.900448104208,-76.6939821861544,-169.222007383486,73.9615935505795,104.470565438028,86.0431172397151,194.974420682013,1,160,-0.724743092462829,50.2767671912227,16.3521679525908,-6.41026409088312,5.51049526109351e-19,8.12833992008908e-19,0,-7.36918664111241e-20,0.00022987519580443,-0.000754428378750852,1,-7.07071500876195e-20,1.07587929925759e-19,1,-0.00351465423052479,-0.00255730804241255,-0.00255730804241255,-0.000555357364942645,-0.0142628356337485,0.0131526284975548,0.0131526284975548,0.00209256844649203,1,-2.71050543121376e-20,2.16840434497101e-19,1,-0.00351436538956609,-0.00256050467746557,-0.00256050467746556,-0.000556918084524931,-0.0142596261742214,0.0131690692831767,0.0131690692831767,0.00208555577846894,-12.4274859266239,0.570053923518736,-25.3619180077522,14.150698336613,-25.3619180077522,14.150698336613,62.4877802310386,24.0778301892512,8.67361737988404e-19,8.28524662528355e-20,-2.90948387733785e-19,0,0,0,-0.00351465423052479,-0.000555357364942644,-0.00255730804241255,-0.0142628356337485,0.00209256844649203,0.0131526284975548,8.17925716578192e-15,2.32582693044938e-07,1.25911133117772e-13,1.07587929925759e-19,9.75781955236954e-19,1.46145900050724e-16
NC_k0035,-0.0342105263157895,-0.0342105263157895,0.780296752640175,-74.3105925429633,-150.45475496954,-74.9648407339177,-164.034650627707,75.9871038351377,136.198516870892,81.5399697710763,173.679323966443,1,160,-0.200300008993142,20.8168653235596,6.8034665538069,-2.71955597724078,6.31039545704454e-20,3.447424095325e-19,0,2.91068313945159e-19,0.000230501742200487,-0.00073793982104207,1,6.68984877312173e-22,1.94658558043888e-19,1,-0.00351465423052479,-0.00255730804241255,-0.00255730804241255,-0.000555357364942644,-0.0142628356337485,0.0131526284975548,0.0131526284975548,0.00209256844649202,1,-2.71050543121376e-20,2.16840434497101e-19,1,-0.00351436538956609,-0.00256050467746557,-0.00256050467746556,-0.000556918084524931,-0.0142596261742214,0.0131690692831767,0.0131690692831767,0.00208555577846894,-12.2657486213888,-0.0231627494494919,-25.7560198550241,13.3979800290002,-25.7560198550241,13.3979800290002,65.5582984975522,25.4053240838683,1.73472347597681e-18,-4.67983789769773e-20,-3.63596312922952e-19,0,0,0,-0.00351465423052479,-0.000555357364942644,-0.00255730804241255,-0.0142628356337485,0.00209256844649203,0.0131526284975548,3.46876940400328e-14,8.04871555840281e-08,2.11847697468275e-13,1.94658558043888e-19,3.46944695195361e-18,5.97585045387972e-15
NC_k0035,0.0157894736842105,0.0157894736842105,0.783586072396901,-74.5916867761246,-161.203611819112,-74.2963717216472,-154.963748112426,79.8709272139027,164.459389460777,77.2588015186003,147.111011010162,1,160,0.0857193872995787,-9.63437384147719,-3.15105596987862,1.26306921454575,4.5845658270139e-19,-9.50794483292952e-20,0,1.23455052062314e-19,0.000230675123911159,-0.00073530373903695,1,-4.86892454565599e-20,1.45912201247897e-19,1,-0.00351465423052479,-0.00255730804241255,-0.00255730804241255,-0.000555357364942645,-0.0142628356337485,0.0131526284975548,0.0131526284975548,0.00209256844649203,1,-2.71050543121376e-20,2.16840434497101e-19,1,-0.00351436538956609,-0.00256050467746557,-0.00256050467746556,-0.000556918084524931,-0.0142596261742214,0.0131690692831767,0.0131690692831767,0.00208555577846894,-12.2365394806731,-0.114233509638619,-25.8217449674127,13.2745243195022,-25.8217449674127,13.2745243195022,66.0497470746968,25.6127991602199,1.73472347597681e-18,1.05915096013452e-19,-2.33227527322571e-19,0,0,0,-0.00351465423052479,-0.000555357364942644,-0.00255730804241255,-0.0142628356337485,0.00209256844649203,0.0131526284975548,1.52664146858338e-13,1.80089426026733e-07,1.46269035048107e-13,1.45912201247897e-19,1.30104260698261e-18,3.96717677668965e-15
NC_k0035,0.0657894736842105,0.0657894736842105,0.769185150022266,-75.9468116726195,-167.685321429293,-74.6693362196609,-141.187199401424,84.4301013387538,187.796100512422,74.4390485521914,116.432640101552,1,160,0.481539254504266,-39.6374003389006,-12.9214341578508,5.11291948375352,1.92911753737167e-19,-5.37018888559226e-19,0,-4.77303065777798e-19,0.000230169550580912,-0.000746844380022345,1,-5.58947595261986e-20,-4.45046706084302e-20,1,-0.00351465423052479,-0.00255730804241255,-0.00255730804241255,-0.000555357364942644,-0.0142628356337485,0.0131526284975548,0.0131526284975548,0.00209256844649203,1,-2.71050543121376e-20,2.16840434497101e-19,1,-0.00351436538956609,-0.00256050467746557,-0.00256050467746556,-0.000556918084524931,-0.0142596261742214,0.0131690692831767,0.0131690692831767,0.00208555577846894,-12.3584326620978,0.291359373959303,-25.5398917785363,13.8084903665074,-25.5398917785363,13.8084903665074,63.9010692933058,24.6962038714578,8.67361737988404e-19,1.19017315145666e-19,-7.38823856954171e-19,0,0,0,-0.00351465423052479,-0.000555357364942644,-0.00255730804241255,-0.0142628356337485,0.00209256844649203,0.0131526284975548,1.67678759961351e-14,2.02618133893247e-07,4.10779449133144e-14,5.58947595261986e-20,6.50521303491303e-18,1.15470042508545e-15
NC_k0035,0.11578947368421,0.11578947368421,0.738848877090862,-78.2040436092451,-171.070546525422,-75.9913384265515,-122.811466052396,88.5357960718195,205.377413297488,73.9310901588378,83.7516151480346,1,160,1.32789766559775,-67.6079112400981,-21.872404479585,8.37549366848583,2.80579663777987e-19,1.91852962553099e-18,0,9.74087889342445e-21,0.000229100491318651,-0.00077067627001591,1,1.34882081563231e-20,1.73626416113936e-21,1,-0.00351465423052479,-0.00255730804241255,-0.00255730804241255,-0.000555357364942645,-0.0142628356337485,0.0131526284975548,0.0131526284975548,0.00209256844649203,1,-2.71050543121376e-20,2.16840434497101e-19,1,-0.00351436538956609,-0.00256050467746557,-0.00256050467746556,-0.000556918084524931,-0.0142596261742214,0.0131690692831767,0.0131690692831767,0.00208555577846894,-12.540111106038,1.210234526258,-25.0002571862467,14.8778540555962,-25.0002571862467,14.8778540555962,59.4051898694755,22.6782306523206,8.67361737988404e-19,1.6824393505866e-19,7.02200813428103e-20,0,0,0,-0.00351465423052479,-0.000555357364942644,-0.00255730804241255,-0.0142628356337485,0.00209256844649203,0.0131526284975548,8.1976106601585e-15,1.24821439674865e-07,2.97126232673895e-14,1.34882081563231e-20,1.73472347597681e-18,3.0052776935834e-16
NC_k0036,-0.13421052631579,-0.13421052631579,0.385208539416331,12.1408272584581,11.4058568215231,-109.274779391349,25.0606474749512,29.8077726552853,9.15947860568814,68.8789481944014,-47.2079605436263,1,160,-67.7976725344513,-30.4510100166421,-32.4220652418609,12.2862623430451,1.42195656020316e-18,-3.68406392496417e-19,0,2.04770214998727e-19,0.000536776058780654,0.000605751836637495,1,3.96170604417936e-20,-8.02618082817485e-20,1,0.000844162125238233,-0.0113505931958439,-0.0113505931958439,0.00945185736383171,0.0125214744945685,-0.00300099643370445,-0.00300099643370445,0.0039141427757966,1,-2.16840434497101e-19,0,1,0.000848460783045459,-0.0113647814373387,-0.0113647814373387,0.00945077621211481,0.0125213527686048,-0.00300474767924658,-0.00300474767924658,0.00391940063215721,-6.54003159534,-58.3408358363995,3.11463426009508,8.72723482716923,3.11463426009508,8.72723482716923,-20.6739492831068,-2.10845162721577,6.50521303491303e-19,-1.76054338699436e-19,4.07113374227745e-20,0,0,0,0.000844162125238233,0.00945185736383171,-0.0113505931958439,0.0125214744945685,0.0039141427757966,-0.00300099643370445,2.24279300112249e-14,1.45493799739889e-07,2.76744157395422e-13,8.02618082817485e-20,1.73472347597681e-18,1.44106751411504e-15
NC_k0036,-0.0842105263157895,-0.0842105263157895,0.411975634608725,-16.9763598587135,20.219726109652,-96.6219307266634,26.7842697372332,46.4326222097213,-5.89370149780056,68.6379131872095,-42.7483086887772,1,160,-44.4493081620651,-20.4808236237912,-21.4269434893325,8.48815582152683,9.91452064761159e-19,5.07160977168512e-19,0,1.69671287246877e-19,0.000510303533315759,0.000594285363181007,1,-3.11610636642883e-19,-1.63810452258231e-19,1,0.000844162125238233,-0.0113505931958439,-0.0113505931958439,0.00945185736383171,0.0125214744945685,-0.00300099643370445,-0.00300099643370445,0.0039141427757966,1,-2.16840434497101e-19,0,1,0.000848460783045459,-0.0113647814373387,-0.0113647814373387,0.00945077621211481,0.0125213527686048,-0.00300474767924658,-0.00300474767924658,0.00391940063215721,-8.63884191071796,-62.5824429844232,4.29618014602546,9.85977802737549,4.29618014602546,9.85977802737549,-21.6129986404521,-3.21886666216994,1.30104260698261e-18,-7.09980513662516e-20,4.8506213051701e-19,0,0,0,0.000844162125238233,0.00945185736383171,-0.0113505931958439,0.0125214744945685,0.0039141427757966,-0.00300099643370445,7.75294917048351e-15,1.86360903265792e-07,1.95951236712091e-13,3.11610636642883e-19,1.73472347597681e-18,1.25311708528833e-14
NC_k0036,-0.0342105263157895,-0.0342105263157895,0.428286440776231,-45.198606655088,25.7233236711913,-78.2799585460699,27.8222773789121,58.2708787848139,-19.9514025203066,66.6418752388068,-35.2556134524719,1,160,-18.4447406976253,-8.61507571561274,-8.92973941636852,3.61187451925794,1.55430545821164e-19,-1.24831480601603e-19,0,-1.59798059455444e-19,0.000494367137680718,0.000587577752209199,1,-1.09116222912954e-19,-1.27981080559002e-19,1,0.000844162125238229,-0.0113505931958439,-0.0113505931958439,0.00945185736383171,0.0125214744945685,-0.00300099643370445,-0.00300099643370445,0.0039141427757966,1,-2.16840434497101e-19,0,1,0.000848460783045459,-0.0113647814373387,-0.0113647814373387,0.00945077621211481,0.0125213527686048,-0.00300474767924658,-0.00300474767924658,0.00391940063215721,-9.82144795370105,-65.1304872374115,5.04789701880786,10.5927062390381,5.04789701880786,10.5927062390381,-22.2391994221025,-3.93147461270832,8.67361737988404e-19,5.12688520628562e-19,4.98232128915171e-19,0,0,0,0.000844162125238233,0.00945185736383171,-0.0113505931958439,0.0125214744945685,0.0039141427757966,-0.00300099643370445,4.73348691032361e-14,1.20693412248533e-07,2.19933585424106e-13,1.27981080559002e-19,4.01154803819637e-18,5.57332494257324e-15
NC_k0036,0.0157894736842105,0.0157894736842105,0.430928687045128,-70.1959304609687,27.7685154109054,-54.8780863100671,26.8441323627524,65.156798983797,-31.6815905879446,61.3439236030054,-24.5949961020939,1,160,8.53966198079939,3.9967879304274,4.13702847070485,-1.67859799049272,4.69448158680995e-19,-1.62418567636012e-19,0,-1.62306071072705e-19,0.000491799678836817,0.000586456831609185,1,-1.75781645467136e-19,-9.60377739016154e-20,1,0.000844162125238234,-0.0113505931958439,-0.0113505931958439,0.00945185736383171,0.0125214744945685,-0.00300099643370445,-0.00300099643370445,0.0039141427757966,1,-2.16840434497101e-19,0,1,0.000848460783045459,-0.0113647814373387,-0.0113647814373387,0.00945077621211481,0.0125213527686048,-0.00300474767924658,-0.00300474767924658,0.00391940063215721,-10.007215557896,-65.5406960985894,5.17198638125725,10.7141375873036,5.17198638125725,10.7141375873036,-22.3439263055868,-4.04842214971645,8.67361737988404e-19,-3.37893698434636e-19,6.04663350200162e-20,0,0,0,0.000844162125238233,0.00945185736383171,-0.0113505931958439,0.0125214744945685,0.0039141427757966,-0.00300099643370445,1.26471628594163e-13,1.27143119628028e-07,3.41890420618738e-14,1.75781645467136e-19,1.73472347597681e-18,1.06918515538788e-14
NC_k0036,0.0657894736842105,0.0657894736842105,0.419440077510408,-90.5066687742536,27.3144256444933,-27.6254519384175,22.671670825865,68.1859462251449,-40.3622996550916,51.399356316907,-11.2714138206975,1,160,35.0794010447974,16.2675389941249,16.9444902128444,-6.77977227994869,1.06143816202805e-20,-1.39058987137515e-19,0,3.82633899032329e-19,0.000503004006976432,0.000591198162951582,1,-2.11609122832706e-19,2.46077335419937e-21,1,0.000844162125238232,-0.0113505931958439,-0.0113505931958439,0.00945185736383171,0.0125214744945685,-0.00300099643370445,-0.00300099643370445,0.0039141427757966,1,-2.16840434497101e-19,0,1,0.000848460783045459,-0.0113647814373387,-0.0113647814373387,0.00945077621211481,0.0125213527686048,-0.00300474767924658,-0.00300474767924658,0.00391940063215721,-9.18812350972821,-63.7518878342219,4.63698199830847,10.1916220951049,4.63698199830847,10.1916220951049,-21.8948494513902,-3.542515124132,8.67361737988404e-19,5.03259208169691e-20,-1.11012430777327e-19,0,0,0,0.000844162125238233,0.00945185736383171,-0.0113505931958439,0.0125214744945685,0.0039141427757966,-0.00300099643370445,1.86348482992768e-14,1.26697337555477e-07,3.30231143801292e-13,2.11609122832706e-19,1.73472347597681e-18,4.76445039822331e-15
NC_k0036,0.11578947368421,0.11578947368421,0.395939349368437,-105.288192961228,25.701078529,1.506954033941,14.963551171644,68.9064428381652,-45.8803061423872,36.3935520875029,3.60994333256448,1,160,59.6327547940718,27.0703250411972,28.6120163456388,-11.0577224738334,3.3881317890172e-21,1.03549777801838e-19,0,-6.59659994898789e-20,0.000526020145927601,0.000601085466920385,1,1.04038386801301e-19,-7.77662366974554e-20,1,0.000844162125238231,-0.0113505931958439,-0.0113505931958439,0.00945185736383171,0.0125214744945685,-0.00300099643370445,-0.00300099643370445,0.0039141427757966,1,-2.16840434497101e-19,0,1,0.000848460783045459,-0.0113647814373387,-0.0113647814373387,0.00945077621211481,0.0125213527686048,-0.00300474767924658,-0.00300474767924658,0.00391940063215721,-7.40737039327295,-60.0501910164374,3.5816663178663,9.17001121652249,3.5816663178663,9.17001121652249,-21.0363162096785,-2.54251249517003,1.30104260698261e-18,5.81142957262508e-20,-3.61937127227377e-19,0,0,0,0.000844162125238233,0.00945185736383171,-0.0113505931958439,0.0125214744945685,0.0039141427757966,-0.00300099643370445,2.79414010154546e-14,1.21681645556357e-07,2.38790570835742e-13,1.04038386801301e-19,6.93889390390723e-18,2.80402295552608e-15
NC_k0037,-0.13421052631579,-0.13421052631579,0.537438321520943,64.4260904153326,-6.69579952586124,153.925676973873,7.95387110791565,-89.6888219326069,37.8701032828438,-130.990774895919,-12.5978088027005,1,160,50.0952576065585,-29.7636441100922,6.70943245383389,-5.1887351219305,-2.6986469699522e-18,8.31998112440537e-19,0,-3.23304369596963e-19,-8.09127489519657e-05,0.00207647315058334,1,-3.41883514790432e-20,-1.68829464898862e-19,1,0.00526516256280188,0.0075507131118313,0.0075507131118313,-0.00336613753595378,0.011274254889374,-0.00828254755886328,-0.00828254755886328,0.0104031002784616,1,-8.13151629364128e-20,0,1,0.00526276200418147,0.00756015150322109,0.00756015150322109,-0.00336314353201247,0.011277369740303,-0.00829290074331186,-0.00829290074331186,0.0104067596010224,17.5618704634295,35.2471215674754,9.14151738053178,-18.0106409376319,9.14151738053178,-18.0106409376319,-32.5887575024399,6.19649275568974,8.67361737988404e-19,2.27668983595118e-19,4.17134439679713e-19,0,0,0,0.00526516256280188,-0.00336613753595378,0.0075507131118313,0.011274254889374,0.0104031002784616,-0.00828254755886328,3.38284401708711e-14,3.05883432517387e-07,1.42425611400205e-13,1.68829464898862e-19,1.73472347597681e-18,1.38406473210502e-14
NC_k0037,-0.0842105263157895,-0.0842105263157895,0.554875211057255,84.8393943901961,-6.98473516933749,143.352006763493,5.0824282710242,-102.486549752567,31.9767322256271,-127.897087001439,-3.53059143653388,1,160,32.6981434750913,-20.1241776756856,4.14940871380384,-3.24123956584513,-9.9304025153726e-19,-5.82335151237331e-22,0,1.23666810299128e-19,-6.51978704508052e-05,0.00206201499900236,1,7.88693565087548e-20,-1.80465247391283e-19,1,0.00526516256280188,0.0075507131118313,0.0075507131118313,-0.00336613753595378,0.011274254889374,-0.00828254755886328,-0.00828254755886328,0.0104031002784616,1,-8.13151629364128e-20,0,1,0.00526276200418147,0.00756015150322109,0.00756015150322109,-0.00336314353201247,0.011277369740303,-0.00829290074331186,-0.00829290074331186,0.0104067596010224,19.111907979381,39.0440762371472,8.21434805524739,-18.0625492897836,8.21434805524739,-18.0625492897836,-34.2816285346312,6.2801788331936,8.67361737988404e-19,2.1713016502075e-19,8.1652343973976e-20,0,0,0,0.00526516256280188,-0.00336613753595378,0.0075507131118313,0.011274254889374,0.0104031002784616,-0.00828254755886328,2.87655764670231e-14,3.66039321059788e-07,1.48866339969343e-13,1.80465247391283e-19,1.73472347597681e-18,1.00042586378093e-15
NC_k0037,-0.0342105263157895,-0.0342105263157895,0.565019110477936,104.805710723651,-4.38648995157158,129.053777781633,1.2130040609377,-112.910138099786,22.4632145043893,-123.099901335255,7.23314012383938,1,160,13.5231095044847,-8.49524611832048,1.65919491743418,-1.29755974741459,-7.05154928589205e-20,4.73067901041527e-19,0,1.8499728963626e-19,-5.54055938630809e-05,0.00205352494435048,1,-1.37796148945245e-19,-1.15725036936108e-19,1,0.00526516256280188,0.0075507131118313,0.0075507131118313,-0.00336613753595378,0.011274254889374,-0.00828254755886328,-0.00828254755886328,0.0104031002784616,1,-8.13151629364128e-20,0,1,0.00526276200418147,0.00756015150322109,0.00756015150322109,-0.00336314353201247,0.011277369740303,-0.00829290074331186,-0.00829290074331186,0.0104067596010224,19.9299931300069,41.2787307652209,7.65930745202012,-18.0832804836456,7.65930745202012,-18.0832804836456,-35.3787866702433,6.3020150613434,8.67361737988404e-19,2.48832744628603e-19,2.62606115197649e-19,0,0,0,0.00526516256280188,-0.00336613753595378,0.0075507131118313,0.011274254889374,0.0104031002784616,-0.00828254755886328,1.60518411614373e-13,2.02301651499089e-07,9.58076708519591e-14,1.37796148945245e-19,1.73472347597681e-18,5.89479012675896e-16
NC_k0037,0.0157894736842105,0.0157894736842105,0.566616304441673,122.996061208667,-0.350502736839532,111.779304842511,-2.98796696295089,-120.798037756447,11.3819586612734,-116.105341145041,18.4700116138442,1,160,-6.25740426549241,3.94359344281374,-0.763557571483959,0.59726488572774,-1.9280587461876e-19,5.67723832897195e-19,0,1.30760711232383e-19,-5.38865199366392e-05,0.00205222734286987,1,4.6966780755318e-20,-2.10759195553522e-19,1,0.00526516256280188,0.0075507131118313,0.0075507131118313,-0.00336613753595378,0.011274254889374,-0.00828254755886328,-0.00828254755886328,0.0104031002784616,1,-8.13151629364128e-20,0,1,0.00526276200418147,0.00756015150322109,0.00756015150322109,-0.00336314353201247,0.011277369740303,-0.00829290074331186,-0.00829290074331186,0.0104067596010224,20.0550817837806,41.6348339419882,7.56977576358661,-18.0849041265952,7.56977576358661,-18.0849041265952,-35.5599548407587,6.30325411145413,8.67361737988404e-19,1.77964053023921e-19,3.41978499405042e-19,0,0,0,0.00526516256280188,-0.00336613753595378,0.0075507131118313,0.011274254889374,0.0104031002784616,-0.00828254755886328,1.68731642007061e-13,3.38039040592981e-07,1.32725677310239e-13,2.10759195553522e-19,3.46944695195361e-18,5.29035635400868e-15
NC_k0037,0.0657894736842105,0.0657894736842105,0.559581425262467,138.488635615459,3.75049376685742,92.3338084774124,-6.28991188457826,-126.356361529387,0.299725819955036,-106.628252631722,28.7670814176121,1,160,-25.7667923921988,16.0080710069176,-3.22037805714277,2.51733394903409,-4.26057572468913e-19,5.16901856061937e-19,0,-4.67985703358001e-20,-6.07258169918736e-05,0.00205814307178506,1,2.79802987941108e-20,-3.43676472219703e-20,1,0.00526516256280188,0.0075507131118313,0.0075507131118313,-0.00336613753595378,0.011274254889374,-0.00828254755886328,-0.00828254755886328,0.0104031002784616,1,-8.13151629364128e-20,0,1,0.00526276200418147,0.00756015150322109,0.00756015150322109,-0.00336314353201247,0.011277369740303,-0.00829290074331186,-0.00829290074331186,0.0104067596010224,19.4970590026935,40.0746939363339,7.96002145061084,-18.0744086198919,7.96002145061084,-18.0744086198919,-34.7791086350488,6.29284182240189,8.67361737988404e-19,-1.22080935322833e-22,-2.80274645163085e-19,0,0,0,0.00526516256280188,-0.00336613753595378,0.0075507131118313,0.011274254889374,0.0104031002784616,-0.00828254755886328,1.12785469957785e-13,2.7345057302578e-07,3.23956705297197e-13,3.43676472219703e-20,1.73472347597681e-18,1.48801806292679e-14
NC_k0037,0.11578947368421,0.11578947368421,0.544498384011275,150.505833630597,7.02645102428447,71.8576273876008,-7.21041447496513,-130.015003475074,-9.52592914045495,-94.6256881635507,36.2476810918418,1,160,-43.9959360392765,26.5218347356372,-5.76645343020095,4.48623211564199,-1.18690491734009e-19,9.11407451245627e-19,0,1.69512468569267e-19,-7.45238197384442e-05,0.00207054944877967,1,-1.89759430209693e-19,-4.30215127799286e-20,1,0.00526516256280188,0.0075507131118313,0.0075507131118313,-0.00336613753595378,0.011274254889374,-0.00828254755886328,-0.00828254755886328,0.0104031002784616,1,-8.13151629364128e-20,0,1,0.00526276200418147,0.00756015150322109,0.00756015150322109,-0.00336314353201247,0.011277369740303,-0.00829290074331186,-0.00829290074331186,0.0104067596010224,18.2161711503988,36.7865846068845,8.76599536566236,-18.0308827284298,8.76599536566236,-18.0308827284298,-33.2477610941219,6.23744985321346,1.73472347597681e-18,1.76530012250976e-19,-5.82636076166945e-19,0,0,0,0.00526516256280188,-0.00336613753595378,0.0075507131118313,0.011274254889374,0.0104031002784616,-0.00828254755886328,1.32027805014837e-14,1.15699484935782e-07,1.61658168800166e-13,1.89759430209693e-19,5.20417042793042e-18,7.54423761710929e-15
NC_k0038,-0.13421052631579,-0.13421052631579,0.128996814742177,46.469178966614,20.961272219477,37.6519162764813,11.9260688828355,-45.1410406692386,-24.0972376224168,-45.9771862515286,2.44312307327474,1,160,-6.00458100912766,15.2738059252694,3.05884422232679,-2.31733576236711,3.95987902841385e-20,-6.65873775660287e-19,0,-5.57056511717711e-20,-0.000987210037718259,0.00126479476569104,1,5.43883811946009e-20,-1.1566615792347e-20,1,-0.0044705407505022,-0.00322081580792181,-0.00322081580792181,-0.0124565213817698,0.0122190735985311,0.00371546962431562,0.00371546962431562,0.00716695275968236,1,-4.33680868994202e-19,0,1,-0.00447568122290763,-0.00322484182768172,-0.00322484182768172,-0.0124566706162807,0.0122205238773875,0.00372011396134602,0.00372011396134602,0.00717156061406297,5.69578122976719,-16.9954656446013,6.91166027446523,-10.0095726744699,6.91166027446523,-10.0095726744699,21.3594878737672,-0.046058737432801,8.67361737988404e-19,-7.21435110916953e-20,3.94916178309195e-19,0,0,0,-0.0044705407505022,-0.0124565213817698,-0.00322081580792181,0.0122190735985311,0.00716695275968236,0.00371546962431562,9.40873997028643e-14,3.38262734720829e-07,1.63313965688815e-13,5.43883811946009e-20,1.73472347597681e-18,2.19468110003533e-14
NC_k0038,-0.0842105263157895,-0.0842105263157895,0.13500218976297,43.8523864095081,15.1410242534303,38.474983871569,11.5160504766342,-43.8125778472761,-15.9257726761157,-45.4650108770047,0.487365600741503,1,160,-3.11892660179314,9.1218967065232,1.98098013456094,-1.51473190634839,-8.10107604709933e-20,-7.5015355391209e-20,0,-2.49345323847985e-19,-0.000992245713643966,0.00127141785950193,1,7.89519377257014e-21,-4.81737116870186e-20,1,-0.0044705407505022,-0.00322081580792181,-0.00322081580792181,-0.0124565213817698,0.0122190735985311,0.00371546962431562,0.00371546962431562,0.00716695275968236,1,-4.33680868994202e-19,0,1,-0.00447568122290763,-0.00322484182768172,-0.00322484182768172,-0.0124566706162807,0.0122205238773875,0.00372011396134602,0.00372011396134602,0.00717156061406297,5.43679470652998,-18.317882216277,6.34874514592767,-9.82293189732625,6.34874514592767,-9.82293189732625,23.4003095338299,0.750338479814179,8.67361737988404e-19,-2.42519697345571e-19,4.91294375961325e-19,0,0,0,-0.0044705407505022,-0.0124565213817698,-0.00322081580792181,0.0122190735985311,0.00716695275968236,0.00371546962431562,8.05231167073768e-14,3.38714416817064e-07,2.73466680770739e-13,4.81737116870186e-20,1.73472347597681e-18,5.34543156132043e-15
NC_k0038,-0.0342105263157895,-0.0342105263157895,0.137433458572867,41.891464937672,12.2339548247214,39.7537506724567,11.2657755229712,-43.8145109944067,-9.45356977210085,-44.7598186078693,-2.84287590710381,1,160,-1.11440583966504,3.5852692530714,0.815384926424095,-0.624886106953187,-1.61174487994732e-19,8.35783290923579e-20,0,-4.65074027601814e-20,-0.000995380625822375,0.00127566428456971,1,1.45354488987207e-19,-3.26713182347197e-20,1,-0.0044705407505022,-0.00322081580792181,-0.00322081580792181,-0.0124565213817698,0.0122190735985311,0.00371546962431562,0.00371546962431562,0.00716695275968236,1,-4.33680868994202e-19,0,1,-0.00447568122290763,-0.00322484182768172,-0.00322484182768172,-0.0124566706162807,0.0122205238773875,0.00372011396134602,0.00372011396134602,0.00717156061406297,5.38798860962186,-19.0311865147061,5.99266375568813,-9.69614063882015,5.99266375568813,-9.69614063882015,24.5286602653272,1.09455751492278,8.67361737988404e-19,1.90504317060454e-19,7.56736279197197e-19,0,0,0,-0.0044705407505022,-0.0124565213817698,-0.00322081580792181,0.0122190735985311,0.00716695275968236,0.00371546962431562,2.68755983179427e-13,3.15213670476839e-07,1.8057441681285e-13,1.45354488987207e-19,3.46944695195361e-18,3.02934699132013e-14
NC_k0038,0.0157894736842105,0.0157894736842105,0.137754338368711,40.2892181067762,11.3082605688173,41.2757959277324,11.7167749606185,-44.4699327145096,-4.39165004484131,-44.013448059295,-7.436720141327,1,160,0.503242378224148,-1.64569893600413,-0.377010664067391,0.289063234021576,1.83700270435776e-20,-1.95982248170964e-19,0,-9.46559318556681e-20,-0.000995910223014337,0.00127637105081253,1,1.97710240095098e-20,-1.14863666701356e-20,1,-0.0044705407505022,-0.00322081580792181,-0.00322081580792181,-0.0124565213817698,0.0122190735985311,0.00371546962431562,0.00371546962431562,0.00716695275968236,1,-4.33680868994202e-19,0,1,-0.00447568122290763,-0.00322484182768172,-0.00322484182768172,-0.0124566706162807,0.0122205238773875,0.00372011396134602,0.00372011396134602,0.00717156061406297,5.38611993812871,-19.1414761870917,5.93400497614302,-9.67446236229629,5.93400497614302,-9.67446236229629,24.7047030810938,1.14219461672239,8.67361737988404e-19,2.27074147212672e-19,3.70457937480707e-19,0,0,0,-0.0044705407505022,-0.0124565213817698,-0.00322081580792181,0.0122190735985311,0.00716695275968236,0.00371546962431562,1.01506845356437e-12,3.21016528706167e-07,6.04152924347894e-14,1.97710240095098e-20,1.73472347597681e-18,4.07001793246643e-14
NC_k0038,0.0657894736842105,0.0657894736842105,0.136214761504386,38.913768058602,11.3858316539799,43.0731428037739,13.7732157328929,-45.2268023333598,-0.589956518607574,-43.6946229966233,-13.3609271099751,1,160,2.3006137044692,-7.0210747678733,-1.55775215092335,1.19252351613501,1.96895455567222e-19,-5.42339314259167e-19,0,1.81582688067641e-19,-0.000993690112148879,0.00127336217646379,1,5.79647223074522e-20,2.67151769163634e-20,1,-0.0044705407505022,-0.00322081580792181,-0.00322081580792181,-0.0124565213817699,0.0122190735985311,0.00371546962431562,0.00371546962431562,0.00716695275968236,1,-4.33680868994202e-19,0,1,-0.00447568122290763,-0.00322484182768172,-0.00322484182768172,-0.0124566706162807,0.0122205238773875,0.00372011396134602,0.00372011396134602,0.00717156061406297,5.4060569457214,-18.6516434616358,6.18703827209868,-9.766332196638,6.18703827209868,-9.766332196638,23.9259703946407,0.919099060248558,8.67361737988404e-19,8.0724902638198e-19,1.91042511137865e-19,0,0,0,-0.0044705407505022,-0.0124565213817698,-0.00322081580792181,0.0122190735985311,0.00716695275968236,0.00371546962431562,1.75299834539756e-13,3.91974787170036e-07,4.13209419309865e-13,5.79647223074522e-20,8.67361737988404e-18,2.68967617077614e-14
NC_k0038,0.11578947368421,0.11578947368421,0.131748347799713,37.8811232220324,11.7710125704532,45.4000990894856,18.4424412414471,-45.8071345476172,1.89622801393913,-44.4561679711193,-20.8791024517068,1,160,4.81855581700488,-12.93219778727,-2.67750185018748,2.03866650633056,-3.71926873183443e-19,-4.54750813557152e-20,0,-5.31036718369243e-19,-0.000989210128554376,0.00126743054040864,1,9.75132543104977e-20,-8.42224176317291e-20,1,-0.0044705407505022,-0.00322081580792181,-0.00322081580792181,-0.0124565213817698,0.0122190735985311,0.00371546962431562,0.00371546962431562,0.00716695275968237,1,-4.33680868994202e-19,0,1,-0.00447568122290763,-0.00322484182768172,-0.00322484182768172,-0.0124566706162807,0.0122205238773875,0.00372011396134602,0.00372011396134602,0.00717156061406297,5.5602197281363,-17.5518069742805,6.68940750323287,-9.9377593710092,6.68940750323287,-9.9377593710092,22.2096586994151,0.31309100144524,1.30104260698261e-18,8.94872809864282e-19,-8.04069703554691e-19,0,0,0,-0.0044705407505022,-0.0124565213817698,-0.00322081580792181,0.0122190735985311,0.00716695275968236,0.00371546962431562,1.01439797587106e-13,2.81880832785267e-07,3.64816420286425e-13,9.75132543104977e-20,8.67361737988404e-18,1.79070475397157e-14
NC_k0039,-0.13421052631579,-0.13421052631579,0.689343572684366,-12.1965850045401,83.2721349455409,-176.212885611167,97.2691118703651,60.8676431580087,-83.7727983369058,116.289484059818,-120.666413290892,1,160,-92.4804304802613,-18.6307317826921,-36.6666835467746,13.4997584259944,2.38990346067801e-18,-5.03984603616309e-19,0,1.01847770973449e-18,-0.000847500615155171,-0.00113103516241459,1,-9.38595191670982e-20,-3.92456037947467e-20,1,-0.00936196115721761,-0.0143750446473943,-0.0143750446473943,-0.00123606231006256,0.00591636410265959,0.00222737079348689,0.00222737079348689,-0.00801369950739952,1,-1.0842021724855e-19,0,1,-0.00936107775499464,-0.0143930134532035,-0.0143930134532035,-0.00124025759461905,0.00591168324912445,0.00223015500697875,0.00223015500697875,-0.00800967407117837,-16.1612958795956,-77.4600537868635,7.17439154120517,10.3076194263297,7.17439154120517,10.3076194263297,3.74037455567683,-19.4704669788196,8.67361737988404e-19,-3.38925046629347e-19,-5.93716007608269e-20,0,0,0,-0.00936196115721762,-0.00123606231006256,-0.0143750446473943,0.00591636410265959,-0.00801369950739952,0.00222737079348689,1.22930696939047e-14,2.40668885573386e-07,6.01020756357215e-14,9.38595191670982e-20,1.73472347597681e-18,3.22110212851292e-15
NC_k0039,-0.0842105263157895,-0.0842105263157895,0.7513390461692,-52.4741409048373,95.0681873459742,-159.190304549967,99.946220203749,84.790204219676,-98.5468828350328,115.430784319186,-120.515862121726,1,160,-59.9329151942081,-12.0742822614467,-23.7623751603661,8.98725717000089,1.76754600268291e-18,7.01978555037001e-19,0,-9.11619209482441e-20,-0.000882546967801604,-0.0011343672377516,1,-2.95224851848881e-19,-3.739575948804e-20,1,-0.00936196115721762,-0.0143750446473943,-0.0143750446473943,-0.00123606231006256,0.00591636410265959,0.00222737079348689,0.00222737079348689,-0.00801369950739952,1,-1.0842021724855e-19,0,1,-0.00936107775499464,-0.0143930134532035,-0.0143930134532035,-0.00124025759461905,0.00591168324912445,0.00223015500697875,0.00223015500697875,-0.00800967407117837,-19.2757442927746,-84.0843735672202,8.7135785787722,11.6823022344168,8.7135785787722,11.6823022344168,3.30706055743271,-20.996678140609,8.67361737988404e-19,-3.66058698104801e-20,-1.15061431603999e-20,0,0,0,-0.00936196115721762,-0.00123606231006256,-0.0143750446473943,0.00591636410265959,-0.00801369950739952,0.00222737079348689,2.04509694750277e-14,3.15185741063981e-07,7.15499615236488e-14,2.95224851848881e-19,1.95156391047391e-18,7.38829580524114e-15
NC_k0039,-0.0342105263157895,-0.0342105263157895,0.786739677649262,-90.4618010809342,101.272743259084,-134.592935234631,102.226910647544,101.104071823471,-109.464445664641,112.453776470547,-118.125598264768,1,160,-24.6973596211027,-4.96531425969071,-9.78868238066185,3.73840508018378,9.29830417848408e-19,-3.89635155736978e-19,0,-5.7139651481693e-19,-0.000903963259018791,-0.00113633259482191,1,1.49899163378105e-19,3.04837511658336e-20,1,-0.00936196115721761,-0.0143750446473943,-0.0143750446473943,-0.00123606231006256,0.00591636410265958,0.00222737079348689,0.00222737079348689,-0.00801369950739952,1,-1.0842021724855e-19,0,1,-0.00936107775499464,-0.0143930134532035,-0.0143930134532035,-0.00124025759461905,0.00591168324912445,0.00223015500697875,0.00223015500697875,-0.00800967407117837,-20.9291261214635,-87.9614880205549,9.66443785869923,12.5428629691623,9.66443785869923,12.5428629691623,3.08852882028088,-21.9032986422099,8.67361737988404e-19,-2.55267782106566e-19,-1.38175206823032e-20,0,0,0,-0.00936196115721762,-0.00123606231006256,-0.0143750446473943,0.00591636410265959,-0.00801369950739952,0.00222737079348689,5.10667284002511e-14,1.82050439749595e-07,1.13855738088077e-13,1.49899163378105e-19,1.73472347597681e-18,4.23350845075888e-16
NC_k0039,0.0157894736842105,0.0157894736842105,0.792319497065069,-123.804494691432,102.607069567863,-103.38632398365,102.245365235825,110.415231498765,-116.462834677823,105.260708124429,-112.485400588989,1,160,11.4216868929723,2.29510359124183,4.52654085979065,-1.73109286199664,2.93060164860187e-19,-3.87557278038245e-19,0,-6.70214819514965e-20,-0.000907405226053927,-0.00113671829038981,1,-2.48362627940514e-19,-6.94636098264745e-21,1,-0.00936196115721761,-0.0143750446473943,-0.0143750446473943,-0.00123606231006256,0.00591636410265959,0.00222737079348689,0.00222737079348689,-0.00801369950739952,1,-1.0842021724855e-19,0,1,-0.00936107775499464,-0.0143930134532035,-0.0143930134532035,-0.00124025759461905,0.00591168324912445,0.00223015500697875,0.00223015500697875,-0.00800967407117837,-21.1822831233985,-88.5788071450515,9.81922445923614,12.6830499180722,9.81922445923614,12.6830499180722,3.0560526396822,-22.0478322928927,8.67361737988404e-19,-1.07154887024902e-19,-7.40339656271469e-20,0,0,0,-0.00936196115721762,-0.00123606231006256,-0.0143750446473943,0.00591636410265959,-0.00801369950739952,0.00222737079348689,7.6868187344006e-14,2.25476446644144e-07,1.51506082874404e-13,2.48362627940514e-19,1.73472347597681e-18,4.48394074860023e-15
NC_k0039,0.0657894736842105,0.0657894736842105,0.76775044910073,-150.974870663037,100.921731974904,-66.8837365985283,98.0042353681785,114.681480939717,-119.962005042253,91.7035975829491,-103.02818551208,1,160,47.1483285775313,9.49268809590447,18.6915355022338,-7.10384956929616,-1.18372854378788e-19,-7.37659817940089e-19,0,5.93955384482476e-19,-0.000892366468579461,-0.00113531876146373,1,-2.685362852603e-19,-1.61661385894587e-20,1,-0.00936196115721762,-0.0143750446473943,-0.0143750446473943,-0.00123606231006256,0.00591636410265959,0.00222737079348689,0.00222737079348689,-0.00801369950739952,1,-1.0842021724855e-19,0,1,-0.00936107775499464,-0.0143930134532035,-0.0143930134532035,-0.00124025759461905,0.00591168324912445,0.00223015500697875,0.00223015500697875,-0.00800967407117837,-20.0528649234926,-85.8730774168481,9.14747562812897,12.0751018450358,9.14747562812897,12.0751018450358,3.20340263711099,-21.4142699446474,8.67361737988404e-19,7.17687678935537e-19,-1.58305487733191e-19,0,0,0,-0.00936196115721762,-0.00123606231006256,-0.0143750446473943,0.00591636410265959,-0.00801369950739952,0.00222737079348689,2.8633702162404e-14,1.54447489850501e-07,4.63677571612438e-14,2.685362852603e-19,3.68628738645072e-18,8.82104394487291e-15
NC_k0039,0.11578947368421,0.11578947368421,0.714796364818995,-170.858662551323,98.2080526126194,-27.069627343957,88.2229248740263,116.111636441204,-120.78416875924,70.4850903588508,-89.6038742108825,1,160,80.9650682007148,16.3141419705813,32.1021393565277,-11.9734300029984,3.3897199757933e-19,-3.86723479980791e-19,0,-2.17184541631923e-20,-0.000861716648502931,-0.00113239190228944,1,1.74219675383599e-19,-2.01197479735191e-20,1,-0.00936196115721762,-0.0143750446473943,-0.0143750446473943,-0.00123606231006256,0.00591636410265958,0.00222737079348689,0.00222737079348689,-0.00801369950739952,1,-1.0842021724855e-19,0,1,-0.00936107775499464,-0.0143930134532035,-0.0143930134532035,-0.00124025759461905,0.00591168324912445,0.00223015500697875,0.00223015500697875,-0.00800967407117837,-17.4753494138167,-80.1551370645834,7.78891616010424,10.8507637378685,7.78891616010424,10.8507637378685,3.55464393965092,-20.086269525374,8.67361737988404e-19,5.97437941647005e-19,3.97608276416529e-19,0,0,0,-0.00936196115721762,-0.00123606231006256,-0.0143750446473943,0.00591636410265959,-0.00801369950739952,0.00222737079348689,6.31866039412236e-15,1.39154213608385e-07,6.67370218613037e-14,1.74219675383599e-19,5.20417042793042e-18,5.28088623489489e-15
NC_k0040,-0.13421052631579,-0.13421052631579,0.773713084437031,73.9886333833704,-54.4015903878877,-20.1542849491512,-65.2879445648897,-25.6288305068756,95.0284131355492,-34.9451977357791,3.01566673167822,1,160,-58.4217126932353,-57.5221877390553,-38.261487142656,-15.1243979002368,1.07552008477615e-18,4.26957544975371e-19,0,4.04458232313928e-19,1.47922760758303e-05,-0.00152331314729363,1,-1.13367650313558e-19,7.0971761247477e-21,1,0.00239448904696964,-0.0107100934987805,-0.0107100934987805,0.00459870799470201,-0.00943143305055485,-0.0118532853785697,-0.0118532853785697,-0.00538144038133595,1,3.25260651745651e-19,0,1,0.00239627055242857,-0.0107234811156539,-0.0107234811156539,0.00459911186331861,-0.00943248193931946,-0.0118681019852929,-0.0118681019852929,-0.00538502051551881,4.72391188646959,-51.2203519943947,-14.500811849261,-4.37716516245936,-14.500811849261,-4.37716516245936,-58.6906471841871,5.93899340288066,8.67361737988404e-19,3.14158737832503e-19,9.780401494242e-20,0,0,0,0.00239448904696964,0.00459870799470201,-0.0107100934987805,-0.00943143305055485,-0.00538144038133594,-0.0118532853785697,3.74599018969623e-14,2.9860620954919e-07,3.76949043985037e-13,1.13367650313558e-19,2.60208521396521e-18,8.46607867573361e-15
NC_k0040,-0.0842105263157895,-0.0842105263157895,0.802790864073026,56.2960186169787,-50.4925838374986,-7.43157780748342,-60.6075717021926,-24.3648702977162,75.1371192955265,-31.4817770921979,14.1192759682693,1,160,-37.9591640242063,-36.3308339527619,-24.5156993323995,-9.62156696735989,6.79743940171576e-19,6.18122293258826e-19,0,2.92444742484448e-19,-2.26879986398529e-05,-0.00156168178511419,1,-2.59584951848056e-19,3.44480792768031e-21,1,0.00239448904696964,-0.0107100934987805,-0.0107100934987805,0.00459870799470201,-0.00943143305055485,-0.0118532853785697,-0.0118532853785697,-0.00538144038133595,1,3.25260651745651e-19,0,1,0.00239627055242857,-0.0107234811156539,-0.0107234811156539,0.00459911186331861,-0.00943248193931946,-0.0118681019852929,-0.0118681019852929,-0.00538502051551881,3.99760527019268,-53.2411247601595,-14.2426389575619,-4.63396139269992,-14.2426389575619,-4.63396139269992,-61.6826956702763,4.80104783107813,8.67361737988404e-19,-2.71094905789072e-20,-5.38967852426319e-20,0,0,0,0.00239448904696964,0.00459870799470201,-0.0107100934987805,-0.00943143305055485,-0.00538144038133594,-0.0118532853785697,4.96043129022422e-14,2.83017630580542e-07,1.42783803045996e-13,2.59584951848056e-19,1.73472347597681e-18,6.63818032403019e-15
NC_k0040,-0.0342105263157895,-0.0342105263157895,0.818241926254079,35.8606065198458,-50.2014065139565,8.99683888932566,-55.2439090698322,-24.2997806490738,54.4918423940434,-27.6327418365098,29.0364033746379,1,160,-15.6606093116172,-14.7550833787572,-10.0371785878235,-3.93754712577971,-4.20340100074947e-20,-5.01522914113351e-19,0,-3.15308014615413e-19,-4.41617779721821e-05,-0.00158387316488744,1,-5.75466941125386e-20,-8.35131580976354e-20,1,0.00239448904696964,-0.0107100934987805,-0.0107100934987805,0.00459870799470201,-0.00943143305055485,-0.0118532853785697,-0.0118532853785697,-0.00538144038133594,1,3.25260651745651e-19,0,1,0.00239627055242857,-0.0107234811156539,-0.0107234811156539,0.00459911186331861,-0.00943248193931946,-0.0118681019852929,-0.0118681019852929,-0.00538502051551881,3.58270861998954,-54.4181109583734,-14.03826532533,-4.75972887161613,-14.03826532533,-4.75972887161613,-63.3330600187691,4.25628622837407,8.67361737988404e-19,1.9892202804973e-20,-9.34167885701683e-21,0,0,0,0.00239448904696964,0.00459870799470201,-0.0107100934987805,-0.00943143305055485,-0.00538144038133594,-0.0118532853785697,1.28627731897098e-13,1.93944255536888e-07,1.00742584583865e-13,8.35131580976354e-20,1.73472347597681e-18,3.52778288597384e-15
NC_k0040,0.0157894736842105,0.0157894736842105,0.820590325726703,15.8369470830535,-53.4506598727937,28.3000805358533,-51.0508485489215,-26.4056438486317,35.3908920793444,-24.8308186095134,47.1828345769018,1,160,7.24368325627168,6.80747509854997,4.63688225709115,1.81917158202653,-2.39922082309781e-19,3.93235045762809e-19,0,1.62418567636012e-19,-4.75908609239448e-05,-0.00158745777898953,1,-2.28479831277495e-19,-6.39062745471517e-20,1,0.00239448904696964,-0.0107100934987805,-0.0107100934987805,0.00459870799470201,-0.00943143305055485,-0.0118532853785697,-0.0118532853785697,-0.00538144038133595,1,3.25260651745651e-19,0,1,0.00239627055242857,-0.0107234811156539,-0.0107234811156539,0.00459911186331861,-0.00943248193931946,-0.0118681019852929,-0.0118681019852929,-0.00538502051551881,3.5169310294689,-54.6042717913502,-14.001565219775,-4.77794514173846,-14.001565219775,-4.77794514173846,-63.5893005294898,4.17631645368869,1.0842021724855e-18,1.04779763884036e-19,3.12265083490536e-20,0,0,0,0.00239448904696964,0.00459870799470201,-0.0107100934987805,-0.00943143305055485,-0.00538144038133594,-0.0118532853785697,2.89369509451902e-13,1.75008016792535e-07,9.51064234846177e-14,2.28479831277495e-19,1.73472347597681e-18,1.50178172798049e-14
NC_k0040,0.0657894736842105,0.0657894736842105,0.810065311884885,-1.78495860428545,-58.6249444325991,48.8968446932799,-49.9237038339372,-30.0343983212825,19.1955102474899,-24.1077156749909,67.4786716757656,1,160,29.8788732621465,28.3887923212831,19.2283296425317,7.54193349810414,7.5311816922748e-19,1.11321305092896e-18,0,5.73653063527975e-19,-3.26099726392107e-05,-0.00157194871759149,1,-2.40580941876991e-19,9.64829710386621e-20,1,0.00239448904696964,-0.0107100934987805,-0.0107100934987805,0.00459870799470201,-0.00943143305055485,-0.0118532853785697,-0.0118532853785697,-0.00538144038133595,1,3.25260651745651e-19,0,1,0.00239627055242857,-0.0107234811156539,-0.0107234811156539,0.00459911186331861,-0.00943248193931946,-0.0118681019852929,-0.0118681019852929,-0.00538502051551881,3.80568923999423,-53.7853856906037,-14.1538011002076,-4.69434284118308,-14.1538011002076,-4.69434284118308,-62.4527549431695,4.54033968844884,8.67361737988404e-19,-5.29634327773442e-20,3.38308219100144e-19,0,0,0,0.00239448904696964,0.00459870799470201,-0.0107100934987805,-0.00943143305055485,-0.00538144038133594,-0.0118532853785697,4.04273159899402e-14,1.30070937881078e-07,3.7812249902265e-13,2.40580941876991e-19,1.73472347597681e-18,1.85022252064652e-14
NC_k0040,0.11578947368421,0.11578947368421,0.785909994138733,-15.9307256754645,-63.7308933031343,68.056979306959,-52.6307043509595,-33.7957041873298,6.63609588879206,-25.1674785827837,88.0014367306576,1,160,51.2072738474176,49.8277322439976,33.3415520101669,13.1299222688047,3.57236145504501e-19,1.97358676710252e-19,0,8.28609980651519e-19,-6.44925026125773e-07,-0.00153906314407137,1,1.07248069707371e-19,1.63416278401235e-19,1,0.00239448904696964,-0.0107100934987805,-0.0107100934987805,0.00459870799470201,-0.00943143305055486,-0.0118532853785697,-0.0118532853785697,-0.00538144038133595,1,3.25260651745651e-19,0,1,0.00239627055242857,-0.0107234811156539,-0.0107234811156539,0.00459911186331861,-0.00943248193931946,-0.0118681019852929,-0.0118681019852929,-0.00538502051551881,4.4248499166923,-52.040513317252,-14.4068925722724,-4.48617140066024,-14.4068925722724,-4.48617140066024,-59.9343398523941,5.44000988625171,8.67361737988404e-19,-1.91418345036176e-19,2.87332783042468e-19,0,0,0,0.00239448904696964,0.00459870799470201,-0.0107100934987805,-0.00943143305055485,-0.00538144038133594,-0.0118532853785697,2.9347351913529e-14,9.58058001575398e-08,6.66741679734972e-14,1.63416278401235e-19,3.46944695195361e-18,5.50937108362281e-15
NC_k0041,-0.13421052631579,-0.13421052631579,0.445784233737681,-109.516135077496,-5.20148516713131,-78.0789414362431,34.4356037424253,88.5806201785856,33.1069392560504,95.7594983367406,-58.8010410954336,1,160,21.8757674503032,-50.7750968832187,-9.53677871286212,13.800460782311,-6.09228447312656e-19,6.80379214882017e-19,0,-3.11284608115955e-20,0.000479838051182719,-4.12259355829382e-05,1,3.96651035965169e-20,-4.65677112650115e-20,1,0.000693404154477521,0.00813472975173025,0.00813472975173025,0.0151266557406844,-0.00346283095456102,-0.00928959031609184,-0.00928959031609184,-0.00249839192021467,1,4.33680868994202e-19,0,1,0.000700386429956833,0.00814489816391992,0.00814489816391992,0.0151246172339223,-0.00346346100843697,-0.00930120230398696,-0.00930120230398696,-0.00249962474848708,-15.6355190545712,39.3789311834059,2.37100495994655,13.6414722660516,2.37100495994655,13.6414722660516,-52.5729398441542,-1.19626103145883,8.67361737988404e-19,4.17981428035198e-19,2.06804652599572e-20,0,0,0,0.000693404154477524,0.0151266557406844,0.00813472975173025,-0.00346283095456102,-0.00249839192021467,-0.00928959031609184,2.35097886434854e-14,3.55439380405853e-07,1.91726384457514e-13,4.65677112650115e-20,2.27682456221956e-18,4.98098829254899e-15
NC_k0041,-0.0842105263157895,-0.0842105263157895,0.481693818731195,-106.719306183589,9.41206277105661,-84.5419889925585,32.4129273631009,91.9755549501155,10.8803413530927,96.035657576814,-49.1611238272371,1,160,13.5820676194777,-33.1046783649685,-6.44246154601195,9.15445280576756,4.15046144154607e-20,-4.41515923756304e-20,0,4.10533046732518e-19,0.000497233302631172,-5.77336695966119e-05,1,1.93275132028678e-19,-5.45271129361939e-20,1,0.000693404154477528,0.00813472975173025,0.00813472975173025,0.0151266557406844,-0.00346283095456102,-0.00928959031609184,-0.00928959031609184,-0.00249839192021467,1,4.33680868994202e-19,0,1,0.000700386429956833,0.00814489816391992,0.00814489816391992,0.0151246172339223,-0.00346346100843697,-0.00930120230398696,-0.00930120230398696,-0.00249962474848708,-15.7909794728201,41.5581616957466,3.30963056330894,14.4128078042652,3.30963056330894,14.4128078042652,-56.9848387831165,-2.92826703179375,8.67361737988404e-19,-5.13069575668304e-19,2.56010020778938e-19,0,0,0,0.000693404154477524,0.0151266557406844,0.00813472975173025,-0.00346283095456102,-0.00249839192021467,-0.00928959031609184,2.4468406242656e-14,2.52843193409927e-07,1.23891535801586e-13,1.93275132028678e-19,5.20417042793042e-18,2.18958980244351e-15
NC_k0041,-0.0342105263157895,-0.0342105263157895,0.502735454888689,-101.496857740167,19.9317637135725,-91.9649547412329,28.8022002799773,94.3363447171817,-10.144123363799,95.8742643209665,-35.0397821104875,1,160,5.46457728369105,-13.695679918947,-2.71626386963445,3.81758676134435,1.79359226581098e-19,-1.27478458561772e-19,0,1.22343321319043e-19,0.000507566480819998,-6.82507673972124e-05,1,-4.53519692105307e-20,-4.78139282457115e-20,1,0.000693404154477523,0.00813472975173025,0.00813472975173025,0.0151266557406844,-0.00346283095456102,-0.00928959031609184,-0.00928959031609184,-0.00249839192021467,1,4.33680868994202e-19,0,1,0.000700386429956833,0.00814489816391992,0.00814489816391992,0.0151246172339223,-0.00346346100843697,-0.00930120230398696,-0.00930120230398696,-0.00249962474848708,-16.0060317821332,42.7974325709987,3.89375096564128,14.8829258150613,3.89375096564128,14.8829258150613,-59.6147505167409,-3.82782907526505,8.67361737988404e-19,5.68890995493849e-19,-5.16747036896118e-20,0,0,0,0.000693404154477524,0.0151266557406844,0.00813472975173025,-0.00346283095456102,-0.00249839192021467,-0.00928959031609184,4.69521177238737e-14,2.03516386656514e-07,1.56583735613383e-13,4.78139282457115e-20,3.46944695195361e-18,5.30007428994705e-15
NC_k0041,0.0157894736842105,0.0157894736842105,0.506089727677252,-94.6884558093915,26.9335296014871,-99.1220579938157,22.874832616368,95.632628879078,-28.8925509375917,94.930877765565,-17.3659579681169,1,160,-2.51780092600555,6.33797883571002,1.26065871020248,-1.76868116501488,-7.19978005166155e-21,3.55753837846806e-19,0,1.68638965842411e-19,0.000509200095656603,-6.99464892879025e-05,1,1.27097251913478e-19,4.74708858265934e-20,1,0.000693404154477523,0.00813472975173025,0.00813472975173025,0.0151266557406844,-0.00346283095456102,-0.00928959031609184,-0.00928959031609184,-0.00249839192021467,1,4.33680868994202e-19,0,1,0.000700386429956833,0.00814489816391992,0.00814489816391992,0.0151246172339223,-0.00346346100843697,-0.00930120230398696,-0.00930120230398696,-0.00249962474848708,-16.0471814490658,42.9923883870182,3.9887940964336,14.9590485949262,3.9887940964336,14.9590485949262,-60.0369430997641,-3.96422985203814,8.67361737988404e-19,2.46940085164927e-19,2.4952774813163e-19,0,0,0,0.000693404154477524,0.0151266557406844,0.00813472975173025,-0.00346283095456102,-0.00249839192021467,-0.00928959031609184,1.1000668786337e-13,1.71370920367218e-07,3.52898286476641e-13,1.27097251913478e-19,2.16840434497101e-18,1.31623658482929e-15
NC_k0041,0.0657894736842105,0.0657894736842105,0.491397207924549,-87.235663440547,31.300422261453,-105.032402293837,13.7495362346953,96.0480395157174,-44.4340896082721,92.9729245187984,2.92840143323569,1,160,-10.5656485143299,26.0890212872758,5.12271301507216,-7.24186472652783,-3.11814003707989e-19,5.8995844776262e-19,0,3.83494166869384e-19,0.000501975879317511,-6.25126727151053e-05,1,6.79923936020586e-20,3.9319936946761e-20,1,0.000693404154477526,0.00813472975173025,0.00813472975173025,0.0151266557406844,-0.00346283095456102,-0.00928959031609184,-0.00928959031609184,-0.00249839192021467,1,4.33680868994202e-19,0,1,0.000700386429956833,0.00814489816391992,0.00814489816391992,0.0151246172339223,-0.00346346100843697,-0.00930120230398696,-0.00930120230398696,-0.00249962474848708,-15.8802605464749,42.133213594054,3.57640034419924,14.627814878635,3.57640034419924,14.627814878635,-58.193567864149,-3.35291150866981,8.67361737988404e-19,-6.00139644879616e-19,1.59351200793063e-19,0,0,0,0.000693404154477524,0.0151266557406844,0.00813472975173025,-0.00346283095456102,-0.00249839192021467,-0.00928959031609184,1.65114102522755e-14,1.55589672878028e-07,2.48725225142506e-13,6.79923936020586e-20,6.93889390390723e-18,1.1635492600718e-14
NC_k0041,0.11578947368421,0.11578947368421,0.460396274344412,-80.2560136677732,33.8405963905365,-108.819681413265,0.653989103739301,95.8858780638425,-55.8177961439173,89.9358072409937,24.8631310880678,1,160,-18.8194516503125,44.5578777178419,8.49368060228469,-12.2048596069748,-1.0435710607969e-19,-7.70799982001413e-19,0,1.83303223741751e-19,0.000486921448417088,-4.78270600758724e-05,1,1.13378135909751e-20,5.79787139654174e-20,1,0.000693404154477526,0.00813472975173025,0.00813472975173025,0.0151266557406844,-0.00346283095456102,-0.00928959031609184,-0.00928959031609184,-0.00249839192021467,1,4.33680868994202e-19,0,1,0.000700386429956833,0.00814489816391992,0.00814489816391992,0.0151246172339223,-0.00346346100843697,-0.00930120230398696,-0.00930120230398696,-0.00249962474848708,-15.6626385086919,40.2747480257233,2.74256220341355,13.9509132803322,2.74256220341355,13.9509132803322,-54.356981584856,-1.93297131975368,8.67361737988404e-19,-3.03639617347649e-19,2.64358176523489e-19,0,0,0,0.000693404154477524,0.0151266557406844,0.00813472975173025,-0.00346283095456102,-0.00249839192021467,-0.00928959031609184,1.75810295799127e-14,2.05242995789768e-07,1.67726132307722e-13,5.79787139654174e-20,3.46944695195361e-18,8.19893316708667e-15
NC_k0042,-0.13421052631579,-0.13421052631579,0.852639609179208,46.2622642111051,57.5749242588228,154.858352171769,46.1884697684244,-77.391894607043,-120.234853794904,-96.9515748365674,21.4960530448258,1,160,62.6865978706154,83.8672474810604,48.3627689660528,0.378556259676826,-9.17866077468441e-19,-5.31513174402073e-19,0,-8.13575145837755e-19,0.00138986888444526,-8.69226130183932e-07,1,1.10833472340239e-19,7.09671144926116e-20,1,0.00978896359714778,0.00931601071912623,0.00931601071912623,-0.00341841517630104,-0.0020515195720058,0.0139864037805132,0.0139864037805132,-0.0024237059209812,1,-5.42101086242752e-20,0,1,0.00978583168947183,0.00932765573252514,0.00932765573252514,-0.00341329247224358,-0.00205233513422313,0.0140038867852388,0.0140038867852388,-0.00242428886673042,19.2730718258768,42.6194497402796,8.20443411957916,-6.92996162276393,8.20443411957916,-6.92996162276393,79.4402502524438,-9.12795600672818,8.67361737988404e-19,1.3008495938398e-19,3.69308227714165e-19,0,0,0,0.00978896359714778,-0.00341841517630104,0.00931601071912623,-0.0020515195720058,-0.00242370592098119,0.0139864037805132,1.59509614742536e-14,3.00096878750517e-07,1.44887671853706e-13,1.10833472340239e-19,2.60208521396521e-18,5.20840464211561e-15
NC_k0042,-0.0842105263157895,-0.0842105263157895,0.897569811588332,74.938942695027,47.3832903962016,144.745112192627,43.2904525300031,-92.3591816690679,-90.1083125739241,-100.327246351725,4.68527396416865,1,160,39.899869925938,54.9245322347097,31.2920527130137,-0.121252228270124,-1.68919545506189e-18,-4.52739110307424e-19,0,-6.06872636928104e-19,0.00142027361475346,4.29718353005449e-05,1,3.02531766890642e-19,1.67916795893176e-19,1,0.00978896359714777,0.00931601071912623,0.00931601071912623,-0.00341841517630104,-0.0020515195720058,0.0139864037805132,0.0139864037805132,-0.0024237059209812,1,-5.42101086242752e-20,0,1,0.00978583168947183,0.00932765573252514,0.00932765573252514,-0.00341329247224358,-0.00205233513422313,0.0140038867852388,0.0140038867852388,-0.00242428886673042,21.50758733503,45.9974752587142,7.43267359691685,-8.01944603298531,7.43267359691685,-8.01944603298531,83.5788082700236,-7.37603908623094,1.30104260698261e-18,1.72481167181961e-19,4.65186229536205e-19,0,0,0,0.00978896359714778,-0.00341841517630104,0.00931601071912623,-0.0020515195720058,-0.00242370592098119,0.0139864037805132,3.23417745609434e-14,2.52172648158006e-07,8.61873658754863e-14,3.02531766890642e-19,3.46944695195361e-18,6.18460542172489e-16
NC_k0042,-0.0342105263157895,-0.0342105263157895,0.922829382539366,101.187509778183,41.5282638855053,129.825159365586,40.7562057627343,-100.944031432995,-58.3534461995388,-102.990244545543,-18.5977231402786,1,160,16.2766002067027,22.7623805857419,12.8828636615067,-0.115421982301447,-5.27330949225005e-19,4.72538505449493e-19,0,2.99637905091209e-19,0.00143795511024894,6.879642209491e-05,1,-1.68043118937278e-20,1.74429299136287e-19,1,0.00978896359714777,0.00931601071912623,0.00931601071912623,-0.00341841517630104,-0.0020515195720058,0.0139864037805132,0.0139864037805132,-0.0024237059209812,1,-5.42101086242752e-20,0,1,0.00978583168947183,0.00932765573252514,0.00932765573252514,-0.00341329247224358,-0.00205233513422313,0.0140038867852388,0.0140038867852388,-0.00242428886673042,22.722746085391,47.8745042536055,6.93379206838998,-8.74016733195692,6.93379206838998,-8.74016733195692,86.0633633069259,-6.39746292481247,1.30104260698261e-18,1.31597464399051e-19,5.80831376163717e-19,0,0,0,0.00978896359714778,-0.00341841517630104,0.00931601071912623,-0.0020515195720058,-0.00242370592098119,0.0139864037805132,5.80611278128628e-14,1.88970119816094e-07,1.4992792597474e-13,1.74429299136287e-19,4.33680868994202e-18,6.61685328943011e-15
NC_k0042,0.0157894736842105,0.0157894736842105,0.926780494283346,123.044515024217,40.3066059863538,109.805349261848,40.5945973484213,-103.308117973985,-28.5550090005103,-102.455403403374,-46.9927042796443,1,160,-7.51544109291306,-10.5353736044689,-5.95676885013606,0.057759108289511,-5.54594822214753e-19,-1.52889446979401e-19,0,-3.39766090967381e-19,0.00144083411552187,7.295010248143e-05,1,2.10962039087499e-19,1.73429233582228e-19,1,0.00978896359714778,0.00931601071912623,0.00931601071912623,-0.00341841517630104,-0.0020515195720058,0.0139864037805132,0.0139864037805132,-0.0024237059209812,1,-5.42101086242752e-20,0,1,0.00978583168947183,0.00932765573252514,0.00932765573252514,-0.00341329247224358,-0.00205233513422313,0.0140038867852388,0.0140038867852388,-0.00242428886673042,22.9110392645331,48.1671724970031,6.85114146512899,-8.86080376244297,6.85114146512899,-8.86080376244297,86.4622100868042,-6.24458379257979,1.30104260698261e-18,6.87594052096161e-20,4.90414781469458e-19,0,0,0,0.00978896359714778,-0.00341841517630104,0.00931601071912623,-0.0020515195720058,-0.00242370592098119,0.0139864037805132,1.49303104032466e-13,1.901255933314e-07,1.4682553270726e-13,2.10962039087499e-19,2.60208521396521e-18,1.06616237395076e-14
NC_k0042,0.0657894736842105,0.0657894736842105,0.909315241248182,139.834244212237,42.2166407008101,85.0201868308862,44.6538500296823,-101.512648474849,-3.19226941289278,-96.3151735953279,-78.3841258888191,1,160,-31.242222299635,-43.3232940509484,-24.6066203956926,0.156646753716117,-8.72443935671929e-19,-2.52204060044968e-19,0,-6.97002236471882e-19,0.00142846975548107,5.48522438461113e-05,1,1.57640511623448e-19,5.06582893280609e-21,1,0.00978896359714778,0.00931601071912623,0.00931601071912623,-0.00341841517630105,-0.0020515195720058,0.0139864037805132,0.0139864037805132,-0.0024237059209812,1,-5.42101086242752e-20,0,1,0.00978583168947183,0.00932765573252514,0.00932765573252514,-0.00341329247224358,-0.00205233513422313,0.0140038867852388,0.0140038867852388,-0.00242428886673042,22.0754485944278,46.8718396275219,7.20690637672965,-8.34415579704434,7.20690637672965,-8.34415579704434,84.7200598777207,-6.92062097773569,1.0842021724855e-18,1.55773460844092e-19,4.23154325181716e-19,0,0,0,0.00978896359714778,-0.00341841517630104,0.00931601071912623,-0.0020515195720058,-0.00242370592098119,0.0139864037805132,2.40927242368471e-14,1.26188136389451e-07,6.10098968509769e-14,1.57640511623448e-19,3.90312782094782e-18,1.11105907674228e-14
NC_k0042,0.11578947368421,0.11578947368421,0.87117517330091,151.64768000088,45.1845812273841,56.9009840019287,53.4429416460135,-98.1472532927787,16.1034104277089,-83.5283903546052,-109.619804256566,1,160,-54.4711087519897,-73.7476222779068,-42.3121812398658,-0.109292657106646,-8.641853644362e-19,-9.02937121773084e-19,0,-1.00256937219387e-18,0.00140234285428379,1.70522152414652e-05,1,-2.93759954004662e-20,-6.63338722723406e-20,1,0.00978896359714778,0.00931601071912623,0.00931601071912623,-0.00341841517630104,-0.0020515195720058,0.0139864037805132,0.0139864037805132,-0.0024237059209812,1,-5.42101086242752e-20,0,1,0.00978583168947183,0.00932765573252514,0.00932765573252514,-0.00341329247224358,-0.00205233513422313,0.0140038867852388,0.0140038867852388,-0.00242428886673042,20.2094286398898,44.0209352037267,7.90090663551622,-7.35319980341358,7.90090663551622,-7.35319980341358,81.1051253296309,-8.4023101218188,1.73472347597681e-18,-1.57613465111457e-19,1.03960383803483e-18,0,0,0,0.00978896359714778,-0.00341841517630104,0.00931601071912623,-0.0020515195720058,-0.00242370592098119,0.0139864037805132,1.42888428301051e-14,1.2551298083165e-07,2.90123454027405e-13,6.63338722723406e-20,7.37257477290143e-18,5.98966588541187e-15
NC_k0043,-0.13421052631579,-0.13421052631579,0.0967561135603558,-5.97999353833361,19.084851835749,-9.57699909148266,20.633801380804,12.0705449302111,-33.3149647028909,10.9123808493986,-27.7626599216803,1,160,-2.47299353370411,3.06387975032958,0.194992451486407,-1.26110825773777,1.20172799391704e-19,2.13412598038681e-20,0,-4.9948474108402e-20,0.000696979819128618,-0.00200913884682612,1,-1.22171821995808e-20,1.58529652937801e-19,1,0.00349834465260774,0.00105725274737618,0.00105725274737618,0.00567869514329042,-0.0143226463588292,0.000335182333641107,0.000335182333641107,-0.0122125213151273,1,-1.0842021724855e-19,0,1,0.00350045992460418,0.0010585743133104,0.0010585743133104,0.00567944769623019,-0.0143261330647021,0.000335601311558158,0.00033560131155816,-0.0122173268491525,-0.119769114497059,3.38153046963225,-4.28817961331857,4.568299728145,-4.28817961331857,4.568299728145,2.26884091402125,-8.61722512512821,8.67361737988404e-19,2.81164198200011e-20,-2.43589996694491e-19,0,0,0,0.00349834465260774,0.00567869514329042,0.00105725274737618,-0.0143226463588292,-0.0122125213151273,0.000335182333641108,5.64989451628882e-13,2.95813430321863e-07,4.85216322822346e-13,1.58529652937801e-19,1.73472347597681e-18,1.85025479148801e-14
NC_k0043,-0.0842105263157895,-0.0842105263157895,0.0967289911365215,-4.61383952920672,22.9154642364844,-7.97589144110262,21.6451558006915,9.7742501880707,-35.7902966861569,10.1679421861156,-30.137625360479,1,160,-2.28453505124732,3.28149438716666,0.32899658085338,-0.967179956786666,-7.48565367135988e-20,-2.65835996539842e-19,0,-1.10220162261466e-19,0.000696330409562016,-0.00200767328248779,1,2.15307856812065e-20,1.18558324093729e-19,1,0.00349834465260774,0.00105725274737618,0.00105725274737618,0.00567869514329042,-0.0143226463588292,0.000335182333641107,0.000335182333641107,-0.0122125213151273,1,-1.0842021724855e-19,0,1,0.00350045992460418,0.0010585743133104,0.0010585743133104,0.00567944769623019,-0.0143261330647021,0.000335601311558158,0.00033560131155816,-0.0122173268491525,0.159314521871446,3.90153022353888,-3.86417300371382,4.14373091475282,-3.86417300371382,4.14373091475282,1.37710626482614,-9.18192518872003,8.67361737988404e-19,1.19373374312731e-19,-1.1012546856266e-19,0,0,0,0.00349834465260774,0.00567869514329042,0.00105725274737618,-0.0143226463588292,-0.0122125213151273,0.000335182333641108,6.62244176586157e-13,4.22576873191599e-07,3.15276780622662e-13,1.18558324093729e-19,1.73472347597681e-18,1.27689031011629e-14
NC_k0043,-0.0342105263157895,-0.0342105263157895,0.0955978028259303,-4.7411149471294,23.946563358858,-6.36626556595881,22.8894699033289,9.00017763556311,-35.4878643346761,9.43828318948693,-32.7055924357139,1,160,-1.08794912455709,1.65027484227712,0.185567486847607,-0.437685561131228,-9.96322504207871e-20,-1.14878843471364e-20,0,5.23704589419573e-20,0.000695988506073674,-0.00200697832132102,1,-6.15346352086966e-20,5.43177599358808e-20,1,0.00349834465260774,0.00105725274737618,0.00105725274737618,0.00567869514329042,-0.0143226463588292,0.000335182333641107,0.000335182333641107,-0.0122125213151273,1,-1.0842021724855e-19,0,1,0.00350045992460418,0.0010585743133104,0.0010585743133104,0.00567944769623019,-0.0143261330647021,0.000335601311558158,0.00033560131155816,-0.0122173268491525,0.265138849366649,4.1499198918753,-3.59799256325568,3.85856245371395,-3.59799256325568,3.85856245371395,0.993800590959138,-9.38493524453994,4.33680868994202e-19,1.1473357639994e-19,-1.26523495034392e-19,0,0,0,0.00349834465260774,0.00567869514329042,0.00105725274737618,-0.0143226463588292,-0.0122125213151273,0.000335182333641108,5.36585701821132e-13,3.45566892276402e-07,2.84918607166983e-13,6.15346352086966e-20,1.73472347597681e-18,4.47118920985019e-14
NC_k0043,0.0157894736842105,0.0157894736842105,0.0953483868627823,-5.83036998345217,23.3182477161286,-5.06757164545959,23.8472791742165,9.21773212942061,-33.5969221164276,8.99498434637473,-34.9186654359528,1,160,0.513393402526447,-0.784652532878557,-0.0895155130161952,0.205273206569722,-1.68030160911572e-19,-1.71947688292623e-19,0,-2.35263401099882e-19,0.000695972555193457,-0.00200690052882359,1,4.8205796138917e-20,1.06334352771235e-19,1,0.00349834465260774,0.00105725274737618,0.00105725274737618,0.00567869514329042,-0.0143226463588292,0.000335182333641108,0.000335182333641108,-0.0122125213151273,1,-1.0842021724855e-19,0,1,0.00350045992460418,0.0010585743133104,0.0010585743133104,0.00567944769623019,-0.0143261330647021,0.000335601311558158,0.00033560131155816,-0.0122173268491525,0.278834503809039,4.18676035000165,-3.55424792052984,3.81017736496563,-3.55424792052984,3.81017736496563,0.941020285089779,-9.40976820348504,4.33680868994202e-19,-1.48404809409788e-19,-2.60723504013112e-19,0,0,0,0.00349834465260774,0.00567869514329042,0.00105725274737618,-0.0143226463588292,-0.0122125213151273,0.000335182333641108,1.43133624712919e-12,3.63288783161811e-07,2.51912722607531e-13,1.06334352771235e-19,1.73472347597681e-18,9.31508595922362e-14
NC_k0043,0.0657894736842105,0.0657894736842105,0.0963017273902946,-7.37721853481683,22.0937844460956,-4.51633781532334,23.5652247207122,9.88828529555346,-31.0822922504549,9.33765196687593,-35.9333573170477,1,160,1.92896994437424,-2.84569523288195,-0.302519345207547,0.794922726094411,1.32613595804501e-19,4.81749988750883e-21,0,-3.96623177551826e-19,0.000696185254630421,-0.0020073806506678,1,-1.43417601368096e-20,4.64906817014168e-20,1,0.00349834465260774,0.00105725274737618,0.00105725274737618,0.00567869514329042,-0.0143226463588292,0.000335182333641107,0.000335182333641107,-0.0122125213151273,1,-1.0842021724855e-19,0,1,0.00350045992460418,0.0010585743133104,0.0010585743133104,0.00567944769623019,-0.0143261330647021,0.000335601311558158,0.00033560131155816,-0.0122173268491525,0.212474351737575,4.02009828637664,-3.74314392488335,4.01606150212831,-3.74314392488335,4.01606150212831,1.18882171722814,-9.28596090802421,4.33680868994202e-19,-1.43853766280235e-19,2.43742714662035e-19,0,0,0,0.00349834465260774,0.00567869514329042,0.00105725274737618,-0.0143226463588292,-0.0122125213151273,0.000335182333641108,5.84743668289096e-13,3.54688202672069e-07,4.65052705179538e-13,4.64906817014168e-20,3.46944695195361e-18,4.89965027889256e-14
NC_k0043,0.11578947368421,0.11578947368421,0.097059443953038,-9.00493829331868,20.9682573566498,-5.25726158641999,20.8728521806606,10.64355419099,-28.5963887292935,11.0199858361244,-34.6096291310129,1,160,2.55741138338892,-3.40941210977864,-0.281160239708604,1.18300882524014,-9.13736791850576e-20,1.48336644887909e-19,0,2.81426696725241e-19,0.000696673798989463,-0.00200850862381564,1,-3.3443211376726e-20,7.27926640069721e-20,1,0.00349834465260774,0.00105725274737618,0.00105725274737618,0.00567869514329042,-0.0143226463588292,0.000335182333641107,0.000335182333641107,-0.0122125213151273,1,-1.0842021724855e-19,0,1,0.00350045992460418,0.0010585743133104,0.0010585743133104,0.00567944769623019,-0.0143261330647021,0.000335601311558158,0.00033560131155816,-0.0122173268491525,0.0116056794360689,3.6111294006141,-4.12031844477846,4.40412073053797,-4.12031844477846,4.40412073053797,1.86699184460199,-8.88359881289753,6.50521303491303e-19,-2.03165186910405e-19,4.44434831597648e-19,0,0,0,0.00349834465260774,0.00567869514329042,0.00105725274737618,-0.0143226463588292,-0.0122125213151273,0.000335182333641108,4.12644342046507e-13,2.11942990033296e-07,3.5525205648426e-13,7.27926640069721e-20,3.46944695195361e-18,4.23227768860972e-14
NC_k0044,-0.13421052631579,-0.13421052631579,0.731156718200329,-14.5773361361446,-20.1895821381615,-106.689696156359,0.06313060135792,40.9972294934503,82.1377924293997,54.3244275610539,-62.0450925984562,1,160,-53.1875305449504,-84.2841359997217,-45.365649959742,1.51322570446811,1.12581266601937e-18,1.50644809669177e-18,0,5.41518751091515e-19,-0.00143396167533195,0.000503256344760395,1,8.57913022357943e-20,-2.71322068812307e-19,1,-0.00851380873607495,-0.00787971180468842,-0.00787971180468842,0.000459257358681305,0.00778578210790153,-0.0138707345613709,-0.0138707345613709,0.00349265014786156,1,0,0,1,-0.00851226317657306,-0.00788956144444428,-0.00788956144444429,0.000455194751873977,0.00778620275920398,-0.0138880729795726,-0.0138880729795726,0.00349575400663903,-12.6074159770218,-39.2775988174529,0.0141125172503,0.593364921587058,0.0141125172503,0.593364921587058,-75.1091153090808,3.3271248123508,1.0842021724855e-18,-1.64280106100962e-19,-1.58127504018004e-19,0,0,0,-0.00851380873607495,0.000459257358681306,-0.00787971180468842,0.00778578210790153,0.00349265014786155,-0.0138707345613709,2.36734089540044e-14,2.46232482216514e-07,2.32119279041578e-13,2.71322068812307e-19,3.46944695195361e-18,5.61825541482282e-15
NC_k0044,-0.0842105263157895,-0.0842105263157895,0.768332029749949,-39.6200897356309,-8.57303340467526,-98.6830658967012,1.79446374239038,54.1149024192029,51.4204564653174,58.0716397767847,-44.8936787579248,1,160,-33.7794453853312,-55.3984641171319,-29.4287101358128,1.37313831906154,1.18648140086646e-18,7.62541410765684e-19,0,5.91758392775536e-19,-0.00146051333421169,0.000461823164728861,1,-1.66172253688616e-19,-7.90920645500339e-20,1,-0.00851380873607495,-0.00787971180468842,-0.00787971180468842,0.000459257358681305,0.00778578210790152,-0.0138707345613709,-0.0138707345613709,0.00349265014786155,1,0,0,1,-0.00851226317657306,-0.00788956144444428,-0.00788956144444429,0.000455194751873977,0.00778620275920398,-0.0138880729795726,-0.0138880729795726,0.00349575400663903,-14.5880595482143,-42.1524192142233,0.671745706943067,1.8339844091999,0.671745706943067,1.8339844091999,-79.2824035021675,1.50870098865675,8.67361737988404e-19,6.67764709250394e-20,6.29850769889575e-19,0,0,0,-0.00851380873607495,0.000459257358681306,-0.00787971180468842,0.00778578210790153,0.00349265014786155,-0.0138707345613709,1.98522999819696e-14,2.47561365392204e-07,1.07116402171746e-13,1.66172253688616e-19,4.33680868994202e-18,1.73397382637266e-15
NC_k0044,-0.0342105263157895,-0.0342105263157895,0.789424592372335,-62.1905082166571,-0.836597688234916,-86.3959098337431,2.66749062259598,61.0035956644266,19.0949925102298,61.4060740005104,-21.2642330784758,1,160,-13.7638282569099,-23.006186837452,-12.1341049811394,0.639513625898944,4.01900589859914e-19,-6.71273610699033e-20,0,-3.14884498141786e-19,-0.00147597564857196,0.000437407004357834,1,3.56740689936083e-20,-2.73863551777016e-19,1,-0.00851380873607495,-0.00787971180468842,-0.00787971180468842,0.000459257358681306,0.00778578210790153,-0.0138707345613709,-0.0138707345613709,0.00349265014786156,1,0,0,1,-0.00851226317657306,-0.00788956144444428,-0.00788956144444429,0.000455194751873977,0.00778620275920398,-0.0138880729795726,-0.0138880729795726,0.00349575400663903,-15.6627784061909,-43.7480390063142,1.10189095503834,2.64421112805538,1.10189095503834,2.64421112805538,-81.8052482475939,0.470853695932481,1.30104260698261e-18,-1.80390481288193e-19,1.92067474549918e-19,0,0,0,-0.00851380873607495,0.000459257358681306,-0.00787971180468842,0.00778578210790153,0.00349265014786155,-0.0138707345613709,5.7421700794454e-14,1.73467236191e-07,1.29312291648274e-13,2.73863551777016e-19,2.16840434497101e-18,1.26573295513875e-15
NC_k0044,0.0157894736842105,0.0157894736842105,0.792733698573411,-80.717095973284,2.40839620635043,-69.5266157116229,0.84548597757849,62.0792874134493,-11.1646560828761,61.985996596171,7.55079202629622,1,160,6.35405532210434,10.6517512663297,5.61191617418321,-0.30072146787602,1.44842633980485e-19,7.75882179684939e-19,0,2.97611312590454e-19,-0.00147851450985485,0.000433489125869129,1,1.10008910042324e-21,-1.0001247852804e-19,1,-0.00851380873607495,-0.00787971180468842,-0.00787971180468842,0.000459257358681305,0.00778578210790152,-0.0138707345613709,-0.0138707345613709,0.00349265014786155,1,0,0,1,-0.00851226317657306,-0.00788956144444428,-0.00788956144444429,0.000455194751873977,0.00778620275920398,-0.0138880729795726,-0.0138880729795726,0.00349575400663903,-15.8290340567548,-43.9968943647196,1.17329099613022,2.77935927590606,1.17329099613022,2.77935927590606,-82.2113321129125,0.307210218767811,1.0842021724855e-18,-1.12409438738513e-19,5.68978470974819e-19,0,0,0,-0.00851380873607495,0.000459257358681306,-0.00787971180468842,0.00778578210790153,0.00349265014786155,-0.0138707345613709,1.27180413884599e-13,1.9570485464738e-07,2.48964281537862e-13,1.0001247852804e-19,4.33680868994202e-18,1.12039947500463e-15
NC_k0044,0.0657894736842105,0.0657894736842105,0.778125232008594,-94.6790696407222,2.30902657642376,-48.3244004190941,-5.18855372885154,59.4599346361483,-36.8931610135873,57.4088068294566,39.4748761023274,1,160,26.4355553094166,43.7387690383937,23.1575270347774,-1.14835531136143,5.01443504774546e-19,-3.75447353870469e-19,0,8.24692453270468e-19,-0.00146768067531804,0.000450591053095238,1,-1.17030000845564e-19,1.87221424276156e-19,1,-0.00851380873607495,-0.00787971180468842,-0.00787971180468842,0.000459257358681308,0.00778578210790153,-0.0138707345613709,-0.0138707345613709,0.00349265014786155,1,0,0,1,-0.00851226317657306,-0.00788956144444428,-0.00788956144444429,0.000455194751873977,0.00778620275920398,-0.0138880729795726,-0.0138880729795726,0.00349575400663903,-15.0905101982987,-42.8955752605546,0.866240043305017,2.1995986834247,0.866240043305017,2.1995986834247,-80.4398560474414,1.02764752028849,8.67361737988404e-19,-4.10188119311693e-20,2.15830345093814e-19,0,0,0,-0.00851380873607495,0.000459257358681306,-0.00787971180468842,0.00778578210790153,0.00349265014786155,-0.0138707345613709,2.96473934056971e-14,1.23050690150561e-07,7.98626940156919e-14,1.87221424276156e-19,2.60208521396521e-18,9.55950785169551e-15
NC_k0044,0.11578947368421,0.11578947368421,0.746439063616486,-104.194010693629,0.696573011426464,-23.9260742767642,-15.6009690822083,55.6344270837759,-56.5226276688898,46.463313078834,71.3104214650545,1,160,46.1728192778285,74.2259620867184,39.7315978503004,-1.55940206658606,3.83494166869384e-19,7.55976905424463e-19,0,3.57342024622908e-19,-0.00144483347504531,0.000486316950324417,1,1.0180774840216e-19,-1.41008806919869e-19,1,-0.00851380873607495,-0.00787971180468843,-0.00787971180468843,0.000459257358681307,0.00778578210790153,-0.0138707345613709,-0.0138707345613709,0.00349265014786156,1,0,0,1,-0.00851226317657306,-0.00788956144444428,-0.00788956144444429,0.000455194751873977,0.00778620275920398,-0.0138880729795726,-0.0138880729795726,0.00349575400663903,-13.4382494216059,-40.4716011604554,0.270921301727817,1.0784424714999,0.270921301727817,1.0784424714999,-76.7832338120356,2.58022445278159,1.73472347597681e-18,2.53425912977569e-19,-5.88335516826026e-19,0,0,0,-0.00851380873607495,0.000459257358681306,-0.00787971180468842,0.00778578210790153,0.00349265014786155,-0.0138707345613709,2.66121010746256e-14,1.02654900296904e-07,2.93988688904025e-13,1.41008806919869e-19,6.07153216591882e-18,5.2057572755658e-15
NC_k0045,-0.13421052631579,-0.13421052631579,0.741504656708718,-130.68536225009,-68.2565919365439,-103.808660582061,-95.1066510331104,103.627876367242,29.0446307691182,135.992111468633,153.914402698781,1,160,19.3821837304755,73.4947286025855,30.64938106991,8.85579644260125,-1.18372854378788e-19,-1.68199567501023e-18,0,1.21231590575772e-19,-3.40309489228435e-05,0.00140296229637999,1,2.2284638058397e-20,1.23055604280693e-19,1,-0.00654149191567826,0.00237477066938528,0.00237477066938528,-0.000361188515241834,0.00375017741096736,0.0144696732013101,0.0144696732013101,0.0113138683691724,1,-1.0842021724855e-19,-2.16840434497101e-19,1,-0.00654063911468296,0.00237773913272201,0.00237773913272201,-0.000364198403871802,0.00375489482154495,0.0144877602928117,0.0144877602928117,0.0113138584729011,-19.7287106802354,22.5058119221315,-7.95304455708796,18.7952295618638,-7.95304455708796,18.7952295618638,61.3745248103762,17.3219439045259,8.67361737988404e-19,6.01892506767824e-20,3.33440376200682e-19,0,0,0,-0.00654149191567826,-0.000361188515241834,0.00237477066938528,0.00375017741096736,0.0113138683691724,0.0144696732013101,1.81757299962598e-14,2.2171287330088e-07,1.98187268442127e-13,1.23055604280693e-19,8.67361737988404e-19,1.34753128402153e-15
NC_k0045,-0.0842105263157895,-0.0842105263157895,0.789035369036324,-127.79718837915,-82.3704138832312,-108.032022372168,-96.2526745713373,109.793902950526,58.639944845122,131.309640873944,139.778386506796,1,160,13.0982845749464,46.4640180160719,19.6555598550361,5.59789324752725,2.06040764419609e-19,2.9201460856592e-19,0,-4.10810979418336e-19,-1.41264119409468e-05,0.00143967968383344,1,4.75805991819199e-20,8.75317548841719e-20,1,-0.00654149191567826,0.00237477066938528,0.00237477066938528,-0.000361188515241834,0.00375017741096737,0.0144696732013101,0.0144696732013101,0.0113138683691724,1,-1.0842021724855e-19,-2.16840434497101e-19,1,-0.00654063911468296,0.00237773913272201,0.00237773913272201,-0.000364198403871802,0.00375489482154495,0.0144877602928117,0.0144877602928117,0.0113138584729011,-20.021097934312,21.7469164104606,-8.22323658689113,18.7150249322508,-8.22323658689113,18.7150249322508,66.4483262573839,19.4716294204021,8.67361737988404e-19,-3.8167932782945e-20,-1.10790702598234e-19,0,0,0,-0.00654149191567826,-0.000361188515241834,0.00237477066938528,0.00375017741096736,0.0113138683691724,0.0144696732013101,4.38889648098472e-14,2.69695490644795e-07,9.27981596268816e-14,8.75317548841719e-20,3.46944695195361e-18,0
NC_k0045,-0.0342105263157895,-0.0342105263157895,0.814458685883776,-122.269988127989,-91.5590745655987,-113.57930962342,-96.3707590105246,116.018072438184,87.1694414249484,125.149703419384,120.640459409115,1,160,5.51054880614547,18.8858290513985,8.0508046929895,2.28672470572472,3.2367246496955e-19,7.53859323056327e-20,0,1.97676314065472e-19,-2.96504669788761e-06,0.00146125311303131,1,2.43537629712958e-20,1.58549273606924e-19,1,-0.00654149191567826,0.00237477066938528,0.00237477066938528,-0.000361188515241834,0.00375017741096736,0.0144696732013101,0.0144696732013101,0.0113138683691724,1,-1.0842021724855e-19,-2.16840434497101e-19,1,-0.00654063911468296,0.00237773913272201,0.00237773913272201,-0.000364198403871802,0.00375489482154495,0.0144877602928117,0.0144877602928117,0.0113138584729011,-20.1203223238228,21.3499910371471,-8.4407709304368,18.6627215920148,-8.4407709304368,18.6627215920148,69.2873418544629,20.5438464886189,8.67361737988404e-19,-4.85897132157852e-20,4.26167283414883e-20,0,0,0,-0.00654149191567826,-0.000361188515241834,0.00237477066938528,0.00375017741096736,0.0113138683691724,0.0144696732013101,2.16332612113634e-14,9.86242018943789e-08,7.53585155376047e-14,1.58549273606924e-19,1.73472347597681e-18,2.18102755877999e-15
NC_k0045,0.0157894736842105,0.0157894736842105,0.818362536076831,-115.871069912853,-95.799557868431,-119.927773044462,-93.6426594080749,122.688556203994,112.407318430581,118.442163203507,96.9280462575684,1,160,-2.55615477948187,-8.71495042528661,-3.71946471757361,-1.05636835036325,3.84764716290266e-19,-5.24313394350412e-19,0,1.91588264757082e-19,-1.15469788271665e-06,0.00146472355728319,1,3.61333909506945e-20,-1.07931708676097e-19,1,-0.00654149191567826,0.00237477066938528,0.00237477066938528,-0.000361188515241834,0.00375017741096736,0.0144696732013101,0.0144696732013101,0.0113138683691724,1,-1.0842021724855e-19,-2.16840434497101e-19,1,-0.00654063911468296,0.00237773913272201,0.00237773913272201,-0.000364198403871802,0.00375489482154495,0.0144877602928117,0.0144877602928117,0.0113138584729011,-20.1323248089468,21.2888581697392,-8.47934547307942,18.6535916265639,-8.47934547307942,18.6535916265639,69.7312524662245,20.704368987169,8.67361737988404e-19,4.45565800275222e-20,2.38189226910944e-19,0,0,0,-0.00654149191567826,-0.000361188515241834,0.00237477066938528,0.00375017741096736,0.0113138683691724,0.0144696732013101,7.73275053857013e-14,1.62195963703901e-07,3.85622478653492e-13,1.07931708676097e-19,8.67361737988404e-19,2.6997128064971e-14
NC_k0045,0.0657894736842105,0.0657894736842105,0.800967194846496,-109.931653286139,-96.505017879042,-125.972971481624,-86.3766866693622,129.168149644556,133.290294927499,112.036192449722,69.4230039577653,1,160,-10.406861793338,-36.3192458783335,-15.4196155316515,-4.38362335919854,-4.00011309340843e-19,-9.87216900024887e-19,0,3.99428974189606e-20,-8.9632051985586e-06,0.00144966448498978,1,2.0012159033872e-20,-1.73494703731992e-20,1,-0.00654149191567826,0.00237477066938528,0.00237477066938528,-0.000361188515241834,0.00375017741096737,0.0144696732013101,0.0144696732013101,0.0113138683691724,1,-1.0842021724855e-19,-2.16840434497101e-19,1,-0.00654063911468296,0.00237773913272201,0.00237773913272201,-0.000364198403871802,0.00375489482154495,0.0144877602928117,0.0144877602928117,0.0113138584729011,-20.072653865798,21.5602534763789,-8.31857031470585,18.692138315747,-8.31857031470585,18.692138315747,67.7693368421677,19.9809173124307,8.67361737988404e-19,1.2792391811362e-19,-4.86935663624734e-19,0,0,0,-0.00654149191567826,-0.000361188515241834,0.00237477066938528,0.00375017741096736,0.0113138683691724,0.0144696732013101,2.56285878557025e-14,8.73189202002913e-08,1.55171507943289e-13,2.0012159033872e-20,6.93889390390723e-18,1.28907578181061e-14
NC_k0045,0.11578947368421,0.11578947368421,0.76148777023174,-105.198810222824,-95.5521190372393,-130.058552328188,-73.9227536182177,134.483476370695,149.310975066945,105.959974597568,39.8384047345998,1,160,-17.2770424904789,-63.6870106816165,-26.7181375467916,-7.66408553429655,8.68208770935658e-21,2.77403290225783e-19,0,-2.03340846900235e-19,-2.58156738214852e-05,0.00141799246978694,1,1.40610145759369e-20,8.15255601273103e-21,1,-0.00654149191567826,0.00237477066938528,0.00237477066938528,-0.000361188515241835,0.00375017741096737,0.0144696732013101,0.0144696732013101,0.0113138683691724,1,-1.0842021724855e-19,-2.16840434497101e-19,1,-0.00654063911468296,0.00237773913272201,0.00237773913272201,-0.000364198403871802,0.00375489482154495,0.0144877602928117,0.0144877602928117,0.0113138584729011,-19.8683924822319,22.1812691193469,-8.04722431071934,18.7606259169754,-8.04722431071934,18.7606259169754,63.4740374695481,18.2508220983519,1.0842021724855e-18,9.60157515394689e-20,-7.30322730645479e-19,0,0,0,-0.00654149191567826,-0.000361188515241834,0.00237477066938528,0.00375017741096736,0.0113138683691724,0.0144696732013101,2.54374859205106e-14,1.05063301682367e-07,1.34021884597444e-13,1.40610145759369e-20,5.20417042793042e-18,3.49911760012835e-15
NC_k0046,-0.13421052631579,-0.13421052631579,0.797787248678579,-202.201520834562,-85.8966750572325,-252.031912076775,-98.05798478155,197.972466509778,61.5557584853449,261.912875280545,126.666634245832,1,160,-22.3563530270065,40.0412601662742,5.83601935595835,18.6739449975185,3.14460981668159e-19,-9.749349222897e-19,0,-3.72694496791892e-20,0.00063479580620623,0.000236316034688288,1,4.68544402628271e-22,1.65545225631048e-19,1,-0.00666227389545113,-0.00203310119108945,-0.00203310119108945,0.0148185363540504,-0.00281435699595961,0.0097893019387532,0.0097893019387532,0.00530476659841745,1,-2.16840434497101e-19,5.42101086242752e-20,1,-0.00665428672623901,-0.00203564256757831,-0.00203564256757831,0.0148130980168565,-0.00281143064333598,0.00980153856617664,0.00980153856617664,0.00530261849879459,-36.9190789024596,1.70556352817689,-14.76160272272,37.1052714747345,-14.76160272272,37.1052714747345,28.8662724127225,16.1853757053603,1.30104260698261e-18,-6.36720363091433e-20,3.04217767114947e-19,0,0,0,-0.00666227389545113,0.0148185363540504,-0.00203310119108945,-0.0028143569959596,0.00530476659841745,0.00978930193875319,4.06366547439766e-14,1.61810897297676e-07,2.72721723991497e-13,1.65545225631048e-19,1.73472347597681e-18,5.28818616813382e-15
NC_k0046,-0.0842105263157895,-0.0842105263157895,0.824941932268903,-218.406943085928,-89.0885295165053,-248.612913363702,-97.3775766240474,216.214962055643,73.9212567166583,256.473334342065,116.962074055496,1,160,-14.6526166895367,25.0979394048905,3.44695649606678,12.2162681033821,-3.28860541771482e-19,-1.83170874843742e-20,0,-7.10025368035917e-19,0.000641901747944145,0.000259408722718077,1,-2.55943246508566e-20,4.39087982355978e-20,1,-0.00666227389545113,-0.00203310119108945,-0.00203310119108945,0.0148185363540504,-0.0028143569959596,0.00978930193875319,0.00978930193875319,0.00530476659841745,1,-2.16840434497101e-19,5.42101086242752e-20,1,-0.00665428672623901,-0.00203564256757831,-0.00203564256757831,0.0148130980168565,-0.00281143064333598,0.00980153856617664,0.00980153856617664,0.00530261849879459,-38.6648323516886,-1.07268436639099,-13.6998757414541,37.6480090570484,-13.6998757414541,37.6480090570484,31.4489883581934,16.8523532589114,8.67361737988404e-19,-6.01129190274343e-19,-2.25805231319155e-19,0,0,0,-0.00666227389545113,0.0148185363540504,-0.00203310119108945,-0.0028143569959596,0.00530476659841745,0.00978930193875319,6.08682193880242e-14,2.40443423539226e-07,1.93977622553505e-13,4.39087982355978e-20,5.20417042793042e-18,6.72909802009714e-16
NC_k0046,-0.0342105263157895,-0.0342105263157895,0.84019822531366,-231.058902004888,-92.5665825065935,-243.044841048216,-96.0467011053434,231.668479485865,87.6253139395805,248.095921357267,105.485448896453,1,160,-6.08405193323205,10.1513922448226,1.34222230282488,5.06234557388561,5.77888228264246e-19,-2.11758236813575e-21,0,3.15202135497007e-19,0.000645392020973467,0.000272613649078213,1,9.17561938823163e-21,2.96548784934868e-20,1,-0.00666227389545113,-0.00203310119108945,-0.00203310119108945,0.0148185363540504,-0.00281435699595961,0.00978930193875319,0.00978930193875319,0.00530476659841745,1,-2.16840434497101e-19,5.42101086242752e-20,1,-0.00665428672623901,-0.00203564256757831,-0.00203564256757831,0.0148130980168565,-0.00281143064333598,0.00980153856617664,0.00980153856617664,0.00530261849879459,-39.6402047404771,-2.70478573434525,-13.0831453402191,37.9887233094314,-13.0831453402191,37.9887233094314,32.8546353979588,17.1428987985817,8.67361737988404e-19,2.41840052140136e-19,8.15523708847937e-20,0,0,0,-0.00666227389545113,0.0148185363540504,-0.00203310119108945,-0.0028143569959596,0.00530476659841745,0.00978930193875319,7.40192995152497e-14,5.38782846821239e-08,1.52708722881815e-13,2.96548784934868e-20,1.73472347597681e-18,2.64276450765102e-16
NC_k0046,0.0157894736842105,0.0157894736842105,0.842581795418195,-240.360258479537,-95.3080498814004,-234.851614686676,-93.6937898252216,244.229042356925,100.890719587762,236.640531113277,92.6243395989856,1,160,2.81737945651984,-4.6806794304249,-0.614888991388666,-2.34341062947032,6.70214819514965e-19,-4.14834385917794e-19,0,4.60785923306339e-19,0.000645988391787192,0.000274687656829062,1,-1.55455936517367e-20,1.44164346017882e-19,1,-0.00666227389545113,-0.00203310119108945,-0.00203310119108945,0.0148185363540504,-0.00281435699595961,0.0097893019387532,0.0097893019387532,0.00530476659841745,1,-2.16840434497101e-19,5.42101086242752e-20,1,-0.00665428672623901,-0.00203564256757831,-0.00203564256757831,0.0148130980168565,-0.00281143064333598,0.00980153856617664,0.00980153856617664,0.00530261849879459,-39.7931818418597,-2.96564730353471,-12.9849257882628,38.0436410195981,-12.9849257882628,38.0436410195981,33.0714362009867,17.1843494725954,1.30104260698261e-18,-3.3203590898065e-19,2.39776625463864e-19,0,0,0,-0.00666227389545113,0.0148185363540504,-0.00203310119108945,-0.0028143569959596,0.00530476659841745,0.00978930193875319,3.60817545863524e-13,1.75614766814123e-07,4.37599645397745e-13,1.44164346017882e-19,1.73472347597681e-18,5.53410568419808e-15
NC_k0046,0.0657894736842105,0.0657894736842105,0.832051597792897,-246.83550371068,-96.9882428899277,-223.489016694862,-90.4099989263608,253.744375330366,112.917469859908,222.244658779558,78.9353847413111,1,160,11.5660774239585,-19.5729330364106,-2.64226235210919,-9.63452796198208,-1.89311863711336e-19,1.93547028447608e-19,0,5.14837213253004e-19,0.000643546478846019,0.000265549753222883,1,-8.73356473706573e-20,-4.37069189497896e-20,1,-0.00666227389545113,-0.00203310119108945,-0.00203310119108945,0.0148185363540504,-0.00281435699595961,0.0097893019387532,0.0097893019387532,0.00530476659841745,1,-2.16840434497101e-19,5.42101086242752e-20,1,-0.00665428672623901,-0.00203564256757831,-0.00203564256757831,0.0148130980168565,-0.00281143064333598,0.00980153856617664,0.00980153856617664,0.00530261849879459,-39.1187169291572,-1.82491731251903,-13.415701042389,37.8044243730296,-13.415701042389,37.8044243730296,32.1072783809302,16.9937867214442,8.67361737988404e-19,-5.4828411767712e-19,-1.82091881782513e-19,0,0,0,-0.00666227389545113,0.0148185363540504,-0.00203310119108945,-0.0028143569959596,0.00530476659841745,0.00978930193875319,5.9808060191445e-14,1.64099110739528e-07,1.48744017250321e-13,8.73356473706573e-20,8.67361737988404e-18,1.20088793148541e-15
NC_k0046,0.11578947368421,0.11578947368421,0.808954034829628,-250.991236806037,-97.8490833931078,-208.561611242247,-86.9369455599562,260.225503693968,123.330364791812,204.987896904728,65.779438824323,1,160,19.6588140902164,-34.580030303957,-4.92400135053441,-16.4138501311267,5.29819108507565e-19,6.46074380518218e-19,0,1.51301260203299e-19,0.000637766072425293,0.000245858023578611,1,9.9948039733101e-20,3.18218811269405e-20,1,-0.00666227389545113,-0.00203310119108945,-0.00203310119108945,0.0148185363540504,-0.0028143569959596,0.00978930193875319,0.00978930193875319,0.00530476659841745,1,-2.16840434497101e-19,5.42101086242752e-20,1,-0.00665428672623901,-0.00203564256757831,-0.00203564256757831,0.0148130980168565,-0.00281143064333598,0.00980153856617664,0.00980153856617664,0.00530261849879459,-37.641864368188,0.57497144464897,-14.3268003535119,37.3158349887545,-14.3268003535119,37.3158349887545,29.9437528925264,16.4865937304662,8.67361737988404e-19,-1.65853978764207e-19,-5.54245155735896e-19,0,0,0,-0.00666227389545113,0.0148185363540504,-0.00203310119108945,-0.0028143569959596,0.00530476659841745,0.00978930193875319,1.01711493919947e-14,1.01125554409511e-07,6.03133234972176e-14,9.9948039733101e-20,3.46944695195361e-18,3.98001200660435e-15
NC_k0047,-0.13421052631579,-0.13421052631579,0.820384693868122,-53.688566834773,115.679775847301,49.9794389253035,147.299888631,1.81868822803654,-148.11877193896,2.67804643308851,-98.5862547972505,1,160,63.6744179642959,33.927046886795,32.20848340086,17.0566533835475,-1.77707512333952e-18,-7.25377840204901e-19,0,-6.88426027880933e-19,-0.000444339719165843,0.00111038824600498,1,1.67290580329156e-19,1.27032015359096e-20,1,-0.00322042004354662,0.0129470972600951,0.0129470972600951,-0.00756834716060175,0.00988741323463333,0.00818138711367098,0.00818138711367098,-0.000160165418325986,1,4.33680868994202e-19,0,1,-0.00322346451564635,0.0129632811316703,0.0129632811316703,-0.00756867417825332,0.00988579324877558,0.00819161384756307,0.00819161384756307,-0.000155505667525641,-1.32050502436783,55.896282805223,24.1063812633464,-1.98855595115887,24.1063812633464,-1.98855595115887,44.0692581274995,-18.9545167091304,1.30104260698261e-18,-4.80238751945433e-19,-7.57207155658058e-20,0,0,0,-0.00322042004354662,-0.00756834716060175,0.0129470972600951,0.00988741323463333,-0.000160165418325989,0.00818138711367098,9.15037878555856e-15,2.16043173573136e-07,2.39426265063361e-13,1.67290580329156e-19,2.79182059415017e-18,1.89461388796349e-15
NC_k0047,-0.0842105263157895,-0.0842105263157895,0.839751576109878,-34.6454012042249,119.428066980347,35.4758125587728,141.671156356974,-0.357130976547742,-139.316128111497,0.536057283812148,-105.374356792133,1,160,41.3209169865542,21.3152633997135,20.6699395274684,10.8559805109018,-1.52000062384784e-18,-6.80379214882017e-19,0,-5.49036168498397e-19,-0.000405278184023255,0.00114127013084233,1,3.66693907603704e-19,3.9916250320004e-20,1,-0.00322042004354662,0.0129470972600951,0.0129470972600951,-0.00756834716060175,0.00988741323463333,0.00818138711367098,0.00818138711367098,-0.000160165418325987,1,4.33680868994202e-19,0,1,-0.00322346451564635,0.0129632811316703,0.0129632811316703,-0.00756867417825332,0.00988579324877558,0.00819161384756307,0.00819161384756307,-0.000155505667525641,-0.54447192426767,58.527887359869,24.0316616374399,-1.41125426182775,24.0316616374399,-1.41125426182775,45.113500247291,-18.7694674189791,8.67361737988404e-19,-5.13831848321679e-19,-2.08761498669836e-20,0,0,0,-0.00322042004354662,-0.00756834716060175,0.0129470972600951,0.00988741323463333,-0.000160165418325989,0.00818138711367098,3.91202529309848e-14,2.53367511724989e-07,3.99402536799235e-13,3.66693907603704e-19,1.8702487475375e-18,1.32208507397894e-15
NC_k0047,-0.0342105263157895,-0.0342105263157895,0.850348264644809,-12.4266956324319,124.782507789812,17.1076443099163,134.522027430756,-2.07257698626917,-128.625257187124,-1.5022387894245,-114.22333956958,1,160,17.0420174688924,8.63072092409527,8.47200366968592,4.43694409784335,3.52577464294603e-19,6.78579269869101e-19,0,1.81053292475607e-19,-0.000382862914033271,0.00115886797962469,1,1.31867035199016e-19,4.03466151581029e-20,1,-0.00322042004354662,0.0129470972600951,0.0129470972600951,-0.00756834716060175,0.00988741323463333,0.00818138711367098,0.00818138711367098,-0.000160165418325988,1,4.33680868994202e-19,0,1,-0.00322346451564635,0.0129632811316703,0.0129632811316703,-0.00756867417825332,0.00988579324877558,0.00819161384756307,0.00819161384756307,-0.000155505667525641,-0.113513660041089,60.0628226804981,23.9461379064602,-1.09872087031689,23.9461379064602,-1.09872087031689,45.6608502190258,-18.7160056900844,8.67361737988404e-19,-5.02079760115615e-19,8.03614228767209e-20,0,0,0,-0.00322042004354662,-0.00756834716060175,0.0129470972600951,0.00988741323463333,-0.000160165418325989,0.00818138711367098,1.76676549491832e-13,1.47117485308247e-07,1.37542036349976e-13,1.31867035199016e-19,1.73472347597681e-18,1.69729273524838e-15
NC_k0047,0.0157894736842105,0.0157894736842105,0.851969625159307,9.54138864280582,131.761790395434,-4.15832758432337,127.211341480456,-1.9847517989747,-117.912247515003,-2.26695712503476,-124.599630673717,1,160,-7.88250830881409,-3.97975630717759,-3.91454732327726,-2.0492736514293,-2.03605544696252e-19,-2.68509444279613e-19,0,-3.32248673560499e-19,-0.000379304960400824,0.00116171672363413,1,3.06446097779259e-19,5.9695430905532e-20,1,-0.00322042004354662,0.0129470972600951,0.0129470972600951,-0.00756834716060175,0.00988741323463333,0.00818138711367098,0.00818138711367098,-0.000160165418325986,1,4.33680868994202e-19,0,1,-0.00322346451564635,0.0129632811316703,0.0129632811316703,-0.00756867417825332,0.00988579324877558,0.00819161384756307,0.00819161384756307,-0.000155505667525641,-0.0455564672885387,60.3061667949373,23.9287867135397,-1.05073207451088,23.9287867135397,-1.05073207451088,45.7438080376696,-18.7104891942961,1.30104260698261e-18,-4.28325136544767e-19,-1.29577254999665e-19,0,0,0,-0.00322042004354662,-0.00756834716060175,0.0129470972600951,0.00988741323463333,-0.000160165418325989,0.00818138711367098,3.66426029343362e-13,1.70535414213392e-07,2.40749869669618e-13,3.06446097779259e-19,2.79182059415017e-18,9.12187587782008e-15
NC_k0047,0.0657894736842105,0.0657894736842105,0.844724614291536,29.1229612366771,139.153251859037,-26.6186709288734,121.180836556555,-0.291697030405616,-108.416969029391,-1.15316368603547,-135.49007895229,1,160,-32.5186346451276,-16.632542664878,-16.2198885123019,-8.50544409934415,-4.95090757670139e-19,-7.1521344483785e-19,0,-9.63499977501767e-20,-0.000394929873506732,0.00114941163968627,1,2.34894642126006e-19,1.09675138773187e-20,1,-0.00322042004354662,0.0129470972600951,0.0129470972600951,-0.00756834716060175,0.00988741323463334,0.00818138711367098,0.00818138711367098,-0.000160165418325988,1,4.33680868994202e-19,0,1,-0.00322346451564635,0.0129632811316703,0.0129632811316703,-0.00756867417825332,0.00988579324877558,0.00819161384756307,0.00819161384756307,-0.000155505667525641,-0.344327026168583,59.2372387209293,23.997132608359,-1.26487025275673,23.997132608359,-1.26487025275673,45.3713968985491,-18.740873657768,1.30104260698261e-18,-1.60469050494525e-19,-3.48817860606247e-19,0,0,0,-0.00322042004354662,-0.00756834716060175,0.0129470972600951,0.00988741323463333,-0.000160165418325989,0.00818138711367098,3.84565720112469e-14,1.335578252953e-07,2.25014837895886e-13,2.34894642126006e-19,3.46944695195361e-18,1.16972854253229e-14
NC_k0047,0.11578947368421,0.11578947368421,0.82838564659264,45.1319792732033,145.462251371676,-47.3303927745137,116.937853087338,1.95096694857339,-100.822397720642,1.12249577780102,-145.248943797934,1,160,-55.7790061023585,-29.3240607933473,-28.0840120755829,-14.8170220228744,-1.27679628886745e-18,-6.91390643196323e-19,0,-5.55865371635635e-19,-0.000428250251726603,0.0011230964699258,1,6.28409007481125e-21,1.83236733755713e-20,1,-0.00322042004354662,0.0129470972600951,0.0129470972600951,-0.00756834716060176,0.00988741323463334,0.00818138711367098,0.00818138711367098,-0.000160165418325987,1,4.33680868994202e-19,0,1,-0.00322346451564635,0.0129632811316703,0.0129632811316703,-0.00756867417825332,0.00988579324877558,0.00819161384756307,0.00819161384756307,-0.000155505667525641,-0.996867263615179,56.9651716179727,24.0828226476318,-1.74808612757246,24.0828226476318,-1.74808612757246,44.5105916209567,-18.8618446005805,1.73472347597681e-18,3.41296548151735e-19,-4.90596903755319e-19,0,0,0,-0.00322042004354662,-0.00756834716060175,0.0129470972600951,0.00988741323463333,-0.000160165418325989,0.00818138711367098,2.27701285648666e-14,7.48667130699106e-08,1.66879856508172e-13,1.83236733755713e-20,5.20417042793042e-18,3.88665204987095e-15
NC_k0048,-0.13421052631579,-0.13421052631579,0.729661834797523,-175.380133734057,60.2086030084537,-98.1029078629212,106.24401985608,123.414705082744,-59.651334276735,135.157414322081,-105.339742163832,1,160,49.6793591192629,-22.3672842368435,9.01298471119847,18.7156872392855,-6.92661192617204e-19,-5.88899656578552e-19,0,3.77882573593825e-19,-0.000964944001047874,-0.000441485750166296,1,1.05523651549521e-19,1.76045928317027e-20,1,-0.00959817720777239,0.0143184260441408,0.0143184260441408,0.00264488798011918,-0.00547214519221274,-0.00197937105098254,-0.00197937105098254,-0.00787400499854834,1,8.13151629364128e-20,0,1,-0.009595437701343,0.014336324076696,0.014336324076696,0.00263997557080614,-0.00547498110936952,-0.00198184526479627,-0.00198184526479627,-0.00787533975332617,-25.4136417431363,67.1580510461332,11.524973570417,14.2412732079381,11.524973570417,14.2412732079381,-16.9272019452529,-13.8258857572087,8.67361737988404e-19,9.48330930482032e-20,2.69390585791463e-19,0,0,0,-0.00959817720777239,0.00264488798011918,0.0143184260441408,-0.00547214519221274,-0.00787400499854834,-0.00197937105098254,2.99638936131166e-14,1.75239067161252e-07,1.39077091340568e-13,1.05523651549521e-19,1.73472347597681e-18,2.28233745759754e-15
NC_k0048,-0.0842105263157895,-0.0842105263157895,0.761654609173494,-165.627743638233,74.3933674649109,-111.392454601061,102.089577315097,127.980420296382,-73.2587046822282,134.180372329172,-101.745238473722,1,160,32.3371477044417,-14.6430320291593,5.83905817284318,11.962703432823,-1.65383182951402e-19,-5.86358557736789e-19,0,4.36784450652501e-19,-0.000929399971014587,-0.000438324766094808,1,4.22654546456654e-19,3.17404624252332e-20,1,-0.00959817720777239,0.0143184260441408,0.0143184260441408,0.00264488798011918,-0.00547214519221274,-0.00197937105098254,-0.00197937105098254,-0.00787400499854834,1,8.13151629364128e-20,0,1,-0.009595437701343,0.014336324076696,0.014336324076696,0.00263997557080614,-0.00547498110936952,-0.00198184526479627,-0.00198184526479627,-0.00787533975332617,-25.5483775140985,69.7794314399782,12.292625075441,15.2017399506173,12.292625075441,15.2017399506173,-20.1407180797242,-15.2695539030498,8.67361737988404e-19,-6.22594362427654e-20,1.53965035089315e-19,0,0,0,-0.00959817720777239,0.00264488798011918,0.0143184260441408,-0.00547214519221274,-0.00787400499854834,-0.00197937105098254,2.74661954671447e-14,1.51936220882134e-07,8.85404107513268e-14,4.22654546456654e-19,1.73472347597681e-18,3.49835112531097e-15
NC_k0048,-0.0342105263157895,-0.0342105263157895,0.780484367250775,-150.757642153204,85.1809105099821,-127.486364907221,96.193978766618,130.561668818862,-84.1758357392605,132.860927817903,-95.699174655749,1,160,13.3700051552617,-6.06470397227199,2.41074939038658,4.88565909271444,4.04881748787556e-19,7.08331302141409e-19,0,7.05154928589205e-20,-0.000908804878417197,-0.000437539096033055,1,1.42890659034533e-19,6.15879344042731e-20,1,-0.00959817720777239,0.0143184260441408,0.0143184260441408,0.00264488798011918,-0.00547214519221274,-0.00197937105098254,-0.00197937105098254,-0.00787400499854834,1,8.13151629364128e-20,0,1,-0.009595437701343,0.014336324076696,0.014336324076696,0.00263997557080614,-0.00547498110936952,-0.00198184526479627,-0.00198184526479627,-0.00787533975332617,-25.6748955342738,71.3621553579247,12.7307189478107,15.7553728756954,12.7307189478107,15.7553728756954,-22.0439638942042,-16.0025907064252,8.67361737988404e-19,1.20454844071245e-20,-1.19095809366565e-19,0,0,0,-0.00959817720777239,0.00264488798011918,0.0143184260441408,-0.00547214519221274,-0.00787400499854834,-0.00197937105098254,7.21437091903245e-14,9.53819025051138e-08,1.81755505452135e-13,1.42890659034533e-19,1.73472347597681e-18,1.12375881728847e-14
NC_k0048,0.0157894736842105,0.0157894736842105,0.783477895767673,-133.77714091841,93.5797651170277,-144.60070714221,88.5127324309981,132.308365959741,-92.9553931032665,131.260992507901,-87.6379019575495,1,160,-6.18684541290049,2.80718456345552,-1.11528808031685,-2.25599632272175,2.90287455446909e-19,8.39621408965825e-20,0,-5.80217568869196e-20,-0.000905541068242966,-0.000437408558961356,1,2.59418223067461e-19,5.22374640881587e-20,1,-0.00959817720777239,0.0143184260441408,0.0143184260441408,0.00264488798011918,-0.00547214519221274,-0.00197937105098254,-0.00197937105098254,-0.00787400499854834,1,8.13151629364128e-20,0,1,-0.009595437701343,0.014336324076696,0.014336324076696,0.00263997557080614,-0.00547498110936952,-0.00198184526479627,-0.00198184526479627,-0.00787533975332617,-25.6970582828407,71.6169727473995,12.7987357652446,15.8425914477395,12.7987357652446,15.8425914477395,-22.3485319222185,-16.1122122484424,8.67361737988404e-19,-2.81169821647909e-19,2.10117682412314e-19,0,0,0,-0.00959817720777239,0.00264488798011918,0.0143184260441408,-0.00547214519221274,-0.00787400499854834,-0.00197937105098254,2.56540244676977e-13,1.14046111577018e-07,6.4449294749105e-14,2.59418223067461e-19,1.73472347597681e-18,7.36863127758584e-15
NC_k0048,0.0657894736842105,0.0657894736842105,0.77034592109146,-117.084541358998,100.118547291066,-160.567893850069,78.7066329129225,133.727743865235,-99.7780337191385,129.089573643921,-77.5633210830892,1,160,-25.4754211081864,11.5470444346556,-4.59636430226518,-9.37173030514773,-1.1527589016539e-18,3.5893021139901e-20,0,-3.2399010232477e-20,-0.000919938081867171,-0.000437900759573047,1,2.22967669495308e-19,2.34005287853823e-21,1,-0.00959817720777239,0.0143184260441408,0.0143184260441408,0.00264488798011918,-0.00547214519221274,-0.00197937105098254,-0.00197937105098254,-0.00787400499854834,1,8.13151629364128e-20,0,1,-0.009595437701343,0.014336324076696,0.014336324076696,0.00263997557080614,-0.00547498110936952,-0.00198184526479627,-0.00198184526479627,-0.00787533975332617,-25.6035359179314,70.5057131991207,12.4969590943116,15.4581662198978,12.4969590943116,15.4581662198978,-21.016831284368,-15.6177542632452,1.73472347597681e-18,-6.23976166272997e-19,6.16047618949645e-19,0,0,0,-0.00959817720777239,0.00264488798011918,0.0143184260441408,-0.00547214519221274,-0.00787400499854834,-0.00197937105098254,4.13488594080924e-14,1.1555124789458e-07,1.59021364901706e-13,2.22967669495308e-19,6.07153216591882e-18,1.09531247665935e-14
NC_k0048,0.11578947368421,0.11578947368421,0.742607134932037,-102.560471739776,104.917869364844,-172.588790129166,65.8849587785484,134.844872050128,-104.326449509948,125.411143643096,-65.0069243939668,1,160,-43.5677119364174,19.6687489284742,-7.8866577926213,-16.3015933073794,1.35366452883078e-18,-3.21134674850237e-19,0,4.69891527489323e-19,-0.000950380032917789,-0.00044002754283628,1,9.09156704628448e-20,6.9607158274769e-20,1,-0.0095981772077724,0.0143184260441408,0.0143184260441408,0.00264488798011918,-0.00547214519221274,-0.00197937105098254,-0.00197937105098254,-0.00787400499854834,1,8.13151629364128e-20,0,1,-0.009595437701343,0.014336324076696,0.014336324076696,0.00263997557080614,-0.00547498110936952,-0.00198184526479627,-0.00198184526479627,-0.00787533975332617,-25.4527061301554,68.2101367044734,11.8365399633415,14.6330268094682,11.8365399633415,14.6330268094682,-18.2294361271237,-14.4427288463614,1.73472347597681e-18,3.08719946306609e-19,4.44398984876498e-19,0,0,0,-0.00959817720777239,0.00264488798011918,0.0143184260441408,-0.00547214519221274,-0.00787400499854834,-0.00197937105098254,2.67466441282752e-14,7.43834399856747e-08,2.96725595958743e-13,9.09156704628448e-20,5.20417042793042e-18,1.59968653742822e-14
NC_k0049,-0.13421052631579,-0.13421052631579,0.371867645720725,28.1489005803499,-38.3888637860884,153.048513722409,-66.9037626319271,-64.9307162474749,16.967257348077,-114.49575331331,92.0558605339246,1,160,68.1315310007167,39.7123880236532,35.5884932780419,-19.4848095395847,-6.41839215781946e-19,3.47216506744646e-19,0,-8.40680200149893e-20,-0.00036980713062245,-0.000419663540427523,1,4.65538956703503e-20,8.05373358639792e-20,1,0.00157454726667927,0.00976867116296737,0.00976867116296737,-0.0112931204706938,-0.0126793367371587,0.00350337763604774,0.00350337763604774,-0.00123290700954228,1,2.16840434497101e-19,2.16840434497101e-19,1,0.00156900759344821,0.00978088200192108,0.00978088200192108,-0.011290617851589,-0.0126779335159542,0.0035077568580928,0.0035077568580928,-0.00123865780691758,13.9242928309063,52.5982815904732,-7.40843404560859,-13.7035919465322,-7.40843404560859,-13.7035919465322,25.640136512133,8.22656132442065,8.67361737988404e-19,-1.98866569556209e-19,-6.6441301767528e-20,0,0,0,0.00157454726667927,-0.0112931204706938,0.00976867116296737,-0.0126793367371587,-0.00123290700954228,0.00350337763604774,2.86797095946621e-14,1.32065941610952e-07,1.5236342448861e-13,8.05373358639792e-20,3.46944695195361e-18,4.17974581107418e-15
NC_k0049,-0.0842105263157895,-0.0842105263157895,0.406144624572334,60.2171040256537,-52.8323621981475,141.292192721231,-67.890397757291,-85.7913402628733,38.0345826412544,-113.86016339994,86.4833056480622,1,160,44.7512241440782,26.5435780645054,23.5272847288326,-13.1808187691956,-8.49891683451284e-19,-5.1711361429875e-19,0,-1.3166068373884e-19,-0.000347448420550575,-0.000408269493614461,1,1.29494697490672e-19,1.44130529699629e-19,1,0.00157454726667926,0.00976867116296737,0.00976867116296737,-0.0112931204706938,-0.0126793367371587,0.00350337763604774,0.00350337763604774,-0.00123290700954228,1,2.16840434497101e-19,2.16840434497101e-19,1,0.00156900759344821,0.00978088200192108,0.00978088200192108,-0.011290617851589,-0.0126779335159542,0.0035077568580928,0.0035077568580928,-0.00123865780691758,16.4465474921272,57.0094503681112,-9.03449386585601,-15.2778648590901,-9.03449386585601,-15.2778648590901,27.530070144129,9.95096802627119,1.30104260698261e-18,3.14478543420734e-19,-1.04878100072839e-19,0,0,0,0.00157454726667927,-0.0112931204706938,0.00976867116296737,-0.0126793367371587,-0.00123290700954228,0.00350337763604774,2.54835730799974e-14,2.16281754402027e-07,1.2424434844777e-13,1.44130529699629e-19,3.68628738645072e-18,3.55363544090353e-15
NC_k0049,-0.0342105263157895,-0.0342105263157895,0.427021123431314,89.9720677806523,-62.2713407667001,123.470009623538,-67.6196785974628,-100.484439290985,56.8652077729561,-111.064784519168,76.8431936636989,1,160,18.5866054180815,11.1265532626474,9.80534236464055,-5.54859669032992,-5.06843339813292e-19,1.16149392892246e-19,0,-6.41098061953099e-20,-0.000333752305800299,-0.000401328571258602,1,9.878155164269e-20,1.01096671485712e-19,1,0.00157454726667927,0.00976867116296737,0.00976867116296737,-0.0112931204706938,-0.0126793367371587,0.00350337763604774,0.00350337763604774,-0.00123290700954228,1,2.16840434497101e-19,2.16840434497101e-19,1,0.00156900759344821,0.00978088200192108,0.00978088200192108,-0.011290617851589,-0.0126779335159542,0.0035077568580928,0.0035077568580928,-0.00123865780691758,17.87819136882,59.6589569556873,-10.0545947244336,-16.276192307531,-10.0545947244336,-16.276192307531,28.7180321249113,10.9981572802895,8.67361737988404e-19,-6.43661250620997e-20,-1.20252819394963e-19,0,0,0,0.00157454726667927,-0.0112931204706938,0.00976867116296737,-0.0126793367371587,-0.00123290700954228,0.00350337763604774,3.23988676259768e-14,1.42265776628357e-07,9.74031289584473e-14,1.01096671485712e-19,1.73472347597681e-18,2.46992903985357e-15
NC_k0049,0.0157894736842105,0.0157894736842105,0.430401018858471,115.425495237285,-66.8855448334177,99.9266025285804,-64.4763504717277,-109.136281660091,72.2117269348417,-104.316292404047,62.9702701949633,1,160,-8.60643855543877,-5.15926518516682,-4.54268223439984,2.57439147145591,-4.6734381120266e-19,1.40342771448197e-19,0,-9.85734592367192e-20,-0.000331534070208908,-0.000400160158344463,1,1.51547660927091e-19,1.31853253824288e-19,1,0.00157454726667927,0.00976867116296737,0.00976867116296737,-0.0112931204706938,-0.0126793367371587,0.00350337763604774,0.00350337763604774,-0.00123290700954228,1,2.16840434497101e-19,2.16840434497101e-19,1,0.00156900759344821,0.00978088200192108,0.00978088200192108,-0.011290617851589,-0.0126779335159542,0.0035077568580928,0.0035077568580928,-0.00123865780691758,18.103466209354,60.0855312591394,-10.2217623389014,-16.4401974682518,-10.2217623389014,-16.4401974682518,28.9126210432937,11.166742228831,8.67361737988404e-19,-2.50394041295914e-20,-8.95033807507146e-20,0,0,0,0.00157454726667927,-0.0112931204706938,0.00976867116296737,-0.0126793367371587,-0.00123290700954228,0.00350337763604774,3.16409048558153e-13,1.48831235618892e-07,3.81258117587492e-14,1.51547660927091e-19,1.73472347597681e-18,8.25442673956296e-15
NC_k0049,0.0657894736842105,0.0657894736842105,0.415700407712316,135.429020552999,-68.0179519693582,71.5770558657019,-56.9189158864007,-113.172412797031,83.4295341192987,-91.9587174580157,45.3119845737353,1,160,-35.3330577904459,-21.0489546462157,-18.6060641040983,10.4742732086011,-3.88655773891715e-19,2.43363153658001e-19,0,-3.36113261382347e-19,-0.000341184772511371,-0.000405085904818013,1,2.01295432994767e-19,-8.22110773928377e-21,1,0.00157454726667927,0.00976867116296737,0.00976867116296737,-0.0112931204706938,-0.0126793367371587,0.00350337763604774,0.00350337763604774,-0.00123290700954228,1,2.16840434497101e-19,2.16840434497101e-19,1,0.00156900759344821,0.00978088200192108,0.00978088200192108,-0.011290617851589,-0.0126779335159542,0.0035077568580928,0.0035077568580928,-0.00123865780691758,17.1108507174616,58.2254229216262,-9.49860239833012,-15.7316632332003,-9.49860239833012,-15.7316632332003,28.0705374386025,10.4312372261077,8.67361737988404e-19,6.33045756655313e-20,-1.56012388884315e-19,0,0,0,0.00157454726667927,-0.0112931204706938,0.00976867116296737,-0.0126793367371587,-0.00123290700954228,0.00350337763604774,4.01191645016555e-14,1.84493690151064e-07,1.77628387481497e-13,2.01295432994767e-19,3.46944695195361e-18,1.90957104655125e-14
NC_k0049,0.11578947368421,0.11578947368421,0.385610340950778,149.413443998289,-67.3254077392849,40.0511416193208,-44.2230094228384,-114.412393274897,90.4325040114728,-73.2439095345911,24.8736533904262,1,160,-59.9735519902593,-35.2126327605067,-31.4114409677528,17.3797920938099,-8.00922591188144e-19,-6.28921963336318e-20,0,-2.4225142291473e-19,-0.000360757157721519,-0.000415073244566261,1,-6.14864274253186e-20,9.58553315260025e-20,1,0.00157454726667927,0.00976867116296737,0.00976867116296737,-0.0112931204706938,-0.0126793367371587,0.00350337763604774,0.00350337763604774,-0.00123290700954228,1,2.16840434497101e-19,2.16840434497101e-19,1,0.00156900759344821,0.00978088200192108,0.00978088200192108,-0.011290617851589,-0.0126779335159542,0.0035077568580928,0.0035077568580928,-0.00123865780691758,14.9628926315645,54.3764123875434,-8.05349956723862,-14.3238914116575,-8.05349956723862,-14.3238914116575,26.3884313976388,8.91684201591625,8.67361737988404e-19,4.00353779771331e-19,4.50705507237076e-19,0,0,0,0.00157454726667927,-0.0112931204706938,0.00976867116296737,-0.0126793367371587,-0.00123290700954228,0.00350337763604774,1.41578836179526e-14,1.72791156546702e-07,7.5602700041997e-14,9.58553315260025e-20,5.20417042793042e-18,1.12286143192171e-14
NC_k0050,-0.13421052631579,-0.13421052631579,0.606938620024957,-219.104184311736,89.8702890754101,-283.117405495276,144.3062524239,205.397816792301,-88.5474856406733,277.452713591338,-150.029410362088,1,160,-28.1313717655664,-28.3885858939296,-18.6515860276337,35.8484329074473,9.49947450345698e-19,-7.23260257836766e-19,0,-2.07734830314117e-19,-0.0011931437143239,-0.000147471911897916,1,1.71504919663128e-20,-1.86194532466939e-20,1,-0.0164440485414028,0.001712164880368,0.001712164880368,0.00689250589615461,0.00645796550210894,0.00163830469021281,0.00163830469021281,-0.00589624972143269,1,0,0,1,-0.0164382482966794,0.00171430508646846,0.00171430508646846,0.00688372079435455,0.00645419257794231,0.00164035257107557,0.00164035257107557,-0.0058923012610846,-44.0735778924291,3.491234176423,15.2815607725877,30.1346274080772,15.2815607725877,30.1346274080772,-9.33295924365046,-19.7611538462423,8.67361737988404e-19,8.95327974865151e-20,-1.57796687691572e-19,0,0,0,-0.0164440485414028,0.00689250589615461,0.001712164880368,0.00645796550210893,-0.00589624972143269,0.00163830469021281,1.64512203979317e-14,5.29138830308894e-08,3.29152459431256e-14,1.86194532466939e-20,3.46944695195361e-18,1.64629616438241e-15
NC_k0050,-0.0842105263157895,-0.0842105263157895,0.652116692589565,-245.228669713041,111.114889509481,-282.405092967002,141.941602431123,233.678572628403,-109.768672201491,274.54282903611,-147.71955203896,1,160,-18.1639859355958,-19.4006982783912,-12.3963457906157,23.4454202395395,7.95046300116568e-19,1.21760986167806e-19,0,3.20813728772566e-20,-0.00118327204305338,-0.000141662785035886,1,-2.92679036290997e-20,-1.22620427200429e-20,1,-0.0164440485414028,0.001712164880368,0.001712164880368,0.00689250589615461,0.00645796550210893,0.00163830469021281,0.00163830469021281,-0.00589624972143269,1,0,0,1,-0.0164382482966794,0.00171430508646846,0.00171430508646846,0.00688372079435455,0.00645419257794231,0.00164035257107557,0.00164035257107557,-0.0058923012610846,-47.0918686757206,0.171151965537772,17.4179557930741,32.4733545558366,17.4179557930741,32.4733545558366,-11.8545376418192,-21.9885174754313,8.67361737988404e-19,-2.18462900041861e-19,3.74053215651794e-20,0,0,0,-0.0164440485414028,0.00689250589615461,0.001712164880368,0.00645796550210893,-0.00589624972143269,0.00163830469021281,3.66705608807892e-14,9.77464479977345e-08,1.32009355696101e-13,2.92679036290997e-20,1.73472347597681e-18,3.40498268865483e-15
NC_k0050,-0.0342105263157895,-0.0342105263157895,0.678123660252942,-263.499799648365,125.763646209082,-277.913645965003,137.475575150634,253.232036059176,-126.178886395789,268.774040931676,-141.480916065766,1,160,-7.46701476437814,-8.21654765272412,-5.17557559764374,9.69445588039626,7.62409061867675e-19,6.32627732480556e-21,0,-1.8126505071242e-19,-0.00117856720589093,-0.000139334393390661,1,4.48351175900232e-20,1.51678640277084e-20,1,-0.0164440485414028,0.001712164880368,0.001712164880368,0.00689250589615461,0.00645796550210893,0.00163830469021281,0.00163830469021281,-0.00589624972143269,1,0,0,1,-0.0164382482966794,0.00171430508646846,0.00171430508646846,0.00688372079435455,0.00645419257794231,0.00164035257107557,0.00164035257107557,-0.0058923012610846,-48.7699504729842,-1.7405728689687,18.6973648745142,33.902287493602,18.6973648745142,33.902287493602,-13.4264519488782,-23.2817087005845,8.67361737988404e-19,-2.40903872026961e-19,3.39473190870111e-20,0,0,0,-0.0164440485414028,0.00689250589615461,0.001712164880368,0.00645796550210893,-0.00589624972143269,0.00163830469021281,4.87403238624211e-14,5.27249481323955e-08,7.33266060827722e-15,4.48351175900232e-20,3.46944695195361e-18,2.94695726083333e-15
NC_k0050,0.0157894736842105,0.0157894736842105,0.682225842966534,-275.073501495074,135.075493893708,-268.467795711929,129.730068223122,265.61720164031,-138.142681522717,258.521739053347,-131.085027317689,1,160,3.45180669624814,3.81597298251642,2.39836729399231,-4.48537066966176,7.28077757724275e-19,-2.3094055521868e-19,0,-2.03287907341032e-19,-0.00117786015724761,-0.000139012282741183,1,-4.85326715469605e-20,-6.44126944536336e-21,1,-0.0164440485414028,0.001712164880368,0.001712164880368,0.00689250589615461,0.00645796550210894,0.00163830469021281,0.00163830469021281,-0.00589624972143269,1,0,0,1,-0.0164382482966794,0.00171430508646846,0.00171430508646846,0.00688372079435455,0.00645419257794231,0.00164035257107557,0.00164035257107557,-0.0058923012610846,-49.0312903684656,-2.04376197011802,18.9022245473361,34.1330861758113,18.9022245473361,34.1330861758113,-13.6828977966502,-23.4858265995797,5.42101086242752e-19,-5.00159922345222e-19,-1.68581340700557e-19,0,0,0,-0.0164440485414028,0.00689250589615461,0.001712164880368,0.00645796550210893,-0.00589624972143269,0.00163830469021281,4.40389201002653e-13,7.25324938085921e-08,1.26764365292638e-13,4.85326715469605e-20,3.46944695195361e-18,2.76650197485314e-15
NC_k0050,0.0657894736842105,0.0657894736842105,0.664166070352723,-281.256899856408,140.595470204089,-252.819185035866,117.232379138353,272.827483607212,-145.902555435072,241.844105405379,-116.3556324286,1,160,14.274765066683,15.4616699515202,9.81302355600703,-18.4745664805104,1.73641754187132e-19,-2.13915523851113e-19,0,4.08799276168607e-19,-0.0011810786168287,-0.000140532418230614,1,4.15615415477416e-21,1.38755545242518e-21,1,-0.0164440485414028,0.001712164880368,0.001712164880368,0.00689250589615461,0.00645796550210893,0.00163830469021281,0.00163830469021281,-0.0058962497214327,1,0,0,1,-0.0164382482966794,0.00171430508646846,0.00171430508646846,0.00688372079435455,0.00645419257794231,0.00164035257107557,0.00164035257107557,-0.0058923012610846,-47.8741531772003,-0.712787637724497,18.0062968825167,33.1280431757,18.0062968825167,33.1280431757,-12.5711411562606,-22.5872740100229,6.50521303491303e-19,-3.40803041969434e-19,3.62067409777193e-19,0,0,0,-0.0164440485414028,0.00689250589615461,0.001712164880368,0.00645796550210893,-0.00589624972143269,0.00163830469021281,2.8172382528886e-14,9.11553341645145e-08,2.39430843553136e-13,4.15615415477416e-21,6.07153216591882e-18,1.83876500411877e-15
NC_k0050,0.11578947368421,0.11578947368421,0.62539661807258,-283.199523397649,143.620968115963,-229.667575890537,98.484310862523,276.62909616457,-149.591093742208,216.84484895591,-96.9264735735391,1,160,24.5881144436911,25.418301765914,16.5021173491697,-31.5252813943409,7.42636136505208e-19,-4.3661901452999e-19,0,1.61889172043978e-19,-0.00118895385856063,-0.000144907021828976,1,3.33292791934909e-20,7.04517621935427e-21,1,-0.0164440485414028,0.001712164880368,0.001712164880368,0.00689250589615461,0.00645796550210893,0.00163830469021281,0.00163830469021281,-0.00589624972143269,1,0,0,1,-0.0164382482966794,0.00171430508646846,0.00171430508646846,0.00688372079435455,0.00645419257794231,0.00164035257107557,0.00164035257107557,-0.0058923012610846,-45.3242288202927,2.12874748094558,16.1412768728893,31.0676249071556,16.1412768728893,31.0676249071556,-10.3342542548982,-20.6668489148635,8.67361737988404e-19,6.32341222615007e-20,9.87865190756614e-20,0,0,0,-0.0164440485414028,0.00689250589615461,0.001712164880368,0.00645796550210893,-0.00589624972143269,0.00163830469021281,1.55517878347147e-14,1.14824879868631e-07,1.68152271259154e-13,3.33292791934909e-20,3.46944695195361e-18,1.59770726813665e-15
NC_k0051,-0.13421052631579,-0.13421052631579,0.412824890104236,-81.0751924711763,-179.692057731744,-52.4415251660928,-216.589665930519,69.9534153044154,183.895742666733,73.5835160514519,234.659597566357,1,160,17.3350350098231,26.5117729094767,14.4694466133689,-5.35932509763316,1.56118760090808e-19,4.149402650362e-19,0,1.16175862671848e-19,0.00103642633166318,0.0014583810866798,1,3.06195067657864e-21,5.14941696026887e-20,1,0.00312673908891715,0.000957244486943936,0.000957244486943936,0.0114337576136561,-0.00281773145494278,0.0016217794992341,0.0016217794992341,0.0157482250808751,1,-2.16840434497101e-19,-1.0842021724855e-19,1,0.00313161010981591,0.000958441042552616,0.000958441042552616,0.0114334367479769,-0.00280990920389628,0.00162380672360814,0.00162380672360814,0.0157444436090868,-9.91042095705511,21.6852257003248,-24.3394785382999,15.0000489686739,-24.3394785382999,15.0000489686739,-1.0376364116086,37.8737817947078,4.33680868994202e-19,-2.87601604650939e-19,4.99264441080809e-20,0,0,0,0.00312673908891714,0.0114337576136561,0.000957244486943936,-0.00281773145494278,0.0157482250808751,0.0016217794992341,2.365190613428e-14,1.68356658079223e-07,1.45684402172654e-13,5.14941696026887e-20,1.73472347597681e-18,3.76506424814348e-15
NC_k0051,-0.0842105263157895,-0.0842105263157895,0.426304666079281,-73.9289460703332,-194.854381407539,-54.9549463322222,-215.604256033643,67.1256757057719,201.300516369015,71.8572900404257,231.583362422779,1,160,11.3675151240809,16.3109104070985,9.13388042528918,-3.3817358493209,3.3865436022411e-19,2.03023209545015e-20,0,2.86297136171954e-19,0.00104515547173713,0.0014621501429295,1,1.04554486453466e-19,-1.37570200141854e-20,1,0.00312673908891714,0.000957244486943936,0.000957244486943936,0.0114337576136561,-0.00281773145494278,0.0016217794992341,0.0016217794992341,0.0157482250808751,1,-2.16840434497101e-19,-1.0842021724855e-19,1,0.00313161010981591,0.000958441042552616,0.000958441042552616,0.0114334367479769,-0.00280990920389628,0.00162380672360814,0.00162380672360814,0.0157444436090868,-9.36687764292838,22.7562509831485,-24.9282572720672,14.2589928808982,-24.9282572720672,14.2589928808982,1.32217437356014,39.7144486020088,8.67361737988404e-19,-2.2206937477374e-19,-2.20926237165372e-19,0,0,0,0.00312673908891714,0.0114337576136561,0.000957244486943936,-0.00281773145494278,0.0157482250808751,0.0016217794992341,3.92061783323747e-14,1.7515399729837e-07,8.56241866151985e-14,1.04554486453466e-19,3.46944695195361e-18,2.08343583913517e-15
NC_k0051,-0.0342105263157895,-0.0342105263157895,0.433244807006824,-67.2559216214228,-205.371492762405,-59.2932725521098,-213.189338551534,67.0484992184458,214.579099477863,69.5961950870673,226.463687480788,1,160,4.70270313424176,6.51596219200067,3.70215955766001,-1.35821995740548,2.92246219137435e-19,2.05934885301202e-19,0,2.11228841221541e-19,0.00105063488553886,0.00146455368221612,1,-7.51862238861493e-20,-6.18658713747415e-20,1,0.00312673908891715,0.000957244486943936,0.000957244486943936,0.0114337576136561,-0.00281773145494278,0.0016217794992341,0.0016217794992341,0.0157482250808751,1,-2.16840434497101e-19,-1.0842021724855e-19,1,0.00313161010981591,0.000958441042552616,0.000958441042552616,0.0114334367479769,-0.00280990920389628,0.00162380672360814,0.00162380672360814,0.0157444436090868,-9.09573332128059,23.397998653056,-25.2989375643489,13.8308442844844,-25.2989375643489,13.8308442844844,2.57290383304627,40.6853388820347,6.50521303491303e-19,-2.42891498967794e-20,5.37432442251915e-19,0,0,0,0.00312673908891714,0.0114337576136561,0.000957244486943936,-0.00281773145494278,0.0157482250808751,0.0016217794992341,9.60972098115151e-14,9.49614399589573e-08,2.83251997981409e-14,7.51862238861493e-20,3.46944695195361e-18,2.30631898179198e-15
NC_k0051,0.0157894736842105,0.0157894736842105,0.434293840615748,-61.2511216009886,-211.7020651757,-64.9431774999932,-208.140037861616,68.759256308681,223.892824276691,67.5363078900794,218.440220550164,1,160,-2.17563860047646,-2.99843948687699,-1.70744576882664,0.625160908371839,4.70103285726137e-19,1.27266700324959e-19,0,5.13196086917699e-19,0.00105154587903175,0.00146496169025369,1,1.33504230060097e-20,-1.19791045420563e-20,1,0.00312673908891715,0.000957244486943936,0.000957244486943936,0.0114337576136561,-0.00281773145494278,0.0016217794992341,0.0016217794992341,0.0157482250808751,1,-2.16840434497101e-19,-1.0842021724855e-19,1,0.00313161010981591,0.000958441042552616,0.000958441042552616,0.0114334367479769,-0.00280990920389628,0.00162380672360814,0.00162380672360814,0.0157444436090868,-9.05618037444999,23.500655600172,-25.359060943687,13.7631778815851,-25.359060943687,13.7631778815851,2.7638200877324,40.8338038614032,4.33680868994202e-19,-2.93902965867889e-19,3.92505733370259e-20,0,0,0,0.00312673908891714,0.0114337576136561,0.000957244486943936,-0.00281773145494278,0.0157482250808751,0.0016217794992341,3.03026466710383e-13,9.92461684558107e-08,1.12508669317951e-13,1.33504230060097e-20,1.73472347597681e-18,1.15037404254451e-14
NC_k0051,0.0657894736842105,0.0657894736842105,0.429587254146948,-56.3586604555114,-214.941277345087,-71.4151839159175,-199.27244441702,71.0592812495212,229.98144931036,66.8170025031556,206.680790459134,1,160,-8.961524240429,-12.6505296228434,-7.13197777487989,2.63082696805154,1.05879118406788e-21,6.28921963336318e-20,0,1.84812001179048e-19,0.00104766135157551,0.00146331946516174,1,-2.43318205625184e-20,2.27063928978935e-20,1,0.00312673908891715,0.000957244486943936,0.000957244486943936,0.0114337576136561,-0.00281773145494278,0.0016217794992341,0.0016217794992341,0.0157482250808751,1,-2.16840434497101e-19,-1.0842021724855e-19,1,0.00313161010981591,0.000958441042552616,0.000958441042552616,0.0114334367479769,-0.00280990920389628,0.00162380672360814,0.00162380672360814,0.0157444436090868,-9.23719180102965,23.0512267651601,-25.0978217363721,14.0610051114927,-25.0978217363721,14.0610051114927,1.91059598557037,40.1711561675934,6.50521303491303e-19,-5.33292407053135e-19,1.69385481423837e-19,0,0,0,0.00312673908891714,0.0114337576136561,0.000957244486943936,-0.00281773145494278,0.0157482250808751,0.0016217794992341,3.00914888176763e-13,1.36662965089282e-07,2.23895423887578e-13,2.43318205625184e-20,5.20417042793042e-18,5.94410781974547e-15
NC_k0051,0.11578947368421,0.11578947368421,0.418562104600292,-53.1343836947991,-216.325959881333,-78.4065936101488,-185.775194809809,73.0320603138461,233.709864721103,68.5627075761802,190.723082945726,1,160,-15.2599646784755,-22.7273234285447,-12.5358050753167,4.65602689317724,6.32098336888522e-20,4.13775594733726e-19,0,7.35436356453546e-19,0.00103992601498798,0.00145991897305457,1,3.04557219156756e-20,-2.73944221345803e-20,1,0.00312673908891715,0.000957244486943936,0.000957244486943936,0.0114337576136561,-0.00281773145494278,0.0016217794992341,0.0016217794992341,0.0157482250808751,1,-2.16840434497101e-19,-1.0842021724855e-19,1,0.00313161010981591,0.000958441042552616,0.000958441042552616,0.0114334367479769,-0.00280990920389628,0.00162380672360814,0.00162380672360814,0.0157444436090868,-9.67781686141424,22.1158196024975,-24.5699371348195,14.6963638760477,-24.5699371348195,14.6963638760477,-0.042544448927118,38.6520999803342,8.67361737988404e-19,-6.58220793420225e-19,-3.00346216723702e-19,0,0,0,0.00312673908891714,0.0114337576136561,0.000957244486943936,-0.00281773145494278,0.0157482250808751,0.0016217794992341,5.25232018556883e-14,1.29735909986471e-07,2.4368409101978e-13,3.04557219156756e-20,5.20417042793042e-18,1.98935178153318e-15
NC_k0052,-0.13421052631579,-0.13421052631579,0.971436600634398,141.730945634032,84.8807097985919,175.986440771135,115.923434948971,-140.19026935903,-39.8858721016113,-192.77555678913,-165.347160279701,1,160,15.1353298670725,-74.0233882746116,-19.4330592744878,-11.8766294937394,4.07634605866132e-19,1.1761052472626e-18,0,-1.24513843246382e-19,-0.00104069275156686,-0.000245951042768086,1,-3.22752788070855e-20,-2.80519225185884e-19,1,0.00261780353728338,0.00293059111048586,0.00293059111048586,-0.0105468976187944,0.00302736868501016,-0.015038295014095,-0.015038295014095,-0.00616493413720396,1,-2.16840434497101e-19,2.98155597433514e-19,1,0.00261245064722187,0.00293425434937396,0.00293425434937396,-0.0105440225706334,0.00302400584577631,-0.0150570928828626,-0.0150570928828626,-0.00616255178717392,24.5590218700067,2.48145721657955,15.9082566199876,-29.986342275482,15.9082566199876,-29.986342275482,-60.0965029904388,-17.1249657592855,8.67361737988404e-19,9.61909553603646e-20,-2.42159334856899e-20,0,0,0,0.00261780353728338,-0.0105468976187944,0.00293059111048586,0.00302736868501016,-0.00616493413720396,-0.015038295014095,2.73088564351871e-14,1.71734541833322e-07,2.4589948963147e-13,2.80519225185884e-19,1.73472347597681e-18,3.8857484690822e-15
NC_k0052,-0.0842105263157895,-0.0842105263157895,1.01539710566472,151.109041095934,96.1360393033494,172.378764888808,114.91512364229,-152.076308191431,-66.4749440386743,-186.722090754453,-149.207414080479,1,160,10.0454029653404,-47.3968028616905,-12.3259619657955,-7.68028037436051,-1.51407139321706e-19,5.1383136162814e-19,0,5.42524602716379e-19,-0.00104745930873227,-0.000281953575060011,1,1.8022899933846e-20,-2.47536890971827e-19,1,0.00261780353728338,0.00293059111048586,0.00293059111048586,-0.0105468976187944,0.00302736868501015,-0.015038295014095,-0.015038295014095,-0.00616493413720396,1,-2.16840434497101e-19,2.98155597433514e-19,1,0.00261245064722187,0.00293425434937396,0.00293425434937396,-0.0105440225706334,0.00302400584577631,-0.0150570928828626,-0.0150570928828626,-0.00616255178717392,25.5514649774806,4.94439922851543,15.4136243183625,-29.8655708504921,15.4136243183625,-29.8655708504921,-64.9930437507022,-18.8291540166674,8.67361737988404e-19,1.38207016605839e-19,3.9569997995142e-19,0,0,0,0.00261780353728338,-0.0105468976187944,0.00293059111048586,0.00302736868501016,-0.00616493413720396,-0.015038295014095,4.22756471716163e-14,2.6771246074431e-07,1.18412104700432e-13,2.47536890971827e-19,3.46944695195361e-18,3.93619684983648e-15
NC_k0052,-0.0342105263157895,-0.0342105263157895,1.0401512940905,158.973675017226,105.147051561699,167.529099348331,112.524657112917,-163.6380246265,-94.0137055966384,-178.181688685652,-128.385688983506,1,160,4.20383121005402,-19.4040585305321,-5.01607501575775,-3.16954876111857,-5.06313944221258e-19,-5.80005810632382e-19,0,-4.54009659728305e-19,-0.00105078413401634,-0.000303088203478748,1,2.20110118948409e-20,-1.38278334899735e-19,1,0.00261780353728338,0.00293059111048586,0.00293059111048586,-0.0105468976187944,0.00302736868501016,-0.015038295014095,-0.015038295014095,-0.00616493413720396,1,-2.16840434497101e-19,2.98155597433514e-19,1,0.00261245064722187,0.00293425434937396,0.00293425434937396,-0.0105440225706334,0.00302400584577631,-0.0150570928828626,-0.0150570928828626,-0.00616255178717392,26.0844250717641,6.41434259923708,15.1475923034573,-29.7910425338535,15.1475923034573,-29.7910425338535,-67.787597689747,-19.684319904735,8.67361737988404e-19,-2.99140983865462e-19,-2.46404092239629e-19,0,0,0,0.00261780353728338,-0.0105468976187944,0.00293059111048586,0.00302736868501016,-0.00616493413720396,-0.015038295014095,7.51360790652994e-14,9.40812902096561e-08,8.33828929787005e-14,1.38278334899735e-19,1.73472347597681e-18,3.41557396408084e-15
NC_k0052,0.0157894736842105,0.0157894736842105,1.04402175588379,165.452008946506,111.077948085789,161.514266001186,107.692238900736,-174.514113768397,-119.717087327345,-167.765173207827,-103.801680002227,1,160,-1.94924459402346,8.96423808294712,2.31494785134481,1.46650144349516,-4.93820208249257e-19,1.45266150454113e-19,0,-2.20757961878152e-19,-0.00105137691076051,-0.000306440610537378,1,4.59239549562228e-20,-2.73120525753302e-19,1,0.00261780353728338,0.00293059111048586,0.00293059111048586,-0.0105468976187944,0.00302736868501015,-0.015038295014095,-0.015038295014095,-0.00616493413720396,1,-2.16840434497101e-19,2.98155597433514e-19,1,0.00261245064722187,0.00293425434937396,0.00293425434937396,-0.0105440225706334,0.00302400584577631,-0.0150570928828626,-0.0150570928828626,-0.00616255178717392,26.1670078724392,6.65066407498855,15.1062726343752,-29.7780270228248,15.1062726343752,-29.7780270228248,-68.2276706536972,-19.8129961985609,8.67361737988404e-19,-6.77060419325279e-20,2.86088894566361e-19,0,0,0,0.00261780353728338,-0.0105468976187944,0.00293059111048586,0.00302736868501016,-0.00616493413720396,-0.015038295014095,1.8800466205678e-13,2.00950316387026e-07,2.86487114813958e-13,2.73120525753302e-19,1.73472347597681e-18,8.93264278669821e-15
NC_k0052,0.0657894736842105,0.0657894736842105,1.026922874642,170.727838418025,114.253363505047,154.189974508839,99.7969351097495,-183.843754388992,-142.03625127615,-156.383452454222,-76.6926722885822,1,160,-7.95712393489587,37.1716099480055,9.64078038432611,6.04439710563115,-7.19978005166155e-19,-3.32036915323686e-19,0,1.5458351287391e-19,-0.00104904366959178,-0.000291721144852227,1,4.87660910191332e-20,-1.39923116337412e-20,1,0.00261780353728338,0.00293059111048586,0.00293059111048586,-0.0105468976187944,0.00302736868501015,-0.015038295014095,-0.015038295014095,-0.00616493413720396,1,-2.16840434497101e-19,2.98155597433514e-19,1,0.00261245064722187,0.00293425434937396,0.00293425434937396,-0.0105440225706334,0.00302400584577631,-0.0150570928828626,-0.0150570928828626,-0.00616255178717392,25.8012838463892,5.6200795010446,15.2897747885803,-29.8328985695414,15.2897747885803,-29.8328985695414,-66.2891006128272,-19.234792396992,8.67361737988404e-19,2.06432340297078e-19,4.71891503984666e-19,0,0,0,0.00261780353728338,-0.0105468976187944,0.00293059111048586,0.00302736868501016,-0.00616493413720396,-0.015038295014095,2.41568332276393e-14,1.395153847697e-07,1.57947492000137e-13,4.87660910191332e-20,5.20417042793042e-18,3.02712554731449e-15
NC_k0052,0.11578947368421,0.11578947368421,0.989519545223572,174.815935029798,115.643282937599,145.354265351024,89.1597185186795,-190.849856745781,-159.998535719664,-144.598411442952,-49.3097741596537,1,160,-13.3785156535981,64.4852768199123,16.8652311848838,10.3826339272056,-1.22036271875663e-18,1.32475952950573e-18,0,1.30654832113976e-19,-0.00104352530193006,-0.000260714187580371,1,-6.66154344045563e-20,6.93625239553368e-21,1,0.00261780353728338,0.00293059111048586,0.00293059111048586,-0.0105468976187944,0.00302736868501016,-0.015038295014095,-0.015038295014095,-0.00616493413720396,1,-2.16840434497101e-19,2.98155597433514e-19,1,0.00261245064722187,0.00293425434937396,0.00293425434937396,-0.0105440225706334,0.00302400584577631,-0.0150570928828626,-0.0150570928828626,-0.00616255178717392,24.9760542920785,3.47718021726595,15.6989552007726,-29.9337269421742,15.6989552007726,-29.9337269421742,-62.1060502773347,-17.8596191083621,8.67361737988404e-19,1.54033828713917e-19,-4.6331228937251e-19,0,0,0,0.00261780353728338,-0.0105468976187944,0.00293059111048586,0.00302736868501016,-0.00616493413720396,-0.015038295014095,3.07972151844161e-14,7.79451668101008e-08,2.20794109287218e-13,6.66154344045563e-20,4.33680868994202e-18,7.85387333670119e-15
NC_k0053,-0.13421052631579,-0.13421052631579,0.52948844524247,-53.2051890984062,-209.95522260068,13.0267362835938,-262.417774241502,29.341667427826,234.759200972629,-2.04676775062109,261.270454000486,1,160,34.7525837403455,8.20593778805383,14.1763121043718,-24.0017500515051,8.39621408965825e-20,1.47214987977287e-18,0,5.19866471377327e-19,-0.0010169538579163,0.00138110836641,1,7.29365363829358e-20,6.91514983463634e-20,1,-0.00534594159204217,0.00258142334671432,0.00258142334671432,-0.00544452772527846,-0.00724818554560279,-0.00326677755462682,-0.00326677755462682,0.0164895800599435,1,0,-2.71050543121376e-20,1,-0.00534765841103964,0.00258465012589771,0.00258465012589771,-0.00544618292794266,-0.00723932352595819,-0.0032708610265701,-0.0032708610265701,0.0164836059760847,-6.00244105531471,32.3613388546593,-28.7457103531134,-0.818781106151409,-28.7457103531134,-0.818781106151409,-21.346929232298,44.4118148629303,6.50521303491303e-19,-4.13290305680543e-20,1.91326089829644e-19,0,0,0,-0.00534594159204217,-0.00544452772527846,0.00258142334671432,-0.00724818554560279,0.0164895800599435,-0.00326677755462682,3.41444071492674e-14,8.15281875496543e-08,1.64280572329486e-13,7.29365363829358e-20,3.46944695195361e-18,2.30646265855419e-15
NC_k0053,-0.0842105263157895,-0.0842105263157895,0.554602440082312,-37.4230375222605,-231.495194366785,6.66671296853362,-260.888746391721,18.139081801596,251.800919831834,-0.247826148990775,264.259919793384,1,160,24.1042589386392,4.60816630935799,9.47510033183911,-15.7733425166865,2.03473195798244e-19,-2.50404115032053e-20,0,3.20549030976549e-19,-0.00101086028812701,0.00136798958220966,1,7.98305445759934e-20,2.95609817680846e-20,1,-0.00534594159204217,0.00258142334671432,0.00258142334671432,-0.00544452772527846,-0.00724818554560278,-0.00326677755462682,-0.00326677755462682,0.0164895800599435,1,0,-2.71050543121376e-20,1,-0.00534765841103964,0.00258465012589771,0.00258465012589771,-0.00544618292794266,-0.00723932352595819,-0.0032708610265701,-0.0032708610265701,0.0164836059760847,-4.81743249944683,34.5598539735765,-30.5105791196182,-2.05648735714929,-30.5105791196182,-2.05648735714929,-19.5892675936619,46.6927268577033,5.14996031930615e-19,-2.86558938582841e-19,-4.80933194252488e-19,0,0,0,-0.00534594159204217,-0.00544452772527846,0.00258142334671432,-0.00724818554560279,0.0164895800599435,-0.00326677755462682,5.46814892003228e-14,1.27093654417877e-07,1.38526849502977e-13,7.98305445759934e-20,4.33680868994202e-18,3.40312087624902e-15
NC_k0053,-0.0342105263157895,-0.0342105263157895,0.569180787442511,-22.0720953989137,-246.13487588788,-3.54327551605223,-257.21764364498,9.94027774153603,261.458368425489,2.7963561820449,265.573718698465,1,160,10.2907483816475,1.73864009935492,3.96969819873078,-6.54096865668849,1.88676589000895e-19,2.495835518644e-19,0,5.38183558861701e-19,-0.0010064258200827,0.00136076850552558,1,5.61559413301812e-20,-1.07439921044078e-19,1,-0.00534594159204217,0.00258142334671432,0.00258142334671432,-0.00544452772527846,-0.00724818554560279,-0.00326677755462682,-0.00326677755462682,0.0164895800599435,1,0,-2.71050543121376e-20,1,-0.00534765841103964,0.00258465012589771,0.00258465012589771,-0.00544618292794266,-0.00723932352595819,-0.0032708610265701,-0.0032708610265701,0.0164836059760847,-4.09041863985664,36.0259911692953,-31.6114841173466,-2.78447830111214,-31.6114841173466,-2.78447830111214,-18.6634273197017,47.9543520103611,5.42101086242752e-19,-2.25584890557977e-19,5.15787319444857e-19,0,0,0,-0.00534594159204217,-0.00544452772527846,0.00258142334671432,-0.00724818554560279,0.0164895800599435,-0.00326677755462682,5.19576797362018e-14,7.80489761039015e-08,6.41198052156039e-14,1.07439921044078e-19,3.46944695195361e-18,3.12090091336695e-15
NC_k0053,0.0157894736842105,0.0157894736842105,0.57149447015343,-8.10890651455777,-255.053634953697,-16.6989781800568,-250.003931200508,4.33396193558174,265.278979163661,7.60647487603126,263.450631559891,1,160,-4.78469523134061,-0.793000007349288,-1.84063942876766,3.02777380512948,-1.72582963003064e-19,2.77826806699411e-19,0,5.20289987850954e-19,-0.00100571241329897,0.00135968657802562,1,6.09389827890706e-20,-9.87277179284731e-20,1,-0.00534594159204217,0.00258142334671432,0.00258142334671432,-0.00544452772527846,-0.00724818554560279,-0.00326677755462682,-0.00326677755462682,0.0164895800599435,1,0,-2.71050543121376e-20,1,-0.00534765841103964,0.00258465012589771,0.00258465012589771,-0.00544618292794266,-0.00723932352595819,-0.0032708610265701,-0.0032708610265701,0.0164836059760847,-3.97366466908741,36.2704442092059,-31.7910451676114,-2.90005997966425,-31.7910451676114,-2.90005997966425,-18.5214860891292,48.1508007818892,4.33680868994202e-19,2.78537669696404e-21,7.56887424130776e-20,0,0,0,-0.00534594159204217,-0.00544452772527846,0.00258142334671432,-0.00724818554560279,0.0164895800599435,-0.00326677755462682,3.84530572471448e-13,9.62692525003576e-08,1.52845247195208e-13,9.87277179284731e-20,8.67361737988404e-19,1.02961311750464e-14
NC_k0053,0.0657894736842105,0.0657894736842105,0.56133805953326,3.32479341316042,-259.854023900379,-31.6668158763853,-237.653520387477,0.703940339290495,265.032616423664,14.7806570207503,256.144472675483,1,160,-19.28130593535,-3.48346902172848,-7.51237573583588,12.4457240517996,8.40680200149893e-20,3.74812079160028e-19,0,7.04096137405137e-20,-0.00100891296107376,0.00136470702966268,1,4.51680059373624e-20,2.87023344698148e-20,1,-0.00534594159204217,0.00258142334671432,0.00258142334671432,-0.00544452772527846,-0.00724818554560279,-0.00326677755462682,-0.00326677755462682,0.0164895800599435,1,0,-2.71050543121376e-20,1,-0.00534765841103964,0.00258465012589771,0.00258465012589771,-0.00544618292794266,-0.00723932352595819,-0.0032708610265701,-0.0032708610265701,0.0164836059760847,-4.48369255879363,35.2208660890345,-31.0127170778749,-2.39249945638284,-31.0127170778749,-2.39249945638284,-19.154227279358,47.2809629803192,1.30104260698261e-18,-3.53236966891025e-20,-4.36030086460525e-19,0,0,0,-0.00534594159204217,-0.00544452772527846,0.00258142334671432,-0.00724818554560279,0.0164895800599435,-0.00326677755462682,8.71304820584132e-14,8.0511786738448e-08,2.16557016075713e-13,4.51680059373624e-20,6.93889390390723e-18,2.76894147488876e-15
NC_k0053,0.11578947368421,0.11578947368421,0.539739251904139,11.162926285373,-262.031075397365,-47.4068289460583,-218.696289108119,-1.50290808076375,262.45366507301,24.867504029425,241.942149383057,1,160,-31.3151000189721,-6.77901030058277,-12.5710564054531,21.1479924360661,3.4442477217728e-19,5.08008010115767e-19,0,7.11295917456799e-19,-0.0010146065880597,0.00137564785321731,1,2.35780391841763e-20,1.56477756227574e-20,1,-0.00534594159204218,0.00258142334671432,0.00258142334671432,-0.00544452772527847,-0.00724818554560279,-0.00326677755462682,-0.00326677755462682,0.0164895800599435,1,0,-2.71050543121376e-20,1,-0.00534765841103964,0.00258465012589771,0.00258465012589771,-0.00544618292794266,-0.00723932352595819,-0.0032708610265701,-0.0032708610265701,0.0164836059760847,-5.53264304786004,33.2070550368675,-29.4443965439377,-1.32054316251926,-29.4443965439377,-1.32054316251926,-20.6003775195579,45.360119963635,6.50521303491303e-19,3.41641669879574e-19,-3.27804100202523e-20,0,0,0,-0.00534594159204217,-0.00544452772527846,0.00258142334671432,-0.00724818554560279,0.0164895800599435,-0.00326677755462682,2.13286935443235e-14,1.2498852084947e-07,1.72359973200524e-13,2.35780391841763e-20,3.46944695195361e-18,7.19936630971243e-15
NC_k0054,-0.13421052631579,-0.13421052631579,0.60097531843612,-95.5255853682607,-159.508103708111,-151.578977961973,-194.896094732559,108.689629608069,190.68635010918,116.808961950111,157.313247303157,1,160,-34.1572644444496,-24.9416461004226,-19.5026404798078,-14.5920859075944,8.36550914532028e-19,1.11797761125727e-18,0,1.04905030517445e-18,-0.00136171101709486,-0.00071814366323757,1,2.63693128804258e-20,2.02838955252154e-20,1,-0.0113430168402953,-0.00634342003889684,-0.00634342003889684,0.000163527106001501,-0.0137305766224986,-0.00563256556312674,-0.00563256556312674,0.00328872632599214,1,-1.62630325872826e-19,2.16840434497101e-19,1,-0.0113411678405831,-0.00635134931394546,-0.00635134931394546,0.000158184515747302,-0.0137268896294361,-0.00563960627008064,-0.00563960627008064,0.00328177625471191,-23.3913908653563,-16.0911631359906,-28.9452166824235,12.5961192466538,-28.9452166824235,12.5961192466538,-40.6291347490792,28.4440575113759,8.67361737988404e-19,1.39810835026058e-19,-1.83676068798807e-19,0,0,0,-0.0113430168402953,0.000163527106001503,-0.00634342003889684,-0.0137305766224986,0.00328872632599214,-0.00563256556312674,4.3996435621378e-14,3.30181506688812e-07,3.01643128263482e-13,2.63693128804258e-20,2.11419423634673e-18,2.03210562834035e-15
NC_k0054,-0.0842105263157895,-0.0842105263157895,0.618806511470551,-109.534466550517,-167.156430470305,-145.174627653708,-190.685830601305,114.657939283282,187.865086128841,118.247966822083,163.446736424907,1,160,-20.9016248243096,-16.1443799348616,-12.2251815705265,-9.53730672633437,1.32200667242715e-18,-8.27974705941079e-20,0,1.36160546271129e-19,-0.00138138322743722,-0.000743356402631949,1,-1.3223690687862e-19,1.64812649561379e-20,1,-0.0113430168402953,-0.00634342003889684,-0.00634342003889684,0.000163527106001501,-0.0137305766224986,-0.00563256556312674,-0.00563256556312674,0.00328872632599214,1,-1.62630325872826e-19,2.16840434497101e-19,1,-0.0113411678405831,-0.00635134931394546,-0.00635134931394546,0.000158184515747302,-0.0137268896294361,-0.00563960627008064,-0.00563960627008064,0.00328177625471191,-24.4693548475484,-18.0930125554055,-29.1770800737625,12.2612164905813,-29.1770800737625,12.2612164905813,-41.1695436871981,28.8109824943117,7.58941520739853e-19,-7.2340651539851e-20,-6.9283752139029e-19,0,0,0,-0.0113430168402953,0.000163527106001503,-0.00634342003889684,-0.0137305766224986,0.00328872632599214,-0.00563256556312674,3.03401958936863e-14,3.14622957464639e-07,1.80394205792378e-13,1.3223690687862e-19,6.93889390390723e-18,3.05003115978457e-15
NC_k0054,-0.0342105263157895,-0.0342105263157895,0.628238960142003,-122.585186932565,-174.726205745894,-137.063348621719,-184.683661001902,118.37466718284,181.770351427459,119.392168384212,171.076588011325,1,160,-8.32791949337644,-6.63888771921329,-4.93904638015463,-3.95967325592779,2.37592741704831e-19,-3.95776144604572e-19,0,2.21075599233372e-19,-0.00139253021761368,-0.000757936057535618,1,2.47912078073591e-21,-3.43399600823716e-20,1,-0.0113430168402953,-0.00634342003889684,-0.00634342003889684,0.000163527106001502,-0.0137305766224986,-0.00563256556312674,-0.00563256556312674,0.00328872632599214,1,-1.62630325872826e-19,2.16840434497101e-19,1,-0.0113411678405831,-0.00635134931394546,-0.00635134931394546,0.000158184515747302,-0.0137268896294361,-0.00563960627008064,-0.00563960627008064,0.00328177625471191,-24.9937717156948,-19.1015712367759,-29.3246792442958,12.0910229320554,-29.3246792442958,12.0910229320554,-41.4924377218855,29.0561247998752,8.67361737988404e-19,-3.70387549286253e-20,-6.60655239385091e-19,0,0,0,-0.0113430168402953,0.000163527106001503,-0.00634342003889684,-0.0137305766224986,0.00328872632599214,-0.00563256556312674,1.07237275974962e-13,1.73271064603464e-07,1.54429117476197e-13,3.43399600823716e-20,5.20417042793042e-18,1.767198621961e-16
NC_k0054,0.0157894736842105,0.0157894736842105,0.629678246680541,-133.576639120864,-182.130186582345,-126.89522149809,-177.50395416523,119.506737621733,174.03464019539,119.071443755695,179.026394865592,1,160,3.83078828518939,3.06837632432031,2.27672432113821,1.83348833782871,2.26793071627339e-19,1.03126261328211e-19,0,8.4046844191308e-19,-0.00139430609675169,-0.000760268292851463,1,-7.90774284071877e-20,5.33753551218363e-20,1,-0.0113430168402953,-0.00634342003889684,-0.00634342003889684,0.000163527106001501,-0.0137305766224986,-0.00563256556312674,-0.00563256556312674,0.00328872632599214,1,-1.62630325872826e-19,2.16840434497101e-19,1,-0.0113411678405831,-0.00635134931394546,-0.00635134931394546,0.000158184515747302,-0.0137268896294361,-0.00563960627008064,-0.00563960627008064,0.00328177625471191,-25.0717436795327,-19.2516534885187,-29.348609825345,12.0655529268604,-29.348609825345,12.0655529268604,-41.5434136110757,29.0972814212053,8.67361737988404e-19,4.44264489931542e-20,1.42612985136035e-19,0,0,0,-0.0113430168402953,0.000163527106001503,-0.00634342003889684,-0.0137305766224986,0.00328872632599214,-0.00563256556312674,3.38330981108587e-13,1.69704217867274e-07,2.42659814505881e-13,7.90774284071877e-20,1.73472347597681e-18,3.70263442322102e-15
NC_k0054,0.0657894736842105,0.0657894736842105,0.623246535614158,-142.403780017059,-188.660533335514,-114.53263525427,-169.94438557096,118.76388226246,166.139471188184,116.339197701788,185.916154309937,1,160,16.190020247637,12.6897832098254,9.53033514096256,7.52685010611595,2.55327494037968e-19,5.28760317323497e-19,0,5.21772295508649e-19,-0.00138659104519188,-0.000750063075289078,1,-1.10215236636331e-19,-2.08650566552443e-20,1,-0.0113430168402953,-0.00634342003889684,-0.00634342003889684,0.000163527106001504,-0.0137305766224986,-0.00563256556312674,-0.00563256556312674,0.00328872632599214,1,-1.62630325872826e-19,2.16840434497101e-19,1,-0.0113411678405831,-0.00635134931394546,-0.00635134931394546,0.000158184515747302,-0.0137268896294361,-0.00563960627008064,-0.00563960627008064,0.00328177625471191,-24.7194477722091,-18.5728029270085,-29.2446968179352,12.1807473775151,-29.2446968179352,12.1807473775151,-41.318483675414,28.921461018134,8.67361737988404e-19,1.9362887711659e-19,1.14915430721656e-19,0,0,0,-0.0113430168402953,0.000163527106001503,-0.00634342003889684,-0.0137305766224986,0.00328872632599214,-0.00563256556312674,3.79628596525191e-14,1.73094539663811e-07,3.59565117084951e-13,1.10215236636331e-19,2.16840434497101e-18,9.975585234139e-15
NC_k0054,0.11578947368421,0.11578947368421,0.608477314750543,-149.397020995577,-193.572029252206,-100.65547074746,-162.355767173041,117.306096955758,159.336043352626,111.058076597241,190.140081938939,1,160,29.2156835746332,21.8338592827199,16.8463491429264,12.8117751388398,3.30342849429177e-19,6.54121193517133e-19,0,4.62268230964034e-19,-0.00136986821964089,-0.000728502477622416,1,8.84186507429163e-20,6.31491306846401e-20,1,-0.0113430168402953,-0.00634342003889684,-0.00634342003889684,0.000163527106001502,-0.0137305766224987,-0.00563256556312674,-0.00563256556312674,0.00328872632599214,1,-1.62630325872826e-19,2.16840434497101e-19,1,-0.0113411678405831,-0.00635134931394546,-0.00635134931394546,0.000158184515747302,-0.0137268896294361,-0.00563960627008064,-0.00563960627008064,0.00328177625471191,-23.8613160476368,-16.9480798187967,-29.0337614315327,12.4526568978446,-29.0337614315327,12.4526568978446,-40.844397248484,28.5849671894766,1.30104260698261e-18,2.52172174581883e-19,4.88724946267965e-19,0,0,0,-0.0113430168402953,0.000163527106001503,-0.00634342003889684,-0.0137305766224986,0.00328872632599214,-0.00563256556312674,2.96711228889399e-14,1.16317316392607e-07,1.18718963670307e-13,8.84186507429163e-20,6.93889390390723e-18,1.04001761231769e-14
NC_k0055,-0.13421052631579,-0.13421052631579,0.811146732373766,-138.239843146862,131.970931666493,-89.1512893127262,195.976775457537,98.1651094212181,-152.56146153016,135.752332860753,-166.014494796315,1,160,36.7991667010151,1.12154429933734,12.5138346301163,36.4346534896273,-4.70950318673391e-19,-3.60836035530332e-19,0,-1.35525271560688e-18,0.000682399311702891,0.000658968599076297,1,1.08435813711633e-19,-2.9748991729386e-20,1,-0.000946888973156341,0.0120044002480288,0.0120044002480288,0.0111505857370525,0.00975143128445295,0.00417145617530866,0.00417145617530866,-0.00426271685200356,1,0,4.33680868994202e-19,1,-0.000941514184690043,0.0120194057483388,0.0120194057483388,0.0111483996038249,0.00974790947479038,0.0041766704955278,0.0041766704955278,-0.00425747981908084,-18.111877600093,49.0317000428355,26.1397178990415,18.0206015862345,26.1397178990415,18.0206015862345,15.3693958258193,-25.2492868475846,8.67361737988404e-19,-6.08504662084805e-20,1.45898015324083e-19,0,0,0,-0.000946888973156342,0.0111505857370525,0.0120044002480288,0.00975143128445296,-0.00426271685200356,0.00417145617530866,2.12395301145379e-14,2.16646284572656e-07,2.0673240656178e-13,1.08435813711633e-19,1.73472347597681e-18,1.09496640281214e-15
NC_k0055,-0.0842105263157895,-0.0842105263157895,0.848325924134863,-134.743453508943,150.783611991568,-99.6320585665456,190.23367162353,109.002090359366,-162.806897102125,132.073562714822,-168.694249771258,1,160,22.822005508471,-0.0633227871223945,7.51036529804504,23.7842537198849,6.35274710440725e-21,-5.96522953103841e-19,0,-8.36021518939994e-19,0.000719899760763976,0.000682668650812498,1,2.59371510236788e-19,-9.53932045749144e-21,1,-0.00094688897315634,0.0120044002480288,0.0120044002480288,0.0111505857370525,0.00975143128445295,0.00417145617530866,0.00417145617530866,-0.00426271685200356,1,0,4.33680868994202e-19,1,-0.000941514184690043,0.0120194057483388,0.0120194057483388,0.0111483996038249,0.00974790947479038,0.0041766704955278,0.0041766704955278,-0.00425747981908084,-18.685228625078,50.4247271931365,27.6640463076119,19.6227339268349,27.6640463076119,19.6227339268349,13.6241157976591,-26.8123114012069,8.67361737988404e-19,-3.85789862708253e-19,3.81878887592569e-19,0,0,0,-0.000946888973156342,0.0111505857370525,0.0120044002480288,0.00975143128445296,-0.00426271685200356,0.00417145617530866,5.60146912844416e-14,2.3559877218098e-07,9.94998363160359e-14,2.59371510236788e-19,3.46944695195361e-18,1.70133894409109e-15
NC_k0055,-0.0342105263157895,-0.0342105263157895,0.869567159234609,-126.271081401455,165.775968060239,-111.126235445055,181.713903423188,117.416676197688,-168.029163951917,126.754676082982,-169.883689599198,1,160,9.1698176919058,-0.212705882584766,2.95584689707595,9.84339669152569,2.03605544696252e-19,3.05673014840396e-19,0,-1.12020107274381e-19,0.000741074580975005,0.00069543557409611,1,-1.33203755361591e-19,4.82612913924246e-20,1,-0.000946888973156344,0.0120044002480288,0.0120044002480288,0.0111505857370525,0.00975143128445296,0.00417145617530866,0.00417145617530866,-0.00426271685200356,1,0,4.33680868994202e-19,1,-0.000941514184690043,0.0120194057483388,0.0120194057483388,0.0111483996038249,0.00974790947479038,0.0041766704955278,0.0041766704955278,-0.00425747981908084,-19.1144598699056,51.1342611177553,28.5751681733187,20.569421117224,28.5751681733187,20.569421117224,12.5120497415905,-27.7201511763477,8.67361737988404e-19,3.23564058933054e-19,-2.07386048980689e-19,0,0,0,-0.000946888973156342,0.0111505857370525,0.0120044002480288,0.00975143128445296,-0.00426271685200356,0.00417145617530866,1.20007080403266e-13,1.31247158783744e-07,3.79061997536084e-13,1.33203755361591e-19,1.84314369322536e-18,7.66052176305075e-15
NC_k0055,0.0157894736842105,0.0157894736842105,0.872897089641399,-115.377198085388,177.899378128294,-122.426285280641,170.548487468353,124.452331678146,-169.839898303246,120.142318054104,-169.019747719112,1,160,-4.22386939353081,0.112771002068474,-1.35666246918257,-4.55525957466568,4.89585043512986e-19,6.98802181484798e-21,0,-1.6940658945086e-19,0.000744436365930674,0.000697455423255673,1,2.37459215222737e-19,-1.2568097123223e-20,1,-0.000946888973156341,0.0120044002480288,0.0120044002480288,0.0111505857370525,0.00975143128445296,0.00417145617530866,0.00417145617530866,-0.00426271685200355,1,0,4.33680868994202e-19,1,-0.000941514184690043,0.0120194057483388,0.0120194057483388,0.0111483996038249,0.00974790947479038,0.0041766704955278,0.0041766704955278,-0.00425747981908084,-19.1873615178904,51.2398096042817,28.7206954320168,20.7203203592318,28.7206954320168,20.7203203592318,12.3283773838963,-27.8637156851982,8.67361737988404e-19,-2.85120017625158e-19,-1.70772829098252e-19,0,0,0,-0.000946888973156342,0.0111505857370525,0.0120044002480288,0.00975143128445296,-0.00426271685200356,0.00417145617530866,2.32024608503396e-13,1.36824751591698e-07,1.24510208202497e-13,2.37459215222737e-19,2.60208521396521e-18,7.88567499463629e-15
NC_k0055,0.0657894736842105,0.0657894736842105,0.85819062549328,-103.811776887301,187.413120288826,-132.051168139986,156.691941528596,130.287599489877,-169.335628514605,112.310850248193,-165.226278162263,1,160,-17.7443369376358,0.214950616837378,-5.78469748586347,-18.7464798890107,-8.15163332613857e-19,-3.57236145504501e-19,0,-5.9292306307801e-21,0.000729711461402231,0.000688620165954409,1,1.89972449120075e-19,-3.52806635247353e-20,1,-0.000946888973156339,0.0120044002480288,0.0120044002480288,0.0111505857370525,0.00975143128445296,0.00417145617530866,0.00417145617530866,-0.00426271685200356,1,0,4.33680868994202e-19,1,-0.000941514184690043,0.0120194057483388,0.0120194057483388,0.0111483996038249,0.00974790947479038,0.0041766704955278,0.0041766704955278,-0.00425747981908084,-18.8765164503827,50.7620191378459,28.0836244548767,20.0589643770906,28.0836244548767,20.0589643770906,13.1196590549131,-27.2325618358642,8.67361737988404e-19,-7.4629895496264e-19,-1.56105284143051e-19,0,0,0,-0.000946888973156342,0.0111505857370525,0.0120044002480288,0.00975143128445296,-0.00426271685200356,0.00417145617530866,6.93619929789179e-14,8.57940499213866e-08,1.18207239544157e-13,1.89972449120075e-19,6.93889390390723e-18,2.84609337554978e-15
NC_k0055,0.11578947368421,0.11578947368421,0.82632685796062,-92.8083537590593,194.186493090856,-137.731420967541,139.411252199065,134.604916053112,-167.132452802582,102.530755163992,-157.039230316346,1,160,-31.6467648854487,-0.546240713458793,-10.6236918476395,-31.9973648042903,7.88587673893754e-19,-5.36595372085599e-19,0,-7.99387343971246e-20,0.000697881967714937,0.000668873778489395,1,-1.59905678611801e-19,-5.16759806328046e-20,1,-0.000946888973156342,0.0120044002480288,0.0120044002480288,0.0111505857370525,0.00975143128445296,0.00417145617530866,0.00417145617530866,-0.00426271685200356,1,0,4.33680868994202e-19,1,-0.000941514184690043,0.0120194057483388,0.0120194057483388,0.0111483996038249,0.00974790947479038,0.0041766704955278,0.0041766704955278,-0.00425747981908084,-18.3160407504592,49.6234661657174,26.7512869826234,18.6682688991154,26.7512869826234,18.6682688991154,14.6800111595057,-25.8851086097745,8.67361737988404e-19,-1.21505853647743e-19,-2.14849581369666e-19,0,0,0,-0.000946888973156342,0.0111505857370525,0.0120044002480288,0.00975143128445296,-0.00426271685200356,0.00417145617530866,1.84555081460627e-14,7.09312845354948e-08,2.01101892098706e-13,1.59905678611801e-19,3.46944695195361e-18,2.14970241168768e-15
NC_k0056,-0.13421052631579,-0.13421052631579,0.165609441209017,-45.5016915924772,77.6954458688235,-69.0615170533999,89.0834627713691,39.4493795754361,-87.4016490580149,55.5119511894552,-89.9448240633926,1,160,-12.6907016760205,-0.0482399078278474,-4.20385072266996,5.21313476881811,1.07043788709262e-19,-3.98793699479165e-19,0,3.38283783309686e-20,-0.00189596054646536,-0.00073612794049504,1,3.9669041160721e-20,3.36547274885297e-20,1,-0.0130849159121108,-0.000564617477839249,-0.000564617477839249,-0.0128578700403618,0.000337649338865148,0.00341650191747311,0.00341650191747311,-0.00716623110663764,1,-4.33680868994202e-19,5.42101086242752e-20,1,-0.0130888985205809,-0.000565323249686547,-0.000565323249686547,-0.0128619945525018,0.000334237410324712,0.00342077254486995,0.00342077254486995,-0.00716495310989964,-12.6324739759153,-7.48834859003144,9.5963994338453,0.337028574385707,9.5963994338453,0.337028574385707,14.6351667537991,-16.3342418335025,8.67361737988404e-19,-3.12147270862891e-19,-1.61805823573946e-19,0,0,0,-0.0130849159121108,-0.0128578700403618,-0.000564617477839249,0.000337649338865147,-0.00716623110663764,0.00341650191747311,3.75450499005826e-14,2.60854659840974e-07,6.49107554039523e-14,3.9669041160721e-20,1.73472347597681e-18,9.05021520694771e-15
NC_k0056,-0.0842105263157895,-0.0842105263157895,0.172076760580573,-54.8434376919853,82.4699424805781,-68.3415744422835,88.5988484915602,48.0574707840493,-90.6817625664889,55.4630256530432,-91.0497167562641,1,160,-7.37838878499234,0.0221173625816761,-2.42756956939552,3.16139446640117,1.50096885231422e-19,-1.98106447984e-19,0,-3.42333659588746e-19,-0.00189756382325456,-0.000730867132580905,1,3.43187644221475e-20,6.34455105920601e-20,1,-0.0130849159121108,-0.000564617477839249,-0.000564617477839249,-0.0128578700403618,0.000337649338865145,0.00341650191747311,0.00341650191747311,-0.00716623110663765,1,-4.33680868994202e-19,5.42101086242752e-20,1,-0.0130888985205809,-0.000565323249686547,-0.000565323249686547,-0.0128619945525018,0.000334237410324712,0.00342077254486995,0.00342077254486995,-0.00716495310989964,-13.7440826330568,-9.41623416151238,9.88032421559607,1.00929016034899,9.88032421559607,1.00929016034899,14.582134053047,-16.8775638415815,8.67361737988404e-19,3.94684074303141e-19,2.94001702784262e-19,0,0,0,-0.0130849159121108,-0.0128578700403618,-0.000564617477839249,0.000337649338865147,-0.00716623110663764,0.00341650191747311,9.43143296068222e-14,2.11697935433854e-07,2.11657622200437e-13,6.34455105920601e-20,5.20417042793042e-18,1.01617514060875e-14
NC_k0056,-0.0342105263157895,-0.0342105263157895,0.174951349179045,-61.1700899009364,85.5582891482676,-66.3490515583041,87.80501097276,52.7495412177357,-92.0926066528866,55.1079725800689,-91.9582101833742,1,160,-2.83875286627692,0.0348450858927375,-0.92528956752678,1.24097066667496,-4.95778971939783e-20,-2.47915955749493e-19,0,-2.19527117126673e-19,-0.0018989751241066,-0.000727944575068579,1,1.55735082071398e-19,8.27011896407679e-20,1,-0.0130849159121108,-0.000564617477839249,-0.000564617477839249,-0.0128578700403618,0.000337649338865146,0.00341650191747311,0.00341650191747311,-0.00716623110663764,1,-4.33680868994202e-19,5.42101086242752e-20,1,-0.0130888985205809,-0.000565323249686547,-0.000565323249686547,-0.0128619945525018,0.000334237410324712,0.00342077254486995,0.00342077254486995,-0.00716495310989964,-14.2610445673121,-10.4459770160691,10.0287248209255,1.40766154818206,10.0287248209255,1.40766154818206,14.5864646277153,-17.182240741751,8.67361737988404e-19,-5.77758669616077e-19,-8.89193344371555e-20,0,0,0,-0.0130849159121108,-0.0128578700403618,-0.000564617477839249,0.000337649338865147,-0.00716623110663764,0.00341650191747311,4.79170013680948e-13,2.15309390391971e-07,3.65591020562454e-13,1.55735082071398e-19,4.33680868994202e-19,2.68114095778755e-14
NC_k0056,0.0157894736842105,0.0157894736842105,0.175354126600898,-65.2686926956226,87.3663717842161,-62.8990824260755,86.3469043776522,54.7738863610408,-92.1637582187798,53.7331233765613,-92.2448670151955,1,160,1.2979616893004,-0.0183387499216643,0.422275569994983,-0.569092625618499,1.28404900847832e-19,-1.82204727888281e-19,0,-1.68877193858826e-20,-0.00189922864642968,-0.000727481132056401,1,3.36005274458935e-20,6.25382460615912e-20,1,-0.0130849159121108,-0.000564617477839249,-0.000564617477839249,-0.0128578700403618,0.000337649338865145,0.00341650191747311,0.00341650191747311,-0.00716623110663764,1,-4.33680868994202e-19,5.42101086242752e-20,1,-0.0130888985205809,-0.000565323249686547,-0.000565323249686547,-0.0128619945525018,0.000334237410324712,0.00342077254486995,0.00342077254486995,-0.00716495310989964,-14.3351357166739,-10.6037944578305,10.0505474012722,1.47107338323186,10.0505474012722,1.47107338323186,14.5899014306358,-17.2295323391247,8.67361737988404e-19,-3.08430499728876e-19,3.15000945895095e-19,0,0,0,-0.0130849159121108,-0.0128578700403618,-0.000564617477839249,0.000337649338865147,-0.00716623110663764,0.00341650191747311,1.60208713574877e-12,1.81385218753189e-07,2.63363024290873e-13,6.25382460615912e-20,1.73472347597681e-18,2.65915424621766e-14
NC_k0056,0.0657894736842105,0.0657894736842105,0.173479428980035,-67.7625028354588,88.3587665799013,-57.4779855382763,83.7886715909069,55.3946486921585,-91.4323041926327,50.1855443794501,-91.3911931806657,1,160,5.62694621055092,-0.0374304228245666,1.8445402099497,-2.43353858519442,-2.36878057655585e-19,-4.12465340643442e-19,0,2.94449828289276e-19,-0.00189822276782139,-0.000729543092879552,1,-7.59216264824323e-20,-1.70496896106264e-21,1,-0.0130849159121108,-0.000564617477839249,-0.000564617477839249,-0.0128578700403618,0.000337649338865146,0.00341650191747311,0.00341650191747311,-0.00716623110663764,1,-4.33680868994202e-19,5.42101086242752e-20,1,-0.0130888985205809,-0.000565323249686547,-0.000565323249686547,-0.0128619945525018,0.000334237410324712,0.00342077254486995,0.00342077254486995,-0.00716495310989964,-13.9939771435607,-9.8997424071888,9.95104963619253,1.1930670461262,9.95104963619253,1.1930670461262,14.5805660304374,-17.0197599743746,8.67361737988404e-19,6.36363675591963e-19,4.90846341120823e-20,0,0,0,-0.0130849159121108,-0.0128578700403618,-0.000564617477839249,0.000337649338865147,-0.00716623110663764,0.00341650191747311,1.75729445401182e-13,1.37911055378854e-07,2.41710398447301e-13,7.59216264824323e-20,1.73472347597681e-18,1.80792619793959e-14
NC_k0056,0.11578947368421,0.11578947368421,0.168492965091627,-68.9346804597099,88.9224867135688,-49.3218749506123,79.6541289067954,55.5058268258353,-90.3438603818302,43.119585414665,-88.8343973591003,1,160,10.6420110690077,0.0232657843814005,3.51954136161839,-4.45584492295072,4.44758471757512e-19,-1.02279228380957e-19,0,9.47088714148715e-20,-0.00189654819588409,-0.000733976176892983,1,1.00565351520854e-21,-1.09011897718248e-20,1,-0.0130849159121108,-0.000564617477839249,-0.000564617477839249,-0.0128578700403618,0.000337649338865145,0.00341650191747311,0.00341650191747311,-0.00716623110663765,1,-4.33680868994202e-19,5.42101086242752e-20,1,-0.0130888985205809,-0.000565323249686547,-0.000565323249686547,-0.0128619945525018,0.000334237410324712,0.00342077254486995,0.00342077254486995,-0.00716495310989964,-13.1214708545858,-8.29972438768201,9.7150580907121,0.60807479945519,9.7150580907121,0.60807479945519,14.6057177660037,-16.5571014880548,8.67361737988404e-19,9.68120248357857e-19,3.3830813043639e-19,0,0,0,-0.0130849159121108,-0.0128578700403618,-0.000564617477839249,0.000337649338865147,-0.00716623110663764,0.00341650191747311,6.38466251035343e-14,1.29227430111147e-07,6.37551387848163e-13,1.09011897718248e-20,8.67361737988404e-18,3.50871480178061e-14
NC_k0057,-0.13421052631579,-0.13421052631579,0.861705955262548,-110.70277318025,-62.3803667569019,-41.8912689508939,-37.4705669777515,72.1216972186752,117.328044611263,53.9505016382445,1.20518261786709,1,160,40.6892657034335,-68.333158254285,-9.12248454178093,0.0337995048370824,-5.07160977168512e-19,-5.80217568869196e-19,0,8.80781916246464e-20,-0.00153620278120312,0.00110369275485363,1,-3.0769091676173e-20,-1.03704697397591e-20,1,-0.0087404970545237,0.00970397016124897,0.00970397016124897,0.000396105896908982,-0.000359444000503652,-0.0138470573277066,-0.0138470573277066,0.00611633696272485,1,1.0842021724855e-19,5.42101086242752e-20,1,-0.00873894567721976,0.00971610012395053,0.00971610012395053,0.000391946897368284,-0.000356520804427295,-0.0138643661493663,-0.0138643661493663,0.00611521279569919,-16.6029744647816,52.4838492276217,-1.85084817750875,1.98011798107284,-1.85084817750875,1.98011798107284,-74.561805038889,13.1549499283582,8.67361737988404e-19,-2.32748053236698e-20,2.83368019465253e-19,0,0,0,-0.0087404970545237,0.000396105896908983,0.00970397016124897,-0.00035944400050365,0.00611633696272485,-0.0138470573277066,3.14566252821717e-14,2.4347798346218e-07,1.96395958425481e-13,3.0769091676173e-20,2.60208521396521e-18,7.60156733893367e-15
NC_k0057,-0.0842105263157895,-0.0842105263157895,0.898481248797331,-101.14796862548,-55.5777082116761,-53.206510152064,-39.6276893816486,70.5583219863613,96.3489329276997,57.2739652844051,17.4541072612063,1,160,27.3645542598362,-45.1813743915835,-5.87955064347662,0.0731305908060881,4.93184933538816e-19,6.23892705211996e-19,0,6.05099161694791e-19,-0.00151798742077306,0.00107185904067662,1,2.82440752274932e-19,-3.59882132704703e-20,1,-0.0087404970545237,0.00970397016124897,0.00970397016124897,0.000396105896908981,-0.00035944400050365,-0.0138470573277066,-0.0138470573277066,0.00611633696272485,1,1.0842021724855e-19,5.42101086242752e-20,1,-0.00873894567721976,0.00971610012395053,0.00971610012395053,0.000391946897368284,-0.000356520804427295,-0.0138643661493663,-0.0138643661493663,0.00611521279569919,-16.4177699847055,55.4943026135761,-2.07561849955284,2.58430050344577,-2.07561849955284,2.58430050344577,-79.061757326646,12.1530088895001,8.67361737988404e-19,-1.2974050288674e-19,1.75290709041419e-19,0,0,0,-0.0087404970545237,0.000396105896908983,0.00970397016124897,-0.00035944400050365,0.00611633696272485,-0.0138470573277066,2.65706400144087e-14,2.67733934828339e-07,4.67598629220076e-14,2.82440752274932e-19,1.73472347597681e-18,2.59489928680608e-15
NC_k0057,-0.0342105263157895,-0.0342105263157895,0.92157889408583,-87.9267870886577,-49.3743855119703,-67.3821213527308,-42.8575857566743,67.3312422705521,72.0643167442953,61.4563027786413,38.7284860292257,1,160,11.5086143167739,-18.8263904051123,-2.41486610915168,0.037686268807056,3.8857636455291e-19,2.27851862811407e-19,0,7.43536109011666e-20,-0.00150675459581805,0.00105260797588529,1,1.0747613227506e-19,-2.37809552850741e-19,1,-0.0087404970545237,0.00970397016124897,0.00970397016124897,0.000396105896908981,-0.000359444000503647,-0.0138470573277066,-0.0138470573277066,0.00611633696272485,1,1.0842021724855e-19,5.42101086242752e-20,1,-0.00873894567721976,0.00971610012395053,0.00971610012395053,0.000391946897368284,-0.000356520804427295,-0.0138643661493663,-0.0138643661493663,0.00611521279569919,-16.3438513481348,57.3925685096805,-2.21840369948614,2.9716972790454,-2.21840369948614,2.9716972790454,-81.8150604643102,11.6364905360566,8.67361737988404e-19,-3.51848495456911e-20,-1.94900131642349e-19,0,0,0,-0.0087404970545237,0.000396105896908983,0.00970397016124897,-0.00035944400050365,0.00611633696272485,-0.0138470573277066,7.30304728686833e-14,1.50787952672986e-07,1.47499873286173e-13,2.37809552850741e-19,2.81892564846231e-18,7.10771035157665e-15
NC_k0057,0.0157894736842105,0.0157894736842105,0.925338520491398,-72.9458054248116,-44.3653333505619,-82.4938624976505,-47.3770520408475,63.0950673386215,47.4028526922431,65.8417808813324,62.8833695461632,1,160,-5.33928898293202,8.7213340900292,1.11607488534207,-0.0177226513438308,-1.44207359270045e-19,7.25060202849681e-19,0,5.36436553407989e-19,-0.00150502127765778,0.00104957526148484,1,1.6693169509141e-19,-1.27715750660268e-19,1,-0.0087404970545237,0.00970397016124897,0.00970397016124897,0.000396105896908982,-0.000359444000503652,-0.0138470573277066,-0.0138470573277066,0.00611633696272485,1,1.0842021724855e-19,5.42101086242752e-20,1,-0.00873894567721976,0.00971610012395053,0.00971610012395053,0.000391946897368284,-0.000356520804427295,-0.0138643661493663,-0.0138643661493663,0.00611521279569919,-16.3340041581327,57.7029462317311,-2.2425395124149,3.0362882038834,-2.2425395124149,3.0362882038834,-82.2603314355218,11.5583453520345,8.67361737988404e-19,-8.71542238615121e-20,4.38339415064033e-19,0,0,0,-0.0087404970545237,0.000396105896908983,0.00970397016124897,-0.00035944400050365,0.00611633696272485,-0.0138470573277066,1.62320615513618e-13,2.22476841745127e-07,1.93028489610322e-13,1.6693169509141e-19,3.46944695195361e-18,1.42776440194269e-14
NC_k0057,0.0657894736842105,0.0657894736842105,0.909020119907263,-58.1890483223141,-40.680053442717,-96.5944842725279,-53.1771108800865,58.7431906800905,24.8124810501277,69.5361009818787,87.6139538055324,1,160,-21.7315812287623,35.7267177728,4.61839505953238,-0.0647946362487247,2.44792521756493e-19,1.52211820621598e-18,0,4.71056197791798e-19,-0.00151290574880028,0.00106307001433412,1,4.84470253045961e-20,1.37009086334385e-19,1,-0.00874049705452371,0.00970397016124898,0.00970397016124898,0.000396105896908982,-0.000359444000503651,-0.0138470573277066,-0.0138470573277066,0.00611633696272485,1,1.0842021724855e-19,5.42101086242752e-20,1,-0.00873894567721976,0.00971610012395053,0.00971610012395053,0.000391946897368284,-0.000356520804427295,-0.0138643661493663,-0.0138643661493663,0.00611521279569919,-16.3805500483328,56.3589144854712,-2.13958695391445,2.75907623997755,-2.13958695391445,2.75907623997755,-80.3223799621578,11.9086956435685,8.67361737988404e-19,4.03147597632744e-19,1.76326510497119e-19,0,0,0,-0.0087404970545237,0.000396105896908983,0.00970397016124897,-0.00035944400050365,0.00611633696272485,-0.0138470573277066,4.59419118779349e-14,1.83218384888869e-07,1.36295949608866e-13,1.37009086334385e-19,1.73472347597681e-18,5.00749576525052e-15
NC_k0057,0.11578947368421,0.11578947368421,0.87619665191957,-45.6045604622455,-38.1595155533539,-107.732194946291,-59.8673935180735,55.0462637802317,6.49142604138537,71.7605707840465,110.188382965309,1,160,-36.1831153446712,60.3306343246207,7.96868126338331,-0.0619933380812702,-6.10604875851944e-19,2.2742834633778e-19,0,7.46130147412632e-19,-0.00152883222975759,0.00109074561027097,1,-1.6582780199446e-20,1.05588604326363e-19,1,-0.00874049705452371,0.00970397016124897,0.00970397016124897,0.00039610589690898,-0.000359444000503647,-0.0138470573277066,-0.0138470573277066,0.00611633696272486,1,1.0842021724855e-19,5.42101086242752e-20,1,-0.00873894567721976,0.00971610012395053,0.00971610012395053,0.000391946897368284,-0.000356520804427295,-0.0138643661493663,-0.0138643661493663,0.00611521279569919,-16.5186031117847,53.6701521574127,-1.94106505805611,2.21928004226269,-1.94106505805611,2.21928004226269,-76.3582926493708,12.7283551287554,8.67361737988404e-19,2.4656254757584e-19,-3.63441274036683e-19,0,0,0,-0.0087404970545237,0.000396105896908983,0.00970397016124897,-0.00035944400050365,0.00611633696272485,-0.0138470573277066,2.79187193037844e-14,9.06832324432088e-08,2.16490057396997e-13,1.05588604326363e-19,3.46944695195361e-18,4.81495504956901e-15
NC_k0058,-0.13421052631579,-0.13421052631579,0.474008249563856,203.782929595096,96.8203602533191,196.490141799914,85.9415798934489,-179.188371541092,-110.523943538341,-217.402428478434,-90.3563328569679,1,160,-10.2591235772553,9.64741468932716,-0.20186393301626,-17.4247986514172,-5.1647833958831e-19,-3.64171227760146e-19,0,-6.60685698858354e-19,-0.000274891110522981,-0.00119051611763367,1,-4.10663524904151e-20,3.68163033340299e-20,1,0.00572346562335538,-0.00470009187908999,-0.00470009187908999,-0.0160558367440877,-0.00066634065739289,0.00100947961288123,0.00100947961288123,-0.00926812413992542,1,4.33680868994202e-19,-5.42101086242752e-20,1,0.00571504515837794,-0.00470596699393885,-0.00470596699393885,-0.0160506451450855,-0.00067058097485576,0.00101074146239733,0.00101074146239733,-0.00926698834271171,33.6992209691275,-33.6706489608391,9.96932771876759,-29.6061936936853,9.96932771876759,-29.6061936936853,22.2767696472015,-19.6837399598538,4.33680868994202e-19,1.43704981983654e-19,2.2623194729165e-19,0,0,0,0.00572346562335538,-0.0160558367440877,-0.00470009187908999,-0.000666340657392888,-0.00926812413992542,0.00100947961288123,7.60503595308292e-14,1.83703526043359e-07,7.8136467608646e-14,4.10663524904151e-20,1.73472347597681e-18,4.91862399833348e-15
NC_k0058,-0.0842105263157895,-0.0842105263157895,0.485119186712277,208.834878733199,93.9189242884876,200.961481358821,87.1952952963775,-191.292409724852,-106.91254454371,-214.873988327955,-92.4242852610244,1,160,-6.67386796774726,7.55609836971943,0.291136032650817,-11.5261014012844,-6.66826687725948e-19,2.3648101096156e-19,0,-4.44374659953287e-19,-0.000293376679100193,-0.00119097664819243,1,-8.1516845405272e-20,4.920770894931e-20,1,0.00572346562335538,-0.00470009187908999,-0.00470009187908999,-0.0160558367440877,-0.000666340657392891,0.00100947961288123,0.00100947961288123,-0.00926812413992542,1,4.33680868994202e-19,-5.42101086242752e-20,1,0.00571504515837794,-0.00470596699393885,-0.00470596699393885,-0.0160506451450855,-0.00067058097485576,0.00101074146239733,0.00101074146239733,-0.00926698834271171,34.7273308670026,-33.7557247112732,9.16574632126037,-30.4229627438052,9.16574632126037,-30.4229627438052,23.0607845016664,-19.5266995037867,6.50521303491303e-19,-7.90125081411046e-20,3.06467945528714e-19,0,0,0,0.00572346562335538,-0.0160558367440877,-0.00470009187908999,-0.000666340657392888,-0.00926812413992542,0.00100947961288123,9.77095547722889e-14,1.02344894039713e-07,2.68768861134559e-13,8.1516845405272e-20,3.46944695195361e-18,5.14925377892374e-15
NC_k0058,-0.0342105263157895,-0.0342105263157895,0.49193821391475,209.534112571855,91.6299015654888,205.575869994178,88.9063382341519,-200.988219646447,-102.57929124204,-210.494975904494,-96.2298552537137,1,160,-2.74891002010593,3.41590057168171,0.220106882020006,-4.80619626828009,-4.52315593833796e-19,-4.13987352970539e-20,0,-1.84017907790997e-19,-0.000304026808578986,-0.00119060737478776,1,1.44598562383756e-20,9.7284520346698e-20,1,0.00572346562335538,-0.00470009187908999,-0.00470009187908999,-0.0160558367440877,-0.00066634065739289,0.00100947961288123,0.00100947961288123,-0.00926812413992542,1,4.33680868994202e-19,-5.42101086242752e-20,1,0.00571504515837794,-0.00470596699393885,-0.00470596699393885,-0.0160506451450855,-0.00067058097485576,0.00101074146239733,0.00101074146239733,-0.00926698834271171,35.3599989730778,-33.8284629798548,8.69403531045347,-30.9409415961409,8.69403531045347,-30.9409415961409,23.6909871443088,-19.3879224559699,6.50521303491303e-19,1.58522238834895e-19,4.78704003096675e-20,0,0,0,0.00572346562335538,-0.0160558367440877,-0.00470009187908999,-0.000666340657392888,-0.00926812413992542,0.00100947961288123,1.33886597457455e-13,1.22505391794669e-07,3.11082160929595e-13,9.7284520346698e-20,2.60208521396521e-18,1.5797839957444e-15
NC_k0058,0.0157894736842105,0.0157894736842105,0.493046015386355,207.027624983392,89.6066679992581,208.905011393767,90.8639203491064,-208.349701244731,-97.8905332036966,-203.966304648969,-100.858306433748,1,160,1.27089342438446,-1.60179468751999,-0.109197416834725,2.2268942984517,-5.22195811982276e-19,-1.17009660729301e-19,0,-4.12028589280014e-19,-0.000305725023419242,-0.00119054287344561,1,-9.15829821533165e-20,7.41715088457564e-20,1,0.00572346562335538,-0.00470009187908999,-0.00470009187908999,-0.0160558367440877,-0.00066634065739289,0.00100947961288123,0.00100947961288123,-0.00926812413992542,1,4.33680868994202e-19,-5.42101086242752e-20,1,0.00571504515837794,-0.00470596699393885,-0.00470596699393885,-0.0160506451450855,-0.00067058097485576,0.00101074146239733,0.00101074146239733,-0.00926698834271171,35.4627747753176,-33.8406714946439,8.61886127913304,-31.0258866831277,8.61886127913304,-31.0258866831277,23.8022768159191,-19.3637688950275,6.50521303491303e-19,-3.85118221300243e-19,2.19586732021495e-19,0,0,0,0.00572346562335538,-0.0160558367440877,-0.00470009187908999,-0.000666340657392888,-0.00926812413992542,0.00100947961288123,5.87294477298604e-13,6.97829183005228e-08,8.45179587779495e-14,9.15829821533165e-20,3.46944695195361e-18,3.94058613691778e-15
NC_k0058,0.0657894736842105,0.0657894736842105,0.488236081379821,202.715823564657,87.7854921579065,209.547561148118,93.0301909936694,-213.497047046305,-93.6661756514044,-195.146585022407,-105.389774850102,1,160,5.2498788095374,-6.2120423787921,-0.317513977854056,9.11661653077538,-2.75285707857648e-20,-5.22885680613145e-20,0,-1.92250009247124e-19,-0.000298272447153446,-0.00119090612486072,1,3.52103010239086e-20,2.32807191423105e-20,1,0.00572346562335538,-0.00470009187908999,-0.00470009187908999,-0.0160558367440877,-0.000666340657392889,0.00100947961288123,0.00100947961288123,-0.00926812413992542,1,4.33680868994202e-19,-5.42101086242752e-20,1,0.00571504515837794,-0.00470596699393885,-0.00470596699393885,-0.0160506451450855,-0.00067058097485576,0.00101074146239733,0.00101074146239733,-0.00926698834271171,35.0165694597209,-33.7879373556471,8.94840933762944,-30.6586559642341,8.94840933762944,-30.6586559642341,23.3364029475391,-19.4658458359953,8.67361737988404e-19,-1.76346851922228e-20,1.36622165768038e-19,0,0,0,0.00572346562335538,-0.0160558367440877,-0.00470009187908999,-0.000666340657392888,-0.00926812413992542,0.00100947961288123,1.49253764747837e-13,1.4198153357657e-07,1.43106419088326e-13,3.52103010239086e-20,3.46944695195361e-18,2.38764446200267e-15
NC_k0058,0.11578947368421,0.11578947368421,0.478436250588961,198.025849230857,86.3349837612407,206.208167725888,95.641125444509,-216.656935038163,-90.877095193408,-183.91384871135,-109.257214568863,1,160,9.0047492991314,-9.1729162130489,-0.0554950815927629,15.3854229429628,-1.05879118406788e-19,5.13249026476903e-20,0,-6.53856495721116e-19,-0.000282461983430674,-0.00119083927076356,1,2.27606366815051e-20,9.89466891411635e-20,1,0.00572346562335537,-0.00470009187908999,-0.00470009187908999,-0.0160558367440877,-0.000666340657392891,0.00100947961288123,0.00100947961288123,-0.00926812413992542,1,4.33680868994202e-19,-5.42101086242752e-20,1,0.00571504515837794,-0.00470596699393885,-0.00470596699393885,-0.0160506451450855,-0.00067058097485576,0.00101074146239733,0.00101074146239733,-0.00926698834271171,34.1087834298189,-33.6962371700513,9.64246530506465,-29.9264141940455,9.64246530506465,-29.9264141940455,22.5507325434902,-19.6344144986681,1.30104260698261e-18,9.23998165432886e-19,3.20113485109685e-19,0,0,0,0.00572346562335538,-0.0160558367440877,-0.00470009187908999,-0.000666340657392888,-0.00926812413992542,0.00100947961288123,5.77285670334058e-14,1.36783936063254e-07,1.38863795798517e-13,9.89466891411635e-20,6.93889390390723e-18,3.59681292136749e-15
NC_k0059,-0.13421052631579,-0.13421052631579,0.793565448185979,229.291653144967,-90.5320017230081,276.806677821997,-139.09276677243,-210.566834966306,112.427355497793,-288.730192871529,120.444115616877,1,160,17.5267555244768,-3.57489398407693,4.60411430833198,-39.4063873991464,-1.44546172448946e-18,7.89964102433042e-19,0,-3.67400540871553e-19,0.00033293244459226,0.000161321606880204,1,-4.80379487282698e-20,-4.80675182241981e-20,1,0.0125934877014677,-0.00328537948333291,-0.00328537948333291,-0.0106863504327794,-0.00533084528573012,-0.00734647189427622,-0.00734647189427622,0.00583298404228314,1,-2.16840434497101e-19,0,1,0.012586510742249,-0.00328948620768708,-0.00328948620768708,-0.0106787774931642,-0.0053272781298844,-0.00735565498414407,-0.00735565498414407,0.00582957380479885,42.841531675667,-12.0866772664361,-14.5672020452298,-34.8884070326519,-14.5672020452298,-34.8884070326519,-18.9231315533525,19.5831425804261,6.50521303491303e-19,-1.981696871045e-19,-7.22788008550026e-20,0,0,0,0.0125934877014677,-0.0106863504327794,-0.00328537948333291,-0.00533084528573012,0.00583298404228314,-0.00734647189427622,2.23586339802773e-14,1.03166129205572e-07,1.99303876425893e-13,4.80675182241981e-20,3.46944695195361e-18,5.03651324259001e-15
NC_k0059,-0.0842105263157895,-0.0842105263157895,0.835103348753328,250.625263340554,-108.488497970475,277.364369902431,-136.238236325509,-237.471701981981,122.873684831153,-283.741367262876,125.030050508314,1,160,11.7481893862695,-1.40696549197481,3.41260388511723,-25.7079534602742,-6.29239600691538e-19,2.70732905766156e-19,0,-3.32778069152533e-19,0.000314871463234131,0.000138682190527015,1,-5.11709447380534e-20,-3.95546911420012e-20,1,0.0125934877014677,-0.00328537948333291,-0.00328537948333291,-0.0106863504327794,-0.00533084528573011,-0.00734647189427623,-0.00734647189427623,0.00583298404228314,1,-2.16840434497101e-19,0,1,0.012586510742249,-0.00328948620768708,-0.00328948620768708,-0.0106787774931642,-0.0053272781298844,-0.00735565498414407,-0.00735565498414407,0.00582957380479885,45.48610067763,-9.19131109334056,-16.7404346780521,-36.955993452217,-16.7404346780521,-36.955993452217,-18.0734001732352,21.2147359884591,6.50521303491303e-19,9.57401432264713e-19,-2.04854483660948e-19,0,0,0,0.0125934877014677,-0.0106863504327794,-0.00328537948333291,-0.00533084528573012,0.00583298404228314,-0.00734647189427622,2.48837585526807e-14,8.78632382949695e-08,9.80613371393864e-14,5.11709447380534e-20,5.20417042793042e-18,5.05188669147793e-15
NC_k0059,-0.0342105263157895,-0.0342105263157895,0.859212470814569,264.717592018938,-120.853515154467,274.892685633847,-131.511993561086,-257.346218568682,127.595732773062,-275.511588873306,127.89473651155,1,160,4.92997012780681,-0.377624013350728,1.5022742177705,-10.6234415897731,-5.97317046491892e-19,7.84299569598279e-20,0,9.61382395133631e-20,0.000305517251571912,0.000126484392453581,1,-3.72947079470261e-20,-5.52279323399309e-20,1,0.0125934877014677,-0.00328537948333291,-0.00328537948333291,-0.0106863504327794,-0.00533084528573011,-0.00734647189427622,-0.00734647189427622,0.00583298404228314,1,-2.16840434497101e-19,0,1,0.012586510742249,-0.00328948620768708,-0.00328948620768708,-0.0106787774931642,-0.0053272781298844,-0.00735565498414407,-0.00735565498414407,0.00582957380479885,46.9802601596739,-7.47296225387579,-18.0343133184551,-38.2057061980552,-18.0343133184551,-38.2057061980552,-17.4857705037486,22.1884576932518,6.50521303491303e-19,1.34040798597921e-19,-1.7261418440797e-19,0,0,0,0.0125934877014677,-0.0106863504327794,-0.00328537948333291,-0.00533084528573012,0.00583298404228314,-0.00734647189427622,5.6684546478459e-14,3.32487120281371e-08,5.21736865689425e-14,5.52279323399309e-20,1.73472347597681e-18,3.87642077717734e-16
NC_k0059,0.0157894736842105,0.0157894736842105,0.863018810561268,273.018271285895,-129.189703541852,268.370839885395,-124.315486551835,-271.490136280776,128.3608471891,-263.15119580293,128.260495474603,1,160,-2.2863188556682,0.15964566956045,-0.701802151415556,4.91493182898891,-6.29133721573132e-19,5.24736910824039e-19,0,4.62691747437662e-20,0.00030403894390813,0.000124589755584869,1,-1.32408853204783e-19,-1.17924062133567e-19,1,0.0125934877014677,-0.00328537948333291,-0.00328537948333291,-0.0106863504327794,-0.00533084528573012,-0.00734647189427622,-0.00734647189427622,0.00583298404228314,1,-2.16840434497101e-19,0,1,0.012586510742249,-0.00328948620768708,-0.00328948620768708,-0.0106787774931642,-0.0053272781298844,-0.00735565498414407,-0.00735565498414407,0.00582957380479885,47.2143784540904,-7.19706757723873,-18.2411554220825,-38.4063379311734,-18.2411554220825,-38.4063379311734,-17.3860229137324,22.3433412855582,8.67361737988404e-19,6.68699542223333e-19,-2.39183519755344e-20,0,0,0,0.0125934877014677,-0.0106863504327794,-0.00328537948333291,-0.00533084528573012,0.00583298404228314,-0.00734647189427622,1.67879795816244e-13,5.97074320359727e-08,5.46378695912054e-14,1.32408853204783e-19,5.20417042793042e-18,2.70152669116974e-15
NC_k0059,0.0657894736842105,0.0657894736842105,0.846266873969517,276.863591041683,-134.739850424967,256.587545277168,-113.614286429447,-281.130804196816,126.333550743656,-245.556206841593,125.17460042455,1,160,-9.32171710690599,0.92501601008514,-2.77091136195088,20.2503340205647,-1.20278678510111e-19,4.81326472277256e-19,0,2.07734830314117e-19,0.000310506837244613,0.000133002502948438,1,-5.54987521648885e-20,5.57531198348187e-20,1,0.0125934877014677,-0.00328537948333291,-0.00328537948333291,-0.0106863504327794,-0.00533084528573012,-0.00734647189427622,-0.00734647189427622,0.00583298404228314,1,-2.16840434497101e-19,0,1,0.012586510742249,-0.00328948620768708,-0.00328948620768708,-0.0106787774931642,-0.0053272781298844,-0.00735565498414407,-0.00735565498414407,0.00582957380479885,46.1807902590788,-8.40126135046405,-17.3358655910371,-37.5301779576974,-17.3358655910371,-37.5301779576974,-17.81076440965,21.6637364471273,8.67361737988404e-19,4.98479014965333e-19,-9.89620135102145e-20,0,0,0,0.0125934877014677,-0.0106863504327794,-0.00328537948333291,-0.00533084528573012,0.00583298404228314,-0.00734647189427622,5.89477583364662e-14,9.77821880256522e-08,1.30252772521977e-13,5.57531198348187e-20,6.93889390390723e-18,5.2476260563882e-16
NC_k0059,0.11578947368421,0.11578947368421,0.810440695000443,277.28437224757,-138.234193645569,238.055174347337,-97.872802052355,-287.218391902045,122.265055772756,-221.327719718004,117.062781478607,1,160,-15.5595051651867,2.62023563813806,-4.26995894392607,34.6104110672026,-4.7031504396295e-19,3.5300098076823e-19,0,1.20146329612102e-18,0.000325372702818118,0.000151857807448894,1,-6.62861545064287e-20,-4.540548234403e-22,1,0.0125934877014677,-0.00328537948333291,-0.00328537948333291,-0.0106863504327794,-0.00533084528573012,-0.00734647189427622,-0.00734647189427622,0.00583298404228314,1,-2.16840434497101e-19,0,1,0.012586510742249,-0.00328948620768708,-0.00328948620768708,-0.0106787774931642,-0.0053272781298844,-0.00735565498414407,-0.00735565498414407,0.00582957380479885,43.9298776021974,-10.9118066170112,-15.4437907439691,-35.7152663781047,-15.4437907439691,-35.7152663781047,-18.599088478725,20.2382913366328,6.50521303491303e-19,-1.55170130912588e-19,-1.61418885824504e-19,0,0,0,0.0125934877014677,-0.0106863504327794,-0.00328537948333291,-0.00533084528573012,0.00583298404228314,-0.00734647189427622,8.51984204313222e-15,1.04953320150048e-07,7.45464319846995e-14,6.62861545064287e-20,3.46944695195361e-18,2.73980078116524e-16
NC_k0060,-0.13421052631579,-0.13421052631579,0.504486063732542,113.653791306069,187.352772909112,118.228473067636,233.746611982209,-107.341972457198,-206.732251374433,-106.053711313755,-217.334579800167,1,160,4.50616645045887,0.0359382591267512,1.49889455416325,17.2699702992438,-3.76347326376926e-19,-9.21254209257458e-19,0,-1.60470391857327e-18,0.0013125466886505,0.000210299730924122,1,-4.71306693904734e-20,-6.87422393313694e-20,1,0.0110124244131944,0.00201889622432736,0.00201889622432736,0.00192426675443054,0.0147006014428568,0.0022188640864324,0.0022188640864324,-0.00706517681456636,1,0,-6.50521303491303e-19,1,0.011011605721921,0.00202141984460777,0.00202141984460777,0.00192912816169385,0.0146949926722495,0.00222163766654044,0.00222163766654044,-0.00705718197376275,22.2824294586799,-8.72484890652675,31.6245071790763,-12.1870780322411,31.6245071790763,-12.1870780322411,23.1222137680932,-35.6176225960189,4.33680868994202e-19,-1.61098853098069e-19,4.66330890203603e-19,0,0,0,0.0110124244131944,0.00192426675443054,0.00201889622432736,0.0147006014428568,-0.00706517681456636,0.0022188640864324,4.40232793739431e-14,1.87153146667086e-07,6.87426755870734e-14,6.87422393313694e-20,1.73472347597681e-18,2.86091140225804e-15
NC_k0060,-0.0842105263157895,-0.0842105263157895,0.518207524246978,115.714459638174,201.868020756833,117.372648847326,230.516587266156,-107.74425654128,-215.751910914473,-106.741206706726,-219.551687467664,1,160,1.4759010114956,0.18250096397415,0.547272651905023,11.41732535679,-5.95199464123756e-19,8.84090638696676e-20,0,-3.66659387042705e-19,0.00131868928512012,0.000224837045924346,1,2.23770808517852e-21,-1.23521419178419e-20,1,0.0110124244131944,0.00201889622432736,0.00201889622432736,0.00192426675443054,0.0147006014428568,0.0022188640864324,0.0022188640864324,-0.00706517681456636,1,0,-6.50521303491303e-19,1,0.011011605721921,0.00202141984460777,0.00202141984460777,0.00192912816169385,0.0146949926722495,0.00222163766654044,0.00222163766654044,-0.00705718197376275,22.5498363776425,-8.26840064590646,32.4094320609453,-11.4205031837001,32.4094320609453,-11.4205031837001,22.1880675827098,-36.9409891477359,4.33680868994202e-19,9.10349852783868e-20,3.04845013159607e-19,0,0,0,0.0110124244131944,0.00192426675443054,0.00201889622432736,0.0147006014428568,-0.00706517681456636,0.0022188640864324,4.20782664343721e-14,1.5520328216981e-07,9.63433364083781e-14,1.23521419178419e-20,1.73472347597681e-18,0
NC_k0060,-0.0342105263157895,-0.0342105263157895,0.525919264278381,116.899399205631,213.540697952228,117.214155042798,225.094705065628,-107.970006170042,-220.332075766623,-107.489594228653,-221.21749021486,1,160,0.276042718897501,0.102216279196204,0.124825469370925,4.76002652696155,-1.4007807365218e-19,1.12284805070398e-19,0,-4.00858342288098e-19,0.00132180582811956,0.00023310549115471,1,-6.99512914991852e-20,6.45653566621206e-20,1,0.0110124244131944,0.00201889622432736,0.00201889622432736,0.00192426675443054,0.0147006014428568,0.0022188640864324,0.0022188640864324,-0.00706517681456636,1,0,-6.50521303491303e-19,1,0.011011605721921,0.00202141984460777,0.00202141984460777,0.00192912816169385,0.0146949926722495,0.00222163766654044,0.00222163766654044,-0.00705718197376275,22.6163804895952,-8.18356833876189,32.9120166879987,-10.9771135317554,32.9120166879987,-10.9771135317554,21.6736641796561,-37.7082432655908,4.33680868994202e-19,8.21749747359473e-20,-1.31245426588265e-19,0,0,0,0.0110124244131944,0.00192426675443054,0.00201889622432736,0.0147006014428568,-0.00706517681456636,0.0022188640864324,1.73506366685281e-13,9.71453423838338e-08,9.54263272335941e-14,6.99512914991852e-20,1.73472347597681e-18,1.68881134430168e-15
NC_k0060,0.0157894736842105,0.0157894736842105,0.527132810621686,117.209131432775,222.469491418127,117.088486277186,217.143538924632,-107.705994048104,-221.440070717765,-107.93340155824,-221.080765580746,1,160,-0.103748145007772,-0.0484801161965095,-0.050235326197411,-2.20535192891678,-3.27007657199363e-19,-3.27166475876974e-19,0,-9.59476571002309e-19,0.00132228766570616,0.000234402689143283,1,-2.08094755327792e-21,-1.49115433238108e-20,1,0.0110124244131944,0.00201889622432736,0.00201889622432736,0.00192426675443054,0.0147006014428568,0.0022188640864324,0.0022188640864324,-0.00706517681456636,1,0,-6.50521303491303e-19,1,0.011011605721921,0.00202141984460777,0.00202141984460777,0.00192912816169385,0.0146949926722495,0.00222163766654044,0.00222163766654044,-0.00705718197376275,22.6225235628288,-8.18160811254652,32.9946137046704,-10.90680538616,32.9946137046704,-10.90680538616,21.5928921370846,-37.8303129265119,4.33680868994202e-19,1.07358528209803e-19,-2.48912203212368e-19,0,0,0,0.0110124244131944,0.00192426675443054,0.00201889622432736,0.0147006014428568,-0.00706517681456636,0.0022188640864324,3.1247098635609e-13,7.0579820099013e-08,1.96108342404636e-13,1.49115433238108e-20,2.60208521396521e-18,1.15838485338009e-14
NC_k0060,0.0657894736842105,0.0657894736842105,0.521789772621481,117.259564370397,228.797603502478,116.264980891817,206.500992766197,-107.030239035868,-220.294223306267,-107.876957471735,-217.915846474738,1,160,-0.866107442634105,-0.168901628261169,-0.341552993395444,-9.02976099619009,-1.31210697485611e-19,-3.35583865790313e-19,0,1.25996150904077e-19,0.00132020585175265,0.000228621112611585,1,-8.07239368506384e-20,-7.98530978184756e-21,1,0.0110124244131944,0.00201889622432736,0.00201889622432736,0.00192426675443054,0.0147006014428568,0.0022188640864324,0.0022188640864324,-0.00706517681456636,1,0,-6.50521303491303e-19,1,0.011011605721921,0.00202141984460777,0.00202141984460777,0.00192912816169385,0.0146949926722495,0.00222163766654044,0.00222163766654044,-0.00705718197376275,22.5872232458505,-8.21319492845313,32.6379399294483,-11.2158207216385,32.6379399294483,-11.2158207216385,21.948634800095,-37.2954005035744,7.58941520739853e-19,1.45911543757941e-19,-6.1432556535246e-19,0,0,0,0.0110124244131944,0.00192426675443054,0.00201889622432736,0.0147006014428568,-0.00706517681456636,0.0022188640864324,7.14840256336146e-14,1.41320077982012e-07,3.01375701110458e-13,8.07239368506384e-20,3.46944695195361e-18,1.53195907561413e-14
NC_k0060,0.11578947368421,0.11578947368421,0.510153023464555,117.804347070702,232.781429627985,114.469522610916,193.013861544179,-106.275304014359,-218.138830801449,-107.46331031602,-210.607700346561,1,160,-3.13843266444552,-0.130716057435578,-1.07881907822077,-15.2445307140963,-2.18481560832406e-19,-7.44330202399716e-19,0,-5.02502295958614e-19,0.00131518126772582,0.000216301588709549,1,-6.73138224602674e-20,-4.30356480223799e-20,1,0.0110124244131944,0.00201889622432736,0.00201889622432736,0.00192426675443054,0.0147006014428568,0.0022188640864324,0.0022188640864324,-0.00706517681456636,1,0,-6.50521303491303e-19,1,0.011011605721921,0.00202141984460777,0.00202141984460777,0.00192912816169385,0.0146949926722495,0.00222163766654044,0.00222163766654044,-0.00705718197376275,22.4181886526615,-8.49093055470483,31.9303666540098,-11.8729522379543,31.9303666540098,-11.8729522379543,22.7303744070111,-36.1584154544741,6.50521303491303e-19,-4.88783351896092e-19,-1.38708958977242e-19,0,0,0,0.0110124244131944,0.00192426675443054,0.00201889622432736,0.0147006014428568,-0.00706517681456636,0.0022188640864324,5.55747635647491e-14,1.32226264571273e-07,2.75323131158585e-13,6.73138224602674e-20,5.20417042793042e-18,1.04460235911373e-14
NC_k0061,-0.13421052631579,-0.13421052631579,0.318801172322163,112.86610824233,-52.3734821872759,68.8554808869495,-72.5826609645428,-74.7511808542943,57.4289638149555,-85.0330427390922,61.7374092805326,1,160,-28.0883678410932,0.297947682155494,-9.17083865244952,-9.61220359767814,-5.5798295400377e-19,1.54054117281876e-20,0,4.10810979418336e-19,0.0020056736449213,-0.000275821131055089,1,-4.81333313640237e-20,2.02705083911437e-21,1,0.0144410819694882,-0.00741668693217575,-0.00741668693217575,0.0110534261280014,-0.00211563498216453,-0.00256145906364692,-0.00256145906364692,0.00179796924916267,1,-4.33680868994202e-19,0,1,0.014444006843928,-0.00742595779084097,-0.00742595779084097,0.0110584682873421,-0.00211446161611302,-0.00256466088747647,-0.00256466088747647,0.0017966966125696,19.02551328682,-34.7360127192886,-10.7824763391357,-4.12025310419597,-10.7824763391357,-4.12025310419597,-8.07207138302477,9.32048864576363,1.0842021724855e-18,4.42792659718585e-19,3.18020462289333e-20,0,0,0,0.0144410819694882,0.0110534261280014,-0.00741668693217575,-0.00211563498216453,0.00179796924916267,-0.00256145906364692,5.62851353987641e-14,2.00641134881552e-07,3.03912515956153e-13,4.81333313640237e-20,2.60208521396521e-18,1.54970962735023e-14
NC_k0061,-0.0842105263157895,-0.0842105263157895,0.320592169801434,109.552110704663,-56.5722940788373,77.3601762571328,-69.7491151180552,-80.344273109023,59.0326663815199,-84.670656666553,61.5223771447312,1,160,-19.2526906821425,0.768534489813408,-6.09977154346861,-5.98607724216895,-1.31607744179637e-19,3.59141969635823e-19,0,1.55324666702757e-19,0.00198524778443936,-0.000283933889746101,1,-2.18463859762451e-19,-1.09043862055168e-20,1,0.0144410819694882,-0.00741668693217575,-0.00741668693217575,0.0110534261280014,-0.00211563498216453,-0.00256145906364692,-0.00256145906364692,0.00179796924916267,1,-4.33680868994202e-19,0,1,0.014444006843928,-0.00742595779084097,-0.00742595779084097,0.0110584682873421,-0.00211446161611302,-0.00256466088747647,-0.00256466088747647,0.0017966966125696,19.5263587800266,-35.15176859256,-10.8309010293533,-4.89826237715402,-10.8309010293533,-4.89826237715402,-7.63356201397394,9.61754759893973,1.0842021724855e-18,2.42416364807798e-19,2.37533556933721e-20,0,0,0,0.0144410819694882,0.0110534261280014,-0.00741668693217575,-0.00211563498216453,0.00179796924916267,-0.00256145906364692,2.52807143703357e-14,2.25480455094847e-07,6.27496575761468e-14,2.18463859762451e-19,1.73472347597681e-18,1.10817231780831e-14
NC_k0061,-0.0342105263157895,-0.0342105263157895,0.321225374303198,101.523688484378,-60.6151088094303,87.4319286756943,-66.1322745124054,-82.9035223197085,60.009280917142,-84.1911514210598,60.9724495932237,1,160,-8.18082615943297,0.438136128600699,-2.55508771017465,-2.40540230543263,-3.20496091417346e-19,-2.8904999325053e-20,0,5.1351372427292e-20,0.00197362581186486,-0.000288222933429496,1,-8.23048953273973e-20,-3.89088746649202e-20,1,0.0144410819694882,-0.00741668693217575,-0.00741668693217575,0.0110534261280014,-0.00211563498216453,-0.00256145906364692,-0.00256145906364692,0.00179796924916267,1,-4.33680868994202e-19,0,1,0.014444006843928,-0.00742595779084097,-0.00742595779084097,0.0110584682873421,-0.00211446161611302,-0.00256466088747647,-0.00256466088747647,0.0017966966125696,19.7337277114621,-35.520468363484,-10.8193852240558,-5.3568673244146,-10.8193852240558,-5.3568673244146,-7.32908694105903,9.79630905721674,8.67361737988404e-19,4.34497335225303e-19,1.75868124515439e-19,0,0,0,0.0144410819694882,0.0110534261280014,-0.00741668693217575,-0.00211563498216453,0.00179796924916267,-0.00256145906364692,4.44587204004847e-14,1.18470411696793e-07,2.5005307490328e-13,8.23048953273973e-20,3.46944695195361e-18,2.24653786324242e-15
NC_k0061,0.0157894736842105,0.0157894736842105,0.321293393260269,91.3202338330636,-64.6747338413257,97.8903499814731,-62.1140413478304,-83.9633807936194,60.7375401805578,-83.4019487486803,60.2927803531529,1,160,3.80145649515045,-0.211258753310523,1.18476525480718,1.10769041250751,-1.69327180112055e-19,1.31402603387724e-19,0,-4.96573065327834e-20,0.00197180887894272,-0.000288934693294778,1,-5.30793234736845e-20,-2.83930113218722e-20,1,0.0144410819694882,-0.00741668693217575,-0.00741668693217575,0.0110534261280014,-0.00211563498216453,-0.00256145906364692,-0.00256145906364692,0.00179796924916267,1,-4.33680868994202e-19,0,1,0.014444006843928,-0.00742595779084097,-0.00742595779084097,0.0110584682873421,-0.00211446161611302,-0.00256466088747647,-0.00256466088747647,0.0017966966125696,19.7612766695886,-35.5865568678891,-10.8139636673685,-5.42994459653302,-10.8139636673685,-5.42994459653302,-7.27814574193779,9.82455432581242,8.67361737988404e-19,8.01895239461996e-20,1.19100500901268e-19,0,0,0,0.0144410819694882,0.0110534261280014,-0.00741668693217575,-0.00211563498216453,0.00179796924916267,-0.00256145906364692,2.2768374992636e-13,1.88157585687826e-07,2.50202795604629e-13,5.30793234736845e-20,1.73472347597681e-18,3.29998378665116e-14
NC_k0061,0.0657894736842105,0.0657894736842105,0.320927014612347,80.9383301183612,-68.489917413568,106.992858418745,-58.0620833316425,-84.5083448692557,61.3494597878538,-81.5524187365188,59.4430439387724,1,160,15.3635013459093,-0.714250388358085,4.83425281599191,4.65482769333065,5.66982679068347e-19,3.60412519056705e-19,0,-1.62842084109639e-19,0.00197992382529725,-0.000285938508291877,1,-8.21775821402664e-20,-2.14277914187324e-21,1,0.0144410819694882,-0.00741668693217575,-0.00741668693217575,0.0110534261280014,-0.00211563498216453,-0.00256145906364692,-0.00256145906364692,0.00179796924916267,1,-4.33680868994202e-19,0,1,0.014444006843928,-0.00742595779084097,-0.00742595779084097,0.0110584682873421,-0.00211446161611302,-0.00256466088747647,-0.00256466088747647,0.0017966966125696,19.6294328996751,-35.3115532608633,-10.8302296176724,-5.1096944880286,-10.8302296176724,-5.1096944880286,-7.49657915496586,9.70037622988087,8.67361737988404e-19,-2.84503041288665e-19,1.88027391144837e-20,0,0,0,0.0144410819694882,0.0110534261280014,-0.00741668693217575,-0.00211563498216453,0.00179796924916267,-0.00256145906364692,6.02389971198817e-14,1.56318491382422e-07,3.12356248635816e-13,8.21775821402664e-20,1.73472347597681e-18,3.02699711247567e-14
NC_k0061,0.11578947368421,0.11578947368421,0.319624777731715,71.741491799541,-71.6455189414104,112.362623005767,-53.9618620931309,-84.9172528557862,61.7051761808695,-77.2598264523505,58.1175598822692,1,160,25.1768564810055,-0.593765887630778,8.11241989581363,8.28696658469264,5.01946430586978e-19,1.25149117956823e-19,0,-1.88464830764082e-20,0.00199725931708317,-0.000279190386332838,1,4.20457420425813e-20,-3.27800003838347e-21,1,0.0144410819694883,-0.00741668693217575,-0.00741668693217575,0.0110534261280014,-0.00211563498216453,-0.00256145906364692,-0.00256145906364692,0.00179796924916267,1,-4.33680868994202e-19,0,1,0.014444006843928,-0.00742595779084097,-0.00742595779084097,0.0110584682873421,-0.00211446161611302,-0.00256466088747647,-0.00256466088747647,0.0017966966125696,19.2526316231449,-34.8692249157592,-10.8097962255042,-4.4348642577474,-10.8097962255042,-4.4348642577474,-7.90821926857226,9.43747425755912,1.73472347597681e-18,-4.25671920917245e-19,7.08942863103629e-22,0,0,0,0.0144410819694882,0.0110534261280014,-0.00741668693217575,-0.00211563498216453,0.00179796924916267,-0.00256145906364692,3.50659086390703e-14,3.95520602493751e-08,3.12972758604809e-13,4.20457420425813e-20,5.20417042793042e-18,6.77336379670867e-15
NC_k0062,-0.13421052631579,-0.13421052631579,1.00756296466422,107.511269584822,-127.932256930488,5.29909106184673,-195.845999331952,-53.7960090142044,130.738396161882,-57.7889760736902,184.038983282399,1,160,-64.8693164018656,24.0023310750068,-13.4861051578635,-26.1221800679488,8.00446135155314e-19,9.84887559419938e-19,0,1.8062977600198e-19,-0.000133368917277103,-0.000344412390660085,1,-6.42101042087036e-20,8.81931837692874e-20,1,0.00051454524512771,-0.016965264742165,-0.016965264742165,-0.00641988876246026,-0.00428897221301671,0.00241466856620863,0.00241466856620863,0.00681719566742371,1,-2.16840434497101e-19,0,1,0.000511455524575758,-0.0169864713230927,-0.0169864713230927,-0.00641864446175747,-0.00428510650063932,0.00241768690191639,0.00241768690191639,0.00681412002487582,9.93576848986765,-72.4799825040241,-26.0762870293826,-6.5192799026604,-26.0762870293826,-6.5192799026604,11.9397544699188,25.1126573402369,1.73472347597681e-18,1.04465405002247e-19,-2.24304844657558e-19,0,0,0,0.000514545245127712,-0.00641988876246026,-0.016965264742165,-0.00428897221301671,0.00681719566742371,0.00241466856620863,1.48966903650914e-14,1.74335986539374e-07,4.95690642773534e-14,8.81931837692874e-20,2.05998412772246e-18,6.39095894614574e-15
NC_k0062,-0.0842105263157895,-0.0842105263157895,1.0637323179726,90.9644033998453,-147.45665657296,21.3543399597807,-189.58714842905,-54.5252473280592,147.611893126367,-56.7263285568648,180.350896736505,1,160,-41.3319836891317,15.8983662666816,-8.39309374940856,-16.9515261867014,-1.74488787134386e-19,1.78935710107471e-19,0,6.14151826318571e-19,-0.000176531273986266,-0.000352952789879506,1,-2.34157046816732e-19,4.91919757563297e-20,1,0.000514545245127709,-0.016965264742165,-0.016965264742165,-0.00641988876246026,-0.00428897221301671,0.00241466856620863,0.00241466856620863,0.00681719566742371,1,-2.16840434497101e-19,0,1,0.000511455524575758,-0.0169864713230927,-0.0169864713230927,-0.00641864446175747,-0.00428510650063932,0.00241768690191639,0.00241768690191639,0.00681412002487582,9.44570627530545,-76.4014054954475,-27.0063422353457,-7.71669158220692,-27.0063422353457,-7.71669158220692,15.6398359002315,26.9557661212754,1.73472347597681e-18,3.56194584891905e-19,-1.09923331152309e-19,0,0,0,0.000514545245127712,-0.00641988876246026,-0.016965264742165,-0.00428897221301671,0.00681719566742371,0.00241466856620863,1.5815822483042e-14,2.23670516676693e-07,1.86104267711013e-13,2.34157046816732e-19,3.36102673470506e-18,1.46118737600981e-15
NC_k0062,-0.0342105263157895,-0.0342105263157895,1.09594220487263,70.2819296466512,-163.36028939596,40.8805534984456,-180.427434067439,-54.6320250254579,160.775924466812,-55.5367574127065,173.899719855389,1,160,-16.8777952292713,6.63660001128822,-3.3795944219344,-6.99203578935221,3.98105485209521e-20,-1.25784392667264e-19,0,1.52042414032147e-19,-0.000201532411911414,-0.000356792672724103,1,-3.24747616694997e-20,-1.54725263972207e-20,1,0.000514545245127714,-0.016965264742165,-0.016965264742165,-0.00641988876246026,-0.00428897221301671,0.00241466856620863,0.00241466856620863,0.00681719566742371,1,-2.16840434497101e-19,0,1,0.000511455524575758,-0.0169864713230927,-0.0169864713230927,-0.00641864446175747,-0.00428510650063932,0.00241768690191639,0.00241768690191639,0.00681412002487582,9.29540998014421,-78.6356497643592,-27.5600332859629,-8.40833843884655,-27.5600332859629,-8.40833843884655,17.8523282008332,27.9402948759826,8.67361737988404e-19,-2.85557800029922e-19,2.98369124313293e-19,0,0,0,0.000514545245127712,-0.00641988876246026,-0.016965264742165,-0.00428897221301671,0.00681719566742371,0.00241466856620863,1.32717925774979e-13,1.12071978954827e-07,3.58706497756951e-14,3.24747616694997e-20,2.60208521396521e-18,4.65994090798728e-15
NC_k0062,0.0157894736842105,0.0157894736842105,1.10101529579351,48.6337231826081,-176.337733656223,62.2772604959411,-168.462344084861,-55.1791693117087,170.865406011423,-54.7581075815877,164.819138260229,1,160,7.79463221909127,-3.07612450927261,1.55710754424015,3.23389998468375,1.64271452208131e-19,-4.90485016019443e-20,0,8.11034046995993e-20,-0.000205491601694134,-0.000357411925095986,1,-2.46552921787614e-19,3.75431126514359e-20,1,0.000514545245127709,-0.016965264742165,-0.016965264742165,-0.00641988876246026,-0.00428897221301671,0.00241466856620863,0.00241466856620863,0.00681719566742371,1,-2.16840434497101e-19,0,1,0.000511455524575758,-0.0169864713230927,-0.0169864713230927,-0.00641864446175747,-0.00428510650063932,0.00241768690191639,0.00241768690191639,0.00681412002487582,9.278411448033,-78.9871336001596,-27.6477648564166,-8.51776486800519,-27.6477648564166,-8.51776486800519,18.2082072076236,28.0913308315336,1.73472347597681e-18,5.8407214173962e-19,4.15472414306631e-20,0,0,0,0.000514545245127712,-0.00641988876246026,-0.016965264742165,-0.00428897221301671,0.00681719566742371,0.00241466856620863,2.95123880430052e-13,1.5651889754694e-07,1.26316451085317e-13,2.46552921787614e-19,4.33680868994202e-18,3.2267614195496e-15
NC_k0062,0.0657894736842105,0.0657894736842105,1.0786696016321,28.2257069011342,-186.547232035523,83.6329320417004,-153.696227451941,-56.2733163175657,178.285929368817,-54.5564143632495,152.865435242203,1,160,32.3755931831067,-12.5812336747897,6.53213863774458,13.3400204377135,4.31457407507659e-19,-2.54851038005138e-19,0,1.57336369952486e-19,-0.000188059576236733,-0.000354788758986804,1,-2.19294954315313e-19,-1.39309467251379e-21,1,0.000514545245127711,-0.016965264742165,-0.016965264742165,-0.00641988876246026,-0.00428897221301671,0.00241466856620863,0.00241466856620863,0.00681719566742371,1,-2.16840434497101e-19,0,1,0.000511455524575758,-0.0169864713230927,-0.0169864713230927,-0.00641864446175747,-0.00428510650063932,0.00241768690191639,0.00241768690191639,0.00681412002487582,9.36602050627581,-77.4380407177438,-27.2623510183097,-8.03635856363369,-27.2623510183097,-8.03635856363369,16.6561305702581,27.4183156836487,8.67361737988404e-19,4.38566565494009e-19,-2.51352642102248e-19,0,0,0,0.000514545245127712,-0.00641988876246026,-0.016965264742165,-0.00428897221301671,0.00681719566742371,0.00241466856620863,5.63485729433978e-14,1.15826426943593e-07,1.05204939460285e-13,2.19294954315313e-19,4.33680868994202e-18,3.29360693341595e-15
NC_k0062,0.11578947368421,0.11578947368421,1.03052669107101,10.7038290043618,-193.876750180542,102.151502346761,-135.585103308329,-57.4452023602131,183.008865190123,-54.2467295423009,137.421388504434,1,160,56.3952534577739,-21.2015949869847,11.6139072953604,22.8851817235545,-1.88464830764082e-20,2.08454808319283e-18,0,-3.48342299558331e-19,-0.000151091896511235,-0.000348100324511227,1,9.08747458979052e-20,2.43132322858538e-21,1,0.000514545245127716,-0.016965264742165,-0.016965264742165,-0.00641988876246026,-0.00428897221301671,0.00241466856620863,0.00241466856620863,0.00681719566742371,1,-2.16840434497101e-19,0,1,0.000511455524575758,-0.0169864713230927,-0.0169864713230927,-0.00641864446175747,-0.00428510650063932,0.00241768690191639,0.00241768690191639,0.00681412002487582,9.69531382516275,-74.0894790538143,-26.4475742111208,-7.00872654460817,-26.4475742111208,-7.00872654460817,13.4351027517321,25.8876461975873,8.67361737988404e-19,-4.12087581690769e-19,-2.53930371346305e-19,0,0,0,0.000514545245127712,-0.00641988876246026,-0.016965264742165,-0.00428897221301671,0.00681719566742371,0.00241466856620863,1.53711896742585e-14,6.97947930442105e-08,1.06444551080551e-13,9.08747458979052e-20,3.25260651745651e-18,2.15467107110311e-15
NC_k0063,-0.13421052631579,-0.13421052631579,0.626885975444713,176.255788621559,5.64968756712134,133.719061080179,-30.0688482842433,-137.383595254111,-36.6455961138866,-145.61184152558,58.2609044813537,1,160,-27.9985341433248,53.6193607950202,8.45487279505956,-10.5429071559208,-1.53461194218798e-18,-1.33386513368871e-18,0,-2.06252522656422e-19,0.00166517986786773,0.000231543149279151,1,-2.56961048680534e-20,9.87604896419892e-20,1,0.0132846561620654,-0.0098562838037297,-0.0098562838037297,-0.00177196758404015,0.00616208488741966,0.00847158768275763,0.00847158768275763,0.0036732306067995,1,1.0842021724855e-19,2.16840434497101e-19,1,0.013281749824735,-0.00986860415848436,-0.00986860415848436,-0.00176546353152917,0.00616284388850294,0.00848217716736108,0.00848217716736108,0.00367554514180816,29.7869287497799,-50.1037592446327,-1.85230829195705,-13.440118312302,-1.85230829195705,-13.440118312302,52.3383373754023,1.09929726741313,1.30104260698261e-18,6.48168710959329e-19,9.90479292710531e-20,0,0,0,0.0132846561620654,-0.00177196758404015,-0.0098562838037297,0.00616208488741966,0.0036732306067995,0.00847158768275763,3.01142785567259e-14,2.83977119757746e-07,5.24821199440083e-14,9.87604896419892e-20,5.20417042793042e-18,9.38636731558572e-15
NC_k0063,-0.0842105263157895,-0.0842105263157895,0.658351443252771,174.702135716979,-7.02451758849705,143.077662514328,-27.8136026921958,-144.034943832771,-15.2321881622148,-146.722629444518,47.346653500069,1,160,-18.8826247414355,35.1430014474143,5.36592431297299,-6.76432765598868,1.51841243707174e-18,-7.43460835575923e-19,0,-4.70765030216179e-19,0.00164451828602558,0.000249951714682172,1,-1.12930625601471e-19,5.4166375123488e-20,1,0.0132846561620654,-0.0098562838037297,-0.0098562838037297,-0.00177196758404015,0.00616208488741966,0.00847158768275763,0.00847158768275763,0.0036732306067995,1,1.0842021724855e-19,2.16840434497101e-19,1,0.013281749824735,-0.00986860415848436,-0.00986860415848436,-0.00176546353152917,0.00616284388850294,0.00848217716736108,0.00848217716736108,0.00367554514180816,30.4481878194911,-51.730766916711,-2.43963802399872,-14.4316599321084,-2.43963802399872,-14.4316599321084,56.6785194333081,2.68237234598739,1.30104260698261e-18,4.74558098381312e-19,2.87850533990686e-19,0,0,0,0.0132846561620654,-0.00177196758404015,-0.0098562838037297,0.00616208488741966,0.0036732306067995,0.00847158768275763,2.76994994137861e-14,2.89608505497951e-07,1.24009246539436e-13,1.12930625601471e-19,3.46944695195361e-18,1.18045783175905e-14
NC_k0063,-0.0342105263157895,-0.0342105263157895,0.677304218378484,167.913473297951,-16.2373551729135,153.959895732019,-24.2728145524163,-147.179610322534,5.8711797151967,-147.670238686638,31.9332710145471,1,160,-7.96079280832102,14.5677201454598,2.18028602125578,-2.7605881770614,-4.44692297308508e-20,2.14722852128965e-19,0,-2.25787220002474e-20,0.00163235295199378,0.000261642434659089,1,-4.08641306756321e-20,1.83336442585835e-19,1,0.0132846561620654,-0.0098562838037297,-0.0098562838037297,-0.00177196758404015,0.00616208488741966,0.00847158768275763,0.00847158768275763,0.0036732306067995,1,1.0842021724855e-19,2.16840434497101e-19,1,0.013281749824735,-0.00986860415848436,-0.00986860415848436,-0.00176546353152917,0.00616284388850294,0.00848217716736108,0.00848217716736108,0.00367554514180816,30.8373231280539,-52.8031696750809,-2.77853680493702,-15.0333904064539,-2.77853680493702,-15.0333904064539,59.2715506949654,3.49323623868169,1.30104260698261e-18,-3.34892911554853e-19,3.19243583213065e-19,0,0,0,0.0132846561620654,-0.00177196758404015,-0.0098562838037297,0.00616208488741966,0.0036732306067995,0.00847158768275763,9.59041387559689e-14,1.68660090561221e-07,2.28652912707334e-13,1.83336442585835e-19,3.46944695195361e-18,9.83507553474075e-16
NC_k0063,0.0157894736842105,0.0157894736842105,0.680348372238164,157.987658980643,-22.5329178533431,164.500023053821,-18.8536668181843,-147.82855915478,25.3843517940653,-147.645797181992,13.3073647981719,1,160,3.69496421678146,-6.74308443448721,-1.0058796718429,1.27436424497415,1.41136864836248e-19,-3.14672739904973e-19,0,-1.82403251235293e-19,0.00163045434836086,0.000263501271913327,1,-2.25033960030839e-19,8.39555213293763e-20,1,0.0132846561620654,-0.0098562838037297,-0.0098562838037297,-0.00177196758404015,0.00616208488741966,0.00847158768275763,0.00847158768275763,0.0036732306067995,1,1.0842021724855e-19,2.16840434497101e-19,1,0.013281749824735,-0.00986860415848436,-0.00986860415848436,-0.00176546353152917,0.00616284388850294,0.00848217716736108,0.00848217716736108,0.00367554514180816,30.8989695729579,-52.9812433403112,-2.83134517945231,-15.1305716094306,-2.83134517945231,-15.1305716094306,59.6873647081383,3.61508745628703,8.67361737988404e-19,4.31303384563907e-19,1.87886518585168e-19,0,0,0,0.0132846561620654,-0.00177196758404015,-0.0098562838037297,0.00616208488741966,0.0036732306067995,0.00847158768275763,2.8747221243166e-13,2.30610264757715e-07,6.1121098275343e-14,2.25033960030839e-19,3.46944695195361e-18,1.6808002517916e-14
NC_k0063,0.0657894736842105,0.0657894736842105,0.667056696487739,147.004387161387,-26.6841328581223,172.691830556552,-10.80687811289,-147.126920542319,42.1288381693257,-145.558307762148,-7.34524797429435,1,160,15.0111279149717,-27.7231961050467,-4.19498250272475,5.2986521013464,-8.71596902724675e-19,-8.69267562119726e-19,0,-1.7065066909214e-19,0.00163897891606917,0.000255271065870309,1,-8.87937093784504e-20,3.25440931215677e-20,1,0.0132846561620654,-0.0098562838037297,-0.0098562838037297,-0.00177196758404015,0.00616208488741966,0.00847158768275763,0.00847158768275763,0.0036732306067995,1,1.0842021724855e-19,2.16840434497101e-19,1,0.013281749824735,-0.00986860415848436,-0.00986860415848436,-0.00176546353152917,0.00616284388850294,0.00848217716736108,0.00848217716736108,0.00367554514180816,30.6278241530335,-52.2154587167576,-2.59742974694662,-14.7072954456314,-2.59742974694662,-14.7072954456314,57.870622822319,3.06667061780614,8.67361737988404e-19,3.47625927185088e-19,3.9377909430296e-20,0,0,0,0.0132846561620654,-0.00177196758404015,-0.0098562838037297,0.00616208488741966,0.0036732306067995,0.00847158768275763,2.9410309915035e-14,1.76251548388758e-07,2.52817648966174e-13,8.87937093784504e-20,3.68628738645072e-18,6.82387932679544e-15
NC_k0063,0.11578947368421,0.11578947368421,0.639520966967269,136.867451928407,-29.3596980774929,176.408339499101,0.582237422332249,-146.001944788379,54.8294979795787,-140.271026903409,-28.8271224023474,1,160,24.9221989941533,-47.1698424464219,-7.34172233924865,9.20490607865607,1.37611090193302e-18,-3.55753837846806e-19,0,-7.28713032434715e-19,0.00165675566973184,0.000238944231892071,1,-9.29971458640462e-21,8.06611957364866e-20,1,0.0132846561620654,-0.0098562838037297,-0.0098562838037297,-0.00177196758404015,0.00616208488741966,0.00847158768275763,0.00847158768275763,0.0036732306067995,1,1.0842021724855e-19,2.16840434497101e-19,1,0.013281749824735,-0.00986860415848436,-0.00986860415848436,-0.00176546353152917,0.00616284388850294,0.00848217716736108,0.00848217716736108,0.00367554514180816,30.054275421771,-50.732205970568,-2.0901891775612,-13.8378446743489,-2.0901891775612,-13.8378446743489,54.0890171054216,1.77418242280512,1.0842021724855e-18,8.39964179329561e-20,-2.44251211029998e-19,0,0,0,0.0132846561620654,-0.00177196758404015,-0.0098562838037297,0.00616208488741966,0.0036732306067995,0.00847158768275763,1.43856387356318e-14,1.41095465403677e-07,2.54077360910382e-13,8.06611957364866e-20,1.73472347597681e-18,2.25682973125504e-15
