LoadCase,zeta1,zeta2,ALLSE,RF_LEFT_x,RF_LEFT_y,RF_RIGHT_x,RF_RIGHT_y,RF_BOTTOM_x,RF_BOTTOM_y,RF_TOP_x,RF_TOP_y,Volume,nBndNodes,Savg_11,Savg_22,Savg_33,Savg_12,Eavg_11,Eavg_22,Eavg_33,Eavg_12,Uavg_1,Uavg_2,Fbar_11,Fbar_12,Fbar_21,Fbar_22,G111,G112,G121,G122,G211,G212,G221,G222,Fbar_11_int,Fbar_12_int,Fbar_21_int,Fbar_22_int,G111_int,G112_int,G121_int,G122_int,G211_int,G212_int,G221_int,G222_int,Q111,Q112,Q121,Q122,Q211,Q212,Q221,Q222,fitResidMax,c1_fit,c2_fit,H11,H22,H12,G1_11,G1_22,G1_12,G2_11,G2_22,G2_12,HillResid,QSymResid,ForceBalanceResid,KubcErrF,KubcErrG,EnergyConsistencyResid
NC_k0000,-0.0447368421052632,-0.0447368421052632,0.352557306869413,39.9257687741484,-0.893862580589556,62.9638271889258,-9.27431888833927,-43.1383427596347,-2.13560894630484,-65.911312747798,18.1013252699289,1,480,17.9666364733779,-3.51056384547299,4.77050396720864,-2.84614461529926,-6.70426577751779e-19,6.40621605920268e-19,0,-6.02809525759244e-19,-0.00156444561742006,0.000854925140406134,1,-9.84541691356413e-20,2.54723794738907e-20,1,-0.00523340711650885,0.0100210450899222,0.0100210450899222,-0.0151659745678761,0.00104088811922811,-0.00481258406506862,-0.00481258406506862,0.00423543471264214,1,8.67361737988404e-19,0,1,-0.00523410615325516,0.0100224369017402,0.0100224369017402,-0.0151659838429938,0.00104109064381177,-0.0048132524795221,-0.0048132524795221,0.00423541539371237,5.45172844732314,37.4090131806681,3.16021808186417,-12.0268256831283,3.16021808186417,-12.0268256831283,-14.7741349067771,2.93471865627,2.60208521396521e-18,-1.63510169912516e-20,2.7540534586042e-20,0,0,0,-0.00523340711650885,-0.0151659745678761,0.0100210450899222,0.00104088811922811,0.00423543471264215,-0.00481258406506862,2.85758292192535e-13,4.31670878713054e-08,5.34359231160371e-13,9.84541691356413e-20,5.20417042793042e-18,1.11791520431575e-14
NC_k0000,-0.0280701754385965,-0.0280701754385965,0.348196409845299,45.4763355382128,-3.19632338609391,60.2293406642914,-8.07948200370721,-48.7919771226972,1.90176806765652,-63.0178103779425,15.1301931823801,1,480,11.5864881024843,-2.20685019510063,3.09528050943662,-1.82146204968659,-1.08319632086064e-18,1.82392663323453e-18,0,-1.91005929605845e-19,-0.0015588699209541,0.000847904644871668,1,-2.46333448843758e-19,5.92511956676267e-21,1,-0.00523340711650885,0.0100210450899222,0.0100210450899222,-0.0151659745678761,0.00104088811922811,-0.00481258406506862,-0.00481258406506862,0.00423543471264214,1,8.67361737988404e-19,0,1,-0.00523410615325516,0.0100224369017402,0.0100224369017402,-0.0151659838429938,0.00104109064381177,-0.0048132524795221,-0.0048132524795221,0.00423541539371237,5.34580480828611,37.3575264920667,2.95613434336106,-11.7074693678353,2.95613434336106,-11.7074693678353,-14.7050482673644,2.98432607171737,2.60208521396521e-18,-4.28416112669531e-20,2.08932122304782e-19,0,0,0,-0.00523340711650885,-0.0151659745678761,0.0100210450899222,0.00104088811922811,0.00423543471264215,-0.00481258406506862,4.93667189943636e-13,3.07949849034137e-08,1.60593067207149e-12,2.46333448843758e-19,6.93889390390723e-18,3.37980626114303e-14
NC_k0000,-0.0114035087719298,-0.0114035087719298,0.346136475932973,50.6698571946547,-5.00251587937993,56.721810017728,-6.9007025332513,-53.8650064597145,6.07689330004548,-59.6083169725928,11.5672483402402,1,480,4.76409000529606,-0.893065119951356,1.27743821216376,-0.746251901302806,-9.27395198125052e-19,-7.61535559140819e-19,0,1.1527589016539e-20,-0.0015559861666781,0.00084426824430781,1,-2.73606174395829e-19,8.59600978211901e-20,1,-0.00523340711650885,0.0100210450899222,0.0100210450899222,-0.0151659745678761,0.00104088811922811,-0.00481258406506862,-0.00481258406506862,0.00423543471264215,1,8.67361737988404e-19,0,1,-0.00523410615325516,0.0100224369017402,0.0100224369017402,-0.0151659838429938,0.00104109064381177,-0.0048132524795221,-0.0048132524795221,0.00423541539371237,5.27709526899893,37.3798661257992,2.83659755348564,-11.5326574935428,2.83659755348564,-11.5326574935428,-14.6860648832575,3.03221821084065,1.73472347597681e-18,5.37265165167399e-19,-1.35709682197429e-19,0,0,0,-0.00523340711650885,-0.0151659745678761,0.0100210450899222,0.00104088811922811,0.00423543471264215,-0.00481258406506862,5.27835357430387e-13,1.20414986396109e-08,1.96629764357621e-12,2.73606174395829e-19,8.67361737988404e-19,4.65083427387239e-15
NC_k0000,0.00526315789473684,0.00526315789473684,0.345831899101985,55.2298988057001,-6.43670970432486,52.4329357642036,-5.56660042762518,-58.1938130988709,10.1415161314627,-55.5462189866835,7.5993620630865,1,480,-2.20255940715122,0.411792888548283,-0.59095295113896,0.344865458137733,2.16768966092176e-18,4.15152023273014e-19,0,-3.40176372551208e-19,-0.00155555051646896,0.000843719111199502,1,-2.18328154589328e-19,7.29843559061874e-20,1,-0.00523340711650884,0.0100210450899222,0.0100210450899222,-0.0151659745678761,0.00104088811922811,-0.00481258406506862,-0.00481258406506862,0.00423543471264214,1,8.67361737988404e-19,0,1,-0.00523410615325516,0.0100224369017402,0.0100224369017402,-0.0151659838429938,0.00104109064381177,-0.0048132524795221,-0.0048132524795221,0.00423541539371237,5.26558333076322,37.3860891224492,2.81743146157013,-11.5052431114405,2.81743146157013,-11.5052431114405,-14.6840819107425,3.04107098159859,2.60208521396521e-18,-4.63842248329888e-19,2.93188556274585e-19,0,0,0,-0.00523340711650885,-0.0151659745678761,0.0100210450899222,0.00104088811922811,0.00423543471264215,-0.00481258406506862,1.26055430376502e-12,2.4981118140675e-08,1.70816187534004e-12,2.18328154589328e-19,9.54097911787244e-18,3.13003933940261e-14
NC_k0000,0.0219298245614035,0.0219298245614035,0.347213698275865,59.0295181803295,-7.65143275194782,47.4487315407104,-3.91294432209714,-61.8302793131086,13.8774414223373,-50.7452155805674,3.43973159680808,1,480,-9.10524977599578,1.72162620657701,-2.43659577790818,1.42895679800361,-1.61770058035771e-18,1.68384855958235e-18,0,-1.36676706973362e-19,-0.00155751274197837,0.000846189491276926,1,-2.42988412467029e-19,3.41223499540918e-20,1,-0.00523340711650885,0.0100210450899222,0.0100210450899222,-0.0151659745678761,0.00104088811922811,-0.00481258406506862,-0.00481258406506862,0.00423543471264214,1,8.67361737988404e-19,0,1,-0.00523410615325516,0.0100224369017402,0.0100224369017402,-0.0151659838429938,0.00104109064381177,-0.0048132524795221,-0.0048132524795221,0.00423541539371237,5.3148597739623,37.3641623872284,2.90118760799425,-11.6262118064947,2.90118760799425,-11.6262118064947,-14.6948393630771,3.00474579887734,2.60208521396521e-18,-2.87274682982758e-19,2.51969726593828e-19,0,0,0,-0.00523340711650885,-0.0151659745678761,0.0100210450899222,0.00104088811922811,0.00423543471264215,-0.00481258406506862,2.01480746934257e-13,1.86618083682938e-08,1.00896295401318e-12,2.42988412467029e-19,6.93889390390723e-18,7.69003754023002e-14
NC_k0000,0.0385964912280702,0.0385964912280702,0.350617409727671,62.0385215729149,-8.82385000402809,41.983817019784,-1.80575991325016,-64.8948000546723,17.0869698709469,-45.2609452675963,-0.680329131267646,1,480,-15.6948504856183,3.03685333987233,-4.1771390580962,2.47779915424231,-1.6924777077325e-19,-1.01053677585398e-18,0,-2.18587439950813e-19,-0.00156204886402516,0.000851923546420962,1,-4.2107524048662e-20,-1.20229896725805e-19,1,-0.00523340711650885,0.0100210450899222,0.0100210450899222,-0.0151659745678761,0.00104088811922811,-0.00481258406506862,-0.00481258406506862,0.00423543471264214,1,8.67361737988404e-19,0,1,-0.00523410615325516,0.0100224369017402,0.0100224369017402,-0.0151659838429938,0.00104109064381177,-0.0048132524795221,-0.0048132524795221,0.00423541539371237,5.40998499463287,37.3707521679608,3.07677700455922,-11.8924134846199,3.07677700455922,-11.8924134846199,-14.7387351628701,2.94980148140629,1.73472347597681e-18,7.77942770849285e-19,7.30248087536292e-20,0,0,0,-0.00523340711650885,-0.0151659745678761,0.0100210450899222,0.00104088811922811,0.00423543471264215,-0.00481258406506862,1.81259164010916e-13,1.48085797776964e-08,6.2598497218319e-13,1.20229896725805e-19,1.73472347597681e-18,1.86822321526365e-14
NC_k0001,-0.0447368421052632,-0.0447368421052632,0.25457193617876,135.612425175917,27.4683357998413,162.102072436148,22.4184718490811,-116.684988066016,-34.6523249570245,-172.353236056507,-20.3399066205036,1,480,3.6904088496738,5.40987684465232,3.00309427912763,-5.18052629583888,5.35563050681133e-19,1.29005433972545e-19,0,-2.50258531244243e-19,0.00157380877382949,-0.0012037404076646,1,1.1615106186752e-19,-5.42717537565781e-20,1,0.0167936705423597,-0.000560010168439073,-0.000560010168439073,-0.00184734565890286,-0.00691428473759986,0.00121998686912674,0.00121998686912674,-0.00805919542814356,1,0,0,1,0.0167932827696597,-0.000560087947629134,-0.000560087947629134,-0.00184643891658886,-0.00691458444769616,0.00122015631174745,0.00122015631174745,-0.00805941563055302,25.6816520516984,-4.36162013552928,-0.0692091288470068,-14.3049828961243,-0.0692091288470068,-14.3049828961243,14.2442230048816,-6.02326947781834,2.16840434497101e-18,2.26967187037049e-19,-7.05097137904918e-20,0,0,0,0.0167936705423597,-0.00184734565890285,-0.000560010168439073,-0.00691428473759986,-0.00805919542814356,0.00121998686912674,5.53112978704421e-13,1.02419706317644e-08,1.58936780634107e-12,1.1615106186752e-19,7.15573433840433e-18,5.1897527242603e-14
NC_k0001,-0.0280701754385965,-0.0280701754385965,0.257492136387276,141.605969993815,26.0017352463338,157.855496395201,23.1084796735293,-127.58229208868,-31.6472996535066,-163.189043172995,-22.5430647522542,1,480,2.26789022609918,3.6300375063209,1.94631615169864,-3.29827083339582,5.5890939628983e-19,-6.23651892256166e-19,0,-3.58691983382594e-19,0.00156258485319194,-0.00119758527166238,1,5.15353697574277e-20,-1.17555665981029e-20,1,0.0167936705423597,-0.000560010168439073,-0.000560010168439073,-0.00184734565890285,-0.00691428473759986,0.00121998686912674,0.00121998686912674,-0.00805919542814356,1,0,0,1,0.0167932827696597,-0.000560087947629134,-0.000560087947629134,-0.00184643891658886,-0.00691458444769616,0.00122015631174745,0.00122015631174745,-0.00805941563055302,25.9662499191434,-4.11342619672659,0.00814319861179861,-14.1864784660098,0.00814319861179861,-14.1864784660098,14.065106756371,-6.28023895375976,1.30104260698261e-18,-1.05513502073393e-18,-9.71883743884999e-20,0,0,0,0.0167936705423597,-0.00184734565890285,-0.000560010168439073,-0.00691428473759986,-0.00805919542814356,0.00121998686912674,1.26484597821505e-12,1.462021699124e-08,6.88727284816606e-13,5.15353697574277e-20,5.20417042793042e-18,7.48076028553948e-14
NC_k0001,-0.0114035087719298,-0.0114035087719298,0.259380851543872,147.014084705952,24.9354239284837,153.512478802156,23.8252710670242,-138.61319525584,-28.7800383715869,-153.209343419042,-25.0567314165208,1,480,0.912230679186399,1.52477849916145,0.804213028854794,-1.34786348740518,-1.12478034461491e-18,-3.65038113042101e-19,0,1.33354749633349e-19,0.0015564172133994,-0.00119419226074538,1,6.76149610194706e-20,-1.43418821910501e-19,1,0.0167936705423597,-0.000560010168439073,-0.000560010168439073,-0.00184734565890285,-0.00691428473759986,0.00121998686912674,0.00121998686912674,-0.00805919542814356,1,0,0,1,0.0167932827696597,-0.000560087947629134,-0.000560087947629134,-0.00184643891658886,-0.00691458444769616,0.00122015631174745,0.00122015631174745,-0.00805941563055302,26.1488008992794,-3.99117658168547,0.0495438372985863,-14.1292606302717,0.0495438372985863,-14.1292606302717,14.0024122388167,-6.42938754932992,1.0842021724855e-18,-7.24446563264672e-19,5.20020903580857e-19,0,0,0,0.0167936705423597,-0.00184734565890285,-0.000560010168439073,-0.00691428473759986,-0.00805919542814356,0.00121998686912674,2.04135962931723e-12,8.85954206887333e-09,1.09099784529649e-12,1.43418821910501e-19,3.46944695195361e-18,2.20434490163298e-14
NC_k0001,0.00526315789473684,0.00526315789473684,0.259690359948971,151.842932817168,24.1014881853707,148.85042389491,24.6091582300042,-149.36717578067,-26.0326949155499,-142.621987385676,-27.7528337756781,1,480,-0.420471689814368,-0.707197713761505,-0.372130903180028,0.622595417541185,6.82390918131746e-20,-1.32646683029004e-19,0,-3.53106859886636e-20,0.00155545888919873,-0.00119366178459315,1,-1.74433169505496e-21,-7.27992341923441e-20,1,0.0167936705423597,-0.000560010168439073,-0.000560010168439073,-0.00184734565890285,-0.00691428473759985,0.00121998686912674,0.00121998686912674,-0.00805919542814356,1,0,0,1,0.0167932827696597,-0.000560087947629134,-0.000560087947629134,-0.00184643891658886,-0.00691458444769616,0.00122015631174745,0.00122015631174745,-0.00805941563055302,26.1786130506428,-3.9729474127151,0.0559174817251701,-14.1206067947518,0.0559174817251701,-14.1206067947518,13.9948568997601,-6.4530688836962,1.0842021724855e-18,-2.5096509527215e-21,-2.98698227939671e-19,0,0,0,0.0167936705423597,-0.00184734565890285,-0.000560010168439073,-0.00691428473759986,-0.00805919542814356,0.00121998686912674,5.7542769090928e-12,1.14547240527188e-08,9.87659316869112e-13,7.27992341923441e-20,6.07153216591882e-18,3.07812957665116e-14
NC_k0001,0.0219298245614035,0.0219298245614035,0.258351689321187,156.281103489929,23.3690419012145,143.67656315673,25.5721381567008,-159.597369917252,-23.442790450271,-131.660440182636,-30.5795307134666,1,480,-1.76335069816088,-2.88138087833363,-1.53276142024321,2.58435740303935,-2.81479636284445e-19,-1.31614361624537e-19,0,-5.9729057671229e-19,0.00155970657524835,-0.00119600312263447,1,-4.00558201724759e-20,-2.38028389045221e-20,1,0.0167936705423597,-0.000560010168439073,-0.000560010168439073,-0.00184734565890285,-0.00691428473759986,0.00121998686912674,0.00121998686912674,-0.00805919542814356,1,0,0,1,0.0167932827696597,-0.000560087947629134,-0.000560087947629134,-0.00184643891658886,-0.00691458444769616,0.00122015631174745,0.00122015631174745,-0.00805941563055302,26.0494643253239,-4.05521837822341,0.0275156141248466,-14.1593682543101,0.0275156141248466,-14.1593682543101,14.0327692431983,-6.34916407543923,8.67361737988404e-19,-7.38419294458503e-19,1.3345214330883e-19,0,0,0,0.0167936705423597,-0.00184734565890285,-0.000560010168439073,-0.00691428473759986,-0.00805919542814356,0.00121998686912674,1.43928458655671e-12,1.25217032235573e-08,1.17051076538706e-12,4.00558201724759e-20,3.46944695195361e-18,5.30720522484164e-14
NC_k0001,0.0385964912280702,0.0385964912280702,0.255697731975907,160.531585003294,22.6678209190892,137.867961036462,26.8704505035812,-169.081877268168,-21.1033401815489,-120.638043610884,-33.5266085950009,1,480,-3.15518306479215,-4.80481260843777,-2.62679857216585,4.50005304708676,9.54447312877986e-19,6.51222752650748e-19,0,1.49580724529189e-19,0.00156913106268949,-0.00120116880458774,1,2.85198462696932e-20,6.2747396827953e-22,1,0.0167936705423597,-0.000560010168439073,-0.000560010168439073,-0.00184734565890285,-0.00691428473759986,0.00121998686912674,0.00121998686912674,-0.00805919542814356,1,0,0,1,0.0167932827696597,-0.000560087947629134,-0.000560087947629134,-0.00184643891658886,-0.00691458444769616,0.00122015631174745,0.00122015631174745,-0.00805941563055302,25.7917254041564,-4.2536788454091,-0.0365307657753098,-14.2523289067149,-0.0365307657753098,-14.2523289067149,14.1590020560702,-6.12808857843442,1.30104260698261e-18,-1.63705338525934e-19,4.57895650130292e-19,0,0,0,0.0167936705423597,-0.00184734565890285,-0.000560010168439073,-0.00691428473759986,-0.00805919542814356,0.00121998686912674,1.06040254216415e-12,1.41109393484484e-08,2.20588158957057e-13,2.85198462696932e-20,3.46944695195361e-18,2.1709676813437e-15
NC_k0002,-0.0447368421052632,-0.0447368421052632,0.731369815521091,-117.86851000599,49.8901070567998,-105.162742123403,74.0101134691211,91.9912330044947,-71.3232198550722,132.908455731831,-53.4139993777269,1,480,12.5660232186329,22.9953241854481,11.7352446433468,7.03037762093557,-1.90161543636551e-18,-1.62778556638595e-18,0,3.82382436126113e-19,2.09405621265379e-05,-0.000454523164638992,1,-1.23639882659019e-19,4.46327024850199e-20,1,-0.0072609762275046,0.00798862637180394,0.00798862637180394,0.00271554906894999,-0.00216661494335417,0.0151594699561672,0.0151594699561672,-0.00644841969049436,1,-4.74338450462408e-20,0,1,-0.0072607087340422,0.00798973590324447,0.00798973590324447,0.00271512374815569,-0.00216691318370362,0.0151615754381055,0.0151615754381055,-0.00644842058329193,-16.9144182018343,25.3205684623806,7.42756982708372,16.4198069222487,7.42756982708372,16.4198069222487,48.490562827189,-10.2054237539805,2.60208521396521e-18,-1.78926948791036e-19,-3.93873796457068e-20,0,0,0,-0.0072609762275046,0.00271554906894998,0.00798862637180394,-0.00216661494335417,-0.00644841969049437,0.0151594699561672,2.85356366878142e-13,2.67045866733399e-08,9.8370611449692e-13,1.23639882659019e-19,5.20417042793042e-18,2.30736757467614e-14
NC_k0002,-0.0280701754385965,-0.0280701754385965,0.729166609840224,-115.19320730194,52.0377922015044,-105.010652885009,67.8595307229419,97.7075745437317,-66.9792213127598,124.380453471853,-53.6974500127318,1,480,8.16245442994289,14.8007939625851,7.57787196953427,4.40593323186711,-1.11472182836626e-18,3.72218040759062e-18,0,-3.61471310240773e-19,2.42008576887254e-05,-0.000448780961128948,1,-2.09325002855004e-19,7.98100959823483e-20,1,-0.0072609762275046,0.00798862637180394,0.00798862637180394,0.00271554906894998,-0.00216661494335417,0.0151594699561672,0.0151594699561672,-0.00644841969049436,1,-4.74338450462408e-20,0,1,-0.0072607087340422,0.00798973590324447,0.00798973590324447,0.00271512374815569,-0.00216691318370362,0.0151615754381055,0.0151615754381055,-0.00644842058329193,-16.767752526686,25.4318529509714,7.3854351927521,16.1394784856395,7.3854351927521,16.1394784856395,48.6455223911214,-10.0001986000187,2.60208521396521e-18,2.32915159150685e-19,-2.00152600795789e-19,0,0,0,-0.0072609762275046,0.00271554906894998,0.00798862637180394,-0.00216661494335417,-0.00644841969049437,0.0151594699561672,2.12311262277053e-13,2.44293189025302e-08,7.34969123074143e-13,2.09325002855004e-19,3.46944695195361e-18,1.6748508648185e-15
NC_k0002,-0.0114035087719298,-0.0114035087719298,0.728391010292421,-111.433196748616,55.3004261920507,-106.81613667922,61.9062942530111,104.53586393265,-61.8953568796414,115.606581502867,-56.0631991957825,1,480,3.36260677880515,6.07256994832762,3.11360831995381,1.78370977120659,4.05278795481581e-19,2.47518909055468e-19,0,-1.24691190769714e-18,2.63619464272803e-05,-0.00044545402891372,1,-2.40914926844615e-19,-1.46935061225217e-19,1,-0.00726097622750461,0.00798862637180394,0.00798862637180394,0.00271554906894998,-0.00216661494335417,0.0151594699561672,0.0151594699561672,-0.00644841969049436,1,-4.74338450462408e-20,0,1,-0.0072607087340422,0.00798973590324447,0.00798973590324447,0.00271512374815569,-0.00216691318370362,0.0151615754381055,0.0151615754381055,-0.00644842058329193,-16.6851386496996,25.5152941671128,7.36138975345343,15.982453448164,7.36138975345343,15.982453448164,48.7782910004836,-9.89415623827858,2.60208521396521e-18,2.73529693530848e-19,-5.59817033641078e-20,0,0,0,-0.0072609762275046,0.00271554906894998,0.00798862637180394,-0.00216661494335417,-0.00644841969049437,0.0151594699561672,8.1697578620832e-13,9.85231971547219e-09,1.02406242259946e-12,2.40914926844615e-19,3.46944695195361e-18,1.32606528331001e-14
NC_k0002,0.00526315789473684,0.00526315789473684,0.728282744907784,-107.875433067549,59.9079204892248,-110.041569716866,56.8458736100344,112.468055390855,-57.3896819429689,107.341609479424,-60.1124414304275,1,480,-1.55491495612062,-2.80624149141981,-1.43918162768837,-0.82257312205101,6.14849966755566e-19,-2.5129614660463e-18,0,1.05476777756842e-18,2.67205069100999e-05,-0.000444927433076127,1,-1.63171148489472e-19,-1.16105310054506e-19,1,-0.0072609762275046,0.00798862637180394,0.00798862637180394,0.00271554906894999,-0.00216661494335417,0.0151594699561672,0.0151594699561672,-0.00644841969049436,1,-4.74338450462408e-20,0,1,-0.0072607087340422,0.00798973590324447,0.00798973590324447,0.00271512374815569,-0.00216691318370362,0.0151615754381055,0.0151615754381055,-0.00644842058329193,-16.6717125406714,25.5292151688273,7.35739843964621,15.9574190134743,7.35739843964621,15.9574190134743,48.8011170317928,-9.87778699918732,1.30104260698261e-18,1.63856721994985e-19,-4.04691871335409e-19,0,0,0,-0.0072609762275046,0.00271554906894998,0.00798862637180394,-0.00216661494335417,-0.00644841969049437,0.0151594699561672,1.87811731763469e-12,2.2243733059583e-08,1.66116867855663e-12,1.63171148489472e-19,3.90312782094782e-18,6.85997800407286e-15
NC_k0002,0.0219298245614035,0.0219298245614035,0.728784562176691,-105.47230450107,65.6021101272132,-113.860547647469,53.0864962741446,121.133644682861,-54.3421485429918,100.088365869907,-65.1143430358905,1,480,-6.42133073409952,-11.6203633916732,-5.95375906150499,-3.43741409947606,-9.17207641700849e-19,-1.10770733677181e-18,0,1.57537540277459e-18,2.51767518332308e-05,-0.000447245113422919,1,-2.23000118664239e-19,-6.9746589473636e-21,1,-0.0072609762275046,0.00798862637180394,0.00798862637180394,0.00271554906894998,-0.00216661494335417,0.0151594699561672,0.0151594699561672,-0.00644841969049436,1,-4.74338450462408e-20,0,1,-0.0072607087340422,0.00798973590324447,0.00798973590324447,0.00271512374815569,-0.00216691318370362,0.0151615754381055,0.0151615754381055,-0.00644842058329193,-16.7299206849045,25.4693470463272,7.37452813626179,16.0669670256201,7.37452813626179,16.0669670256201,48.7043212540235,-9.95047882169644,2.60208521396521e-18,1.53736227581829e-19,-7.01023101974876e-19,0,0,0,-0.0072609762275046,0.00271554906894998,0.00798862637180394,-0.00216661494335417,-0.00644841969049437,0.0151594699561672,3.98330213802438e-13,2.14629856508291e-08,5.93000542183517e-13,2.23000118664239e-19,5.20417042793042e-18,2.48312549971422e-14
NC_k0002,0.0385964912280702,0.0385964912280702,0.730264179824867,-104.855089862102,71.7715025697263,-117.092913060833,50.5861355580558,129.846222822336,-53.2651550056547,93.975525142586,-69.9055094075882,1,480,-11.0168059881286,-20.0783969509394,-10.2614169698926,-6.06828377575433,-8.03291636462496e-19,-1.05855295605146e-18,0,5.27436828343412e-19,2.21804222636398e-05,-0.000452179911155865,1,-2.85384250041028e-20,4.68363704108988e-19,1,-0.0072609762275046,0.00798862637180394,0.00798862637180394,0.00271554906894998,-0.00216661494335417,0.0151594699561672,0.0151594699561672,-0.00644841969049436,1,-4.74338450462408e-20,0,1,-0.0072607087340422,0.00798973590324447,0.00798973590324447,0.00271512374815569,-0.00216691318370362,0.0151615754381055,0.0151615754381055,-0.00644842058329193,-16.8520988707401,25.3586514569714,7.40937380452002,16.3020649694422,7.40937380452002,16.3020649694422,48.5380124488692,-10.1167673878856,1.73472347597681e-18,-1.50178296141246e-19,-4.79333576869996e-19,0,0,0,-0.0072609762275046,0.00271554906894998,0.00798862637180394,-0.00216661494335417,-0.00644841969049437,0.0151594699561672,8.86479910437162e-14,2.15401873381476e-08,1.11190315473891e-12,4.68363704108988e-19,4.77048955893622e-18,7.44948605033307e-15
NC_k0003,-0.0447368421052632,-0.0447368421052632,0.297553695604481,-105.816727953775,1.49583008355504,-123.604302083135,15.9368022001494,93.6509972761349,4.49010728394656,130.833246863349,-14.0354055128899,1,480,5.8627055634997,-8.19938233624368,-0.77110333500553,5.42814069101627,9.29188525693067e-20,3.57050857047289e-19,0,4.33733808553405e-19,-0.00054712763170959,0.00171406759344208,1,-5.76632374172743e-20,6.10390188564292e-20,1,-0.0089034159467886,0.00659383141145556,0.00659383141145556,0.00818599167466987,0.011081958503288,-0.00383992549913756,-0.00383992549913756,0.00852556625629546,1,0,0,1,-0.00890283501986203,0.00659474722137382,0.00659474722137382,0.00818538583717829,0.0110822101480843,-0.00384045882212355,-0.00384045882212355,0.00852599542833112,-18.7149698886068,24.1950047644269,6.65354678560443,12.1043341236227,6.65354678560443,12.1043341236227,-21.4280281940665,1.92919530321032,1.73472347597681e-18,-1.47509382395778e-19,2.53631536116506e-19,0,0,0,-0.00890341594678861,0.00818599167466987,0.00659383141145556,0.011081958503288,0.00852556625629547,-0.00383992549913756,2.19244944040091e-13,2.49931368184396e-08,1.54251450609447e-12,6.10390188564292e-20,6.93889390390723e-18,4.94379847859023e-14
NC_k0003,-0.0280701754385965,-0.0280701754385965,0.296375926519553,-109.502341884298,5.12022765341634,-120.215961326378,13.8584280038652,100.648217773175,0.222179966441585,124.170063395013,-11.3191883454895,1,480,3.78560594038947,-5.35798859558045,-0.518886276213023,3.43799173627426,6.97147820259692e-20,6.22992732705538e-19,0,-3.70047518831722e-19,-0.00053704714602521,0.00170808289938326,1,-1.1270377860054e-19,-6.19685686926057e-20,1,-0.00890341594678861,0.00659383141145556,0.00659383141145556,0.00818599167466987,0.011081958503288,-0.00383992549913756,-0.00383992549913756,0.00852556625629546,1,0,0,1,-0.00890283501986203,0.00659474722137382,0.00659474722137382,0.00818538583717829,0.0110822101480843,-0.00384045882212355,-0.00384045882212355,0.00852599542833112,-18.7169984211857,24.1440358496783,6.45554285695722,12.0571984310639,6.45554285695722,12.0571984310639,-21.2429380785021,2.20811442203863,1.30104260698261e-18,6.56692167110366e-19,2.06137084246693e-19,0,0,0,-0.00890341594678861,0.00818599167466987,0.00659383141145556,0.011081958503288,0.00852556625629547,-0.00383992549913756,5.7744981532388e-13,3.05539116918416e-08,3.27272621694358e-13,1.1270377860054e-19,5.20417042793042e-18,4.58884505613208e-14
NC_k0003,-0.0114035087719298,-0.0114035087719298,0.296090144463313,-112.792070165153,8.12197054793459,-117.048534529503,11.5940768938527,107.678272980346,-3.57675431714808,117.273361604524,-8.25399277198236,1,480,1.55258563446694,-2.22008030765145,-0.220273242150891,1.40012805553612,1.49781729418039e-18,-5.19019438430073e-19,0,7.4594485895542e-19,-0.00053151410159513,0.00170499822508804,1,-2.18341957891827e-19,1.45073694964971e-19,1,-0.00890341594678861,0.00659383141145556,0.00659383141145556,0.00818599167466987,0.011081958503288,-0.00383992549913756,-0.00383992549913756,0.00852556625629546,1,0,0,1,-0.00890283501986203,0.00659474722137382,0.00659474722137382,0.00818538583717829,0.0110822101480843,-0.00384045882212355,-0.00384045882212355,0.00852599542833112,-18.7421137412997,24.1482001332366,6.34601777055569,12.0389016066395,6.34601777055569,12.0389016066395,-21.1815164670153,2.37569035340312,8.67361737988404e-19,-6.44498777899501e-20,-4.17366014717269e-19,0,0,0,-0.00890341594678861,0.00818599167466987,0.00659383141145556,0.011081958503288,0.00852556625629547,-0.00383992549913756,1.14198810299616e-12,1.85280842124964e-08,4.83900398168067e-13,2.18341957891827e-19,1.73472347597681e-18,1.12488346409252e-15
NC_k0003,0.00526315789473684,0.00526315789473684,0.296064514816044,-115.905905408387,10.710176682109,-113.948973893849,9.11312547429842,114.699257331088,-7.04829507759503,110.268093403604,-4.89097382799504,1,480,-0.717370399647663,1.0275956512275,0.102374333021342,-0.646354183504909,1.72460747067559e-19,7.59940754919817e-19,0,3.13208961092999e-18,-0.000530657608152223,0.00170452838915015,1,-1.17154864673178e-19,9.63656998955035e-21,1,-0.00890341594678861,0.00659383141145556,0.00659383141145556,0.00818599167466987,0.011081958503288,-0.00383992549913756,-0.00383992549913756,0.00852556625629546,1,0,0,1,-0.00890283501986203,0.00659474722137382,0.00659474722137382,0.00818538583717829,0.0110822101480843,-0.00384045882212355,-0.00384045882212355,0.00852599542833112,-18.7473400496008,24.1505525695768,6.32875616673105,12.0363051908464,6.32875616673105,12.0363051908464,-21.1742872067751,2.40276878188195,1.30104260698261e-18,2.31349720170325e-19,3.32045180174243e-19,0,0,0,-0.00890341594678861,0.00818599167466987,0.00659383141145556,0.011081958503288,0.00852556625629547,-0.00383992549913756,2.59438481064783e-12,2.01841112897987e-08,2.57721294939582e-12,1.17154864673178e-19,6.93889390390723e-18,4.01243167249216e-14
NC_k0003,0.0219298245614035,0.0219298245614035,0.296216013021883,-119.033470385089,13.0455083620597,-110.751910730595,6.28775316737848,121.64910167371,-10.2263771292785,103.237962843256,-1.22041811541751,1,480,-2.97215580521364,4.22558646665772,0.41363211827655,-2.68962795433257,3.35024691696227e-19,-8.21893274077589e-19,0,-8.78214347625099e-19,-0.000534463643505817,0.00170662622745583,1,-1.31562494942715e-19,-5.32142169236038e-20,1,-0.00890341594678861,0.00659383141145556,0.00659383141145556,0.00818599167466987,0.011081958503288,-0.00383992549913756,-0.00383992549913756,0.00852556625629546,1,0,0,1,-0.00890283501986203,0.00659474722137382,0.00659474722137382,0.00818538583717829,0.0110822101480843,-0.00384045882212355,-0.00384045882212355,0.00852599542833112,-18.7268728356865,24.1435609333109,6.40475627982094,12.0482194197479,6.40475627982094,12.0482194197479,-21.2110080434282,2.28490851504993,1.30104260698261e-18,3.67561548871894e-19,-2.41351397129491e-19,0,0,0,-0.00890341594678861,0.00818599167466987,0.00659383141145556,0.011081958503288,0.00852556625629547,-0.00383992549913756,7.73291099794088e-13,1.14238976517509e-08,1.82442119940712e-12,1.31562494942715e-19,3.46944695195361e-18,1.72408839791468e-14
NC_k0003,0.0385964912280702,0.0385964912280702,0.29694066428873,-122.318770464811,15.1950988587311,-107.229530536749,2.91453120147251,128.414105108709,-13.0788774616573,96.2159604910111,2.85059792220131,1,480,-5.12991811859342,7.20089238192286,0.683421506898723,-4.70575865782182,-8.94235181729026e-19,-1.56422500811738e-18,0,2.75412762799736e-18,-0.000542923442508161,0.00171149948592683,1,3.38734237365673e-21,-1.66287898358741e-19,1,-0.0089034159467886,0.00659383141145556,0.00659383141145556,0.00818599167466987,0.011081958503288,-0.00383992549913756,-0.00383992549913756,0.00852556625629547,1,0,0,1,-0.00890283501986203,0.00659474722137382,0.00659474722137382,0.00818538583717829,0.0110822101480843,-0.00384045882212355,-0.00384045882212355,0.00852599542833112,-18.7080526409086,24.1629235423861,6.57037642081823,12.0816310186602,6.57037642081823,12.0816310186602,-21.3383597770755,2.04181556098713,1.30104260698261e-18,-1.8272483953519e-19,-5.82390419270971e-19,0,0,0,-0.00890341594678861,0.00818599167466987,0.00659383141145556,0.011081958503288,0.00852556625629547,-0.00383992549913756,5.75640971269954e-13,1.89757187389224e-08,1.74340652478936e-12,1.66287898358741e-19,3.46944695195361e-18,2.14985118555112e-14
NC_k0004,-0.0447368421052632,-0.0447368421052632,0.186969896152854,32.1651786863469,-16.9003080780071,34.7979405017448,-21.4484465583334,-32.4478914049818,12.0741079366769,-37.0021213327386,18.1836468095571,1,480,-9.48839343971518,0.617975583644531,-2.92723789250331,-2.68014358602038,3.07717805314627e-19,-2.5840295155544e-19,0,4.1899014131526e-19,-0.000871446929365228,-0.00181710778339414,1,-2.68842570058458e-20,-1.03206439022631e-19,1,-0.00312662682058422,-0.00671160527592422,-0.00671160527592422,-0.0103971201687872,-0.012762173308884,0.000548361139259963,0.000548361139259963,-0.00859678335400792,1,0,-4.33680868994202e-19,1,-0.00312711405554404,-0.00671253744332366,-0.00671253744332366,-0.0103971025083756,-0.0127623994925081,0.000548437300529304,0.000548437300529304,-0.00859729880082342,3.75870691484402,-23.7544274468227,-8.05670090206955,-6.24902305079336,-8.05670090206955,-6.24902305079336,4.11628033591775,-0.647309918108989,1.73472347597681e-18,7.27877818352493e-20,1.06870284296909e-18,0,0,0,-0.00312662682058422,-0.0103971201687872,-0.00671160527592423,-0.012762173308884,-0.00859678335400792,0.000548361139259962,8.2598665677476e-13,2.5925911974838e-08,1.47002104876357e-12,1.03206439022631e-19,1.73472347597681e-18,9.84219760068636e-14
NC_k0004,-0.0280701754385965,-0.0280701754385965,0.187452669898785,32.4892977830035,-18.1996871097027,33.7815910000709,-20.6262749625758,-33.1777400788152,13.5748386011691,-35.6529573272512,17.1191071296074,1,480,-6.06911045006683,0.42798556930219,-1.86157121065233,-1.67279879577776,2.16496327362279e-19,5.09817881296033e-19,0,8.50738716398538e-20,-0.000875000046488094,-0.00181393636027787,1,1.23121843330017e-19,2.27798686120647e-20,1,-0.00312662682058422,-0.00671160527592423,-0.00671160527592423,-0.0103971201687872,-0.012762173308884,0.000548361139259963,0.000548361139259963,-0.00859678335400791,1,0,-4.33680868994202e-19,1,-0.00312711405554404,-0.00671253744332366,-0.00671253744332366,-0.0103971025083756,-0.0127623994925081,0.000548437300529304,0.000548437300529304,-0.00859729880082342,3.51004756333291,-23.9023024065812,-7.89132837679785,-6.23883494738436,-7.89132837679785,-6.23883494738436,3.91557774586639,-0.952823877524487,1.30104260698261e-18,-6.49308092861204e-19,3.43783989639657e-19,0,0,0,-0.00312662682058422,-0.0103971201687872,-0.00671160527592423,-0.012762173308884,-0.00859678335400792,0.000548361139259962,2.03381693072443e-13,2.46336478709956e-08,4.50945977115194e-12,1.23121843330017e-19,5.20417042793042e-18,9.06170730240156e-14
NC_k0004,-0.0114035087719298,-0.0114035087719298,0.187849623217804,32.6241403363234,-19.0168616334582,33.096859408467,-19.9124009040458,-33.6899952779442,14.6877572757403,-34.6227917014158,16.0883101732928,1,480,-2.48158001067716,0.183911801795,-0.758230508931115,-0.674543781277182,-1.02305698160558e-19,4.95322368241653e-19,0,-1.10683383404496e-18,-0.000877060856676652,-0.00181247046339198,1,1.67444272674532e-19,-1.12946323334498e-19,1,-0.00312662682058422,-0.00671160527592422,-0.00671160527592422,-0.0103971201687872,-0.012762173308884,0.000548361139259963,0.000548361139259963,-0.00859678335400792,1,0,-4.33680868994202e-19,1,-0.00312711405554404,-0.00671253744332366,-0.00671253744332366,-0.0103971025083756,-0.0127623994925081,0.000548437300529304,0.000548437300529304,-0.00859729880082342,3.37826507571302,-24.0107632961916,-7.79837942302274,-6.23516474479059,-7.79837942302274,-6.23516474479059,3.81625570351088,-1.133658394305,1.30104260698261e-18,3.85842366257904e-19,3.43129257954602e-19,0,0,0,-0.00312662682058422,-0.0103971201687872,-0.00671160527592423,-0.012762173308884,-0.00859678335400792,0.000548361139259962,1.14137000146564e-12,1.27451620751287e-08,2.56031948302166e-12,1.67444272674532e-19,3.46944695195361e-18,7.09220283080089e-15
NC_k0004,0.00526315789473684,0.00526315789473684,0.187916534374694,32.9198329429724,-19.6711947299577,32.7076324355698,-19.2637659498375,-34.3234997331489,15.711913658036,-33.8975911396229,15.0692709493343,1,480,1.14625709009828,-0.0856304567169417,0.350006789015842,0.310865452846294,6.74132346896016e-19,2.42449946261743e-19,0,-1.22316851539441e-19,-0.000877383968353949,-0.00181225622594365,1,8.64606048211875e-20,-1.45414955879875e-20,1,-0.00312662682058422,-0.00671160527592423,-0.00671160527592423,-0.0103971201687872,-0.012762173308884,0.000548361139259963,0.000548361139259963,-0.00859678335400792,1,0,-4.33680868994202e-19,1,-0.00312711405554404,-0.00671253744332366,-0.00671253744332366,-0.0103971025083756,-0.0127623994925081,0.000548437300529304,0.000548437300529304,-0.00859729880082342,3.35796575282934,-24.0290981118528,-7.78355983041709,-6.23455313042287,-7.78355983041709,-6.23455313042287,3.80141171649315,-1.16274643248707,1.30104260698261e-18,-1.40349085542553e-20,6.91406238055869e-20,0,0,0,-0.00312662682058422,-0.0103971201687872,-0.00671160527592423,-0.012762173308884,-0.00859678335400792,0.000548361139259962,4.68085050394133e-12,2.21682371322931e-08,3.37784726017107e-12,8.64606048211875e-20,5.20417042793042e-18,6.82381461380729e-14
NC_k0004,0.0219298245614035,0.0219298245614035,0.187630047508274,33.4937162165989,-20.3510235248525,32.5372126266581,-18.5374684108275,-35.2349891255298,16.7370398939088,-33.3690376547203,14.0080166632438,1,480,4.75743067596374,-0.3432354120617,1.45668443708769,1.30287401103713,-3.20535796086748e-19,-6.73576481524381e-19,0,-1.72776192394156e-18,-0.000875953524970732,-0.00181322925861146,1,1.71263150003728e-19,-2.22415868706176e-20,1,-0.00312662682058422,-0.00671160527592422,-0.00671160527592422,-0.0103971201687872,-0.012762173308884,0.000548361139259963,0.000548361139259963,-0.00859678335400791,1,0,-4.33680868994202e-19,1,-0.00312711405554404,-0.00671253744332366,-0.00671253744332366,-0.0103971025083756,-0.0127623994925081,0.000548437300529304,0.000548437300529304,-0.00859729880082342,3.44826494294177,-23.9508696906349,-7.84842489880369,-6.23710320559199,-7.84842489880369,-6.23710320559199,3.86837656113981,-1.03588395805683,1.73472347597681e-18,-4.90950229723493e-19,5.02141852777368e-19,0,0,0,-0.00312662682058422,-0.0103971201687872,-0.00671160527592423,-0.012762173308884,-0.00859678335400792,0.000548361139259962,4.54177096356274e-13,1.57489906005242e-08,3.64702386275449e-12,1.71263150003728e-19,5.20417042793042e-18,4.80763193042501e-14
NC_k0004,0.0385964912280702,0.0385964912280702,0.187119181367866,34.3814151198589,-21.1338740646168,32.3414395675985,-17.459555711619,-36.4709005957292,17.7833844820057,-32.7715084185896,12.7038977947945,1,480,8.2637032227596,-0.555013415177023,2.54386763650222,2.3105277005292,8.00446135155314e-20,7.49925252063025e-19,0,1.72612079760626e-18,-0.000872895699541771,-0.00181569465441311,1,-7.74947588949515e-20,4.9422687955864e-20,1,-0.00312662682058422,-0.00671160527592422,-0.00671160527592422,-0.0103971201687872,-0.012762173308884,0.000548361139259963,0.000548361139259963,-0.00859678335400791,1,0,-4.33680868994202e-19,1,-0.00312711405554404,-0.00671253744332366,-0.00671253744332366,-0.0103971025083756,-0.0127623994925081,0.000548437300529304,0.000548437300529304,-0.00859729880082342,3.65321012962949,-23.8068889886401,-7.98738317601113,-6.24360121646068,-7.98738317601113,-6.24360121646068,4.0291462762263,-0.771504847409297,8.67361737988404e-19,4.57932938332059e-19,-4.03154172063836e-19,0,0,0,-0.00312662682058422,-0.0103971201687872,-0.00671160527592423,-0.012762173308884,-0.00859678335400792,0.000548361139259962,3.43302853254849e-13,2.02504083665696e-08,1.13648918010197e-12,7.74947588949515e-20,5.20417042793042e-18,4.80592445612745e-14
NC_k0005,-0.0447368421052632,-0.0447368421052632,0.757725747426399,50.4450345675443,88.6435099413608,74.3885808568226,126.615226228673,-47.9977477000558,-104.7712992942,-75.720157620814,-107.899047104805,1,480,25.0908439060608,-7.11936079263336,5.93058942743116,1.85934601986934,-3.2414892100238e-19,-8.65720611653098e-19,0,3.67744648006375e-19,0.000415842042117732,0.000114590059481703,1,-1.05741371111098e-19,-4.87781964413808e-20,1,0.00652234756030476,0.0163762563016297,0.0163762563016297,0.000290094583144854,0.00265900651085749,-0.0060236689931776,-0.0060236689931776,-0.00677038796632783,1,-5.42101086242752e-20,-1.35525271560688e-20,1,0.00652224943419694,0.0163785307816716,0.0163785307816716,0.000290429252382663,0.00265860772317676,-0.0060245056138711,-0.0060245056138711,-0.00677013193494764,10.3501634142796,52.8660624447447,16.741760615878,-8.41118165441902,16.741760615878,-8.41118165441902,-17.7427256044482,-16.0123302963901,1.73472347597681e-18,-1.52845139792483e-19,-1.31804455913837e-19,0,0,0,0.00652234756030476,0.000290094583144854,0.0163762563016298,0.00265900651085749,-0.00677038796632783,-0.00602366899317761,1.8067398095982e-13,3.74268358968455e-08,2.26687125644057e-12,1.05741371111098e-19,3.46944695195361e-18,7.1795010782469e-15
NC_k0005,-0.0280701754385965,-0.0280701754385965,0.757873687059405,56.680574499836,95.7547501124436,72.3426080262689,120.303694509912,-55.0305044540827,-106.291263725853,-72.7951559076453,-107.196887378398,1,480,15.9846955963416,-4.39316971815355,3.82520353980207,1.14968057256948,-1.03189788799255e-18,1.04989733812171e-18,0,1.11278953445534e-19,0.000417189326413099,0.000115375847855715,1,-3.49317713737515e-19,-5.77748326422286e-20,1,0.00652234756030476,0.0163762563016298,0.0163762563016298,0.000290094583144854,0.00265900651085749,-0.00602366899317761,-0.00602366899317761,-0.00677038796632782,1,-5.42101086242752e-20,-1.35525271560688e-20,1,0.00652224943419694,0.0163785307816716,0.0163785307816716,0.000290429252382663,0.00265860772317676,-0.0060245056138711,-0.0060245056138711,-0.00677013193494764,10.730255411447,53.1475026293855,16.3902833012717,-8.16798518239683,16.3902833012717,-8.16798518239683,-17.8269073515652,-16.1283623839504,1.0842021724855e-18,-6.9599543345058e-19,-2.93982327731757e-19,0,0,0,0.00652234756030476,0.000290094583144854,0.0163762563016298,0.00265900651085749,-0.00677038796632783,-0.00602366899317761,2.0360148585695e-13,2.2461916895246e-08,2.32835798838701e-13,3.49317713737515e-19,2.60208521396521e-18,1.94834132384348e-14
NC_k0005,-0.0114035087719298,-0.0114035087719298,0.758316595942367,62.6016690673429,103.156158974299,69.0760713319118,113.27978601789,-61.5878843293803,-106.871941384507,-68.8520681297238,-107.003524772159,1,480,6.52672989603707,-1.76471773607151,1.57146401278863,0.461479143304894,8.95949099958236e-19,-2.93083987661829e-18,0,-8.26492398283384e-19,0.000417780550069458,0.00011624861515673,1,-4.40174414800668e-19,4.15566464453689e-20,1,0.00652234756030477,0.0163762563016298,0.0163762563016298,0.000290094583144855,0.00265900651085749,-0.00602366899317761,-0.00602366899317761,-0.00677038796632783,1,-5.42101086242752e-20,-1.35525271560688e-20,1,0.00652224943419694,0.0163785307816716,0.0163785307816716,0.000290429252382663,0.00265860772317676,-0.0060245056138711,-0.0060245056138711,-0.00677013193494764,10.9333080889309,53.3529106928739,16.1927545555429,-8.03392774225561,16.1927545555429,-8.03392774225561,-17.8878924012444,-16.1813783402068,8.67361737988404e-19,-6.78338932904377e-19,-1.28819806778655e-19,0,0,0,0.00652234756030476,0.000290094583144854,0.0163762563016298,0.00265900651085749,-0.00677038796632783,-0.00602366899317761,4.33697221835856e-13,9.89861046722113e-09,9.33367248926029e-13,4.40174414800668e-19,4.33680868994202e-18,1.5372658096817e-14
NC_k0005,0.00526315789473684,0.00526315789473684,0.758395717384925,67.553500054523,110.584602422998,64.5564195566545,105.90179896956,-67.1112569888842,-106.986176081382,-63.7563526113593,-106.9424821883,1,480,-3.014213875829,0.813003018573441,-0.726399582894323,-0.212484037841422,1.6081979294807e-18,-9.8070533424287e-19,0,3.63099201686277e-19,0.00041785928082918,0.000116413966044003,1,-3.63839123904635e-19,-5.01643258922027e-21,1,0.00652234756030476,0.0163762563016298,0.0163762563016298,0.000290094583144854,0.00265900651085749,-0.00602366899317761,-0.00602366899317761,-0.00677038796632783,1,-5.42101086242752e-20,-1.35525271560688e-20,1,0.00652224943419694,0.0163785307816716,0.0163785307816716,0.000290429252382663,0.00265860772317676,-0.0060245056138711,-0.0060245056138711,-0.00677013193494764,10.9644324561853,53.3873520034365,16.1613422953045,-8.01289374386373,16.1613422953045,-8.01289374386373,-17.8980372390516,-16.1885611093719,8.67361737988404e-19,1.66725912743815e-20,-2.8782093651335e-19,0,0,0,0.00652234756030476,0.000290094583144854,0.0163762563016298,0.00265900651085749,-0.00677038796632783,-0.00602366899317761,1.44955961766668e-12,2.03883880015308e-08,1.36806567161316e-12,3.63839123904635e-19,4.33680868994202e-18,6.324090915121e-14
NC_k0005,0.0219298245614035,0.0219298245614035,0.758066129606441,71.2871314307742,117.780292233638,58.9454131767866,98.4665214743328,-71.4720195272073,-107.08744627823,-57.5459099617228,-106.592160771038,1,480,-12.5209199246727,3.41467557796798,-3.00506063441258,-0.893383469505163,3.29125239567499e-19,2.3773567851468e-18,0,-3.89780739524787e-19,0.000417477382542054,0.000115744909858597,1,-4.75143593522134e-19,-3.66700892796004e-20,1,0.00652234756030477,0.0163762563016298,0.0163762563016298,0.000290094583144856,0.00265900651085749,-0.00602366899317761,-0.00602366899317761,-0.00677038796632782,1,-5.42101086242752e-20,-1.35525271560688e-20,1,0.00652224943419694,0.0163785307816716,0.0163785307816716,0.000290429252382663,0.00265860772317676,-0.0060245056138711,-0.0060245056138711,-0.00677013193494764,10.8256634573177,53.2399156399686,16.2990322847365,-8.10572329426548,16.2990322847365,-8.10572329426548,-17.8544695412455,-16.154532992331,8.67361737988404e-19,-7.6138181100096e-19,-2.93982327731757e-19,0,0,0,0.00652234756030476,0.000290094583144854,0.0163762563016298,0.00265900651085749,-0.00677038796632783,-0.00602366899317761,2.55022191686756e-13,1.52121755616661e-08,2.16891495170034e-12,4.75143593522134e-19,4.33680868994202e-18,2.25540146320793e-14
NC_k0005,0.0385964912280702,0.0385964912280702,0.757626542172979,73.7641260302347,124.393076432851,52.7114781892532,91.2022963052737,-74.7450034387548,-107.554958204687,-50.5789908576635,-105.461425102285,1,480,-21.8097686390289,6.10513748965284,-5.18252827929409,-1.59650599970338,4.58615401379e-19,-1.74525844825828e-18,0,-4.02724461750017e-19,0.000416456867972711,0.000114775381978984,1,-3.77950171998436e-20,-1.96871993026091e-19,1,0.00652234756030476,0.0163762563016297,0.0163762563016297,0.000290094583144856,0.00265900651085749,-0.00602366899317761,-0.00602366899317761,-0.00677038796632783,1,-5.42101086242752e-20,-1.35525271560688e-20,1,0.00652224943419694,0.0163785307816716,0.0163785307816716,0.000290429252382663,0.00265860772317676,-0.0060245056138711,-0.0060245056138711,-0.00677013193494764,10.5099063290318,52.9652871317782,16.5947789961312,-8.30926250853866,16.5947789961312,-8.30926250853866,-17.7723203583268,-16.0623548270305,1.73472347597681e-18,-2.82443626019532e-19,9.30015663827531e-20,0,0,0,0.00652234756030476,0.000290094583144854,0.0163762563016298,0.00265900651085749,-0.00677038796632783,-0.00602366899317761,1.15126411199016e-13,2.0976500227923e-08,4.80640644109379e-13,1.96871993026091e-19,3.46944695195361e-18,1.39212635075962e-14
NC_k0006,-0.0447368421052632,-0.0447368421052632,0.290500914501844,-102.938980783304,-93.8035975529278,-78.6915904419623,-116.637379313171,86.3537875277555,101.628435820426,94.4345514607261,111.809151354009,1,480,12.5289884534577,4.2967766804932,5.55250249420383,-0.824727955576044,8.91409532756545e-19,4.41899735560529e-19,0,-4.67615126443577e-19,0.000153106543490023,-0.000152033932268583,1,6.54304044744012e-20,-8.7220111070973e-20,1,-0.00398200939445784,0.00754742661982021,0.00754742661982021,0.00927323019774596,-0.0149178558947045,0.000283080721679625,0.000283080721679625,0.00430866511930741,1,2.16840434497101e-19,0,1,-0.00398145728161083,0.0075484748735174,0.0075484748735174,0.00927286180784351,-0.0149173724945091,0.000283120038446524,0.000283120038446524,0.00430781334443235,-13.407770515239,33.956542050116,-12.5748926542895,11.5221280746991,-12.5748926542895,11.5221280746991,-4.39017276000899,16.1949967245218,1.30104260698261e-18,-4.62369834158442e-19,2.48399936747006e-19,0,0,0,-0.00398200939445784,0.00927323019774596,0.00754742661982021,-0.0149178558947045,0.00430866511930741,0.000283080721679624,4.59313219676077e-13,3.48672165798102e-08,6.55328219060764e-13,8.7220111070973e-20,3.46944695195361e-18,3.43957857714867e-14
NC_k0006,-0.0280701754385965,-0.0280701754385965,0.289271037039056,-97.4002699867795,-98.2085289719301,-81.1069561691131,-112.833300649838,85.9808644871867,103.76747867067,91.6882538290064,110.310912056709,1,480,8.09586504499157,2.78429384762854,3.59045243456466,-0.547206404540089,-8.94853912827216e-19,1.39376624492735e-18,0,-2.34250932030117e-19,0.000157392124807417,-0.000156366314758686,1,-6.3634223988789e-20,4.1627594534468e-20,1,-0.00398200939445784,0.0075474266198202,0.0075474266198202,0.00927323019774596,-0.0149178558947045,0.000283080721679625,0.000283080721679625,0.0043086651193074,1,2.16840434497101e-19,0,1,-0.00398145728161083,0.0075484748735174,0.0075484748735174,0.00927286180784351,-0.0149173724945091,0.000283120038446524,0.000283120038446524,0.00430781334443235,-13.3195732771948,34.0140310472747,-12.4081846885296,11.3700556406184,-12.4081846885296,11.3700556406184,-4.32899647509864,16.2233586525478,8.67361737988404e-19,2.54320215474394e-19,9.20239416151536e-19,0,0,0,-0.00398200939445784,0.00927323019774596,0.00754742661982021,-0.0149178558947045,0.00430866511930741,0.000283080721679624,2.89244248826509e-13,2.81889150975744e-08,1.21911684350527e-12,6.3634223988789e-20,5.20417042793042e-18,1.40087098983736e-14
NC_k0006,-0.0114035087719298,-0.0114035087719298,0.288851995852783,-91.7923490667817,-102.809281998475,-84.9451428111734,-108.801966844256,86.7128562981499,105.994081612739,89.1844573327572,108.676942159673,1,480,3.32976981899005,1.14932197868233,1.47810029323191,-0.228925158909069,6.15157677943436e-20,-2.58179612790051e-19,0,3.35438282002504e-20,0.000159817980943365,-0.000158638904726846,1,-1.17786788049953e-19,-1.19869365076662e-19,1,-0.00398200939445784,0.0075474266198202,0.0075474266198202,0.00927323019774596,-0.0149178558947045,0.000283080721679625,0.000283080721679625,0.00430866511930741,1,2.16840434497101e-19,0,1,-0.00398145728161083,0.0075484748735174,0.0075484748735174,0.00927286180784351,-0.0149173724945091,0.000283120038446524,0.000283120038446524,0.00430781334443235,-13.2808782223176,34.0911617923813,-12.3234353547446,11.2867410546966,-12.3234353547446,11.2867410546966,-4.30563445368195,16.257723145974,8.67361737988404e-19,-2.62210210259513e-19,6.09614653564259e-19,0,0,0,-0.00398200939445784,0.00927323019774596,0.00754742661982021,-0.0149178558947045,0.00430866511930741,0.000283080721679624,1.03112839669077e-12,2.27486725613024e-08,1.1656022830633e-12,1.19869365076662e-19,5.20417042793042e-18,2.32536018286871e-14
NC_k0006,0.00526315789473684,0.00526315789473684,0.288798721674993,-86.6397715631321,-107.24081058939,-89.8163134690509,-104.4719600235,88.3833530986783,108.007878280983,87.2315924550129,106.767444192701,1,480,-1.53936155619181,-0.531783511780258,-0.683477872430782,0.106140601237708,-4.10744804969331e-19,5.91526782204021e-19,0,-9.62560300325906e-19,0.000160195721500852,-0.000158986523550557,1,-5.54999549016615e-20,2.77850180179403e-20,1,-0.00398200939445784,0.00754742661982021,0.00754742661982021,0.00927323019774596,-0.0149178558947044,0.000283080721679624,0.000283080721679624,0.00430866511930741,1,2.16840434497101e-19,0,1,-0.00398145728161083,0.0075484748735174,0.0075484748735174,0.00927286180784351,-0.0149173724945091,0.000283120038446524,0.000283120038446524,0.00430781334443235,-13.275229096104,34.105625348254,-12.3104736311425,11.273553615945,-12.3104736311425,11.273553615945,-4.30262283948582,16.2641029613022,1.0842021724855e-18,1.0552390715031e-19,-2.49716986355384e-19,0,0,0,-0.00398200939445784,0.00927323019774596,0.00754742661982021,-0.0149178558947045,0.00430866511930741,0.000283080721679624,2.20586067461394e-12,2.31596196689074e-08,1.80624553749414e-12,5.54999549016615e-20,6.93889390390723e-18,1.17250526784445e-14
NC_k0006,0.0219298245614035,0.0219298245614035,0.289057729247104,-82.3772785896642,-111.381234779567,-95.3132307827795,-99.9077371732452,90.7223437359479,109.736509676985,86.1285017235595,104.600491966448,1,480,-6.36343040361816,-2.19181539271196,-2.82323111278894,0.433337575418883,3.00789340503883e-19,6.93547930233861e-19,0,-4.56305913108752e-19,0.000158517899654048,-0.000157440140447206,1,-8.17747440049657e-20,7.18186771358319e-20,1,-0.00398200939445784,0.00754742661982021,0.00754742661982021,0.00927323019774595,-0.0149178558947045,0.000283080721679624,0.000283080721679624,0.00430866511930741,1,2.16840434497101e-19,0,1,-0.00398145728161083,0.0075484748735174,0.0075484748735174,0.00927286180784351,-0.0149173724945091,0.000283120038446524,0.000283120038446524,0.00430781334443235,-13.3009207031341,34.0464812976706,-12.3682770357833,11.3314228896895,-12.3682770357833,11.3314228896895,-4.31719248726654,16.237915353694,8.67361737988404e-19,2.14730749689966e-19,6.03523689876113e-19,0,0,0,-0.00398200939445784,0.00927323019774596,0.00754742661982021,-0.0149178558947045,0.00430866511930741,0.000283080721679624,1.99662626727027e-13,4.0382901228346e-08,9.47941542528562e-13,8.17747440049657e-20,5.20417042793042e-18,1.92041746732894e-16
NC_k0006,0.0385964912280702,0.0385964912280702,0.289898342177921,-79.3901975265506,-115.25186718721,-100.941342653226,-95.3646089585188,93.4103394112742,111.255411124211,86.0819542476259,102.372983134052,1,480,-10.9563225423292,-3.75915673464624,-4.85610816140192,0.728618634059981,-9.0958103645311e-19,8.99873244784188e-19,0,-5.42021676903947e-19,0.000154870200017902,-0.000153864238962764,1,1.01442448519389e-19,-2.76783679369999e-22,1,-0.00398200939445783,0.00754742661982021,0.00754742661982021,0.00927323019774596,-0.0149178558947045,0.000283080721679625,0.000283080721679625,0.00430866511930741,1,2.16840434497101e-19,0,1,-0.00398145728161083,0.0075484748735174,0.0075484748735174,0.00927286180784351,-0.0149173724945091,0.000283120038446524,0.000283120038446524,0.00430781334443235,-13.3673049813239,33.9657450988294,-12.5027244816965,11.4577898213073,-12.5027244816965,11.4577898213073,-4.36170488861559,16.2008496965564,1.0842021724855e-18,-5.34358872668695e-19,1.99205992882581e-19,0,0,0,-0.00398200939445784,0.00927323019774596,0.00754742661982021,-0.0149178558947045,0.00430866511930741,0.000283080721679624,2.49387499806491e-13,3.45428226930124e-08,7.56893486129584e-13,1.01442448519389e-19,3.46944695195361e-18,4.2126675092821e-15
NC_k0007,-0.0447368421052632,-0.0447368421052632,0.219743747981637,-52.5539049287299,75.1934940483801,-87.9727759662653,127.546900749251,52.8578492996132,-82.3427777986602,89.8901760002955,-126.490113156433,1,480,-12.8295332832471,-9.66584418214459,-7.42347456357924,7.69878285855301,-1.34638533944031e-19,-4.01705375235352e-19,0,-5.96655302001849e-19,0.00101772784599258,-0.000906312100821533,1,1.00814735438714e-19,-4.03147957219721e-20,1,0.00182057138377452,-0.00383757236604354,-0.00383757236604354,0.0157517137559357,0.00454043346890259,-0.00171840194232206,-0.00171840194232206,-0.0105011252064776,1,0,2.71050543121376e-20,1,0.00182136017839056,-0.00383810536220549,-0.00383810536220549,0.0157515351101092,0.00453980770832815,-0.00171864060925849,-0.00171864060925849,-0.0105007064143663,-9.45727856297797,-20.8436354122011,10.2470506088851,11.6308494849542,10.2470506088851,11.6308494849542,-10.1681150988692,-17.9810911489163,1.73472347597681e-18,-8.18100833277933e-19,2.00161396815132e-19,0,0,0,0.00182057138377452,0.0157517137559357,-0.00383757236604354,0.00454043346890259,-0.0105011252064776,-0.00171840194232206,5.88586720777363e-13,9.11140550798844e-09,1.33277460460195e-12,1.00814735438714e-19,2.38524477946811e-18,1.75569273119653e-14
NC_k0007,-0.0280701754385965,-0.0280701754385965,0.21914311514467,-60.3649996966886,86.5573804673913,-82.8358714194289,119.540626092108,61.103211411972,-92.1228620549938,84.2735066309096,-120.08079056824,1,480,-8.36895554855147,-6.21441145229446,-4.81251111027916,4.91147954850146,-3.09908179576667e-19,-9.04313550312372e-19,0,-5.13725482509733e-19,0.00101639113029285,-0.000898509223069787,1,1.1576910430853e-19,-2.51878266472642e-20,1,0.00182057138377451,-0.00383757236604354,-0.00383757236604354,0.0157517137559357,0.0045404334689026,-0.00171840194232206,-0.00171840194232206,-0.0105011252064776,1,0,2.71050543121376e-20,1,0.00182136017839056,-0.00383810536220549,-0.00383810536220549,0.0157515351101092,0.00453980770832815,-0.00171864060925849,-0.00171864060925849,-0.0105007064143663,-9.30350011884686,-20.7777238663636,10.1771846642682,11.4065289795681,10.1771846642682,11.4065289795681,-10.3375537670067,-18.1408460869041,1.73472347597681e-18,2.8771977109932e-19,-2.10254174764523e-19,0,0,0,0.00182057138377452,0.0157517137559357,-0.00383757236604354,0.00454043346890259,-0.0105011252064776,-0.00171840194232206,4.57516728953109e-13,2.28175301909815e-08,1.40340833079862e-12,1.1576910430853e-19,6.93889390390723e-18,3.41968553804328e-15
NC_k0007,-0.0114035087719298,-0.0114035087719298,0.219059162431792,-67.7871610654143,97.320997993537,-76.957667149331,110.725343474503,68.7630327701615,-101.383976263611,78.139759239252,-112.777616686753,1,480,-3.46506674285842,-2.55504993260275,-1.98663850290216,2.00926703396192,1.91061516143008e-18,-2.95932135946971e-20,0,-6.10816634088757e-19,0.00101565354431822,-0.00089428864424435,1,1.03049588726937e-19,-3.49201473032771e-20,1,0.00182057138377452,-0.00383757236604354,-0.00383757236604354,0.0157517137559357,0.0045404334689026,-0.00171840194232206,-0.00171840194232206,-0.0105011252064776,1,0,2.71050543121376e-20,1,0.00182136017839056,-0.00383810536220549,-0.00383810536220549,0.0157515351101092,0.00453980770832815,-0.00171864060925849,-0.00171864060925849,-0.0105007064143663,-9.22475968566962,-20.7797462473272,10.1485094848942,11.2899093332409,10.1485094848942,11.2899093332409,-10.4432621108526,-18.2509337358336,1.73472347597681e-18,-6.6518191437311e-20,6.51481282214611e-22,0,0,0,0.00182057138377452,0.0157517137559357,-0.00383757236604354,0.00454043346890259,-0.0105011252064776,-0.00171840194232206,1.67020464892744e-12,1.39335121605557e-08,1.41538617835273e-12,1.03049588726937e-19,3.46944695195361e-18,9.88287763901749e-15
NC_k0007,0.00526315789473684,0.00526315789473684,0.219059045112499,-74.6120985293295,107.27017636302,-70.3765127307756,101.083896173782,75.7342543408784,-109.865364520031,71.4097518979697,-104.604140517367,1,480,1.60373617174139,1.18138352951293,0.919089501413928,-0.928271213417591,-3.74282683567994e-19,9.1783960768884e-20,0,1.34429422685178e-18,0.00101553936645713,-0.000893637655082949,1,1.19425195979657e-19,-8.18707654653729e-20,1,0.00182057138377451,-0.00383757236604354,-0.00383757236604354,0.0157517137559357,0.0045404334689026,-0.00171840194232206,-0.00171840194232206,-0.0105011252064776,1,0,2.71050543121376e-20,1,0.00182136017839056,-0.00383810536220549,-0.00383810536220549,0.0157515351101092,0.00453980770832815,-0.00171864060925849,-0.00171864060925849,-0.0105007064143663,-9.2127323138876,-20.782333382147,10.1444900268325,11.2719653590494,10.1444900268325,11.2719653590494,-10.4604536181531,-18.2693165311668,1.73472347597681e-18,5.26332939584754e-19,-6.46127081799015e-19,0,0,0,0.00182057138377452,0.0157517137559357,-0.00383757236604354,0.00454043346890259,-0.0105011252064776,-0.00171840194232206,2.09634067149546e-12,2.02890372638111e-08,2.34124285885377e-12,1.19425195979657e-19,1.01915004213637e-17,5.79035576907052e-14
NC_k0007,0.0219298245614035,0.0219298245614035,0.21908581160239,-80.7549942617283,116.387851608891,-63.1590261954445,90.6124805297827,82.0779853989647,-117.494691049499,64.0053599551336,-95.618130839415,1,480,6.59779357815454,4.88283133243779,3.78860622049547,-3.8502272174957,-5.94545991439839e-19,1.59771589675842e-19,0,3.63694771727315e-20,0.00101605197105844,-0.000896534225050688,1,1.58424783068847e-19,-9.00167569339008e-20,1,0.00182057138377451,-0.00383757236604354,-0.00383757236604354,0.0157517137559357,0.0045404334689026,-0.00171840194232206,-0.00171840194232206,-0.0105011252064776,1,0,2.71050543121376e-20,1,0.00182136017839056,-0.00383810536220549,-0.00383810536220549,0.0157515351101092,0.00453980770832815,-0.00171864060925849,-0.00171864060925849,-0.0105007064143663,-9.26642923809471,-20.7755302689916,10.1631412414797,11.3518187884403,10.1631412414797,11.3518187884403,-10.3858390795921,-18.1904579491975,1.73472347597681e-18,4.46907605353842e-19,-6.71535210159183e-19,0,0,0,0.00182057138377452,0.0157517137559357,-0.00383757236604354,0.00454043346890259,-0.0105011252064776,-0.00171840194232206,3.1769727950152e-13,1.28819520075372e-08,1.35984916977771e-12,1.58424783068847e-19,1.04083408558608e-17,8.86817032506012e-15
NC_k0007,0.0385964912280702,0.0385964912280702,0.219411737476501,-86.1660389352404,124.690659470931,-55.4514655150375,79.4152693336276,87.8770525892207,-124.231568850915,55.9405103389055,-85.9707070523182,1,480,11.2579113767133,8.42794349203982,6.49633210668844,-6.69321726506272,-6.90808308045085e-19,1.24156501221759e-19,0,-1.71921218513021e-19,0.00101715436707836,-0.000903041901393622,1,5.5249198584538e-20,-6.89022437622185e-20,1,0.00182057138377452,-0.00383757236604354,-0.00383757236604354,0.0157517137559357,0.00454043346890259,-0.00171840194232206,-0.00171840194232206,-0.0105011252064776,1,0,2.71050543121376e-20,1,0.00182136017839056,-0.00383810536220549,-0.00383810536220549,0.0157515351101092,0.00453980770832815,-0.00171864060925849,-0.00171864060925849,-0.0105007064143663,-9.3908992985109,-20.8044197375325,10.2144560260985,11.5345215448599,10.2144560260985,11.5345215448599,-10.235004699395,-18.0406449852594,1.30104260698261e-18,-4.56925251527349e-19,2.26349408227748e-19,0,0,0,0.00182057138377452,0.0157517137559357,-0.00383757236604354,0.00454043346890259,-0.0105011252064776,-0.00171840194232206,2.41256971791505e-13,1.9134711385515e-08,1.51616066520352e-12,6.89022437622185e-20,1.95156391047391e-18,6.56534782969585e-14
NC_k0008,-0.0447368421052632,-0.0447368421052632,0.368118198526057,33.7354194389139,128.536984090753,17.0150410708101,168.761573072807,-32.7355186261783,-150.465433002993,-16.0879965366694,-150.985437360693,1,480,-5.09552025182528,9.0967787213289,1.3204152949362,5.22691577271734,-2.32801711596924e-20,-8.76639395738798e-19,0,-1.341488430214e-19,-0.000148446788613121,-0.00026979248234163,1,-3.02706156358251e-20,5.51071102422853e-20,1,-0.00032464051765847,-0.00270771985033661,-0.00270771985033661,-0.00777483302139315,0.0130076576265531,0.00866451467893541,0.00866451467893541,-0.00937239892902188,1,2.16840434497101e-19,2.16840434497101e-19,1,-0.000325039820758236,-0.00270809592253805,-0.00270809592253805,-0.00777471495001349,0.0130069436533862,0.00866571808375193,0.00866571808375193,-0.00937155873159465,3.4675337450786,-19.0387924029673,17.4716635745641,-1.90004988733983,17.4716635745641,-1.90004988733983,33.0668369174133,-23.5836805676304,1.73472347597681e-18,1.45706805111043e-19,4.36020134382954e-19,0,0,0,-0.000324640517658471,-0.00777483302139315,-0.00270771985033662,0.0130076576265531,-0.00937239892902188,0.00866451467893541,3.27668383262397e-13,2.13252104648238e-08,1.17306735270031e-12,5.51071102422853e-20,6.93889390390723e-18,3.73976770517567e-14
NC_k0008,-0.0280701754385965,-0.0280701754385965,0.366820828710043,29.796526892686,134.786723988543,19.5547096758096,160.797812489943,-28.9228215024952,-150.255638790834,-18.4995295073146,-149.490017667187,1,480,-3.27334738300994,5.84528846169733,0.84874055596684,3.30884966058889,-5.06896279372495e-20,-4.15946116661065e-19,0,-1.66547853253877e-18,-0.000150994249314864,-0.000261482215779993,1,1.50736118707416e-20,7.14197664500133e-21,1,-0.000324640517658468,-0.00270771985033662,-0.00270771985033662,-0.00777483302139314,0.0130076576265531,0.00866451467893541,0.00866451467893541,-0.00937239892902188,1,2.16840434497101e-19,2.16840434497101e-19,1,-0.000325039820758236,-0.00270809592253805,-0.00270809592253805,-0.00777471495001349,0.0130069436533862,0.00866571808375193,0.00866571808375193,-0.00937155873159465,3.47035702642428,-19.0264676710583,17.2757202007116,-1.91603422296467,17.2757202007116,-1.91603422296467,33.0775673031857,-23.5174234152703,1.0842021724855e-18,-2.99806246900471e-19,-1.55714294282133e-18,0,0,0,-0.000324640517658471,-0.00777483302139315,-0.00270771985033662,0.0130076576265531,-0.00937239892902188,0.00866451467893541,3.39451269618594e-13,2.3422866166833e-08,1.08798180454906e-12,1.50736118707416e-20,1.04083408558608e-17,2.02782767029524e-14
NC_k0008,-0.0114035087719298,-0.0114035087719298,0.366465873683253,26.4346096607791,141.929330788216,22.3357528570676,152.667071557725,-25.5304300056587,-149.660674780478,-21.3048524752163,-149.105460148699,1,480,-1.34449063951864,2.39298463762655,0.346003019375608,1.347690252994,-8.61961902949657e-19,-2.24980553469113e-18,0,-7.18879509312685e-19,-0.00015225368728291,-0.000256924914891791,1,3.76580364665267e-20,5.2854171350925e-21,1,-0.00032464051765847,-0.00270771985033662,-0.00270771985033662,-0.00777483302139315,0.0130076576265531,0.00866451467893541,0.00866451467893541,-0.00937239892902188,1,2.16840434497101e-19,2.16840434497101e-19,1,-0.000325039820758236,-0.00270809592253805,-0.00270809592253805,-0.00777471495001349,0.0130069436533862,0.00866571808375193,0.00866571808375193,-0.00937155873159465,3.48283471707026,-19.0530417738682,17.1746743237852,-1.92676630452854,17.1746743237852,-1.92676630452854,33.1223497047855,-23.5050980728927,1.30104260698261e-18,1.38783418428748e-19,-9.83168258685809e-19,0,0,0,-0.000324640517658471,-0.00777483302139315,-0.00270771985033662,0.0130076576265531,-0.00937239892902188,0.00866451467893541,2.58698007833846e-12,1.23077514702305e-08,4.44056038520938e-13,3.76580364665267e-20,1.04083408558608e-17,2.75688140413894e-14
NC_k0008,0.00526315789473684,0.00526315789473684,0.366427493663473,23.4020474449237,149.701483899266,25.2890009246606,144.73388237356,-22.4028721853044,-149.166400400972,-24.3524563893353,-149.439491708119,1,480,0.621441848337401,-1.10528787363228,-0.159669188347307,-0.622126771839436,-8.36047988719596e-20,-1.37411243357309e-18,0,-6.14853275478016e-19,-0.000152437038010183,-0.000256216460185885,1,4.7841439451668e-20,-1.08536404090285e-19,1,-0.000324640517658467,-0.00270771985033662,-0.00270771985033662,-0.00777483302139314,0.0130076576265531,0.00866451467893541,0.00866451467893541,-0.00937239892902188,1,2.16840434497101e-19,2.16840434497101e-19,1,-0.000325039820758236,-0.00270809592253805,-0.00270809592253805,-0.00777471495001349,0.0130069436533862,0.00866571808375193,0.00866571808375193,-0.00937155873159465,3.4854841651531,-19.0591568057158,17.1590401996019,-1.92856119508138,17.1590401996019,-1.92856119508138,33.1312468494229,-23.504359741826,8.67361737988404e-19,-4.17471256424905e-19,-9.26527292051509e-19,0,0,0,-0.000324640517658471,-0.00777483302139315,-0.00270771985033662,0.0130076576265531,-0.00937239892902188,0.00866451467893541,1.84680941659812e-12,1.78618485247934e-08,4.07148977822673e-13,1.08536404090285e-19,8.67361737988404e-18,1.66642152705013e-14
NC_k0008,0.0219298245614035,0.0219298245614035,0.36663048039616,20.5588028872157,157.802856499595,28.5059416453796,137.329612711461,-19.4981687566726,-149.240848083661,-27.6336043667505,-150.058358356256,1,480,2.57084593077258,-4.58498903382756,-0.664667224008143,-2.58854570802351,3.65584052246386e-19,2.68454850359185e-19,0,2.58424458251367e-19,-0.000151594307570168,-0.000259351958601949,1,4.02223259866171e-20,-7.04938249092869e-20,1,-0.00032464051765847,-0.00270771985033661,-0.00270771985033661,-0.00777483302139314,0.0130076576265531,0.00866451467893541,0.00866451467893541,-0.00937239892902187,1,2.16840434497101e-19,2.16840434497101e-19,1,-0.000325039820758236,-0.00270809592253805,-0.00270809592253805,-0.00777471495001349,0.0130069436533862,0.00866571808375193,0.00866571808375193,-0.00937155873159465,3.4751624985975,-19.0360798616575,17.228376917695,-1.92084422083912,17.228376917695,-1.92084422083912,33.0956599536552,-23.5099533073782,1.30104260698261e-18,-5.23881175024692e-20,-1.54335038880286e-18,0,0,0,-0.000324640517658471,-0.00777483302139315,-0.00270771985033662,0.0130076576265531,-0.00937239892902188,0.00866451467893541,8.95832262978038e-13,2.42395917244267e-08,6.83599807414185e-13,7.04938249092869e-20,1.21430643318376e-17,9.99299342843562e-15
NC_k0008,0.0385964912280702,0.0385964912280702,0.367452007044414,17.91068513141,165.867649351025,32.2020180852616,130.713713815185,-16.9152922470168,-150.280345495609,-31.2718449254715,-150.45557263667,1,480,4.44262512235701,-7.94077904733232,-1.15439079524186,-4.52986918858135,3.23394532283732e-19,-3.82816540511581e-18,0,2.59761182121252e-19,-0.000149554639295409,-0.00026633288951707,1,-2.77063261157344e-20,2.80735006064083e-19,1,-0.000324640517658473,-0.00270771985033661,-0.00270771985033661,-0.00777483302139315,0.0130076576265531,0.00866451467893541,0.00866451467893541,-0.00937239892902188,1,2.16840434497101e-19,2.16840434497101e-19,1,-0.000325039820758236,-0.00270809592253805,-0.00270809592253805,-0.00777471495001349,0.0130069436533862,0.00866571808375193,0.00866571808375193,-0.00937155873159465,3.46572304583497,-19.0235562112425,17.3868182609866,-1.90630030381961,17.3868182609866,-1.90630030381961,33.0580466307289,-23.5478221928189,8.67361737988404e-19,4.93492598077259e-19,-1.73586291523994e-19,0,0,0,-0.000324640517658471,-0.00777483302139315,-0.00270771985033662,0.0130076576265531,-0.00937239892902188,0.00866451467893541,7.80715006997906e-14,1.59325315744769e-08,4.73831794161781e-13,2.80735006064083e-19,3.46944695195361e-18,5.13639633388814e-15
NC_k0009,-0.0447368421052632,-0.0447368421052632,0.402865244585863,55.8244071150602,-91.9881248118225,99.6046233443486,-162.012755844821,-53.1493570529557,100.997776961969,-97.4819178039904,158.791755072553,1,480,11.0048177896369,23.5645993785095,11.4079076654882,-8.87501911845808,-1.00049811194004e-18,1.39532796192385e-18,0,-2.58900914284197e-18,0.000312904949295937,0.000917446174069496,1,-3.46580979018806e-20,7.30036483737168e-20,1,0.00519928019819397,0.000838001429410395,0.000838001429410395,-0.00973762720273094,-0.00541928592851948,0.00975559370658176,0.00975559370658176,0.0123654189958392,1,0,2.71050543121376e-20,1,0.00519868276482928,0.000838117818497814,0.000838117818497814,-0.00973718735085945,-0.00541854781145497,0.00975694865015212,0.00975694865015211,0.0123649220639507,12.9457351388985,11.3396527070527,-14.2986423525806,-7.48509234032986,-14.2986423525806,-7.48509234032986,40.1488029981498,21.9864976101799,8.67361737988404e-19,1.83349559010763e-19,-6.22969019139635e-19,0,0,0,0.00519928019819397,-0.00973762720273093,0.000838001429410396,-0.00541928592851949,0.0123654189958392,0.00975559370658176,1.56946225998825e-13,2.13851338683427e-08,8.27683591864037e-13,7.30036483737168e-20,3.46944695195361e-18,1.15744328062329e-14
NC_k0009,-0.0280701754385965,-0.0280701754385965,0.405389013427103,65.1696896623874,-107.411577239099,93.1750421933102,-151.785613949159,-62.8045006328234,114.16499447934,-90.6882484802026,150.903348724589,1,480,7.21688432199308,15.1376070888027,7.37698216556265,-5.68093972854998,-4.12544749982247e-19,3.36325019619161e-18,0,2.28460667742246e-19,0.000309216389711585,0.00091272496145377,1,-1.55239863768597e-20,1.43161308023724e-19,1,0.00519928019819397,0.000838001429410395,0.000838001429410395,-0.00973762720273093,-0.00541928592851949,0.00975559370658175,0.00975559370658175,0.0123654189958392,1,0,2.71050543121376e-20,1,0.00519868276482928,0.000838117818497814,0.000838117818497814,-0.00973718735085945,-0.00541854781145497,0.00975694865015212,0.00975694865015211,0.0123649220639507,12.9560234477902,11.3999741402661,-14.0683826691309,-7.41382076465429,-14.0683826691309,-7.41382076465429,40.4055775506971,22.2689068405451,8.67361737988404e-19,-5.37369638930019e-19,5.2927422293162e-19,0,0,0,0.00519928019819397,-0.00973762720273093,0.000838001429410396,-0.00541928592851949,0.0123654189958392,0.00975559370658176,9.64594544845265e-14,2.77930151602078e-08,9.23465653737319e-13,1.43161308023724e-19,5.20417042793042e-18,2.04030234157905e-14
NC_k0009,-0.0114035087719298,-0.0114035087719298,0.407229095923489,74.3175658952201,-122.116434253014,85.7843262602092,-140.196345265832,-71.9544604958745,126.618284489512,-83.2707564188115,141.604924772795,1,480,2.99756739124688,6.21454953236848,3.03999858479305,-2.3291237138118,-1.52352110453487e-18,-3.61656598697985e-18,0,-6.34745314848691e-19,0.00030744389490318,0.000910168025045697,1,-5.87454122113337e-21,2.11001565927971e-20,1,0.00519928019819397,0.000838001429410396,0.000838001429410396,-0.00973762720273093,-0.00541928592851949,0.00975559370658175,0.00975559370658175,0.0123654189958392,1,0,2.71050543121376e-20,1,0.00519868276482928,0.000838117818497814,0.000838117818497814,-0.00973718735085945,-0.00541854781145497,0.00975694865015212,0.00975694865015211,0.0123649220639507,12.9851988705648,11.4586246810567,-13.9518464365069,-7.38653354184255,-13.9518464365069,-7.38653354184255,40.5973581299418,22.4421148622685,1.30104260698261e-18,-2.57219818278143e-19,2.13529044371345e-19,0,0,0,0.00519928019819397,-0.00973762720273093,0.000838001429410396,-0.00541928592851949,0.0123654189958392,0.00975559370658176,4.56269531705218e-13,2.06088653669555e-08,5.08047604374462e-13,2.11001565927971e-20,3.46944695195361e-18,2.48092035299636e-14
NC_k0009,0.00526315789473684,0.00526315789473684,0.407539988785951,82.8408213220337,-135.578870972234,77.5406201238033,-127.231952210082,-80.3624968854848,137.82353684963,-75.1413131032025,130.901762074223,1,480,-1.38806800343454,-2.8725134527766,-1.40599188054969,1.07643588297737,-4.96070139515401e-19,1.71423586656509e-18,0,-1.57492541652136e-18,0.000307183334734466,0.000909771670960156,1,-5.98523691783839e-20,1.06424367938761e-20,1,0.00519928019819397,0.000838001429410396,0.000838001429410396,-0.00973762720273093,-0.00541928592851949,0.00975559370658175,0.00975559370658175,0.0123654189958392,1,0,2.71050543121376e-20,1,0.00519868276482928,0.000838117818497814,0.000838117818497814,-0.00973718735085945,-0.00541854781145497,0.00975694865015212,0.00975694865015211,0.0123649220639507,12.9911777918913,11.4693844448768,-13.9341079505701,-7.38296073853478,-13.9341079505701,-7.38296073853478,40.6299753194426,22.4699894256973,8.67361737988404e-19,-3.57261311839253e-19,6.7930225482573e-19,0,0,0,0.00519928019819397,-0.00973762720273093,0.000838001429410396,-0.00541928592851949,0.0123654189958392,0.00975559370658176,1.50502635721741e-12,2.3029431526158e-08,6.21237831970936e-13,5.98523691783839e-20,6.93889390390723e-18,1.29399801542893e-14
NC_k0009,0.0219298245614035,0.0219298245614035,0.406213081501696,90.5586395337929,-147.676584923767,68.5934486532474,-112.956093037566,-88.0330644999304,147.643462389697,-66.2549580682883,118.878820700774,1,480,-5.69792002350531,-11.8866603311459,-5.80291151703492,4.45777845167033,-4.91874679448532e-19,2.07703066578595e-18,0,3.88179317858885e-19,0.000308363280004604,0.000911528392004579,1,-1.14598922801728e-20,6.4614716581034e-20,1,0.00519928019819397,0.000838001429410395,0.000838001429410395,-0.00973762720273093,-0.00541928592851949,0.00975559370658176,0.00975559370658176,0.0123654189958392,1,0,2.71050543121376e-20,1,0.00519868276482928,0.000838117818497814,0.000838117818497814,-0.00973718735085945,-0.00541854781145497,0.00975694865015212,0.00975694865015211,0.0123649220639507,12.9676393490423,11.4250696884873,-14.0134441027109,-7.40013806035637,-14.0134441027109,-7.40013806035637,40.4911615859271,22.3484214334805,8.67361737988404e-19,-6.6814239403078e-19,5.2927422293162e-19,0,0,0,0.00519928019819397,-0.00973762720273093,0.000838001429410396,-0.00541928592851949,0.0123654189958392,0.00975559370658176,3.3616798990719e-13,2.12161492204401e-08,8.86432317874754e-14,6.4614716581034e-20,5.20417042793042e-18,1.07957649494138e-14
NC_k0009,0.0385964912280702,0.0385964912280702,0.40377007276811,97.3535663009329,-158.400142304063,59.2436491324262,-97.6847182502482,-95.0464122954541,156.04545415853,-56.729716242313,105.862787373499,1,480,-9.67678531129314,-20.5474712534701,-9.97400466637186,7.72589207412352,-1.2978132938712e-19,5.44456896627303e-18,0,1.82186199042559e-18,0.000311301795195052,0.000915477638561715,1,4.81383509587263e-21,3.13338424473593e-19,1,0.00519928019819397,0.000838001429410395,0.000838001429410395,-0.00973762720273093,-0.00541928592851948,0.00975559370658175,0.00975559370658175,0.0123654189958392,1,0,2.71050543121376e-20,1,0.00519868276482928,0.000838117818497814,0.000838117818497814,-0.00973718735085945,-0.00541854781145497,0.00975694865015212,0.00975694865015211,0.0123649220639507,12.9429605571487,11.3575468838356,-14.1987838030349,-7.45167320519383,-14.1987838030349,-7.45167320519383,40.2394928348013,22.0981985128142,1.51788304147971e-18,-1.22374262440554e-19,-5.2765198158828e-19,0,0,0,0.00519928019819397,-0.00973762720273093,0.000838001429410396,-0.00541928592851949,0.0123654189958392,0.00975559370658176,9.98513210797557e-14,2.16342582116014e-08,1.23757294976364e-12,3.13338424473593e-19,4.33680868994202e-18,1.51230292863861e-15
NC_k0010,-0.0447368421052632,-0.0447368421052632,0.451760255257688,-52.6368451064048,49.0463390932326,-89.7745845455908,102.960264540102,46.3272082206715,-54.4157890628128,86.300331075656,-103.313140296806,1,480,-10.5121454534029,-26.4467113322595,-12.1964227392686,6.08249642835342,1.33986053876849e-18,-2.78790306676912e-18,0,-3.28192179836539e-19,-0.00150251143995634,-0.00112062534115909,1,-8.46106357703497e-20,-1.28171252798094e-19,1,-0.0111572556086814,-0.00114164067691532,-0.00114164067691532,0.000921888631614503,-0.0008384314572357,-0.0125858989726805,-0.0125858989726805,-0.0106889945710182,1,-5.42101086242752e-20,0,1,-0.0111570138912942,-0.00114179923812045,-0.00114179923812045,0.000921291519540576,-0.000838973619601253,-0.0125876470142045,-0.0125876470142045,-0.0106888526665008,-13.8442091921484,-9.14740369235304,7.34630703521341,2.90994812199977,7.34630703521341,2.90994812199977,-50.3115616300666,-14.3966508144855,1.73472347597681e-18,-5.19954922120883e-19,-4.14947588214621e-20,0,0,0,-0.0111572556086814,0.000921888631614494,-0.00114164067691532,-0.000838431457235701,-0.0106889945710182,-0.0125858989726805,2.23801776883386e-13,2.51580303087902e-08,5.47046056041757e-13,1.28171252798094e-19,8.56519716263549e-18,1.27792555030273e-14
NC_k0010,-0.0280701754385965,-0.0280701754385965,0.456902574485058,-60.5220387098717,61.2988253156406,-84.5002351374492,95.6261747775123,54.8639228317236,-65.6719601828454,80.3012106374251,-97.091395612301,1,480,-6.84536510987701,-16.9984748457369,-7.86846718535258,3.92126749905127,6.78777793216114e-19,-5.41995207124345e-18,0,2.464667353163e-19,-0.00149647751962052,-0.00111973349689263,1,1.01262830563539e-20,-4.41742556926001e-20,1,-0.0111572556086814,-0.00114164067691532,-0.00114164067691532,0.000921888631614494,-0.000838431457235701,-0.0125858989726805,-0.0125858989726805,-0.0106889945710182,1,-5.42101086242752e-20,0,1,-0.0111570138912942,-0.00114179923812045,-0.00114179923812045,0.000921291519540576,-0.000838973619601253,-0.0125876470142045,-0.0125876470142045,-0.0106888526665008,-14.079678071362,-9.35543168108197,7.16639038595853,2.93471485643441,7.16639038595853,2.93471485643441,-50.594300466404,-14.7516019644134,1.73472347597681e-18,4.77760083279477e-19,-3.84776754705244e-20,0,0,0,-0.0111572556086814,0.000921888631614494,-0.00114164067691532,-0.000838431457235701,-0.0106889945710182,-0.0125858989726805,3.3623181977433e-13,3.0184299296285e-08,1.6559935184071e-13,4.41742556926001e-20,3.46944695195361e-18,3.52334058857251e-14
NC_k0010,-0.0114035087719298,-0.0114035087719298,0.460287641215938,-68.4346189601334,72.9738440617876,-78.2833131605928,86.9854506825294,63.2201307583827,-76.4876164085804,73.6044161436144,-89.3623320351658,1,480,-2.83165995095555,-6.97771651297773,-3.23709423309797,1.61495406813855,1.20966892779755e-18,-2.02123237038557e-18,0,4.91848209668931e-19,-0.00149354369159915,-0.00111935947040114,1,2.07052667040931e-20,3.30907616733606e-20,1,-0.0111572556086814,-0.00114164067691532,-0.00114164067691532,0.000921888631614494,-0.000838431457235701,-0.0125858989726805,-0.0125858989726805,-0.0106889945710182,1,-5.42101086242752e-20,0,1,-0.0111570138912942,-0.00114179923812045,-0.00114179923812045,0.000921291519540576,-0.000838973619601253,-0.0125876470142045,-0.0125876470142045,-0.0106888526665008,-14.2391173908734,-9.48534568771276,7.07500218581606,2.96043900709954,7.07500218581606,2.96043900709954,-50.8133312247173,-14.9579174362766,1.73472347597681e-18,3.69021283926084e-19,3.06815053647038e-19,0,0,0,-0.0111572556086814,0.000921888631614494,-0.00114164067691532,-0.000838431457235701,-0.0106889945710182,-0.0125858989726805,7.99972213377906e-13,1.82723348849546e-08,1.77187743010834e-12,3.30907616733606e-20,1.73472347597681e-18,6.33155266116262e-14
NC_k0010,0.00526315789473684,0.00526315789473684,0.460845638151189,-75.7741892649219,83.4601002704436,-71.21816832346,76.9900855191187,70.946805294512,-86.1485511279604,66.1515945029512,-80.1976612606477,1,480,1.31043360586588,3.22508778085866,1.49672205761909,-0.746944544256826,6.30271922096005e-19,-3.29262882421428e-18,0,7.40584728586076e-19,-0.00149310968212084,-0.00111930558701414,1,5.68977773535604e-20,1.00503175399133e-19,1,-0.0111572556086814,-0.00114164067691532,-0.00114164067691532,0.000921888631614495,-0.000838431457235696,-0.0125858989726805,-0.0125858989726805,-0.0106889945710182,1,-5.42101086242752e-20,0,1,-0.0111570138912942,-0.00114179923812045,-0.00114179923812045,0.000921291519540576,-0.000838973619601253,-0.0125876470142045,-0.0125876470142045,-0.0106888526665008,-14.2658501519847,-9.50658077089186,7.06117377802217,2.96525751237947,7.06117377802217,2.96525751237947,-50.8508744301865,-14.9906420252095,1.73472347597681e-18,4.26178536972293e-20,-4.33906220444366e-19,0,0,0,-0.0111572556086814,0.000921888631614494,-0.00114164067691532,-0.000838431457235701,-0.0106889945710182,-0.0125858989726805,2.12716384170395e-12,2.63424315158886e-08,9.65562372372871e-13,1.00503175399133e-19,4.55364912443912e-18,1.18045878496056e-14
NC_k0010,0.0219298245614035,0.0219298245614035,0.458438112121179,-82.3151616716457,92.5997553012485,-63.4778256256239,65.7156018420451,77.9200098053034,-94.4163974396807,57.997178715132,-69.7605078900744,1,480,5.39438658356233,13.3476071122567,6.18485791962024,-3.08328455978466,5.75929464573721e-19,2.23404939838322e-20,0,-4.8730864246724e-20,-0.00149507340601159,-0.00111954915060679,1,6.911719417363e-20,9.22429932315771e-20,1,-0.0111572556086814,-0.00114164067691532,-0.00114164067691532,0.000921888631614495,-0.000838431457235699,-0.0125858989726805,-0.0125858989726805,-0.0106889945710182,1,-5.42101086242752e-20,0,1,-0.0111570138912942,-0.00114179923812045,-0.00114179923812045,0.000921291519540576,-0.000838973619601253,-0.0125876470142045,-0.0125876470142045,-0.0106888526665008,-14.1514106562253,-9.41462639070091,7.12323880222925,2.94558936301218,7.12323880222925,2.94558936301218,-50.6916211251014,-14.846997911681,1.73472347597681e-18,4.91552637297952e-19,1.0594171201605e-20,0,0,0,-0.0111572556086814,0.000921888631614494,-0.00114164067691532,-0.000838431457235701,-0.0106889945710182,-0.0125858989726805,5.28211554047427e-13,2.74138237656347e-08,1.26014700981863e-12,9.22429932315771e-20,1.73472347597681e-18,3.08773271455866e-14
NC_k0010,0.0385964912280702,0.0385964912280702,0.453725212798909,-87.9464212908956,100.403472765161,-55.4747083470828,53.5536203137115,84.1649671619771,-101.19816827195,49.4418889167256,-58.5308701493287,1,480,9.21730304580817,23.0692627481443,10.6545667120045,-5.30971198170639,6.17672307005597e-19,-1.93446443285121e-18,0,-2.05034912794744e-19,-0.00149988542630259,-0.00112022844210709,1,-8.98401869166268e-21,-3.79967278893505e-19,1,-0.0111572556086814,-0.00114164067691532,-0.00114164067691532,0.000921888631614495,-0.000838431457235702,-0.0125858989726805,-0.0125858989726805,-0.0106889945710182,1,-5.42101086242752e-20,0,1,-0.0111570138912942,-0.00114179923812045,-0.00114179923812045,0.000921291519540576,-0.000838973619601253,-0.0125876470142045,-0.0125876470142045,-0.0106888526665008,-13.933736383466,-9.22974270435435,7.26876840963263,2.9170388832274,7.26876840963263,2.9170388832274,-50.4087243184582,-14.5410356597444,1.73472347597681e-18,1.81397953918309e-19,2.8714425707288e-19,0,0,0,-0.0111572556086814,0.000921888631614494,-0.00114164067691532,-0.000838431457235701,-0.0106889945710182,-0.0125858989726805,1.45993940260349e-13,2.40910295031837e-08,1.8693749774694e-13,3.79967278893505e-19,1.73472347597681e-18,4.42890017545079e-14
NC_k0011,-0.0447368421052632,-0.0447368421052632,0.230656718240027,29.1598948538367,1.15026426546101,47.2029540196946,-20.7470574599727,-21.8343622086199,2.362120403073,-45.6768999683681,23.9503699812865,1,480,10.1496746000779,15.0243582387514,8.30743083681369,-1.5941264896444,-3.87309123854479e-19,6.40568666361065e-19,0,-3.75182656074452e-19,0.00174393869481717,0.00151892650830641,1,4.1519896016158e-20,1.6125146772957e-19,1,0.0111562507800311,0.00372247299024298,0.00372247299024298,0.0067667441851801,0.00903916134479239,0.00737137484334534,0.00737137484334534,0.0089358173439258,1,0,0,1,0.0111564095297147,0.00372299000038051,0.00372299000038051,0.00676720776171057,0.00903946982206127,0.00737239864540692,0.00737239864540692,0.00893613299786141,8.93286977937813,14.4706377745465,2.75203780420736,0.996255041067408,2.75203780420736,0.996255041067408,29.3359663492689,4.73795024891773,1.73472347597681e-18,-2.93234548717345e-19,3.22617498257525e-19,0,0,0,0.0111562507800311,0.0067667441851801,0.00372247299024298,0.0090391613447924,0.00893581734392581,0.00737137484334534,3.60252278576018e-13,3.63592248306623e-08,1.69610151833724e-12,1.6125146772957e-19,6.93889390390723e-18,1.27552799576167e-14
NC_k0011,-0.0280701754385965,-0.0280701754385965,0.235284060205092,33.1126361101818,-3.87289622324546,44.927070032652,-18.0895112552589,-26.7843791414504,7.3043692787681,-42.3194672940007,21.4677345145702,1,480,6.52899878911906,9.65556345595545,5.34090554087462,-1.06258241385933,-3.54028339089021e-19,5.47236223485481e-19,0,-7.04731412115578e-19,0.00174059315461895,0.00151860595924758,1,-1.19765266810984e-20,1.33278500559241e-19,1,0.0111562507800311,0.00372247299024298,0.00372247299024298,0.0067667441851801,0.00903916134479239,0.00737137484334534,0.00737137484334534,0.0089358173439258,1,0,0,1,0.0111564095297147,0.00372299000038051,0.00372299000038051,0.00676720776171057,0.00903946982206127,0.00737239864540692,0.00737239864540692,0.00893613299786141,9.27481286332671,14.7216187329092,2.74833310026558,0.970380551234999,2.74833310026558,0.970380551234999,29.581928213525,5.08550045678017,1.73472347597681e-18,-5.05126904023902e-19,3.58274424392054e-19,0,0,0,0.0111562507800311,0.0067667441851801,0.00372247299024298,0.0090391613447924,0.00893581734392581,0.00737137484334534,7.27150770615979e-13,3.04407879898312e-08,7.33694385314154e-13,1.33278500559241e-19,6.93889390390723e-18,4.51810694337713e-14
NC_k0011,-0.0114035087719298,-0.0114035087719298,0.238063241405995,37.1796492022791,-8.83441377262885,42.0462686647649,-14.6894903325453,-31.9169662708037,12.2646378026167,-38.3320929765951,18.1112110391308,1,480,2.68095821413661,3.96183167047317,2.19212066192123,-0.446787484247044,-1.04531806625061e-18,-4.84211678253841e-19,0,-1.09923700729927e-18,0.00173904950071478,0.00151865407767663,1,-1.13317825616007e-19,4.51550864412405e-20,1,0.0111562507800311,0.00372247299024298,0.00372247299024298,0.0067667441851801,0.0090391613447924,0.00737137484334534,0.00737137484334534,0.00893581734392581,1,0,0,1,0.0111564095297147,0.00372299000038051,0.00372299000038051,0.00676720776171057,0.00903946982206127,0.00737239864540692,0.00737239864540692,0.00893613299786141,9.4812339370612,14.8756907793589,2.74210799647039,0.949796774088712,2.74210799647039,0.949796774088712,29.7531555998673,5.28584184323879,8.67361737988404e-19,-3.78621862640831e-19,2.77304576834489e-19,0,0,0,0.0111562507800311,0.0067667441851801,0.00372247299024298,0.0090391613447924,0.00893581734392581,0.00737137484334534,1.43825107312185e-12,1.88369898292664e-08,1.60630633301599e-12,1.13317825616007e-19,3.46944695195361e-18,6.85543822960767e-14
NC_k0011,0.00526315789473684,0.00526315789473684,0.238508319800374,40.8376575122627,-13.2448232295597,38.5836226664747,-10.5379712090881,-36.7051945094573,16.6721742302635,-33.7379983614875,13.9661155931515,1,480,-1.2392565114011,-1.83097272122257,-1.01317564676581,0.207364352139614,-1.00286053976949e-18,1.00223849994885e-18,0,-3.2649149649713e-19,0.00173882486405771,0.00151867180248701,1,-1.33489205813831e-19,5.81183490169826e-20,1,0.0111562507800311,0.00372247299024298,0.00372247299024298,0.0067667441851801,0.00903916134479239,0.00737137484334534,0.00737137484334534,0.0089358173439258,1,0,0,1,0.0111564095297147,0.00372299000038051,0.00372299000038051,0.00676720776171057,0.00903946982206127,0.00737239864540692,0.00737239864540692,0.00893613299786141,9.51457293313579,14.9006049820787,2.74074770452328,0.94608064604904,2.74074770452328,0.94608064604904,29.7817760618577,5.31766995106247,1.73472347597681e-18,1.05435303436576e-19,4.98385700841449e-19,0,0,0,0.0111562507800311,0.0067667441851801,0.00372247299024298,0.0090391613447924,0.00893581734392581,0.00737137484334534,2.61850698786794e-12,2.51587154280063e-08,1.04121226985951e-12,1.33489205813831e-19,6.93889390390723e-18,3.77043723547697e-14
NC_k0011,0.0219298245614035,0.0219298245614035,0.236562548938624,43.9350636974437,-16.9259925301308,34.6367062294513,-5.74340892371364,-40.9250927582112,20.3277286844644,-28.6909352276367,9.1705630442509,1,480,-5.12763315991287,-7.58047359137027,-4.1936752279235,0.843440355770554,2.5519514513996e-19,7.98169734109568e-19,0,-3.26279738260317e-19,0.00173984738017764,0.00151860990710256,1,-1.89131173007704e-19,-9.42148762437125e-21,1,0.0111562507800311,0.00372247299024298,0.00372247299024298,0.0067667441851801,0.0090391613447924,0.00737137484334534,0.00737137484334534,0.00893581734392581,1,0,0,1,0.0111564095297147,0.00372299000038051,0.00372299000038051,0.00676720776171057,0.00903946982206127,0.00737239864540692,0.00737239864540692,0.00893613299786141,9.36944091056299,14.7922028921835,2.74591902221583,0.961451284268682,2.74591902221583,0.961451284268682,29.6590320263725,5.1780742584054,1.73472347597681e-18,-4.77541795986951e-19,-2.33779366103366e-19,0,0,0,0.0111562507800311,0.0067667441851801,0.00372247299024298,0.0090391613447924,0.00893581734392581,0.00737137484334534,5.1026060194939e-13,3.45005932213342e-08,1.70311430531852e-12,1.89131173007704e-19,3.46944695195361e-18,8.79965227172226e-15
NC_k0011,0.0385964912280702,0.0385964912280702,0.23250762667083,46.436432514408,-19.8501670621845,30.5453777577466,-0.656363380713539,-44.5099543204365,23.1441687596209,-23.5845628254485,4.11752350269188,1,480,-8.8567788261585,-13.1065003357863,-7.24788212344174,1.40998989663465,-7.96819775349881e-19,-3.36550012745775e-19,0,4.28161919947248e-19,0.00174245607225446,0.00151872677287436,1,7.30795006100912e-20,3.44642456336454e-19,1,0.0111562507800311,0.00372247299024298,0.00372247299024298,0.0067667441851801,0.00903916134479239,0.00737137484334534,0.00737137484334534,0.00893581734392581,1,0,0,1,0.0111564095297147,0.00372299000038051,0.00372299000038051,0.00676720776171057,0.00903946982206127,0.00737239864540692,0.00737239864540692,0.00893613299786141,9.07026099261303,14.5701062952852,2.75120758531765,0.986829177440522,2.75120758531765,0.986829177440522,29.4268083124266,4.88041169922567,1.73472347597681e-18,-3.36982280171756e-19,2.32816613979037e-19,0,0,0,0.0111562507800311,0.0067667441851801,0.00372247299024298,0.0090391613447924,0.00893581734392581,0.00737137484334534,1.97894400769013e-13,2.25037639579553e-08,5.37217022298349e-13,3.44642456336454e-19,5.20417042793042e-18,2.43524804182204e-14
NC_k0012,-0.0447368421052632,-0.0447368421052632,0.379441769776985,-102.567884714037,-63.100741340537,-131.067233531771,-81.5940536766175,89.0354652236371,74.544673648335,137.753169113881,71.0917015866209,1,480,-16.6630358811807,1.50478516053933,-5.00222273781156,1.7632380409835,1.08282574394622e-18,-1.47674900397867e-19,0,1.03295006173172e-18,-0.0015151279180405,0.000518499476058007,1,-1.45074328551048e-19,8.29078712651904e-20,1,-0.0152431504266709,-0.00930541602570422,-0.00930541602570422,-0.00271181015510361,0.0020331333037314,0.00312048212099628,0.00312048212099628,0.0077350270615511,1,-1.0842021724855e-19,0,1,-0.0152430270287549,-0.00930670844459668,-0.00930670844459668,-0.00271255698915092,0.002033500872271,0.00312091552129087,0.00312091552129087,0.0077349986652464,-20.6122065461439,-28.8572058037411,-9.41602629966035,11.5334396078546,-9.41602629966035,11.5334396078546,3.52729119477692,11.8892949330385,2.60208521396521e-18,2.50965449390038e-19,-2.21848152719516e-19,0,0,0,-0.0152431504266709,-0.00271181015510362,-0.00930541602570422,0.0020331333037314,0.0077350270615511,0.00312048212099628,2.50734098879787e-13,3.91742119703819e-08,4.06540020652463e-13,1.45074328551048e-19,3.46944695195361e-18,4.15483170420144e-14
NC_k0012,-0.0280701754385965,-0.0280701754385965,0.384863260743256,-109.516323461267,-66.5023940759119,-127.532010210181,-78.5528768279209,99.4386649008763,74.3706793355009,130.703345420274,71.6115469982338,1,480,-10.5515849486561,0.773692617449742,-3.22670446929813,1.14432865172657,4.03452380689064e-18,2.90744059145039e-19,0,4.19823939372713e-19,-0.00150904486231185,0.000514454344184809,1,2.18948324985744e-19,4.59787370950549e-20,1,-0.0152431504266709,-0.00930541602570422,-0.00930541602570422,-0.00271181015510362,0.0020331333037314,0.00312048212099628,0.00312048212099628,0.00773502706155109,1,-1.0842021724855e-19,0,1,-0.0152430270287549,-0.00930670844459668,-0.00930670844459668,-0.00271255698915092,0.002033500872271,0.00312091552129087,0.00312091552129087,0.0077349986652464,-21.0571869995823,-29.2009188276344,-9.26873779850572,11.3511084545302,-9.26873779850572,11.3511084545302,3.67263920140218,12.0901676405032,1.30104260698261e-18,9.71220471228453e-19,7.1916115515983e-21,0,0,0,-0.0152431504266709,-0.00271181015510362,-0.00930541602570422,0.0020331333037314,0.0077350270615511,0.00312048212099628,2.80134007842914e-13,2.46140022749096e-08,5.60851675381148e-13,2.18948324985744e-19,6.93889390390723e-18,4.9040252328004e-15
NC_k0012,-0.0114035087719298,-0.0114035087719298,0.387998913694259,-115.93674740294,-70.1307041572608,-123.251804565003,-75.1219640381358,109.712371790891,73.713581394313,122.536353911159,72.4646652114297,1,480,-4.29666552809502,0.275261321295886,-1.32706338824371,0.473124129623113,3.69147546325265e-19,-3.84076502020622e-19,0,3.27001039754463e-19,-0.00150563432485054,0.000511951647914225,1,2.15520544991989e-19,4.60606642265193e-20,1,-0.0152431504266709,-0.00930541602570422,-0.00930541602570422,-0.00271181015510362,0.0020331333037314,0.00312048212099628,0.00312048212099628,0.00773502706155109,1,-1.0842021724855e-19,0,1,-0.0152430270287549,-0.00930670844459668,-0.00930670844459668,-0.00271255698915092,0.002033500872271,0.00312091552129087,0.00312091552129087,0.0077349986652464,-21.313957846754,-29.4112819011126,-9.18466212329971,11.2549733924508,-9.18466212329971,11.2549733924508,3.7419083421211,12.1980363055588,8.67361737988404e-19,5.62968057469015e-19,8.822020628484e-20,0,0,0,-0.0152431504266709,-0.00271181015510362,-0.00930541602570422,0.0020331333037314,0.0077350270615511,0.00312048212099628,8.08714571741962e-13,1.26488860077245e-08,7.76881029805899e-14,2.15520544991989e-19,3.46944695195361e-18,2.00298529147431e-14
NC_k0012,0.00526315789473684,0.00526315789473684,0.388491609942229,-121.454909391238,-73.795606701844,-118.077786518477,-71.4852063481113,119.258344064346,72.8105093704723,113.332043840769,73.3963072582811,1,480,1.98356898850387,-0.124278545665102,0.613565846136797,-0.218983331136952,-3.66156461230273e-18,-5.14651924795793e-19,0,6.40469404687558e-20,-0.00150509726632283,0.000511543160994886,1,2.16895553287587e-19,2.11328647370578e-20,1,-0.0152431504266709,-0.00930541602570422,-0.00930541602570422,-0.00271181015510361,0.0020331333037314,0.00312048212099628,0.00312048212099628,0.00773502706155109,1,-1.0842021724855e-19,0,1,-0.0152430270287549,-0.00930670844459668,-0.00930670844459668,-0.00271255698915092,0.002033500872271,0.00312091552129087,0.00312091552129087,0.0077349986652464,-21.3545004018361,-29.4450108070478,-9.17114966961441,11.2400775713225,-9.17114966961441,11.2400775713225,3.7518591185127,12.2144322611288,1.73472347597681e-18,7.82473761150564e-20,3.7945438440405e-19,0,0,0,-0.0152431504266709,-0.00271181015510362,-0.00930541602570422,0.0020331333037314,0.0077350270615511,0.00312048212099628,1.36725912749822e-12,1.89314963110737e-08,1.61104336428823e-12,2.16895553287587e-19,4.77048955893622e-18,4.70104586243179e-14
NC_k0012,0.0219298245614035,0.0219298245614035,0.386319722444523,-126.05314613076,-77.3254305942706,-111.97672423345,-67.8259826701474,127.823211471664,71.9031701980686,103.283613507953,74.175551416984,1,480,8.25425797001985,-0.569464687722374,2.53598178315821,-0.901491280007058,1.41528617574353e-18,3.603331097179e-19,0,6.43066751810975e-20,-0.00150745933177051,0.000513311060047658,1,2.94090170981179e-19,1.09374500709837e-20,1,-0.0152431504266709,-0.00930541602570422,-0.00930541602570422,-0.00271181015510361,0.0020331333037314,0.00312048212099628,0.00312048212099628,0.00773502706155109,1,-1.0842021724855e-19,0,1,-0.0152430270287549,-0.00930670844459668,-0.00930670844459668,-0.00271255698915092,0.002033500872271,0.00312091552129087,0.00312091552129087,0.0077349986652464,-21.1761841609566,-29.2977313828279,-9.23006342039944,11.3061615466233,-9.23006342039944,11.3061615466233,3.70612662799206,12.1410119738252,1.73472347597681e-18,5.23731989852269e-19,1.58653197680072e-19,0,0,0,-0.0152431504266709,-0.00271181015510362,-0.00930541602570422,0.0020331333037314,0.0077350270615511,0.00312048212099628,2.58824254590271e-13,1.79229600028226e-08,1.44464546845928e-12,2.94090170981179e-19,3.46944695195361e-18,2.41402984756766e-14
NC_k0012,0.0385964912280702,0.0385964912280702,0.381634973045412,-129.835383247995,-80.5274035567339,-105.136782981482,-64.3093486345592,135.284679617106,71.2239464386124,92.8164051225347,74.5474092218518,1,480,14.4447873694702,-1.20258745685888,4.36992597116176,-1.54334433856262,1.61629768203882e-18,5.10522639177928e-19,0,-1.09483640644049e-18,-0.00151261637555156,0.000516897184946039,1,-6.65047025618586e-20,1.24888564682416e-19,1,-0.0152431504266709,-0.00930541602570422,-0.00930541602570422,-0.00271181015510362,0.0020331333037314,0.00312048212099628,0.00312048212099628,0.0077350270615511,1,-1.0842021724855e-19,0,1,-0.0152430270287549,-0.00930670844459668,-0.00930670844459668,-0.00271255698915092,0.002033500872271,0.00312091552129087,0.00312091552129087,0.0077349986652464,-20.7934246213978,-28.9925229823465,-9.35458996550113,11.4554553929291,-9.35458996550113,11.4554553929291,3.59026048174088,11.9729475534513,1.73472347597681e-18,5.06166220010177e-19,-3.35349644156375e-19,0,0,0,-0.0152431504266709,-0.00271181015510362,-0.00930541602570422,0.0020331333037314,0.0077350270615511,0.00312048212099628,6.84359385736319e-13,2.37598186049127e-08,3.10250953901873e-13,1.24888564682416e-19,1.73472347597681e-18,2.32729828876149e-15
NC_k0013,-0.0447368421052632,-0.0447368421052632,0.625020779631349,55.5617856111295,-110.578788575635,60.0909569336165,-151.582709599416,-40.000185481018,137.262006336022,-77.8718027787122,128.334378971518,1,480,-3.47101451077604,-19.35883669688,-7.53385089852647,-7.81705802036296,3.49758432767022e-19,-2.18245979793951e-18,0,1.44397941683177e-18,8.72062404452003e-05,0.000501929621351398,1,4.34766231876418e-20,-9.17549561980406e-20,1,0.00498912622183263,-0.00272241580136071,-0.00272241580136071,0.00271310382184266,-0.00664467839056454,-0.0146387790942166,-0.0146387790942166,0.0100940841642874,1,0,0,1,0.00498918091254867,-0.00272279391466645,-0.00272279391466645,0.00271331656966981,-0.00664403729801447,-0.0146408122579797,-0.0146408122579797,0.0100935628427712,9.04611124134118,-1.83301433150598,-15.2964638345622,-9.54169115604736,-15.2964638345622,-9.54169115604736,-49.8145113881634,21.1629850610664,2.16840434497101e-18,-8.38466420056192e-20,3.68351090239938e-19,0,0,0,0.00498912622183263,0.00271310382184266,-0.00272241580136071,-0.00664467839056453,0.0100940841642874,-0.0146387790942166,2.56697152625038e-13,2.30103446030204e-08,5.26822819731986e-13,9.17549561980406e-20,5.20417042793042e-18,1.68748289299436e-14
NC_k0013,-0.0280701754385965,-0.0280701754385965,0.62296613283721,56.8141023064057,-116.07326644196,58.1676721967379,-142.698110991,-46.4123493029266,134.836276491847,-70.7948675139231,127.34156168087,1,480,-2.28406031502444,-12.4502445493016,-4.8623206052276,-4.92379925433554,-4.69494480795298e-19,1.20278678510111e-18,0,-9.42853549412443e-20,8.67536845825554e-05,0.000493029889763394,1,5.74198802151963e-20,-1.04704572552901e-19,1,0.00498912622183263,-0.00272241580136071,-0.00272241580136071,0.00271310382184266,-0.00664467839056454,-0.0146387790942166,-0.0146387790942166,0.0100940841642874,1,0,0,1,0.00498918091254867,-0.00272279391466645,-0.00272279391466645,0.00271331656966981,-0.00664403729801447,-0.0146408122579797,-0.0146408122579797,0.0100935628427712,8.96335480581135,-1.9006110151283,-15.1546207363741,-9.34643068663152,-15.1546207363741,-9.34643068663152,-49.9091843711912,21.0035806898711,3.46944695195361e-18,1.19233300346919e-20,1.54337641631241e-18,0,0,0,0.00498912622183263,0.00271310382184266,-0.00272241580136071,-0.00664467839056453,0.0100940841642874,-0.0146387790942166,1.84409326727129e-13,2.08369199795835e-08,8.93420640858721e-13,1.04704572552901e-19,1.04083408558608e-17,1.88908568872425e-14
NC_k0013,-0.0114035087719298,-0.0114035087719298,0.62229438727979,57.02226654079,-122.778118309236,57.2422445769951,-133.807900881164,-53.2252059371472,131.719200381222,-63.27190976135,128.262454047795,1,480,-0.944271305473837,-5.10385379446242,-1.99588128297897,-1.99946631658326,-1.23216824045899e-20,8.57514979976572e-19,0,-1.03285080005821e-18,8.61923606161937e-05,0.000488054692190773,1,6.96492807517556e-20,-4.62862847312318e-20,1,0.00498912622183263,-0.00272241580136071,-0.00272241580136071,0.00271310382184266,-0.00664467839056454,-0.0146387790942166,-0.0146387790942166,0.0100940841642874,1,0,0,1,0.00498918091254867,-0.00272279391466645,-0.00272279391466645,0.00271331656966981,-0.00664403729801447,-0.0146408122579797,-0.0146408122579797,0.0100935628427712,8.91034280998982,-1.9283587148976,-15.0807024516976,-9.2364313790655,-15.0807024516976,-9.2364313790655,-50.0137591072019,20.9360979562336,2.60208521396521e-18,-1.57806093375139e-19,6.29795982627429e-19,0,0,0,0.00498912622183263,0.00271310382184266,-0.00272241580136071,-0.00664467839056453,0.0100940841642874,-0.0146387790942166,1.36924177929779e-12,1.08495402796455e-08,3.97523786757711e-13,6.96492807517556e-20,5.20417042793042e-18,2.64043852882521e-14
NC_k0013,0.00526315789473684,0.00526315789473684,0.622206567487298,57.1033178096906,-130.663397860119,57.0260671054513,-125.557532723473,-60.50445454949,128.995278627435,-55.8574496480805,130.619624425559,1,480,0.43685423574782,2.35815640219085,0.922353510519756,0.922546079080346,2.35103258933292e-18,-1.41885959598976e-18,0,3.33757450997796e-19,8.60834483506407e-05,0.000487276449324124,1,3.34010654141653e-20,1.10370276881919e-19,1,0.00498912622183263,-0.00272241580136071,-0.00272241580136071,0.00271310382184266,-0.00664467839056454,-0.0146387790942166,-0.0146387790942166,0.0100940841642874,1,0,0,1,0.00498918091254867,-0.00272279391466645,-0.00272279391466645,0.00271331656966981,-0.00664403729801447,-0.0146408122579797,-0.0146408122579797,0.0100935628427712,8.90132674732904,-1.93189159135616,-15.0691371092376,-9.21887975127706,-15.0691371092376,-9.21887975127706,-50.0325078068389,20.9264799290867,2.60208521396521e-18,2.2532236612254e-19,1.43185960451463e-18,0,0,0,0.00498912622183263,0.00271310382184266,-0.00272241580136071,-0.00664467839056453,0.0100940841642874,-0.0146387790942166,1.41833590040016e-12,2.33733890509392e-08,4.29836055091977e-13,1.10370276881919e-19,1.12757025938492e-17,1.28471896553299e-14
NC_k0013,0.0219298245614035,0.0219298245614035,0.62262721234759,57.720997457526,-139.386873116352,56.9596868274577,-118.398352119532,-68.04229541766,127.480548884073,-48.868489963351,133.708013471036,1,480,1.80036353858411,9.77135307524396,3.81866648256329,3.84675034080244,-2.06476192294056e-18,5.96787650899858e-19,0,-1.30072496962738e-18,8.65191123364174e-05,0.000490714971667927,1,2.78404085638696e-20,1.93215304670657e-20,1,0.00498912622183263,-0.00272241580136071,-0.00272241580136071,0.00271310382184266,-0.00664467839056455,-0.0146387790942166,-0.0146387790942166,0.0100940841642874,1,0,0,1,0.00498918091254867,-0.00272279391466645,-0.00272279391466645,0.00271331656966981,-0.00664403729801447,-0.0146408122579797,-0.0146408122579797,0.0100935628427712,8.93965751192889,-1.91458493783901,-15.1201529755851,-9.29567737900909,-15.1201529755851,-9.29567737900909,-49.9543770299633,20.9707824602314,3.46944695195361e-18,-6.72556015341638e-20,1.60186651685355e-18,0,0,0,0.00498912622183263,0.00271310382184266,-0.00272241580136071,-0.00664467839056453,0.0100940841642874,-0.0146387790942166,3.97397987876106e-13,2.34942043394102e-08,2.50381307219267e-13,2.78404085638696e-20,1.21430643318376e-17,1.37300733409661e-14
NC_k0013,0.0385964912280702,0.0385964912280702,0.623982797287235,59.2586233206409,-148.3533804763,56.2023845593135,-112.468596345347,-75.3568667135281,127.724463503834,-42.3237311991016,136.519625328823,1,480,3.06286480753584,16.8999398792988,6.58772554665543,6.76098068702104,1.60433334165885e-18,-8.33003964065401e-19,0,2.98859693570919e-18,8.7119640450895e-05,0.000498248950890463,1,1.30463861278761e-20,-5.40672432823783e-19,1,0.00498912622183263,-0.00272241580136071,-0.00272241580136071,0.00271310382184266,-0.00664467839056454,-0.0146387790942166,-0.0146387790942166,0.0100940841642874,1,0,0,1,0.00498918091254867,-0.00272279391466645,-0.00272279391466645,0.00271331656966981,-0.00664403729801447,-0.0146408122579797,-0.0146408122579797,0.0100935628427712,9.01257084765333,-1.86314491585921,-15.2348752974534,-9.45986771514999,-15.2348752974534,-9.45986771514999,-49.8354508513776,21.0892347284573,2.60208521396521e-18,6.00650696300396e-20,7.6562450917745e-19,0,0,0,0.00498912622183263,0.00271310382184266,-0.00272241580136071,-0.00664467839056453,0.0100940841642874,-0.0146387790942166,1.16251932161205e-13,1.99029486011001e-08,4.74844711340886e-13,5.40672432823783e-19,6.07153216591882e-18,2.79342660765554e-14
NC_k0014,-0.0447368421052632,-0.0447368421052632,0.741442053839339,-29.5576374976094,-70.1081107747552,-48.6418960225873,-100.390936092822,33.3817188350142,83.8417033424887,49.3694854999799,81.9494904459437,1,480,-24.2712840788293,8.81955775047311,-5.0990696883576,-1.65563746914203,2.36269252724746e-19,-1.89703616449441e-18,0,9.36487567418235e-19,0.00093652405297982,-0.000590648348360732,1,3.36762429359223e-20,1.39626957680203e-20,1,0.00217222537146128,-0.0159947279836309,-0.0159947279836309,0.00794436627928002,-0.00445976827374019,0.0069643306373949,0.0069643306373949,0.00281881602866443,1,0,-5.42101086242752e-20,1,0.00217260142829229,-0.0159969494736287,-0.0159969494736287,0.00794434149299244,-0.00445954403387283,0.00696529790553899,0.00696529790553899,0.00281853481128856,-4.49214342486933,-53.3142994782172,-15.0591089312114,9.30250486117086,-15.0591089312114,9.30250486117086,23.0507222307746,11.5817390396205,2.60208521396521e-18,-2.94715482038657e-19,-9.10891878088803e-20,0,0,0,0.00217222537146128,0.00794436627928002,-0.0159947279836309,-0.00445976827374019,0.00281881602866443,0.00696433063739491,3.21037372836231e-13,3.87232595286333e-08,1.69883745333258e-12,3.36762429359223e-20,3.46944695195361e-18,2.56052561663894e-14
NC_k0014,-0.0280701754385965,-0.0280701754385965,0.735982330037649,-34.6291576160646,-75.5426854580943,-47.2277266907469,-95.2940927671601,38.1179491039558,84.1867625341546,48.2152295517748,81.9903715263972,1,480,-15.5351117462599,5.54555879250837,-3.29655247473795,-1.02843707743664,4.51945016919373e-19,-3.9995836978164e-19,0,-7.74558690704854e-19,0.000930551518713058,-0.000587363095907422,1,3.67947163043714e-19,4.89198712131633e-20,1,0.00217222537146127,-0.0159947279836309,-0.0159947279836309,0.00794436627928002,-0.00445976827374019,0.0069643306373949,0.0069643306373949,0.00281881602866443,1,0,-5.42101086242752e-20,1,0.00217260142829229,-0.0159969494736287,-0.0159969494736287,0.00794434149299244,-0.00445954403387283,0.00696529790553899,0.00696529790553899,0.00281853481128856,-4.62575414148347,-53.419057959892,-14.6723499496991,8.99488437471925,-14.6723499496991,8.99488437471925,23.0646343802276,11.6155991127448,1.73472347597681e-18,2.09270774896463e-19,-4.26542283211966e-20,0,0,0,0.00217222537146128,0.00794436627928002,-0.0159947279836309,-0.00445976827374019,0.00281881602866443,0.00696433063739491,3.78166327546429e-13,2.12200595529395e-08,5.95619511239889e-13,3.67947163043714e-19,5.20417042793042e-18,3.25834145103411e-14
NC_k0014,-0.0114035087719298,-0.0114035087719298,0.733469146028987,-39.4567897948489,-81.3994100448877,-44.6970351668304,-89.5800744722328,42.2542797226926,83.7309600160682,46.342092969953,82.6091327523647,1,480,-6.35901379272908,2.25011331740266,-1.3559371568577,-0.414277439412894,2.29916505620339e-19,-2.018479513307e-18,0,-7.65625140089282e-19,0.000927481342221731,-0.000585956634382423,1,4.59764570447438e-19,-9.19674842223038e-20,1,0.00217222537146128,-0.0159947279836309,-0.0159947279836309,0.00794436627928002,-0.00445976827374019,0.0069643306373949,0.0069643306373949,0.00281881602866442,1,0,-5.42101086242752e-20,1,0.00217260142829229,-0.0159969494736287,-0.0159969494736287,0.00794434149299244,-0.00445954403387283,0.00696529790553899,0.00696529790553899,0.00281853481128856,-4.68386225631367,-53.5351707917634,-14.4544433296826,8.82375198662676,-14.4544433296826,8.82375198662676,23.0996889844742,11.6181135098238,1.73472347597681e-18,-1.15823564059331e-19,1.09422136005952e-19,0,0,0,0.00217222537146128,0.00794436627928002,-0.0159947279836309,-0.00445976827374019,0.00281881602866443,0.00696433063739491,1.28624269951586e-12,9.23925551571716e-09,1.2049947502628e-12,4.59764570447438e-19,3.46944695195361e-18,1.04442551011012e-14
NC_k0014,0.00526315789473684,0.00526315789473684,0.733096483577193,-43.4780442511734,-87.3906212258403,-41.0506616553487,-83.6042640248293,45.4253763244535,82.9128514261096,43.540562890433,83.4469205287684,1,480,2.93786298199976,-1.03818525312665,0.62689365052814,0.190862455893154,9.60005966594343e-19,-4.42892352295592e-19,0,-4.92993027636704e-19,0.00092702021406026,-0.000585765461123892,1,3.55043432281426e-19,-5.26367552919495e-20,1,0.00217222537146127,-0.0159947279836309,-0.0159947279836309,0.00794436627928002,-0.00445976827374019,0.0069643306373949,0.0069643306373949,0.00281881602866443,1,0,-5.42101086242752e-20,1,0.00217260142829229,-0.0159969494736287,-0.0159969494736287,0.00794434149299244,-0.00445954403387283,0.00696529790553899,0.00696529790553899,0.00281853481128856,-4.69182888005165,-53.5562029770275,-14.4198411200221,8.79679936082736,-14.4198411200221,8.79679936082736,23.1065665066707,11.6171429717838,1.73472347597681e-18,-8.81186131541863e-20,3.84512783818004e-20,0,0,0,0.00217222537146128,0.00794436627928002,-0.0159947279836309,-0.00445976827374019,0.00281881602866443,0.00696433063739491,1.01649853008299e-12,2.110901732282e-08,9.77689810133897e-13,3.55043432281426e-19,3.46944695195361e-18,4.54328884190421e-16
NC_k0014,0.0219298245614035,0.0219298245614035,0.734784696435861,-46.4290109428024,-93.2426492242363,-36.4729683724557,-77.670980064435,47.6231544503281,82.1699495860067,39.7429567384415,84.090110067091,1,480,12.1830213723856,-4.33075969652903,2.59124635303268,0.800406398652188,1.00383992161475e-18,1.4584319164943e-18,0,-6.01294130877047e-19,0.000929102949700748,-0.000586672952187969,1,4.60294547345283e-19,-2.90661497403022e-20,1,0.00217222537146127,-0.0159947279836309,-0.0159947279836309,0.00794436627928002,-0.00445976827374019,0.0069643306373949,0.0069643306373949,0.00281881602866443,1,0,-5.42101086242752e-20,1,0.00217260142829229,-0.0159969494736287,-0.0159969494736287,0.00794434149299244,-0.00445954403387283,0.00696529790553899,0.00696529790553899,0.00281853481128856,-4.6543525860589,-53.4691334500289,-14.5716504781477,8.91553159434233,-14.5716504781477,8.91553159434233,23.079025254263,11.6186153920816,2.60208521396521e-18,4.03769965313983e-19,1.0191108079804e-19,0,0,0,0.00217222537146128,0.00794436627928002,-0.0159947279836309,-0.00445976827374019,0.00281881602866443,0.00696433063739491,4.3450169047649e-13,1.52863958587099e-08,8.72076624392773e-13,4.60294547345283e-19,5.20417042793042e-18,2.05489216203622e-14
NC_k0014,0.0385964912280702,0.0385964912280702,0.73896861024337,-48.2397738527834,-98.6047884958577,-31.4015537354785,-72.0335256687937,49.0088700902449,81.8737746652045,35.1495647648155,84.0802283742165,1,480,21.1389793747769,-7.62308926002935,4.4602437378667,1.42392417466301,-1.35493507825166e-18,1.44842633980485e-19,0,-1.1464723289985e-19,0.000933956488951342,-0.000589145145451193,1,1.3712175246649e-19,1.34068434915321e-19,1,0.00217222537146127,-0.0159947279836309,-0.0159947279836309,0.00794436627928002,-0.00445976827374019,0.0069643306373949,0.0069643306373949,0.00281881602866442,1,0,-5.42101086242752e-20,1,0.00217260142829229,-0.0159969494736287,-0.0159969494736287,0.00794434149299244,-0.00445954403387283,0.00696529790553899,0.00696529790553899,0.00281853481128856,-4.55187544768487,-53.3375768086969,-14.8978520197477,9.17402935350117,-14.8978520197477,9.17402935350117,23.0471535194523,11.5991971473998,2.60208521396521e-18,-1.19237242094518e-19,8.06389639645532e-20,0,0,0,0.00217222537146128,0.00794436627928002,-0.0159947279836309,-0.00445976827374019,0.00281881602866443,0.00696433063739491,1.65554114802685e-13,1.86043841898149e-08,4.90875737264935e-13,1.3712175246649e-19,3.46944695195361e-18,3.29024587814136e-14
NC_k0015,-0.0447368421052632,-0.0447368421052632,0.515787066898258,131.510597273269,25.9483920384301,106.749169960539,25.4378837720522,-105.609896923173,-17.0941737347891,-133.384012333095,-35.7343812934102,1,480,-16.5292022810511,-17.0293048891772,-11.0743073661753,-3.61593129458915,1.29370386058803e-18,2.79388523695911e-19,0,5.06750695584686e-19,-0.00011289717570982,0.000374397816510306,1,5.26535406688897e-20,-3.67961409084836e-20,1,0.00657798911293621,-0.0101065793937027,-0.0101065793937027,-0.00692801170261272,0.0107208255033532,-0.00946792217555797,-0.00946792217555797,0.0014184908323871,1,-1.0842021724855e-19,0,1,0.00657751407779349,-0.0101079830852852,-0.0101079830852852,-0.00692754882103214,0.0107207132576413,-0.00946923716474903,-0.00946923716474903,0.00141902458213845,17.8084945972221,-38.4071600301378,2.97083739528633,-16.5004305993903,2.97083739528633,-16.5004305993903,-27.3513848414499,-3.56756970449786,2.16840434497101e-18,2.04984738343923e-19,-3.26326147244973e-19,0,0,0,0.00657798911293621,-0.00692801170261272,-0.0101065793937027,0.0107208255033532,0.00141849083238711,-0.00946792217555798,3.45245862204365e-13,4.04424982006098e-08,3.88711676028892e-13,5.26535406688897e-20,3.46944695195361e-18,1.24844028787874e-14
NC_k0015,-0.0280701754385965,-0.0280701754385965,0.514280485285728,125.983229179685,27.4496163082995,108.395919391653,26.8641183484731,-108.353872800951,-21.3607765592272,-126.775020649737,-34.4556052309037,1,480,-10.7013659609498,-10.9796639004077,-7.15473985424796,-2.2440453520163,7.16570021042437e-20,-1.71450056436111e-18,0,3.43524799670822e-19,-0.000117443093780318,0.000373577212094963,1,1.59020138012153e-19,-4.01002393545046e-20,1,0.00657798911293621,-0.0101065793937027,-0.0101065793937027,-0.00692801170261272,0.0107208255033532,-0.00946792217555798,-0.00946792217555798,0.0014184908323871,1,-1.0842021724855e-19,0,1,0.00657751407779349,-0.0101079830852852,-0.0101079830852852,-0.00692754882103214,0.0107207132576413,-0.00946923716474903,-0.00946923716474903,0.00141902458213845,17.6535354950335,-38.5206803433208,2.90038546012441,-16.2473072036991,2.90038546012441,-16.2473072036991,-27.4835731749867,-3.7080066539789,1.73472347597681e-18,3.94238900410999e-20,1.78118460427787e-19,0,0,0,0.00657798911293621,-0.00692801170261272,-0.0101065793937027,0.0107208255033532,0.00141849083238711,-0.00946792217555798,3.93140187067324e-13,2.9185700777402e-08,1.34754146684395e-13,1.59020138012153e-19,3.46944695195361e-18,1.40321281217858e-14
NC_k0015,-0.0114035087719298,-0.0114035087719298,0.513780512878131,119.769116498992,28.3492509032268,112.183852977519,28.0271775290005,-112.493696866363,-26.1486953655087,-120.214925337082,-31.7616685241066,1,480,-4.40379813310319,-4.51083194195807,-2.94182792477019,-0.903117650208876,-1.28661657709968e-18,6.26274985376148e-20,0,4.43104110532406e-20,-0.00012020930481021,0.000372940607479994,1,2.32221534802278e-19,1.18379788316147e-19,1,0.00657798911293622,-0.0101065793937027,-0.0101065793937027,-0.00692801170261272,0.0107208255033532,-0.00946792217555798,-0.00946792217555798,0.0014184908323871,1,-1.0842021724855e-19,0,1,0.00657751407779349,-0.0101079830852852,-0.0101079830852852,-0.00692754882103214,0.0107207132576413,-0.00946923716474903,-0.00946923716474903,0.00141902458213845,17.5727452632148,-38.6269419786511,2.8668206095638,-16.1062358682727,2.8668206095638,-16.1062358682727,-27.5799073232617,-3.79325443705897,1.30104260698261e-18,-7.23458388649799e-20,1.98334954867824e-20,0,0,0,0.00657798911293621,-0.00692801170261272,-0.0101065793937027,0.0107208255033532,0.00141849083238711,-0.00946792217555798,9.27985113590739e-13,1.85903413887106e-08,4.72731849981601e-13,2.32221534802278e-19,1.73472347597681e-18,2.37697868345846e-15
NC_k0015,0.00526315789473684,0.00526315789473684,0.51371356287079,114.010372070243,28.2857225929908,117.543290873967,28.4410856045263,-117.94471590284,-30.4381367694136,-114.363913802,-27.8264340498714,1,480,2.03606502091159,2.08506834958439,1.35997401226365,0.416063571166291,-5.91930446342947e-19,-1.60012464670218e-18,0,-8.07540036088569e-19,-0.000120653346750193,0.000372831392550797,1,1.43982491310025e-19,6.87904057074182e-20,1,0.00657798911293621,-0.0101065793937027,-0.0101065793937027,-0.00692801170261272,0.0107208255033532,-0.00946792217555798,-0.00946792217555798,0.0014184908323871,1,-1.0842021724855e-19,0,1,0.00657751407779349,-0.0101079830852852,-0.0101079830852852,-0.00692754882103214,0.0107207132576413,-0.00946923716474903,-0.00946923716474903,0.00141902458213845,17.5600342447101,-38.6456804581974,2.86192078238389,-16.0837709118868,2.86192078238389,-16.0837709118868,-27.595892694876,-3.80712355332409,1.73472347597681e-18,3.35165165189904e-20,1.52331347016707e-19,0,0,0,0.00657798911293621,-0.00692801170261272,-0.0101065793937027,0.0107208255033532,0.00141849083238711,-0.00946792217555798,1.952011601484e-12,2.77234926333952e-08,5.35989733056252e-13,1.43982491310025e-19,3.46944695195361e-18,2.16117133139504e-16
NC_k0015,0.0219298245614035,0.0219298245614035,0.514029949415665,109.570427397418,27.353415593379,123.708553943087,27.8820440686061,-124.316208002787,-33.6247802908639,-109.715380623767,-23.1275173702089,1,480,8.41390569928475,8.6254485171837,5.62298689143469,1.74608156222137,3.98224599217729e-19,9.41000664840324e-19,0,-3.86088205270351e-19,-0.000118710145896181,0.000373299778707101,1,1.85750894777364e-19,-6.84363774531294e-20,1,0.00657798911293622,-0.0101065793937027,-0.0101065793937027,-0.00692801170261272,0.0107208255033532,-0.00946792217555798,-0.00946792217555798,0.0014184908323871,1,-1.0842021724855e-19,0,1,0.00657751407779349,-0.0101079830852852,-0.0101079830852852,-0.00692754882103214,0.0107207132576413,-0.00946923716474903,-0.00946923716474903,0.00141902458213845,17.6159355763599,-38.5670438689304,2.88426570689755,-16.1821067734746,2.88426570689755,-16.1821067734746,-27.5270741841723,-3.74695420273711,1.73472347597681e-18,-2.49706728197373e-19,-4.13935330067633e-19,0,0,0,0.00657798911293621,-0.00692801170261272,-0.0101065793937027,0.0107208255033532,0.00141849083238711,-0.00946792217555798,3.29896075136898e-13,3.8609046993983e-08,9.73654606514418e-14,1.85750894777364e-19,3.46944695195361e-18,1.2311094416886e-14
NC_k0015,0.0385964912280702,0.0385964912280702,0.51502486708952,107.076759532593,25.9557793331977,129.630193152248,26.5261712856839,-130.985169635725,-35.424775333887,-106.462497155665,-18.5237177792027,1,480,14.4682648511961,14.8777530521744,9.68418590811224,3.10892092372234,-9.76020183253369e-19,-3.59311376225274e-18,0,2.01445610680754e-18,-0.000114706266536787,0.000374105851275436,1,-4.52748656723838e-20,-3.12807446140302e-19,1,0.00657798911293621,-0.0101065793937027,-0.0101065793937027,-0.00692801170261272,0.0107208255033532,-0.00946792217555798,-0.00946792217555798,0.0014184908323871,1,-1.0842021724855e-19,0,1,0.00657751407779349,-0.0101079830852852,-0.0101079830852852,-0.00692754882103214,0.0107207132576413,-0.00946923716474903,-0.00946923716474903,0.00141902458213845,17.7410484288249,-38.4395590357245,2.94013099162727,-16.3939238618236,2.94013099162727,-16.3939238618236,-27.3975710239572,-3.62418598769212,1.73472347597681e-18,2.78328809641312e-19,-5.40047536914203e-20,0,0,0,0.00657798911293621,-0.00692801170261272,-0.0101065793937027,0.0107208255033532,0.00141849083238711,-0.00946792217555798,1.85184513296322e-13,2.6223521294762e-08,9.10054411106841e-13,3.12807446140302e-19,3.46944695195361e-18,1.91854521025417e-14
NC_k0016,-0.0447368421052632,-0.0447368421052632,0.384668038970326,-137.240985825054,-1.18729508450736,-164.483789842538,25.8993612596276,117.941425295385,-4.53066498723733,180.469979662694,-27.7972750539066,1,480,-14.8476024789697,0.736210208009558,-4.6567594494169,6.74883486135667,1.6238150994457e-18,-1.59940334520803e-18,0,5.60616697074139e-19,-0.000502304301434244,-0.00157835942625042,1,6.07515433082339e-20,-5.57351308953252e-20,1,-0.0115585687257176,-0.00604009263940822,-0.00604009263940822,0.00793210257873352,-0.00816450835296581,0.00422070397820643,0.00422070397820643,-0.0090843260555411,1,1.0842021724855e-19,-2.16840434497101e-19,1,-0.011557954925779,-0.0060409315411637,-0.0060409315411637,0.00793136285983151,-0.00816483975001119,0.00422129018709229,0.00422129018709229,-0.00908459357635714,-24.1700397734305,-23.1851727385318,-3.32594383077737,18.7023514505086,-3.32594383077737,18.7023514505086,6.18598634512381,-5.42532870344949,1.51788304147971e-18,1.73751922659429e-19,1.1410309389334e-19,0,0,0,-0.0115585687257176,0.00793210257873352,-0.00604009263940822,-0.00816450835296581,-0.0090843260555411,0.00422070397820643,3.31281235153369e-13,3.4045711752581e-08,9.01757264534612e-13,6.07515433082339e-20,3.46944695195361e-18,1.73171084490978e-15
NC_k0016,-0.0280701754385965,-0.0280701754385965,0.383331129565552,-143.658047618525,4.17230813826774,-160.248484891242,21.3935308035675,130.134996320976,-9.28093146334248,170.361314829297,-23.9156814122328,1,480,-9.50399738675934,0.409131925822958,-3.00130560210901,4.30771501989254,-9.88116872531345e-20,-8.08784115729848e-19,0,-3.16340336019879e-19,-0.000499597453228697,-0.00157297749207309,1,1.78367012404872e-19,3.99989765159686e-20,1,-0.0115585687257176,-0.00604009263940822,-0.00604009263940822,0.00793210257873352,-0.00816450835296581,0.00422070397820643,0.00422070397820643,-0.0090843260555411,1,1.0842021724855e-19,-2.16840434497101e-19,1,-0.011557954925779,-0.0060409315411637,-0.0060409315411637,0.00793136285983151,-0.00816483975001119,0.00422129018709229,0.00422129018709229,-0.00908459357635714,-24.3504716047724,-23.3431259652261,-3.18308476643522,18.3394436871596,-3.18308476643522,18.3394436871596,6.0795634585988,-5.55471232424249,1.30104260698261e-18,8.58053573161106e-19,3.50243817890116e-19,0,0,0,-0.0115585687257176,0.00793210257873352,-0.00604009263940822,-0.00816450835296581,-0.0090843260555411,0.00422070397820643,3.18581761920091e-13,1.98106909265968e-08,1.78656691991503e-12,1.78367012404872e-19,6.93889390390723e-18,4.6919260168908e-14
NC_k0016,-0.0114035087719298,-0.0114035087719298,0.382824676285657,-149.332726213997,9.47834461121391,-155.925575420067,16.5161343143981,142.635560416251,-13.8512111378473,159.167102194225,-19.7801245486929,1,480,-3.89587471958494,0.150538238891346,-1.23596103862888,1.7635597491707,9.59053054528682e-19,1.23163884486696e-19,0,7.08278362582205e-19,-0.000498031731398437,-0.00157027016150532,1,1.49274993093242e-19,-1.58403692842389e-19,1,-0.0115585687257176,-0.00604009263940822,-0.00604009263940822,0.00793210257873352,-0.00816450835296581,0.00422070397820643,0.00422070397820643,-0.0090843260555411,1,1.0842021724855e-19,-2.16840434497101e-19,1,-0.011557954925779,-0.0060409315411637,-0.0060409315411637,0.00793136285983151,-0.00816483975001119,0.00422129018709229,0.00422129018709229,-0.00908459357635714,-24.4610767928436,-23.4608734291288,-3.09734704853791,18.1454287628561,-3.09734704853791,18.1454287628561,6.01962618788314,-5.64565184803694,8.67361737988404e-19,4.74733887209925e-19,5.40586774052251e-19,0,0,0,-0.0115585687257176,0.00793210257873352,-0.00604009263940822,-0.00816450835296581,-0.0090843260555411,0.00422070397820643,8.48417485480782e-13,9.14609097592989e-09,1.10400848662428e-12,1.58403692842389e-19,3.46944695195361e-18,3.42209698123048e-14
NC_k0016,0.00526315789473684,0.00526315789473684,0.382754539284126,-154.252733563065,14.6545338878726,-151.218663889313,11.4038105107976,154.826753721409,-18.2148492979208,147.18459853464,-15.4789863616334,1,480,1.8004533264899,-0.0682482403211117,0.571627678435689,-0.814863668926556,-2.50494112282698e-18,-9.90631501593506e-19,0,1.26075560242882e-19,-0.00049778086462497,-0.00156986511065801,1,1.8235212930131e-19,-5.11069956318469e-20,1,-0.0115585687257176,-0.00604009263940822,-0.00604009263940822,0.00793210257873352,-0.0081645083529658,0.00422070397820643,0.00422070397820643,-0.0090843260555411,1,1.0842021724855e-19,-2.16840434497101e-19,1,-0.011557954925779,-0.0060409315411637,-0.0060409315411637,0.00793136285983151,-0.00816483975001119,0.00422129018709229,0.00422129018709229,-0.00908459357635714,-24.4786778542868,-23.4810081805482,-3.08342762139142,18.1152345849349,-3.08342762139142,18.1152345849349,6.00992991348529,-5.66109115287867,1.30104260698261e-18,4.16705676495154e-19,-2.50255473320375e-19,0,0,0,-0.0115585687257176,0.00793210257873352,-0.00604009263940822,-0.00816450835296581,-0.0090843260555411,0.00422070397820643,1.85194070893092e-12,1.74614292578094e-08,9.77317897496582e-13,1.8235212930131e-19,5.20417042793042e-18,1.71136202787813e-14
NC_k0016,0.0219298245614035,0.0219298245614035,0.383082584312801,-158.682450835172,19.6310673430835,-145.846050580588,6.13822160468847,166.349793463058,-22.4137078022772,134.748845561137,-10.9912795284991,1,480,7.45742512432065,-0.306115116401605,2.35993230261332,-3.37801589586844,2.12390864546056e-18,1.020171775629e-18,0,3.10808152083125e-19,-0.000498871061749387,-0.00157169483005616,1,1.98621438582528e-19,-1.7473386735111e-20,1,-0.0115585687257176,-0.00604009263940822,-0.00604009263940822,0.00793210257873352,-0.00816450835296581,0.00422070397820643,0.00422070397820643,-0.0090843260555411,1,1.0842021724855e-19,-2.16840434497101e-19,1,-0.011557954925779,-0.0060409315411637,-0.0060409315411637,0.00793136285983151,-0.00816483975001119,0.00422129018709229,0.00422129018709229,-0.00908459357635714,-24.4014831731591,-23.3956499402662,-3.14387294560904,18.2489081662753,-3.14387294560904,18.2489081662753,6.05209465470694,-5.59535577639567,1.30104260698261e-18,8.71846127179582e-19,6.53166990147063e-19,0,0,0,-0.0115585687257176,0.00793210257873352,-0.00604009263940822,-0.00816450835296581,-0.0090843260555411,0.00422070397820643,4.08036180741383e-13,1.58873693658073e-08,1.37348948756887e-12,1.98621438582528e-19,5.20417042793042e-18,1.57948069998047e-14
NC_k0016,0.0385964912280702,0.0385964912280702,0.384020173015595,-162.912768879507,24.2945534263497,-139.661656253387,0.783637476535011,176.886113470765,-26.4106703851772,122.331999905388,-6.28838233710449,1,480,12.9260013024535,-0.609707207984958,4.06437705117462,-5.86788475360781,3.54589167544331e-19,6.29398419369149e-19,0,-6.08302005026596e-19,-0.000501216251491943,-0.00157603603716013,1,3.29113393229799e-20,9.66390369004472e-20,1,-0.0115585687257176,-0.00604009263940822,-0.00604009263940822,0.00793210257873352,-0.00816450835296581,0.00422070397820643,0.00422070397820643,-0.0090843260555411,1,1.0842021724855e-19,-2.16840434497101e-19,1,-0.011557954925779,-0.0060409315411637,-0.0060409315411637,0.00793136285983151,-0.00816483975001119,0.00422129018709229,0.00422129018709229,-0.00908459357635714,-24.2406301392163,-23.2411055136864,-3.26801107150588,18.5480752652421,-3.26801107150588,18.5480752652421,6.1408121689296,-5.47364879711558,1.30104260698261e-18,-2.05955991233243e-19,-8.4301950987519e-20,0,0,0,-0.0115585687257176,0.00793210257873352,-0.00604009263940822,-0.00816450835296581,-0.0090843260555411,0.00422070397820643,2.02693412642284e-13,1.20365174156133e-08,1.20693638374133e-12,9.66390369004472e-20,3.46944695195361e-18,1.79245342728296e-14
NC_k0017,-0.0447368421052632,-0.0447368421052632,0.381711021812195,-19.923984157374,111.283631335023,-49.8888440168058,168.247769499127,15.8036640505448,-124.088768123558,47.230473784182,-154.571775596409,1,480,0.797049282855772,-15.3572319347172,-4.80486027511419,7.40955728504905,5.89164354374569e-19,1.10887200707429e-18,0,-7.44621369975335e-19,-0.0012488010954536,0.000554789547292507,1,-6.42730405576432e-20,-2.53838528527789e-20,1,-0.0082771555149627,0.00450705118921081,0.00450705118921081,-0.00362172325633171,0.0152780878324339,-0.00620838961707159,-0.00620838961707159,-0.00510825188891229,1,0,0,1,-0.00827720044576572,0.00450767716854264,0.00450767716854264,-0.00362209148104158,0.0152775565330676,-0.00620925189340729,-0.00620925189340729,-0.00510736747024239,-7.8202405252322,8.13688399980464,20.1978361372993,-0.0990545583526347,20.1978361372993,-0.0990545583526347,-25.0848256920843,-20.6904979002401,2.16840434497101e-18,2.06943857059953e-19,-1.0109424368349e-19,0,0,0,-0.0082771555149627,-0.00362172325633171,0.00450705118921081,0.0152780878324339,-0.00510825188891229,-0.00620838961707159,2.25786037825647e-13,3.36704773701192e-08,5.27415371346233e-13,6.42730405576432e-20,5.20417042793042e-18,1.30884447273605e-15
NC_k0017,-0.0280701754385965,-0.0280701754385965,0.377376564033291,-26.1731524263114,122.782068092334,-45.0811288415012,159.131125623009,22.3805476447669,-131.180787003912,42.1074050537991,-149.939580651155,1,480,0.454721471382036,-9.8837166266094,-3.11156840122506,4.72047039181685,1.19193417546441e-19,1.23799159197136e-18,0,8.86287630403617e-19,-0.00124180908865724,0.000555142017762826,1,-1.92709870974061e-19,-1.04409296690928e-19,1,-0.0082771555149627,0.0045070511892108,0.0045070511892108,-0.0036217232563317,0.0152780878324339,-0.00620838961707159,-0.00620838961707159,-0.00510825188891229,1,0,0,1,-0.00827720044576572,0.00450767716854264,0.00450767716854264,-0.00362209148104158,0.0152775565330676,-0.00620925189340729,-0.00620925189340729,-0.00510736747024239,-7.9004693114464,8.04807535343715,19.7974150091951,0.0263544286719714,19.7974150091951,0.0263544286719714,-25.12244348264,-20.6883233382493,1.73472347597681e-18,1.92817507477665e-19,-1.15816272248725e-18,0,0,0,-0.0082771555149627,-0.00362172325633171,0.00450705118921081,0.0152780878324339,-0.00510825188891229,-0.00620838961707159,2.64915525221224e-13,2.5600281897226e-08,2.25597632214303e-12,1.92709870974061e-19,6.93889390390723e-18,7.64907028983062e-15
NC_k0017,-0.0114035087719298,-0.0114035087719298,0.375230692525082,-32.1529054606354,134.234174718708,-39.8424263276564,149.107666949483,28.6131124588518,-137.533642415301,36.6203358718638,-145.050121648382,1,480,0.170024226389889,-4.06330177740565,-1.28478159183519,1.929905042177,3.8747455997699e-19,1.74920244541894e-18,0,1.30773946122183e-18,-0.00123816077478203,0.000555476753290521,1,-1.32013439939275e-19,1.14902434191293e-19,1,-0.0082771555149627,0.00450705118921081,0.00450705118921081,-0.00362172325633171,0.0152780878324339,-0.00620838961707159,-0.00620838961707159,-0.00510825188891229,1,0,0,1,-0.00827720044576572,0.00450767716854264,0.00450767716854264,-0.00362209148104158,0.0152775565330676,-0.00620925189340729,-0.00620925189340729,-0.00510736747024239,-7.96613308518912,8.00236831760068,19.5824711018206,0.103596032772212,19.5824711018206,0.103596032772212,-25.1802769418031,-20.6929609335417,1.30104260698261e-18,2.36365198454571e-19,-1.2688558633205e-18,0,0,0,-0.0082771555149627,-0.00362172325633171,0.00450705118921081,0.0152780878324339,-0.00510825188891229,-0.00620838961707159,6.45045497508813e-13,1.28289030915132e-08,1.73468408242041e-12,1.32013439939275e-19,1.04083408558608e-17,3.28423975405889e-14
NC_k0017,0.00526315789473684,0.00526315789473684,0.374905501973645,-37.8277571744153,145.219273788713,-34.2775960549836,138.348059256096,34.5204889422591,-143.138245077769,30.825626626302,-139.676161225022,1,480,-0.0773499681134036,1.87863412324255,0.594423771192618,-0.891485414849979,3.08965193678357e-19,-2.92054313235323e-18,0,3.31854273844434e-18,-0.00123760517060954,0.000555538588456505,1,-9.84072461001996e-20,-4.90210691294683e-20,1,-0.0082771555149627,0.00450705118921081,0.00450705118921081,-0.00362172325633171,0.0152780878324339,-0.00620838961707159,-0.00620838961707159,-0.00510825188891229,1,0,0,1,-0.00827720044576572,0.00450767716854264,0.00450767716854264,-0.00362209148104158,0.0152775565330676,-0.00620925189340729,-0.00620925189340729,-0.00510736747024239,-7.9777316913471,7.99522096296614,19.5489518624938,0.11618309948512,19.5489518624938,0.11618309948512,-25.1913821026681,-20.6937045882199,2.16840434497101e-18,5.39620143214343e-20,-2.84843492259646e-19,0,0,0,-0.0082771555149627,-0.00362172325633171,0.00450705118921081,0.0152780878324339,-0.00510825188891229,-0.00620838961707159,6.5349852078248e-13,1.95598292748485e-08,2.03789911895706e-12,9.84072461001996e-20,3.46944695195361e-18,2.81327392593999e-14
NC_k0017,0.0219298245614035,0.0219298245614035,0.376363302434506,-43.194165543304,155.536027428241,-28.4132217292486,127.039349310309,40.1233257558965,-148.1814686168,24.7168827258453,-133.614949281345,1,480,-0.342718736695448,7.765930036747,2.44965972901701,-3.69928515951553,1.24913536918368e-18,1.27213760765755e-19,0,3.41425746148408e-18,-0.00124008940219729,0.00055528849444559,1,-1.05548518861207e-19,-8.95258002883633e-20,1,-0.0082771555149627,0.00450705118921081,0.00450705118921081,-0.00362172325633171,0.0152780878324339,-0.00620838961707159,-0.00620838961707159,-0.00510825188891229,1,0,0,1,-0.00827720044576572,0.00450767716854264,0.00450767716854264,-0.00362209148104158,0.0152775565330676,-0.00620925189340729,-0.00620925189340729,-0.00510736747024239,-7.92922568801995,8.02682908425296,19.6972087948894,0.0615768925579564,19.6972087948894,0.0615768925579564,-25.1465120740579,-20.6904009850039,1.30104260698261e-18,2.58203885028046e-19,-4.21543622872595e-19,0,0,0,-0.0082771555149627,-0.00362172325633171,0.00450705118921081,0.0152780878324339,-0.00510825188891229,-0.00620838961707159,2.15298858884113e-13,1.97457293270344e-08,1.555376098856e-12,1.05548518861207e-19,1.73472347597681e-18,2.74337961810469e-14
NC_k0017,0.0385964912280702,0.0385964912280702,0.379808896963422,-48.1794227414285,165.002524276219,-22.2474977961472,115.474408415304,45.3929943636765,-152.876894901984,18.2619182441494,-126.764163461081,1,480,-0.667334120729868,13.4000310419755,4.20178998401103,-6.43790987619601,-5.87562932708667e-20,-4.72935552143518e-19,0,1.87834850009561e-18,-0.0012458258425466,0.000554875218271553,1,-2.4943677900485e-20,-2.50490990237986e-19,1,-0.0082771555149627,0.0045070511892108,0.0045070511892108,-0.00362172325633171,0.0152780878324339,-0.00620838961707159,-0.00620838961707159,-0.00510825188891229,1,0,0,1,-0.00827720044576572,0.00450767716854264,0.00450767716854264,-0.00362209148104158,0.0152775565330676,-0.00620925189340729,-0.00620925189340729,-0.00510736747024239,-7.84740796118241,8.09774078658307,20.0277879932459,-0.049007206849156,20.0277879932459,-0.049007206849156,-25.0886540180548,-20.6865653291611,1.73472347597681e-18,1.42187655723837e-19,8.67803374706049e-19,0,0,0,-0.0082771555149627,-0.00362172325633171,0.00450705118921081,0.0152780878324339,-0.00510825188891229,-0.00620838961707159,2.25093054176757e-13,1.44983430224906e-08,1.4585423499312e-12,2.50490990237986e-19,1.21430643318376e-17,3.1715738924207e-14
NC_k0018,-0.0447368421052632,-0.0447368421052632,0.622662240652489,-36.7570535395867,-34.0447710394658,5.82263095444374,-57.599427781497,25.2992768384373,34.3753139795333,7.09144173020682,68.1784991981773,1,480,30.3198337967677,12.4790067613168,14.1236173841678,-1.42978029841926,-1.38585178082644e-18,5.10231471602309e-19,0,-6.74092642226614e-19,0.00024306674315225,0.00162846378381612,1,9.22170274150747e-20,1.08275608085674e-19,1,0.000480665222583365,0.0166506935722712,0.0166506935722712,0.00125668900088172,-0.000142525586410516,0.00356399801294227,0.00356399801294227,0.0104029660136978,1,0,5.42101086242752e-20,1,0.000480722330253156,0.0166530061686007,0.0166530061686007,0.00125669221801135,-0.000141981290861425,0.0035644930126663,0.00356449301266629,0.0104027779834413,-1.58882803592919,64.1273200546454,0.609970416119831,2.44692312776697,0.609970416119831,2.44692312776697,11.9621158145618,10.9416383053218,1.73472347597681e-18,-2.42891560282607e-19,4.72268974114332e-20,0,0,0,0.000480665222583363,0.00125668900088172,0.0166506935722712,-0.000142525586410515,0.0104029660136978,0.00356399801294227,1.11601460520317e-13,2.61699392949782e-08,6.51349646054424e-13,1.08275608085674e-19,3.46944695195361e-18,4.45756524219997e-15
NC_k0018,-0.0280701754385965,-0.0280701754385965,0.626032443278076,-26.8836380987652,-39.9106557025749,1.41764828984589,-54.7902379944652,19.1553892333394,41.5887071948872,7.87677773323336,64.0878886628967,1,480,19.5423517735497,8.07470823156119,9.11362980168664,-0.97744453846271,-7.89434706841008e-19,1.07811412317711e-18,0,-4.43514392116232e-19,0.000248492204086429,0.00162172359337518,1,-3.24297629406331e-19,7.25625174143234e-20,1,0.000480665222583364,0.0166506935722712,0.0166506935722712,0.00125668900088172,-0.000142525586410518,0.00356399801294227,0.00356399801294227,0.0104029660136978,1,0,5.42101086242752e-20,1,0.000480722330253156,0.0166530061686007,0.0166530061686007,0.00125669221801135,-0.000141981290861425,0.0035644930126663,0.00356449301266629,0.0104027779834413,-1.31734067714811,64.3348547007106,0.504661012455964,2.52384960470921,0.504661012455964,2.52384960470921,12.2452769570595,11.2793082284293,1.73472347597681e-18,-6.92858166785577e-20,2.89761627624051e-19,0,0,0,0.000480665222583363,0.00125668900088172,0.0166506935722712,-0.000142525586410515,0.0104029660136978,0.00356399801294227,1.95475725101859e-13,2.59777281676066e-08,6.88654730587239e-13,3.24297629406331e-19,5.20417042793042e-18,2.71334376662964e-14
NC_k0018,-0.0114035087719298,-0.0114035087719298,0.628621559453871,-16.9319518287046,-45.3810188790149,-5.12766939770519,-51.4181223527137,14.0907596972535,49.211951496714,9.5827097746075,58.5984130132701,1,480,8.029739989197,3.32596900860025,3.74738396927311,-0.416153017245165,3.54059771952298e-19,-1.04252550450263e-18,0,-4.03637669146276e-19,0.000251642479592375,0.00161846554075016,1,-4.28237646558027e-19,6.82431231878928e-20,1,0.000480665222583363,0.0166506935722712,0.0166506935722712,0.00125668900088172,-0.000142525586410516,0.00356399801294227,0.00356399801294227,0.0104029660136978,1,0,5.42101086242752e-20,1,0.000480722330253156,0.0166530061686007,0.0166530061686007,0.00125669221801135,-0.000141981290861425,0.0035644930126663,0.00356449301266629,0.0104027779834413,-1.17051503436103,64.5291610135771,0.434830423805672,2.5618925734655,0.434830423805672,2.5618925734655,12.4095593837418,11.4961888219993,1.73472347597681e-18,3.83873520145319e-20,-2.20279913485461e-19,0,0,0,0.000480665222583363,0.00125668900088172,0.0166506935722712,-0.000142525586410515,0.0104029660136978,0.00356399801294227,8.09009628011175e-13,1.54703654862249e-08,1.56762299533364e-12,4.28237646558027e-19,3.46944695195361e-18,2.80813564633005e-14
NC_k0018,0.00526315789473684,0.00526315789473684,0.629063820439907,-8.01707364858483,-49.9684806333853,-13.4892814227975,-47.1838005477798,10.5249018656001,56.2580568426131,12.5989948940183,51.9073868916363,1,480,-3.71185934374481,-1.53807624574355,-1.73247874453115,0.193544536968813,-5.06896279372495e-19,8.97636548407844e-19,0,1.6472143846136e-19,0.000252136906098124,0.00161798489981459,1,-3.26764100551669e-19,-4.058412951005e-21,1,0.000480665222583361,0.0166506935722712,0.0166506935722712,0.00125668900088172,-0.00014252558641052,0.00356399801294227,0.00356399801294227,0.0104029660136978,1,0,5.42101086242752e-20,1,0.000480722330253156,0.0166530061686007,0.0166530061686007,0.00125669221801135,-0.000141981290861425,0.0035644930126663,0.00356449301266629,0.0104027779834413,-1.14766690655752,64.5637138389866,0.423083164155043,2.56742487305604,0.423083164155043,2.56742487305604,12.4355375293954,11.5320327847555,1.30104260698261e-18,3.53258117002636e-19,5.8020677640024e-19,0,0,0,0.000480665222583363,0.00125668900088172,0.0166506935722712,-0.000142525586410515,0.0104029660136978,0.00356399801294227,1.2720790543122e-12,2.26045190380137e-08,3.55093692650107e-13,3.26764100551669e-19,4.85180472187263e-18,1.60604205738995e-14
NC_k0018,0.0219298245614035,0.0219298245614035,0.627185038950269,-0.760243557095551,-53.6326156681624,-23.1554587843355,-42.0098986847555,8.37456983636549,62.2213794806505,17.1270100148438,44.4160778489198,1,480,-15.3529255612436,-6.35074890957293,-7.16221257536948,0.780467444069988,2.20056512718707e-18,6.97531632063916e-19,0,1.44571318739568e-19,0.000249944943364083,0.00162016345734868,1,-5.3181358275363e-19,8.06381589770613e-20,1,0.000480665222583363,0.0166506935722712,0.0166506935722712,0.00125668900088172,-0.000142525586410518,0.00356399801294227,0.00356399801294227,0.0104029660136978,1,0,5.42101086242752e-20,1,0.000480722330253156,0.0166530061686007,0.0166530061686007,0.00125669221801135,-0.000141981290861425,0.0035644930126663,0.00356449301266629,0.0104027779834413,-1.24878743950625,64.4194460283155,0.473314807677484,2.5420391114693,0.473314807677484,2.5420391114693,12.3213249916978,11.377596842825,1.73472347597681e-18,8.32452968552735e-20,2.89761627624051e-19,0,0,0,0.000480665222583363,0.00125668900088172,0.0166506935722712,-0.000142525586410515,0.0104029660136978,0.00356399801294227,3.22706004789025e-13,2.49757180345928e-08,1.34181361401909e-12,5.3181358275363e-19,5.20417042793042e-18,3.46952971312482e-14
NC_k0018,0.0385964912280702,0.0385964912280702,0.623821149306135,4.46278284261468,-56.6056260293691,-33.2259502383787,-36.195365278373,7.30206318269044,66.8404768233237,22.9667507491545,36.8944567611496,1,480,-26.4831849069432,-10.9159025187831,-12.3416988504897,1.27844301013756,1.75505226671091e-18,5.70688448212585e-19,0,4.26057572468913e-19,0.000245288455101934,0.00162551788704671,1,-1.14274441413251e-19,1.53529754112129e-19,1,0.000480665222583363,0.0166506935722712,0.0166506935722712,0.00125668900088172,-0.000142525586410517,0.00356399801294227,0.00356399801294227,0.0104029660136978,1,0,5.42101086242752e-20,1,0.000480722330253156,0.0166530061686007,0.0166530061686007,0.00125669221801135,-0.000141981290861425,0.0035644930126663,0.00356449301266629,0.0104027779834413,-1.47441735685816,64.1872460358415,0.568840977532819,2.47979424553292,0.568840977532819,2.47979424553292,12.0771607817364,11.0738618024673,1.73472347597681e-18,1.03949902125712e-19,-9.68790031566819e-20,0,0,0,0.000480665222583363,0.00125668900088172,0.0166506935722712,-0.000142525586410515,0.0104029660136978,0.00356399801294227,1.21154028582322e-13,2.21804113160698e-08,7.36755150859047e-13,1.53529754112129e-19,3.46944695195361e-18,1.95768503271497e-14
NC_k0019,-0.0447368421052632,-0.0447368421052632,0.393232266631521,162.991970504852,50.808420500043,193.651924114018,38.7299766320479,-144.2521736886,-58.5538314884995,-207.124530630326,-28.1399970562668,1,480,13.8388450661434,7.07321450354922,6.90097965799856,-5.66076417970516,1.34651768833832e-19,-2.68171954589692e-19,0,5.60173328265811e-19,0.000541171834460134,0.000640443063667177,1,-5.84149314390928e-20,2.68545161316913e-20,1,0.0127487187526354,0.00482985425188675,0.00482985425188675,-0.0129637010912488,0.00660789271466915,0.00131317934767683,0.00131317934767683,0.00083453337904835,1,0,0,1,0.0127478222279474,0.00483052506497729,0.00483052506497729,-0.0129628120312254,0.00660782145958968,0.00131336173369734,0.00131336173369734,0.000834863051700521,28.4867111131148,14.9505824227719,7.8272232706449,-21.0390320306774,7.8272232706449,-21.0390320306774,15.8241303996379,-5.19461745046373,1.0842021724855e-18,3.00978968599291e-19,-1.29775436408327e-19,0,0,0,0.0127487187526354,-0.0129637010912488,0.00482985425188675,0.00660789271466915,0.000834533379048352,0.00131317934767683,1.3067067763722e-13,2.10675434265439e-08,8.73797927519236e-13,5.84149314390928e-20,3.46944695195361e-18,8.04648013065177e-15
NC_k0019,-0.0280701754385965,-0.0280701754385965,0.392191169985757,170.037629207965,47.2420968282452,189.067788744484,39.9806268499823,-156.726796136298,-52.0615849631459,-197.028785692219,-32.3013452345543,1,480,8.85545792814778,4.65611219569597,4.45881814086846,-3.62371915969668,-1.36478183626349e-19,6.3784227906209e-19,0,3.20549030976549e-19,0.000535023025706838,0.000640782724309372,1,-1.56056999273847e-19,-1.73597735038065e-20,1,0.0127487187526354,0.00482985425188675,0.00482985425188675,-0.0129637010912488,0.00660789271466915,0.00131317934767683,0.00131317934767683,0.000834533379048351,1,0,0,1,0.0127478222279474,0.00483052506497729,0.00483052506497729,-0.0129628120312254,0.00660782145958968,0.00131336173369734,0.00131336173369734,0.000834863051700521,28.6865931154742,15.1439627561733,7.6760977384546,-20.7023481565786,7.6760977384546,-20.7023481565786,15.8637911142907,-5.15320646910373,1.0842021724855e-18,-1.4062763037913e-18,-2.67047271009936e-19,0,0,0,0.0127487187526354,-0.0129637010912488,0.00482985425188675,0.00660789271466915,0.000834533379048352,0.00131317934767683,3.76315426910045e-13,1.15991329807418e-08,5.4021173624299e-13,1.56056999273847e-19,1.04083408558608e-17,3.21298190623546e-14
NC_k0019,-0.0114035087719298,-0.0114035087719298,0.391836300765978,176.530566943242,44.4096530852257,184.183831779459,41.5419422736738,-169.396232143434,-45.6233922098461,-185.925545230064,-37.4655913900253,1,480,3.62973782060953,1.9361940307151,1.83675751093712,-1.48583344041726,-1.57913411147803e-18,-6.66773748166745e-20,0,-2.17475709207542e-19,0.000531638940995469,0.000641175448597113,1,-1.14627266567144e-19,5.07727313918345e-20,1,0.0127487187526354,0.00482985425188675,0.00482985425188675,-0.0129637010912488,0.00660789271466915,0.00131317934767683,0.00131317934767683,0.000834533379048352,1,0,0,1,0.0127478222279474,0.00483052506497729,0.00483052506497729,-0.0129628120312254,0.00660782145958968,0.00131336173369734,0.00131336173369734,0.000834863051700521,28.8179533608337,15.2650067549441,7.58802582485676,-20.5259114856081,7.58802582485676,-20.5259114856081,15.9169278097422,-5.12432206611607,1.51788304147971e-18,-9.92502390098337e-19,-2.05067772331039e-19,0,0,0,0.0127487187526354,-0.0129637010912488,0.00482985425188675,0.00660789271466915,0.000834533379048352,0.00131317934767683,3.29114672611826e-13,9.07071021689679e-09,1.19407088208775e-12,1.14627266567144e-19,8.67361737988404e-18,2.12503861138219e-14
NC_k0019,0.00526315789473684,0.00526315789473684,0.391789223434076,182.251083953448,42.2173763896307,178.722885847408,43.534820178392,-181.608020694942,-39.5579927011497,-173.969266237465,-43.3325463255101,1,480,-1.67748293488284,-0.89664055475909,-0.849460751581832,0.686733553725226,1.54800565066644e-18,-3.50883398400094e-19,0,-1.88782468119302e-19,0.000531112163644979,0.000641251062772616,1,-1.08374115130208e-19,-2.10113507021875e-20,1,0.0127487187526354,0.00482985425188675,0.00482985425188675,-0.0129637010912488,0.00660789271466915,0.00131317934767683,0.00131317934767683,0.000834533379048351,1,0,0,1,0.0127478222279474,0.00483052506497729,0.00483052506497729,-0.0129628120312254,0.00660782145958968,0.00131336173369734,0.00131336173369734,0.000834863051700521,28.8394252944512,15.2846716107102,7.57380848909428,-20.4986292132278,7.57380848909428,-20.4986292132278,15.9271186367667,-5.11927642833871,8.67361737988404e-19,-9.38876505207878e-19,-4.16394121185264e-20,0,0,0,0.0127487187526354,-0.0129637010912488,0.00482985425188675,0.00660789271466915,0.000834533379048352,0.00131317934767683,1.58146343082e-12,9.27636523223661e-09,7.21428756692941e-13,1.08374115130208e-19,8.67361737988404e-18,4.39227417509238e-15
NC_k0019,0.0219298245614035,0.0219298245614035,0.392013713383473,187.32154115528,40.5151014733624,172.518289816857,46.1167971646029,-193.050345442423,-34.1061568436099,-161.419624245225,-49.66428899657,1,480,-6.94824480354231,-3.67835729306208,-3.5067786918795,2.84374184161992,-2.31978501451311e-18,3.47667320178488e-19,0,-8.376626452753e-19,0.000533441279287908,0.000640950684856596,1,-1.78243572733782e-19,-2.63278893360762e-20,1,0.0127487187526354,0.00482985425188675,0.00482985425188675,-0.0129637010912488,0.00660789271466915,0.00131317934767683,0.00131317934767683,0.000834533379048351,1,0,0,1,0.0127478222279474,0.00483052506497729,0.00483052506497729,-0.0129628120312254,0.00660782145958968,0.00131336173369734,0.00131336173369734,0.000834863051700521,28.7463986910205,15.1993938807652,7.63567819675675,-20.6197418430356,7.63567819675675,-20.6197418430356,15.8858599384215,-5.14045666159576,6.50521303491303e-19,-6.55864650158168e-19,-1.15585684881462e-19,0,0,0,0.0127487187526354,-0.0129637010912488,0.00482985425188675,0.00660789271466915,0.000834533379048352,0.00131317934767683,2.64859074147826e-13,2.30606161780718e-08,6.35493335927047e-13,1.78243572733782e-19,5.20417042793042e-18,8.4963075529385e-16
NC_k0019,0.0385964912280702,0.0385964912280702,0.392713121161932,191.973139402287,39.1573496316241,165.60794037071,49.4085502433935,-203.525383616535,-29.5315630561406,-148.753492625418,-56.18303782892,1,480,-12.0455683603432,-6.23120133277305,-6.03133399872832,4.92782898276573,-1.36552299009234e-18,4.71691472502239e-20,0,-4.88129205634892e-19,0.000538624597156911,0.00064051992440527,1,-4.48445881311884e-20,4.00297063774872e-20,1,0.0127487187526354,0.00482985425188675,0.00482985425188675,-0.0129637010912488,0.00660789271466915,0.00131317934767683,0.00131317934767683,0.000834533379048352,1,0,0,1,0.0127478222279474,0.00483052506497729,0.00483052506497729,-0.0129628120312254,0.00660782145958968,0.00131336173369734,0.00131336173369734,0.000834863051700521,28.5625362771135,15.0261740959028,7.76495200481029,-20.8947513820528,7.76495200481029,-20.8947513820528,15.8315269952426,-5.17856063087327,8.67361737988404e-19,-3.32170437189333e-20,-1.86446525433731e-19,0,0,0,0.0127487187526354,-0.0129637010912488,0.00482985425188675,0.00660789271466915,0.000834533379048352,0.00131317934767683,2.08817152445192e-13,1.56985376253829e-08,4.15811407173801e-13,4.48445881311884e-20,1.73472347597681e-18,1.80931753351606e-14
NC_k0020,-0.0447368421052632,-0.0447368421052632,0.373414242403215,15.5320624453146,125.980954139838,21.9139207417279,183.0383453914,-22.1702772325159,-155.476224646592,-15.3052975943702,-159.784505834333,1,480,10.0387757624819,2.11233616669803,4.00986693662938,5.40611732102587,-4.14252050766556e-19,-8.59261985430284e-19,0,-2.92551945091834e-18,-0.000272169103960451,-0.00146558196595968,1,4.07334563881674e-20,-3.0238253950347e-20,1,-0.000641862031582153,0.00761351814436902,0.00761351814436902,-0.0054579085922262,-0.00107937272190659,0.00271105892574516,0.00271105892574516,-0.0174160472675352,1,0,1.0842021724855e-19,1,-0.000642135154216617,0.00761457557744463,0.00761457557744463,-0.00545784726718284,-0.00108026106859202,0.00271143546170707,0.00271143546170707,-0.0174158011229328,2.40566367928667,17.7100912601914,17.0976086650897,-2.8618129233434,17.0976086650897,-2.8618129233434,11.3716664587693,-26.5920264612167,1.30104260698261e-18,-7.02044727235696e-21,7.03697082455746e-19,0,0,0,-0.000641862031582153,-0.0054579085922262,0.00761351814436903,-0.00107937272190659,-0.0174160472675352,0.00271105892574516,4.3848098136476e-13,2.0301299656259e-08,1.32542858441332e-12,4.07334563881674e-20,1.73472347597681e-18,2.08121712829162e-15
NC_k0020,-0.0280701754385965,-0.0280701754385965,0.374718210522968,17.3155011685635,135.647273314148,22.195012410317,172.730355142842,-22.0728474482064,-156.694532358556,-17.4642736030642,-157.958760612321,1,480,6.37637142322741,1.50137843246776,2.59965745237938,3.41686160328262,-8.24930681286883e-19,-2.04232878472813e-18,0,6.395628147362e-19,-0.000272934422892801,-0.00145719220326821,1,-6.90574200350002e-20,4.60004166373685e-20,1,-0.000641862031582151,0.00761351814436902,0.00761351814436902,-0.0054579085922262,-0.00107937272190658,0.00271105892574516,0.00271105892574516,-0.0174160472675352,1,0,1.0842021724855e-19,1,-0.000642135154216617,0.00761457557744463,0.00761457557744463,-0.00545784726718284,-0.00108026106859202,0.00271143546170707,0.00271143546170707,-0.0174158011229328,2.55677405328834,17.8374865190483,16.8524542430381,-2.81854229044242,16.8524542430381,-2.81854229044242,11.1984175559448,-26.8174177895012,1.30104260698261e-18,-2.55445236488986e-19,2.20346183756521e-19,0,0,0,-0.000641862031582153,-0.0054579085922262,0.00761351814436903,-0.00107937272190659,-0.0174160472675352,0.00271105892574516,3.79083558465362e-13,1.85889482892033e-08,8.45071646709968e-13,6.90574200350002e-20,3.46944695195361e-18,9.77730966464053e-15
NC_k0020,-0.0114035087719298,-0.0114035087719298,0.37562324104421,19.3772663943137,146.308328689208,21.5553722204099,161.648499010628,-21.4520724595633,-157.0386952033,-19.5004920477363,-157.213660557427,1,480,2.59717024047185,0.642658357918788,1.0691434374689,1.39086266755868,-2.74756312265614e-19,2.44845461315696e-20,0,-1.83526893379385e-18,-0.000273388564158575,-0.00145242602056714,1,-1.38301344757668e-19,-7.88080045946684e-20,1,-0.000641862031582155,0.00761351814436903,0.00761351814436903,-0.0054579085922262,-0.00107937272190658,0.00271105892574516,0.00271105892574516,-0.0174160472675352,1,0,1.0842021724855e-19,1,-0.000642135154216617,0.00761457557744463,0.00761457557744463,-0.00545784726718284,-0.00108026106859202,0.00271143546170707,0.00271143546170707,-0.0174158011229328,2.63977323665209,17.9124847227668,16.720342942133,-2.79512343312946,16.720342942133,-2.79512343312946,11.120829478771,-26.9569588632446,1.0842021724855e-18,3.55411547708196e-19,-1.17612500575912e-19,0,0,0,-0.000641862031582153,-0.0054579085922262,0.00761351814436903,-0.00107937272190659,-0.0174160472675352,0.00271105892574516,1.1570869079839e-12,1.12944217867536e-08,9.17768767137494e-13,1.38301344757668e-19,3.46944695195361e-18,2.36454596694028e-14
NC_k0020,0.00526315789473684,0.00526315789473684,0.375769223716386,21.0958231449854,157.490080281811,20.0771245385622,150.391217329343,-20.1423384286865,-157.118045085296,-21.048981269396,-157.060661034263,1,480,-1.19896996494544,-0.298657021516351,-0.494216905532397,-0.641993117293481,5.88184972529306e-19,1.0669968157444e-19,0,-3.50711344832683e-19,-0.000273459995454294,-0.00145167186518356,1,-8.85604043602e-20,-5.5248761133629e-20,1,-0.000641862031582151,0.00761351814436903,0.00761351814436903,-0.0054579085922262,-0.00107937272190658,0.00271105892574516,0.00271105892574516,-0.0174160472675352,1,0,1.0842021724855e-19,1,-0.000642135154216617,0.00761457557744463,0.00761457557744463,-0.00545784726718284,-0.00108026106859202,0.00271143546170707,0.00271143546170707,-0.0174158011229328,2.65271874247928,17.9240650052025,16.6996086347274,-2.7914641624105,16.6996086347274,-2.7914641624105,11.1096135144339,-26.9792394410219,1.30104260698261e-18,-1.24445451542818e-19,-5.62772257169848e-19,0,0,0,-0.000641862031582153,-0.0054579085922262,0.00761351814436903,-0.00107937272190659,-0.0174160472675352,0.00271105892574516,4.11894726517386e-12,1.37364316343258e-08,1.39635352269541e-12,8.85604043602e-20,8.89045781438114e-18,5.02270814835883e-15
NC_k0020,0.0219298245614035,0.0219298245614035,0.37513232612918,22.0681179177557,168.706390010312,18.0813255277608,139.48869895801,-18.2512942193935,-157.583776234474,-21.9210037104617,-156.897404922264,1,480,-4.98928459733954,-1.20338665331808,-2.04358151271704,-2.6722311490839,-2.75497466094461e-19,-9.2284239603356e-19,0,-4.12452105753641e-19,-0.000273143974846461,-0.001454981748534,1,-1.69012884557605e-19,-1.03036234760241e-20,1,-0.000641862031582152,0.00761351814436902,0.00761351814436902,-0.0054579085922262,-0.00107937272190659,0.00271105892574516,0.00271105892574516,-0.0174160472675352,1,0,1.0842021724855e-19,1,-0.000642135154216617,0.00761457557744463,0.00761457557744463,-0.00545784726718284,-0.00108026106859202,0.00271143546170707,0.00271143546170707,-0.0174158011229328,2.59547474200946,17.8725920539813,16.7910182969589,-2.80763988854984,16.7910182969589,-2.80763988854984,11.1609277531403,-26.8816586464984,1.30104260698261e-18,-2.28339241029129e-19,4.91406138355089e-19,0,0,0,-0.000641862031582153,-0.0054579085922262,0.00761351814436903,-0.00107937272190659,-0.0174160472675352,0.00271105892574516,9.81987319441218e-13,1.6679463154692e-08,1.72707846324254e-12,1.69012884557605e-19,3.46944695195361e-18,1.89411225391282e-14
NC_k0020,0.0385964912280702,0.0385964912280702,0.373876951697235,22.1167449553878,179.365625861199,16.1114487509657,129.384722223536,-16.0862413761736,-158.958933801808,-22.1719543871995,-156.046565791665,1,480,-8.71722776201294,-1.92961945272297,-3.51345958086284,-4.68174579173194,-1.73827042644343e-19,-6.46233199195828e-19,0,2.24954745434001e-18,-0.000272479413973969,-0.00146213688508823,1,8.5361101372592e-21,1.10746840718496e-19,1,-0.000641862031582153,0.00761351814436903,0.00761351814436903,-0.0054579085922262,-0.00107937272190658,0.00271105892574516,0.00271105892574516,-0.0174160472675352,1,0,1.0842021724855e-19,1,-0.000642135154216617,0.00761457557744463,0.00761457557744463,-0.00545784726718284,-0.00108026106859202,0.00271143546170707,0.00271143546170707,-0.0174158011229328,2.46884598259332,17.7599618696177,16.9932379276701,-2.84357152737863,16.9932379276701,-2.84357152737863,11.2934555376115,-26.6799001201467,1.30104260698261e-18,1.27982557556846e-19,-9.72675062259492e-20,0,0,0,-0.000641862031582153,-0.0054579085922262,0.00761351814436903,-0.00107937272190659,-0.0174160472675352,0.00271105892574516,2.49115463706245e-13,1.64459325858674e-08,1.76586826855485e-12,1.10746840718496e-19,3.46944695195361e-18,1.08386302538472e-14
NC_k0021,-0.0447368421052632,-0.0447368421052632,0.295290072484307,-120.59067402175,-48.6047870650077,-108.460582770138,-58.1717488647951,94.4727944597287,46.8067967312306,127.295375306955,63.9343433222761,1,480,11.540294477323,7.21646689626941,6.18973125328551,2.03240347292463,-1.805520210244e-18,5.2459132703623e-19,0,-1.22133217443455e-19,-0.00167794935380209,0.000326765683394261,1,-5.42702711672665e-20,4.93523087881046e-20,1,-0.0157696505906199,0.00743347769776725,0.00743347769776725,-0.00490678345698626,-0.00639315530433365,0.00364612015319482,0.00364612015319482,0.00422118215147607,1,0,0,1,-0.0157696323736022,0.00743451012522527,0.00743451012522527,-0.00490751960574173,-0.00639282445881701,0.00364662655877165,0.00364662655877165,0.00422077589022495,-20.2032567876684,30.9383088193954,-4.93679765176681,10.1582131796359,-4.93679765176681,10.1582131796359,5.81744798336855,9.17596941723603,1.30104260698261e-18,4.2346985128953e-19,-2.07392794520993e-19,0,0,0,-0.0157696505906199,-0.00490678345698626,0.00743347769776725,-0.00639315530433366,0.00422118215147607,0.00364612015319482,4.21758539136147e-13,2.73444985347725e-08,5.00279242367313e-13,5.42702711672665e-20,2.60208521396521e-18,8.34669142085307e-14
NC_k0021,-0.0280701754385965,-0.0280701754385965,0.297051185134538,-117.90633553985,-51.5794968989673,-108.925297528058,-57.3883370917642,98.9404508495723,50.6877015763285,120.610810627265,62.2430385285096,1,480,7.55886220186286,4.59457647395288,4.01063476301924,1.26721956619019,3.99541470752913e-19,1.3649671247207e-18,0,2.86259085863776e-19,-0.00166835751082587,0.000321381865635141,1,-1.04714778755705e-19,7.33868293393596e-20,1,-0.0157696505906199,0.00743347769776725,0.00743347769776725,-0.00490678345698626,-0.00639315530433366,0.00364612015319482,0.00364612015319482,0.00422118215147607,1,0,0,1,-0.0157696323736022,0.00743451012522527,0.00743451012522527,-0.00490751960574173,-0.00639282445881701,0.00364662655877165,0.00364662655877165,0.00422077589022495,-20.4043071523822,30.7936964851498,-4.93608357446115,10.0794444592678,-4.93608357446115,10.0794444592678,5.98055680875757,9.34936871724775,1.73472347597681e-18,2.17351111455706e-19,6.25871474011744e-20,0,0,0,-0.0157696505906199,-0.00490678345698626,0.00743347769776725,-0.00639315530433366,0.00422118215147607,0.00364612015319482,4.16513804479213e-13,1.93036885064591e-08,6.69221991549877e-13,1.04714778755705e-19,3.46944695195361e-18,1.42024260622452e-14
NC_k0021,-0.0114035087719298,-0.0114035087719298,0.298341237289042,-114.733384616777,-54.0714571952189,-110.77374783788,-56.3729490120076,104.587510485615,54.7723735638262,113.634566057041,59.6413700053395,1,480,3.12949245210578,1.87535038985585,1.65159813784735,0.511879592931232,1.38221053176998e-18,1.52002709362744e-19,0,-2.21446176147796e-19,-0.00166301916955689,0.000318512829878272,1,-1.85004694918922e-19,-7.52929347280437e-20,1,-0.01576965059062,0.00743347769776725,0.00743347769776725,-0.00490678345698626,-0.00639315530433366,0.00364612015319482,0.00364612015319482,0.00422118215147607,1,0,0,1,-0.0157696323736022,0.00743451012522527,0.00743451012522527,-0.00490751960574173,-0.00639282445881701,0.00364662655877165,0.00364662655877165,0.00422077589022495,-20.5325293472858,30.7593829700184,-4.94105789388421,10.0376497173994,-4.94105789388421,10.0376497173994,6.06309048849984,9.45946030640542,1.0842021724855e-18,7.65894736739385e-19,-1.60642661206196e-20,0,0,0,-0.0157696505906199,-0.00490678345698626,0.00743347769776725,-0.00639315530433366,0.00422118215147607,0.00364612015319482,1.68064650653499e-12,1.49072205286653e-08,8.42550283650034e-13,1.85004694918922e-19,6.93889390390723e-18,5.30288009953546e-14
NC_k0021,0.00526315789473684,0.00526315789473684,0.298558283644035,-111.71994576462,-55.8745780484426,-113.568902754796,-54.8168013677194,111.098560723452,58.4603215903085,106.905877322186,56.2007974850381,1,480,-1.44819778943278,-0.866037916828559,-0.763697783066244,-0.235970193206886,2.1090458642142e-19,5.15896004437072e-20,0,4.06165533098238e-19,-0.0016621862171287,0.000318072202013482,1,-5.19731812072051e-20,6.60586746899979e-21,1,-0.0157696505906199,0.00743347769776725,0.00743347769776725,-0.00490678345698626,-0.00639315530433366,0.00364612015319482,0.00364612015319482,0.00422118215147607,1,0,0,1,-0.0157696323736022,0.00743451012522527,0.00743451012522527,-0.00490751960574173,-0.00639282445881701,0.00364662655877165,0.00364662655877165,0.00422077589022495,-20.5533282142618,30.7564489136643,-4.9421009712321,10.0310377727181,-4.9421009712321,10.0310377727181,6.07527140187127,9.47752286586544,1.73472347597681e-18,3.8512617174462e-19,1.39488936330419e-19,0,0,0,-0.0157696505906199,-0.00490678345698626,0.00743347769776725,-0.00639315530433366,0.00422118215147607,0.00364612015319482,3.32289292540028e-12,1.67099903946924e-08,6.13310212152712e-13,5.19731812072051e-20,1.73472347597681e-18,8.12517167233666e-14
NC_k0021,0.0219298245614035,0.0219298245614035,0.297629716676097,-109.467837741263,-57.0602032117926,-116.763298211862,-52.5724933985711,118.046210421364,61.3925236377785,100.899768246739,52.2084731636328,1,480,-5.96009825164117,-3.59834140454158,-3.1542850865403,-0.987628343886906,4.17487981322864e-19,3.09219965307023e-19,0,2.84143157856865e-19,-0.00166587474430143,0.000320033481471756,1,-8.12526793788731e-20,3.75641312260045e-20,1,-0.0157696505906199,0.00743347769776724,0.00743347769776724,-0.00490678345698626,-0.00639315530433366,0.00364612015319482,0.00364612015319482,0.00422118215147607,1,0,0,1,-0.0157696323736022,0.00743451012522527,0.00743451012522527,-0.00490751960574173,-0.00639282445881701,0.00364662655877165,0.00364662655877165,0.00422077589022495,-20.4629105072116,30.7742362683288,-4.93797379670736,10.0600269130782,-4.93797379670736,10.0600269130782,6.01996311680245,9.39944460148069,1.73472347597681e-18,5.06481729694179e-19,2.07152456520411e-19,0,0,0,-0.0157696505906199,-0.00490678345698626,0.00743347769776725,-0.00639315530433366,0.00422118215147607,0.00364612015319482,1.300504243632e-12,2.42667340929327e-08,2.78615649531658e-13,8.12526793788731e-20,3.46944695195361e-18,5.53937022815022e-14
NC_k0021,0.0385964912280702,0.0385964912280702,0.295915274338833,-108.447583795799,-57.8858092978772,-119.691228171733,-49.7282500014929,124.898113463797,63.4101578514604,95.9608086007094,48.1648755485478,1,480,-10.151511418622,-6.27069409023489,-5.41932781792285,-1.75029362031055,1.2853857323482e-18,3.2803997860383e-19,0,2.14233161206334e-19,-0.00167396685666016,0.000324493094445908,1,2.37528612146019e-20,1.36782688844628e-19,1,-0.0157696505906199,0.00743347769776724,0.00743347769776724,-0.00490678345698626,-0.00639315530433365,0.00364612015319482,0.00364612015319482,0.00422118215147607,1,0,0,1,-0.0157696323736022,0.00743451012522527,0.00743451012522527,-0.00490751960574173,-0.00639282445881701,0.00364662655877165,0.00364662655877165,0.00422077589022495,-20.2808916540339,30.8631713815381,-4.93483006394127,10.1241638303588,-4.93483006394127,10.1241638303588,5.88668512817638,9.24402014327818,1.73472347597681e-18,-1.83051384164468e-19,-5.06370971246115e-19,0,0,0,-0.0157696505906199,-0.00490678345698626,0.00743347769776725,-0.00639315530433366,0.00422118215147607,0.00364612015319482,6.78064819003113e-13,2.37445040434004e-08,2.22464008354427e-12,1.36782688844628e-19,5.20417042793042e-18,1.16119057013609e-13
NC_k0022,-0.0447368421052632,-0.0447368421052632,0.392017497731597,49.932675445856,-127.39417735089,80.1343981636006,-192.051169655376,-40.3907426429208,145.525874816083,-84.2187683375126,174.051347044303,1,480,-1.39810643131371,9.15874626456244,2.56101114497207,-9.51503160599496,2.64022816637126e-19,-4.06628754241268e-19,0,-3.75659112107282e-19,0.00104779383185437,-0.000346522053949776,1,7.13425190902418e-20,9.78491501716471e-21,1,0.00921842681296943,-0.00503965169388544,-0.00503965169388544,0.00145752932466205,-0.0151678539211591,0.00175471875137047,0.00175471875137047,0.0073726044038699,1,-1.0842021724855e-19,0,1,0.00921834268382292,-0.00504035164550959,-0.00504035164550959,0.00145798414673001,-0.0151672066005492,0.00175496246230816,0.00175496246230816,0.00737168641487393,12.0948663306305,-8.78571960524835,-22.1402157515148,-5.00414963355856,-22.1402157515148,-5.00414963355856,10.6369136770643,24.1805511645144,1.30104260698261e-18,-4.10249811112792e-19,-5.04642642645748e-19,0,0,0,0.00921842681296943,0.00145752932466205,-0.00503965169388544,-0.0151678539211591,0.00737260440386989,0.00175471875137047,4.95100650545538e-13,1.87339337515423e-08,3.19164734145195e-12,7.13425190902418e-20,6.93889390390723e-18,1.62844322728815e-14
NC_k0022,-0.0280701754385965,-0.0280701754385965,0.387859686020823,56.3305581227979,-139.817914504551,74.9041111636147,-181.131299220379,-49.0314723127541,152.029883342825,-76.7555350549929,169.110554014835,1,480,-0.856447382018603,5.90084530831479,1.66465131567777,-6.04499135736431,2.71315240917393e-21,5.7545300854089e-19,0,-4.41674742433914e-19,0.0010408728310707,-0.000349343638025954,1,8.82543946063831e-20,3.04921877627314e-20,1,0.00921842681296942,-0.00503965169388544,-0.00503965169388544,0.00145752932466205,-0.0151678539211591,0.00175471875137047,0.00175471875137047,0.00737260440386989,1,-1.0842021724855e-19,0,1,0.00921834268382292,-0.00504035164550959,-0.00504035164550959,0.00145798414673001,-0.0151672066005492,0.00175496246230816,0.00175496246230816,0.00737168641487393,12.126401080298,-8.73092306287072,-21.748351239705,-5.02637653646086,-21.748351239705,-5.02637653646086,10.6450996218245,24.132463521674,1.30104260698261e-18,-4.01654533753081e-20,3.61569306523058e-19,0,0,0,0.00921842681296943,0.00145752932466205,-0.00503965169388544,-0.0151678539211591,0.00737260440386989,0.00175471875137047,2.70953576506624e-13,1.72212243399041e-08,2.8443664823929e-12,8.82543946063831e-20,2.16840434497101e-18,2.14682602621445e-15
NC_k0022,-0.0114035087719298,-0.0114035087719298,0.385772874485042,62.1465810223421,-152.427415773312,69.5945494584483,-169.354033234589,-57.4966648210161,157.630119447769,-68.8011263840099,164.369124194943,1,480,-0.336782006297773,2.43082051694251,0.691032708512756,-2.46730269833511,-4.2709651131828e-19,-5.0401107339591e-19,0,-4.95064287890537e-19,0.00103714941806337,-0.000351048554040232,1,1.25552357290087e-19,-1.2857149031714e-19,1,0.00921842681296943,-0.00503965169388544,-0.00503965169388544,0.00145752932466205,-0.0151678539211591,0.00175471875137047,0.00175471875137047,0.00737260440386989,1,-1.0842021724855e-19,0,1,0.00921834268382292,-0.00504035164550959,-0.00504035164550959,0.00145798414673001,-0.0151672066005492,0.00175496246230816,0.00175496246230816,0.00737168641487393,12.1629461303417,-8.70176255055503,-21.5389936319174,-5.04615994245487,-21.5389936319174,-5.04615994245487,10.6716823632311,24.1167222393041,1.30104260698261e-18,-3.75072427612677e-19,4.90306228614796e-19,0,0,0,0.00921842681296943,0.00145752932466205,-0.00503965169388544,-0.0151678539211591,0.00737260440386989,0.00175471875137047,1.05114017314308e-12,1.0659755189667e-08,1.69029001988754e-12,1.2857149031714e-19,3.46944695195361e-18,2.83475006042236e-14
NC_k0022,0.00526315789473684,0.00526315789473684,0.385453653357056,67.6198024417349,-164.863859332115,64.1889653344284,-157.042338061675,-65.7937726162201,162.612189159199,-60.5736925609689,159.515740729149,1,480,0.154524776233745,-1.12436038812146,-0.320045751922948,1.13940622685926,-9.15920548667716e-20,-3.41724854657907e-20,0,1.20371322738717e-18,0.00103657483082734,-0.000351323645690673,1,8.49896335146154e-20,5.9640972594992e-20,1,0.00921842681296942,-0.00503965169388544,-0.00503965169388544,0.00145752932466205,-0.0151678539211591,0.00175471875137047,0.00175471875137047,0.00737260440386989,1,-1.0842021724855e-19,0,1,0.00921834268382292,-0.00504035164550959,-0.00504035164550959,0.00145798414673001,-0.0151672066005492,0.00175496246230816,0.00175496246230816,0.00737168641487393,12.1697436753479,-8.69700607391682,-21.5063549168171,-5.04963295960843,-21.5063549168171,-5.04963295960843,10.6772155528217,24.1145332858219,1.30104260698261e-18,-6.03425551793997e-20,2.05434431480344e-19,0,0,0,0.00921842681296943,0.00145752932466205,-0.00503965169388544,-0.0151678539211591,0.00737260440386989,0.00175471875137047,1.19506173656828e-12,1.27458744503316e-08,6.84381926050826e-13,8.49896335146154e-20,3.46944695195361e-18,5.18454404808588e-15
NC_k0022,0.0219298245614035,0.0219298245614035,0.386877962543633,72.9556847095849,-176.875139982605,58.5310378118864,-144.468662592831,-73.8680213520244,167.357142363894,-52.1708118703711,154.188770604439,1,480,0.660093197378477,-4.64035709864669,-1.3134870874185,4.73369228872718,-1.67249302413322e-19,9.73029098158378e-20,0,-4.4130416551949e-19,0.00103912763450009,-0.000350127931226371,1,1.03482481792754e-19,8.01497428501282e-20,1,0.00921842681296943,-0.00503965169388544,-0.00503965169388544,0.00145752932466205,-0.0151678539211591,0.00175471875137047,0.00175471875137047,0.00737260440386989,1,-1.0842021724855e-19,0,1,0.00921834268382292,-0.00504035164550959,-0.00504035164550959,0.00145798414673001,-0.0151672066005492,0.00175496246230816,0.00175496246230816,0.00737168641487393,12.1419263186013,-8.71761934392001,-21.6507198218651,-5.03501444593741,-21.6507198218651,-5.03501444593741,10.6556095459703,24.1246872066845,1.30104260698261e-18,-3.43088625632256e-19,3.61569306523058e-19,0,0,0,0.00921842681296943,0.00145752932466205,-0.00503965169388544,-0.0151678539211591,0.00737260440386989,0.00175471875137047,2.32871165659718e-13,1.65293357337191e-08,3.47575329255357e-13,1.03482481792754e-19,1.51788304147971e-18,2.2957586259516e-14
NC_k0022,0.0385964912280702,0.0385964912280702,0.390197074647215,78.2224117024248,-188.147144487128,52.3641280270375,-131.907121157207,-81.5449295914426,172.187531378659,-43.5889341395323,148.025362318237,1,480,1.2018784896095,-7.99139014777953,-2.24053884719611,8.25806531742394,-3.55992065863221e-19,-1.59970113022855e-19,0,-4.13140320023285e-19,0.00104488666407544,-0.00034763403651621,1,2.42866636602132e-20,3.40120549685219e-20,1,0.00921842681296942,-0.00503965169388544,-0.00503965169388544,0.00145752932466205,-0.0151678539211591,0.00175471875137047,0.00175471875137047,0.00737260440386989,1,-1.0842021724855e-19,0,1,0.00921834268382292,-0.00504035164550959,-0.00504035164550959,0.00145798414673001,-0.0151672066005492,0.00175496246230816,0.00175496246230816,0.00737168641487393,12.1019330192069,-8.76122559206759,-21.9732900090447,-5.01086624415322,-21.9732900090447,-5.01086624415322,10.6338297031234,24.1558090746382,2.16840434497101e-18,-8.5880746321865e-20,2.14326383860335e-19,0,0,0,0.00921842681296943,0.00145752932466205,-0.00503965169388544,-0.0151678539211591,0.00737260440386989,0.00175471875137047,5.35613168471087e-13,1.43156837910241e-08,1.46838070961332e-12,3.40120549685219e-20,3.46944695195361e-18,2.57498557157094e-14
NC_k0023,-0.0447368421052632,-0.0447368421052632,0.627139077308216,24.2030652233914,3.07900069825108,34.6527298018853,-19.8515365638373,-25.5861835091816,-11.1492311526496,-27.6333387782165,24.45267098042,1,480,-6.2989299437113,26.6117802450731,6.7032405994494,-1.75818386484102,-2.21631464605008e-18,-2.29164763879651e-18,0,5.36674781424404e-20,0.000319438867184674,-0.000476919223401422,1,-9.87659268703586e-20,1.19379507136546e-19,1,0.00179059656442486,-0.00748668606960372,-0.00748668606960372,-0.00832749512316028,-0.00107299813618593,0.0163878394980998,0.0163878394980998,-0.00129750229158753,1,0,2.71050543121376e-20,1,0.00179013175397462,-0.00748772588711339,-0.00748772588711339,-0.00832725728835445,-0.00107304708599042,0.016390115586919,0.016390115586919,-0.00129753565082567,5.25162034983217,-26.7775826302247,-4.15497056434171,0.230377452629372,-4.15497056434171,0.230377452629372,61.4852696772062,0.488351245321407,1.73472347597681e-18,1.21691411738988e-19,-1.30788611028596e-19,0,0,0,0.00179059656442486,-0.00832749512316028,-0.00748668606960372,-0.00107299813618593,-0.00129750229158753,0.0163878394980998,2.48846872937416e-13,4.09516144762824e-08,1.30904322167263e-12,1.19379507136546e-19,2.81892564846231e-18,1.84110987082169e-14
NC_k0023,-0.0280701754385965,-0.0280701754385965,0.626575668978616,25.7663513041707,-3.71450101736376,32.8727293048776,-17.9431076023246,-25.9955632495023,-2.46316457568681,-27.0212549975771,20.7139022887609,1,480,-3.92291969786655,17.0664953001553,4.33737994875527,-1.14309039420376,1.51478607726631e-18,-2.72681081544841e-18,0,-6.73606260026433e-19,0.000313040815659653,-0.000471173084521434,1,8.88206210794594e-20,1.32388136135433e-19,1,0.00179059656442486,-0.00748668606960372,-0.00748668606960372,-0.00832749512316028,-0.00107299813618593,0.0163878394980998,0.0163878394980998,-0.00129750229158753,1,0,2.71050543121376e-20,1,0.00179013175397462,-0.00748772588711339,-0.00748772588711339,-0.00832725728835445,-0.00107304708599042,0.016390115586919,0.016390115586919,-0.00129753565082567,5.18746689317835,-26.7829674214485,-3.95302228902884,0.0807824736752162,-3.95302228902884,0.0807824736752162,61.6131196016253,0.652565548382167,1.73472347597681e-18,-1.02423347119105e-19,-1.0796234634989e-19,0,0,0,0.00179059656442486,-0.00832749512316028,-0.00748668606960372,-0.00107299813618593,-0.00129750229158753,0.0163878394980998,1.46668005779552e-13,3.01868899724912e-08,2.99087992856495e-13,1.32388136135433e-19,2.38524477946811e-18,4.60691342951576e-15
NC_k0023,-0.0114035087719298,-0.0114035087719298,0.626984780275065,27.8175593579064,-9.42068924538814,30.8249073009362,-15.1339756813462,-26.3319646236186,5.7969412084761,-26.6904183016719,15.3762009143712,1,480,-1.58053599823585,6.99424864595324,1.78652517374672,-0.472746039802124,-1.0638733817514e-18,-2.81193762664746e-18,0,9.66610176604966e-20,0.00030988030786384,-0.000468191343328686,1,1.43134096607727e-19,-8.71892875295236e-20,1,0.00179059656442486,-0.00748668606960372,-0.00748668606960372,-0.00832749512316028,-0.00107299813618593,0.0163878394980998,0.0163878394980998,-0.00129750229158753,1,0,2.71050543121376e-20,1,0.00179013175397462,-0.00748772588711339,-0.00748772588711339,-0.00832725728835445,-0.00107304708599042,0.016390115586919,0.016390115586919,-0.00129753565082567,5.17974246328345,-26.8172228949567,-3.84117576009504,-0.01110532024998,-3.84117576009504,-0.01110532024998,61.7577836178267,0.727398754638754,1.73472347597681e-18,7.06726358751733e-20,9.85597843576985e-20,0,0,0,0.00179059656442486,-0.00832749512316028,-0.00748668606960372,-0.00107299813618593,-0.00129750229158753,0.0163878394980998,4.86201348645847e-13,1.96250340299612e-08,3.31136452405695e-13,1.43134096607727e-19,1.73472347597681e-18,1.22180619225762e-14
NC_k0023,0.00526315789473684,0.00526315789473684,0.627084924818543,30.0234544201671,-13.8250324455564,28.6262021161729,-11.19360211387,-26.5963223364907,13.0368861139249,-26.4350644478463,8.60433410853427,1,480,0.728348814111715,-3.23178829408309,-0.826135028390556,0.218816850697562,3.76744373070952e-19,-1.73212943757584e-18,0,-6.11809250823821e-19,0.000309414832517219,-0.00046773948084139,1,8.97244874345832e-20,-7.61938071759305e-20,1,0.00179059656442486,-0.00748668606960372,-0.00748668606960372,-0.00832749512316028,-0.00107299813618593,0.0163878394980998,0.0163878394980998,-0.00129750229158753,1,0,2.71050543121376e-20,1,0.00179013175397462,-0.00748772588711339,-0.00748772588711339,-0.00832725728835445,-0.00107304708599042,0.016390115586919,0.016390115586919,-0.00129753565082567,5.1803709148957,-26.8241838409605,-3.82362137774642,-0.0260939191354578,-3.82362137774642,-0.0260939191354578,61.7841397615986,0.738041587790734,2.60208521396521e-18,-9.38372883429231e-20,-7.52431743585524e-19,0,0,0,0.00179059656442486,-0.00832749512316028,-0.00748668606960372,-0.00107299813618593,-0.00129750229158753,0.0163878394980998,1.96582809825341e-12,2.41542375308034e-08,7.34619116805932e-13,8.97244874345832e-20,6.93889390390723e-18,2.44322214319863e-14
NC_k0023,0.0219298245614035,0.0219298245614035,0.626715241996596,32.1453937430989,-17.0264357462616,26.4857489040237,-5.96584448249271,-26.8782122808841,18.9264087085879,-26.1285671070573,0.667849089846813,1,480,3.0539262994538,-13.3912428733389,-3.41131446938203,0.900580421388321,-1.52225055511399e-18,1.39506326412783e-18,0,-1.89464892124658e-19,0.000311533583862707,-0.000469765831165247,1,1.71947536679591e-19,-7.26065242451529e-20,1,0.00179059656442486,-0.00748668606960372,-0.00748668606960372,-0.00832749512316028,-0.00107299813618593,0.0163878394980998,0.0163878394980998,-0.00129750229158753,1,0,2.71050543121376e-20,1,0.00179013175397462,-0.00748772588711339,-0.00748772588711339,-0.00832725728835445,-0.00107304708599042,0.016390115586919,0.016390115586919,-0.00129753565082567,5.1813203555902,-26.7966956671394,-3.90108333930232,0.0389116490337,-3.90108333930232,0.0389116490337,61.67515414889,0.688900324857403,1.73472347597681e-18,-5.96397571288954e-19,1.69993885257916e-19,0,0,0,0.00179059656442486,-0.00832749512316028,-0.00748668606960372,-0.00107299813618593,-0.00129750229158753,0.0163878394980998,3.21827016189081e-13,1.81521244050815e-08,1.35030116032736e-12,1.71947536679591e-19,5.20417042793042e-18,2.26751381854523e-14
NC_k0023,0.0385964912280702,0.0385964912280702,0.626658290271184,34.0326253023487,-19.2373130714266,24.6997243705369,0.486655955006542,-27.3614718491893,23.2654654777684,-25.7434725233381,-7.95500437066363,1,480,5.42606157252116,-23.1950545457976,-5.86376768118119,1.54041038811718,7.2410729078402e-19,-8.87478770485693e-19,0,3.89555746398173e-19,0.000316661183108666,-0.00047446141855252,1,-6.99524867984942e-20,4.33952057730216e-19,1,0.00179059656442486,-0.00748668606960372,-0.00748668606960372,-0.00832749512316028,-0.00107299813618593,0.0163878394980998,0.0163878394980998,-0.00129750229158753,1,0,2.71050543121376e-20,1,0.00179013175397462,-0.00748772588711339,-0.00748772588711339,-0.00832725728835445,-0.00107304708599042,0.016390115586919,0.016390115586919,-0.00129753565082567,5.2172737431045,-26.769119194906,-4.07053190601694,0.17034128058335,-4.07053190601694,0.17034128058335,61.5136075721872,0.561127721180388,4.33680868994202e-18,-5.9493053238195e-20,-3.25150452472228e-19,0,0,0,0.00179059656442486,-0.00832749512316028,-0.00748668606960372,-0.00107299813618593,-0.00129750229158753,0.0163878394980998,2.03175840161268e-13,1.95367758601302e-08,6.24926969181248e-13,4.33952057730216e-19,1.04083408558608e-17,1.77165616710299e-16
NC_k0024,-0.0447368421052632,-0.0447368421052632,0.369195670746797,74.4848243302156,38.8907482736735,64.9627633644532,58.4421484656523,-55.3073240108819,-33.3512476457312,-81.9110314431779,-62.3498022974762,1,480,0.940625952180432,-19.6779141118268,-6.18330509268328,-0.376745551814348,1.2213950401611e-18,2.96429767803483e-18,0,8.38668496900164e-19,0.00107522685438262,0.000514032482520854,1,1.18731041482658e-19,-2.2105312442736e-20,1,0.010892794888854,0.00224738392473582,0.00224738392473582,0.00832526892141888,0.00777046573001903,-0.0121066857951696,-0.0121066857951696,-0.000184942655679284,1,0,0,1,0.0108930393855879,0.00224769606139203,0.00224769606139203,0.00832569171856724,0.00777032119367012,-0.0121083672793078,-0.0121083672793078,-0.000184534733112516,12.2853716837979,4.95705367737982,8.31811958377484,-7.98621237305247,8.31811958377484,-7.98621237305247,-39.5371618583332,-6.68333629550275,2.16840434497101e-18,8.71837941448551e-20,-2.282502208849e-19,0,0,0,0.010892794888854,0.00832526892141889,0.00224738392473582,0.00777046573001903,-0.000184942655679282,-0.0121066857951696,2.5941237551474e-13,4.03753490453886e-08,2.89613549009654e-12,1.18731041482658e-19,6.93889390390723e-18,1.68399833219193e-14
NC_k0024,-0.0280701754385965,-0.0280701754385965,0.370269748643955,72.9304527417625,44.6859834079685,65.8526586012541,56.7142488631489,-59.4155031239653,-40.3852038540949,-77.1053899987104,-59.4098925219577,1,480,0.429608839638756,-12.585888607101,-4.01157232326249,-0.219097701699,7.72679336353134e-19,7.18601576626867e-19,0,3.35769154247525e-19,0.00107314608785773,0.000513305469373898,1,1.1276379451777e-20,-9.68415315084178e-20,1,0.010892794888854,0.00224738392473582,0.00224738392473582,0.00832526892141888,0.00777046573001903,-0.0121066857951696,-0.0121066857951696,-0.000184942655679286,1,0,0,1,0.0108930393855879,0.00224769606139203,0.00224769606139203,0.00832569171856724,0.00777032119367012,-0.0121083672793078,-0.0121083672793078,-0.000184534733112516,12.5278264063458,5.10773231590174,8.13928151290692,-7.8025301297153,8.13928151290692,-7.8025301297153,-39.6716430990998,-6.82676994449052,2.60208521396521e-18,-1.37419617893529e-19,6.67994367161207e-19,0,0,0,0.010892794888854,0.00832526892141889,0.00224738392473582,0.00777046573001903,-0.000184942655679282,-0.0121066857951696,3.35826471840415e-13,2.0071481239493e-08,2.33171393422077e-12,9.68415315084178e-20,5.20417042793042e-18,2.20383632767189e-14
NC_k0024,-0.0114035087719298,-0.0114035087719298,0.371071474524979,70.7436479193156,49.5444557729403,67.6101315497092,54.3517385615471,-64.3355398538328,-47.201075557679,-71.7394339082778,-55.1048104670092,1,480,0.139017165743216,-5.15051243964285,-1.65379344038688,-0.0850914743249034,-1.66177276339453e-18,-3.73996809948296e-18,0,1.04059651931416e-18,0.00107176552896859,0.000513045915193445,1,-6.79565445730026e-22,2.097675348273e-19,1,0.010892794888854,0.00224738392473582,0.00224738392473582,0.00832526892141889,0.00777046573001904,-0.0121066857951696,-0.0121066857951696,-0.000184942655679281,1,0,0,1,0.0108930393855879,0.00224769606139203,0.00224769606139203,0.00832569171856724,0.00777032119367012,-0.0121083672793078,-0.0121083672793078,-0.000184534733112516,12.6570545192926,5.19018805568722,8.04257683593976,-7.69743361457392,8.04257683593976,-7.69743361457392,-39.7842100121389,-6.90179703108242,1.30104260698261e-18,-3.38486749913222e-19,-4.84319247694298e-19,0,0,0,0.010892794888854,0.00832526892141889,0.00224738392473582,0.00777046573001903,-0.000184942655679282,-0.0121066857951696,5.54754504461198e-13,1.61461044044027e-08,1.51335426055523e-12,2.097675348273e-19,3.46944695195361e-18,2.69274463482204e-15
NC_k0024,0.00526315789473684,0.00526315789473684,0.371203021746582,68.407372698109,53.2565908852626,69.8713246610477,51.0439512867854,-69.7152398221567,-53.1864323420743,-66.2829933395106,-49.5265658983898,1,480,-0.061674253891429,2.37937241817889,0.764840394214851,0.0389515916959305,1.19706931270714e-18,-3.0323779511704e-19,0,-5.15118454661272e-19,0.00107153369374055,0.000513014413309337,1,-2.89837671484052e-20,1.37573090605373e-19,1,0.010892794888854,0.00224738392473582,0.00224738392473582,0.00832526892141888,0.00777046573001903,-0.0121066857951696,-0.0121066857951696,-0.000184942655679283,1,0,0,1,0.0108930393855879,0.00224769606139203,0.00224769606139203,0.00832569171856724,0.00777032119367012,-0.0121083672793078,-0.0121083672793078,-0.000184534733112516,12.6766640643129,5.20298086344783,8.02745330948959,-7.68062763014039,8.02745330948959,-7.68062763014039,-39.8035121777817,-6.91315944548062,1.73472347597681e-18,6.02046609048897e-19,-3.23684200591664e-20,0,0,0,0.010892794888854,0.00832526892141889,0.00224738392473582,0.00777046573001903,-0.000184942655679282,-0.0121066857951696,2.12920418311272e-12,2.02822610188998e-08,2.29441448639146e-12,1.37573090605373e-19,8.67361737988404e-18,1.30103201595608e-14
NC_k0024,0.0219298245614035,0.0219298245614035,0.37063368873861,66.4171500812018,55.9363530733253,72.176078624017,46.6069314883311,-75.1693800591026,-57.9828443562738,-61.154515081313,-42.9615249592547,1,480,-0.303589933750835,9.86881776708488,3.15652518500022,0.167733774772667,1.34175312801002e-19,-1.81683273230127e-18,0,-2.75186446184141e-19,0.00107252470733445,0.000513173451125581,1,-7.2644089185816e-20,-9.50488921419624e-21,1,0.010892794888854,0.00224738392473582,0.00224738392473582,0.00832526892141888,0.00777046573001903,-0.0121066857951696,-0.0121066857951696,-0.000184942655679286,1,0,0,1,0.0108930393855879,0.00224769606139203,0.00224769606139203,0.00832569171856724,0.00777032119367012,-0.0121083672793078,-0.0121083672793078,-0.000184534733112516,12.5887822564106,5.14634058686867,8.09424292612765,-7.75411710287177,8.09424292612765,-7.75411710287177,-39.721602938435,-6.86222193287325,2.60208521396521e-18,1.65503554363418e-19,2.99684817353878e-19,0,0,0,0.010892794888854,0.00832526892141889,0.00224738392473582,0.00777046573001903,-0.000184942655679282,-0.0121066857951696,4.89591632675968e-13,1.35058920569155e-08,1.92452227816621e-12,7.2644089185816e-20,6.93889390390723e-18,9.13619114503872e-15
NC_k0024,0.0385964912280702,0.0385964912280702,0.36955579772842,65.1701517479669,57.8560726171172,74.0052100429163,41.0993448700179,-80.2325239321096,-61.4193094767712,-56.698752658735,-35.9157564496047,1,480,-0.720383940987255,17.1320007472687,5.41583354607286,0.31529821389993,2.45411914599173e-18,-2.3976326363217e-18,0,1.9951265502534e-19,0.00107443245234043,0.000513680439214936,1,7.24954009007525e-20,-3.48589746131634e-19,1,0.010892794888854,0.00224738392473582,0.00224738392473582,0.00832526892141889,0.00777046573001903,-0.0121066857951696,-0.0121066857951696,-0.000184942655679286,1,0,0,1,0.0108930393855879,0.00224769606139203,0.00224769606139203,0.00832569171856724,0.00777032119367012,-0.0121083672793078,-0.0121083672793078,-0.000184534733112516,12.3866629716125,5.0196383194332,8.24242726320991,-7.91000268254353,8.24242726320991,-7.91000268254353,-39.5794114772501,-6.74396349077737,1.73472347597681e-18,1.52154082965316e-19,5.84410534463859e-19,0,0,0,0.010892794888854,0.00832526892141889,0.00224738392473582,0.00777046573001903,-0.000184942655679282,-0.0121066857951696,2.85345190800838e-13,1.99646046981943e-08,1.86843531778682e-12,3.48589746131634e-19,6.93889390390723e-18,1.62227310999505e-14
NC_k0025,-0.0447368421052632,-0.0447368421052632,0.393840120226102,-108.953753283128,-74.8813544732762,-140.772989109154,-77.3566029036105,103.031157019416,94.8138575236702,141.475972208971,58.4685352949976,1,480,-13.865443901477,-17.4915353872204,-10.3478031652702,2.33331265443478,2.4771478542452e-18,-3.7655908461374e-19,0,1.15606762410411e-20,-0.000271637838516511,0.000272480582760372,1,2.28431253424234e-20,-1.49424262054858e-20,1,-0.00763455358412233,-0.00511308436295233,-0.00511308436295233,0.0140282183419054,-0.00205238742742985,-0.00888579138831072,-0.00888579138831072,0.00596736686248431,1,0,-2.37169225231204e-20,1,-0.0076336904034173,-0.0051137945135583,-0.0051137945135583,0.0140275771634489,-0.00205204099534626,-0.00888702552600355,-0.00888702552600355,0.00596715636718666,-19.8849729383037,-13.8678704324437,-9.31104262269604,13.7229578983953,-9.31104262269604,13.7229578983953,-40.2047968496501,11.8010145878945,8.67361737988404e-19,-2.37695438648129e-19,-1.54118635646084e-19,0,0,0,-0.00763455358412233,0.0140282183419054,-0.00511308436295233,-0.00205238742742985,0.00596736686248431,-0.00888579138831073,1.93284984979571e-13,3.79004733737607e-08,9.72713269195672e-13,2.28431253424234e-20,1.73472347597681e-18,3.38276260119294e-15
NC_k0025,-0.0280701754385965,-0.0280701754385965,0.39416974582245,-116.055106958024,-72.9038697773377,-136.688377314892,-75.2441246957041,111.561415058654,86.7318401185458,135.906112204881,62.4344646738826,1,480,-8.92017711260901,-11.3605727465964,-6.69264745353782,1.52442682926494,2.2383904422379e-18,7.35595175131156e-20,0,-7.27521892352639e-20,-0.000265856058969228,0.000267568102166592,1,4.57027548839041e-20,-9.72411477280328e-21,1,-0.00763455358412234,-0.00511308436295233,-0.00511308436295233,0.0140282183419054,-0.00205238742742985,-0.00888579138831072,-0.00888579138831072,0.0059673668624843,1,0,-2.37169225231204e-20,1,-0.0076336904034173,-0.0051137945135583,-0.0051137945135583,0.0140275771634489,-0.00205204099534626,-0.00888702552600355,-0.00888702552600355,0.00596715636718666,-20.0566253070702,-14.0488721628798,-9.19733098490929,13.5490703578399,-9.19733098490929,13.5490703578399,-40.2393284731781,11.771763810401,1.19262238973405e-18,9.61359968148954e-19,2.38203490165888e-19,0,0,0,-0.00763455358412233,0.0140282183419054,-0.00511308436295233,-0.00205238742742985,0.00596736686248431,-0.00888579138831073,1.56498373039104e-13,2.45724174156774e-08,1.39775905311499e-12,4.57027548839041e-20,8.67361737988404e-18,1.52097019025817e-14
NC_k0025,-0.0114035087719298,-0.0114035087719298,0.394743642299353,-123.129598630214,-72.2957373696622,-131.636732170966,-73.4412969085558,119.774540580649,78.4664031523642,129.683688534115,68.2816403397078,1,480,-3.66443472589631,-4.68657031051639,-2.75583166201619,0.632202594749953,1.42836224686677e-18,1.1137093592965e-18,0,8.60850172206386e-19,-0.000262818069726428,0.000264704481365194,1,8.63590917981945e-20,1.34076594913677e-19,1,-0.00763455358412234,-0.00511308436295233,-0.00511308436295233,0.0140282183419054,-0.00205238742742985,-0.00888579138831072,-0.00888579138831072,0.00596736686248431,1,0,-2.37169225231204e-20,1,-0.0076336904034173,-0.0051137945135583,-0.0051137945135583,0.0140275771634489,-0.00205204099534626,-0.00888702552600355,-0.00888702552600355,0.00596715636718666,-20.174312001795,-14.1576907719175,-9.13147577921632,13.4633513487418,-9.13147577921632,13.4633513487418,-40.3151737968817,11.7603101511689,1.0842021724855e-18,4.62415437783696e-20,-3.88507357207781e-20,0,0,0,-0.00763455358412233,0.0140282183419054,-0.00511308436295233,-0.00205238742742985,0.00596736686248431,-0.00888579138831073,7.50647801065872e-13,2.1478683956288e-08,7.1574022070101e-13,1.34076594913677e-19,3.46944695195361e-18,1.64532217826876e-14
NC_k0025,0.00526315789473684,0.00526315789473684,0.394852480157507,-129.518099227517,-72.9455802446664,-125.581767275445,-72.4027544103769,127.181367249542,70.8180423804871,122.607605624837,75.5407922253737,1,480,1.69403559082785,2.16760317716474,1.27434079343758,-0.292776214910878,-1.53312963453028e-19,3.15047287286337e-18,0,-5.2334724739495e-19,-0.000262355622524847,0.000264246930095328,1,8.42397372207225e-20,9.72387383185311e-20,1,-0.00763455358412234,-0.00511308436295233,-0.00511308436295233,0.0140282183419054,-0.00205238742742985,-0.00888579138831073,-0.00888579138831073,0.00596736686248431,1,0,-2.37169225231204e-20,1,-0.0076336904034173,-0.0051137945135583,-0.0051137945135583,0.0140275771634489,-0.00205204099534626,-0.00888702552600355,-0.00888702552600355,0.00596715636718666,-20.1939700614229,-14.1750259839874,-9.12079847099007,13.4504348444862,-9.12079847099007,13.4504348444862,-40.3300689915762,11.7585557940015,1.30104260698261e-18,5.4519517937612e-19,9.52795574373054e-20,0,0,0,-0.00763455358412233,0.0140282183419054,-0.00511308436295233,-0.00205238742742985,0.00596736686248431,-0.00888579138831073,7.73149658261599e-13,2.10035989343007e-08,1.10478582189294e-12,9.72387383185311e-20,6.93889390390723e-18,2.27751045045393e-14
NC_k0025,0.0219298245614035,0.0219298245614035,0.394409418588955,-134.947387615293,-74.5202108109535,-118.711748973752,-72.5212138528573,133.703958839632,64.3948642043813,114.663028181598,83.6625457736588,1,480,7.00676643419927,8.94182509302574,5.26303520398421,-1.20267004606693,-6.59097512082252e-20,7.53329927464293e-19,0,-5.90448726758968e-20,-0.00026442311389701,0.000266244580728723,1,1.22369036551058e-19,8.8924256095467e-20,1,-0.00763455358412234,-0.00511308436295233,-0.00511308436295233,0.0140282183419054,-0.00205238742742986,-0.00888579138831072,-0.00888579138831072,0.0059673668624843,1,0,-2.37169225231204e-20,1,-0.0076336904034173,-0.0051137945135583,-0.0051137945135583,0.0140275771634489,-0.00205204099534626,-0.00888702552600355,-0.00888702552600355,0.00596715636718666,-20.1096496896908,-14.0991303614981,-9.1671517304902,13.5084566904047,-9.1671517304902,13.5084566904047,-40.2702961084009,11.7663148125659,1.73472347597681e-18,6.44644241873531e-19,7.45076170218714e-19,0,0,0,-0.00763455358412233,0.0140282183419054,-0.00511308436295233,-0.00205238742742985,0.00596736686248431,-0.00888579138831073,2.2100599858234e-13,4.25474498585658e-08,8.87220236265952e-13,1.22369036551058e-19,5.20417042793042e-18,2.64600588617098e-14
NC_k0025,0.0385964912280702,0.0385964912280702,0.393843821676978,-139.366507669729,-76.5680392341393,-111.507487420121,-73.9978705209477,139.480396644659,59.6827835916578,106.151600717359,91.9154563475811,1,480,12.0980016308043,15.3274659104169,9.05040428860299,-2.04833937174555,7.27971878605868e-19,-2.42852617783933e-18,0,6.42090678688162e-19,-0.000269194191850494,0.000270481985747253,1,-1.6847772928284e-20,-2.61568093282648e-19,1,-0.00763455358412233,-0.00511308436295233,-0.00511308436295233,0.0140282183419054,-0.00205238742742985,-0.00888579138831072,-0.00888579138831072,0.00596736686248431,1,0,-2.37169225231204e-20,1,-0.0076336904034173,-0.0051137945135583,-0.0051137945135583,0.0140275771634489,-0.00205204099534626,-0.00888702552600355,-0.00888702552600355,0.00596715636718666,-19.9492796405123,-13.939667013968,-9.2637820848601,13.6469224159391,-9.2637820848601,13.6469224159391,-40.2008972804336,11.78654478948,1.30104260698261e-18,-3.55003259988854e-19,6.6597833855609e-20,0,0,0,-0.00763455358412233,0.0140282183419054,-0.00511308436295233,-0.00205238742742985,0.00596736686248431,-0.00888579138831073,1.18066713748756e-13,3.05990556956455e-08,1.08464686010191e-12,2.61568093282648e-19,2.60208521396521e-18,7.04735585223766e-16
NC_k0026,-0.0447368421052632,-0.0447368421052632,0.237552215068477,24.0688663665307,-89.7835108272982,21.4907775253127,-143.796956046391,-14.7205547131434,113.338549390552,-30.5189907443489,127.72084344376,1,480,-6.43233238512928,1.7711716334925,-1.53818304804014,-5.61843654800669,6.9369351402167e-19,8.53782741052733e-19,0,4.94058436265672e-19,2.9132039421914e-05,0.00186919483209505,1,-1.65059484655278e-20,1.1806166183126e-19,1,0.00138174908359249,-0.00623142958188206,-0.00623142958188206,-0.00146165364460813,0.00698753012182909,-0.000509136241330345,-0.000509136241330345,0.0175510349137461,1,2.71050543121376e-20,2.16840434497101e-19,1,0.00138164896709913,-0.00623229505821288,-0.00623229505821288,-0.00146155630257869,0.00698832292694401,-0.000509206954697196,-0.000509206954697196,0.0175510941421394,3.57488316903734,-14.7851432886608,-11.2087041916076,-2.70488615828698,-11.2087041916076,-2.70488615828698,-0.933568220955602,21.691090271086,1.73472347597681e-18,-6.84364003653743e-21,-4.64656075718937e-19,0,0,0,0.00138174908359249,-0.00146165364460813,-0.00623142958188206,0.0069875301218291,0.0175510349137461,-0.000509136241330345,3.87729497356786e-13,1.80061308140943e-08,1.55741979357733e-12,1.1806166183126e-19,3.46944695195361e-18,3.93750442603563e-14
NC_k0026,-0.0280701754385965,-0.0280701754385965,0.240424847629082,23.1371735874597,-99.6088311859547,20.720286257301,-134.547179798313,-16.5770192379398,116.806812349869,-26.9360932434615,124.8601574964,1,480,-4.04369281095248,1.00373951109524,-1.00318458895288,-3.56309473006081,-1.23110944927492e-19,7.17278087646782e-19,0,4.70632681318171e-20,2.95080418271951e-05,0.00186116793276808,1,9.31454642269398e-20,-1.49065868377919e-20,1,0.00138174908359249,-0.00623142958188206,-0.00623142958188206,-0.00146165364460813,0.00698753012182909,-0.000509136241330345,-0.000509136241330345,0.0175510349137461,1,2.71050543121376e-20,2.16840434497101e-19,1,0.00138164896709913,-0.00623229505821288,-0.00623229505821288,-0.00146155630257869,0.00698832292694401,-0.000509206954697196,-0.000509206954697196,0.0175510941421394,3.42368254746736,-14.898719643102,-11.0685766926716,-2.64627183447877,-11.0685766926716,-2.64627183447877,-0.704492088899154,21.9972057224501,8.67361737988404e-19,-2.42259605739309e-20,5.36025672046437e-19,0,0,0,0.00138174908359249,-0.00146165364460813,-0.00623142958188206,0.0069875301218291,0.0175510349137461,-0.000509136241330345,6.24012507461885e-13,1.77077047085897e-08,1.38075246617312e-12,9.31454642269398e-20,6.93889390390723e-18,8.88917823377634e-15
NC_k0026,-0.0114035087719298,-0.0114035087719298,0.242148592525268,21.956196281432,-110.010278964964,20.7898388181246,-124.422688813831,-19.0411601556277,119.465752621355,-23.3535113552846,122.496249991443,1,480,-1.63619291494642,0.386569249145428,-0.412375809714325,-1.45330888750216,3.3257292836062e-19,-1.0279009512727e-18,0,1.20597639354311e-18,2.97741505175339e-05,0.00185666820719591,1,1.34024985290697e-19,1.37869454510628e-19,1,0.00138174908359249,-0.00623142958188206,-0.00623142958188206,-0.00146165364460813,0.0069875301218291,-0.000509136241330345,-0.000509136241330345,0.0175510349137461,1,2.71050543121376e-20,2.16840434497101e-19,1,0.00138164896709913,-0.00623229505821288,-0.00623229505821288,-0.00146155630257869,0.00698832292694401,-0.000509206954697196,-0.000509206954697196,0.0175510941421394,3.34550161598732,-14.9635545642646,-10.9947588981695,-2.61589696590895,-10.9947588981695,-2.61589696590895,-0.583203906663287,22.1805175397909,1.30104260698261e-18,-2.78525013962564e-20,-3.86066094172139e-19,0,0,0,0.00138174908359249,-0.00146165364460813,-0.00623142958188206,0.0069875301218291,0.0175510349137461,-0.000509136241330345,1.54842923413929e-12,9.86264219509424e-09,6.27344530015279e-13,1.37869454510628e-19,3.46944695195361e-18,1.7651800492546e-14
NC_k0026,0.00526315789473684,0.00526315789473684,0.242422081187149,21.0045845481618,-120.567916067419,21.5550911358384,-113.901273035751,-22.1029581855574,121.690763873236,-20.1052793059302,120.308580185199,1,480,0.754515007375952,-0.177050931263089,0.190563145117247,0.671062557279322,-3.37317636354224e-19,1.70835957549352e-19,0,-1.06746003688743e-18,2.98185827719809e-05,0.00185596006119877,1,6.42627757993519e-20,3.21326353266874e-20,1,0.00138174908359249,-0.00623142958188206,-0.00623142958188206,-0.00146165364460813,0.00698753012182908,-0.000509136241330345,-0.000509136241330345,0.0175510349137461,1,2.71050543121376e-20,2.16840434497101e-19,1,0.00138164896709913,-0.00623229505821288,-0.00623229505821288,-0.00146155630257869,0.00698832292694401,-0.000509206954697196,-0.000509206954697196,0.0175510941421394,3.33354479283511,-14.9734282072003,-10.983259543842,-2.61123202803727,-10.983259543842,-2.61123202803727,-0.564494277911007,22.2096890574399,1.30104260698261e-18,-1.74978024216849e-20,1.33048986638445e-18,0,0,0,0.00138174908359249,-0.00146165364460813,-0.00623142958188206,0.0069875301218291,0.0175510349137461,-0.000509136241330345,7.21387824936293e-12,1.46342511397471e-08,7.62532794428602e-13,6.42627757993519e-20,1.30104260698261e-17,7.453479335418e-14
NC_k0026,0.0219298245614035,0.0219298245614035,0.241221184189834,20.6514764309628,-130.893638605377,22.7028623263668,-103.40120355757,-25.5967123536267,123.947296689283,-17.4110843331331,117.868550837254,1,480,3.1545409881841,-0.764669421509262,0.7886576170027,2.78921072210913,-7.0555197528323e-19,1.1169188200732e-18,0,-4.05914070192022e-20,2.96262535659679e-05,0.0018590775343644,1,1.4998251145634e-19,1.53795889760131e-20,1,0.00138174908359249,-0.00623142958188206,-0.00623142958188206,-0.00146165364460813,0.00698753012182909,-0.000509136241330345,-0.000509136241330345,0.0175510349137461,1,2.71050543121376e-20,2.16840434497101e-19,1,0.00138164896709913,-0.00623229505821288,-0.00623229505821288,-0.00146155630257869,0.00698832292694401,-0.000509206954697196,-0.000509206954697196,0.0175510941421394,3.3868736332032,-14.9292247682451,-11.0341295636805,-2.63200123885311,-11.0341295636805,-2.63200123885311,-0.647616576900296,22.0817870819071,2.16840434497101e-18,6.78514268779011e-20,4.29261632440631e-19,0,0,0,0.00138174908359249,-0.00146165364460813,-0.00623142958188206,0.0069875301218291,0.0175510349137461,-0.000509136241330345,7.68928117683877e-13,1.18253885921414e-08,1.3394128079773e-12,1.4998251145634e-19,1.04083408558608e-17,5.48849372957061e-14
NC_k0026,0.0385964912280702,0.0385964912280702,0.238692966430702,21.1092698074909,-140.519658722858,23.7843370743184,-93.2961891613871,-29.2229111805274,126.593501035275,-15.3385499771746,114.713815178313,1,480,5.56324233782017,-1.46407892142208,1.35272392741139,4.87223236885782,3.5658763590426e-19,1.12814200662432e-19,0,1.54107056841079e-19,2.92771679392658e-05,0.00186587675084603,1,-2.62773054580644e-20,1.69154582628116e-20,1,0.00138174908359249,-0.00623142958188206,-0.00623142958188206,-0.00146165364460813,0.00698753012182909,-0.000509136241330345,-0.000509136241330345,0.0175510349137461,1,2.71050543121376e-20,2.16840434497101e-19,1,0.00138164896709913,-0.00623229505821288,-0.00623229505821288,-0.00146155630257869,0.00698832292694401,-0.000509206954697196,-0.000509206954697196,0.0175510941421394,3.51001566181617,-14.830271419348,-11.1484461687471,-2.67968660244784,-11.1484461687471,-2.67968660244784,-0.836285602141682,21.8132235965442,1.73472347597681e-18,2.49314534580837e-20,-4.17346535868753e-19,0,0,0,0.00138174908359249,-0.00146165364460813,-0.00623142958188206,0.0069875301218291,0.0175510349137461,-0.000509136241330345,4.50056785790802e-13,1.45069228174e-08,2.40126582309335e-12,2.62773054580644e-20,3.46944695195361e-18,4.96521994975263e-14
NC_k0027,-0.0447368421052632,-0.0447368421052632,0.566210036074894,78.1734295317902,54.5376996442151,42.1519568610559,80.870573192199,-59.9093008795487,-56.7332414618277,-58.995007554,-89.2164564813764,1,480,-26.6125267111615,-12.5173254627866,-12.9128512174029,0.589731939395825,1.69327180112055e-18,7.55341630714022e-19,0,8.80980439593477e-19,0.000372594841608626,-0.00154358199587435,1,3.21530257502272e-20,-9.71600042487196e-20,1,0.00546780616345853,-0.0148737930887004,-0.0148737930887004,-0.000154353349661792,0.00196682104422621,-0.00420214574164677,-0.00420214574164677,-0.0112837554077873,1,5.42101086242752e-20,0,1,0.00546770319703124,-0.0148758588932961,-0.0148758588932961,-0.00015406588834512,0.00196619920243337,-0.00420272937299978,-0.00420272937299978,-0.0112834570706599,9.50273785027302,-59.120546696789,2.65938749980261,-6.59190989351457,2.65938749980261,-6.59190989351457,-11.3664324330879,-14.0873067788697,2.60208521396521e-18,2.81305247431442e-19,2.98770501278212e-19,0,0,0,0.00546780616345854,-0.000154353349661787,-0.0148737930887004,0.00196682104422621,-0.0112837554077873,-0.00420214574164677,9.99231007804639e-14,3.09474769456707e-08,1.89911476067595e-12,9.71600042487196e-20,5.20417042793042e-18,2.33334860763433e-14
NC_k0027,-0.0280701754385965,-0.0280701754385965,0.568892391835841,69.8998568488537,60.948111666766,45.6180249411475,77.6035000518175,-57.1330941989437,-63.7906350840947,-57.0497627635584,-85.3582758817946,1,480,-17.2076027720385,-8.0541331613271,-8.33637285801066,0.436352989342238,2.57928149883835e-18,-2.27756571604841e-18,0,-7.16503846593433e-19,0.000364715443784116,-0.00153574581700667,1,3.27996716862142e-19,-3.71866716452032e-20,1,0.00546780616345854,-0.0148737930887004,-0.0148737930887004,-0.000154353349661792,0.00196682104422621,-0.00420214574164677,-0.00420214574164677,-0.0112837554077873,1,5.42101086242752e-20,0,1,0.00546770319703124,-0.0148758588932961,-0.0148758588932961,-0.00015406588834512,0.00196619920243337,-0.00420272937299978,-0.00420272937299978,-0.0112834570706599,9.37576679288549,-59.2182595586849,2.71882418653555,-6.60676178941919,2.71882418653555,-6.60676178941919,-11.6688323611507,-14.4451073072099,1.73472347597681e-18,4.91226638579469e-19,-2.22683349437553e-19,0,0,0,0.00546780616345854,-0.000154353349661787,-0.0148737930887004,0.00196682104422621,-0.0112837554077873,-0.00420214574164677,2.98492234459998e-13,2.52976172959292e-08,1.24269173374999e-12,3.27996716862142e-19,5.31259064517897e-18,6.2449660599885e-15
NC_k0027,-0.0114035087719298,-0.0114035087719298,0.571069563701419,61.3767599354936,66.9704633034793,51.171834534205,73.7361050656374,-55.5704734896618,-71.1733711285906,-55.6777947342684,-80.1632232718644,1,480,-7.08139681353444,-3.30757782297235,-3.42836163004722,0.193310839004975,-8.38562617781757e-20,5.60226267825014e-19,0,-4.04061185619903e-20,0.000360214812977252,-0.00153180490600893,1,3.76182259401292e-19,-4.14469962198582e-20,1,0.00546780616345854,-0.0148737930887004,-0.0148737930887004,-0.00015435334966179,0.00196682104422621,-0.00420214574164677,-0.00420214574164677,-0.0112837554077873,1,5.42101086242752e-20,0,1,0.00546770319703124,-0.0148758588932961,-0.0148758588932961,-0.00015406588834512,0.00196619920243337,-0.00420272937299978,-0.00420272937299978,-0.0112834570706599,9.31432574826456,-59.3497470305461,2.76279556921033,-6.6122945322172,2.76279556921033,-6.6122945322172,-11.8382737600871,-14.6725129773437,8.67361737988404e-19,3.00248322895395e-19,-2.39267102443958e-19,0,0,0,0.00546780616345854,-0.000154353349661787,-0.0148737930887004,0.00196682104422621,-0.0112837554077873,-0.00420214574164677,5.80588549554791e-13,1.72835109252625e-08,8.85377124815176e-13,3.76182259401292e-19,3.46944695195361e-18,1.80802388803413e-14
NC_k0027,0.00526315789473684,0.00526315789473684,0.571446111176267,53.664876529483,72.0950249370133,58.4006527478103,68.9735368209713,-55.4142780933525,-77.93333787174,-55.3538126503197,-73.7671869536104,1,480,3.27419995241158,1.52888766198278,1.58501891275016,-0.0904729879907223,-1.24450315775338e-18,-7.55500449391633e-19,0,-1.72106506970233e-19,0.000359509583835689,-0.00153121296449537,1,4.17036381537038e-19,1.38476670466431e-20,1,0.00546780616345854,-0.0148737930887004,-0.0148737930887004,-0.000154353349661789,0.00196682104422621,-0.00420214574164677,-0.00420214574164677,-0.0112837554077873,1,5.42101086242752e-20,0,1,0.00546770319703124,-0.0148758588932961,-0.0148758588932961,-0.00015406588834512,0.00196619920243337,-0.00420272937299978,-0.00420272937299978,-0.0112834570706599,9.30506428702299,-59.3744129772935,2.77039825188175,-6.61280236125562,2.77039825188175,-6.61280236125562,-11.8646701350954,-14.7098989227033,1.30104260698261e-18,-6.11801080970409e-20,-1.04725306168761e-18,0,0,0,0.00546780616345854,-0.000154353349661787,-0.0148737930887004,0.00196682104422621,-0.0112837554077873,-0.00420214574164677,6.57577932063054e-13,2.35788333569922e-08,1.06882453840926e-12,4.17036381537038e-19,7.80625564189563e-18,6.60562423980025e-15
NC_k0027,0.0219298245614035,0.0219298245614035,0.569854822656569,47.4421687131998,76.2678871236622,66.7252608981536,63.2518111388723,-56.4504985603179,-83.5976213209198,-56.3951438427202,-66.5376511960932,1,480,13.5287197340153,6.3256603315037,6.55194542162127,-0.35499639085166,-7.67372145542994e-19,-1.64747908240961e-19,0,-2.77806954364709e-19,0.000362632895014998,-0.0015338736302633,1,3.9473628129962e-19,-8.98100857685905e-20,1,0.00546780616345854,-0.0148737930887004,-0.0148737930887004,-0.00015435334966179,0.00196682104422621,-0.00420214574164677,-0.00420214574164677,-0.0112837554077873,1,5.42101086242752e-20,0,1,0.00546770319703124,-0.0148758588932961,-0.0148758588932961,-0.00015406588834512,0.00196619920243337,-0.00420272937299978,-0.00420272937299978,-0.0112834570706599,9.34662943741361,-59.2736705168041,2.73825245747643,-6.60973022098427,2.73825245747643,-6.60973022098427,-11.7478265962629,-14.548432796132,1.30104260698261e-18,3.39765052450995e-19,-1.6674728926553e-19,0,0,0,0.00546780616345854,-0.000154353349661787,-0.0148737930887004,0.00196682104422621,-0.0112837554077873,-0.00420214574164677,3.26767176607895e-13,2.88082808144889e-08,6.58936926562107e-13,3.9473628129962e-19,3.46944695195361e-18,6.23441890381542e-15
NC_k0027,0.0385964912280702,0.0385964912280702,0.567095785685905,43.1652976415007,79.7116729233088,75.2383492587886,56.8852825668807,-58.2431667135146,-87.9503292124085,-58.7788991895996,-59.2077337991064,1,480,23.2771985204208,10.9236493515592,11.2862797977535,-0.545491204275846,-1.61465655570351e-20,-1.00376051227595e-18,0,1.25929976455073e-19,0.000369351980082955,-0.00154020383703822,1,5.36786605504954e-20,-1.71962744284347e-19,1,0.00546780616345854,-0.0148737930887004,-0.0148737930887004,-0.000154353349661788,0.0019668210442262,-0.00420214574164677,-0.00420214574164677,-0.0112837554077873,1,5.42101086242752e-20,0,1,0.00546770319703124,-0.0148758588932961,-0.0148758588932961,-0.00015406588834512,0.00196619920243337,-0.00420272937299978,-0.00420272937299978,-0.0112834570706599,9.44654804005163,-59.1356813212926,2.68127737422185,-6.5981723625278,2.68127737422185,-6.5981723625278,-11.4908813430001,-14.2278571471353,1.30104260698261e-18,-7.11659574355901e-20,8.50519506436575e-19,0,0,0,0.00546780616345854,-0.000154353349661787,-0.0148737930887004,0.00196682104422621,-0.0112837554077873,-0.00420214574164677,1.15662150337984e-13,2.60474373343695e-08,1.4898791883135e-12,1.71962744284347e-19,4.77048955893622e-18,0
NC_k0028,-0.0447368421052632,-0.0447368421052632,0.460008544912661,-93.3504318108554,50.4318390401594,-121.856030746228,70.9053998370899,83.1335305663085,-56.204973088613,134.47143129954,-64.7067510191392,1,480,-9.42164107470492,12.1371341370303,0.896112710567423,7.44526903275175,3.98264303887131e-19,5.99831675554053e-19,0,1.82217962778081e-19,0.000418775687554494,0.000672082205331396,1,-1.36543092440964e-20,1.10357581696668e-20,1,-0.00471347832099349,-0.00430342922469209,-0.00430342922469209,0.00798128353293045,0.0130887593471326,0.0111079045568512,0.0111079045568512,0.000928206497120302,1,0,2.16840434497101e-19,1,-0.00471298079792196,-0.00430402692319552,-0.00430402692319552,0.00798089947531768,0.0130885804558157,0.011109447321373,0.011109447321373,0.000928872088640175,-16.0349713317418,-19.119656345791,8.362755947402,16.8805119987609,8.362755947402,16.8805119987609,33.6874652976537,-8.34457120410576,1.73472347597681e-18,7.79436681636081e-21,5.17325948868063e-19,0,0,0,-0.00471347832099349,0.00798128353293045,-0.00430342922469209,0.0130887593471326,0.000928206497120309,0.0111079045568512,2.93665700487075e-13,3.50373043454784e-08,1.88518463407608e-12,1.36543092440964e-20,6.61363325216158e-18,4.19946125830021e-14
NC_k0028,-0.0280701754385965,-0.0280701754385965,0.458243884374523,-100.160814397277,53.6517547854153,-117.388372071747,66.4002512698266,93.7141121194144,-57.4528074245627,126.228220987505,-62.1278335171404,1,480,-5.99149068203639,7.67667202503813,0.556109843190602,4.70941427907055,1.16895840677014e-18,-3.64801208514666e-18,0,9.19348385126136e-19,0.000420607043366036,0.000676645606192186,1,8.58744716103921e-20,4.38011362109372e-20,1,-0.00471347832099349,-0.00430342922469209,-0.00430342922469209,0.00798128353293045,0.0130887593471326,0.0111079045568512,0.0111079045568512,0.000928206497120309,1,0,2.16840434497101e-19,1,-0.00471298079792196,-0.00430402692319552,-0.00430402692319552,0.00798089947531768,0.0130885804558157,0.011109447321373,0.011109447321373,0.000928872088640175,-16.0184736756525,-19.1394054962811,8.33156822957658,16.5789829438323,8.33156822957658,16.5789829438323,33.8844924626161,-8.01616344189289,1.0842021724855e-18,2.421723741215e-19,-7.39030631758825e-19,0,0,0,-0.00471347832099349,0.00798128353293045,-0.00430342922469209,0.0130887593471326,0.000928206497120309,0.0111079045568512,6.99743725513619e-13,2.3515603845419e-08,2.68589318722282e-12,8.58744716103921e-20,2.60208521396521e-18,3.23440811413694e-14
NC_k0028,-0.0114035087719298,-0.0114035087719298,0.457513947055606,-105.944521196788,56.9772486294615,-112.793830123956,62.1445752944082,103.934763057249,-58.4301483960031,117.194959038577,-60.198995367353,1,480,-2.4490890373702,3.11771129141431,0.220645343834555,1.91658374017106,-6.00599299162502e-19,-2.29027121025722e-18,0,-1.07890821656517e-19,0.000421943365633516,0.000679118921238603,1,6.41408855285346e-20,2.58389491905474e-20,1,-0.00471347832099349,-0.00430342922469209,-0.00430342922469209,0.00798128353293045,0.0130887593471326,0.0111079045568512,0.0111079045568512,0.000928206497120309,1,0,2.16840434497101e-19,1,-0.00471298079792196,-0.00430402692319552,-0.00430402692319552,0.00798089947531768,0.0130885804558157,0.011109447321373,0.011109447321373,0.000928872088640175,-16.0069940862355,-19.1769152994413,8.3206083855505,16.4146318256594,8.3206083855505,16.4146318256594,34.0207197335057,-7.85107855518731,1.73472347597681e-18,1.45370914408657e-19,-7.65574100025083e-19,0,0,0,-0.00471347832099349,0.00798128353293045,-0.00430342922469209,0.0130887593471326,0.000928206497120309,0.0111079045568512,8.03365966069983e-13,7.68377206776754e-09,3.53578317104933e-12,6.41408855285346e-20,6.93889390390723e-18,1.49238545521648e-14
NC_k0028,0.00526315789473684,0.00526315789473684,0.457406772864036,-111.032597612174,60.6730829102431,-107.883364104408,58.2886696591092,113.714380754379,-59.6367076954307,107.591098156925,-58.8298188147968,1,480,1.13133078351673,-1.43839893964265,-0.10133249152155,-0.88465615046294,-2.15993401549847e-18,5.89693749966603e-19,0,-1.82953822651009e-18,0.000422172873923932,0.00067949723364719,1,5.57158987791586e-20,-4.54139860901785e-20,1,-0.00471347832099349,-0.00430342922469209,-0.00430342922469209,0.00798128353293045,0.0130887593471326,0.0111079045568512,0.0111079045568512,0.000928206497120307,1,0,2.16840434497101e-19,1,-0.00471298079792196,-0.00430402692319552,-0.00430402692319552,0.00798089947531768,0.0130885804558157,0.011109447321373,0.011109447321373,0.000928872088640175,-16.0047332281224,-19.1842674014284,8.31912320871193,16.3887548162074,8.31912320871193,16.3887548162074,34.0431007708578,-7.82621352575737,1.95156391047391e-18,3.09003173831625e-19,-1.19112095008445e-19,0,0,0,-0.00471347832099349,0.00798128353293045,-0.00430342922469209,0.0130887593471326,0.000928206497120309,0.0111079045568512,3.49646413310164e-12,1.91840421019909e-08,2.71600070436977e-12,5.57158987791586e-20,3.46944695195361e-18,5.58258667804399e-15
NC_k0028,0.0219298245614035,0.0219298245614035,0.457893372369878,-115.72068476177,64.7925937678124,-102.395778298893,54.8453622191824,122.979230895574,-61.3448988917894,97.5304838111297,-57.8131390706349,1,480,4.69474936979218,-5.99874305932886,-0.430317917547111,-3.68309885730712,1.6020569406131e-18,-2.39183575458893e-18,0,2.01085621678171e-18,0.000421204161229313,0.000677803904355763,1,1.02120605633398e-19,-5.96927768550793e-20,1,-0.00471347832099349,-0.00430342922469209,-0.00430342922469209,0.00798128353293045,0.0130887593471326,0.0111079045568512,0.0111079045568512,0.000928206497120308,1,0,2.16840434497101e-19,1,-0.00471298079792196,-0.00430402692319552,-0.00430402692319552,0.00798089947531768,0.0130885804558157,0.011109447321373,0.011109447321373,0.000928872088640175,-16.0137618251036,-19.1548569656272,8.32609149902205,16.5026739788445,8.32609149902205,16.5026739788445,33.9463314050248,-7.93796095761645,1.73472347597681e-18,2.421723741215e-19,-4.22314905483402e-19,0,0,0,-0.00471347832099349,0.00798128353293045,-0.00430342922469209,0.0130887593471326,0.000928206497120309,0.0111079045568512,1.04279188958092e-12,1.9505164317808e-08,7.7285457969959e-13,1.02120605633398e-19,2.60208521396521e-18,5.69788572034975e-15
NC_k0028,0.0385964912280702,0.0385964912280702,0.459166735095611,-120.21185849057,69.2311157379445,-95.9897108711942,51.6300812818709,131.542190729787,-63.6789846975982,87.0543139709403,-56.7369909519309,1,480,8.1780133275366,-10.5234018841441,-0.773978223680455,-6.45088995121159,-2.35914557678084e-18,2.37534508189708e-18,0,4.52897928985034e-19,0.000419426826749762,0.000673991105569155,1,1.14609692816766e-20,2.95275608172859e-19,1,-0.00471347832099348,-0.00430342922469209,-0.00430342922469209,0.00798128353293046,0.0130887593471326,0.0111079045568512,0.0111079045568512,0.000928206497120309,1,0,2.16840434497101e-19,1,-0.00471298079792196,-0.00430402692319552,-0.00430402692319552,0.00798089947531768,0.0130885804558157,0.011109447321373,0.011109447321373,0.000928872088640175,-16.0274463439743,-19.1193844754207,8.34730678949837,16.7527595501616,8.34730678949837,16.7527595501616,33.7590944405276,-8.20258362515981,1.30104260698261e-18,-6.8696013988757e-19,-3.79539052337928e-19,0,0,0,-0.00471347832099349,0.00798128353293045,-0.00430342922469209,0.0130887593471326,0.000928206497120309,0.0111079045568512,1.88381500069634e-13,2.35560546612233e-08,2.45068115441071e-12,2.95275608172859e-19,3.46944695195361e-18,4.23133939066701e-15
NC_k0029,-0.0447368421052632,-0.0447368421052632,0.337092606356837,-32.3749562532467,19.936352432509,-9.48616242953759,25.8637174295079,27.4447007280261,-29.1034402294774,23.5194105606787,-17.0036949280468,1,480,12.1143566983147,16.595158862785,9.47414013516277,2.02844348825961,-4.58271294244178e-19,-5.7341483551156e-19,0,2.00799748058473e-19,0.00193511891005367,-0.000376101207385978,1,1.77440281403536e-19,1.19069346156301e-19,1,0.00884989807930435,0.00647985072343881,0.00647985072343881,0.0126933317263392,-0.00424549304752961,0.00927811762783742,0.00927811762783742,-0.00380295810394701,1,0,0,1,0.00885040554626789,0.00648075070270595,0.00648075070270595,0.0126935722881883,-0.00424561741178767,0.00927940625528574,0.00927940625528574,-0.00380311319979838,0.233732411436834,21.7797490431485,2.60817800809786,9.21163668914217,2.60817800809786,9.21163668914217,33.1215620957876,-4.06546962604023,2.16840434497101e-18,-1.72490444056076e-19,-1.81291507735392e-19,0,0,0,0.00884989807930435,0.0126933317263392,0.00647985072343881,-0.00424549304752961,-0.00380295810394701,0.00927811762783743,2.94228027744353e-13,2.97960273512865e-08,3.46786648426035e-13,1.77440281403536e-19,5.20417042793042e-18,2.79949649780339e-14
NC_k0029,-0.0280701754385965,-0.0280701754385965,0.337965580578527,-27.2345436847782,19.9637475958789,-11.5908178462495,23.776307425795,25.1868603524643,-26.3314726523844,22.7794497132077,-17.6267303674641,1,480,7.74987798562344,10.7514855383346,6.10544996290615,1.236299658433,-8.66362503808439e-19,-1.53935003273668e-18,0,5.33233710076184e-19,0.00193118069508408,-0.000370395324890756,1,-4.08375248960733e-21,1.16127972152299e-19,1,0.00884989807930435,0.00647985072343881,0.00647985072343881,0.0126933317263392,-0.00424549304752961,0.00927811762783743,0.00927811762783743,-0.00380295810394701,1,0,0,1,0.00885040554626789,0.00648075070270595,0.00648075070270595,0.0126935722881883,-0.00424561741178767,0.00927940625528574,0.00927940625528574,-0.00380311319979838,0.668003035571384,22.0979413954406,2.66618380392825,9.00506035431738,2.66618380392825,9.00506035431738,33.1823956103292,-3.98280408345426,1.30104260698261e-18,-2.0604086857954e-19,-3.96510270676105e-19,0,0,0,0.00884989807930435,0.0126933317263392,0.00647985072343881,-0.00424549304752961,-0.00380295810394701,0.00927811762783743,5.58277248193481e-13,2.44681600069148e-08,1.5888741318318e-12,1.16127972152299e-19,3.90312782094782e-18,5.78163172709909e-14
NC_k0029,-0.0114035087719298,-0.0114035087719298,0.33870148331328,-21.720401484115,20.3384574176489,-15.1137498540876,21.929366839078,23.4702596085388,-23.1028891507436,22.5267555710527,-19.3448417564152,1,480,3.17009553613422,4.42827707859642,2.5074629628611,0.491394489565395,-3.22401915548668e-20,-7.4812861577256e-19,0,-6.39774572973014e-19,0.00192932316674794,-0.000367059818533916,1,-4.7280834148517e-20,-1.15070909669702e-19,1,0.00884989807930435,0.00647985072343881,0.00647985072343881,0.0126933317263392,-0.00424549304752961,0.00927811762783743,0.00927811762783743,-0.00380295810394701,1,0,0,1,0.00885040554626789,0.00648075070270595,0.00648075070270595,0.0126935722881883,-0.00424561741178767,0.00927940625528574,0.00927940625528574,-0.00380311319979838,0.921496500592661,22.2885986118231,2.69578386004139,8.88636320449747,2.69578386004139,8.88636320449747,33.2579818769901,-3.93901923662912,8.67361737988404e-19,-6.02256290785751e-19,4.01276086917657e-19,0,0,0,0.00884989807930435,0.0126933317263392,0.00647985072343881,-0.00424549304752961,-0.00380295810394701,0.00927811762783743,6.83905235370604e-13,1.45584845038323e-08,5.06251770444298e-12,1.15070909669702e-19,1.73472347597681e-18,9.47307496199827e-14
NC_k0029,0.00526315789473684,0.00526315789473684,0.338826686865156,-16.7186644617077,21.3771398831705,-19.7878849170242,20.6390930832456,22.6181857255547,-20.2203479743008,23.0504466918074,-21.9711989624337,1,480,-1.46439988053033,-2.04765260292968,-1.15897731954178,-0.225891413440925,-5.75161840965272e-19,-2.1105017020923e-18,0,3.026289901862e-19,0.00192905077545232,-0.000366530773247556,1,-9.28509730991504e-20,-6.97691883831063e-20,1,0.00884989807930435,0.00647985072343881,0.00647985072343881,0.0126933317263392,-0.00424549304752961,0.00927811762783743,0.00927811762783743,-0.00380295810394701,1,0,0,1,0.00885040554626789,0.00648075070270595,0.00648075070270595,0.0126935722881883,-0.00424561741178767,0.00927940625528574,0.00927940625528574,-0.00380311319979838,0.962113513623377,22.3189617109702,2.70013615218724,8.86729256888925,2.70013615218724,8.86729256888925,33.2719476782069,-3.9321609919063,1.73472347597681e-18,-2.25416894104369e-19,-2.98680959046134e-19,0,0,0,0.00884989807930435,0.0126933317263392,0.00647985072343881,-0.00424549304752961,-0.00380295810394701,0.00927811762783743,1.90092885813086e-12,2.23568186723783e-08,1.10699544942082e-12,9.28509730991504e-20,3.46944695195361e-18,2.67048553182472e-14
NC_k0029,0.0219298245614035,0.0219298245614035,0.338293136183025,-12.735616788359,23.0479408067052,-25.1881863302953,20.0360043485717,22.6118688017,-18.1403804881714,24.4655804507233,-25.1464625544227,1,480,-6.07596552665164,-8.45626390636075,-4.79563571289404,-0.956618790910745,4.20803321217976e-19,-3.18044989826229e-18,0,2.44104307486849e-19,0.00193028869578844,-0.000368858288558107,1,-1.27103095712544e-19,7.65389788031804e-22,1,0.00884989807930435,0.00647985072343881,0.00647985072343881,0.0126933317263392,-0.00424549304752961,0.00927811762783743,0.00927811762783743,-0.00380295810394701,1,0,0,1,0.00885040554626789,0.00648075070270595,0.00648075070270595,0.0126935722881883,-0.00424561741178767,0.00927940625528574,0.00927940625528574,-0.00380311319979838,0.784722084875919,22.1858543374351,2.68029515538374,8.95045877140079,2.68029515538374,8.95045877140079,33.2145319285547,-3.96242084463128,1.73472347597681e-18,-2.0604086857954e-19,2.0933607383779e-19,0,0,0,0.00884989807930435,0.0126933317263392,0.00647985072343881,-0.00424549304752961,-0.00380295810394701,0.00927811762783743,2.56068047450615e-13,2.87331533769161e-08,1.7802860637324e-12,1.27103095712544e-19,3.46944695195361e-18,2.21524016146912e-14
NC_k0029,0.0385964912280702,0.0385964912280702,0.337359373342521,-10.0835218149641,25.0914992821179,-30.5989122337816,19.9421507580691,23.2121320004568,-17.0997026080645,26.5875655946692,-28.2024266988307,1,480,-10.5494460720399,-14.5283711065843,-8.27567966894594,-1.73214270012986,1.16157333826126e-18,2.94621881856687e-18,0,-8.48621134030402e-19,0.00193337616976955,-0.00037377542075408,1,1.4610417325393e-19,2.8059405056463e-19,1,0.00884989807930435,0.00647985072343881,0.00647985072343881,0.0126933317263392,-0.00424549304752961,0.00927811762783743,0.00927811762783743,-0.00380295810394701,1,0,0,1,0.00885040554626789,0.00648075070270595,0.00648075070270595,0.0126935722881883,-0.00424561741178767,0.00927940625528574,0.00927940625528574,-0.00380311319979838,0.411369707927892,21.9066013390805,2.63253434152432,9.12588633978629,2.63253434152432,9.12588633978629,33.1327902117301,-4.02995774949343,1.73472347597681e-18,-1.7878801003741e-19,-1.07099237719389e-19,0,0,0,0.00884989807930435,0.0126933317263392,0.00647985072343881,-0.00424549304752961,-0.00380295810394701,0.00927811762783743,2.96286258073751e-13,1.88523378653428e-08,1.08316058851738e-12,2.8059405056463e-19,2.16840434497101e-18,3.27446633113246e-14
NC_k0030,-0.0447368421052632,-0.0447368421052632,0.490235749346186,53.4575565654068,-24.6406056899827,75.1584661665424,-23.5251624448651,-48.716289815048,26.1874659337326,-83.619358578538,21.2888793669929,1,480,11.7055234323702,-16.5438740856284,-1.59665571557517,-4.04217539748731,-6.52585946300235e-19,1.19738695006236e-18,0,-1.35996433637598e-18,-0.000468771244432215,-0.000783173477848549,1,-3.0794318640034e-20,-2.81351129621855e-20,1,0.00224963521138601,0.00750527742196521,0.00750527742196521,-0.00353491288320555,-0.0121081658433771,-0.012816905715274,-0.012816905715274,-0.00390302330741577,1,-5.42101086242752e-20,0,1,0.00224941204517315,0.00750631982160715,0.00750631982160715,-0.00353473434468962,-0.0121081589146285,-0.0128186858410678,-0.0128186858410678,-0.00390358618023215,9.21598818572861,28.4669170682682,-3.36464528785516,-11.9361547565889,-3.36464528785516,-11.9361547565889,-42.507480079929,2.40647351111463,1.73472347597681e-18,1.64745329869004e-19,-5.38905113502251e-19,0,0,0,0.00224963521138601,-0.00353491288320555,0.00750527742196521,-0.0121081658433772,-0.00390302330741578,-0.012816905715274,3.04991538027942e-13,4.02574647607667e-08,3.75115676051554e-12,3.0794318640034e-20,6.50521303491303e-18,6.4996077599884e-14
NC_k0030,-0.0280701754385965,-0.0280701754385965,0.490633868638467,58.9481318469714,-23.4049393779769,72.181047697896,-22.439241877248,-56.3972029256801,24.3213646199722,-78.44716269739,20.775547098695,1,480,7.42577590670528,-10.49580150031,-1.01310844588958,-2.54877916753122,-1.49316026733172e-18,2.1839156358176e-18,0,7.00681535836518e-19,-0.000468024534516117,-0.000786889868762646,1,-1.78521113109371e-19,-1.17908970819111e-20,1,0.00224963521138602,0.00750527742196521,0.00750527742196521,-0.00353491288320554,-0.0121081658433771,-0.012816905715274,-0.012816905715274,-0.00390302330741578,1,-5.42101086242752e-20,0,1,0.00224941204517315,0.00750631982160715,0.00750631982160715,-0.00353473434468962,-0.0121081589146285,-0.0128186858410678,-0.0128186858410678,-0.00390358618023215,9.25438237593966,28.5092460898194,-3.42389100099162,-11.6789697788164,-3.42389100099162,-11.6789697788164,-42.7359417425441,2.04861517876796,1.73472347597681e-18,-7.29964932809874e-19,1.63973209763574e-19,0,0,0,0.00224963521138601,-0.00353491288320555,0.00750527742196521,-0.0121081658433772,-0.00390302330741578,-0.012816905715274,2.11132533050131e-13,2.44123204734316e-08,3.20697915267332e-12,1.78521113109371e-19,5.20417042793042e-18,3.73367618447343e-14
NC_k0030,-0.0114035087719298,-0.0114035087719298,0.491199073097712,63.5808298164745,-22.4000606289304,68.8703364407066,-21.9668495854291,-63.5942988946009,22.5577072010879,-72.5711246080214,21.0357389309939,1,480,3.0278939380715,-4.27348805284831,-0.41104605787635,-1.0350762405859,6.40674545479471e-19,1.81614451803163e-18,0,7.95496286369797e-19,-0.000467974747378029,-0.00078882467581592,1,-1.94884162329528e-19,8.41870425397863e-20,1,0.00224963521138602,0.00750527742196521,0.00750527742196521,-0.00353491288320555,-0.0121081658433771,-0.012816905715274,-0.012816905715274,-0.00390302330741578,1,-5.42101086242752e-20,0,1,0.00224941204517315,0.00750631982160715,0.00750631982160715,-0.00353473434468962,-0.0121081589146285,-0.0128186858410678,-0.0128186858410678,-0.00390358618023215,9.26412000555461,28.5663386429018,-3.46133824960965,-11.5356569676628,-3.46133824960965,-11.5356569676628,-42.9028517610147,1.86624043360136,1.73472347597681e-18,-3.20894277689511e-19,2.48327770881534e-19,0,0,0,0.00224963521138601,-0.00353491288320555,0.00750527742196521,-0.0121081658433772,-0.00390302330741578,-0.012816905715274,6.81489453622227e-13,1.04688210322569e-08,1.76571804463729e-12,1.94884162329528e-19,2.60208521396521e-18,2.13591762633898e-14
NC_k0030,0.00526315789473684,0.00526315789473684,0.491300691764492,67.5434726636952,-21.9610581033006,65.1097487557551,-22.1633302132265,-70.2548246154705,21.3196099034663,-66.1106781533367,22.0280777087583,1,480,-1.39808975833862,1.97254558027683,0.189570421239625,0.477595822362941,1.18833428543858e-18,-1.55605246366535e-18,0,7.12037071285646e-21,-0.000467991507667561,-0.000789114783260833,1,-1.31301911650311e-19,1.51447820751833e-19,1,0.00224963521138602,0.0075052774219652,0.0075052774219652,-0.00353491288320554,-0.0121081658433771,-0.012816905715274,-0.012816905715274,-0.00390302330741578,1,-5.42101086242752e-20,0,1,0.00224941204517315,0.00750631982160715,0.00750631982160715,-0.00353473434468962,-0.0121081589146285,-0.0128186858410678,-0.0128186858410678,-0.00390358618023215,9.26468239854104,28.5770133942809,-3.46740967930448,-11.5129345250723,-3.46740967930448,-11.5129345250723,-42.9307873185833,1.83872209735792,1.73472347597681e-18,-4.89816257554159e-19,-7.61033569416135e-19,0,0,0,0.00224963521138601,-0.00353491288320555,0.00750527742196521,-0.0121081658433772,-0.00390302330741578,-0.012816905715274,3.67139034050282e-12,2.24682383983398e-08,2.04493454002548e-12,1.51447820751833e-19,6.93889390390723e-18,3.63821810066437e-14
NC_k0030,0.0219298245614035,0.0219298245614035,0.490877979013252,71.0068781020325,-22.1885709614399,60.7464854271333,-22.9824891562227,-76.3571236830299,20.7826156400999,-59.112467905556,23.6306246670291,1,480,-5.81245329785571,8.21086816084542,0.791476904786619,1.99145477237745,4.68679211583565e-18,-4.98161252103935e-20,0,-1.31409220832624e-18,-0.000467971224777855,-0.000787803676412909,1,-2.12585310531507e-19,1.06138711619081e-19,1,0.00224963521138602,0.0075052774219652,0.0075052774219652,-0.00353491288320554,-0.0121081658433771,-0.012816905715274,-0.012816905715274,-0.00390302330741578,1,-5.42101086242752e-20,0,1,0.00224941204517315,0.00750631982160715,0.00750631982160715,-0.00353473434468962,-0.0121081589146285,-0.0128186858410678,-0.0128186858410678,-0.00390358618023215,9.2602514990397,28.5334246558134,-3.44097057569433,-11.6126729534075,-3.44097057569433,-11.6126729534075,-42.8110105064371,1.96230416708138,1.73472347597681e-18,-3.94348571777736e-19,-1.52742516511849e-19,0,0,0,0.00224963521138601,-0.00353491288320555,0.00750527742196521,-0.0121081658433772,-0.00390302330741578,-0.012816905715274,7.53736037071292e-13,1.73608649837142e-08,5.00104171269297e-13,2.12585310531507e-19,3.46944695195361e-18,6.10661364869863e-15
NC_k0030,0.0385964912280702,0.0385964912280702,0.490266531258946,74.0906289903062,-23.0614168108727,55.5844670835993,-24.1936276236052,-81.8044202344581,21.0099623749778,-51.5868665975592,25.5302758710626,1,480,-10.1539442278861,14.358264269224,1.38742561364143,3.49808769773233,4.42320605056196e-18,-1.33566507870162e-18,0,-6.13278323591715e-19,-0.000468341487307178,-0.000784754843119975,1,-4.70096603910424e-20,-2.8754546437411e-19,1,0.00224963521138601,0.0075052774219652,0.0075052774219652,-0.00353491288320555,-0.0121081658433771,-0.012816905715274,-0.012816905715274,-0.00390302330741578,1,-5.42101086242752e-20,0,1,0.00224941204517315,0.00750631982160715,0.00750631982160715,-0.00353473434468962,-0.0121081589146285,-0.0128186858410678,-0.0128186858410678,-0.00390358618023215,9.23429296185705,28.4732105460326,-3.38774592778661,-11.8281968962101,-3.38774592778661,-11.8281968962101,-42.5880713858717,2.25295070396979,1.73472347597681e-18,-1.23063543297719e-19,-3.64701583656942e-19,0,0,0,0.00224963521138601,-0.00353491288320555,0.00750527742196521,-0.0121081658433772,-0.00390302330741578,-0.012816905715274,1.20097970723657e-13,2.15422696337964e-08,1.71723573453907e-12,2.8754546437411e-19,5.20417042793042e-18,1.83426889785262e-14
NC_k0031,-0.0447368421052632,-0.0447368421052632,0.502831882799327,62.5945575867163,-63.8172591862021,50.2806962011239,-91.6141352060695,-52.6541183027694,78.5226242035478,-67.2799359574231,75.5468884609329,1,480,-14.6395533966564,-14.1499473694575,-9.5005352528176,-5.88836152378406,1.42800159611969e-18,1.99386261827742e-18,0,-1.4788665863468e-18,-0.0015665943230356,-0.000110346371419057,1,-5.68891270269761e-20,-1.01565563860606e-20,1,-0.00489617049868362,-0.0095951032372957,-0.0095951032372957,-0.0131397015888722,-0.00314287102986019,-0.00907244958180328,-0.00907244958180328,0.00437295903755682,1,0,2.71050543121376e-20,1,-0.00489676985518134,-0.0095964358905231,-0.0095964358905231,-0.0131397284779331,-0.00314258870784383,-0.0090737096442452,-0.0090737096442452,0.00437271942692961,5.96046607040847,-29.989632440297,-11.3267969891841,-12.5811545824089,-11.3267969891841,-12.5811545824089,-30.0420309166342,11.6177195599567,1.73472347597681e-18,1.88202911926005e-19,-3.85026765782562e-19,0,0,0,-0.00489617049868363,-0.0131397015888722,-0.0095951032372957,-0.00314287102986019,0.00437295903755682,-0.00907244958180328,6.44555696149125e-13,3.49083525804553e-08,1.02512635850844e-12,5.68891270269761e-20,3.46944695195361e-18,1.76635263212732e-15
NC_k0031,-0.0280701754385965,-0.0280701754385965,0.502558169490116,59.672341419823,-68.0026899928612,50.3889636519045,-85.7325834978866,-53.9267613765106,77.8348447612816,-63.2472185784819,74.4634104571491,1,480,-9.36782218595603,-9.1620673736745,-6.11486355467808,-3.6819141835165,4.7997651351757e-19,2.74094567775571e-19,0,1.09727824360874e-18,-0.00156633833621187,-0.000116069931626233,1,1.07083193805967e-19,-4.23907163446497e-20,1,-0.00489617049868363,-0.0095951032372957,-0.0095951032372957,-0.0131397015888722,-0.00314287102986019,-0.00907244958180328,-0.00907244958180328,0.00437295903755682,1,0,2.71050543121376e-20,1,-0.00489676985518134,-0.0095964358905231,-0.0095964358905231,-0.0131397284779331,-0.00314258870784383,-0.0090737096442452,-0.0090737096442452,0.00437271942692961,5.51966676995624,-30.2965720791176,-11.2210681909406,-12.3764578805005,-11.2210681909406,-12.3764578805005,-30.1520766178049,11.4449307202063,1.73472347597681e-18,5.64407335376455e-19,5.13842722536082e-19,0,0,0,-0.00489617049868363,-0.0131397015888722,-0.0095951032372957,-0.00314287102986019,0.00437295903755682,-0.00907244958180328,6.01674555679216e-13,3.09659860024973e-08,1.50178524090914e-12,1.07083193805967e-19,3.46944695195361e-18,2.87188632009909e-14
NC_k0031,-0.0114035087719298,-0.0114035087719298,0.50265836382839,56.0979163655055,-72.5681978179106,52.0130346433189,-79.8509565594246,-55.7062461722172,76.3143981618399,-59.5458256130561,74.6346598618447,1,480,-3.83043411032902,-3.76967813571929,-2.50803704119594,-1.48785074273042,-2.60277342823485e-19,2.05006457781672e-18,0,-2.49530612305197e-19,-0.00156650395547324,-0.00011951618302197,1,1.73027742507428e-19,3.55566354035485e-20,1,-0.00489617049868363,-0.0095951032372957,-0.0095951032372957,-0.0131397015888722,-0.00314287102986019,-0.00907244958180328,-0.00907244958180328,0.00437295903755682,1,0,2.71050543121376e-20,1,-0.00489676985518134,-0.0095964358905231,-0.0095964358905231,-0.0131397284779331,-0.00314258870784383,-0.0090737096442452,-0.0090737096442452,0.00437271942692961,5.2710261176527,-30.488206864802,-11.1621114496615,-12.2617515694839,-11.1621114496615,-12.2617515694839,-30.2455588660308,11.3523119027609,8.67361737988404e-19,6.37327370785717e-19,1.37816712929684e-19,0,0,0,-0.00489617049868363,-0.0131397015888722,-0.0095951032372957,-0.00314287102986019,0.00437295903755682,-0.00907244958180328,1.33165289296666e-12,1.3344377542278e-08,3.31234418739032e-12,1.73027742507428e-19,1.73472347597681e-18,8.32681022346582e-14
NC_k0031,0.00526315789473684,0.00526315789473684,0.50267980544114,52.9368776804016,-77.777405559828,54.8468736018061,-74.4098624711482,-58.3508831114276,74.9579448681233,-56.5742818647346,75.7558804036663,1,480,1.76929281775938,1.74272445412737,1.15896569972261,0.685921402280035,-2.99929072666827e-19,-6.31185129492263e-19,0,-1.82810885841159e-18,-0.00156654567908644,-0.000120068227706406,1,1.83927831847562e-19,6.14222475670127e-20,1,-0.00489617049868362,-0.0095951032372957,-0.0095951032372957,-0.0131397015888722,-0.00314287102986019,-0.00907244958180328,-0.00907244958180328,0.00437295903755682,1,0,2.71050543121376e-20,1,-0.00489676985518134,-0.0095964358905231,-0.0095964358905231,-0.0131397284779331,-0.00314258870784383,-0.0090737096442452,-0.0090737096442452,0.00437271942692961,5.23162736703671,-30.5190166466216,-11.1525882642334,-12.2434204159282,-11.1525882642334,-12.2434204159282,-30.2617173746511,11.3377341980534,1.73472347597681e-18,-1.22170274439664e-20,1.99426000445542e-19,0,0,0,-0.00489617049868363,-0.0131397015888722,-0.0095951032372957,-0.00314287102986019,0.00437295903755682,-0.00907244958180328,1.54181883655703e-12,2.94796354017061e-08,1.04857816903063e-12,1.83927831847562e-19,6.07153216591882e-18,4.85893928448523e-14
NC_k0031,0.0219298245614035,0.0219298245614035,0.502594668727855,50.8242214706467,-83.538722560266,58.363956939428,-69.6195092778665,-61.8202028548872,74.394558991487,-54.495142455956,77.3128415385552,1,480,7.34342477578312,7.20302617107965,4.80032881246472,2.87022356526828,-8.80768681356663e-19,1.45210563916949e-18,0,-6.30457210553216e-19,-0.00156639067882808,-0.00011765076010559,1,2.82144685435841e-19,5.64618032002723e-21,1,-0.00489617049868363,-0.0095951032372957,-0.0095951032372957,-0.0131397015888722,-0.00314287102986019,-0.00907244958180328,-0.00907244958180328,0.00437295903755682,1,0,2.71050543121376e-20,1,-0.00489676985518134,-0.0095964358905231,-0.0095964358905231,-0.0131397284779331,-0.00314258870784383,-0.0090737096442452,-0.0090737096442452,0.00437271942692961,5.40457205684597,-30.3845230668007,-11.1939798833385,-12.3235221859415,-11.1939798833385,-12.3235221859415,-30.1933673067784,11.4019040301658,1.73472347597681e-18,6.50482543954548e-19,3.62381136407608e-19,0,0,0,-0.00489617049868363,-0.0131397015888722,-0.0095951032372957,-0.00314287102986019,0.00437295903755682,-0.00907244958180328,5.70515492926624e-13,2.86800392765784e-08,4.64123174626643e-13,2.82144685435841e-19,2.60208521396521e-18,4.85976236150229e-15
NC_k0031,0.0385964912280702,0.0385964912280702,0.502603411813067,50.1311695991321,-89.480471608732,61.677843820318,-65.34301384618,-65.7867467810781,74.9882380764523,-53.1027643282749,78.4417548031514,1,480,12.7523130586581,12.3876633680609,8.29619222081729,5.07862860311368,6.29716056724369e-20,-3.0387306982748e-19,0,-2.00985036515684e-18,-0.00156638647358546,-0.000112641416769732,1,7.70049585077129e-22,-2.49373751014873e-19,1,-0.00489617049868362,-0.0095951032372957,-0.0095951032372957,-0.0131397015888722,-0.00314287102986019,-0.00907244958180328,-0.00907244958180328,0.00437295903755682,1,0,2.71050543121376e-20,1,-0.00489676985518134,-0.0095964358905231,-0.0095964358905231,-0.0131397284779331,-0.00314258870784383,-0.0090737096442452,-0.0090737096442452,0.00437271942692961,5.77734406603434,-30.108957293818,-11.2816966537774,-12.4950538298925,-11.2816966537774,-12.4950538298925,-30.0764030135723,11.5437846712398,1.73472347597681e-18,3.0057352390632e-19,-2.21754025705391e-19,0,0,0,-0.00489617049868363,-0.0131397015888722,-0.0095951032372957,-0.00314287102986019,0.00437295903755682,-0.00907244958180328,2.26496652613447e-13,2.30323562993617e-08,1.73214499845187e-12,2.49373751014873e-19,1.73472347597681e-18,2.78327002592649e-14
NC_k0032,-0.0447368421052632,-0.0447368421052632,0.42051630649946,85.8313353884059,-44.5083513885389,134.281970201881,-77.9319170765752,-74.7944842449772,50.5860286313484,-139.50029723405,78.0589835546823,1,480,23.3442865995336,3.32153164820397,8.79972002175325,-7.20294887222884,1.5193124095782e-18,6.22026585750076e-19,0,2.93814553578835e-21,0.00128437082459474,0.00066978220732574,1,3.89218688288545e-20,-2.97427421690678e-20,1,0.0136913367855113,0.0110871636454645,0.0110871636454645,0.00148412401573944,-0.00614492925545892,-0.00329091592009189,-0.00329091592009189,0.00623130741358427,1,-1.0842021724855e-19,0,1,0.013691176386818,0.0110887035293042,0.0110887035293042,0.00148481134015508,-0.00614449802539823,-0.00329137299174746,-0.00329137299174746,0.00623087918276518,19.4312297773728,44.1249808649352,-4.38930137194222,-11.5285978782977,-4.38930137194222,-11.5285978782977,-4.8582612226779,11.3374698982355,2.60208521396521e-18,-2.91997862577502e-19,5.88489779163417e-20,0,0,0,0.0136913367855113,0.00148412401573944,0.0110871636454645,-0.00614492925545893,0.00623130741358428,-0.00329091592009189,2.09182016794158e-13,4.16220480375893e-08,7.5409549830269e-13,3.89218688288545e-20,1.95156391047391e-18,9.24049918190994e-15
NC_k0032,-0.0280701754385965,-0.0280701754385965,0.424446323564615,97.1151586318557,-51.139260602824,127.783847767115,-72.3610983363679,-88.8748425827479,56.1382758112603,-130.115759439837,73.6171212902876,1,480,14.942235933952,2.27369550972926,5.68125737641477,-4.61319949620438,-6.89696577301814e-19,1.08058904756987e-18,0,1.18420499982072e-18,0.00128099240671518,0.00066532295151432,1,-1.40092442925682e-19,2.57888797117489e-20,1,0.0136913367855113,0.0110871636454645,0.0110871636454645,0.00148412401573945,-0.00614492925545892,-0.00329091592009189,-0.00329091592009189,0.00623130741358427,1,-1.0842021724855e-19,0,1,0.013691176386818,0.0110887035293042,0.0110887035293042,0.00148481134015508,-0.00614449802539823,-0.00329137299174746,-0.00329137299174746,0.00623087918276518,19.7993047187434,44.4206506405825,-4.38470187821672,-11.3063011715507,-4.38470187821672,-11.3063011715507,-4.81250059681304,11.3490174927253,1.73472347597681e-18,-9.24697195006766e-19,2.03180908449633e-20,0,0,0,0.0136913367855113,0.00148412401573944,0.0110871636454645,-0.00614492925545893,0.00623130741358428,-0.00329091592009189,2.84602538222634e-13,3.60680364852142e-08,8.63513781304341e-13,1.40092442925682e-19,5.20417042793042e-18,2.74648197224625e-15
NC_k0032,-0.0114035087719298,-0.0114035087719298,0.42703079145657,107.640383924754,-57.7671688673664,120.11246718671,-66.4275995590369,-102.473556125523,61.6725791944369,-119.328418352853,68.7999838784937,1,480,6.12147114587482,0.967538466547731,2.33937317209947,-1.89227768203056,-6.21457485488639e-19,1.06937909590855e-19,0,-2.31081175922814e-19,0.00127911824706901,0.000663188095453554,1,-1.45002432482435e-19,-4.73530881549162e-21,1,0.0136913367855113,0.0110871636454645,0.0110871636454645,0.00148412401573944,-0.00614492925545893,-0.00329091592009189,-0.00329091592009189,0.00623130741358427,1,-1.0842021724855e-19,0,1,0.013691176386818,0.0110887035293042,0.0110887035293042,0.00148481134015508,-0.00614449802539823,-0.00329137299174746,-0.00329137299174746,0.00623087918276518,20.0128705079486,44.6365965780238,-4.39295450236435,-11.1907396678326,-4.39295450236435,-11.1907396678326,-4.78215102570911,11.3811416196977,1.51788304147971e-18,-6.83509261364675e-19,2.59677863566634e-19,0,0,0,0.0136913367855113,0.00148412401573944,0.0110871636454645,-0.00614492925545893,0.00623130741358428,-0.00329091592009189,4.312143601506e-13,1.70864157641964e-08,9.42284986854761e-13,1.45002432482435e-19,3.46944695195361e-18,3.7308083449976e-14
NC_k0032,0.00526315789473684,0.00526315789473684,0.42745559605879,116.982049814321,-64.153907082884,111.223032616068,-60.1548135289669,-115.018019064218,66.9400250620578,-107.23316656412,63.6477301165115,1,480,-2.82858538930701,-0.449757426710646,-1.08185312928583,0.874611741132079,-7.62859048120904e-19,-5.96324429756828e-19,0,8.42003689129978e-20,0.00127882079281923,0.0006628761499102,1,-1.29300191515965e-19,3.40999215051479e-20,1,0.0136913367855113,0.0110871636454645,0.0110871636454645,0.00148412401573944,-0.00614492925545893,-0.00329091592009189,-0.00329091592009189,0.00623130741358428,1,-1.0842021724855e-19,0,1,0.013691176386818,0.0110887035293042,0.0110887035293042,0.00148481134015508,-0.00614449802539823,-0.00329137299174746,-0.00329137299174746,0.00623087918276518,20.0466398155544,44.6731551281112,-4.39491121080179,-11.1729879338604,-4.39491121080179,-11.1729879338604,-4.77685434759074,11.3877372407421,2.60208521396521e-18,-4.90747905322301e-19,2.26100638211607e-19,0,0,0,0.0136913367855113,0.00148412401573944,0.0110871636454645,-0.00614492925545893,0.00623130741358428,-0.00329091592009189,9.20493702326875e-13,2.90947997342393e-08,1.58348122114459e-12,1.29300191515965e-19,2.60208521396521e-18,7.68795679174705e-14
NC_k0032,0.0219298245614035,0.0219298245614035,0.425620885191002,125.097387879105,-70.2163187383776,101.117557360853,-53.5989825774449,-126.301340796155,71.8831360961679,-93.9857836987665,58.1987631941375,1,480,-11.7219180386964,-1.81553217863338,-4.4673585717188,3.62074689321912,-1.99423319519184e-19,3.62119819841014e-19,0,-8.05475393279636e-20,0.00128011760858576,0.000664298280564915,1,-2.71479217482961e-19,5.75021702240556e-20,1,0.0136913367855113,0.0110871636454645,0.0110871636454645,0.00148412401573945,-0.00614492925545893,-0.00329091592009189,-0.00329091592009189,0.00623130741358427,1,-1.0842021724855e-19,0,1,0.013691176386818,0.0110887035293042,0.0110887035293042,0.00148481134015508,-0.00614449802539823,-0.00329137299174746,-0.00329137299174746,0.00623087918276518,19.898221573621,44.5173217828988,-4.38761186938754,-11.2520797334898,-4.38761186938754,-11.2520797334898,-4.79910806387597,11.3617656463233,1.73472347597681e-18,-9.24697195006766e-19,6.77758258890764e-19,0,0,0,0.0136913367855113,0.00148412401573944,0.0110871636454645,-0.00614492925545893,0.00623130741358428,-0.00329091592009189,1.40100100734723e-13,2.09410316153172e-08,5.49237914061722e-13,2.71479217482961e-19,6.07153216591882e-18,1.00426430974803e-14
NC_k0032,0.0385964912280702,0.0385964912280702,0.42201256322487,132.019126316282,-75.9232281641964,90.0159500036976,-46.9233821262006,-136.209076098693,76.4710970419544,-79.9679846308424,52.6004798237276,1,480,-20.3261167662857,-2.97189977840283,-7.68834545974729,6.27142548132468,3.15286838791732e-18,2.41060282832654e-19,0,-6.33660053885022e-19,0.0012829796515708,0.000667833150038814,1,1.83322293629862e-20,-8.77236608848964e-20,1,0.0136913367855113,0.0110871636454645,0.0110871636454645,0.00148412401573945,-0.00614492925545893,-0.00329091592009189,-0.00329091592009189,0.00623130741358427,1,-1.0842021724855e-19,0,1,0.013691176386818,0.0110887035293042,0.0110887035293042,0.00148481134015508,-0.00614449802539823,-0.00329137299174746,-0.00329137299174746,0.00623087918276518,19.5806314534854,44.2307854966135,-4.38429209323723,-11.433188564317,-4.38429209323723,-11.433188564317,-4.83968197991241,11.3346939206295,1.73472347597681e-18,-4.20771685922902e-19,2.16320358008953e-19,0,0,0,0.0136913367855113,0.00148412401573944,0.0110871636454645,-0.00614492925545893,0.00623130741358428,-0.00329091592009189,9.44279513416719e-14,2.21457664349301e-08,6.24948292627429e-13,8.77236608848964e-20,1.73472347597681e-18,5.49833422904561e-14
NC_k0033,-0.0447368421052632,-0.0447368421052632,0.528942858666259,-14.5859083585699,77.1793287935175,-25.4417659311631,106.893192936777,12.2521198335325,-95.1000193192767,34.6994212414826,-97.7484370783557,1,480,-10.3953001227459,15.5122551246552,1.68859515063009,4.84657371857322,1.62095636324871e-18,-3.43810673290521e-18,0,1.91667674095887e-19,0.00113265833755003,-0.00150812202746428,1,4.43689299693987e-20,-1.91995555745575e-20,1,0.00391322324877467,-0.00626045912008749,-0.00626045912008749,0.00480708725796236,-0.000209210142586534,0.012488685847635,0.012488685847635,-0.0128986124998242,1,1.0842021724855e-19,0,1,0.00391340567999907,-0.00626132862829861,-0.00626132862829861,0.00480720761529723,-0.00020987831320037,0.012490420387336,0.012490420387336,-0.012898399461941,-1.24463163868651,-29.1443612788053,6.51182407298089,8.07450703446734,6.51182407298089,8.07450703446734,44.7128957514234,-17.3947668981857,1.30104260698261e-18,-6.19353068830537e-21,3.06175937971853e-19,0,0,0,0.00391322324877467,0.00480708725796237,-0.00626045912008749,-0.000209210142586534,-0.0128986124998242,0.012488685847635,3.65983953532313e-13,3.90799842203838e-08,5.19609554805904e-13,4.43689299693987e-20,3.46944695195361e-18,7.13641978879093e-15
NC_k0033,-0.0280701754385965,-0.0280701754385965,0.526111355703985,-17.447075237706,81.6234554446367,-23.7227766195745,100.764247385317,16.869940981538,-95.1414853562736,31.1817554027955,-95.9823966781241,1,480,-6.69501530548091,9.98879542097445,1.08694743811291,3.06597334300301,-5.70211992179754e-19,2.31345873718831e-20,0,-3.80900128468418e-20,0.00112577422459376,-0.00149584294067783,1,1.87408404804635e-19,6.40823274081468e-20,1,0.00391322324877467,-0.00626045912008749,-0.00626045912008749,0.00480708725796236,-0.000209210142586526,0.012488685847635,0.012488685847635,-0.0128986124998241,1,1.0842021724855e-19,0,1,0.00391340567999907,-0.00626132862829861,-0.00626132862829861,0.00480720761529723,-0.00020987831320037,0.012490420387336,0.012490420387336,-0.012898399461941,-1.1078649511085,-29.0388900876492,6.59473986973392,7.79321007692251,6.59473986973392,7.79321007692251,44.6403877282408,-17.4544081265371,2.60208521396521e-18,-1.99879619061927e-19,-9.2006166165086e-19,0,0,0,0.00391322324877467,0.00480708725796237,-0.00626045912008749,-0.000209210142586534,-0.0128986124998242,0.012488685847635,3.41532003238822e-13,2.84282278406071e-08,6.3698875390444e-13,1.87408404804635e-19,8.67361737988404e-18,4.57922821341289e-14
NC_k0033,-0.0114035087719298,-0.0114035087719298,0.525235318755142,-19.6247562114625,86.7201961241952,-22.0501421669699,94.6133742014271,21.3445516265329,-94.9494868014277,27.1999633684714,-95.1083064077547,1,480,-2.75218456322953,4.09834914429834,0.444234311752716,1.24822054347843,9.06378193121305e-19,-9.37930170406527e-19,0,2.03287907341032e-19,0.00112227261373391,-0.00148923600020212,1,2.2556879877662e-19,-2.64820878751895e-19,1,0.00391322324877467,-0.00626045912008749,-0.00626045912008749,0.00480708725796236,-0.000209210142586533,0.012488685847635,0.012488685847635,-0.0128986124998242,1,1.0842021724855e-19,0,1,0.00391340567999907,-0.00626132862829861,-0.00626132862829861,0.00480720761529723,-0.00020987831320037,0.012490420387336,0.012490420387336,-0.012898399461941,-1.01358223944428,-29.0289322183077,6.64781114779037,7.63499783824414,6.64781114779037,7.63499783824414,44.6565992033377,-17.5178741218426,1.30104260698261e-18,-9.68365840070331e-20,1.09517456460893e-19,0,0,0,0.00391322324877467,0.00480708725796237,-0.00626045912008749,-0.000209210142586534,-0.0128986124998242,0.012488685847635,9.93210083906252e-13,1.18351145024895e-08,9.49664245837277e-13,2.64820878751895e-19,2.60208521396521e-18,3.06495646469836e-14
NC_k0033,0.00526315789473684,0.00526315789473684,0.52513451494753,-21.427974055208,92.4052249067926,-20.3178420478518,88.7539202980054,25.6587425704583,-94.9704388081217,22.953593813392,-94.9097513862043,1,480,1.27234456471041,-1.89384970014154,-0.205096694692271,-0.576183818904673,-1.21117770523484e-18,2.12234692846406e-19,0,4.3692341699541e-19,0.00112174909371649,-0.00148821805709772,1,1.71535992942139e-19,-2.52866804426595e-19,1,0.00391322324877467,-0.00626045912008749,-0.00626045912008749,0.00480708725796236,-0.000209210142586524,0.012488685847635,0.012488685847635,-0.0128986124998241,1,1.0842021724855e-19,0,1,0.00391340567999907,-0.00626132862829861,-0.00626132862829861,0.00480720761529723,-0.00020987831320037,0.012490420387336,0.012490420387336,-0.012898399461941,-0.997516482327891,-29.0301622455096,6.65644259555892,7.6099314057701,6.65644259555892,7.6099314057701,44.6619651250983,-17.5295185606606,1.95156391047391e-18,2.00088253101684e-19,-1.24104587539879e-18,0,0,0,0.00391322324877467,0.00480708725796237,-0.00626045912008749,-0.000209210142586534,-0.0128986124998242,0.012488685847635,1.9429272398122e-12,2.1063299555165e-08,1.14034009268185e-13,2.52866804426595e-19,9.78492460668168e-18,1.05708441649097e-15
NC_k0033,0.0219298245614035,0.0219298245614035,0.525652857321432,-23.1040249404023,98.4829592905684,-18.3102376374912,83.4260981105465,29.7569250937917,-95.5676594002978,18.5377023141067,-95.0765858284555,1,480,5.26046300882149,-7.84257678470205,-0.852097546040579,-2.39813470606073,-1.7845925407464e-19,3.66924084838722e-19,0,2.51992301808154e-19,0.00112411794768023,-0.00149274796929891,1,2.11776708233217e-19,-3.74343562005226e-21,1,0.00391322324877467,-0.00626045912008749,-0.00626045912008749,0.00480708725796236,-0.000209210142586532,0.012488685847635,0.012488685847635,-0.0128986124998242,1,1.0842021724855e-19,0,1,0.00391340567999907,-0.00626132862829861,-0.00626132862829861,0.00480720761529723,-0.00020987831320037,0.012490420387336,0.012490420387336,-0.012898399461941,-1.0657847122362,-29.0304154504896,6.61891009011841,7.72003331359636,6.61891009011841,7.72003331359636,44.6438894645709,-17.481518783896,1.73472347597681e-18,-1.93229013978814e-21,-4.18462788444925e-20,0,0,0,0.00391322324877467,0.00480708725796237,-0.00626045912008749,-0.000209210142586534,-0.0128986124998242,0.012488685847635,3.47283705187708e-13,1.77805512174239e-08,1.00403438739748e-12,2.11776708233217e-19,3.46944695195361e-18,7.66686516254384e-14
NC_k0033,0.0385964912280702,0.0385964912280702,0.527533670712473,-24.7995486232809,104.658517599705,-15.7348846954818,78.7388897378955,33.4724366618686,-96.9846873605561,13.9637699826613,-95.1682359863559,1,480,9.07488094407754,-13.548583585699,-1.47632187173506,-4.19910084307113,5.82255741898526e-19,4.07547255593446e-18,0,4.96295132642016e-19,0.0011296879845215,-0.00150295475983883,1,8.20346057423567e-20,3.1303926263132e-19,1,0.00391322324877467,-0.00626045912008748,-0.00626045912008748,0.00480708725796237,-0.000209210142586528,0.012488685847635,0.012488685847635,-0.0128986124998242,1,1.0842021724855e-19,0,1,0.00391340567999907,-0.00626132862829861,-0.00626132862829861,0.00480720761529723,-0.00020987831320037,0.012490420387336,0.012490420387336,-0.012898399461941,-1.19237544229291,-29.0852377190609,6.54391359204846,7.95727271554614,6.54391359204846,7.95727271554614,44.6635845550287,-17.4101457131693,2.60208521396521e-18,-1.60356404633794e-19,-7.29090293014964e-19,0,0,0,0.00391322324877467,0.00480708725796237,-0.00626045912008749,-0.000209210142586534,-0.0128986124998242,0.012488685847635,3.46917459476304e-13,1.62007712030793e-08,3.48474938341685e-13,3.1303926263132e-19,6.93889390390723e-18,1.32586893376721e-14
NC_k0034,-0.0447368421052632,-0.0447368421052632,0.442551565267679,50.3310846317958,132.956575314888,25.1589861893968,202.747865071129,-41.1677388086792,-150.599600502402,-35.1645407761808,-192.617361531873,1,480,-5.18878416015379,-19.0553644141389,-8.00056902951652,5.65144002014914,4.4519522312094e-19,3.07859418635496e-18,0,1.37229925367037e-18,0.000146790433244004,-0.00128967497072057,1,2.41926514153466e-20,-4.24264924993359e-20,1,0.00359295174533235,0.000616426183014776,0.000616426183014776,0.00199159317497654,0.00546833848355632,-0.00844327965108072,-0.00844327965108072,-0.0167795284827941,1,5.42101086242752e-20,1.6940658945086e-20,1,0.00359299309650908,0.000616511797762418,0.000616511797762418,0.00199174573160955,0.00546736961334917,-0.00844445232881004,-0.00844445232881004,-0.0167789523622397,5.67573477465969,-8.79998643998171,18.6489673345729,-5.68184214378812,18.6489673345729,-5.68184214378812,-28.0523033724333,-28.7939884386743,1.40946282423116e-18,1.01345200774325e-19,3.79392453815426e-20,0,0,0,0.00359295174533235,0.00199159317497654,0.000616426183014777,0.00546833848355632,-0.0167795284827941,-0.00844327965108072,1.02170026963017e-13,2.26486619142381e-08,3.53216622825073e-13,4.24264924993359e-20,3.46944695195361e-18,1.15399567284023e-14
NC_k0034,-0.0280701754385965,-0.0280701754385965,0.446168803353471,45.2325213666075,147.518852406443,28.7462824349131,192.125609986415,-39.1162762429666,-160.405704949426,-35.730726725226,-186.830507672708,1,480,-3.52332799007685,-12.1431163291824,-5.16992662535561,3.62248768264384,1.14349447879331e-19,-3.44361244706236e-18,0,-8.86419979301625e-19,0.000144691304738747,-0.00128196469912422,1,-1.90854837821699e-21,-2.86240939532376e-20,1,0.00359295174533235,0.000616426183014777,0.000616426183014777,0.00199159317497654,0.00546833848355632,-0.00844327965108072,-0.00844327965108072,-0.0167795284827941,1,5.42101086242752e-20,1.6940658945086e-20,1,0.00359299309650908,0.000616511797762418,0.000616511797762418,0.00199174573160955,0.00546736961334917,-0.00844445232881004,-0.00844445232881004,-0.0167789523622397,5.79568340699277,-8.73064543688396,18.3662522144201,-5.58126100508447,18.3662522144201,-5.58126100508447,-28.3754753034107,-29.1754827960005,8.67361737988404e-19,-1.61696722538705e-19,-1.36215573935403e-19,0,0,0,0.00359295174533235,0.00199159317497654,0.000616426183014777,0.00546833848355632,-0.0167795284827941,-0.00844327965108072,2.11528237080284e-13,1.66856238898309e-08,8.03637603056164e-13,2.86240939532376e-20,2.60208521396521e-18,2.99845873269953e-14
NC_k0034,-0.0114035087719298,-0.0114035087719298,0.44842684530077,39.9828054057277,161.921486061364,33.147053995213,180.184162522969,-37.643340195052,-169.515447600715,-36.3618569128867,-180.224048492579,1,480,-1.48877825132661,-4.96408209934288,-2.12944391572093,1.48652379261442,-4.79496748762289e-19,-6.79585121493966e-19,0,-3.93043139860697e-19,0.000143267290859252,-0.00127770131549376,1,-1.80992749189967e-20,-8.85484742280033e-21,1,0.00359295174533235,0.000616426183014777,0.000616426183014777,0.00199159317497654,0.00546833848355632,-0.00844327965108072,-0.00844327965108072,-0.0167795284827941,1,5.42101086242752e-20,1.6940658945086e-20,1,0.00359299309650908,0.000616511797762418,0.000616511797762418,0.00199174573160955,0.00546736961334917,-0.00844445232881004,-0.00844445232881004,-0.0167789523622397,5.85401239082069,-8.71999303098647,18.2193753280347,-5.51975893760977,18.2193753280347,-5.51975893760977,-28.5786650497343,-29.4064111810016,1.30104260698261e-18,-8.85688929255011e-21,-1.14091436704861e-19,0,0,0,0.00359295174533235,0.00199159317497654,0.000616426183014777,0.00546833848355632,-0.0167795284827941,-0.00844327965108072,2.64892506620731e-13,1.17659516374911e-08,8.86914605756352e-13,1.80992749189967e-20,4.33680868994202e-18,1.91875855136949e-14
NC_k0034,0.00526315789473684,0.00526315789473684,0.44878932800979,34.9152879102772,175.47011672186,38.0811395647357,167.032601018038,-36.6432758674677,-177.541099988447,-37.2278141471708,-172.599922888981,1,480,0.691102423183742,2.29308295501473,0.98478117480549,-0.687107489248778,8.23871890102816e-21,1.39231040704926e-19,0,6.18823742418271e-19,0.000143030641058906,-0.00127703368287126,1,-2.82102664685554e-20,3.3056758984077e-20,1,0.00359295174533235,0.000616426183014777,0.000616426183014777,0.00199159317497654,0.00546833848355632,-0.00844327965108072,-0.00844327965108072,-0.0167795284827941,1,5.42101086242752e-20,1.6940658945086e-20,1,0.00359299309650908,0.000616511797762418,0.000616511797762418,0.00199174573160955,0.00546736961334917,-0.00844445232881004,-0.00844445232881004,-0.0167789523622397,5.86245159722839,-8.72010250831812,18.1967262621568,-5.50963634035645,18.1967262621568,-5.50963634035645,-28.6115545959427,-29.4433686194748,1.30104260698261e-18,-4.5595536225045e-20,-2.91477360841993e-19,0,0,0,0.00359295174533235,0.00199159317497654,0.000616426183014777,0.00546833848355632,-0.0167795284827941,-0.00844327965108072,3.0080000343236e-12,1.43489401932689e-08,2.74913794293607e-13,3.3056758984077e-20,4.33680868994202e-18,2.41197234749288e-14
NC_k0034,0.0219298245614035,0.0219298245614035,0.447206283710264,30.290236596627,187.876852364635,43.2978806684102,152.896564484883,-35.9480602659942,-184.506396652161,-38.5110640294895,-163.879421171989,1,480,2.8046437807556,9.51623206431401,4.06588902887298,-2.84360768704776,4.69494480795298e-19,-2.85905383433848e-18,0,9.20116008734585e-19,0.000144052720096505,-0.00127997636676548,1,-2.0913201831246e-20,-8.58374605857693e-20,1,0.00359295174533235,0.000616426183014777,0.000616426183014777,0.00199159317497654,0.00546833848355632,-0.00844327965108072,-0.00844327965108072,-0.0167795284827941,1,5.42101086242752e-20,1.6940658945086e-20,1,0.00359299309650908,0.000616511797762418,0.000616511797762418,0.00199174573160955,0.00546736961334917,-0.00844445232881004,-0.00844445232881004,-0.0167789523622397,5.82375684242288,-8.72315708254065,18.2973922856294,-5.55330389548818,18.2973922856294,-5.55330389548818,-28.4685121809469,-29.2817615749834,2.60208521396521e-18,-1.36832749148496e-20,1.52460121930711e-20,0,0,0,0.00359295174533235,0.00199159317497654,0.000616426183014777,0.00546833848355632,-0.0167795284827941,-0.00844327965108072,4.05578520650034e-13,1.72138013280311e-08,3.33075073451462e-13,8.58374605857693e-20,5.20417042793042e-18,2.64394210075956e-14
NC_k0034,0.0385964912280702,0.0385964912280702,0.44395842549152,26.3640548743416,198.988543578245,48.4948634259789,138.260151856938,-35.3722322289284,-190.560879726771,-40.3412946119744,-154.232444199778,1,480,4.63163322077933,16.5596587018817,6.99312633447814,-4.92231829851559,7.33262525803757e-19,-3.63604774476669e-18,0,1.99313469933837e-18,0.00014599163973692,-0.00128647850731562,1,1.42036004880674e-20,-3.34652010391935e-19,1,0.00359295174533235,0.000616426183014776,0.000616426183014776,0.00199159317497654,0.00546833848355632,-0.00844327965108072,-0.00844327965108072,-0.0167795284827941,1,5.42101086242752e-20,1.6940658945086e-20,1,0.00359299309650908,0.000616511797762418,0.000616511797762418,0.00199174573160955,0.00546736961334917,-0.00844445232881004,-0.00844445232881004,-0.0167789523622397,5.72738887125597,-8.76342893824929,18.5273629342812,-5.64107748537425,18.5273629342812,-5.64107748537425,-28.1781646571497,-28.9457117670342,1.30104260698261e-18,-5.2816241878922e-20,4.16148381641722e-19,0,0,0,0.00359295174533235,0.00199159317497654,0.000616426183014777,0.00546833848355632,-0.0167795284827941,-0.00844327965108072,8.40997865452108e-14,1.50917791236451e-08,6.89646361773684e-13,3.34652010391935e-19,1.73472347597681e-18,3.01338744318722e-14
NC_k0035,-0.0447368421052632,-0.0447368421052632,0.51986880098243,-67.0218965021699,-83.2820784930109,-43.7398539452473,-122.644671805603,52.2068837220595,84.602168310686,61.3140724581017,119.727352358896,1,480,0.635842766349187,23.8549755380369,8.08197004044736,-2.36067745724537,-1.67855460366201e-18,-1.7533052612572e-18,0,5.37032123449027e-19,0.000126428126377398,-0.000715797741041982,1,-2.63189423062742e-20,1.07920247733874e-20,1,-0.00351465423052479,-0.00255730804241255,-0.00255730804241255,-0.000555357364942644,-0.0142628356337485,0.0131526284975548,0.0131526284975548,0.00209256844649203,1,0,0,1,-0.00351462213708494,-0.00255766322408511,-0.00255766322408511,-0.000555530778229565,-0.0142624790271344,0.0131544552515128,0.0131544552515128,0.00209178926115613,-7.93106259210505,-3.03199545186795,-15.8416068416969,9.58282760327317,-15.8416068416969,9.58282760327317,44.5630395277893,14.7246037795613,2.60208521396521e-18,8.77857732460613e-20,4.5732647496516e-19,0,0,0,-0.00351465423052479,-0.000555357364942644,-0.00255730804241255,-0.0142628356337485,0.00209256844649203,0.0131526284975548,2.83580711405865e-13,4.03590506348329e-08,2.66181487634055e-12,2.63189423062742e-20,3.46944695195361e-18,2.17829476009647e-14
NC_k0035,-0.0280701754385965,-0.0280701754385965,0.516495167581205,-62.4420843358475,-92.6649069005933,-46.7017024837761,-117.4996450034,52.6771097476857,93.0093650617021,59.1981469431715,115.630208731347,1,480,0.559260154111244,15.300659878727,5.23377361083661,-1.52896164810056,-3.86220554168359e-19,1.85150814357949e-18,0,1.03368459811567e-18,0.000124676235784638,-0.000714673148675962,1,4.00688474869909e-20,1.44356971063708e-19,1,-0.00351465423052479,-0.00255730804241255,-0.00255730804241255,-0.000555357364942644,-0.0142628356337485,0.0131526284975548,0.0131526284975548,0.00209256844649203,1,0,0,1,-0.00351462213708494,-0.00255766322408511,-0.00255766322408511,-0.000555530778229565,-0.0142624790271344,0.0131544552515128,0.0131544552515128,0.00209178926115613,-7.99978547322621,-3.05345630949977,-15.5015403686801,9.32396700284963,-15.5015403686801,9.32396700284963,44.6911433579606,14.8451653764968,8.67361737988404e-19,2.48533712076304e-19,4.67992038143641e-19,0,0,0,-0.00351465423052479,-0.000555357364942644,-0.00255730804241255,-0.0142628356337485,0.00209256844649203,0.0131526284975548,2.40508923575179e-13,2.16940541645508e-08,9.05465181681533e-13,1.44356971063708e-19,3.46944695195361e-18,6.23364355273809e-15
NC_k0035,-0.0114035087719298,-0.0114035087719298,0.514928094577004,-57.4169545948147,-101.362284001423,-50.7730872558519,-111.446428770673,54.0385919667258,101.010205622228,56.8699641267844,110.308134681162,1,480,0.262736192875191,6.27294484029527,2.15677474094626,-0.630831080587647,-1.27062883022026e-18,1.01072206431119e-18,0,-2.51311035855656e-18,0.00012403376567065,-0.000714193428376305,1,5.43872278125612e-20,-2.03754312839906e-19,1,-0.00351465423052479,-0.00255730804241255,-0.00255730804241255,-0.000555357364942644,-0.0142628356337485,0.0131526284975548,0.0131526284975548,0.00209256844649203,1,0,0,1,-0.00351462213708494,-0.00255766322408511,-0.00255766322408511,-0.000555530778229565,-0.0142624790271344,0.0131544552515128,0.0131544552515128,0.00209178926115613,-8.0241079095938,-3.06267268629446,-15.3184657011189,9.17463977041663,-15.3184657011189,9.17463977041663,44.8111473493885,14.9115440117898,8.67361737988404e-19,1.07312048763907e-19,2.73451847611566e-19,0,0,0,-0.00351465423052479,-0.000555357364942644,-0.00255730804241255,-0.0142628356337485,0.00209256844649203,0.0131526284975548,8.22913815874418e-13,1.43958214562662e-08,6.91876113267812e-13,2.03754312839906e-19,3.46944695195361e-18,3.23411084863363e-15
NC_k0035,0.00526315789473684,0.00526315789473684,0.514693152631908,-52.475555639578,-108.945262746004,-55.5597941089159,-104.292382942313,56.0353146913972,108.025834803677,54.7156704415321,103.726821525734,1,480,-0.123740427719776,-2.89879496747139,-0.997436680413076,0.291849092199419,-2.30917063289283e-18,4.74169043872957e-18,0,-2.57914914994034e-19,0.000123954694239731,-0.000714128611093695,1,6.50133986799803e-20,-2.12851980029009e-20,1,-0.00351465423052479,-0.00255730804241255,-0.00255730804241255,-0.000555357364942644,-0.0142628356337485,0.0131526284975548,0.0131526284975548,0.00209256844649203,1,0,0,1,-0.00351462213708494,-0.00255766322408511,-0.00255766322408511,-0.000555530778229565,-0.0142624790271344,0.0131544552515128,0.0131544552515128,0.00209178926115613,-8.0267805378429,-3.06389006695739,-15.2899094605296,9.15071194828373,-15.2899094605296,9.15071194828373,44.8322945874654,14.9216778373383,8.67361737988404e-19,5.76910399721705e-20,-5.41095102561352e-19,0,0,0,-0.00351465423052479,-0.000555357364942644,-0.00255730804241255,-0.0142628356337485,0.00209256844649203,0.0131526284975548,1.29528797704432e-12,2.08958032464933e-08,1.9205725296272e-13,6.50133986799803e-20,6.93889390390723e-18,9.70676136891641e-15
NC_k0035,0.0219298245614035,0.0219298245614035,0.515751029163572,-48.0931536588043,-115.388418878653,-60.6139532072894,-95.9861073901279,58.345773562455,113.818742530604,53.0889481259412,96.0449256357871,1,480,-0.468980475023857,-12.0075202943826,-4.11724525390414,1.20321947967189,-3.28119387942635e-19,4.99696499320834e-19,0,-2.41814671551302e-19,0.000124347324206707,-0.000714440051982887,1,7.26117104485007e-20,8.4633223408982e-20,1,-0.00351465423052479,-0.00255730804241255,-0.00255730804241255,-0.000555357364942644,-0.0142628356337485,0.0131526284975548,0.0131526284975548,0.00209256844649203,1,0,0,1,-0.00351462213708494,-0.00255766322408511,-0.00255766322408511,-0.000555530778229565,-0.0142624790271344,0.0131544552515128,0.0131544552515128,0.00209178926115613,-8.01261799169414,-3.05815863453514,-15.4161962025625,9.25524686991607,-15.4161962025625,9.25524686991607,44.743638370252,14.8763887122799,1.73472347597681e-18,9.01758489385927e-20,3.42961107859324e-20,0,0,0,-0.00351465423052479,-0.000555357364942644,-0.00255730804241255,-0.0142628356337485,0.00209256844649203,0.0131526284975548,6.5589729594464e-13,1.92733743724504e-08,9.27897482258838e-13,8.4633223408982e-20,3.46944695195361e-18,1.03326415593261e-14
NC_k0035,0.0385964912280702,0.0385964912280702,0.518341256656749,-44.6772511610843,-120.837172579621,-65.416739208693,-86.76113852125,60.5797364000698,118.346051574207,52.2601620381212,87.68670450407,1,480,-0.639446498268496,-20.791264531636,-7.07213463986847,2.06517511581243,1.84626712721836e-19,-2.37963318619255e-19,0,-3.83150059734562e-21,0.000125596557687399,-0.000715271964837746,1,4.76998190875512e-21,4.7283022106251e-19,1,-0.00351465423052479,-0.00255730804241255,-0.00255730804241255,-0.000555357364942644,-0.0142628356337485,0.0131526284975548,0.0131526284975548,0.00209256844649203,1,0,0,1,-0.00351462213708494,-0.00255766322408511,-0.00255766322408511,-0.000555530778229565,-0.0142624790271344,0.0131544552515128,0.0131544552515128,0.00209178926115613,-7.96264265514688,-3.04111769788973,-15.697504446389,9.47592090397507,-15.697504446389,9.47592090397507,44.5993540545017,14.7740618927179,1.73472347597681e-18,8.43214709731957e-20,-2.69563125926261e-20,0,0,0,-0.00351465423052479,-0.000555357364942644,-0.00255730804241255,-0.0142628356337485,0.00209256844649203,0.0131526284975548,1.94456097671363e-13,1.86582353839144e-08,2.21582764153624e-12,4.7283022106251e-19,3.46944695195361e-18,3.40558384362402e-14
NC_k0036,-0.0447368421052632,-0.0447368421052632,0.274832632006818,-15.1891907492061,8.81503080925763,-59.189616970701,17.305766800444,24.976474830736,3.20745124426681,49.9429357836623,-29.8131316805632,1,480,-22.0323742881991,-10.371593438238,-10.6933093497243,2.73588490937987,1.9483081275829e-18,-6.65503198745863e-19,0,7.82631973483372e-19,0.000512690907886981,0.000668606030949759,1,1.47613962167913e-19,4.47959887243548e-20,1,0.000844162125238231,-0.0113505931958439,-0.0113505931958439,0.00945185736383171,0.0125214744945685,-0.00300099643370445,-0.00300099643370445,0.00391414277579659,1,4.33680868994202e-19,0,1,0.00084463975388348,-0.0113521696671211,-0.0113521696671211,0.00945173723586317,0.0125214609694614,-0.00300141323876468,-0.00300141323876468,0.00391472698205889,-5.25809071163619,-42.0747336646844,1.76350727506503,6.11938321051222,1.76350727506503,6.11938321051222,-13.3713178418119,-1.31233849898845,2.60208521396521e-18,-4.41493888493073e-19,6.7995070373483e-20,0,0,0,0.000844162125238233,0.00945185736383171,-0.0113505931958439,0.0125214744945685,0.0039141427757966,-0.00300099643370445,2.99460843594886e-13,2.5600305795491e-08,2.41415404845208e-12,1.47613962167913e-19,6.07153216591882e-18,2.12080742986061e-14
NC_k0036,-0.0280701754385965,-0.0280701754385965,0.275194783727302,-25.2747878490712,12.2140728190202,-54.0968126687287,16.8831332120163,32.330631377114,-3.83379089813302,47.5458636037143,-25.7573930037023,1,480,-14.1933452343974,-6.80087941582416,-6.92809413457317,1.77545404411319,2.71143187349982e-18,-1.37051254354726e-18,0,-1.33315044963946e-19,0.000511977775781437,0.000669365494138253,1,3.47030330912718e-19,-5.52227771175062e-20,1,0.00084416212523823,-0.0113505931958439,-0.0113505931958439,0.00945185736383171,0.0125214744945685,-0.00300099643370445,-0.00300099643370445,0.0039141427757966,1,4.33680868994202e-19,0,1,0.00084463975388348,-0.0113521696671211,-0.0113521696671211,0.00945173723586317,0.0125214609694614,-0.00300141323876468,-0.00300141323876468,0.00391472698205889,-5.34976426467192,-42.1861838187007,1.7843908614632,5.99888831842901,1.7843908614632,5.99888831842901,-13.3639640412012,-1.2327371915273,1.73472347597681e-18,5.90941098236829e-20,-4.7388905060963e-19,0,0,0,0.000844162125238233,0.00945185736383171,-0.0113505931958439,0.0125214744945685,0.0039141427757966,-0.00300099643370445,1.14516097594257e-13,2.48810359420528e-08,2.12490725367664e-12,3.47030330912718e-19,3.46944695195361e-18,2.03733014064423e-14
NC_k0036,-0.0114035087719298,-0.0114035087719298,0.275700276029331,-35.2169961506768,14.6078712538488,-47.1787536060802,16.3409728107516,38.4168207122961,-11.1400606178311,44.4666658680098,-20.3077493901782,1,480,-5.83190030899783,-2.82121637207774,-2.85552850475492,0.733099032514945,3.7671790329135e-19,1.02616718070878e-19,0,4.6220205651503e-19,0.000511576994947038,0.000669578506445018,1,4.07825418689561e-19,1.53236104423789e-19,1,0.000844162125238229,-0.0113505931958439,-0.0113505931958439,0.00945185736383171,0.0125214744945685,-0.00300099643370445,-0.00300099643370445,0.0039141427757966,1,4.33680868994202e-19,0,1,0.00084463975388348,-0.0113521696671211,-0.0113521696671211,0.00945173723586317,0.0125214609694614,-0.00300141323876468,-0.00300141323876468,0.00391472698205889,-5.40293756942675,-42.2967031615581,1.80415083037841,5.93832004643356,1.80415083037841,5.93832004643356,-13.3795279480516,-1.20149283460457,1.73472347597681e-18,3.32393733572052e-19,-4.80144874113492e-19,0,0,0,0.000844162125238233,0.00945185736383171,-0.0113505931958439,0.0125214744945685,0.0039141427757966,-0.00300099643370445,7.77778588294835e-13,1.92077143329928e-08,1.83333661773659e-12,4.07825418689561e-19,3.79470760369927e-18,3.66449742800188e-14
NC_k0036,0.00526315789473684,0.00526315789473684,0.275794345306091,-44.2114486892365,16.0200541704539,-38.672838653673,15.2320628371783,43.0759288454242,-18.0005511767933,40.2938352589882,-13.750943889528,1,480,2.69592046909399,1.30605013386948,1.32065029897796,-0.339230952406901,2.77683869889561e-18,-2.07360944677243e-19,0,2.58861209614795e-19,0.000511515612497238,0.000669596053431478,1,2.82648873239414e-19,3.36329151928428e-20,1,0.000844162125238224,-0.0113505931958439,-0.0113505931958439,0.0094518573638317,0.0125214744945685,-0.00300099643370445,-0.00300099643370445,0.0039141427757966,1,4.33680868994202e-19,0,1,0.00084463975388348,-0.0113521696671211,-0.0113521696671211,0.00945173723586317,0.0125214609694614,-0.00300141323876468,-0.00300141323876468,0.00391472698205889,-5.41139968979499,-42.3164539881862,1.80775733552152,5.9291614348291,1.80775733552152,5.9291614348291,-13.3830003171293,-1.19752526626417,1.73472347597681e-18,7.84366716913838e-19,1.14362888825588e-19,0,0,0,0.000844162125238233,0.00945185736383171,-0.0113505931958439,0.0125214744945685,0.0039141427757966,-0.00300099643370445,7.58400236798085e-13,2.22005192341974e-08,2.56871641659791e-12,2.82648873239414e-19,8.34835672813838e-18,4.46835686919614e-14
NC_k0036,0.0219298245614035,0.0219298245614035,0.275408880450107,-51.7520161406488,16.7217768020792,-29.005178398265,13.2178401982046,46.5142841518255,-23.8998996164496,34.7403545518561,-6.53666496686599,1,480,11.1503635838278,5.36674518642351,5.45064589418292,-1.39787380884114,4.94455482959698e-19,-1.05823531869624e-18,0,1.2775639124759e-19,0.000511795057319401,0.000669484555980365,1,3.66448567448582e-19,-7.43502386920051e-20,1,0.000844162125238227,-0.0113505931958439,-0.0113505931958439,0.0094518573638317,0.0125214744945685,-0.00300099643370445,-0.00300099643370445,0.0039141427757966,1,4.33680868994202e-19,0,1,0.00084463975388348,-0.0113521696671211,-0.0113521696671211,0.00945173723586317,0.0125214609694614,-0.00300141323876468,-0.00300141323876468,0.00391472698205889,-5.37435135321713,-42.2341593721176,1.79284654485223,5.97027448323288,1.79284654485223,5.97027448323288,-13.3697147089175,-1.21693949568731,1.73472347597681e-18,7.03252899937446e-19,-1.26080152149705e-20,0,0,0,0.000844162125238233,0.00945185736383171,-0.0113505931958439,0.0125214744945685,0.0039141427757966,-0.00300099643370445,2.12936819738059e-13,2.40090037202008e-08,7.38377106734817e-13,3.66448567448582e-19,6.93889390390723e-18,1.26982199043607e-14
NC_k0036,0.0385964912280702,0.0385964912280702,0.274878579064739,-57.5302342103016,17.1356482100728,-18.8544517412021,10.1720943901873,49.1114569676539,-28.491351216517,27.7982660135098,0.695805426158366,1,480,19.2381395203742,9.12307134776346,9.35919958648542,-2.39551472210342,-1.44397941683177e-18,1.83505055811214e-19,0,3.60147821260688e-19,0.000512386539920556,0.000668980264110841,1,1.57694877243294e-19,-1.71029995085448e-19,1,0.000844162125238233,-0.0113505931958439,-0.0113505931958439,0.00945185736383171,0.0125214744945685,-0.00300099643370445,-0.00300099643370445,0.0039141427757966,1,4.33680868994202e-19,0,1,0.00084463975388348,-0.0113521696671211,-0.0113521696671211,0.00945173723586317,0.0125214609694614,-0.00300141323876468,-0.00300141323876468,0.00391472698205889,-5.29548318768324,-42.1045536225463,1.76995814214374,6.0671362700991,1.76995814214374,6.0671362700991,-13.3619414841205,-1.27590353320681,2.60208521396521e-18,-6.1606435816532e-19,-4.54098245344588e-20,0,0,0,0.000844162125238233,0.00945185736383171,-0.0113505931958439,0.0125214744945685,0.0039141427757966,-0.00300099643370445,1.72759098820239e-13,2.31633109662176e-08,2.47352964509208e-12,1.71029995085448e-19,5.20417042793042e-18,1.85792066106138e-14
NC_k0037,-0.0447368421052632,-0.0447368421052632,0.393187149225691,74.8113254055404,2.99992958197308,85.7776421413918,-8.98400632016168,-62.4228301929663,5.36588508174439,-98.8983561195417,9.82089477895766,1,480,13.4265963219046,-9.54528956203319,1.28083123075753,-3.3080121687321,-2.37333337864735e-18,3.79708988386342e-19,0,3.08657482490487e-19,-1.95874561628177e-06,0.00194419487464674,1,-2.36952938251871e-20,4.21660599429462e-20,1,0.00526516256280188,0.0075507131118313,0.0075507131118313,-0.00336613753595378,0.0112742548893739,-0.00828254755886328,-0.00828254755886328,0.0104031002784615,1,0,0,1,0.00526489583406628,0.00755176182198572,0.00755176182198572,-0.00336580486884919,0.0112746009839216,-0.0082836979126909,-0.0082836979126909,0.0104035068698572,12.3310416529912,28.2995725502867,5.90175277613768,-11.8867859226028,5.90175277613768,-11.8867859226028,-25.4833273566082,4.5308437049449,2.60208521396521e-18,2.27262958333272e-20,2.84367148069406e-19,0,0,0,0.00526516256280188,-0.00336613753595378,0.0075507131118313,0.011274254889374,0.0104031002784616,-0.00828254755886328,3.70311482841693e-13,5.63073797381652e-08,1.29205997629138e-12,4.21660599429462e-20,8.67361737988404e-18,2.37186627925579e-14
NC_k0037,-0.0280701754385965,-0.0280701754385965,0.390153355437262,77.7510793249257,1.37293702951234,84.1477561236483,-6.45673925049749,-69.4312551414014,5.83283644343087,-93.111485666293,8.44395411464624,1,480,8.58352787764681,-6.11478524505312,0.814685068755911,-2.11147495596527,-3.59433137211442e-19,-1.28836358255339e-18,0,-5.75175075855072e-19,5.91311887273812e-07,0.00193662483088781,1,-1.13073798291536e-19,-3.56864543381176e-20,1,0.00526516256280189,0.0075507131118313,0.0075507131118313,-0.00336613753595377,0.0112742548893739,-0.00828254755886328,-0.00828254755886328,0.0104031002784615,1,0,0,1,0.00526489583406628,0.00755176182198572,0.00755176182198572,-0.00336580486884919,0.0112746009839216,-0.0082836979126909,-0.0082836979126909,0.0104035068698572,12.4472739445208,28.3812485877996,5.67499537631973,-11.5674218745373,5.67499537631973,-11.5674218745373,-25.3667648430246,4.69021883432745,2.60208521396521e-18,-4.90429424616162e-19,4.35246963953212e-19,0,0,0,0.00526516256280188,-0.00336613753595378,0.0075507131118313,0.011274254889374,0.0104031002784616,-0.00828254755886328,3.5988518797284e-13,3.10261376471212e-08,7.62019072125168e-13,1.13073798291536e-19,8.67361737988404e-18,6.40261520398045e-15
NC_k0037,-0.0114035087719298,-0.0114035087719298,0.388797424003748,80.1195371634104,-0.634295005796067,82.5849918004379,-3.8872865556824,-76.7673570875107,6.35379550448356,-86.5426998228458,7.35841781576825,1,480,3.5140071655581,-2.50263589842426,0.33375251815417,-0.86474076418958,-1.79094528785081e-19,1.17322004128601e-18,0,2.62421394971223e-19,1.83869353154762e-06,0.0019327432835503,1,-2.04697032349882e-19,1.80633930191439e-19,1,0.00526516256280188,0.0075507131118313,0.0075507131118313,-0.00336613753595378,0.011274254889374,-0.00828254755886328,-0.00828254755886328,0.0104031002784616,1,0,0,1,0.00526489583406628,0.00755176182198572,0.00755176182198572,-0.00336580486884919,0.0112746009839216,-0.0082836979126909,-0.0082836979126909,0.0104035068698572,12.5063963769645,28.464081001822,5.5447127689559,-11.3915126104144,5.5447127689559,-11.3915126104144,-25.3313051005483,4.80045379508148,1.73472347597681e-18,-1.76634048301871e-19,-3.27780513615364e-19,0,0,0,0.00526516256280188,-0.00336613753595378,0.0075507131118313,0.011274254889374,0.0104031002784616,-0.00828254755886328,7.8606410150239e-13,1.06525525074357e-08,1.84879398712279e-12,2.04697032349882e-19,1.73472347597681e-18,1.94176095348262e-14
NC_k0037,0.00526315789473684,0.00526315789473684,0.388599854487391,81.9803097944999,-2.96807698946285,80.8505911353431,-1.46173117106509,-83.9769445087028,7.03904162134632,-79.455094417208,6.57869468700541,1,480,-1.6235831824157,1.15608510147174,-0.154274366711514,0.399584277386394,3.83494166869384e-19,3.96384949535411e-19,0,4.45258088847494e-19,2.01956810970019e-06,0.00193215670431135,1,-1.2680082002122e-19,6.76075407117469e-20,1,0.00526516256280189,0.0075507131118313,0.0075507131118313,-0.00336613753595377,0.0112742548893739,-0.00828254755886328,-0.00828254755886328,0.0104031002784615,1,0,0,1,0.00526489583406628,0.00755176182198572,0.00755176182198572,-0.00336580486884919,0.0112746009839216,-0.0082836979126909,-0.0082836979126909,0.0104035068698572,12.5150558937891,28.4791212987511,5.52391066176833,-11.3638737746564,5.52391066176833,-11.3638737746564,-25.3271141013476,4.81909910381323,2.60208521396521e-18,-6.32325292396192e-19,1.00301534816809e-18,0,0,0,0.00526516256280188,-0.00336613753595378,0.0075507131118313,0.011274254889374,0.0104031002784616,-0.00828254755886328,1.78129183605748e-12,2.8515631393448e-08,1.53991702284505e-13,1.2680082002122e-19,1.21430643318376e-17,2.9998317353828e-14
NC_k0037,0.0219298245614035,0.0219298245614035,0.389502148507946,83.5762065888097,-5.50401984160687,78.692417719822,0.677249825938095,-90.7700516032176,8.00667920868732,-72.1276872480106,6.01538735908728,1,480,-6.73140663395679,4.79523789418194,-0.638935684125701,1.65602053635487,5.69762005926525e-19,-2.4771081495758e-18,0,1.83495129643863e-19,1.1852435941389e-06,0.00193479164707391,1,-2.12783100877585e-19,-2.33470851745843e-20,1,0.00526516256280189,0.0075507131118313,0.0075507131118313,-0.00336613753595378,0.011274254889374,-0.00828254755886328,-0.00828254755886328,0.0104031002784616,1,0,0,1,0.00526489583406628,0.00755176182198572,0.00755176182198572,-0.00336580486884919,0.0112746009839216,-0.0082836979126909,-0.0082836979126909,0.0104035068698572,12.4755639168317,28.4169853489313,5.61494711038399,-11.4857343650975,5.61494711038399,-11.4857343650975,-25.3483256482937,4.73957705062311,1.73472347597681e-18,-4.90429424616162e-19,-6.31880415955343e-19,0,0,0,0.00526516256280188,-0.00336613753595378,0.0075507131118313,0.011274254889374,0.0104031002784616,-0.00828254755886328,3.29863603551924e-13,2.1597901633445e-08,2.70047720263602e-13,2.12783100877585e-19,4.33680868994202e-18,6.32780877874301e-14
NC_k0037,0.0385964912280702,0.0385964912280702,0.391804632715307,85.1539658231479,-8.07162467753635,75.945326241914,2.44533283224883,-96.8702749895219,9.28893889635999,-64.9206927962322,5.53322510486366,1,480,-11.6853147390031,8.31822189175102,-1.11114063959321,2.87590911089063,4.16163168853799e-18,4.55783134961619e-19,0,-1.77347523331369e-21,-8.3471879780416e-07,0.00194094520952647,1,-6.05247919471048e-21,-2.54926245859432e-19,1,0.00526516256280188,0.0075507131118313,0.0075507131118313,-0.00336613753595378,0.0112742548893739,-0.00828254755886328,-0.00828254755886328,0.0104031002784615,1,0,0,1,0.00526489583406628,0.00755176182198572,0.00755176182198572,-0.00336580486884919,0.0112746009839216,-0.0082836979126909,-0.0082836979126909,0.0104035068698572,12.3799418989039,28.3212268344629,5.80813145305261,-11.7527275749026,5.80813145305261,-11.7527275749026,-25.4244412119818,4.59099122711236,2.60208521396521e-18,-8.11875600758515e-20,2.10632285486703e-19,0,0,0,0.00526516256280188,-0.00336613753595378,0.0075507131118313,0.011274254889374,0.0104031002784616,-0.00828254755886328,4.77520806790188e-13,1.70383670489717e-08,8.08801543293291e-13,2.54926245859432e-19,6.93889390390723e-18,1.55848760468212e-14
NC_k0038,-0.0447368421052632,-0.0447368421052632,0.0844585653920598,31.7523970039326,13.8762785427728,24.0457559896048,0.421952255068401,-29.6761817487357,-12.9768476359525,-28.57711366284,2.61721698140368,1,480,-3.1062860465685,5.52721071259234,0.798905139787868,-0.926550826368855,-2.12155283507601e-20,-9.59820678137131e-19,0,-2.82234025003093e-20,-0.00100934131811215,0.00127540202628999,1,-5.30402078121885e-20,7.93994504851889e-20,1,-0.00447054075050219,-0.00322081580792181,-0.00322081580792181,-0.0124565213817698,0.0122190735985311,0.00371546962431562,0.00371546962431562,0.00716695275968236,1,0,0,1,-0.0044711119141028,-0.00322126314345069,-0.00322126314345069,-0.0124565379633822,0.0122192347406263,0.00371598566176344,0.00371598566176344,0.00716746474350243,2.54627876819064,-11.4453518695111,3.38668482420025,-5.49388920014349,3.38668482420025,-5.49388920014349,14.6592984106236,1.46145593351294,1.73472347597681e-18,3.35193982456506e-19,-2.04162556321011e-19,0,0,0,-0.0044705407505022,-0.0124565213817698,-0.00322081580792181,0.0122190735985311,0.00716695275968236,0.00371546962431562,1.38297541822167e-12,4.59938463905911e-08,4.7206761590769e-12,7.93994504851889e-20,3.46944695195361e-18,1.22414486545301e-13
NC_k0038,-0.0280701754385965,-0.0280701754385965,0.0855794341015658,29.7435659265105,10.4408152737234,24.686999020386,1.94954268795826,-28.7275526291564,-9.22217643644419,-28.1347803130556,0.762973829073692,1,480,-1.89712721351037,3.45890987258518,0.515388277494682,-0.592013912288453,-4.53175861670852e-19,-6.58806344506634e-19,0,-3.36986764109203e-19,-0.00100744800861873,0.00127243960666742,1,1.51388025436494e-20,-1.3808254689686e-20,1,-0.00447054075050219,-0.00322081580792181,-0.00322081580792181,-0.0124565213817698,0.0122190735985311,0.00371546962431562,0.00371546962431562,0.00716695275968236,1,0,0,1,-0.0044711119141028,-0.00322126314345069,-0.00322126314345069,-0.0124565379633822,0.0122192347406263,0.00371598566176344,0.00371598566176344,0.00716746474350243,2.32707608662412,-11.5930006407324,3.30092602629111,-5.37808216822896,3.30092602629111,-5.37808216822896,14.8448595725003,1.72387447318351,1.73472347597681e-18,-4.83187608977656e-20,-4.83603856521877e-19,0,0,0,-0.0044705407505022,-0.0124565213817698,-0.00322081580792181,0.0122190735985311,0.00716695275968236,0.00371546962431562,1.48643445953577e-12,4.53966789712978e-08,3.74331381281471e-12,1.51388025436494e-20,5.20417042793042e-18,1.52595053522497e-13
NC_k0038,-0.0114035087719298,-0.0114035087719298,0.0862332749587116,27.8957609953956,7.39253758708135,25.796645986745,3.94101380174922,-28.1656636812074,-5.74627678399987,-27.9492695190662,-1.65797215069483,1,480,-0.755600163883031,1.39877246602715,0.212246859707566,-0.242505377660233,-6.89974509987632e-19,-9.02341551732046e-19,0,4.95927864450042e-19,-0.00100634974987717,0.0012707805652434,1,4.13232703374441e-20,1.05927218750599e-19,1,-0.0044705407505022,-0.00322081580792181,-0.00322081580792181,-0.0124565213817698,0.0122190735985311,0.00371546962431562,0.00371546962431562,0.00716695275968236,1,0,0,1,-0.0044711119141028,-0.00322126314345069,-0.00322126314345069,-0.0124565379633822,0.0122192347406263,0.00371598566176344,0.00371598566176344,0.00716746474350243,2.2098077785773,-11.6806951202056,3.25373294654454,-5.31627152208699,3.25373294654454,-5.31627152208699,14.9588632409461,1.86931306303546,1.30104260698261e-18,4.52177427329722e-19,-8.21374181210802e-19,0,0,0,-0.0044705407505022,-0.0124565213817698,-0.00322081580792181,0.0122190735985311,0.00716695275968236,0.00371546962431562,2.73666076159837e-12,4.27186360237778e-08,2.18865549952441e-12,1.05927218750599e-19,3.46944695195361e-18,5.63265831555243e-15
NC_k0038,0.00526315789473684,0.00526315789473684,0.086336280653274,26.3030397111548,4.78771091699549,27.2747307936028,6.38071025620117,-27.9502552965307,-2.67556579488892,-28.0483788667941,-4.56465188212425,1,480,0.347548516659998,-0.644985637538587,-0.0981542498899332,0.112073940903169,-1.21535993041191e-19,-3.31269291715237e-20,0,-4.02287710386589e-19,-0.0010061734628557,0.00127051998122464,1,1.29460170722461e-20,-2.30058166814363e-20,1,-0.00447054075050219,-0.00322081580792181,-0.00322081580792181,-0.0124565213817698,0.0122190735985311,0.00371546962431562,0.00371546962431562,0.00716695275968236,1,0,0,1,-0.0044711119141028,-0.00322126314345069,-0.00322126314345069,-0.0124565379633822,0.0122192347406263,0.00371598566176344,0.00371598566176344,0.00716746474350243,2.19168435104106,-11.6945698519903,3.24632003779791,-5.30666889731962,3.24632003779791,-5.30666889731962,14.977170374122,1.89204521795609,1.73472347597681e-18,-1.83171848069748e-19,-1.89766247641327e-19,0,0,0,-0.0044705407505022,-0.0124565213817698,-0.00322081580792181,0.0122190735985311,0.00716695275968236,0.00371546962431562,3.18649709942283e-12,3.38408719822018e-08,1.24432508278763e-12,2.30058166814363e-20,6.07153216591882e-18,8.35853664931981e-15
NC_k0038,0.0219298245614035,0.0219298245614035,0.0858826967458793,25.0467086828386,2.63060140774097,29.037030595691,9.26710998215365,-28.0357254742474,-0.0676488916461273,-28.4769337981912,-7.89820808142471,1,480,1.46909050207689,-2.69716827119427,-0.405265663808739,0.464379264586383,-3.72059222081451e-19,-2.81029650031216e-19,0,-2.15218333315884e-19,-0.00100694279904546,0.00127167118861009,1,7.20021960438944e-20,-2.6675864258549e-20,1,-0.00447054075050219,-0.00322081580792181,-0.00322081580792181,-0.0124565213817698,0.0122190735985311,0.00371546962431562,0.00371546962431562,0.00716695275968236,1,0,0,1,-0.0044711119141028,-0.00322126314345069,-0.00322126314345069,-0.0124565379633822,0.0122192347406263,0.00371598566176344,0.00371598566176344,0.00716746474350243,2.27213247953058,-11.6335484653852,3.27899724369624,-5.34920173324216,3.27899724369624,-5.34920173324216,14.897225353068,1.79161659580536,1.30104260698261e-18,-3.51241933154713e-19,-4.83603856521877e-19,0,0,0,-0.0044705407505022,-0.0124565213817698,-0.00322081580792181,0.0122190735985311,0.00716695275968236,0.00371546962431562,1.04058906380715e-12,4.83413614336886e-08,3.43394523473315e-12,7.20021960438944e-20,6.93889390390723e-18,9.21063188532652e-14
NC_k0038,0.0385964912280702,0.0385964912280702,0.0849110484548909,24.2201705790077,0.928695690695768,31.0010624860455,12.5755464348918,-28.3847114238823,2.00673624665137,-29.2808406790072,-11.5764602110677,1,480,2.6543929719082,-4.76849673555243,-0.697654242002588,0.805946694923144,8.02696066421458e-20,-1.40243509774691e-18,0,-3.12343399300023e-21,-0.0010085616165045,0.00127416963754759,1,-7.38190484220988e-20,1.28815248667384e-19,1,-0.00447054075050219,-0.00322081580792181,-0.00322081580792181,-0.0124565213817698,0.0122190735985311,0.00371546962431562,0.00371546962431562,0.00716695275968236,1,0,0,1,-0.0044711119141028,-0.00322126314345069,-0.00322126314345069,-0.0124565379633822,0.0122192347406263,0.00371598566176344,0.00371598566176344,0.00716746474350243,2.45372322503314,-11.5043400111596,3.35073874635195,-5.44474361965569,3.35073874635195,-5.44474361965569,14.7325006032562,1.57060439878903,1.73472347597681e-18,3.20277959581169e-19,-1.70938285073017e-19,0,0,0,-0.0044705407505022,-0.0124565213817698,-0.00322081580792181,0.0122190735985311,0.00716695275968236,0.00371546962431562,2.74174169828203e-13,3.16397910989872e-08,1.1147463877354e-12,1.28815248667384e-19,3.46944695195361e-18,1.97597907044584e-13
NC_k0039,-0.0447368421052632,-0.0447368421052632,0.510949451493472,-46.4389599044561,50.1412226357138,-97.4861790781666,82.9531518086214,43.216625447194,-55.1939377193678,96.755824766172,-86.1658601227587,1,480,-28.1582368806122,-5.25442707687661,-11.0261791059713,5.92360778336337,4.28281033955456e-20,-9.77714249147878e-19,0,3.35001530639076e-19,-0.000888001337161359,-0.00098055548748198,1,2.22783825815135e-20,-8.10016082781202e-20,1,-0.00936196115721761,-0.0143750446473943,-0.0143750446473943,-0.00123606231006255,0.00591636410265958,0.00222737079348689,0.00222737079348689,-0.00801369950739952,1,0,5.42101086242752e-20,1,-0.00936186300141507,-0.0143770411813731,-0.0143770411813731,-0.00123652845279105,0.00591584400782235,0.00222768015054154,0.00222768015054154,-0.00801325223670828,-12.9549191749627,-56.6545149191883,3.80950624162274,7.7578223891118,3.80950624162274,7.7578223891118,3.45442736452706,-12.8583519268764,2.60208521396521e-18,-2.07061005375059e-19,2.87006964515523e-19,0,0,0,-0.00936196115721762,-0.00123606231006256,-0.0143750446473943,0.00591636410265959,-0.00801369950739952,0.00222737079348689,8.63000111336057e-14,3.32869742834833e-08,5.35362646387429e-13,8.10016082781202e-20,3.46944695195361e-18,1.30371764335597e-14
NC_k0039,-0.0280701754385965,-0.0280701754385965,0.514581760159547,-58.3439456478373,56.9652783741158,-91.1130181107861,77.7563606501944,55.7194986998835,-61.5194775465868,89.6840610888727,-81.520874645361,1,480,-18.0708311909761,-3.50216255005915,-7.11908793454166,3.81181093013002,1.19256945017485e-18,-1.68538380679924e-18,0,1.44842633980485e-19,-0.000887965884187915,-0.000974410698966997,1,1.87348046576455e-19,-3.97489986812011e-20,1,-0.00936196115721762,-0.0143750446473943,-0.0143750446473943,-0.00123606231006256,0.00591636410265959,0.00222737079348689,0.00222737079348689,-0.00801369950739952,1,0,5.42101086242752e-20,1,-0.00936186300141507,-0.0143770411813731,-0.0143770411813731,-0.00123652845279105,0.00591584400782235,0.00222768015054154,0.00222768015054154,-0.00801325223670828,-13.3007159636615,-56.9299131683922,3.84125506334461,7.5580349926968,3.84125506334461,7.5580349926968,3.33857167187892,-12.9573161159725,1.73472347597681e-18,5.31205351259267e-19,-5.37560909916496e-19,0,0,0,-0.00936196115721762,-0.00123606231006256,-0.0143750446473943,0.00591636410265959,-0.00801369950739952,0.00222737079348689,2.38597886996329e-13,3.16941457321945e-08,8.95250953527046e-13,1.87348046576455e-19,5.20417042793042e-18,6.47257507309002e-16
NC_k0039,-0.0114035087719298,-0.0114035087719298,0.517178532654702,-69.6776658360067,63.679280398206,-83.1062968153699,72.1499021880156,67.4244980842222,-67.9767244705094,81.2603774431568,-76.1975886949339,1,480,-7.41140083682364,-1.4679971695621,-2.93020134210726,1.56792771150507,1.44530290581185e-18,7.48274199560369e-19,0,7.11904722387638e-20,-0.000887961269499936,-0.000971418796178704,1,3.73174481333472e-19,-1.53393575666307e-20,1,-0.00936196115721762,-0.0143750446473943,-0.0143750446473943,-0.00123606231006255,0.00591636410265958,0.00222737079348689,0.00222737079348689,-0.00801369950739952,1,0,5.42101086242752e-20,1,-0.00936186300141507,-0.0143770411813731,-0.0143770411813731,-0.00123652845279105,0.00591584400782235,0.00222768015054154,0.00222768015054154,-0.00801325223670828,-13.4959771681005,-57.1512892776439,3.87109184214642,7.45403330311891,3.87109184214642,7.45403330311891,3.27298464519,-13.0427696168098,8.67361737988404e-19,3.32598550117793e-19,1.05989337994275e-19,0,0,0,-0.00936196115721762,-0.00123606231006256,-0.0143750446473943,0.00591636410265959,-0.00801369950739952,0.00222737079348689,5.38918139948191e-13,1.67453270075257e-08,1.92982141216719e-12,3.73174481333472e-19,1.73472347597681e-18,1.93202281044748e-15
NC_k0039,0.00526315789473684,0.00526315789473684,0.517615549253762,-79.7615223329962,69.9622245770852,-73.5535883081418,66.0519068632979,77.7997348811839,-74.0812446428311,71.4127552357196,-70.2793251698547,1,480,3.42514499000893,0.680783700455061,1.35495646785313,-0.72504053509508,1.59665710557436e-19,-1.40833785859808e-18,0,-3.24446706022899e-19,-0.000887955682742957,-0.000970977481787898,1,2.1735818812062e-19,-7.7028675082387e-20,1,-0.00936196115721761,-0.0143750446473943,-0.0143750446473943,-0.00123606231006255,0.00591636410265959,0.00222737079348689,0.00222737079348689,-0.00801369950739952,1,0,5.42101086242752e-20,1,-0.00936186300141507,-0.0143770411813731,-0.0143770411813731,-0.00123652845279105,0.00591584400782235,0.00222768015054154,0.00222768015054154,-0.00801325223670828,-13.5266102404807,-57.1895623203745,3.8765371208521,7.43810981848728,3.8765371208521,7.43810981848728,3.26247201539837,-13.0580341195306,8.67361737988404e-19,6.55056590601183e-20,-3.90173827363084e-19,0,0,0,-0.00936196115721762,-0.00123606231006256,-0.0143750446473943,0.00591636410265959,-0.00801369950739952,0.00222737079348689,1.44332607771971e-12,2.64522022227286e-08,8.69845308280756e-13,2.1735818812062e-19,3.46944695195361e-18,6.88506346879388e-14
NC_k0039,0.0219298245614035,0.0219298245614035,0.515747671433698,-88.3497986173979,75.7441032181314,-62.6356488915055,59.4758958954704,86.7437367642149,-79.6350161875821,60.1683838290277,-63.9178551989586,1,480,14.1839851939761,2.77684285306512,5.59707325552364,-2.99559032671652,-2.55592191833985e-19,-8.83852410680261e-19,0,4.41648272654313e-20,-0.000887960118186506,-0.000972979759450612,1,3.1918078199531e-19,-6.38335764934822e-20,1,-0.00936196115721762,-0.0143750446473943,-0.0143750446473943,-0.00123606231006256,0.00591636410265959,0.00222737079348689,0.00222737079348689,-0.00801369950739952,1,0,5.42101086242752e-20,1,-0.00936186300141507,-0.0143770411813731,-0.0143770411813731,-0.00123652845279105,0.00591584400782235,0.00222768015054154,0.00222768015054154,-0.00801325223670828,-13.3915064551945,-57.0278768428072,3.85404494080192,7.50919651321068,3.85404494080192,7.50919651321068,3.3083756190753,-12.994437309727,1.73472347597681e-18,3.72847488121555e-19,-3.9299560079726e-19,0,0,0,-0.00936196115721762,-0.00123606231006256,-0.0143750446473943,0.00591636410265959,-0.00801369950739952,0.00222737079348689,4.33820256263082e-13,2.22906276922728e-08,2.65276685848636e-13,3.1918078199531e-19,3.46944695195361e-18,3.42270979963296e-14
NC_k0039,0.0385964912280702,0.0385964912280702,0.51226649190767,-95.3297112383746,81.0793120080772,-50.8153227424912,52.6302365869367,94.3001696675691,-84.5381057403432,47.8473037776485,-57.457215513079,1,480,24.5469264690211,4.65073545902901,9.63522843625651,-5.16736870552878,1.59676298469276e-18,7.93775750695686e-19,0,4.99670029541232e-19,-0.000887995128059504,-0.000977881025908599,1,1.97424495597142e-20,6.43022867800477e-20,1,-0.00936196115721761,-0.0143750446473943,-0.0143750446473943,-0.00123606231006255,0.00591636410265958,0.00222737079348689,0.00222737079348689,-0.00801369950739952,1,0,5.42101086242752e-20,1,-0.00936186300141507,-0.0143770411813731,-0.0143770411813731,-0.00123652845279105,0.00591584400782235,0.00222768015054154,0.00222768015054154,-0.00801325223670828,-13.0971608583075,-56.7463204148943,3.81935620726092,7.6723432755417,3.81935620726092,7.6723432755417,3.40590433269569,-12.8906519895025,1.0842021724855e-18,-1.51904493350976e-19,4.57600128584842e-19,0,0,0,-0.00936196115721762,-0.00123606231006256,-0.0143750446473943,0.00591636410265959,-0.00801369950739952,0.00222737079348689,1.09127556853044e-13,2.25420118628911e-08,8.04319484585722e-13,6.43022867800477e-20,3.46944695195361e-18,7.15201177344108e-15
NC_k0040,-0.0447368421052632,-0.0447368421052632,0.556601245470969,32.7964051583743,-40.5083002726146,9.92244284462541,-38.4453394275675,-20.0514655208596,52.7259820826189,-24.8880005606687,18.800204663708,1,480,-20.2952286520849,-21.3229774929376,-13.7340080278573,-2.44201584910364,8.11675939151334e-19,-6.52374188063421e-19,0,-1.33778266106976e-19,5.61301604867639e-05,-0.00146277819147679,1,3.46777405825659e-20,-8.00780914236095e-20,1,0.00239448904696964,-0.0107100934987805,-0.0107100934987805,0.00459870799470201,-0.00943143305055485,-0.0118532853785697,-0.0118532853785697,-0.00538144038133594,1,0,0,1,0.00239468699202063,-0.0107115810117664,-0.0107115810117664,0.00459875286899274,-0.00943154959375092,-0.0118549316682056,-0.0118549316682056,-0.00538183817402293,3.15446000804462,-37.3052722090989,-9.8056029260779,-4.1163690688507,-9.8056029260779,-4.1163690688507,-41.6285271478392,2.72993069980607,1.73472347597681e-18,-2.37359912992014e-19,-4.18351454362242e-19,0,0,0,0.00239448904696964,0.00459870799470201,-0.0107100934987805,-0.00943143305055485,-0.00538144038133594,-0.0118532853785697,4.02040386235223e-13,3.61181223053038e-08,6.22919291025152e-13,8.00780914236095e-20,5.20417042793042e-18,3.01191702466541e-14
NC_k0040,-0.0280701754385965,-0.0280701754385965,0.558488025374014,27.7077832590355,-37.6743100547268,11.6811844971694,-36.6795673146233,-19.1965288960809,45.0171409831663,-22.5040265683566,21.8454235180178,1,480,-13.143406092746,-13.7043621221783,-8.85976351092495,-1.48033845443982,1.12219954110374e-18,-1.69920103175133e-18,0,4.93131993979613e-20,5.2311012434451e-05,-0.00146187724340117,1,2.17514845716151e-19,-1.8784147738515e-19,1,0.00239448904696964,-0.0107100934987805,-0.0107100934987805,0.004598707994702,-0.00943143305055486,-0.0118532853785697,-0.0118532853785697,-0.00538144038133594,1,0,0,1,0.00239468699202063,-0.0107115810117664,-0.0107115810117664,0.00459875286899274,-0.00943154959375092,-0.0118549316682056,-0.0118549316682056,-0.00538183817402293,2.98787423124224,-37.441040068995,-9.63430896352527,-4.11023022973208,-9.63430896352527,-4.11023022973208,-41.9546675176003,2.29376234223351,1.73472347597681e-18,5.19335224004813e-19,8.12795342586996e-19,0,0,0,0.00239448904696964,0.00459870799470201,-0.0107100934987805,-0.00943143305055485,-0.00538144038133594,-0.0118532853785697,3.06810094579729e-13,2.89902713417734e-08,9.79182095388389e-13,2.17514845716151e-19,5.20417042793042e-18,7.35526099841103e-15
NC_k0040,-0.0114035087719298,-0.0114035087719298,0.559943912916721,21.9757346525346,-35.8398226886519,15.1249530605967,-35.5345573101107,-19.0104396715123,36.8218413084969,-20.4437892102326,27.0293808709846,1,480,-5.41241385197059,-5.62043191599548,-3.64083910342881,-0.586572937970436,4.91808504999528e-20,-6.48972821384603e-19,0,-6.10684285190749e-19,4.9892583035979e-05,-0.00146171446131791,1,3.30760291829109e-19,-1.22131779932149e-19,1,0.00239448904696964,-0.0107100934987805,-0.0107100934987805,0.00459870799470201,-0.00943143305055486,-0.0118532853785697,-0.0118532853785697,-0.00538144038133594,1,0,0,1,0.00239468699202063,-0.0107115810117664,-0.0107115810117664,0.00459875286899274,-0.00943154959375092,-0.0118549316682056,-0.0118549316682056,-0.00538183817402293,2.89027001964259,-37.5593079248101,-9.53433760605543,-4.10138375182495,-9.53433760605543,-4.10138375182495,-42.174738129669,2.04326924622031,1.73472347597681e-18,3.17525954321227e-19,7.62258143846495e-19,0,0,0,0.00239448904696964,0.00459870799470201,-0.0107100934987805,-0.00943143305055485,-0.00538144038133594,-0.0118532853785697,7.55901060956203e-13,1.35077443376503e-08,2.99119778536865e-12,3.30760291829109e-19,3.46944695195361e-18,2.51807941607832e-14
NC_k0040,0.00526315789473684,0.00526315789473684,0.560187710555445,16.7644421607075,-35.373409680723,19.952855956428,-35.5063666887981,-19.8713712902275,29.4037738906455,-19.2025187558237,33.950820972553,1,480,2.50280806640303,2.59720709923712,1.68300500466124,0.269475128312879,5.20369397189759e-19,-1.24111502596436e-18,0,-5.09278559536648e-20,4.94988088666956e-05,-0.00146170765685851,1,2.06516895084769e-19,-3.01565437464767e-20,1,0.00239448904696963,-0.0107100934987805,-0.0107100934987805,0.004598707994702,-0.00943143305055485,-0.0118532853785697,-0.0118532853785697,-0.00538144038133594,1,0,0,1,0.00239468699202063,-0.0107115810117664,-0.0107115810117664,0.00459875286899274,-0.00943154959375092,-0.0118549316682056,-0.0118549316682056,-0.00538183817402293,2.87448901113529,-37.5799796700279,-9.51813274577712,-4.09948297963961,-9.51813274577712,-4.09948297963961,-42.2109485809835,2.00332502375396,2.60208521396521e-18,6.50332312960274e-19,3.64082927679593e-19,0,0,0,0.00239448904696964,0.00459870799470201,-0.0107100934987805,-0.00943143305055485,-0.00538144038133594,-0.0118532853785697,2.08277389801579e-12,2.65124543425493e-08,5.98511558798538e-13,2.06516895084769e-19,5.20417042793042e-18,4.39976648581601e-14
NC_k0040,0.0219298245614035,0.0219298245614035,0.559141859244433,12.7663060854118,-36.1558974277481,25.5992602187478,-36.8501498197483,-21.6769480558943,23.524311085278,-19.0183992212034,41.9743397285823,1,480,10.3367871883566,10.7571729011293,6.96100682953045,1.14377679149325,-2.54685601882627e-19,4.93502570894037e-19,0,-2.69991751937308e-19,5.12128196067662e-05,-0.00146177345422538,1,3.24892297904548e-19,-7.34210123765685e-20,1,0.00239448904696964,-0.0107100934987805,-0.0107100934987805,0.00459870799470201,-0.00943143305055485,-0.0118532853785697,-0.0118532853785697,-0.00538144038133594,1,0,0,1,0.00239468699202063,-0.0107115810117664,-0.0107115810117664,0.00459875286899274,-0.00943154959375092,-0.0118549316682056,-0.0118549316682056,-0.00538183817402293,2.94313565649296,-37.4930173829216,-9.58852922813336,-4.10675633098663,-9.58852922813336,-4.10675633098663,-42.0545007247003,2.17817100893647,1.30104260698261e-18,3.67873637876339e-19,2.06948998073101e-19,0,0,0,0.00239448904696964,0.00459870799470201,-0.0107100934987805,-0.00943143305055485,-0.00538144038133594,-0.0118532853785697,3.24897825259746e-13,3.44589282938259e-08,4.84270809151751e-13,3.24892297904548e-19,4.33680868994202e-18,1.50904369752482e-14
NC_k0040,0.0385964912280702,0.0385964912280702,0.557227426300835,10.3649008386427,-37.7584795619925,31.0890927440152,-39.3961029490295,-24.0095117078438,19.65508490573,-19.7045826340157,50.0472806473797,1,480,17.7642042033483,18.6042454172006,12.0015883747812,2.0807137685939,-5.54938929349575e-19,-3.84243261632113e-18,0,-2.26951890304949e-19,5.4628426620982e-05,-0.00146229686710169,1,7.72959000724251e-20,-4.72617747741241e-19,1,0.00239448904696963,-0.0107100934987805,-0.0107100934987805,0.004598707994702,-0.00943143305055485,-0.0118532853785697,-0.0118532853785697,-0.00538144038133595,1,0,0,1,0.00239468699202063,-0.0107115810117664,-0.0107115810117664,0.00459875286899274,-0.00943154959375092,-0.0118549316682056,-0.0118549316682056,-0.00538183817402293,3.08590610139089,-37.3470061815831,-9.73466162932178,-4.1146139136323,-9.73466162932178,-4.1146139136323,-41.7502971781492,2.55009166516048,2.60208521396521e-18,5.59918105025362e-19,6.06940149737764e-19,0,0,0,0.00239448904696964,0.00459870799470201,-0.0107100934987805,-0.00943143305055485,-0.00538144038133594,-0.0118532853785697,1.56780232946105e-13,2.24596362193923e-08,1.34072837029405e-12,4.72617747741241e-19,5.20417042793042e-18,4.58253279740626e-15
NC_k0041,-0.0447368421052632,-0.0447368421052632,0.319998917011256,-62.0562993512809,2.29381762176316,-65.1803481714731,29.0224137189873,57.5555091100179,-0.073892948060104,68.5565057105179,-30.0683228987364,1,480,7.95398316977029,-15.4314960797522,-2.46757926029405,3.54540783637322,1.21099241677763e-19,2.37629799396274e-18,0,3.5003636545284e-19,0.000580456694911292,-0.000131941075241316,1,6.85772811128381e-20,-1.01755838052541e-19,1,0.000693404154477521,0.00813472975173025,0.00813472975173025,0.0151266557406844,-0.00346283095456102,-0.00928959031609184,-0.00928959031609184,-0.00249839192021467,1,0,0,1,0.000694179962864114,0.00813585957530688,0.00813585957530688,0.0151264292399331,-0.00346290096054724,-0.00929088053696908,-0.00929088053696908,-0.00249852890113382,-8.89723496755443,28.3762541984102,3.39465941440688,7.71639576022364,3.39465941440688,7.71639576022364,-37.4067203145209,-2.77791327719642,1.73472347597681e-18,-1.07901832284352e-19,4.24309034887912e-19,0,0,0,0.000693404154477524,0.0151266557406844,0.00813472975173025,-0.00346283095456102,-0.00249839192021467,-0.00928959031609184,2.71722864570861e-13,5.05590023639566e-08,1.50191090200376e-12,1.01755838052541e-19,5.20417042793042e-18,7.80628206100689e-15
NC_k0041,-0.0280701754385965,-0.0280701754385965,0.320922378184265,-62.1383500938249,9.07093038588673,-63.9075004772945,25.7693745756807,59.0196220133474,-7.29601077644156,65.9103536607701,-26.3849549082011,1,480,4.99100483397061,-9.85565219957074,-1.60533363064804,2.25569867871473,8.65376504518276e-19,1.80523896883573e-19,0,-1.93388209769997e-19,0.000584424905670249,-0.000133194177317506,1,-4.98949489260092e-20,-1.12190719839262e-19,1,0.00069340415447752,0.00813472975173025,0.00813472975173025,0.0151266557406844,-0.00346283095456102,-0.00928959031609184,-0.00928959031609184,-0.00249839192021467,1,0,0,1,0.000694179962864114,0.00813585957530688,0.00813585957530688,0.0151264292399331,-0.00346290096054724,-0.00929088053696908,-0.00929088053696908,-0.00249852890113382,-8.67029536654301,28.5016128175914,3.28883402031589,7.67535305719603,3.28883402031589,7.67535305719603,-37.5192881025068,-2.92123107738421,1.73472347597681e-18,3.59923210050718e-19,1.93735783315019e-19,0,0,0,0.000693404154477524,0.0151266557406844,0.00813472975173025,-0.00346283095456102,-0.00249839192021467,-0.00928959031609184,4.71591080546977e-13,4.36890253108545e-08,1.73737551425805e-12,1.12190719839262e-19,6.93889390390723e-18,3.35569099287949e-14
NC_k0041,-0.0114035087719298,-0.0114035087719298,0.321756875403338,-62.3519766490923,15.0265586045353,-63.0354365626327,21.7748155419974,60.7367976369048,-13.922788437754,63.5370187958926,-21.724339720847,1,480,2.01829697334723,-4.03142174085638,-0.66433117327802,0.921207495083197,1.04698566236552e-18,1.92567646602345e-18,0,-1.21763633145766e-18,0.000586451435911201,-0.000133693703848302,1,-1.60064092556362e-19,-4.92578406627886e-20,1,0.000693404154477518,0.00813472975173025,0.00813472975173025,0.0151266557406844,-0.00346283095456102,-0.00928959031609184,-0.00928959031609184,-0.00249839192021467,1,0,0,1,0.000694179962864114,0.00813585957530688,0.00813585957530688,0.0151264292399331,-0.00346290096054724,-0.00929088053696908,-0.00929088053696908,-0.00249852890113382,-8.56447833056369,28.5984660561907,3.23021909460607,7.65978318377435,3.23021909460607,7.65978318377435,-37.6266868889264,-2.99119216729857,2.60208521396521e-18,1.54848282990505e-19,3.95341706203153e-19,0,0,0,0.000693404154477524,0.0151266557406844,0.00813472975173025,-0.00346283095456102,-0.00249839192021467,-0.00928959031609184,1.16540568008415e-12,3.08711689876825e-08,7.47547480011416e-13,1.60064092556362e-19,6.93889390390723e-18,1.96678664051253e-14
NC_k0041,0.00526315789473684,0.00526315789473684,0.321902841824807,-62.7982909354767,20.1096143321772,-62.4853877062398,16.99787863296,62.7314111708205,-19.7789678010902,61.4388804788519,-16.1753376198852,1,480,-0.930598590000708,1.86226833588982,0.30745101614342,-0.425478112066351,4.82755840375748e-19,-8.25724774674934e-19,0,3.28595843975465e-19,0.000586752853241807,-0.000133759876178877,1,-6.08099816518893e-20,-1.22542423819472e-20,1,0.000693404154477514,0.00813472975173025,0.00813472975173025,0.0151266557406844,-0.00346283095456102,-0.00928959031609184,-0.00928959031609184,-0.00249839192021467,1,0,0,1,0.000694179962864114,0.00813585957530688,0.00813585957530688,0.0151264292399331,-0.00346290096054724,-0.00929088053696908,-0.00929088053696908,-0.00249852890113382,-8.54911462542003,28.6148992756258,3.22097540497916,7.65767661424147,3.22097540497916,7.65767661424147,-37.6457883580677,-3.00145077365763,2.60208521396521e-18,6.98916817929769e-19,1.56170234174018e-19,0,0,0,0.000693404154477524,0.0151266557406844,0.00813472975173025,-0.00346283095456102,-0.00249839192021467,-0.00928959031609184,1.53191085790205e-12,2.98374468039514e-08,1.85880137567222e-12,6.08099816518893e-20,9.75781955236954e-18,6.38053576636135e-14
NC_k0041,0.0219298245614035,0.0219298245614035,0.321288701896742,-63.5448330265186,24.3854770477918,-62.1955616042793,11.3692988998204,65.0040756178623,-24.7769341702264,59.6203718548025,-9.82000738793737,1,480,-3.89230370075689,7.72617773082669,1.26517842992303,-1.76692610041126,1.40721289296501e-18,2.90950523425932e-18,0,5.41068764838286e-19,0.000585386536489335,-0.000133445783497929,1,-9.18735679372289e-20,-5.79719883529277e-20,1,0.00069340415447752,0.00813472975173025,0.00813472975173025,0.0151266557406844,-0.00346283095456102,-0.00928959031609184,-0.00928959031609184,-0.00249839192021467,1,0,0,1,0.000694179962864114,0.00813585957530688,0.00813585957530688,0.0151264292399331,-0.00346290096054724,-0.00929088053696908,-0.00929088053696908,-0.00249852890113382,-8.61934715917807,28.544862475198,3.26166824034503,7.66758455343399,3.26166824034503,7.66758455343399,-37.5660055569183,-2.95476553167434,1.73472347597681e-18,4.81277711282466e-19,2.72914714883875e-19,0,0,0,0.000693404154477524,0.0151266557406844,0.00813472975173025,-0.00346283095456102,-0.00249839192021467,-0.00928959031609184,3.57315178243709e-13,2.31098189940721e-08,1.45545470939055e-12,9.18735679372289e-20,8.67361737988404e-18,4.28485826737114e-14
NC_k0041,0.0385964912280702,0.0385964912280702,0.320270774905802,-64.6583552041961,27.9093505186249,-62.0791600873954,4.86911652829707,67.5500537065672,-28.8294502262543,58.0678112626888,-2.78263798190463,1,480,-6.87361509089595,13.4255310602785,2.16213226989628,-3.07908488990718,-5.56315357888863e-19,-3.75958220616781e-18,0,3.2399010232477e-19,0.00058215279815946,-0.000132523564779923,1,1.36767805731972e-19,-3.56542291146425e-19,1,0.000693404154477522,0.00813472975173025,0.00813472975173025,0.0151266557406844,-0.00346283095456102,-0.00928959031609184,-0.00928959031609184,-0.00249839192021467,1,0,0,1,0.000694179962864114,0.00813585957530688,0.00813585957530688,0.0151264292399331,-0.00346290096054724,-0.00929088053696908,-0.00929088053696908,-0.00249852890113382,-8.79682126805729,28.4186555096135,3.35017553915057,7.69688217642123,3.35017553915057,7.69688217642123,-37.438587683089,-2.83989891649702,1.73472347597681e-18,-6.53144482779103e-20,3.72429391146343e-19,0,0,0,0.000693404154477524,0.0151266557406844,0.00813472975173025,-0.00346283095456102,-0.00249839192021467,-0.00928959031609184,1.35090397905648e-13,2.65698645035141e-08,8.23418577265558e-13,3.56542291146425e-19,3.46944695195361e-18,8.14630716348216e-15
NC_k0042,-0.0447368421052632,-0.0447368421052632,0.60767070107217,46.1498888261918,38.5919968231677,92.1789043427012,28.6370324778777,-48.1057062064046,-55.5449089500127,-80.9502270109753,-10.0595484069731,1,480,21.6201665552831,27.5409509262797,16.2231687689157,-1.65910053019782,-2.43900490183916e-18,-3.03063094571668e-18,0,-1.28749007982654e-18,0.00127904333806361,-9.38199293730571e-06,1,4.14848172702723e-20,-9.2264001788261e-21,1,0.00978896359714777,0.00931601071912623,0.00931601071912623,-0.00341841517630105,-0.0020515195720058,0.0139864037805132,0.0139864037805132,-0.0024237059209812,1,3.3881317890172e-20,0,1,0.009788615607406,0.00931730460950389,0.00931730460950389,-0.00341784598696133,-0.00205161019002995,0.0139883463365938,0.0139883463365938,-0.00242377069273111,13.1823092826259,31.7840613124199,5.02120283249677,-3.29627322629244,5.02120283249677,-3.29627322629244,55.5851989401181,-4.58843769257892,1.73472347597681e-18,-5.16075063863753e-20,5.17542877315824e-19,0,0,0,0.00978896359714778,-0.00341841517630104,0.00931601071912623,-0.0020515195720058,-0.00242370592098119,0.0139864037805132,1.60392260318198e-13,3.54930784705819e-08,1.42462866084498e-12,4.14848172702723e-20,2.16840434497101e-18,2.00971566496939e-15
NC_k0042,-0.0280701754385965,-0.0280701754385965,0.611835224122695,56.3833279057641,33.8367404003272,86.8259595416521,28.0762017199849,-56.6131498830551,-45.3271290455429,-77.2434099720725,-14.8691952704308,1,480,13.9245619316804,17.8238276350151,10.4769685570095,-1.12914299329359,-2.93602795342022e-19,-9.97381295391939e-20,0,4.90326197341833e-19,0.00127364689872962,-4.6374962962199e-06,1,-2.33931335142324e-19,6.68275498347477e-20,1,0.00978896359714778,0.00931601071912623,0.00931601071912623,-0.00341841517630104,-0.0020515195720058,0.0139864037805132,0.0139864037805132,-0.00242370592098119,1,3.3881317890172e-20,0,1,0.009788615607406,0.00931730460950389,0.00931730460950389,-0.00341784598696133,-0.00205161019002995,0.0139883463365938,0.0139883463365938,-0.00242377069273111,13.5622619127255,32.1077259032388,5.01047250308231,-3.2995728752399,5.01047250308231,-3.2995728752399,55.7381963002932,-4.40995002588337,2.60208521396521e-18,-5.11112360157625e-19,-3.9823475829837e-20,0,0,0,0.00978896359714778,-0.00341841517630104,0.00931601071912623,-0.0020515195720058,-0.00242370592098119,0.0139864037805132,1.84374547385915e-13,2.60977579497789e-08,1.18857223895799e-12,2.33931335142324e-19,3.46944695195361e-18,2.93961712072346e-14
NC_k0042,-0.0114035087719298,-0.0114035087719298,0.614809092555727,66.8633401981408,30.381969824495,79.5334551345473,28.1875539230949,-64.3284290261654,-34.7870957204021,-72.6730056671088,-22.0267867219368,1,480,5.72069703132669,7.33942987081848,4.30984187770792,-0.479295470472346,-9.53388521693918e-19,-1.04811062799859e-18,0,-1.44083282178162e-18,0.00127103112820218,-1.74956302085508e-06,1,-1.81558698709011e-19,-8.62796215052228e-20,1,0.00978896359714778,0.00931601071912623,0.00931601071912623,-0.00341841517630104,-0.0020515195720058,0.0139864037805132,0.0139864037805132,-0.00242370592098119,1,3.3881317890172e-20,0,1,0.009788615607406,0.00931730460950389,0.00931730460950389,-0.00341784598696133,-0.00205161019002995,0.0139883463365938,0.0139883463365938,-0.00242377069273111,13.7977070504903,32.3159196343844,4.99787981637917,-3.31321344814953,4.99787981637917,-3.31321344814953,55.8943532180808,-4.30886338505853,1.73472347597681e-18,-2.75158069327272e-19,1.69356442800064e-19,0,0,0,0.00978896359714778,-0.00341841517630104,0.00931601071912623,-0.0020515195720058,-0.00242370592098119,0.0139864037805132,5.91375826190269e-13,1.76367951524261e-08,1.30231566198439e-12,1.81558698709011e-19,3.46944695195361e-18,1.44464099580574e-15
NC_k0042,0.00526315789473684,0.00526315789473684,0.615307466553803,76.3958379250693,28.5095140066113,70.5241189320282,29.5109227563746,-70.6850355449377,-25.1717404234802,-66.8376690637772,-31.0889979886341,1,480,-2.64451977666703,-3.393718855366,-1.99261874857088,0.222815942102703,-1.2400562347803e-18,3.36033852043542e-19,0,-6.10366647835528e-19,0.00127064464909922,-1.28343956389836e-06,1,-2.61655670506895e-19,-1.16615943786196e-19,1,0.00978896359714778,0.00931601071912623,0.00931601071912623,-0.00341841517630104,-0.0020515195720058,0.0139864037805132,0.0139864037805132,-0.00242370592098119,1,3.3881317890172e-20,0,1,0.009788615607406,0.00931730460950389,0.00931730460950389,-0.00341784598696133,-0.00205161019002995,0.0139883463365938,0.0139883463365938,-0.00242377069273111,13.8361173307658,32.3498350249045,4.9953204116551,-3.31614022678454,4.9953204116551,-3.31614022678454,55.9224859583411,-4.29270743319015,8.67361737988404e-19,-4.99310251754035e-19,1.13010372036348e-19,0,0,0,0.00978896359714778,-0.00341841517630104,0.00931601071912623,-0.0020515195720058,-0.00242370592098119,0.0139864037805132,8.91654260379794e-13,2.4303731821883e-08,2.79702233222991e-13,2.61655670506895e-19,1.73472347597681e-18,2.11107618454009e-14
NC_k0042,0.0219298245614035,0.0219298245614035,0.61317198024438,84.3584103151894,28.0079086698193,60.2958075616071,32.3844998988109,-75.6855802765488,-17.2543555420992,-59.5941177991521,-41.4050192474231,1,480,-10.9385796783379,-14.0168695949066,-8.23529826017078,0.900417984704722,9.6323527970575e-20,-1.44493232889743e-18,0,5.49843496776249e-19,0.00127239358240647,-3.31470301188595e-06,1,-2.37049420855408e-19,3.0036830930086e-20,1,0.00978896359714778,0.00931601071912623,0.00931601071912623,-0.00341841517630104,-0.0020515195720058,0.0139864037805132,0.0139864037805132,-0.00242370592098119,1,3.3881317890172e-20,0,1,0.009788615607406,0.00931730460950389,0.00931730460950389,-0.00341784598696133,-0.00205161019002995,0.0139883463365938,0.0139883463365938,-0.00242377069273111,13.6696921306194,32.2027213426453,5.00537388081433,-3.30484426158265,5.00537388081433,-3.30484426158265,55.8055952109926,-4.36332557433945,1.73472347597681e-18,-1.10316615065305e-18,-4.32716143344558e-20,0,0,0,0.00978896359714778,-0.00341841517630104,0.00931601071912623,-0.0020515195720058,-0.00242370592098119,0.0139864037805132,3.57410072370151e-13,3.6783359408452e-08,5.72051496440838e-13,2.37049420855408e-19,6.93889390390723e-18,8.32886380626902e-15
NC_k0042,0.0385964912280702,0.0385964912280702,0.609176817130855,90.4354684745581,28.3887056549064,49.7843386962615,36.7339581103446,-79.6528969907246,-11.5370979034898,-51.2617792134686,-51.9214094214312,1,480,-18.8761857881347,-24.0970781341735,-14.1811770943617,1.48098666704524,4.24045869219184e-20,6.49568391425642e-19,0,-8.54363421842745e-19,0.0012766918576481,-7.48276905543629e-06,1,-1.69775177780646e-20,4.60142487759888e-19,1,0.00978896359714777,0.00931601071912623,0.00931601071912623,-0.00341841517630104,-0.0020515195720058,0.0139864037805132,0.0139864037805132,-0.00242370592098119,1,3.3881317890172e-20,0,1,0.009788615607406,0.00931730460950389,0.00931730460950389,-0.00341784598696133,-0.00205161019002995,0.0139883463365938,0.0139883463365938,-0.00242377069273111,13.3333286126041,31.9084639148023,5.0179337582538,-3.29454362716833,5.0179337582538,-3.29454362716833,55.6252970389212,-4.51402083733849,1.73472347597681e-18,1.39951972355749e-19,1.83885796537573e-19,0,0,0,0.00978896359714778,-0.00341841517630104,0.00931601071912623,-0.0020515195720058,-0.00242370592098119,0.0139864037805132,9.62739971767246e-14,2.58544638153245e-08,1.40017598490624e-12,4.60142487759888e-19,3.46944695195361e-18,1.56734756531705e-14
NC_k0043,-0.0447368421052632,-0.0447368421052632,0.0664446883581505,-10.3419721501904,9.30086660164424,-0.0561365177431679,27.0345754063746,7.27707842553192,-18.5287113213356,5.7275196408869,-25.2791768099524,1,480,0.832598061443411,0.434651272431306,0.418192280178656,0.826474862546109,-2.1261850465063e-20,-3.09047911739612e-19,0,-2.65121312490596e-19,0.000682054422160242,-0.00196810297974893,1,5.68738792787237e-20,-1.54876785674691e-19,1,0.00349834465260774,0.00105725274737618,0.00105725274737618,0.00567869514329041,-0.0143226463588292,0.000335182333641108,0.000335182333641108,-0.0122125213151273,1,0,0,1,0.00349857968282956,0.00105739958803554,0.00105739958803554,0.00567877876028372,-0.0143230337705929,0.000335228886743002,0.000335228886743003,-0.0122130552633523,0.435013955500336,1.85757179420889,-2.41439889869758,2.52739198289886,-2.41439889869758,2.52739198289886,1.5024323449153,-6.68761660745645,1.73472347597681e-18,-1.62783998206833e-19,6.82123618080099e-19,0,0,0,0.00349834465260774,0.00567869514329042,0.00105725274737618,-0.0143226463588292,-0.0122125213151273,0.000335182333641108,3.66817154624005e-12,1.35253830183693e-08,9.6430226619368e-13,1.54876785674691e-19,3.46944695195361e-18,9.10639455721803e-14
NC_k0043,-0.0280701754385965,-0.0280701754385965,0.0676555322931106,-7.93234671191922,12.6742281698047,-1.13051971514064,24.2318704632217,6.16230777212481,-20.1552337843414,5.46536662079948,-24.2230096875246,1,480,0.461872233900028,0.390789989075899,0.281378533582056,0.528107803945237,-2.05815771292994e-19,-2.64949258923185e-19,0,2.07315449743553e-19,0.000678028288773087,-0.00196192420224682,1,-1.26855529664088e-20,6.24382157278983e-20,1,0.00349834465260774,0.00105725274737618,0.00105725274737618,0.00567869514329041,-0.0143226463588292,0.000335182333641108,0.000335182333641108,-0.0122125213151273,1,0,0,1,0.00349857968282956,0.00105739958803554,0.00105739958803554,0.00567877876028372,-0.0143230337705929,0.000335228886743002,0.000335228886743003,-0.0122130552633523,0.581750234922192,1.97340118901425,-2.30732265425,2.41088431081201,-2.30732265425,2.41088431081201,1.27455382380209,-7.01378523368398,8.67361737988404e-19,-1.26221891064851e-19,2.34013053853897e-19,0,0,0,0.00349834465260774,0.00567869514329042,0.00105725274737618,-0.0143226463588292,-0.0122125213151273,0.000335182333641108,3.88036238727049e-12,1.81999114744704e-08,2.02548639237086e-12,6.24382157278983e-20,1.73472347597681e-18,1.74765829363846e-13
NC_k0043,-0.0114035087719298,-0.0114035087719298,0.0683785924100783,-5.57654328332133,16.2178602357807,-2.73252037415882,21.0033028598296,5.53925938977245,-21.5493778333979,5.31905758315611,-23.1472691718851,1,480,0.172960700783923,0.18416189825356,0.117850457682369,0.216712186245038,4.19546006686896e-20,2.17475709207542e-19,0,-5.4315656870437e-19,0.00067579365550683,-0.00195857744915947,1,-3.52888211507925e-20,-1.76632850223356e-19,1,0.00349834465260774,0.00105725274737618,0.00105725274737618,0.00567869514329041,-0.0143226463588292,0.000335182333641108,0.000335182333641108,-0.0122125213151273,1,0,0,1,0.00349857968282956,0.00105739958803554,0.00105739958803554,0.00567877876028372,-0.0143230337705929,0.000335228886743002,0.000335228886743003,-0.0122130552633523,0.666077082561083,2.03021551673765,-2.24711672110698,2.34612586772035,-2.24711672110698,2.34612586772035,1.15864248039413,-7.2035909471504,8.67361737988404e-19,-5.1747085079511e-20,7.07219427192337e-19,0,0,0,0.00349834465260774,0.00567869514329042,0.00105725274737618,-0.0143226463588292,-0.0122125213151273,0.000335182333641108,3.89135110330736e-11,1.25472786804715e-08,5.91210755588171e-13,1.76632850223356e-19,3.46944695195361e-18,9.33593712094862e-15
NC_k0043,0.00526315789473684,0.00526315789473684,0.0684940679266521,-3.43590684660832,19.742105445625,-4.75343597712648,17.5273281257581,5.31969464596333,-22.7388538280394,5.41692544864228,-22.0048858593339,1,480,-0.0787434321424496,-0.086767945928579,-0.0546187547634397,-0.100176111517471,-8.28272490961598e-20,2.82412696015404e-19,0,-3.04157619958198e-19,0.000675445165952338,-0.00195805806039477,1,-2.79467239424526e-20,1.89050054542505e-20,1,0.00349834465260773,0.00105725274737618,0.00105725274737618,0.00567869514329041,-0.0143226463588292,0.000335182333641108,0.000335182333641108,-0.0122125213151273,1,0,0,1,0.00349857968282956,0.00105739958803554,0.00105739958803554,0.00567877876028372,-0.0143230337705929,0.000335228886743002,0.000335228886743003,-0.0122130552633523,0.679492534514125,2.03852162102869,-2.23759642209321,2.33595343276272,-2.23759642209321,2.33595343276272,1.14113992362552,-7.23377067366997,8.67361737988404e-19,3.55299173373491e-19,-3.43823552558113e-19,0,0,0,0.00349834465260774,0.00567869514329042,0.00105725274737618,-0.0143226463588292,-0.0122125213151273,0.000335182333641108,6.83520740573985e-11,1.30345305398082e-08,1.24869759834783e-12,2.79467239424526e-20,5.20417042793042e-18,3.84964678446078e-15
NC_k0043,0.0219298245614035,0.0219298245614035,0.067988905868261,-1.66336246786848,23.0824641092356,-7.04755309104448,13.9718932062945,5.39154352612813,-23.8306889372651,5.87935597627834,-20.6999419673359,1,480,-0.347827451708469,-0.328292711080659,-0.223119653720412,-0.414515130819471,1.95386678129926e-19,-8.40150804557859e-20,0,4.43433328416202e-19,0.00067698875355317,-0.00196036106753443,1,-3.11253372941309e-20,-7.94815530045629e-21,1,0.00349834465260774,0.00105725274737618,0.00105725274737618,0.00567869514329041,-0.0143226463588292,0.000335182333641108,0.000335182333641108,-0.0122125213151273,1,0,0,1,0.00349857968282956,0.00105739958803554,0.00105739958803554,0.00567877876028372,-0.0143230337705929,0.000335228886743002,0.000335228886743003,-0.0122130552633523,0.620736940754842,2.00060878307488,-2.27944546962499,2.38081324308753,-2.27944546962499,2.38081324308753,1.21971981549702,-7.10145082133452,1.73472347597681e-18,1.00970488127859e-19,-4.13250103661003e-20,0,0,0,0.00349834465260774,0.00567869514329042,0.00105725274737618,-0.0143226463588292,-0.0122125213151273,0.000335182333641108,1.04138868095416e-11,2.03974677714646e-08,1.25974388622452e-12,3.11253372941309e-20,6.93889390390723e-18,7.22579194535871e-14
NC_k0043,0.0385964912280702,0.0385964912280702,0.0669304737148893,-0.386118677596102,26.062434176057,-9.45767503306311,10.5068185949485,5.62466809401887,-24.8931633783304,6.80579966946899,-19.1463570434986,1,480,-0.684878384959048,-0.443389379400243,-0.372328362238562,-0.718573208444813,-9.5886776607147e-21,4.3100080380953e-19,0,-2.25535757096258e-19,0.000680374816035498,-0.00196550395835965,1,5.86508069160031e-21,-3.57916359998585e-20,1,0.00349834465260774,0.00105725274737618,0.00105725274737618,0.00567869514329041,-0.0143226463588292,0.000335182333641108,0.000335182333641108,-0.0122125213151273,1,0,0,1,0.00349857968282956,0.00105739958803554,0.00105739958803554,0.00567877876028372,-0.0143230337705929,0.000335228886743002,0.000335228886743003,-0.0122130552633523,0.495310942228367,1.90757830409385,-2.36989927354173,2.47884307773754,-2.36989927354173,2.47884307773754,1.40446879887104,-6.82050219620482,1.73472347597681e-18,3.19366664984612e-20,-2.54093060229484e-20,0,0,0,0.00349834465260774,0.00567869514329042,0.00105725274737618,-0.0143226463588292,-0.0122125213151273,0.000335182333641108,2.90498074012251e-12,7.15732716138261e-09,2.37481789594344e-12,3.57916359998585e-20,5.20417042793042e-18,1.72304796727119e-13
NC_k0044,-0.0447368421052632,-0.0447368421052632,0.525053746728117,-18.7278701171562,-12.0661761058297,-64.3889022937286,1.62320354019758,23.9693001026704,26.5668778922463,50.1765143059078,-16.0404887554839,1,480,-18.8687338796729,-27.2275146104576,-15.2117620017431,1.74133089652218,1.27341477452333e-18,1.83832619333785e-18,0,4.67582039219075e-19,-0.00132219631267096,0.000496008950339502,1,-2.00139534737347e-20,-7.73688097550007e-21,1,-0.00851380873607495,-0.00787971180468843,-0.00787971180468843,0.000459257358681309,0.00778578210790152,-0.0138707345613709,-0.0138707345613709,0.00349265014786155,1,-5.42101086242752e-20,-2.16840434497101e-19,1,-0.00851363700724141,-0.00788080620910574,-0.00788080620910574,0.000458805957924937,0.00778582884693513,-0.0138726610522822,-0.0138726610522822,0.00349299502105905,-9.039825151015,-28.1226356994449,0.000220946453335242,-0.329485360928581,0.000220946453335242,-0.329485360928581,-53.55603403337,1.22126849972251,2.60208521396521e-18,-1.98661411713317e-19,1.61964905861259e-19,0,0,0,-0.00851380873607495,0.000459257358681306,-0.00787971180468842,0.00778578210790153,0.00349265014786155,-0.0138707345613709,1.36093228486074e-13,2.77643623232778e-08,3.98950837814714e-13,2.00139534737347e-20,5.20417042793042e-18,4.86333632042458e-15
NC_k0044,-0.0280701754385965,-0.0280701754385965,0.527739642809463,-28.8113273539334,-6.81670948278403,-59.0661687420986,1.3659034213891,31.295394772953,16.9372062467301,47.5564847937049,-11.497105637293,1,480,-12.1618364841067,-17.6188890881232,-9.82763943883596,1.17467327050794,1.46891394921657e-18,2.48514172768491e-18,0,4.81452203730364e-19,-0.00131670016968873,0.000490945701831057,1,1.72573425774968e-19,-1.3966083063285e-19,1,-0.00851380873607495,-0.00787971180468842,-0.00787971180468842,0.000459257358681305,0.00778578210790152,-0.0138707345613709,-0.0138707345613709,0.00349265014786155,1,-5.42101086242752e-20,-2.16840434497101e-19,1,-0.00851363700724141,-0.00788080620910574,-0.00788080620910574,0.000458805957924937,0.00778582884693513,-0.0138726610522822,-0.0138726610522822,0.00349299502105905,-9.39123154783238,-28.4225561255404,-0.0859668597552302,-0.245218469377971,-0.0859668597552302,-0.245218469377971,-53.6658696681348,1.11110993351756,2.60208521396521e-18,6.54807575307784e-19,2.02228064917725e-19,0,0,0,-0.00851380873607495,0.000459257358681306,-0.00787971180468842,0.00778578210790153,0.00349265014786155,-0.0138707345613709,1.67161483621062e-13,2.32703027813122e-08,1.14906098442692e-12,1.72573425774968e-19,5.20417042793042e-18,3.47115858281826e-14
NC_k0044,-0.0114035087719298,-0.0114035087719298,0.529830427441507,-39.1599334251956,-2.74242305279413,-51.7693469104819,0.453920256189208,37.6718216873437,7.06616038956611,44.2013282713051,-4.82869052257032,1,480,-4.99839688880214,-7.25508243793683,-4.04364817782385,0.496118602973851,1.22433318569689e-18,1.20604256799212e-18,0,7.90036894326947e-19,-0.00131402961409561,0.000487955018857537,1,2.14515599600893e-19,1.40608801397423e-19,1,-0.00851380873607495,-0.00787971180468842,-0.00787971180468842,0.000459257358681307,0.00778578210790153,-0.0138707345613709,-0.0138707345613709,0.00349265014786155,1,-5.42101086242752e-20,-2.16840434497101e-19,1,-0.00851363700724141,-0.00788080620910574,-0.00788080620910574,0.000458805957924937,0.00778582884693513,-0.0138726610522822,-0.0138726610522822,0.00349299502105905,-9.60928181924467,-28.6141641451485,-0.126956615366994,-0.187734486856318,-0.126956615366994,-0.187734486856318,-53.7956535227825,1.04875425472493,2.60208521396521e-18,1.64772563963918e-19,-2.65096897022356e-19,0,0,0,-0.00851380873607495,0.000459257358681306,-0.00787971180468842,0.00778578210790153,0.00349265014786155,-0.0138707345613709,8.05487874839544e-13,1.61085751115399e-08,1.21518254100445e-12,2.14515599600893e-19,3.46944695195361e-18,3.24791782246023e-14
NC_k0044,0.00526315789473684,0.00526315789473684,0.530187819952636,-48.6363170547163,-0.151780438122874,-42.7919792320445,-1.61688968204814,42.6893172625547,-1.90092224761645,39.6822834737816,3.61373872856981,1,480,2.31073255565868,3.3547527122646,1.86961013841468,-0.230438323876496,1.08976082620186e-19,6.69208967890101e-19,0,1.66117719335349e-19,-0.00131363472450218,0.000487477375569013,1,1.98636461348148e-19,1.1673365183545e-19,1,-0.00851380873607495,-0.00787971180468842,-0.00787971180468842,0.000459257358681307,0.00778578210790152,-0.0138707345613709,-0.0138707345613709,0.00349265014786155,1,-5.42101086242752e-20,-2.16840434497101e-19,1,-0.00851363700724141,-0.00788080620910574,-0.00788080620910574,0.000458805957924937,0.00778582884693513,-0.0138726610522822,-0.0138726610522822,0.00349299502105905,-9.64493464832791,-28.6453134870852,-0.132866929622634,-0.17796437376523,-0.132866929622634,-0.17796437376523,-53.8195230427012,1.03878611703175,2.60208521396521e-18,5.14052305618771e-19,2.50042123385792e-19,0,0,0,-0.00851380873607495,0.000459257358681306,-0.00787971180468842,0.00778578210790153,0.00349265014786155,-0.0138707345613709,1.15835740040873e-12,2.22865847809211e-08,9.90008687059772e-13,1.98636461348148e-19,4.33680868994202e-18,1.36111192835554e-14
NC_k0044,0.0219298245614035,0.0219298245614035,0.528669585238941,-56.5965750376279,1.13562587356649,-32.668124753249,-5.14900164583999,46.431807257727,-9.2719255256802,33.7905762794333,13.2581371778152,1,480,9.55558499135253,13.8556616608455,7.72571139522535,-0.934515065566684,-6.38967244695162e-19,-2.39562093307197e-18,0,-4.45248162680143e-19,-0.00131542185489746,0.000489569894351313,1,2.61461969218941e-19,-4.42053331626974e-20,1,-0.00851380873607495,-0.00787971180468842,-0.00787971180468842,0.000459257358681306,0.00778578210790153,-0.0138707345613709,-0.0138707345613709,0.00349265014786155,1,-5.42101086242752e-20,-2.16840434497101e-19,1,-0.00851363700724141,-0.00788080620910574,-0.00788080620910574,0.000458805957924937,0.00778582884693513,-0.0138726610522822,-0.0138726610522822,0.00349299502105905,-9.49063521961113,-28.5100429897938,-0.105699994319531,-0.219519569803839,-0.105699994319531,-0.219519569803839,-53.7212004730153,1.08234984299653,2.60208521396521e-18,2.86498025500456e-19,-1.66081484889604e-19,0,0,0,-0.00851380873607495,0.000459257358681306,-0.00787971180468842,0.00778578210790153,0.00349265014786155,-0.0138707345613709,1.95335434400759e-13,2.9515597641271e-08,7.58114844712347e-13,2.61461969218941e-19,3.46944695195361e-18,1.05001597937904e-14
NC_k0044,0.0385964912280702,0.0385964912280702,0.525967621988427,-62.666912740706,1.56939125099376,-22.3139264151226,-10.0430153912821,49.265123763503,-14.6272921702555,26.7235258124272,23.1434523037271,1,480,16.4792809241832,23.8211946637592,13.299156944021,-1.54879577114898,-4.80320620652392e-19,-3.30274028002213e-18,0,6.49373486993809e-19,-0.00131979988768831,0.000493950969880721,1,2.69324161443136e-20,-4.465183301995e-19,1,-0.00851380873607495,-0.00787971180468843,-0.00787971180468843,0.000459257358681306,0.00778578210790152,-0.0138707345613709,-0.0138707345613709,0.00349265014786155,1,-5.42101086242752e-20,-2.16840434497101e-19,1,-0.00851363700724141,-0.00788080620910574,-0.00788080620910574,0.000458805957924937,0.00778582884693513,-0.0138726610522822,-0.0138726610522822,0.00349299502105905,-9.17963779016812,-28.2384405604356,-0.0372618552366923,-0.297037294000202,-0.0372618552366923,-0.297037294000202,-53.5788906353276,1.1753247559021,3.46944695195361e-18,-1.31724097248131e-19,4.68883465295014e-19,0,0,0,-0.00851380873607495,0.000459257358681306,-0.00787971180468842,0.00778578210790153,0.00349265014786155,-0.0138707345613709,1.17373864102194e-13,2.24455301764672e-08,2.01021621804659e-12,4.465183301995e-19,7.80625564189563e-18,2.40633490572643e-14
NC_k0045,-0.0447368421052632,-0.0447368421052632,0.545410464195894,-91.465941907368,-45.0337391179314,-78.19898774193,-77.5452596299439,74.1963359200994,47.0591656381262,97.0703597324981,82.3628315027988,1,480,7.48495554867679,24.9999950188341,10.7200336872786,0.905442960080886,-8.3080697235846e-19,2.24643725523681e-18,0,-4.38035147738681e-19,-0.000113744583451447,0.00139763718356051,1,-2.32335364867637e-20,5.18319359076498e-20,1,-0.00654149191567826,0.00237477066938528,0.00237477066938528,-0.000361188515241832,0.00375017741096736,0.0144696732013101,0.0144696732013101,0.0113138683691724,1,5.42101086242752e-20,0,1,-0.00654139716001212,0.00237510049864491,0.00237510049864491,-0.000361522947311831,0.00375070156769821,0.0144716828781436,0.0144716828781436,0.0113138672695867,-12.9826331574487,13.2115076567761,-4.54924174475402,12.7108237631696,-4.54924174475402,12.7108237631696,47.1100630192967,12.496787588282,8.67361737988404e-19,-6.67612055733261e-21,-4.79901381791016e-20,0,0,0,-0.00654149191567826,-0.000361188515241834,0.00237477066938528,0.00375017741096736,0.0113138683691724,0.0144696732013101,1.18043376389991e-13,2.70239234912547e-08,7.1657668832029e-13,5.18319359076498e-20,2.16840434497101e-18,7.12450684626469e-15
NC_k0045,-0.0280701754385965,-0.0280701754385965,0.550009835165492,-89.0085912277962,-53.3195242858963,-79.2311094267761,-74.043742489698,77.4665327002844,55.5161228166367,92.4161535159401,78.7767486918691,1,480,4.99572082571722,15.9598458289884,6.91533699605284,0.520392957741274,1.1684025413985e-18,3.34016854837893e-18,0,-1.62789144550436e-20,-0.000109771610196445,0.00139476766756005,1,-3.80774176628083e-20,4.19039652254133e-20,1,-0.00654149191567826,0.00237477066938528,0.00237477066938528,-0.000361188515241833,0.00375017741096737,0.0144696732013101,0.0144696732013101,0.0113138683691724,1,5.42101086242752e-20,0,1,-0.00654139716001212,0.00237510049864491,0.00237510049864491,-0.000361522947311831,0.00375070156769821,0.0144716828781436,0.0144716828781436,0.0113138672695867,-13.0074011711879,13.1987190818141,-4.44993255674786,12.5105561309865,-4.44993255674786,12.5105561309865,47.4950566674379,13.0017938239708,2.60208521396521e-18,2.11524540790374e-19,-3.66618306045347e-19,0,0,0,-0.00654149191567826,-0.000361188515241834,0.00237477066938528,0.00375017741096736,0.0113138683691724,0.0144696732013101,1.05757416608116e-13,2.35253314438223e-08,6.62844516778649e-13,4.19039652254133e-20,3.46944695195361e-18,3.97654590640815e-14
NC_k0045,-0.0114035087719298,-0.0114035087719298,0.552858532176681,-85.7522707241721,-60.9984115311284,-81.4747064038362,-69.4492353514789,81.3352600209323,63.884362245619,87.5509232117535,73.5374121543257,1,480,2.08834985015609,6.5243472182545,2.84219003257552,0.198715115358281,-2.12592034871029e-19,-3.73276831943129e-18,0,-6.75058789182076e-19,-0.000107173038682439,0.00139327882898532,1,-4.54887928903276e-20,-7.35166032568912e-20,1,-0.00654149191567826,0.00237477066938528,0.00237477066938528,-0.000361188515241833,0.00375017741096736,0.0144696732013101,0.0144696732013101,0.0113138683691724,1,5.42101086242752e-20,0,1,-0.00654139716001212,0.00237510049864491,0.00237510049864491,-0.000361522947311831,0.00375070156769821,0.0144716828781436,0.0144716828781436,0.0113138672695867,-13.0146220149381,13.2156391065175,-4.40022903637521,12.3953853893188,-4.40022903637521,12.3953853893188,47.7491609427457,13.2893729899864,1.0842021724855e-18,2.22276835145001e-19,1.86101119701726e-19,0,0,0,-0.00654149191567826,-0.000361188515241834,0.00237477066938528,0.00375017741096736,0.0113138683691724,0.0144696732013101,3.30258457147069e-13,1.07019859712602e-08,3.15018581643544e-13,7.35166032568912e-20,1.73472347597681e-18,1.92782428344534e-14
NC_k0045,0.00526315789473684,0.00526315789473684,0.553313364601134,-82.5281568465769,-67.4282494848477,-84.5259652756634,-63.5269225520895,85.7961593972459,71.2020261978497,82.9170222387748,66.7317475087024,1,480,-0.967827650244466,-3.01354728646417,-1.31385372911387,-0.090689718607689,1.8032537353656e-20,-1.07207901342793e-18,0,-3.38019085513669e-20,-0.000106744264500662,0.00139304879615269,1,-1.18089038732663e-20,-1.14376616714885e-19,1,-0.00654149191567826,0.00237477066938528,0.00237477066938528,-0.000361188515241832,0.00375017741096736,0.0144696732013101,0.0144696732013101,0.0113138683691724,1,5.42101086242752e-20,0,1,-0.00654139716001212,0.00237510049864491,0.00237510049864491,-0.000361522947311831,0.00375070156769821,0.0144716828781436,0.0144716828781436,0.0113138672695867,-13.0150104686634,13.2196504768042,-4.39276760590325,12.3768048611443,-4.39276760590325,12.3768048611443,47.7906809169273,13.3347377484693,1.30104260698261e-18,-2.91445532257786e-19,4.21025074572183e-19,0,0,0,-0.00654149191567826,-0.000361188515241834,0.00237477066938528,0.00375017741096736,0.0113138683691724,0.0144696732013101,1.95169245283524e-12,2.10183875040424e-08,4.52227737265166e-13,1.14376616714885e-19,6.07153216591882e-18,2.60844943272448e-15
NC_k0045,0.0219298245614035,0.0219298245614035,0.551321681496652,-79.9380575273028,-72.4949620828043,-87.8552185300034,-56.2700077396864,90.6236576212704,77.0390957598454,78.8197027884268,58.6767255216852,1,480,-3.95714103650688,-12.5082489383352,-5.43357869169795,-0.395617793027177,-7.83055489956999e-19,-2.19423884986227e-18,0,4.59210971420038e-19,-0.000108596795873493,0.00139406508789193,1,-2.90797171445771e-20,-1.02171439455384e-19,1,-0.00654149191567826,0.00237477066938528,0.00237477066938528,-0.000361188515241833,0.00375017741096736,0.0144696732013101,0.0144696732013101,0.0113138683691724,1,5.42101086242752e-20,0,1,-0.00654139716001212,0.00237510049864491,0.00237510049864491,-0.000361522947311831,0.00375070156769821,0.0144716828781436,0.0144716828781436,0.0113138672695867,-13.011754257136,13.204606200738,-4.42636812611245,12.4576689422325,-4.42636812611245,12.4576689422325,47.6107853918273,13.1351272932668,2.60208521396521e-18,1.39241886230755e-19,1.49704691385836e-19,0,0,0,-0.00654149191567826,-0.000361188515241834,0.00237477066938528,0.00375017741096736,0.0113138683691724,0.0144696732013101,6.79398943975753e-13,1.98913075441665e-08,6.04390709662368e-13,1.02171439455384e-19,3.46944695195361e-18,4.22887114721061e-15
NC_k0045,0.0385964912280702,0.0385964912280702,0.547199613294543,-78.4142588337107,-76.3598673522826,-90.7095422734764,-48.0819156807469,95.408469562266,81.2294396343198,75.3351578328993,50.0903867682223,1,480,-6.63694399553727,-21.7487428961236,-9.36727667424805,-0.756025481553961,-6.95758156830603e-19,-1.60226869884992e-18,0,2.36110434047136e-20,-0.000112213633746513,0.0013964171062455,1,-1.8780464024379e-21,3.37963664210412e-19,1,-0.00654149191567826,0.00237477066938528,0.00237477066938528,-0.000361188515241833,0.00375017741096737,0.0144696732013101,0.0144696732013101,0.0113138683691724,1,5.42101086242752e-20,0,1,-0.00654139716001212,0.00237510049864491,0.00237510049864491,-0.000361522947311831,0.00375070156769821,0.0144716828781436,0.0144716828781436,0.0113138672695867,-12.9935086663823,13.1987712472041,-4.50635296052004,12.627403235567,-4.50635296052004,12.627403235567,47.2553760842329,12.7044119764491,8.67361737988404e-19,-2.00232565212259e-19,-3.97179380764831e-19,0,0,0,-0.00654149191567826,-0.000361188515241834,0.00237477066938528,0.00375017741096736,0.0113138683691724,0.0144696732013101,3.52841614012405e-14,2.32229072466565e-08,1.92275508830639e-12,3.37963664210412e-19,4.33680868994202e-18,4.32159487141064e-14
NC_k0046,-0.0447368421052632,-0.0447368421052632,0.548119582228091,-158.036163069357,-57.536507018639,-167.081769375071,-69.1453969924417,138.644252270209,64.0000008154602,188.254789802878,64.2154963820304,1,480,-4.56951120165602,13.734666366232,3.02450120431009,4.34799082579631,1.65700820306623e-18,1.1839403020247e-18,0,8.95287355468194e-19,0.000571882033432022,0.00027164569222863,1,1.71101539948697e-20,1.64472354208593e-20,1,-0.00666227389545113,-0.00203310119108945,-0.00203310119108945,0.0148185363540503,-0.00281435699595961,0.00978930193875319,0.00978930193875319,0.00530476659841745,1,0,0,1,-0.00666138643220534,-0.00203338356625488,-0.00203338356625488,0.0148179320943621,-0.00281403184566809,0.00979066156402246,0.00979066156402246,0.00530452792068158,-23.9720850771835,-3.34643464422879,-7.99728619073004,23.8114363560301,-7.99728619073004,23.8114363560301,25.6542559586346,10.1559984478004,8.67361737988404e-19,-1.60171631039592e-20,1.26204239283777e-19,0,0,0,-0.00666227389545113,0.0148185363540504,-0.00203310119108945,-0.0028143569959596,0.00530476659841745,0.00978930193875319,1.48087221551584e-13,3.81855166064695e-08,4.87721697268091e-13,1.71101539948697e-20,3.46944695195361e-18,2.02551242579609e-14
NC_k0046,-0.0280701754385965,-0.0280701754385965,0.544135708418798,-160.513317082522,-60.1198527836464,-165.099518636632,-67.9360338939715,147.751073466622,64.6341643900172,179.619550526214,65.0290418698381,1,480,-2.83474183622127,8.71198667320389,1.93949079620428,2.73823707502307,2.01424434857073e-18,-2.0731660779641e-18,0,-6.42315671814777e-19,0.000575329094583653,0.000272073728094842,1,6.3009329600988e-20,3.31297986714185e-20,1,-0.00666227389545114,-0.00203310119108945,-0.00203310119108945,0.0148185363540503,-0.0028143569959596,0.00978930193875319,0.00978930193875319,0.00530476659841745,1,0,0,1,-0.00666138643220534,-0.00203338356625488,-0.00203338356625488,0.0148179320943621,-0.00281403184566809,0.00979066156402246,0.00979066156402246,0.00530452792068158,-23.9538710449345,-3.3650390678158,-7.78709166713664,23.3940045840856,-7.78709166713664,23.3940045840856,25.8526410849934,10.4321100762331,8.67361737988404e-19,7.05405621866629e-19,-4.92092817572628e-19,0,0,0,-0.00666227389545113,0.0148185363540504,-0.00203310119108945,-0.0028143569959596,0.00530476659841745,0.00978930193875319,1.48692631626379e-13,2.01123307616876e-08,4.46409872524134e-13,6.3009329600988e-20,6.93889390390723e-18,4.48875274382005e-15
NC_k0046,-0.0114035087719298,-0.0114035087719298,0.542049523812378,-162.124006110161,-62.930726810412,-163.745503191736,-66.2037790978977,157.257473059637,65.2906708840127,170.356372473406,65.4887686674235,1,480,-1.14509675808718,3.54772967593046,0.792868862888291,1.11136247179663,7.64156067321387e-19,3.38003203645908e-18,0,9.10560418298373e-21,0.000577564940398064,0.000272248106504063,1,4.59127012370025e-20,-1.17265224398922e-19,1,-0.00666227389545114,-0.00203310119108945,-0.00203310119108945,0.0148185363540504,-0.0028143569959596,0.00978930193875319,0.00978930193875319,0.00530476659841745,1,0,0,1,-0.00666138643220534,-0.00203338356625488,-0.00203338356625488,0.0148179320943621,-0.00281403184566809,0.00979066156402246,0.00979066156402246,0.00530452792068158,-23.9467025818466,-3.37602178284379,-7.67078791535323,23.1656472801955,-7.67078791535323,23.1656472801955,25.9788263141043,10.5830975365004,1.30104260698261e-18,1.2583996608056e-19,-3.4097320021207e-19,0,0,0,-0.00666227389545113,0.0148185363540504,-0.00203310119108945,-0.0028143569959596,0.00530476659841745,0.00978930193875319,4.59018944867348e-13,1.06788516175364e-08,2.89074859845291e-12,1.17265224398922e-19,2.60208521396521e-18,1.00361545978339e-14
NC_k0046,0.00526315789473684,0.00526315789473684,0.541720598001049,-163.317697652577,-65.4187280515814,-162.587425744139,-63.9019902012576,166.850938868083,65.5326225608205,160.794973742376,65.4380116462034,1,480,0.528115211810621,-1.63768237588822,-0.366157164145612,-0.512765424177709,-2.60698212319152e-18,4.24839962607235e-19,0,4.27592819685811e-19,0.000577932648810612,0.00027226690885276,1,8.48659383288314e-20,-9.51807377795616e-20,1,-0.00666227389545114,-0.00203310119108945,-0.00203310119108945,0.0148185363540503,-0.0028143569959596,0.00978930193875319,0.00978930193875319,0.00530476659841745,1,0,0,1,-0.00666138643220534,-0.00203338356625488,-0.00203338356625488,0.0148179320943621,-0.00281403184566809,0.00979066156402246,0.00979066156402246,0.00530452792068158,-23.9453159796957,-3.37776060067836,-7.65249886096484,23.1296621228488,-7.65249886096484,23.1296621228488,25.9990781086167,10.6064292689079,8.67361737988404e-19,7.88905169963413e-19,-6.34600838712674e-19,0,0,0,-0.00666227389545113,0.0148185363540504,-0.00203310119108945,-0.0028143569959596,0.00530476659841745,0.00978930193875319,2.35985097331472e-12,1.76147165649465e-08,1.70941668685196e-12,9.51807377795616e-20,6.07153216591882e-18,1.74202268552018e-14
NC_k0046,0.0219298245614035,0.0219298245614035,0.543167125328223,-164.552816772997,-67.3655714268143,-161.187098779651,-61.1687798225593,176.263397064742,65.2522784508223,151.229055990996,64.905676448159,1,480,2.20859631999224,-6.81573244820935,-1.52035492231165,-2.13896222765395,1.44270886741089e-18,-3.41343689831642e-18,0,6.84905547193907e-19,0.000576344957304835,0.000272158051358883,1,1.69963028845414e-19,-3.61067962443644e-20,1,-0.00666227389545114,-0.00203310119108945,-0.00203310119108945,0.0148185363540503,-0.0028143569959596,0.00978930193875319,0.00978930193875319,0.00530476659841745,1,0,0,1,-0.00666138643220534,-0.00203338356625488,-0.00203338356625488,0.0148179320943621,-0.00281403184566809,0.00979066156402246,0.00979066156402246,0.00530452792068158,-23.9508301068669,-3.37025647746616,-7.73309289775799,23.2880092764389,-7.73309289775799,23.2880092764389,25.910639615478,10.5027604587742,1.0842021724855e-18,1.17358293427053e-18,-4.92092817572628e-19,0,0,0,-0.00666227389545113,0.0148185363540504,-0.00203310119108945,-0.0028143569959596,0.00530476659841745,0.00978930193875319,6.17162282654583e-13,2.08547199466131e-08,2.41381035192196e-12,1.69963028845414e-19,8.67361737988404e-18,8.78911624668629e-15
NC_k0046,0.0385964912280702,0.0385964912280702,0.546384695642059,-166.246052890326,-68.7488054111422,-159.065832040142,-58.4071316911749,185.163981935386,64.5370019806658,141.918571511504,64.1834570829325,1,480,3.92387657590926,-11.9183129060942,-2.63816398896105,-3.7607193113597,-3.49133745968422e-18,1.28129615139974e-18,0,1.4709256524663e-19,0.000573201957989824,0.000271849339504661,1,3.67591425195906e-20,2.39391785026707e-19,1,-0.00666227389545113,-0.00203310119108945,-0.00203310119108945,0.0148185363540503,-0.0028143569959596,0.00978930193875319,0.00978930193875319,0.00530476659841745,1,0,0,1,-0.00666138643220534,-0.00203338356625488,-0.00203338356625488,0.0148179320943621,-0.00281403184566809,0.00979066156402246,0.00979066156402246,0.00530452792068158,-23.9619184144874,-3.35361041118871,-7.90937975600169,23.635023600536,-7.90937975600169,23.635023600536,25.7299249822512,10.2709647165049,1.30104260698261e-18,-1.02581880695717e-19,-4.62777488882586e-19,0,0,0,-0.00666227389545113,0.0148185363540504,-0.00203310119108945,-0.0028143569959596,0.00530476659841745,0.00978930193875319,2.40259443402348e-13,2.48593839415199e-08,1.72216320175981e-12,2.39391785026707e-19,3.90312782094782e-18,1.17852743573995e-14
NC_k0047,-0.0447368421052632,-0.0447368421052632,0.577167679936985,-13.4909167373027,81.8672014786612,6.35833546200046,101.775479025341,1.61358697350183,-101.29010693093,5.70909423578192,-76.8404343755939,1,480,22.1355131012668,14.4272876908518,12.0657242613992,3.80109308865499,-2.45851312940561e-18,-2.60846443084922e-19,0,1.71675049562725e-18,-0.00044495211626726,0.00103770138192615,1,-1.33655232920195e-19,6.94107728978537e-21,1,-0.00322042004354662,0.0129470972600951,0.0129470972600951,-0.00756834716060175,0.00988741323463333,0.00818138711367098,0.00818138711367098,-0.000160165418325992,1,0,0,1,-0.00322075831822437,0.0129488954680479,0.0129488954680479,-0.00756838349589637,0.0098872332362047,0.00818252341743677,0.00818252341743677,-0.000159647668237061,-1.14740403338411,42.0805911408113,15.9133022052329,0.132405038642133,15.9133022052329,0.132405038642133,29.3956872421546,-11.6602726319241,1.73472347597681e-18,1.03533718433096e-18,2.34165227016439e-19,0,0,0,-0.00322042004354662,-0.00756834716060175,0.0129470972600951,0.00988741323463333,-0.000160165418325989,0.00818138711367098,1.69165277548566e-13,3.07695400406629e-08,1.86220544653495e-12,1.33655232920195e-19,3.46944695195361e-18,9.81021221806198e-15
NC_k0047,-0.0280701754385965,-0.0280701754385965,0.575308730357141,-8.8306642093507,83.4374782836213,5.18314895716757,96.6286520833074,0.553074880553678,-95.9314525108643,3.37182183025923,-78.5968304105409,1,480,14.2766817595682,9.32029107751003,7.78700103623586,2.35293691770103,-1.45049098261379e-18,-1.64503062779646e-18,0,7.59444446552285e-19,-0.000440503534897465,0.0010380917424657,1,-2.99895677052332e-19,-7.75915401146214e-21,1,-0.00322042004354662,0.0129470972600951,0.0129470972600951,-0.00756834716060175,0.00988741323463333,0.00818138711367098,0.00818138711367098,-0.000160165418325989,1,0,0,1,-0.00322075831822437,0.0129488954680479,0.0129488954680479,-0.00756838349589637,0.0098872332362047,0.00818252341743677,0.00818252341743677,-0.000159647668237061,-0.983431331764274,42.2154437716802,15.6186822983948,0.215862127880693,15.6186822983948,0.215862127880693,29.6142233944046,-11.3645913206059,1.30104260698261e-18,5.51135675086898e-20,-3.00078944757521e-19,0,0,0,-0.00322042004354662,-0.00756834716060175,0.0129470972600951,0.00988741323463333,-0.000160165418325989,0.00818138711367098,3.04775728099057e-13,2.3722928502068e-08,2.03906418373017e-12,2.99895677052332e-19,3.46944695195361e-18,6.5612741203879e-15
NC_k0047,-0.0114035087719298,-0.0114035087719298,0.57464074863501,-3.63617105543019,86.1041846578785,2.37748156239966,91.6377861666669,0.1735170703146,-89.8256945224915,1.40364021699664,-82.3651236711763,1,480,5.86615958736131,3.83096035174397,3.20004957990472,0.945201165092639,-6.22569216231911e-19,-3.89170280232723e-19,0,-8.91184539629931e-19,-0.000437872461565161,0.00103867769364457,1,-4.283330480241e-19,-4.81868334726103e-21,1,-0.00322042004354662,0.0129470972600951,0.0129470972600951,-0.00756834716060175,0.00988741323463333,0.00818138711367098,0.00818138711367098,-0.000160165418325989,1,0,0,1,-0.00322075831822437,0.0129488954680479,0.0129488954680479,-0.00756838349589637,0.0098872332362047,0.00818252341743677,0.00818252341743677,-0.000159647668237061,-0.892709943035492,42.3345842219386,15.4522525220856,0.258258409318923,15.4522525220856,0.258258409318923,29.7627596988163,-11.194711409192,1.73472347597681e-18,4.63794415895124e-19,-2.30965055862334e-19,0,0,0,-0.00322042004354662,-0.00756834716060175,0.0129470972600951,0.00988741323463333,-0.000160165418325989,0.00818138711367098,6.53189308580057e-13,9.42227320206032e-09,1.04705976760151e-12,4.283330480241e-19,1.73472347597681e-18,3.26513028544075e-14
NC_k0047,0.00526315789473684,0.00526315789473684,0.574548588468208,0.970910842094995,89.9600768293458,-1.82909824145964,87.3933243599127,0.877690748750746,-84.1645611146006,0.302980879292621,-87.6378390291113,1,480,-2.71172467930537,-1.77080211332949,-1.47923384156952,-0.435280291084988,7.4485959799175e-20,1.44226218988011e-18,0,9.2533055531612e-19,-0.00043745350043865,0.00103879156137125,1,-1.81115453816673e-19,-6.96679357738539e-20,1,-0.00322042004354662,0.0129470972600951,0.0129470972600951,-0.00756834716060175,0.00988741323463333,0.00818138711367098,0.00818138711367098,-0.000160165418325989,1,0,0,1,-0.00322075831822437,0.0129488954680479,0.0129488954680479,-0.00756838349589637,0.0098872332362047,0.00818252341743677,0.00818252341743677,-0.000159647668237061,-0.878417321655823,42.3553651246444,15.4256776952109,0.264559218066712,15.4256776952109,0.264559218066712,29.7872042999288,-11.1674064079329,1.73472347597681e-18,2.36769904903197e-19,-3.17299356947885e-19,0,0,0,-0.00322042004354662,-0.00756834716060175,0.0129470972600951,0.00988741323463333,-0.000160165418325989,0.00818138711367098,2.46419202937873e-12,2.17351077342481e-08,1.8863515112055e-12,1.81115453816673e-19,3.03576608295941e-18,1.68113550500409e-14
NC_k0047,0.0219298245614035,0.0219298245614035,0.574979524857394,4.3319055817145,94.7383598064686,-6.90985408605004,84.2803093403898,2.57265282643515,-79.7753349581301,0.299945813537761,-93.697683770808,1,480,-11.2164531168529,-7.3238794160239,-6.1183097358494,-1.82918875911829,1.31475395281628e-18,9.23636489421611e-19,0,3.41843968666114e-18,-0.000439294689315484,0.00103833427028095,1,-4.2258744196031e-19,-6.87270062827728e-20,1,-0.00322042004354662,0.0129470972600951,0.0129470972600951,-0.00756834716060175,0.00988741323463333,0.00818138711367098,0.00818138711367098,-0.00016016541832599,1,0,0,1,-0.00322075831822437,0.0129488954680479,0.0129488954680479,-0.00756838349589637,0.0098872332362047,0.00818252341743677,0.00818252341743677,-0.000159647668237061,-0.941334847906548,42.2678855569791,15.5419326145786,0.235989128522206,15.5419326145786,0.235989128522206,29.6815611903767,-11.2864610462219,1.73472347597681e-18,1.70433826357355e-19,-1.55513635638285e-19,0,0,0,-0.00322042004354662,-0.00756834716060175,0.0129470972600951,0.00988741323463333,-0.000160165418325989,0.00818138711367098,3.07535983218035e-13,2.76247264618454e-08,1.62663949487582e-12,4.2258744196031e-19,4.33680868994202e-18,2.1819072916337e-14
NC_k0047,0.0385964912280702,0.0385964912280702,0.57624495025559,6.1167965104816,99.9004443621333,-11.9256132283646,82.3373076942841,4.84406162510526,-77.2270275593709,1.19283845345401,-99.490049561815,1,480,-19.3420269330962,-12.6168592318528,-10.546432434433,-3.2650702312644,-1.5505996890674e-19,-1.38944505340737e-18,0,-1.97311031106969e-18,-0.000443146098806156,0.00103774226461765,1,-1.27909626856405e-19,2.31546159387306e-19,1,-0.00322042004354662,0.0129470972600951,0.0129470972600951,-0.00756834716060175,0.00988741323463333,0.00818138711367098,0.00818138711367098,-0.000160165418325988,1,0,0,1,-0.00322075831822437,0.0129488954680479,0.0129488954680479,-0.00756838349589637,0.0098872332362047,0.00818252341743677,0.00818252341743677,-0.000159647668237061,-1.0786326236594,42.1209910952489,15.7901063745647,0.167836891955907,15.7901063745647,0.167836891955907,29.4768496171486,-11.5375805372624,1.73472347597681e-18,7.53315313774233e-19,4.08751527138849e-20,0,0,0,-0.00322042004354662,-0.00756834716060175,0.0129470972600951,0.00988741323463333,-0.000160165418325989,0.00818138711367098,3.29840590687501e-13,2.02766366003568e-08,1.32025250302636e-12,2.31546159387306e-19,1.73472347597681e-18,2.36978097540508e-14
NC_k0048,-0.0447368421052632,-0.0447368421052632,0.521041563353092,-100.24726951313,43.909366217582,-90.5839655018045,85.6344145183227,78.048016492753,-60.0273100392989,107.525155587868,-69.1328479378434,1,480,18.5375660460063,-3.73692734551617,4.88421077116175,6.37255317898266,-5.91837802114341e-19,-7.77417426901838e-20,0,-7.92108154580779e-19,-0.000859210119803545,-0.000534730099548706,1,-2.73783016057073e-20,-9.13918113678958e-20,1,-0.00959817720777239,0.0143184260441408,0.0143184260441408,0.00264488798011918,-0.00547214519221273,-0.00197937105098254,-0.00197937105098254,-0.00787400499854833,1,0,0,1,-0.00959787281816913,0.0143204147144248,0.0143204147144248,0.00264434215686218,-0.00547246029411905,-0.00197964596362851,-0.00197964596362851,-0.00787415330463476,-16.040002657047,48.1244792052652,9.29544618662965,8.8172568055342,9.29544618662965,8.8172568055342,-12.9677980637129,-10.8325144688137,3.46944695195361e-18,3.18657299357824e-19,9.54281053098238e-20,0,0,0,-0.00959817720777239,0.00264488798011918,0.0143184260441408,-0.00547214519221274,-0.00787400499854834,-0.00197937105098254,2.57624725429175e-13,2.89551487128394e-08,1.03009907364513e-12,9.13918113678958e-20,5.20417042793042e-18,1.32108131803899e-14
NC_k0048,-0.0280701754385965,-0.0280701754385965,0.52037377390549,-97.510839526964,51.4693569378827,-89.9913314934842,78.4327535409662,81.487905211066,-62.5048342669824,100.771737902284,-67.042294813309,1,480,11.8874349966749,-2.31209002273597,3.15986384139984,4.02383743060056,-5.67538544439983e-19,3.69941639713316e-19,0,9.73982010224039e-19,-0.000851013842880666,-0.000534568182915015,1,-2.95355735763767e-19,-6.73880678097659e-20,1,-0.0095981772077724,0.0143184260441408,0.0143184260441408,0.00264488798011918,-0.00547214519221273,-0.00197937105098254,-0.00197937105098254,-0.00787400499854833,1,0,0,1,-0.00959787281816913,0.0143204147144248,0.0143204147144248,0.00264434215686218,-0.00547246029411905,-0.00197964596362851,-0.00197964596362851,-0.00787415330463476,-15.936988240659,48.1860217967576,9.0753966366285,8.78548893567459,9.0753966366285,8.78548893567459,-13.0152786972808,-10.9145264074338,1.73472347597681e-18,3.92542777727472e-19,1.72019645316291e-19,0,0,0,-0.00959817720777239,0.00264488798011918,0.0143184260441408,-0.00547214519221274,-0.00787400499854834,-0.00197937105098254,3.25611164573001e-13,2.06888278799096e-08,4.8308301216735e-13,2.95355735763767e-19,3.46944695195361e-18,1.72814368256326e-14
NC_k0048,-0.0114035087719298,-0.0114035087719298,0.520460246473779,-94.4038233255747,59.3905597464698,-91.0267236453456,70.5111181171756,86.0853820036787,-63.994016590698,94.1078760338088,-65.5624999441829,1,480,4.86654449906388,-0.932680421182287,1.29817514570095,1.63675656919167,1.24220028692803e-18,6.68388404722448e-19,0,5.51868434915778e-19,-0.000846580352756626,-0.000534201106698928,1,-2.36372141538294e-19,-1.23195135029966e-19,1,-0.0095981772077724,0.0143184260441408,0.0143184260441408,0.00264488798011918,-0.00547214519221274,-0.00197937105098254,-0.00197937105098254,-0.00787400499854833,1,0,0,1,-0.00959787281816913,0.0143204147144248,0.0143204147144248,0.00264434215686218,-0.00547246029411905,-0.00197964596362851,-0.00197964596362851,-0.00787415330463476,-15.903002131477,48.2700297389635,8.95199574305489,8.7729310876848,8.95199574305489,8.7729310876848,-13.0640955774588,-10.9525848168581,2.60208521396521e-18,-2.34225857418909e-19,2.75544344681771e-19,0,0,0,-0.00959817720777239,0.00264488798011918,0.0143184260441408,-0.00547214519221274,-0.00787400499854834,-0.00197937105098254,6.55382624315193e-13,1.31240348158282e-08,1.15220695357808e-12,2.36372141538294e-19,6.93889390390723e-18,2.60245061792809e-14
NC_k0048,0.00526315789473684,0.00526315789473684,0.52049351921991,-91.7537995551614,67.5147487107758,-93.3348170507273,62.37075192301,91.7846307988376,-65.1232377545648,88.0684140460375,-64.4186828096097,1,480,-2.24823828338855,0.43002826196176,-0.600009307070839,-0.755422312907845,1.97676314065472e-19,-8.98384319681592e-19,0,5.81408708951272e-19,-0.00084589814091253,-0.000534125158526216,1,-2.16165580231225e-19,-2.32861935665333e-20,1,-0.00959817720777239,0.0143184260441408,0.0143184260441408,0.00264488798011918,-0.00547214519221273,-0.00197937105098254,-0.00197937105098254,-0.00787400499854833,1,0,0,1,-0.00959787281816913,0.0143204147144248,0.0143204147144248,0.00264434215686218,-0.00547246029411905,-0.00197964596362851,-0.00197964596362851,-0.00787415330463476,-15.8989079896248,48.2855055624368,8.93241376927459,8.77111551023575,8.93241376927459,8.77111551023575,-13.0730984595215,-10.9577740035447,1.73472347597681e-18,1.21551642303764e-19,-6.66974808654856e-19,0,0,0,-0.00959817720777239,0.00264488798011918,0.0143184260441408,-0.00547214519221274,-0.00787400499854834,-0.00197937105098254,1.90209244182331e-12,2.23537223741913e-08,5.92206229742749e-13,2.16165580231225e-19,6.07153216591882e-18,2.60228425528277e-14
NC_k0048,0.0219298245614035,0.0219298245614035,0.5203855187829,-90.1990799588705,75.5697288537286,-96.3634520018948,54.3550705456509,98.2760100601071,-66.4367512556613,83.0442708498374,-63.1360534742727,1,480,-9.32369606421458,1.80026200977247,-2.48273323796592,-3.14602133366768,8.31151079493282e-19,-1.39355448669054e-18,0,-7.54759295562785e-19,-0.000848939280557777,-0.000534423262312531,1,-3.37490945598917e-19,-4.20377734168655e-21,1,-0.0095981772077724,0.0143184260441408,0.0143184260441408,0.00264488798011918,-0.00547214519221274,-0.00197937105098254,-0.00197937105098254,-0.00787400499854833,1,0,0,1,-0.00959787281816913,0.0143204147144248,0.0143204147144248,0.00264434215686218,-0.00547246029411905,-0.00197964596362851,-0.00197964596362851,-0.00787415330463476,-15.9194095423352,48.2217801068038,9.01836651999583,8.77935196776517,9.01836651999583,8.77935196776517,-13.0361259836368,-10.9332660562989,1.73472347597681e-18,3.92542777727472e-19,-7.24134263995141e-20,0,0,0,-0.00959817720777239,0.00264488798011918,0.0143184260441408,-0.00547214519221274,-0.00787400499854834,-0.00197937105098254,6.03569488801655e-13,1.62488765128039e-08,1.00410967471307e-12,3.37490945598917e-19,5.20417042793042e-18,3.84023262022977e-15
NC_k0048,0.0385964912280702,0.0385964912280702,0.520594317293183,-90.1631236699436,83.0989830881349,-99.3349649342829,46.6375768348223,105.062437520576,-68.2823387740872,79.1854699290004,-61.0851667635092,1,480,-16.1622447150093,3.20553040194807,-4.27571572331021,-5.51678551999412,2.0933889895798e-18,1.24042681169472e-18,0,-1.66164041449652e-18,-0.000855772038234324,-0.000534753004218564,1,2.88478061846923e-20,-1.19638862435619e-19,1,-0.00959817720777239,0.0143184260441408,0.0143184260441408,0.00264488798011918,-0.00547214519221273,-0.00197937105098254,-0.00197937105098254,-0.00787400499854833,1,0,0,1,-0.00959787281816913,0.0143204147144248,0.0143204147144248,0.00264434215686218,-0.00547246029411905,-0.00197964596362851,-0.00197964596362851,-0.00787415330463476,-15.989589568166,48.1323300919754,9.20332635296898,8.80197276116974,9.20332635296898,8.80197276116974,-12.9808329615297,-10.8676019384322,2.60208521396521e-18,-1.08813598694128e-19,2.38660618085537e-19,0,0,0,-0.00959817720777239,0.00264488798011918,0.0143184260441408,-0.00547214519221274,-0.00787400499854834,-0.00197937105098254,4.09296665566712e-13,1.67510433139863e-08,1.04629601892384e-12,1.19638862435619e-19,5.20417042793042e-18,3.60410563329268e-14
NC_k0049,-0.0447368421052632,-0.0447368421052632,0.26353110546854,42.8453664689522,-27.4975381091837,91.8535853793555,-50.8685353881088,-48.1587026633742,19.3404654105297,-85.9063278714946,60.2847728197237,1,480,21.3298326680152,12.4967604837292,11.1627757400758,-5.08884968147053,-1.02300404204638e-18,3.54628872213734e-19,0,-4.52447942731805e-19,-0.000364211366263212,-0.00047755060656986,1,-7.10439209312447e-20,-5.6277140026325e-20,1,0.00157454726667927,0.00976867116296737,0.00976867116296737,-0.0112931204706938,-0.0126793367371586,0.00350337763604774,0.00350337763604774,-0.00123290700954227,1,-2.16840434497101e-19,0,1,0.00157393174743137,0.00977002792285111,0.00977002792285111,-0.0112928424019044,-0.0126791808236915,0.00350386421627497,0.00350386421627497,-0.00123354598702842,10.1932444133681,37.9746614312414,-4.91269705668544,-9.39880097984371,-4.91269705668544,-9.39880097984371,17.027121580827,5.7712563834817,1.73472347597681e-18,2.55635996664173e-19,-3.83087967812852e-19,0,0,0,0.00157454726667927,-0.0112931204706938,0.00976867116296737,-0.0126793367371587,-0.00123290700954228,0.00350337763604774,2.23524573828452e-13,2.49496640353594e-08,5.33089901656994e-13,7.10439209312447e-20,7.15573433840433e-18,9.47896378670492e-15
NC_k0049,-0.0280701754385965,-0.0280701754385965,0.263558066881608,53.9564453773761,-33.8350748304047,85.7142642027179,-48.0069068493931,-57.7983779010514,28.1946706868127,-81.1965210610681,54.9260406134404,1,480,13.7556639654591,8.16018158538563,7.23222903177884,-3.27038636119341,-1.2978662334304e-18,1.35313513323874e-19,0,1.55298196923156e-19,-0.000365148732156979,-0.000479256512184468,1,-2.55684864049946e-19,6.60428851232181e-20,1,0.00157454726667927,0.00976867116296737,0.00976867116296737,-0.0112931204706938,-0.0126793367371587,0.00350337763604774,0.00350337763604774,-0.00123290700954228,1,-2.16840434497101e-19,0,1,0.00157393174743137,0.00977002792285111,0.00977002792285111,-0.0112928424019044,-0.0126791808236915,0.00350386421627497,0.00350386421627497,-0.00123354598702842,10.2751273092619,38.0880276719088,-4.88116823916812,-9.24211815535274,-4.88116823916812,-9.24211815535274,17.0461572634646,5.72003716661185,1.73472347597681e-18,-6.02638410971551e-19,5.58331926646544e-19,0,0,0,0.00157454726667927,-0.0112931204706938,0.00976867116296737,-0.0126793367371587,-0.00123290700954228,0.00350337763604774,1.720096765974e-13,2.92786391665229e-08,3.82305005387839e-13,2.55684864049946e-19,6.93889390390723e-18,2.16940754061152e-14
NC_k0049,-0.0114035087719298,-0.0114035087719298,0.263889151150287,64.7783432145723,-39.1637311502709,77.8830342436983,-44.7891523662268,-66.2786062157487,37.0814563946925,-75.6867833443493,48.1596329857444,1,480,5.65691997051066,3.37889950875757,2.98182042815851,-1.34333695666455,-1.14974134677931e-18,-4.8612846252828e-19,0,-2.17713937223957e-19,-0.000365638969857679,-0.000480016785180551,1,-3.06329001606766e-19,-1.22330538189225e-19,1,0.00157454726667928,0.00976867116296737,0.00976867116296737,-0.0112931204706938,-0.0126793367371587,0.00350337763604774,0.00350337763604774,-0.00123290700954228,1,-2.16840434497101e-19,0,1,0.00157393174743137,0.00977002792285111,0.00977002792285111,-0.0112928424019044,-0.0126791808236915,0.00350386421627497,0.00350386421627497,-0.00123354598702842,10.3285197745054,38.1973028036709,-4.87328883225318,-9.16369886339483,-4.87328883225318,-9.16369886339483,17.0826787846802,5.7066666159535,2.16840434497101e-18,-4.69727474644887e-19,5.74871041286445e-19,0,0,0,0.00157454726667927,-0.0112931204706938,0.00976867116296737,-0.0126793367371587,-0.00123290700954228,0.00350337763604774,4.50218781910786e-13,2.17951356466065e-08,1.12209657624714e-12,3.06329001606766e-19,7.58941520739853e-18,3.05018864680357e-14
NC_k0049,0.00526315789473684,0.00526315789473684,0.263957344105754,74.6024463092347,-43.4405545550552,68.539655804195,-40.8540456291386,-73.3890905783856,45.3560523439317,-69.0547051732102,40.2276288443122,1,480,-2.61541652025318,-1.56383139794211,-1.37915181300445,0.621049945922314,-1.39654557178553e-19,7.64791342031828e-19,0,-1.03306255829503e-18,-0.000365714985521052,-0.000480121264316644,1,-2.00352137568023e-19,-3.33780037831143e-21,1,0.00157454726667928,0.00976867116296737,0.00976867116296737,-0.0112931204706938,-0.0126793367371586,0.00350337763604774,0.00350337763604774,-0.00123290700954228,1,-2.16840434497101e-19,0,1,0.00157393174743137,0.00977002792285111,0.00977002792285111,-0.0112928424019044,-0.0126791808236915,0.00350386421627497,0.00350386421627497,-0.00123354598702842,10.337306829521,38.2168145266026,-4.87260604276822,-9.15183135479847,-4.87260604276822,-9.15183135479847,17.0898152492874,5.70555263078431,1.73472347597681e-18,-4.37907159579079e-19,-3.04621628899202e-19,0,0,0,0.00157454726667927,-0.0112931204706938,0.00976867116296737,-0.0126793367371587,-0.00123290700954228,0.00350337763604774,1.5507961139094e-12,2.38199502960964e-08,4.15655937485643e-13,2.00352137568023e-19,7.37257477290143e-18,2.77600609573882e-14
NC_k0049,0.0219298245614035,0.0219298245614035,0.26368915649428,83.0201508896628,-46.8825083703993,58.0236667304757,-35.9254980359688,-79.278206854643,52.5868833016975,-61.0806848618608,31.5048495258564,1,480,-10.8106316254005,-6.4336595819209,-5.69061609841602,2.56858959908791,4.35983739819549e-19,3.97761378074699e-19,0,-2.64962493812986e-19,-0.000365383675256119,-0.000479628282953014,1,-3.32401419617206e-19,4.98269528977555e-20,1,0.00157454726667927,0.00976867116296737,0.00976867116296737,-0.0112931204706938,-0.0126793367371587,0.00350337763604774,0.00350337763604774,-0.00123290700954228,1,-2.16840434497101e-19,0,1,0.00157393174743137,0.00977002792285111,0.00977002792285111,-0.0112928424019044,-0.0126791808236915,0.00350386421627497,0.00350386421627497,-0.00123354598702842,10.2994018376149,38.135505382189,-4.87670999702046,-9.20506366707478,-4.87670999702046,-9.20506366707478,17.0611313574316,5.71246931943213,1.73472347597681e-18,-4.4428054783384e-19,5.72124480665019e-19,0,0,0,0.00157454726667927,-0.0112931204706938,0.00976867116296737,-0.0126793367371587,-0.00123290700954228,0.00350337763604774,3.21072938609127e-13,2.72950635870968e-08,1.05922816194852e-12,3.32401419617206e-19,6.93889390390723e-18,2.39989816968475e-14
NC_k0049,0.0385964912280702,0.0385964912280702,0.263437201093719,89.7907249344822,-49.833214214127,46.9083063603928,-29.9293524958714,-84.2424576767265,58.4828903720313,-51.8044752627948,22.5464507924171,1,480,-18.6314112518511,-10.9718326703932,-9.76907049434067,4.43763149446993,-1.52524164020898e-18,4.2433951833664e-19,0,-2.56121587426019e-19,-0.000364597654124838,-0.000478309122551239,1,-1.00087951843623e-19,1.03806360912017e-19,1,0.00157454726667927,0.00976867116296737,0.00976867116296737,-0.0112931204706938,-0.0126793367371586,0.00350337763604774,0.00350337763604774,-0.00123290700954228,1,-2.16840434497101e-19,0,1,0.00157393174743137,0.00977002792285111,0.00977002792285111,-0.0112928424019044,-0.0126791808236915,0.00350386421627497,0.00350386421627497,-0.00123354598702842,10.2246764385215,38.0063610967731,-4.8966827507169,-9.33064516009125,-4.8966827507169,-9.33064516009125,17.0268571973145,5.74571633690736,1.73472347597681e-18,1.85578235790437e-19,1.46827495137194e-19,0,0,0,0.00157454726667927,-0.0112931204706938,0.00976867116296737,-0.0126793367371587,-0.00123290700954228,0.00350337763604774,1.61747778378469e-13,2.75759262433205e-08,1.5196633519956e-12,1.03806360912017e-19,3.46944695195361e-18,3.03434964542361e-14
NC_k0050,-0.0447368421052632,-0.0447368421052632,0.418089620683174,-162.34585854235,62.1072250115793,-199.980464535337,116.07114816738,138.315809856803,-73.4038293714358,217.124034409411,-106.362448666324,1,480,-5.45799264748998,-5.05985195630012,-3.47088871925071,11.3731261321485,7.06835759593913e-19,-2.27322467219373e-19,0,2.76863306721909e-18,-0.00114028126641221,-0.000136004423705009,1,-3.61919809117056e-20,-4.63028608742803e-21,1,-0.0164440485414028,0.001712164880368,0.001712164880368,0.00689250589615461,0.00645796550210893,0.00163830469021281,0.00163830469021281,-0.00589624972143269,1,-2.71050543121376e-20,0,1,-0.0164434040697669,0.00171240268104583,0.00171240268104583,0.00689152977373238,0.00645754628831264,0.00163853223253089,0.00163853223253089,-0.00589581100361624,-30.0548225707854,0.940425608045987,11.3736089374576,20.0989187220673,11.3736089374576,20.0989187220673,-5.41847091163584,-14.3886853371118,1.30104260698261e-18,-4.09249093059409e-19,3.17074176138091e-19,0,0,0,-0.0164440485414028,0.00689250589615461,0.001712164880368,0.00645796550210893,-0.00589624972143269,0.00163830469021281,2.05857060506128e-13,9.98644519355363e-09,6.70914213689611e-13,3.61919809117056e-20,6.93889390390723e-18,5.84202652575834e-15
NC_k0050,-0.0280701754385965,-0.0280701754385965,0.417086653687063,-170.712618337025,72.6627357593903,-193.475251286806,106.942953125924,153.4502260087,-80.5574672664954,203.810504383078,-100.672814502249,1,480,-3.48083238712823,-3.33842512399486,-2.25035497867061,7.22935890592384,1.50204087838809e-18,-7.09257744427468e-19,0,-6.17169381193165e-19,-0.00113072642056934,-0.000133536644871609,1,1.82616207398427e-20,-3.81984222354605e-20,1,-0.0164440485414028,0.001712164880368,0.001712164880368,0.00689250589615461,0.00645796550210893,0.00163830469021281,0.00163830469021281,-0.00589624972143269,1,-2.71050543121376e-20,0,1,-0.0164434040697669,0.00171240268104583,0.00171240268104583,0.00689152977373238,0.00645754628831264,0.00163853223253089,0.00163853223253089,-0.00589581100361624,-30.1947774139556,0.78836223464383,11.1958444976256,19.8452100472947,11.1958444976256,19.8452100472947,-5.39407973842052,-14.3089312231492,1.0842021724855e-18,7.24155349030861e-19,-3.67771617708651e-21,0,0,0,-0.0164440485414028,0.00689250589615461,0.001712164880368,0.00645796550210893,-0.00589624972143269,0.00163830469021281,3.93572874792243e-13,1.26840288228129e-08,1.43972102410711e-12,3.81984222354605e-20,3.46944695195361e-18,1.19783348775328e-15
NC_k0050,-0.0114035087719298,-0.0114035087719298,0.416832082303503,-178.084022456457,83.1391368627051,-187.114693224839,97.1431936415569,168.806166454336,-86.9467224270124,189.443590943522,-94.9734087320719,1,480,-1.43003817367587,-1.39511987686687,-0.932302156679107,2.95175827918305,3.30194618663408e-18,5.2748480481894e-19,0,-2.99214388617582e-19,-0.00112543801643177,-0.000132175518209588,1,4.8398025072962e-21,1.10726258675808e-20,1,-0.0164440485414028,0.001712164880368,0.001712164880368,0.00689250589615461,0.00645796550210893,0.00163830469021281,0.00163830469021281,-0.00589624972143269,1,-2.71050543121376e-20,0,1,-0.0164434040697669,0.00171240268104583,0.00171240268104583,0.00689152977373238,0.00645754628831264,0.00163853223253089,0.00163853223253089,-0.00589581100361624,-30.2977516842942,0.700749972212732,11.1050599230088,19.7155426090364,11.1050599230088,19.7155426090364,-5.40433703413686,-14.2770875562972,8.67361737988404e-19,8.40119891891907e-19,2.79290857689537e-19,0,0,0,-0.0164440485414028,0.00689250589615461,0.001712164880368,0.00645796550210893,-0.00589624972143269,0.00163830469021281,8.17690551613562e-13,1.03876278907392e-08,1.32198227144737e-12,1.10726258675808e-20,6.93889390390723e-18,2.46371702509819e-14
NC_k0050,0.00526315789473684,0.00526315789473684,0.416804685196857,-184.750914778049,93.4230674390399,-180.597483783364,86.9547830618505,183.967442069457,-92.8558015935854,174.43078890885,-89.1611549477272,1,480,0.661259048501075,0.646768949043442,0.431649239189683,-1.36323479090201,1.99386261827742e-18,5.98331014826517e-20,0,-6.85937868598373e-19,-0.00112461277602794,-0.00013196483651914,1,5.42939862441619e-20,-2.48759271229204e-20,1,-0.0164440485414028,0.001712164880368,0.001712164880368,0.00689250589615461,0.00645796550210893,0.00163830469021281,0.00163830469021281,-0.00589624972143269,1,-2.71050543121376e-20,0,1,-0.0164434040697669,0.00171240268104583,0.00171240268104583,0.00689152977373238,0.00645754628831264,0.00163853223253089,0.00163853223253089,-0.00589581100361624,-30.3150498360347,0.686655541374008,11.0911589445769,19.6956043292418,11.0911589445769,19.6956043292418,-5.40759179178545,-14.272658035621,1.0842021724855e-18,2.78835945829033e-19,-1.53063794866276e-19,0,0,0,-0.0164440485414028,0.00689250589615461,0.001712164880368,0.00645796550210893,-0.00589624972143269,0.00163830469021281,7.46970782276189e-13,1.01284785587152e-08,1.86962251059223e-13,5.42939862441619e-20,1.73472347597681e-18,1.03882464612726e-14
NC_k0050,0.0219298245614035,0.0219298245614035,0.41695006944486,-191.130846113696,103.393688711269,-173.537757212457,76.5408057155808,198.618100346789,-98.5765309374595,159.111657021655,-82.988049485697,1,480,2.73317606928268,2.64275464281729,1.77405713499297,-5.6621586541551,-6.05734436405232e-19,-9.06087025545686e-19,0,1.51581839867077e-18,-0.00112825977354657,-0.000132902304004791,1,9.36689641313378e-20,-4.01863892543588e-20,1,-0.0164440485414028,0.001712164880368,0.001712164880368,0.00689250589615461,0.00645796550210894,0.00163830469021281,0.00163830469021281,-0.00589624972143269,1,-2.71050543121376e-20,0,1,-0.0164434040697669,0.00171240268104583,0.00171240268104583,0.00689152977373238,0.00645754628831264,0.00163853223253089,0.00163853223253089,-0.00589581100361624,-30.2410181784521,0.748028741911678,11.1531678770372,19.7843027491637,11.1531678770372,19.7843027491637,-5.39659137672497,-14.2933075355027,8.67361737988404e-19,1.01328596726933e-18,-4.44269920544033e-19,0,0,0,-0.0164440485414028,0.00689250589615461,0.001712164880368,0.00645796550210893,-0.00589624972143269,0.00163830469021281,2.06901185067425e-13,9.64397390477295e-09,3.23423818628967e-13,9.36689641313378e-20,6.93889390390723e-18,6.78994661534298e-15
NC_k0050,0.0385964912280702,0.0385964912280702,0.417558639882586,-197.549964506364,112.807967121087,-165.537800684207,65.9867377771533,212.367078701495,-104.267269730939,143.817278372511,-76.1323646151527,1,480,4.7376035304361,4.45641136797226,3.03402491647476,-9.87272009254539,5.59782899016686e-19,-3.25776812447884e-20,0,1.36457007802668e-18,-0.00113632113217871,-0.000134987614043089,1,6.60881855537705e-20,4.80199637877053e-20,1,-0.0164440485414028,0.001712164880368,0.001712164880368,0.00689250589615461,0.00645796550210893,0.00163830469021281,0.00163830469021281,-0.00589624972143269,1,-2.71050543121376e-20,0,1,-0.0164434040697669,0.00171240268104583,0.00171240268104583,0.00689152977373238,0.00645754628831264,0.00163853223253089,0.00163853223253089,-0.00589581100361624,-30.1040884128065,0.877424568127924,11.2965534605939,19.9888048723554,11.2965534605939,19.9888048723554,-5.40213518167271,-14.351023426586,8.67361737988404e-19,-2.90748977950487e-19,3.02726716267047e-19,0,0,0,-0.0164440485414028,0.00689250589615461,0.001712164880368,0.00645796550210893,-0.00589624972143269,0.00163830469021281,5.13868020745144e-13,1.04356923843421e-08,6.23832709342935e-13,6.60881855537705e-20,6.93889390390723e-18,9.83772049901341e-15
NC_k0051,-0.0447368421052632,-0.0447368421052632,0.266293411604465,-51.6181108568475,-117.032624300902,-36.7325240499629,-168.83544894758,50.0802750318542,139.327237872273,41.6918354072614,154.385191722982,1,480,4.49975097990297,6.94036915602511,3.77523964485622,-3.88691010003459,2.3928680759934e-19,5.15366608845038e-19,0,1.80052734806663e-18,0.00101627778682654,0.00140045439958845,1,9.9847579045175e-20,4.45871523208361e-20,1,0.00312673908891714,0.000957244486943935,0.000957244486943935,0.0114337576136561,-0.00281773145494278,0.0016217794992341,0.0016217794992341,0.0157482250808751,1,0,-5.42101086242752e-20,1,0.00312728031346145,0.000957377437567123,0.000957377437567123,0.0114337219619139,-0.00281686231593761,0.00162200474638677,0.00162200474638677,0.0157478049173431,-4.88252877122593,12.6886783513964,-14.6304425829318,8.46719240788352,-14.6304425829318,8.46719240788352,3.14602928507268,24.9451218183577,1.30104260698261e-18,-1.32278762804903e-19,3.28983855161246e-20,0,0,0,0.00312673908891714,0.0114337576136561,0.000957244486943936,-0.00281773145494278,0.0157482250808751,0.0016217794992341,8.33870713885854e-13,1.83329837414908e-08,1.02519400921348e-12,9.9847579045175e-20,3.46944695195361e-18,1.75105222293358e-14
NC_k0051,-0.0280701754385965,-0.0280701754385965,0.267963970836231,-48.463444627913,-126.53724505131,-38.8751110593486,-160.134705224412,48.0782735679859,142.822292586226,42.716883855008,151.773755921919,1,480,2.95549051343957,4.38817060895579,2.42340817039045,-2.49164057132714,-1.08129049672932e-19,1.59067493538437e-18,0,3.11814003707989e-20,0.00101750195904572,0.00139351098238468,1,8.19041700913315e-20,3.63133837857061e-20,1,0.00312673908891714,0.000957244486943935,0.000957244486943935,0.0114337576136561,-0.00281773145494279,0.0016217794992341,0.0016217794992341,0.0157482250808751,1,0,-5.42101086242752e-20,1,0.00312728031346145,0.000957377437567123,0.000957377437567123,0.0114337219619139,-0.00281686231593761,0.00162200474638677,0.00162200474638677,0.0157478049173431,-4.77239492209599,12.7540970117779,-14.4103707609981,8.34526469650461,-14.4103707609981,8.34526469650461,3.37752468896255,25.2346768414328,1.30104260698261e-18,1.15442151208419e-19,1.41238137780855e-18,0,0,0,0.00312673908891714,0.0114337576136561,0.000957244486943936,-0.00281773145494278,0.0157482250808751,0.0016217794992341,6.86348205116805e-13,9.86472046101143e-09,7.28954066607422e-13,8.19041700913315e-20,1.04083408558608e-17,1.61584028723188e-14
NC_k0051,-0.0114035087719298,-0.0114035087719298,0.269062721230931,-45.3681204109902,-136.718126365098,-41.4422240419766,-150.586663318925,46.2354574428632,145.889007694788,44.0435863935118,149.380890438454,1,480,1.22739861856128,1.78831495929138,0.995185480691376,-1.02310512543797,5.29031632564414e-19,3.59194909195027e-20,0,4.49056502220337e-19,0.00101835580104476,0.00138975600801915,1,5.66544453282491e-20,4.19426426923626e-20,1,0.00312673908891714,0.000957244486943935,0.000957244486943935,0.0114337576136561,-0.00281773145494278,0.0016217794992341,0.0016217794992341,0.0157482250808751,1,0,-5.42101086242752e-20,1,0.00312728031346145,0.000957377437567123,0.000957377437567123,0.0114337219619139,-0.00281686231593761,0.00162200474638677,0.00162200474638677,0.0157478049173431,-4.70932358586149,12.8160971429361,-14.2958647131475,8.27619346263944,-14.2958647131475,8.27619346263944,3.50392368669681,25.4156972036217,8.67361737988404e-19,-3.50480967430852e-19,2.41698329327057e-19,0,0,0,0.00312673908891714,0.0114337576136561,0.000957244486943936,-0.00281773145494278,0.0157482250808751,0.0016217794992341,2.36632035015692e-12,1.04781307328025e-08,1.96286761266325e-12,5.66544453282491e-20,3.46944695195361e-18,3.50732188619112e-14
NC_k0051,0.00526315789473684,0.00526315789473684,0.269241533532715,-42.457868208833,-146.912972398455,-44.2736771765592,-140.49774802776,44.5935107447996,148.491131719377,45.605793607929,146.888693210162,1,480,-0.568272959658033,-0.825805387493563,-0.460045854560037,0.472939057577617,-3.54708281552539e-19,-3.00008482005633e-19,0,-1.70928270905713e-18,0.00101849586291827,0.00138917182012032,1,4.97241352008774e-20,8.26749433389336e-20,1,0.00312673908891714,0.000957244486943936,0.000957244486943936,0.0114337576136561,-0.00281773145494279,0.0016217794992341,0.0016217794992341,0.0157482250808751,1,0,-5.42101086242752e-20,1,0.00312728031346145,0.000957377437567123,0.000957377437567123,0.0114337219619139,-0.00281686231593761,0.00162200474638677,0.00162200474638677,0.0157478049173431,-4.69921486354934,12.8273809368476,-14.2782127754286,8.26511395270288,-14.2782127754286,8.26511395270288,3.52357609964298,25.4449597906881,1.30104260698261e-18,7.58642520533746e-19,1.01509315374749e-18,0,0,0,0.00312673908891714,0.0114337576136561,0.000957244486943936,-0.00281773145494278,0.0157482250808751,0.0016217794992341,2.04592683029418e-12,1.05258370792052e-08,1.35946323145686e-12,8.26749433389336e-20,9.97465998686664e-18,3.29881652375971e-15
NC_k0051,0.0219298245614035,0.0219298245614035,0.26846495601525,-39.7839817151393,-156.702113738447,-47.3074708516817,-130.254592284735,43.1753694196664,150.885161176508,47.3780220361224,144.015489052085,1,480,-2.33346778878891,-3.43356999364259,-1.90312246820237,1.95634734590032,-1.48535168234922e-19,-3.66447628805892e-19,0,-5.09748398124578e-19,0.00101788520058668,0.00139175195844846,1,4.45505316444125e-20,3.53166852692944e-20,1,0.00312673908891714,0.000957244486943935,0.000957244486943935,0.0114337576136561,-0.00281773145494278,0.0016217794992341,0.0016217794992341,0.0157482250808751,1,0,-5.42101086242752e-20,1,0.00312728031346145,0.000957377437567123,0.000957377437567123,0.0114337219619139,-0.00281686231593761,0.00162200474638677,0.00162200474638677,0.0157478049173431,-4.74333993993599,12.7806990744421,-14.3566886808732,8.31344671814699,-14.3566886808732,8.31344671814699,3.4365804159314,25.3175529343183,1.30104260698261e-18,4.31594966488012e-20,6.65417862680042e-19,0,0,0,0.00312673908891714,0.0114337576136561,0.000957244486943936,-0.00281773145494278,0.0157482250808751,0.0016217794992341,3.95255267204277e-13,1.77247980202348e-08,1.3614325143148e-12,4.45505316444125e-20,6.93889390390723e-18,3.92867616335738e-14
NC_k0051,0.0385964912280702,0.0385964912280702,0.266924509494137,-37.4541196154835,-165.741574765259,-50.4642938630729,-120.391005436508,42.02713159778,153.375959932073,49.329188642662,140.633364594417,1,480,-3.96074676725453,-6.00958229150582,-3.29020858939088,3.38500728432431,3.19331421114871e-19,4.24495855472413e-19,0,-1.23327500811859e-18,0.00101673328280665,0.00139754940308608,1,8.70007621358534e-20,2.62537962483998e-20,1,0.00312673908891714,0.000957244486943936,0.000957244486943936,0.0114337576136561,-0.00281773145494278,0.0016217794992341,0.0016217794992341,0.0157482250808751,1,0,-5.42101086242752e-20,1,0.00312728031346145,0.000957377437567123,0.000957377437567123,0.0114337219619139,-0.00281686231593761,0.00162200474638677,0.00162200474638677,0.0157478049173431,-4.83689905286775,12.7084432391048,-14.5359187818991,8.41621736215365,-14.5359187818991,8.41621736215365,3.24275793408147,25.0584739630474,8.67361737988404e-19,-2.14110722165607e-19,1.05985706885126e-19,0,0,0,0.00312673908891714,0.0114337576136561,0.000957244486943936,-0.00281773145494278,0.0157482250808751,0.0016217794992341,5.9147039897664e-13,1.46241441476963e-08,1.34248023093501e-12,8.70007621358534e-20,3.46944695195361e-18,6.65490345104208e-15
NC_k0052,-0.0447368421052632,-0.0447368421052632,0.704494226060605,117.195969562921,58.5731385555661,113.06821121249,85.2692710641442,-101.529102722331,-62.8519299800898,-133.858142316212,-82.5788728370122,1,480,2.51319834173038,-24.0119523179325,-7.09458881214673,-1.93915903337255,-1.05984997525194e-18,-1.31480689237549e-18,0,3.40851351931051e-19,-0.000918260309135774,-0.000306353298259972,1,-5.85640807636617e-20,-1.3846511590043e-20,1,0.00261780353728338,0.00293059111048586,0.00293059111048586,-0.0105468976187944,0.00302736868501015,-0.015038295014095,-0.015038295014095,-0.00616493413720396,1,0,2.71050543121376e-20,1,0.00261720877172099,0.00293099813702898,0.00293099813702898,-0.0105465781689987,0.00302699503620639,-0.0150403836661803,-0.0150403836661803,-0.00616466943164506,15.970630239541,6.07449284442936,9.41674836142282,-19.6703730109432,9.41674836142282,-19.6703730109432,-47.7297090147788,-11.7163139559872,8.67361737988404e-19,7.9791649471483e-20,3.60542398641841e-20,0,0,0,0.00261780353728338,-0.0105468976187944,0.00293059111048586,0.00302736868501016,-0.00616493413720396,-0.015038295014095,1.97965198301892e-13,3.61941346576945e-08,1.06370151217267e-12,5.85640807636617e-20,1.73472347597681e-18,1.84382056056722e-14
NC_k0052,-0.0280701754385965,-0.0280701754385965,0.701458537796295,116.92349818618,65.0149646283696,113.091004696556,82.2679902971003,-107.110931269033,-67.9918980933315,-128.019772059899,-80.9830990327013,1,480,1.48141670877457,-15.3320744890639,-4.57071706749548,-1.19181542696548,3.34419195487838e-19,5.42545778540061e-18,0,-6.42156853137166e-20,-0.000918247730144769,-0.000308046643484495,1,-1.19533072147646e-19,-1.30311205783948e-19,1,0.00261780353728338,0.00293059111048586,0.00293059111048586,-0.0105468976187944,0.00302736868501015,-0.015038295014095,-0.015038295014095,-0.00616493413720396,1,0,2.71050543121376e-20,1,0.00261720877172099,0.00293099813702898,0.00293099813702898,-0.0105465781689987,0.00302699503620639,-0.0150403836661803,-0.0150403836661803,-0.00616466943164506,15.9086409897874,6.03778612989458,9.14927970336896,-19.2731410700337,9.14927970336896,-19.2731410700337,-47.9852517603914,-12.0589516954219,3.03576608295941e-18,-2.75502440029206e-19,3.15977474581089e-19,0,0,0,0.00261780353728338,-0.0105468976187944,0.00293059111048586,0.00302736868501016,-0.00616493413720396,-0.015038295014095,7.23683472580184e-14,1.97754990432332e-08,1.07345761815859e-12,1.30311205783948e-19,6.93889390390723e-18,5.06475220896408e-15
NC_k0052,-0.0114035087719298,-0.0114035087719298,0.700077080379082,115.796074128988,71.2459867323028,113.973767645825,78.331675872644,-113.126219405079,-72.9697390012349,-121.756050331661,-78.3496897392332,1,480,0.581101024799732,-6.26807496425397,-1.87670140001991,-0.476255028973072,9.01560693233796e-20,-6.96949296912679e-19,0,6.36704078539217e-19,-0.000918700176631113,-0.000308914713471343,1,-1.02150664626449e-19,3.53964808088973e-20,1,0.00261780353728338,0.00293059111048586,0.00293059111048586,-0.0105468976187944,0.00302736868501015,-0.015038295014095,-0.015038295014095,-0.00616493413720396,1,0,2.71050543121376e-20,1,0.00261720877172099,0.00293099813702898,0.00293099813702898,-0.0105465781689987,0.00302699503620639,-0.0150403836661803,-0.0150403836661803,-0.00616466943164506,15.8636894319827,6.02127279329073,9.00319545504431,-19.0506479122205,9.00319545504431,-19.0506479122205,-48.1725265040399,-12.2454524257835,8.67361737988404e-19,-2.03279067671544e-19,2.88493678757269e-19,0,0,0,0.00261780353728338,-0.0105468976187944,0.00293059111048586,0.00302736868501016,-0.00616493413720396,-0.015038295014095,2.56474746844155e-13,8.89223001164357e-09,1.99973843732029e-12,1.02150664626449e-19,3.46944695195361e-18,3.98050424718976e-14
NC_k0052,0.00526315789473684,0.00526315789473684,0.699867226278373,114.43108970714,76.616271081887,115.29259204622,73.3417415706074,-119.412636067847,-77.0985477550265,-115.420153233405,-74.6076773574026,1,480,-0.266774278708796,2.8951985792098,0.867380019165337,0.219150768638238,5.59491731441067e-19,-2.66598326192371e-18,0,7.32762908713775e-19,-0.000918798588938318,-0.000309041194366375,1,-1.51635462490237e-19,6.33111723995177e-20,1,0.00261780353728338,0.00293059111048586,0.00293059111048586,-0.0105468976187944,0.00302736868501016,-0.015038295014095,-0.015038295014095,-0.00616493413720396,1,0,2.71050543121376e-20,1,0.00261720877172099,0.00293099813702898,0.00293099813702898,-0.0105465781689987,0.00302699503620639,-0.0150403836661803,-0.0150403836661803,-0.00616466943164506,15.8555938463325,6.01884574957307,8.98036083069648,-19.0152908388938,8.98036083069648,-19.0152908388938,-48.2038988132465,-12.2742392226497,8.67361737988404e-19,-4.38703865241881e-19,-3.34717239808092e-19,0,0,0,0.00261780353728338,-0.0105468976187944,0.00293059111048586,0.00302736868501016,-0.00616493413720396,-0.015038295014095,2.49577890282142e-12,2.02945349392974e-08,3.92719503938311e-13,1.51635462490237e-19,5.20417042793042e-18,1.31665703984881e-14
NC_k0052,0.0219298245614035,0.0219298245614035,0.700805803741202,113.339828400712,80.9374754171946,116.574155804639,67.3848464593395,-125.743123051884,-80.1418190724636,-109.287353365869,-69.893637156739,1,480,-1.13853970086353,12.0166008658346,3.58976018444043,0.924523628813823,2.08814797321866e-18,-2.30191791328197e-18,0,-9.76734867302615e-20,-0.000918420037502444,-0.000308455241455327,1,-1.6452027791191e-19,-2.75003657754516e-20,1,0.00261780353728338,0.00293059111048586,0.00293059111048586,-0.0105468976187944,0.00302736868501015,-0.015038295014095,-0.015038295014095,-0.00616493413720396,1,0,2.71050543121376e-20,1,0.00261720877172099,0.00293099813702898,0.00293099813702898,-0.0105465781689987,0.00302699503620639,-0.0150403836661803,-0.0150403836661803,-0.00616466943164506,15.8891294505941,6.03000334855021,9.08127925065478,-19.1702966756765,9.08127925065478,-19.1702966756765,-48.0694688865025,-12.1462800249989,1.30104260698261e-18,-8.31414903244817e-19,2.07553492741662e-19,0,0,0,0.00261780353728338,-0.0105468976187944,0.00293059111048586,0.00302736868501016,-0.00616493413720396,-0.015038295014095,3.65423979378585e-13,1.72378214284898e-08,1.19572059027573e-12,1.6452027791191e-19,6.93889390390723e-18,1.06142018591722e-14
NC_k0052,0.0385964912280702,0.0385964912280702,0.70309131880728,112.946591839444,84.2560773607733,117.230275155512,60.8995217701208,-131.776952447233,-82.0968466285152,-103.518709340228,-64.6915305273785,1,480,-2.11403504485727,20.8916295622959,6.19660619075469,1.6613027966611,1.99179797546849e-18,-1.98406879982479e-18,0,3.45430623802144e-19,-0.000918104734066396,-0.000307088555329531,1,-9.59477141164269e-20,-5.68346257421001e-19,1,0.00261780353728338,0.00293059111048586,0.00293059111048586,-0.0105468976187944,0.00302736868501015,-0.015038295014095,-0.015038295014095,-0.00616493413720396,1,0,2.71050543121376e-20,1,0.00261720877172099,0.00293099813702898,0.00293099813702898,-0.0105465781689987,0.00302699503620639,-0.0150403836661803,-0.0150403836661803,-0.00616466943164506,15.9463412258626,6.0574726128046,9.30435700932122,-19.5040337146093,9.30435700932122,-19.5040337146093,-47.8195939070088,-11.8592781675356,8.67361737988404e-19,-1.70863945611636e-19,2.49965234304997e-19,0,0,0,0.00261780353728338,-0.0105468976187944,0.00293059111048586,0.00302736868501016,-0.00616493413720396,-0.015038295014095,1.0931309857109e-13,2.17202775343912e-08,6.34388409841805e-13,5.68346257421001e-19,3.46944695195361e-18,7.73739153811743e-15
NC_k0053,-0.0447368421052632,-0.0447368421052632,0.348615700250541,-20.0009813096052,-139.675372256855,3.80040812434423,-202.460428549093,15.2541714982506,161.498833773194,-3.55347751905185,189.004021505003,1,480,8.23003960671856,1.11575708964158,3.08411290979883,-7.15328061398753,-1.05562473668302e-18,7.97243291823508e-19,0,1.41936252180219e-18,-0.00095804937777978,0.00128672224286778,1,-4.70314779817293e-20,7.21373299430488e-20,1,-0.00534594159204217,0.00258142334671432,0.00258142334671432,-0.00544452772527846,-0.00724818554560279,-0.00326677755462682,-0.00326677755462682,0.0164895800599435,1,0,-2.71050543121376e-20,1,-0.00534613234970856,0.0025817818777347,0.0025817818777347,-0.0054447116366856,-0.00724720087675339,-0.00326723127373163,-0.00326723127373163,0.0164889162728481,-2.5560045735043,20.6547071046904,-18.0924216089385,-2.39757126420588,-18.0924216089385,-2.39757126420588,-12.8725944297474,29.2838080036803,8.67361737988404e-19,-3.9475446515053e-19,-7.45673103965426e-19,0,0,0,-0.00534594159204217,-0.00544452772527846,0.00258142334671432,-0.00724818554560279,0.0164895800599435,-0.00326677755462682,6.92193070286814e-13,1.10681447338572e-08,3.86069091662842e-13,7.21373299430488e-20,3.46944695195361e-18,1.56048417118151e-14
NC_k0053,-0.0280701754385965,-0.0280701754385965,0.349342193062506,-14.7543731911873,-151.620843622709,0.204335027926189,-191.75797978054,10.8413163343265,167.547601586606,-0.766070992667341,184.212610052738,1,480,5.4144125716466,0.653502386097339,2.00241193605549,-4.5487251649774,2.15587255869083e-19,1.36443772912867e-18,0,1.15185892914744e-18,-0.000952992349169136,0.00127469863569757,1,-7.65612689237581e-20,1.01236381311146e-19,1,-0.00534594159204217,0.00258142334671432,0.00258142334671432,-0.00544452772527846,-0.00724818554560279,-0.00326677755462682,-0.00326677755462682,0.0164895800599435,1,0,-2.71050543121376e-20,1,-0.00534613234970856,0.0025817818777347,0.0025817818777347,-0.0054447116366856,-0.00724720087675339,-0.00326723127373163,-0.00326723127373163,0.0164889162728481,-2.75934984987833,20.5194928465884,-17.9263067134565,-2.28579720148316,-17.9263067134565,-2.28579720148316,-12.6837272382602,29.470645118989,1.24683249835833e-18,5.99076829788397e-20,5.7362284437832e-19,0,0,0,-0.00534594159204217,-0.00544452772527846,0.00258142334671432,-0.00724818554560279,0.0164895800599435,-0.00326677755462682,4.66364765114222e-13,1.8167655830985e-08,5.57616626423764e-13,1.01236381311146e-19,6.93889390390723e-18,2.54243099556316e-14
NC_k0053,-0.0114035087719298,-0.0114035087719298,0.35013419381446,-9.91463259597485,-163.837156242558,-3.83916676747842,-180.289359611953,6.97332046988696,172.950796535244,2.30990195666835,179.570861673994,1,480,2.25181738861127,0.260117335578842,0.828938458982736,-1.85751292246309,1.06620272235635e-19,-4.02049482370174e-19,0,1.64642029122555e-19,-0.000950260744780676,0.00126810885919175,1,-1.05370130422052e-19,1.23093745700041e-19,1,-0.00534594159204217,0.00258142334671432,0.00258142334671432,-0.00544452772527846,-0.00724818554560279,-0.00326677755462682,-0.00326677755462682,0.0164895800599435,1,0,-2.71050543121376e-20,1,-0.00534613234970856,0.0025817818777347,0.0025817818777347,-0.0054447116366856,-0.00724720087675339,-0.00326723127373163,-0.00326723127373163,0.0164889162728481,-2.87866847759953,20.4888449598338,-17.8447877584111,-2.22597456283015,-17.8447877584111,-2.22597456283015,-12.6003996437297,29.6040034119966,8.67361737988404e-19,2.98839326028452e-19,-4.03086930668381e-19,0,0,0,-0.00534594159204217,-0.00544452772527846,0.00258142334671432,-0.00724818554560279,0.0164895800599435,-0.00326677755462682,3.19057233308231e-12,8.91589241293026e-09,8.10600525086816e-13,1.23093745700041e-19,8.67361737988404e-19,7.61004011082773e-15
NC_k0053,0.00526315789473684,0.00526315789473684,0.350277885392135,-5.41610486468999,-175.922697184767,-8.21987541328989,-168.319752793821,3.50899958187163,177.841708397575,5.65744565836464,174.796526879299,1,480,-1.04285417938524,-0.119928210756355,-0.383718188746728,0.857877037181081,1.43717668347413e-19,1.1340844721449e-18,0,-1.9124945157818e-18,-0.000949841523541352,0.00126708460985774,1,-6.21806771811101e-20,1.50705518334758e-19,1,-0.00534594159204217,0.00258142334671432,0.00258142334671432,-0.00544452772527846,-0.00724818554560279,-0.00326677755462682,-0.00326677755462682,0.0164895800599435,1,0,-2.71050543121376e-20,1,-0.00534613234970856,0.0025817818777347,0.0025817818777347,-0.0054447116366856,-0.00724720087675339,-0.00326723127373163,-0.00326723127373163,0.0164889162728481,-2.89774917641236,20.4867254228582,-17.8323900404255,-2.21669973161276,-17.8323900404255,-2.21669973161276,-12.5884773223649,29.6263480249523,1.0842021724855e-18,4.68789191801257e-21,4.11126421937433e-19,0,0,0,-0.00534594159204217,-0.00544452772527846,0.00258142334671432,-0.00724818554560279,0.0164895800599435,-0.00326677755462682,1.22112332672567e-12,1.54907388203001e-08,1.35919949136436e-13,1.50705518334758e-19,4.33680868994202e-18,6.8145309837984e-15
NC_k0053,0.0219298245614035,0.0219298245614035,0.349682527396541,-1.2423006865704,-187.608576739438,-12.929816014717,-156.118901238824,0.336758249681256,182.502449484135,9.35987307360888,169.61604156566,1,480,-4.27752369737068,-0.504956450168033,-1.57821844868779,3.56280839685493,6.96287552422637e-19,7.33054076289394e-19,0,3.25324179216695e-18,-0.000951716536589467,0.00127162101979672,1,-7.1922319305039e-20,9.747251315545e-20,1,-0.00534594159204217,0.00258142334671432,0.00258142334671432,-0.00544452772527846,-0.00724818554560279,-0.00326677755462682,-0.00326677755462682,0.0164895800599435,1,0,-2.71050543121376e-20,1,-0.00534613234970856,0.0025817818777347,0.0025817818777347,-0.0054447116366856,-0.00724720087675339,-0.00326723127373163,-0.00326723127373163,0.0164889162728481,-2.8143049916224,20.5014915253248,-17.8877887653643,-2.25785549500901,-17.8877887653643,-2.25785549500901,-12.6433219476268,29.5305926350262,1.0842021724855e-18,5.99076829788397e-20,1.12341808983661e-19,0,0,0,-0.00534594159204217,-0.00544452772527846,0.00258142334671432,-0.00724818554560279,0.0164895800599435,-0.00326677755462682,6.83130523066321e-13,9.20111674929962e-09,1.12668351407584e-12,9.747251315545e-20,3.46944695195361e-18,3.06382256711485e-14
NC_k0053,0.0385964912280702,0.0385964912280702,0.348788449790839,2.53919328084256,-198.620729162009,-18.0184798019097,-143.999962226841,-2.56635792372855,187.200982470015,13.5596490074397,163.790104610117,1,480,-7.24788304741018,-0.930446969145694,-2.69884890546345,6.21068167679635,6.85037896091915e-20,7.11123863889388e-19,0,2.46322475017471e-18,-0.000955914149113969,0.00128170901440149,1,-4.76020288761539e-20,-2.46991351470715e-20,1,-0.00534594159204217,0.00258142334671432,0.00258142334671432,-0.00544452772527846,-0.00724818554560279,-0.00326677755462682,-0.00326677755462682,0.0164895800599435,1,0,-2.71050543121376e-20,1,-0.00534613234970856,0.0025817818777347,0.0025817818777347,-0.0054447116366856,-0.00724720087675339,-0.00326723127373163,-0.00326723127373163,0.0164889162728481,-2.63880982835737,20.5852749661858,-18.0190997635195,-2.35014850401201,-18.0190997635195,-2.35014850401201,-12.7869465641108,29.3515565808839,1.30104260698261e-18,2.41513370527368e-19,3.36082084183588e-19,0,0,0,-0.00534594159204217,-0.00544452772527846,0.00258142334671432,-0.00724818554560279,0.0164895800599435,-0.00326677755462682,3.86991267804085e-13,1.50063588900687e-08,9.09743826460178e-13,4.76020288761539e-20,6.93889390390723e-18,1.40055707443297e-14
NC_k0054,-0.0447368421052632,-0.0447368421052632,0.401149146356027,-78.2298587187988,-111.107654604314,-88.9425574429223,-135.727542230323,68.2109332295978,127.077644705746,91.4245024758353,117.686891785384,1,480,-11.9571730471787,-9.38493761171833,-7.04289651743593,-1.98065472511042,1.01032501761717e-18,1.60426716720984e-18,0,-2.42463181151543e-19,-0.00130018004606777,-0.000701627219546542,1,-9.61519435738775e-20,-4.1124199237309e-20,1,-0.0113430168402953,-0.00634342003889684,-0.00634342003889684,0.000163527106001503,-0.0137305766224986,-0.00563256556312673,-0.00563256556312673,0.00328872632599214,1,0,0,1,-0.0113428113958829,-0.0063443010694578,-0.0063443010694578,0.000162933484862147,-0.0137301669566028,-0.00563334786389939,-0.00563334786389939,0.00328795409584989,-15.0130656744475,-15.518678790336,-18.1506495705898,6.2512528901798,-18.1506495705898,6.2512528901798,-25.9135170159921,17.4645147103253,2.60208521396521e-18,4.50641053599035e-19,-3.19828423330291e-20,0,0,0,-0.0113430168402953,0.000163527106001503,-0.00634342003889684,-0.0137305766224986,0.00328872632599214,-0.00563256556312674,3.64343238275459e-13,4.62114148949465e-08,9.24804780309098e-13,9.61519435738775e-20,4.77048955893622e-18,2.08954298222053e-14
NC_k0054,-0.0280701754385965,-0.0280701754385965,0.401956110242793,-80.8416679424708,-114.654180061935,-88.0146028533975,-130.519431513849,73.0053238727386,125.096951175296,88.2313024322126,117.965653595419,1,480,-7.61071309214571,-6.11571144272091,-4.52972009650597,-1.21462628840281,7.7387047643521e-19,-4.65391664957035e-19,0,2.22745842326239e-18,-0.00129590653155238,-0.00070684507141371,1,8.34249984234182e-20,3.48650382211233e-21,1,-0.0113430168402953,-0.00634342003889684,-0.00634342003889684,0.000163527106001503,-0.0137305766224987,-0.00563256556312674,-0.00563256556312674,0.00328872632599214,1,0,0,1,-0.0113428113958829,-0.0063443010694578,-0.0063443010694578,0.000162933484862147,-0.0137301669566028,-0.00563334786389939,-0.00563334786389939,0.00328795409584989,-15.3898504377172,-15.8036017866631,-17.9020034965559,6.14971959486184,-17.9020034965559,6.14971959486184,-25.996679839181,17.3125689497614,1.30104260698261e-18,4.63499782332138e-19,1.0543935896495e-18,0,0,0,-0.0113430168402953,0.000163527106001503,-0.00634342003889684,-0.0137305766224986,0.00328872632599214,-0.00563256556312674,4.82850708864813e-13,2.73370023786562e-08,2.09891170192514e-12,8.34249984234182e-20,6.93889390390723e-18,2.85872213708347e-14
NC_k0054,-0.0114035087719298,-0.0114035087719298,0.402611289287372,-83.5901262820262,-118.780865662548,-86.570104952057,-125.327255478995,78.0949907656874,122.566339235804,84.4014945469408,119.416930869181,1,480,-3.10629789977904,-2.52449665154673,-1.85816220193751,-0.48451966179696,3.8436766959624e-19,5.97965556092133e-19,0,1.4179066839241e-18,-0.00129372136047689,-0.000710001662645069,1,1.13867178301412e-19,-7.69214970643618e-20,1,-0.0113430168402953,-0.00634342003889684,-0.00634342003889684,0.000163527106001503,-0.0137305766224986,-0.00563256556312674,-0.00563256556312674,0.00328872632599214,1,0,0,1,-0.0113428113958829,-0.0063443010694578,-0.0063443010694578,0.000162933484862147,-0.0137301669566028,-0.00563334786389939,-0.00563334786389939,0.00328795409584989,-15.6138698759187,-15.9663767347855,-17.7652504583339,6.0988784263919,-17.7652504583339,6.0988784263919,-26.0787948890013,17.233922505471,1.30104260698261e-18,8.35175165746252e-20,6.33719417000392e-19,0,0,0,-0.0113430168402953,0.000163527106001503,-0.00634342003889684,-0.0137305766224986,0.00328872632599214,-0.00563256556312674,1.5824343318384e-12,1.53717262235179e-08,1.58790425580967e-12,1.13867178301412e-19,5.20417042793042e-18,7.99691130646579e-15
NC_k0054,0.00526315789473684,0.00526315789473684,0.40272009840559,-85.8817885848187,-123.478904198768,-84.4992614399162,-120.450062677392,82.8163123267946,120.165923190085,79.8981013235961,121.637851003502,1,480,1.43455911632571,1.16759412094911,0.858710568300694,0.222846771753108,-2.84047204905809e-19,-3.81118504150132e-19,0,-2.64261044653541e-18,-0.00129339067948035,-0.000710509678742019,1,1.21468422820632e-19,1.01079045332359e-19,1,-0.0113430168402953,-0.00634342003889684,-0.00634342003889684,0.000163527106001502,-0.0137305766224986,-0.00563256556312674,-0.00563256556312674,0.00328872632599214,1,0,0,1,-0.0113428113958829,-0.0063443010694578,-0.0063443010694578,0.000162933484862147,-0.0137301669566028,-0.00563334786389939,-0.00563334786389939,0.00328795409584989,-15.6497402564541,-15.9918862567729,-17.7435485113746,6.09123594152609,-17.7435485113746,6.09123594152609,-26.0935729596169,17.2216188163178,8.67361737988404e-19,1.52540366536433e-19,7.71562940542193e-21,0,0,0,-0.0113430168402953,0.000163527106001503,-0.00634342003889684,-0.0137305766224986,0.00328872632599214,-0.00563256556312674,3.31189988135547e-12,1.9585626376957e-08,1.67802528083854e-12,1.21468422820632e-19,1.73472347597681e-18,4.41089691434083e-15
NC_k0054,0.0219298245614035,0.0219298245614035,0.402251045833511,-87.5522415153239,-128.588475293513,-81.8828945985742,-116.10595146312,86.9010163664789,118.387429021738,74.8931624261444,124.190378094506,1,480,5.96039675527132,4.81548284179551,3.55604026703208,0.941289441479201,-1.60012464670218e-18,-1.21738486855144e-18,0,2.56785978894022e-18,-0.00129487255356155,-0.000708295313465411,1,1.75718576439083e-19,6.44889091977169e-20,1,-0.0113430168402953,-0.00634342003889684,-0.00634342003889684,0.000163527106001504,-0.0137305766224986,-0.00563256556312674,-0.00563256556312674,0.00328872632599214,1,0,0,1,-0.0113428113958829,-0.0063443010694578,-0.0063443010694578,0.000162933484862147,-0.0137301669566028,-0.00563334786389939,-0.00563334786389939,0.00328795409584989,-15.4929522195175,-15.8793451783957,-17.838696799525,6.12563933355638,-17.838696799525,6.12563933355638,-26.0321214605257,17.2759001185098,1.30104260698261e-18,1.74369164093665e-19,9.09828280530268e-19,0,0,0,-0.0113430168402953,0.000163527106001503,-0.00634342003889684,-0.0137305766224986,0.00328872632599214,-0.00563256556312674,7.27613341722222e-13,4.27537328116557e-08,5.85411528999759e-13,1.75718576439083e-19,5.20417042793042e-18,4.14003780521432e-15
NC_k0054,0.0385964912280702,0.0385964912280702,0.401397935799942,-88.646021151548,-133.824688081686,-79.1126949360803,-112.348314210831,90.3106018594178,117.624086870243,69.8770520228519,126.460842954755,1,480,10.3892213242117,8.23849825317928,6.14714746053898,1.69559221988004,-2.21340297029389e-19,4.40629186139647e-19,0,2.53908713851317e-18,-0.00129835136438152,-0.000703708559788031,1,-5.60004937608598e-21,-2.06104369997234e-19,1,-0.0113430168402953,-0.00634342003889684,-0.00634342003889684,0.000163527106001502,-0.0137305766224986,-0.00563256556312674,-0.00563256556312674,0.00328872632599214,1,0,0,1,-0.0113428113958829,-0.0063443010694578,-0.0063443010694578,0.000162933484862147,-0.0137301669566028,-0.00563334786389939,-0.00563334786389939,0.00328795409584989,-15.1650622863178,-15.6344824540079,-18.0453855234796,6.20738909793808,-18.0453855234796,6.20738909793808,-25.9365295195279,17.3983649287636,8.67361737988404e-19,1.20395392381405e-19,4.26661357291692e-19,0,0,0,-0.0113430168402953,0.000163527106001503,-0.00634342003889684,-0.0137305766224986,0.00328872632599214,-0.00563256556312674,3.50809750943103e-13,2.78414973952665e-08,1.4607822629413e-12,2.06104369997234e-19,1.73472347597681e-18,1.8254882023554e-14
NC_k0055,-0.0447368421052632,-0.0447368421052632,0.58143819478745,-82.3088609490911,95.5494750705389,-84.6515437430784,143.989589623649,69.2578207368944,-112.134257014819,99.8696958864422,-124.318481199764,1,480,15.2393834057016,4.18280303101977,6.40932152411805,8.79323981897316,-4.0993747669148e-19,-1.38332391687448e-18,0,8.6137956779842e-19,0.000698153663975869,0.000594518506217128,1,-3.63676229076504e-20,2.51272547219791e-20,1,-0.000946888973156343,0.0120044002480288,0.0120044002480288,0.0111505857370525,0.00975143128445295,0.00417145617530866,0.00417145617530866,-0.00426271685200356,1,0,0,1,-0.000946291774437865,0.012006067525841,0.012006067525841,0.0111503428333605,0.00975103997226823,0.0041720355442219,0.0041720355442219,-0.00426213495945659,-11.7395114521384,36.4558318712307,18.498623171554,12.7466343359043,18.498623171554,12.7466343359043,10.2689496200067,-17.2509900130602,1.0842021724855e-18,1.64424154558946e-19,-4.86543262660213e-20,0,0,0,-0.000946888973156342,0.0111505857370525,0.0120044002480288,0.00975143128445296,-0.00426271685200356,0.00417145617530866,3.01549939468623e-13,2.51401074205469e-08,9.7378255755126e-13,3.63676229076504e-20,1.73472347597681e-18,1.37479887784518e-14
NC_k0055,-0.0280701754385965,-0.0280701754385965,0.578351352192956,-82.4216580447229,104.240001419132,-82.4715620706209,135.080890431808,73.8613597669958,-115.012574651923,93.2579691705943,-121.191063797193,1,480,9.73890295509951,2.73251322532318,4.11556733953946,5.53841158333337,-4.80850016244426e-19,1.82601774582306e-19,0,1.09420774917495e-18,0.000702843096716619,0.000598120115076695,1,-2.63382096385283e-19,-4.41649979616727e-21,1,-0.000946888973156347,0.0120044002480288,0.0120044002480288,0.0111505857370525,0.00975143128445296,0.00417145617530866,0.00417145617530866,-0.00426271685200356,1,0,0,1,-0.000946291774437865,0.012006067525841,0.012006067525841,0.0111503428333605,0.00975103997226823,0.0041720355442219,0.0041720355442219,-0.00426213495945659,-11.391424033959,36.6772498752648,18.2122939624295,12.6212258101551,18.2122939624295,12.6212258101551,10.3769082473505,-17.0629543089404,1.73472347597681e-18,2.11661151138595e-19,-4.87415163314472e-19,0,0,0,-0.000946888973156342,0.0111505857370525,0.0120044002480288,0.00975143128445296,-0.00426271685200356,0.00417145617530866,4.0638283967204e-13,2.39580029532698e-08,3.39855493836096e-12,2.63382096385283e-19,4.33680868994202e-18,7.10264647179831e-15
NC_k0055,-0.0114035087719298,-0.0114035087719298,0.576881053567372,-81.825141340996,113.132436720739,-81.5527260073318,125.762215170524,78.8474641069692,-116.782980370062,86.7850168580579,-118.979619314642,1,480,3.97777412052399,1.12481472891516,1.68385432031492,2.24830213081903,-1.82641479251709e-21,2.68403565161206e-19,0,-5.15911886304833e-18,0.000705591972058885,0.000600463005473195,1,-2.95811330890021e-19,6.5795794184971e-20,1,-0.000946888973156341,0.0120044002480288,0.0120044002480288,0.0111505857370525,0.00975143128445296,0.00417145617530866,0.00417145617530866,-0.00426271685200356,1,0,0,1,-0.000946291774437865,0.012006067525841,0.012006067525841,0.0111503428333605,0.00975103997226823,0.0041720355442219,0.0041720355442219,-0.00426213495945659,-11.2085225445124,36.8296133759786,18.0555472920279,12.5551344565687,18.0555472920279,12.5551344565687,10.4406090580275,-16.9598814538774,1.30104260698261e-18,-2.83704420399998e-19,-1.15308721814895e-19,0,0,0,-0.000946888973156342,0.0111505857370525,0.0120044002480288,0.00975143128445296,-0.00426271685200356,0.00417145617530866,1.24503873729148e-12,8.03720906859891e-09,3.36898573725422e-12,2.95811330890021e-19,2.60208521396521e-18,2.251696308587e-14
NC_k0055,0.00526315789473684,0.00526315789473684,0.576654344444858,-81.4849405026429,122.320561725376,-81.6333659253178,116.484185664596,84.5213447206096,-118.331614566231,80.8532617880203,-117.340561512445,1,480,-1.83700021875035,-0.519858391547304,-0.777763341398222,-1.03731416545927,3.76135568140113e-20,-3.97046694025453e-21,0,1.75833451938152e-18,0.000706026755013552,0.000600847809388064,1,-2.69094176299393e-19,-2.16766854305426e-20,1,-0.000946888973156351,0.0120044002480288,0.0120044002480288,0.0111505857370525,0.00975143128445295,0.00417145617530866,0.00417145617530866,-0.00426271685200356,1,0,0,1,-0.000946291774437865,0.012006067525841,0.012006067525841,0.0111503428333605,0.00975103997226823,0.0041720355442219,0.0041720355442219,-0.00426213495945659,-11.1803025790371,36.8546750958914,18.0307595802033,12.5447160539271,18.0307595802033,12.5447160539271,10.4505497880809,-16.9434374117311,1.73472347597681e-18,5.88282353308907e-19,-4.84345728680078e-20,0,0,0,-0.000946888973156342,0.0111505857370525,0.0120044002480288,0.00975143128445296,-0.00426271685200356,0.00417145617530866,2.69209409471627e-12,2.45883809931467e-08,4.6989093720842e-12,2.69094176299393e-19,8.67361737988404e-18,4.12010643045632e-14
NC_k0055,0.0219298245614035,0.0219298245614035,0.577660285939131,-81.9973577753475,131.668565188636,-82.2257823528262,107.485813878428,90.8317297909338,-120.286222121442,75.6299410596431,-115.743748631371,1,480,-7.63059427284365,-2.14944289321983,-3.22741226480093,-4.32637376292976,3.17610885440761e-19,-1.10253249485968e-19,0,-3.66685856822307e-18,0.000704112516931489,0.000599181690469741,1,-3.24826296413629e-19,-3.75261205782441e-20,1,-0.000946888973156349,0.0120044002480288,0.0120044002480288,0.0111505857370524,0.00975143128445296,0.00417145617530866,0.00417145617530866,-0.00426271685200355,1,0,0,1,-0.000946291774437865,0.012006067525841,0.012006067525841,0.0111503428333605,0.00975103997226823,0.0041720355442219,0.0041720355442219,-0.00426213495945659,-11.3057024007489,36.746385754385,18.1396537148725,12.5904712036148,18.1396537148725,12.5904712036148,10.406521634505,-17.015368366365,1.73472347597681e-18,7.25430108200658e-19,-5.01207717332948e-19,0,0,0,-0.000946888973156342,0.0111505857370525,0.0120044002480288,0.00975143128445296,-0.00426271685200356,0.00417145617530866,5.74768475384392e-13,1.82822378510238e-08,6.43868934046534e-13,3.24826296413629e-19,6.93889390390723e-18,3.65166828693858e-15
NC_k0055,0.0385964912280702,0.0385964912280702,0.580033837980499,-83.6925036433685,140.787925443199,-82.5047337028064,98.7335049479673,97.4497640007783,-123.041804391628,70.9398677632794,-113.381942142466,1,480,-13.2695906371626,-3.68056896962752,-5.59355267024067,-7.60577400030941,1.73879982203547e-19,-2.61882073211838e-19,0,-2.3975267572033e-18,0.000700050597113372,0.000595900681490726,1,-1.39248221148995e-20,1.72886824517766e-19,1,-0.000946888973156341,0.0120044002480288,0.0120044002480288,0.0111505857370525,0.00975143128445295,0.00417145617530866,0.00417145617530866,-0.00426271685200356,1,0,0,1,-0.000946291774437865,0.012006067525841,0.012006067525841,0.0111503428333605,0.00975103997226823,0.0041720355442219,0.0041720355442219,-0.00426213495945659,-11.5907775578824,36.5366206559993,18.3772049343643,12.6922746181515,18.3772049343643,12.6922746181515,10.3117010152131,-17.1708649034404,1.0842021724855e-18,-3.09078151184898e-19,1.17269388606252e-19,0,0,0,-0.000946888973156342,0.0111505857370525,0.0120044002480288,0.00975143128445296,-0.00426271685200356,0.00417145617530866,1.5729341947067e-13,2.16274184897366e-08,1.6440272819175e-12,1.72886824517766e-19,3.46944695195361e-18,2.39258244935031e-14
NC_k0056,-0.0447368421052632,-0.0447368421052632,0.114957084847157,-37.131177982215,48.194029812097,-48.2584156484719,72.9657777768445,23.1395396929647,-63.1582242713824,55.3801278773344,-61.7010009835118,1,480,-2.79988224719688,2.18510991004679,-0.202874871259523,3.8601140200802,-3.98151807323824e-19,-5.2926986058083e-19,0,-4.96232266915462e-19,-0.00187619148303155,-0.000694434105299074,1,-1.4054588919548e-19,-4.87849447205837e-20,1,-0.0130849159121108,-0.000564617477839248,-0.000564617477839248,-0.0128578700403618,0.000337649338865147,0.00341650191747311,0.00341650191747311,-0.00716623110663764,1,4.33680868994202e-19,5.42101086242752e-20,1,-0.013085358424163,-0.000564695896933394,-0.000564695896933393,-0.0128583283194885,0.000337270235693987,0.00341697643162831,0.00341697643162831,-0.00716608910700009,-9.76492543487491,-5.6264234389408,5.78359634737172,0.944146739422008,5.78359634737172,0.944146739422008,9.46287508879558,-10.7254366765163,1.73472347597681e-18,-9.27678803385347e-20,6.61026148416106e-20,0,0,0,-0.0130849159121108,-0.0128578700403618,-0.000564617477839249,0.000337649338865147,-0.00716623110663764,0.00341650191747311,8.30974511649362e-13,2.25611180489279e-08,3.14744529468693e-13,1.4054588919548e-19,6.93889390390723e-18,2.82488230398867e-14
NC_k0056,-0.0280701754385965,-0.0280701754385965,0.117076502765576,-39.7526324152881,51.8120861037206,-46.2687967238039,68.1354374052272,29.069022548383,-62.6569488064067,50.0447247684099,-61.0443221748858,1,480,-1.72177152498603,1.38013465332905,-0.112740167646804,2.45962602373732,1.30535718105768e-19,-8.4000522077005e-19,0,3.03310587010944e-19,-0.00187188273190661,-0.000692402819653864,1,-4.90016259428567e-20,-9.59257597131681e-21,1,-0.0130849159121108,-0.000564617477839248,-0.000564617477839248,-0.0128578700403618,0.000337649338865148,0.00341650191747311,0.00341650191747311,-0.00716623110663764,1,4.33680868994202e-19,5.42101086242752e-20,1,-0.013085358424163,-0.000564695896933394,-0.000564695896933393,-0.0128583283194885,0.000337270235693987,0.00341697643162831,0.00341697643162831,-0.00716608910700009,-10.0615762032,-5.83008608049825,5.67831783996084,0.94303899518798,5.67831783996084,0.94303899518798,9.43405927081357,-10.7681778918986,1.30104260698261e-18,1.75605835834467e-19,-7.16374862473297e-20,0,0,0,-0.0130849159121108,-0.0128578700403618,-0.000564617477839249,0.000337649338865147,-0.00716623110663764,0.00341650191747311,8.52744814813297e-13,1.88164683407501e-08,9.03222839253867e-13,4.90016259428567e-20,5.20417042793042e-18,4.40954157542952e-14
NC_k0056,-0.0114035087719298,-0.0114035087719298,0.118342897501875,-41.9159264147017,56.2339811478695,-44.4311797261689,63.0340812934065,35.3726728892414,-61.9376925502381,44.0485783155751,-61.1079369261884,1,480,-0.691591438996132,0.558210492560042,-0.0440157123239079,1.00646921972042,1.22007155118101e-18,-3.32592780695321e-19,0,-6.14495933453393e-19,-0.00186955181996812,-0.000691376809432302,1,-4.56736186430473e-20,-3.30081315466588e-20,1,-0.0130849159121108,-0.000564617477839249,-0.000564617477839249,-0.0128578700403618,0.000337649338865148,0.00341650191747311,0.00341650191747311,-0.00716623110663764,1,4.33680868994202e-19,5.42101086242752e-20,1,-0.013085358424163,-0.000564695896933394,-0.000564695896933393,-0.0128583283194885,0.000337270235693987,0.00341697643162831,0.00341697643162831,-0.00716608910700009,-10.2339266487835,-5.94917418150027,5.62344960400702,0.944283577790035,5.62344960400702,0.944283577790035,9.42264038936954,-10.8028780829936,8.67361737988404e-19,5.06418393360442e-19,-2.05124734857513e-19,0,0,0,-0.0130849159121108,-0.0128578700403618,-0.000564617477839249,0.000337649338865147,-0.00716623110663764,0.00341650191747311,4.17805199173238e-12,1.40552225301063e-08,2.24382546555888e-12,4.56736186430473e-20,2.60208521396521e-18,2.10260810447177e-13
NC_k0056,0.00526315789473684,0.00526315789473684,0.118544874010157,-43.772390054584,61.1543306600652,-42.6191962421648,58.0044729192805,41.7403382097894,-61.2720443929932,37.7256843258665,-61.6664930825979,1,480,0.318630482441641,-0.257292135337072,0.02024165454451,-0.46498279659937,6.35142361542717e-19,5.86497524079698e-19,0,5.09185915308042e-19,-0.00186918826134374,-0.000691220607017205,1,5.45207887553099e-20,-8.19068941543824e-20,1,-0.0130849159121108,-0.000564617477839249,-0.000564617477839249,-0.0128578700403618,0.000337649338865152,0.00341650191747311,0.00341650191747311,-0.00716623110663764,1,4.33680868994202e-19,5.42101086242752e-20,1,-0.013085358424163,-0.000564695896933394,-0.000564695896933393,-0.0128583283194885,0.000337270235693987,0.00341697643162831,0.00341697643162831,-0.00716608910700009,-10.2612562609636,-5.96821719439367,5.61502062973372,0.944597571958342,5.61502062973372,0.944597571958342,9.42086921991164,-10.8088361434324,1.30104260698261e-18,-8.64651728975384e-19,-6.82605908595127e-19,0,0,0,-0.0130849159121108,-0.0128578700403618,-0.000564617477839249,0.000337649338865147,-0.00716623110663764,0.00341650191747311,1.31522124120957e-11,1.75503022985372e-08,2.0157955745725e-12,8.19068941543824e-20,8.67361737988404e-18,2.69021808396583e-13
NC_k0056,0.0219298245614035,0.0219298245614035,0.117660292008234,-45.578204516747,66.269802946868,-40.6009514083501,53.36527439462,47.8945540477083,-60.9935636497444,31.3674819136046,-62.4057987092045,1,480,1.33804793210462,-1.07669549422057,0.0862463045017381,-1.92820384732346,5.82606466478249e-19,-8.89119896820998e-19,0,6.48847089931495e-19,-0.00187079369237878,-0.000691915580252691,1,3.11625183325165e-20,-2.47128747355009e-20,1,-0.0130849159121108,-0.000564617477839249,-0.000564617477839249,-0.0128578700403618,0.000337649338865147,0.00341650191747311,0.00341650191747311,-0.00716623110663764,1,4.33680868994202e-19,5.42101086242752e-20,1,-0.013085358424163,-0.000564695896933394,-0.000564695896933393,-0.0128583283194885,0.000337270235693987,0.00341697643162831,0.00341697643162831,-0.00716608910700009,-10.1412925527987,-5.88495839244851,5.65257922911166,0.943463719623073,5.65257922911166,0.943463719623073,9.42865942152262,-10.7835463724254,1.30104260698261e-18,4.78529008091415e-19,-1.43728679782417e-19,0,0,0,-0.0130849159121108,-0.0128578700403618,-0.000564617477839249,0.000337649338865147,-0.00716623110663764,0.00341650191747311,1.41077846033373e-12,1.1866686316606e-08,2.82539673941735e-12,3.11625183325165e-20,3.46944695195361e-18,6.95892783101159e-14
NC_k0056,0.0385964912280702,0.0385964912280702,0.115805548281851,-47.506484830052,71.2378990454303,-38.1441229546778,49.4096717495465,53.5122003354167,-61.3667599204829,25.2522094778624,-63.0035282522655,1,480,2.39611870987816,-1.89520541386648,0.165301387683846,-3.35343562617931,-6.33501235207412e-19,2.80037033296152e-19,0,-1.38327097731528e-18,-0.00187438285408524,-0.000693565728966979,1,-8.94386353780963e-20,1.50869815263297e-19,1,-0.0130849159121108,-0.000564617477839248,-0.000564617477839248,-0.0128578700403618,0.000337649338865148,0.00341650191747311,0.00341650191747311,-0.00716623110663764,1,4.33680868994202e-19,5.42101086242752e-20,1,-0.013085358424163,-0.000564695896933394,-0.000564695896933393,-0.0128583283194885,0.000337270235693987,0.00341697643162831,0.00341697643162831,-0.00716608910700009,-9.88554048999403,-5.70943955182074,5.7385013253212,0.943103616780798,5.7385013253212,0.943103616780798,9.44861120187423,-10.7394567323381,1.73472347597681e-18,4.1256616042473e-20,3.82179748637557e-20,0,0,0,-0.0130849159121108,-0.0128578700403618,-0.000564617477839249,0.000337649338865147,-0.00716623110663764,0.00341650191747311,1.20350684760739e-12,1.03861173602806e-08,7.57431034698747e-13,1.50869815263297e-19,3.46944695195361e-18,5.16497407413545e-14
NC_k0057,-0.0447368421052632,-0.0447368421052632,0.623654420591848,-48.1538077435308,-35.4247402692056,-48.5124219401646,-30.4536462291676,40.7324335756411,44.575190925955,46.7273421800363,27.8095558814252,1,480,11.6398899686173,-20.7177467274295,-2.995692730408,0.495450541994288,-9.55029648029224e-20,5.09892658423407e-18,0,-2.21393236588593e-19,-0.00135454407462803,0.000947989923158711,1,-9.48015617418185e-20,-1.05887527786382e-20,1,-0.0087404970545237,0.00970397016124897,0.00970397016124897,0.000396105896908986,-0.000359444000503651,-0.0138470573277066,-0.0138470573277066,0.00611633696272485,1,-5.42101086242752e-20,0,1,-0.00874032467926771,0.00970531793488248,0.00970531793488248,0.000395643785848904,-0.000359119200939611,-0.0138489805301133,-0.0138489805301133,0.00611621205527756,-9.74759088170494,37.8524212694787,0.285168219979086,-0.362553764353382,0.285168219979086,-0.362553764353382,-53.7433319354067,7.04062411278576,1.73472347597681e-18,3.93663888702387e-20,-1.27551533679002e-19,0,0,0,-0.0087404970545237,0.000396105896908983,0.00970397016124897,-0.00035944400050365,0.00611633696272485,-0.0138470573277066,1.72665959030601e-13,4.40826160781423e-08,6.73854261946566e-13,9.48015617418185e-20,3.46944695195361e-18,8.72292834146934e-15
NC_k0057,-0.0280701754385965,-0.0280701754385965,0.62140143360557,-47.5767024037122,-32.9448034685093,-47.8868931119326,-29.9479955830803,41.1933579790507,40.1723081612333,45.0885414799324,29.1642806389999,1,480,7.45423694356161,-13.3126306725718,-1.93326993057336,0.329145700908666,-4.98002433426325e-19,-1.201198598325e-19,0,2.33642127099278e-19,-0.00134436375322253,0.000938288213736801,1,-2.28319170490188e-19,-2.14773331546234e-20,1,-0.0087404970545237,0.00970397016124897,0.00970397016124897,0.000396105896908984,-0.000359444000503652,-0.0138470573277066,-0.0138470573277066,0.00611633696272485,1,-5.42101086242752e-20,0,1,-0.00874032467926771,0.00970531793488248,0.00970531793488248,0.000395643785848904,-0.000359119200939611,-0.0138489805301133,-0.0138489805301133,0.00611621205527756,-9.84468900198969,37.754645342843,0.0952721031044385,-0.174359162883617,0.0952721031044385,-0.174359162883617,-53.7492725826825,7.01082699134087,1.30104260698261e-18,1.91652316109638e-19,3.27359302245466e-19,0,0,0,-0.0087404970545237,0.000396105896908983,0.00970397016124897,-0.00035944400050365,0.00611633696272485,-0.0138470573277066,2.57740175713327e-13,3.30990249169111e-08,5.52841308965369e-13,2.28319170490188e-19,3.46944695195361e-18,1.96530819055504e-14
NC_k0057,-0.0114035087719298,-0.0114035087719298,0.621040766901028,-47.3705034273776,-31.1611709141232,-47.5117565961688,-29.9901552323939,42.0443939481414,36.0693654452269,43.6603359039761,31.5037212718679,1,480,3.05123022064135,-5.46050434821457,-0.795060462099172,0.137953382429094,2.5675686213646e-19,-7.503123725897e-19,0,1.74106629691386e-19,-0.0013390901569424,0.00093315307793932,1,-2.41202818793937e-19,1.03833182672762e-19,1,-0.0087404970545237,0.00970397016124897,0.00970397016124897,0.000396105896908984,-0.000359444000503652,-0.0138470573277066,-0.0138470573277066,0.00611633696272485,1,-5.42101086242752e-20,0,1,-0.00874032467926771,0.00970531793488248,0.00970531793488248,0.000395643785848904,-0.000359119200939611,-0.0138489805301133,-0.0138489805301133,0.00611621205527756,-9.92947747886989,37.7527438049866,-0.0137451647389471,-0.0626444894121809,-0.0137451647389471,-0.0626444894121809,-53.8233749484565,7.01921871708014,1.73472347597681e-18,-7.83778844223113e-20,2.47901102634219e-19,0,0,0,-0.0087404970545237,0.000396105896908983,0.00970397016124897,-0.00035944400050365,0.00611633696272485,-0.0138470573277066,8.36697400017878e-13,1.80941204174774e-08,2.1493369285164e-12,2.41202818793937e-19,3.46944695195361e-18,3.57536279032093e-16
NC_k0057,0.00526315789473684,0.00526315789473684,0.621032268217365,-47.430627894943,-30.1685140790915,-47.3633982851804,-30.7052474445296,43.1837166054814,32.5888646225636,42.4355287933653,34.7025548758002,1,480,-1.40957869501592,2.52336993235563,0.367551108322101,-0.063999149907767,2.23661696700458e-18,-1.37380803110767e-18,0,2.10021157527214e-19,-0.00133829394638199,0.000932367824715117,1,-9.561655818545e-20,1.02434447170663e-19,1,-0.0087404970545237,0.00970397016124897,0.00970397016124897,0.000396105896908985,-0.000359444000503651,-0.0138470573277066,-0.0138470573277066,0.00611633696272485,1,-5.42101086242752e-20,0,1,-0.00874032467926771,0.00970531793488248,0.00970531793488248,0.000395643785848904,-0.000359119200939611,-0.0138489805301133,-0.0138489805301133,0.00611621205527756,-9.94469928996132,37.7552487708934,-0.0310345114405681,-0.0446589598521554,-0.0310345114405681,-0.0446589598521554,-53.838660006772,7.02207569691964,1.30104260698261e-18,-2.43542565437046e-19,3.61548887404742e-20,0,0,0,-0.0087404970545237,0.000396105896908983,0.00970397016124897,-0.00035944400050365,0.00611633696272485,-0.0138470573277066,1.6195473455778e-12,2.55346717855754e-08,1.42896190217804e-12,1.02434447170663e-19,3.46944695195361e-18,1.71619762480218e-14
NC_k0057,0.0219298245614035,0.0219298245614035,0.621166825298271,-47.7226185166418,-29.8926271563286,-47.4672064956506,-32.1954874523136,44.5390215818748,29.9189242711681,41.4664701083101,38.6072138816576,1,480,-5.84588033115314,10.4501249809185,1.51940073442258,-0.260901052719237,-5.68385577387237e-19,1.5847986443128e-18,0,-4.65954147773571e-19,-0.00134187583076817,0.000935874327710508,1,-1.93123412869149e-19,5.91580364649309e-20,1,-0.00874049705452371,0.00970397016124897,0.00970397016124897,0.000396105896908982,-0.000359444000503652,-0.0138470573277066,-0.0138470573277066,0.00611633696272485,1,-5.42101086242752e-20,0,1,-0.00874032467926771,0.00970531793488248,0.00970531793488248,0.000395643785848904,-0.000359119200939611,-0.0138489805301133,-0.0138489805301133,0.00611621205527756,-9.88143166257807,37.7498540474262,0.0449273382180932,-0.12312720587325,0.0449273382180932,-0.12312720587325,-53.7785277003019,7.01256216810367,8.67361737988404e-19,3.22425071210399e-19,3.27359302245466e-19,0,0,0,-0.0087404970545237,0.000396105896908983,0.00970397016124897,-0.00035944400050365,0.00611633696272485,-0.0138470573277066,3.13381933026434e-13,1.74341006166414e-08,3.7573829970408e-13,1.93123412869149e-19,3.46944695195361e-18,2.0732895835942e-14
NC_k0057,0.0385964912280702,0.0385964912280702,0.622426634990558,-48.2507118254169,-30.2116063433474,-47.8884859849216,-34.4482222948509,46.096857609401,28.1879335129463,40.8505164983964,42.9477846643592,1,480,-10.1413724136529,18.0740428019546,2.61778122813965,-0.437807023463113,-3.64216226385469e-18,9.83167023745827e-19,0,4.12763125663961e-19,-0.00135019362141194,0.000943876419893525,1,4.73561049933078e-21,-3.8643977370818e-19,1,-0.0087404970545237,0.00970397016124897,0.00970397016124897,0.000396105896908984,-0.000359444000503651,-0.0138470573277066,-0.0138470573277066,0.00611633696272485,1,-5.42101086242752e-20,0,1,-0.00874032467926771,0.00970531793488248,0.00970531793488248,0.000395643785848904,-0.000359119200939611,-0.0138489805301133,-0.0138489805301133,0.00611621205527756,-9.77916155869942,37.794489789714,0.207061357336162,-0.286029101668331,0.207061357336162,-0.286029101668331,-53.7223622103361,7.02103882491442,1.73472347597681e-18,1.22347560156377e-19,-1.86992566954259e-19,0,0,0,-0.0087404970545237,0.000396105896908983,0.00970397016124897,-0.00035944400050365,0.00611633696272485,-0.0138470573277066,2.65656809022253e-13,2.05272740185921e-08,1.03838342989105e-12,3.8643977370818e-19,3.46944695195361e-18,3.90630523702761e-14
NC_k0058,-0.0447368421052632,-0.0447368421052632,0.295885652744638,136.475170666181,59.1776958808567,143.422203755971,65.5173683998044,-122.066088651461,-71.7159742387452,-156.430703253909,-59.3089491465859,1,480,-4.3726205717657,1.9568002553508,-0.797220704416912,-3.52661784515491,8.01041705196352e-19,-6.73186052275256e-19,0,-5.78748496101302e-19,-0.000321638853537725,-0.00111472167418306,1,-1.21047298366753e-20,-3.88436314627276e-20,1,0.00572346562335538,-0.00470009187908999,-0.00470009187908999,-0.0160558367440877,-0.000666340657392887,0.00100947961288123,0.00100947961288123,-0.00926812413992542,1,0,0,1,0.00572253001613566,-0.00470074466962875,-0.00470074466962875,-0.0160552598997541,-0.000666811803777652,0.00100961981838302,0.00100961981838302,-0.00926799794023501,20.9825155390645,-21.3398916899002,4.28684262047598,-18.1559209737814,4.28684262047598,-18.1559209737814,12.3731304901105,-11.729806143143,8.67361737988404e-19,5.51661563823352e-19,1.15633418242407e-19,0,0,0,0.00572346562335538,-0.0160558367440877,-0.00470009187908999,-0.000666340657392888,-0.00926812413992542,0.00100947961288123,6.15867973068457e-13,2.65456047499781e-08,1.31010706191034e-12,3.88436314627276e-20,3.46944695195361e-18,1.81981843982112e-14
NC_k0058,-0.0280701754385965,-0.0280701754385965,0.295198052804482,137.92882345753,59.4911660959062,141.604585962598,64.1306963460478,-128.115721786994,-68.9652587198264,-150.032782632853,-61.02449889471,1,480,-2.83947795800662,1.33811060558314,-0.495451226299752,-2.22465474033954,-5.29699994499357e-19,-9.97196006934727e-19,0,-1.74502022024187e-19,-0.000328943523634573,-0.00110958335981747,1,5.67795735155147e-20,-9.65604374004057e-21,1,0.00572346562335538,-0.00470009187908998,-0.00470009187908998,-0.0160558367440877,-0.000666340657392886,0.00100947961288123,0.00100947961288123,-0.00926812413992542,1,0,0,1,0.00572253001613566,-0.00470074466962875,-0.00470074466962875,-0.0160552598997541,-0.000666811803777652,0.00100961981838302,0.00100961981838302,-0.00926799794023501,20.9009837295612,-21.3516385773347,4.2532881171164,-17.9447765162302,4.2532881171164,-17.9447765162302,12.2018103014024,-11.9678340931571,1.30104260698261e-18,-2.23200797897074e-19,-2.938364645841e-19,0,0,0,0.00572346562335538,-0.0160558367440877,-0.00470009187908999,-0.000666340657392888,-0.00926812413992542,0.00100947961288123,7.46644953466217e-13,1.92856370148276e-08,1.5549286762608e-12,5.67795735155147e-20,6.93889390390723e-18,2.25656574779744e-15
NC_k0058,-0.0114035087719298,-0.0114035087719298,0.295059381632535,138.993161013135,60.6017039203914,140.343473067176,62.6285586980343,-134.486957388017,-66.4481334728192,-143.466490779684,-63.1735078959557,1,480,-1.16742145481772,0.567256334049783,-0.198054489853423,-0.903560851232956,-6.18443239336496e-19,-1.23812394086937e-19,0,3.33942739455008e-19,-0.000333063452879062,-0.00110688572804272,1,1.30060016774878e-19,-3.39396852840219e-20,1,0.00572346562335538,-0.00470009187908998,-0.00470009187908998,-0.0160558367440877,-0.000666340657392887,0.00100947961288123,0.00100947961288123,-0.00926812413992542,1,0,0,1,0.00572253001613566,-0.00470074466962875,-0.00470074466962875,-0.0160552598997541,-0.000666811803777652,0.00100961981838302,0.00100961981838302,-0.00926799794023501,20.873424254623,-21.3881997794328,4.23705640579778,-17.8340506193282,4.23705640579778,-17.8340506193282,12.1350634216761,-12.1140168639133,1.30104260698261e-18,-2.71207389537202e-19,3.85333076118811e-20,0,0,0,0.00572346562335538,-0.0160558367440877,-0.00470009187908999,-0.000666340657392888,-0.00926812413992542,0.00100947961288123,1.78151667801501e-12,1.4809169030472e-08,1.63051384793665e-12,1.30060016774878e-19,6.07153216591882e-18,2.25762628217222e-15
NC_k0058,0.00526315789473684,0.00526315789473684,0.295048357168377,139.958005360239,62.0624851085805,139.34590286126,61.1174787277064,-141.034706114296,-64.0296344953759,-136.885093018778,-65.543644981043,1,480,0.539552351397974,-0.263407525688558,0.0911277924841075,0.41694488062395,-8.07060271333288e-19,-8.88418447661553e-19,0,3.85955856372342e-19,-0.000333706446372499,-0.00110647024096451,1,7.8689470076121e-20,-5.59621930342699e-21,1,0.00572346562335539,-0.00470009187908998,-0.00470009187908998,-0.0160558367440877,-0.000666340657392882,0.00100947961288123,0.00100947961288123,-0.00926812413992542,1,0,0,1,0.00572253001613566,-0.00470074466962875,-0.00470074466962875,-0.0160552598997541,-0.000666811803777652,0.00100961981838302,0.00100961981838302,-0.00926799794023501,20.8699198566868,-21.3955330410448,4.23462810924696,-17.8167892501081,4.23462810924696,-17.8167892501081,12.1262992968045,-12.1376551285636,1.30104260698261e-18,-6.55954820297734e-19,-7.8522273278503e-19,0,0,0,0.00572346562335538,-0.0160558367440877,-0.00470009187908999,-0.000666340657392888,-0.00926812413992542,0.00100947961288123,6.39093070996525e-12,1.38441731360424e-08,9.87505408365298e-13,7.8689470076121e-20,7.80625564189563e-18,4.12032191479304e-14
NC_k0058,0.0219298245614035,0.0219298245614035,0.295117415417211,141.094023807425,63.588360834134,138.353234275972,59.835847420756,-147.62580535823,-61.7797985230625,-130.435730162379,-68.0247030307209,1,480,2.232028704793,-1.06682407697858,0.384517527178766,1.73837517111838,2.90578623022528e-19,-5.25160427297666e-20,0,6.88214269644119e-20,-0.00033085887359262,-0.00110831173813596,1,7.40674831256831e-20,-5.03726593501477e-20,1,0.00572346562335539,-0.00470009187908998,-0.00470009187908998,-0.0160558367440877,-0.000666340657392886,0.00100947961288123,0.00100947961288123,-0.00926812413992542,1,0,0,1,0.00572253001613566,-0.00470074466962875,-0.00470074466962875,-0.0160552598997541,-0.000666811803777652,0.00100961981838302,0.00100961981838302,-0.00926799794023501,20.8869800345924,-21.3663130795443,4.24555694527562,-17.8930593498504,4.24555694527562,-17.8930593498504,12.1683612775537,-12.0347655337501,1.73472347597681e-18,-8.87537242952112e-19,-4.0368061048343e-20,0,0,0,0.00572346562335538,-0.0160558367440877,-0.00470009187908999,-0.000666340657392888,-0.00926812413992542,0.00100947961288123,6.91194477788847e-13,2.15750030836953e-08,8.91195176791745e-13,7.40674831256831e-20,7.80625564189563e-18,4.06292819046301e-14
NC_k0058,0.0385964912280702,0.0385964912280702,0.295512570765336,142.663773601173,65.0194357472602,137.069308061836,59.1640145711073,-154.10056450805,-59.8732625511588,-124.240555984601,-70.6536662059799,1,480,3.83573857665697,-1.75220764460105,0.68756520757845,3.05256767090533,-8.92772726406033e-19,-1.11006314715636e-18,0,-5.03481677803876e-19,-0.000324645984864452,-0.00111254081663481,1,-4.08825738767202e-20,3.86144176872436e-20,1,0.00572346562335538,-0.00470009187908998,-0.00470009187908998,-0.0160558367440877,-0.000666340657392886,0.00100947961288123,0.00100947961288123,-0.00926812413992542,1,0,0,1,0.00572253001613566,-0.00470074466962875,-0.00470074466962875,-0.0160552598997541,-0.000666811803777652,0.00100961981838302,0.00100961981838302,-0.00926799794023501,20.9423576596096,-21.3350470553387,4.27217888089394,-18.0649739186362,4.27217888089394,-18.0649739186362,12.2934874784748,-11.8243859272997,8.67361737988404e-19,2.87487308805497e-19,-3.48357342994194e-20,0,0,0,0.00572346562335538,-0.0160558367440877,-0.00470009187908999,-0.000666340657392888,-0.00926812413992542,0.00100947961288123,3.3586824858587e-13,1.64771014923959e-08,1.39296119556281e-12,4.08825738767202e-20,2.38524477946811e-18,3.00555207313133e-15
NC_k0059,-0.0447368421052632,-0.0447368421052632,0.550250277689011,170.369778730413,-62.6417084723709,196.807796534639,-111.156151267933,-144.779385801267,76.6554047193476,-219.847943639998,98.3557084283456,1,480,1.15871692135755,-5.2014544130962,-1.33410337227376,-11.4520424426758,2.52884333380732e-18,7.12549923265429e-19,0,1.01257494888331e-18,0.000334180414108192,0.000139170327270305,1,-3.62118123491466e-20,-3.41100832875281e-20,1,0.0125934877014677,-0.00328537948333291,-0.00328537948333291,-0.0106863504327794,-0.00533084528573012,-0.00734647189427622,-0.00734647189427622,0.00583298404228314,1,-1.0842021724855e-19,5.42101086242752e-20,1,0.0125927124837768,-0.00328583578603893,-0.00328583578603893,-0.0106855089950444,-0.00533044893508059,-0.00734749223759487,-0.00734749223759487,0.00583260512700711,28.959877928293,-6.71968043604012,-11.0846570933037,-23.4909533589613,-11.0846570933037,-23.4909533589613,-15.4203369026673,13.9408612526985,1.0842021724855e-18,3.87727579620612e-19,-8.58574238604876e-20,0,0,0,0.0125934877014677,-0.0106863504327794,-0.00328537948333291,-0.00533084528573012,0.00583298404228314,-0.00734647189427622,2.68577581930694e-13,2.02378892498227e-08,1.26300979596758e-12,3.62118123491466e-20,5.20417042793042e-18,1.81590225880334e-15
NC_k0059,-0.0280701754385965,-0.0280701754385965,0.546294878619979,176.337708275484,-71.4253004377791,191.529783270573,-102.256601287239,-158.632316703126,81.1660983766076,-206.662763479408,93.7189477071727,1,480,0.707718436918119,-3.27627371689842,-0.847623242393503,-7.25433034141642,-6.76805794635788e-19,9.49454450700616e-20,0,4.02234770827386e-19,0.000326791785287243,0.000134590471108705,1,4.27891246260052e-20,-2.37161729711888e-20,1,0.0125934877014678,-0.00328537948333291,-0.00328537948333291,-0.0106863504327794,-0.00533084528573012,-0.00734647189427622,-0.00734647189427622,0.00583298404228313,1,-1.0842021724855e-19,5.42101086242752e-20,1,0.0125927124837768,-0.00328583578603893,-0.00328583578603893,-0.0106855089950444,-0.00533044893508059,-0.00734749223759487,-0.00734749223759487,0.00583260512700711,28.9420877215706,-6.68843188184638,-10.9613016256787,-23.1464521176177,-10.9613016256787,-23.1464521176177,-15.5110162106914,13.7736982469353,1.95156391047391e-18,-1.77211132372721e-18,1.03275421583213e-18,0,0,0,0.0125934877014677,-0.0106863504327794,-0.00328537948333291,-0.00533084528573012,0.00583298404228314,-0.00734647189427622,3.94727988711099e-13,1.67697841952e-08,9.80828601316433e-13,4.27891246260052e-20,1.38777878078145e-17,7.1129727520128e-15
NC_k0059,-0.0114035087719298,-0.0114035087719298,0.544349097944902,181.123020642743,-80.3663788900028,186.972216110828,-92.9769200276152,-172.903584996155,84.839747173153,-192.607804799523,89.6994305448174,1,480,0.290305927856794,-1.32285052938267,-0.34073971850354,-2.95560934952356,-1.82284137227086e-18,-1.0669968157444e-18,0,-2.27105415026639e-18,0.00032252067893982,0.000132006173789227,1,1.0696781758367e-19,-1.94400847252709e-20,1,0.0125934877014677,-0.00328537948333291,-0.00328537948333291,-0.0106863504327794,-0.00533084528573012,-0.00734647189427622,-0.00734647189427622,0.00583298404228314,1,-1.0842021724855e-19,5.42101086242752e-20,1,0.0125927124837768,-0.00328583578603893,-0.00328583578603893,-0.0106855089950444,-0.00533044893508059,-0.00734749223759487,-0.00734749223759487,0.00583260512700711,28.9487739180064,-6.67151077215912,-10.8990510423788,-22.9633896992723,-10.8990510423788,-22.9633896992723,-15.5628050019697,13.6942969684026,8.67361737988404e-19,1.4417020326765e-19,3.24916385269765e-20,0,0,0,0.0125934877014677,-0.0106863504327794,-0.00328537948333291,-0.00533084528573012,0.00583298404228314,-0.00734647189427622,9.5200309001038e-13,1.09167937492337e-08,6.72346249655965e-13,1.0696781758367e-19,1.73472347597681e-18,7.13839813615592e-15
NC_k0059,0.00526315789473684,0.00526315789473684,0.544049490143561,185.396087919158,-89.548201567487,182.719622317346,-83.7220478272394,-187.318741363765,88.3454692464403,-178.211512848262,86.119531976578,1,480,-0.134374753007402,0.609604809629481,0.156825918685287,1.36451348386679,1.24873832248965e-18,-6.91734750331145e-19,0,1.28161378875496e-18,0.000321843618401919,0.000131602594601426,1,3.77292224987465e-20,5.13189095968991e-20,1,0.0125934877014677,-0.00328537948333291,-0.00328537948333291,-0.0106863504327794,-0.00533084528573012,-0.00734647189427622,-0.00734647189427622,0.00583298404228314,1,-1.0842021724855e-19,5.42101086242752e-20,1,0.0125927124837768,-0.00328583578603893,-0.00328583578603893,-0.0106855089950444,-0.00533044893508059,-0.00734749223759487,-0.00734749223759487,0.00583260512700711,28.9503853168658,-6.66862166757584,-10.8894845632281,-22.9348075819637,-10.8894845632281,-22.9348075819637,-15.570544884216,13.6824626121973,8.67361737988404e-19,-3.03035249894514e-19,1.28470280353531e-19,0,0,0,0.0125934877014677,-0.0106863504327794,-0.00328537948333291,-0.00533084528573012,0.00583298404228314,-0.00734647189427622,1.204024768729e-12,1.35191696794188e-08,7.4366440322949e-13,5.13189095968991e-20,3.46944695195361e-18,4.89759719910273e-15
NC_k0059,0.0219298245614035,0.0219298245614035,0.545380693743118,189.787835115999,-98.8570827866446,178.206832224173,-74.694314222511,-201.556512299382,92.1716551152404,-163.860071381969,82.5799994417489,1,480,-0.554242435317619,2.55391767063574,0.65989282765497,5.67619049348137,7.69622076809138e-19,1.19413199435196e-18,0,1.59475128144303e-18,0.000324814661470551,0.000133391393412665,1,4.77279249008912e-20,-1.6575947904345e-20,1,0.0125934877014677,-0.00328537948333291,-0.00328537948333291,-0.0106863504327794,-0.00533084528573012,-0.00734647189427622,-0.00734647189427622,0.00583298404228313,1,-1.0842021724855e-19,5.42101086242752e-20,1,0.0125927124837768,-0.00328583578603893,-0.00328583578603893,-0.0106855089950444,-0.00533044893508059,-0.00734749223759487,-0.00734749223759487,0.00583260512700711,28.9443542496269,-6.6807669229551,-10.932061989498,-23.0610801236483,-10.932061989498,-23.0610801236483,-15.5355545269423,13.7358850079741,1.0842021724855e-18,-7.32569051855607e-19,4.33804148327472e-19,0,0,0,0.0125934877014677,-0.0106863504327794,-0.00328537948333291,-0.00533084528573012,0.00583298404228314,-0.00734647189427622,5.67532596369323e-13,1.54862239157044e-08,8.16039602903378e-13,4.77279249008912e-20,5.20417042793042e-18,1.07891278477944e-14
NC_k0059,0.0385964912280702,0.0385964912280702,0.548489233031523,194.756537813736,-107.953302861244,172.731938234503,-65.8642741738701,-215.126019219566,96.5735011016565,-149.802269797075,78.4540420076275,1,480,-0.981229929641939,4.50714178080365,1.16355091088334,9.92759599081459,1.22843600153515e-18,9.88249221429353e-19,0,5.0649923267847e-18,0.000331178400519722,0.00013728783466435,1,-4.32510354900796e-20,-2.05961656003872e-19,1,0.0125934877014677,-0.00328537948333291,-0.00328537948333291,-0.0106863504327794,-0.00533084528573011,-0.00734647189427622,-0.00734647189427622,0.00583298404228314,1,-1.0842021724855e-19,5.42101086242752e-20,1,0.0125927124837768,-0.00328583578603893,-0.00328583578603893,-0.0106855089950444,-0.00533044893508059,-0.00734749223759487,-0.00734749223759487,0.00583260512700711,28.9457905509282,-6.70555493166269,-11.0305994554304,-23.3435155848666,-11.0305994554304,-23.3435155848666,-15.4557382051464,13.8664849970321,6.50521303491303e-19,2.86162593032914e-19,-1.39398128248721e-19,0,0,0,0.0125934877014677,-0.0106863504327794,-0.00328537948333291,-0.00533084528573012,0.00583298404228314,-0.00734647189427622,2.84601284941766e-13,1.86226145726005e-08,1.43640022887548e-13,2.05961656003872e-19,3.46944695195361e-18,2.63139154808123e-15
NC_k0060,-0.0447368421052632,-0.0447368421052632,0.32071905670098,80.993951126949,128.789118447004,73.8865063726652,168.588380518061,-67.3462531206067,-144.451017964825,-81.0522255889008,-154.105204037409,1,480,2.52635379110442,1.15246179243515,1.21400914256807,3.41805753755116,-9.20618934547018e-20,-3.26134154472507e-19,0,-1.75780512378949e-18,0.00126154539653876,0.000228649568745052,1,9.12547594984149e-20,-4.22805620308397e-20,1,0.0110124244131944,0.00201889622432736,0.00201889622432736,0.00192426675443053,0.0147006014428568,0.0022188640864324,0.0022188640864324,-0.00706517681456636,1,-1.0842021724855e-19,0,1,0.0110123334474974,0.00201917662658074,0.00201917662658074,0.00192480691079313,0.0146999782461227,0.00221917226199996,0.00221917226199996,-0.00706428849892152,13.8260248425408,-2.02417625932643,19.6942537281306,-5.9413744581267,19.6942537281306,-5.9413744581267,13.1506933848679,-22.5648876830695,1.73472347597681e-18,2.57764194518994e-19,1.20284080770071e-19,0,0,0,0.0110124244131944,0.00192426675443054,0.00201889622432736,0.0147006014428568,-0.00706517681456636,0.0022188640864324,1.59287362864654e-12,2.69580521502812e-08,1.1430596171393e-12,9.12547594984149e-20,6.93889390390723e-18,3.202043272208e-14
NC_k0060,-0.0280701754385965,-0.0280701754385965,0.320614033298465,79.6292494679061,136.090961844304,75.0480220922271,161.500752589767,-69.3995809657902,-146.712259541444,-78.7474946680241,-152.047514604441,1,480,1.50554771104964,0.811198256293076,0.764526169223092,2.15377953404223,-1.07047759176202e-18,-1.40051603872578e-18,0,3.55118563136365e-19,0.00125648670862559,0.000235773212142156,1,-5.90874112892798e-20,-2.15745320000391e-20,1,0.0110124244131944,0.00201889622432736,0.00201889622432736,0.00192426675443054,0.0147006014428568,0.0022188640864324,0.0022188640864324,-0.00706517681456636,1,-1.0842021724855e-19,0,1,0.0110123334474974,0.00201917662658074,0.00201917662658074,0.00192480691079313,0.0146999782461227,0.00221917226199996,0.00221917226199996,-0.00706428849892152,14.1419625539155,-1.79665348330921,19.438932118617,-5.86173679251135,19.438932118617,-5.86173679251135,13.120131319267,-22.5448014765138,8.67361737988404e-19,-5.28837062956209e-19,-4.8328653585298e-19,0,0,0,0.0110124244131944,0.00192426675443054,0.00201889622432736,0.0147006014428568,-0.00706517681456636,0.0022188640864324,1.86190160207337e-12,1.31079389763153e-08,2.59367361175816e-12,5.90874112892798e-20,3.46944695195361e-18,3.32429024604786e-14
NC_k0060,-0.0114035087719298,-0.0114035087719298,0.320719464761749,78.3546725744702,143.653619678987,76.4472504059318,154.066403161638,-72.1451882508695,-148.438115541897,-76.0977612227437,-150.45114771939,1,480,0.591291437512286,0.344319525177326,0.308751617687573,0.874213329135935,-6.98802181484798e-20,-1.61995051162385e-19,0,-5.41786095865492e-18,0.00125377200787335,0.000239862844529105,1,-3.88378607708911e-20,1.07785831503145e-19,1,0.0110124244131944,0.00201889622432736,0.00201889622432736,0.00192426675443054,0.0147006014428568,0.0022188640864324,0.0022188640864324,-0.00706517681456636,1,-1.0842021724855e-19,0,1,0.0110123334474974,0.00201917662658074,0.00201917662658074,0.00192480691079313,0.0146999782461227,0.00221917226199996,0.00221917226199996,-0.00706428849892152,14.3288740581114,-1.68873771907876,19.3029032831252,-5.81969365284638,19.3029032831252,-5.81969365284638,13.1258257122975,-22.5479362737955,8.67361737988404e-19,-2.80334892170026e-19,-6.31860970694025e-19,0,0,0,0.0110124244131944,0.00192426675443054,0.00201889622432736,0.0147006014428568,-0.00706517681456636,0.0022188640864324,7.80674779200781e-12,1.33287107850692e-08,2.5527633720425e-12,1.07785831503145e-19,5.20417042793042e-18,3.68667215787524e-14
NC_k0060,0.00526315789473684,0.00526315789473684,0.320740868838754,76.9745953009437,151.274395299673,77.8565346038442,146.462348072166,-75.0524868646734,-149.912392220282,-73.2178331004556,-148.994441106192,1,480,-0.271488331173887,-0.159725243018579,-0.14230047948351,-0.403316826193767,-9.89969757103464e-20,4.91940853897537e-19,0,6.64285588884185e-19,0.00125335421424781,0.000240509343728185,1,-1.09103270380412e-19,-4.282915397227e-20,1,0.0110124244131944,0.00201889622432736,0.00201889622432736,0.00192426675443054,0.0147006014428568,0.0022188640864324,0.0022188640864324,-0.00706517681456636,1,-1.0842021724855e-19,0,1,0.0110123334474974,0.00201917662658074,0.00201917662658074,0.00192480691079313,0.0146999782461227,0.00221917226199996,0.00221917226199996,-0.00706428849892152,14.3586938231489,-1.67304536302228,19.2815958061109,-5.8131894666898,19.2815958061109,-5.8131894666898,13.1279914015083,-22.5489608534215,8.67361737988404e-19,6.57743922750609e-20,-1.63759812974993e-19,0,0,0,0.0110124244131944,0.00192426675443054,0.00201889622432736,0.0147006014428568,-0.00706517681456636,0.0022188640864324,1.07089522484346e-11,7.89038524801098e-09,1.98012943500074e-13,1.09103270380412e-19,1.73472347597681e-18,1.74802365992706e-14
NC_k0060,0.0219298245614035,0.0219298245614035,0.320655153572241,75.5509865761852,158.793567710944,79.1683901651269,138.861928837162,-77.8090677933173,-151.426414241891,-70.3654892450517,-147.399109842543,1,480,-1.15832615461139,-0.647778929574717,-0.59601467778141,-1.68231208804535,3.99693671985623e-20,-5.74447156916026e-19,0,-7.81467303180897e-19,0.00125521557039831,0.000237669049192624,1,-5.7061337806562e-20,-7.76134322321892e-20,1,0.0110124244131944,0.00201889622432736,0.00201889622432736,0.00192426675443054,0.0147006014428568,0.0022188640864324,0.0022188640864324,-0.00706517681456636,1,-1.0842021724855e-19,0,1,0.0110123334474974,0.00201917662658074,0.00201917662658074,0.00192480691079313,0.0146999782461227,0.00221917226199996,0.00221917226199996,-0.00706428849892152,14.2281206278787,-1.74470577656731,19.3755686129282,-5.84206022589035,19.3755686129282,-5.84206022589035,13.1209421119572,-22.5454573113694,1.30104260698261e-18,-9.51411355985007e-20,-3.57980544767958e-20,0,0,0,0.0110124244131944,0.00192426675443054,0.00201889622432736,0.0147006014428568,-0.00706517681456636,0.0022188640864324,6.43044369045506e-13,2.33518396485948e-08,5.433726676655e-13,7.76134322321892e-20,2.60208521396521e-18,9.86772108582013e-15
NC_k0060,0.0385964912280702,0.0385964912280702,0.320607879412952,74.2671341519895,166.02578848637,80.4517374116906,131.425359760602,-80.242378417934,-153.266483817783,-67.9756225158532,-145.357673967209,1,480,-2.13741198062792,-1.04992161070594,-1.05182008514018,-2.95729807977129,4.27116363652981e-19,-1.38958401975028e-18,0,-8.20708751440413e-19,0.0012594146668625,0.000231558532953685,1,-1.85056150418571e-20,9.60602008849992e-20,1,0.0110124244131944,0.00201889622432736,0.00201889622432736,0.00192426675443054,0.0147006014428568,0.0022188640864324,0.0022188640864324,-0.00706517681456637,1,-1.0842021724855e-19,0,1,0.0110123334474974,0.00201917662658074,0.00201917662658074,0.00192480691079313,0.0146999782461227,0.00221917226199996,0.00221917226199996,-0.00706428849892152,13.9535619213013,-1.92471020922924,19.5849948616642,-5.90746725998241,19.5849948616642,-5.90746725998241,13.1309404204024,-22.5510794325545,1.0842021724855e-18,2.20570360337698e-19,4.11952855893731e-19,0,0,0,0.0110124244131944,0.00192426675443054,0.00201889622432736,0.0147006014428568,-0.00706517681456636,0.0022188640864324,1.65439218264279e-12,1.66189709509523e-08,1.94317632307188e-13,9.60602008849992e-20,6.93889390390723e-18,1.43709055455244e-14
NC_k0061,-0.0447368421052632,-0.0447368421052632,0.221227428795482,65.5421375908079,-35.6328289285261,63.8097199997768,-55.347260711545,-45.8130308197834,48.9172946989035,-75.8221227879896,40.1027410038791,1,480,-10.2429588638109,-3.12199332309946,-4.41043422168044,-4.1299053789521,7.29904172516792e-19,1.23064622813189e-19,0,1.27669040974904e-18,0.00194199575132752,-0.000230359185892838,1,6.23065584147667e-20,-4.25563504116344e-20,1,0.0144410819694882,-0.00741668693217575,-0.00741668693217575,0.0110534261280013,-0.00211563498216453,-0.00256145906364691,-0.00256145906364691,0.00179796924916267,1,0,2.71050543121376e-20,1,0.0144414069555371,-0.007417717027583,-0.007417717027583,0.0110539863679281,-0.00211550460815881,-0.0025618148218502,-0.0025618148218502,0.00179782784509677,13.150214438083,-24.7424561588997,-7.4370519368284,-3.0391984646832,-7.4370519368284,-3.0391984646832,-4.90167909781406,6.34350483614173,2.60208521396521e-18,5.54405636936769e-19,2.74675644613618e-20,0,0,0,0.0144410819694882,0.0110534261280014,-0.00741668693217575,-0.00211563498216453,0.00179796924916267,-0.00256145906364692,6.35072231800753e-13,2.41741095884181e-08,5.41406740478488e-13,6.23065584147667e-20,1.04083408558608e-17,5.64577778399244e-14
NC_k0061,-0.0280701754385965,-0.0280701754385965,0.22102237555173,65.0375566143238,-38.0993294072687,62.8891607372753,-51.1604909956481,-50.2968181575248,46.9944808703525,-69.9243851231168,40.3429802691694,1,480,-6.67413332164142,-1.99397860653939,-2.86047693629969,-2.60613442123546,1.27544633010776e-19,-8.92230095924198e-20,0,-1.43307386763587e-19,0.00193354578457545,-0.000228301635683004,1,2.17057364899978e-19,-2.09540170212665e-21,1,0.0144410819694882,-0.00741668693217575,-0.00741668693217575,0.0110534261280014,-0.00211563498216453,-0.00256145906364691,-0.00256145906364691,0.00179796924916267,1,0,2.71050543121376e-20,1,0.0144414069555371,-0.007417717027583,-0.007417717027583,0.0110539863679281,-0.00211550460815881,-0.0025618148218502,-0.0025618148218502,0.00179782784509677,13.3458396579162,-24.6061902090145,-7.24009569241241,-3.08504265227214,-7.24009569241241,-3.08504265227214,-4.99510364372318,6.23390915331829,2.60208521396521e-18,-1.72517131104137e-19,2.7971380398582e-19,0,0,0,0.0144410819694882,0.0110534261280014,-0.00741668693217575,-0.00211563498216453,0.00179796924916267,-0.00256145906364692,9.55098768782174e-13,1.84112798130117e-08,6.73216882336798e-13,2.17057364899978e-19,6.93889390390723e-18,4.13152032899252e-14
NC_k0061,-0.0114035087719298,-0.0114035087719298,0.22111388531527,64.0479105768903,-41.3443881556136,62.9280556646962,-46.8068884826452,-55.5586226707503,44.5993159243291,-63.7138035692082,41.642596876044,1,480,-2.75519950353049,-0.812737204928525,-1.17741911379148,-1.05998470405033,-4.01891490873176e-19,1.33895725753959e-19,0,5.32426381798332e-19,0.00192891553593565,-0.000227295755301861,1,2.91443965885473e-19,1.74154766718919e-20,1,0.0144410819694882,-0.00741668693217575,-0.00741668693217575,0.0110534261280014,-0.00211563498216453,-0.00256145906364691,-0.00256145906364691,0.00179796924916267,1,0,2.71050543121376e-20,1,0.0144414069555371,-0.007417717027583,-0.007417717027583,0.0110539863679281,-0.00211550460815881,-0.0025618148218502,-0.0025618148218502,0.00179782784509677,13.4696189103954,-24.5624090773234,-7.13004113374281,-3.11242578705135,-7.13004113374281,-3.11242578705135,-5.04116705822356,6.16930935165179,2.60208521396521e-18,-3.00893558248287e-19,2.68007100560714e-19,0,0,0,0.0144410819694882,0.0110534261280014,-0.00741668693217575,-0.00211563498216453,0.00179796924916267,-0.00256145906364692,1.09394381909194e-12,1.13571558132633e-08,5.15187602376558e-13,2.91443965885473e-19,5.20417042793042e-18,7.40604308493429e-14
NC_k0061,0.00526315789473684,0.00526315789473684,0.221137404564732,63.139707427537,-45.2487909181509,63.6733147703174,-42.7168041288737,-61.4441816848045,42.3380422030978,-57.6674719325073,43.720305902028,1,480,1.27446419676553,0.37513221535619,0.544366816000161,0.489200911550019,8.69904491191392e-20,-1.27488384729123e-19,0,4.63221143029695e-22,0.0019281960230929,-0.000227148474508452,1,1.2210509640687e-19,3.57158193106188e-20,1,0.0144410819694882,-0.00741668693217575,-0.00741668693217575,0.0110534261280014,-0.00211563498216453,-0.00256145906364691,-0.00256145906364691,0.00179796924916267,1,0,2.71050543121376e-20,1,0.0144414069555371,-0.007417717027583,-0.007417717027583,0.0110539863679281,-0.00211550460815881,-0.0025618148218502,-0.0025618148218502,0.00179782784509677,13.489761557581,-24.5571373561879,-7.11263849141834,-3.11676909654212,-7.11263849141834,-3.11676909654212,-5.04779418308014,6.1587689444362,2.60208521396521e-18,7.2685646011358e-19,2.4032745923534e-19,0,0,0,0.0144410819694882,0.0110534261280014,-0.00741668693217575,-0.00211563498216453,0.00179796924916267,-0.00256145906364692,2.07690277284976e-12,1.97281867750378e-08,1.14023446024776e-12,1.2210509640687e-19,8.67361737988404e-18,2.07096125849582e-14
NC_k0061,0.0219298245614035,0.0219298245614035,0.221052116452737,62.8024952379783,-49.5522243613123,64.7016675184446,-39.2086521745296,-67.6459958327273,40.7097260682429,-52.1507941357335,46.1324635355235,1,480,5.25537282218662,1.56099568190838,2.24940160635133,2.03745162746494,-5.44364252398697e-19,2.04737127774225e-19,0,-2.00376231584845e-20,0.00193138666788809,-0.000227821725839489,1,1.52242871090962e-19,3.47816811069064e-20,1,0.0144410819694882,-0.00741668693217575,-0.00741668693217575,0.0110534261280014,-0.00211563498216453,-0.00256145906364691,-0.00256145906364691,0.00179796924916267,1,0,2.71050543121376e-20,1,0.0144414069555371,-0.007417717027583,-0.007417717027583,0.0110539863679281,-0.00211550460815881,-0.0025618148218502,-0.0025618148218502,0.00179782784509677,13.4023600882952,-24.5835725433654,-7.18915517327392,-3.09766257801127,-7.18915517327392,-3.09766257801127,-5.01728924487667,6.20439933256199,1.73472347597681e-18,-1.44932023067187e-19,2.7971380398582e-19,0,0,0,0.0144410819694882,0.0110534261280014,-0.00741668693217575,-0.00211563498216453,0.00179796924916267,-0.00256145906364692,1.22257409807082e-12,1.84225888341067e-08,2.32173818222793e-12,1.52242871090962e-19,6.93889390390723e-18,7.40811256458716e-15
NC_k0061,0.0385964912280702,0.0385964912280702,0.221067309522955,63.3517583927206,-53.8522753735958,65.4422081917938,-36.4460365111197,-73.7170806810507,40.0576515745493,-47.3664573391919,48.2990338181652,1,480,8.99101618987829,2.71881687472204,3.86424491131812,3.57414028233559,-1.29642363044211e-19,2.59297960978223e-19,0,-1.173021517939e-18,0.00193846293755731,-0.000229454794714923,1,7.82216657948217e-20,-7.15640900202082e-20,1,0.0144410819694882,-0.00741668693217575,-0.00741668693217575,0.0110534261280014,-0.00211563498216453,-0.00256145906364691,-0.00256145906364691,0.00179796924916267,1,0,2.71050543121376e-20,1,0.0144414069555371,-0.007417717027583,-0.007417717027583,0.0110539863679281,-0.00211550460815881,-0.0025618148218502,-0.0025618148218502,0.00179782784509677,13.2264483890087,-24.67480762869,-7.35469731270724,-3.05744061787937,-7.35469731270724,-3.05744061787937,-4.94146484777746,6.29824794241353,1.73472347597681e-18,6.96338593687059e-20,3.60314866456485e-21,0,0,0,0.0144410819694882,0.0110534261280014,-0.00741668693217575,-0.00211563498216453,0.00179796924916267,-0.00256145906364692,6.35188183189014e-13,1.40536697435307e-08,3.91167275451142e-13,7.82216657948217e-20,6.93889390390723e-18,9.16533984293375e-15
NC_k0062,-0.0447368421052632,-0.0447368421052632,0.742693899846259,45.3689624992624,-93.3971445946704,34.4179654649092,-144.797001838627,-34.4164277176032,111.673864484726,-44.9120194693811,123.583346093098,1,480,-23.2433846324429,4.11493333427452,-6.31238892839548,-6.69113908848161,-1.1403181052411e-19,9.64029373093801e-19,0,6.95202291458967e-19,-0.000219545538303525,-0.000224591633900405,1,8.51103226551123e-20,4.3106495281607e-20,1,0.000514545245127711,-0.016965264742165,-0.016965264742165,-0.00641988876246026,-0.00428897221301671,0.00241466856620862,0.00241466856620862,0.00681719566742371,1,1.0842021724855e-19,0,1,0.000514201942844161,-0.0169676210289347,-0.0169676210289348,-0.00641975050682661,-0.00428854268941922,0.00241500393684282,0.00241500393684282,0.00681685392936283,5.77098706442155,-54.4430201192871,-18.5004699926549,-4.59351131441086,-18.5004699926549,-4.59351131441086,10.9761891199526,17.6997764768867,2.16840434497101e-18,3.09685121026234e-19,-2.08866893741741e-19,0,0,0,0.000514545245127712,-0.00641988876246026,-0.016965264742165,-0.00428897221301671,0.00681719566742371,0.00241466856620863,1.37601753785718e-13,2.78255985945483e-08,5.08355400764324e-13,8.51103226551123e-20,3.46944695195361e-18,3.30363947371791e-14
NC_k0062,-0.0280701754385965,-0.0280701754385965,0.740901591784789,42.1419276947346,-102.956878745672,33.9904896892823,-135.92435119923,-34.5145336781542,114.931297657969,-41.226878356521,121.019359022661,1,480,-14.837454612359,2.52023927541613,-4.0646810611911,-4.21064883963847,1.86929583547183e-18,-1.66055515353285e-18,0,-4.55280209149186e-18,-0.000225049846291217,-0.000226132028051,1,3.00251874337589e-19,5.36322012435561e-20,1,0.000514545245127711,-0.016965264742165,-0.016965264742165,-0.00641988876246026,-0.00428897221301671,0.00241466856620862,0.00241466856620862,0.00681719566742371,1,1.0842021724855e-19,0,1,0.000514201942844161,-0.0169676210289347,-0.0169676210289348,-0.00641975050682661,-0.00428854268941922,0.00241500393684282,0.00241500393684282,0.00681685392936283,5.41956233995183,-54.679562246453,-18.1426401939309,-4.64399251068222,-18.1426401939309,-4.64399251068222,10.983253015884,17.6952821246323,1.30104260698261e-18,3.3600555087646e-19,2.58260249888095e-19,0,0,0,0.000514545245127712,-0.00641988876246026,-0.016965264742165,-0.00428897221301671,0.00681719566742371,0.00241466856620863,2.05441459876263e-13,2.09337444082829e-08,6.87984581517649e-13,3.00251874337589e-19,2.60208521396521e-18,4.94496977991002e-15
NC_k0062,-0.0114035087719298,-0.0114035087719298,0.740336227128086,38.6576901677875,-112.754771262972,35.0851704945064,-126.298998653923,-35.301518645962,116.97996615678,-38.0822420955931,119.145325191094,1,480,-6.06108370603248,1.01147730141188,-1.66637011352478,-1.70861144044904,-1.72672960253709e-18,2.1572870375383e-20,0,-1.53545897513523e-18,-0.000228043570160625,-0.000227422643563778,1,4.10921753748359e-19,-9.49774596959202e-21,1,0.000514545245127714,-0.016965264742165,-0.016965264742165,-0.00641988876246026,-0.00428897221301671,0.00241466856620863,0.00241466856620863,0.00681719566742371,1,1.0842021724855e-19,0,1,0.000514201942844161,-0.0169676210289347,-0.0169676210289348,-0.00641975050682661,-0.00428854268941922,0.00241500393684282,0.00241500393684282,0.00681685392936283,5.24109108889957,-54.8614537073211,-17.9436452943474,-4.67527069665517,-17.9436452943474,-4.67527069665517,11.0032448508302,17.685192279717,1.73472347597681e-18,-2.19953376038849e-20,6.10494602834626e-20,0,0,0,0.000514545245127712,-0.00641988876246026,-0.016965264742165,-0.00428897221301671,0.00681719566742371,0.00241466856620863,3.22419993309152e-13,9.56110548515137e-09,9.90077242566451e-14,4.10921753748359e-19,1.95156391047391e-18,7.49810007901367e-15
NC_k0062,0.00526315789473684,0.00526315789473684,0.740261329290288,35.8393191000883,-122.6622508014,37.5077938389389,-116.400593994762,-37.1396685457138,118.556632977397,-35.8516774087645,117.579426595076,1,480,2.79925381305286,-0.466042960531372,0.769959581332093,0.788252336694459,2.84708949395852e-19,1.21271295245174e-18,0,-2.55788068203038e-18,-0.000228502904198198,-0.000227651416854505,1,3.03635593260221e-19,1.30195889814329e-20,1,0.000514545245127717,-0.016965264742165,-0.016965264742165,-0.00641988876246026,-0.00428897221301671,0.00241466856620862,0.00241466856620862,0.00681719566742371,1,1.0842021724855e-19,0,1,0.000514201942844161,-0.0169676210289347,-0.0169676210289348,-0.00641975050682661,-0.00428854268941922,0.00241500393684282,0.00241500393684282,0.00681685392936283,5.21410042290436,-54.8922217462462,-17.9120933263928,-4.68024130325719,-17.9120933263928,-4.68024130325719,11.0072985360976,17.6827004154916,8.67361737988404e-19,-4.56332010318244e-19,-3.47075913249699e-20,0,0,0,0.000514545245127712,-0.00641988876246026,-0.016965264742165,-0.00428897221301671,0.00681719566742371,0.00241466856620863,1.1953943513864e-12,2.10179483056317e-08,2.04324003399314e-12,3.03635593260221e-19,4.22838847269347e-18,4.06438142543352e-14
NC_k0062,0.0219298245614035,0.0219298245614035,0.740618538463236,34.2231850110145,-132.438794965577,40.8304054643156,-106.54799086175,-39.9816459240379,120.267599844544,-34.6938438559678,115.78814861502,1,480,11.6254007648622,-1.95758292417149,3.19037988742795,3.28849719069192,-4.51521500445745e-19,1.87750146714836e-18,0,-1.04084467349792e-18,-0.000226449908206712,-0.000226695067862351,1,3.98166719176554e-19,3.9531719791474e-20,1,0.000514545245127711,-0.016965264742165,-0.016965264742165,-0.00641988876246026,-0.00428897221301671,0.00241466856620862,0.00241466856620862,0.00681719566742371,1,1.0842021724855e-19,0,1,0.000514201942844161,-0.0169676210289347,-0.0169676210289348,-0.00641975050682661,-0.00428854268941922,0.00241500393684282,0.00241500393684282,0.00681685392936283,5.33516263909689,-54.760952578184,-18.0505794822376,-4.65834896360176,-18.0505794822376,-4.65834896360176,10.9913080088054,17.6918004899257,1.73472347597681e-18,1.563524101281e-19,2.65156526897333e-19,0,0,0,0.000514545245127712,-0.00641988876246026,-0.016965264742165,-0.00428897221301671,0.00681719566742371,0.00241466856620863,1.05546338714136e-13,1.4366030480474e-08,2.8559572688319e-13,3.98166719176554e-19,3.46944695195361e-18,1.30417209570272e-14
NC_k0062,0.0385964912280702,0.0385964912280702,0.741766125486004,34.0813919378361,-141.647516922731,44.2843268940109,-96.8755710211283,-43.5218104640096,122.536795647688,-34.4152716381358,113.054469805797,1,480,20.2248710703959,-3.51434996235889,5.51447196565217,5.78529149165178,-5.43583393900447e-19,7.0647841756929e-20,0,-3.2961228351217e-18,-0.000221850556316884,-0.000225088929602917,1,-3.05602445494137e-20,6.65104414158412e-20,1,0.000514545245127709,-0.016965264742165,-0.016965264742165,-0.00641988876246026,-0.0042889722130167,0.00241466856620862,0.00241466856620862,0.00681719566742371,1,1.0842021724855e-19,0,1,0.000514201942844161,-0.0169676210289347,-0.0169676210289348,-0.00641975050682661,-0.00428854268941922,0.00241500393684282,0.00241500393684282,0.00681685392936283,5.6196429304683,-54.5229218859235,-18.350040742224,-4.61310311630448,-18.350040742224,-4.61310311630448,10.9740919370336,17.6984038286266,2.16840434497101e-18,3.82142868930256e-19,-3.83884647984481e-19,0,0,0,0.000514545245127712,-0.00641988876246026,-0.016965264742165,-0.00428897221301671,0.00681719566742371,0.00241466856620863,1.28627499391557e-13,2.00593884481716e-08,1.03856702955369e-12,6.65104414158412e-20,4.33680868994202e-18,1.36202357818233e-14
NC_k0063,-0.0447368421052632,-0.0447368421052632,0.443282472277197,104.460617766328,0.627112479965359,108.159574967354,-29.5063191510609,-85.0347599927352,3.63432204016363,-118.160106552179,24.3090319477987,1,480,-10.0570962833382,14.7266121394978,1.54094023253273,-4.7267750045664,8.40415502353876e-20,-1.59469834188383e-18,0,4.83768309445513e-19,0.00151095902801305,0.00033085599959511,1,1.1743711184633e-19,1.08354701877525e-19,1,0.0132846561620654,-0.0098562838037297,-0.0098562838037297,-0.00177196758404015,0.00616208488741966,0.00847158768275763,0.00847158768275763,0.0036732306067995,1,-1.0842021724855e-19,-1.0842021724855e-19,1,0.0132843332356953,-0.00985765273203577,-0.00985765273203577,-0.00177124491153893,0.00616216922087336,0.00847276429215801,0.00847276429215801,0.00367348777735602,18.912574059842,-35.1078260787302,-2.98785340207241,-7.48104979144585,-2.98785340207241,-7.48104979144585,37.5261171616922,2.84813761040597,1.73472347597681e-18,-1.89998738475401e-19,-1.73060872141616e-19,0,0,0,0.0132846561620654,-0.00177196758404015,-0.0098562838037297,0.00616208488741966,0.0036732306067995,0.00847158768275763,3.07104204977538e-13,4.61708757185264e-08,1.3419664624301e-13,1.1743711184633e-19,2.60208521396521e-18,1.89093509446914e-14
NC_k0063,-0.0280701754385965,-0.0280701754385965,0.443724432125399,104.73520591708,-5.8988121606572,106.399281094041,-25.2260217052622,-90.0848573270017,8.72919491570126,-111.610517212027,21.5240415597075,1,480,-6.44646501165276,9.43484972806743,0.986166956416839,-3.01128485702412,3.11496366352769e-19,9.06325253562101e-19,0,-5.39315141939674e-19,0.00150073166622129,0.000334796713142806,1,2.81638905066564e-19,1.53691094851944e-20,1,0.0132846561620654,-0.0098562838037297,-0.0098562838037297,-0.00177196758404015,0.00616208488741966,0.00847158768275763,0.00847158768275763,0.0036732306067995,1,-1.0842021724855e-19,-1.0842021724855e-19,1,0.0132843332356953,-0.00985765273203577,-0.00985765273203577,-0.00177124491153893,0.00616216922087336,0.00847276429215801,0.00847276429215801,0.00367348777735602,19.0124158607644,-35.0096777538246,-2.82108065186795,-7.49552387685034,-2.82108065186795,-7.49552387685034,37.6126148749186,2.98567755607785,1.30104260698261e-18,-5.40499649271177e-19,-3.29614858907321e-19,0,0,0,0.0132846561620654,-0.00177196758404015,-0.0098562838037297,0.00616208488741966,0.0036732306067995,0.00847158768275763,2.84673483795203e-13,4.11106043329067e-08,1.73707299823126e-12,2.81638905066564e-19,3.46944695195361e-18,4.50369936754017e-15
NC_k0063,-0.0114035087719298,-0.0114035087719298,0.444562449548941,104.904506409631,-12.2138576271281,105.419003999453,-20.1396958896872,-95.9826409159283,13.1869383100725,-104.890155710142,18.319112456659,1,480,-2.63708849289715,3.8663199375867,0.405646376747566,-1.23160992224371,-9.98903307719036e-19,4.44152313804633e-18,0,2.77892981148415e-19,0.00149534428683231,0.0003368207674456,1,3.80218733467729e-19,-1.32519406881806e-19,1,0.0132846561620654,-0.0098562838037297,-0.0098562838037297,-0.00177196758404015,0.00616208488741966,0.00847158768275763,0.00847158768275763,0.0036732306067995,1,-1.0842021724855e-19,-1.0842021724855e-19,1,0.0132843332356953,-0.00985765273203577,-0.00985765273203577,-0.00177124491153893,0.00616216922087336,0.00847276429215801,0.00847276429215801,0.00367348777735602,19.0995174912211,-34.9975068624799,-2.72788220056412,-7.5121469231739,-2.72788220056412,-7.5121469231739,37.7137570272829,3.05039376347415,1.30104260698261e-18,-5.12966572601104e-19,-2.92463468350211e-19,0,0,0,0.0132846561620654,-0.00177196758404015,-0.0098562838037297,0.00616208488741966,0.0036732306067995,0.00847158768275763,1.81233361716902e-12,2.10563411731003e-08,1.15704866090704e-12,3.80218733467729e-19,5.20417042793042e-18,3.59616777593858e-14
NC_k0063,0.00526315789473684,0.00526315789473684,0.444725083291595,105.209703995726,-18.1026997099662,104.982096096679,-14.440039735967,-102.432281577046,17.0313494889964,-98.3099265380819,14.6670402831995,1,480,1.21805972992423,-1.78650774976206,-0.187587846546467,0.568972805606842,-8.19087477439809e-19,1.42693287876828e-18,0,-1.18346384599187e-18,0.00149452335771693,0.000337124870546873,1,2.44761372131675e-19,-6.16180551581104e-20,1,0.0132846561620654,-0.0098562838037297,-0.0098562838037297,-0.00177196758404015,0.00616208488741966,0.00847158768275763,0.00847158768275763,0.0036732306067995,1,-1.0842021724855e-19,-1.0842021724855e-19,1,0.0132843332356953,-0.00985765273203577,-0.00985765273203577,-0.00177124491153893,0.00616216922087336,0.00847276429215801,0.00847276429215801,0.00367348777735602,19.1149613102899,-34.9976907021374,-2.71321449608759,-7.51519182152828,-2.71321449608759,-7.51519182152828,37.7325002109608,3.05967308481138,2.16840434497101e-18,-2.77648145384279e-19,4.25307540733722e-20,0,0,0,0.0132846561620654,-0.00177196758404015,-0.0098562838037297,0.00616208488741966,0.0036732306067995,0.00847158768275763,2.87457338116227e-12,3.02294175422797e-08,5.40292186152922e-13,2.44761372131675e-19,3.46944695195361e-18,2.35912206818986e-14
NC_k0063,0.0219298245614035,0.0219298245614035,0.444070156477906,105.959601873514,-23.4352111513003,104.802259091058,-8.26662069295478,-109.138433737524,20.3906387103837,-92.1756919517702,10.4480690099206,1,480,5.05456165105999,-7.40251973142767,-0.774826166521341,2.3602556208991,-1.67680759820829e-18,2.43770788263867e-18,0,-1.32560656245298e-19,0.00149819765183527,0.000335755528789485,1,2.7959889156759e-19,-3.04962799023068e-20,1,0.0132846561620654,-0.0098562838037297,-0.0098562838037297,-0.00177196758404015,0.00616208488741966,0.00847158768275763,0.00847158768275763,0.0036732306067995,1,-1.0842021724855e-19,-1.0842021724855e-19,1,0.0132843332356953,-0.00985765273203577,-0.00985765273203577,-0.00177124491153893,0.00616216922087336,0.00847276429215801,0.00847276429215801,0.00367348777735602,19.0503911327952,-35.0010379019913,-2.77788251453687,-7.50257772276811,-2.77788251453687,-7.50257772276811,37.6555845827634,3.0169706696072,1.30104260698261e-18,-5.40499649271177e-19,-3.2961485890732e-19,0,0,0,0.0132846561620654,-0.00177196758404015,-0.0098562838037297,0.00616208488741966,0.0036732306067995,0.00847158768275763,2.52084820776299e-13,2.01170537294487e-08,8.90677495766451e-13,2.7959889156759e-19,3.46944695195361e-18,3.36264427216723e-14
NC_k0063,0.0385964912280702,0.0385964912280702,0.443271547591436,107.408930929799,-28.0364918063675,104.577964694676,-1.775396093786,-115.784787256847,23.3350098304194,-86.773331160704,5.57112332793979,1,480,8.7685999717402,-12.8287841059294,-1.33986076428245,4.10645305841401,-2.85019969306172e-19,-8.3096579103607e-19,0,-9.73664372868818e-19,0.00150662360879864,0.000332548834316065,1,4.25461531043709e-20,2.79592165392496e-19,1,0.0132846561620654,-0.00985628380372969,-0.00985628380372969,-0.00177196758404015,0.00616208488741966,0.00847158768275763,0.00847158768275763,0.0036732306067995,1,-1.0842021724855e-19,-1.0842021724855e-19,1,0.0132843332356953,-0.00985765273203577,-0.00985765273203577,-0.00177124491153893,0.00616216922087336,0.00847276429215801,0.00847276429215801,0.00367348777735602,18.9443064879069,-35.0524462653226,-2.91831905604815,-7.48432833142455,-2.91831905604815,-7.48432833142455,37.5450867711342,2.90818660223078,1.73472347597681e-18,-1.41651415542016e-19,-2.89745712012786e-19,0,0,0,0.0132846561620654,-0.00177196758404015,-0.0098562838037297,0.00616208488741966,0.0036732306067995,0.00847158768275763,5.21603306967176e-13,2.49780491618759e-08,8.13423279015611e-13,2.79592165392496e-19,3.46944695195361e-18,1.8784586400667e-14
