LoadCase,zeta1,zeta2,ALLSE,RF_LEFT_x,RF_LEFT_y,RF_RIGHT_x,RF_RIGHT_y,RF_BOTTOM_x,RF_BOTTOM_y,RF_TOP_x,RF_TOP_y,Volume,nBndNodes,Savg_11,Savg_22,Savg_33,Savg_12,Eavg_11,Eavg_22,Eavg_33,Eavg_12,Uavg_1,Uavg_2,Fbar_11,Fbar_12,Fbar_21,Fbar_22,G111,G112,G121,G122,G211,G212,G221,G222,Fbar_11_int,Fbar_12_int,Fbar_21_int,Fbar_22_int,G111_int,G112_int,G121_int,G122_int,G211_int,G212_int,G221_int,G222_int,Q111,Q112,Q121,Q122,Q211,Q212,Q221,Q222,fitResidMax,c1_fit,c2_fit,H11,H22,H12,G1_11,G1_22,G1_12,G2_11,G2_22,G2_12,HillResid,QSymResid,ForceBalanceResid,KubcErrF,KubcErrG,EnergyConsistencyResid
NC_k0000,-0.0671052631578948,-0.0671052631578948,0.373061245799732,34.879399467641,-2.6085951600301,74.472249327266,-11.944230601351,-44.1822773859923,2.7224705954611,-74.302449131266,20.4177802599902,1,320,27.9232859458963,-5.59673390136883,7.36776217469408,-4.90323534820839,-1.38447535228715e-18,8.15189802393459e-19,0,-7.97071238256097e-20,-0.00159434444168769,0.000881287328529112,1,9.0035084425819e-20,7.38397107527063e-20,1,-0.00523340711650885,0.0100210450899222,0.0100210450899222,-0.0151659745678761,0.00104088811922811,-0.00481258406506862,-0.00481258406506862,0.00423543471264215,1,0,0,1,-0.00523497994918804,0.0100241766665128,0.0100241766665128,-0.015165995436891,0.00104134379954134,-0.00481408799758895,-0.00481408799758895,0.00423539124505016,5.98948242355685,39.4952835006005,3.09608254894747,-13.0815064229435,3.09608254894747,-13.0815064229435,-14.8531062037053,3.44800257289439,1.40946282423116e-18,7.42438428948795e-19,-3.2710186682198e-19,0,0,0,-0.00523340711650885,-0.0151659745678761,0.0100210450899222,0.00104088811922811,0.00423543471264215,-0.00481258406506862,7.1472136658024e-14,9.03597333569527e-08,7.98703314898208e-13,9.0035084425819e-20,3.46944695195361e-18,9.07674078514312e-15
NC_k0000,-0.0421052631578947,-0.0421052631578947,0.367603141434172,43.2534711268829,-6.54999278832319,68.9098542979911,-11.8555782567344,-51.2145785041863,7.80609029400068,-70.0250242176743,19.1558254883618,1,320,18.1641703505979,-3.59068202417648,4.80925114771904,-3.18526867158997,-2.20006220137464e-18,1.68263094972067e-18,0,-5.96364134426231e-19,-0.00158561925411252,0.000869906581263644,1,2.54982888746548e-20,6.44697108070414e-20,1,-0.00523340711650885,0.0100210450899222,0.0100210450899222,-0.0151659745678761,0.00104088811922811,-0.00481258406506862,-0.00481258406506862,0.00423543471264215,1,0,0,1,-0.00523497994918804,0.0100241766665128,0.0100241766665128,-0.015165995436891,0.00104134379954134,-0.00481408799758895,-0.00481408799758895,0.00423539124505016,5.96501414760096,39.7785466548524,2.64015040479006,-12.6107142421275,2.64015040479006,-12.6107142421275,-14.7937918845792,3.64910763329587,2.18534500391609e-18,5.31989838508913e-19,-1.36633444266369e-19,0,0,0,-0.00523340711650885,-0.0151659745678761,0.0100210450899222,0.00104088811922811,0.00423543471264215,-0.00481258406506862,2.52138794824337e-13,7.17568630302475e-08,9.77036344824882e-13,6.44697108070414e-20,5.20417042793042e-18,2.41613392158449e-15
NC_k0000,-0.0171052631578947,-0.0171052631578947,0.365089588398204,51.6119444336906,-9.30416467462453,62.2015471149014,-11.3298520735056,-57.6293406886381,12.2486410392093,-65.2252725749655,16.9175633748307,1,320,7.50458660451442,-1.47017463273753,1.99135595068639,-1.31553139151081,-9.21254209257458e-19,-3.09008207070209e-19,0,1.1138483256394e-19,-0.00158097302094311,0.000863772813272981,1,-1.98875028111733e-19,-7.36830056457287e-21,1,-0.00523340711650886,0.0100210450899222,0.0100210450899222,-0.0151659745678761,0.00104088811922811,-0.00481258406506862,-0.00481258406506862,0.00423543471264215,1,0,0,1,-0.00523497994918804,0.0100241766665128,0.0100241766665128,-0.015165995436891,0.00104134379954134,-0.00481408799758895,-0.00481408799758895,0.00423539124505016,5.93692407502069,40.0175193161156,2.3701887921682,-12.3510584731921,2.3701887921682,-12.3510584731921,-14.7885773624561,3.79787358978565,1.73472347597681e-18,1.32980175372782e-18,-4.63253610157141e-19,0,0,0,-0.00523340711650885,-0.0151659745678761,0.0100210450899222,0.00104088811922811,0.00423543471264215,-0.00481258406506862,5.95514716378608e-13,3.48633075583486e-08,1.23706104135497e-12,1.98875028111733e-19,5.20417042793042e-18,9.80709767738132e-14
NC_k0000,0.00789473684210525,0.00789473684210525,0.36472123675981,59.4866691531252,-10.9576713641324,54.5881881460911,-10.0320046728886,-63.306164348676,15.8383864268245,-59.8043817312083,13.6792585622085,1,320,-3.4721185258021,0.679128638556129,-0.921686662791158,0.608705714639404,-3.43588327141866e-18,1.70412441075725e-19,0,3.18272629930803e-19,-0.00158026913229543,0.000862837631958748,1,-2.16909762429142e-19,-1.94406880261072e-20,1,-0.00523340711650886,0.0100210450899222,0.0100210450899222,-0.0151659745678761,0.00104088811922811,-0.00481258406506862,-0.00481258406506862,0.00423543471264215,1,0,0,1,-0.00523497994918804,0.0100241766665128,0.0100241766665128,-0.015165995436891,0.00104134379954134,-0.00481408799758895,-0.00481408799758895,0.00423539124505016,5.93139370952828,40.0593928572349,2.32673171799207,-12.310194868568,2.32673171799207,-12.310194868568,-14.7891152890197,3.82367129853213,2.60208521396521e-18,1.76529530824885e-18,-4.81325058086811e-19,0,0,0,-0.00523340711650885,-0.0151659745678761,0.0100210450899222,0.00104088811922811,0.00423543471264215,-0.00481258406506862,5.84094230658289e-13,6.5170041910511e-08,9.92787027441493e-13,2.16909762429142e-19,8.67361737988404e-18,1.06541111252785e-15
NC_k0000,0.0328947368421052,0.0328947368421052,0.36639934345438,66.561778719268,-11.7312672191195,46.3653284690692,-7.70082758013554,-68.3223211210687,18.4477677201819,-53.6648942424371,9.52979674149094,1,320,-14.3061600702852,2.81634901132576,-3.79163764945659,2.50812699357703,-1.99613901932317e-18,9.66252834580343e-19,0,-2.72612260117876e-19,-0.00158344361251588,0.000867039145228874,1,-2.85770597108653e-19,-5.85660833173275e-20,1,-0.00523340711650885,0.0100210450899222,0.0100210450899222,-0.0151659745678761,0.00104088811922811,-0.00481258406506862,-0.00481258406506862,0.00423543471264215,1,0,0,1,-0.00523497994918804,0.0100241766665128,0.0100241766665128,-0.015165995436891,0.00104134379954134,-0.00481408799758895,-0.00481408799758895,0.00423539124505016,5.95352627984266,39.8835249314713,2.51627191489192,-12.4902327774502,2.51627191489192,-12.4902327774502,-14.7894687333622,3.71485612205004,1.97866896478605e-18,1.1230091581979e-18,-5.82012343201266e-19,0,0,0,-0.00523340711650885,-0.0151659745678761,0.0100210450899222,0.00104088811922811,0.00423543471264215,-0.00481258406506862,4.48895722688062e-13,5.251538449131e-08,1.0587677646088e-12,2.85770597108653e-19,3.46944695195361e-18,1.59079730447382e-14
NC_k0000,0.0578947368421052,0.0578947368421052,0.370610525047783,72.5634927778612,-11.940918248518,37.9241205914676,-4.19606552199508,-72.78138986064,20.0607152634555,-46.8176024535949,4.65558997062349,1,320,-24.4810043161036,4.88237254664692,-6.46754848392069,4.29586871690556,-2.06188995185378e-18,1.03216258578857e-18,0,-1.16228802231051e-19,-0.00159062315062208,0.000876483708779429,1,-1.15132430860714e-19,-6.20909062795314e-20,1,-0.00523340711650886,0.0100210450899222,0.0100210450899222,-0.0151659745678761,0.00104088811922811,-0.00481258406506862,-0.00481258406506862,0.00423543471264215,1,0,0,1,-0.00523497994918804,0.0100241766665128,0.0100241766665128,-0.015165995436891,0.00104134379954134,-0.00481408799758895,-0.00481408799758895,0.00423539124505016,5.98252212613969,39.5869606734118,2.91042526061173,-12.8837761823332,2.91042526061173,-12.8837761823332,-14.8187762693518,3.52183000231395,8.67361737988404e-19,1.10475678964667e-18,-6.47549983052117e-19,0,0,0,-0.00523340711650885,-0.0151659745678761,0.0100210450899222,0.00104088811922811,0.00423543471264215,-0.00481258406506862,3.43937336476778e-14,3.27524798254311e-08,2.43374576913837e-13,1.15132430860714e-19,5.20417042793042e-18,4.79305556465571e-15
NC_k0001,-0.0671052631578948,-0.0671052631578948,0.293005593083204,154.748563299731,32.5447129288012,187.238788526506,27.3001884969948,-131.252979311214,-43.6376970527655,-197.93538600497,-23.7418257890051,1,320,6.18745431253471,9.17029935988883,5.0680587118998,-8.54031108433357,-1.15804954885179e-18,-2.4397195858884e-19,0,-2.9107493139006e-19,0.00154799583089039,-0.00120356824734892,1,3.49593875716652e-20,-4.30700766923942e-20,1,0.0167936705423597,-0.000560010168439073,-0.000560010168439073,-0.00184734565890285,-0.00691428473759986,0.00121998686912674,0.00121998686912674,-0.00805919542814356,1,0,0,1,0.0167927980537847,-0.00056018517161671,-0.00056018517161671,-0.00184530548869637,-0.00691495908531653,0.00122036811502334,0.00122036811502334,-0.00805969088356484,29.6629217330358,-5.16148367702324,0.351529484323845,-16.4896907927906,0.351529484323845,-16.4896907927906,16.3355156201418,-7.1129607667672,8.67361737988404e-19,-5.16739114526178e-19,2.13829111376666e-19,0,0,0,0.0167936705423597,-0.00184734565890285,-0.000560010168439073,-0.00691428473759986,-0.00805919542814356,0.00121998686912674,3.57003138778051e-13,1.86726346049134e-08,7.53993888070126e-13,4.30700766923942e-20,3.46944695195361e-18,4.16799322578419e-15
NC_k0001,-0.0421052631578947,-0.0421052631578947,0.30156107954046,164.750083707369,31.3173944618494,184.284477412023,28.6144555710947,-146.785834169635,-40.1887636392995,-189.410528876236,-27.2642684402806,1,320,3.76374372304344,6.26970688259839,3.31103869986182,-5.50944388933801,-6.94090560715696e-19,2.94137154017731e-19,0,-4.95567213702969e-19,0.00152776853489701,-0.00119324545179712,1,6.66232872859062e-20,-3.48532233876279e-20,1,0.0167936705423597,-0.000560010168439073,-0.000560010168439073,-0.00184734565890285,-0.00691428473759986,0.00121998686912674,0.00121998686912674,-0.00805919542814356,1,0,0,1,0.0167927980537847,-0.00056018517161671,-0.00056018517161671,-0.00184530548869637,-0.00691495908531653,0.00122036811502334,0.00122036811502334,-0.00805969088356484,30.5351833895677,-4.58445459241244,0.408947765238964,-16.5086781635388,0.408947765238964,-16.5086781635388,16.2286705553076,-7.52655426562613,1.0842021724855e-18,5.98094137616335e-20,-1.4559282758928e-19,0,0,0,0.0167936705423597,-0.00184734565890285,-0.000560010168439073,-0.00691428473759986,-0.00805919542814356,0.00121998686912674,2.41816817088549e-13,2.84062472762098e-08,1.0030439847455e-12,6.66232872859062e-20,3.46944695195361e-18,2.28258327074746e-14
NC_k0001,-0.0171052631578947,-0.0171052631578947,0.306771984317171,172.697605003468,30.5669009459996,180.413242014864,29.6102660899412,-161.390508266331,-36.5192174591502,-178.865960092924,-31.1720127794674,1,320,1.50380909506413,2.65856181053326,1.37358239884714,-2.26748972335045,-1.32502422730174e-18,-2.83253111517758e-19,0,-5.42789300512396e-19,0.00151646463291965,-0.00118739845048714,1,6.26419064146505e-20,-2.5125520617657e-20,1,0.0167936705423597,-0.000560010168439073,-0.000560010168439073,-0.00184734565890285,-0.00691428473759986,0.00121998686912674,0.00121998686912674,-0.00805919542814357,1,0,0,1,0.0167927980537847,-0.00056018517161671,-0.00056018517161671,-0.00184530548869637,-0.00691495908531653,0.00122036811502334,0.00122036811502334,-0.00805969088356484,31.0623687357248,-4.28971255412969,0.437021342848343,-16.5383778093621,0.437021342848343,-16.5383778093621,16.2359423001138,-7.76427395418207,8.67361737988404e-19,-5.18476919987823e-19,7.00706082810237e-19,0,0,0,0.0167936705423597,-0.00184734565890285,-0.000560010168439073,-0.00691428473759986,-0.00805919542814356,0.00121998686912674,1.44716096285319e-12,1.85860004647242e-08,1.12946997807481e-12,6.26419064146505e-20,3.46944695195361e-18,1.64666756427853e-14
NC_k0001,0.00789473684210525,0.00789473684210525,0.307615715380793,178.650511351345,29.8989727468135,175.105624753264,30.3301959109592,-174.487745937471,-32.6335824983992,-166.411357069014,-35.1084664182497,1,320,-0.692418285647134,-1.23483266674666,-0.635992814289956,1.04853653541598,3.88046968960876e-20,5.29263243135929e-20,0,-1.69062482316038e-19,0.00151469132016203,-0.00118647724263072,1,3.60053088703582e-20,-2.15415252021764e-21,1,0.0167936705423597,-0.000560010168439073,-0.000560010168439073,-0.00184734565890285,-0.00691428473759986,0.00121998686912674,0.00121998686912674,-0.00805919542814357,1,0,0,1,0.0167927980537847,-0.00056018517161671,-0.00056018517161671,-0.00184530548869637,-0.00691495908531653,0.00122036811502334,0.00122036811502334,-0.00805969088356484,31.1474642243037,-4.24506239184073,0.441212617352579,-16.5439613013326,0.441212617352579,-16.5439613013326,16.2412514010395,-7.80208706817813,1.30104260698261e-18,5.98094137616335e-20,7.00706082810237e-19,0,0,0,0.0167936705423597,-0.00184734565890285,-0.000560010168439073,-0.00691428473759986,-0.00805919542814356,0.00121998686912674,1.49086744221282e-12,2.05522443227763e-08,5.07188942126e-13,3.60053088703582e-20,3.46944695195361e-18,6.49642181593839e-15
NC_k0001,0.0328947368421052,0.0328947368421052,0.303947764915169,182.995040361182,29.0208146782869,167.927173389513,31.0077668611132,-185.759865401293,-28.6806535808172,-152.316487317945,-38.8656090555671,1,320,-2.9175466087906,-4.99894077449272,-2.61244083648351,4.33113646478381,-1.17959925817002e-18,-4.84185208474239e-19,0,-8.42956601195639e-19,0.00152252139022988,-0.00119053834980743,1,1.47509802320791e-19,-9.52442551168919e-20,1,0.0167936705423597,-0.000560010168439074,-0.000560010168439074,-0.00184734565890285,-0.00691428473759986,0.00121998686912674,0.00121998686912674,-0.00805919542814356,1,0,0,1,0.0167927980537847,-0.00056018517161671,-0.00056018517161671,-0.00184530548869637,-0.00691495908531653,0.00122036811502334,0.00122036811502334,-0.00805969088356484,30.7770034940066,-4.44512559218369,0.422280808207286,-16.5211515982007,0.422280808207286,-16.5211515982007,16.2262249768232,-7.63638709898165,2.16840434497101e-18,-5.17118980233899e-20,6.13485216925773e-19,0,0,0,0.0167936705423597,-0.00184734565890285,-0.000560010168439073,-0.00691428473759986,-0.00805919542814356,0.00121998686912674,4.21085775896776e-13,2.66169106601743e-08,3.2828276477334e-13,1.47509802320791e-19,6.93889390390723e-18,1.09580311432955e-14
NC_k0001,0.0578947368421052,0.0578947368421052,0.296427245345229,186.220247702773,27.8145323772423,158.643654993182,32.0120026289883,-195.027255917752,-24.9678386932428,-137.018014079583,-42.3901706372307,1,320,-5.26937417756355,-8.21070659049012,-4.44842665345775,7.46018321794897,1.73938215718671e-18,2.93642500011424e-19,0,7.55976905424463e-19,0.00153961204042345,-0.0011992919564917,1,1.36203017157349e-19,2.52100424568409e-20,1,0.0167936705423597,-0.000560010168439073,-0.000560010168439073,-0.00184734565890285,-0.00691428473759986,0.00121998686912674,0.00121998686912674,-0.00805919542814357,1,0,0,1,0.0167927980537847,-0.00056018517161671,-0.00056018517161671,-0.00184530548869637,-0.00691495908531653,0.00122036811502334,0.00122036811502334,-0.00805969088356484,30.0128269695795,-4.91366333537003,0.37662289818624,-16.491054816401,0.37662289818624,-16.491054816401,16.2721176569544,-7.28294560079807,1.73472347597681e-18,-1.32400761499165e-19,6.96920258973837e-19,0,0,0,0.0167936705423597,-0.00184734565890285,-0.000560010168439073,-0.00691428473759986,-0.00805919542814356,0.00121998686912674,2.75841664206895e-13,3.11823590945805e-08,5.19416798905171e-14,1.36203017157349e-19,3.46944695195361e-18,3.63298701720953e-14
NC_k0002,-0.0671052631578948,-0.0671052631578948,0.78008878310049,-134.147071278282,54.7083198187189,-113.882759520201,84.7155493530974,99.4560759827413,-87.7882801378395,151.406265721796,-52.8307515496914,1,320,17.2051221835488,33.3542607394729,16.6845963645971,11.7467193597185,-5.25562437075367e-19,4.32198561336507e-19,0,-6.93561165123662e-19,7.32531766835106e-05,-0.000433552090145426,1,2.61432646821361e-19,-1.91171121362921e-19,1,-0.0072609762275046,0.00798862637180395,0.00798862637180395,0.00271554906894998,-0.00216661494335418,0.0151594699561672,0.0151594699561672,-0.00644841969049437,1,1.35525271560688e-20,0,1,-0.0072603743672142,0.00799112281754513,0.00799112281754513,0.00271459209716282,-0.00216728598414043,0.0151642072905285,0.0151642072905285,-0.00644842169928888,-19.5968231032598,26.6190944939551,7.90272797676612,17.7298942192373,7.90272797676612,17.7298942192373,50.4519422749633,-12.0151509313533,2.60208521396521e-18,8.86118609928997e-20,5.44155825081356e-19,0,0,0,-0.0072609762275046,0.00271554906894998,0.00798862637180394,-0.00216661494335417,-0.00644841969049437,0.0151594699561672,6.83290762386281e-14,5.41843230706217e-08,3.19193888023378e-13,2.61432646821361e-19,6.93889390390723e-18,5.55048334220227e-15
NC_k0002,-0.0421052631578947,-0.0421052631578947,0.780328915091494,-130.463587184767,57.7974707063369,-114.779979542386,77.6433020607442,107.027182405478,-80.7650974792976,141.083345111344,-55.7915790337269,1,320,11.1436542834413,21.4904055586917,10.7692397479039,7.42129841328272,-2.89791147079378e-19,-1.57421073247212e-18,0,-1.02914503091397e-18,8.36911033364936e-05,-0.000419631821699744,1,7.67037890324309e-20,-1.58681547281408e-19,1,-0.0072609762275046,0.00798862637180395,0.00798862637180395,0.00271554906894998,-0.00216661494335417,0.0151594699561672,0.0151594699561672,-0.00644841969049436,1,1.35525271560688e-20,0,1,-0.0072603743672142,0.00799112281754513,0.00799112281754513,0.00271459209716282,-0.00216728598414043,0.0151642072905285,0.0151642072905285,-0.00644842169928888,-19.5455288762109,26.7968026090812,7.9432457025679,17.3758702311351,7.9432457025679,17.3758702311351,50.9183918300624,-11.7754476096757,1.73472347597681e-18,3.07349888972262e-19,-9.77403241181557e-20,0,0,0,-0.0072609762275046,0.00271554906894998,0.00798862637180394,-0.00216661494335417,-0.00644841969049437,0.0151594699561672,1.23491253378912e-13,4.86712590141509e-08,6.25899825702997e-13,1.58681547281408e-19,3.46944695195361e-18,1.52235629537018e-14
NC_k0002,-0.0171052631578947,-0.0171052631578947,0.781039829007048,-125.049116595654,62.1024931554823,-118.030042576227,70.441219893962,115.881179446527,-72.205108391651,130.08009279809,-61.4111705810302,1,320,4.58300808420264,8.82266880375172,4.42387337302492,3.01854605094392,-2.64922789143583e-19,-7.78185050510287e-19,0,-1.66018457661843e-18,8.98494919745911e-05,-0.000411751761382797,1,-2.48355473566967e-20,5.1532935530302e-20,1,-0.0072609762275046,0.00798862637180395,0.00798862637180395,0.00271554906894998,-0.00216661494335417,0.0151594699561672,0.0151594699561672,-0.00644841969049437,1,1.35525271560688e-20,0,1,-0.0072603743672142,0.00799112281754513,0.00799112281754513,0.00271459209716282,-0.00216728598414043,0.0151642072905285,0.0151642072905285,-0.00644842169928888,-19.5185379569949,26.919676686394,7.96552639666931,17.1749603462646,7.96552639666931,17.1749603462646,51.2378591332747,-11.6598861618218,1.30104260698261e-18,1.38090106892358e-19,9.53182544998191e-20,0,0,0,-0.0072609762275046,0.00271554906894998,0.00798862637180394,-0.00216661494335417,-0.00644841969049437,0.0151594699561672,3.26774949221786e-13,2.00148845664481e-08,2.09633950264305e-13,5.1532935530302e-20,3.46944695195361e-18,9.66598153777756e-15
NC_k0002,0.00789473684210525,0.00789473684210525,0.781166496426591,-119.705275494183,67.9567205273359,-122.990871610997,64.0874941607452,126.080337689859,-64.0415002326877,119.500538423747,-69.0683350335629,1,320,-2.1185995753819,-4.07747419953496,-2.04470434572257,-1.39311434011147,-3.34922121300271e-19,-1.9265234989707e-18,0,-6.41309820189912e-19,9.08460877162597e-05,-0.000410510582474081,1,-7.96016740335461e-20,6.99130609011088e-20,1,-0.0072609762275046,0.00798862637180395,0.00798862637180395,0.00271554906894998,-0.00216661494335418,0.0151594699561672,0.0151594699561672,-0.00644841969049437,1,1.35525271560688e-20,0,1,-0.0072603743672142,0.00799112281754513,0.00799112281754513,0.00271459209716282,-0.00216728598414043,0.0151642072905285,0.0151642072905285,-0.00644842169928888,-19.5138829462268,26.9397552957752,7.9687320854524,17.1426838671803,7.9687320854524,17.1426838671803,51.2904130317377,-11.6425671785211,3.46944695195361e-18,2.1037589861104e-19,1.02624705593929e-18,0,0,0,-0.0072609762275046,0.00271554906894998,0.00798862637180394,-0.00216661494335417,-0.00644841969049437,0.0151594699561672,2.69885965712294e-13,3.79209049237267e-08,5.83059886924375e-13,7.96016740335461e-20,8.67361737988404e-18,3.83734092565453e-15
NC_k0002,0.0328947368421052,0.0328947368421052,0.780634397087386,-115.730395750218,74.9496321399983,-128.567268288877,59.2063395506314,137.047401156807,-57.5767350120832,110.124420822284,-77.6750992043278,1,320,-8.75976624838584,-16.8773362333869,-8.46024381898499,-5.80230639433956,1.34458870314985e-18,7.77682124697854e-20,0,-1.1138483256394e-19,8.65252630017673e-05,-0.00041597876897915,1,-7.61653873568773e-21,2.43018223473247e-19,1,-0.0072609762275046,0.00798862637180395,0.00798862637180395,0.00271554906894998,-0.00216661494335417,0.0151594699561672,0.0151594699561672,-0.00644841969049437,1,1.35525271560688e-20,0,1,-0.0072603743672142,0.00799112281754513,0.00799112281754513,0.00271459209716282,-0.00216728598414043,0.0151642072905285,0.0151642072905285,-0.00644842169928888,-19.5334997804196,26.8525752531428,7.9539678719071,17.2834624309734,7.9539678719071,17.2834624309734,51.0632597999342,-11.7205598786022,2.60208521396521e-18,1.78739968346383e-19,4.98763511331737e-19,0,0,0,-0.0072609762275046,0.00271554906894998,0.00798862637180394,-0.00216661494335417,-0.00644841969049437,0.0151594699561672,1.77874222393446e-13,3.94235349746223e-08,7.53936972012054e-13,2.43018223473247e-19,6.93889390390723e-18,1.13776490379363e-14
NC_k0002,0.0578947368421052,0.0578947368421052,0.779938944866552,-113.91453731441,82.1915057854652,-133.111840233492,55.7583975686623,147.753728461497,-53.5913184134591,102.120688357145,-85.5208044975904,1,320,-15.0662888964858,-29.1358278692834,-14.5866985327039,-10.1732285477444,1.934279144394e-19,1.6832132848719e-18,0,5.73335426172755e-20,7.74662721000271e-05,-0.000427807026439011,1,1.19750245421658e-20,1.93274752471537e-19,1,-0.0072609762275046,0.00798862637180394,0.00798862637180394,0.00271554906894998,-0.00216661494335418,0.0151594699561672,0.0151594699561672,-0.00644841969049437,1,1.35525271560688e-20,0,1,-0.0072603743672142,0.00799112281754513,0.00799112281754513,0.00271459209716282,-0.00216728598414043,0.0151642072905285,0.0151642072905285,-0.00644842169928888,-19.5730242837725,26.6834254277712,7.91835964607745,17.5814257567066,7.91835964607745,17.5814257567066,50.6238037709148,-11.9092087495732,2.60208521396521e-18,-8.06479210870039e-20,8.70331289919893e-19,0,0,0,-0.0072609762275046,0.00271554906894998,0.00798862637180394,-0.00216661494335417,-0.00644841969049437,0.0151594699561672,1.48396419916334e-13,3.55724064912799e-08,4.34016444838163e-13,1.93274752471537e-19,6.93889390390723e-18,2.41990626867043e-15
NC_k0003,-0.0671052631578948,-0.0671052631578948,0.326436102481585,-123.84136680962,-3.66149856907019,-139.088167780947,17.1862065162098,104.374727960384,12.3796891233127,151.283779382621,-14.2204824844968,1,320,8.3963788401378,-13.4207268107652,-1.65803483030704,9.37584482800253,6.45875857171205e-19,4.44268780834881e-19,0,1.07231724144434e-18,-0.0005383358670942,0.00173299835776319,1,1.2606027789582e-19,1.15262444389235e-19,1,-0.0089034159467886,0.00659383141145556,0.00659383141145556,0.00818599167466987,0.011081958503288,-0.00383992549913756,-0.00383992549913756,0.00852556625629547,1,-1.0842021724855e-19,2.16840434497101e-19,1,-0.00890210886120381,0.00659589198377164,0.00659589198377164,0.00818462854031381,0.0110825247040796,-0.00384112547585604,-0.00384112547585604,0.00852653189337568,-21.7076262572351,25.4703933936455,6.7046588015129,13.8593839652119,6.7046588015129,13.8593839652119,-23.8177155816074,2.51602100385737,1.30104260698261e-18,-2.84422883261692e-19,-5.41452313340827e-19,0,0,0,-0.00890341594678861,0.00818599167466987,0.00659383141145556,0.011081958503288,0.00852556625629547,-0.00383992549913756,1.57110385905238e-13,5.93702004128085e-08,7.87556121805918e-13,1.2606027789582e-19,2.60208521396521e-18,1.95559937858122e-14
NC_k0003,-0.0421052631578947,-0.0421052631578947,0.327097366115185,-129.041385397088,0.680381884946186,-137.52346522441,13.3745194719677,114.743089962599,7.26976574134503,144.583623308308,-9.62400365187719,1,320,5.47297364436893,-8.92456141248484,-1.13902396347825,6.01028173746622,8.56085611878081e-19,4.50886225735305e-19,0,-1.37536974810417e-19,-0.000519037276151631,0.00172466811577856,1,9.89299325610297e-20,1.3524685155389e-19,1,-0.0089034159467886,0.00659383141145556,0.00659383141145556,0.00818599167466987,0.011081958503288,-0.00383992549913756,-0.00383992549913756,0.00852556625629546,1,-1.0842021724855e-19,2.16840434497101e-19,1,-0.00890210886120381,0.00659589198377164,0.00659589198377164,0.00818462854031381,0.0110825247040796,-0.00384112547585604,-0.00384112547585604,0.00852653189337568,-22.0061734365467,25.4205150351774,6.44480517688122,13.9641448439831,6.44480517688122,13.9641448439831,-23.7863490594962,2.89741369340175,1.73472347597681e-18,-3.11558711738218e-19,-7.02770984905734e-20,0,0,0,-0.00890341594678861,0.00818599167466987,0.00659383141145556,0.011081958503288,0.00852556625629547,-0.00383992549913756,3.41256411423333e-13,6.08355811727146e-08,3.45056754328422e-13,1.3524685155389e-19,5.20417042793042e-18,1.69708340640413e-15
NC_k0003,-0.0171052631578947,-0.0171052631578947,0.328066506240241,-132.66842324434,4.50094315266346,-135.877550581076,9.56599728078445,124.553839990671,2.2774389636462,136.773088414909,-4.63970219764055,1,320,2.25610393339494,-3.73248973281248,-0.487207313807796,2.46408055749389,-6.35433529118335e-19,2.48815928255951e-20,0,4.00328946696064e-19,-0.000508206636249537,0.00172021437627017,1,-5.72830487531152e-20,4.28286986867665e-20,1,-0.0089034159467886,0.00659383141145556,0.00659383141145556,0.00818599167466987,0.011081958503288,-0.00383992549913756,-0.00383992549913756,0.00852556625629547,1,-1.0842021724855e-19,2.16840434497101e-19,1,-0.00890210886120381,0.00659589198377164,0.00659589198377164,0.00818462854031381,0.0110825247040796,-0.00384112547585604,-0.00384112547585604,0.00852653189337568,-22.2174433984413,25.4380635110247,6.30071416462904,14.0389415551165,6.30071416462904,14.0389415551165,-23.842403131654,3.12592018414234,1.0842021724855e-18,-4.08532702099439e-19,-8.91887810247552e-19,0,0,0,-0.00890341594678861,0.00818599167466987,0.00659383141145556,0.011081958503288,0.00852556625629547,-0.00383992549913756,6.52720725209251e-13,3.04252815156008e-08,4.18352214286216e-13,5.72830487531152e-20,3.46944695195361e-18,2.77499489547391e-14
NC_k0003,0.00789473684210525,0.00789473684210525,0.328251483865841,-135.158109316702,8.19013969036944,-133.693592853142,5.85918782435066,133.641144146478,-2.77030908732762,127.994667054408,0.426209775316417,1,320,-1.04319394650186,1.7301346703299,0.226690438863257,-1.13871222472733,-2.6252727408963e-19,5.35642460019938e-19,0,3.22243096871058e-19,-0.000506510528020622,0.001719533636666,1,-4.2454700722788e-20,-1.54435934950833e-20,1,-0.0089034159467886,0.00659383141145556,0.00659383141145556,0.00818599167466987,0.011081958503288,-0.00383992549913756,-0.00383992549913756,0.00852556625629547,1,-1.0842021724855e-19,2.16840434497101e-19,1,-0.00890210886120381,0.00659589198377164,0.00659589198377164,0.00818462854031381,0.0110825247040796,-0.00384112547585604,-0.00384112547585604,0.00852653189337568,-22.2532454230394,25.4431511679611,6.27791934703193,14.0514304322842,6.27791934703193,14.0514304322842,-23.8555310686541,3.16297175792001,1.0842021724855e-18,-8.44026256620468e-19,-8.91887810247552e-19,0,0,0,-0.00890341594678861,0.00818599167466987,0.00659383141145556,0.011081958503288,0.00852556625629547,-0.00383992549913756,1.20677624459832e-12,4.20345203222676e-08,4.92967455919977e-13,4.2454700722788e-20,5.20417042793042e-18,2.621230630708e-14
NC_k0003,0.0328947368421052,0.0328947368421052,0.327501749082335,-136.952296567656,11.9610799868776,-130.540157856482,2.12605810822545,141.830054743727,-7.81480869093754,118.433044286301,5.43023548197242,1,320,-4.30716169827905,7.06912495280526,0.911447873993643,-4.71657110806541,-4.97307601711781e-19,-2.25787220002474e-19,0,-9.67682202678835e-19,-0.000514010168573618,0.00172258476524272,1,-4.9674171760597e-20,1.14046550971842e-19,1,-0.00890341594678861,0.00659383141145556,0.00659383141145556,0.00818599167466987,0.011081958503288,-0.00383992549913756,-0.00383992549913756,0.00852556625629547,1,-1.0842021724855e-19,2.16840434497101e-19,1,-0.00890210886120381,0.00659589198377164,0.00659589198377164,0.00818462854031381,0.0110825247040796,-0.00384112547585604,-0.00384112547585604,0.00852653189337568,-22.1006956819457,25.4253281182966,6.37810472002308,13.9977666988442,6.37810472002308,13.9977666988442,-23.8063250273701,3.0019945345136,1.51788304147971e-18,-2.9336128981982e-20,-8.72956996409678e-19,0,0,0,-0.00890341594678861,0.00818599167466987,0.00659383141145556,0.011081958503288,0.00852556625629547,-0.00383992549913756,5.03824092341747e-13,2.87495367040691e-08,3.01950519873506e-13,1.14046550971842e-19,1.30104260698261e-18,1.2712409487919e-14
NC_k0003,0.0578947368421052,0.0578947368421052,0.326518982406571,-138.489730955287,15.7968884810503,-125.9588008417,-1.97465813720677,148.949033712121,-12.5937974617273,108.241307189663,10.4670253442903,1,320,-7.37633294889208,11.8736981531454,1.48413051740361,-8.16926424219512,2.00548285152256e-19,5.36807130322413e-20,0,8.56615007470115e-19,-0.000530341953052389,0.00172945948794359,1,-1.75447351874704e-20,-3.97727004342668e-20,1,-0.00890341594678861,0.00659383141145556,0.00659383141145556,0.00818599167466987,0.011081958503288,-0.00383992549913756,-0.00383992549913756,0.00852556625629547,1,-1.0842021724855e-19,2.16840434497101e-19,1,-0.00890210886120381,0.00659589198377164,0.00659589198377164,0.00818462854031381,0.0110825247040796,-0.00384112547585604,-0.00384112547585604,0.00852653189337568,-21.8183139282031,25.4344635370829,6.59534626750298,13.8972144143485,6.59534626750298,13.8972144143485,-23.7829223036862,2.67067886955827,1.0842021724855e-18,-1.39851299824328e-19,-8.79971877500634e-19,0,0,0,-0.00890341594678861,0.00818599167466987,0.00659383141145556,0.011081958503288,0.00852556625629547,-0.00383992549913756,2.18721552940539e-13,4.45853760088508e-08,1.21766176907934e-12,3.97727004342668e-20,3.46944695195361e-18,9.0104746547117e-15
NC_k0004,-0.0671052631578948,-0.0671052631578948,0.195399685354874,39.1960281355616,-12.922621775084,34.4358407066784,-25.0683377504208,-33.2223999567363,9.46388714216538,-44.1160406378837,16.5212147808981,1,320,-14.2755060733033,1.35619354336516,-4.26337313487961,-5.21064472739788,2.77297411107377e-19,-3.12230902736716e-19,0,9.39677175860239e-20,-0.00086994768618964,-0.00183365441737104,1,-1.84266925833738e-19,-1.63901767540794e-19,1,-0.00312662682058422,-0.00671160527592423,-0.00671160527592423,-0.0103971201687872,-0.012762173308884,0.000548361139259963,0.000548361139259963,-0.00859678335400792,1,2.16840434497101e-19,-4.33680868994202e-19,1,-0.00312772309924382,-0.00671370265257295,-0.00671370265257295,-0.0103970804328611,-0.0127626822220384,0.000548532502115981,0.000548532502115981,-0.00859794310934279,4.38359269444818,-24.5016512665415,-8.33389214788007,-6.80329166928389,-8.33389214788007,-6.80329166928389,5.06357209541749,-0.929043813789923,1.95156391047391e-18,-1.62360238225408e-19,9.24513247089537e-19,0,0,0,-0.00312662682058422,-0.0103971201687872,-0.00671160527592423,-0.012762173308884,-0.00859678335400792,0.000548361139259962,2.33811290758725e-13,7.08106953679634e-08,8.48412305057142e-13,1.84266925833738e-19,4.33680868994202e-18,4.51703544442265e-14
NC_k0004,-0.0421052631578947,-0.0421052631578947,0.196748653136594,38.200084624979,-14.6450038638774,34.4197319431128,-22.1035103229542,-34.8283130448968,10.2627906640593,-41.5949159206575,14.4093476439226,1,320,-9.1392173292447,1.01408290647725,-2.68129435951322,-3.28993293826363,4.48292187334338e-19,5.01337625656139e-20,0,1.30146612345623e-18,-0.000878704856178079,-0.00183117142374887,1,-1.22407917773409e-19,-9.38462824734399e-20,1,-0.00312662682058421,-0.00671160527592423,-0.00671160527592423,-0.0103971201687872,-0.012762173308884,0.000548361139259963,0.000548361139259963,-0.00859678335400792,1,2.16840434497101e-19,-4.33680868994202e-19,1,-0.00312772309924382,-0.00671370265257295,-0.00671370265257295,-0.0103970804328611,-0.0127626822220384,0.000548532502115981,0.000548532502115981,-0.00859794310934279,4.04109248358805,-24.888715521329,-8.06843115003712,-6.83485096160098,-8.06843115003712,-6.83485096160098,4.80911043104311,-1.39753438699681,8.67361737988404e-19,-5.3405113835723e-19,3.44370961492865e-19,0,0,0,-0.00312662682058422,-0.0103971201687872,-0.00671160527592423,-0.012762173308884,-0.00859678335400792,0.000548361139259962,6.12983057567964e-13,6.63321280886317e-08,1.33150876651596e-12,1.22407917773409e-19,5.20417042793042e-18,4.66945790088585e-14
NC_k0004,-0.0171052631578947,-0.0171052631578947,0.197615878231295,36.7445350003733,-16.3712754740655,35.0710316288623,-19.3792690187064,-36.454185103284,10.9951503335592,-39.211706515106,12.6494834276336,1,320,-3.73856042317032,0.45096322990304,-1.08490707377822,-1.33617129303663,4.90379136901037e-19,2.36851587875984e-19,0,-7.7776153403666e-19,-0.000883804562252009,-0.00183014984272646,1,-3.59352063735317e-21,-8.93426803061361e-20,1,-0.00312662682058422,-0.00671160527592423,-0.00671160527592423,-0.0103971201687872,-0.012762173308884,0.000548361139259963,0.000548361139259963,-0.00859678335400792,1,2.16840434497101e-19,-4.33680868994202e-19,1,-0.00312772309924382,-0.00671370265257295,-0.00671370265257295,-0.0103970804328611,-0.0127626822220384,0.000548532502115981,0.000548532502115981,-0.00859794310934279,3.86774742519148,-25.136833170173,-7.91633575787303,-6.85535710056096,-7.91633575787303,-6.85535710056096,4.69427729520656,-1.67089898398017,8.67361737988404e-19,2.27617881002336e-19,6.82890525652673e-19,0,0,0,-0.00312662682058422,-0.0103971201687872,-0.00671160527592423,-0.012762173308884,-0.00859678335400792,0.000548361139259962,7.32554204600205e-13,4.21165999466296e-08,5.95761790059159e-13,8.93426803061361e-20,1.73472347597681e-18,5.30909139316631e-14
NC_k0004,0.00789473684210525,0.00789473684210525,0.197754666883463,35.4462505252859,-18.4807885627026,36.2278468251194,-17.0938409208805,-38.4029487238258,12.1130202295599,-37.1292713398925,11.3510373936728,1,320,1.72693410996345,-0.211008702883183,0.500255384336487,0.616518947586658,5.06366883780461e-19,5.21057611459403e-20,0,8.35068606874333e-19,-0.000884612084302493,-0.00183001509089173,1,1.97895135533513e-20,-6.48390091097243e-20,1,-0.00312662682058422,-0.00671160527592423,-0.00671160527592423,-0.0103971201687872,-0.012762173308884,0.000548361139259963,0.000548361139259963,-0.00859678335400792,1,2.16840434497101e-19,-4.33680868994202e-19,1,-0.00312772309924382,-0.00671370265257295,-0.00671370265257295,-0.0103970804328611,-0.0127626822220384,0.000548532502115981,0.000548532502115981,-0.00859794310934279,3.84155388740751,-25.1773324318147,-7.89193004824151,-6.85853918221677,-7.89193004824151,-6.85853918221677,4.67789096988164,-1.71472891289575,8.67361737988404e-19,7.35397227242047e-19,6.82890525652673e-19,0,0,0,-0.00312662682058422,-0.0103971201687872,-0.00671160527592423,-0.012762173308884,-0.00859678335400792,0.000548361139259962,1.28268760571241e-12,5.97986491482628e-08,5.19823627320978e-13,6.48390091097243e-20,3.46944695195361e-18,1.26318222713736e-15
NC_k0004,0.0328947368421052,0.0328947368421052,0.197147384758149,34.5906809959033,-21.0580125877481,37.6757223994628,-15.2539167107293,-40.690724643598,13.7137021734444,-35.4010261522176,10.5078536742402,1,320,7.1654929625153,-0.826821635988857,2.09176153775372,2.57079829685671,2.84497191159038e-19,5.65804773876072e-19,0,4.7920888990912e-19,-0.00088106023809468,-0.00183066958560515,1,-4.01365151368524e-20,-2.60736602954172e-19,1,-0.00312662682058422,-0.00671160527592423,-0.00671160527592423,-0.0103971201687872,-0.012762173308884,0.000548361139259963,0.000548361139259963,-0.00859678335400792,1,2.16840434497101e-19,-4.33680868994202e-19,1,-0.00312772309924382,-0.00671370265257295,-0.00671370265257295,-0.0103970804328611,-0.0127626822220384,0.000548532502115981,0.000548532502115981,-0.00859794310934279,3.95908395239366,-25.0018260298984,-7.99848105117866,-6.84434411186404,-7.99848105117866,-6.84434411186404,4.75347211671493,-1.52329082810102,2.16840434497101e-18,3.84228897347099e-19,1.08292590263436e-18,0,0,0,-0.00312662682058422,-0.0103971201687872,-0.00671160527592423,-0.012762173308884,-0.00859678335400792,0.000548361139259962,3.16821752896764e-13,3.08139232598667e-08,2.0613396329378e-12,2.60736602954172e-19,1.73472347597681e-18,7.54612522414512e-14
NC_k0004,0.0578947368421052,0.0578947368421052,0.195905327923793,34.3411562198947,-23.9665063973612,38.9398691206083,-13.5949014430118,-43.1837905176365,15.7092838785276,-33.8471486003344,9.81204914215171,1,320,12.437944828372,-1.26079131816169,3.68846065836938,4.5127024610808,8.31151079493282e-21,3.40613123914636e-19,0,-6.75879352349728e-19,-0.000873524833114493,-0.00183250452112456,1,-1.34719291658473e-20,-6.8586139453411e-20,1,-0.00312662682058422,-0.00671160527592423,-0.00671160527592423,-0.0103971201687872,-0.012762173308884,0.000548361139259963,0.000548361139259963,-0.00859678335400792,1,2.16840434497101e-19,-4.33680868994202e-19,1,-0.00312772309924382,-0.00671370265257295,-0.00671370265257295,-0.0103970804328611,-0.0127626822220384,0.000548532502115981,0.000548532502115981,-0.00859794310934279,4.23600405246128,-24.6510721727734,-8.22336237370822,-6.81468093775945,-8.22336237370822,-6.81468093775945,4.95010764611516,-1.12091349478189,8.67361737988404e-19,5.02334790772937e-19,6.81188869082015e-19,0,0,0,-0.00312662682058422,-0.0103971201687872,-0.00671160527592423,-0.012762173308884,-0.00859678335400792,0.000548361139259962,3.85535983165205e-13,3.60560956510075e-08,7.90136202714221e-13,6.8586139453411e-20,1.73472347597681e-18,4.59038383221612e-14
NC_k0005,-0.0671052631578948,-0.0671052631578948,0.801324353394436,47.0379718985833,94.1339155848848,92.4727628444951,144.52920252003,-52.1038046008457,-112.046366609435,-85.7769884077676,-122.718701398832,1,320,37.8527280993937,-11.575532516569,8.67147454233221,3.30018234450855,-2.15344891949605e-18,3.42254250249941e-20,0,5.1351372427292e-20,0.000380007046586855,0.0001746717794251,1,3.64927826070105e-19,9.11757681139932e-20,1,0.00652234756030476,0.0163762563016298,0.0163762563016298,0.000290094583144852,0.00265900651085749,-0.00602366899317761,-0.00602366899317761,-0.00677038796632783,1,5.42101086242752e-20,-6.7762635780344e-21,1,0.00652212677656215,0.016381373881724,0.016381373881724,0.000290847588929923,0.00265810923857585,-0.00602555138973797,-0.00602555138973798,-0.0067698118957224,11.6170201378927,54.6259931783903,18.1828124439639,-9.46868910607808,18.1828124439639,-9.46868910607808,-17.955006109882,-18.2781454523318,2.60208521396521e-18,1.71585980940191e-19,1.85646525615329e-19,0,0,0,0.00652234756030476,0.000290094583144854,0.0163762563016298,0.00265900651085749,-0.00677038796632783,-0.00602366899317761,5.95048385005465e-14,7.60006302433451e-08,2.11065256564249e-13,3.64927826070105e-19,6.93889390390723e-18,1.67643708082237e-14
NC_k0005,-0.0421052631578947,-0.0421052631578947,0.807755974313107,58.1522782621187,103.691183413164,87.8907160247838,136.47288841936,-61.4271570425748,-115.379534089379,-82.8775990004784,-120.897158966954,1,320,24.1619210232761,-7.21554046013099,5.59230558583793,2.05355939676571,-2.6486720260642e-18,2.02229116156964e-19,0,-4.94349603841291e-19,0.000383463207168585,0.0001791765478557,1,1.30650577179805e-19,1.04081556406317e-19,1,0.00652234756030476,0.0163762563016298,0.0163762563016298,0.000290094583144852,0.00265900651085749,-0.00602366899317761,-0.00602366899317761,-0.00677038796632782,1,5.42101086242752e-20,-6.7762635780344e-21,1,0.00652212677656215,0.016381373881724,0.016381373881724,0.000290847588929923,0.00265810923857585,-0.00602555138973797,-0.00602555138973798,-0.0067698118957224,12.4332054953118,55.544170777547,17.6352411577273,-9.08171835050463,17.6352411577273,-9.08171835050463,-18.3581895733489,-18.6793996086304,3.03576608295941e-18,3.76807103911673e-21,-9.9279701830071e-20,0,0,0,0.00652234756030476,0.000290094583144854,0.0163762563016298,0.00265900651085749,-0.00677038796632783,-0.00602366899317761,9.30748741589833e-14,5.41073551222834e-08,5.69672096235442e-14,1.30650577179805e-19,6.93889390390723e-18,2.39154908695106e-14
NC_k0005,-0.0171052631578947,-0.0171052631578947,0.811725249294205,68.9033873650206,113.624545671817,81.2096819257802,127.204634580092,-69.7872010703281,-117.492956927415,-78.5285490909953,-119.462202132727,1,320,9.87710260847972,-2.91570809016846,2.29726019104273,0.827600367899735,-2.65798938848399e-18,-1.33751796327374e-18,0,6.96446371100247e-19,0.000385225744842136,0.000182174014680039,1,1.5191228331551e-20,1.24706189245544e-20,1,0.00652234756030476,0.0163762563016298,0.0163762563016298,0.000290094583144853,0.00265900651085749,-0.00602366899317761,-0.00602366899317761,-0.00677038796632783,1,5.42101086242752e-20,-6.7762635780344e-21,1,0.00652212677656215,0.016381373881724,0.016381373881724,0.000290847588929923,0.00265810923857585,-0.00602555138973797,-0.00602555138973798,-0.0067698118957224,12.8689183128778,56.1184025759733,17.3238143533495,-8.86783048799669,17.3238143533495,-8.86783048799669,-18.6016815164761,-18.8833300762529,2.60208521396521e-18,-3.82349086196833e-19,3.38371843904916e-20,0,0,0,0.00652234756030476,0.000290094583144854,0.0163762563016298,0.00265900651085749,-0.00677038796632783,-0.00602366899317761,2.45130021229496e-13,2.41893798906504e-08,4.45726722563278e-13,1.5191228331551e-20,6.93889390390723e-18,2.05159878713363e-14
NC_k0005,0.00789473684210525,0.00789473684210525,0.812354076987771,78.2354068234239,123.602414549132,72.5411187955247,117.316216529809,-76.5024602718545,-118.968093875681,-72.4672139499181,-118.078884675535,1,320,-4.56229964918337,1.34452910696703,-1.0618642789314,-0.381317135547341,-1.78406314515437e-18,6.11240150562384e-19,0,-6.06528529793282e-19,0.000385479314291482,0.000182691124625545,1,-1.32968044443644e-19,-6.28161994914345e-23,1,0.00652234756030476,0.0163762563016298,0.0163762563016298,0.000290094583144853,0.00265900651085749,-0.00602366899317761,-0.00602366899317761,-0.00677038796632783,1,5.42101086242752e-20,-6.7762635780344e-21,1,0.00652212677656215,0.016381373881724,0.016381373881724,0.000290847588929923,0.00265810923857585,-0.00602555138973797,-0.00602555138973798,-0.0067698118957224,12.9360031787448,56.2111998985212,17.2740996772528,-8.83425740194166,17.2740996772528,-8.83425740194166,-18.6405311326555,-18.9136394908126,2.16840434497101e-18,-1.91413233944861e-20,1.00383878524204e-20,0,0,0,0.00652234756030476,0.000290094583144854,0.0163762563016298,0.00265900651085749,-0.00677038796632783,-0.00602366899317761,8.17646724148915e-13,5.01736525460183e-08,5.82457932485649e-13,1.32968044443644e-19,6.93889390390723e-18,2.87001495746531e-15
NC_k0005,0.0328947368421052,0.0328947368421052,0.809593461942868,85.6730239958249,133.169020953654,62.2296763482081,107.326812811425,-81.4625371678689,-120.340529287526,-64.6746685082562,-116.273769840197,1,320,-18.9362082261603,5.62368846032809,-4.39313152272463,-1.59885379518126,-1.35355864971237e-18,2.36745708757577e-19,0,-2.20599143200542e-19,0.000384299639897827,0.00018052607136961,1,1.00967673953687e-20,-7.31341105364031e-20,1,0.00652234756030476,0.0163762563016298,0.0163762563016298,0.000290094583144853,0.00265900651085749,-0.00602366899317761,-0.00602366899317761,-0.00677038796632783,1,5.42101086242752e-20,-6.7762635780344e-21,1,0.00652212677656215,0.016381373881724,0.016381373881724,0.000290847588929923,0.00265810923857585,-0.00602555138973797,-0.00602555138973798,-0.0067698118957224,12.6376638972838,55.807302761878,17.4917108296201,-8.98242323869951,17.4917108296201,-8.98242323869951,-18.470439085198,-18.776535296014,1.73472347597681e-18,-2.23205137466104e-19,-1.66186288491273e-20,0,0,0,0.00652234756030476,0.000290094583144854,0.0163762563016298,0.00265900651085749,-0.00677038796632783,-0.00602366899317761,2.50524441195651e-13,3.68010735018405e-08,9.13746252669236e-13,7.31341105364031e-20,3.46944695195361e-18,1.34390730073538e-14
NC_k0005,0.0578947368421052,0.0578947368421052,0.803807239245206,91.0242703833631,141.735500233409,51.071271806702,97.5850293193801,-84.8523877362926,-121.982895394509,-55.5672086791129,-113.440575717466,1,320,-32.929234021352,9.96762024469717,-7.57733254629608,-2.84074606312267,4.36190204100443e-18,3.00781399570002e-18,0,-7.59642969899298e-19,0.000381514717602203,0.000176373246035027,1,1.5466850115054e-20,3.90119705902285e-21,1,0.00652234756030476,0.0163762563016298,0.0163762563016298,0.000290094583144853,0.00265900651085749,-0.00602366899317761,-0.00602366899317761,-0.00677038796632783,1,5.42101086242752e-20,-6.7762635780344e-21,1,0.00652212677656215,0.016381373881724,0.016381373881724,0.000290847588929923,0.00265810923857585,-0.00602555138973797,-0.00602555138973798,-0.0067698118957224,11.9610369343125,54.9845230601972,17.9547585430449,-9.30666373750575,17.9547585430449,-9.30666373750575,-18.1152938246687,-18.4487595832734,8.67361737988404e-19,-1.42245384577076e-19,5.25296393947666e-20,0,0,0,0.00652234756030476,0.000290094583144854,0.0163762563016298,0.00265900651085749,-0.00677038796632783,-0.00602366899317761,1.2436944906103e-13,3.98454229143969e-08,8.72063032376552e-14,1.5466850115054e-20,8.67361737988404e-19,6.90602777892174e-16
NC_k0006,-0.0671052631578948,-0.0671052631578948,0.32848996629448,-120.804366721786,-106.939522631853,-87.3126679519207,-134.025619906726,98.0093688609273,114.843735016457,108.891266761437,130.546403979728,1,320,18.6820819758796,6.66136939745647,8.36333895320086,-1.33014897040222,6.74952910063669e-19,7.37610187103336e-19,0,4.35098656564118e-19,0.000170058710531368,-0.00016047157911989,1,2.25845980752604e-19,-6.67420352388619e-20,1,-0.00398200939445784,0.00754742661982021,0.00754742661982021,0.00927323019774596,-0.0149178558947045,0.000283080721679625,0.000283080721679625,0.00430866511930741,1,-2.16840434497101e-19,2.16840434497101e-19,1,-0.00398076714055207,0.0075497851906389,0.0075497851906389,0.00927240132046544,-0.0149167682442649,0.000283169184405149,0.000283169184405149,0.00430674862583852,-15.7965582647343,37.1666364128613,-14.6938952838341,13.1624307935493,-14.6938952838341,13.1624307935493,-5.75931773307716,18.8251234072371,1.0842021724855e-18,1.64783610503683e-20,6.24814605463852e-20,0,0,0,-0.00398200939445784,0.00927323019774596,0.00754742661982021,-0.0149178558947045,0.00430866511930741,0.000283080721679624,1.67049739223424e-13,6.58270589207734e-08,3.64270965354664e-13,2.25845980752604e-19,2.60208521396521e-18,4.90067749668593e-15
NC_k0006,-0.0421052631578947,-0.0421052631578947,0.328313801630009,-113.566440254455,-113.085576869234,-90.9225257953719,-130.4994372931,97.6614957672582,119.076067604491,105.613666420694,128.99763339695,1,320,12.128118482035,4.3072869392516,5.42368378902454,-0.907651568229455,-3.39766090967381e-19,7.79058553237143e-19,0,4.53857458495595e-19,0.00017930756864219,-0.000167725660971406,1,7.55862314438245e-20,-6.37284810522386e-20,1,-0.00398200939445784,0.00754742661982021,0.00754742661982021,0.00927323019774596,-0.0149178558947045,0.000283080721679624,0.000283080721679624,0.00430866511930741,1,-2.16840434497101e-19,2.16840434497101e-19,1,-0.00398076714055207,0.0075497851906389,0.0075497851906389,0.00927240132046544,-0.0149167682442649,0.000283169184405149,0.000283169184405149,0.00430674862583852,-15.6940366195062,37.5406105808914,-14.5090025447889,12.9036872964821,-14.5090025447889,12.9036872964821,-5.66145391502859,19.066741900716,1.0842021724855e-18,-3.14970981228062e-20,3.52503074370733e-19,0,0,0,-0.00398200939445784,0.00927323019774596,0.00754742661982021,-0.0149178558947045,0.00430866511930741,0.000283080721679624,2.00786559417271e-13,4.72635073501285e-08,4.38143665829938e-13,7.55862314438245e-20,2.60208521396521e-18,4.73422751878961e-15
NC_k0006,-0.0171052631578947,-0.0171052631578947,0.328605358999152,-105.992739791316,-119.120968562668,-96.4434582983941,-126.273334150298,98.8553836406998,122.944087467706,102.36425487106,126.972908239452,1,320,5.00139283248478,1.77559094745214,2.2364046473792,-0.384856842761174,-2.65783056980638e-19,5.0665805135608e-19,0,-4.19784234703311e-19,0.000184632518152651,-0.000171773921180102,1,3.3689704330044e-21,-1.02457398343719e-19,1,-0.00398200939445784,0.00754742661982021,0.00754742661982021,0.00927323019774596,-0.0149178558947045,0.000283080721679625,0.000283080721679625,0.00430866511930741,1,-2.16840434497101e-19,2.16840434497101e-19,1,-0.00398076714055207,0.0075497851906389,0.0075497851906389,0.00927240132046544,-0.0149167682442649,0.000283169184405149,0.000283169184405149,0.00430674862583852,-15.6552309813897,37.8166409249438,-14.4180679970893,12.7567278826512,-14.4180679970893,12.7567278826512,-5.62364729165237,19.2334352885744,1.0842021724855e-18,1.84470874928771e-19,3.52503074370733e-19,0,0,0,-0.00398200939445784,0.00927323019774596,0.00754742661982021,-0.0149178558947045,0.00430866511930741,0.000283080721679624,2.29796561395272e-13,5.1984272861057e-08,3.41247540067069e-13,1.02457398343719e-19,2.60208521396521e-18,0
NC_k0006,0.00789473684210525,0.00789473684210525,0.328670532618587,-98.8392417662522,-124.501937777873,-103.271033939256,-121.195804230815,101.266508722577,126.042436472782,99.6266991508676,124.183398362607,1,320,-2.31309785333692,-0.821331968762408,-1.03436184129278,0.178783076060301,-5.13434314934114e-19,3.38707299783313e-19,0,6.9540743225088e-19,0.000185474834111482,-0.000172409235390995,1,-3.62237134201013e-21,-4.89356270209795e-20,1,-0.00398200939445784,0.00754742661982021,0.00754742661982021,0.00927323019774596,-0.0149178558947045,0.000283080721679625,0.000283080721679625,0.00430866511930741,1,-2.16840434497101e-19,2.16840434497101e-19,1,-0.00398076714055207,0.0075497851906389,0.0075497851906389,0.00927240132046544,-0.0149167682442649,0.000283169184405149,0.000283169184405149,0.00430674862583852,-15.6500785259044,37.8635822290838,-14.4043559233341,12.7332315781852,-14.4043559233341,12.7332315781852,-5.61877853961997,19.2614726044684,1.30104260698261e-18,-2.51022679592257e-19,1.58555093648289e-19,0,0,0,-0.00398200939445784,0.00927323019774596,0.00754742661982021,-0.0149178558947045,0.00430866511930741,0.000283080721679624,3.9505324630996e-13,4.81002542988632e-08,9.87537383060276e-13,4.89356270209795e-20,2.60208521396521e-18,7.7692178130284e-15
NC_k0006,0.0328947368421052,0.0328947368421052,0.328421096625447,-92.7664697072367,-129.037278318616,-110.773267217848,-115.361143527393,104.39085742914,128.327971666516,97.9341076858938,120.574874516819,1,320,-9.54442827639557,-3.38867387633011,-4.26792371039948,0.72351295906198,2.2041385474333e-19,9.10533948518771e-19,0,6.04953577906981e-19,0.000181768685766607,-0.000169606962125237,1,4.23946750573739e-20,-1.55988633134453e-19,1,-0.00398200939445784,0.00754742661982021,0.00754742661982021,0.00927323019774596,-0.0149178558947045,0.000283080721679625,0.000283080721679625,0.00430866511930741,1,-2.16840434497101e-19,2.16840434497101e-19,1,-0.00398076714055207,0.0075497851906389,0.0075497851906389,0.00927240132046544,-0.0149167682442649,0.000283169184405149,0.000283169184405149,0.00430674862583852,-15.6746520946352,37.6636682228659,-14.4659322174903,12.8359346970687,-14.4659322174903,12.8359346970687,-5.64238201811225,19.1415937109124,1.0842021724855e-18,-7.95552528899987e-20,-9.08676698542972e-20,0,0,0,-0.00398200939445784,0.00927323019774596,0.00754742661982021,-0.0149178558947045,0.00430866511930741,0.000283080721679624,9.96178053577505e-14,8.64732696878689e-08,4.62415923519236e-13,1.55988633134453e-19,3.46944695195361e-18,1.69024316043151e-16
NC_k0006,0.0578947368421052,0.0578947368421052,0.328287342425948,-88.3831189620356,-132.788019087295,-118.226674506125,-109.160137750022,107.702876827969,130.001709185947,97.6926641713227,116.399353151014,1,320,-16.3684372814018,-5.823172487499,-7.32323122373726,1.18968434114554,1.18266975260382e-19,7.40756782153487e-20,0,5.86848248659421e-19,0.000173852585757991,-0.00016347176827016,1,-5.17418811656424e-20,-6.74029483733254e-20,1,-0.00398200939445784,0.00754742661982021,0.00754742661982021,0.00927323019774596,-0.0149178558947045,0.000283080721679625,0.000283080721679625,0.00430866511930741,1,-2.16840434497101e-19,2.16840434497101e-19,1,-0.00398076714055207,0.0075497851906389,0.0075497851906389,0.00927240132046544,-0.0149167682442649,0.000283169184405149,0.000283169184405149,0.00430674862583852,-15.7478549073256,37.3007015963706,-14.6129394359087,13.0545855960983,-14.6129394359087,13.0545855960983,-5.71402909041655,18.9159418420542,1.0842021724855e-18,1.61049944487732e-19,-1.31466520176058e-19,0,0,0,-0.00398200939445784,0.00927323019774596,0.00754742661982021,-0.0149178558947045,0.00430866511930741,0.000283080721679624,9.18242777180262e-14,6.71138401833052e-08,5.50786463285856e-13,6.74029483733254e-20,2.60208521396521e-18,8.79284544659694e-15
NC_k0007,-0.0671052631578948,-0.0671052631578948,0.246448081883481,-53.169815517824,83.4863264427312,-102.195274251091,146.175465036186,56.908246775068,-91.7839594691513,101.749959716289,-146.872911237988,1,320,-20.6603188313872,-15.3846058086296,-11.8948251312056,12.8386813397692,1.528762120896e-18,-4.81869102759091e-19,0,2.34522247271034e-19,0.00103402357194285,-0.000893853679848727,1,9.27051770404571e-21,-1.88569480978647e-20,1,0.00182057138377452,-0.00383757236604354,-0.00383757236604354,0.0157517137559357,0.0045404334689026,-0.00171840194232206,-0.00171840194232206,-0.0105011252064776,1,0,0,1,0.00182234617166061,-0.00383877160740793,-0.00383877160740793,0.0157513118028261,0.00453902550761008,-0.00171893894292903,-0.00171893894292903,-0.0105001829242271,-10.711793846559,-22.7921860296062,11.7477359414994,12.8870914843398,11.7477359414994,12.8870914843398,-11.3018572002689,-20.607730122985,8.67361737988404e-19,-4.89270204954882e-19,2.39187448098807e-20,0,0,0,0.00182057138377452,0.0157517137559357,-0.00383757236604354,0.00454043346890259,-0.0105011252064776,-0.00171840194232206,1.05238490711129e-13,2.04143501185714e-08,3.57456609657899e-13,1.88569480978647e-20,8.67361737988404e-19,9.79814920897369e-15
NC_k0007,-0.0421052631578947,-0.0421052631578947,0.249627815771048,-64.353044227355,99.4424136988487,-95.5922591055613,138.722158462002,67.6723339982662,-106.273534879576,95.5135584942567,-140.919550900029,1,320,-13.6126685558868,-9.90938520148695,-7.76227773993333,8.30533331813699,1.16969956059899e-18,-6.08249065467393e-19,0,-6.14734161469808e-19,0.00103245326361823,-0.000880075259536807,1,1.06695941150418e-19,4.48472567126402e-20,1,0.00182057138377451,-0.00383757236604354,-0.00383757236604354,0.0157517137559357,0.0045404334689026,-0.00171840194232206,-0.00171840194232206,-0.0105011252064776,1,0,0,1,0.00182234617166061,-0.00383877160740793,-0.00383877160740793,0.0157513118028261,0.00453902550761008,-0.00171893894292903,-0.00171893894292903,-0.0105001829242271,-10.7190033692697,-23.0202809707971,11.8872347489814,12.7064237329071,11.8872347489814,12.7064237329071,-11.8897317890459,-21.2671226227638,1.95156391047391e-18,7.9206832660214e-19,-2.96134512200381e-19,0,0,0,0.00182057138377452,0.0157517137559357,-0.00383757236604354,0.00454043346890259,-0.0105011252064776,-0.00171840194232206,7.19015977279683e-14,4.63452348250549e-08,1.46594134520422e-13,1.06695941150418e-19,1.04083408558608e-17,2.66850796541862e-14
NC_k0007,-0.0171052631578947,-0.0171052631578947,0.251856120017421,-74.8631709099258,113.551072467548,-87.6425689989602,129.466352226353,77.2513404728191,-118.996247020465,88.4684061273635,-133.060784771039,1,320,-5.66608505812895,-4.0779508852629,-3.21553186131931,3.42309700330911,-3.3320158562616e-19,5.21454658153429e-20,0,9.12678000666509e-20,0.00103156547711633,-0.000872466035458251,1,5.35253463278092e-20,-3.02457173186129e-21,1,0.00182057138377452,-0.00383757236604354,-0.00383757236604354,0.0157517137559357,0.00454043346890259,-0.00171840194232206,-0.00171840194232206,-0.0105011252064776,1,0,0,1,0.00182234617166061,-0.00383877160740793,-0.00383877160740793,0.0157513118028261,0.00453902550761008,-0.00171893894292903,-0.00171893894292903,-0.0105001829242271,-10.7388294518811,-23.215793323257,11.9890189350785,12.6217925273759,11.9890189350785,12.6217925273759,-12.2371959506426,-21.6729308824162,8.67361737988404e-19,-8.28243702478214e-19,4.29391611299844e-19,0,0,0,0.00182057138377452,0.0157517137559357,-0.00383757236604354,0.00454043346890259,-0.0105011252064776,-0.00171840194232206,2.38265254420659e-13,2.42867230596633e-08,1.1228382256974e-12,5.35253463278092e-20,3.46944695195361e-18,2.40244925705541e-14
NC_k0007,0.00789473684210525,0.00789473684210525,0.252231181984928,-84.4043021664384,125.562010362419,-78.5003443802887,118.220262861317,85.642140581266,-129.656697916571,80.4724207472077,-123.166677448596,1,320,2.62456680103634,1.88582181861353,1.48842824448446,-1.58327015649785,1.2010927192066e-18,9.17971956586848e-20,0,-4.61315318898373e-19,0.0010314303707095,-0.000871280139920089,1,2.18945222351144e-19,1.17940906694956e-20,1,0.00182057138377452,-0.00383757236604354,-0.00383757236604354,0.0157517137559357,0.00454043346890259,-0.00171840194232206,-0.00171840194232206,-0.0105011252064776,1,0,0,1,0.00182234617166061,-0.00383877160740793,-0.00383877160740793,0.0157513118028261,0.00453902550761008,-0.00171893894292903,-0.00171893894292903,-0.0105001829242271,-10.7427200879227,-23.2505540086671,12.0062888631186,12.6092551800023,12.0062888631186,12.6092551800023,-12.2928311345398,-21.7388299737795,1.30104260698261e-18,-1.85525709217444e-18,7.67911175459651e-19,0,0,0,0.00182057138377452,0.0157517137559357,-0.00383757236604354,0.00454043346890259,-0.0105011252064776,-0.00171840194232206,9.91370720487709e-13,3.79701255524569e-08,6.89295392394035e-13,2.18945222351144e-19,7.15573433840433e-18,1.95871597663018e-14
NC_k0007,0.0328947368421052,0.0328947368421052,0.25062792477384,-92.8135049515191,135.533737652011,-68.3249095871034,104.880965631118,93.0185117724389,-138.255339154401,71.3479222029347,-111.193410408211,1,320,10.7584221932187,7.78943929855976,6.12079429228693,-6.53339325770369,2.35316340659085e-19,-1.03602717361042e-19,0,3.68035815581993e-19,0.00103204312761727,-0.000876536421275772,1,6.20156339049061e-20,-3.90106972987517e-20,1,0.00182057138377452,-0.00383757236604354,-0.00383757236604354,0.0157517137559357,0.00454043346890259,-0.00171840194232206,-0.00171840194232206,-0.0105011252064776,1,0,0,1,0.00182234617166061,-0.00383877160740793,-0.00383877160740793,0.0157513118028261,0.00453902550761008,-0.00171893894292903,-0.00171893894292903,-0.0105001829242271,-10.7270964160021,-23.1054737869831,11.9326834146417,12.666036079438,11.9326834146417,12.666036079438,-12.0496212978688,-21.4526348852188,1.0842021724855e-18,-3.49225326781072e-19,6.44598967344007e-19,0,0,0,0.00182057138377452,0.0157517137559357,-0.00383757236604354,0.00454043346890259,-0.0105011252064776,-0.00171840194232206,2.0069501823901e-13,3.36979065927349e-08,5.10817176540217e-13,6.20156339049061e-20,3.46944695195361e-18,4.42976585959842e-15
NC_k0007,0.0578947368421052,0.0578947368421052,0.247629336288848,-99.9240712036994,143.624374904062,-57.3339154568832,89.5315558262687,99.5399147855433,-144.886446223365,60.9887515054209,-97.2826413225157,1,320,18.2065162651135,13.4250578016458,10.4384194420306,-11.2280082854694,-5.23836938317581e-19,-1.02133644593147e-19,0,-1.47029037775586e-18,0.00103334491344045,-0.00088812364124299,1,1.085761160022e-20,2.73149954164244e-20,1,0.00182057138377452,-0.00383757236604354,-0.00383757236604354,0.0157517137559357,0.00454043346890259,-0.00171840194232206,-0.00171840194232206,-0.0105011252064776,1,0,0,1,0.00182234617166061,-0.00383877160740793,-0.00383877160740793,0.0157513118028261,0.00453902550761008,-0.00171893894292903,-0.00171893894292903,-0.0105001829242271,-10.7095520756476,-22.8668163436661,11.7981950037107,12.8064571993289,11.7981950037107,12.8064571993289,-11.5404860013266,-20.8703734628651,6.50521303491303e-19,-6.22387091175445e-19,5.55496887587663e-19,0,0,0,0.00182057138377452,0.0157517137559357,-0.00383757236604354,0.00454043346890259,-0.0105011252064776,-0.00171840194232206,9.71768231922988e-14,4.47539414793998e-08,8.19539265939454e-13,2.73149954164244e-20,3.46944695195361e-18,2.64520995107291e-14
NC_k0008,-0.0671052631578948,-0.0671052631578948,0.413257497385356,42.0737564247583,145.324795770921,20.4970636929143,193.64803834155,-39.935004737319,-174.397705867617,-19.7756205365166,-170.68312545171,1,320,-8.56987892332406,12.706991391515,1.36524711450301,8.6432929389845,2.21949101960228e-19,-5.26060399804124e-19,0,-2.29177998769452e-18,-0.000134339958596775,-0.000247224586404187,1,-1.27185291940891e-19,-1.49213206487762e-19,1,-0.00032464051765847,-0.00270771985033662,-0.00270771985033662,-0.00777483302139315,0.0130076576265531,0.00866451467893541,0.00866451467893541,-0.00937239892902188,1,0,0,1,-0.000325538949632945,-0.00270856601278985,-0.00270856601278985,-0.00777456736078891,0.0130060511869276,0.00866722233977258,0.00866722233977258,-0.0093705084848106,4.27691012287967,-21.5158555096028,19.9610793910756,-2.77919516032464,19.9610793910756,-2.77919516032464,35.6413291169414,-27.4960987448701,1.30104260698261e-18,2.95350792054463e-19,-2.47353784972307e-19,0,0,0,-0.000324640517658471,-0.00777483302139315,-0.00270771985033662,0.0130076576265531,-0.00937239892902188,0.00866451467893541,2.73855780740416e-13,3.96388372317837e-08,2.61824413616523e-13,1.49213206487762e-19,3.46944695195361e-18,2.21637599102445e-14
NC_k0008,-0.0421052631578947,-0.0421052631578947,0.414188901536037,37.0183628718434,154.097794319411,23.6226591639156,185.502935720208,-35.0793668452319,-174.926502133544,-22.6875309507174,-170.804055270336,1,320,-5.5917497883298,8.18987638719227,0.85738177762461,5.5334300568514,-1.58368691356952e-19,-9.32967086731209e-19,0,1.28484310186637e-19,-0.000137784612165298,-0.000230753413415043,1,-9.27556753004443e-20,-2.74093866659081e-20,1,-0.000324640517658469,-0.00270771985033662,-0.00270771985033662,-0.00777483302139314,0.0130076576265531,0.00866451467893541,0.00866451467893541,-0.00937239892902188,1,0,0,1,-0.000325538949632945,-0.00270856601278985,-0.00270856601278985,-0.00777456736078891,0.0130060511869276,0.00866722233977258,0.00866722233977258,-0.0093705084848106,4.21157091141668,-21.7829924969132,19.8037530216307,-2.72944270729414,19.8037530216307,-2.72944270729414,35.7752572545329,-27.659776513802,1.30104260698261e-18,-9.29546779143412e-20,-2.20466342957595e-19,0,0,0,-0.000324640517658471,-0.00777483302139315,-0.00270771985033662,0.0130076576265531,-0.00937239892902188,0.00866451467893541,2.86412040369293e-13,4.18040632757863e-08,3.31467320323537e-13,9.27556753004443e-20,3.46944695195361e-18,7.63935394803522e-15
NC_k0008,-0.0171052631578947,-0.0171052631578947,0.415285016234888,32.6541798274077,163.447429518627,27.2498908879547,176.460375919956,-30.9956341960913,-174.062661333489,-26.0242895784947,-171.985516585366,1,320,-2.31626791594269,3.3586109993246,0.343973217516029,2.2677120515027,3.34895651520669e-19,-2.46371113237489e-18,0,-4.82080860995905e-19,-0.000139688794433377,-0.00022150352073318,1,-3.7128115129729e-20,6.39748492265528e-20,1,-0.000324640517658471,-0.00270771985033662,-0.00270771985033662,-0.00777483302139315,0.0130076576265531,0.00866451467893541,0.00866451467893541,-0.00937239892902188,1,0,0,1,-0.000325538949632945,-0.00270856601278985,-0.00270856601278985,-0.00777456736078891,0.0130060511869276,0.00866722233977258,0.00866722233977258,-0.0093705084848106,4.19249015510079,-21.9872994594724,19.7288594873419,-2.70086402529125,19.7288594873419,-2.70086402529125,35.9031450777241,-27.7953568950591,1.95156391047391e-18,3.58024588389804e-19,1.18053221202212e-19,0,0,0,-0.000324640517658471,-0.00777483302139315,-0.00270771985033662,0.0130076576265531,-0.00937239892902188,0.00866451467893541,8.01410077392857e-13,2.55143588649815e-08,4.25259133383859e-13,6.39748492265528e-20,5.20417042793042e-18,1.8713801048821e-15
NC_k0008,0.00789473684210525,0.00789473684210525,0.415486165589513,28.6598505899651,172.986647375599,31.1510005601518,166.96255337216,-27.3175580437687,-172.552107401881,-29.6073701863896,-173.53909949269,1,320,1.07205754599714,-1.55172365793059,-0.158289816938035,-1.04785777295469,2.53898125939477e-19,-1.5911315390825e-18,0,-2.37269810393691e-18,-0.000139977166485346,-0.000220049475582522,1,-2.88807113705876e-20,9.06892809181792e-20,1,-0.000324640517658471,-0.00270771985033662,-0.00270771985033662,-0.00777483302139315,0.0130076576265531,0.00866451467893541,0.00866451467893541,-0.00937239892902189,1,0,0,1,-0.000325538949632945,-0.00270856601278985,-0.00270856601278985,-0.00777456736078891,0.0130060511869276,0.00866722233977258,0.00866722233977258,-0.0093705084848106,4.19068305504963,-22.0226497134357,19.7175379902101,-2.69637072352411,19.7175379902101,-2.69637072352411,35.9257938062976,-27.8190823964359,1.51788304147971e-18,4.80451562967314e-19,6.50520766084463e-19,0,0,0,-0.000324640517658471,-0.00777483302139315,-0.00270771985033662,0.0130076576265531,-0.00937239892902188,0.00866451467893541,1.98902684294576e-12,3.43234763115022e-08,3.86791102390672e-13,9.06892809181792e-20,6.93889390390723e-18,1.2291687031335e-14
NC_k0008,0.0328947368421052,0.0328947368421052,0.414656587068283,24.917483008532,182.255995426491,35.3496174241927,157.496112413617,-23.8819228879939,-171.1527963672,-33.506637031669,-174.734051108861,1,320,4.40906485561313,-6.42918127084814,-0.666638417027564,-4.34134474765774,-6.12537169762868e-19,-1.70863750817933e-18,0,-5.30030866744378e-19,-0.000138671194491987,-0.000226459891733459,1,-6.6367459362654e-20,1.65238258201302e-19,1,-0.000324640517658471,-0.00270771985033662,-0.00270771985033662,-0.00777483302139315,0.0130076576265531,0.00866451467893541,0.00866451467893541,-0.00937239892902188,1,0,0,1,-0.000325538949632945,-0.00270856601278985,-0.00270856601278985,-0.00777456736078891,0.0130060511869276,0.00866722233977258,0.00866722233977258,-0.0093705084848106,4.20105152000128,-21.8733186143341,19.7682916323546,-2.71615945196656,19.7682916323546,-2.71615945196656,35.8309430024217,-27.719347458452,1.0842021724855e-18,3.85219825583473e-19,-5.04008742682918e-19,0,0,0,-0.000324640517658471,-0.00777483302139315,-0.00270771985033662,0.0130076576265531,-0.00937239892902188,0.00866451467893541,1.88157551742508e-13,4.38872408608903e-08,1.53683971872111e-13,1.65238258201302e-19,5.20417042793042e-18,1.83405448167401e-14
NC_k0008,0.0578947368421052,0.0578947368421052,0.413453913974609,21.5671769349176,190.771381983401,40.1090182821059,148.460560844799,-20.7783090049204,-170.560482804618,-38.0324250223152,-174.790311585495,1,320,7.52071002353481,-11.106197194902,-1.18321076655122,-7.52624883958391,2.02440874393778e-19,-3.67096138406133e-19,0,1.44641463655512e-18,-0.000135791507997777,-0.000240416202706038,1,-2.85347020056858e-20,1.35411703045721e-19,1,-0.000324640517658471,-0.00270771985033662,-0.00270771985033662,-0.00777483302139315,0.0130076576265531,0.00866451467893541,0.00866451467893541,-0.00937239892902188,1,0,0,1,-0.000325538949632945,-0.00270856601278985,-0.00270856601278985,-0.00777456736078891,0.0130060511869276,0.00866722233977258,0.00866722233977258,-0.0093705084848106,4.24515607961933,-21.6106604653757,19.8905936311003,-2.75904372449228,19.8905936311003,-2.75904372449228,35.6789851623801,-27.5502619397667,1.51788304147971e-18,3.66427097147162e-19,9.11657791875005e-20,0,0,0,-0.000324640517658471,-0.00777483302139315,-0.00270771985033662,0.0130076576265531,-0.00937239892902188,0.00866451467893541,1.3787073727323e-13,3.34751753663224e-08,3.02009472413698e-13,1.35411703045721e-19,3.46944695195361e-18,1.66484885497993e-14
NC_k0009,-0.0671052631578948,-0.0671052631578948,0.444232043397304,61.2379161146611,-102.060296503516,117.549674606132,-184.05735181681,-61.1535309751474,106.683567472962,-110.519500574107,187.984398647083,1,320,17.8055016729366,36.9142323082026,18.0575122137758,-14.4199151567482,-1.27457282738091e-18,-1.72868836622762e-18,0,1.67421355980733e-20,0.000314357803924757,0.000885487812748713,1,-5.0176226523022e-20,-9.18113620306461e-20,1,0.00519928019819397,0.000838001429410396,0.000838001429410396,-0.00973762720273094,-0.00541928592851949,0.00975559370658176,0.00975559370658176,0.0123654189958392,1,0,0,1,0.00519793597312341,0.000838263304857086,0.000838263304857086,-0.0097366375360201,-0.00541762516512433,0.00975864232961506,0.00975864232961506,0.01236430089909,14.8638426513358,12.8158939999575,-16.2319755343812,-8.79661317183437,-16.2319755343812,-8.79661317183437,42.6810613739488,25.0584878984631,1.0842021724855e-18,4.8160058891246e-19,-1.32161943334308e-19,0,0,0,0.00519928019819397,-0.00973762720273093,0.000838001429410396,-0.00541928592851949,0.0123654189958392,0.00975559370658176,2.9065199623814e-14,3.99570795508294e-08,3.47690060972234e-13,9.18113620306461e-20,1.73472347597681e-18,1.64946947691764e-14
NC_k0009,-0.0421052631578947,-0.0421052631578947,0.456000489899083,75.0564314066353,-122.951565665302,110.998287013422,-174.458842433842,-74.1454583171051,127.181853027823,-104.712998989164,178.89405891144,1,320,11.7423892168503,23.8091442402524,11.7320060408438,-9.36991694139451,-5.45436278472566e-19,3.55436200491586e-19,0,9.96851899799905e-20,0.000308987833446569,0.000877839200759583,1,-1.42335220344707e-20,-2.23254336712476e-19,1,0.00519928019819397,0.000838001429410396,0.000838001429410396,-0.00973762720273093,-0.00541928592851949,0.00975559370658176,0.00975559370658176,0.0123654189958392,1,0,0,1,0.00519793597312341,0.000838263304857086,0.000838263304857086,-0.0097366375360201,-0.00541762516512433,0.00975864232961506,0.00975864232961506,0.01236430089909,15.2113975179241,13.2121678103587,-16.1459352251407,-8.94818499028479,-16.1459352251407,-8.94818499028479,43.7019642766391,26.015605067307,1.51788304147971e-18,-1.92838080445928e-19,6.7212441854877e-19,0,0,0,0.00519928019819397,-0.00973762720273093,0.000838001429410396,-0.00541928592851949,0.0123654189958392,0.00975559370658176,1.16687188283108e-13,5.57813969082396e-08,2.44617902968356e-13,2.23254336712476e-19,5.20417042793042e-18,4.86939399942688e-15
NC_k0009,-0.0171052631578947,-0.0171052631578947,0.46328134181582,87.787182649485,-141.547754020873,102.486578729451,-162.427992994481,-85.3775893732245,145.797177600113,-97.6655870537292,166.898818770568,1,320,4.89093224931568,9.79602997702557,4.84669753469262,-3.87206868669459,-1.05389427484156e-18,1.47770191604433e-18,0,2.99161449058378e-19,0.000306309916325447,0.000873670828886322,1,4.8336144290859e-20,-3.06687284647638e-20,1,0.00519928019819397,0.000838001429410396,0.000838001429410396,-0.00973762720273094,-0.00541928592851949,0.00975559370658176,0.00975559370658176,0.0123654189958392,1,0,0,1,0.00519793597312341,0.000838263304857086,0.000838263304857086,-0.0097366375360201,-0.00541762516512433,0.00975864232961506,0.00975864232961506,0.01236430089909,15.4473019753347,13.4787951844596,-16.1245973008142,-9.06010261158674,-16.1245973008142,-9.06010261158674,44.3456213333069,26.5762211090819,8.67361737988404e-19,9.80838906377367e-20,-4.91470977084462e-21,0,0,0,0.00519928019819397,-0.00973762720273093,0.000838001429410396,-0.00541928592851949,0.0123654189958392,0.00975559370658176,1.71360971451716e-13,3.01461289278543e-08,7.69348936813889e-13,4.8336144290859e-20,1.73472347597681e-18,1.19821685487448e-15
NC_k0009,0.00789473684210525,0.00789473684210525,0.464462591461047,98.867181438287,-157.324504031795,92.0762457782289,-147.692104581195,-94.6842881492852,161.744993426011,-89.0230144241808,152.00046725424,1,320,-2.26578863085828,-4.52953199938523,-2.24245580798035,1.791678008113,-4.37307228799634e-19,-4.07952243221352e-19,0,3.42995404078788e-19,0.000305911670518558,0.000873016605759023,1,-1.07342080410784e-20,6.14108499416106e-20,1,0.00519928019819397,0.000838001429410396,0.000838001429410396,-0.00973762720273094,-0.00541928592851949,0.00975559370658176,0.00975559370658176,0.0123654189958392,1,0,0,1,0.00519793597312341,0.000838263304857086,0.000838263304857086,-0.0097366375360201,-0.00541762516512433,0.00975864232961506,0.00975864232961506,0.01236430089909,15.486877309975,13.5235406789109,-16.1226437628628,-9.07929348675336,-16.1226437628628,-9.07929348675336,44.4505346972255,26.6655861987658,1.30104260698261e-18,9.80838906377367e-20,-4.91470977084463e-21,0,0,0,0.00519928019819397,-0.00973762720273093,0.000838001429410396,-0.00541928592851949,0.0123654189958392,0.00975559370658176,2.53343285445011e-13,4.13947728324163e-08,3.53131174977426e-13,6.14108499416106e-20,3.46944695195361e-18,2.270822005441e-15
NC_k0009,0.0328947368421052,0.0328947368421052,0.459329504817138,108.089353022683,-170.326606287424,79.9145742458919,-130.119732296369,-102.280681303338,174.816195233494,-78.51046389506,134.321510090962,1,320,-9.2832287086773,-18.7150742630768,-9.23943998067887,7.37977181246754,-4.78044219606646e-20,-1.78332199132552e-18,0,-6.30166042977598e-19,0.000307718268485867,0.000875899458607658,1,-2.93540332279024e-20,2.28714927644108e-19,1,0.00519928019819397,0.000838001429410396,0.000838001429410396,-0.00973762720273093,-0.00541928592851949,0.00975559370658176,0.00975559370658176,0.0123654189958392,1,0,0,1,0.00519793597312341,0.000838263304857086,0.000838263304857086,-0.0097366375360201,-0.00541762516512433,0.00975864232961506,0.00975864232961506,0.01236430089909,15.3174636702303,13.3320358890369,-16.134067141207,-8.99790194460498,-16.134067141207,-8.99790194460498,43.9955217183768,26.2741929977297,1.95156391047391e-18,5.47452748929873e-20,-1.14270528600577e-19,0,0,0,0.00519928019819397,-0.00973762720273093,0.000838001429410396,-0.00541928592851949,0.0123654189958392,0.00975559370658176,2.85886485143657e-13,4.17257234037705e-08,2.61850855111009e-13,2.28714927644108e-19,5.20417042793042e-18,2.28411357700275e-14
NC_k0009,0.0578947368421052,0.0578947368421052,0.448896979622682,115.363122228327,-180.782528590075,66.3911403098273,-109.936946611863,-108.502184285789,184.964496889418,-66.0991112781283,114.356656818312,1,320,-15.6948598228139,-32.2425552959666,-15.8193469891975,12.6336984072617,-1.31448925502027e-19,1.28823123365538e-18,0,2.84920707632665e-19,0.000312053776810007,0.000882316377874647,1,2.7169987142834e-20,3.81045450525811e-20,1,0.00519928019819397,0.000838001429410396,0.000838001429410396,-0.00973762720273094,-0.00541928592851949,0.00975559370658176,0.00975559370658176,0.0123654189958392,1,0,0,1,0.00519793597312341,0.000838263304857086,0.000838263304857086,-0.0097366375360201,-0.00541762516512433,0.00975864232961506,0.00975864232961506,0.01236430089909,14.9960515374251,12.9678933629384,-16.1876861334629,-8.85172254750539,-16.1876861334629,-8.85172254750539,43.0816064352333,25.4475914408523,1.30104260698261e-18,5.3008758409307e-19,1.09383630464278e-19,0,0,0,0.00519928019819397,-0.00973762720273093,0.000838001429410396,-0.00541928592851949,0.0123654189958392,0.00975559370658176,5.71871051277414e-14,4.6357243524298e-08,5.47464521124571e-13,3.81045450525811e-20,3.46944695195361e-18,4.45180416674896e-15
NC_k0010,-0.0671052631578948,-0.0671052631578948,0.484454061458135,-60.1885378532573,55.9346304772747,-108.877653297333,115.498294560151,56.8834769873714,-53.0406021900056,97.6767619554939,-126.871733621248,1,320,-16.6176419348119,-41.0428035501577,-19.0279470100399,9.37888612889123,1.04566217338543e-18,3.55171502695569e-19,0,7.92988274752536e-19,-0.00151118694888449,-0.00109608227923248,1,-2.20090721229143e-20,1.87315143039977e-19,1,-0.0111572556086814,-0.00114164067691532,-0.00114164067691532,0.000921888631614495,-0.000838431457235699,-0.0125858989726805,-0.0125858989726805,-0.0106889945710182,1,-5.42101086242752e-20,1.0842021724855e-19,1,-0.0111567117445602,-0.00114199743962686,-0.00114199743962686,0.00092054512944818,-0.000839651322558193,-0.0125898320661095,-0.0125898320661095,-0.0106886752858541,-16.0098575916878,-9.82785208227175,8.50543882825177,4.08696505494593,8.50543882825177,4.08696505494593,-53.1799460834748,-16.3024222677318,1.95156391047391e-18,2.38135960043192e-19,3.50863948790192e-21,0,0,0,-0.0111572556086814,0.000921888631614494,-0.00114164067691532,-0.000838431457235701,-0.0106889945710182,-0.0125858989726805,5.83422381608319e-14,5.69196874634464e-08,8.38595133769681e-13,1.87315143039977e-19,3.46944695195361e-18,3.5521338865227e-14
NC_k0010,-0.0421052631578947,-0.0421052631578947,0.498836134904459,-72.8573970797554,72.0814716631202,-104.135501322179,109.391791346235,68.485090084797,-71.2609822855002,93.8833252734011,-118.845891723031,1,320,-10.8201955749951,-26.4800169767113,-12.3090701420631,6.15672929476982,2.54242233074299e-19,1.19283414797087e-18,0,1.53326198342829e-19,-0.00150346015335959,-0.00109671344291242,1,-9.82310037451386e-20,2.58346185678068e-19,1,-0.0111572556086814,-0.00114164067691532,-0.00114164067691532,0.000921888631614495,-0.000838431457235697,-0.0125858989726805,-0.0125858989726805,-0.0106889945710182,1,-5.42101086242752e-20,1.0842021724855e-19,1,-0.0111567117445602,-0.00114199743962686,-0.00114199743962686,0.00092054512944818,-0.000839651322558193,-0.0125898320661095,-0.0125898320661095,-0.0106886752858541,-16.6980809102247,-10.4061139884722,8.42745397948697,4.36838298747818,8.42745397948697,4.36838298747818,-54.2489429184984,-17.2472321030369,1.73472347597681e-18,1.39398071426934e-19,-4.31812149404717e-19,0,0,0,-0.0111572556086814,0.000921888631614494,-0.00114164067691532,-0.000838431457235701,-0.0106889945710182,-0.0125858989726805,9.51235794329309e-14,7.48006038065129e-08,1.12947119030668e-13,2.58346185678068e-19,3.46944695195361e-18,8.45738148938152e-15
NC_k0010,-0.0171052631578947,-0.0171052631578947,0.507572132034285,-84.4832567754865,86.184832810782,-97.295835618467,101.262780303023,78.4380610519676,-88.3097970503775,88.6664750756341,-107.846040444621,1,320,-4.47474786108283,-10.8922761681164,-5.07111792963574,2.55933334459318,6.6857369317966e-19,1.35297631456113e-18,0,6.75528627770006e-19,-0.00149962880319684,-0.00109730492845733,1,-9.92199459604545e-21,-4.73637959090625e-20,1,-0.0111572556086814,-0.00114164067691532,-0.00114164067691532,0.000921888631614494,-0.000838431457235703,-0.0125858989726805,-0.0125858989726805,-0.0106889945710182,1,-5.42101086242752e-20,1.0842021724855e-19,1,-0.0111567117445602,-0.00114199743962686,-0.00114199743962686,0.00092054512944818,-0.000839651322558193,-0.0125898320661095,-0.0125898320661095,-0.0106886752858541,-17.1280375780782,-10.7505078887674,8.40509500033374,4.55286703470293,8.40509500033374,4.55286703470293,-54.9353380039483,-17.785199541578,1.73472347597681e-18,2.34593257579219e-19,6.43910585998234e-19,0,0,0,-0.0111572556086814,0.000921888631614494,-0.00114164067691532,-0.000838431457235701,-0.0106889945710182,-0.0125858989726805,3.05538024123738e-13,4.35174763604576e-08,3.13261087748991e-13,4.73637959090625e-20,3.46944695195361e-18,1.35613882604e-14
NC_k0010,0.00789473684210525,0.00789473684210525,0.508980625536975,-94.2358247334565,97.6775428124218,-88.3152274718654,90.7256894699119,86.290873429184,-103.076492104302,81.5773202191113,-94.0468478015618,1,320,2.07072058263074,5.03602574994157,2.34522628974887,-1.18538046408678,3.09749360899057e-19,-7.10448884509544e-20,0,2.96355652420598e-19,-0.00149906211733572,-0.00109740352087009,1,7.66222663898504e-20,4.67659208872955e-20,1,-0.0111572556086814,-0.00114164067691532,-0.00114164067691532,0.000921888631614495,-0.000838431457235699,-0.0125858989726805,-0.0125858989726805,-0.0106889945710182,1,-5.42101086242752e-20,1.0842021724855e-19,1,-0.0111567117445602,-0.00114199743962686,-0.00114199743962686,0.00092054512944818,-0.000839651322558193,-0.0125898320661095,-0.0125898320661095,-0.0106886752858541,-17.1984408097409,-10.8059486558432,8.40282358572696,4.5836302632458,8.40282358572696,4.5836302632458,-55.0477379928881,-17.8701331687866,2.16840434497101e-18,2.34593257579219e-19,-5.35431884852382e-21,0,0,0,-0.0111572556086814,0.000921888631614494,-0.00114164067691532,-0.000838431457235701,-0.0106889945710182,-0.0125858989726805,4.47085143273134e-13,5.57297390153642e-08,9.26641139400027e-14,7.66222663898504e-20,6.93889390390723e-18,2.85746075447286e-14
NC_k0010,0.0328947368421052,0.0328947368421052,0.502842745411288,-101.864835836438,106.655196182715,-77.3230221323041,77.5688343911,92.1544556579298,-115.1330355043,72.3850012451427,-77.7597340334249,1,320,8.52581110511542,20.8127941794533,9.68173974390767,-4.8622625762994,8.39621408965825e-20,-1.43773254884577e-18,0,-1.55801122735588e-19,-0.00150164416178801,-0.00109697416993784,1,-7.91242636280862e-20,-2.13462257632339e-19,1,-0.0111572556086814,-0.00114164067691532,-0.00114164067691532,0.000921888631614496,-0.000838431457235701,-0.0125858989726805,-0.0125858989726805,-0.0106889945710182,1,-5.42101086242752e-20,1.0842021724855e-19,1,-0.0111567117445602,-0.00114199743962686,-0.00114199743962686,0.00092054512944818,-0.000839651322558193,-0.0125898320661095,-0.0125898320661095,-0.0106886752858541,-16.893858330484,-10.56422911559,8.41536899901816,4.45159610721891,8.41536899901816,4.45159610721891,-54.5612400762782,-17.4965071350185,1.51788304147971e-18,8.74841336937713e-20,5.00537686606347e-19,0,0,0,-0.0111572556086814,0.000921888631614494,-0.00114164067691532,-0.000838431457235701,-0.0106889945710182,-0.0125858989726805,1.57725455357282e-13,5.63728396249458e-08,2.71876484051269e-13,2.13462257632339e-19,3.46944695195361e-18,6.33665317785983e-14
NC_k0010,0.0578947368421052,0.0578947368421052,0.490198338963193,-107.366933613103,113.455815675301,-64.8851048591617,62.0297456271734,96.411589342165,-124.264647169729,61.2783183559963,-59.7677771474065,1,320,14.5711685629608,35.8583129703393,16.641728905989,-8.2513817319103,1.66706671931487e-19,9.12201544633678e-19,0,6.21483955268241e-19,-0.00150784610593769,-0.00109630511602424,1,-9.2352571494996e-20,-3.01797551911931e-20,1,-0.0111572556086814,-0.00114164067691532,-0.00114164067691532,0.000921888631614496,-0.000838431457235704,-0.0125858989726805,-0.0125858989726805,-0.0106889945710182,1,-5.42101086242752e-20,1.0842021724855e-19,1,-0.0111567117445602,-0.00114199743962686,-0.00114199743962686,0.00092054512944818,-0.000839651322558193,-0.0125898320661095,-0.0125898320661095,-0.0106886752858541,-16.2828236186096,-10.0619416671624,8.46686751861789,4.19673416612483,8.46686751861789,4.19673416612483,-53.5949280139372,-16.6913088681454,1.73472347597681e-18,-5.10072068315355e-20,7.64288256743e-19,0,0,0,-0.0111572556086814,0.000921888631614494,-0.00114164067691532,-0.000838431457235701,-0.0106889945710182,-0.0125858989726805,5.42938843105382e-14,5.36283757267051e-08,4.41712872958486e-13,9.2352571494996e-20,3.57786716920216e-18,6.79453357781687e-15
NC_k0011,-0.0671052631578948,-0.0671052631578948,0.24209806773802,32.9440042790534,-2.68624166704424,60.8788194738202,-21.7479766407258,-29.8535815207139,-0.395375826607991,-50.843637295955,34.8006031524453,1,320,15.6574536075881,23.0968203495457,12.7889104058542,-1.73984806767669,-7.71230115919941e-19,-1.65605529100056e-18,0,-8.1005466515073e-19,0.00174641614482595,0.00151658618445895,1,1.2473109580626e-19,-9.44724629468059e-21,1,0.0111562507800311,0.00372247299024298,0.00372247299024298,0.0067667441851801,0.0090391613447924,0.00737137484334535,0.00737137484334535,0.00893581734392581,1,0,0,1,0.0111566079668192,0.00372363626305243,0.00372363626305243,0.00676778723237365,0.00903985541864736,0.00737367839798389,0.00737367839798389,0.00893652756528091,10.3531304339648,14.7623556350578,2.6264512133954,0.394376229446086,2.6264512133954,0.394376229446086,30.7444882987193,5.37374747713002,1.30104260698261e-18,-2.20791386699508e-19,-4.104767041708e-19,0,0,0,0.0111562507800311,0.0067667441851801,0.00372247299024298,0.0090391613447924,0.00893581734392581,0.00737137484334534,1.14594634700808e-13,9.66404499512628e-08,4.68152199907215e-13,1.2473109580626e-19,1.73472347597681e-18,2.18973864273952e-14
NC_k0011,-0.0421052631578947,-0.0421052631578947,0.251232748730139,40.5466494550101,-9.06152810144467,58.7402285743416,-20.9706835897582,-36.3688838691927,8.52044592528062,-49.6636833040151,31.6121119562871,1,320,10.0499559943543,14.8624735538401,8.22110175090414,-1.22509492180052,-3.75076776956045e-19,9.58947175410275e-19,0,-1.31671271650681e-18,0.00174375276613934,0.00151918461732658,1,1.79299159258657e-19,-1.45922382246718e-19,1,0.0111562507800311,0.00372247299024298,0.00372247299024298,0.0067667441851801,0.00903916134479239,0.00737137484334535,0.00737137484334535,0.00893581734392581,1,0,0,1,0.0111566079668192,0.00372363626305243,0.00372363626305243,0.00676778723237365,0.00903985541864736,0.00737367839798389,0.00737367839798389,0.00893652756528091,11.0760876756852,15.3625514375297,2.52373682785357,0.234376940300808,2.52373682785357,0.234376940300808,31.455858648672,6.07864292010822,1.30104260698261e-18,-1.52919480610414e-20,2.89437036405055e-19,0,0,0,0.0111562507800311,0.0067667441851801,0.00372247299024298,0.0090391613447924,0.00893581734392581,0.00737137484334534,1.85972491866445e-13,7.75884129065041e-08,6.01948294832237e-13,1.79299159258657e-19,3.46944695195361e-18,4.48538805426582e-14
NC_k0011,-0.0171052631578947,-0.0171052631578947,0.256491054268075,47.620713421073,-14.3633370865294,55.101819751821,-19.1449987913356,-42.0102837506088,17.062288453377,-47.400225622495,26.6067256635027,1,320,4.12112169968567,6.10224963267321,3.37371253967843,-0.52932134469177,-8.1333691782134e-19,-1.61023610251003e-18,0,-7.43549343901466e-19,0.00174267331955145,0.00152100145796651,1,8.84916564910049e-20,5.59396731442744e-20,1,0.0111562507800311,0.00372247299024298,0.00372247299024298,0.0067667441851801,0.0090391613447924,0.00737137484334535,0.00737137484334535,0.00893581734392581,1,0,0,1,0.0111566079668192,0.00372363626305243,0.00372363626305243,0.00676778723237365,0.00903985541864736,0.00737367839798389,0.00737367839798389,0.00893652756528091,11.500955564492,15.7132991335088,2.454653991478,0.130054629944016,2.454653991478,0.130054629944016,31.8986012075847,6.47747720167586,1.0842021724855e-18,-5.47759492943292e-19,-8.23095646435588e-19,0,0,0,0.0111562507800311,0.0067667441851801,0.00372247299024298,0.0090391613447924,0.00893581734392581,0.00737137484334534,2.11264870137732e-13,4.70757894148321e-08,9.09184862639815e-13,8.84916564910049e-20,1.73472347597681e-18,1.51497704170485e-15
NC_k0011,0.00789473684210525,0.00789473684210525,0.257322425319565,53.3717255247496,-18.1376616265498,49.9130858817451,-15.9357268304683,-46.2246767452376,24.3295854085208,-43.7384894217787,19.9141056766986,1,320,-1.90452363797203,-2.82045485363089,-1.55924290222896,0.246656697572867,1.5458351287391e-19,-9.3703019790007e-19,0,-1.08769618339293e-18,0.00174252961289141,0.00152130500818599,1,4.57853073448467e-20,9.41321959166584e-20,1,0.0111562507800311,0.00372247299024298,0.00372247299024298,0.0067667441851801,0.0090391613447924,0.00737137484334535,0.00737137484334535,0.00893581734392581,1,0,0,1,0.0111566079668192,0.00372363626305243,0.00372363626305243,0.00676778723237365,0.00903985541864736,0.00737367839798389,0.00737367839798389,0.00893652756528091,11.5690636996707,15.7691562517805,2.442913929651,0.112568851131723,2.442913929651,0.112568851131723,31.9704139444222,6.54044566743398,1.0842021724855e-18,-5.47759492943292e-19,-4.84576082275781e-19,0,0,0,0.0111562507800311,0.0067667441851801,0.00372247299024298,0.0090391613447924,0.00893581734392581,0.00737137484334534,7.54357546851941e-13,5.38815177048746e-08,6.43211572728046e-13,9.41321959166584e-20,1.73472347597681e-18,3.99093198543775e-14
NC_k0011,0.0328947368421052,0.0328947368421052,0.253667204541225,57.5788676888688,-20.440170512663,43.2730476460513,-11.1796753036629,-48.9767151176185,29.9736805937899,-38.5936279516614,11.7749684364831,1,320,-7.88794311560953,-11.6719558128677,-6.45476664639749,0.98500226558729,-1.48230765769503e-19,-2.39715618028887e-18,0,-5.45065701558142e-19,0.00174322264924655,0.00152000298316408,1,3.96871564289443e-20,2.77209227140582e-19,1,0.0111562507800311,0.00372247299024298,0.00372247299024298,0.0067667441851801,0.0090391613447924,0.00737137484334535,0.00737137484334535,0.00893581734392581,1,0,0,1,0.0111566079668192,0.00372363626305243,0.00372363626305243,0.00676778723237365,0.00903985541864736,0.00737367839798389,0.00737367839798389,0.00893652756528091,11.2716093109053,15.5244360351174,2.49284669812579,0.187400457192932,2.49284669812579,0.187400457192932,31.6582597594743,6.26344945927128,1.68051336735253e-18,-3.59270254617601e-19,-4.25702847585377e-19,0,0,0,0.0111562507800311,0.0067667441851801,0.00372247299024298,0.0090391613447924,0.00893581734392581,0.00737137484334534,3.59625351466396e-13,7.29913246425311e-08,1.02774177007752e-12,2.77209227140582e-19,3.46944695195361e-18,8.44701403715876e-14
NC_k0011,0.0578947368421052,0.0578947368421052,0.245826872782753,60.2597915703853,-21.5589021431547,35.7191622379077,-5.09440975082921,-50.5086463338364,33.8429950339814,-32.2848910869097,2.83914750629966,1,320,-13.6512690798816,-20.1598077888877,-11.1576553666939,1.57609916974267,-9.63499977501767e-20,-5.70331106187962e-19,0,-2.76715075956139e-19,0.0017451952384008,0.00151756806743457,1,9.4920808254557e-20,1.503575117717e-19,1,0.0111562507800311,0.00372247299024298,0.00372247299024298,0.0067667441851801,0.00903916134479239,0.00737137484334535,0.00737137484334535,0.00893581734392581,1,0,0,1,0.0111566079668192,0.00372363626305243,0.00372363626305243,0.00676778723237365,0.00903985541864736,0.00737367839798389,0.00737367839798389,0.00893652756528091,10.6475201355129,15.0061258859101,2.58625165531676,0.331309839466284,2.58625165531676,0.331309839466284,31.0248239919234,5.66517039523653,1.89735380184963e-18,-2.20791386699508e-19,-1.21333537296072e-19,0,0,0,0.0111562507800311,0.0067667441851801,0.00372247299024298,0.0090391613447924,0.00893581734392581,0.00737137484334534,1.69652066402413e-13,4.5605771273886e-08,6.84418980385737e-13,1.503575117717e-19,3.46944695195361e-18,1.53553524925708e-14
NC_k0012,-0.0671052631578948,-0.0671052631578948,0.414548052751668,-111.410131635865,-68.0057970082229,-155.732455795742,-94.3405703497561,99.6915723394108,82.8566984642755,157.352495908525,80.8295150889625,1,320,-25.4860278980583,2.09712723757761,-7.71833721795861,2.64417395134091,4.27222242771388e-20,3.74944428058036e-19,0,6.43692100354065e-19,-0.00147981560037518,0.000484947194622582,1,-3.835332446732e-19,-2.03652575114086e-20,1,-0.0152431504266709,-0.00930541602570422,-0.00930541602570422,-0.00271181015510361,0.0020331333037314,0.00312048212099628,0.00312048212099628,0.0077350270615511,1,0,1.0842021724855e-19,1,-0.0152428727813599,-0.00930832396821225,-0.00930832396821225,-0.00271349053171006,0.0020339603329455,0.00312145727165909,0.00312145727165909,0.00773496316986553,-23.6168560708025,-29.4383746788992,-10.4072348869833,13.2509815572907,-10.4072348869833,13.2509815572907,2.69126977404826,13.6608142581753,2.00577401909818e-18,-1.23591351960728e-19,-2.9607146652927e-20,0,0,0,-0.0152431504266709,-0.00271181015510362,-0.00930541602570422,0.0020331333037314,0.0077350270615511,0.00312048212099628,1.74108707821037e-13,6.99523271454481e-08,8.13197441068568e-13,3.835332446732e-19,6.93889390390723e-18,2.41033751221407e-14
NC_k0012,-0.0421052631578947,-0.0421052631578947,0.428299612152865,-123.632194061362,-73.1012121664375,-151.63480197529,-90.5127290648016,114.105828398657,83.5228548372209,150.969542206765,81.4158747279523,1,320,-16.1243565683611,1.00449340679608,-4.98955484331643,1.75330201154841,1.35228810029149e-18,1.90635352691421e-19,0,1.19409807994685e-18,-0.00146980930698511,0.000476144806898031,1,-2.8263786213746e-19,-1.01448053143667e-19,1,-0.0152431504266709,-0.00930541602570422,-0.00930541602570422,-0.00271181015510361,0.0020331333037314,0.00312048212099629,0.00312048212099629,0.00773502706155109,1,0,1.0842021724855e-19,1,-0.0152428727813599,-0.00930832396821225,-0.00930832396821225,-0.00271349053171006,0.0020339603329455,0.00312145727165909,0.00312145727165909,0.00773496316986553,-24.6895723802404,-30.3748205523606,-10.1441295862634,13.0823374111885,-10.1441295862634,13.0823374111885,2.98934428346158,14.1119634639546,1.40946282423116e-18,-3.95791996335732e-19,4.03225687846796e-19,0,0,0,-0.0152431504266709,-0.00271181015510362,-0.00930541602570422,0.0020331333037314,0.0077350270615511,0.00312048212099628,3.20583235724124e-13,5.54175495707387e-08,3.14744741049959e-13,2.8263786213746e-19,5.20417042793042e-18,8.81335909867291e-15
NC_k0012,-0.0171052631578947,-0.0171052631578947,0.436055426411529,-134.38422449858,-78.5186657720552,-145.751651168657,-85.7981646961345,127.403019212108,83.3404670351491,142.494976774948,82.2979484613593,1,320,-6.56289911455295,0.33737002532775,-2.05442459944431,0.732904895275975,1.45626139456696e-18,-1.33937084784586e-19,0,1.13340949276506e-18,-0.00146416434955176,0.000470874061015802,1,-8.65873446595085e-20,-3.54232627374716e-21,1,-0.0152431504266709,-0.00930541602570422,-0.00930541602570422,-0.00271181015510361,0.0020331333037314,0.00312048212099628,0.00312048212099628,0.0077350270615511,1,0,1.0842021724855e-19,1,-0.0152428727813599,-0.00930832396821225,-0.00930832396821225,-0.00271349053171006,0.0020339603329455,0.00312145727165909,0.00312145727165909,0.00773496316986553,-25.2991170339016,-30.9160771071325,-9.99185648690313,13.0003596653483,-9.99185648690313,13.0003596653483,3.13046823971617,14.3555526501173,1.16551733542192e-18,-5.72724321759248e-20,-2.85712838741855e-19,0,0,0,-0.0152431504266709,-0.00271181015510362,-0.00930541602570422,0.0020331333037314,0.0077350270615511,0.00312048212099628,4.00315732363948e-13,1.61584111952662e-08,9.44213277085199e-13,8.65873446595085e-20,3.46944695195361e-18,1.40033267919377e-15
NC_k0012,0.00789473684210525,0.00789473684210525,0.437271662677709,-143.081313968359,-83.8999697954541,-137.836668094329,-80.5255109468095,138.822684662597,82.6260155137173,131.849883523328,83.1206198656725,1,320,3.02956190831507,-0.150698810022316,0.950024822436604,-0.339792813833469,1.99529198637591e-18,1.71841809174216e-19,0,5.05374267045398e-19,-0.00146326790340659,0.000470016828915531,1,-9.60762609756414e-20,-4.15053456838421e-20,1,-0.0152431504266709,-0.00930541602570423,-0.00930541602570423,-0.00271181015510361,0.0020331333037314,0.00312048212099629,0.00312048212099629,0.0077350270615511,1,0,1.0842021724855e-19,1,-0.0152428727813599,-0.00930832396821225,-0.00930832396821225,-0.00271349053171006,0.0020339603329455,0.00312145727165909,0.00312145727165909,0.00773496316986553,-25.3953506779831,-31.0015516381791,-9.96735928925492,12.9880629825754,-9.96735928925492,12.9880629825754,3.1507100667009,14.3930676563265,2.11419423634673e-18,-5.72724321759247e-20,-2.49569942882514e-19,0,0,0,-0.0152431504266709,-0.00271181015510362,-0.00930541602570422,0.0020331333037314,0.0077350270615511,0.00312048212099628,4.81825847087244e-13,4.02988444085073e-08,1.97335591718846e-13,9.60762609756414e-20,5.20417042793042e-18,6.98218882747377e-15
NC_k0012,0.0328947368421052,0.0328947368421052,0.431907084985901,-149.69223507505,-88.8645126966058,-127.814724671586,-75.080456942397,148.100566579812,81.7266000998924,119.193253584986,83.5413399965846,1,320,12.6108854074822,-0.721302150294443,3.92356247487195,-1.38825906182052,-2.15696940018308e-18,-9.80440636446853e-20,0,2.52654046298197e-19,-0.00146719667273546,0.000473728678190536,1,-8.24107465038982e-20,5.34276062933272e-20,1,-0.0152431504266709,-0.00930541602570422,-0.00930541602570422,-0.00271181015510361,0.0020331333037314,0.00312048212099628,0.00312048212099628,0.0077350270615511,1,0,1.0842021724855e-19,1,-0.0152428727813599,-0.00930832396821225,-0.00930832396821225,-0.00271349053171006,0.0020339603329455,0.00312145727165909,0.00312145727165909,0.00773496316986553,-24.9722182838444,-30.6256850541258,-10.0742039482056,13.0434869574782,-10.0742039482056,13.0434869574782,3.05757124555549,14.2262035696579,1.78893358460108e-18,1.62404584406739e-20,-2.00304746517848e-19,0,0,0,-0.0152431504266709,-0.00271181015510362,-0.00930541602570422,0.0020331333037314,0.0077350270615511,0.00312048212099628,1.74577136076859e-13,4.05873868342463e-08,1.82950315999601e-13,8.24107465038982e-20,5.20417042793042e-18,4.52410389008566e-14
NC_k0012,0.0578947368421052,0.0578947368421052,0.420207065299077,-154.407339099625,-93.0472373188077,-116.004470694273,-69.8204884149525,155.228817331707,80.9862905268104,105.042502092902,83.2142746547047,1,320,22.0853518650544,-1.63392739117887,6.74897007637894,-2.33605913472025,3.04741278598416e-18,7.73023443487956e-19,0,1.82707653700713e-19,-0.00147569704138438,0.000481403312533157,1,-8.9163862784619e-20,-2.86217872031958e-20,1,-0.0152431504266709,-0.00930541602570422,-0.00930541602570422,-0.00271181015510361,0.0020331333037314,0.00312048212099629,0.00312048212099629,0.0077350270615511,1,0,1.0842021724855e-19,1,-0.0152428727813599,-0.00930832396821225,-0.00930832396821225,-0.00271349053171006,0.0020339603329455,0.00312145727165909,0.00312145727165909,0.00773496316986553,-24.0585001753474,-29.8191608502054,-10.2982174101764,13.1766245594458,-10.2982174101764,13.1766245594458,2.82105145497794,13.8496734980315,1.24683249835833e-18,-2.83961658084432e-20,-2.23110426323136e-19,0,0,0,-0.0152431504266709,-0.00271181015510362,-0.00930541602570422,0.0020331333037314,0.0077350270615511,0.00312048212099628,1.24809500087743e-13,4.67487884352782e-08,3.13258163181099e-13,8.9163862784619e-20,3.46944695195361e-18,6.34100537363389e-15
NC_k0013,-0.0671052631578948,-0.0671052631578948,0.67582226545954,60.5228538486769,-124.115727422318,64.4737217097478,-173.778493296716,-40.5594605524343,162.269144734678,-87.7685142110216,140.660025072027,1,320,-3.56032708917866,-27.7345760004139,-10.3273180195655,-12.9847209553726,-4.34077915688227e-19,2.64311337234784e-18,0,-7.25801356678529e-20,4.49090860771792e-05,0.000475894479914255,1,-1.57211602370059e-20,2.01070023246518e-19,1,0.00498912622183263,-0.00272241580136071,-0.00272241580136071,0.00271310382184266,-0.00664467839056453,-0.0146387790942166,-0.0146387790942166,0.0100940841642874,1,0,-5.42101086242752e-20,1,0.00498924927594371,-0.00272326655629864,-0.00272326655629864,0.00271358250445375,-0.0066432359323269,-0.0146433537126835,-0.0146433537126835,0.0100929111908759,10.3044308902525,-1.00154977935556,-17.1452229917502,-9.88755840126159,-17.1452229917502,-9.88755840126159,-52.550039400505,24.7394971229389,1.73472347597681e-18,-2.33312662765746e-19,-5.7292793773152e-19,0,0,0,0.00498912622183263,0.00271310382184266,-0.00272241580136071,-0.00664467839056453,0.0100940841642874,-0.0146387790942166,1.0190109744038e-13,5.1488414917609e-08,3.58816051736985e-13,2.01070023246518e-19,5.20417042793042e-18,8.37814572702515e-15
NC_k0013,-0.0421052631578947,-0.0421052631578947,0.676784543773822,62.1290649303916,-131.870001234287,62.7396375914734,-164.299011432672,-48.9295193305939,158.832281120187,-79.2941100329215,142.339353738945,1,320,-2.28268459385129,-17.8656005037385,-6.64893408220459,-8.25786753894039,9.71308562484267e-19,3.80788955394091e-18,0,8.72867452145556e-19,4.06228580451859e-05,0.000456856944562113,1,-9.93378071520378e-21,7.03616603101948e-20,1,0.00498912622183263,-0.00272241580136071,-0.00272241580136071,0.00271310382184266,-0.00664467839056453,-0.0146387790942166,-0.0146387790942166,0.0100940841642874,1,0,-5.42101086242752e-20,1,0.00498924927594371,-0.00272326655629864,-0.00272326655629864,0.00271358250445375,-0.0066432359323269,-0.0146433537126835,-0.0146433537126835,0.0100929111908759,10.3450802795441,-0.907770919521908,-17.0910155012976,-9.68839740021289,-17.0910155012976,-9.68839740021289,-52.8976767880129,24.7168120952814,1.73472347597681e-18,4.82717934556783e-20,-1.58172770896995e-19,0,0,0,0.00498912622183263,0.00271310382184266,-0.00272241580136071,-0.00664467839056453,0.0100940841642874,-0.0146387790942166,1.16729517657103e-13,4.23171867748304e-08,4.40085748942593e-13,7.03616603101948e-20,5.20417042793042e-18,1.09909340179531e-14
NC_k0013,-0.0171052631578947,-0.0171052631578947,0.678006271333822,62.1968814870978,-140.641361073641,62.0308079401521,-154.13488748368,-57.5380646380949,153.549896703127,-70.0569287521847,146.209865635213,1,320,-0.927912736708083,-7.33074797711064,-2.72535803556018,-3.37156941614826,7.06703410695904e-19,1.89135839676985e-18,0,2.37449804894982e-18,3.80177181388984e-05,0.000446147501032455,1,4.58819281076013e-20,-1.04308733395317e-19,1,0.00498912622183263,-0.00272241580136071,-0.00272241580136071,0.00271310382184267,-0.00664467839056453,-0.0146387790942166,-0.0146387790942166,0.0100940841642874,1,0,-5.42101086242752e-20,1,0.00498924927594371,-0.00272326655629864,-0.00272326655629864,0.00271358250445375,-0.0066432359323269,-0.0146433537126835,-0.0146433537126835,0.0100929111908759,10.3586236378495,-0.832225588295818,-17.0696462048755,-9.57657711104772,-17.0696462048755,-9.57657711104772,-53.1597587371605,24.7444222307741,2.60208521396521e-18,-1.68585581700368e-19,-8.3521189921661e-19,0,0,0,0.00498912622183263,0.00271310382184266,-0.00272241580136071,-0.00664467839056453,0.0100940841642874,-0.0146387790942166,1.33637222284562e-13,2.50504258392781e-08,3.55683241218264e-13,1.04308733395317e-19,5.20417042793042e-18,6.38617956662862e-15
NC_k0013,0.00789473684210525,0.00789473684210525,0.678224326857323,61.990464425101,-150.388782087406,62.0968862172516,-144.137754793335,-66.6240086637463,148.037283330755,-60.8328477061477,151.469655423412,1,320,0.428058319902828,3.38754706272153,1.25914977626604,1.55699568278731,-5.99434628860028e-19,1.57436955114973e-18,0,1.50517754727089e-18,3.75836500102349e-05,0.000444464121493113,1,5.90596886478888e-20,-1.96742759094486e-19,1,0.00498912622183263,-0.00272241580136071,-0.00272241580136071,0.00271310382184267,-0.00664467839056453,-0.0146387790942166,-0.0146387790942166,0.0100940841642874,1,0,-5.42101086242752e-20,1,0.00498924927594371,-0.00272326655629864,-0.00272326655629864,0.00271358250445375,-0.0066432359323269,-0.0146433537126835,-0.0146433537126835,0.0100929111908759,10.3597868560689,-0.818631359607947,-17.0664561029781,-9.55861882593215,-17.0664561029781,-9.55861882593215,-53.2038975701172,24.7508833899335,2.60208521396521e-18,-4.11020557603422e-19,-3.76808950261978e-19,0,0,0,0.00498912622183263,0.00271310382184266,-0.00272241580136071,-0.00664467839056453,0.0100940841642874,-0.0146387790942166,8.1449090144353e-13,4.37006488906955e-08,1.94077695657613e-13,1.96742759094486e-19,5.20417042793042e-18,6.22043080218665e-15
NC_k0013,0.0328947368421052,0.0328947368421052,0.677312933562151,62.3652603854306,-160.588931944807,62.2608059574073,-134.975062653154,-75.9339085925125,143.547804783798,-52.0527727660179,157.010027910568,1,320,1.78562322348088,14.0276314616418,5.2183740460905,6.46764778917021,2.49610021644002e-19,1.7611932555785e-18,0,5.45912734505397e-19,3.94301779936114e-05,0.000451887248276883,1,6.05777686458595e-20,-3.61204240631277e-19,1,0.00498912622183263,-0.00272241580136071,-0.00272241580136071,0.00271310382184266,-0.00664467839056453,-0.0146387790942166,-0.0146387790942166,0.0100940841642874,1,0,-5.42101086242752e-20,1,0.00498924927594371,-0.00272326655629864,-0.00272326655629864,0.00271358250445375,-0.0066432359323269,-0.0146433537126835,-0.0146433537126835,0.0100929111908759,10.3526743187418,-0.874972126036563,-17.0807985169525,-9.63696350854307,-17.0807985169525,-9.63696350854307,-53.0150481676039,24.7266338785499,1.73472347597681e-18,-4.39812627405915e-19,-6.35021315959281e-19,0,0,0,0.00498912622183263,0.00271310382184266,-0.00272241580136071,-0.00664467839056453,0.0100940841642874,-0.0146387790942166,6.62289018318418e-14,4.10940276645856e-08,1.65865650883003e-13,3.61204240631277e-19,5.20417042793042e-18,2.45873724598664e-15
NC_k0013,0.0578947368421052,0.0578947368421052,0.675960756346158,63.7142154904086,-170.417264314912,61.376469226202,-126.867031533803,-84.7907771243932,140.98395344937,-43.6413528450151,161.323227823747,1,320,3.10995541679398,24.227938811799,9.02150509543573,11.275845978968,-1.46293177902658e-18,-1.10220162261466e-18,0,1.80523896883573e-20,4.32175958763451e-05,0.000468024685772551,1,6.5574926055538e-20,-3.39817703638335e-19,1,0.00498912622183263,-0.00272241580136071,-0.00272241580136071,0.00271310382184267,-0.00664467839056452,-0.0146387790942166,-0.0146387790942166,0.0100940841642874,1,0,-5.42101086242752e-20,1,0.00498924927594371,-0.00272326655629864,-0.00272326655629864,0.00271358250445375,-0.0066432359323269,-0.0146433537126835,-0.0146433537126835,0.0100929111908759,10.3224239361556,-0.967934645523849,-17.1185190855618,-9.80335439754601,-17.1185190855618,-9.80335439754601,-52.6701863886386,24.717139581525,2.60208521396521e-18,-5.95631023463624e-19,-1.51442203428332e-18,0,0,0,0.00498912622183263,0.00271310382184266,-0.00272241580136071,-0.00664467839056453,0.0100940841642874,-0.0146387790942166,1.31240167280675e-13,3.28323685928796e-08,3.7945130929276e-13,3.39817703638335e-19,9.54097911787244e-18,7.39096695171866e-15
NC_k0014,-0.0671052631578948,-0.0671052631578948,0.780735792203016,-21.434567073677,-74.1475043755212,-61.155130821671,-113.519318853014,33.9110533324441,86.7898442350159,55.431920677081,93.8615206901136,1,320,-36.7823031185047,14.3845925446707,-7.39124448936525,-2.72310633354283,2.41727321278616e-18,-2.41806730617421e-18,0,2.56729068867878e-18,0.000970915969990269,-0.000648795924005037,1,-2.75393322671291e-19,-1.15279107934255e-19,1,0.00217222537146128,-0.0159947279836309,-0.0159947279836309,0.00794436627928002,-0.00445976827374019,0.00696433063739491,0.00696433063739491,0.00281881602866442,1,2.16840434497101e-19,0,1,0.00217307149933106,-0.0159997263361258,-0.0159997263361258,0.00794431051013296,-0.00445926373403864,0.00696650699071909,0.00696650699071909,0.00281818328956873,-4.82380618130766,-55.4465871201653,-16.2402539713558,10.1612329366015,-16.2402539713558,10.1612329366015,23.5903653756886,13.1717985690659,1.73472347597681e-18,-6.12391342212757e-19,3.30906098055523e-19,0,0,0,0.00217222537146128,0.00794436627928002,-0.0159947279836309,-0.00445976827374019,0.00281881602866443,0.00696433063739491,4.2305360441983e-14,7.76982389427661e-08,5.58759234313508e-13,2.75393322671291e-19,3.46944695195361e-18,2.13303213912946e-15
NC_k0014,-0.0421052631578947,-0.0421052631578947,0.776020068573787,-30.0754785465983,-80.8955037636502,-56.3577363239167,-106.663546935526,39.7644253165556,88.5304525213519,53.3354696340061,92.0533911101078,1,320,-23.658091451412,9.15955854671638,-4.78451585854959,-1.69909531216876,1.90021253804662e-18,-9.63817614856987e-19,0,3.84870595408673e-20,0.000960291291943266,-0.000645689564884556,1,-9.8802350418495e-20,-1.55570160053042e-19,1,0.00217222537146128,-0.0159947279836309,-0.0159947279836309,0.00794436627928002,-0.00445976827374019,0.00696433063739491,0.00696433063739491,0.00281881602866442,1,2.16840434497101e-19,0,1,0.00217307149933106,-0.0159997263361258,-0.0159997263361258,0.00794431051013296,-0.00445926373403864,0.00696650699071909,0.00696650699071909,0.00281818328956873,-5.14905715777463,-56.0417427577136,-15.6077441441773,9.62873014650619,-15.6077441441773,9.62873014650619,23.8906664968633,13.3636510691154,1.73472347597681e-18,-5.04665281515969e-19,2.56432995626069e-19,0,0,0,0.00217222537146128,0.00794436627928002,-0.0159947279836309,-0.00445976827374019,0.00281881602866443,0.00696433063739491,9.30297411579899e-14,4.96033681955607e-08,6.09230625804042e-13,1.55570160053042e-19,3.46944695195361e-18,3.57665693706087e-15
NC_k0014,-0.0171052631578947,-0.0171052631578947,0.774068316689354,-38.9667446565028,-88.3141104860454,-49.9167277145442,-99.0195867443099,45.0034195394366,89.5878868405174,50.4950122614853,90.8003526980767,1,320,-9.71111251191671,3.74312717294485,-1.96943516186073,-0.686248143219525,6.13569491167334e-19,7.28130697283478e-19,0,-5.93809800694667e-19,0.000954624456992408,-0.000644363197735903,1,1.95234931918401e-19,-4.65966650428586e-20,1,0.00217222537146128,-0.0159947279836309,-0.0159947279836309,0.00794436627928003,-0.00445976827374019,0.00696433063739491,0.00696433063739491,0.00281881602866443,1,2.16840434497101e-19,0,1,0.00217307149933106,-0.0159997263361258,-0.0159997263361258,0.00794431051013296,-0.00445926373403864,0.00696650699071909,0.00696650699071909,0.00281818328956873,-5.30067272356784,-56.4553104141919,-15.2463992086619,9.3289661870902,-15.2463992086619,9.3289661870902,24.0988750536083,13.4421133365525,1.73472347597681e-18,-7.58554954635824e-19,1.59459005264847e-19,0,0,0,0.00217222537146128,0.00794436627928002,-0.0159947279836309,-0.00445976827374019,0.00281881602866443,0.00696433063739491,2.59860745293219e-13,2.65864757594274e-08,8.09628829810607e-13,1.95234931918401e-19,3.46944695195361e-18,1.06135985740432e-14
NC_k0014,0.00789473684210525,0.00789473684210525,0.773786905903117,-47.1786252477507,-96.1206210320778,-42.106717292277,-91.1630453453064,49.2120687042497,90.4434937605117,46.6800245949396,89.8998110393266,1,320,4.48844352901093,-1.72897539549109,0.910624484061536,0.31629114218078,1.38193425344539e-18,1.47796661384035e-18,0,-5.50518476156092e-19,0.000953765671414001,-0.000644199684289995,1,3.38745625096765e-19,-5.46312214909241e-20,1,0.00217222537146128,-0.0159947279836309,-0.0159947279836309,0.00794436627928003,-0.00445976827374019,0.00696433063739491,0.00696433063739491,0.00281881602866443,1,2.16840434497101e-19,0,1,0.00217307149933106,-0.0159997263361258,-0.0159997263361258,0.00794431051013296,-0.00445926373403864,0.00696650699071909,0.00696650699071909,0.00281818328956873,-5.32247968697372,-56.5241430420186,-15.1887407128106,9.28155457971083,-15.1887407128106,9.28155457971083,24.1335317551833,13.4521981280667,1.73472347597681e-18,-1.59250976571407e-18,-1.0588536507181e-19,0,0,0,0.00217222537146128,0.00794436627928002,-0.0159947279836309,-0.00445976827374019,0.00281881602866443,0.00696433063739491,4.15253617806222e-13,5.34138099437856e-08,6.71572724119245e-13,3.38745625096765e-19,8.67361737988404e-18,6.31308344853579e-15
NC_k0014,0.0328947368421052,0.0328947368421052,0.775079225977356,-54.1663228079211,-103.908624518432,-33.3831897892072,-83.567432605665,52.389979002639,91.5363017485112,41.8024989359592,88.9780212257618,1,320,18.5771509337633,-7.17673135616487,3.76213846060749,1.32414855886535,3.84235320698232e-18,-7.35753993808767e-19,0,5.65394492292245e-20,0.000957635887211256,-0.000645037678455856,1,2.23363168203444e-19,5.6766550766683e-20,1,0.00217222537146128,-0.0159947279836309,-0.0159947279836309,0.00794436627928003,-0.00445976827374019,0.00696433063739491,0.00696433063739491,0.00281881602866442,1,2.16840434497101e-19,0,1,0.00217307149933106,-0.0159997263361258,-0.0159997263361258,0.00794431051013296,-0.00445926373403864,0.00696650699071909,0.00696650699071909,0.00281818328956873,-5.22237785440378,-56.2284546059545,-15.4411909308415,9.49001935895384,-15.4411909308415,9.49001935895384,23.9846447286112,13.4031918699277,3.46944695195361e-18,-1.66681255132723e-18,3.13977941612484e-19,0,0,0,0.00217222537146128,0.00794436627928002,-0.0159947279836309,-0.00445976827374019,0.00281881602866443,0.00696433063739491,2.17321537685815e-13,3.95690944795595e-08,5.57118039510501e-13,2.23363168203444e-19,1.04083408558608e-17,2.43507899399939e-14
NC_k0014,0.0578947368421052,0.0578947368421052,0.778504985959523,-59.5845191573791,-111.119673199737,-24.5074555682948,-76.5334566323655,54.727157563838,93.1213479760904,36.0836196975578,87.5282997732209,1,320,32.1002280595952,-12.4982842200707,6.46864146704312,2.34629108892089,-3.42836585401178e-19,-7.8805827830172e-19,0,-4.00805402728894e-19,0.000966398315717772,-0.000647354609099024,1,2.66704395240073e-19,4.81354640007218e-20,1,0.00217222537146128,-0.0159947279836309,-0.0159947279836309,0.00794436627928003,-0.00445976827374019,0.00696433063739491,0.00696433063739491,0.00281881602866443,1,2.16840434497101e-19,0,1,0.00217307149933106,-0.0159997263361258,-0.0159997263361258,0.00794431051013296,-0.00445926373403864,0.00696650699071909,0.00696650699071909,0.00281818328956873,-4.96670333652971,-55.6655116691308,-15.9778582758328,9.93980177377625,-15.9778582758328,9.93980177377625,23.7013280571545,13.2579145148673,1.73472347597681e-18,-1.28898576948014e-18,-7.90098557184979e-20,0,0,0,0.00217222537146128,0.00794436627928002,-0.0159947279836309,-0.00445976827374019,0.00281881602866443,0.00696433063739491,8.55522792116704e-14,3.31855432360821e-08,5.97057514819532e-13,2.66704395240073e-19,6.93889390390723e-18,3.42263094926269e-15
NC_k0015,-0.0671052631578948,-0.0671052631578948,0.556283440808682,152.355395390009,31.0148106924759,116.22522007895,29.4284711481629,-116.971512309401,-14.9187224388105,-152.754362771572,-47.6814882700388,1,320,-23.7580466481572,-24.9868624912156,-16.085820015993,-6.07588067055878,1.34283838897368e-18,4.30021421964267e-19,0,7.90837605159898e-19,-0.000153970594854205,0.00036532836290348,1,-1.19351392384176e-19,1.85286941011333e-19,1,0.00657798911293621,-0.0101065793937027,-0.0101065793937027,-0.00692801170261272,0.0107208255033532,-0.00946792217555798,-0.00946792217555798,0.00141849083238711,1,0,0,1,0.00657692028386509,-0.0101097376997632,-0.0101097376997632,-0.00692697021905642,0.0107205729505014,-0.00947088090123784,-0.00947088090123784,0.00141969176932764,20.8119892972103,-41.2701881783779,3.97390083032269,-18.225823278258,3.97390083032269,-18.225823278258,-27.7825008260292,-4.05188111306703,1.73472347597681e-18,6.8166360441785e-20,-1.91744855747754e-19,0,0,0,0.00657798911293621,-0.00692801170261272,-0.0101065793937027,0.0107208255033532,0.00141849083238711,-0.00946792217555798,3.55458161268697e-14,8.3100290534468e-08,5.70712900462063e-13,1.85286941011333e-19,3.46944695195361e-18,7.38441033790515e-15
NC_k0015,-0.0421052631578947,-0.0421052631578947,0.556200638337062,144.883130694852,33.0519389926223,119.340705536871,31.6408324268183,-120.680366026446,-22.207830517544,-144.716181803141,-44.7306621428885,1,320,-15.3979901734769,-16.1212125695354,-10.4013369051941,-3.78968190886196,5.50194221355971e-19,-9.13207396258543e-20,0,7.74505751145651e-20,-0.000165926735326284,0.000361227895747966,1,-7.45397425099729e-20,2.08569972296196e-19,1,0.00657798911293622,-0.0101065793937027,-0.0101065793937027,-0.00692801170261272,0.0107208255033532,-0.00946792217555798,-0.00946792217555798,0.00141849083238711,1,0,0,1,0.00657692028386509,-0.0101097376997632,-0.0101097376997632,-0.00692697021905642,0.0107205729505014,-0.00947088090123784,-0.00947088090123784,0.00141969176932764,20.6828180586273,-41.6485524738659,3.85163298473147,-17.8619789031452,3.85163298473147,-17.8619789031452,-28.1330718081292,-4.3468105542839,1.73472347597681e-18,-3.98689604725959e-19,-2.21125405949141e-19,0,0,0,0.00657798911293621,-0.00692801170261272,-0.0101065793937027,0.0107208255033532,0.00141849083238711,-0.00946792217555798,8.12908615040551e-14,5.77892257698582e-08,3.00213447259087e-13,2.08569972296196e-19,3.46944695195361e-18,5.98825108118099e-16
NC_k0015,-0.0171052631578947,-0.0171052631578947,0.556580836778965,136.191275305862,34.2030446371476,125.193261852505,33.4960356077888,-126.203469211815,-30.2166646729578,-136.363824390079,-39.7758271273712,1,320,-6.34048248501996,-6.62581311404339,-4.27887754769089,-1.53002539858431,-2.27745983693e-19,1.37609766704322e-18,0,2.64486037780155e-19,-0.000172900882466646,0.000358855260813345,1,9.85126234864007e-20,-2.5000147204311e-20,1,0.00657798911293622,-0.0101065793937027,-0.0101065793937027,-0.00692801170261272,0.0107208255033532,-0.00946792217555798,-0.00946792217555798,0.00141849083238711,1,0,0,1,0.00657692028386509,-0.0101097376997632,-0.0101097376997632,-0.00692697021905642,0.0107205729505014,-0.00947088090123784,-0.00947088090123784,0.00141969176932764,20.6225354882178,-41.9187181449011,3.79195463105201,-17.6545145668153,3.79195463105201,-17.6545145668153,-28.3561308163614,-4.52107830096168,1.73472347597681e-18,-1.07767633642294e-19,-7.65538225117771e-20,0,0,0,0.00657798911293621,-0.00692801170261272,-0.0101065793937027,0.0107208255033532,0.00141849083238711,-0.00946792217555798,1.85924873961968e-13,4.27342451260784e-08,3.13778238207802e-13,9.85126234864007e-20,3.46944695195361e-18,2.05456178114526e-14
NC_k0015,0.00789473684210525,0.00789473684210525,0.55665374465875,127.89465972776,33.9370768327061,133.014486091554,34.2738035661138,-133.405942896459,-37.4760287900938,-128.687641712877,-33.0358627462254,1,320,2.93170237624967,3.06283966193977,1.97819887260251,0.705282785233162,-2.68138867365189e-20,-4.19281308890879e-19,0,1.19219887326043e-19,-0.000174017373985749,0.000358478667704068,1,1.8792421764906e-19,3.46192383293566e-20,1,0.00657798911293622,-0.0101065793937027,-0.0101065793937027,-0.00692801170261272,0.0107208255033532,-0.00946792217555798,-0.00946792217555798,0.00141849083238711,1,0,0,1,0.00657692028386509,-0.0101097376997632,-0.0101097376997632,-0.00692697021905642,0.0107205729505014,-0.00947088090123784,-0.00947088090123784,0.00141969176932764,20.6133683356181,-41.9639856042485,3.78317024608624,-17.6211943383488,3.78317024608624,-17.6211943383488,-28.3920599862491,-4.54916762124583,1.30104260698261e-18,8.61803470801491e-20,-7.04216553546312e-19,0,0,0,0.00657798911293621,-0.00692801170261272,-0.0101065793937027,0.0107208255033532,0.00141849083238711,-0.00946792217555798,7.23223290549014e-13,4.66865808651114e-08,3.32064005918854e-13,1.8792421764906e-19,3.46944695195361e-18,1.05706322592343e-14
NC_k0015,0.0328947368421052,0.0328947368421052,0.556356037088764,121.214600053056,32.4094824579437,141.730623090963,33.6250076722564,-141.62319060032,-43.13570562673,-122.499702685157,-25.1665880405127,1,320,12.1100135325722,12.6669670420165,8.1764035896143,2.95286106450225,-1.40845697260629e-19,-2.91591092092293e-19,0,5.59094684747042e-19,-0.00016914281111136,0.00036013214198697,1,1.29854756149035e-19,6.36124500064195e-22,1,0.00657798911293622,-0.0101065793937027,-0.0101065793937027,-0.00692801170261272,0.0107208255033532,-0.00946792217555798,-0.00946792217555798,0.00141849083238711,1,0,0,1,0.00657692028386509,-0.0101097376997632,-0.0101097376997632,-0.00692697021905642,0.0107205729505014,-0.00947088090123784,-0.00947088090123784,0.00141969176932764,20.6543187534861,-41.7698660969397,3.82309077727984,-17.7665383890507,3.82309077727984,-17.7665383890507,-28.235316541216,-4.42679309705016,1.51788304147971e-18,1.12041459215602e-20,-3.24818933063148e-19,0,0,0,0.00657798911293621,-0.00692801170261272,-0.0101065793937027,0.0107208255033532,0.00141849083238711,-0.00946792217555798,3.26608182151279e-13,8.11114506479866e-08,3.99907104248747e-13,1.29854756149035e-19,3.46944695195361e-18,2.79373661982432e-15
NC_k0015,0.0578947368421052,0.0578947368421052,0.556073786933191,117.016807123349,30.2305761504372,149.853587210714,31.800494928959,-149.888424049574,-46.8229295027028,-118.140127404409,-17.4030046516715,1,320,20.8049633183935,21.836229791102,14.0715937261335,5.23458994825197,3.78809015879884e-19,5.92314258147171e-19,0,-9.70064482842987e-19,-0.000158834624734435,0.000363644641667952,1,1.55851690783954e-19,-1.96688233520435e-20,1,0.00657798911293622,-0.0101065793937027,-0.0101065793937027,-0.00692801170261272,0.0107208255033532,-0.00946792217555798,-0.00946792217555798,0.00141849083238711,1,0,0,1,0.00657692028386509,-0.0101097376997632,-0.0101097376997632,-0.00692697021905642,0.0107205729505014,-0.00947088090123784,-0.00947088090123784,0.00141969176932764,20.7532288295799,-41.4074107753243,3.92110535200016,-18.0738688679216,3.92110535200016,-18.0738688679216,-27.9171470033406,-4.17210890692563,1.73472347597681e-18,-3.90236588512847e-19,-2.41121253032833e-19,0,0,0,0.00657798911293621,-0.00692801170261272,-0.0101065793937027,0.0107208255033532,0.00141849083238711,-0.00946792217555798,9.98966497262448e-14,5.26193978301979e-08,8.73085268985702e-13,1.55851690783954e-19,4.33680868994202e-18,1.1380272526897e-14
NC_k0016,-0.0671052631578948,-0.0671052631578948,0.424735142115185,-148.887421520051,1.73648432878012,-192.517081679762,28.7534570054771,131.840275938849,-8.66760502380873,204.693931052206,-33.1125819214983,1,320,-24.0455213761394,0.325386626490177,-7.82764446738428,10.7012748760404,8.99231352628847e-19,-4.58873481730117e-19,0,5.37687250494169e-19,-0.000453816545152189,-0.00159016597745861,1,-5.49159850092833e-20,-1.11560897075966e-19,1,-0.0115585687257176,-0.00604009263940823,-0.00604009263940823,0.00793210257873352,-0.00816450835296581,0.00422070397820643,0.00422070397820643,-0.0090843260555411,1,0,0,1,-0.0115571876758558,-0.00604198016835804,-0.00604198016835804,0.00793043821120399,-0.00816525399631791,0.00422202294819962,0.00422202294819962,-0.00908492797737717,-27.7759983219048,-23.8370714613186,-3.4051932246627,21.0572896184239,-3.4051932246627,21.0572896184239,5.45069124503872,-6.29227458148941,8.67361737988404e-19,-2.64552018172734e-19,1.78878547487384e-19,0,0,0,-0.0115585687257176,0.00793210257873352,-0.00604009263940822,-0.00816450835296581,-0.0090843260555411,0.00422070397820643,8.49859721612904e-14,5.83794572559876e-08,6.38599233502798e-13,1.11560897075966e-19,1.73472347597681e-18,1.41151596336476e-14
NC_k0016,-0.0421052631578947,-0.0421052631578947,0.426464233040291,-160.271890485976,9.14172586197068,-187.175533551364,25.8604150118438,147.908876861465,-15.5912643138568,194.540296164277,-30.7341925882689,1,320,-15.488900185877,0.123945143357825,-5.0704351640313,6.92600825176604,1.12380096276964e-18,-1.50639515713257e-18,0,9.43846166147507e-19,-0.000448465008050465,-0.00158204604432142,1,-1.23215662843015e-19,-1.26772225219571e-19,1,-0.0115585687257176,-0.00604009263940823,-0.00604009263940823,0.00793210257873352,-0.00816450835296581,0.00422070397820643,0.00422070397820643,-0.0090843260555411,1,0,0,1,-0.0115571876758558,-0.00604198016835804,-0.00604198016835804,0.00793043821120399,-0.00816525399631791,0.00422202294819962,0.00422202294819962,-0.00908492797737717,-28.4624627574342,-24.5058931497321,-2.97482821359692,20.6672104520556,-2.97482821359692,20.6672104520556,5.15582223274441,-6.6865943416869,1.0842021724855e-18,1.04600522939517e-19,4.74045162708253e-20,0,0,0,-0.0115585687257176,0.00793210257873352,-0.00604009263940822,-0.00816450835296581,-0.0090843260555411,0.00422070397820643,2.53111550691704e-13,4.4291854473371e-08,5.6570431049298e-13,1.26772225219571e-19,1.73472347597681e-18,1.15847756431081e-14
NC_k0016,-0.0171052631578947,-0.0171052631578947,0.427752983376171,-170.089380874147,15.377416741152,-180.861137674631,22.1005528580133,163.385352767057,-21.3628214514222,182.502242519209,-27.4441427787012,1,320,-6.37049956196933,0.0279965953513408,-2.09302597898395,2.85649302768308,2.69684702493929e-18,-6.77096962211406e-20,0,6.51897732030591e-19,-0.00044544968177307,-0.00157791564040656,1,8.74095057521035e-21,-3.22768813008362e-20,1,-0.0115585687257176,-0.00604009263940823,-0.00604009263940823,0.00793210257873352,-0.00816450835296581,0.00422070397820643,0.00422070397820643,-0.00908432605554111,1,0,0,1,-0.0115571876758558,-0.00604198016835804,-0.00604198016835804,0.00793043821120399,-0.00816525399631791,0.00422202294819962,0.00422202294819962,-0.00908492797737717,-28.8611216724453,-24.9249304220822,-2.71636545920743,20.4646642686352,-2.71636545920743,20.4646642686352,4.98641775709168,-6.93828369775656,1.0842021724855e-18,-6.67633791532382e-19,4.82898070791854e-19,0,0,0,-0.0115585687257176,0.00793210257873352,-0.00604009263940822,-0.00816450835296581,-0.0090843260555411,0.00422070397820643,4.62179054038854e-13,2.22245464604265e-08,8.27538225057343e-13,3.22768813008362e-20,6.93889390390723e-18,6.09937092028347e-15
NC_k0016,0.00789473684210525,0.00789473684210525,0.427968512285884,-178.231011937387,20.4798661488576,-173.271779014239,17.3820964885865,177.632013516742,-25.996523014224,168.797415873528,-23.1950829891041,1,320,2.94559674710855,-0.0111495747944713,0.96836756686365,-1.32136731855389,3.54070359864138e-18,2.37354513688416e-19,0,-7.09548912003087e-19,-0.000444963630373932,-0.00157730010436955,1,9.67633846112968e-20,-3.60744919782562e-20,1,-0.0115585687257176,-0.00604009263940823,-0.00604009263940823,0.00793210257873352,-0.00816450835296581,0.00422070397820643,0.00422070397820643,-0.00908432605554111,1,0,0,1,-0.0115571876758558,-0.00604198016835804,-0.00604198016835804,0.00793043821120399,-0.00816525399631791,0.00422202294819962,0.00422202294819962,-0.00908492797737717,-28.9243061734106,-24.993269524382,-2.67453283516543,20.4334300416988,-2.67453283516543,20.4334300416988,4.95910226762686,-6.97978901255215,6.50521303491303e-19,-8.93474577829262e-20,4.33521673506775e-19,0,0,0,-0.0115585687257176,0.00793210257873352,-0.00604009263940822,-0.00816450835296581,-0.0090843260555411,0.00422070397820643,2.86714960444392e-13,4.34482671720704e-08,1.08848017096751e-12,9.67633846112968e-20,1.73472347597681e-18,8.43105211352899e-15
NC_k0016,0.0328947368421052,0.0328947368421052,0.427045482320208,-184.979604757521,24.5800184777992,-164.093013136271,11.5772941759466,190.316180639477,-29.6279402909648,153.728013185047,-17.8559625986511,1,320,12.1726156286312,-0.0773472957610527,3.99143854984714,-5.44980541509285,1.8812601758518e-18,-2.27110708982559e-19,0,5.84770370960688e-19,-0.000447069654714253,-0.0015800962072428,1,-4.82835972636618e-20,-1.37382782140234e-19,1,-0.0115585687257176,-0.00604009263940823,-0.00604009263940823,0.00793210257873352,-0.00816450835296581,0.00422070397820643,0.00422070397820643,-0.00908432605554111,1,0,0,1,-0.0115571876758558,-0.00604198016835804,-0.00604198016835804,0.00793043821120399,-0.00816525399631791,0.00422202294819962,0.00422202294819962,-0.00908492797737717,-28.646915468721,-24.6971905330129,-2.85650876365414,20.5723210481841,-2.85650876365414,20.5723210481841,5.07809339341453,-6.80074076645547,1.0842021724855e-18,-7.17029127664062e-20,1.00663742724563e-18,0,0,0,-0.0115585687257176,0.00793210257873352,-0.00604009263940822,-0.00816450835296581,-0.0090843260555411,0.00422070397820643,2.74832882444279e-13,4.19006364174534e-08,1.86702644397327e-13,1.37382782140234e-19,1.73472347597681e-18,1.11790411174718e-14
NC_k0016,0.0578947368421052,0.0578947368421052,0.425329416017291,-190.641033787501,27.785234997454,-153.216688637086,4.58756999151299,201.179176937928,-32.3442549048613,137.751769662151,-11.3381035666223,1,320,20.9896478276497,-0.240832281701668,6.84710913016285,-9.35978187433808,7.7948206971077e-19,-7.76623333513787e-20,0,-2.59245021419019e-19,-0.000451640644945523,-0.00158667594712873,1,-7.96048403502437e-20,-2.24556918404259e-21,1,-0.0115585687257176,-0.00604009263940823,-0.00604009263940823,0.00793210257873352,-0.00816450835296581,0.00422070397820643,0.00422070397820643,-0.00908432605554111,1,0,0,1,-0.0115571876758558,-0.00604198016835804,-0.00604198016835804,0.00793043821120399,-0.00816525399631791,0.00422202294819962,0.00422202294819962,-0.00908492797737717,-28.0550956334303,-24.1002690369653,-3.2309035907538,20.8893615221194,-3.2309035907538,20.8893615221194,5.32775914977535,-6.44728699734568,8.67361737988404e-19,-5.53695185047462e-19,6.61969695084555e-19,0,0,0,-0.0115585687257176,0.00793210257873352,-0.00604009263940822,-0.00816450835296581,-0.0090843260555411,0.00422070397820643,1.61812828153277e-13,2.61091396898166e-08,5.03087222741646e-13,7.96048403502437e-20,3.46944695195361e-18,8.35285203658726e-15
NC_k0017,-0.0671052631578948,-0.0671052631578948,0.417677911049768,-25.9461628074341,122.102586285711,-57.1553583743852,191.032199266838,19.0300868757764,-132.322739524068,54.0343797194938,-179.492378496416,1,320,0.534381184149825,-24.8373130807822,-8.0199675258887,12.1674316454778,-2.33048211419465e-19,7.85887756374381e-20,0,-3.40242547000212e-19,-0.00125931512864066,0.00060126504387609,1,1.84142858678012e-20,3.38032789592612e-20,1,-0.0082771555149627,0.00450705118921081,0.00450705118921081,-0.00362172325633171,0.0152780878324339,-0.00620838961707159,-0.00620838961707159,-0.00510825188891229,1,0,2.16840434497101e-19,1,-0.0082772566092695,0.00450845964270744,0.00450845964270744,-0.00362255176192892,0.0152768924088597,-0.00621032973882692,-0.00621032973882692,-0.00510626194690501,-9.01462581183806,7.3715694619023,22.4852917246574,0.150872974558697,22.4852917246574,0.150872974558697,-26.2740742318274,-23.6881705540408,1.30104260698261e-18,2.37839919806854e-19,4.68030111071855e-19,0,0,0,-0.0082771555149627,-0.00362172325633171,0.00450705118921081,0.0152780878324339,-0.00510825188891229,-0.00620838961707159,1.16299949840579e-13,5.98512591901689e-08,4.83455543889315e-13,3.38032789592612e-20,5.20417042793042e-18,5.71488086823837e-15
NC_k0017,-0.0421052631578947,-0.0421052631578947,0.41435050497409,-34.5673704758271,137.184667878449,-53.9416736319795,181.027290296866,28.4186513871471,-143.81621120061,50.0539717793739,-173.166950218043,1,320,0.270648830533817,-16.1237777514999,-5.23153254391884,7.85596690871776,-3.69835760594909e-19,4.13987352970539e-20,0,-8.96213797754253e-19,-0.00124754483897043,0.0006034065085059,1,-4.85341868601599e-20,1.93100395720697e-19,1,-0.0082771555149627,0.00450705118921081,0.00450705118921081,-0.00362172325633171,0.0152780878324339,-0.00620838961707159,-0.00620838961707159,-0.00510825188891229,1,0,2.16840434497101e-19,1,-0.0082772566092695,0.00450845964270744,0.00450845964270744,-0.00362255176192892,0.0152768924088597,-0.00621032973882692,-0.00621032973882692,-0.00510626194690501,-9.38327740770245,7.1032751223039,22.0235836287467,0.573986340895952,22.0235836287467,0.573986340895952,-26.7492103706136,-24.0498116449521,1.30104260698261e-18,2.51826055441416e-19,-3.43267106016235e-20,0,0,0,-0.0082771555149627,-0.00362172325633171,0.00450705118921081,0.0152780878324339,-0.00510825188891229,-0.00620838961707159,1.4008117428233e-13,5.98015655956858e-08,4.40844073084188e-13,1.93100395720697e-19,1.73472347597681e-18,1.714834969984e-14
NC_k0017,-0.0171052631578947,-0.0171052631578947,0.412906204673408,-41.8210394216227,151.589452751374,-49.6294088468274,169.5039785783,36.3608568727931,-154.04092276183,45.0632109086355,-165.873879510991,1,320,0.0896605984577131,-6.65946617238145,-2.16803583939484,3.23485033739461,-3.45933549614577e-19,-5.82811607270162e-19,0,6.3363358410542e-19,-0.00124125953106915,0.000604748220678805,1,-8.6070718948723e-20,1.27941793358983e-20,1,-0.0082771555149627,0.00450705118921081,0.00450705118921081,-0.00362172325633171,0.0152780878324339,-0.00620838961707159,-0.00620838961707159,-0.00510825188891229,1,0,2.16840434497101e-19,1,-0.0082772566092695,0.00450845964270744,0.00450845964270744,-0.00362255176192892,0.0152768924088597,-0.00621032973882692,-0.00621032973882692,-0.00510626194690501,-9.6265003707114,6.95423277233105,21.7798030590987,0.830528028164442,21.7798030590987,0.830528028164442,-27.0754127728758,-24.2631564213359,1.19262238973405e-18,4.93371629240002e-19,-9.51132608510886e-19,0,0,0,-0.0082771555149627,-0.00362172325633171,0.00450705118921081,0.0152780878324339,-0.00510825188891229,-0.00620838961707159,3.53832767742973e-13,2.55635502464874e-08,1.78971685528184e-13,8.6070718948723e-20,6.93889390390723e-18,8.60416636657362e-15
NC_k0017,0.00789473684210525,0.00789473684210525,0.412697304914756,-47.7528937505351,164.908554918226,-44.1534136563565,156.633904933857,42.945764870738,-162.913098568119,38.9357584775136,-157.458858278913,1,320,-0.0397957075212535,3.08113904093332,1.003643300026,-1.49592185655322,-2.00005654670422e-19,1.35207634205468e-18,0,1.31946557358539e-18,-0.00124029651808102,0.00060498001346746,1,-1.03770474826175e-19,5.91856603461065e-20,1,-0.0082771555149627,0.00450705118921081,0.00450705118921081,-0.00362172325633171,0.0152780878324339,-0.00620838961707159,-0.00620838961707159,-0.00510825188891229,1,0,2.16840434497101e-19,1,-0.0082772566092695,0.00450845964270744,0.00450845964270744,-0.00362255176192892,0.0152768924088597,-0.00621032973882692,-0.00621032973882692,-0.00510626194690501,-9.66703845140707,6.93050194244516,21.7419477393618,0.872106876924047,21.7419477393618,0.872106876924047,-27.1299911619004,-24.2969199673926,1.19262238973405e-18,6.87319609962445e-19,-5.63236647066e-19,0,0,0,-0.0082771555149627,-0.00362172325633171,0.00450705118921081,0.0152780878324339,-0.00510825188891229,-0.00620838961707159,5.01757804906536e-13,3.80582064836433e-08,2.92617510215512e-13,1.03770474826175e-19,6.93889390390723e-18,1.77550758758639e-14
NC_k0017,0.0328947368421052,0.0328947368421052,0.413654699077043,-52.4829683275573,176.950930393783,-37.4004721899214,142.604146288487,48.3388279830541,-170.602429025368,31.512288725735,-147.747195580141,1,320,-0.194049101258521,12.6964364617573,4.12578782896458,-6.17716978082092,-3.83944153122613e-20,3.72270980318265e-19,0,-4.1774606167398e-18,-0.00124460271546952,0.000604016324391993,1,-1.57026984475345e-19,1.71828932061004e-20,1,-0.0082771555149627,0.00450705118921081,0.00450705118921081,-0.00362172325633171,0.0152780878324339,-0.00620838961707159,-0.00620838961707159,-0.00510825188891229,1,0,2.16840434497101e-19,1,-0.0082772566092695,0.00450845964270744,0.00450845964270744,-0.00362255176192892,0.0152768924088597,-0.00621032973882692,-0.00621032973882692,-0.00510626194690501,-9.49302600342517,7.03450328360884,21.9097355989061,0.691324014403969,21.9097355989061,0.691324014403969,-26.8960529182086,-24.1485155422238,1.40946282423116e-18,4.37555516456245e-19,-3.49274494164323e-19,0,0,0,-0.0082771555149627,-0.00362172325633171,0.00450705118921081,0.0152780878324339,-0.00510825188891229,-0.00620838961707159,8.82831311791888e-14,4.6401233193625e-08,8.09285139022331e-13,1.57026984475345e-19,1.73472347597681e-18,4.29429870702231e-15
NC_k0017,0.0578947368421052,0.0578947368421052,0.416145209301414,-56.0980195595071,187.530320162234,-29.2714518467669,127.681890830216,52.6802925064876,-177.26058393138,22.6483178940056,-136.668313307233,1,320,-0.431750514038662,21.7512415291488,7.03543203498633,-10.6321559100409,1.61123202796754e-19,1.92302948806328e-18,0,-2.22700843700917e-18,-0.00125434516556524,0.000602070138730619,1,-1.21472475146742e-19,1.89036893587191e-20,1,-0.0082771555149627,0.00450705118921081,0.00450705118921081,-0.00362172325633171,0.0152780878324339,-0.00620838961707159,-0.00620838961707159,-0.00510825188891229,1,0,2.16840434497101e-19,1,-0.0082772566092695,0.00450845964270744,0.00450845964270744,-0.00362255176192892,0.0152768924088597,-0.00621032973882692,-0.00621032973882692,-0.00510626194690501,-9.15723718271763,7.25800581520122,22.2876502852855,0.321133303781237,22.2876502852855,0.321133303781237,-26.4524867515216,-23.8334957743033,1.30104260698261e-18,4.7938549360544e-19,-9.31866934434579e-19,0,0,0,-0.0082771555149627,-0.00362172325633171,0.00450705118921081,0.0152780878324339,-0.00510825188891229,-0.00620838961707159,9.64537333109308e-14,2.87222785012219e-08,4.12284497262177e-13,1.21472475146742e-19,6.93889390390723e-18,2.33438983516784e-14
NC_k0018,-0.0671052631578948,-0.0671052631578948,0.655144593623339,-52.1243892881387,-44.1554883498583,16.3808531753463,-65.8617296024779,27.5355791116687,40.2965514482817,10.3993547408029,85.9022587917404,1,320,46.0463215523701,18.6079625077768,21.3359137398484,-1.77767517556855,-2.42134955884482e-18,1.83245321098872e-18,0,-8.87637589163303e-19,0.000240920814546218,0.00165042743739476,1,3.32110455173526e-19,4.34552211151456e-20,1,0.00048066522258336,0.0166506935722712,0.0166506935722712,0.00125668900088172,-0.000142525586410515,0.00356399801294228,0.00356399801294228,0.0104029660136978,1,0,5.42101086242752e-20,1,0.000480793714840397,0.0166558969140125,0.0166558969140125,0.00125669623942339,-0.000141300921425066,0.00356511176232132,0.00356511176232132,0.0104025429456207,-2.22876992714772,67.9293776347868,-0.44783221119038,2.5607953694885,-0.44783221119038,2.5607953694885,12.1613751543633,12.6881259805727,2.16840434497101e-18,2.22609327202707e-19,-5.49680617567394e-19,0,0,0,0.000480665222583363,0.00125668900088172,0.0166506935722712,-0.000142525586410515,0.0104029660136978,0.00356399801294227,4.07379516792284e-14,5.86274881191102e-08,6.48470943020943e-13,3.32110455173526e-19,3.46944695195361e-18,1.60989174551638e-14
NC_k0018,-0.0421052631578947,-0.0421052631578947,0.665306115708578,-36.5785839782635,-52.4771900173428,8.98853106069226,-65.7016482124341,19.9207619822422,52.1969884099738,10.005613615955,82.2798102342618,1,320,29.7981770849384,11.986149564693,13.7888277943784,-1.29476492288085,-1.01749832788923e-18,8.85182517105246e-20,0,-2.63321367477681e-19,0.000253933846046956,0.00164270749733494,1,3.32375473404269e-19,-7.11878974578884e-20,1,0.000480665222583362,0.0166506935722712,0.0166506935722712,0.00125668900088172,-0.000142525586410518,0.00356399801294228,0.00356399801294228,0.0104029660136978,1,0,5.42101086242752e-20,1,0.000480793714840397,0.0166558969140125,0.0166558969140125,0.00125669623942339,-0.000141300921425066,0.00356511176232132,0.00356511176232132,0.0104025429456207,-1.64607732995551,68.8319398247932,-0.784368414760341,2.60444015354141,-0.784368414760341,2.60444015354141,12.7787788943778,13.4724679137748,2.16840434497101e-18,7.35055808444615e-20,2.53192415005839e-19,0,0,0,0.000480665222583363,0.00125668900088172,0.0166506935722712,-0.000142525586410515,0.0104029660136978,0.00356399801294227,1.86342587988943e-13,5.93104422880399e-08,4.62498594848364e-13,3.32375473404269e-19,5.20417042793042e-18,1.00124408756657e-14
NC_k0018,-0.0171052631578947,-0.0171052631578947,0.671927642998761,-20.7942749737024,-59.0684272279282,-1.77053453413826,-64.3017399635956,14.3719072132782,63.611958791805,10.5997381010497,76.1064018557205,1,320,12.2711531292273,4.92437061639741,5.67452283605613,-0.567618242639237,-1.38691057201051e-18,5.4159816043032e-19,0,6.02452183734621e-20,0.000261463761310935,0.0016388738517281,1,-5.05185744431851e-20,4.60350654616051e-20,1,0.00048066522258336,0.0166506935722712,0.0166506935722712,0.00125668900088172,-0.000142525586410514,0.00356399801294228,0.00356399801294228,0.0104029660136978,1,0,5.42101086242752e-20,1,0.000480793714840397,0.0166558969140125,0.0166558969140125,0.00125669623942339,-0.000141300921425066,0.00356511176232132,0.00356511176232132,0.0104025429456207,-1.33271763423246,69.4496872195453,-0.9973056260137,2.6162881671627,-0.9973056260137,2.6162881671627,13.1271338843518,13.9553160534436,2.60208521396521e-18,2.96979706713377e-19,-6.55425014679189e-19,0,0,0,0.000480665222583363,0.00125668900088172,0.0166506935722712,-0.000142525586410515,0.0104029660136978,0.00356399801294227,2.89589887747083e-13,3.96237285204838e-08,7.0153645428767e-13,5.05185744431851e-20,6.93889390390723e-18,2.44539734830981e-14
NC_k0018,0.00789473684210525,0.00789473684210525,0.673015139197817,-6.46583102397197,-63.3139429844493,-15.2810472725091,-60.9095316190495,11.221902558538,73.1821954770107,12.9432469628426,67.3972104783074,1,320,-5.67442308762593,-2.27631817878492,-2.62374461791558,0.265105173658954,-1.9561167125654e-18,-6.34652670620085e-19,0,-4.75079604291256e-19,0.00026265267320351,0.00163830953281883,1,-1.74129274965443e-19,-1.5448099106297e-20,1,0.000480665222583362,0.0166506935722712,0.0166506935722712,0.00125668900088172,-0.000142525586410516,0.00356399801294227,0.00356399801294227,0.0104029660136978,1,0,5.42101086242752e-20,1,0.000480793714840397,0.0166558969140125,0.0166558969140125,0.00125669623942339,-0.000141300921425066,0.00356511176232132,0.00356511176232132,0.0104025429456207,-1.28414553549875,69.5526051217018,-1.03248553996651,2.61719080246821,-1.03248553996651,2.61719080246821,13.1817909050584,14.0341016088168,1.73472347597681e-18,1.02155765154126e-19,-4.92781983312154e-19,0,0,0,0.000480665222583363,0.00125668900088172,0.0166506935722712,-0.000142525586410515,0.0104029660136978,0.00356399801294227,2.02756139725987e-13,5.47046889427439e-08,1.05157510413715e-12,1.74129274965443e-19,3.46944695195361e-18,4.12406408104154e-15
NC_k0018,0.0328947368421052,0.0328947368421052,0.668314837065415,5.38830951297079,-65.376037060693,-30.6826284884087,-55.1605243820998,10.0677464471899,80.3080195910635,17.5960219834562,56.5503439486943,1,320,-23.4343788256312,-9.41592410665006,-10.8405999676528,1.0483961048127,1.16647024748758e-18,-1.6083038085991e-19,0,-1.25096178397619e-19,0.000257413430990781,0.00164089031900272,1,-4.61992878318217e-20,1.10455874849639e-19,1,0.000480665222583359,0.0166506935722712,0.0166506935722712,0.00125668900088171,-0.000142525586410516,0.00356399801294228,0.00356399801294228,0.0104029660136978,1,0,5.42101086242752e-20,1,0.000480793714840397,0.0166558969140125,0.0166558969140125,0.00125669623942339,-0.000141300921425066,0.00356511176232132,0.00356511176232132,0.0104025429456207,-1.49951092909013,69.1105797242314,-0.880842107656569,2.61116419485366,-0.880842107656569,2.61116419485366,12.9405996294469,13.6926863941226,3.90312782094782e-18,5.02268870305838e-19,-2.72641997981556e-19,0,0,0,0.000480665222583363,0.00125668900088172,0.0166506935722712,-0.000142525586410515,0.0104029660136978,0.00356399801294227,7.53465116998376e-14,4.90641683994582e-08,1.42049066707929e-12,1.10455874849639e-19,1.04083408558608e-17,8.30613778904095e-16
NC_k0018,0.0578947368421052,0.0578947368421052,0.659043778462289,14.0772388266436,-65.8898484018023,-46.5698779657434,-47.3364067155748,10.1878236308133,84.8515386407317,24.5602926730604,44.6121513469863,1,320,-40.2872367317602,-16.2469020117969,-18.6562657853738,1.63505892337993,-2.36428071402357e-19,-1.42963279628765e-19,0,5.07187446948114e-19,0.000246268818857843,0.00164708169000574,1,-4.93245815737705e-20,-2.43129696462418e-20,1,0.000480665222583361,0.0166506935722712,0.0166506935722712,0.00125668900088172,-0.000142525586410518,0.00356399801294227,0.00356399801294227,0.0104029660136978,1,0,5.42101086242752e-20,1,0.000480793714840397,0.0166558969140125,0.0166558969140125,0.00125669623942339,-0.000141300921425066,0.00356511176232132,0.00356511176232132,0.0104025429456207,-1.98300795127309,68.2668626555348,-0.581699309138341,2.58168381784109,-0.581699309138341,2.58168381784109,12.4157936358085,13.0018215838689,1.73472347597681e-18,1.94292668682219e-19,-6.61326312321597e-21,0,0,0,0.000480665222583363,0.00125668900088172,0.0166506935722712,-0.000142525586410515,0.0104029660136978,0.00356399801294227,8.70547304632088e-14,4.89228871610095e-08,8.95452260542066e-13,4.93245815737705e-20,3.46944695195361e-18,1.51613709865226e-14
NC_k0019,-0.0671052631578948,-0.0671052631578948,0.444472360890565,180.011625184376,56.0437058783179,226.23315849118,45.5368521012696,-162.109910076502,-67.1787097624536,-236.374756858037,-30.1577867514434,1,320,22.0732653907999,11.2212734285965,10.9871978104008,-9.09700931694033,-2.14127282087927e-18,1.54054117281876e-20,0,-1.2089343914136e-18,0.000500992939385261,0.00065898777044554,1,8.71449619973939e-20,1.63547588647931e-20,1,0.0127487187526354,0.00482985425188675,0.00482985425188675,-0.0129637010912488,0.00660789271466915,0.00131317934767683,0.00131317934767683,0.000834533379048351,1,2.16840434497101e-19,0,1,0.0127467015720875,0.00483136358134047,0.00483136358134047,-0.0129617007061961,0.00660773239074034,0.00131358971622298,0.00131358971622298,0.000835275142515733,32.8401527182744,14.7343974085611,8.7683721160138,-24.0226747300046,8.7683721160138,-24.0226747300046,18.3453622418459,-6.16871121849595,8.67361737988404e-19,-2.19689736606033e-19,-1.53701639078933e-20,0,0,0,0.0127487187526354,-0.0129637010912488,0.00482985425188675,0.00660789271466915,0.000834533379048352,0.00131317934767683,5.33552496049469e-14,3.89518852387035e-08,3.52434464924162e-13,8.71449619973939e-20,3.46944695195361e-18,2.49784491076265e-16
NC_k0019,-0.0421052631578947,-0.0421052631578947,0.446990112533169,192.337737936291,51.3577596970244,221.051747932915,45.6827263374924,-179.01585495854,-58.4507254489071,-226.494428618024,-34.3233489770456,1,320,14.1733168960817,7.43362029414738,7.13028927277561,-5.91164332739887,-1.65743171953985e-18,-1.66521383474275e-19,0,-1.05566775007488e-18,0.00048992850064503,0.000661208485325457,1,4.7484319750551e-20,-1.02685399402515e-21,1,0.0127487187526354,0.00482985425188675,0.00482985425188675,-0.0129637010912488,0.00660789271466915,0.00131317934767683,0.00131317934767683,0.000834533379048351,1,2.16840434497101e-19,0,1,0.0127467015720875,0.00483136358134047,0.00483136358134047,-0.0129617007061961,0.00660773239074034,0.00131358971622298,0.00131358971622298,0.000835275142515733,33.6048048402897,15.3717328274296,8.37993165800626,-23.689323814216,8.37993165800626,-23.689323814216,18.654145985698,-6.01291005666431,6.50521303491303e-19,-2.54078286221718e-19,-1.55866731620324e-19,0,0,0,0.0127487187526354,-0.0129637010912488,0.00482985425188675,0.00660789271466915,0.000834533379048352,0.00131317934767683,1.72643536034272e-13,3.0002616628349e-08,4.84282312051159e-13,4.7484319750551e-20,1.73472347597681e-18,1.22946879982423e-14
NC_k0019,-0.0171052631578947,-0.0171052631578947,0.448727749510633,203.064954983926,48.3082776845487,214.617135494105,46.2344603529209,-195.145793496906,-50.1269710554092,-214.596491107069,-40.1465961346308,1,320,5.81986397029122,3.10128676932437,2.94397974407313,-2.44327173891202,-1.58993378155553e-18,-6.14098886759368e-19,0,-1.17049365398704e-19,0.000483721667184494,0.000662804238720534,1,-2.11521191792317e-20,1.30311434504843e-20,1,0.0127487187526354,0.00482985425188675,0.00482985425188675,-0.0129637010912488,0.00660789271466915,0.00131317934767683,0.00131317934767683,0.000834533379048352,1,2.16840434497101e-19,0,1,0.0127467015720875,0.00483136358134047,0.00483136358134047,-0.0129617007061961,0.00660773239074034,0.00131358971622298,0.00131358971622298,0.000835275142515733,34.0646908082356,15.7466366825779,8.14912518217235,-23.5233143143993,8.14912518217235,-23.5233143143993,18.8782732559338,-5.91552735046231,8.67361737988404e-19,1.33817675223169e-19,-2.28152523339006e-19,0,0,0,0.0127487187526354,-0.0129637010912488,0.00482985425188675,0.00660789271466915,0.000834533379048352,0.00131317934767683,3.29183097933697e-13,1.53524381550157e-08,1.24799473643302e-13,2.11521191792317e-20,3.46944695195361e-18,1.23707863602811e-14
NC_k0019,0.00789473684210525,0.00789473684210525,0.449015346794776,211.846252452329,46.6066127328898,206.523451223552,47.546818114676,-209.703979928417,-42.6327009146981,-200.716114461647,-47.2513329868358,1,320,-2.69037783819319,-1.43695575160648,-1.36202008463389,1.13062476764954,-1.95050511928984e-18,-7.43972860375094e-19,0,-1.11335863471677e-18,0.000482740893714823,0.000663082823732419,1,-1.23621059481237e-19,2.83739951612718e-20,1,0.0127487187526354,0.00482985425188675,0.00482985425188675,-0.0129637010912488,0.00660789271466915,0.00131317934767683,0.00131317934767683,0.000834533379048351,1,2.16840434497101e-19,0,1,0.0127467015720875,0.00483136358134047,0.00483136358134047,-0.0129617007061961,0.00660773239074034,0.00131358971622298,0.00131358971622298,0.000835275142515733,34.1386449256543,15.8064479725653,8.11182151074584,-23.4981102318614,8.11182151074584,-23.4981102318614,18.9166537901444,-5.89947220226872,8.67361737988404e-19,9.06051989695068e-19,-2.52840721981545e-19,0,0,0,0.0127487187526354,-0.0129637010912488,0.00482985425188675,0.00660789271466915,0.000834533379048352,0.00131317934767683,6.0942271360202e-13,2.41196449472858e-08,4.83061047065855e-13,1.23621059481237e-19,5.20417042793042e-18,1.23628627902176e-15
NC_k0019,0.0328947368421052,0.0328947368421052,0.447777644396574,218.852955295978,45.8232385196648,196.512717202544,50.0543404533349,-222.349730568061,-36.2977685647621,-185.10851679073,-55.3115409483241,1,320,-11.1301242578829,-5.88165609640997,-5.61388751691668,4.65628262918855,1.24206793803002e-18,-7.90083216441249e-19,0,-8.1644711692454e-19,0.00048705031477268,0.000661921777532901,1,-8.25325767843887e-20,1.15876279032604e-19,1,0.0127487187526354,0.00482985425188675,0.00482985425188675,-0.0129637010912488,0.00660789271466915,0.00131317934767683,0.00131317934767683,0.000834533379048351,1,2.16840434497101e-19,0,1,0.0127467015720875,0.00483136358134047,0.00483136358134047,-0.0129617007061961,0.00660773239074034,0.00131358971622298,0.00131358971622298,0.000835275142515733,33.8161203803923,15.5447542034364,8.2741809519768,-23.6109792913362,8.2741809519768,-23.6109792913362,18.7537675810304,-5.96875526041714,8.67361737988404e-19,1.54532159708411e-19,-2.41963344071057e-19,0,0,0,0.0127487187526354,-0.0129637010912488,0.00482985425188675,0.00660789271466915,0.000834533379048352,0.00131317934767683,3.0371692058914e-13,5.30443741020686e-08,5.01267169866903e-13,1.15876279032604e-19,3.46944695195361e-18,1.26449756847924e-14
NC_k0019,0.0578947368421052,0.0578947368421052,0.445396814355105,224.435664425084,45.5578665742328,184.673261947073,54.1239248546726,-232.960230900293,-31.4731851438939,-168.335944879745,-63.9521211360225,1,320,-19.2414632748863,-9.91209951731438,-9.62067572142621,7.97030565899549,2.36311604372109e-18,-1.05032085459533e-19,0,-6.21669243725453e-19,0.000496438262887571,0.000659806000446923,1,-6.54297825534019e-20,4.84564562914776e-20,1,0.0127487187526354,0.00482985425188675,0.00482985425188675,-0.0129637010912488,0.00660789271466915,0.00131317934767683,0.00131317934767683,0.000834533379048351,1,2.16840434497101e-19,0,1,0.0127467015720875,0.00483136358134047,0.00483136358134047,-0.0129617007061961,0.00660773239074034,0.00131358971622298,0.00131358971622298,0.000835275142515733,33.1469187569414,14.9923579318888,8.61000501976357,-23.8769466646164,8.61000501976357,-23.8769466646164,18.4589989413091,-6.10635359423787,7.58941520739853e-19,5.52544577865866e-19,-8.76559556265753e-20,0,0,0,0.0127487187526354,-0.0129637010912488,0.00482985425188675,0.00660789271466915,0.000834533379048352,0.00131317934767683,8.23025826935026e-14,3.26119764015945e-08,8.5451142372441e-13,6.54297825534019e-20,3.46944695195361e-18,2.99119254249538e-15
NC_k0020,-0.0671052631578948,-0.0671052631578948,0.419335983752769,14.6724785789299,141.356479743026,28.2995499531767,208.928711897043,-24.0718810144945,-176.777729075337,-18.9511916591375,-182.689669273844,1,320,14.0472520377304,1.88336294343439,5.2571029437844,8.62162488924391,-1.01319698870395e-18,-1.22565336595452e-18,0,-1.22912421580479e-18,-0.000272129238264872,-0.00141705700256099,1,1.58484051710108e-19,-9.93770639563223e-20,1,-0.000641862031582155,0.00761351814436903,0.00761351814436903,-0.0054579085922262,-0.00107937272190658,0.00271105892574516,0.00271105892574516,-0.0174160472675352,1,1.0842021724855e-19,0,1,-0.000642476557509696,0.00761589736878914,0.00761589736878914,-0.00545777061087864,-0.0010813715019488,0.00271190613165945,0.00271190613165945,-0.0174154934421797,2.69122267009691,17.5740913329935,19.2615881746075,-3.50414393936669,19.2615881746075,-3.50414393936669,12.8851551234572,-30.7867155273544,1.73472347597681e-18,5.95979843572346e-19,2.29509064200362e-19,0,0,0,-0.000641862031582153,-0.0054579085922262,0.00761351814436903,-0.00107937272190659,-0.0174160472675352,0.00271105892574516,1.49597240468537e-13,3.47814285701188e-08,1.55926980625536e-13,1.58484051710108e-19,3.46944695195361e-18,7.41320704493419e-15
NC_k0020,-0.0421052631578947,-0.0421052631578947,0.424853327856448,17.8469384619142,154.6314133391,27.5608471276198,198.57848955086,-24.3897451280352,-180.396698815066,-21.0578900437705,-182.046739566832,1,320,8.87288900689848,1.45335688182036,3.40766114327722,5.50426306655387,-4.086933970502e-19,-5.29872048066768e-19,0,-6.66297292133914e-19,-0.000272569404737714,-0.00140041795774272,1,1.32741575283223e-20,-5.58458974617605e-20,1,-0.000641862031582154,0.00761351814436903,0.00761351814436903,-0.0054579085922262,-0.00107937272190659,0.00271105892574516,0.00271105892574516,-0.0174160472675352,1,1.0842021724855e-19,0,1,-0.000642476557509696,0.00761589736878914,0.00761589736878914,-0.00545777061087864,-0.0010813715019488,0.00271190613165945,0.00271190613165945,-0.0174154934421797,2.95426049422104,17.8207477264546,19.0261026166213,-3.35920966634904,19.0261026166213,-3.35920966634904,12.4752085981923,-31.4971982647965,1.51788304147971e-18,2.71494702657116e-19,1.82373487722933e-19,0,0,0,-0.000641862031582153,-0.0054579085922262,0.00761351814436903,-0.00107937272190659,-0.0174160472675352,0.00271105892574516,2.80055478185749e-13,3.30348740710039e-08,5.12324789357305e-13,5.58458974617605e-20,3.46944695195361e-18,2.58705939747348e-14
NC_k0020,-0.0171052631578947,-0.0171052631578947,0.428180657262523,21.4895720284451,168.266935882031,25.6915850627934,186.469055851311,-24.3033807882215,-181.906166065023,-22.9066221348187,-182.08860793407,1,320,3.60312964580646,0.642839501174843,1.40116981850384,2.25292418825624,-3.90191021108614e-19,-7.64579583795015e-19,0,-1.47986912924922e-18,-0.000272986809359086,-0.00139100681145131,1,-6.30123983171188e-20,1.10420797347105e-20,1,-0.000641862031582154,0.00761351814436903,0.00761351814436903,-0.0054579085922262,-0.00107937272190659,0.00271105892574516,0.00271105892574516,-0.0174160472675353,1,1.0842021724855e-19,0,1,-0.000642476557509696,0.00761589736878914,0.00761589736878914,-0.00545777061087864,-0.0010813715019488,0.00271190613165945,0.00271190613165945,-0.0174154934421797,3.09767829393463,17.9552576788122,18.9032671177036,-3.2771513523063,18.9032671177036,-3.2771513523063,12.2763322115768,-31.9157679156334,1.30104260698261e-18,2.92874525943221e-19,1.42073925449292e-18,0,0,0,-0.000641862031582153,-0.0054579085922262,0.00761351814436903,-0.00107937272190659,-0.0174160472675352,0.00271105892574516,8.30218507688609e-13,1.27628175249788e-08,2.402751809074e-13,6.30123983171188e-20,1.04083408558608e-17,1.72426824718303e-14
NC_k0020,0.00789473684210525,0.00789473684210525,0.428710433124829,24.7219135118858,181.694261460186,22.7647367526893,173.268718490074,-23.4327708250196,-182.137506228742,-24.0809653625139,-182.088340157512,1,320,-1.66254864819761,-0.300038876800321,-0.64765388324931,-1.04079797567429,-7.28183636842681e-19,-1.107495578535e-18,0,-7.37183361907258e-19,-0.000273061258316628,-0.00138951366553791,1,-1.68875876941356e-19,5.6402891513728e-20,1,-0.000641862031582155,0.00761351814436903,0.00761351814436903,-0.0054579085922262,-0.00107937272190659,0.00271105892574516,0.00271105892574516,-0.0174160472675352,1,1.0842021724855e-19,0,1,-0.000642476557509696,0.00761589736878914,0.00761589736878914,-0.00545777061087864,-0.0010813715019488,0.00271190613165945,0.00271190613165945,-0.0174154934421797,3.12009831234095,17.9755278924945,18.8841273639607,-3.26419435635044,18.8841273639607,-3.26419435635044,12.2467362103816,-31.9824012867899,9.62229428080885e-19,4.35027136128619e-19,1.50692559921569e-18,0,0,0,-0.000641862031582153,-0.0054579085922262,0.00761351814436903,-0.00107937272190659,-0.0174160472675352,0.00271105892574516,1.44244635905327e-12,1.6916148777907e-08,5.3317143349904e-13,1.68875876941356e-19,6.93889390390723e-18,5.82678099807114e-15
NC_k0020,0.0328947368421052,0.0328947368421052,0.426388614483379,27.0069028297588,194.289796211381,19.1885765572435,159.647083197112,-21.7957437340671,-182.018939008721,-24.4348135807028,-181.163261895488,1,320,-6.9328615979183,-1.18387175482737,-2.67852200640607,-4.31582128571599,-5.01496444333749e-19,-6.36386441183997e-19,0,2.79017946781487e-19,-0.0002727488817904,-0.00139605997918435,1,-8.08752333907315e-20,-4.37537146670245e-20,1,-0.000641862031582154,0.00761351814436903,0.00761351814436903,-0.0054579085922262,-0.00107937272190659,0.00271105892574516,0.00271105892574516,-0.0174160472675352,1,1.0842021724855e-19,0,1,-0.000642476557509696,0.00761589736878914,0.00761589736878914,-0.00545777061087864,-0.0010813715019488,0.00271190613165945,0.00271190613165945,-0.0174154934421797,3.02114109745819,17.8843874677903,18.968816834943,-3.32121927808089,18.968816834943,-3.32121927808089,12.3804490067189,-31.6903860200678,1.51788304147971e-18,3.22950220633362e-19,1.07775117561416e-18,0,0,0,-0.000641862031582153,-0.0054579085922262,0.00761351814436903,-0.00107937272190659,-0.0174160472675352,0.00271105892574516,4.57133407516254e-13,3.08659464536575e-08,2.10327613579727e-13,8.08752333907315e-20,3.46944695195361e-18,1.43208013254219e-15
NC_k0020,0.0578947368421052,0.0578947368421052,0.421524727641176,28.1486934464497,205.353931877092,15.721917505447,146.155694385421,-19.7229865617459,-182.331867357322,-24.1957263120039,-178.383492969376,1,320,-12.1698599520637,-1.78817502960654,-4.60615154395114,-7.49828075207609,-9.37453714373697e-19,1.33142991396535e-19,0,1.3618701605073e-19,-0.000272266028998169,-0.00141020640523335,1,-2.0067903387984e-21,4.43900515792345e-20,1,-0.000641862031582155,0.00761351814436903,0.00761351814436903,-0.0054579085922262,-0.00107937272190659,0.00271105892574516,0.00271105892574516,-0.0174160472675352,1,1.0842021724855e-19,0,1,-0.000642476557509696,0.00761589736878914,0.00761589736878914,-0.00545777061087864,-0.0010813715019488,0.00271190613165945,0.00271190613165945,-0.0174154934421797,2.80171041995588,17.6747009233105,19.1596119695382,-3.44420013249869,19.1596119695382,-3.44420013249869,12.7053606689173,-31.0738562551583,1.30104260698261e-18,3.96193338978444e-19,1.04010977979277e-18,0,0,0,-0.000641862031582153,-0.0054579085922262,0.00761351814436903,-0.00107937272190659,-0.0174160472675352,0.00271105892574516,2.48867975729157e-13,2.53917170042679e-08,4.30809396594382e-13,4.43900515792345e-20,3.46944695195361e-18,1.44860460965324e-14
NC_k0021,-0.0671052631578948,-0.0671052631578948,0.332622701619462,-142.278230208066,-55.1070286460246,-122.4370169637,-68.2332376672767,107.859177692985,52.9793175413992,146.120353614138,76.2179496725845,1,320,16.8667791484315,10.10938146528,8.90213300252477,3.09992513381579,-1.75264351676716e-18,2.25330616304345e-19,0,-6.52652120749239e-19,-0.00165120365208398,0.000331958474996504,1,7.59385342315209e-20,-7.06247876092276e-20,1,-0.0157696505906199,0.00743347769776725,0.00743347769776725,-0.00490678345698626,-0.00639315530433366,0.00364612015319482,0.00364612015319482,0.00422118215147607,1,0,0,1,-0.0157696096023301,0.0074358006595478,0.0074358006595478,-0.00490843979168606,-0.00639241090192121,0.00364725956574269,0.00364725956574269,0.00422026806366105,-23.5809602150031,33.6892601463705,-6.10072596869846,11.691028745621,-6.10072596869846,11.691028745621,5.30793208351707,10.5859754422288,1.40946282423116e-18,6.29020005596525e-19,-2.22282832779482e-19,0,0,0,-0.0157696505906199,-0.00490678345698626,0.00743347769776725,-0.00639315530433366,0.00422118215147607,0.00364612015319482,2.62239073102344e-13,4.6587400042057e-08,8.16197107573545e-14,7.59385342315209e-20,1.73472347597681e-18,7.67690522686939e-15
NC_k0021,-0.0421052631578947,-0.0421052631578947,0.337793966496294,-139.791575560645,-59.8782570767911,-125.188171629612,-68.0109936563937,114.403022927912,59.1740364977694,139.830426390084,74.5907491225743,1,320,11.1589249029654,6.36761837462665,5.78375928160535,1.93851525413026,-6.04270326721013e-19,7.90175860669855e-19,0,-4.88764480345333e-20,-0.00163302001805367,0.000323595908300517,1,1.57735362495339e-20,-1.10613626106512e-19,1,-0.0157696505906199,0.00743347769776725,0.00743347769776725,-0.00490678345698626,-0.00639315530433366,0.00364612015319482,0.00364612015319482,0.00422118215147607,1,0,0,1,-0.0157696096023301,0.0074358006595478,0.0074358006595478,-0.00490843979168606,-0.00639241090192121,0.00364725956574269,0.00364725956574269,0.00422026806366105,-24.1039542796625,33.5818397207284,-6.13570851307801,11.6497146886817,-6.13570851307801,11.6497146886817,5.60279702812709,11.0130604457432,1.51788304147971e-18,1.6899618582699e-19,-8.9306121516784e-20,0,0,0,-0.0157696505906199,-0.00490678345698626,0.00743347769776725,-0.00639315530433366,0.00422118215147607,0.00364612015319482,1.62510125678937e-13,3.95159560987771e-08,1.78527129745602e-13,1.10613626106512e-19,3.46944695195361e-18,2.399281480314e-14
NC_k0021,-0.0171052631578947,-0.0171052631578947,0.341158340367415,-135.726581201436,-63.790946689338,-129.302996041313,-67.052167584948,121.806884046062,65.1440917970958,132.473317342585,71.5837803686248,1,320,4.6451964904592,2.5836441070353,2.38551739717318,0.784456085622252,-4.55253739369585e-19,7.04790969119682e-20,0,4.53692022373085e-20,-0.00162281721465271,0.000318894538614531,1,-1.66808791519463e-19,-5.50497919642622e-20,1,-0.0157696505906199,0.00743347769776725,0.00743347769776725,-0.00490678345698626,-0.00639315530433366,0.00364612015319482,0.00364612015319482,0.00422118215147607,1,0,0,1,-0.0157696096023301,0.0074358006595478,0.0074358006595478,-0.00490843979168606,-0.00639241090192121,0.00364725956574269,0.00364725956574269,0.00422026806366105,-24.4214027256666,33.5949940919751,-6.16501526269288,11.6305191832056,-6.16501526269288,11.6305191832056,5.74811549573782,11.2739746402779,9.21571846612679e-19,7.47282519576446e-19,-1.13994320159324e-19,0,0,0,-0.0157696505906199,-0.00490678345698626,0.00743347769776725,-0.00639315530433366,0.00422118215147607,0.00364612015319482,1.88239971331834e-13,2.98477494824026e-08,4.51259991929165e-13,1.66808791519463e-19,3.46944695195361e-18,1.56205195290302e-14
NC_k0021,0.00789473684210525,0.00789473684210525,0.341711991673115,-131.014388190047,-66.4173941968716,-134.013953337126,-64.9156992004545,129.612788822398,70.1017382977446,124.665522889122,67.1174204617695,1,320,-2.15135823171984,-1.19201053982968,-1.10331169461134,-0.361741068247942,-2.67609471773156e-20,2.18110983917982e-20,0,6.68494283840855e-20,-0.00162121402183291,0.000318158564452964,1,-1.18104648815909e-19,-3.41900213202984e-21,1,-0.0157696505906199,0.00743347769776725,0.00743347769776725,-0.00490678345698626,-0.00639315530433366,0.00364612015319482,0.00364612015319482,0.00422118215147607,1,0,0,1,-0.0157696096023301,0.0074358006595478,0.0074358006595478,-0.00490843979168606,-0.00639241090192121,0.00364725956574269,0.00364725956574269,0.00422026806366105,-24.4726066499402,33.6010220710061,-6.1701836198119,11.627517855505,-6.1701836198119,11.627517855505,5.76936186585913,11.3164148689869,9.21571846612679e-19,7.47282519576446e-19,-1.38682518801863e-19,0,0,0,-0.0157696505906199,-0.00490678345698626,0.00743347769776725,-0.00639315530433366,0.00422118215147607,0.00364612015319482,9.4982832605255e-13,2.95128996207845e-08,4.32220731410566e-13,1.18104648815909e-19,3.46944695195361e-18,3.00532706724752e-14
NC_k0021,0.0328947368421052,0.0328947368421052,0.339321377030482,-126.584043630449,-67.772068240056,-138.432056164342,-61.4539381771377,137.215043979725,73.6548877515171,117.053361201108,61.4508675202091,1,320,-8.82105933612675,-4.97319446533533,-4.55210375448248,-1.51197532276444,-4.42773238287385e-19,-1.86188429718336e-19,0,5.99593447537638e-19,-0.0016282874526131,0.000321415746637305,1,-1.0655238421948e-19,3.12455972466754e-20,1,-0.0157696505906199,0.00743347769776725,0.00743347769776725,-0.00490678345698626,-0.00639315530433366,0.00364612015319482,0.00364612015319482,0.00422118215147607,1,0,0,1,-0.0157696096023301,0.0074358006595478,0.0074358006595478,-0.00490843979168606,-0.00639241090192121,0.00364725956574269,0.00364725956574269,0.00422026806366105,-24.2495900925549,33.5822403660351,-6.14849997164598,11.6407261188264,-6.14849997164598,11.6407261188264,5.67243822951166,11.1322897231979,1.13841228110978e-18,9.1995867262876e-19,-1.42926700829371e-19,0,0,0,-0.0157696505906199,-0.00490678345698626,0.00743347769776725,-0.00639315530433366,0.00422118215147607,0.00364612015319482,3.12662678333693e-13,4.63312092942626e-08,5.77523121799251e-13,1.0655238421948e-19,3.46944695195361e-18,3.76267622597864e-14
NC_k0021,0.0578947368421052,0.0578947368421052,0.334616821120065,-123.250458397789,-68.1998453398968,-141.591150588914,-56.9148642955209,143.957622149744,75.7590051386495,110.141494474109,55.2229653934266,1,320,-14.8994899873194,-8.74536922851732,-7.80280354122615,-2.6730362134863,1.39164866255921e-19,2.07893648991727e-19,0,2.20996189894567e-19,-0.00164366877056108,0.000328493029794119,1,-7.55886144439481e-20,4.12514382078652e-21,1,-0.0157696505906199,0.00743347769776725,0.00743347769776725,-0.00490678345698627,-0.00639315530433366,0.00364612015319482,0.00364612015319482,0.00422118215147607,1,0,0,1,-0.0157696096023301,0.0074358006595478,0.0074358006595478,-0.00490843979168606,-0.00639241090192121,0.00364725956574269,0.00364725956574269,0.00422026806366105,-23.7898836920473,33.6215771703908,-6.1124369771719,11.6717865250536,-6.1124369771719,11.6717865250536,5.43459636845084,10.7572117817794,1.0842021724855e-18,1.1121111531937e-18,-1.97594634136942e-19,0,0,0,-0.0157696505906199,-0.00490678345698626,0.00743347769776725,-0.00639315530433366,0.00422118215147607,0.00364612015319482,8.11906319384835e-14,4.43842813390635e-08,3.3792687685887e-13,7.55886144439481e-20,3.46944695195361e-18,1.99073618757521e-15
NC_k0022,-0.0671052631578948,-0.0671052631578948,0.43638199147867,58.6889732682893,-140.110324175405,90.4926248422155,-218.475098274636,-45.0906324855688,159.027991179093,-96.0269638442532,199.711137616291,1,320,-0.914417551630634,15.7858018153899,4.90755680704058,-15.7062556964023,1.97815280408381e-19,-1.31740093077645e-19,0,2.6565070808263e-18,0.00104219669290417,-0.000395332344973442,1,-7.12627766460661e-20,-5.90780776425518e-20,1,0.00921842681296942,-0.00503965169388544,-0.00503965169388544,0.00145752932466205,-0.0151678539211591,0.00175471875137047,0.00175471875137047,0.0073726044038699,1,1.0842021724855e-19,0,1,0.00921823752238978,-0.00504122658503978,-0.00504122658503978,0.00145855267431495,-0.0151663974497867,0.00175526710098028,0.00175526710098028,0.00737053892862898,13.9182941078587,-7.97655418916948,-24.6315566547222,-5.63784325929548,-24.6315566547222,-5.63784325929548,11.2515193191347,27.7900093871209,1.0842021724855e-18,-1.32771878525547e-19,-4.84573378808501e-19,0,0,0,0.00921842681296943,0.00145752932466205,-0.00503965169388544,-0.0151678539211591,0.00737260440386989,0.00175471875137047,6.98803652907957e-14,3.47768903497461e-08,6.35650076017299e-13,7.12627766460661e-20,5.20417042793042e-18,8.77733158047611e-15
NC_k0022,-0.0421052631578947,-0.0421052631578947,0.434329455313764,67.5728390028129,-156.601510341879,86.7296031500182,-206.572082904286,-57.1481878635671,169.428410223079,-89.0934189127092,193.967592033201,1,320,-0.505670671962962,10.2931193841721,3.229858075029,-10.103366495972,4.29525113596735e-19,4.80267681093188e-19,0,1.57654007307707e-19,0.00102928472692927,-0.000402661897598309,1,-9.45105246877721e-21,-1.12271082615265e-19,1,0.00921842681296942,-0.00503965169388544,-0.00503965169388544,0.00145752932466205,-0.0151678539211591,0.00175471875137047,0.00175471875137047,0.00737260440386989,1,1.0842021724855e-19,0,1,0.00921823752238978,-0.00504122658503978,-0.00504122658503978,0.00145855267431495,-0.0151663974497867,0.00175526710098028,0.00175526710098028,0.00737053892862898,14.2685991658867,-7.70974471915081,-24.2282556448713,-5.92339532763497,-24.2282556448713,-5.92339532763497,11.6149298654269,28.120906664765,1.23327997120226e-18,-5.14367724775017e-20,-2.85180211549032e-19,0,0,0,0.00921842681296943,0.00145752932466205,-0.00503965169388544,-0.0151678539211591,0.00737260440386989,0.00175471875137047,2.37293532020156e-13,3.9380779956995e-08,2.07857942977929e-13,1.12271082615265e-19,5.20417042793042e-18,6.00701627750375e-15
NC_k0022,-0.0171052631578947,-0.0171052631578947,0.433578259418213,74.6742614575329,-172.58573662629,82.264328004123,-193.047525387936,-67.9607501720538,178.086240376008,-80.9270717822534,187.80663951591,1,320,-0.18162948642252,4.26617702169993,1.34790068664154,-4.15161453445702,1.70538172528833e-19,2.43945488809238e-19,0,-1.7705635575575e-19,0.00102225509535503,-0.000406902662177512,1,1.37070862871113e-19,-6.12583035582078e-20,1,0.00921842681296942,-0.00503965169388544,-0.00503965169388544,0.00145752932466205,-0.0151678539211591,0.00175471875137047,0.00175471875137047,0.00737260440386989,1,1.0842021724855e-19,0,1,0.00921823752238978,-0.00504122658503978,-0.00504122658503978,0.00145855267431495,-0.0151663974497867,0.00175526710098028,0.00175526710098028,0.00737053892862898,14.4992404483646,-7.55526568100891,-24.019204591497,-6.10260977381307,-24.019204591497,-6.10260977381307,11.8592729095666,28.327251126723,8.67361737988404e-19,-1.48410762838723e-19,5.82249289075152e-19,0,0,0,0.00921842681296943,0.00145752932466205,-0.00503965169388544,-0.0151678539211591,0.00737260440386989,0.00175471875137047,9.46317856727618e-13,1.7137090994664e-08,6.83894410160458e-13,1.37070862871113e-19,5.20417042793042e-18,2.24053011295014e-14
NC_k0022,0.00789473684210525,0.00789473684210525,0.433476264164721,80.4126433911331,-187.730406111814,76.9232703498075,-178.275768386821,-77.6351156928173,185.370036273776,-71.6517072481715,180.901761916946,1,320,0.0819132843115225,-1.9751003008959,-0.624751715472849,1.91923166858638,4.10923475981643e-19,1.66547853253877e-19,0,1.36165840227049e-18,0.00102116470868321,-0.000407587321245901,1,8.19603850458684e-20,-1.62921019928837e-19,1,0.00921842681296943,-0.00503965169388544,-0.00503965169388544,0.00145752932466205,-0.0151678539211591,0.00175471875137047,0.00175471875137047,0.0073726044038699,1,1.0842021724855e-19,0,1,0.00921823752238978,-0.00504122658503978,-0.00504122658503978,0.00145855267431495,-0.0151663974497867,0.00175526710098028,0.00175526710098028,0.00737053892862898,14.537507787273,-7.53022181761854,-23.9868716865047,-6.13185619482689,-23.9868716865047,-6.13185619482689,11.900158290696,28.3604865126468,7.58941520739853e-19,-4.37553929713451e-19,9.91581414779805e-20,0,0,0,0.00921842681296943,0.00145752932466205,-0.00503965169388544,-0.0151678539211591,0.00737260440386989,0.00175471875137047,3.60558236477902e-13,2.3432717680925e-08,3.09602952898314e-14,1.62921019928837e-19,3.46944695195361e-18,1.19096187987475e-14
NC_k0022,0.0328947368421052,0.0328947368421052,0.433957891230408,85.1726410838532,-201.759081921992,70.3770832472064,-162.575088350665,-86.2200484296041,191.763468683234,-61.2730017311179,172.810494742981,1,320,0.374988655176419,-8.11774948625312,-2.5551110742553,7.93664829320915,1.73879982203547e-19,-1.23132120751174e-18,0,-3.32354552678906e-19,0.00102600533856439,-0.000404618612867171,1,8.59105151807129e-20,-1.74666244912543e-19,1,0.00921842681296942,-0.00503965169388544,-0.00503965169388544,0.00145752932466205,-0.0151678539211591,0.00175471875137047,0.00175471875137047,0.0073726044038699,1,1.0842021724855e-19,0,1,0.00921823752238978,-0.00504122658503978,-0.00504122658503978,0.00145855267431495,-0.0151663974497867,0.00175526710098028,0.00175526710098028,0.00737053892862898,14.3728972975122,-7.63903667830382,-24.1304286766872,-6.0050570594438,-24.1304286766872,-6.0050570594438,11.7249696626075,28.2155548120422,1.13841228110978e-18,-4.41145156260025e-19,2.8198653189467e-19,0,0,0,0.00921842681296943,0.00145752932466205,-0.00503965169388544,-0.0151678539211591,0.00737260440386989,0.00175471875137047,2.04490846783415e-13,3.55787905960076e-08,5.71303037528865e-13,1.74666244912543e-19,3.46944695195361e-18,5.50048645543982e-15
NC_k0022,0.0578947368421052,0.0578947368421052,0.435381501949085,89.1828886595522,-214.299449442352,62.1832815643856,-146.200349473305,-93.6273995891202,197.622528961599,-49.6725563381486,163.058736886019,1,320,0.760271001259177,-13.84489173339,-4.31792484160319,13.7035316061375,4.90544573023547e-19,-1.0405270361427e-18,0,-1.43725609281294e-18,0.00103679392587384,-0.000398291446313774,1,2.54582640276739e-20,-1.76499806832257e-19,1,0.00921842681296943,-0.00503965169388544,-0.00503965169388544,0.00145752932466205,-0.0151678539211591,0.00175471875137047,0.00175471875137047,0.0073726044038699,1,1.0842021724855e-19,0,1,0.00921823752238978,-0.00504122658503978,-0.00504122658503978,0.00145855267431495,-0.0151663974497867,0.00175526710098028,0.00175526710098028,0.00737053892862898,14.0533664630737,-7.86513539584151,-24.4573001547917,-5.75041053140663,-24.4573001547917,-5.75041053140663,11.3905726867348,27.9194403248684,8.67361737988404e-19,-3.24941055039053e-19,9.37129549409548e-20,0,0,0,0.00921842681296943,0.00145752932466205,-0.00503965169388544,-0.0151678539211591,0.00737260440386989,0.00175471875137047,1.14006241760845e-13,2.06590820247221e-08,9.43018236729194e-13,1.76499806832257e-19,3.46944695195361e-18,6.12000107301751e-15
NC_k0023,-0.0671052631578948,-0.0671052631578948,0.661486852491893,33.9991522688005,7.75478189466521,40.0835995986571,-21.2073302016897,-32.8432838352649,-24.9873920645258,-32.8720798701909,33.3012259392496,1,320,-9.77363196489504,40.5872610508872,10.1684975983773,-2.92250863802925,-1.22576255379538e-18,-2.58657392311862e-18,0,-7.48117862424597e-19,0.000352851692003094,-0.00050421570556016,1,-2.1643437041369e-19,-2.97582924090926e-19,1,0.00179059656442486,-0.00748668606960372,-0.00748668606960372,-0.00832749512316028,-0.00107299813618593,0.0163878394980998,0.0163878394980998,-0.00129750229158753,1,1.0842021724855e-19,5.42101086242752e-20,1,0.00178955074091181,-0.00748902565900047,-0.00748902565900047,-0.00832695999484714,-0.00107310827324603,0.016392960697943,0.016392960697943,-0.00129757734987335,6.31793038642598,-28.1897869744859,-4.20232213801461,-0.54955636726045,-4.20232213801461,-0.54955636726045,65.2402547733233,0.0578356713405297,2.60208521396521e-18,5.0722674829483e-19,1.19554447414569e-19,0,0,0,0.00179059656442486,-0.00832749512316028,-0.00748668606960372,-0.00107299813618593,-0.00129750229158753,0.0163878394980998,2.66099492892917e-14,8.52604176775206e-08,3.00427282046118e-13,2.97582924090926e-19,6.93889390390723e-18,2.85323757343446e-15
NC_k0023,-0.0421052631578947,-0.0421052631578947,0.665722738254644,35.9163565960986,-0.947543303683577,40.0058808289342,-18.6890077490925,-33.9673631378556,-11.8153182677579,-33.5853086642688,26.3794072724276,1,320,-6.15797940740893,26.1680360767743,6.60331870089058,-1.93873016655078,2.83332520856563e-19,-6.95731687051001e-19,0,-8.78366548857809e-20,0.000343132544133437,-0.000493724583178575,1,-7.46796577632003e-20,-3.00489028686041e-19,1,0.00179059656442486,-0.00748668606960372,-0.00748668606960372,-0.00832749512316028,-0.00107299813618593,0.0163878394980998,0.0163878394980998,-0.00129750229158753,1,1.0842021724855e-19,5.42101086242752e-20,1,0.00178955074091181,-0.00748902565900047,-0.00748902565900047,-0.00832695999484714,-0.00107310827324603,0.016392960697943,0.016392960697943,-0.00129757734987335,6.29609155201272,-28.4041532179082,-3.91472403121353,-0.903014211815047,-3.91472403121353,-0.903014211815047,66.0190551900989,0.478794851165288,1.30104260698261e-18,-3.86992803075268e-19,1.159719671644e-19,0,0,0,0.00179059656442486,-0.00832749512316028,-0.00748668606960372,-0.00107299813618593,-0.00129750229158753,0.0163878394980998,1.35629626721273e-13,6.98020932917743e-08,5.49165565749212e-13,3.00489028686041e-19,3.46944695195361e-18,3.50216121177616e-15
NC_k0023,-0.0171052631578947,-0.0171052631578947,0.669139146165125,37.730886912935,-8.09259704148107,39.4534967912544,-15.1583750534098,-34.5347714314135,1.1873222459554,-34.2843444961793,17.029087193575,1,320,-2.49833476876349,10.7567135211161,2.72526498827635,-0.809951871208578,2.36692769198374e-19,-8.49891683451284e-19,0,-5.97866294418627e-19,0.000338016430183412,-0.000488008325330581,1,5.66564926533168e-20,7.27703943609825e-20,1,0.00179059656442485,-0.00748668606960372,-0.00748668606960372,-0.00832749512316029,-0.00107299813618594,0.0163878394980998,0.0163878394980998,-0.00129750229158753,1,1.0842021724855e-19,5.42101086242752e-20,1,0.00178955074091181,-0.00748902565900047,-0.00748902565900047,-0.00832695999484714,-0.00107310827324603,0.016392960697943,0.016392960697943,-0.00129757734987335,6.33366387123719,-28.567485509739,-3.75701878751778,-1.11755283354086,-3.75701878751778,-1.11755283354086,66.5614296254464,0.68412164754845,1.30104260698261e-18,6.5853673560286e-19,3.87933088213926e-19,0,0,0,0.00179059656442486,-0.00832749512316028,-0.00748668606960372,-0.00107299813618593,-0.00129750229158753,0.0163878394980998,2.2041976731416e-13,3.4767918627235e-08,7.1818463878859e-13,7.27703943609825e-20,3.46944695195361e-18,2.65468976009049e-15
NC_k0023,0.00789473684210525,0.00789473684210525,0.66972739528636,39.0990973331433,-13.5381357410283,38.2989771474035,-10.2881454880359,-34.4555036294946,13.0657302577187,-34.5778658815703,5.73215509150568,1,320,1.15256352883105,-4.97267101908225,-1.2606354717829,0.375436053925182,4.52262654274593e-19,9.19771901599763e-19,0,-4.55452262716597e-19,0.000337248425460159,-0.000487133015151583,1,7.0569134136854e-20,7.64687043241886e-20,1,0.00179059656442486,-0.00748668606960372,-0.00748668606960372,-0.00832749512316029,-0.00107299813618594,0.0163878394980998,0.0163878394980998,-0.00129750229158753,1,1.0842021724855e-19,5.42101086242752e-20,1,0.00178955074091181,-0.00748902565900047,-0.00748902565900047,-0.00832695999484714,-0.00107310827324603,0.016392960697943,0.016392960697943,-0.00129757734987335,6.34282132920254,-28.595290678849,-3.73232528567865,-1.15242068305003,-3.73232528567865,-1.15242068305003,66.6519591534289,0.714373560479245,1.73472347597681e-18,4.05536464587473e-19,5.02756175978701e-19,0,0,0,0.00179059656442486,-0.00832749512316028,-0.00748668606960372,-0.00107299813618593,-0.00129750229158753,0.0163878394980998,6.05226560052896e-13,4.43202622613633e-08,2.90850037207064e-13,7.64687043241886e-20,3.46944695195361e-18,1.44221968254844e-14
NC_k0023,0.0328947368421052,0.0328947368421052,0.667236576392569,39.8678805293886,-17.5226463002811,36.6177311926723,-3.78330679118027,-33.8681211945215,23.1942707423702,-34.2496175991621,-6.94317068058165,1,320,4.80913485452312,-20.5615027758045,-5.19828141402288,1.53482214174469,2.51955244116712e-18,1.17525821431534e-18,0,-2.89845740999806e-19,0.000340729445857922,-0.000491053852449867,1,8.26889601906105e-20,3.08001441341059e-19,1,0.00179059656442486,-0.00748668606960372,-0.00748668606960372,-0.00832749512316029,-0.00107299813618594,0.0163878394980998,0.0163878394980998,-0.00129750229158753,1,1.0842021724855e-19,5.42101086242752e-20,1,0.00178955074091181,-0.00748902565900047,-0.00748902565900047,-0.00832695999484714,-0.00107310827324603,0.016392960697943,0.016392960697943,-0.00129757734987335,6.30897778415297,-28.4770408806954,-3.84140769624124,-1.00098359236107,-3.84140769624124,-1.00098359236107,66.2633558542596,0.576961425100788,1.73472347597681e-18,3.57611125053308e-19,4.53321336241967e-19,0,0,0,0.00179059656442486,-0.00832749512316028,-0.00748668606960372,-0.00107299813618593,-0.00129750229158753,0.0163878394980998,2.76660747786797e-13,3.1886774566165e-08,4.08979267204552e-13,3.08001441341059e-19,3.46944695195361e-18,1.36440793625948e-14
NC_k0023,0.0578947368421052,0.0578947368421052,0.66289247839282,40.0957029454673,-20.3789763245883,34.6904762192154,4.40786545437709,-33.1080175268919,31.057123868417,-33.30752309607,-20.1995281148621,1,320,8.45900089098865,-35.4542187706551,-8.90842190029004,2.58294340231902,-2.52781101240285e-18,1.20903365308711e-18,0,-4.00090718679648e-19,0.000348709812339442,-0.00049979276423306,1,-1.51769852394535e-20,2.01457321760872e-19,1,0.00179059656442486,-0.00748668606960372,-0.00748668606960372,-0.00832749512316028,-0.00107299813618594,0.0163878394980998,0.0163878394980998,-0.00129750229158754,1,1.0842021724855e-19,5.42101086242752e-20,1,0.00178955074091181,-0.00748902565900047,-0.00748902565900047,-0.00832695999484714,-0.00107310827324603,0.016392960697943,0.016392960697943,-0.00129757734987335,6.29540030003596,-28.2639312538499,-4.08149767172412,-0.692231701873582,-4.08149767172412,-0.692231701873582,65.5281525413024,0.24071943884814,1.30104260698261e-18,1.33008989327916e-19,5.72674748813034e-19,0,0,0,0.00179059656442486,-0.00832749512316028,-0.00748668606960372,-0.00107299813618593,-0.00129750229158753,0.0163878394980998,9.41933280119702e-14,4.38095875219488e-08,1.17533466098335e-13,2.01457321760872e-19,3.90312782094782e-18,7.53667264852061e-15
NC_k0024,-0.0671052631578948,-0.0671052631578948,0.395774578466127,82.5256230276687,40.0178834538932,74.8490340793676,67.2325894272325,-61.2993277035165,-29.5199775298639,-92.8177852003166,-75.2945408228747,1,320,2.05860716987875,-29.502216923809,-9.05639121879699,-0.268857636497553,-1.35029624937646e-18,1.37282864926241e-18,0,-6.46805608179714e-20,0.00103274414739205,0.000533997854797952,1,1.1493014945459e-19,5.23383828638676e-20,1,0.010892794888854,0.00224738392473582,0.00224738392473582,0.00832526892141889,0.00777046573001904,-0.0121066857951696,-0.0121066857951696,-0.000184942655679277,1,-2.16840434497101e-19,-1.0842021724855e-19,1,0.0108933450065054,0.0022480862322123,0.0022480862322123,0.00832622021500268,0.00777014052323399,-0.0121104691344806,-0.0121104691344806,-0.000184024829904057,14.1632590584814,4.2972739747771,9.24834701894621,-8.74752001784571,9.24834701894621,-8.74752001784571,-41.3424976939516,-7.39062617243369,2.16840434497101e-18,-4.98671289555902e-19,-7.4696983308556e-19,0,0,0,0.010892794888854,0.00832526892141889,0.00224738392473582,0.00777046573001903,-0.000184942655679282,-0.0121066857951696,7.94784688236776e-14,8.02436480174842e-08,8.62155514893386e-13,1.1493014945459e-19,6.93889390390723e-18,5.32986164741335e-15
NC_k0024,-0.0421052631578947,-0.0421052631578947,0.40059013825425,81.9274693855281,48.0291787990044,75.7839494888565,64.8945758521753,-66.7018938397006,-40.2576522834933,-87.7108032784638,-70.2648125323035,1,320,1.04357125969169,-18.9247558407876,-5.90079091176166,-0.125084215541025,5.65182734055432e-19,3.20813728772566e-19,0,-9.15364683296081e-19,0.00102783900658124,0.000532677719835476,1,7.88457699518216e-20,2.87153419675969e-19,1,0.010892794888854,0.00224738392473582,0.00224738392473582,0.00832526892141889,0.00777046573001903,-0.0121066857951696,-0.0121066857951696,-0.000184942655679281,1,-2.16840434497101e-19,-1.0842021724855e-19,1,0.0108933450065054,0.0022480862322123,0.0022480862322123,0.00832622021500268,0.00777014052323399,-0.0121104691344806,-0.0121104691344806,-0.000184024829904057,14.6768246294239,4.66875883437068,8.98619165963471,-8.45454680420591,8.98619165963471,-8.45454680420591,-41.909133119605,-7.80186516658548,8.67361737988404e-19,2.34718245234561e-19,-3.01447761699817e-19,0,0,0,0.010892794888854,0.00832526892141889,0.00224738392473582,0.00777046573001903,-0.000184942655679282,-0.0121066857951696,1.09524841073864e-13,4.93715050080607e-08,9.52837291541371e-13,2.87153419675969e-19,3.46944695195361e-18,2.3696057276678e-14
NC_k0024,-0.0171052631578947,-0.0171052631578947,0.403519060524118,80.3029763738759,54.8052557258547,77.4896019324215,61.5769043750689,-72.8280396485369,-50.7725461200986,-81.6434123789566,-63.2308204621181,1,320,0.368415573018596,-7.7580593941214,-2.43858246096395,-0.0412572504799825,-1.58731327337496e-18,3.57897889994544e-18,0,4.03465615578865e-19,0.00102491683484689,0.00053217028201991,1,1.05402308864446e-19,-4.02802441637598e-21,1,0.010892794888854,0.00224738392473582,0.00224738392473582,0.00832526892141889,0.00777046573001903,-0.0121066857951696,-0.0121066857951696,-0.000184942655679281,1,-2.16840434497101e-19,-1.0842021724855e-19,1,0.0108933450065054,0.0022480862322123,0.0022480862322123,0.00832622021500268,0.00777014052323399,-0.0121104691344806,-0.0121104691344806,-0.000184024829904057,14.9495908785338,4.86800391965977,8.84476729190448,-8.28514531180907,8.84476729190448,-8.28514531180907,-42.2771390919646,-8.0231578617956,1.73472347597681e-18,-8.3021684452994e-19,-3.01447761699817e-19,0,0,0,0.010892794888854,0.00832526892141889,0.00224738392473582,0.00777046573001903,-0.000184942655679282,-0.0121066857951696,3.78106897033567e-13,3.17734643506411e-08,1.52175692359311e-12,1.05402308864446e-19,5.20417042793042e-18,2.97146029493073e-14
NC_k0024,0.00789473684210525,0.00789473684210525,0.403984794029223,78.2369814058851,60.030497541512,79.5586939731953,56.9116150343178,-79.2797303767474,-60.1675878305035,-75.191140277069,-54.3993350865892,1,320,-0.166142009008501,3.58497148478711,1.12821372700694,0.0183205567574646,-3.91435100749894e-19,-1.87363687932651e-18,0,-5.50405979592785e-19,0.00102443613245503,0.000532112054322673,1,4.66017626136008e-20,-6.71634295683446e-20,1,0.010892794888854,0.00224738392473582,0.00224738392473582,0.00832526892141889,0.00777046573001903,-0.0121066857951696,-0.0121066857951696,-0.000184942655679281,1,-2.16840434497101e-19,-1.0842021724855e-19,1,0.0108933450065054,0.0022480862322123,0.0022480862322123,0.00832622021500268,0.00777014052323399,-0.0121104691344806,-0.0121104691344806,-0.000184024829904057,14.991293367597,4.89865970426322,8.82269041291852,-8.25796730344849,8.82269041291852,-8.25796730344849,-42.337099407113,-8.0572920516565,1.73472347597681e-18,-6.36268863807497e-19,-4.46019345137181e-19,0,0,0,0.010892794888854,0.00832526892141889,0.00224738392473582,0.00777046573001903,-0.000184942655679282,-0.0121066857951696,9.63168716715013e-13,3.69700661506504e-08,6.88917704536919e-13,6.71634295683446e-20,5.20417042793042e-18,1.78631715022955e-15
NC_k0024,0.0328947368421052,0.0328947368421052,0.401942447329673,76.3415356245123,63.8083077425294,81.4225633535172,50.7000554038652,-85.5583005073895,-67.9016988619093,-68.8968375383868,-44.2156495257854,1,320,-0.76528127301079,14.8511068644009,4.64832244515867,0.0891010133023353,-1.35493507825166e-18,-2.16448681758996e-18,0,-5.58896161400029e-19,0.00102650009334458,0.000532420801185866,1,6.05014201380676e-20,-1.14770139600628e-19,1,0.010892794888854,0.00224738392473582,0.00224738392473582,0.00832526892141889,0.00777046573001903,-0.0121066857951696,-0.0121066857951696,-0.000184942655679281,1,-2.16840434497101e-19,-1.0842021724855e-19,1,0.0108933450065054,0.0022480862322123,0.0022480862322123,0.00832622021500268,0.00777014052323399,-0.0121104691344806,-0.0121104691344806,-0.000184024829904057,14.8051889619531,4.76234365933463,8.92031198100851,-8.37666966455486,8.92031198100851,-8.37666966455486,-42.0769211857138,-7.90556926050988,1.73472347597681e-18,-5.20360240680594e-20,-3.85019116937977e-19,0,0,0,0.010892794888854,0.00832526892141889,0.00224738392473582,0.00777046573001903,-0.000184942655679282,-0.0121066857951696,2.3360042716174e-13,3.44281760245305e-08,6.32425184892419e-13,1.14770139600628e-19,5.20417042793042e-18,1.36726140978761e-14
NC_k0024,0.0578947368421052,0.0578947368421052,0.397669514114406,75.0849786479691,66.4577316698077,82.4466698409679,43.0651125835304,-91.0793913456019,-73.674245059837,-63.1765377535701,-33.4257949291707,1,320,-1.63619540857176,25.7159949727726,7.94633385618628,0.207114942796214,7.48565367135988e-19,3.86035265711147e-19,0,9.74617284934479e-20,0.00103077576570511,0.000533366027925921,1,1.13312230667816e-19,-8.04053219164141e-20,1,0.010892794888854,0.00224738392473582,0.00224738392473582,0.00832526892141889,0.00777046573001903,-0.0121066857951696,-0.0121066857951696,-0.00018494265567928,1,-2.16840434497101e-19,-1.0842021724855e-19,1,0.0108933450065054,0.0022480862322123,0.0022480862322123,0.00832622021500268,0.00777014052323399,-0.0121104691344806,-0.0121104691344806,-0.000184024829904057,14.3793252289225,4.45306426109001,9.13726660051475,-8.62639948905276,9.13726660051475,-8.62639948905276,-41.5593219915261,-7.56346265734743,1.73472347597681e-18,-6.43242872993266e-19,-5.30112457929514e-19,0,0,0,0.010892794888854,0.00832526892141889,0.00224738392473582,0.00777046573001903,-0.000184942655679282,-0.0121066857951696,1.79183019995257e-13,3.57548687397171e-08,9.53126176543226e-13,1.13312230667816e-19,5.20417042793042e-18,2.16366307585992e-14
NC_k0025,-0.0671052631578948,-0.0671052631578948,0.438259194999751,-120.571725764939,-84.6919889813301,-166.381318284051,-89.5649536170276,116.882674935287,113.105108515197,162.355449837567,62.6542308761154,1,320,-21.1371526108311,-26.3569644828279,-15.6730586409074,3.81133441707531,2.277526011379e-18,1.89883610950733e-18,0,1.97739841536516e-18,-0.000260652616154003,0.000250485419309081,1,-2.90036655338828e-20,7.4923316863239e-20,1,-0.00763455358412233,-0.00511308436295233,-0.00511308436295233,0.0140282183419054,-0.00205238742742985,-0.00888579138831073,-0.00888579138831073,0.00596736686248431,1,0,-2.5410988417629e-20,1,-0.00763261142753601,-0.00511468220181575,-0.00511468220181575,0.0140267756903783,-0.00205160795524177,-0.00888856819811957,-0.00888856819811957,0.00596689324806459,-22.9337064292651,-13.6878352642966,-10.5255081903353,16.0847632429407,-10.5255081903353,16.0847632429407,-43.8870246128559,13.9654212925557,1.0842021724855e-18,-1.26206437696892e-19,-1.59644486903411e-19,0,0,0,-0.00763455358412233,0.0140282183419054,-0.00511308436295233,-0.00205238742742985,0.00596736686248431,-0.00888579138831073,5.93085755262398e-14,7.16649604696361e-08,2.74867119219649e-13,7.4923316863239e-20,1.73472347597681e-18,1.51995399611746e-15
NC_k0025,-0.0421052631578947,-0.0421052631578947,0.442241331328595,-132.281413616742,-82.2980284329161,-161.780338554876,-86.7682122622526,128.775135892789,102.199002520077,157.480750347513,68.3389325450493,1,320,-13.6030317970037,-17.2142757094338,-10.1697114771244,2.54587423276748,4.32516198691727e-19,1.38540179457321e-18,0,6.79861813408865e-19,-0.000251626871984488,0.000239573149372318,1,-3.85574236987102e-20,1.15884546394693e-19,1,-0.00763455358412234,-0.00511308436295234,-0.00511308436295234,0.0140282183419054,-0.00205238742742985,-0.00888579138831073,-0.00888579138831073,0.00596736686248431,1,0,-2.5410988417629e-20,1,-0.00763261142753601,-0.00511468220181575,-0.00511468220181575,0.0140267756903783,-0.00205160795524177,-0.00888856819811957,-0.00888856819811957,0.00596689324806459,-23.5391476663861,-14.1872003007233,-10.2780022103211,15.958530256691,-10.2780022103211,15.958530256691,-44.2912928775997,13.9015921098936,1.30104260698261e-18,2.68732159982268e-19,-7.79004979710595e-20,0,0,0,-0.00763455358412233,0.0140282183419054,-0.00511308436295233,-0.00205238742742985,0.00596736686248431,-0.00888579138831073,8.87441857949921e-14,4.15089050152683e-08,3.74861759091961e-13,1.15884546394693e-19,3.46944695195361e-18,9.79073978234957e-15
NC_k0025,-0.0171052631578947,-0.0171052631578947,0.445057852268702,-143.203746437206,-81.9170723698876,-155.319378443567,-84.0902907888218,139.50449473523,90.8466441959035,151.166694989573,76.6208746694846,1,320,-5.58917080976753,-7.12324219531277,-4.19509629167649,1.06760127263216,1.27012590440782e-18,1.06586151035367e-18,0,4.11446254128776e-19,-0.00024664527092359,0.000233230766251099,1,-2.67006265550565e-20,-7.83311845515758e-21,1,-0.00763455358412233,-0.00511308436295233,-0.00511308436295233,0.0140282183419054,-0.00205238742742985,-0.00888579138831073,-0.00888579138831073,0.00596736686248431,1,0,-2.5410988417629e-20,1,-0.00763261142753601,-0.00511468220181575,-0.00511468220181575,0.0140267756903783,-0.00205160795524177,-0.00888856819811957,-0.00888856819811957,0.00596689324806459,-23.9142051036718,-14.4750461612604,-10.1301293655072,15.9084206209878,-10.1301293655072,15.9084206209878,-44.6042716393082,13.8737854143255,1.30104260698261e-18,-4.80592760056029e-19,-5.13394052492088e-19,0,0,0,-0.00763455358412233,0.0140282183419054,-0.00511308436295233,-0.00205238742742985,0.00596736686248431,-0.00888579138831073,2.18701667785369e-13,3.79598836290209e-08,6.61291470327885e-13,2.67006265550565e-20,3.46944695195361e-18,2.30746697882829e-14
NC_k0025,0.00789473684210525,0.00789473684210525,0.445530960081401,-152.426239806621,-83.27264793695,-146.82565818159,-82.2434674430551,148.387063017922,80.1880377512888,143.005419500561,86.7865382293443,1,320,2.58387527380105,3.29620954781986,1.9404279911349,-0.495215977863631,1.43212095557021e-18,1.76352259618345e-18,0,8.56403249233301e-19,-0.000245869940637669,0.000232216846405367,1,6.25306669827641e-20,-8.85046372119148e-20,1,-0.00763455358412233,-0.00511308436295234,-0.00511308436295234,0.0140282183419055,-0.00205238742742985,-0.00888579138831073,-0.00888579138831073,0.00596736686248431,1,0,-2.5410988417629e-20,1,-0.00763261142753601,-0.00511468220181575,-0.00511468220181575,0.0140267756903783,-0.00205160795524177,-0.00888856819811957,-0.00888856819811957,0.00596689324806459,-23.9753362700998,-14.5204696539268,-10.1060716217058,15.9016408187167,-10.1060716217058,15.9016408187167,-44.6581666348612,13.8696959831929,1.30104260698261e-18,-1.47146325389291e-18,-6.22267441122346e-19,0,0,0,-0.00763455358412233,0.0140282183419054,-0.00511308436295233,-0.00205238742742985,0.00596736686248431,-0.00888579138831073,2.59737274896844e-13,4.3948721746009e-08,6.8178846367044e-13,8.85046372119148e-20,8.67361737988404e-18,2.1181234425526e-15
NC_k0025,0.0328947368421052,0.0328947368421052,0.443506567527595,-159.633190852103,-85.732923684213,-136.46255063386,-81.9282236204022,155.350152512885,71.1240257215023,132.918253619425,98.003077067862,1,320,10.6859918708453,13.5686655991678,8.00403696510433,-2.01897302575219,1.55430545821164e-18,7.81387893842092e-20,0,1.81679633635432e-18,-0.000249309526540383,0.00023664651033163,1,6.58271659418915e-20,-2.09066322274789e-19,1,-0.00763455358412234,-0.00511308436295233,-0.00511308436295233,0.0140282183419054,-0.00205238742742985,-0.00888579138831073,-0.00888579138831073,0.00596736686248431,1,0,-2.5410988417629e-20,1,-0.00763261142753601,-0.00511468220181575,-0.00511468220181575,0.0140267756903783,-0.00205160795524177,-0.00888856819811957,-0.00888856819811957,0.00596689324806459,-23.7103696203854,-14.3206739026915,-10.2104523641064,15.9337252446924,-10.2104523641064,15.9337252446924,-44.4299130744029,13.8882932251008,1.30104260698261e-18,1.85416137546055e-19,-5.0883133750111e-19,0,0,0,-0.00763455358412233,0.0140282183419054,-0.00511308436295233,-0.00205238742742985,0.00596736686248431,-0.00888579138831073,2.85986229619208e-13,8.49293707078143e-08,2.56309665828276e-13,2.09066322274789e-19,3.46944695195361e-18,7.25952445160268e-15
NC_k0025,0.0578947368421052,0.0578947368421052,0.43971939887163,-164.876229876959,-88.5578221919586,-124.88341699065,-83.5806602347596,160.689956008865,64.4066198929197,121.314574150975,109.220605576716,1,320,18.4457485059893,23.1497459163937,13.7265131593865,-3.37825107137281,1.15694112683097e-18,-1.52342184286136e-18,0,6.07243213842528e-19,-0.000256902135623014,0.000246025788803771,1,-1.33722751020964e-20,-1.71283774495839e-19,1,-0.00763455358412233,-0.00511308436295233,-0.00511308436295233,0.0140282183419054,-0.00205238742742985,-0.00888579138831073,-0.00888579138831073,0.00596736686248431,1,0,-2.5410988417629e-20,1,-0.00763261142753601,-0.00511468220181575,-0.00511468220181575,0.0140267756903783,-0.00205160795524177,-0.00888856819811957,-0.00888856819811957,0.00596689324806459,-23.1741864358439,-13.8911292656291,-10.4243253423754,16.0259323476523,-10.4243253423754,16.0259323476523,-44.0276693570466,13.9357288529122,1.30104260698261e-18,-9.00219556377728e-19,-7.39709624861804e-19,0,0,0,-0.00763455358412233,0.0140282183419054,-0.00511308436295233,-0.00205238742742985,0.00596736686248431,-0.00888579138831073,1.21852510656282e-13,5.97272310441526e-08,3.38599804492708e-13,1.71283774495839e-19,6.93889390390723e-18,1.38866437348628e-15
NC_k0026,-0.0671052631578948,-0.0671052631578948,0.267739314536322,28.8434695129683,-101.016465132941,22.8522677644738,-163.854877133297,-17.8146477404678,128.614780942379,-33.4028881539587,147.284450390298,1,320,-8.44726804123645,3.78211612374474,-1.53950013277226,-8.91299315481911,5.43834856806663e-19,6.43242114100836e-19,0,1.10727058540838e-18,2.26226307096669e-05,0.00183137705281622,1,-1.3048052312372e-19,1.91728548665701e-20,1,0.00138174908359249,-0.00623142958188207,-0.00623142958188207,-0.00146165364460813,0.00698753012182909,-0.000509136241330345,-0.000509136241330345,0.0175510349137461,1,-2.71050543121376e-20,2.16840434497101e-19,1,0.00138152382148243,-0.0062333769036264,-0.0062333769036264,-0.0014614346250419,0.00698931393333766,-0.000509295346405761,-0.00050929534640576,0.017551168177631,4.24033810630935,-14.99293724452,-12.669119209933,-2.92450002022583,-12.669119209933,-2.92450002022583,-1.35078643804891,25.0309978382921,8.67361737988404e-19,8.21079902318986e-20,1.25766383582025e-19,0,0,0,0.00138174908359249,-0.00146165364460813,-0.00623142958188206,0.0069875301218291,0.0175510349137461,-0.000509136241330345,3.07519433212245e-13,3.5627074218982e-08,5.09995749358035e-13,1.3048052312372e-19,3.46944695195361e-18,1.11959731116786e-14
NC_k0026,-0.0421052631578947,-0.0421052631578947,0.275387273566747,27.47373110834,-114.574332770689,22.6822265116693,-155.097533723902,-19.7868011661575,135.234501568388,-29.864922292299,145.516831016694,1,320,-5.23502955223193,2.20011035937832,-1.00152333364169,-5.71676508269765,-1.5614522987041e-19,4.12610924431251e-19,0,1.55112908465944e-19,2.25298374958608e-05,0.00181639130339986,1,-1.0836098701605e-19,3.54218138889914e-20,1,0.00138174908359249,-0.00623142958188206,-0.00623142958188206,-0.00146165364460813,0.00698753012182909,-0.000509136241330345,-0.000509136241330345,0.0175510349137461,1,-2.71050543121376e-20,2.16840434497101e-19,1,0.00138152382148243,-0.0062333769036264,-0.0062333769036264,-0.0014614346250419,0.00698931393333766,-0.000509295346405761,-0.00050929534640576,0.017551168177631,4.04679109745191,-15.1854710740208,-12.6178838939729,-2.92904575662109,-12.6178838939729,-2.92904575662109,-0.760575269238748,25.8637917161608,1.30104260698261e-18,6.27708192811766e-20,-6.97615322751167e-20,0,0,0,0.00138174908359249,-0.00146165364460813,-0.00623142958188206,0.0069875301218291,0.0175510349137461,-0.000509136241330345,3.64017413214293e-13,3.35018582766603e-08,3.18738645834512e-13,1.0836098701605e-19,3.46944695195361e-18,3.68881994572564e-14
NC_k0026,-0.0171052631578947,-0.0171052631578947,0.279815406858001,25.6072980072134,-127.792332257426,23.4246023986165,-144.490915684805,-22.1748346243216,139.781469184391,-26.3433996710885,143.60351840896,1,320,-2.10102858063508,0.858011810591787,-0.410195534114288,-2.34606145169156,6.63531200165537e-19,4.23251775831133e-20,0,2.86429485069962e-19,2.26402989664814e-05,0.00180801919083441,1,8.63401553357624e-20,-5.37490188884258e-20,1,0.00138174908359249,-0.00623142958188207,-0.00623142958188207,-0.00146165364460813,0.0069875301218291,-0.000509136241330345,-0.000509136241330345,0.0175510349137461,1,-2.71050543121376e-20,2.16840434497101e-19,1,0.00138152382148243,-0.0062333769036264,-0.0062333769036264,-0.0014614346250419,0.00698931393333766,-0.000509295346405761,-0.00050929534640576,0.017551168177631,3.95031153314143,-15.2861516964895,-12.6003394359814,-2.93658473294623,-12.6003394359814,-2.93658473294623,-0.443431822776256,26.347840424044,8.67361737988404e-19,6.89428689418115e-20,-1.13291781783068e-18,0,0,0,0.00138174908359249,-0.00146165364460813,-0.00623142958188206,0.0069875301218291,0.0175510349137461,-0.000509136241330345,1.57878475522618e-12,1.36382275455387e-08,1.46997013572568e-12,8.63401553357624e-20,6.93889390390723e-18,3.8883440206164e-14
NC_k0026,0.00789473684210525,0.00789473684210525,0.280515650651906,23.9063513662484,-140.20361952594,24.9302894259947,-132.480174978333,-25.1254526051816,142.763623333412,-23.1959671090196,141.025432383314,1,320,0.967593703582196,-0.393660957057556,0.189397806353131,1.08431638621004,6.14045947200164e-19,2.55698070952392e-19,0,5.17960647246005e-19,2.26658865969914e-05,0.00180669873606054,1,5.89768839338095e-20,-6.98036504730994e-20,1,0.00138174908359249,-0.00623142958188207,-0.00623142958188207,-0.00146165364460813,0.0069875301218291,-0.000509136241330345,-0.000509136241330345,0.0175510349137461,1,-2.71050543121376e-20,2.16840434497101e-19,1,0.00138152382148243,-0.0062333769036264,-0.0062333769036264,-0.0014614346250419,0.00698931393333766,-0.000509295346405761,-0.00050929534640576,0.017551168177631,3.93571009701184,-15.3009592711827,-12.5980226139853,-2.93799212815345,-12.5980226139853,-2.93799212815345,-0.394348712757919,26.4246931406462,1.0842021724855e-18,6.89428689418115e-20,-1.3762421958382e-18,0,0,0,0.00138174908359249,-0.00146165364460813,-0.00623142958188206,0.0069875301218291,0.0175510349137461,-0.000509136241330345,1.40580390760143e-12,2.29952939090823e-08,6.38856014178499e-13,6.98036504730994e-20,6.93889390390723e-18,2.92876720537102e-14
NC_k0026,0.0328947368421052,0.0328947368421052,0.277437334101115,22.8526505387313,-151.383889660413,26.8057067284629,-119.514709486903,-28.5440380080607,144.854259821349,-20.6054143045205,137.134381714101,1,320,4.06846830092889,-1.68618088217664,0.78615484818824,4.48789459239714,1.0513796457794e-19,5.756118272185e-19,0,7.39300944275394e-20,2.25675655129081e-05,0.00181250761185114,1,-1.64097471684199e-20,1.52560851502814e-19,1,0.00138174908359249,-0.00623142958188207,-0.00623142958188207,-0.00146165364460813,0.00698753012182909,-0.000509136241330345,-0.000509136241330345,0.0175510349137461,1,-2.71050543121376e-20,2.16840434497101e-19,1,0.00138152382148243,-0.0062333769036264,-0.0062333769036264,-0.0014614346250419,0.00698931393333766,-0.000509295346405761,-0.00050929534640576,0.017551168177631,4.00109623735859,-15.2335654118082,-12.6091179976863,-2.93220179685346,-12.6091179976863,-2.93220179685346,-0.612201510814211,26.0874982768907,1.73472347597681e-18,6.49567937757163e-20,-2.76577697015604e-19,0,0,0,0.00138174908359249,-0.00146165364460813,-0.00623142958188206,0.0069875301218291,0.0175510349137461,-0.000509136241330345,6.70305472998533e-13,2.29390368171938e-08,5.89091042360933e-13,1.52560851502814e-19,3.46944695195361e-18,2.14091344302631e-14
NC_k0026,0.0578947368421052,0.0578947368421052,0.270852479411934,22.6843611537586,-160.865900379379,28.4391371395912,-106.00217660084,-32.1242281901941,146.621695114368,-18.5082947985957,131.299208345183,1,320,7.26332175292546,-3.16195565501154,1.3534508123116,7.76651023643597,-1.24566782805586e-19,-1.44816164200884e-19,0,1.27954914594603e-19,2.25473584434952e-05,0.00182517381195053,1,-1.09307379338803e-20,-1.27718131912533e-19,1,0.00138174908359249,-0.00623142958188206,-0.00623142958188206,-0.00146165364460813,0.0069875301218291,-0.000509136241330345,-0.000509136241330345,0.0175510349137461,1,-2.71050543121376e-20,2.16840434497101e-19,1,0.00138152382148243,-0.0062333769036264,-0.0062333769036264,-0.0014614346250419,0.00698931393333766,-0.000509295346405761,-0.00050929534640576,0.017551168177631,4.15611909841842,-15.0725575496703,-12.6436116154383,-2.92470892976722,-12.6436116154383,-2.92470892976722,-1.10173099156214,25.3702189218716,8.67361737988404e-19,1.24422935751875e-19,-1.13133788269598e-18,0,0,0,0.00138174908359249,-0.00146165364460813,-0.00623142958188206,0.0069875301218291,0.0175510349137461,-0.000509136241330345,1.82747343590977e-13,2.1899822297806e-08,9.9860572364169e-13,1.27718131912533e-19,6.93889390390723e-18,2.33642728842768e-14
NC_k0027,-0.0671052631578948,-0.0671052631578948,0.605251082745406,98.2919874612505,66.1100945858248,40.2868371994384,93.0378217217243,-66.9439311362601,-65.2451078146909,-69.5784119581834,-109.523341334954,1,320,-40.2375187907645,-18.5176062330241,-19.3891912578503,0.566641844719411,-2.3663982963917e-19,-9.13393925486673e-19,0,1.49255146240088e-18,0.000362767218646933,-0.00155800058499823,1,-3.28189325618543e-19,5.37622092262804e-20,1,0.00546780616345854,-0.0148737930887004,-0.0148737930887004,-0.000154353349661787,0.00196682104422621,-0.00420214574164677,-0.00420214574164677,-0.0112837554077873,1,0,-2.71050543121376e-20,1,0.00546757448899711,-0.0148784411490406,-0.0148784411490406,-0.000153706561699286,0.00196542190019232,-0.00420345891219104,-0.00420345891219104,-0.0112830841492506,11.3548270382946,-63.0585024110548,4.08405446223771,-7.36618848457852,4.08405446223771,-7.36618848457852,-11.2031597683229,-16.3103207369518,1.73472347597681e-18,-2.8933894588909e-19,5.22171096838734e-19,0,0,0,0.00546780616345854,-0.000154353349661787,-0.0148737930887004,0.00196682104422621,-0.0112837554077873,-0.00420214574164677,6.53372325461527e-14,6.73403877160571e-08,5.12882316720668e-13,3.28189325618543e-19,3.46944695195361e-18,1.99940674430889e-14
NC_k0027,-0.0421052631578947,-0.0421052631578947,0.613793300375375,85.9071618306373,75.3612644845647,46.7876088667598,92.0600555418858,-63.9568489825171,-77.0340395279935,-66.7894623900531,-106.112314449787,1,320,-26.1486354803073,-11.8450262063747,-12.5379083566051,0.500304690815971,-1.07573184301296e-19,-1.20404409963219e-18,0,4.25739935113693e-19,0.000345684807648312,-0.00154775161492621,1,-2.63178483955606e-19,9.83512350551106e-20,1,0.00546780616345854,-0.0148737930887004,-0.0148737930887004,-0.000154353349661786,0.00196682104422621,-0.00420214574164677,-0.00420214574164677,-0.0112837554077873,1,0,-2.71050543121376e-20,1,0.00546757448899711,-0.0148784411490406,-0.0148784411490406,-0.000153706561699286,0.00196542190019232,-0.00420345891219104,-0.00420345891219104,-0.0112830841492506,11.1240276210522,-63.6883974150789,4.33169616672216,-7.35785525369494,4.33169616672216,-7.35785525369494,-11.8421128861337,-17.1544667708573,1.73472347597681e-18,-1.90923236615516e-19,-4.71352074822884e-20,0,0,0,0.00546780616345854,-0.000154353349661787,-0.0148737930887004,0.00196682104422621,-0.0112837554077873,-0.00420214574164677,2.016253239413e-13,5.51472739368954e-08,8.26922027231262e-13,2.63178483955606e-19,5.20417042793042e-18,2.89406358510901e-15
NC_k0027,-0.0171052631578947,-0.0171052631578947,0.619529139211709,72.7447371432216,82.9979308035994,56.2904431593405,89.6906607935133,-62.8330851942318,-88.2034454950989,-64.3062982172938,-100.256335016554,1,320,-10.7908908621605,-4.8482939695474,-5.16093099446359,0.237293253664708,9.92828493300447e-19,2.80526724218784e-19,0,7.89514116179813e-19,0.000335894260957367,-0.00154237777075265,1,2.19563889537888e-19,-2.26478002944073e-20,1,0.00546780616345854,-0.0148737930887004,-0.0148737930887004,-0.000154353349661789,0.00196682104422621,-0.00420214574164677,-0.00420214574164677,-0.0112837554077873,1,0,-2.71050543121376e-20,1,0.00546757448899711,-0.0148784411490406,-0.0148784411490406,-0.000153706561699286,0.00196542190019232,-0.00420345891219104,-0.00420345891219104,-0.0112830841492506,11.0136992691799,-64.1543529240152,4.49338342518038,-7.34508473875632,4.49338342518038,-7.34508473875632,-12.1924048478865,-17.6698051495667,1.73472347597681e-18,9.9998734468149e-20,4.60644138757422e-19,0,0,0,0.00546780616345854,-0.000154353349661787,-0.0148737930887004,0.00196682104422621,-0.0112837554077873,-0.00420214574164677,5.99203437233385e-14,4.21398114812087e-08,2.66032259001872e-13,2.19563889537888e-19,3.46944695195361e-18,2.07877019344701e-14
NC_k0027,0.00789473684210525,0.00789473684210525,0.620480372706512,60.4016723256527,88.3180197674008,68.0348775940158,85.2365780675139,-63.6266691736363,-97.4558685907097,-62.9225819392056,-91.8770198468673,1,320,4.99144148997653,2.23989158497965,2.38633991473554,-0.11209561431925,5.70053173502144e-19,-4.34024976129024e-19,0,6.0134045299135e-19,0.000334349448117081,-0.00154156235131327,1,1.24026371384372e-19,2.75706035196452e-20,1,0.00546780616345854,-0.0148737930887004,-0.0148737930887004,-0.000154353349661786,0.00196682104422621,-0.00420214574164678,-0.00420214574164678,-0.0112837554077873,1,0,-2.71050543121376e-20,1,0.00546757448899711,-0.0148784411490406,-0.0148784411490406,-0.000153706561699286,0.00196542190019232,-0.00420345891219104,-0.00420345891219104,-0.0112830841492506,10.9973537605492,-64.2335723933056,4.52033027379424,-7.34233243393253,4.52033027379424,-7.34233243393253,-12.2466539887049,-17.75358762394,1.73472347597681e-18,-2.63209028334198e-19,9.8325778059544e-20,0,0,0,0.00546780616345854,-0.000154353349661787,-0.0148737930887004,0.00196682104422621,-0.0112837554077873,-0.00420214574164677,2.42643793380272e-13,5.39709957302296e-08,9.95854604857776e-13,1.24026371384372e-19,5.20417042793042e-18,3.57859192155396e-16
NC_k0027,0.0328947368421052,0.0328947368421052,0.616386344205849,49.9760031930745,91.3927846158147,81.0513657570158,78.421078721619,-65.7975631123344,-104.251160514113,-63.3061466937843,-81.3095443246291,1,320,20.5847803860664,9.28878870662329,9.8582778005876,-0.420942164774794,3.16790322273108e-19,-9.75146680526513e-20,0,-2.13717000504101e-19,0.000341155930367291,-0.00154522974678024,1,9.04789411088535e-20,-1.0000327983563e-19,1,0.00546780616345854,-0.0148737930887004,-0.0148737930887004,-0.000154353349661786,0.00196682104422621,-0.00420214574164678,-0.00420214574164678,-0.0112837554077873,1,0,-2.71050543121376e-20,1,0.00546757448899711,-0.0148784411490406,-0.0148784411490406,-0.000153706561699286,0.00196542190019232,-0.00420345891219104,-0.00420345891219104,-0.0112830841492506,11.0713547603749,-63.8962818633394,4.40461246674861,-7.35285557584222,4.40461246674861,-7.35285557584222,-12.0058249848658,-17.3899423431102,1.73472347597681e-18,-5.26468805689602e-19,2.69445522387802e-19,0,0,0,0.00546780616345854,-0.000154353349661787,-0.0148737930887004,0.00196682104422621,-0.0112837554077873,-0.00420214574164677,2.6872160373577e-13,5.88911644722916e-08,5.22302062082396e-13,1.0000327983563e-19,5.20417042793042e-18,6.48424957207648e-15
NC_k0027,0.0578947368421052,0.0578947368421052,0.608481685640791,42.2940262809826,92.7838430326816,93.943946337765,69.6149658717974,-68.5619061514015,-108.530167719242,-65.6668223968663,-69.5395486458124,1,320,35.268591704895,16.1208121151844,16.9585032606261,-0.57003868784387,-6.51050699083337e-19,3.69137620157914e-19,0,-4.81061774481239e-19,0.000355732172967455,-0.00155364342337306,1,3.21924758439477e-20,6.64161856674592e-20,1,0.00546780616345854,-0.0148737930887004,-0.0148737930887004,-0.000154353349661784,0.00196682104422621,-0.00420214574164678,-0.00420214574164678,-0.0112837554077873,1,0,-2.71050543121376e-20,1,0.00546757448899711,-0.0148784411490406,-0.0148784411490406,-0.000153706561699286,0.00196542190019232,-0.00420345891219104,-0.00420345891219104,-0.0112830841492506,11.2530058953428,-63.2831653376071,4.18104878669693,-7.36396329709063,4.18104878669693,-7.36396329709063,-11.4691081457168,-16.6488983501054,2.60208521396521e-18,-7.72430093486261e-19,1.48398038924054e-19,0,0,0,0.00546780616345854,-0.000154353349661787,-0.0148737930887004,0.00196682104422621,-0.0112837554077873,-0.00420214574164677,9.19944803669107e-14,5.72602970086914e-08,8.55816485271691e-13,6.64161856674592e-20,5.20417042793042e-18,3.4484546799988e-14
NC_k0028,-0.0671052631578948,-0.0671052631578948,0.490432420985118,-98.9350713830768,55.4428547837196,-138.055005053098,81.8563594053296,87.1218785814686,-67.9821446597762,153.475479198196,-68.6703553552505,1,320,-15.5504382340972,17.3682374987643,0.599873757340175,12.7438772457697,3.23487176512338e-19,-1.13524914244738e-18,0,1.6083038085991e-19,0.000466282797142379,0.00066901327941815,1,-5.63252896240647e-20,-7.54249117277537e-20,1,-0.00471347832099349,-0.00430342922469209,-0.00430342922469209,0.00798128353293045,0.0130887593471326,0.0111079045568512,0.0111079045568512,0.000928206497120308,1,0,0,1,-0.00471235889408256,-0.00430477404632481,-0.00430477404632481,0.00798041940330171,0.0130883568416695,0.0111113757770252,0.0111113757770252,0.000929704078040006,-18.2104299827226,-20.7043435239006,9.31943092042614,18.309422672946,9.31943092042614,18.309422672946,34.5357314331499,-9.77716248067481,1.73472347597681e-18,-3.08242872855849e-19,-1.44557364463126e-19,0,0,0,-0.00471347832099349,0.00798128353293045,-0.00430342922469209,0.0130887593471326,0.000928206497120309,0.0111079045568512,2.81873129022757e-13,6.87594928448944e-08,6.62395758236923e-13,7.54249117277537e-20,3.46944695195361e-18,1.26770757231189e-14
NC_k0028,-0.0421052631578947,-0.0421052631578947,0.492055699331968,-108.854006659661,60.1055625894952,-132.622106980579,76.681837451908,101.490990851884,-68.4432519899493,143.59543160525,-67.6399896170079,1,320,-10.003673356538,10.9470152508364,0.311302825118448,8.1544279164663,-1.45626139456696e-18,-4.83338175526985e-19,0,3.58824332280603e-19,0.00047268187334391,0.000679353666792841,1,-5.22166034714303e-20,-7.48482837149737e-20,1,-0.00471347832099348,-0.0043034292246921,-0.0043034292246921,0.00798128353293045,0.0130887593471326,0.0111079045568512,0.0111079045568512,0.000928206497120307,1,0,0,1,-0.00471235889408256,-0.00430477404632481,-0.00430477404632481,0.00798041940330171,0.0130883568416695,0.0111113757770252,0.0111113757770252,0.000929704078040006,-18.512746689991,-21.1175533158396,9.43004080344485,17.9791365250828,9.43004080344485,17.9791365250828,34.9875181242143,-9.39134468301008,1.73472347597681e-18,-4.41480520183649e-19,-3.04035654643827e-19,0,0,0,-0.00471347832099349,0.00798128353293045,-0.00430342922469209,0.0130887593471326,0.000928206497120309,0.0111079045568512,1.27380851033587e-13,5.05491441270188e-08,6.43462541334728e-13,7.48482837149737e-20,2.60208521396521e-18,2.82036928474874e-15
NC_k0028,-0.0171052631578947,-0.0171052631578947,0.493311862538822,-117.126697616287,64.713640727832,-126.602306975198,71.4687447751033,115.067800929225,-68.0104204052266,132.270139726123,-67.4355417835938,1,320,-4.11509675237556,4.4372396707815,0.106307163073955,3.33998228002597,-1.22597431203219e-18,-1.01871593775091e-18,0,-2.38640944977058e-18,0.000476592741519295,0.000685123339819156,1,-3.84021400056772e-20,1.55333555272462e-19,1,-0.00471347832099349,-0.0043034292246921,-0.0043034292246921,0.00798128353293045,0.0130887593471326,0.0111079045568512,0.0111079045568512,0.000928206497120308,1,0,0,1,-0.00471235889408256,-0.00430477404632481,-0.00430477404632481,0.00798041940330171,0.0130883568416695,0.0111113757770252,0.0111113757770252,0.000929704078040006,-18.6813186945945,-21.3934610086757,9.50418708888804,17.8023065680916,9.50418708888804,17.8023065680916,35.2656545115377,-9.21351963603496,1.73472347597681e-18,-2.24623145027603e-19,-6.42555218803634e-19,0,0,0,-0.00471347832099349,0.00798128353293045,-0.00430342922469209,0.0130887593471326,0.000928206497120309,0.0111079045568512,3.37677724261898e-13,1.7144697348091e-08,8.28785204606103e-13,1.55333555272462e-19,2.60208521396521e-18,1.23780251381201e-14
NC_k0028,0.00789473684210525,0.00789473684210525,0.493518610781453,-124.211104721984,69.5927962207222,-119.851390920227,66.4732200349826,127.808741837499,-67.5210704349602,119.862783293085,-67.8031793117993,1,320,1.90283687261705,-2.0465311826163,-0.047419122299751,-1.54325706754887,7.51741740688192e-19,-1.11098958944242e-18,0,-3.45801200716568e-19,0.000477239011699863,0.000686019416296633,1,1.55550807599057e-19,8.90253074758025e-20,1,-0.00471347832099349,-0.0043034292246921,-0.0043034292246921,0.00798128353293045,0.0130887593471326,0.0111079045568512,0.0111079045568512,0.000928206497120308,1,0,0,1,-0.00471235889408256,-0.00430477404632481,-0.00430477404632481,0.00798041940330171,0.0130883568416695,0.0111113757770252,0.0111113757770252,0.000929704078040006,-18.7073941805795,-21.4393316412423,9.5163776266053,17.7745358388116,9.5163776266053,17.7745358388116,35.3099768727289,-9.18780132758924,1.73472347597681e-18,-3.21597135388825e-19,-6.42555218803634e-19,0,0,0,-0.00471347832099349,0.00798128353293045,-0.00430342922469209,0.0130887593471326,0.000928206497120309,0.0111079045568512,1.21159751889435e-12,4.19401002942788e-08,1.49326038162328e-12,1.55550807599057e-19,1.73472347597681e-18,1.2935241452164e-14
NC_k0028,0.0328947368421052,0.0328947368421052,0.492624986537024,-130.479407850234,74.7499979319975,-112.072336747412,61.7843573967967,139.570456723723,-67.4798902593524,106.591036372205,-68.3354842541858,1,320,7.86171308586694,-8.54652385448647,-0.22598755364447,-6.39626140845937,-6.36968776335234e-19,-2.40557357020221e-18,0,-9.5185327447702e-20,0.000474471101324568,0.000682038014031621,1,1.09405986611512e-19,3.87534028432226e-19,1,-0.00471347832099349,-0.0043034292246921,-0.0043034292246921,0.00798128353293045,0.0130887593471326,0.0111079045568512,0.0111079045568512,0.000928206497120306,1,0,0,1,-0.00471235889408256,-0.00430477404632481,-0.00430477404632481,0.00798041940330171,0.0130883568416695,0.0111113757770252,0.0111113757770252,0.000929704078040006,-18.5916560514426,-21.2422747766017,9.46365547155469,17.8969564681018,9.46365547155469,17.8969564681018,35.1156955381823,-9.30561797814804,2.16840434497101e-18,-3.46710008654786e-19,-5.00971805700025e-19,0,0,0,-0.00471347832099349,0.00798128353293045,-0.00430342922469209,0.0130887593471326,0.000928206497120309,0.0111079045568512,6.23744456319717e-13,4.70439202629627e-08,1.1955371607802e-12,3.87534028432226e-19,3.46944695195361e-18,1.48743408531417e-14
NC_k0028,0.0578947368421052,0.0578947368421052,0.490955610310173,-136.112899502765,79.9743961797149,-102.797890918678,57.1997883079014,150.028012065447,-68.1823449807755,92.4925274103632,-68.3217055213827,1,320,13.5630573094038,-15.0376131291709,-0.486603420523121,-11.0952761111642,1.93059984502936e-18,3.16255632725154e-18,0,-5.10231471602309e-19,0.000468806628661201,0.000673303180815366,1,6.50631192466509e-20,2.6450611671601e-19,1,-0.00471347832099349,-0.0043034292246921,-0.0043034292246921,0.00798128353293045,0.0130887593471326,0.0111079045568512,0.0111079045568512,0.000928206497120307,1,0,0,1,-0.00471235889408256,-0.00430477404632481,-0.00430477404632481,0.00798041940330171,0.0130883568416695,0.0111113757770252,0.0111113757770252,0.000929704078040006,-18.3344910233608,-20.8621283017777,9.36099123740948,18.1679459040593,9.36099123740948,18.1679459040593,34.7120972629492,-9.60573073893239,2.60208521396521e-18,-2.11268882494628e-19,-5.32453325908013e-19,0,0,0,-0.00471347832099349,0.00798128353293045,-0.00430342922469209,0.0130887593471326,0.000928206497120309,0.0111079045568512,1.64079207832566e-13,4.12627553668225e-08,5.52725809627257e-13,2.6450611671601e-19,5.20417042793042e-18,1.458571479468e-14
NC_k0029,-0.0671052631578948,-0.0671052631578948,0.351769029223171,-36.0626484584649,19.7415555956999,-3.74505641248011,31.1048107318156,26.3494889973036,-38.5688793240956,26.9639907879822,-12.6869204580741,1,320,17.4912996169873,24.9552631263936,14.0073657053157,3.88301441983945,-5.48539860130865e-19,-1.18296092017944e-18,0,-7.83214308634609e-19,0.00195740602994242,-0.000367715121701407,1,2.19668442908142e-19,-1.81088467477755e-19,1,0.00884989807930435,0.00647985072343881,0.00647985072343881,0.0126933317263392,-0.00424549304752961,0.00927811762783743,0.00927811762783743,-0.00380295810394701,1,4.33680868994202e-19,1.0842021724855e-19,1,0.00885103987997231,0.00648187567678988,0.00648187567678988,0.0126938729904998,-0.00424577286711025,0.00928101703959613,0.00928101703959613,-0.00380330706961258,0.205829243559341,22.7264871982126,2.57551015924052,9.57797856097874,2.57551015924052,9.57797856097874,34.4935640901475,-4.79105669743789,1.95156391047391e-18,-6.25757610686404e-19,7.33243498129754e-19,0,0,0,0.00884989807930435,0.0126933317263392,0.00647985072343881,-0.00424549304752961,-0.00380295810394701,0.00927811762783743,1.22005350426936e-13,6.76871914057901e-08,9.80950857799477e-13,2.19668442908142e-19,5.20417042793042e-18,1.51493453814544e-14
NC_k0029,-0.0421052631578947,-0.0421052631578947,0.354538253944185,-27.4962401209093,20.5037543438533,-5.62400408566888,28.1259551373795,22.8985470363779,-33.5057709497933,23.8016494914851,-15.4220824826292,1,320,11.1072026543292,16.2387944870614,9.02417905665888,2.38373894194978,-1.05693829949576e-19,-2.15540768318658e-18,0,-1.72953539917487e-19,0.00195456295863305,-0.000354762854156284,1,1.76060440817804e-19,-1.77281560882718e-19,1,0.00884989807930435,0.00647985072343881,0.00647985072343881,0.0126933317263392,-0.00424549304752961,0.00927811762783743,0.00927811762783743,-0.00380295810394701,1,4.33680868994202e-19,1.0842021724855e-19,1,0.00885103987997231,0.00648187567678988,0.00648187567678988,0.0126938729904998,-0.00424577286711025,0.00928101703959613,0.00928101703959613,-0.00380330706961258,0.99361709694728,23.4117485080776,2.68916825094803,9.19212505027349,2.68916825094803,9.19212505027349,34.7900432509515,-4.68568784067288,1.73472347597681e-18,4.61064346698134e-19,-6.04650608705032e-20,0,0,0,0.00884989807930435,0.0126933317263392,0.00647985072343881,-0.00424549304752961,-0.00380295810394701,0.00927811762783743,1.37229377267085e-13,5.67497746503237e-08,5.96590315011737e-13,1.77281560882718e-19,5.20417042793042e-18,6.10635065168421e-15
NC_k0029,-0.0171052631578947,-0.0171052631578947,0.356327520482097,-19.0461523429598,21.8508414112182,-9.85068469875856,25.0976831831985,20.9912936496472,-27.4543061724668,21.5154361025654,-19.7343486994273,1,320,4.52451251163837,6.70428889267737,3.70550446342422,0.952483383507074,-9.51323878884986e-20,5.23876642986984e-19,0,-1.02070117122103e-18,0.00195334944846136,-0.000347306795797151,1,5.73039893806169e-20,-3.2818282718883e-20,1,0.00884989807930435,0.00647985072343881,0.00647985072343881,0.0126933317263392,-0.00424549304752961,0.00927811762783743,0.00927811762783743,-0.00380295810394701,1,4.33680868994202e-19,1.0842021724855e-19,1,0.00885103987997231,0.00648187567678988,0.00648187567678988,0.0126938729904998,-0.00424577286711025,0.00928101703959613,0.00928101703959613,-0.00380330706961258,1.4471633264201,23.803229184292,2.74845131164569,8.964629619539,2.74845131164569,8.964629619539,35.0152622284975,-4.63422164805258,1.62630325872826e-18,-1.1857146852337e-18,5.44288275730429e-19,0,0,0,0.00884989807930435,0.0126933317263392,0.00647985072343881,-0.00424549304752961,-0.00380295810394701,0.00927811762783743,3.77433066837179e-13,3.59489924049322e-08,7.74194240111774e-13,5.73039893806169e-20,3.46944695195361e-18,4.22182433827103e-14
NC_k0029,0.00789473684210525,0.00789473684210525,0.356615652016256,-11.9678989431418,24.0836659255471,-16.2334612254696,22.5735766007697,21.0351035639006,-21.6496439716842,20.7812516846336,-25.2383578529937,1,320,-2.08866676654686,-3.10119856232367,-1.71265555852727,-0.438295324021367,-4.62638807878458e-19,-1.99330675290578e-18,0,-2.73168125489512e-19,0.00195318689224556,-0.000346127262855922,1,2.2658158181185e-20,-1.76979227238913e-20,1,0.00884989807930435,0.00647985072343881,0.00647985072343881,0.0126933317263392,-0.00424549304752961,0.00927811762783743,0.00927811762783743,-0.00380295810394701,1,4.33680868994202e-19,1.0842021724855e-19,1,0.00885103987997231,0.00648187567678988,0.00648187567678988,0.0126938729904998,-0.00424577286711025,0.00928101703959613,0.00928101703959613,-0.00380330706961258,1.51954190132094,23.864743893135,2.75734279988264,8.92779397080923,2.75734279988264,8.92779397080923,35.053633153074,-4.62648680140518,1.73472347597681e-18,-9.44169111435111e-19,5.1960007708789e-19,0,0,0,0.00884989807930435,0.0126933317263392,0.00647985072343881,-0.00424549304752961,-0.00380295810394701,0.00927811762783743,2.68355335053247e-13,4.45692005512683e-08,5.34135287439616e-13,2.2658158181185e-20,3.46944695195361e-18,8.56135534281039e-15
NC_k0029,0.0328947368421052,0.0328947368421052,0.35535852732954,-6.91396455654834,26.9847605265871,-24.2876402057581,20.9024149453251,22.8173122583296,-16.8435428814313,21.9785397922932,-31.3147295433331,1,320,-8.6912715945089,-12.7863933143835,-7.08762941993448,-1.84873304373635,-5.01867021248173e-19,-2.29863566061136e-18,0,5.15631306641055e-19,0.00195397312514073,-0.000351317293332336,1,9.71358611043133e-20,5.70489013759796e-20,1,0.00884989807930435,0.00647985072343881,0.00647985072343881,0.0126933317263392,-0.00424549304752961,0.00927811762783743,0.00927811762783743,-0.00380295810394701,1,4.33680868994202e-19,1.0842021724855e-19,1,0.00885103987997231,0.00648187567678988,0.00648187567678988,0.0126938729904998,-0.00424577286711025,0.00928101703959613,0.00928101703959613,-0.00380330706961258,1.20285911595013,23.5934683342133,2.71725271536505,9.08791500312164,2.71725271536505,9.08791500312164,34.8903714142261,-4.66131412490866,2.05998412772246e-18,-1.17110203638059e-18,6.1668162348918e-19,0,0,0,0.00884989807930435,0.0126933317263392,0.00647985072343881,-0.00424549304752961,-0.00380295810394701,0.00927811762783743,2.36312375939573e-13,5.80542670357338e-08,9.12818599373045e-13,9.71358611043133e-20,3.46944695195361e-18,1.99950945626579e-14
NC_k0029,0.0578947368421052,0.0578947368421052,0.352814567480293,-4.15971698437883,30.0504377923254,-33.002245085539,20.0007375710373,25.745025792669,-13.49541112205,24.9586659183432,-36.9189574157213,1,320,-15.1854123658934,-21.8877851191447,-12.2341551700626,-3.32461730485851,5.43795152137261e-19,3.08822918612998e-19,0,-4.45062874222931e-19,0.00195610415544057,-0.000362393433039195,1,5.44261067060653e-21,-1.1679525716204e-20,1,0.00884989807930435,0.00647985072343881,0.00647985072343881,0.0126933317263392,-0.00424549304752961,0.00927811762783743,0.00927811762783743,-0.00380295810394702,1,4.33680868994202e-19,1.0842021724855e-19,1,0.00885103987997231,0.00648187567678988,0.00648187567678988,0.0126938729904998,-0.00424577286711025,0.00928101703959613,0.00928101703959613,-0.00380330706961258,0.5301780630362,23.0065025510624,2.62306738753442,9.41953281964021,2.62306738753442,9.41953281964021,34.5967477497967,-4.74474035788024,1.73472347597681e-18,-1.88485251956439e-19,7.32354096025285e-19,0,0,0,0.00884989807930435,0.0126933317263392,0.00647985072343881,-0.00424549304752961,-0.00380295810394701,0.00927811762783743,1.16460941601156e-13,3.34502275388714e-08,7.22590219558955e-13,1.1679525716204e-20,4.33680868994202e-18,2.39153815201309e-14
NC_k0030,-0.0671052631578948,-0.0671052631578948,0.515234374523918,52.6320686174825,-28.0185157905339,85.4789806434277,-28.1169360111598,-48.3635642026687,36.3484750127078,-95.3025554164253,18.7637537678898,1,320,18.4734364508798,-24.6177203137832,-2.02761367475813,-7.10111464331296,-1.44334414212133e-18,2.59986175247867e-18,0,2.99373207295192e-20,-0.000512126463941272,-0.000764558668446801,1,1.61197694703463e-19,-7.46657758154798e-21,1,0.00224963521138601,0.00750527742196521,0.00750527742196521,-0.00353491288320555,-0.0121081658433771,-0.012816905715274,-0.012816905715274,-0.00390302330741578,1,0,2.16840434497101e-19,1,0.00224913308740707,0.00750762282115957,0.00750762282115957,-0.00353451117154471,-0.0121081502536927,-0.01282091099831,-0.01282091099831,-0.0039042897712526,10.286322691007,30.3712244426252,-3.88161431675969,-12.6925454403008,-3.88161431675969,-12.6925454403008,-44.1458528486705,3.03413279740365,2.16840434497101e-18,1.80493076169314e-19,5.17713715232661e-20,0,0,0,0.00224963521138601,-0.00353491288320555,0.00750527742196521,-0.0121081658433772,-0.00390302330741578,-0.012816905715274,7.21576497237921e-14,8.15634508369875e-08,1.69898162070011e-13,1.61197694703463e-19,3.90312782094782e-18,2.00395676987865e-14
NC_k0030,-0.0421052631578947,-0.0421052631578947,0.52022238719077,60.6774771278095,-26.6950954072398,80.9954078982293,-26.6312637822556,-58.7323449783761,32.1475888931852,-88.5024497699285,20.0852609722876,1,320,11.8201448677578,-15.6274173890239,-1.25639993201784,-4.52754616113031,-1.71037127874325e-18,1.83086171549017e-18,0,-1.8062977600198e-19,-0.000513395487377222,-0.000772698178191398,1,1.492410139747e-19,1.41160097036251e-19,1,0.00224963521138601,0.00750527742196521,0.00750527742196521,-0.00353491288320555,-0.0121081658433771,-0.012816905715274,-0.012816905715274,-0.00390302330741578,1,0,2.16840434497101e-19,1,0.00224913308740707,0.00750762282115957,0.00750762282115957,-0.00353451117154471,-0.0121081502536927,-0.01282091099831,-0.01282091099831,-0.0039042897712526,10.5658713191575,30.8155933667604,-4.05907278621716,-12.3454289333286,-4.05907278621716,-12.3454289333286,-44.8205447856416,2.4643951557318,2.16840434497101e-18,-2.31265642887451e-19,1.56569947239233e-19,0,0,0,0.00224963521138601,-0.00353491288320555,0.00750527742196521,-0.0121081658433772,-0.00390302330741578,-0.012816905715274,1.43336926295767e-13,5.71630537039765e-08,3.71413729586609e-13,1.492410139747e-19,3.46944695195361e-18,1.49389210532499e-14
NC_k0030,-0.0171052631578947,-0.0171052631578947,0.523436494191545,67.6440908699037,-25.7696444645886,75.828070373611,-25.7439121189273,-68.4382751554976,27.737004780033,-80.5947571951079,22.6445619551115,1,320,4.84344905197903,-6.36556809835222,-0.502299285303163,-1.85036787652591,-5.69629657028517e-20,1.4460440596407e-18,0,2.63056669681664e-19,-0.000514478504548636,-0.000777193923096995,1,-2.21891282250759e-20,-6.7564406677115e-20,1,0.00224963521138601,0.00750527742196521,0.00750527742196521,-0.00353491288320555,-0.0121081658433771,-0.012816905715274,-0.012816905715274,-0.00390302330741578,1,0,2.16840434497101e-19,1,0.00224913308740707,0.00750762282115957,0.00750762282115957,-0.00353451117154471,-0.0121081502536927,-0.01282091099831,-0.01282091099831,-0.0039042897712526,10.7041187032232,31.1153161228665,-4.16559775711716,-12.1518718236565,-4.16559775711716,-12.1518718236565,-45.2449114063177,2.18170039075209,1.73472347597681e-18,1.79984414043273e-19,-1.81949616920574e-19,0,0,0,0.00224963521138601,-0.00353491288320555,0.00750527742196521,-0.0121081658433772,-0.00390302330741578,-0.012816905715274,2.73754994452535e-13,2.13868127532225e-08,1.45868270913669e-12,6.7564406677115e-20,3.46944695195361e-18,3.60574618469782e-14
NC_k0030,0.00789473684210525,0.00789473684210525,0.523955399899044,73.7555175257076,-25.6014951050876,69.9842232886406,-25.6127612270112,-77.4576794747721,23.8565072926365,-71.8430595988095,26.2194313546918,1,320,-2.23814750793401,2.93840784106456,0.231085909933068,0.854673646008374,-2.04600808409276e-18,-4.83867571119019e-19,0,7.05578445062832e-19,-0.000514684816127207,-0.000777884100760145,1,-9.89498937986883e-20,-5.64395014819341e-20,1,0.00224963521138601,0.00750527742196521,0.00750527742196521,-0.00353491288320555,-0.0121081658433771,-0.012816905715274,-0.012816905715274,-0.00390302330741578,1,0,2.16840434497101e-19,1,0.00224913308740707,0.00750762282115957,0.00750762282115957,-0.00353451117154471,-0.0121081502536927,-0.01282091099831,-0.01282091099831,-0.0039042897712526,10.724430217613,31.165049026492,-4.18269589922997,-12.1211302636347,-4.18269589922997,-12.1211302636347,-45.3134308028397,2.13952597346211,1.51788304147971e-18,3.36900096801906e-19,-3.73780334832104e-20,0,0,0,0.00224963521138601,-0.00353491288320555,0.00750527742196521,-0.0121081658433772,-0.00390302330741578,-0.012816905715274,1.10765080786469e-12,4.403943455739e-08,1.29908744586981e-12,9.89498937986883e-20,3.46944695195361e-18,1.44087007575563e-14
NC_k0030,0.0328947368421052,0.0328947368421052,0.521695006998065,79.1704583580833,-26.2247459312803,63.3604809562297,-26.2781376548872,-85.7025101048467,20.8944981473913,-62.3900492552209,30.497081275828,1,320,-9.27307962523899,12.2276111015569,0.974995387184898,3.54781036783571,-2.10170050037473e-18,-6.35909985151166e-19,0,1.51100089878327e-18,-0.000513867728992039,-0.000774795681710996,1,-3.54909736155746e-20,-3.24907199690566e-19,1,0.00224963521138601,0.00750527742196521,0.00750527742196521,-0.00353491288320555,-0.0121081658433771,-0.012816905715274,-0.012816905715274,-0.00390302330741578,1,0,2.16840434497101e-19,1,0.00224913308740707,0.00750762282115957,0.00750762282115957,-0.00353451117154471,-0.0121081502536927,-0.01282091099831,-0.01282091099831,-0.0039042897712526,10.632113023681,30.9511625353301,-4.10797680895623,-12.2559934813325,-4.10797680895623,-12.2559934813325,-45.0149227235172,2.32994229102229,1.95156391047391e-18,4.41404073682234e-20,1.52689650435016e-19,0,0,0,0.00224963521138601,-0.00353491288320555,0.00750527742196521,-0.0121081658433772,-0.00390302330741578,-0.012816905715274,1.21848763971341e-13,4.29288618392384e-08,3.62523077642508e-13,3.24907199690566e-19,3.46944695195361e-18,6.59713305699848e-15
NC_k0030,0.0578947368421052,0.0578947368421052,0.517132327143662,83.9063910208687,-27.5128286806523,55.7275248289741,-27.5276061057912,-92.9444976007077,19.095376764812,-52.2493434827897,34.8930655436562,1,320,-16.0814780596401,21.3706925792409,1.74544079146827,6.17363189042855,5.19866471377327e-19,1.54816446934405e-18,0,5.30613201895616e-19,-0.000512514944618324,-0.000767959620906255,1,-2.32779036196941e-20,-1.05788294792184e-19,1,0.00224963521138601,0.00750527742196521,0.00750527742196521,-0.00353491288320555,-0.0121081658433772,-0.012816905715274,-0.012816905715274,-0.00390302330741578,1,0,2.16840434497101e-19,1,0.00224913308740707,0.00750762282115957,0.00750762282115957,-0.00353451117154471,-0.0121081502536927,-0.01282091099831,-0.01282091099831,-0.0039042897712526,10.4062773053247,30.5389423211613,-3.95292894057368,-12.5465595734068,-3.95292894057368,-12.5465595734068,-44.4082660131136,2.78743811757775,1.51788304147971e-18,3.13609962389876e-19,2.91538141112915e-19,0,0,0,0.00224963521138601,-0.00353491288320555,0.00750527742196521,-0.0121081658433772,-0.00390302330741578,-0.012816905715274,1.26676653702635e-13,4.01503994077156e-08,2.52259810234875e-13,1.05788294792184e-19,3.46944695195361e-18,3.43501410792052e-15
NC_k0031,-0.0671052631578948,-0.0671052631578948,0.527122115255684,71.7656239614723,-67.0212652833691,49.0675381565146,-105.877939748193,-54.0803340300584,91.9499852705236,-77.2456085186105,78.8704507731421,1,320,-20.8529457204012,-20.4592085436936,-13.6330109071512,-10.369059688762,3.92945532548415e-19,1.6300487325419e-18,0,3.6237128274723e-19,-0.00159284053487939,-0.000138167961503059,1,-2.31689786899755e-19,1.57036019003353e-19,1,-0.00489617049868362,-0.0095951032372957,-0.0095951032372957,-0.0131397015888722,-0.00314287102986019,-0.00907244958180329,-0.00907244958180329,0.00437295903755682,1,0,0,1,-0.00489751905080347,-0.00959810170705735,-0.00959810170705735,-0.0131397620892592,-0.00314223580532337,-0.0090752847222976,-0.0090752847222976,0.00437241991364561,6.94552413396384,-30.9124616086747,-12.1366978080827,-13.3443422986336,-12.1366978080827,-13.3443422986336,-31.0656482514567,13.4456672838938,2.60208521396521e-18,-1.57846349794156e-19,-1.86824769650922e-19,0,0,0,-0.00489617049868363,-0.0131397015888722,-0.0095951032372957,-0.00314287102986019,0.00437295903755682,-0.00907244958180328,8.73145590459163e-14,8.34387497823872e-08,5.94649967162964e-13,2.31689786899755e-19,5.20417042793042e-18,1.15840835713685e-14
NC_k0031,-0.0421052631578947,-0.0421052631578947,0.529064360092733,66.1435004816609,-73.2322797695244,49.7656632578865,-98.3610562590988,-55.680760564428,89.9596959103264,-70.8119625597289,79.4541556888514,1,320,-13.2629770303315,-13.25783906407,-8.75186931115254,-6.54190144981557,-7.78714446102321e-19,2.57887783469942e-18,0,-5.85405645671128e-19,-0.00159722603498412,-0.000152569293949351,1,-2.80128374430307e-19,2.03403307962551e-19,1,-0.00489617049868362,-0.0095951032372957,-0.0095951032372957,-0.0131397015888722,-0.00314287102986019,-0.00907244958180329,-0.00907244958180329,0.00437295903755682,1,0,0,1,-0.00489751905080347,-0.00959810170705735,-0.00959810170705735,-0.0131397620892592,-0.00314223580532337,-0.0090752847222976,-0.0090752847222976,0.00437241991364561,6.27701612166896,-31.5421593669031,-12.0620770823698,-13.0619308840122,-12.0620770823698,-13.0619308840122,-31.3209299274758,13.3260407716199,2.81892564846231e-18,-2.11420360695377e-19,8.73985662239934e-20,0,0,0,-0.00489617049868363,-0.0131397015888722,-0.0095951032372957,-0.00314287102986019,0.00437295903755682,-0.00907244958180328,1.49201911046544e-13,6.84154170961149e-08,4.24942469852681e-13,2.80128374430307e-19,6.93889390390723e-18,9.65293884543759e-15
NC_k0031,-0.0171052631578947,-0.0171052631578947,0.530380942788479,59.8155227220096,-79.9460566483089,52.7317128055241,-90.3602892654197,-58.4240398155555,86.4109556263632,-64.7478788347445,81.6651905430479,1,320,-5.40449800715402,-5.45688462771044,-3.58425626950529,-2.65768342293481,9.21095390579848e-19,2.17405564291597e-18,0,-3.77511996679401e-19,-0.00160002786957102,-0.000160941964877951,1,8.23544015747141e-20,1.08092234875771e-20,1,-0.00489617049868362,-0.0095951032372957,-0.0095951032372957,-0.0131397015888722,-0.00314287102986019,-0.00907244958180329,-0.00907244958180329,0.00437295903755682,1,0,0,1,-0.00489751905080347,-0.00959810170705735,-0.00959810170705735,-0.0131397620892592,-0.00314223580532337,-0.0090752847222976,-0.0090752847222976,0.00437241991364561,5.90629379506348,-31.9102082597122,-12.0204848103843,-12.8997337364713,-12.0204848103843,-12.8997337364713,-31.5038291096114,13.271100713512,1.78893358460108e-18,-1.40023971081164e-19,-1.66491106895862e-19,0,0,0,-0.00489617049868363,-0.0131397015888722,-0.0095951032372957,-0.00314287102986019,0.00437295903755682,-0.00907244958180328,3.59787411809526e-13,2.95071684944993e-08,1.50629828424628e-12,8.23544015747141e-20,5.20417042793042e-18,1.52807678894976e-14
NC_k0031,0.00789473684210525,0.00789473684210525,0.530587940442652,54.3393586588838,-87.4446367123916,57.638817057867,-82.6227610334045,-62.7709128948848,82.8028090704698,-59.8388993327373,85.0262275644001,1,320,2.49494613824195,2.52281557976761,1.65586136694315,1.22632706623868,-2.34998703303865e-19,9.57431780528078e-19,0,-5.23783998758378e-19,-0.00160049277999933,-0.000162276032807628,1,-3.88629444829772e-21,-1.65515371017002e-21,1,-0.00489617049868362,-0.0095951032372957,-0.0095951032372957,-0.0131397015888722,-0.00314287102986019,-0.00907244958180329,-0.00907244958180329,0.00437295903755682,1,0,0,1,-0.00489751905080347,-0.00959810170705735,-0.00959810170705735,-0.0131397620892592,-0.00314223580532337,-0.0090752847222976,-0.0090752847222976,0.00437241991364561,5.84785654944307,-31.9682673300045,-12.0135798943317,-12.8735272818364,-12.0135798943317,-12.8735272818364,-31.5343353655412,13.2628916619053,1.59919820441612e-18,3.43956578620476e-19,-1.55036409679061e-19,0,0,0,-0.00489617049868363,-0.0131397015888722,-0.0095951032372957,-0.00314287102986019,0.00437295903755682,-0.00907244958180328,6.75336028227124e-13,4.05429584453828e-08,8.51581188603106e-13,3.88629444829772e-21,3.46944695195361e-18,1.42285868034482e-14
NC_k0031,0.0328947368421052,0.0328947368421052,0.52967327905474,50.606542516844,-95.4275804912583,63.796305674927,-75.6193854099278,-68.4883577484671,80.0998843621297,-56.5173868913786,88.7439300491227,1,320,10.3802097180239,10.4249701275364,6.86570934903488,5.11215102131455,-5.57453558411736e-20,1.13988466260012e-18,0,1.04068585482031e-18,-0.00159850317842281,-0.000156432145828159,1,-2.68517894717678e-20,-1.44504344044177e-19,1,-0.00489617049868363,-0.0095951032372957,-0.0095951032372957,-0.0131397015888722,-0.00314287102986019,-0.00907244958180329,-0.00907244958180329,0.00437295903755682,1,0,0,1,-0.00489751905080347,-0.00959810170705735,-0.00959810170705735,-0.0131397620892592,-0.00314223580532337,-0.0090752847222976,-0.0090752847222976,0.00437241991364561,6.10495000250867,-31.7126549003879,-12.0432282596862,-12.9874973546965,-12.0432282596862,-12.9874973546965,-31.4032773825368,13.2999268280943,1.43656787854329e-18,7.97714108201492e-19,1.29875123361401e-19,0,0,0,-0.00489617049868363,-0.0131397015888722,-0.0095951032372957,-0.00314287102986019,0.00437295903755682,-0.00907244958180328,2.38296609919237e-13,5.07970913638973e-08,5.63202759035299e-13,1.44504344044177e-19,1.73472347597681e-18,1.92836834147638e-14
NC_k0031,0.0578947368421052,0.0578947368421052,0.527800096620122,49.0502699308294,-103.215149052024,69.9021054865681,-69.2925047997814,-74.8883761476723,78.8755152995974,-54.598740061012,91.5102078034604,1,320,18.119523510632,17.9176693008434,11.8922736277869,8.97587213218887,-7.01449159444967e-20,1.27556213539352e-19,0,-1.47505493808416e-18,-0.00159454256812291,-0.000144043622348941,1,-5.79726430729229e-20,-8.4895490669752e-20,1,-0.00489617049868362,-0.0095951032372957,-0.0095951032372957,-0.0131397015888722,-0.00314287102986019,-0.00907244958180329,-0.00907244958180329,0.00437295903755682,1,0,0,1,-0.00489751905080347,-0.00959810170705735,-0.00959810170705735,-0.0131397620892592,-0.00314223580532337,-0.0090752847222976,-0.0090752847222976,0.00437241991364561,6.66583152033458,-31.1660417196656,-12.1038752070245,-13.2263576642545,-12.1038752070245,-13.2263576642545,-31.1570914582857,13.3913901932438,1.13841228110978e-18,1.55985015723111e-19,-6.60519827516292e-20,0,0,0,-0.00489617049868363,-0.0131397015888722,-0.0095951032372957,-0.00314287102986019,0.00437295903755682,-0.00907244958180328,9.32317758399331e-14,4.05955009787453e-08,1.04045608483672e-12,8.4895490669752e-20,1.73472347597681e-18,1.40933931475619e-14
NC_k0032,-0.0671052631578948,-0.0671052631578948,0.456739165753681,89.1362733176025,-53.582808827869,160.30879461088,-88.2123621834196,-83.0329580319414,58.9172820770889,-157.822154287298,92.0842146845796,1,320,36.5110247588182,6.03749614760667,14.0410118991203,-11.4573744147889,-2.31089116856694e-18,1.92363167554922e-18,0,-1.10572210330168e-18,0.00124668777176608,0.000678534569263428,1,3.56010065270228e-19,4.05567325967592e-20,1,0.0136913367855113,0.0110871636454645,0.0110871636454645,0.00148412401573944,-0.00614492925545893,-0.00329091592009189,-0.00329091592009189,0.00623130741358428,1,1.0842021724855e-19,0,1,0.0136909758884512,0.0110906283841037,0.0110906283841037,0.00148567049567463,-0.00614395898782235,-0.00329194433131692,-0.00329194433131692,0.00623034389424131,22.0980884324553,46.6554391715612,-5.48649333246811,-13.0166764813363,-5.48649333246811,-13.0166764813363,-4.59978375417265,13.1768592743516,2.38524477946811e-18,-3.70092460650966e-19,2.75286858818787e-20,0,0,0,0.0136913367855113,0.00148412401573944,0.0110871636454645,-0.00614492925545893,0.00623130741358428,-0.00329091592009189,1.00418997843565e-13,8.1771302407179e-08,7.9548675001264e-13,3.56010065270228e-19,5.20417042793042e-18,2.831834711512e-14
NC_k0032,-0.0421052631578947,-0.0421052631578947,0.469708473873335,107.296765599443,-62.4699107973411,152.492264808903,-84.0263554276349,-101.936556425967,67.4159733941074,-149.13694204715,88.3639171590478,1,320,23.4570329395105,4.12376330176429,9.10166275962072,-7.45057394513385,-9.09925143587932e-19,1.14643262432909e-18,0,-7.15981068446299e-19,0.00124154926924902,0.000672140409012562,1,2.44021086417828e-19,1.42965232644572e-20,1,0.0136913367855113,0.0110871636454645,0.0110871636454645,0.00148412401573944,-0.00614492925545893,-0.00329091592009189,-0.00329091592009189,0.00623130741358427,1,1.0842021724855e-19,0,1,0.0136909758884512,0.0110906283841037,0.0110906283841037,0.00148567049567463,-0.00614395898782235,-0.00329194433131692,-0.00329194433131692,0.00623034389424131,23.1322172330566,47.7465140172652,-5.70477262744009,-12.8908446557176,-5.70477262744009,-12.8908446557176,-4.4033448807857,13.4393519457633,1.84314369322536e-18,-6.2483029951006e-19,1.63666809569313e-19,0,0,0,0.0136913367855113,0.00148412401573944,0.0110871636454645,-0.00614492925545893,0.00623130741358428,-0.00329091592009189,1.81141646123897e-13,7.22814923060918e-08,1.97223232482179e-13,2.44021086417828e-19,3.46944695195361e-18,7.68183890803039e-15
NC_k0032,-0.0171052631578947,-0.0171052631578947,0.477514116815062,123.681553856368,-70.2907100579334,142.09548974551,-78.9828130770072,-118.909747449878,75.0403961049305,-138.092517255054,83.5482159229204,1,320,9.62948090334408,1.75105614459219,3.75557722581896,-3.08070958433777,-2.39075049362526e-18,6.87102538900848e-19,0,-1.73112358595098e-20,0.00123876741742056,0.00066896380361302,1,8.11252266396555e-20,-5.31431170579476e-20,1,0.0136913367855113,0.0110871636454645,0.0110871636454645,0.00148412401573944,-0.00614492925545893,-0.00329091592009189,-0.00329091592009189,0.00623130741358428,1,1.0842021724855e-19,0,1,0.0136909758884512,0.0110906283841037,0.0110906283841037,0.00148567049567463,-0.00614395898782235,-0.00329194433131692,-0.00329194433131692,0.00623034389424131,23.7210069763247,48.4298430421634,-5.85024250435815,-12.8408127110283,-5.85024250435815,-12.8408127110283,-4.27971358700169,13.6303245988781,1.19262238973405e-18,2.83243152447561e-21,1.73164219230121e-20,0,0,0,0.0136913367855113,0.00148412401573944,0.0110871636454645,-0.00614492925545893,0.00623130741358428,-0.00329091592009189,2.6157941674663e-13,3.77157442471566e-08,2.30296917904299e-13,8.11252266396555e-20,3.46944695195361e-18,2.84813193427022e-14
NC_k0032,0.00789473684210525,0.00789473684210525,0.478768657705147,137.613500954261,-76.8611880342918,129.112497836027,-72.8547334343671,-133.397232317394,81.4809868273122,-124.544430106275,77.554844197988,1,320,-4.45097231021433,-0.813669645462173,-1.73733184537325,1.42565492091214,-1.19865749948324e-18,2.22346148654254e-21,0,-1.86334013506145e-19,0.00123832477003223,0.000668496027023298,1,8.2842681212458e-20,-3.90731243554618e-20,1,0.0136913367855113,0.0110871636454645,0.0110871636454645,0.00148412401573944,-0.00614492925545892,-0.00329091592009189,-0.00329091592009189,0.00623130741358428,1,1.0842021724855e-19,0,1,0.0136909758884512,0.0110906283841037,0.0110906283841037,0.00148567049567463,-0.00614395898782235,-0.00329194433131692,-0.00329194433131692,0.00623034389424131,23.8139648194853,48.5410418975176,-5.87454421685851,-12.8340210502359,-5.87454421685851,-12.8340210502359,-4.25906102896674,13.6630324516744,2.16840434497101e-18,-9.63349863669867e-19,-3.44112536670398e-19,0,0,0,0.0136913367855113,0.00148412401573944,0.0110871636454645,-0.00614492925545893,0.00623130741358428,-0.00329091592009189,3.92908152759399e-13,6.23437817303026e-08,5.98821939401011e-13,8.2842681212458e-20,5.20417042793042e-18,4.53347556948661e-14
NC_k0032,0.0328947368421052,0.0328947368421052,0.473295852593389,148.964421275367,-82.2812434807502,113.596187289104,-65.4942815237498,-145.352707871532,86.7222496207387,-108.464481074033,70.3520589064215,1,320,-18.4191017812355,-3.28975168399086,-7.1639216435247,5.86957217733124,-1.38860463790502e-18,8.06851821818924e-19,0,2.56353197997534e-19,0.00124025458358504,0.000670632393055433,1,7.82968362453115e-20,-8.01305894412558e-20,1,0.0136913367855113,0.0110871636454645,0.0110871636454645,0.00148412401573944,-0.00614492925545893,-0.00329091592009189,-0.00329091592009189,0.00623130741358428,1,1.0842021724855e-19,0,1,0.0136909758884512,0.0110906283841037,0.0110906283841037,0.00148567049567463,-0.00614395898782235,-0.00329194433131692,-0.00329194433131692,0.00623034389424131,23.4052017050295,48.0585956568722,-5.77028928643762,-12.8661612749801,-5.77028928643762,-12.8661612749801,-4.34760432801357,13.5242425583774,2.60208521396521e-18,-5.40038516519179e-19,-4.07679138256597e-20,0,0,0,0.0136913367855113,0.00148412401573944,0.0110871636454645,-0.00614492925545893,0.00623130741358428,-0.00329091592009189,1.18767107848332e-13,3.94344430717302e-08,6.75386799997786e-13,8.01305894412558e-20,5.20417042793042e-18,2.43955644082543e-14
NC_k0032,0.0578947368421052,0.0578947368421052,0.461937072395884,157.724509635492,-86.7541634334794,95.9424104362384,-56.9434716188715,-154.883602122472,90.8337244271594,-90.1362994618962,62.1069396278957,1,320,-31.8401804658795,-5.39881750488824,-12.2888693303534,10.0409301673655,2.3460695056576e-18,7.49200641846429e-19,0,-6.93402346446052e-19,0.00124456353450463,0.000675775380954211,1,-4.53075740994151e-20,-8.76045571623862e-20,1,0.0136913367855113,0.0110871636454645,0.0110871636454645,0.00148412401573944,-0.00614492925545892,-0.00329091592009189,-0.00329091592009189,0.00623130741358428,1,1.0842021724855e-19,0,1,0.0136909758884512,0.0110906283841037,0.0110906283841037,0.00148567049567463,-0.00614395898782235,-0.00329194433131692,-0.00329194433131692,0.00623034389424131,22.5233370159628,47.0844425023454,-5.5707257176606,-12.9578331472266,-5.5707257176606,-12.9578331472266,-4.52066199468479,13.2731724975911,2.16840434497101e-18,-1.76144479928522e-19,-3.58588471354071e-19,0,0,0,0.0136913367855113,0.00148412401573944,0.0110871636454645,-0.00614492925545893,0.00623130741358428,-0.00329091592009189,1.03713211298655e-13,4.85466287351437e-08,3.90171218435464e-13,8.76045571623862e-20,5.20417042793042e-18,2.76391862574896e-15
NC_k0033,-0.0671052631578948,-0.0671052631578948,0.568301891064005,-7.61745797243805,89.3200718439893,-28.6757288227143,123.67382018763,8.95535743285118,-117.057615011367,37.6073768008615,-108.898929777292,1,320,-17.0646226273822,22.9995506056583,1.95852623283109,8.02166366044726,8.71755721402285e-19,-1.17644935439742e-18,0,2.04558456761914e-19,0.00117059147978158,-0.00151095647426307,1,-1.06917671115015e-19,-1.80325483015584e-19,1,0.00391322324877467,-0.00626045912008749,-0.00626045912008749,0.00480708725796237,-0.000209210142586535,0.012488685847635,0.012488685847635,-0.0128986124998242,1,0,0,1,0.00391363371902956,-0.00626241551356251,-0.00626241551356252,0.00480735806196582,-0.000210713526467662,0.0124925885619623,0.0124925885619623,-0.012898133164587,-1.1371824580347,-31.4333079240556,7.84632960094903,8.21555640209775,7.84632960094903,8.21555640209775,47.2359420471688,-20.3914036154218,1.73472347597681e-18,-1.12567979134968e-19,6.42679282952813e-19,0,0,0,0.00391322324877467,0.00480708725796237,-0.00626045912008749,-0.000209210142586534,-0.0128986124998242,0.012488685847635,7.42995073600538e-14,7.83150655933032e-08,4.37910387250246e-13,1.80325483015584e-19,3.46944695195361e-18,3.16479907628917e-14
NC_k0033,-0.0421052631578947,-0.0421052631578947,0.567211036855193,-11.7644237092384,96.2506752965761,-24.7532885813662,118.45559114662,14.3005684426512,-117.246761904353,32.4566303844697,-110.396251518721,1,320,-11.1583905284424,14.9262831438776,1.24340456309362,5.13078387674218,1.18595200527443e-18,-1.71053009742086e-18,0,-2.90744059145039e-19,0.00116063763077819,-0.00148860466757038,1,-5.73132148856044e-20,-2.26627631119868e-19,1,0.00391322324877467,-0.00626045912008749,-0.00626045912008749,0.00480708725796236,-0.000209210142586532,0.012488685847635,0.012488685847635,-0.0128986124998242,1,0,0,1,0.00391363371902956,-0.00626241551356251,-0.00626241551356252,0.00480735806196582,-0.000210713526467662,0.0124925885619623,0.0124925885619623,-0.012898133164587,-0.998250000560509,-31.6123957423003,8.15416756995642,7.79978947572813,8.15416756995642,7.79978947572813,47.3310355123721,-20.7130213821855,1.51788304147971e-18,1.34238538830375e-19,1.09577261552559e-19,0,0,0,0.00391322324877467,0.00480708725796237,-0.00626045912008749,-0.000209210142586534,-0.0128986124998242,0.012488685847635,1.63101357848528e-13,6.41754173660115e-08,6.33822840804468e-13,2.26627631119868e-19,3.46944695195361e-18,3.15131221627275e-14
NC_k0033,-0.0171052631578947,-0.0171052631578947,0.567687158368892,-15.56580181364,103.191789564213,-20.7842685256442,112.375127421975,19.5808817578822,-115.823727795524,26.9894611828103,-112.658653349393,1,320,-4.62501856971426,6.15116819189532,0.503629375319771,2.10161879876958,5.30242624981192e-19,2.85450103224699e-19,0,-9.30200994762832e-19,0.0011552997462812,-0.00147626282178963,1,3.24402575624762e-20,3.83154119338084e-20,1,0.00391322324877467,-0.00626045912008749,-0.00626045912008749,0.00480708725796237,-0.000209210142586535,0.012488685847635,0.012488685847635,-0.0128986124998242,1,0,0,1,0.00391363371902956,-0.00626241551356251,-0.00626241551356252,0.00480735806196582,-0.000210713526467662,0.0124925885619623,0.0124925885619623,-0.012898133164587,-0.891680410540951,-31.7928904623442,8.34143222976068,7.56398655589507,8.34143222976068,7.56398655589507,47.4667071706211,-20.9456689892779,8.67361737988404e-19,-4.22027802589946e-19,2.1739448518376e-19,0,0,0,0.00391322324877467,0.00480708725796237,-0.00626045912008749,-0.000209210142586534,-0.0128986124998242,0.012488685847635,4.82774076992415e-13,2.81141066775517e-08,3.79757685704401e-13,3.83154119338084e-20,1.73472347597681e-18,2.03392296018763e-14
NC_k0033,0.00789473684210525,0.00789473684210525,0.567819901483683,-19.3529198066799,109.972307935917,-16.9492903820657,105.72197273343,24.9704868985123,-113.559261389119,21.5491394986352,-115.046799580846,1,320,2.14090179401491,-2.84440314899396,-0.232155447143083,-0.971065546393608,1.40035722004817e-18,9.92669674622837e-19,0,-8.78902561894743e-19,0.00115449180684035,-0.0014743453788412,1,1.176528375432e-19,-5.65250625979677e-20,1,0.00391322324877468,-0.00626045912008749,-0.00626045912008749,0.00480708725796237,-0.000209210142586535,0.012488685847635,0.012488685847635,-0.0128986124998242,1,0,0,1,0.00391363371902956,-0.00626241551356251,-0.00626241551356252,0.00480735806196582,-0.000210713526467662,0.0124925885619623,0.0124925885619623,-0.012898133164587,-0.872831264965978,-31.8258708533133,8.37167480289317,7.52644835679368,8.37167480289317,7.52644835679368,47.4921318252798,-20.9854136143732,1.30104260698261e-18,-7.60547366749754e-19,6.05290446628646e-19,0,0,0,0.00391322324877467,0.00480708725796237,-0.00626045912008749,-0.000209210142586534,-0.0128986124998242,0.012488685847635,1.11303208834544e-12,4.79697150386605e-08,7.62704809853213e-13,1.176528375432e-19,3.46944695195361e-18,3.05017121430538e-14
NC_k0033,0.0328947368421052,0.0328947368421052,0.567351178754246,-23.2834422220238,116.302991447208,-13.1863969418372,98.8130701650405,30.4567872998593,-111.173519022246,16.2436694237829,-116.869679847814,1,320,8.8012997892269,-11.7431114541407,-0.970797849421544,-4.02445752486476,7.13254681147324e-19,-1.27261406369038e-18,0,-1.13084192414369e-18,0.00115814066518688,-0.00148286036711427,1,1.73003731704972e-20,5.78066194814806e-20,1,0.00391322324877467,-0.00626045912008749,-0.00626045912008749,0.00480708725796237,-0.000209210142586538,0.012488685847635,0.012488685847635,-0.0128986124998242,1,0,0,1,0.00391363371902956,-0.00626241551356251,-0.00626241551356252,0.00480735806196582,-0.000210713526467662,0.0124925885619623,0.0124925885619623,-0.012898133164587,-0.951642262503536,-31.6898275043786,8.23992925608046,7.69097095521594,8.23992925608046,7.69097095521594,47.3881720052994,-20.8166412640246,1.51788304147971e-18,-3.54200109574765e-19,1.13647146266737e-18,0,0,0,0.00391322324877467,0.00480708725796237,-0.00626045912008749,-0.000209210142586534,-0.0128986124998242,0.012488685847635,2.09733064992755e-13,4.4913102890299e-08,3.43860862274994e-13,5.78066194814806e-20,3.79470760369927e-18,1.64375676936611e-14
NC_k0033,0.0578947368421052,0.0578947368421052,0.567498625892135,-27.2526800306317,121.864268108379,-9.20489551239572,91.8620388097607,35.7747959654215,-109.32371009214,10.9413603374139,-117.359980163913,1,320,14.9921694746481,-20.1534573790389,-1.70322500844898,-6.98234962677858,-2.7765740010996e-18,-1.53524721689842e-20,0,4.62691747437662e-19,0.00116636019140729,-0.00150162848163994,1,7.12380209478848e-20,6.2512604288449e-20,1,0.00391322324877468,-0.00626045912008749,-0.00626045912008749,0.00480708725796237,-0.000209210142586539,0.012488685847635,0.012488685847635,-0.0128986124998242,1,0,0,1,0.00391363371902956,-0.00626241551356251,-0.00626241551356252,0.00480735806196582,-0.000210713526467662,0.0124925885619623,0.0124925885619623,-0.012898133164587,-1.08656255191394,-31.483117610378,7.96946203867448,8.04258493804912,7.96946203867448,8.04258493804912,47.2478153660375,-20.5095213419221,1.30104260698261e-18,-7.41120112273972e-19,1.22263324564815e-18,0,0,0,0.00391322324877467,0.00480708725796237,-0.00626045912008749,-0.000209210142586534,-0.0128986124998242,0.012488685847635,1.8756520447828e-13,3.03974790120708e-08,4.12338340976688e-13,7.12380209478848e-20,5.20417042793042e-18,8.60791742124709e-15
NC_k0034,-0.0671052631578948,-0.0671052631578948,0.492390330226908,57.6714850450386,148.823763128981,27.110680758124,231.470987682689,-44.5075243732942,-164.895691001792,-41.5633612322896,-226.479680505973,1,320,-8.50776455542109,-29.7398609914011,-12.6217164304513,9.08189271931631,3.06692101355061e-19,1.63646765409531e-18,0,-8.73105680161972e-20,0.000123129193183085,-0.00124723883899094,1,1.5884484518008e-20,6.19100962049926e-20,1,0.00359295174533235,0.000616426183014777,0.000616426183014777,0.00199159317497654,0.00546833848355632,-0.00844327965108073,-0.00844327965108073,-0.0167795284827941,1,0,3.3881317890172e-21,1,0.00359304478547999,0.000616618816196969,0.000616618816196969,0.0019919364274008,0.00546615852559023,-0.00844591817597169,-0.00844591817597169,-0.0167782322115467,6.62961736560986,-10.7812134979785,21.3206366115187,-6.27028696359558,21.3206366115187,-6.27028696359558,-28.7384096790916,-33.062620216808,2.27682456221956e-18,-7.4728808136131e-20,9.86308791666274e-20,0,0,0,0.00359295174533235,0.00199159317497654,0.000616426183014777,0.00546833848355632,-0.0167795284827941,-0.00844327965108072,1.21609933754049e-13,3.78670970014105e-08,2.22719346600615e-13,6.19100962049926e-20,3.46944695195361e-18,6.53880991109075e-15
NC_k0034,-0.0421052631578947,-0.0421052631578947,0.504545567426463,51.0841014254837,168.81879211709,30.9557983564798,221.431265586255,-42.1245439848342,-181.379798123065,-41.2386147839841,-220.068517654079,1,320,-5.83657679895947,-18.9815379234745,-8.18997785840323,5.9124848668492,-1.85288457211878e-19,-1.61666825895324e-18,0,-5.8715265112484e-19,0.000117872457429365,-0.00123396510459901,1,1.76557361601851e-20,1.68415822217242e-19,1,0.00359295174533235,0.000616426183014777,0.000616426183014777,0.00199159317497654,0.00546833848355632,-0.00844327965108073,-0.00844327965108073,-0.0167795284827941,1,0,3.3881317890172e-21,1,0.00359304478547999,0.000616618816196969,0.000616618816196969,0.0019919364274008,0.00546615852559023,-0.00844591817597169,-0.00844591817597169,-0.0167782322115467,6.77658589638985,-10.8218394531574,21.0948496958106,-5.97317414505104,21.0948496958106,-5.97317414505104,-29.7248456593388,-34.181210954191,1.84314369322536e-18,-3.66730384614275e-20,-7.01583152138241e-19,0,0,0,0.00359295174533235,0.00199159317497654,0.000616426183014777,0.00546833848355632,-0.0167795284827941,-0.00844327965108072,1.96150804555114e-13,4.24508813747697e-08,4.69734758255827e-13,1.68415822217242e-19,6.93889390390723e-18,8.80176615395175e-16
NC_k0034,-0.0171052631578947,-0.0171052631578947,0.511671877052833,44.4460601385042,187.333501999213,36.0721009871975,208.830154089375,-40.9866737505438,-195.87634274682,-40.8650706573443,-211.544168671672,1,320,-2.47854818704145,-7.76618398275634,-3.38076161603328,2.446032782441,2.66683029487096e-19,1.35572917163971e-18,0,4.01553174002642e-19,0.000114560155107614,-0.00122652402338363,1,3.35870828381983e-20,2.91047270495529e-20,1,0.00359295174533235,0.000616426183014777,0.000616426183014777,0.00199159317497654,0.00546833848355632,-0.00844327965108073,-0.00844327965108073,-0.0167795284827941,1,0,3.3881317890172e-21,1,0.00359304478547999,0.000616618816196969,0.000616618816196969,0.0019919364274008,0.00546615852559023,-0.00844591817597169,-0.00844591817597169,-0.0167782322115467,6.84224984005798,-10.8955404690581,20.990698842843,-5.7928164743253,20.990698842843,-5.7928164743253,-30.3050786347283,-34.8344129570864,1.40946282423116e-18,-2.66763915043212e-19,3.13975540341181e-19,0,0,0,0.00359295174533235,0.00199159317497654,0.000616426183014777,0.00546833848355632,-0.0167795284827941,-0.00844327965108072,1.93562498478041e-13,1.86903662296911e-08,8.54095390331335e-14,3.35870828381983e-20,3.46944695195361e-18,1.08489744542919e-15
NC_k0034,0.00789473684210525,0.00789473684210525,0.512804301908355,38.2003805789087,203.518493249217,42.0793606980775,193.589498399523,-40.7880967897618,-207.800310724629,-40.8268978385713,-200.573825752508,1,320,1.15142664363441,3.58794375560027,1.56399223174744,-1.13199715434186,4.3068978389921e-19,-2.27491873808824e-18,0,-9.17045514300789e-20,0.000114014252885485,-0.00122534554088669,1,2.28158334802884e-20,-1.85619053963688e-20,1,0.00359295174533235,0.000616426183014777,0.000616426183014777,0.00199159317497654,0.00546833848355632,-0.00844327965108073,-0.00844327965108073,-0.0167795284827941,1,0,3.3881317890172e-21,1,0.00359304478547999,0.000616618816196969,0.000616618816196969,0.0019919364274008,0.00546615852559023,-0.00844591817597169,-0.00844591817597169,-0.0167782322115467,6.85144090850028,-10.910409743243,20.9753591986334,-5.76342577139779,20.9753591986334,-5.76342577139779,-30.3973385150848,-34.9384062840853,1.40946282423116e-18,-3.51393806083163e-19,2.4832373466453e-20,0,0,0,0.00359295174533235,0.00199159317497654,0.000616426183014777,0.00546833848355632,-0.0167795284827941,-0.00844327965108072,2.95197705883547e-13,2.0730114956798e-08,2.2543110681239e-13,2.28158334802884e-20,2.60208521396521e-18,8.66001334617172e-15
NC_k0034,0.0328947368421052,0.0328947368421052,0.507837611623268,32.7140354311605,217.096956512492,48.6196496675971,175.879109378688,-41.0893381392672,-217.196442344598,-41.5729736736065,-187.005292123584,1,320,4.65707270015547,14.8811875791101,6.44762589215766,-4.65904250646277,-3.01437850104124e-19,-7.47930092425547e-19,0,2.83339138301464e-19,0.000116365427114335,-0.00123051655471159,1,1.20694380639017e-20,-2.2244506066309e-19,1,0.00359295174533235,0.000616426183014777,0.000616426183014777,0.00199159317497654,0.00546833848355632,-0.00844327965108073,-0.00844327965108073,-0.0167795284827941,1,0,3.3881317890172e-21,1,0.00359304478547999,0.000616618816196969,0.000616618816196969,0.0019919364274008,0.00546615852559023,-0.00844591817597169,-0.00844591817597169,-0.0167782322115467,6.80872214156178,-10.8513975974851,21.045036937913,-5.89087324210271,21.045036937913,-5.89087324210271,-29.9927325743436,-34.4827140099001,1.40946282423116e-18,-1.19326935229916e-19,4.66247748452931e-19,0,0,0,0.00359295174533235,0.00199159317497654,0.000616426183014777,0.00546833848355632,-0.0167795284827941,-0.00844327965108072,1.52076479203366e-13,4.12794540552237e-08,6.86651579382127e-13,2.2244506066309e-19,1.73472347597681e-18,2.44851850103338e-14
NC_k0034,0.0578947368421052,0.0578947368421052,0.497312795770528,28.3542151132182,228.053592259637,55.2832117057909,156.257542592361,-41.4661232528604,-224.331613527193,-43.4773148786127,-171.112679344937,1,320,7.62830404132855,25.8621434274166,11.0518476646859,-7.9629839531464,-1.37069783200447e-18,2.2369081345802e-18,0,2.1089796897652e-19,0.000121051756670579,-0.00124176798371228,1,9.80643951532169e-21,-8.63114418822648e-21,1,0.00359295174533235,0.000616426183014777,0.000616426183014777,0.00199159317497654,0.00546833848355632,-0.00844327965108073,-0.00844327965108073,-0.0167795284827941,1,0,3.3881317890172e-21,1,0.00359304478547999,0.000616618816196969,0.000616618816196969,0.0019919364274008,0.00546615852559023,-0.00844591817597169,-0.00844591817597169,-0.0167782322115467,6.69473193843807,-10.7842612987314,21.2192584110549,-6.15006709849674,21.2192584110549,-6.15006709849674,-29.1373141428554,-33.5177743763533,1.0842021724855e-18,-2.80131486075376e-19,9.94306186851224e-19,0,0,0,0.00359295174533235,0.00199159317497654,0.000616426183014777,0.00546833848355632,-0.0167795284827941,-0.00844327965108072,7.95035820358986e-14,3.52107384910419e-08,8.42101655162307e-13,9.80643951532169e-21,6.93889390390723e-18,1.9868752630534e-14
NC_k0035,-0.0671052631578948,-0.0671052631578948,0.555558535770066,-72.7513748304521,-90.1118500790059,-49.2981091407935,-139.743212242231,56.6444090731622,85.1915451549762,69.5310892770388,142.275784598578,1,320,0.569762099540942,36.5736686224963,12.2573321382724,-4.03087294935272,1.2503364354331e-18,-8.19769074264553e-20,0,9.6745059210732e-19,0.000169567802633179,-0.000751776381957629,1,-6.97119773107329e-20,-1.61557817016547e-19,1,-0.00351465423052479,-0.00255730804241255,-0.00255730804241255,-0.000555357364942644,-0.0142628356337485,0.0131526284975548,0.0131526284975548,0.00209256844649203,1,0,0,1,-0.00351458202028512,-0.0025581072011758,-0.0025581072011758,-0.000555747544838215,-0.0142620332688667,0.0131567386939603,0.0131567386939603,0.00209081527948626,-9.16795261039707,-1.88847351208209,-17.725828532554,10.379677341829,-17.725828532554,10.379677341829,46.3985103357045,16.6764142450019,1.73472347597681e-18,1.15915447585226e-19,4.12821501910733e-19,0,0,0,-0.00351465423052479,-0.000555357364942644,-0.00255730804241255,-0.0142628356337485,0.00209256844649203,0.0131526284975548,8.54819370081297e-15,7.7074556171743e-08,1.52655533540998e-13,1.61557817016547e-19,3.46944695195361e-18,4.79613773804597e-15
NC_k0035,-0.0421052631578947,-0.0421052631578947,0.553662434408987,-67.4775024444046,-102.598861094101,-51.5257972683559,-133.866449649655,56.8898398482294,98.6365141746037,66.2152425505573,135.529815091907,1,320,0.582630629216959,23.5708506502783,7.97064882223345,-2.65943791703158,2.49504142525595e-19,2.27820099075885e-18,0,4.52368533393e-19,0.000168476514325442,-0.00075001755594094,1,-5.92368082518961e-20,-2.96584583627982e-19,1,-0.00351465423052479,-0.00255730804241255,-0.00255730804241255,-0.000555357364942644,-0.0142628356337485,0.0131526284975548,0.0131526284975548,0.00209256844649203,1,0,0,1,-0.00351458202028512,-0.0025581072011758,-0.0025581072011758,-0.000555747544838215,-0.0142620332688667,0.0131567386939603,0.0131567386939603,0.00209081527948626,-9.27716091231578,-1.93963747739709,-17.2702267004214,9.86912520006723,-17.2702267004214,9.86912520006723,47.064913457959,17.1652623460651,2.60208521396521e-18,3.56939001719648e-20,5.52389108293583e-19,0,0,0,-0.00351465423052479,-0.000555357364942644,-0.00255730804241255,-0.0142628356337485,0.00209256844649203,0.0131526284975548,1.17942220028812e-13,5.78667191071893e-08,8.04201084899226e-13,2.96584583627982e-19,6.93889390390723e-18,2.20575796945896e-14
NC_k0035,-0.0171052631578947,-0.0171052631578947,0.553008209931285,-61.9760763340857,-113.899445987972,-55.2174086855299,-126.587077914177,58.5971294273973,111.52381374992,62.6786741041971,126.71506823245,1,320,0.286671729637496,9.68963781374283,3.29218214931552,-1.1076296847723,1.57468718850495e-18,-1.65838463160551e-18,0,-3.82680221146632e-19,0.000168210617368372,-0.000749250239693945,1,-6.66486932873666e-21,3.44089579465677e-20,1,-0.00351465423052479,-0.00255730804241255,-0.00255730804241255,-0.000555357364942643,-0.0142628356337485,0.0131526284975548,0.0131526284975548,0.00209256844649203,1,0,0,1,-0.00351458202028512,-0.0025581072011758,-0.0025581072011758,-0.000555747544838215,-0.0142620332688667,0.0131567386939603,0.0131567386939603,0.00209081527948626,-9.31178357779222,-1.9595866292399,-17.026102521344,9.56981501700705,-17.026102521344,9.56981501700705,47.5079741712511,17.436775115435,1.73472347597681e-18,4.80379994932346e-20,-2.9454833873747e-20,0,0,0,-0.00351465423052479,-0.000555357364942644,-0.00255730804241255,-0.0142628356337485,0.00209256844649203,0.0131526284975548,1.38044034852497e-13,2.4105846263021e-08,1.59280928288343e-13,3.44089579465677e-20,3.46944695195361e-18,1.80684609056129e-15
NC_k0035,0.00789473684210525,0.00789473684210525,0.55291812763578,-56.8802356417473,-123.494116354565,-60.0198564992275,-117.640503937996,61.442069540033,122.960032931343,59.5372136788294,115.935238783556,1,320,-0.135798473004263,-4.47956609010519,-1.52307030582614,0.513136488483867,7.55129872477209e-19,-1.16805843426368e-18,0,-3.14408042108956e-19,0.000168201514226637,-0.000749155181310775,1,2.4019554532039e-20,-3.52181058753581e-20,1,-0.00351465423052479,-0.00255730804241255,-0.00255730804241255,-0.000555357364942644,-0.0142628356337485,0.0131526284975548,0.0131526284975548,0.00209256844649203,1,0,0,1,-0.00351458202028512,-0.0025581072011758,-0.0025581072011758,-0.000555747544838215,-0.0142620332688667,0.0131567386939603,0.0131567386939603,0.00209081527948626,-9.31529745062043,-1.9620205235076,-16.9880817354724,9.52165146407292,-16.9880817354724,9.52165146407292,47.5808896148655,17.4790519071491,1.73472347597681e-18,7.18367960313058e-20,5.98207897160788e-19,0,0,0,-0.00351465423052479,-0.000555357364942644,-0.00255730804241255,-0.0142628356337485,0.00209256844649203,0.0131526284975548,5.44929422882119e-13,3.73096678365573e-08,3.28944553315437e-13,3.52181058753581e-20,3.46944695195361e-18,1.78706112628536e-14
NC_k0035,0.0328947368421052,0.0328947368421052,0.553340380513183,-52.7324826782961,-131.365173529478,-65.4439392221577,-106.945996290855,64.9066097227902,132.523756698678,57.3630149101682,103.512148628774,1,320,-0.500282383308662,-18.5208726438477,-6.27698115896164,2.10234289399833,1.09108431518195e-19,2.77318586931058e-18,0,1.67176510519417e-19,0.00016832351650799,-0.000749641110578826,1,-5.436163456602e-21,4.11413948084514e-20,1,-0.00351465423052479,-0.00255730804241255,-0.00255730804241255,-0.000555357364942643,-0.0142628356337485,0.0131526284975548,0.0131526284975548,0.00209256844649203,1,0,0,1,-0.00351458202028512,-0.0025581072011758,-0.0025581072011758,-0.000555747544838215,-0.0142620332688667,0.0131567386939603,0.0131567386939603,0.00209081527948626,-9.29594352215026,-1.95002240720365,-17.1563843883785,9.731708952416,-17.1563843883785,9.731708952416,47.2659549095608,17.2919065216474,1.73472347597681e-18,1.35742896867818e-19,3.95913404102954e-19,0,0,0,-0.00351465423052479,-0.000555357364942644,-0.00255730804241255,-0.0142628356337485,0.00209256844649203,0.0131526284975548,1.61682097793253e-13,4.94642400753266e-08,4.04180144912994e-13,4.11413948084514e-20,3.46944695195361e-18,1.36435308777744e-14
NC_k0035,0.0578947368421052,0.0578947368421052,0.554604351418611,-49.9305112202751,-137.718442850939,-70.8723890776018,-94.7785122078407,68.3689683658684,140.023859283579,56.5517597681689,90.1205839125276,1,320,-0.61864183470326,-31.9399213075132,-10.7443258369314,3.5544706760845,7.29136548908342e-19,-4.81114714040443e-19,0,9.12479477319496e-19,0.000168999715437813,-0.000750950297977839,1,-7.1925199513274e-21,-2.99879689337681e-20,1,-0.00351465423052479,-0.00255730804241255,-0.00255730804241255,-0.000555357364942644,-0.0142628356337485,0.0131526284975548,0.0131526284975548,0.00209256844649202,1,0,0,1,-0.00351458202028512,-0.0025581072011758,-0.0025581072011758,-0.000555747544838215,-0.0142620332688667,0.0131567386939603,0.0131567386939603,0.00209081527948626,-9.21953849240986,-1.91106902851785,-17.5323049644378,10.1702898543906,-17.5323049644378,10.1702898543906,46.6510542135691,16.8788889845506,1.73472347597681e-18,7.97725517258846e-20,5.57393085348097e-19,0,0,0,-0.00351465423052479,-0.000555357364942644,-0.00255730804241255,-0.0142628356337485,0.00209256844649203,0.0131526284975548,1.74076725292836e-13,3.53370867532656e-08,9.18905671665074e-13,2.99879689337681e-20,3.46944695195361e-18,4.00365782123901e-16
NC_k0036,-0.0671052631578948,-0.0671052631578948,0.294589210041818,-9.09357862712956,9.89673893930122,-72.4932341134774,20.3280680595511,25.3173550101398,5.76009068704696,57.0704289817099,-36.7231475743212,1,320,-33.3621663189494,-15.5658506834232,-16.146245610783,4.79015164007803,6.70903033784609e-19,-9.31339195285705e-20,0,9.37887157014675e-19,0.000519609196409809,0.000648546464820709,1,-1.9413103152594e-19,1.24037360691815e-19,1,0.000844162125238236,-0.0113505931958439,-0.0113505931958439,0.00945185736383171,0.0125214744945685,-0.00300099643370445,-0.00300099643370445,0.0039141427757966,1,-2.16840434497101e-19,0,1,0.00084523678969004,-0.0113541402562176,-0.0113541402562176,0.00945158707590248,0.0125214440630776,-0.00300193424508998,-0.00300193424508998,0.00391545723988675,-5.71587245922005,-44.7678772891562,2.31613615338647,6.89411878365634,2.31613615338647,6.89411878365634,-14.7190977995734,-1.40396847303392,8.67361737988404e-19,-8.31264363546593e-19,-1.27922143154145e-19,0,0,0,0.000844162125238233,0.00945185736383171,-0.0113505931958439,0.0125214744945685,0.0039141427757966,-0.00300099643370445,1.38409465376899e-13,5.69310733350434e-08,3.39574493125408e-13,1.9413103152594e-19,3.57786716920216e-18,7.53743169661616e-16
NC_k0036,-0.0421052631578947,-0.0421052631578947,0.297838877894653,-23.8266693727753,14.7185315270124,-65.3612498752462,20.3208753599701,35.3597919316407,-3.82267485802019,54.5803181156774,-31.9757169337847,1,320,-21.5808578639862,-10.2560918717065,-10.5061934127786,3.16699785948635,-1.82747358370115e-19,-6.38709164344045e-19,0,5.69020852097678e-19,0.000517525254249109,0.000648603740478022,1,-5.94895566288354e-20,1.57906004993454e-19,1,0.00084416212523823,-0.0113505931958439,-0.0113505931958439,0.00945185736383171,0.0125214744945685,-0.00300099643370445,-0.00300099643370445,0.0039141427757966,1,-2.16840434497101e-19,0,1,0.00084523678969004,-0.0113541402562176,-0.0113541402562176,0.00945158707590248,0.0125214440630776,-0.00300193424508998,-0.00300193424508998,0.00391545723988675,-6.09217741102736,-45.3680780200296,2.46194362611483,6.80926406393361,2.46194362611483,6.80926406393361,-14.8476938819413,-1.40522202623881,1.30104260698261e-18,1.27469361035233e-19,1.51908428545027e-19,0,0,0,0.000844162125238233,0.00945185736383171,-0.0113505931958439,0.0125214744945685,0.0039141427757966,-0.00300099643370445,7.3607226999282e-14,5.10215538452125e-08,7.89669587350165e-13,1.57906004993454e-19,5.20417042793042e-18,2.90752491860355e-14
NC_k0036,-0.0171052631578947,-0.0171052631578947,0.300117484215298,-38.2503504924865,17.9845539555611,-55.4891711441473,20.0198923095843,43.4300037981295,-13.5041033821821,51.0360666930525,-25.267437898401,1,320,-8.88816150922393,-4.26560749054514,-4.34074376992381,1.32025132341369,1.34492950156222e-18,-8.75090913632099e-20,0,5.69629657028517e-19,0.000516395173791296,0.000648486644633216,1,3.19794452903348e-20,7.09791970815284e-20,1,0.000844162125238233,-0.0113505931958439,-0.0113505931958439,0.00945185736383171,0.0125214744945685,-0.00300099643370445,-0.00300099643370445,0.0039141427757966,1,-2.16840434497101e-19,0,1,0.00084523678969004,-0.0113541402562176,-0.0113541402562176,0.00945158707590248,0.0125214440630776,-0.00300193424508998,-0.00300193424508998,0.00391545723988675,-6.3070945838052,-45.7754831750455,2.56006395113373,6.77598059545731,2.56006395113373,6.77598059545731,-14.9531818972118,-1.43137975222122,1.0842021724855e-18,-5.22684945915992e-19,-2.81806321767065e-19,0,0,0,0.000844162125238233,0.00945185736383171,-0.0113505931958439,0.0125214744945685,0.0039141427757966,-0.00300099643370445,7.61952901416705e-14,4.17679124422941e-08,8.19836476195502e-13,7.09791970815284e-20,1.73472347597681e-18,3.73628766682247e-14
NC_k0036,0.00789473684210525,0.00789473684210525,0.300498567139962,-51.2269141077939,19.7045679478567,-43.2454872813466,18.7829225363538,49.3449672413317,-22.3539149753402,45.8500137179624,-16.90174127384,1,320,4.11022685947431,1.9755095968901,2.00829303060026,-0.611797598587568,1.58861029257544e-18,4.56550758570068e-19,0,-1.19378706003653e-19,0.000516223654919624,0.000648451395372903,1,1.5096697964342e-19,9.37942109594757e-20,1,0.000844162125238239,-0.0113505931958439,-0.0113505931958439,0.00945185736383172,0.0125214744945685,-0.00300099643370445,-0.00300099643370445,0.0039141427757966,1,-2.16840434497101e-19,0,1,0.00084523678969004,-0.0113541402562176,-0.0113541402562176,0.00945158707590248,0.0125214440630776,-0.00300193424508998,-0.00300193424508998,0.00391545723988675,-6.34115263366139,-45.8431148131237,2.57653205466596,6.77154686871273,2.57653205466596,6.77154686871273,-14.9716188385524,-1.43719552080036,1.73472347597681e-18,-1.41658144939165e-18,-8.14273866649315e-19,0,0,0,0.000844162125238233,0.00945185736383171,-0.0113505931958439,0.0125214744945685,0.0039141427757966,-0.00300099643370445,4.16837374232105e-13,4.59786385175805e-08,8.02930008645894e-13,1.5096697964342e-19,8.67361737988404e-18,1.03448894899474e-14
NC_k0036,0.0328947368421052,0.0328947368421052,0.298864522425385,-62.0294056691731,20.2791219418323,-29.2487378859443,16.1125275483809,53.4298406305652,-29.7216961454312,38.5884858106428,-7.43291502150473,1,320,16.9723503463202,8.10323148879073,8.27494200558654,-2.50469510016306,1.52751804125472e-18,-7.13803929074059e-19,0,-4.19281308890879e-20,0.000516997353731899,0.000648563096358611,1,1.31020058601059e-19,1.57623492128625e-19,1,0.000844162125238234,-0.0113505931958439,-0.0113505931958439,0.00945185736383171,0.0125214744945685,-0.00300099643370445,-0.00300099643370445,0.0039141427757966,1,-2.16840434497101e-19,0,1,0.00084523678969004,-0.0113541402562176,-0.0113541402562176,0.00945158707590248,0.0125214440630776,-0.00300193424508998,-0.00300193424508998,0.00391545723988675,-6.19168656057687,-45.5521765512787,2.50601290694153,6.79272894143594,2.50601290694153,6.79272894143594,-14.8940176769969,-1.41499879310452,1.0842021724855e-18,-7.00479461999572e-19,-6.21866647722856e-19,0,0,0,0.000844162125238233,0.00945185736383171,-0.0113505931958439,0.0125214744945685,0.0039141427757966,-0.00300099643370445,1.38807720214506e-13,4.50670388590755e-08,1.71013315053543e-12,1.57623492128625e-19,1.73472347597681e-18,8.54404844012682e-15
NC_k0036,0.0578947368421052,0.0578947368421052,0.295784985252465,-70.193585825959,20.3190576993639,-14.4624454781096,11.8320543383669,56.2374355513249,-35.2091619948337,29.1989860184631,2.30959387739034,1,320,29.1808199339784,13.7196941172019,14.1571696368895,-4.22793636817341,1.09076667782673e-18,-1.48627812463528e-20,0,2.19725640473686e-19,0.000518714831174463,0.000648610420556246,1,4.09597501129419e-20,5.33682073879488e-20,1,0.000844162125238236,-0.0113505931958439,-0.0113505931958439,0.00945185736383171,0.0125214744945685,-0.00300099643370445,-0.00300099643370445,0.0039141427757966,1,-2.16840434497101e-19,0,1,0.00084523678969004,-0.0113541402562176,-0.0113541402562176,0.00945158707590248,0.0125214440630776,-0.00300193424508998,-0.00300193424508998,0.00391545723988675,-5.8707549759182,-44.9932639157366,2.37227057657441,6.85453031486265,2.37227057657441,6.85453031486265,-14.7622362945614,-1.39777952917462,8.67361737988404e-19,-9.9524149807033e-19,-7.5558487418868e-19,0,0,0,0.000844162125238233,0.00945185736383171,-0.0113505931958439,0.0125214744945685,0.0039141427757966,-0.00300099643370445,1.04094751355409e-13,4.79928440235433e-08,1.03922989525247e-12,5.33682073879488e-20,5.20417042793042e-18,5.85542879039973e-14
NC_k0037,-0.0671052631578948,-0.0671052631578948,0.418966909045215,77.1411856966688,-1.3585905390351,101.614393729137,-10.3034275646206,-68.8456561265987,13.9824372993683,-111.016434605805,11.3157087379768,1,320,21.5215091078073,-14.2148754683207,2.41118910103053,-5.01299968785712,-1.92146777106678e-18,1.18360942977968e-18,0,-1.04185714256769e-18,-4.56299930117241e-05,0.00196449196548179,1,1.6541727143828e-19,2.49160462110271e-19,1,0.00526516256280188,0.00755071311183131,0.00755071311183131,-0.00336613753595378,0.011274254889374,-0.00828254755886328,-0.00828254755886328,0.0104031002784616,1,0,0,1,0.00526456242314678,0.00755307270967875,0.00755307270967875,-0.00336538903496845,0.0112750336021062,-0.00828513585497543,-0.00828513585497543,0.0104040151091018,14.07205877836,29.3020823471021,6.07459517120997,-13.1069256209382,6.07459517120997,-13.1069256209382,-26.4320587445239,5.44388367293314,1.51788304147971e-18,4.42073457419207e-19,-4.29113705403341e-19,0,0,0,0.00526516256280188,-0.00336613753595378,0.0075507131118313,0.011274254889374,0.0104031002784616,-0.00828254755886328,5.23707891000351e-14,1.12038448485191e-07,8.30757905071328e-13,2.49160462110271e-19,3.46944695195361e-18,7.15474683506429e-15
NC_k0037,-0.0421052631578947,-0.0421052631578947,0.416014115727927,83.1014737825667,-4.00765000497396,98.2176753803381,-9.66423776189156,-77.5585083394508,14.823055202252,-104.761217287261,12.4938013985207,1,320,13.8690510381008,-9.2006162857552,1.54058346827406,-3.24382953228328,-1.28357255244549e-18,7.79429130151566e-19,0,-1.53091279048864e-19,-4.17374091722394e-05,0.00195267435185726,1,1.02007898700819e-19,1.62396542264688e-19,1,0.00526516256280188,0.00755071311183131,0.00755071311183131,-0.00336613753595378,0.011274254889374,-0.00828254755886328,-0.00828254755886328,0.0104031002784616,1,0,0,1,0.00526456242314678,0.00755307270967875,0.00755307270967875,-0.00336538903496845,0.0112750336021062,-0.00828513585497543,-0.00828513585497543,0.0104040151091018,14.4524337815107,29.784558980379,5.57952046460617,-12.6603757815746,5.57952046460617,-12.6603757815746,-26.3544935627402,5.79113481222455,1.0842021724855e-18,-1.1456055156232e-19,3.20976083497966e-19,0,0,0,0.00526516256280188,-0.00336613753595378,0.0075507131118313,0.011274254889374,0.0104031002784616,-0.00828254755886328,3.14053712704907e-13,7.54065478166079e-08,4.30994557384249e-13,1.62396542264688e-19,3.46944695195361e-18,2.76211981046945e-14
NC_k0037,-0.0171052631578947,-0.0171052631578947,0.414803338280717,88.3700273904039,-6.23546557968211,94.4182016506602,-8.54377655223023,-86.2689846921011,14.7620755343165,-97.4637346715631,13.6553898157607,1,320,5.70273522280701,-3.78789666033774,0.631896725614857,-1.33821354646851,-3.37119113007212e-19,3.37754387717652e-19,0,2.10381808274287e-19,-3.9657648213385e-05,0.00194646909021834,1,-5.91691338670666e-21,3.55397461607667e-20,1,0.00526516256280188,0.0075507131118313,0.0075507131118313,-0.00336613753595378,0.011274254889374,-0.00828254755886329,-0.00828254755886329,0.0104031002784616,1,0,0,1,0.00526456242314678,0.00755307270967875,0.00755307270967875,-0.00336538903496845,0.0112750336021062,-0.00828513585497543,-0.00828513585497543,0.0104040151091018,14.6526672897464,30.1098583840517,5.2903875632864,-12.4134956544388,5.2903875632864,-12.4134956544388,-26.3554077022703,6.01982945824991,1.73472347597681e-18,-8.98723529197801e-20,-8.88530589703899e-19,0,0,0,0.00526516256280188,-0.00336613753595378,0.0075507131118313,0.011274254889374,0.0104031002784616,-0.00828254755886328,4.08288239989127e-13,4.04351647737118e-08,6.45158064867686e-13,3.55397461607667e-20,5.20417042793042e-18,5.35300911138673e-16
NC_k0037,0.00789473684210525,0.00789473684210525,0.414632338238793,92.9004542493281,-8.00895896597349,90.1166143692034,-6.94275256498025,-94.5644745492458,14.0331983335175,-89.388049314581,14.5553972619812,1,320,-2.63661355930363,1.7514101167646,-0.292117136037872,0.619074402327916,-1.24376200392453e-18,-1.6660079281308e-19,0,7.57498917751561e-20,-3.9351274329959e-05,0.00194553038677365,1,-6.41510015888515e-20,7.38307017473659e-20,1,0.00526516256280188,0.0075507131118313,0.0075507131118313,-0.00336613753595378,0.011274254889374,-0.00828254755886329,-0.00828254755886329,0.0104031002784616,1,0,0,1,0.00526456242314678,0.00755307270967875,0.00755307270967875,-0.00336538903496845,0.0112750336021062,-0.00828513585497543,-0.00828513585497543,0.0104040151091018,14.6830485402356,30.1639775394779,5.24401033504538,-12.3746159915693,5.24401033504538,-12.3746159915693,-26.3575952235983,6.05801325832533,1.62630325872826e-18,2.48647211240027e-19,-5.99387422829171e-19,0,0,0,0.00526516256280188,-0.00336613753595378,0.0075507131118313,0.011274254889374,0.0104031002784616,-0.00828254755886328,7.0589710498689e-13,7.65162850835181e-08,8.49435893553458e-13,7.38307017473659e-20,3.46944695195361e-18,9.6393901778803e-15
NC_k0037,0.0328947368421052,0.0328947368421052,0.415425644632918,96.8694944366275,-9.30804565050805,85.1355462234397,-4.87896479196757,-102.180986924948,12.9341025085094,-80.7985988452856,14.8952523363225,1,320,-10.898618876283,7.23487208625975,-1.20903644070767,2.55262956175085,8.57620859094979e-19,1.38225189080061e-19,0,5.76101518141132e-19,-4.07611860283146e-05,0.00194976102136472,1,-1.91726401248169e-20,-1.29813404357704e-20,1,0.00526516256280188,0.00755071311183131,0.00755071311183131,-0.00336613753595378,0.011274254889374,-0.00828254755886328,-0.00828254755886328,0.0104031002784616,1,0,0,1,0.00526456242314678,0.00755307270967875,0.00755307270967875,-0.00336538903496845,0.0112750336021062,-0.00828513585497543,-0.00828513585497543,0.0104040151091018,14.5469638662339,29.9315641127101,5.44658251278524,-12.5458745063246,5.44658251278524,-12.5458745063246,-26.3519951166828,5.89421766063029,1.73472347597681e-18,1.35173154197848e-19,-7.13628902917134e-19,0,0,0,0.00526516256280188,-0.00336613753595378,0.0075507131118313,0.011274254889374,0.0104031002784616,-0.00828254755886328,2.23376656807026e-13,5.98990686558658e-08,5.77536632038662e-13,1.91726401248169e-20,3.46944695195361e-18,1.00218568500343e-14
NC_k0037,0.0578947368421052,0.0578947368421052,0.41757816417152,100.404438176578,-10.1230986723292,79.3890131733216,-2.37715117636252,-108.846624195683,11.7415644039581,-72.0078446821588,14.4047912535463,1,320,-18.7934658912907,12.4404982302419,-2.09647932814607,4.38381822954672,2.11313544516267e-18,-1.87141341783997e-19,0,1.37372862176886e-18,-4.39535282616351e-05,0.00195945643702528,1,-4.57555270731691e-21,1.25314328226655e-20,1,0.00526516256280188,0.00755071311183131,0.00755071311183131,-0.00336613753595378,0.011274254889374,-0.00828254755886329,-0.00828254755886329,0.0104031002784616,1,0,0,1,0.00526456242314678,0.00755307270967875,0.00755307270967875,-0.00336538903496845,0.0112750336021062,-0.00828513585497543,-0.00828513585497543,0.0104040151091018,14.232173668574,29.4843133739373,5.87159272635567,-12.9195653938043,5.87159272635567,-12.9195653938043,-26.3844206114097,5.57865526409656,1.40946282423116e-18,1.28242091901939e-19,-5.73685288840704e-19,0,0,0,0.00526516256280188,-0.00336613753595378,0.0075507131118313,0.011274254889374,0.0104031002784616,-0.00828254755886328,2.85497409814915e-13,3.46022047484486e-08,8.24632806935132e-14,1.25314328226655e-20,3.46944695195361e-18,1.26289155407163e-14
NC_k0038,-0.0671052631578948,-0.0671052631578948,0.0925729561967082,36.1152965900874,16.1898261994958,26.841703292187,0.475361375288277,-34.248728712097,-15.4103869052977,-32.3350320835084,4.56528380528573,1,320,-4.24581360568866,8.21855095016996,1.31100332367883,-1.47290591745207,-3.09456538962213e-20,-6.6545025918666e-20,0,3.52534037312443e-19,-0.00100952320024746,0.00127100464188864,1,-1.67897287497613e-19,-4.08913966095889e-20,1,-0.00447054075050219,-0.00322081580792181,-0.00322081580792181,-0.0124565213817698,0.0122190735985311,0.00371546962431562,0.00371546962431562,0.00716695275968236,1,0,-2.16840434497101e-19,1,-0.00447182586860356,-0.00322182231286179,-0.00322182231286179,-0.0124565586903976,0.0122194361682452,0.00371663070857322,0.00371663070857322,0.00716810472327751,3.08530754844878,-12.3753410410701,3.8403000249844,-6.26672475532073,3.8403000249844,-6.26672475532073,15.8370725785552,1.52146370989031,1.30104260698261e-18,1.82789795919282e-19,-1.62392658911627e-19,0,0,0,-0.0044705407505022,-0.0124565213817698,-0.00322081580792181,0.0122190735985311,0.00716695275968236,0.00371546962431562,1.8882522639699e-13,9.26374717819511e-08,2.1538796641334e-12,1.67897287497613e-19,2.60208521396521e-18,6.08642316445007e-14
NC_k0038,-0.0421052631578947,-0.0421052631578947,0.0951391137812364,33.2616883259512,11.1649186369581,27.2028193218399,1.39662969305317,-32.5552611301667,-9.74142558794633,-31.5110563593937,2.99878773373774,1,320,-2.53260853671944,5.10741304139264,0.849685486542165,-0.954649088353897,-3.25340061084456e-19,-5.10628518296335e-19,0,4.45436759859805e-20,-0.00100663431922357,0.00126638565010738,1,-1.3248863594172e-19,6.1939873811988e-21,1,-0.00447054075050219,-0.00322081580792181,-0.00322081580792181,-0.0124565213817698,0.0122190735985311,0.00371546962431562,0.00371546962431562,0.00716695275968236,1,0,-2.16840434497101e-19,1,-0.00447182586860356,-0.00322182231286179,-0.00322182231286179,-0.0124565586903976,0.0122194361682452,0.00371663070857322,0.00371663070857322,0.00716810472327751,2.71132544664966,-12.7251636327603,3.65289828705623,-6.08649838272724,3.65289828705623,-6.08649838272724,16.3284388730464,2.04744709410627,1.0842021724855e-18,-4.08159475699185e-19,-2.00239330899561e-19,0,0,0,-0.0044705407505022,-0.0124565213817698,-0.00322081580792181,0.0122190735985311,0.00716695275968236,0.00371546962431562,4.0527362685097e-13,6.98667496568148e-08,8.5843808641267e-13,1.3248863594172e-19,5.20417042793042e-18,5.61593238958919e-14
NC_k0038,-0.0171052631578947,-0.0171052631578947,0.0965507248614454,30.7999676134777,7.09890829211279,28.2904043146848,3.16415345202779,-31.5305963148098,-4.82705122574505,-31.1465286405626,0.378142541028219,1,320,-0.994656000920348,2.0574297005004,0.350715320861415,-0.394025993640853,-3.24727947431167e-19,-3.33333934524169e-19,0,7.53065229668276e-20,-0.00100500183896072,0.00126384363017897,1,-1.62255879043158e-19,1.13147644197819e-19,1,-0.00447054075050219,-0.00322081580792181,-0.00322081580792181,-0.0124565213817698,0.0122190735985311,0.00371546962431562,0.00371546962431562,0.00716695275968236,1,0,-2.16840434497101e-19,1,-0.00447182586860356,-0.00322182231286179,-0.00322182231286179,-0.0124565586903976,0.0122194361682452,0.00371663070857322,0.00371663070857322,0.00716810472327751,2.51269843707143,-12.922623454729,3.54482885005889,-5.98736289660478,3.54482885005889,-5.98736289660478,16.6133414478337,2.33762803687356,1.0842021724855e-18,6.32976817527245e-19,-5.38758895059368e-19,0,0,0,-0.0044705407505022,-0.0124565213817698,-0.00322081580792181,0.0122190735985311,0.00716695275968236,0.00371546962431562,7.28374358683825e-13,9.32785838616718e-08,1.95912589395971e-12,1.62255879043158e-19,1.73472347597681e-18,3.88086439898511e-15
NC_k0038,0.00789473684210525,0.00789473684210525,0.0967694531961121,28.8566534647022,4.04433228630954,30.0180103080312,5.85775231895272,-31.1423611062152,-0.842400124699788,-31.3166269715091,-3.24640654141017,1,320,0.456479113286283,-0.948160242987305,-0.162254772801338,0.182304508710272,3.26266503370516e-19,-4.74020813107188e-19,0,-1.31240475987663e-20,-0.00100474276380167,0.00126344667707946,1,-3.80124223991361e-20,1.12614010068247e-19,1,-0.0044705407505022,-0.00322081580792181,-0.00322081580792181,-0.0124565213817698,0.0122190735985311,0.00371546962431562,0.00371546962431562,0.00716695275968236,1,0,-2.16840434497101e-19,1,-0.00447182586860356,-0.00322182231286179,-0.00322182231286179,-0.0124565586903976,0.0122194361682452,0.00371663070857322,0.00371663070857322,0.00716810472327751,2.48204481077405,-12.9534629169885,3.5275802612106,-5.97177793659647,3.5275802612106,-5.97177793659647,16.658398622223,2.38299094670571,8.67361737988404e-19,1.04289277130127e-18,-6.83330478496732e-19,0,0,0,-0.0044705407505022,-0.0124565213817698,-0.00322081580792181,0.0122190735985311,0.00716695275968236,0.00371546962431562,2.55969711969279e-12,8.81109874519175e-08,5.08732903133736e-13,1.12614010068247e-19,5.20417042793042e-18,3.91511571720399e-14
NC_k0038,0.0328947368421052,0.0328947368421052,0.0957989671971501,27.5240741908212,1.94510925778656,32.3005717540436,9.54794255552787,-31.3196052581235,2.15276225398403,-32.0999096484711,-7.82892527326074,1,320,1.94856585144866,-3.97542967723705,-0.668865062510161,0.751436467246487,-7.05684324181239e-20,-8.99548989984067e-19,0,1.02684546881108e-19,-0.0010058795274092,0.00126520575385449,1,-4.50519214970344e-21,2.78299788877719e-19,1,-0.0044705407505022,-0.00322081580792181,-0.00322081580792181,-0.0124565213817698,0.0122190735985311,0.00371546962431562,0.00371546962431562,0.00716695275968236,1,0,-2.16840434497101e-19,1,-0.00447182586860356,-0.00322182231286179,-0.00322182231286179,-0.0124565586903976,0.0122194361682452,0.00371663070857322,0.00371663070857322,0.00716810472327751,2.6182038888395,-12.8170754665447,3.60307080808088,-6.04043771064985,3.60307080808088,-6.04043771064985,16.4602836747883,2.18257960159503,1.51788304147971e-18,7.92768683613694e-19,-5.57388374566127e-19,0,0,0,-0.0044705407505022,-0.0124565213817698,-0.00322081580792181,0.0122190735985311,0.00716695275968236,0.00371546962431562,5.93730575557189e-13,1.1478002423341e-07,1.58216968036571e-12,2.78299788877719e-19,3.46944695195361e-18,1.41821510829968e-13
NC_k0038,0.0578947368421052,0.0578947368421052,0.0936396531761868,26.8836010575395,0.720995524705221,35.0294575555714,14.2417444865895,-31.9815611430973,4.11446769885772,-33.5485651543599,-13.2551003635484,1,320,3.59365998200774,-7.06990700177052,-1.14716151652172,1.28904514785594,3.86114675049952e-19,-5.16160702233089e-21,0,-8.44650667090148e-20,-0.00100832365394534,0.00126907323809467,1,-7.59390030469977e-20,1.77806497163733e-19,1,-0.0044705407505022,-0.00322081580792181,-0.00322081580792181,-0.0124565213817698,0.0122190735985311,0.00371546962431562,0.00371546962431562,0.00716695275968236,1,0,-2.16840434497101e-19,1,-0.00447182586860356,-0.00322182231286179,-0.00322182231286179,-0.0124565586903976,0.0122194361682452,0.00371663070857322,0.00371663070857322,0.00716810472327751,2.92678148258871,-12.5189963305595,3.76319574100713,-6.19109652035611,3.76319574100713,-6.19109652035611,16.0370922961963,1.74104450801404,1.73472347597681e-18,5.45108156617161e-19,-9.381845818014e-19,0,0,0,-0.0044705407505022,-0.0124565213817698,-0.00322081580792181,0.0122190735985311,0.00716695275968236,0.00371546962431562,2.1381889039715e-13,6.76160240185669e-08,8.00856721381177e-13,1.77806497163733e-19,1.73472347597681e-18,1.88219305797327e-14
NC_k0039,-0.0671052631578948,-0.0671052631578948,0.546159085823522,-42.4242049507886,60.9209774448474,-119.506577506362,94.4022039449078,47.4981262869677,-64.7599697829245,108.588055501203,-102.822710850757,1,320,-43.559286446152,-8.59890618337358,-17.2122035677434,9.32073943639516,1.88390715381197e-18,-7.31042373039665e-19,0,1.18405941603291e-18,-0.000858015844502226,-0.000995188896775456,1,-3.4588608456898e-19,-4.90221412085244e-20,1,-0.00936196115721761,-0.0143750446473943,-0.0143750446473943,-0.00123606231006255,0.00591636410265958,0.00222737079348689,0.00222737079348689,-0.00801369950739952,1,0,0,1,-0.00936174030666188,-0.0143795368488466,-0.0143795368488466,-0.00123711113120168,0.0059151938892758,0.00222806684685985,0.00222806684685985,-0.00801269314834423,-14.5422059859576,-60.042556151977,5.09213311572432,8.73932648977373,5.09213311572432,8.73932648977373,3.4291196478854,-14.9533412132176,2.16840434497101e-18,-8.49653533214744e-20,3.90366599462627e-19,0,0,0,-0.00936196115721762,-0.00123606231006256,-0.0143750446473943,0.00591636410265959,-0.00801369950739952,0.00222737079348689,6.22713803431416e-14,7.27489456391235e-08,3.48119656835482e-13,3.4588608456898e-19,5.20417042793042e-18,5.26490853748846e-14
NC_k0039,-0.0421052631578947,-0.0421052631578947,0.558608879546582,-61.3010826172547,70.2897671715114,-110.973823242623,91.0601809614888,64.0452072532673,-74.6617941399972,102.249191903882,-99.0370811794096,1,320,-28.0687629383653,-5.7161150750663,-11.1490097444324,6.10154999507321,1.84155550644926e-18,-7.40465614577869e-19,0,2.55138069677694e-19,-0.000859510556368622,-0.000986663056074624,1,-6.91946548852772e-20,-8.33850185988553e-21,1,-0.00936196115721762,-0.0143750446473943,-0.0143750446473943,-0.00123606231006255,0.00591636410265958,0.00222737079348689,0.00222737079348689,-0.00801369950739952,1,0,0,1,-0.00936174030666188,-0.0143795368488466,-0.0143795368488466,-0.00123711113120168,0.0059151938892758,0.00222806684685985,0.00222806684685985,-0.00801269314834423,-15.4695504330014,-61.1526525921042,5.37038216325223,8.61172979243583,5.37038216325223,8.61172979243583,3.12839402661504,-15.3788698111925,1.73472347597681e-18,1.49980560013762e-20,1.55732930747512e-19,0,0,0,-0.00936196115721762,-0.00123606231006256,-0.0143750446473943,0.00591636410265959,-0.00801369950739952,0.00222737079348689,2.21785425932303e-13,6.97160193665729e-08,3.08490502862409e-13,6.91946548852772e-20,5.20417042793042e-18,1.58998263762125e-15
NC_k0039,-0.0171052631578947,-0.0171052631578947,0.566373934720217,-78.9682798501033,78.3406115373139,-99.3706564090247,86.6913794970218,78.4318725818012,-83.722064266166,93.8613987361257,-93.6955548036676,1,320,-11.5379899299439,-2.3915431470256,-4.59674591539998,2.53220493005462,1.94499940513269e-18,-6.92105327245568e-19,0,2.94873344762903e-20,-0.000860467576726993,-0.000982341687290314,1,7.88637949865228e-20,1.70514171213813e-20,1,-0.00936196115721762,-0.0143750446473943,-0.0143750446473943,-0.00123606231006256,0.00591636410265958,0.00222737079348689,0.00222737079348689,-0.00801369950739952,1,0,0,1,-0.00936174030666188,-0.0143795368488466,-0.0143795368488466,-0.00123711113120168,0.0059151938892758,0.00222806684685985,0.00222806684685985,-0.00801269314834423,-15.9883662272782,-61.8714445715454,5.55209260975511,8.55880294113716,5.55209260975511,8.55880294113716,2.95551887403263,-15.6677353405381,1.73472347597681e-18,1.11972046362598e-19,4.94252494907319e-19,0,0,0,-0.00936196115721762,-0.00123606231006256,-0.0143750446473943,0.00591636410265959,-0.00801369950739952,0.00222737079348689,9.77628338963753e-14,4.08773101408816e-08,5.04415799109878e-13,7.88637949865228e-20,3.46944695195361e-18,8.03694188930453e-15
NC_k0039,0.00789473684210525,0.00789473684210525,0.567635961286552,-94.3681171564009,84.7371809757483,-84.9374200080939,80.8899688523528,90.1813752189939,-91.3130062834481,83.0679990149566,-86.7053710306682,1,320,5.33409475402029,1.10873447799869,2.12613364656625,-1.17252471884919,4.44469951159853e-18,1.20146329612102e-19,0,-2.37801191219195e-19,-0.000860612846633009,-0.000981698958474634,1,9.11659031723265e-20,2.2907300207237e-20,1,-0.00936196115721761,-0.0143750446473943,-0.0143750446473943,-0.00123606231006255,0.00591636410265958,0.00222737079348689,0.00222737079348689,-0.00801369950739952,1,0,0,1,-0.00936174030666188,-0.0143795368488466,-0.0143795368488466,-0.00123711113120168,0.0059151938892758,0.00222806684685985,0.00222806684685985,-0.00801269314834423,-16.0697746843661,-61.9895058890204,5.58230314606839,8.55153508070466,5.58230314606839,8.55153508070466,2.9278020198068,-15.7163078531284,1.95156391047391e-18,-1.29573527435988e-19,5.91226485268541e-19,0,0,0,-0.00936196115721762,-0.00123606231006256,-0.0143750446473943,0.00591636410265959,-0.00801369950739952,0.00222737079348689,6.75529778695361e-13,6.36107973220132e-08,2.07335923231107e-13,9.11659031723265e-20,5.20417042793042e-18,0
NC_k0039,0.0328947368421052,0.0328947368421052,0.562157591392716,-107.046344957153,89.5946682395718,-68.0274988385636,73.4402215466376,99.4181808025093,-97.2580188619946,69.6445132716574,-78.1434035564708,1,320,22.0545988730028,4.52852023409554,8.77242930534241,-4.81500344940149,-2.22621434362111e-18,-2.15225777941397e-19,0,1.64913344363472e-19,-0.00085994945390032,-0.000984620116400579,1,7.39819838761267e-20,5.13802120634076e-20,1,-0.00936196115721762,-0.0143750446473943,-0.0143750446473943,-0.00123606231006255,0.00591636410265958,0.00222737079348689,0.00222737079348689,-0.00801369950739952,1,0,0,1,-0.00936174030666188,-0.0143795368488466,-0.0143795368488466,-0.00123711113120168,0.0059151938892758,0.00222806684685985,0.00222806684685985,-0.00801269314834423,-15.7108043862603,-61.4793487432696,5.45242495730996,8.5857600977072,5.45242495730996,8.5857600977072,3.0488665797056,-15.5085741871128,2.38524477946811e-18,7.57657113854055e-19,1.7235713628577e-19,0,0,0,-0.00936196115721762,-0.00123606231006256,-0.0143750446473943,0.00591636410265959,-0.00801369950739952,0.00222737079348689,1.46307453486286e-13,4.55627697716906e-08,2.53287610724771e-13,7.39819838761267e-20,3.46944695195361e-18,6.12228924599484e-15
NC_k0039,0.0578947368421052,0.0578947368421052,0.551062585965026,-116.728601408868,93.2601453489414,-49.4058001149561,64.4710517877422,106.466264061626,-101.596639540517,53.7625644761764,-68.4371530015828,1,320,38.0375167997578,7.6035253753448,15.0615439177839,-8.19097196367945,-1.51767128324289e-18,-1.86347248395946e-20,0,-1.83567921537768e-19,-0.000858635282167623,-0.000991527526576019,1,6.86102760728317e-20,6.63074668063287e-20,1,-0.00936196115721762,-0.0143750446473943,-0.0143750446473943,-0.00123606231006255,0.00591636410265958,0.00222737079348689,0.00222737079348689,-0.00801369950739952,1,0,0,1,-0.00936174030666188,-0.0143795368488466,-0.0143795368488466,-0.00123711113120168,0.0059151938892758,0.00222806684685985,0.00222806684685985,-0.00801269314834423,-14.9264019057932,-60.4713417908853,5.20075165789573,8.68070326602659,5.20075165789573,8.68070326602659,3.30453843142186,-15.1156545734145,2.16840434497101e-18,6.41450172283219e-19,1.48821025664041e-19,0,0,0,-0.00936196115721762,-0.00123606231006256,-0.0143750446473943,0.00591636410265959,-0.00801369950739952,0.00222737079348689,1.23194933228862e-13,5.16294412536301e-08,6.66672616567051e-13,6.86102760728317e-20,3.46944695195361e-18,9.67053589542545e-15
NC_k0040,-0.0671052631578948,-0.0671052631578948,0.58061671427381,42.2895204409611,-41.5296781084508,2.64473766611878,-44.4530873579504,-18.7239918012234,62.9117865455,-29.5479530126912,12.0317258125479,1,320,-30.1960764294286,-31.3134236971715,-20.298135041778,-4.57221656475068,1.1777331387081e-18,1.67929575749085e-18,0,2.58403282427685e-18,3.64259493115293e-05,-0.0014872042141216,1,-2.66228554495246e-19,1.54402266078988e-19,1,0.00239448904696964,-0.0107100934987805,-0.0107100934987805,0.00459870799470201,-0.00943143305055485,-0.0118532853785697,-0.0118532853785697,-0.00538144038133594,1,0,0,1,0.00239493442333437,-0.0107134404029988,-0.0107134404029988,0.00459880896185616,-0.009431695272746,-0.0118569895302505,-0.0118569895302505,-0.00538233541488166,3.74837767875441,-38.8624886854085,-10.2576642939977,-3.96105567269673,-10.2576642939977,-3.96105567269673,-43.7608579647105,3.34738096963141,1.73472347597681e-18,5.98029099866233e-21,4.85246799990569e-20,0,0,0,0.00239448904696964,0.00459870799470201,-0.0107100934987805,-0.00943143305055485,-0.00538144038133594,-0.0118532853785697,7.77177511317029e-14,8.37724400720172e-08,2.62470351967839e-13,2.66228554495246e-19,3.46944695195361e-18,3.8242888891469e-15
NC_k0040,-0.0421052631578947,-0.0421052631578947,0.586430012476351,33.7681595485275,-37.5277621101974,6.40788880991536,-40.276265766002,-18.0301726356948,50.5747683646179,-25.6111904456191,16.0863904369982,1,320,-19.6030704652364,-20.0940863265782,-13.1000617412988,-2.78513531188082,2.043466985251e-19,3.1712648847405e-18,0,8.41686051774758e-19,2.560908992081e-05,-0.00149048726239775,1,-1.18274883662847e-19,1.83365163052751e-19,1,0.00239448904696964,-0.0107100934987805,-0.0107100934987805,0.00459870799470201,-0.00943143305055485,-0.0118532853785697,-0.0118532853785697,-0.00538144038133594,1,0,0,1,0.00239493442333437,-0.0107134404029988,-0.0107134404029988,0.00459880896185616,-0.009431695272746,-0.0118569895302505,-0.0118569895302505,-0.00538233541488166,3.46268905458559,-39.3081077583489,-9.93459441660131,-3.9414532872967,-9.93459441660131,-3.9414532872967,-44.5984228099372,2.55585360237245,1.73472347597681e-18,-6.31563560669028e-19,1.06937133925734e-19,0,0,0,0.00239448904696964,0.00459870799470201,-0.0107100934987805,-0.00943143305055485,-0.00538144038133594,-0.0118532853785697,2.24430504215682e-13,6.59338574034959e-08,3.76687959544419e-13,1.83365163052751e-19,5.20417042793042e-18,6.43684361887559e-15
NC_k0040,-0.0171052631578947,-0.0171052631578947,0.590100474120694,24.256409557599,-35.6044518068001,12.6332233351618,-36.9851818434025,-18.5541379772228,37.9641838352912,-21.8638983975105,23.4364441621824,1,320,-8.08318167167933,-8.23402608817247,-5.38467856075114,-1.10787316010122,1.76299320059142e-18,1.75446993155967e-18,0,1.43442382639556e-18,1.92417491445382e-05,-0.00149271640271766,1,3.35343073710426e-20,-7.92251773890541e-20,1,0.00239448904696964,-0.0107100934987805,-0.0107100934987805,0.00459870799470201,-0.00943143305055486,-0.0118532853785697,-0.0118532853785697,-0.00538144038133595,1,0,0,1,0.00239493442333437,-0.0107134404029988,-0.0107134404029988,0.00459880896185616,-0.009431695272746,-0.0118569895302505,-0.0118569895302505,-0.00538233541488166,3.29907805908295,-39.6157345756282,-9.74050732376393,-3.92002018214566,-9.74050732376393,-3.92002018214566,-45.1121079172874,2.10731241335793,9.75781955236954e-19,-9.95407168390123e-20,9.77924242967792e-19,0,0,0,0.00239448904696964,0.00459870799470201,-0.0107100934987805,-0.00943143305055485,-0.00538144038133594,-0.0118532853785697,3.06018240616057e-13,3.34620170577599e-08,1.3374526011255e-12,7.92251773890541e-20,3.46944695195361e-18,7.52565417799058e-16
NC_k0040,0.00789473684210525,0.00789473684210525,0.59068933106158,15.4665925384827,-36.1934427168597,20.8666359151279,-35.5362592298475,-20.7084737447843,26.8965542186344,-19.1635172202003,33.6369646858482,1,320,3.73851061734933,3.80445664764327,2.48917919744756,0.509376474343869,1.32544774377537e-18,8.56138551437284e-19,0,6.72014764527881e-19,1.82210769262435e-05,-0.00149309373306456,1,1.23317450926962e-19,-6.38862953633863e-20,1,0.00239448904696964,-0.0107100934987805,-0.0107100934987805,0.00459870799470201,-0.00943143305055485,-0.0118532853785697,-0.0118532853785697,-0.00538144038133595,1,0,0,1,0.00239493442333437,-0.0107134404029988,-0.0107134404029988,0.00459880896185616,-0.009431695272746,-0.0118569895302505,-0.0118569895302505,-0.00538233541488166,3.27289865807135,-39.6669402386475,-9.70882186172317,-3.91573625022363,-9.70882186172317,-3.91573625022363,-45.1946496732203,2.03616694237783,1.73472347597681e-18,-2.56456399597646e-19,3.00885114648178e-19,0,0,0,0.00239448904696964,0.00459870799470201,-0.0107100934987805,-0.00943143305055485,-0.00538144038133594,-0.0118532853785697,7.70555211435703e-13,5.03975390986869e-08,7.08494176255026e-13,1.23317450926962e-19,5.20417042793042e-18,5.63861390198064e-16
NC_k0040,0.0328947368421052,0.0328947368421052,0.588115614251514,8.43223356713072,-38.9060905730808,30.2728400739573,-36.5325157714899,-24.1592167196001,18.4280089889179,-18.040711630433,45.8458989597699,1,320,15.4265502286909,15.7666034335796,10.2937407085493,2.15561139543832,1.34948230365371e-18,1.74012331101555e-19,0,4.82067626106104e-19,2.26762604479522e-05,-0.00149149483441776,1,4.8736394248061e-20,-3.00701313426386e-19,1,0.00239448904696964,-0.0107100934987805,-0.0107100934987805,0.00459870799470201,-0.00943143305055485,-0.0118532853785697,-0.0118532853785697,-0.00538144038133594,1,0,0,1,0.00239493442333437,-0.0107134404029988,-0.0107134404029988,0.00459880896185616,-0.009431695272746,-0.0118569895302505,-0.0118569895302505,-0.00538233541488166,3.38730396386637,-39.4468861785529,-9.84608587691874,-3.93269012596451,-9.84608587691874,-3.93269012596451,-44.8342503881155,2.34841048662517,1.51788304147971e-18,-2.52943187672047e-19,5.99308703621487e-19,0,0,0,0.00239448904696964,0.00459870799470201,-0.0107100934987805,-0.00943143305055485,-0.00538144038133594,-0.0118532853785697,1.60323419886553e-13,7.13713930660798e-08,1.34095229509325e-12,3.00701313426386e-19,3.46944695195361e-18,4.81379620637553e-14
NC_k0040,0.0578947368421052,0.0578947368421052,0.58284968698567,3.73046503699642,-42.8766512270153,39.4020334408622,-39.8867053922993,-28.1346162534583,13.1278995818255,-18.391676862897,58.5477062753264,1,320,26.4576698446663,27.303325361378,17.7411284179947,3.90237029181515,2.6596834543785e-19,-1.50267615309853e-18,0,7.94543374304135e-19,3.20271840081794e-05,-0.00148844539366004,1,3.79035861268365e-20,-1.61677578981992e-19,1,0.00239448904696964,-0.0107100934987805,-0.0107100934987805,0.00459870799470201,-0.00943143305055485,-0.0118532853785697,-0.0118532853785697,-0.00538144038133594,1,0,0,1,0.00239493442333437,-0.0107134404029988,-0.0107134404029988,0.00459880896185616,-0.009431695272746,-0.0118569895302505,-0.0118569895302505,-0.00538233541488166,3.63004505057844,-39.0274280083863,-10.1255904387852,-3.95461230566559,-10.1255904387852,-3.95461230566559,-44.0919076852424,3.01926658241724,1.84314369322536e-18,-4.04380363827593e-19,-4.84493103621647e-20,0,0,0,0.00239448904696964,0.00459870799470201,-0.0107100934987805,-0.00943143305055485,-0.00538144038133594,-0.0118532853785697,1.22833452277273e-13,4.01568784613946e-08,4.12254660520836e-13,1.61677578981992e-19,5.20417042793042e-18,1.35242132763338e-14
NC_k0041,-0.0671052631578948,-0.0671052631578948,0.342552773294295,-74.3088603472934,-1.67288547039905,-72.6233637797106,32.4584416414239,66.0792203643583,7.25562633566035,79.1871147614298,-36.2839204742893,1,320,11.5711161378043,-23.7889940102294,-4.0318996979003,6.02460553708016,-1.3446912735458e-18,2.00357702739124e-18,0,-2.32920825605132e-19,0.000570930552999373,-0.000108117075096256,1,3.17119962784838e-19,8.50254286019245e-20,1,0.000693404154477523,0.00813472975173026,0.00813472975173026,0.0151266557406844,-0.00346283095456102,-0.00928959031609185,-0.00928959031609185,-0.00249839192021467,1,0,1.0842021724855e-19,1,0.000695149723347352,0.00813727185477767,0.00813727185477767,0.0151261461139939,-0.00346298846803001,-0.00929249331306562,-0.00929249331306562,-0.00249870012728277,-10.5009444105359,29.9358192664487,3.32522549101446,9.03138218230125,3.32522549101446,9.03138218230125,-40.2151017585373,-2.81516866167072,2.05998412772246e-18,-7.5089208937558e-19,7.29146204149187e-20,0,0,0,0.000693404154477524,0.0151266557406844,0.00813472975173025,-0.00346283095456102,-0.00249839192021467,-0.00928959031609184,1.32056322731784e-13,1.15729345488291e-07,6.49823218191425e-13,3.17119962784838e-19,3.46944695195361e-18,8.26462061762936e-15
NC_k0041,-0.0421052631578947,-0.0421052631578947,0.347451218996073,-74.039745263066,7.46042535897064,-72.432329480947,28.6503696561521,68.2600545833746,-3.2351218936043,76.551252602472,-31.130200619399,1,320,7.25414777152227,-15.275782648369,-2.64713950935943,3.88394164575492,-7.64182537100989e-19,4.32304440454914e-19,0,-7.34006988355055e-20,0.000578533263620051,-0.000109701863495829,1,1.60060306070372e-19,2.22211895682609e-19,1,0.000693404154477517,0.00813472975173025,0.00813472975173025,0.0151266557406844,-0.00346283095456102,-0.00928959031609185,-0.00928959031609185,-0.00249839192021466,1,0,1.0842021724855e-19,1,0.000695149723347352,0.00813727185477767,0.00813727185477767,0.0151261461139939,-0.00346298846803001,-0.00929249331306562,-0.00929249331306562,-0.00249870012728277,-10.2347488518032,30.3195688063709,3.23240103334713,9.07029934684036,3.23240103334713,9.07029934684036,-40.8258258916265,-3.22492369517789,1.95156391047391e-18,8.92466747524059e-19,-4.39893085823437e-19,0,0,0,0.000693404154477524,0.0151266557406844,0.00813472975173025,-0.00346283095456102,-0.00249839192021467,-0.00928959031609184,1.42682695356157e-13,9.29322551129281e-08,3.35802126912848e-13,2.22211895682609e-19,8.67361737988404e-18,2.06099104487908e-14
NC_k0041,-0.0171052631578947,-0.0171052631578947,0.350635848654038,-73.4977335717341,15.2438909893274,-72.7334958407461,23.7772024419223,70.5916110521079,-12.9205455746087,73.9823470027261,-24.3616234810446,1,320,2.93244273271443,-6.26792898282061,-1.10071046253505,1.59753125401711,1.46430820756587e-19,1.10823673236385e-18,0,6.80379214882017e-19,0.000582687842362518,-0.000110448675983371,1,7.67739254359678e-20,1.2217343738979e-20,1,0.000693404154477523,0.00813472975173025,0.00813472975173025,0.0151266557406844,-0.00346283095456102,-0.00928959031609185,-0.00928959031609185,-0.00249839192021466,1,0,1.0842021724855e-19,1,0.000695149723347352,0.00813727185477767,0.00813727185477767,0.0151261461139939,-0.00346298846803001,-0.00929249331306562,-0.00929249331306562,-0.00249870012728277,-10.1253748081629,30.566226935593,3.18456411579671,9.10400608901095,3.18456411579671,9.10400608901095,-41.2331434048979,-3.43700852291888,1.40946282423116e-18,-5.31700678108003e-19,-2.70633303743534e-19,0,0,0,0.000693404154477524,0.0151266557406844,0.00813472975173025,-0.00346283095456102,-0.00249839192021467,-0.00928959031609184,4.42110412715201e-13,5.79278951543456e-08,6.28828336099862e-13,7.67739254359678e-20,2.16840434497101e-18,4.274523238275e-15
NC_k0041,0.00789473684210525,0.00789473684210525,0.351156846294674,-72.916623048152,21.7022997540673,-73.2766072356904,17.7697780170016,73.0516251585344,-21.5108861567939,71.4849067582943,-16.2233046756144,1,320,-1.35200476073572,2.89685955280207,0.50980208138189,-0.738656337630388,-1.31766562857247e-19,6.66191413015507e-19,0,-6.85831989479966e-20,0.000583325027142655,-0.000110549912241829,1,-6.25869168057912e-20,1.93385856746821e-20,1,0.000693404154477525,0.00813472975173026,0.00813472975173026,0.0151266557406844,-0.00346283095456102,-0.00928959031609185,-0.00928959031609185,-0.00249839192021466,1,0,1.0842021724855e-19,1,0.000695149723347352,0.00813727185477767,0.00813727185477767,0.0151261461139939,-0.00346298846803001,-0.00929249331306562,-0.00929249331306562,-0.00249870012728277,-10.1105700680477,30.606325588443,3.17717545034691,9.10990068693479,3.17717545034691,9.10990068693479,-41.3004674883083,-3.46911971520713,1.73472347597681e-18,-6.51584062902828e-19,-2.70633303743534e-19,0,0,0,0.000693404154477524,0.0151266557406844,0.00813472975173025,-0.00346283095456102,-0.00249839192021467,-0.00928959031609184,4.16516700644156e-13,5.34574010894624e-08,2.95433907781502e-13,6.25869168057912e-20,5.20417042793042e-18,9.95908969017953e-15
NC_k0041,0.0328947368421052,0.0328947368421052,0.348900604949447,-72.5007880215425,26.9809076332977,-73.8578634869676,10.4911366170659,75.5980219984386,-28.8113556207146,69.1013880948462,-6.91834798158512,1,320,-5.65617449380302,11.9923549977196,2.09093956629248,-3.05249370997902,-4.92443779709969e-19,4.70420923081357e-19,0,3.08558220816981e-19,0.000580473059080122,-0.00011006370174097,1,6.51420639100375e-20,-1.69022735935329e-19,1,0.00069340415447752,0.00813472975173026,0.00813472975173026,0.0151266557406844,-0.00346283095456102,-0.00928959031609185,-0.00928959031609185,-0.00249839192021466,1,0,1.0842021724855e-19,1,0.000695149723347352,0.00813727185477767,0.00813727185477767,0.0151261461139939,-0.00346298846803001,-0.00929249331306562,-0.00929249331306562,-0.00249870012728277,-10.1805475377975,30.4321932829778,3.21002661269832,9.08504046821197,3.21002661269832,9.08504046821197,-41.010245771541,-3.325125737395,2.03287907341032e-18,-1.49018401643717e-19,-2.83453057688671e-19,0,0,0,0.000693404154477524,0.0151266557406844,0.00813472975173025,-0.00346283095456102,-0.00249839192021467,-0.00928959031609184,1.84118261325184e-13,4.92151722088468e-08,4.856655200587e-13,1.69022735935329e-19,5.20417042793042e-18,2.35472517550279e-14
NC_k0041,0.0578947368421052,0.0578947368421052,0.344432833195515,-72.4770768429345,31.1786728562803,-74.2576664834839,1.83276600109298,78.2061824710351,-34.5873140548273,66.8645723786875,3.32900780216105,1,320,-9.99554143680466,20.742765878026,3.546584065603,-5.26147557521473,-7.26330752270563e-20,9.76205471710581e-20,0,1.08166107364374e-18,0.000574114204941638,-0.00010883199999083,1,2.26849105301013e-20,-5.31031269317458e-20,1,0.000693404154477523,0.00813472975173025,0.00813472975173025,0.0151266557406844,-0.00346283095456102,-0.00928959031609185,-0.00928959031609185,-0.00249839192021466,1,0,1.0842021724855e-19,1,0.000695149723347352,0.00813727185477767,0.00813727185477767,0.0151261461139939,-0.00346298846803001,-0.00929249331306562,-0.00929249331306562,-0.00249870012728277,-10.3790283011642,30.0832678836739,3.28488797290079,9.04375595917436,3.28488797290079,9.04375595917436,-40.447239139382,-2.98964516403198,1.73472347597681e-18,-3.62996127930694e-19,-4.47208825146062e-19,0,0,0,0.000693404154477524,0.0151266557406844,0.00813472975173025,-0.00346283095456102,-0.00249839192021467,-0.00928959031609184,2.02104298223104e-13,6.40596120034442e-08,5.58257361734492e-13,5.31031269317458e-20,5.20417042793042e-18,2.88488643147292e-14
NC_k0042,-0.0671052631578948,-0.0671052631578948,0.643341658420399,49.1976809105067,41.7180186737057,114.874145327301,34.4818547335982,-57.8606465422203,-71.3032221737405,-92.4629964420928,-2.43745449218628,1,320,32.4631268543223,41.6143951291962,24.4455822545611,-2.30006645444938,-2.21361472853071e-18,-2.02620868895069e-18,0,-4.91305579187096e-19,0.00128862304208108,6.51328051327162e-06,1,2.39578466923018e-19,-2.91218062240701e-19,1,0.00978896359714777,0.00931601071912623,0.00931601071912623,-0.00341841517630105,-0.0020515195720058,0.0139864037805132,0.0139864037805132,-0.0024237059209812,1,1.01643953670516e-20,0,1,0.00978818062022879,0.00931892197247596,0.00931892197247596,-0.00341713450028668,-0.00205172346256013,0.0139907745316946,0.0139907745316946,-0.0024238516574185,15.1046468035707,33.0095507095231,5.28727639632587,-4.68007859326996,5.28727639632587,-4.68007859326996,59.2503786463999,-5.63475758722839,1.51788304147971e-18,1.90692933867738e-19,2.39069602593901e-19,0,0,0,0.00978896359714778,-0.00341841517630104,0.00931601071912623,-0.0020515195720058,-0.00242370592098119,0.0139864037805132,5.7679612350188e-14,8.22738204150824e-08,9.29030204844845e-13,2.91218062240701e-19,3.46944695195361e-18,1.51862738699211e-14
NC_k0042,-0.0421052631578947,-0.0421052631578947,0.655092863729106,65.6754942126115,35.8028069062121,108.860961244301,32.5037060192211,-69.7060039893228,-55.912406254144,-90.9508924794997,-9.8138810059829,1,320,20.8953262873835,27.040393995077,15.8187876932119,-1.64528239591776,5.66453283476313e-21,-1.00717511384457e-18,0,-1.15196480826585e-18,0.00128302386711368,1.87440429469104e-05,1,2.03166102339713e-19,-3.28551682813083e-19,1,0.00978896359714777,0.00931601071912623,0.00931601071912623,-0.00341841517630105,-0.0020515195720058,0.0139864037805132,0.0139864037805132,-0.0024237059209812,1,1.01643953670516e-20,0,1,0.00978818062022879,0.00931892197247596,0.00931892197247596,-0.00341713450028668,-0.00205172346256013,0.0139907745316946,0.0139907745316946,-0.0024238516574185,16.0296577134593,33.8731257022366,5.17475539802672,-4.86059613065612,5.17475539802672,-4.86059613065612,59.9728160233022,-5.23177842643104,2.16840434497101e-18,6.05719234581498e-19,1.85497768565468e-19,0,0,0,0.00978896359714778,-0.00341841517630104,0.00931601071912623,-0.0020515195720058,-0.00242370592098119,0.0139864037805132,1.26786935895485e-13,5.5468815637524e-08,7.27099764317653e-13,3.28551682813083e-19,6.93889390390723e-18,1.61001887181303e-14
NC_k0042,-0.0171052631578947,-0.0171052631578947,0.66252888700387,81.5781539365126,32.1887581306105,99.5001342371157,31.1941297864427,-79.3379461313556,-40.0307945946916,-87.800195959253,-20.7136649538944,1,320,8.58162948860626,11.1592622807581,6.51449428389019,-0.71462520630805,-1.27451988782171e-18,-2.89425864120874e-18,0,-1.6130154293682e-18,0.00128025441550786,2.59309632804632e-05,1,1.34212266429364e-20,5.33305863968575e-20,1,0.00978896359714778,0.00931601071912623,0.00931601071912623,-0.00341841517630105,-0.0020515195720058,0.0139864037805132,0.0139864037805132,-0.0024237059209812,1,1.01643953670516e-20,0,1,0.00978818062022879,0.00931892197247596,0.00931892197247596,-0.00341713450028668,-0.00205172346256013,0.0139907745316946,0.0139907745316946,-0.0024238516574185,16.5826723981154,34.3897221127231,5.09557897940823,-4.98728739992348,5.09557897940823,-4.98728739992348,60.4808624529225,-5.00662170330676,1.73472347597681e-18,-6.95410895291793e-20,3.67101649966641e-19,0,0,0,0.00978896359714778,-0.00341841517630104,0.00931601071912623,-0.0020515195720058,-0.00242370592098119,0.0139864037805132,2.10916524138318e-13,4.19245412716705e-08,4.74467229809189e-13,5.33305863968575e-20,3.46944695195361e-18,1.07247057403544e-14
NC_k0042,0.00789473684210525,0.00789473684210525,0.663739453313923,95.2229929289337,31.0726530231371,86.9253310155087,31.5057247841835,-86.045254821196,-25.4873017774937,-82.1529515820442,-34.4434461296905,1,320,-3.9668025766433,-5.16177772735565,-3.01243150031968,0.333304439576747,-1.22015096051982e-18,-2.87302987796818e-18,0,-1.04730329972074e-18,0.00127984632046496,2.70800075940936e-05,1,-1.07582511887516e-19,6.02389485736049e-20,1,0.00978896359714777,0.00931601071912623,0.00931601071912623,-0.00341841517630105,-0.0020515195720058,0.0139864037805132,0.0139864037805132,-0.0024237059209812,1,1.01643953670516e-20,0,1,0.00978818062022879,0.00931892197247596,0.00931892197247596,-0.00341713450028668,-0.00205172346256013,0.0139907745316946,0.0139907745316946,-0.0024238516574185,16.6719493871103,34.4723261096609,5.08190703223157,-5.00892566550233,5.08190703223157,-5.00892566550233,60.5660737219933,-4.97108074742339,1.30104260698261e-18,4.13550058067992e-19,4.03244545825982e-19,0,0,0,0.00978896359714778,-0.00341841517630104,0.00931601071912623,-0.0020515195720058,-0.00242370592098119,0.0139864037805132,2.90193221007142e-13,4.64562685291152e-08,2.76337492987593e-13,1.07582511887516e-19,4.77048955893622e-18,8.02885905243953e-15
NC_k0042,0.0328947368421052,0.0328947368421052,0.658486361233036,105.80311140408,31.8921427191963,71.7141229109405,34.1714823794288,-90.0330938358796,-13.450886437261,-73.5760195189304,-50.0050535996749,1,320,-16.4118852237252,-21.2868885405952,-12.4405953422257,1.32651957197379,-7.1849569750846e-19,-2.19730934429606e-18,0,-1.17398766489446e-18,0.00128171200684817,2.2055444848244e-05,1,-8.87084887861083e-21,1.75885945751269e-19,1,0.00978896359714777,0.00931601071912623,0.00931601071912623,-0.00341841517630105,-0.0020515195720058,0.0139864037805132,0.0139864037805132,-0.0024237059209812,1,1.01643953670516e-20,0,1,0.00978818062022879,0.00931892197247596,0.00931892197247596,-0.00341713450028668,-0.00205172346256013,0.0139907745316946,0.0139907745316946,-0.0024238516574185,16.2833326213688,34.1110128661181,5.13966728542559,-4.91707210868126,5.13966728542559,-4.91707210868126,60.2010569044917,-5.12744023252734,1.95156391047391e-18,2.63133732316113e-19,4.58037719281908e-19,0,0,0,0.00978896359714778,-0.00341841517630104,0.00931601071912623,-0.0020515195720058,-0.00242370592098119,0.0139864037805132,2.52848659075671e-13,7.51244980253323e-08,3.46840676153988e-13,1.75885945751269e-19,4.33680868994202e-18,3.03484105666701e-15
NC_k0042,0.0578947368421052,0.0578947368421052,0.647924442386129,113.039688544896,33.7342712795394,55.180362271954,39.3306460727915,-92.0324303293937,-4.71404782852312,-62.379217711295,-65.8392257367433,1,320,-28.3361023026426,-36.4720545026998,-21.386691745763,2.09925231484889,1.21549227930992e-19,9.07767856550394e-19,0,-1.91267318679411e-19,0.00128620039477027,1.14992188233556e-05,1,1.01733559745869e-20,1.03592615916659e-19,1,0.00978896359714777,0.00931601071912623,0.00931601071912623,-0.00341841517630105,-0.0020515195720058,0.0139864037805132,0.0139864037805132,-0.0024237059209812,1,1.01643953670516e-20,0,1,0.00978818062022879,0.00931892197247596,0.00931892197247596,-0.00341713450028668,-0.00205172346256013,0.0139907745316946,0.0139907745316946,-0.0024238516574185,15.478883632153,33.3556429936161,5.24398454738801,-4.74845145617879,5.24398454738801,-4.74845145617879,59.516538527696,-5.46660964443109,2.38524477946811e-18,1.10927763598594e-18,4.68715778123451e-19,0,0,0,0.00978896359714778,-0.00341841517630104,0.00931601071912623,-0.0020515195720058,-0.00242370592098119,0.0139864037805132,5.61076996317169e-14,5.29051467079505e-08,6.92812142888411e-13,1.03592615916659e-19,8.67361737988404e-18,9.08158674928746e-15
NC_k0043,-0.0671052631578948,-0.0671052631578948,0.073968102024473,-10.4004684971203,12.2663444991474,-0.21603157336334,30.9989425824383,9.20988730614751,-23.8335070915862,5.25407007098784,-30.481221954453,1,320,0.62426469352495,0.707161717095278,0.439370715504673,1.04957653757135,2.71348328141895e-19,-5.36410083628387e-20,0,3.83414757530579e-20,0.000688328672982702,-0.00196417708041712,1,2.75590662295586e-20,-8.87334166420257e-20,1,0.00349834465260774,0.00105725274737618,0.00105725274737618,0.00567869514329041,-0.0143226463588292,0.000335182333641109,0.000335182333641109,-0.0122125213151273,1,0,0,1,0.00349887347060685,0.00105758313885973,0.00105758313885973,0.00567888328152536,-0.0143235180352974,0.000335287078120371,0.000335287078120371,-0.0122137226986336,0.4201790337501,2.14820887204747,-2.4520866049609,2.77264520603087,-2.4520866049609,2.77264520603087,1.70011787092133,-7.73165370023234,2.16840434497101e-18,-8.83087293759377e-20,4.69754237569075e-19,0,0,0,0.00349834465260774,0.00567869514329042,0.00105725274737618,-0.0143226463588292,-0.0122125213151273,0.000335182333641108,2.7519252931742e-12,4.3309822728351e-08,3.25806604688406e-13,8.87334166420257e-20,3.46944695195361e-18,1.27955848884672e-13
NC_k0043,-0.0421052631578947,-0.0421052631578947,0.0762933145717523,-7.2731194515447,17.3068473813152,-0.637986812580887,29.3999979063276,6.98309560842762,-27.0138266180275,4.73079990556938,-30.7583085743242,1,320,0.226389965977666,0.70812562658327,0.308390145545111,0.679865157268494,1.01225400280564e-19,-4.26606820395648e-19,0,1.11053960318919e-19,0.000681409621023902,-0.0019542200303831,1,5.29341823756414e-20,-1.40027547200156e-19,1,0.00349834465260774,0.00105725274737618,0.00105725274737618,0.00567869514329041,-0.0143226463588292,0.000335182333641108,0.000335182333641108,-0.0122125213151273,1,0,0,1,0.00349887347060685,0.00105758313885973,0.00105758313885973,0.00567888328152536,-0.0143235180352974,0.000335287078120371,0.000335287078120371,-0.0122137226986336,0.710643847309894,2.36163782653429,-2.21161269374242,2.57142669791078,-2.21161269374242,2.57142669791078,1.26009951027045,-8.3831319359771,2.16840434497101e-18,1.08030681809507e-19,4.70794364557611e-19,0,0,0,0.00349834465260774,0.00567869514329042,0.00105725274737618,-0.0143226463588292,-0.0122125213151273,0.000335182333641108,9.91435142997762e-12,4.4094154595972e-08,1.23931458365732e-12,1.40027547200156e-19,5.20417042793042e-18,4.52932105983665e-14
NC_k0043,-0.0171052631578947,-0.0171052631578947,0.0776134694923983,-4.55623931451475,21.8444621977598,-1.80121370644366,26.8263050696358,5.49879677085035,-29.1670087781366,4.63729989120611,-30.5708691174705,1,320,0.0537747045149658,0.346000613964461,0.131925855098211,0.281093750203666,3.58268466908967e-19,2.49490907635794e-19,0,-2.87695071407168e-19,0.000677496220875503,-0.00194879066067402,1,2.93951203712937e-20,-9.22628524281517e-20,1,0.00349834465260774,0.00105725274737618,0.00105725274737618,0.00567869514329042,-0.0143226463588292,0.000335182333641109,0.000335182333641109,-0.0122125213151273,1,0,0,1,0.00349887347060685,0.00105758313885973,0.00105758313885973,0.00567888328152536,-0.0143235180352974,0.000335287078120371,0.000335287078120371,-0.0122137226986336,0.877274456285443,2.46456617911951,-2.07197524155135,2.4567242850667,-2.07197524155135,2.4567242850667,1.03784740102631,-8.7569456028489,1.73472347597681e-18,-3.63605768570863e-19,9.53885512154782e-19,0,0,0,0.00349834465260774,0.00567869514329042,0.00105725274737618,-0.0143226463588292,-0.0122125213151273,0.000335182333641108,6.31735032443185e-12,4.00793876350561e-08,2.47702780002397e-13,9.22628524281517e-20,8.67361737988404e-19,6.41915102570354e-14
NC_k0043,0.00789473684210525,0.00789473684210525,0.0778215528005127,-2.41695422086001,25.6424341897366,-3.69265822872083,23.3383315281829,4.74531361532834,-30.3435898774704,5.13901037749626,-29.7044484703087,1,320,-0.0220592444906088,-0.16378631141314,-0.0613290334482363,-0.130084340743936,3.52577464294603e-20,6.73364723287567e-19,0,8.87002314452863e-20,0.000676882216945026,-0.0019479478913248,1,1.1395219189086e-20,-2.56218577403036e-20,1,0.00349834465260774,0.00105725274737618,0.00105725274737618,0.00567869514329042,-0.0143226463588292,0.000335182333641108,0.000335182333641108,-0.0122125213151273,1,0,0,1,0.00349887347060685,0.00105758313885973,0.00105758313885973,0.00567888328152536,-0.0143235180352974,0.000335287078120371,0.000335287078120371,-0.0122137226986336,0.903827830138628,2.47955855237252,-2.04964049008001,2.438509679181,-2.04964049008001,2.438509679181,1.00440614696315,-8.81626609218886,1.30104260698261e-18,-2.05800683707761e-19,1.29240507631459e-18,0,0,0,0.00349834465260774,0.00567869514329042,0.00105725274737618,-0.0143226463588292,-0.0122125213151273,0.000335182333641108,1.24485602639856e-11,4.42192556732167e-08,1.7510743660419e-12,2.56218577403036e-20,3.46944695195361e-18,6.52681699975875e-14
NC_k0043,0.0328947368421052,0.0328947368421052,0.0769058855671036,-0.979441422785071,28.5637682029802,-6.21427145322455,19.0537002527236,4.63674807989125,-30.7535699530792,6.34853473905367,-27.9302821630565,1,320,-0.142727205681515,-0.605741886243902,-0.246994800335386,-0.535434613795181,1.76341671706505e-19,4.05146446583573e-19,0,-2.66021284997054e-19,0.000679596502444097,-0.00195169151561725,1,2.94027084137942e-20,-2.94170063796601e-19,1,0.00349834465260774,0.00105725274737618,0.00105725274737618,0.00567869514329042,-0.0143226463588292,0.000335182333641109,0.000335182333641109,-0.0122125213151273,1,0,0,1,0.00349887347060685,0.00105758313885973,0.00105758313885973,0.00567888328152536,-0.0143235180352974,0.000335287078120371,0.000335287078120371,-0.0122137226986336,0.787605560800384,2.41103453879625,-2.14730735431696,2.51842326693955,-2.14730735431696,2.51842326693955,1.15482193901444,-8.55596747806137,2.60208521396521e-18,-2.16362420815533e-19,1.03543249276734e-18,0,0,0,0.00349834465260774,0.00567869514329042,0.00105725274737618,-0.0143226463588292,-0.0122125213151273,0.000335182333641108,4.98365309517781e-12,4.20979922241962e-08,5.46549222732058e-13,2.94170063796601e-19,3.46944695195361e-18,8.30077222896619e-14
NC_k0043,0.0578947368421052,0.0578947368421052,0.0749253226850913,-0.287570293810764,30.5236444558248,-9.2120250580898,14.1558281358602,5.02244319922321,-30.6261294194973,8.30594470613881,-25.1137473798781,1,320,-0.445213514601057,-0.762021084290358,-0.398387417634164,-0.917878192145943,-1.3352349447831e-19,2.83762654775091e-19,0,-1.03759550805182e-18,0.000685461093104332,-0.00195999895269007,1,1.65403646320871e-20,9.02807110903926e-21,1,0.00349834465260774,0.00105725274737618,0.00105725274737618,0.00567869514329042,-0.0143226463588292,0.000335182333641108,0.000335182333641108,-0.0122125213151273,1,0,0,1,0.00349887347060685,0.00105758313885973,0.00105758313885973,0.00567888328152536,-0.0143235180352974,0.000335287078120371,0.000335287078120371,-0.0122137226986336,0.539914164657647,2.24110925992685,-2.35339281794598,2.689559946107,-2.35339281794598,2.689559946107,1.51054268121818,-7.99939237225642,8.67361737988404e-19,-1.72938620415889e-19,7.09521007158724e-19,0,0,0,0.00349834465260774,0.00567869514329042,0.00105725274737618,-0.0143226463588292,-0.0122125213151273,0.000335182333641108,2.69742585497978e-12,1.85216110951818e-08,1.11874796946402e-12,1.65403646320871e-20,1.73472347597681e-18,3.64886543049009e-14
NC_k0044,-0.0671052631578948,-0.0671052631578948,0.554047662749176,-19.3530157746449,-12.9215405933228,-81.8234869585449,0.282495646458406,30.329124959073,39.4348599973718,57.5428774010398,-26.7152167971683,1,320,-28.1498514662058,-41.2908701116902,-22.9154381207058,2.56240873297396,1.21393056231342e-18,-1.37192867675595e-18,0,1.34336778456572e-18,-0.00133964716227376,0.000489553166148049,1,-1.67611493622304e-19,2.17207103297844e-19,1,-0.00851380873607495,-0.00787971180468843,-0.00787971180468843,0.000459257358681309,0.00778578210790153,-0.0138707345613709,-0.0138707345613709,0.00349265014786156,1,0,0,1,-0.00851342234619947,-0.00788217421462739,-0.00788217421462739,0.000458241706979474,0.00778588727072714,-0.0138750691659213,-0.0138750691659213,0.00349342611255592,-10.3072739711057,-29.5791001874587,0.272529661358055,0.517374128651476,0.272529661358055,0.517374128651476,-56.8230790124195,1.73301764767733,1.84314369322536e-18,-3.37724149114066e-19,-5.02079829845624e-19,0,0,0,-0.00851380873607495,0.000459257358681306,-0.00787971180468842,0.00778578210790153,0.00349265014786155,-0.0138707345613709,4.86992871974325e-14,6.59181552799086e-08,7.52391830826062e-13,2.17207103297844e-19,5.20417042793042e-18,2.60499236627246e-15
NC_k0044,-0.0421052631578947,-0.0421052631578947,0.562560239494732,-35.0279544076764,-6.39270096878129,-76.1951928993138,0.879823678180439,40.7191118816865,24.8050146152927,57.1013348168959,-19.3315045866668,1,320,-18.1198858212986,-26.8446552679864,-14.8382985594641,1.79982266916462,4.24575264811218e-19,1.99238031061972e-18,0,5.76141222810534e-19,-0.00133374635606632,0.000477604370324719,1,-1.9678004277619e-19,2.60495438387061e-19,1,-0.00851380873607495,-0.00787971180468843,-0.00787971180468843,0.000459257358681308,0.00778578210790153,-0.0138707345613709,-0.0138707345613709,0.00349265014786156,1,0,0,1,-0.00851342234619947,-0.00788217421462739,-0.00788217421462739,0.000458241706979474,0.00778588727072714,-0.0138750691659213,-0.0138750691659213,0.00349342611255592,-11.144886988864,-30.3684980553162,0.222021858166002,0.821045395955822,0.222021858166002,0.821045395955822,-57.4602025161114,1.41928285827767,1.73472347597681e-18,-2.6520222584395e-19,-3.51175064472219e-19,0,0,0,-0.00851380873607495,0.000459257358681306,-0.00787971180468842,0.00778578210790153,0.00349265014786155,-0.0138707345613709,1.45180739582523e-13,5.3996027205959e-08,8.44297608102575e-13,2.60495438387061e-19,5.20417042793042e-18,6.51261095976785e-15
NC_k0044,-0.0171052631578947,-0.0171052631578947,0.568124643385404,-50.1646464125572,-1.84998906505404,-67.2751622558386,0.814507402079979,48.7762196262232,9.70156032408231,55.2182236752611,-8.76604870072994,1,320,-7.44169851801985,-11.0825662042254,-6.11300735834096,0.774635630017128,6.11716606595215e-19,1.6738429828929e-18,0,9.93020399202559e-19,-0.00133081808775437,0.00047069241796123,1,4.18865897009951e-20,6.3373259516198e-20,1,-0.00851380873607495,-0.00787971180468843,-0.00787971180468843,0.000459257358681308,0.00778578210790153,-0.0138707345613709,-0.0138707345613709,0.00349265014786156,1,0,0,1,-0.00851342234619947,-0.00788217421462739,-0.00788217421462739,0.000458241706979474,0.00778588727072714,-0.0138750691659213,-0.0138750691659213,0.00349342611255592,-11.64742196501,-30.8395069531775,0.208902635362297,1.01531989065435,0.208902635362297,1.01531989065435,-57.9183738346898,1.24406030311366,1.73472347597681e-18,-1.20630642406586e-19,-5.20434846552122e-19,0,0,0,-0.00851380873607495,0.000459257358681306,-0.00787971180468842,0.00778578210790153,0.00349265014786155,-0.0138707345613709,1.3185353627344e-13,3.90662164339016e-08,6.14965864249112e-13,6.3373259516198e-20,5.20417042793042e-18,8.98927017642362e-15
NC_k0044,0.00789473684210525,0.00789473684210525,0.569038688593703,-63.1889192509621,0.452497144050942,-55.2650043560182,-0.755266039979809,53.9791735838157,-4.18364721894584,51.0223361272811,4.3767984953598,1,320,3.43984440902881,5.1266331872541,2.82693760677333,-0.360768354323528,1.27954914594603e-18,5.85405645671128e-19,0,9.53653219489935e-19,-0.00133038722920719,0.000469596252898993,1,3.49849564848805e-21,-1.02444994582908e-20,1,-0.00851380873607495,-0.00787971180468843,-0.00787971180468843,0.000459257358681308,0.00778578210790153,-0.0138707345613709,-0.0138707345613709,0.00349265014786156,1,0,0,1,-0.00851342234619947,-0.00788217421462739,-0.00788217421462739,0.000458241706979474,0.00778588727072714,-0.0138750691659213,-0.0138750691659213,0.00349342611255592,-11.728723145597,-30.9147734486569,0.207879644593674,1.04755606839504,0.207879644593674,1.04755606839504,-57.995621316262,1.21645730070423,1.30104260698261e-18,7.33173383158572e-20,-3.51175064472219e-19,0,0,0,-0.00851380873607495,0.000459257358681306,-0.00787971180468842,0.00778578210790153,0.00349265014786155,-0.0138707345613709,4.02281617430935e-13,4.29059194738334e-08,5.57280511559822e-13,1.02444994582908e-20,3.46944695195361e-18,1.17063009620901e-15
NC_k0044,0.0328947368421052,0.0328947368421052,0.565087888824193,-73.2886244977729,0.978771976798825,-40.7708750725654,-4.45350507746577,56.6269303982204,-15.7832285632007,44.0095895481935,19.1901622954956,1,320,14.2319592047989,21.1362998241231,11.6715254795442,-1.44487200172636,-4.44215841275677e-19,1.45705548795501e-18,0,8.08598827272636e-19,-0.00133235941445519,0.000474411848944642,1,5.17210252373324e-20,-6.35576272289875e-20,1,-0.00851380873607495,-0.00787971180468843,-0.00787971180468843,0.000459257358681308,0.00778578210790153,-0.0138707345613709,-0.0138707345613709,0.00349265014786156,1,0,0,1,-0.00851342234619947,-0.00788217421462739,-0.00788217421462739,0.000458241706979474,0.00778588727072714,-0.0138750691659213,-0.0138750691659213,0.00349342611255592,-11.3751719376075,-30.5854198936903,0.214507978426633,0.908933036161604,0.214507978426633,0.908933036161604,-57.6654751294476,1.33801448379489,2.38524477946811e-18,-1.35071053945239e-19,-1.22816371505213e-18,0,0,0,-0.00851380873607495,0.000459257358681306,-0.00787971180468842,0.00778578210790153,0.00349265014786155,-0.0138707345613709,1.77162523649575e-13,5.69356124530568e-08,6.42227316590147e-13,6.35576272289875e-20,6.93889390390723e-18,2.86844869269004e-14
NC_k0044,0.0578947368421052,0.0578947368421052,0.557310205036217,-80.1305173564673,0.526294127867853,-25.0501404065479,-10.3464908141445,57.4858331740199,-24.3894841286362,34.3442655598696,34.2396614545852,1,320,24.5715619950147,36.1960169320161,20.0533010459202,-2.32034658209135,6.25322073310487e-19,2.13939346652755e-18,0,1.71570493933299e-19,-0.00133709089805375,0.000484643894368146,1,4.23229347403058e-20,-1.07516399902443e-19,1,-0.00851380873607495,-0.00787971180468843,-0.00787971180468843,0.000459257358681309,0.00778578210790153,-0.0138707345613709,-0.0138707345613709,0.00349265014786156,1,0,0,1,-0.00851342234619947,-0.00788217421462739,-0.00788217421462739,0.000458241706979474,0.00778588727072714,-0.0138750691659213,-0.0138750691659213,0.00349342611255592,-10.6459559002649,-29.8960622383719,0.24790949223977,0.637470520393753,0.24790949223977,0.637470520393753,-57.0544335553686,1.60227745950826,1.73472347597681e-18,-1.93152565676702e-19,-6.71339611925528e-19,0,0,0,-0.00851380873607495,0.000459257358681306,-0.00787971180468842,0.00778578210790153,0.00349265014786155,-0.0138707345613709,1.10605104266519e-13,4.60660876514068e-08,2.13817280852853e-13,1.07516399902443e-19,5.20417042793042e-18,1.0358970059907e-14
NC_k0045,-0.0671052631578948,-0.0671052631578948,0.578247308911968,-103.448740011326,-51.9057180485716,-84.7521183308557,-88.147685833617,78.6933039414778,46.592211753407,111.948416720037,103.589707988339,1,320,10.8720723153353,37.5115404767251,15.96659222138,1.94401540211445,7.67491259551201e-20,-4.64412283111772e-19,0,-4.72723793906705e-19,-6.95546635172171e-05,0.00138115018224549,1,2.57929869535441e-20,-1.6764650984219e-19,1,-0.00654149191567826,0.00237477066938528,0.00237477066938528,-0.000361188515241833,0.00375017741096736,0.0144696732013101,0.0144696732013101,0.0113138683691724,1,5.42101086242752e-20,0,1,-0.00654127871542943,0.00237551278521946,0.00237551278521946,-0.000361940987399325,0.00375135676361176,0.0144741949741855,0.0144741949741855,0.0113138658951045,-14.9751712473397,14.5344141552805,-5.64491171856055,13.7234562454735,-5.64491171856055,13.7234562454735,48.6936271437737,14.1768889211284,1.95156391047391e-18,1.70920981732148e-19,-3.51955374655151e-19,0,0,0,-0.00654149191567826,-0.000361188515241834,0.00237477066938528,0.00375017741096736,0.0113138683691724,0.0144696732013101,3.19645861342096e-14,5.93973572913534e-08,2.1726266005371e-14,1.6764650984219e-19,3.46944695195361e-18,3.53276242504967e-14
NC_k0045,-0.0421052631578947,-0.0421052631578947,0.590511037124322,-100.177318238558,-63.2669683260402,-86.4338319489576,-86.0487866524043,83.5168385135822,61.0939648630324,105.595954569411,98.4784704948943,1,320,7.29495275958821,23.9402213145255,10.3076074444574,1.13036392046708,-4.36963121664812e-19,-1.27954914594603e-18,0,-5.30877899691633e-19,-5.8770020798576e-05,0.00137898403911527,1,-1.09136486235271e-21,-2.49837732594244e-19,1,-0.00654149191567826,0.00237477066938528,0.00237477066938528,-0.000361188515241833,0.00375017741096736,0.0144696732013101,0.0144696732013101,0.0113138683691724,1,5.42101086242752e-20,0,1,-0.00654127871542943,0.00237551278521946,0.00237551278521946,-0.000361940987399325,0.00375135676361176,0.0144741949741855,0.0144741949741855,0.0113138658951045,-15.1332367872172,14.5341667449799,-5.56737032233006,13.3897319059164,-5.56737032233006,13.3897319059164,49.7605437667638,15.263125948939,2.16840434497101e-18,8.13163029870253e-20,5.63933556772631e-19,0,0,0,-0.00654149191567826,-0.000361188515241834,0.00237477066938528,0.00375017741096736,0.0113138683691724,0.0144696732013101,7.19736927900826e-14,5.9355885951056e-08,7.53380085226776e-13,2.49837732594244e-19,6.93889390390723e-18,7.33241129094515e-15
NC_k0045,-0.0171052631578947,-0.0171052631578947,0.597626544663886,-95.6976293785352,-72.9446825187541,-89.6857983924593,-82.1504979464672,89.3190214827618,74.9656996507185,98.5911782004802,90.4501003328628,1,320,3.05737903476639,9.78553965014104,4.23816316601946,0.436242185230865,8.13346843988691e-19,-1.73257942382907e-18,0,-6.98643362807188e-19,-5.2274798145886e-05,0.00137787581996854,1,-4.27208607633749e-20,3.08191642508718e-20,1,-0.00654149191567826,0.00237477066938528,0.00237477066938528,-0.000361188515241834,0.00375017741096737,0.0144696732013101,0.0144696732013101,0.0113138683691724,1,5.42101086242752e-20,0,1,-0.00654127871542943,0.00237551278521946,0.00237551278521946,-0.000361940987399325,0.00375135676361176,0.0144741949741855,0.0144741949741855,0.0113138658951045,-15.2116826305686,14.5715841721504,-5.53718880316028,13.19433114703,-5.53718880316028,13.19433114703,50.4026563443482,15.8738646731889,1.0842021724855e-18,1.53602094705707e-19,-8.50975794368479e-19,0,0,0,-0.00654149191567826,-0.000361188515241834,0.00237477066938528,0.00375017741096736,0.0113138683691724,0.0144696732013101,1.68458685560553e-13,2.12107785194843e-08,4.45854867278144e-13,4.27208607633749e-20,3.46944695195361e-18,2.61938576641016e-14
NC_k0045,0.00789473684210525,0.00789473684210525,0.598747384892541,-91.1806937437735,-80.1409500161907,-93.986030836007,-75.8969553422841,95.9995546444511,86.7673995485171,91.6981681595412,79.6012974172465,1,320,-1.41741219594328,-4.51978998585179,-1.95927671999236,-0.199559115501157,-3.66871145279519e-19,-4.13394429907461e-18,0,-2.06781918248456e-19,-5.12188760946365e-05,0.00137770053223695,1,-5.43985857137575e-20,6.22334563744901e-20,1,-0.00654149191567826,0.00237477066938528,0.00237477066938528,-0.000361188515241833,0.00375017741096737,0.0144696732013101,0.0144696732013101,0.0113138683691724,1,5.42101086242752e-20,0,1,-0.00654127871542943,0.00237551278521946,0.00237551278521946,-0.000361940987399325,0.00375135676361176,0.0144741949741855,0.0144741949741855,0.0113138658951045,-15.2230600317768,14.579644240117,-5.53327034568085,13.162671856404,-5.53327034568085,13.162671856404,50.5051573300766,15.9699947015853,1.73472347597681e-18,1.06004501629565e-19,-7.91034101971066e-19,0,0,0,-0.00654149191567826,-0.000361188515241834,0.00237477066938528,0.00375017741096736,0.0113138683691724,0.0144696732013101,3.23416607839851e-13,3.54613770986864e-08,5.63310243888388e-13,6.22334563744901e-20,3.46944695195361e-18,3.52306131101747e-15
NC_k0045,0.0328947368421052,0.0328947368421052,0.593810368986322,-87.4742296396947,-84.8575023257753,-98.6009455104874,-67.0954529354518,103.050708687021,95.861919985712,85.5382274368795,66.3775722803598,1,320,-5.78550061058112,-18.7616402695987,-8.10055649045935,-0.863083067188201,5.1991941093653e-19,-2.2525782441044e-18,0,-1.71418292700589e-19,-5.57916848108502e-05,0.00137846723421461,1,-7.09740097596941e-20,3.18662752521538e-19,1,-0.00654149191567826,0.00237477066938528,0.00237477066938528,-0.000361188515241833,0.00375017741096736,0.0144696732013101,0.0144696732013101,0.0113138683691724,1,5.42101086242752e-20,0,1,-0.00654127871542943,0.00237551278521946,0.00237551278521946,-0.000361940987399325,0.00375135676361176,0.0144741949741855,0.0144741949741855,0.0113138658951045,-15.1710314928011,14.5483597734817,-5.5522311786108,13.3002652895618,-5.5522311786108,13.3002652895618,50.0563411863984,15.5465983279713,1.73472347597681e-18,2.52118367201459e-19,-6.1625186943298e-19,0,0,0,-0.00654149191567826,-0.000361188515241834,0.00237477066938528,0.00375017741096736,0.0113138683691724,0.0144696732013101,2.78928024078625e-13,4.33244222005055e-08,9.88213773774349e-13,3.18662752521538e-19,3.46944695195361e-18,3.08493769443373e-14
NC_k0045,0.0578947368421052,0.0578947368421052,0.583211028273964,-85.1619818804474,-87.5380643427634,-102.464335414059,-56.1838668921454,109.729414237336,102.037351089679,80.365964969999,51.8700730917245,1,320,-9.66251619671906,-32.6292994421765,-13.9562991608355,-1.6293323530991,3.93076227085199e-19,-2.41917903691749e-18,0,3.51068686857306e-19,-6.52261602144847e-05,0.00138023591739106,1,-6.81694604235102e-20,1.57843035813433e-19,1,-0.00654149191567826,0.00237477066938528,0.00237477066938528,-0.000361188515241833,0.00375017741096736,0.0144696732013101,0.0144696732013101,0.0113138683691724,1,5.42101086242752e-20,0,1,-0.00654127871542943,0.00237551278521946,0.00237551278521946,-0.000361940987399325,0.00375135676361176,0.0144741949741855,0.0144741949741855,0.0113138658951045,-15.0421810876223,14.5230049693491,-5.60913233846879,13.5854462156905,-5.60913233846879,13.5854462156905,49.1189563437006,14.6267637619408,1.95156391047391e-18,9.86351900134664e-20,-3.2815657811708e-19,0,0,0,-0.00654149191567826,-0.000361188515241834,0.00237477066938528,0.00375017741096736,0.0113138683691724,0.0144696732013101,7.83943845705114e-14,4.31723054079228e-08,8.70020824616763e-13,1.57843035813433e-19,3.46944695195361e-18,8.75673755414084e-15
NC_k0046,-0.0671052631578948,-0.0671052631578948,0.596495284615001,-173.993739034752,-65.4045235325114,-189.939460385072,-78.7497749084654,151.130310475269,67.2414214806081,215.508530151564,79.1712778136196,1,320,-8.05841670015551,20.458328256379,4.09197081355375,7.51829479207698,1.64848493403448e-18,-9.03638570932529e-19,0,-7.8416722070027e-19,0.000628824708472578,0.000246110951189052,1,4.17936941467539e-20,-1.42610031894688e-19,1,-0.00666227389545113,-0.00203310119108945,-0.00203310119108945,0.0148185363540504,-0.0028143569959596,0.0097893019387532,0.0097893019387532,0.00530476659841745,1,0,0,1,-0.0066602771031481,-0.00203373653521166,-0.00203373653521166,0.0148171767697519,-0.0028136254078037,0.00979236109560905,0.00979236109560905,0.00530422957351174,-27.5973994339803,-2.63010676584472,-9.28843935369411,26.4057250778959,-9.28843935369411,26.4057250778959,25.2356897206257,11.6742112856727,1.30104260698261e-18,-7.96086173408025e-19,-2.19207088329058e-19,0,0,0,-0.00666227389545113,0.0148185363540504,-0.00203310119108945,-0.0028143569959596,0.00530476659841745,0.00978930193875319,3.69887511873583e-14,6.08327362993605e-08,2.73036898317629e-13,1.42610031894688e-19,5.20417042793042e-18,5.95597948623105e-15
NC_k0046,-0.0421052631578947,-0.0421052631578947,0.593438859820736,-178.663862109707,-68.7024302911446,-187.27355397964,-77.7409268488848,163.499661404181,70.3596497321327,205.119775258545,78.4400009757925,1,320,-5.0861426675969,12.9678385018233,2.60095962529474,4.7844652489142,3.26107684692906e-19,-4.38233671085694e-19,0,3.95670265486165e-19,0.00063833666196292,0.000247979073500916,1,-2.3280441722547e-20,-2.42525692764806e-19,1,-0.00666227389545113,-0.00203310119108945,-0.00203310119108945,0.0148185363540504,-0.00281435699595961,0.0097893019387532,0.0097893019387532,0.00530476659841745,1,0,0,1,-0.0066602771031481,-0.00203373653521166,-0.00203373653521166,0.0148171767697519,-0.0028136254078037,0.00979236109560905,0.00979236109560905,0.00530422957351174,-27.8832809580304,-2.85040796932024,-8.89477477823462,25.8328566486123,-8.89477477823462,25.8328566486123,25.7170138518771,12.2073341798395,1.73472347597681e-18,-2.83821086570484e-20,2.45774909586759e-19,0,0,0,-0.00666227389545113,0.0148185363540504,-0.00203310119108945,-0.0028143569959596,0.00530476659841745,0.00978930193875319,8.02712886763812e-14,5.17420454103871e-08,6.29341206547616e-13,2.42525692764806e-19,3.46944695195361e-18,4.1158252678518e-15
NC_k0046,-0.0171052631578947,-0.0171052631578947,0.591838085359882,-181.891013222466,-72.1834294773558,-185.071835334583,-75.978898267228,176.220441884546,73.5973543026159,193.405377964513,76.9770039702696,1,320,-2.07377333979815,5.27900791869836,1.05772741103707,1.95351362916394,1.141853352458e-18,-1.65594941188216e-19,0,6.39509875176997e-20,0.000644078538758502,0.000248896834252295,1,7.78614115825782e-20,-3.87562722060754e-21,1,-0.00666227389545113,-0.00203310119108945,-0.00203310119108945,0.0148185363540504,-0.00281435699595961,0.0097893019387532,0.0097893019387532,0.00530476659841745,1,0,0,1,-0.0066602771031481,-0.00203373653521166,-0.00203373653521166,0.0148171767697519,-0.0028136254078037,0.00979236109560905,0.00979236109560905,0.00530422957351174,-28.0503081217913,-2.97656474775678,-8.67295964440008,25.5169233280392,-8.67295964440008,25.5169233280392,25.9982888632586,12.4948838855521,1.73472347597681e-18,-1.14091479149769e-18,4.22933578817293e-21,0,0,0,-0.00666227389545113,0.0148185363540504,-0.00203310119108945,-0.0028143569959596,0.00530476659841745,0.00978930193875319,3.14664367818137e-13,1.30903439808168e-08,9.72206723899703e-13,7.78614115825782e-20,6.93889390390723e-18,1.8758897950105e-16
NC_k0046,0.00789473684210525,0.00789473684210525,0.591579629783735,-184.278803172523,-75.108857209684,-182.833911004928,-73.3489911146032,188.861865362491,76.2223894742042,180.910953578456,74.6565962101174,1,320,0.95779759911074,-2.43669472217248,-0.488036050610378,-0.902208059616457,2.91358158031798e-18,-9.22948275151967e-19,0,-4.63379961707306e-19,0.000645015847851971,0.000249021134556735,1,6.76513206220487e-20,-1.89959636474557e-20,1,-0.00666227389545113,-0.00203310119108945,-0.00203310119108945,0.0148185363540504,-0.00281435699595961,0.0097893019387532,0.0097893019387532,0.00530476659841745,1,0,0,1,-0.0066602771031481,-0.00203373653521166,-0.00203373653521166,0.0148171767697519,-0.0028136254078037,0.00979236109560905,0.00979236109560905,0.00530422957351174,-28.0765312871183,-2.99648333748049,-8.63789210399124,25.4669615857643,-8.63789210399124,25.4669615857643,26.0423961657678,12.5392842241371,1.73472347597681e-18,-7.31888239828139e-19,4.22933578817293e-21,0,0,0,-0.00666227389545113,0.0148185363540504,-0.00203310119108945,-0.0028143569959596,0.00530476659841745,0.00978930193875319,9.46245402249578e-13,3.51515048001059e-08,6.53418536433668e-13,6.76513206220487e-20,5.20417042793042e-18,4.69177338404562e-15
NC_k0046,0.0328947368421052,0.0328947368421052,0.59270452243083,-186.436164694095,-77.191263687521,-179.993899982321,-70.0165471418368,200.931703725724,77.9981092819875,168.171899633666,71.5916161968586,1,320,3.98000618474697,-10.1436047793836,-2.03398753623009,-3.74746826071248,-6.99543335313645e-19,-2.65396598198454e-18,0,-3.94135018269267e-19,0.000640968727707161,0.00024841872403219,1,6.08901887022623e-20,1.96982401844852e-19,1,-0.00666227389545113,-0.00203310119108945,-0.00203310119108945,0.0148185363540504,-0.00281435699595961,0.0097893019387532,0.0097893019387532,0.00530476659841745,1,0,0,1,-0.0066602771031481,-0.00203373653521166,-0.00203373653521166,0.0148171767697519,-0.0028136254078037,0.00979236109560905,0.00979236109560905,0.00530422957351174,-27.9609184783821,-2.90905878423986,-8.79208762241253,25.6865209561974,-8.79208762241253,25.6865209561974,25.8476896820485,12.3420002144748,1.73472347597681e-18,-7.15168365198236e-19,-3.9701818082193e-20,0,0,0,-0.00666227389545113,0.0148185363540504,-0.00203310119108945,-0.0028143569959596,0.00530476659841745,0.00978930193875319,2.18857300567597e-13,4.94966878085307e-08,9.26060397908136e-13,1.96982401844852e-19,3.46944695195361e-18,8.05453446906221e-15
NC_k0046,0.0578947368421052,0.0578947368421052,0.595136684280709,-188.868887363298,-78.446987416066,-175.904834926781,-66.5253798223001,211.862858489599,78.9689046876603,155.608545334613,68.302103631307,1,320,6.97029389108587,-17.7479739463106,-3.55663441822416,-6.5310838796734,-6.88584846558543e-19,-4.00487765373674e-19,0,-2.81161998929224e-19,0.000632616012456031,0.000246937711154546,1,-7.36915412507095e-21,1.0364578151392e-19,1,-0.00666227389545113,-0.00203310119108945,-0.00203310119108945,0.0148185363540504,-0.00281435699595961,0.0097893019387532,0.0097893019387532,0.00530476659841745,1,0,0,1,-0.0066602771031481,-0.00203373653521166,-0.00203373653521166,0.0148171767697519,-0.0028136254078037,0.00979236109560905,0.00979236109560905,0.00530422957351174,-27.7120310891534,-2.72012727978895,-9.12501996318577,26.1640455031316,-9.12501996318577,26.1640455031316,25.4285874544263,11.8979902399067,1.73472347597681e-18,-9.42436561054326e-19,4.61372820075992e-20,0,0,0,-0.00666227389545113,0.0148185363540504,-0.00203310119108945,-0.0028143569959596,0.00530476659841745,0.00978930193875319,1.51733204966226e-13,4.09430095312421e-08,1.33950317995008e-12,1.0364578151392e-19,5.20417042793042e-18,4.85028051583507e-15
NC_k0047,-0.0671052631578948,-0.0671052631578948,0.609028826351697,-22.3616989801257,87.8781343047902,15.6256452200305,116.341771689532,-0.200225354263115,-115.251357367929,7.25167561393358,-80.7520076955911,1,320,32.8532125692807,20.4944451507054,17.6047270475955,6.61757558206044,-2.82550338869333e-18,-3.52842162090619e-19,0,-1.54128232664761e-18,-0.000437476950618066,0.0010812176618818,1,2.8135181428933e-19,-1.13080976381467e-19,1,-0.00322042004354662,0.0129470972600951,0.0129470972600951,-0.00756834716060175,0.00988741323463333,0.00818138711367099,0.00818138711367099,-0.000160165418325991,1,0,2.16840434497101e-19,1,-0.00322118116157155,0.0129511432279889,0.0129511432279889,-0.00756842891501464,0.0098870082381689,0.008183943797144,0.008183943797144,-0.000159000480625902,-1.48038866140386,43.4992918647784,17.1748887473878,-0.358545965712889,17.1748887473878,-0.358545965712889,31.2860205749062,-13.5930687077857,1.73472347597681e-18,5.62227685017583e-19,1.71052091198386e-19,0,0,0,-0.00322042004354662,-0.00756834716060175,0.0129470972600951,0.00988741323463333,-0.000160165418325989,0.00818138711367098,6.28287612065417e-14,6.70394730113491e-08,9.20488241081968e-13,2.8135181428933e-19,5.20417042793042e-18,4.73964406794514e-15
NC_k0047,-0.0421052631578947,-0.0421052631578947,0.608264376170771,-14.3093481673984,89.7437976468562,11.9241131139578,108.903827126685,-1.21363415179657,-107.324950065408,4.03292611022251,-83.0529608698574,1,320,21.2423269359327,13.1952149151497,11.3643888108572,4.12011109177693,-8.51373991108979e-19,-8.95419704366202e-19,0,-2.73559878227617e-18,-0.000426385384859295,0.00108669696779751,1,1.88144739983225e-19,-9.2207208805403e-20,1,-0.00322042004354662,0.0129470972600951,0.0129470972600951,-0.00756834716060175,0.00988741323463333,0.00818138711367099,0.00818138711367099,-0.00016016541832599,1,0,2.16840434497101e-19,1,-0.00322118116157155,0.0129511432279889,0.0129511432279889,-0.00756842891501464,0.0098870082381689,0.008183943797144,0.008183943797144,-0.000159000480625902,-1.19351190642338,43.962436306909,16.7068573908964,-0.19383299855606,16.7068573908964,-0.19383299855606,31.7813612990256,-13.1706769941422,1.30104260698261e-18,-1.59264320424983e-19,-9.27028595130604e-20,0,0,0,-0.00322042004354662,-0.00756834716060175,0.0129470972600951,0.00988741323463333,-0.000160165418325989,0.00818138711367098,1.16111171763159e-13,4.97774148003274e-08,1.35067226178339e-12,1.88144739983225e-19,3.46944695195361e-18,9.67372455305741e-15
NC_k0047,-0.0171052631578947,-0.0171052631578947,0.608246378365646,-5.23484432060223,93.4363578524046,5.9169684558904,101.555848749196,-1.24737175779901,-98.5586273691112,1.06179119803484,-88.1440307635968,1,320,8.74052538265744,5.41347280555712,4.67081940211078,1.66122163964155,-1.38013430843248e-19,-1.09402246071773e-18,0,-8.00710832951331e-19,-0.000420050952154689,0.00109017702248163,1,-1.89172860446068e-21,4.3426141557507e-20,1,-0.00322042004354662,0.0129470972600951,0.0129470972600951,-0.00756834716060175,0.00988741323463333,0.00818138711367099,0.00818138711367099,-0.00016016541832599,1,0,2.16840434497101e-19,1,-0.00322118116157155,0.0129511432279889,0.0129511432279889,-0.00756842891501464,0.0098870082381689,0.008183943797144,0.008183943797144,-0.000159000480625902,-1.03820864673278,44.2801840775533,16.436174489241,-0.10794099272003,16.436174489241,-0.10794099272003,32.089005052222,-12.9304468314412,1.19262238973405e-18,4.44599614071481e-19,-3.34248433311646e-19,0,0,0,-0.00322042004354662,-0.00756834716060175,0.0129470972600951,0.00988741323463333,-0.000160165418325989,0.00818138711367098,2.44691656508599e-13,2.69772231435433e-08,1.12149951796959e-12,4.3426141557507e-20,3.46944695195361e-18,2.51889337689027e-14
NC_k0047,0.00789473684210525,0.00789473684210525,0.608254266878576,3.19281851518023,99.0765907288699,-1.98852848878857,95.3045434267183,0.190946254269465,-90.6217356738255,-0.888504432980151,-95.4669225976581,1,320,-4.0412447093391,-2.5015554485747,-2.15912405211154,-0.7655281415495,-2.01657368917568e-18,-3.07120746348486e-18,0,-1.13444181416953e-18,-0.000419049807669053,0.00109075796322863,1,-4.83641025403725e-20,7.57139422801184e-20,1,-0.00322042004354662,0.0129470972600951,0.0129470972600951,-0.00756834716060175,0.00988741323463333,0.00818138711367099,0.00818138711367099,-0.00016016541832599,1,0,2.16840434497101e-19,1,-0.00322118116157155,0.0129511432279889,0.0129511432279889,-0.00756842891501464,0.0098870082381689,0.008183943797144,0.008183943797144,-0.000159000480625902,-1.01395897744176,44.3328128663132,16.392613997695,-0.0949839254040935,16.392613997695,-0.0949839254040935,32.1385538102084,-12.8920000577499,1.30104260698261e-18,5.17774807894631e-19,-2.37274442950424e-19,0,0,0,-0.00322042004354662,-0.00756834716060175,0.0129470972600951,0.00988741323463333,-0.000160165418325989,0.00818138711367098,1.0283432765586e-12,4.12091321372373e-08,7.22765979910877e-13,7.57139422801184e-20,3.46944695195361e-18,1.09515683004337e-15
NC_k0047,0.0328947368421052,0.0328947368421052,0.60823955604334,9.96546625492252,106.130789927959,-10.9812077784366,90.8703346587006,2.86395547524688,-84.6280779827703,-1.38513216088901,-104.093748669368,1,320,-16.6997918775817,-10.3597944805791,-8.92966349819311,-3.2084598150132,-1.34222958404285e-18,-1.67604659204475e-18,0,-1.30527777171888e-18,-0.000423452925161932,0.00108828143388491,1,-9.15164673348005e-20,2.61282417618629e-19,1,-0.00322042004354662,0.0129470972600951,0.0129470972600951,-0.00756834716060175,0.00988741323463333,0.00818138711367098,0.00818138711367098,-0.000160165418325991,1,0,2.16840434497101e-19,1,-0.00322118116157155,0.0129511432279889,0.0129511432279889,-0.00756842891501464,0.0098870082381689,0.008183943797144,0.008183943797144,-0.000159000480625902,-1.12109391932568,44.1061699657432,16.5825614267425,-0.153277904390922,16.5825614267425,-0.153277904390922,31.9223836526064,-13.0600271451147,1.73472347597681e-18,4.08253718024672e-19,4.83228859871542e-20,0,0,0,-0.00322042004354662,-0.00756834716060175,0.0129470972600951,0.00988741323463333,-0.000160165418325989,0.00818138711367098,1.46657635632628e-13,5.97812686899913e-08,1.92130558084307e-12,2.61282417618629e-19,5.20417042793042e-18,3.65061105807478e-15
NC_k0047,0.0578947368421052,0.0578947368421052,0.60852959790062,14.5389980739134,113.655828235018,-19.6468073870041,88.3903793259369,6.09263196242137,-81.2516886587943,-0.618772219532703,-112.551031644196,1,320,-28.7373566863337,-17.8975965290253,-15.3895345610686,-5.69742081484773,-3.20919607890973e-19,4.44427599512491e-19,0,7.34509914167487e-19,-0.00043290544547377,0.00108335067202873,1,-4.54292958837261e-21,1.56992299508106e-19,1,-0.00322042004354662,0.0129470972600951,0.0129470972600951,-0.00756834716060176,0.00988741323463333,0.00818138711367099,0.00818138711367099,-0.00016016541832599,1,0,2.16840434497101e-19,1,-0.00322118116157155,0.0129511432279889,0.0129511432279889,-0.00756842891501464,0.0098870082381689,0.008183943797144,0.008183943797144,-0.000159000480625902,-1.35933415274268,43.6705862826698,16.9808739562983,-0.289126870637764,16.9808739562983,-0.289126870637764,31.4803067525503,-13.4170972903168,1.73472347597681e-18,1.00917593675541e-18,-1.18091075676342e-19,0,0,0,-0.00322042004354662,-0.00756834716060175,0.0129470972600951,0.00988741323463333,-0.000160165418325989,0.00818138711367098,1.46498014947237e-13,3.38124191147301e-08,1.33478387605711e-12,1.56992299508106e-19,5.20417042793042e-18,1.56901456309043e-14
NC_k0048,-0.0671052631578948,-0.0671052631578948,0.562984659495466,-121.599245378288,46.0013656325083,-99.2846685371086,96.2182878551519,90.0177198797402,-63.5731319588961,123.106294621045,-78.0406975089964,1,320,26.81226612752,-7.17869938583732,6.47907702475527,10.3353639120472,6.06766757809698e-19,1.36171134182969e-18,0,-8.07037110276136e-19,-0.000850142315551605,-0.00048826226929175,1,2.93595505468999e-19,-3.32239554668383e-20,1,-0.00959817720777239,0.0143184260441409,0.0143184260441409,0.00264488798011918,-0.00547214519221274,-0.00197937105098254,-0.00197937105098254,-0.00787400499854834,1,1.35525271560688e-20,-2.16840434497101e-19,1,-0.00959749233116505,0.0143229005522796,0.0143229005522796,0.00264365987779092,-0.00547285417150194,-0.00197998960443597,-0.00197998960443597,-0.00787433868724279,-18.8694233364283,50.7435303002832,9.78904692889462,10.1321404549405,9.78904692889462,10.1321404549405,-14.1308635338301,-12.3164418220503,2.60208521396521e-18,1.09169549766772e-19,3.73152595783132e-19,0,0,0,-0.00959817720777239,0.00264488798011918,0.0143184260441408,-0.00547214519221274,-0.00787400499854834,-0.00197937105098254,1.13886584312054e-13,6.29623296771184e-08,3.2252899894268e-13,2.93595505468999e-19,6.93889390390723e-18,1.89314945916165e-14
NC_k0048,-0.0421052631578947,-0.0421052631578947,0.565986839660736,-117.819709192672,55.8226287194864,-101.468773915838,88.1430310127111,94.9104460912575,-67.8239491156146,116.629494571546,-75.5579737438774,1,320,17.2401748011347,-4.55961930291654,4.18458331441201,6.59171591217351,7.45494872702191e-19,-7.1505462616024e-19,0,-6.59626907674286e-19,-0.000833974530811311,-0.000485659828479685,1,1.52379016049036e-19,5.32632213299249e-21,1,-0.0095981772077724,0.0143184260441409,0.0143184260441409,0.00264488798011918,-0.00547214519221273,-0.00197937105098254,-0.00197937105098254,-0.00787400499854833,1,1.35525271560688e-20,-2.16840434497101e-19,1,-0.00959749233116505,0.0143229005522796,0.0143229005522796,0.00264365987779092,-0.00547285417150194,-0.00197998960443597,-0.00197998960443597,-0.00787433868724279,-18.8691705637908,51.0711889329223,9.54189592913329,10.2379673894268,9.54189592913329,10.2379673894268,-14.5190587589505,-12.6546165777612,2.60208521396521e-18,4.92121591020735e-19,-3.10028852831499e-19,0,0,0,-0.00959817720777239,0.00264488798011918,0.0143184260441408,-0.00547214519221274,-0.00787400499854834,-0.00197937105098254,1.5949956535305e-13,4.75398896442602e-08,3.23402134415486e-13,1.52379016049036e-19,6.93889390390723e-18,1.41233067929506e-14
NC_k0048,-0.0171052631578947,-0.0171052631578947,0.568331640534673,-112.630543482402,65.6310304621859,-105.469193804791,78.9424694152511,100.64852684366,-70.5897030260295,109.713533925637,-73.4120733924025,1,320,7.06927531965576,-1.86509549066048,1.71737934356845,2.69611826868397,-7.28501274197902e-19,9.02619484417864e-20,0,-6.91073005841102e-19,-0.000825064818592322,-0.000484045500615645,1,-1.4335291046169e-19,-3.34306275956111e-20,1,-0.0095981772077724,0.0143184260441409,0.0143184260441409,0.00264488798011918,-0.00547214519221274,-0.00197937105098254,-0.00197937105098254,-0.00787400499854834,1,1.35525271560688e-20,-2.16840434497101e-19,1,-0.00959749233116505,0.0143229005522796,0.0143229005522796,0.00264365987779092,-0.00547285417150194,-0.00197998960443597,-0.00197998960443597,-0.00787433868724279,-18.9110728046019,51.3208815060227,9.40428584779427,10.3071600099205,9.40428584779427,10.3071600099205,-14.7726703699473,-12.8300711194015,3.46944695195361e-18,3.95147600659513e-19,2.70036285126894e-19,0,0,0,-0.00959817720777239,0.00264488798011918,0.0143184260441408,-0.00547214519221274,-0.00787400499854834,-0.00197937105098254,5.09215863334051e-13,2.33055568411448e-08,7.55167063850872e-13,1.4335291046169e-19,1.04083408558608e-17,2.10975560936065e-14
NC_k0048,0.00789473684210525,0.00789473684210525,0.568728987733544,-107.275013506911,75.3988336867231,-110.616421415339,69.2423921611511,107.178539385961,-72.6755902185555,102.976876503582,-71.3959759466545,1,320,-3.26661786085925,0.861794524910013,-0.793591700863249,-1.24543535462451,-1.64160279133804e-18,9.08760473285457e-19,0,1.23735631726092e-18,-0.00082367982683443,-0.000483769803407774,1,-2.69577959221998e-19,-1.39712955339098e-20,1,-0.00959817720777239,0.0143184260441409,0.0143184260441409,0.00264488798011918,-0.00547214519221274,-0.00197937105098254,-0.00197937105098254,-0.00787400499854834,1,1.35525271560688e-20,-2.16840434497101e-19,1,-0.00959749233116505,0.0143229005522796,0.0143229005522796,0.00264365987779092,-0.00547285417150194,-0.00197998960443597,-0.00197998960443597,-0.00787433868724279,-18.9200318864831,51.3630896444933,9.38241183242311,10.3184345159046,9.38241183242311,10.3184345159046,-14.8146764500521,-12.8563842683901,2.60208521396521e-18,-8.79435469376577e-20,2.70036285126894e-19,0,0,0,-0.00959817720777239,0.00264488798011918,0.0143184260441408,-0.00547214519221274,-0.00787400499854834,-0.00197937105098254,7.78028730701726e-13,3.92229456416776e-08,4.29933758288342e-13,2.69577959221998e-19,6.93889390390723e-18,9.95577427511234e-15
NC_k0048,0.0328947368421052,0.0328947368421052,0.567033871835256,-102.762300747846,84.8486474952227,-116.002489788365,59.4382169677074,114.100074983661,-74.7335328457506,96.9209913665677,-68.9752692465811,1,320,-13.531928155027,3.57345135811572,-3.28629734298072,-5.1669250291773,-7.60688526193565e-19,7.9102289361711e-19,0,4.05146446583573e-19,-0.000829826008932421,-0.000484926549187237,1,-6.0260405957691e-20,-1.40939652026107e-19,1,-0.0095981772077724,0.0143184260441409,0.0143184260441409,0.00264488798011918,-0.00547214519221274,-0.00197937105098254,-0.00197937105098254,-0.00787400499854834,1,1.35525271560688e-20,-2.16840434497101e-19,1,-0.00959749233116505,0.0143229005522796,0.0143229005522796,0.00264365987779092,-0.00547285417150194,-0.00197998960443597,-0.00197998960443597,-0.00787433868724279,-18.8852350961315,51.1828395426708,9.47836309176365,10.269439724558,9.47836309176365,10.269439724558,-14.6338562959449,-12.7378160206349,2.60208521396521e-18,6.14425720638794e-19,4.41076532439112e-19,0,0,0,-0.00959817720777239,0.00264488798011918,0.0143184260441408,-0.00547214519221274,-0.00787400499854834,-0.00197937105098254,9.51718553195801e-14,2.90315019123055e-08,4.10400584600057e-13,1.40939652026107e-19,6.93889390390723e-18,1.56635866712064e-15
NC_k0048,0.0578947368421052,0.0578947368421052,0.563990589691037,-99.846887575741,93.4170697829098,-120.449278119509,49.6163208937428,120.808431355558,-77.0847959721757,91.730102218681,-65.3506413342023,1,320,-23.4025386951173,6.22629209921372,-5.66816137664819,-8.9853354979349,-5.63806305516144e-19,-1.25816156402786e-18,0,1.06636154103396e-18,-0.000843395623044676,-0.000487254413024032,1,-7.69185348159455e-20,-2.84311056026765e-20,1,-0.0095981772077724,0.0143184260441408,0.0143184260441408,0.00264488798011918,-0.00547214519221274,-0.00197937105098254,-0.00197937105098254,-0.00787400499854834,1,1.35525271560688e-20,-2.16840434497101e-19,1,-0.00959749233116505,0.0143229005522796,0.0143229005522796,0.00264365987779092,-0.00547285417150194,-0.00197998960443597,-0.00197998960443597,-0.00787433868724279,-18.8564961798657,50.8558779562728,9.68485277975717,10.172453288763,9.68485277975717,10.172453288763,-14.2813107896555,-12.4592463098754,1.73472347597681e-18,3.983127166415e-19,2.7617860542191e-19,0,0,0,-0.00959817720777239,0.00264488798011918,0.0143184260441408,-0.00547214519221274,-0.00787400499854834,-0.00197937105098254,1.01256536935215e-13,2.56339844114421e-08,7.04606710268632e-13,7.69185348159455e-20,3.46944695195361e-18,1.77166204618772e-15
NC_k0049,-0.0671052631578948,-0.0671052631578948,0.285625817638891,40.8423464655666,-30.3374773050807,109.638613984583,-58.3636961621511,-51.5052598026866,18.7578199174407,-98.043829893966,71.8198305071151,1,320,32.7029704532504,19.1993401881063,17.1277625116478,-8.63214867405519,-2.96609762304775e-18,-2.28262144395233e-19,0,-7.66664078938648e-19,-0.000376023550205941,-0.000466981106234831,1,1.18816937407061e-19,-1.07999602706377e-19,1,0.00157454726667927,0.00976867116296737,0.00976867116296737,-0.0112931204706938,-0.0126793367371586,0.00350337763604774,0.00350337763604774,-0.00123290700954228,1,0,0,1,0.0015731623483715,0.0097717238727058,0.0097717238727058,-0.0112924948159176,-0.0126789859318575,0.00350447244155901,0.00350447244155901,-0.0012343447088861,11.4362979708087,40.5472757159563,-5.78701207494481,-10.6130029726249,-5.78701207494481,-10.6130029726249,18.7400155752509,6.50361664921926,1.30104260698261e-18,5.96641742006593e-19,-6.32118086352327e-20,0,0,0,0.00157454726667927,-0.0112931204706938,0.00976867116296737,-0.0126793367371587,-0.00123290700954228,0.00350337763604774,1.24713909676594e-13,5.56678137401822e-08,1.81559294127202e-13,1.18816937407061e-19,5.20417042793042e-18,8.74571432672365e-15
NC_k0049,-0.0421052631578947,-0.0421052631578947,0.289300255188666,57.1730044559726,-39.102036621014,101.763069355895,-55.8722728431795,-64.6513668803956,31.1505902642336,-93.2942207689359,65.7337925930661,1,320,21.1875403776463,12.6026025704741,11.1507471728798,-5.63831505598104,5.55865371635635e-19,1.90840493483334e-19,0,-6.28630795760699e-19,-0.00037715865654326,-0.000469053182750555,1,6.59742676447804e-20,-1.20064685814355e-19,1,0.00157454726667927,0.00976867116296737,0.00976867116296737,-0.0112931204706938,-0.0126793367371587,0.00350337763604774,0.00350337763604774,-0.00123290700954228,1,0,0,1,0.0015731623483715,0.0097717238727058,0.0097717238727058,-0.0112924948159176,-0.0126789859318575,0.00350447244155901,0.00350447244155901,-0.0012343447088861,11.8791835644647,41.1784855638762,-5.90601927154372,-10.5312840501215,-5.90601927154372,-10.5312840501215,19.0105680802934,6.64331684101059,1.95156391047391e-18,1.13004170848633e-19,-6.52145147651308e-21,0,0,0,0.00157454726667927,-0.0112931204706938,0.00976867116296737,-0.0126793367371587,-0.00123290700954228,0.00350337763604774,9.09241449452086e-14,6.14896717000692e-08,1.02296617212276e-12,1.20064685814355e-19,5.20417042793042e-18,2.11068829906707e-15
NC_k0049,-0.0171052631578947,-0.0171052631578947,0.291874093354756,72.7621864644763,-46.057020814666,91.1637686526808,-52.6529117828321,-75.7204744481333,43.1565671633859,-87.1856789267727,57.4773413006444,1,320,8.73568370838977,5.23307035119798,4.60968883966396,-2.33580842802103,-3.02030773167202e-18,3.14826595498907e-19,0,-4.8887035946374e-19,-0.000377794398689194,-0.000470062435077622,1,-5.95713291140117e-20,-8.42305746751874e-20,1,0.00157454726667926,0.00976867116296737,0.00976867116296737,-0.0112931204706938,-0.0126793367371587,0.00350337763604774,0.00350337763604774,-0.00123290700954228,1,0,0,1,0.0015731623483715,0.0097717238727058,0.0097717238727058,-0.0112924948159176,-0.0126789859318575,0.00350447244155901,0.00350447244155901,-0.0012343447088861,12.141558735986,41.6019489668979,-5.9930261293988,-10.5045982141426,-5.9930261293988,-10.5045982141426,19.2059872160328,6.75046878636995,1.09775469964157e-18,1.11049141539838e-18,1.00903724100291e-18,0,0,0,0.00157454726667927,-0.0112931204706938,0.00976867116296737,-0.0126793367371587,-0.00123290700954228,0.00350337763604774,1.52051158329584e-13,4.9793481837927e-08,6.84764962470061e-13,8.42305746751874e-20,5.20417042793042e-18,4.5835474101063e-14
NC_k0049,0.00789473684210525,0.00789473684210525,0.29230619209937,86.6183178005581,-51.1689067269511,78.1058226776174,-48.1408743387228,-84.489029761475,53.9321187661004,-79.210748555464,47.3036242910219,1,320,-4.04046034323727,-2.42304751286221,-2.13295759251285,1.08128617581384,-2.34702241772326e-18,3.50089305012043e-19,0,2.99055569939971e-19,-0.000377897937750559,-0.000470205771499084,1,-1.14263631309804e-19,-1.2773156135748e-20,1,0.00157454726667927,0.00976867116296737,0.00976867116296737,-0.0112931204706938,-0.0126793367371587,0.00350337763604774,0.00350337763604774,-0.00123290700954228,1,0,0,1,0.0015731623483715,0.0097717238727058,0.0097717238727058,-0.0112924948159176,-0.0126789859318575,0.00350447244155901,0.00350447244155901,-0.0012343447088861,12.1836383506676,41.6721731608584,-6.00791176908784,-10.5014296818377,-6.00791176908784,-10.5014296818377,19.2391861400603,6.76913716082785,1.73472347597681e-18,6.93958710911494e-19,-6.52145147651309e-21,0,0,0,0.00157454726667927,-0.0112931204706938,0.00976867116296737,-0.0126793367371587,-0.00123290700954228,0.00350337763604774,6.63969619500035e-13,5.04809814257766e-08,6.89835732549041e-13,1.14263631309804e-19,5.20417042793042e-18,1.4243065849693e-14
NC_k0049,0.0328947368421052,0.0328947368421052,0.290456812695885,98.1663869370031,-54.8015622831321,63.0681687146906,-41.8886948025833,-91.2303195839474,62.9357942546483,-68.9999445922719,35.6712857339753,1,320,-16.6712109850047,-9.94928148464182,-8.78476251498337,4.44605940724631,-2.4210319214896e-18,6.28604325981098e-19,0,-1.11795114147767e-18,-0.000377453477253946,-0.000469534793846408,1,-2.27289472128747e-19,-8.91520220525029e-20,1,0.00157454726667926,0.00976867116296737,0.00976867116296737,-0.0112931204706938,-0.0126793367371586,0.00350337763604774,0.00350337763604774,-0.00123290700954228,1,0,0,1,0.0015731623483715,0.0097717238727058,0.0097717238727058,-0.0112924948159176,-0.0126789859318575,0.00350447244155901,0.00350447244155901,-0.0012343447088861,11.9999379778094,41.3699794361163,-5.94469781654416,-10.5174763748896,-5.94469781654416,-10.5174763748896,19.0977789201887,6.69052623457489,2.16840434497101e-18,1.08487675141914e-18,-4.58017075279516e-21,0,0,0,0.00157454726667927,-0.0112931204706938,0.00976867116296737,-0.0126793367371587,-0.00123290700954228,0.00350337763604774,9.44586652730121e-14,5.78401188766595e-08,4.52088863959926e-13,2.27289472128747e-19,5.20417042793042e-18,2.77119233452445e-14
NC_k0049,0.0578947368421052,0.0578947368421052,0.286986155643412,107.057781884819,-57.4950760481262,46.8548215810267,-33.7465695329597,-96.4186072523659,69.8349316297215,-56.5366303146973,23.2991068090713,1,320,-28.6205336243096,-16.8936474643918,-15.0196797592716,7.57990267944718,1.15927046743592e-18,-8.70194004405785e-20,0,2.60515570839901e-19,-0.000376470178651931,-0.00046787395712775,1,-6.5761474712951e-20,-4.18667507178908e-20,1,0.00157454726667927,0.00976867116296737,0.00976867116296737,-0.0112931204706938,-0.0126793367371586,0.00350337763604774,0.00350337763604774,-0.00123290700954228,1,0,0,1,0.0015731623483715,0.0097717238727058,0.0097717238727058,-0.0112924948159176,-0.0126789859318575,0.00350447244155901,0.00350447244155901,-0.0012343447088861,11.6156385384383,40.7865171483113,-5.83059149314283,-10.5730743101418,-5.83059149314283,-10.5730743101418,18.8390538717474,6.55354917499603,1.73472347597681e-18,7.23586578566521e-19,3.19833775170521e-20,0,0,0,0.00157454726667927,-0.0112931204706938,0.00976867116296737,-0.0126793367371587,-0.00123290700954228,0.00350337763604774,8.05924650546016e-14,6.03341712012606e-08,7.21610835379791e-13,6.5761474712951e-20,5.20417042793042e-18,2.41784970022352e-14
NC_k0050,-0.0671052631578948,-0.0671052631578948,0.476314922726694,-182.50458479859,68.1725742006329,-229.665905223336,131.177814958268,154.294691287042,-80.3037108012371,247.73121846946,-121.383096315719,1,320,-10.1308189368194,-9.59107710373829,-6.50822569338409,18.6552406239155,1.95005513303661e-18,-6.10154889598715e-19,0,1.03367136322587e-18,-0.00109907313775912,-0.000111793076557923,1,3.93806599201114e-22,-2.68231662593532e-20,1,-0.0164440485414028,0.001712164880368,0.001712164880368,0.00689250589615461,0.00645796550210894,0.00163830469021281,0.00163830469021281,-0.00589624972143269,1,2.71050543121376e-20,-1.0842021724855e-19,1,-0.0164425984802219,0.00171269993189311,0.00171269993189311,0.00689030962070459,0.00645702227106728,0.0016388166604285,0.0016388166604285,-0.00589526260634567,-34.6413885305467,0.775718268303303,12.5302510177527,22.6794059067216,12.5302510177527,22.6794059067216,-6.94018303558386,-16.4816015727712,9.75781955236954e-19,-2.68894532680387e-19,-4.87240338987465e-20,0,0,0,-0.0164440485414028,0.00689250589615461,0.001712164880368,0.00645796550210893,-0.00589624972143269,0.00163830469021281,7.54144449362623e-14,1.63210988852316e-08,3.69584430789588e-13,2.68231662593532e-20,3.46944695195361e-18,3.49628881540059e-15
NC_k0050,-0.0421052631578947,-0.0421052631578947,0.481907611956677,-195.78375154983,82.1490681332294,-224.021668746183,121.835673726273,175.047776906959,-90.6664259652092,234.548615447552,-115.69637200351,1,320,-6.51553015474927,-6.41364637209962,-4.26662825386012,12.0083108439413,1.76590487634761e-18,-1.01331610271216e-18,0,1.09055491958991e-18,-0.00108061551502362,-0.00010603408714813,1,-5.8900794823061e-20,-4.59582357420761e-21,1,-0.0164440485414028,0.001712164880368,0.001712164880368,0.00689250589615461,0.00645796550210894,0.00163830469021281,0.00163830469021281,-0.00589624972143269,1,2.71050543121376e-20,-1.0842021724855e-19,1,-0.0164425984802219,0.00171269993189311,0.00171269993189311,0.00689030962070459,0.00645702227106728,0.0016388166604285,0.0016388166604285,-0.00589526260634567,-35.3949657294614,0.193937989020083,12.5052904864751,22.5917410811096,12.5052904864751,22.5917410811096,-7.22445341605514,-16.686333221597,9.75781955236954e-19,-3.58776584093292e-19,-3.34562070798813e-19,0,0,0,-0.0164440485414028,0.00689250589615461,0.001712164880368,0.00645796550210893,-0.00589624972143269,0.00163830469021281,1.02809464164234e-13,2.2821045257372e-08,1.22013722093753e-13,5.8900794823061e-20,6.93889390390723e-18,3.68609417101289e-15
NC_k0050,-0.0171052631578947,-0.0171052631578947,0.485604562471807,-206.425977884886,95.0941244236514,-217.557678168235,111.234474676019,194.699614097147,-99.3728581592157,219.047472942239,-109.350704502659,1,320,-2.68593697768617,-2.69629815025024,-1.77613759221902,4.93643005196285,1.63519710467443e-18,-5.36635076755002e-19,0,6.2193394152147e-19,-0.00107033297550947,-0.000102922011819373,1,-7.34150275144022e-20,1.72439416959997e-20,1,-0.0164440485414028,0.001712164880368,0.001712164880368,0.00689250589615461,0.00645796550210894,0.00163830469021281,0.00163830469021281,-0.00589624972143269,1,2.71050543121376e-20,-1.0842021724855e-19,1,-0.0164425984802219,0.00171269993189311,0.00171269993189311,0.00689030962070459,0.00645702227106728,0.0016388166604285,0.0016388166604285,-0.00589526260634567,-35.8599098257828,-0.140866704291665,12.510397863765,22.5680469259957,12.510397863765,22.5680469259957,-7.43077150233237,-16.8254026933223,6.50521303491303e-19,3.14704935808449e-19,-1.4061409007637e-19,0,0,0,-0.0164440485414028,0.00689250589615461,0.001712164880368,0.00645796550210893,-0.00589624972143269,0.00163830469021281,5.40129524347171e-13,1.76563955401152e-08,2.1575206092558e-13,7.34150275144022e-20,3.46944695195361e-18,1.32603645856391e-14
NC_k0050,0.00789473684210525,0.00789473684210525,0.486213195836414,-214.870516405004,107.063043188915,-209.757652627979,99.612947465061,212.818267456099,-106.832479145371,201.568944282979,-102.241086005606,1,320,1.24263078711222,1.25107772701348,0.822923809661488,-2.28224447017293,2.09836530814492e-18,-3.41883673335517e-19,0,7.34801081743106e-20,-0.00106871648250866,-0.000102437900400653,1,2.06751688001776e-20,1.81345621326964e-20,1,-0.0164440485414028,0.001712164880368,0.001712164880368,0.00689250589615461,0.00645796550210893,0.00163830469021281,0.00163830469021281,-0.00589624972143269,1,2.71050543121376e-20,-1.0842021724855e-19,1,-0.0164425984802219,0.00171269993189311,0.00171269993189311,0.00689030962070459,0.00645702227106728,0.0016388166604285,0.0016388166604285,-0.00589526260634567,-35.9352760773782,-0.194321619510414,12.5121099958194,22.5654567131172,12.5121099958194,22.5654567131172,-7.46638110827266,-16.8484526550565,1.0842021724855e-18,-1.68386211788722e-19,2.70191265802119e-19,0,0,0,-0.0164440485414028,0.00689250589615461,0.001712164880368,0.00645796550210893,-0.00589624972143269,0.00163830469021281,6.41447530886033e-13,1.6493224838726e-08,3.62001748680538e-13,2.06751688001776e-20,5.20417042793042e-18,7.64941627323832e-15
NC_k0050,0.0328947368421052,0.0328947368421052,0.483585679286389,-221.762451436278,118.0614243177,-200.000414849762,87.0392544678706,229.091522502894,-113.437438199854,182.449169350931,-94.0495884674353,1,320,5.12470214214822,5.09181537361149,3.37145078020074,-9.43484018152286,9.11619209482441e-19,-6.54888817125583e-19,0,3.21470179306688e-18,-0.00107583942539135,-0.000104580712548941,1,-4.55681430288807e-20,7.07849415858482e-20,1,-0.0164440485414028,0.001712164880368,0.001712164880368,0.00689250589615461,0.00645796550210893,0.00163830469021281,0.00163830469021281,-0.00589624972143269,1,2.71050543121376e-20,-1.0842021724855e-19,1,-0.0164425984802219,0.00171269993189311,0.00171269993189311,0.00689030962070459,0.00645702227106728,0.0016388166604285,0.0016388166604285,-0.00589526260634567,-35.6077371452659,0.039451514525963,12.5063751050634,22.5790930263182,12.5063751050634,22.5790930263182,-7.31586232046198,-16.7491878749973,1.30104260698261e-18,-6.47799720719453e-20,1.5686949941227e-20,0,0,0,-0.0164440485414028,0.00689250589615461,0.001712164880368,0.00645796550210893,-0.00589624972143269,0.00163830469021281,1.07505769656167e-13,2.40901227777623e-08,9.03566230951705e-13,7.07849415858482e-20,3.46944695195361e-18,1.37748871256503e-15
NC_k0050,0.0578947368421052,0.0578947368421052,0.478443651287111,-227.650907639886,127.902083813979,-187.696042948791,73.4283785241534,243.161204421196,-119.363444515792,162.010233218865,-84.3219255999883,1,320,8.82798828266528,8.49848964701359,5.71773771679406,-16.2807989757005,8.36550914532028e-19,5.47262693265083e-21,0,-1.14794140176639e-18,-0.00109143440134225,-0.000109399651951136,1,-3.23291908210186e-20,1.01809763420848e-19,1,-0.0164440485414028,0.001712164880368,0.001712164880368,0.00689250589615461,0.00645796550210893,0.00163830469021281,0.00163830469021281,-0.00589624972143269,1,2.71050543121376e-20,-1.0842021724855e-19,1,-0.0164425984802219,0.00171269993189311,0.00171269993189311,0.00689030962070459,0.00645702227106728,0.0016388166604285,0.0016388166604285,-0.00589526260634567,-34.9401512410575,0.535825419618571,12.5133799262873,22.6340467547887,12.5133799262873,22.6340467547887,-7.04591682268269,-16.5584887977871,1.30104260698261e-18,-2.68894532680387e-19,4.34367113698425e-19,0,0,0,-0.0164440485414028,0.00689250589615461,0.001712164880368,0.00645796550210893,-0.00589624972143269,0.00163830469021281,1.22527692505991e-13,2.5420175775294e-08,1.98875178768903e-13,1.01809763420848e-19,3.46944695195361e-18,4.98905042740692e-15
NC_k0051,-0.0671052631578948,-0.0671052631578948,0.3047265587182,-58.7581567284287,-133.961688470298,-39.5989009560556,-192.327787825372,53.9089063566555,156.8802129042,49.5427020517747,180.996575426003,1,320,7.40615036130216,11.4590590834785,6.22551911677761,-5.83513201790111,4.75953107018112e-19,5.39076913923258e-19,0,7.20814284765446e-19,0.0010265650963727,0.00136782085415361,1,1.2529600048963e-19,3.87152638898333e-20,1,0.00312673908891714,0.000957244486943936,0.000957244486943936,0.0114337576136561,-0.00281773145494278,0.0016217794992341,0.0016217794992341,0.0157482250808751,1,0,0,1,0.00312795684414183,0.000957543625846106,0.000957543625846106,0.0114336773972363,-0.00281577589218116,0.00162228630532761,0.00162228630532761,0.015747279712928,-5.72458740853283,14.4622819811518,-16.9528101287954,9.47557915981034,-16.9528101287954,9.47557915981034,2.11384063389908,28.8814153210508,1.30104260698261e-18,-6.24495909772255e-19,-7.2551968968227e-19,0,0,0,0.00312673908891714,0.0114337576136561,0.000957244486943936,-0.00281773145494278,0.0157482250808751,0.0016217794992341,2.24155576043424e-13,4.12457835026285e-08,9.65794370847675e-13,1.2529600048963e-19,1.73472347597681e-18,2.8235899348707e-14
NC_k0051,-0.0421052631578947,-0.0421052631578947,0.309991194198993,-54.1168520503043,-146.832173410256,-41.6629939918781,-184.544403746648,51.6107595202813,164.338218904854,49.3119879788003,178.741908505733,1,320,4.89334712920881,7.2422145908669,4.00473536762499,-3.79963936262872,-1.83998055456295e-19,8.37027370564859e-19,0,6.78076344056669e-19,0.00103048611894747,0.00135608337880996,1,8.80904312583852e-20,-4.67740061362203e-20,1,0.00312673908891714,0.000957244486943936,0.000957244486943936,0.0114337576136561,-0.00281773145494278,0.0016217794992341,0.0016217794992341,0.0157482250808751,1,0,0,1,0.00312795684414183,0.000957543625846106,0.000957543625846106,0.0114336773972363,-0.00281577589218116,0.00162228630532761,0.00162228630532761,0.015747279712928,-5.51683993139006,14.7587187973113,-16.7642980275739,9.18641629688266,-16.7642980275739,9.18641629688266,2.68228410170078,29.6942025108846,8.67361737988404e-19,4.4059011495365e-20,-5.49026048346009e-20,0,0,0,0.00312673908891714,0.0114337576136561,0.000957244486943936,-0.00281773145494278,0.0157482250808751,0.0016217794992341,2.80598178744471e-13,2.85431270446268e-08,1.23308081958611e-13,8.80904312583852e-20,3.46944695195361e-18,5.37219949502406e-15
NC_k0051,-0.0171052631578947,-0.0171052631578947,0.313144166098523,-49.7637406889484,-159.469995929465,-44.6369459787632,-175.009719496269,50.1876427425228,170.300968779872,49.3721104314683,175.939582250842,1,320,2.03813630468439,2.94959005111202,1.64594969741282,-1.57300880052886,5.39559987400989e-19,8.13204568923332e-19,0,5.09596196891868e-19,0.00103303062763542,0.00134961675780429,1,5.59176096391284e-20,7.51059642051812e-20,1,0.00312673908891715,0.000957244486943936,0.000957244486943936,0.0114337576136561,-0.00281773145494278,0.0016217794992341,0.0016217794992341,0.0157482250808751,1,0,0,1,0.00312795684414183,0.000957543625846106,0.000957543625846106,0.0114336773972363,-0.00281577589218116,0.00162228630532761,0.00162228630532761,0.015747279712928,-5.40015065312532,14.9648099990543,-16.6744039727912,9.01738124322729,-16.6744039727912,9.01738124322729,2.99186449295957,30.1778010939518,9.75781955236954e-19,-9.23902087907914e-19,-9.02980319443056e-19,0,0,0,0.00312673908891714,0.0114337576136561,0.000957244486943936,-0.00281773145494278,0.0157482250808751,0.0016217794992341,6.68484791976739e-13,1.88356329512329e-08,8.46960699257468e-13,7.51059642051812e-20,3.46944695195361e-18,3.19086488058113e-15
NC_k0051,0.00789473684210525,0.00789473684210525,0.313648504408946,-45.9086082868254,-171.08239186342,-48.2793760566606,-163.895400708655,49.4910331718097,174.667113660219,49.858743111002,172.080682366674,1,320,-0.944066388473744,-1.361867661638,-0.76095823653688,0.728030209074498,8.96729958456486e-20,-8.09975255811925e-20,0,-1.92991163075972e-19,0.0010334495882802,0.00134860033554733,1,8.02120363298389e-20,4.21550513458913e-20,1,0.00312673908891715,0.000957244486943936,0.000957244486943936,0.0114337576136561,-0.00281773145494278,0.0016217794992341,0.0016217794992341,0.0157482250808751,1,0,0,1,0.00312795684414183,0.000957543625846106,0.000957543625846106,0.0114336773972363,-0.00281577589218116,0.00162228630532761,0.00162228630532761,0.015747279712928,-5.38170530440597,14.9996947542455,-16.6609976922935,8.99014588348988,-16.6609976922935,8.99014588348988,3.03989139577503,30.2552849608384,1.02999206386123e-18,-9.23902087907914e-19,-9.02980319443056e-19,0,0,0,0.00312673908891714,0.0114337576136561,0.000957244486943936,-0.00281773145494278,0.0157482250808751,0.0016217794992341,1.06842855371398e-12,1.77906458061535e-08,3.51917279080768e-13,8.02120363298389e-20,3.46944695195361e-18,1.68135964075685e-14
NC_k0051,0.0328947368421052,0.0328947368421052,0.311442824697989,-42.6690349432535,-181.231963218428,-52.4649602141371,-151.571108918669,49.2956364887605,177.802215265151,50.9893084589644,166.731192147273,1,320,-3.86885070040218,-5.66529035370716,-3.1462665478561,2.9948821234568,4.53863662350189e-19,9.04101792075559e-19,0,9.96322504207871e-20,0.0010316412452877,0.00135307603585574,1,1.12380536393672e-19,1.65622874550376e-19,1,0.00312673908891715,0.000957244486943936,0.000957244486943936,0.0114337576136561,-0.00281773145494278,0.0016217794992341,0.0016217794992341,0.0157482250808751,1,0,0,1,0.00312795684414183,0.000957543625846106,0.000957543625846106,0.0114336773972363,-0.00281577589218116,0.00162228630532761,0.00162228630532761,0.015747279712928,-5.46280599515579,14.8508930797785,-16.7215407691951,9.10881459409281,-16.7215407691951,9.10881459409281,2.8269474041449,29.9167120509929,1.30104260698261e-18,-1.06265775131659e-18,-7.39920514109476e-19,0,0,0,0.00312673908891714,0.0114337576136561,0.000957244486943936,-0.00281773145494278,0.0157482250808751,0.0016217794992341,3.67951970841554e-13,4.30490017716231e-08,8.11668003483254e-13,1.65622874550376e-19,1.73472347597681e-18,7.48602365128717e-15
NC_k0051,0.0578947368421052,0.0578947368421052,0.306836165696426,-40.2310331594348,-189.663235604291,-57.0383949690087,-138.646696889554,49.4264686959063,180.193641230662,52.9618127721178,159.755538338583,1,320,-6.53571518911533,-9.92194190547054,-5.43102684121333,5.11601948221604,1.64165573089724e-19,2.92888111292776e-19,0,-3.47316595598765e-19,0.0010280927226293,0.00136294483931358,1,6.56460473798007e-20,3.51182373831811e-20,1,0.00312673908891715,0.000957244486943936,0.000957244486943936,0.0114337576136561,-0.00281773145494278,0.0016217794992341,0.0016217794992341,0.0157482250808751,1,0,0,1,0.00312795684414183,0.000957543625846106,0.000957543625846106,0.0114336773972363,-0.00281577589218116,0.00162228630532761,0.00162228630532761,0.015747279712928,-5.63810541332414,14.5739081778081,-16.8692308665408,9.35662297293721,-16.8692308665408,9.35662297293721,2.35174199547263,29.209367167991,8.67361737988404e-19,-7.08236398707739e-19,-1.08872745248462e-18,0,0,0,0.00312673908891714,0.0114337576136561,0.000957244486943936,-0.00281773145494278,0.0157482250808751,0.0016217794992341,1.99442965696142e-13,3.36404276564933e-08,4.61892244124972e-13,6.56460473798007e-20,3.46944695195361e-18,4.52286573726276e-14
NC_k0052,-0.0671052631578948,-0.0671052631578948,0.747216773699016,126.937077318244,65.6268185171473,126.715889207562,96.3868829670957,-108.138448871963,-61.8152685695157,-153.167458512981,-102.541965686695,1,320,4.69660409514114,-36.3554412213534,-10.44741625165,-3.62536730826984,-7.61654673149027e-19,6.77202841329813e-19,0,-2.35289870879484e-19,-0.000976506823507377,-0.000273470279712776,1,6.24324149548597e-21,2.82730067487391e-19,1,0.00261780353728338,0.00293059111048586,0.00293059111048586,-0.0105468976187944,0.00302736868501016,-0.015038295014095,-0.015038295014095,-0.00616493413720395,1,2.16840434497101e-19,0,1,0.002616465314768,0.00293150692020788,0.00293150692020788,-0.0105461788567542,0.00302652797520169,-0.0150429944812869,-0.0150429944812869,-0.00616433854969645,18.3148798358847,5.58426544300147,10.7878490131896,-21.4277872824571,10.7878490131896,-21.4277872824571,-48.9196448491781,-13.2925867434207,2.16840434497101e-18,2.53780281873583e-19,-3.74626140882687e-19,0,0,0,0.00261780353728338,-0.0105468976187944,0.00293059111048586,0.00302736868501016,-0.00616493413720396,-0.015038295014095,3.24435875823998e-14,6.44408887441856e-08,8.33580914496844e-13,2.82730067487391e-19,4.33680868994202e-18,4.16027126045569e-15
NC_k0052,-0.0421052631578947,-0.0421052631578947,0.746488586954348,127.260183902691,73.9515960884723,125.662445770706,93.6734760148196,-115.565265592405,-71.6675223045066,-145.017455403235,-98.4346319433785,1,320,2.88332215505593,-23.2660147097492,-6.72628854304875,-2.24473562929579,-1.2868548051161e-18,1.3305828810181e-18,0,-1.55695243617181e-19,-0.000980464062440587,-0.000278000650957003,1,3.54417406049804e-20,2.98891376481338e-19,1,0.00261780353728338,0.00293059111048586,0.00293059111048586,-0.0105468976187944,0.00302736868501016,-0.015038295014095,-0.015038295014095,-0.00616493413720395,1,2.16840434497101e-19,0,1,0.002616465314768,0.00293150692020788,0.00293150692020788,-0.0105461788567542,0.00302652797520169,-0.0150429944812869,-0.0150429944812869,-0.00616433854969645,18.3895957702114,5.67149033195292,10.3656815689065,-20.7904320297092,10.3656815689065,-20.7904320297092,-49.7393314616683,-14.0367590741736,3.03576608295941e-18,1.1741341198298e-19,-4.5832479007037e-19,0,0,0,0.00261780353728338,-0.0105468976187944,0.00293059111048586,0.00302736868501016,-0.00616493413720396,-0.015038295014095,1.60029295168578e-13,5.88816725964043e-08,7.42602008912351e-13,2.98891376481338e-19,6.93889390390723e-18,5.20541191666696e-15
NC_k0052,-0.0171052631578947,-0.0171052631578947,0.746381145757533,126.628122622027,81.5999560431229,125.661983436018,89.6592279424164,-123.848229252387,-81.3601494264468,-136.096030833465,-92.4493407263635,1,320,1.15832879927655,-9.52402874225316,-2.76068098118228,-0.901662457019703,1.10326041379873e-19,1.74478199222545e-18,0,1.80682715561183e-19,-0.000983219873811538,-0.000280445611354197,1,-6.64815777205415e-20,2.17367919332533e-21,1,0.00261780353728338,0.00293059111048586,0.00293059111048586,-0.0105468976187944,0.00302736868501016,-0.015038295014095,-0.015038295014095,-0.00616493413720396,1,2.16840434497101e-19,0,1,0.002616465314768,0.00293150692020788,0.00293150692020788,-0.0105461788567542,0.00302652797520169,-0.0150429944812869,-0.0150429944812869,-0.00616433854969645,18.4156558001145,5.72735950497647,10.1337808298555,-20.427471341978,10.1337808298555,-20.427471341978,-50.2540426096604,-14.4391794078703,8.67361737988404e-19,6.62225056186501e-19,4.94545561693406e-20,0,0,0,0.00261780353728338,-0.0105468976187944,0.00293059111048586,0.00302736868501016,-0.00616493413720396,-0.015038295014095,2.08626643298178e-13,2.16598981402666e-08,1.25764036680748e-12,6.64815777205415e-20,3.46944695195361e-18,2.23121195705917e-15
NC_k0052,0.00789473684210525,0.00789473684210525,0.746364648501836,125.851717045105,87.7897957916313,126.320771457002,84.0679511394164,-132.749436972143,-89.7759460160685,-127.076502063907,-84.6439951970455,1,320,-0.533791437355396,4.39998671201688,1.27584444063831,0.415315596107819,1.56065820531605e-19,1.27721980534108e-18,0,6.87843692729695e-19,-0.000983698998454895,-0.000280808960106592,1,-9.08472302409252e-20,1.97457771309978e-20,1,0.00261780353728338,0.00293059111048586,0.00293059111048586,-0.0105468976187944,0.00302736868501016,-0.015038295014095,-0.015038295014095,-0.00616493413720396,1,2.16840434497101e-19,0,1,0.002616465314768,0.00293150692020788,0.00293150692020788,-0.0105461788567542,0.00302652797520169,-0.0150429944812869,-0.0150429944812869,-0.00616433854969645,18.4183253520947,5.7363926970631,10.097467174894,-20.3694799292063,10.097467174894,-20.3694799292063,-50.3371730463937,-14.5013801701088,8.67361737988404e-19,6.62225056186501e-19,1.94915541711173e-19,0,0,0,0.00261780353728338,-0.0105468976187944,0.00293059111048586,0.00302736868501016,-0.00616493413720396,-0.015038295014095,8.01646525602467e-13,4.05670655698848e-08,3.64159430818942e-13,9.08472302409252e-20,3.46944695195361e-18,8.62754359514666e-15
NC_k0052,0.0328947368421052,0.0328947368421052,0.746437083697063,125.560066491817,92.365834775387,127.095109446839,76.9100812695139,-141.78517237596,-96.4508966737344,-118.527869132604,-75.3359895204894,1,320,-2.24049165408438,18.2458413121525,5.28176538716247,1.74510150573915,-3.90736298568409e-18,-4.36666660133273e-18,0,-2.9201460856592e-19,-0.000981700099467144,-0.000279147908900369,1,-7.70909131009925e-20,-2.78906204389382e-19,1,0.00261780353728338,0.00293059111048586,0.00293059111048586,-0.0105468976187944,0.00302736868501016,-0.015038295014095,-0.015038295014095,-0.00616493413720396,1,2.16840434497101e-19,0,1,0.002616465314768,0.00293150692020788,0.00293150692020788,-0.0105461788567542,0.00302652797520169,-0.0150429944812869,-0.0150429944812869,-0.00616433854969645,18.40370357358,5.69724994702665,10.2578508861792,-20.6231655888633,10.2578508861792,-20.6231655888633,-49.9750873086352,-14.2251146884144,3.03576608295941e-18,5.48351215377601e-19,-2.06801193718487e-19,0,0,0,0.00261780353728338,-0.0105468976187944,0.00293059111048586,0.00302736868501016,-0.00616493413720396,-0.015038295014095,2.29153582956657e-13,4.29495579229668e-08,7.12510977955733e-13,2.78906204389382e-19,6.93889390390723e-18,7.73428846736373e-15
NC_k0052,0.0578947368421052,0.0578947368421052,0.746751777970429,126.181000613963,95.5111516043921,127.216035453707,68.6809572869477,-150.293261685955,-101.238724563193,-110.763387816646,-65.3521682343642,1,320,-4.0164346017532,31.6608743604323,9.12266512036402,3.11469920039353,-1.87040756621511e-18,1.89809495567848e-18,0,1.76129913469691e-19,-0.000977961131176885,-0.000275401299403639,1,-2.05710304783016e-20,-1.34285549328923e-20,1,0.00261780353728338,0.00293059111048586,0.00293059111048586,-0.0105468976187944,0.00302736868501016,-0.015038295014095,-0.015038295014095,-0.00616493413720395,1,2.16840434497101e-19,0,1,0.002616465314768,0.00293150692020788,0.00293150692020788,-0.0105461788567542,0.00302652797520169,-0.0150429944812869,-0.0150429944812869,-0.00616433854969645,18.3484636623368,5.61746313823262,10.6108510144319,-21.1625182532075,10.6108510144319,-21.1625182532075,-49.2389544870916,-13.6047419150484,3.03576608295941e-18,6.53130940535271e-19,-6.03827615360003e-19,0,0,0,0.00261780353728338,-0.0105468976187944,0.00293059111048586,0.00302736868501016,-0.00616493413720396,-0.015038295014095,6.20810032098413e-14,4.02043257129173e-08,5.87183791942599e-13,2.05710304783016e-20,6.93889390390723e-18,0
NC_k0053,-0.0671052631578948,-0.0671052631578948,0.398699231421881,-28.3661747379036,-157.037666083773,3.93985733513186,-232.382015944686,20.0457809287614,184.757793879712,-2.273437109579,216.998025927526,1,320,13.7084637504911,2.65996509469954,5.40158151891294,-11.8495005466511,-8.84725913407117e-19,1.60899864031365e-18,0,7.30115930753605e-19,-0.000967593838041707,0.00125883104473695,1,1.23803049603979e-20,8.84415501841092e-20,1,-0.00534594159204217,0.00258142334671432,0.00258142334671432,-0.00544452772527846,-0.00724818554560279,-0.00326677755462682,-0.00326677755462682,0.0164895800599435,1,0,0,1,-0.00534637079679154,0.00258223004151017,0.00258223004151017,-0.00544494152594451,-0.00724597004069164,-0.00326779842261264,-0.00326779842261264,0.0164880865389788,-3.20205070053477,23.3434284256626,-20.757344019693,-2.13311482526301,-20.757344019693,-2.13311482526301,-14.0557936222369,33.8791076126379,8.67361737988404e-19,-8.35140342032289e-20,-2.91324518470245e-19,0,0,0,-0.00534594159204217,-0.00544452772527846,0.00258142334671432,-0.00724818554560279,0.0164895800599435,-0.00326677755462682,1.15521487392677e-13,2.13226199038778e-08,6.36339339414383e-13,8.84415501841092e-20,2.60208521396521e-18,2.24161338770567e-14
NC_k0053,-0.0421052631578947,-0.0421052631578947,0.404654164965388,-21.617627539915,-173.955095048079,-1.04149590412748,-222.114562772538,14.7502360627655,194.712384177998,1.27149514583808,213.733829713769,1,320,9.15821802678709,1.57474991774632,3.54187942169601,-7.6320702211655,-5.67115027966356e-19,1.32158315595352e-18,0,2.48815928255951e-20,-0.000959656322689062,0.00123661832368092,1,-2.41179532293557e-20,4.99984761045158e-21,1,-0.00534594159204217,0.00258142334671432,0.00258142334671432,-0.00544452772527846,-0.00724818554560279,-0.00326677755462682,-0.00326677755462682,0.0164895800599435,1,0,0,1,-0.00534637079679154,0.00258223004151017,0.00258223004151017,-0.00544494152594451,-0.00724597004069164,-0.00326779842261264,-0.00326779842261264,0.0164880865389788,-3.4386668786575,23.4264106429908,-20.7424044551266,-2.06872170441174,-20.7424044551266,-2.06872170441174,-13.6080942610691,34.6386128313666,7.58941520739853e-19,-1.7247743503669e-19,4.2495364857142e-19,0,0,0,-0.00534594159204217,-0.00544452772527846,0.00258142334671432,-0.00724818554560279,0.0164895800599435,-0.00326677755462682,1.6273508491473e-13,3.46151565046337e-08,3.16869316181011e-13,2.41179532293557e-20,3.46944695195361e-18,8.50526616137108e-15
NC_k0053,-0.0171052631578947,-0.0171052631578947,0.408651914973334,-15.175307372836,-190.06267252738,-6.75459941179214,-209.812663514187,10.3217058942493,202.417937398742,4.97765964950429,209.850215084199,1,320,3.83946372269115,0.624859328235481,1.47322660680579,-3.13824023259969,-3.28278206620245e-19,9.30028941195421e-19,0,1.58747209205257e-18,-0.000955183128347853,0.00122420197686953,1,-3.81181155543935e-20,4.14185596175873e-20,1,-0.00534594159204217,0.00258142334671432,0.00258142334671432,-0.00544452772527846,-0.00724818554560278,-0.00326677755462682,-0.00326677755462682,0.0164895800599435,1,0,0,1,-0.00534637079679154,0.00258223004151017,0.00258223004151017,-0.00544494152594451,-0.00724597004069164,-0.00326779842261264,-0.00326779842261264,0.0164880865389788,-3.5774102865778,23.5512789070742,-20.756626415118,-2.0395508834967,-20.756626415118,-2.0395508834967,-13.3904379648734,35.1134721852196,8.67361737988404e-19,3.3530191120302e-19,-7.84553024630445e-19,0,0,0,-0.00534594159204217,-0.00544452772527846,0.00258142334671432,-0.00724818554560279,0.0164895800599435,-0.00326677755462682,1.81014762376296e-13,1.85017853213139e-08,3.34299608533162e-14,4.14185596175873e-20,3.46944695195361e-18,3.39599235910103e-15
NC_k0053,0.00789473684210525,0.00789473684210525,0.409317355379585,-8.97147791022716,-204.800773507499,-12.86200195657,-195.672737311525,6.37354348650855,208.138831402668,8.83029039741474,204.72988498522,1,320,-1.78031605906327,-0.287695222380008,-0.682443722876288,1.45092863890343,-9.33867059237667e-19,3.16313866240278e-19,0,2.01392671121551e-18,-0.00095448643664696,0.00122225358381218,1,-7.40942369507658e-20,-1.03216354391425e-19,1,-0.00534594159204218,0.00258142334671432,0.00258142334671432,-0.00544452772527847,-0.00724818554560278,-0.00326677755462682,-0.00326677755462682,0.0164895800599435,1,0,0,1,-0.00534637079679154,0.00258223004151017,0.00258223004151017,-0.00544494152594451,-0.00724597004069164,-0.00326779842261264,-0.00326779842261264,0.0164880865389788,-3.59975890833956,23.5756741665061,-20.7598971872747,-2.03527804603526,-20.7598971872747,-2.03527804603526,-13.3580023479798,35.1908759979926,8.67361737988404e-19,5.76847485001606e-19,-9.76722201143951e-19,0,0,0,-0.00534594159204217,-0.00544452772527846,0.00258142334671432,-0.00724818554560279,0.0164895800599435,-0.00326677755462682,1.15869869307934e-12,2.54787927833145e-08,2.56975784937112e-13,1.03216354391425e-19,6.93889390390723e-18,2.98361481876364e-15
NC_k0053,0.0328947368421052,0.0328947368421052,0.406458960672491,-3.08206159140741,-217.813400470593,-19.2141117818948,-180.023293608197,2.62409002947551,212.410145248174,13.0381642751189,197.810875680813,1,320,-7.26252128809384,-1.2159677221273,-2.79790137337297,5.99716712132175,-6.19101675104088e-19,1.02856269576274e-18,0,7.46130147412632e-19,-0.000957583323136136,0.00123085437847584,1,-7.37059353168561e-20,-6.19384810497432e-20,1,-0.00534594159204217,0.00258142334671432,0.00258142334671432,-0.00544452772527846,-0.00724818554560279,-0.00326677755462682,-0.00326677755462682,0.0164895800599435,1,0,0,1,-0.00534637079679154,0.00258223004151017,0.00258223004151017,-0.00544494152594451,-0.00724597004069164,-0.00326779842261264,-0.00326779842261264,0.0164880865389788,-3.50241634247294,23.4777178954885,-20.7475059717551,-2.05473813405688,-20.7475059717551,-2.05473813405688,-13.5044878503765,34.8552838677601,8.67361737988404e-19,3.21362942874127e-19,-2.98329168001306e-19,0,0,0,-0.00534594159204217,-0.00544452772527846,0.00258142334671432,-0.00724818554560279,0.0164895800599435,-0.00326677755462682,4.15562330273479e-13,2.53900514166546e-08,1.12096839983614e-13,7.37059353168561e-20,8.67361737988404e-19,2.47196380078174e-14
NC_k0053,0.0578947368421052,0.0578947368421052,0.400964565733896,2.21526622555038,-228.838520002881,-25.8396292657524,-163.301963597002,-0.996945656088278,215.823302248759,17.974372467047,188.674714697065,1,320,-12.1517616420343,-2.2341624028894,-4.74735493482481,10.3440140735138,7.35224598216733e-19,2.62924320783655e-19,0,1.93324682298953e-18,-0.000964285824102013,0.00124963028472553,1,-3.7593590402296e-20,-1.39182107149337e-19,1,-0.00534594159204218,0.00258142334671432,0.00258142334671432,-0.00544452772527847,-0.00724818554560278,-0.00326677755462682,-0.00326677755462682,0.0164895800599435,1,0,0,1,-0.00534637079679154,0.00258223004151017,0.00258223004151017,-0.00544494152594451,-0.00724597004069164,-0.00326779842261264,-0.00326779842261264,0.0164880865389788,-3.29885121918668,23.3552692620581,-20.7433063802401,-2.10399601245625,-20.7433063802401,-2.10399601245625,-13.8593293538028,34.1789085905403,8.67361737988404e-19,5.44148696831306e-19,-1.06355883294214e-18,0,0,0,-0.00534594159204217,-0.00544452772527846,0.00258142334671432,-0.00724818554560279,0.0164895800599435,-0.00326677755462682,1.24546223975773e-13,3.44395551915116e-08,9.30316644847573e-13,1.39182107149337e-19,6.93889390390723e-18,1.96590525659317e-14
NC_k0054,-0.0671052631578948,-0.0671052631578948,0.438640262301947,-87.1050124844757,-121.013500782299,-108.945452439852,-156.821910081134,80.6513392539951,145.08664128756,104.242779532494,129.617815600403,1,320,-17.905716401833,-13.6768673945373,-10.4222526528022,-3.89750298467602,1.96935573826931e-18,1.31900235244236e-18,0,1.89147751077806e-18,-0.00128883875884448,-0.00073599307881888,1,-1.3751892632604e-19,5.20932170660591e-20,1,-0.0113430168402953,-0.00634342003889684,-0.00634342003889684,0.000163527106001504,-0.0137305766224986,-0.00563256556312674,-0.00563256556312674,0.00328872632599214,1,5.42101086242752e-20,2.16840434497101e-19,1,-0.0113425545903673,-0.006345402357659,-0.006345402357659,0.000162191458437953,-0.013729654874233,-0.00563432573986521,-0.00563432573986521,0.00328698880817208,-17.3955068100223,-14.7132732285017,-20.1397638115896,7.81393919648656,-20.1397638115896,7.81393919648656,-28.1201350335141,20.2787260863995,1.13841228110978e-18,-1.603500930899e-19,1.56203854424653e-19,0,0,0,-0.0113430168402953,0.000163527106001503,-0.00634342003889684,-0.0137305766224986,0.00328872632599214,-0.00563256556312674,1.75396438856707e-13,9.72856407187275e-08,6.47436594490938e-13,1.3751892632604e-19,2.16840434497101e-18,1.75908385168559e-14
NC_k0054,-0.0421052631578947,-0.0421052631578947,0.442312287929847,-93.3651787324792,-126.292242195015,-107.679631412665,-149.841062388317,87.1957761065547,142.261686373164,102.565568991808,130.687460294164,1,320,-11.34599861341,-8.93229975984442,-6.69183846317398,-2.4132176319813,1.12867140221636e-18,2.71632878272613e-19,0,9.11407451245627e-19,-0.0012838374371436,-0.000748996807831331,1,-1.53906149885112e-19,-7.34660387993499e-21,1,-0.0113430168402953,-0.00634342003889684,-0.00634342003889684,0.000163527106001504,-0.0137305766224986,-0.00563256556312674,-0.00563256556312674,0.00328872632599214,1,5.42101086242752e-20,2.16840434497101e-19,1,-0.0113425545903673,-0.006345402357659,-0.006345402357659,0.000162191458437953,-0.013729654874233,-0.00563432573986521,-0.00563432573986521,0.00328698880817208,-18.1919262359392,-15.315136310806,-19.7732886294645,7.70067632565377,-19.7732886294645,7.70067632565377,-28.3869624903649,20.1956164998808,1.0842021724855e-18,-3.24606372645958e-19,4.3529872796285e-20,0,0,0,-0.0113430168402953,0.000163527106001503,-0.00634342003889684,-0.0137305766224986,0.00328872632599214,-0.00563256556312674,2.90736387616643e-13,5.85754081119187e-08,7.95974508686113e-13,1.53906149885112e-19,3.46944695195361e-18,8.91065395416827e-15
NC_k0054,-0.0171052631578947,-0.0171052631578947,0.444573204748682,-99.2438609389242,-132.561416785819,-105.143088742935,-142.400171048066,93.3524035307253,138.423762843963,99.6878686789503,133.332782481734,1,320,-4.61894633802417,-3.69125196756191,-2.74236544084339,-0.968986792062125,9.79805361736412e-19,1.09238133438243e-18,0,-1.42357783420376e-18,-0.00128120086612349,-0.000756695967094297,1,-3.66021256884036e-20,-1.35274831900633e-19,1,-0.0113430168402953,-0.00634342003889684,-0.00634342003889684,0.000163527106001503,-0.0137305766224986,-0.00563256556312674,-0.00563256556312674,0.00328872632599214,1,5.42101086242752e-20,2.16840434497101e-19,1,-0.0113425545903673,-0.006345402357659,-0.006345402357659,0.000162191458437953,-0.013729654874233,-0.00563432573986521,-0.00563432573986521,0.00328698880817208,-18.6544193151687,-15.6464750851834,-19.5673604327603,7.64763379085804,-19.5673604327603,7.64763379085804,-28.5862513666216,20.1637273640491,1.0842021724855e-18,1.58484774951214e-19,4.77244623108377e-19,0,0,0,-0.0113430168402953,0.000163527106001503,-0.00634342003889684,-0.0137305766224986,0.00328872632599214,-0.00563256556312674,4.85725211763821e-13,3.27523322524131e-08,4.43189029736352e-13,1.35274831900633e-19,1.73472347597681e-18,1.7480948220371e-15
NC_k0054,0.00789473684210525,0.00789473684210525,0.444933506937251,-103.83637625879,-139.661125439814,-101.108412968642,-135.100400384137,98.2587365508593,134.588274409348,95.3289040298934,136.964934007364,1,320,2.13223069794736,1.70752127012348,1.26711814946338,0.446206732948491,9.61700032488851e-19,1.55790534823747e-18,0,9.25436434434527e-19,-0.00128079666212739,-0.000757935081083699,1,5.53433850672291e-20,-1.12817511465208e-19,1,-0.0113430168402953,-0.00634342003889684,-0.00634342003889684,0.000163527106001503,-0.0137305766224986,-0.00563256556312674,-0.00563256556312674,0.00328872632599214,1,5.42101086242752e-20,2.16840434497101e-19,1,-0.0113425545903673,-0.006345402357659,-0.006345402357659,0.000162191458437953,-0.013729654874233,-0.00563432573986521,-0.00563432573986521,0.00328698880817208,-18.7281638121066,-15.6977815125236,-19.5344700318692,7.63995518197737,-19.5344700318692,7.63995518197737,-28.6202600239823,20.1592757343226,1.32814766129474e-18,1.58484774951214e-19,1.3872505894857e-19,0,0,0,-0.0113430168402953,0.000163527106001503,-0.00634342003889684,-0.0137305766224986,0.00328872632599214,-0.00563256556312674,5.91447414618759e-13,3.60794930988896e-08,9.56627490152602e-13,1.12817511465208e-19,3.46944695195361e-18,1.17277034306929e-14
NC_k0054,0.0328947368421052,0.0328947368421052,0.443355309416791,-106.910615670306,-147.123235082888,-95.6423312477077,-128.488943475481,101.667425345736,131.510305093252,89.572645604871,140.907606746669,1,320,8.87511992558478,7.03700108451177,5.25099993333184,1.87582685581474,6.35168831322318e-19,1.25347641303836e-18,0,5.20660564765378e-19,-0.00128260433218004,-0.000752538801380605,1,-2.52035362132077e-20,-3.10150105952836e-19,1,-0.0113430168402953,-0.00634342003889684,-0.00634342003889684,0.000163527106001504,-0.0137305766224986,-0.00563256556312674,-0.00563256556312674,0.00328872632599214,1,5.42101086242752e-20,2.16840434497101e-19,1,-0.0113425545903673,-0.006345402357659,-0.006345402357659,0.000162191458437953,-0.013729654874233,-0.00563432573986521,-0.00563432573986521,0.00328698880817208,-18.4053537467958,-15.4701476356557,-19.6783441791785,7.67517478057137,-19.6783441791785,7.67517478057137,-28.4756459931195,20.1800327194468,1.40946282423116e-18,-1.64124542992804e-19,3.2663698147031e-19,0,0,0,-0.0113430168402953,0.000163527106001503,-0.00634342003889684,-0.0137305766224986,0.00328872632599214,-0.00563256556312674,2.89817458808263e-13,8.84838828947954e-08,5.52233826226831e-13,3.10150105952836e-19,3.46944695195361e-18,2.56674178941881e-14
NC_k0054,0.0578947368421052,0.0578947368421052,0.440067974013993,-108.602687468114,-154.335912424038,-89.3589229146166,-122.845920476886,103.733336796844,129.790936796384,83.0150498153148,144.235403226411,1,320,15.5295268063181,12.0175339979257,9.09053006540048,3.34870561590653,1.33142991396535e-18,1.72477083884657e-19,0,2.9279546706417e-19,-0.00128672177759037,-0.00074125120746802,1,-3.64467569389479e-20,-1.53998778232599e-19,1,-0.0113430168402953,-0.00634342003889684,-0.00634342003889684,0.000163527106001504,-0.0137305766224986,-0.00563256556312674,-0.00563256556312674,0.00328872632599214,1,5.42101086242752e-20,2.16840434497101e-19,1,-0.0113425545903673,-0.006345402357659,-0.006345402357659,0.000162191458437953,-0.013729654874233,-0.00563432573986521,-0.00563432573986521,0.00328698880817208,-17.7209925119863,-14.9623852011507,-19.9857586482744,7.76413166602104,-19.9857586482744,7.76413166602104,-28.2149560816727,20.2386621405074,1.19262238973405e-18,1.28793073784828e-19,-3.26887293172518e-19,0,0,0,-0.0113430168402953,0.000163527106001503,-0.00634342003889684,-0.0137305766224986,0.00328872632599214,-0.00563256556312674,1.91710545979004e-13,5.05954570171862e-08,4.14900956819902e-13,1.53998778232599e-19,3.46944695195361e-18,1.63984886112936e-15
NC_k0055,-0.0671052631578948,-0.0671052631578948,0.61814340378758,-96.6885647841455,101.127109591797,-89.0522960959904,164.782885242968,74.1595887705809,-124.726419177008,114.831665935019,-136.547496081941,1,320,21.6108459585081,4.69691909630065,8.68156246808688,15.0992979624555,-6.74165434120518e-19,-1.39622131698541e-18,0,-2.1760805810555e-18,0.000716849418066167,0.000641390397824453,1,2.75274919889975e-19,-5.20279983202437e-20,1,-0.000946888973156347,0.0120044002480288,0.0120044002480288,0.0111505857370525,0.00975143128445295,0.00417145617530866,0.00417145617530866,-0.00426271685200356,1,0,-2.16840434497101e-19,1,-0.000945545276039768,0.0120081516231063,0.0120081516231063,0.0111500392037456,0.00975055083203731,0.00417275975536345,0.00417275975536345,-0.00426140759377288,-13.6520531333417,37.4057826767586,20.023484855379,13.8326937620459,20.023484855379,13.8326937620459,10.1519668318867,-19.8006628228281,2.81892564846231e-18,2.34054678735658e-19,1.89615246221695e-19,0,0,0,-0.000946888973156342,0.0111505857370525,0.0120044002480288,0.00975143128445296,-0.00426271685200356,0.00417145617530866,9.60066437196855e-14,5.92843950026814e-08,1.19262889981635e-12,2.75274919889975e-19,6.93889390390723e-18,1.59849395118021e-14
NC_k0055,-0.0421052631578947,-0.0421052631578947,0.61708230802694,-95.4893857974935,113.029766210788,-88.5035818186886,153.790213626211,80.656440425933,-128.370424401516,106.67177259103,-133.761084939526,1,320,13.7622333214153,3.00343613503072,5.53267092062723,9.60900067386229,-1.14741200617436e-18,-3.08796448833396e-19,0,-1.21411585077063e-18,0.000729285013931295,0.000652435184787394,1,1.6014339407388e-19,-2.32792536256364e-21,1,-0.000946888973156345,0.0120044002480288,0.0120044002480288,0.0111505857370525,0.00975143128445295,0.00417145617530866,0.00417145617530866,-0.00426271685200356,1,0,-2.16840434497101e-19,1,-0.000945545276039768,0.0120081516231063,0.0120081516231063,0.0111500392037456,0.00975055083203731,0.00417275975536345,0.00417275975536345,-0.00426140759377288,-13.2671895005424,37.8650752403663,19.720449732628,13.788758827963,19.720449732628,13.788758827963,10.1687800490151,-19.7829732111609,1.30104260698261e-18,3.44703890091152e-19,1.05585983890446e-19,0,0,0,-0.000946888973156342,0.0111505857370525,0.0120044002480288,0.00975143128445296,-0.00426271685200356,0.00417145617530866,2.10262769406776e-13,5.00988458513281e-08,4.27256647864564e-13,1.6014339407388e-19,3.46944695195361e-18,8.99574505850755e-15
NC_k0055,-0.0171052631578947,-0.0171052631578947,0.616788058255272,-92.872376105116,125.022925229827,-89.5798812791954,141.785408598441,87.5581929362518,-130.170963320796,98.2725899736067,-131.925239214266,1,320,5.60986047503264,1.21912240201739,2.25356434942649,3.92364444823865,-6.161635295683e-19,-1.3149657110531e-18,0,-1.51491842616432e-18,0.000736415547239943,0.000658985950637107,1,-4.4432846336605e-20,5.13168584764248e-20,1,-0.000946888973156343,0.0120044002480288,0.0120044002480288,0.0111505857370525,0.00975143128445296,0.00417145617530866,0.00417145617530866,-0.00426271685200356,1,0,-2.16840434497101e-19,1,-0.000945545276039768,0.0120081516231063,0.0120081516231063,0.0111500392037456,0.00975055083203731,0.00417275975536345,0.00417275975536345,-0.00426140759377288,-13.0789702330456,38.1501132836847,19.5560764885746,13.7711909800242,19.5560764885746,13.7711909800242,10.1729045282465,-19.7820409882695,1.73472347597681e-18,-1.45004008218888e-19,-3.89855995469183e-20,0,0,0,-0.000946888973156342,0.0111505857370525,0.0120044002480288,0.00975143128445296,-0.00426271685200356,0.00417145617530866,4.03569179998625e-13,2.36598916649727e-08,6.14626330939278e-13,5.13168584764248e-20,5.20417042793042e-18,2.64601077202362e-14
NC_k0055,0.00789473684210525,0.00789473684210525,0.616743671587784,-90.3102326055861,137.260326571111,-91.8615295560562,129.509153696994,95.256786976562,-131.416398907544,90.3007427569591,-130.637194850205,1,320,-2.58982422380052,-0.56206522489318,-1.04012351806892,-1.81198586475594,-8.36603854091232e-19,-4.68356280272425e-19,0,-4.88102735855291e-20,0.000737544782112464,0.000660044046624711,1,3.81417534605437e-20,6.34670090436369e-20,1,-0.000946888973156343,0.0120044002480288,0.0120044002480288,0.0111505857370525,0.00975143128445295,0.00417145617530866,0.00417145617530866,-0.00426271685200356,1,0,-2.16840434497101e-19,1,-0.000945545276039768,0.0120081516231063,0.0120081516231063,0.0111500392037456,0.00975055083203731,0.00417275975536345,0.00417275975536345,-0.00426140759377288,-13.0507320842451,38.1957036389281,19.5300284710959,13.768445244224,19.5300284710959,13.768445244224,10.1728579273995,-19.781960191456,1.95156391047391e-18,-4.39234354658987e-19,3.47131557689031e-19,0,0,0,-0.000946888973156342,0.0111505857370525,0.0120044002480288,0.00975143128445296,-0.00426271685200356,0.00417145617530866,6.47488289353106e-13,3.56259458971491e-08,3.37632437528323e-13,6.34670090436369e-20,5.20417042793042e-18,2.70020531001217e-15
NC_k0055,0.0328947368421052,0.0328947368421052,0.616940632402291,-88.7283996470499,149.443324404649,-94.6006803477848,117.422834997368,103.566007656077,-132.99141825158,83.1183822371566,-129.175190146091,1,320,-10.7729088156374,-2.34771195161185,-4.32980485319225,-7.52650075456741,-7.93458113340466e-19,-8.51956326260216e-19,0,2.72850488134291e-19,0.000732585578421098,0.000655446835246549,1,6.27653783575526e-20,1.47482603543022e-19,1,-0.000946888973156345,0.0120044002480288,0.0120044002480288,0.0111505857370525,0.00975143128445296,0.00417145617530866,0.00417145617530866,-0.00426271685200356,1,0,-2.16840434497101e-19,1,-0.000945545276039768,0.0120081516231063,0.0120081516231063,0.0111500392037456,0.00975055083203731,0.00417275975536345,0.00417275975536345,-0.00426140759377288,-13.1777932805139,37.9962178180631,19.6443809317849,13.7804510856447,19.6443809317849,13.7804510856447,10.1715707240823,-19.7824148603304,2.16840434497101e-18,-8.08157330822806e-21,-7.59976432491611e-20,0,0,0,-0.000946888973156342,0.0111505857370525,0.0120044002480288,0.00975143128445296,-0.00426271685200356,0.00417145617530866,1.65427001158819e-13,3.58784551327808e-08,6.76067498047194e-13,1.47482603543022e-19,5.20417042793042e-18,1.40365849439293e-14
NC_k0055,0.0578947368421052,0.0578947368421052,0.617544238497096,-88.6442585669164,160.900725335669,-96.5219857063394,105.520418952276,111.900824685547,-135.392297732379,76.5528508877175,-126.368344191826,1,320,-18.7907101707779,-4.09894648176733,-7.55358669533996,-13.1165004280922,6.57615204424557e-19,-3.80900128468418e-20,0,-1.21125711457365e-19,0.000721945358147481,0.000645837487423441,1,3.00828783653064e-20,1.21803715474098e-19,1,-0.000946888973156346,0.0120044002480288,0.0120044002480288,0.0111505857370525,0.00975143128445295,0.00417145617530866,0.00417145617530866,-0.00426271685200356,1,0,-2.16840434497101e-19,1,-0.000945545276039768,0.0120081516231063,0.0120081516231063,0.0111500392037456,0.00975055083203731,0.00417275975536345,0.00417275975536345,-0.00426140759377288,-13.4834485543113,37.5841926302043,19.8937607631733,13.8107433563631,19.8937607631733,13.8107433563631,10.1587242400127,-19.7889487921901,1.51788304147971e-18,3.12933245744967e-20,4.3116082002028e-19,0,0,0,-0.000946888973156342,0.0111505857370525,0.0120044002480288,0.00975143128445296,-0.00426271685200356,0.00417145617530866,1.86231544301107e-14,3.53059867072235e-08,5.1957767622495e-13,1.21803715474098e-19,3.79470760369927e-18,8.98901613370308e-15
NC_k0056,-0.0671052631578948,-0.0671052631578948,0.131416756047851,-42.5440182965582,56.8954148983037,-57.529694859911,82.0628180205961,27.8312957655265,-72.7489143867079,62.0842366320966,-71.6869486011752,1,320,-4.99699301218692,2.23623591063403,-0.911049843512462,5.7814636009406,-1.65085397930883e-19,-1.20482826685289e-18,0,-4.42177668246346e-20,-0.0018591644162343,-0.000680048404131944,1,-1.79424949251057e-19,-7.4271382884872e-20,1,-0.0130849159121108,-0.000564617477839248,-0.000564617477839248,-0.0128578700403618,0.000337649338865146,0.00341650191747311,0.00341650191747311,-0.00716623110663764,1,0,0,1,-0.0130859115642283,-0.000564793920801074,-0.000564793920801074,-0.0128589011683968,0.000336796356730038,0.00341756957432232,0.00341756957432232,-0.00716591160745314,-11.2454360648375,-6.00715298615833,6.7096386528513,1.18057936701118,6.7096386528513,1.18057936701118,10.2935226514817,-12.5306441980355,1.73472347597681e-18,1.03536170121913e-18,2.49143552838771e-19,0,0,0,-0.0130849159121108,-0.0128578700403618,-0.000564617477839249,0.000337649338865147,-0.00716623110663764,0.00341650191747311,4.62258183973152e-13,5.38895680061009e-08,7.75464834526709e-13,1.79424949251057e-19,1.73472347597681e-18,2.40771094595394e-14
NC_k0056,-0.0421052631578947,-0.0421052631578947,0.13593161759258,-47.5695440147096,61.3742604202084,-56.3276981904114,77.8412537971848,35.8298969588098,-73.1708877290666,57.8501717939371,-71.5925934287763,1,320,-3.07403864255616,1.38252988681713,-0.558197889393879,3.73138306258451,1.21840395506611e-19,-6.59755947849845e-19,0,-7.38175978642322e-20,-0.00185225721690459,-0.000676611437288164,1,-1.21805684843683e-19,-7.23633644734526e-20,1,-0.0130849159121108,-0.000564617477839249,-0.000564617477839249,-0.0128578700403618,0.000337649338865147,0.00341650191747311,0.00341650191747311,-0.00716623110663764,1,0,0,1,-0.0130859115642283,-0.000564793920801074,-0.000564793920801074,-0.0128589011683968,0.000336796356730038,0.00341756957432232,0.00341756957432232,-0.00716591160745314,-11.9112907587691,-6.53609037056327,6.64065515461797,1.29999871244449,6.64065515461797,1.29999871244449,10.2172557385686,-12.7247244002085,1.73472347597681e-18,-5.63793036142943e-19,-2.91887264090485e-20,0,0,0,-0.0130849159121108,-0.0128578700403618,-0.000564617477839249,0.000337649338865147,-0.00716623110663764,0.00341650191747311,4.29880877699915e-13,3.9425607100579e-08,8.57938855435134e-13,1.21805684843683e-19,6.93889390390723e-18,3.87956787417598e-15
NC_k0056,-0.0171052631578947,-0.0171052631578947,0.138535554987886,-51.3084279140284,66.2513611065203,-54.6846673560998,73.0879380944578,43.3513590062575,-72.8956278316433,52.4014161154799,-72.0249577200986,1,320,-1.23388670357431,0.551780824516649,-0.225094940089027,1.53730912674947,-4.30239797645981e-19,-5.84482512107519e-19,0,-2.39652421430088e-19,-0.00184857984913575,-0.00067486577742769,1,-1.01221831675726e-19,2.31141559169489e-20,1,-0.0130849159121108,-0.000564617477839248,-0.000564617477839248,-0.0128578700403618,0.000337649338865147,0.00341650191747311,0.00341650191747311,-0.00716623110663764,1,0,0,1,-0.0130859115642283,-0.000564793920801074,-0.000564793920801074,-0.0128589011683968,0.000336796356730038,0.00341756957432232,0.00341756957432232,-0.00716591160745314,-12.2911359812562,-6.83665517505058,6.60935491826548,1.37460939881411,6.60935491826548,1.37460939881411,10.1788248653371,-12.8498317864321,1.73472347597681e-18,4.51765656336479e-19,8.75108995600609e-20,0,0,0,-0.0130849159121108,-0.0128578700403618,-0.000564617477839249,0.000337649338865147,-0.00716623110663764,0.00341650191747311,3.45493749915941e-12,3.87984586164727e-08,1.52093096178877e-12,1.01221831675726e-19,1.73472347597681e-18,1.37039287298847e-13
NC_k0056,0.00789473684210525,0.00789473684210525,0.138947721436699,-53.9311782392686,71.2597776708391,-52.3863713563048,68.0942064171829,50.1287202915608,-72.2611322070401,45.9446183038985,-72.679524163358,1,320,0.568412378068213,-0.253759369569119,0.103835492804702,-0.710971638325858,4.89585043512986e-19,-1.8235031167609e-19,0,-2.37698620823238e-19,-0.00184800906984521,-0.000674599255068645,1,-1.3029786880462e-19,-2.01222719448879e-20,1,-0.0130849159121108,-0.000564617477839249,-0.000564617477839249,-0.0128578700403618,0.000337649338865147,0.00341650191747311,0.00341650191747311,-0.00716623110663764,1,0,0,1,-0.0130859115642283,-0.000564793920801074,-0.000564793920801074,-0.0128589011683968,0.000336796356730038,0.00341756957432232,0.00341756957432232,-0.00716591160745314,-12.3511914295879,-6.88420393963753,6.60479823918296,1.38682407927419,6.60479823918296,1.38682407927419,10.1726909312541,-12.8703320891022,1.73472347597681e-18,1.32275276537854e-18,3.06911864498793e-19,0,0,0,-0.0130849159121108,-0.0128578700403618,-0.000564617477839249,0.000337649338865147,-0.00716623110663764,0.00341650191747311,2.47335076944071e-12,3.93630075927871e-08,4.39179259312025e-13,1.3029786880462e-19,1.73472347597681e-18,2.19731082032181e-14
NC_k0056,0.0328947368421052,0.0328947368421052,0.137136863947624,-55.7821185081473,76.1375052763547,-49.0962024389687,63.1410030706038,55.9739322277163,-71.7043245735897,38.6761181450522,-73.1378485242642,1,320,2.38834717684804,-1.07202791688379,0.434385355788198,-2.93449464059474,3.15360954174617e-19,-4.76528824724449e-19,0,-5.19469424683301e-20,-0.00185053856455385,-0.000675787010938334,1,-1.37655288360807e-19,2.60016407423374e-20,1,-0.0130849159121108,-0.000564617477839248,-0.000564617477839248,-0.0128578700403618,0.000337649338865148,0.00341650191747311,0.00341650191747311,-0.00716623110663764,1,0,0,1,-0.0130859115642283,-0.000564793920801074,-0.000564793920801074,-0.0128589011683968,0.000336796356730038,0.00341756957432232,0.00341756957432232,-0.00716591160745314,-12.0872574629259,-6.67529886607549,6.62561963419336,1.33398537956319,6.62561963419336,1.33398537956319,10.1994643599961,-12.7816079773017,1.73472347597681e-18,1.09902765986989e-18,8.23093913939662e-20,0,0,0,-0.0130849159121108,-0.0128578700403618,-0.000564617477839249,0.000337649338865147,-0.00716623110663764,0.00341650191747311,7.74830774259482e-13,3.35522449882322e-08,7.97013735988017e-13,1.37655288360807e-19,1.73472347597681e-18,9.71487600926193e-15
NC_k0056,0.0578947368421052,0.0578947368421052,0.133260631768428,-57.132032486994,80.5850998721716,-44.5328622473331,58.4736901161288,60.6771820827157,-71.5770826187336,30.8003900608744,-72.9902625250632,1,320,4.2781644894028,-1.92316955256296,0.777148329157136,-5.0502463989053,7.24742565494461e-20,-9.0381062449994e-20,0,-5.48599417134969e-19,-0.00185625270849518,-0.000678583863401467,1,-4.72470015563785e-20,2.01051756389518e-20,1,-0.0130849159121108,-0.000564617477839249,-0.000564617477839249,-0.0128578700403618,0.000337649338865147,0.00341650191747311,0.00341650191747311,-0.00716623110663764,1,0,0,1,-0.0130859115642283,-0.000564793920801074,-0.000564793920801074,-0.0128589011683968,0.000336796356730038,0.00341756957432232,0.00341756957432232,-0.00716591160745314,-11.5192259039555,-6.22537564991369,6.67863944741284,1.22793250135487,6.67863944741284,1.22793250135487,10.2594252181553,-12.6057977018536,8.67361737988404e-19,1.08118049008633e-18,2.9630988613034e-19,0,0,0,-0.0130849159121108,-0.0128578700403618,-0.000564617477839249,0.000337649338865147,-0.00716623110663764,0.00341650191747311,6.41040076877972e-13,2.29770368769818e-08,6.88190190918441e-13,4.72470015563785e-20,5.20417042793042e-18,3.41579830483858e-14
NC_k0057,-0.0671052631578948,-0.0671052631578948,0.663419988808976,-64.1296815913542,-43.5834492659108,-55.5004684001239,-36.9948787011415,50.8999857290556,62.0440718961106,55.0934450840766,28.1556831172398,1,320,18.0054310444153,-31.7847214557379,-4.54716583573641,0.695930107528065,1.04939441230927e-18,-1.69618347687674e-19,0,7.33543767212025e-19,-0.00138139270421347,0.000971841146072137,1,1.77954674949938e-19,1.95455730926386e-19,1,-0.0087404970545237,0.00970397016124898,0.00970397016124898,0.000396105896908983,-0.000359444000503649,-0.0138470573277066,-0.0138470573277066,0.00611633696272485,1,0,5.42101086242752e-20,1,-0.00874010921019772,0.00970700265192436,0.00970700265192436,0.000395066147023807,-0.000358713201484561,-0.0138513845331215,-0.0138513845331215,0.00611605592096844,-11.6056476258784,40.3935985521607,-0.339569760392895,0.523665961231105,-0.339569760392895,0.523665961231105,-57.1470146314378,8.55438554206684,1.30104260698261e-18,8.78856486635762e-20,-3.22678019486411e-19,0,0,0,-0.0087404970545237,0.000396105896908983,0.00970397016124897,-0.00035944400050365,0.00611633696272485,-0.0138470573277066,1.1589942743839e-13,9.18482257850339e-08,2.70459416762946e-13,1.95455730926386e-19,3.46944695195361e-18,7.53067995400987e-15
NC_k0057,-0.0421052631578947,-0.0421052631578947,0.663877763517317,-63.5461610355192,-41.1680927665889,-57.6494614702974,-37.4088120014208,52.3978522398296,55.3513200677864,55.1654687861555,32.7916478747158,1,320,11.6728772359885,-20.5816329752769,-2.93988939396517,0.479176512608597,-9.1130157212722e-19,9.15748495100305e-19,0,3.90382927010726e-19,-0.00136492987387126,0.000954703456861847,1,2.06372847925598e-19,2.76777763340681e-19,1,-0.00874049705452371,0.00970397016124898,0.00970397016124898,0.000396105896908984,-0.000359444000503651,-0.0138470573277066,-0.0138470573277066,0.00611633696272485,1,0,5.42101086242752e-20,1,-0.00874010921019772,0.00970700265192436,0.00970700265192436,0.000395066147023807,-0.000358713201484561,-0.0138513845331215,-0.0138513845331215,0.00611605592096844,-11.8627213578533,40.5209294111806,-0.684033418616426,0.92681450614083,-0.684033418616426,0.92681450614083,-57.6044499350677,8.51193509363759,2.16840434497101e-18,2.62570278785181e-19,3.93190715981128e-20,0,0,0,-0.0087404970545237,0.000396105896908983,0.00970397016124897,-0.00035944400050365,0.00611633696272485,-0.0138470573277066,2.12409054680835e-13,7.94971271881148e-08,7.15401073151898e-13,2.76777763340681e-19,6.93889390390723e-18,4.84975841690316e-15
NC_k0057,-0.0171052631578947,-0.0171052631578947,0.665495138110946,-62.3939184812525,-39.4321679582066,-59.8882032194219,-38.0188238482382,53.7498981100997,48.2060213749699,54.9088100890934,38.7769510811245,1,320,4.81121166557278,-8.47854059821804,-1.21021854777296,0.204298105102694,-3.49189332505585e-19,5.01867021248173e-19,0,8.31765674688409e-19,-0.00135602968369389,0.000945266533573615,1,-1.41231513257118e-20,-2.6666312499976e-20,1,-0.0087404970545237,0.00970397016124898,0.00970397016124898,0.000396105896908983,-0.000359444000503645,-0.0138470573277066,-0.0138470573277066,0.00611633696272486,1,0,5.42101086242752e-20,1,-0.00874010921019772,0.00970700265192436,0.00970700265192436,0.000395066147023807,-0.000358713201484561,-0.0138513845331215,-0.0138513845331215,0.00611605592096844,-12.0582487956091,40.6727271957601,-0.882407872625227,1.16652181688051,-0.882407872625227,1.16652181688051,-57.9660425455547,8.53216808000382,2.60208521396521e-18,2.10247049865959e-20,-8.71439393181235e-19,0,0,0,-0.0087404970545237,0.000396105896908983,0.00970397016124897,-0.00035944400050365,0.00611633696272485,-0.0138470573277066,1.820594670045e-13,3.56773615958108e-08,8.02158532202482e-13,2.6666312499976e-20,8.67361737988404e-18,9.50911716399106e-15
NC_k0057,0.00789473684210525,0.00789473684210525,0.665822898935248,-60.6515472183907,-38.3158163065907,-61.8151283709835,-38.9593335068976,54.6910079574595,41.2157823416146,54.1534517356052,45.5856587855846,1,320,-2.22502436015385,3.92070387785542,0.559574240841502,-0.0949969326429466,-1.02157467394789e-18,2.95826256828564e-18,0,5.54879372345471e-19,-0.00135466724961698,0.000943808204678646,1,-5.31587554307691e-20,1.95626603445705e-20,1,-0.0087404970545237,0.00970397016124898,0.00970397016124898,0.000396105896908983,-0.000359444000503646,-0.0138470573277066,-0.0138470573277066,0.00611633696272486,1,0,5.42101086242752e-20,1,-0.00874010921019772,0.00970700265192436,0.00970700265192436,0.000395066147023807,-0.000358713201484561,-0.0138513845331215,-0.0138513845331215,0.00611605592096844,-12.0923331328465,40.7008817817153,-0.913978417171788,1.20518537519724,-0.913978417171788,1.20518537519724,-58.0283365720365,8.53819767315278,2.60208521396521e-18,1.17998695347818e-19,-7.90117877497718e-19,0,0,0,-0.0087404970545237,0.000396105896908983,0.00970397016124897,-0.00035944400050365,0.00611633696272485,-0.0138470573277066,5.09025157533148e-13,5.12833654004227e-08,3.74282101863813e-13,5.31587554307691e-20,8.67361737988404e-18,2.61788855782656e-14
NC_k0057,0.0328947368421052,0.0328947368421052,0.664525938545583,-58.4875196777033,-37.6064627988841,-63.1927659860482,-40.445412982928,55.1226077957138,34.8678687851304,52.9292482409883,52.7343095616302,1,320,-9.18364130800155,16.1884775717051,2.3115959670221,-0.382999252198112,-1.68173097721421e-18,1.94711698750082e-19,0,5.7107887746171e-19,-0.00136077236756257,0.000950306852849991,1,-6.82347812469349e-20,-2.23147502983422e-19,1,-0.0087404970545237,0.00970397016124898,0.00970397016124898,0.000396105896908984,-0.000359444000503648,-0.0138470573277066,-0.0138470573277066,0.00611633696272485,1,0,5.42101086242752e-20,1,-0.00874010921019772,0.00970700265192436,0.00970700265192436,0.000395066147023807,-0.000358713201484561,-0.0138513845331215,-0.0138513845331215,0.00611605592096844,-11.9488642972792,40.5853971568344,-0.77553978486082,1.03669199440147,-0.77553978486082,1.03669199440147,-57.7645952962786,8.51738816278059,1.73472347597681e-18,1.96378560934638e-19,-4.4361818359403e-19,0,0,0,-0.0087404970545237,0.000396105896908983,0.00970397016124897,-0.00035944400050365,0.00611633696272485,-0.0138470573277066,1.36239713697599e-13,3.83149301226685e-08,5.49536688004971e-13,2.23147502983422e-19,3.46944695195361e-18,3.34139861283684e-15
NC_k0057,0.0578947368421052,0.0578947368421052,0.663175551800214,-56.2535545873557,-37.1270936502215,-63.9710436690121,-42.625448440535,55.1402586329052,29.6738861211496,51.4461504637514,59.6814013639092,1,320,-15.7672149591818,27.8175619755161,3.97661451539031,-0.624734749900166,-1.098125276556e-18,-1.15408239063398e-19,0,7.97971210762555e-19,-0.00137444951927275,0.000964664207415951,1,-1.37468071259055e-20,-1.61655130197466e-19,1,-0.0087404970545237,0.00970397016124898,0.00970397016124898,0.000396105896908983,-0.000359444000503645,-0.0138470573277066,-0.0138470573277066,0.00611633696272486,1,0,5.42101086242752e-20,1,-0.00874010921019772,0.00970700265192436,0.00970700265192436,0.000395066147023807,-0.000358713201484561,-0.0138513845331215,-0.0138513845331215,0.00611605592096844,-11.6981712539576,40.4204956942206,-0.481268962635531,0.687669433311418,-0.481268962635531,0.687669433311418,-57.3025459831327,8.52460533892715,2.16840434497101e-18,1.84859639024798e-19,-8.28469652258729e-19,0,0,0,-0.0087404970545237,0.000396105896908983,0.00970397016124897,-0.00035944400050365,0.00611633696272485,-0.0138470573277066,8.24638340160628e-14,4.65131166487458e-08,7.71602012740824e-14,1.61655130197466e-19,6.93889390390723e-18,1.43972708068899e-14
NC_k0058,-0.0671052631578948,-0.0671052631578948,0.335368282512357,155.993731388345,70.741389658378,161.785820387793,75.389272244965,-135.329371189179,-84.5523557851074,-180.423923881418,-70.9427757321674,1,320,-6.07423424804261,3.32796479527946,-0.906268919411829,-6.2801226458281,-4.0027600713686e-19,-1.23031535588687e-19,0,2.03711423814659e-19,-0.000345132827694863,-0.001110247517358,1,-1.46727572921357e-19,-6.23581206607563e-20,1,0.00572346562335538,-0.00470009187908999,-0.00470009187908999,-0.0160558367440877,-0.000666340657392888,0.00100947961288123,0.00100947961288123,-0.00926812413992542,1,2.16840434497101e-19,-5.42101086242752e-20,1,0.00572136050711102,-0.0047015606578022,-0.0047015606578022,-0.0160545388443371,-0.000667400736758605,0.00100979507526026,0.00100979507526026,-0.00926784019062199,24.3484497397475,-23.2217244574832,5.53139747660522,-20.5454305534321,5.53139747660522,-20.5454305534321,14.7912910088022,-13.7949460268497,9.75781955236954e-19,9.9989095229416e-19,4.27348289345836e-19,0,0,0,0.00572346562335538,-0.0160558367440877,-0.00470009187908999,-0.000666340657392888,-0.00926812413992542,0.00100947961288123,1.64479511048632e-13,5.49727374549242e-08,4.75967269955472e-13,1.46727572921357e-19,3.46944695195361e-18,6.62091845005796e-15
NC_k0058,-0.0421052631578947,-0.0421052631578947,0.336406824928974,158.432878318546,71.3910311206957,160.846887015474,75.1247661692517,-144.09305408105,-82.4230182143658,-173.174317972866,-73.5236099418225,1,320,-3.96514985104274,2.36111741725314,-0.529330703150565,-4.00731112942062,-3.40182989996108e-19,-4.49622293759324e-19,0,-1.25307936634433e-19,-0.000360343983676588,-0.00110260911631457,1,-3.22186244914425e-20,-3.60742963759553e-20,1,0.00572346562335538,-0.00470009187908999,-0.00470009187908999,-0.0160558367440877,-0.000666340657392889,0.00100947961288123,0.00100947961288123,-0.00926812413992542,1,2.16840434497101e-19,-5.42101086242752e-20,1,0.00572136050711102,-0.0047015606578022,-0.0047015606578022,-0.0160545388443371,-0.000667400736758605,0.00100979507526026,0.00100979507526026,-0.00926784019062199,24.4771769124019,-23.3005433024448,5.46271017312276,-20.3216161620517,5.46271017312276,-20.3216161620517,14.6542714489484,-14.2380980715077,1.51788304147971e-18,-8.04266032132649e-19,3.90584901597807e-19,0,0,0,0.00572346562335538,-0.0160558367440877,-0.00470009187908999,-0.000666340657392888,-0.00926812413992542,0.00100947961288123,3.17387758507902e-13,3.09263249997752e-08,8.36886847726665e-13,3.60742963759553e-20,6.93889390390723e-18,1.48510768527601e-15
NC_k0058,-0.0171052631578947,-0.0171052631578947,0.337363448133432,159.70003465778,72.6948983322562,160.417648918799,74.390159834475,-153.05450985421,-80.133711694413,-165.054466527816,-76.4156815515859,1,320,-1.63449143254461,1.01955063448558,-0.20293046335948,-1.63831008309085,-1.49415288406678e-19,-1.87392804690213e-19,0,6.24686798600047e-21,-0.00036906745306983,-0.00109842624147405,1,1.12571547474473e-20,2.0486474704157e-20,1,0.00572346562335538,-0.00470009187908999,-0.00470009187908999,-0.0160558367440877,-0.000666340657392891,0.00100947961288123,0.00100947961288123,-0.00926812413992542,1,2.16840434497101e-19,-5.42101086242752e-20,1,0.00572136050711102,-0.0047015606578022,-0.0047015606578022,-0.0160545388443371,-0.000667400736758605,0.00100979507526026,0.00100979507526026,-0.00926784019062199,24.5832712135906,-23.3862826395633,5.42675610962493,-20.2067134311071,5.42675610962493,-20.2067134311071,14.6297578393579,-14.5039224335766,8.67361737988404e-19,6.46786214867802e-19,6.14059027466722e-19,0,0,0,0.00572346562335538,-0.0160558367440877,-0.00470009187908999,-0.000666340657392888,-0.00926812413992542,0.00100947961288123,1.09212257493424e-12,2.55194118616351e-08,1.07476897199483e-12,2.0486474704157e-20,3.46944695195361e-18,5.92358613650073e-15
NC_k0058,0.00789473684210525,0.00789473684210525,0.337532244190901,160.279358938649,73.9952535418922,159.966748205741,73.2002956704729,-161.894875798989,-77.4707841047402,-156.343232988,-79.1944880652517,1,320,0.755674517361759,-0.474803080279726,0.0926875742370717,0.756789126886197,-3.39488158281563e-19,-2.83650158211784e-19,0,2.57286257728494e-19,-0.000370447395784097,-0.00109777360372076,1,-3.82822556556248e-21,3.09880506184997e-20,1,0.00572346562335538,-0.00470009187908999,-0.00470009187908999,-0.0160558367440877,-0.000666340657392891,0.00100947961288123,0.00100947961288123,-0.00926812413992542,1,2.16840434497101e-19,-5.42101086242752e-20,1,0.00572136050711102,-0.0047015606578022,-0.0047015606578022,-0.0160545388443371,-0.000667400736758605,0.00100979507526026,0.00100979507526026,-0.00926784019062199,24.6017978013253,-23.4019744677826,5.42125603313883,-20.1888787687942,5.42125603313883,-20.1888787687942,14.6290931551214,-14.5467907896581,8.67361737988404e-19,6.46786214867802e-19,6.14059027466722e-19,0,0,0,0.00572346562335538,-0.0160558367440877,-0.00470009187908999,-0.000666340657392888,-0.00926812413992542,0.00100947961288123,1.36902089336703e-12,2.14107512405746e-08,2.51176536036301e-13,3.09880506184997e-20,3.46944695195361e-18,1.15123240907033e-14
NC_k0058,0.0328947368421052,0.0328947368421052,0.336824497923183,160.660364618544,74.9142521798499,159.012815983445,71.8371039705659,-170.272660539841,-74.5786892547928,-147.390048430405,-81.6189861493894,1,320,3.12072508031205,-1.89890086988642,0.403201989440453,3.14074113680576,-7.79376190592363e-19,-4.648490344752e-19,0,-1.27737862401869e-18,-0.000364378740422219,-0.00110066091640521,1,-2.3239295503164e-20,-1.28314793993132e-20,1,0.00572346562335538,-0.00470009187908999,-0.00470009187908999,-0.0160558367440877,-0.000666340657392889,0.00100947961288123,0.00100947961288123,-0.00926812413992542,1,2.16840434497101e-19,-5.42101086242752e-20,1,0.00572136050711102,-0.0047015606578022,-0.0047015606578022,-0.0160545388443371,-0.000667400736758605,0.00100979507526026,0.00100979507526026,-0.00926784019062199,24.5238715554258,-23.3371261878046,5.44580024882802,-20.2678574199977,5.44580024882802,-20.2678574199977,14.6384070343009,-14.3600510685114,1.12485975395371e-18,2.76496528192503e-19,3.22992891505286e-19,0,0,0,0.00572346562335538,-0.0160558367440877,-0.00470009187908999,-0.000666340657392888,-0.00926812413992542,0.00100947961288123,4.76929756251001e-13,4.59668598706884e-08,2.41067699444534e-13,2.3239295503164e-20,1.73472347597681e-18,1.79640006042168e-14
NC_k0058,0.0578947368421052,0.0578947368421052,0.335671776771544,161.341769111214,75.3349246723249,157.051590683076,70.8495773384152,-177.864360375592,-71.8251507199279,-138.509631964898,-83.7543403541736,1,320,5.34056572318088,-3.02773715486246,0.763233427545089,5.46185063167816,-2.84555093801917e-19,4.98942110602185e-19,0,1.9857628657193e-19,-0.000351370543880892,-0.00110704985086258,1,2.79630631171754e-20,5.11901526625125e-21,1,0.00572346562335538,-0.00470009187908999,-0.00470009187908999,-0.0160558367440877,-0.000666340657392887,0.00100947961288123,0.00100947961288123,-0.00926812413992542,1,2.16840434497101e-19,-5.42101086242752e-20,1,0.00572136050711102,-0.0047015606578022,-0.0047015606578022,-0.0160545388443371,-0.000667400736758605,0.00100979507526026,0.00100979507526026,-0.00926784019062199,24.3910586384405,-23.2410664225178,5.50228688232766,-20.4478976501895,5.50228688232766,-20.4478976501895,14.7196096888885,-13.9736088721798,9.75781955236954e-19,4.44514012978307e-19,3.88341719182295e-19,0,0,0,0.00572346562335538,-0.0160558367440877,-0.00470009187908999,-0.000666340657392888,-0.00926812413992542,0.00100947961288123,3.79461922731754e-13,3.63853873274083e-08,6.01187351053081e-13,2.79630631171754e-20,3.46944695195361e-18,3.40669008983198e-14
NC_k0059,-0.0671052631578948,-0.0671052631578948,0.610183528043027,190.714321598113,-68.0781234675954,223.058925485783,-126.391928507955,-159.161405372248,87.6349188663469,-250.902313291958,108.602133815358,1,320,3.87140582572947,-5.99465467681379,-0.700672120857832,-19.0393468516426,-2.1947417756747e-18,9.7322762150539e-19,0,1.71206534463775e-19,0.000280895267576726,0.000117351457262096,1,-1.32070907554565e-19,1.1265783491822e-19,1,0.0125934877014677,-0.00328537948333291,-0.00328537948333291,-0.0106863504327794,-0.00533084528573011,-0.00734647189427623,-0.00734647189427623,0.00583298404228314,1,-1.0842021724855e-19,5.42101086242752e-20,1,0.0125917434616631,-0.00328640616442145,-0.00328640616442145,-0.0106844571978756,-0.00532995349676869,-0.00734876766674318,-0.00734876766674318,0.00583213148291206,33.37181933352,-6.82951695365577,-12.0870262015064,-26.0910149434715,-12.0870262015064,-26.0910149434715,-14.8800133329187,16.0650370399434,1.30104260698261e-18,1.31549313658821e-19,-4.9773673857768e-19,0,0,0,0.0125934877014677,-0.0106863504327794,-0.00328537948333291,-0.00533084528573012,0.00583298404228314,-0.00734647189427622,7.32632384402779e-14,3.73845339326337e-08,3.86789853351891e-13,1.32070907554565e-19,3.46944695195361e-18,3.27508258168576e-15
NC_k0059,-0.0421052631578947,-0.0421052631578947,0.610175695267444,200.079287790032,-79.9693864873336,218.379312914158,-116.884743396678,-178.019488295008,93.5213801250445,-236.701051193784,105.082378924905,1,320,2.5089840108799,-3.67392133866659,-0.384429318169605,-12.2005747003945,-6.80220396204407e-19,3.37979380844267e-19,0,7.98857948379212e-19,0.000264428335491792,0.000106634568382814,1,-4.09092384385588e-21,1.04368526745643e-19,1,0.0125934877014677,-0.00328537948333291,-0.00328537948333291,-0.0106863504327794,-0.00533084528573011,-0.00734647189427623,-0.00734647189427623,0.00583298404228314,1,-1.0842021724855e-19,5.42101086242752e-20,1,0.0125917434616631,-0.00328640616442145,-0.00328640616442145,-0.0106844571978756,-0.00532995349676869,-0.00734876766674318,-0.00734876766674318,0.00583213148291206,33.8175671431827,-6.49967408919685,-12.1341891797907,-25.8119293486464,-12.1341891797907,-25.8119293486464,-14.8735668427144,16.0870173155682,1.30104260698261e-18,-7.00256481565347e-19,-2.5430030036582e-19,0,0,0,0.0125934877014677,-0.0106863504327794,-0.00328537948333291,-0.00533084528573012,0.00583298404228314,-0.00734647189427622,1.1385619796796e-13,2.75020193292345e-08,3.2284488940709e-13,1.04368526745643e-19,5.20417042793042e-18,6.55024924730694e-15
NC_k0059,-0.0171052631578947,-0.0171052631578947,0.610624939768306,206.902404985795,-91.3301069453092,213.874068605647,-106.406682471347,-196.468523520087,97.5662598201588,-220.556523776988,101.906597280631,1,320,1.0464082167904,-1.4579021081086,-0.135792984135004,-5.00245323405528,-1.02496280573691e-18,1.11990825080697e-18,0,9.8944036151143e-19,0.000255052743147428,0.000100669434858116,1,1.53376971967091e-20,-4.19367055081734e-20,1,0.0125934877014677,-0.00328537948333291,-0.00328537948333291,-0.0106863504327794,-0.00533084528573011,-0.00734647189427623,-0.00734647189427623,0.00583298404228314,1,-1.0842021724855e-19,5.42101086242752e-20,1,0.0125917434616631,-0.00328640616442145,-0.00328640616442145,-0.0106844571978756,-0.00532995349676869,-0.00734876766674318,-0.00734876766674318,0.00583213148291206,34.0984420197259,-6.30723704343059,-12.1759889588498,-25.6737390131431,-12.1759889588498,-25.6737390131431,-14.8581916630771,16.1278666610713,1.51788304147971e-18,1.70730627476711e-19,-3.03676697650899e-19,0,0,0,0.0125934877014677,-0.0106863504327794,-0.00328537948333291,-0.00533084528573012,0.00583298404228314,-0.00734647189427622,2.16120997197918e-13,1.66896927529533e-08,1.96558346887701e-13,4.19367055081734e-20,3.46944695195361e-18,1.09090502433106e-15
NC_k0059,0.00789473684210525,0.00789473684210525,0.610709613615774,212.149616578482,-102.403453315293,208.96535860833,-95.4393922194648,-214.248236013989,100.777431942652,-203.113339094247,98.7991822462391,1,320,-0.485221699838374,0.669847266969007,0.0609264371531121,2.31179176006696,-3.03343674235446e-20,1.00849860282465e-18,0,-7.76729212632193e-19,0.000253562548344289,9.97359363409918e-05,1,-2.23079323349904e-22,-5.85626360661869e-20,1,0.0125934877014677,-0.00328537948333291,-0.00328537948333291,-0.0106863504327794,-0.00533084528573011,-0.00734647189427623,-0.00734647189427623,0.00583298404228314,1,-1.0842021724855e-19,5.42101086242752e-20,1,0.0125917434616631,-0.00328640616442145,-0.00328640616442145,-0.0106844571978756,-0.00532995349676869,-0.00734876766674318,-0.00734876766674318,0.00583213148291206,34.1440176957587,-6.27612725582394,-12.1832049558488,-25.6525442230505,-12.1832049558488,-25.6525442230505,-14.854350304066,16.1357263065321,1.30104260698261e-18,1.08753652538597e-18,-5.45222271449485e-19,0,0,0,0.0125934877014677,-0.0106863504327794,-0.00328537948333291,-0.00533084528573012,0.00583298404228314,-0.00734647189427622,3.00632446840808e-13,1.78275625234251e-08,4.78906915286677e-13,5.85626360661869e-20,6.93889390390723e-18,3.99943049809599e-15
NC_k0059,0.0328947368421052,0.0328947368421052,0.610362892676364,216.727492294284,-113.108446696707,202.843276604711,-84.1994127434426,-230.945283769995,103.881686411712,-184.881084021232,95.1698665000457,1,320,-1.98295665489598,2.84146162936573,0.283306641575023,9.57444090831906,-2.49228856817737e-18,1.66682849129845e-18,0,-1.07922585392039e-18,0.000260088596438498,0.000103861713126914,1,-2.1259978449447e-20,-1.55807706538963e-19,1,0.0125934877014677,-0.00328537948333291,-0.00328537948333291,-0.0106863504327794,-0.00533084528573011,-0.00734647189427623,-0.00734647189427623,0.00583298404228314,1,-1.0842021724855e-19,5.42101086242752e-20,1,0.0125917434616631,-0.00328640616442145,-0.00328640616442145,-0.0106844571978756,-0.00532995349676869,-0.00734876766674318,-0.00734876766674318,0.00583213148291206,33.946010373984,-6.41130811052588,-12.1526592397388,-25.7469395000016,-12.1526592397388,-25.7469395000016,-14.868308691732,16.103922553805,8.67361737988404e-19,3.13750061181663e-19,-4.56254909782708e-19,0,0,0,0.0125934877014677,-0.0106863504327794,-0.00328537948333291,-0.00533084528573012,0.00583298404228314,-0.00734647189427622,1.23285435785169e-13,3.27266094387139e-08,3.62284105205032e-13,1.55807706538963e-19,3.46944695195361e-18,7.27582255046318e-16
NC_k0059,0.0578947368421052,0.0578947368421052,0.609993060610807,221.283047677735,-123.038543426765,194.499379704333,-72.5367356618559,-245.934807103802,107.257603017588,-166.124651548564,90.0784287272855,1,320,-3.37631465653592,5.13916234755209,0.58173973803533,16.5855195028394,-7.57512152641361e-19,3.17425596983549e-19,0,-2.01593841446523e-19,0.00027414796869754,0.00011291616171804,1,2.11648483212192e-20,-1.35616024466191e-19,1,0.0125934877014677,-0.00328537948333291,-0.00328537948333291,-0.0106863504327794,-0.00533084528573011,-0.00734647189427623,-0.00734647189427623,0.00583298404228314,1,-1.0842021724855e-19,5.42101086242752e-20,1,0.0125917434616631,-0.00328640616442145,-0.00328640616442145,-0.0106844571978756,-0.00532995349676869,-0.00734876766674318,-0.00734876766674318,0.00583213148291206,33.5457436403672,-6.69331659690785,-12.1009143136462,-25.9675979102625,-12.1009143136462,-25.9675979102625,-14.8777072439237,16.0648816511493,1.51788304147971e-18,1.09773160885316e-18,-4.25450946858998e-19,0,0,0,0.0125934877014677,-0.0106863504327794,-0.00328537948333291,-0.00533084528573012,0.00583298404228314,-0.00734647189427622,1.10905028141208e-13,2.54292350546219e-08,4.70170714111811e-13,1.35616024466191e-19,6.93889390390723e-18,4.1861344358261e-15
NC_k0060,-0.0671052631578948,-0.0671052631578948,0.363458754722386,93.056408229987,141.929340821629,88.625094638343,194.220987699922,-79.1237733377306,-163.305963953369,-92.9762133955835,-174.530261590413,1,320,3.5025639700715,1.1733360098561,1.5430469933761,6.11632692536001,-6.85712875471759e-19,-1.01501016860667e-18,0,-1.26525546496111e-20,0.00124786308392753,0.00026154866422619,1,6.53597842381223e-20,-2.57089079329401e-20,1,0.0110124244131944,0.00201889622432736,0.00201889622432736,0.00192426675443054,0.0147006014428568,0.0022188640864324,0.0022188640864324,-0.00706517681456637,1,0,0,1,0.0110122197403761,0.00201952712939746,0.00201952712939746,0.00192548210624637,0.014699199250205,0.00221955748145941,0.00221955748145941,-0.00706317810436546,16.1303623641602,-3.97368444946357,22.1670823989611,-7.3184101732675,22.1670823989611,-7.3184101732675,14.6882655954971,-26.1016747703359,8.67361737988404e-19,2.35837296960628e-21,1.41730091419476e-19,0,0,0,0.0110124244131944,0.00192426675443054,0.00201889622432736,0.0147006014428568,-0.00706517681456636,0.0022188640864324,3.96580381297762e-13,5.37012423515697e-08,1.72362742943565e-13,6.53597842381223e-20,1.73472347597681e-18,1.35929934150453e-14
NC_k0060,-0.0421052631578947,-0.0421052631578947,0.365824964742394,93.2531681804981,152.38361827208,90.231801437544,186.095672848884,-82.1147741759508,-167.1623177063,-91.7092664721787,-172.996619593013,1,320,1.9826144259924,0.870084981157327,0.941390804359414,3.89777831360952,-3.56812629030874e-19,-1.04597981074065e-18,0,7.73976355553617e-19,0.00124031579998006,0.000276656364718644,1,1.15556887985557e-20,6.10280154948357e-20,1,0.0110124244131944,0.00201889622432736,0.00201889622432736,0.00192426675443054,0.0147006014428568,0.0022188640864324,0.0022188640864324,-0.00706517681456636,1,0,0,1,0.0110122197403761,0.00201952712939746,0.00201952712939746,0.00192548210624637,0.014699199250205,0.00221955748145941,0.00221955748145941,-0.00706317810436546,16.747707440172,-3.63995023247164,21.8689044545496,-7.18258689723104,21.8689044545496,-7.18258689723104,14.6170335172166,-26.3622338996912,8.67361737988404e-19,8.62334650554958e-21,9.92392014793746e-20,0,0,0,0.0110124244131944,0.00192426675443054,0.00201889622432736,0.0147006014428568,-0.00706517681456636,0.0022188640864324,5.89095396090754e-13,2.44897074723367e-08,4.74384058331799e-13,6.10280154948357e-20,3.46944695195361e-18,1.06219666799513e-15
NC_k0060,-0.0171052631578947,-0.0171052631578947,0.367380272414203,93.0932475303856,162.937152312133,91.7806539500913,176.840661326189,-85.5420159377789,-169.676480782155,-89.6302351066952,-171.781426919049,1,320,0.752842478220104,0.376396407447987,0.372648832270471,1.59234407860861,-4.98055372985529e-19,-1.12951843516361e-18,0,-1.16863415197002e-18,0.00123613601265959,0.000285402080389567,1,3.65175590068316e-21,1.03165652758649e-19,1,0.0110124244131944,0.00201889622432736,0.00201889622432736,0.00192426675443054,0.0147006014428568,0.0022188640864324,0.0022188640864324,-0.00706517681456637,1,0,0,1,0.0110122197403761,0.00201952712939746,0.00201952712939746,0.00192548210624637,0.014699199250205,0.00221955748145941,0.00221955748145941,-0.00706317810436546,17.1054118266874,-3.49272925396016,21.7112418826382,-7.10922869890882,21.7112418826382,-7.10922869890882,14.6097769204231,-26.5352508747296,7.04731412115578e-19,-2.80519820369178e-19,-4.53323819579894e-20,0,0,0,0.0110124244131944,0.00192426675443054,0.00201889622432736,0.0147006014428568,-0.00706517681456636,0.0022188640864324,4.81259956966796e-13,2.21949367436499e-08,5.53431359439625e-13,1.03165652758649e-19,1.73472347597681e-18,8.00829885590482e-15
NC_k0060,0.00789473684210525,0.00789473684210525,0.367633693082133,92.2512502384438,173.204942820234,92.8634779789631,166.773268818529,-88.6532209714257,-171.305573862251,-86.7530297216779,-170.352770675869,1,320,-0.343721188434753,-0.175011331816871,-0.171181731683034,-0.735391558539892,4.48927462044779e-20,-3.9683493578864e-19,0,-7.14525230568206e-19,0.00123548314197807,0.000286796703576527,1,1.9958588486099e-20,1.06317932969985e-19,1,0.0110124244131944,0.00201889622432736,0.00201889622432736,0.00192426675443054,0.0147006014428568,0.0022188640864324,0.0022188640864324,-0.00706517681456637,1,0,0,1,0.0110122197403761,0.00201952712939746,0.00201952712939746,0.00192548210624637,0.014699199250205,0.00221955748145941,0.00221955748145941,-0.00706317810436546,17.1623662628854,-3.47218425753553,21.6865780311257,-7.09783565504365,21.6865780311257,-7.09783565504365,14.6105138627034,-26.5637981075583,1.19262238973405e-18,-4.74467801091622e-19,4.87135162924261e-19,0,0,0,0.0110124244131944,0.00192426675443054,0.00201889622432736,0.0147006014428568,-0.00706517681456636,0.0022188640864324,2.23390789635876e-12,1.48232532502299e-08,2.93059291400348e-13,1.06317932969985e-19,6.07153216591882e-18,9.66373252956112e-15
NC_k0060,0.0328947368421052,0.0328947368421052,0.366534869024955,90.8344237426573,182.804305818905,93.2654880590443,156.283770643931,-91.0438478781697,-172.543025410032,-83.3763476252166,-168.224681896631,1,320,-1.50239153481501,-0.701456777980923,-0.727269943222657,-3.05377618981268,-5.88634958782535e-19,-1.10495447969323e-18,0,-4.90696774256257e-19,0.00123837504525018,0.000280693509020451,1,3.47323028613372e-20,2.23528656826907e-19,1,0.0110124244131944,0.00201889622432736,0.00201889622432736,0.00192426675443054,0.0147006014428568,0.0022188640864324,0.0022188640864324,-0.00706517681456637,1,0,0,1,0.0110122197403761,0.00201952712939746,0.00201952712939746,0.00192548210624637,0.014699199250205,0.00221955748145941,0.00221955748145941,-0.00706317810436546,16.9128946493855,-3.56786462305703,21.7954758688698,-7.14835343673501,21.7954758688698,-7.14835343673501,14.6109825146878,-26.44070790838,1.0842021724855e-18,-2.78906809046804e-19,-4.0743634356365e-20,0,0,0,0.0110124244131944,0.00192426675443054,0.00201889622432736,0.0147006014428568,-0.00706517681456636,0.0022188640864324,4.06929831861438e-13,4.73957901315347e-08,3.08689956651212e-13,2.23528656826907e-19,1.73472347597681e-18,6.05793946741568e-15
NC_k0060,0.0578947368421052,0.0578947368421052,0.364350305280843,89.1926144016007,191.370510298961,93.1237826091442,145.736630296516,-92.5916976721935,-173.888411905438,-80.1076738025978,-164.901839477789,1,320,-2.90471902940026,-1.09616823614181,-1.32029279762889,-5.31653942691722,-9.45500527372613e-20,1.45319090013316e-19,0,-2.0855274650381e-18,0.00124471732300313,0.00026771290776389,1,2.37301622693912e-20,1.72500842923208e-19,1,0.0110124244131944,0.00201889622432736,0.00201889622432736,0.00192426675443054,0.0147006014428568,0.0022188640864324,0.0022188640864324,-0.00706517681456637,1,0,0,1,0.0110122197403761,0.00201952712939746,0.00201952712939746,0.00192548210624637,0.014699199250205,0.00221955748145941,0.00221955748145941,-0.00706317810436546,16.3827105504875,-3.82492188078852,22.038763283979,-7.26117873765566,22.038763283979,-7.26117873765566,14.6487003142016,-26.2007386717989,1.0842021724855e-18,-3.36161191190201e-19,2.8630167485684e-19,0,0,0,0.0110124244131944,0.00192426675443054,0.00201889622432736,0.0147006014428568,-0.00706517681456636,0.0022188640864324,3.30694280737396e-13,2.94004221319887e-08,5.17406105583781e-13,1.72500842923208e-19,4.33680868994202e-18,3.50420038027634e-15
NC_k0061,-0.0671052631578948,-0.0671052631578948,0.243674404425249,80.0438870077789,-39.4229989548856,71.3937768225403,-61.603394768162,-53.3489501052619,53.8139409572139,-86.6925751150396,44.2990450256776,1,320,-14.7896710550562,-3.37833016450376,-5.99544040245481,-6.49773671162037,1.07742590890747e-18,-1.20437497187721e-19,0,1.00563986662767e-18,0.00192866002139247,-0.000258643553523843,1,6.5293683062983e-21,2.94664612321551e-20,1,0.0144410819694882,-0.00741668693217575,-0.00741668693217575,0.0110534261280014,-0.00211563498216453,-0.00256145906364692,-0.00256145906364692,0.00179796924916267,1,0,5.42101086242752e-20,1,0.0144418131880982,-0.00741900464684206,-0.00741900464684206,0.0110546866678365,-0.00211534164065165,-0.00256225951960431,-0.00256225951960431,0.0017976510900144,15.343473228787,-26.1154131947076,-7.98759798951089,-3.58677870280771,-7.98759798951089,-3.58677870280771,-5.13797437809467,7.36405576233132,1.95156391047391e-18,-4.96361671851693e-19,-1.9374111258226e-19,0,0,0,0.0144410819694882,0.0110534261280014,-0.00741668693217575,-0.00211563498216453,0.00179796924916267,-0.00256145906364692,1.66349489005589e-13,5.14309936551554e-08,3.85451602184351e-13,2.94664612321551e-20,3.46944695195361e-18,6.83426123833454e-15
NC_k0061,-0.0421052631578947,-0.0421052631578947,0.244444256746337,80.0141469272526,-42.0521763484597,72.8516759726597,-56.7119774478936,-59.8488424228327,51.5657377830759,-81.6218064121573,44.3170624858069,1,320,-9.72516076513848,-2.07580603790678,-3.89431904500492,-4.13806394691364,1.32772414482112e-19,-2.82948709052339e-19,0,5.74129519560805e-19,0.00191315568455633,-0.000256713517846961,1,-1.84959849685231e-20,3.80825586381554e-20,1,0.0144410819694882,-0.00741668693217575,-0.00741668693217575,0.0110534261280014,-0.00211563498216453,-0.00256145906364692,-0.00256145906364692,0.00179796924916267,1,0,5.42101086242752e-20,1,0.0144418131880982,-0.00741900464684206,-0.00741900464684206,0.0110546866678365,-0.00211534164065165,-0.00256225951960431,-0.00256225951960431,0.0017976510900144,15.8362169018819,-25.9378256383498,-7.71636441447521,-3.78565149942521,-7.71636441447521,-3.78565149942521,-5.22900445291963,7.24291719171664,1.73472347597681e-18,6.24670470493004e-20,-8.04722616402934e-20,0,0,0,0.0144410819694882,0.0110534261280014,-0.00741668693217575,-0.00211563498216453,0.00179796924916267,-0.00256145906364692,1.69139253633841e-13,4.75850079475741e-08,2.97109292914833e-13,3.80825586381554e-20,5.20417042793042e-18,3.42907783864124e-14
NC_k0061,-0.0171052631578947,-0.0171052631578947,0.245161603978579,78.3864106500371,-45.5452232723687,75.0766153845926,-51.6766760105469,-66.5134685344242,48.7985718658917,-75.5615716033513,45.5604440734918,1,320,-4.03492355303908,-0.826690756771455,-1.60433272223748,-1.69156483022419,6.26433804053758e-19,3.79656048827138e-19,0,-7.68285352939252e-20,0.00190460801856575,-0.000255686213771201,1,7.09870318368403e-20,-1.28887647666087e-20,1,0.0144410819694882,-0.00741668693217575,-0.00741668693217575,0.0110534261280014,-0.00211563498216453,-0.00256145906364692,-0.00256145906364692,0.00179796924916267,1,0,5.42101086242752e-20,1,0.0144418131880982,-0.00741900464684206,-0.00741900464684206,0.0110546866678365,-0.00211534164065165,-0.00256225951960431,-0.00256225951960431,0.0017976510900144,16.1348138904113,-25.8879332819877,-7.56281041767153,-3.90370853809603,-7.56281041767153,-3.90370853809603,-5.2644995339141,7.16951011151429,1.51788304147971e-18,-9.53091645430121e-19,3.98558242067652e-20,0,0,0,0.0144410819694882,0.0110534261280014,-0.00741668693217575,-0.00211563498216453,0.00179796924916267,-0.00256145906364692,4.33146517496857e-13,2.40509602567903e-08,1.4857343997068e-12,7.09870318368403e-20,2.60208521396521e-18,7.01923001090886e-14
NC_k0061,0.00789473684210525,0.00789473684210525,0.245287723367206,75.9931292691044,-49.9006597849414,77.5490760251967,-47.0581965189692,-73.1729977098555,46.2919250282549,-68.982238510134,47.8072019324416,1,320,1.86781430518908,0.380134999609863,0.741823270583654,0.781307335155201,5.52927226099846e-19,2.83074440505447e-19,0,4.91199700068689e-19,0.00190327470344714,-0.000255536703612257,1,2.79963854131752e-19,-2.09793261483678e-21,1,0.0144410819694882,-0.00741668693217575,-0.00741668693217575,0.0110534261280014,-0.00211563498216453,-0.00256145906364692,-0.00256145906364692,0.00179796924916267,1,0,5.42101086242752e-20,1,0.0144418131880982,-0.00741900464684206,-0.00741900464684206,0.0110546866678365,-0.00211534164065165,-0.00256225951960431,-0.00256225951960431,0.0017976510900144,16.1830320895585,-25.8825734071962,-7.53836224283475,-3.92260609299974,-7.53836224283475,-3.92260609299974,-5.26882939397696,7.15732930495137,1.73472347597681e-18,-1.53493558759745e-18,-6.9017564423492e-20,0,0,0,0.0144410819694882,0.0110534261280014,-0.00741668693217575,-0.00211563498216453,0.00179796924916267,-0.00256145906364692,1.12864082542983e-12,3.71119486888776e-08,4.371820737383e-13,2.79963854131752e-19,3.46944695195361e-18,3.00992769324402e-14
NC_k0061,0.0328947368421052,0.0328947368421052,0.244758676470019,73.6055554224565,-54.8419865741586,79.5583315275718,-43.2339912780141,-79.4801581396636,44.6394744945779,-62.2916412831447,50.5637445306973,1,320,7.67571153055276,1.60790917845345,3.06359483397208,3.24269016488524,1.22687428453865e-20,2.9575346493466e-19,0,8.42744842958825e-19,0.00190917901534251,-0.000256232435236327,1,2.96713075354464e-19,-3.4972231885154e-20,1,0.0144410819694882,-0.00741668693217575,-0.00741668693217575,0.0110534261280014,-0.00211563498216453,-0.00256145906364692,-0.00256145906364692,0.00179796924916267,1,0,5.42101086242752e-20,1,0.0144418131880982,-0.00741900464684206,-0.00741900464684206,0.0110546866678365,-0.00211534164065165,-0.00256225951960431,-0.00256225951960431,0.0017976510900144,15.9731186675095,-25.9110856074736,-7.6455154181171,-3.83995621602801,-7.6455154181171,-3.83995621602801,-5.2471471535223,7.20965897846136,2.16840434497101e-18,-1.01413363200699e-18,4.98216441211607e-20,0,0,0,0.0144410819694882,0.0110534261280014,-0.00741668693217575,-0.00211563498216453,0.00179796924916267,-0.00256145906364692,7.19733896791838e-14,3.80761309843579e-08,2.03097559644539e-13,2.96713075354464e-19,1.73472347597681e-18,4.53599047288994e-14
NC_k0061,0.0578947368421052,0.0578947368421052,0.243893415652445,71.8194391171834,-59.8557959697673,80.261069080875,-40.297614688024,-84.9669115013536,44.1593640319036,-55.7142741623808,53.091871610339,1,320,13.0318351026646,2.89626331779732,5.25627247875245,5.64523920161875,8.75660013893536e-19,3.03740720929472e-19,0,-2.64883084474181e-19,0.00192218892547315,-0.000257808058504145,1,1.99025977225014e-19,-2.90039864805354e-20,1,0.0144410819694882,-0.00741668693217575,-0.00741668693217575,0.0110534261280014,-0.00211563498216453,-0.00256145906364692,-0.00256145906364692,0.00179796924916267,1,0,5.42101086242752e-20,1,0.0144418131880982,-0.00741900464684206,-0.00741900464684206,0.0110546866678365,-0.00211534164065165,-0.00256225951960431,-0.00256225951960431,0.0017976510900144,15.5408685093317,-26.0251537544708,-7.87457816458564,-3.66706912150446,-7.87457816458564,-3.66706912150446,-5.17916715532986,7.31428147992083,1.73472347597681e-18,-1.51192036433111e-18,-2.17984610172566e-19,0,0,0,0.0144410819694882,0.0110534261280014,-0.00741668693217575,-0.00211563498216453,0.00179796924916267,-0.00256145906364692,7.7559839704546e-14,2.42918108323633e-08,9.17743680271818e-13,1.99025977225014e-19,3.46944695195361e-18,7.51093663488634e-15
NC_k0062,-0.0671052631578948,-0.0671052631578948,0.785843592842509,60.0108184218969,-98.5225203023236,31.5136203339757,-164.938503292796,-38.7268514424617,120.465314909251,-52.1338646996141,138.578456845304,1,320,-34.1425459202193,7.76216446545057,-8.70552588007368,-11.3612362073536,2.24119623887568e-19,2.39630914734162e-18,0,1.39485150589102e-18,-0.000212776107917626,-0.000286488762047027,1,-3.72444344884803e-19,-1.83398574138372e-20,1,0.000514545245127712,-0.016965264742165,-0.016965264742165,-0.00641988876246026,-0.00428897221301671,0.00241466856620863,0.00241466856620863,0.00681719566742371,1,0,0,1,0.000513772814989724,-0.0169705663873969,-0.0169705663873969,-0.00641957768728456,-0.00428800578492236,0.00241542315013557,0.00241542315013557,0.00681642675678674,6.96461766567474,-56.4520689448985,-19.9545243931085,-5.05353943533114,-19.9545243931085,-5.05353943533114,11.7146509050026,20.2038364823069,1.73472347597681e-18,1.12930483721176e-19,-1.76519500423585e-19,0,0,0,0.000514545245127712,-0.00641988876246026,-0.016965264742165,-0.00428897221301671,0.00681719566742371,0.00241466856620863,8.13712633883206e-14,6.03161474085856e-08,8.61152708650345e-13,3.72444344884803e-19,3.46944695195361e-18,8.19411598118916e-15
NC_k0062,-0.0421052631578947,-0.0421052631578947,0.788504778473804,53.8521961859899,-111.33972292271,33.8165687522382,-154.074517120592,-39.1789987108151,125.65121071402,-47.9142259609451,135.337567893688,1,320,-21.8102206581485,4.8937286279948,-5.58244236995078,-7.21997732404937,7.84352509157482e-19,-1.6612433678025e-19,0,1.52053001943988e-18,-0.000225195072726825,-0.000293299173178585,1,-3.5767045065561e-19,-7.07518009403088e-20,1,0.000514545245127715,-0.016965264742165,-0.016965264742165,-0.00641988876246026,-0.00428897221301671,0.00241466856620863,0.00241466856620863,0.00681719566742371,1,0,0,1,0.000513772814989724,-0.0169705663873969,-0.0169705663873969,-0.00641957768728456,-0.00428800578492236,0.00241542315013557,0.00241542315013557,0.00681642675678674,6.44426106096824,-57.155992369339,-19.4900861966208,-5.25693134651795,-19.4900861966208,-5.25693134651795,12.0393377022633,20.4855511027292,1.73472347597681e-18,-2.62471491924502e-19,-9.58511851199524e-20,0,0,0,0.000514545245127712,-0.00641988876246026,-0.016965264742165,-0.00428897221301671,0.00681719566742371,0.00241466856620863,1.54584647905524e-13,4.87843789801595e-08,3.75434378218044e-13,3.5767045065561e-19,3.46944695195361e-18,5.91364419179683e-15
NC_k0062,-0.0171052631578947,-0.0171052631578947,0.790530812488519,46.7974225581964,-124.249230029441,38.2157167082558,-141.854865909316,-40.4114736626131,129.061882756694,-44.0745893997138,132.617908943921,1,320,-8.91363644326399,1.99522632345863,-2.28307533953578,-2.94605246216584,-5.896408104074e-19,-1.00892211929828e-18,0,1.93097042194379e-19,-0.000232087350744095,-0.000297538439826452,1,1.68605290470742e-19,2.13288229020658e-20,1,0.000514545245127715,-0.016965264742165,-0.016965264742165,-0.00641988876246026,-0.00428897221301671,0.00241466856620863,0.00241466856620863,0.00681719566742371,1,0,0,1,0.000513772814989724,-0.0169705663873969,-0.0169705663873969,-0.00641957768728456,-0.00428800578492236,0.00241542315013557,0.00241542315013557,0.00681642675678674,6.18975236183984,-57.6102074239716,-19.2308088154769,-5.37683229046073,-19.2308088154769,-5.37683229046073,12.2491602743644,20.6323895397423,2.16840434497101e-18,-2.16848171048091e-19,-1.45227582405032e-19,0,0,0,0.000514545245127712,-0.00641988876246026,-0.016965264742165,-0.00428897221301671,0.00681719566742371,0.00241466856620863,1.61744943150306e-13,2.41598552914731e-08,4.93449634390637e-13,1.68605290470742e-19,3.46944695195361e-18,3.48291686746919e-14
NC_k0062,0.00789473684210525,0.00789473684210525,0.790863375218523,40.2861541244217,-137.162479395561,44.2771894385987,-129.01954629749,-42.8719506506623,131.686149866841,-41.1722175871386,130.071918043593,1,320,4.11691271750449,-0.921547343861113,1.05447057330231,1.36034106868274,2.73475174932892e-18,4.76138395475324e-19,0,7.69211795225311e-19,-0.000233157529667067,-0.000298245232329974,1,2.71202338678023e-19,-2.99337121660851e-20,1,0.000514545245127715,-0.016965264742165,-0.016965264742165,-0.00641988876246026,-0.00428897221301671,0.00241466856620863,0.00241466856620863,0.00681719566742371,1,0,0,1,0.000513772814989724,-0.0169705663873969,-0.0169705663873969,-0.00641957768728456,-0.00428800578492236,0.00241542315013557,0.00241542315013557,0.00681642675678674,6.15185932338371,-57.684033883577,-19.1895682471863,-5.39586353817716,-19.1895682471863,-5.39586353817716,12.2836977198004,20.6542521077029,2.16840434497101e-18,-1.35526655364574e-19,-3.14487364484935e-19,0,0,0,0.000514545245127712,-0.00641988876246026,-0.016965264742165,-0.00428897221301671,0.00681719566742371,0.00241466856620863,1.43250661636171e-12,4.36329400150561e-08,2.43047053643733e-13,2.71202338678023e-19,3.46944695195361e-18,6.45753245541886e-15
NC_k0062,0.0328947368421052,0.0328947368421052,0.789424828611364,35.2108886751447,-149.689605992234,51.2672795733061,-116.088402246111,-46.4224370361078,134.2898485686,-39.5025180269075,127.063065078848,1,320,17.0921767173845,-3.82916646624739,4.37679338287524,5.65334959251585,1.15514118181805e-18,7.63494322831345e-19,0,9.40947725281121e-19,-0.00022840355979057,-0.000295230074574313,1,1.43718012113909e-19,3.67173394257238e-20,1,0.000514545245127712,-0.016965264742165,-0.016965264742165,-0.00641988876246026,-0.00428897221301671,0.00241466856620863,0.00241466856620863,0.00681719566742371,1,0,0,1,0.000513772814989724,-0.0169705663873969,-0.0169705663873969,-0.00641957768728456,-0.00428800578492236,0.00241542315013557,0.00241542315013557,0.00681642675678674,6.32298059433124,-57.3634301971054,-19.3703699024101,-5.31222145205509,-19.3703699024101,-5.31222145205509,12.1346274970826,20.5554109446251,1.30104260698261e-18,3.24735081311821e-19,2.12896830194918e-20,0,0,0,0.000514545245127712,-0.00641988876246026,-0.016965264742165,-0.00428897221301671,0.00681719566742371,0.00241466856620863,1.79431802861318e-13,3.29269077321626e-08,9.90951554783975e-13,1.43718012113909e-19,8.67361737988404e-19,1.0547771469686e-14
NC_k0062,0.0578947368421052,0.0578947368421052,0.786711171037105,32.1027814867023,-161.141364084095,57.9602410288616,-103.227046465069,-50.5755772282651,137.308376673804,-38.8607370852242,122.636118149901,1,320,29.717153746924,-6.70999587632191,7.59236209729867,9.8633938704899,-2.31705862721414e-18,1.01072206431119e-18,0,2.1572870375383e-19,-0.000217950211897928,-0.000289155738091538,1,1.6250568953572e-19,-3.2684268675044e-20,1,0.000514545245127715,-0.016965264742165,-0.016965264742165,-0.00641988876246026,-0.00428897221301671,0.00241466856620863,0.00241466856620863,0.00681719566742371,1,0,0,1,0.000513772814989724,-0.0169705663873969,-0.0169705663873969,-0.00641957768728456,-0.00428800578492236,0.00241542315013557,0.00241542315013557,0.00681642675678674,6.73781163500115,-56.7213473036772,-19.759078782871,-5.13556764945996,-19.759078782871,-5.13556764945996,11.8408980331816,20.3217995555606,2.16840434497101e-18,-1.79854584299163e-19,6.50260733750008e-20,0,0,0,0.000514545245127712,-0.00641988876246026,-0.016965264742165,-0.00428897221301671,0.00681719566742371,0.00241466856620863,9.92870560677173e-14,3.46869833598379e-08,8.34805565161311e-13,1.6250568953572e-19,3.46944695195361e-18,2.54019711159158e-15
NC_k0063,-0.0671052631578948,-0.0671052631578948,0.482544696100938,125.755691451426,2.8817507184781,123.769452982809,-31.3042290420957,-100.096135434154,-3.68336620067072,-135.486564983843,30.7171530743332,1,320,-14.4916635391892,23.4208801170451,2.94664147069241,-7.40956952849427,7.3143941973369e-19,-2.05627835857822e-18,0,5.86398262406192e-19,0.00151126343518151,0.00029942384454801,1,-1.17772170082082e-19,-2.36094061387156e-20,1,0.0132846561620654,-0.0098562838037297,-0.0098562838037297,-0.00177196758404015,0.00616208488741966,0.00847158768275763,0.00847158768275763,0.0036732306067995,1,-5.42101086242752e-20,0,1,0.0132839295777328,-0.00985936389241836,-0.00985936389241836,-0.00177034157091241,0.00616227463769048,0.00847423505390849,0.00847423505390849,0.00367380924055167,22.165149861021,-37.5034964364426,-2.85374570675646,-9.13026572373196,-2.85374570675646,-9.13026572373196,40.217345723253,2.97016659010169,1.30104260698261e-18,1.09645485537695e-20,-3.60499056199196e-20,0,0,0,0.0132846561620654,-0.00177196758404015,-0.0098562838037297,0.00616208488741966,0.0036732306067995,0.00847158768275763,1.64507822310874e-13,9.24108024396207e-08,5.6264017702544e-13,1.17772170082082e-19,2.60208521396521e-18,6.21207152562068e-15
NC_k0063,-0.0421052631578947,-0.0421052631578947,0.487245529772081,127.13023935642,-5.22331123389978,124.550433108017,-26.7917609568152,-107.37835351304,4.46060216091154,-130.319672860137,26.2326058296554,1,320,-9.37025257544876,15.1270427505672,1.89974075778911,-4.78241186134127,-3.65071200266603e-19,-1.16297623658015e-18,0,2.55433373156375e-19,0.00149364637768672,0.000306148649177295,1,-1.62294934972219e-21,-1.22082784122193e-19,1,0.0132846561620654,-0.0098562838037297,-0.0098562838037297,-0.00177196758404015,0.00616208488741966,0.00847158768275763,0.00847158768275763,0.0036732306067995,1,-5.42101086242752e-20,0,1,0.0132839295777328,-0.00985936389241836,-0.00985936389241836,-0.00177034157091241,0.00616227463769048,0.00847423505390849,0.00847423505390849,0.00367380924055167,22.5618039121277,-37.4868386067399,-2.66786456658564,-9.33510717061204,-2.66786456658564,-9.33510717061204,40.8075228183664,3.33924892381236,1.0842021724855e-18,-1.96211529048016e-20,-1.5433273186394e-19,0,0,0,0.0132846561620654,-0.00177196758404015,-0.0098562838037297,0.00616208488741966,0.0036732306067995,0.00847158768275763,1.77318123027966e-13,8.43655926606207e-08,2.46656645190998e-13,1.22082784122193e-19,1.73472347597681e-18,3.87356892272696e-15
NC_k0063,-0.0171052631578947,-0.0171052631578947,0.49077406136221,127.15746368454,-12.5706023012527,125.792570707778,-21.3329340333789,-114.733861330722,11.8834463704801,-124.220231958453,20.7324787112467,1,320,-3.8524637490501,6.22664978875144,0.783481393101444,-1.96961425153926,4.92549658828376e-19,-9.52435609628257e-19,0,-5.64309231328576e-19,0.00148407814305163,0.000309905703496887,1,1.64198935932546e-19,9.81936988151888e-20,1,0.0132846561620654,-0.0098562838037297,-0.0098562838037297,-0.00177196758404015,0.00616208488741966,0.00847158768275763,0.00847158768275763,0.0036732306067995,1,-5.42101086242752e-20,0,1,0.0132839295777328,-0.00985936389241836,-0.00985936389241836,-0.00177034157091241,0.00616227463769048,0.00847423505390849,0.00847423505390849,0.00367380924055167,22.8363073558516,-37.5395739490483,-2.56642348929577,-9.46715313378065,-2.56642348929577,-9.46715313378065,41.2177486805573,3.52294557887205,1.30104260698261e-18,-3.58140717064609e-19,-3.23592513943844e-19,0,0,0,0.0132846561620654,-0.00177196758404015,-0.0098562838037297,0.00616208488741966,0.0036732306067995,0.00847158768275763,3.11814232586508e-13,3.70957911409923e-08,9.4491751668399e-13,1.64198935932546e-19,1.73472347597681e-18,2.11514546050631e-14
NC_k0063,0.00789473684210525,0.00789473684210525,0.491376790981919,126.249476974115,-19.1162273626884,126.901562132144,-15.0727314629981,-121.771504600821,18.495304610978,-117.381224310258,14.4116567206608,1,320,1.78080158608079,-2.87917838813967,-0.362464344679429,0.910871413467042,7.87475943150482e-19,1.5115302943753e-18,0,-6.86189331504589e-19,0.00148260222199231,0.000310483073882419,1,1.49932851971504e-19,5.37521654641339e-20,1,0.0132846561620654,-0.0098562838037297,-0.0098562838037297,-0.00177196758404015,0.00616208488741966,0.00847158768275763,0.00847158768275763,0.0036732306067995,1,-5.42101086242752e-20,0,1,0.0132839295777328,-0.00985936389241836,-0.00985936389241836,-0.00177034157091241,0.00616227463769048,0.00847423505390849,0.00847423505390849,0.00367380924055167,22.8826156921701,-37.5509063896559,-2.55054118284315,-9.48889891964844,-2.55054118284315,-9.48889891964844,41.2865621903848,3.55016059497522,1.0842021724855e-18,-3.0876431977953e-19,-2.01930324940083e-19,0,0,0,0.0132846561620654,-0.00177196758404015,-0.0098562838037297,0.00616208488741966,0.0036732306067995,0.00847158768275763,4.19537273469411e-13,5.4448097853982e-08,2.67863553141821e-13,1.49932851971504e-19,1.73472347597681e-18,1.53640072262364e-14
NC_k0063,0.0328947368421052,0.0328947368421052,0.488816193246879,124.985671313301,-24.8805745618635,127.281583963666,-8.02730524543889,-128.174635340034,24.3109228747721,-110.1034609685,7.29121054950164,1,320,7.36405238016273,-11.8932237705984,-1.49462655884378,3.76063014080401,9.17230802758e-19,-1.74012331101555e-18,0,-6.33355651419602e-20,0.00148918152067773,0.000307897484810528,1,1.44842793439243e-19,2.95993259421365e-19,1,0.0132846561620654,-0.0098562838037297,-0.0098562838037297,-0.00177196758404015,0.00616208488741966,0.00847158768275763,0.00847158768275763,0.0036732306067995,1,-5.42101086242752e-20,0,1,0.0132839295777328,-0.00985936389241836,-0.00985936389241836,-0.00177034157091241,0.00616227463769048,0.00847423505390849,0.00847423505390849,0.00367380924055167,22.6848618092336,-37.5069503191717,-2.62072414058906,-9.39497515186974,-2.62072414058906,-9.39497515186974,40.9918910956733,3.42682461122481,1.30104260698261e-18,-2.98505098065965e-19,-3.54083410359646e-19,0,0,0,0.0132846561620654,-0.00177196758404015,-0.0098562838037297,0.00616208488741966,0.0036732306067995,0.00847158768275763,3.7459170357405e-13,3.71540875215701e-08,3.27543163542866e-13,2.95993259421365e-19,1.95156391047391e-18,1.47631149699225e-14
NC_k0063,0.0578947368421052,0.0578947368421052,0.484209265993853,123.968843801425,-29.765733792132,126.426033217796,-0.171765363082854,-133.696427375088,29.2010397893082,-102.734711669519,-0.62552800975263,1,320,12.6804564358389,-20.4717767145708,-2.57113569198156,6.4731926952471,-8.35650942025571e-19,2.03441432062722e-18,0,-1.63900875293707e-19,0.00150386709604778,0.000302240109140021,1,1.62515371694543e-19,1.25013399159422e-19,1,0.0132846561620654,-0.0098562838037297,-0.0098562838037297,-0.00177196758404015,0.00616208488741966,0.00847158768275763,0.00847158768275763,0.0036732306067995,1,-5.42101086242752e-20,0,1,0.0132839295777328,-0.00985936389241836,-0.00985936389241836,-0.00177034157091241,0.00616227463769048,0.00847423505390849,0.00847423505390849,0.00367380924055167,22.3143840360353,-37.4756596084536,-2.77534912646368,-9.21016695314795,-2.77534912646368,-9.21016695314795,40.4371698865891,3.12905778811761,1.0842021724855e-18,-3.27555015606038e-19,-1.80621489057284e-19,0,0,0,0.0132846561620654,-0.00177196758404015,-0.0098562838037297,0.00616208488741966,0.0036732306067995,0.00847158768275763,1.53411154090222e-13,5.38786007091349e-08,1.90270002278392e-13,1.62515371694543e-19,1.73472347597681e-18,1.93746489729539e-14
