LoadCase,zeta1,zeta2,ALLSE,RF_LEFT_x,RF_LEFT_y,RF_RIGHT_x,RF_RIGHT_y,RF_BOTTOM_x,RF_BOTTOM_y,RF_TOP_x,RF_TOP_y,Volume,nBndNodes,Savg_11,Savg_22,Savg_33,Savg_12,Eavg_11,Eavg_22,Eavg_33,Eavg_12,Uavg_1,Uavg_2,Fbar_11,Fbar_12,Fbar_21,Fbar_22,G111,G112,G121,G122,G211,G212,G221,G222,Fbar_11_int,Fbar_12_int,Fbar_21_int,Fbar_22_int,G111_int,G112_int,G121_int,G122_int,G211_int,G212_int,G221_int,G222_int,Q111,Q112,Q121,Q122,Q211,Q212,Q221,Q222,fitResidMax,c1_fit,c2_fit,H11,H22,H12,G1_11,G1_22,G1_12,G2_11,G2_22,G2_12,HillResid,QSymResid,ForceBalanceResid,KubcErrF,KubcErrG,EnergyConsistencyResid
NC_k0000,-0.0167763157894737,-0.0167763157894737,0.329228166765033,41.9037225904338,-0.679193270703773,48.8793630966204,-3.46010948552699,-40.2291014598151,-3.36481787729807,-52.9041407967798,9.71728307732948,1,1280,6.4226340261754,-1.27207334972947,1.69968502322719,-0.800445199829468,-7.75213817749996e-19,3.17970709007221e-18,0,-9.13938623920039e-19,-0.00153849217706281,0.000840116494971995,1,6.0297143084817e-20,2.06971009470351e-19,1,-0.00523340711650885,0.0100210450899222,0.0100210450899222,-0.0151659745678761,0.00104088811922811,-0.00481258406506862,-0.00481258406506862,0.00423543471264215,1,0,0,1,-0.0052335054185513,0.0100212408134591,0.0100212408134591,-0.0151659758721895,0.00104091659924769,-0.00481267806085114,-0.00481267806085114,0.00423543199591765,4.95376065018657,35.6220263443225,3.14329408811763,-10.6359919441559,3.14329408811763,-10.6359919441559,-14.8136674600924,2.09110344330378,2.5207700510288e-18,1.15254319348878e-18,-2.8496697998758e-19,0,0,0,-0.00523340711650885,-0.0151659745678761,0.0100210450899222,0.00104088811922811,0.00423543471264215,-0.00481258406506862,6.89888303337991e-13,6.24095832798028e-09,1.48555500812879e-11,2.06971009470351e-19,6.93889390390723e-18,3.77686332186642e-14
NC_k0000,-0.0105263157894737,-0.0105263157894737,0.327669438380105,44.0613820388632,-1.02052804031363,48.4655488506328,-2.55415283818052,-43.4194080081955,-1.38207848977432,-51.4302608638604,7.14922305605738,1,1280,4.09977349108548,-0.776018173215069,1.09683925489728,-0.503410606889356,-2.07792071212506e-18,-8.21506980731526e-19,0,1.22502139996653e-19,-0.00153733596890671,0.00083855178407348,1,-8.37089943620901e-20,1.49926576516663e-19,1,-0.00523340711650885,0.0100210450899222,0.0100210450899222,-0.0151659745678761,0.00104088811922811,-0.00481258406506862,-0.00481258406506862,0.00423543471264215,1,0,0,1,-0.0052335054185513,0.0100212408134591,0.0100212408134591,-0.0151659758721895,0.00104091659924769,-0.00481267806085114,-0.00481267806085114,0.00423543199591765,4.92609750158109,35.5268293324157,3.11434783963264,-10.5510640654562,3.11434783963264,-10.5510640654562,-14.7795117467194,2.06113149578428,2.0356319304889e-18,1.04547404689888e-18,-3.59756833414398e-19,0,0,0,-0.00523340711650885,-0.0151659745678761,0.0100210450899222,0.00104088811922811,0.00423543471264215,-0.00481258406506862,3.67119586800716e-12,4.31445102147566e-09,8.79721599579306e-12,1.49926576516663e-19,3.46944695195361e-18,1.88555611490136e-13
NC_k0000,-0.00427631578947369,-0.00427631578947369,0.326946550540036,45.8799814218518,-1.34501458846319,47.6741200602858,-1.9213979173009,-46.3035659487464,0.957912429482749,-49.5616378599955,4.49091188115658,1,1280,1.67602703067088,-0.308545766814408,0.451268817072625,-0.204246873536236,-1.42898428668741e-18,-2.96908539942029e-18,0,-1.27466712597074e-18,-0.00153679968257864,0.000837840468406559,1,1.01076395100916e-20,1.04570731311912e-19,1,-0.00523340711650885,0.0100210450899222,0.0100210450899222,-0.0151659745678761,0.00104088811922811,-0.00481258406506862,-0.00481258406506862,0.00423543471264215,1,0,0,1,-0.0052335054185513,0.0100212408134591,0.0100212408134591,-0.0151659758721895,0.00104091659924769,-0.00481267806085114,-0.00481267806085114,0.00423543199591765,4.90692167504423,35.4932634289465,3.09685158277604,-10.5048699483297,3.09685158277604,-10.5048699483297,-14.7685249257137,2.05157993621932,2.20461500346613e-18,2.00710435488304e-19,-7.56971501113435e-20,0,0,0,-0.00523340711650885,-0.0151659745678761,0.0100210450899222,0.00104088811922811,0.00423543471264215,-0.00481258406506862,6.93176041095059e-12,1.96067480834196e-09,2.36021273316037e-11,1.04570731311912e-19,5.20417042793042e-18,3.09011656718849e-14
NC_k0000,0.00197368421052631,0.00197368421052631,0.326840605844583,47.2731546753712,-1.74098923804746,46.4447944951583,-1.47821797605358,-48.7652804391812,3.51746041255765,-47.2614829028205,1.88225459386367,1,1280,-0.774149214187366,0.141867173702209,-0.208653073360101,0.0942470061973172,-5.7419900273226e-19,-3.15818550489481e-18,0,-4.30365529099089e-19,-0.00153672211789203,0.000837739762471467,1,-1.66192201167883e-19,3.83756856612313e-20,1,-0.00523340711650885,0.0100210450899222,0.0100210450899222,-0.0151659745678761,0.00104088811922811,-0.00481258406506862,-0.00481258406506862,0.00423543471264215,1,0,0,1,-0.0052335054185513,0.0100212408134591,0.0100212408134591,-0.0151659758721895,0.00104091659924769,-0.00481267806085114,-0.00481267806085114,0.00423543199591765,4.90364867033285,35.4890337856839,3.09400908842485,-10.4976372298943,3.09400908842485,-10.4976372298943,-14.7672285408865,2.05052907847475,2.60208521396521e-18,-6.92560771920462e-20,-2.57755524665066e-19,0,0,0,-0.00523340711650885,-0.0151659745678761,0.0100210450899222,0.00104088811922811,0.00423543471264215,-0.00481258406506862,5.86567709688654e-12,3.11243771672778e-09,5.39273843347498e-12,1.66192201167883e-19,3.46944695195361e-18,7.76176388705752e-14
NC_k0000,0.00822368421052631,0.00822368421052631,0.32732345562721,48.2225261888622,-2.29294754887804,44.7770221576692,-1.13680119625105,-50.7908299262726,6.17218057327257,-44.5275994997266,-0.553655666773368,1,1280,-3.21321185391293,0.600511816536078,-0.862191012334364,0.393153976216418,2.50286986257315e-18,-3.06797194651886e-18,0,1.22881650461693e-18,-0.00153707807274205,0.000838206522779612,1,-4.16983439828358e-20,-2.03850908295271e-21,1,-0.00523340711650885,0.0100210450899222,0.0100210450899222,-0.0151659745678761,0.00104088811922812,-0.00481258406506862,-0.00481258406506862,0.00423543471264215,1,0,0,1,-0.0052335054185513,0.0100212408134591,0.0100212408134591,-0.0151659758721895,0.00104091659924769,-0.00481267806085114,-0.00481267806085114,0.00423543199591765,4.91753933407136,35.5098268274761,3.10636387920747,-10.5295775909042,3.10636387920747,-10.5295775909042,-14.7738261432677,2.05607387800352,2.16840434497101e-18,-1.19547180011395e-18,-5.42480738736467e-19,0,0,0,-0.00523340711650885,-0.0151659745678761,0.0100210450899222,0.00104088811922811,0.00423543471264215,-0.00481258406506862,2.6326928418931e-12,1.93428583871346e-09,1.28251690371937e-11,4.16983439828358e-20,1.38777878078145e-17,2.80334120295293e-13
NC_k0000,0.0144736842105263,0.0144736842105263,0.328529492155001,48.7610798767445,-3.0910687525008,42.7258121355555,-0.813166639688412,-52.4027342172835,8.79334294249144,-41.4242617652313,-2.68352923297349,1,1280,-5.58682580408169,1.08695694052387,-1.48495672497404,0.691790198981849,-5.23021007361359e-18,2.57024620500743e-18,0,-1.1738850944985e-18,-0.00153797722412053,0.000839420705681736,1,1.03586411776585e-20,1.67884321497724e-19,1,-0.00523340711650885,0.0100210450899222,0.0100210450899222,-0.0151659745678761,0.00104088811922811,-0.00481258406506862,-0.00481258406506862,0.00423543471264215,1,0,0,1,-0.0052335054185513,0.0100212408134591,0.0100212408134591,-0.0151659758721895,0.00104091659924769,-0.00481267806085114,-0.00481267806085114,0.00423543199591765,4.94327115944774,35.5758526629108,3.13158288449313,-10.6001116309928,3.13158288449313,-10.6001116309928,-14.7967191744719,2.07656208166643,2.60208521396521e-18,-6.53382619697997e-19,-2.54873471716236e-19,0,0,0,-0.00523340711650885,-0.0151659745678761,0.0100210450899222,0.00104088811922811,0.00423543471264215,-0.00481258406506862,1.12174375023926e-12,2.50344512167721e-09,3.94540628035244e-12,1.67884321497724e-19,6.93889390390723e-18,6.92771046383797e-14
NC_k0001,-0.0167763157894737,-0.0167763157894737,0.20884828790645,112.082545738985,21.9901741143085,125.690349299477,17.0615151111285,-104.571120704734,-24.0149843508871,-129.869405788148,-16.996247220744,1,1280,1.11620717462267,1.70567288784066,0.931220420612898,-1.5304808841687,4.96864232903452e-19,1.47833719075477e-20,0,-1.9849323763843e-18,0.00162901411137953,-0.0012137544524862,1,-8.43464171229625e-20,-1.850046072498e-20,1,0.0167936705423597,-0.000560010168439073,-0.000560010168439073,-0.00184734565890285,-0.00691428473759986,0.00121998686912674,0.00121998686912674,-0.00805919542814356,1,0,2.16840434497101e-19,1,0.0167936160118238,-0.000560021106137675,-0.000560021106137675,-0.00184721814826494,-0.00691432688433215,0.00122001069699528,0.00122001069699528,-0.00805922639410739,20.999410855914,-3.7143620959237,-0.245233568568649,-11.9860356342186,-0.245233568568649,-11.9860356342186,11.9770463569664,-4.83856927441785,1.30104260698261e-18,-5.01326457592444e-19,3.67771756376442e-19,0,0,0,0.0167936705423597,-0.00184734565890285,-0.000560010168439073,-0.00691428473759986,-0.00805919542814356,0.00121998686912674,3.98884732706348e-12,2.26686122352376e-09,2.49754285674985e-12,8.43464171229625e-20,1.30104260698261e-18,2.3057849396729e-13
NC_k0001,-0.0105263157894737,-0.0105263157894737,0.208352027852848,113.967155494279,20.5769545128422,122.443297811129,17.444512312846,-108.477875244125,-22.1736323153008,-124.599707589544,-17.7932782648783,1,1280,0.698939384538329,1.11811532360324,0.599628053686715,-0.959826781001169,-4.10488709851685e-18,-8.01690214796594e-19,0,-2.68939578198141e-19,0.00162730712841196,-0.00121273912713877,1,-5.82263261262343e-20,-6.37514604430789e-20,1,0.0167936705423597,-0.000560010168439073,-0.000560010168439073,-0.00184734565890285,-0.00691428473759986,0.00121998686912674,0.00121998686912674,-0.00805919542814357,1,0,2.16840434497101e-19,1,0.0167936160118238,-0.000560021106137675,-0.000560021106137675,-0.00184721814826494,-0.00691432688433215,0.00122001069699528,0.00122001069699528,-0.00805922639410739,20.948543250448,-3.67057642344106,-0.219510178044052,-11.9213749632567,-0.219510178044052,-11.9213749632567,11.8811782279895,-4.8678578191494,1.73472347597681e-18,-2.77372579644213e-19,5.63203500881171e-19,0,0,0,0.0167936705423597,-0.00184734565890285,-0.000560010168439073,-0.00691428473759986,-0.00805919542814356,0.00121998686912674,3.92271440029073e-12,2.83336148055323e-09,1.87584351640157e-12,6.37514604430789e-20,6.93889390390723e-18,6.51420416489939e-14
NC_k0001,-0.00427631578947369,-0.00427631578947369,0.208189554797797,116.149445095172,19.3779509678575,119.569523715857,18.0971194355259,-112.895940550478,-20.5936110439525,-119.487487682533,-18.8210746430934,1,1280,0.2842554058951,0.463965382353287,0.246912860121965,-0.388849542982894,-3.33443122365026e-18,-1.57290047838183e-19,0,-8.44299942510425e-19,0.00162641160011827,-0.00121221090507696,1,-4.4839798820918e-20,6.62722749597256e-20,1,0.0167936705423597,-0.000560010168439073,-0.000560010168439073,-0.00184734565890286,-0.00691428473759986,0.00121998686912674,0.00121998686912674,-0.00805919542814356,1,0,2.16840434497101e-19,1,0.0167936160118238,-0.000560021106137675,-0.000560021106137675,-0.00184721814826494,-0.00691432688433215,0.00122001069699528,0.00122001069699528,-0.00805922639410739,20.9307033791815,-3.65132128300788,-0.205336248292807,-11.8880495851445,-0.205336248292807,-11.8880495851445,11.8402747164126,-4.88798182379237,1.73472347597681e-18,3.99011559988486e-22,-3.47692397400594e-19,0,0,0,0.0167936705423597,-0.00184734565890285,-0.000560010168439073,-0.00691428473759986,-0.00805919542814356,0.00121998686912674,2.37912942021593e-11,2.03961940525537e-09,1.33786917050118e-11,6.62722749597256e-20,6.50521303491303e-18,2.66637542335747e-15
NC_k0001,0.00197368421052631,0.00197368421052631,0.20816918329147,118.594448857888,18.3993986601518,117.017689666363,18.9912025252993,-117.66072164754,-19.2558400522469,-114.61590749438,-20.0732748340988,1,1280,-0.131268795013305,-0.21477283623164,-0.114193738310834,0.179372338644862,6.64417937782194e-19,-1.26448784135266e-18,0,-1.69073401100124e-18,0.00162627684021764,-0.00121213035424921,1,1.47077425251607e-19,3.19658999441363e-20,1,0.0167936705423597,-0.000560010168439073,-0.000560010168439073,-0.00184734565890285,-0.00691428473759986,0.00121998686912674,0.00121998686912674,-0.00805919542814356,1,0,2.16840434497101e-19,1,0.0167936160118238,-0.000560021106137675,-0.000560021106137675,-0.00184721814826494,-0.00691432688433215,0.00122001069699528,0.00122001069699528,-0.00805922639410739,20.9283589280595,-3.64861497178894,-0.20314122560669,-11.8829061592931,-0.20314122560669,-11.8829061592931,11.8346062645242,-4.89129388969598,8.67361737988404e-19,3.97348766882718e-19,-6.49110776462472e-19,0,0,0,0.0167936705423597,-0.00184734565890285,-0.000560010168439073,-0.00691428473759986,-0.00805919542814356,0.00121998686912674,4.70048687829907e-11,2.18945243280223e-09,4.66627035481506e-12,1.47077425251607e-19,3.46944695195361e-18,7.89324361303078e-14
NC_k0001,0.00822368421052631,0.00822368421052631,0.208269136961946,121.344866798959,17.6554080877861,114.742620912488,20.110321593082,-122.693436678522,-18.1463518879294,-110.058595726904,-21.5628180969325,1,1280,-0.546220947026484,-0.882443251705967,-0.47145918558173,0.749090180222222,2.43277126874296e-18,2.042768844814e-18,0,-4.84456523715157e-19,0.0016268838720501,-0.00121248973152903,1,8.96996677884152e-20,6.20518759895184e-20,1,0.0167936705423597,-0.000560010168439073,-0.000560010168439073,-0.00184734565890285,-0.00691428473759986,0.00121998686912674,0.00121998686912674,-0.00805919542814356,1,0,2.16840434497101e-19,1,0.0167936160118238,-0.000560021106137675,-0.000560021106137675,-0.00184721814826494,-0.00691432688433215,0.00122001069699528,0.00122001069699528,-0.00805922639410739,20.939592128496,-3.66118666150996,-0.212904607017193,-11.9057451724154,-0.212904607017193,-11.9057451724154,11.861118865943,-4.87697141978279,1.0842021724855e-18,-8.05389222685412e-19,1.618210012511e-19,0,0,0,0.0167936705423597,-0.00184734565890285,-0.000560010168439073,-0.00691428473759986,-0.00805919542814356,0.00121998686912674,1.81152240798077e-11,1.76856573173487e-09,8.23065188492138e-12,8.96996677884152e-20,3.46944695195361e-18,4.81096860696782e-14
NC_k0001,0.0144736842105263,0.0144736842105263,0.208600553012876,124.447306545486,17.1686262698224,112.732484851692,21.4446853838936,-127.914929668144,-17.2617950821063,-105.931536624242,-23.305960468735,1,1280,-0.961507388128041,-1.49996803625928,-0.8122868900478,1.32116664300667,-3.48849857582194e-18,1.79726494773072e-18,0,-1.13991444110218e-18,0.00162829651738446,-0.00121332346488111,1,5.1998180275807e-20,3.17814458990253e-20,1,0.0167936705423597,-0.000560010168439073,-0.000560010168439073,-0.00184734565890285,-0.00691428473759986,0.00121998686912674,0.00121998686912674,-0.00805919542814356,1,0,2.16840434497101e-19,1,0.0167936160118238,-0.000560021106137675,-0.000560021106137675,-0.00184721814826494,-0.00691432688433215,0.00122001069699528,0.00122001069699528,-0.00805922639410739,20.9743721091037,-3.69461034289048,-0.234496750118788,-11.9580446489202,-0.234496750118788,-11.9580446489202,11.9334451452126,-4.84937535063651,1.00288700954909e-18,-1.07609482877125e-18,-5.84846302310115e-19,0,0,0,0.0167936705423597,-0.00184734565890285,-0.000560010168439073,-0.00691428473759986,-0.00805919542814356,0.00121998686912674,9.69541420084711e-12,1.90454206880696e-09,4.06109954573953e-12,5.1998180275807e-20,6.93889390390723e-18,2.74095561792045e-14
NC_k0002,-0.0167763157894737,-0.0167763157894737,0.687723681382158,-95.1978947458988,45.3921194791995,-91.7301014736938,56.0470707694213,84.17881638365,-52.1820222966401,103.441456368305,-49.590638762324,1,1280,5.25973801398639,9.02093458450989,4.71262195750378,2.12592526201853,9.85826409415185e-19,-4.28916308665896e-19,0,1.84821265601908e-18,-4.07705177176142e-05,-0.000485042755747675,1,-6.03532225148882e-20,-9.03654686166755e-19,1,-0.0072609762275046,0.00798862637180395,0.00798862637180395,0.00271554906894998,-0.00216661494335418,0.0151594699561672,0.0151594699561672,-0.00644841969049437,1,-4.06575814682064e-20,0,1,-0.00726093861123645,0.00798878239966277,0.00798878239966277,0.00271548925821329,-0.00216665688340331,0.0151597660395648,0.0151597660395648,-0.00644841981604402,-14.0305074243445,24.7795757276755,6.73147979872799,14.7181510000039,6.73147979872799,14.7181510000039,47.5300361474476,-8.18948991471323,4.33680868994202e-18,2.54579482489248e-19,1.50538304010449e-18,0,0,0,-0.0072609762275046,0.00271554906894998,0.00798862637180394,-0.00216661494335417,-0.00644841969049437,0.0151594699561672,5.91335580448483e-13,3.63350250638728e-09,9.40916555320541e-12,9.03654686166755e-19,1.21430643318376e-17,5.66634961384856e-14
NC_k0002,-0.0105263157894737,-0.0105263157894737,0.686239618581247,-94.2806822559526,46.1561628806096,-91.1295423776987,53.088041433674,86.8064380395918,-51.0115416956743,99.2990259829291,-48.5443178511477,1,1280,3.41756166597455,5.79116549930061,3.03887996454079,1.32417762383832,-4.84716837453927e-18,-4.3326231560425e-18,0,-1.02201142531132e-18,-4.12213586137615e-05,-0.000484732991099595,1,1.75642759463575e-20,-6.82630312916348e-19,1,-0.0072609762275046,0.00798862637180395,0.00798862637180395,0.00271554906894998,-0.00216661494335418,0.0151594699561672,0.0151594699561672,-0.00644841969049437,1,-4.06575814682064e-20,0,1,-0.00726093861123645,0.00798878239966277,0.00798878239966277,0.00271548925821329,-0.00216665688340331,0.0151597660395648,0.0151597660395648,-0.00644841981604402,-13.964818269173,24.7842992022645,6.70533747085252,14.6354749776433,6.70533747085252,14.6354749776433,47.4998062007643,-8.12116596224531,2.60208521396521e-18,-5.77461494563244e-20,6.15953458166619e-19,0,0,0,-0.0072609762275046,0.00271554906894998,0.00798862637180394,-0.00216661494335417,-0.00644841969049437,0.0151594699561672,1.45066785405341e-12,4.08280994244618e-09,1.4930056344194e-11,6.82630312916348e-19,5.20417042793042e-18,1.18425580805985e-13
NC_k0002,-0.00427631578947369,-0.00427631578947369,0.685611243322168,-92.9620957854664,47.485780863781,-91.4686841091471,50.3615269481806,89.9823723501462,-49.6666527474713,95.1455756187074,-48.4811441167426,1,1280,1.40862192353287,2.37276269140616,1.24785692292989,0.534072259042458,7.52854298612075e-19,-9.82701155624838e-18,0,-6.21561379373576e-18,-4.12665434646599e-05,-0.000484467319619034,1,-4.30135034748477e-20,-5.33571519806032e-19,1,-0.0072609762275046,0.00798862637180395,0.00798862637180395,0.00271554906894999,-0.00216661494335417,0.0151594699561672,0.0151594699561672,-0.00644841969049436,1,-4.06575814682064e-20,0,1,-0.00726093861123645,0.00798878239966277,0.00798878239966277,0.00271548925821329,-0.00216665688340331,0.0151597660395648,0.0151597660395648,-0.00644841981604402,-13.92745689932,24.7968712774073,6.69068863640222,14.589489977335,6.69068863640222,14.589489977335,47.503428833827,-8.08494741157669,2.60208521396521e-18,-2.26098346347909e-19,1.17907921585309e-19,0,0,0,-0.0072609762275046,0.00271554906894998,0.00798862637180394,-0.00216661494335417,-0.00644841969049437,0.0151594699561672,2.32290495198456e-12,1.64708004889433e-09,1.29871961738041e-11,5.33571519806032e-19,6.93889390390723e-18,1.94318229539908e-14
NC_k0002,0.00197368421052631,0.00197368421052631,0.685520055727661,-91.781431948849,49.4739427821597,-92.4855387405448,48.14262523422,93.6766827791416,-48.6776701516438,91.2876946574961,-49.2375283969948,1,1280,-0.65141383400988,-1.09626983741121,-0.576735611568983,-0.246119145701813,-2.77418551708085e-18,-6.81979974803429e-18,0,-1.41747655000557e-18,-4.12620444428042e-05,-0.000484421032528003,1,-1.86972639289554e-19,-1.45227399420353e-19,1,-0.0072609762275046,0.00798862637180395,0.00798862637180395,0.00271554906894998,-0.00216661494335418,0.0151594699561672,0.0151594699561672,-0.00644841969049437,1,-4.06575814682064e-20,0,1,-0.00726093861123645,0.00798878239966277,0.00798878239966277,0.00271548925821329,-0.00216665688340331,0.0151597660395648,0.0151597660395648,-0.00644841981604402,-13.9213960827813,24.7993008109101,6.68833690479451,14.5821916346506,6.68833690479451,14.5821916346506,47.5049383471651,-8.07928540663596,2.60208521396521e-18,2.62170291348953e-19,4.95594436054619e-19,0,0,0,-0.0072609762275046,0.00271554906894998,0.00798862637180394,-0.00216661494335417,-0.00644841969049437,0.0151594699561672,4.24231707508914e-12,3.47060855403392e-09,6.14075116178319e-13,1.86972639289554e-19,6.93889390390723e-18,7.07736349516721e-14
NC_k0002,0.00822368421052631,0.00822368421052631,0.685937225695652,-91.1575621158255,52.039548484548,-93.8117445361528,46.571559017348,97.7523267268867,-48.4124124797734,87.9133778747662,-50.5055720562839,1,1280,-2.68913636757917,-4.54378992757162,-2.38686567739964,-1.03135723828293,-1.6757074479936e-18,6.17751385472157e-18,0,3.13752253319324e-18,-4.12595885518227e-05,-0.000484616911603281,1,-5.89583895912332e-20,1.45728556149188e-19,1,-0.00726097622750461,0.00798862637180395,0.00798862637180395,0.00271554906894998,-0.00216661494335418,0.0151594699561672,0.0151594699561672,-0.00644841969049437,1,-4.06575814682064e-20,0,1,-0.00726093861123645,0.00798878239966277,0.00798878239966277,0.00271548925821329,-0.00216665688340331,0.0151597660395648,0.0151597660395648,-0.00644841981604402,-13.9477143712756,24.7895275745183,6.69860269531532,14.6142192406459,6.69860269531532,14.6142192406459,47.5001716645736,-8.10430248224331,2.60208521396521e-18,5.43053102346786e-19,2.25241466294039e-19,0,0,0,-0.0072609762275046,0.00271554906894998,0.00798862637180394,-0.00216661494335417,-0.00644841969049437,0.0151594699561672,2.11968575500927e-12,3.37741690279341e-09,2.76054747797018e-12,1.45728556149188e-19,6.93889390390723e-18,3.38276745239092e-14
NC_k0002,0.0144736842105263,0.0144736842105263,0.687025924148844,-91.3870682616143,54.9511594514638,-94.9392420770461,45.6194763003777,101.937977324698,-49.0882600739628,85.0808065264702,-51.8076807372069,1,1280,-4.61134318926707,-7.86779293889885,-4.11811492229465,-1.8304143869477,2.70609381851307e-18,-1.30045100740851e-17,0,3.39982481415625e-18,-4.10220820369647e-05,-0.000484942805970328,1,-4.69846330725372e-21,-3.57487039865318e-19,1,-0.00726097622750461,0.00798862637180395,0.00798862637180395,0.00271554906894998,-0.00216661494335418,0.0151594699561672,0.0151594699561672,-0.00644841969049437,1,-4.06575814682064e-20,0,1,-0.00726093861123645,0.00798878239966277,0.00798878239966277,0.00271548925821329,-0.00216665688340331,0.0151597660395648,0.0151597660395648,-0.00644841981604402,-14.0027271902931,24.7778203934495,6.72039316211873,14.683302291861,6.72039316211873,14.683302291861,47.5100549761113,-8.16011813618032,3.46944695195361e-18,5.91095369387678e-19,1.53336380679255e-19,0,0,0,-0.0072609762275046,0.00271554906894998,0.00798862637180394,-0.00216661494335417,-0.00644841969049437,0.0151594699561672,7.20224637543635e-13,3.7162248960411e-09,1.1081774602768e-11,3.57487039865318e-19,1.04083408558608e-17,1.32510702754121e-14
NC_k0003,-0.0167763157894737,-0.0167763157894737,0.263611813539821,-85.2208033225485,5.33731163441065,-96.9704864004717,13.7625721591159,82.1421017617767,-3.99919806375767,98.1489676450064,-12.0882247149639,1,1280,2.41491219597558,-2.6935495061822,-0.0919503123681893,1.55976753484785,1.25747996720311e-19,-4.49522680534057e-18,0,2.68019091612492e-18,-0.000578218271391521,0.00170580651872976,1,-1.06479411391602e-20,6.83273140628785e-20,1,-0.00890341594678861,0.00659383141145556,0.00659383141145556,0.00818599167466987,0.011081958503288,-0.00383992549913756,-0.00383992549913756,0.00852556625629547,1,0,2.16840434497101e-19,1,-0.00890333425393956,0.00659396019722532,0.00659396019722532,0.00818590647877262,0.0110819938908375,-0.00384000049768247,-0.00384000049768247,0.00852562660861298,-15.2463294644965,23.290067030819,6.21907302807597,10.2103275095888,6.21907302807597,10.2103275095888,-19.0377174741194,1.23196910956637,1.73472347597681e-18,-4.88603193192109e-19,-2.13792660533004e-19,0,0,0,-0.00890341594678861,0.00818599167466987,0.00659383141145556,0.011081958503288,0.00852556625629547,-0.00383992549913756,2.57001498849545e-12,3.73329936381181e-09,1.61218038048845e-11,6.83273140628785e-20,3.46944695195361e-18,1.29716755479509e-13
NC_k0003,-0.0105263157894737,-0.0105263157894737,0.26250454035419,-86.8172948995435,7.72323482151475,-94.0983651398967,12.948057425954,84.5108085017491,-6.37085835641422,94.5235869303057,-11.2954177950662,1,1280,1.53774141176089,-1.72291300241322,-0.061106624915238,0.976214272997186,2.47179765004321e-19,-3.8681664119728e-18,0,2.02359479821503e-18,-0.000576611785931758,0.00170445494348145,1,2.9433850299692e-20,2.18470097103514e-19,1,-0.00890341594678861,0.00659383141145556,0.00659383141145556,0.00818599167466987,0.011081958503288,-0.00383992549913756,-0.00383992549913756,0.00852556625629547,1,0,2.16840434497101e-19,1,-0.00890333425393956,0.00659396019722532,0.00659396019722532,0.00818590647877262,0.0110819938908375,-0.00384000049768247,-0.00384000049768247,0.00852562660861298,-15.1672633341994,23.2462890007759,6.16480370520075,10.1659925505102,6.16480370520075,10.1659925505102,-18.9314106383965,1.27164076372485,1.73472347597681e-18,-5.81966897616154e-19,-6.82958092653418e-19,0,0,0,-0.00890341594678861,0.00818599167466987,0.00659383141145556,0.011081958503288,0.00852556625629547,-0.00383992549913756,7.48436360167482e-12,5.56558907997637e-09,5.14866296364686e-12,2.18470097103514e-19,5.20417042793042e-18,2.45302177788527e-13
NC_k0003,-0.00427631578947369,-0.00427631578947369,0.262030511197206,-88.6318798629854,9.69523591904298,-91.567538725958,11.8021458834455,87.134561349585,-8.26314794034116,91.1908868614644,-10.2318720702839,1,1280,0.626142582272643,-0.705491345111598,-0.0261850917368395,0.394848909209889,-5.27982767547697e-19,-2.58049910870003e-18,0,-3.81001375375395e-18,-0.000575786511494709,0.00170383689168248,1,-9.74722986873489e-20,-3.87789225136444e-20,1,-0.0089034159467886,0.00659383141145556,0.00659383141145556,0.00818599167466987,0.011081958503288,-0.00383992549913756,-0.00383992549913756,0.00852556625629546,1,0,2.16840434497101e-19,1,-0.00890333425393956,0.00659396019722532,0.00659396019722532,0.00818590647877262,0.0110819938908375,-0.00384000049768247,-0.00384000049768247,0.00852562660861298,-15.1319349092546,23.2354660459759,6.13462026314574,10.1438850228547,6.13462026314574,10.1438850228547,-18.886430312003,1.29981111072191,1.51788304147971e-18,-7.88980077716518e-20,3.44196499018953e-19,0,0,0,-0.00890341594678861,0.00818599167466987,0.00659383141145556,0.011081958503288,0.00852556625629547,-0.00383992549913756,1.71358849387883e-11,2.6357869196141e-09,6.3189046670694e-12,9.74722986873489e-20,3.46944695195361e-18,1.10161975063009e-14
NC_k0003,0.00197368421052631,0.00197368421052631,0.261963499614755,-90.7192288720796,11.2974399297893,-89.3658008410126,10.326123948361,90.0419137721375,-9.76412189284684,88.1707532794401,-8.85777593063053,1,1280,-0.288965105072287,0.325926889800174,0.0121973889601889,-0.182077783738319,-1.23435375503493e-18,-3.57482769404134e-18,0,9.1940794213024e-19,-0.00057566358356822,0.00170374810250632,1,-2.38122317639833e-19,8.91407661474645e-21,1,-0.00890341594678861,0.00659383141145557,0.00659383141145557,0.00818599167466987,0.011081958503288,-0.00383992549913756,-0.00383992549913756,0.00852556625629547,1,0,2.16840434497101e-19,1,-0.00890333425393956,0.00659396019722532,0.00659396019722532,0.00818590647877262,0.0110819938908375,-0.00384000049768247,-0.00384000049768247,0.00852562660861298,-15.1268185915092,23.234503304194,6.12986844473765,10.1405099356142,6.12986844473765,10.1405099356142,-18.8801806292628,1.30456590211593,1.95156391047391e-18,3.70626702513732e-19,1.96944790125147e-19,0,0,0,-0.00890341594678861,0.00818599167466987,0.00659383141145556,0.011081958503288,0.00852556625629547,-0.00383992549913756,5.92228206834717e-11,3.56895377201723e-09,4.45911088841343e-12,2.38122317639833e-19,6.07153216591882e-18,1.61047149689932e-14
NC_k0003,0.00822368421052631,0.00822368421052631,0.262274104540105,-93.1272798705713,12.5640498409692,-87.4590833520206,8.49609132657868,93.2599142248839,-10.9369491190942,85.4471412647237,-7.11859113588639,1,1280,-1.20323728061651,1.35132907864075,0.0488702933479869,-0.761332602690181,-4.9723108750512e-19,3.25463290316212e-18,0,1.61473596504232e-18,-0.000576220161810122,0.0017041556772727,1,-5.14650799734902e-20,-4.48893933271078e-20,1,-0.00890341594678861,0.00659383141145556,0.00659383141145556,0.00818599167466987,0.011081958503288,-0.00383992549913756,-0.00383992549913756,0.00852556625629546,1,0,2.16840434497101e-19,1,-0.00890333425393956,0.00659396019722532,0.00659396019722532,0.00818590647877262,0.0110819938908375,-0.00384000049768247,-0.00384000049768247,0.00852562660861298,-15.1502364790283,23.2402612895739,6.15082086385593,10.1555722354738,6.15082086385593,10.1555722354738,-18.9093850238685,1.2842491205777,1.30104260698261e-18,4.50406346854216e-19,-2.09767350540617e-19,0,0,0,-0.00890341594678861,0.00818599167466987,0.00659383141145556,0.011081958503288,0.00852556625629547,-0.00383992549913756,2.99227134374592e-12,2.66909219183393e-09,8.05590925027398e-12,5.14650799734902e-20,3.46944695195361e-18,6.11677722967132e-14
NC_k0003,0.0144736842105263,0.0144736842105263,0.263102231778617,-95.873760795351,13.5016811899958,-85.7857240801027,6.2650132913617,96.7817677243708,-11.8245120173569,82.9832303902107,-4.93243341246804,1,1280,-2.1004167377828,2.34462302228817,0.0805880738867936,-1.34552194316226,-7.88797777769342e-19,-3.03124967681487e-18,0,-2.50876269725698e-18,-0.000577537234068912,0.00170520606385676,1,8.25293091959014e-21,6.67268124512018e-20,1,-0.00890341594678861,0.00659383141145556,0.00659383141145556,0.00818599167466987,0.011081958503288,-0.00383992549913756,-0.00383992549913756,0.00852556625629547,1,0,2.16840434497101e-19,1,-0.00890333425393956,0.00659396019722532,0.00659396019722532,0.00818590647877262,0.0110819938908375,-0.00384000049768247,-0.00384000049768247,0.00852562660861298,-15.2104068571169,23.2673033151509,6.19631890195196,10.1908507224606,6.19631890195196,10.1908507224606,-18.9890091858705,1.24658997572538,1.30104260698261e-18,3.90826196023955e-19,-6.27243741680975e-19,0,0,0,-0.00890341594678861,0.00818599167466987,0.00659383141145556,0.011081958503288,0.00852556625629547,-0.00383992549913756,5.85146092744316e-12,2.52647137912856e-09,5.24564334056462e-12,6.67268124512018e-20,3.46944695195361e-18,1.22583448446377e-13
NC_k0004,-0.0167763157894737,-0.0167763157894737,0.175014649314353,25.3990805701091,-16.7766262099787,29.6601074085441,-18.5440143638663,-27.7982202172205,14.6430318146625,-28.2025739786803,17.5936245791173,1,1280,-3.63015111159176,0.0369406147669712,-1.18575946395216,-0.710793996824204,6.11521391970653e-19,-5.32067385412484e-20,0,1.14838477057472e-18,-0.000870199445091583,-0.00180963442408915,1,7.77203832696933e-21,2.09473202773453e-20,1,-0.00312662682058422,-0.00671160527592423,-0.00671160527592423,-0.0103971201687872,-0.012762173308884,0.000548361139259963,0.000548361139259963,-0.00859678335400792,1,2.16840434497101e-19,0,1,-0.00312669533800044,-0.00671173636196477,-0.00671173636196477,-0.0103971176852918,-0.0127622051159561,0.000548371849438463,0.000548371849438464,-0.00859685583871635,3.12811595116065,-23.252645231464,-7.48395692497015,-5.56175939218468,-7.48395692497015,-5.56175939218468,3.18798605009064,-0.172350223703568,1.23327997120226e-18,9.78724920533348e-19,1.1324569375798e-18,0,0,0,-0.00312662682058422,-0.0103971201687872,-0.00671160527592423,-0.012762173308884,-0.00859678335400792,0.000548361139259962,4.74886923023937e-12,3.44314326773826e-09,1.27382059300362e-11,2.09473202773453e-20,3.46944695195361e-18,5.05902143396147e-14
NC_k0004,-0.0105263157894737,-0.0105263157894737,0.174777281150566,26.1674033389718,-17.8310684277647,28.7115438520257,-18.6798456870694,-27.9583632429146,15.8845554839935,-27.8920745363328,17.5299871616517,1,1280,-2.31504408369627,0.0118982626586472,-0.760038120942395,-0.442057870030865,4.51498339388594e-19,-2.92352098255842e-19,0,-6.39919495016333e-18,-0.00087063605008227,-0.00180867973722818,1,3.83476484879188e-21,-1.16332331792322e-19,1,-0.00312662682058422,-0.00671160527592423,-0.00671160527592423,-0.0103971201687872,-0.012762173308884,0.000548361139259963,0.000548361139259963,-0.00859678335400792,1,2.16840434497101e-19,0,1,-0.00312669533800044,-0.00671173636196477,-0.00671173636196477,-0.0103971176852918,-0.0127622051159561,0.000548371849438463,0.000548371849438464,-0.00859685583871635,3.06615340112219,-23.2386188162172,-7.44329931278337,-5.54850043453834,-7.44329931278337,-5.54850043453834,3.13276555708882,-0.216354208604773,1.30104260698261e-18,3.61201032503378e-19,3.35114139572644e-19,0,0,0,-0.00312662682058422,-0.0103971201687872,-0.00671160527592423,-0.012762173308884,-0.00859678335400792,0.000548361139259962,2.62300031628124e-12,2.89148160709131e-09,6.89667764251697e-12,1.16332331792322e-19,2.60208521396521e-18,8.46432768935559e-14
NC_k0004,-0.00427631578947369,-0.00427631578947369,0.174713264739757,26.8426847909228,-18.4023548499267,27.8549072063625,-18.6919335072322,-27.8881211665358,16.6801729418231,-27.7951186264263,17.3110393259167,1,1280,-0.945111618579088,0.00252423426739113,-0.311053836822858,-0.177887351491415,7.75035146737685e-20,4.307352788329e-19,0,-9.8976461631155e-19,-0.00087088993489685,-0.00180828554400234,1,8.77958810849241e-20,1.32101378444427e-19,1,-0.00312662682058422,-0.00671160527592423,-0.00671160527592423,-0.0103971201687872,-0.012762173308884,0.000548361139259963,0.000548361139259963,-0.00859678335400792,1,2.16840434497101e-19,0,1,-0.00312669533800044,-0.00671173636196477,-0.00671173636196477,-0.0103971176852918,-0.0127622051159561,0.000548371849438463,0.000548371849438464,-0.00859685583871635,3.03255374703172,-23.2430613899791,-7.42060196386519,-5.54197762834981,-7.42060196386519,-5.54197762834981,3.10481939697527,-0.246442824273952,1.30104260698261e-18,-5.33010346450083e-20,5.72507941674532e-19,0,0,0,-0.00312662682058422,-0.0103971201687872,-0.00671160527592423,-0.012762173308884,-0.00859678335400792,0.000548361139259962,6.62683753505649e-12,1.5487037401119e-09,1.13333661916244e-11,1.32101378444427e-19,2.60208521396521e-18,1.30903594191002e-13
NC_k0004,0.00197368421052631,0.00197368421052631,0.17470640823208,27.5648593751715,-18.6551119446488,27.0989507641388,-18.5252934955902,-27.8022008574654,17.1825960702126,-27.8496889422426,16.8938988255682,1,1280,0.436427807683295,-0.000997009018260289,0.143692163559457,0.0819478292381358,7.29245736749199e-19,9.62581807021833e-20,0,1.83718137537008e-18,-0.000870929530180245,-0.0018082320128981,1,4.47255166830373e-20,6.9454988457553e-20,1,-0.00312662682058422,-0.00671160527592423,-0.00671160527592423,-0.0103971201687872,-0.012762173308884,0.000548361139259963,0.000548361139259963,-0.00859678335400792,1,2.16840434497101e-19,0,1,-0.00312669533800044,-0.00671173636196477,-0.00671173636196477,-0.0103971176852918,-0.0127622051159561,0.000548371849438463,0.000548371849438464,-0.00859685583871635,3.02734231908806,-23.2444098921023,-7.41699984524703,-5.54097285944402,-7.41699984524703,-5.54097285944402,3.10060414559533,-0.251479265799982,1.73472347597681e-18,-4.34210721763408e-19,5.24185917801858e-19,0,0,0,-0.00312662682058422,-0.0103971201687872,-0.00671160527592423,-0.012762173308884,-0.00859678335400792,0.000548361139259962,2.37475612246178e-11,3.37654689789391e-09,2.19786908440492e-11,6.9454988457553e-20,6.93889390390723e-18,2.6372390107602e-14
NC_k0004,0.00822368421052631,0.00822368421052631,0.174743238012979,28.3846329910275,-18.7011740268335,26.4179428123177,-18.088496554352,-27.8338928760988,17.4698459588431,-27.9460915079618,16.219881364511,1,1280,1.81338980085124,-0.00721816494568202,0.596036639848846,0.343981917751745,1.00215909061004e-18,-3.00713239887528e-19,0,2.07566747213646e-18,-0.000870753904746178,-0.00180848467750492,1,-2.89989293272436e-20,9.67593283324635e-20,1,-0.00312662682058422,-0.00671160527592423,-0.00671160527592423,-0.0103971201687872,-0.012762173308884,0.000548361139259963,0.000548361139259963,-0.00859678335400791,1,2.16840434497101e-19,0,1,-0.00312669533800044,-0.00671173636196477,-0.00671173636196477,-0.0103971176852918,-0.0127622051159561,0.000548371849438463,0.000548371849438464,-0.00859685583871635,3.05045680421412,-23.239806510709,-7.43281917468744,-5.54544135484683,-7.43281917468744,-5.54544135484683,3.11955379318875,-0.229885519302118,1.14518854468781e-18,3.58203460773366e-19,-1.69538725928929e-20,0,0,0,-0.00312662682058422,-0.0103971201687872,-0.00671160527592423,-0.012762173308884,-0.00859678335400792,0.000548361139259962,8.67422482899584e-12,2.85122726526945e-09,2.22310411762691e-11,9.67593283324635e-20,5.20417042793042e-18,1.68525352185559e-13
NC_k0004,0.0144736842105263,0.0144736842105263,0.174890614670507,29.3026171539843,-18.6055408045163,25.706570653903,-17.2313496486491,-28.0609771935902,17.5847562106333,-27.8994667279599,15.1633932717172,1,1280,3.15746173181924,-0.0251941182329406,1.03364831248346,0.611846512844122,-4.3770758421611e-19,1.81953264982064e-19,0,-1.65409652731004e-18,-0.000870375183651307,-0.00180919712637891,1,1.72632244896353e-20,1.89725629268722e-20,1,-0.00312662682058422,-0.00671160527592423,-0.00671160527592423,-0.0103971201687872,-0.012762173308884,0.000548361139259963,0.000548361139259963,-0.00859678335400791,1,2.16840434497101e-19,0,1,-0.00312669533800044,-0.00671173636196477,-0.00671173636196477,-0.0103971176852918,-0.0127622051159561,0.000548371849438463,0.000548371849438464,-0.00859685583871635,3.10206904817086,-23.2426298499882,-7.46684221786309,-5.55581302446461,-7.46684221786309,-5.55581302446461,3.16414053809262,-0.188942395550717,1.95262270165798e-18,-3.83043496353947e-19,5.96596667468073e-19,0,0,0,-0.00312662682058422,-0.0103971201687872,-0.00671160527592423,-0.012762173308884,-0.00859678335400792,0.000548361139259962,7.92634567553527e-12,2.48855755302958e-09,5.54112555042796e-12,1.89725629268722e-20,5.20417042793042e-18,3.01058619080531e-13
NC_k0005,-0.0167763157894737,-0.0167763157894737,0.716437160847662,50.57954248332,82.7016913473484,55.6022411983572,100.109007623562,-45.9920469101232,-91.5715983811797,-59.7551001258528,-90.2731947755326,1,1280,9.36093563158649,-2.36356739820598,2.30913151701554,0.550014388176415,-7.9179978164842e-18,2.77049918668101e-18,0,-1.69616693326449e-18,0.00045672425666633,4.89708947104884e-05,1,1.39859652742197e-19,2.62587549422588e-19,1,0.00652234756030476,0.0163762563016298,0.0163762563016298,0.000290094583144851,0.00265900651085749,-0.00602366899317761,-0.00602366899317761,-0.00677038796632783,1,-5.42101086242752e-20,6.7762635780344e-21,1,0.00652233376132085,0.0163765761503856,0.0163765761503856,0.000290141646006421,0.00265895043133989,-0.00602378664296263,-0.00602378664296263,-0.00677035196191499,8.88585939313059,51.881002995827,14.9796201266741,-7.25741705346484,14.9796201266741,-7.25741705346484,-17.6753662663571,-13.6001887912508,3.03576608295941e-18,5.46697427122183e-20,1.06923460901966e-19,0,0,0,0.00652234756030476,0.000290094583144854,0.0163762563016298,0.00265900651085749,-0.00677038796632783,-0.00602366899317761,1.52683104470745e-12,5.96643800746e-09,1.44531978631086e-11,2.62587549422588e-19,6.93889390390723e-18,1.47836101108888e-13
NC_k0005,-0.0105263157894737,-0.0105263157894737,0.715179297209584,52.0651163697569,85.9072984411416,55.4282931748522,97.0903589185044,-49.0852909901216,-91.6933926332463,-57.9401388130146,-90.348188453575,1,1280,5.94499466197751,-1.43661895625884,1.48776398288711,0.34065907350087,5.70317871298161e-19,-4.73041431261925e-19,0,1.25404220457734e-17,0.000457166417247949,4.81727238853712e-05,1,4.66218460345507e-21,2.31425412512876e-19,1,0.00652234756030476,0.0163762563016298,0.0163762563016298,0.000290094583144853,0.00265900651085749,-0.00602366899317761,-0.00602366899317761,-0.00677038796632783,1,-5.42101086242752e-20,6.7762635780344e-21,1,0.00652233376132085,0.0163765761503856,0.0163765761503856,0.000290141646006421,0.00265895043133989,-0.00602378664296263,-0.00602378664296263,-0.00677035196191499,8.92768552899063,51.8456129126244,14.8917509846542,-7.19829600432763,14.8917509846542,-7.19829600432763,-17.6547444789821,-13.5893808506874,3.46944695195361e-18,1.25362144594772e-19,2.40069533493263e-19,0,0,0,0.00652234756030476,0.000290094583144854,0.0163762563016298,0.00265900651085749,-0.00677038796632783,-0.00602366899317761,1.65840763675332e-12,2.86357312916218e-09,4.25991363639349e-12,2.31425412512876e-19,6.93889390390723e-18,1.83179682936735e-14
NC_k0005,-0.00427631578947369,-0.00427631578947369,0.71466597339751,53.4829363674055,89.2476050016284,54.8879316997306,93.8396007955473,-52.1279881806347,-91.3999484207042,-55.7584696637299,-90.7364614938235,1,1280,2.42284489332973,-0.571698022283139,0.610878467445377,0.136846412666965,-1.9888598299327e-18,-2.14097503585875e-18,0,2.63731649061507e-19,0.000457331807312684,4.79599856685369e-05,1,-1.49956393460965e-19,1.52236196202806e-19,1,0.00652234756030476,0.0163762563016298,0.0163762563016298,0.000290094583144855,0.00265900651085749,-0.00602366899317761,-0.00602366899317761,-0.00677038796632783,1,-5.42101086242752e-20,6.7762635780344e-21,1,0.00652233376132085,0.0163765761503856,0.0163765761503856,0.000290141646006421,0.00265895043133989,-0.00602378664296263,-0.00602378664296263,-0.00677035196191499,8.95040725552851,51.8479654025062,14.8426228497308,-7.16579797667379,14.8426228497308,-7.16579797667379,-17.6496642866845,-13.5803312609508,2.60208521396521e-18,-4.61589849795194e-19,-4.34280567982025e-20,0,0,0,0.00652234756030476,0.000290094583144854,0.0163762563016298,0.00265900651085749,-0.00677038796632783,-0.00602366899317761,1.12649257082088e-12,2.03280360369199e-09,1.3918468524853e-11,1.52236196202806e-19,3.46944695195361e-18,2.6409248685651e-15
NC_k0005,0.00197368421052631,0.00197368421052631,0.714592416936223,54.5835152485982,92.6100596908705,53.9325206378776,90.4876341829527,-54.8532314309121,-90.9168136617548,-53.1756127295024,-91.231120670067,1,1280,-1.11857064907978,0.262971788093806,-0.28234762412538,-0.0629960018132166,4.53864075940496e-19,3.14751487499288e-18,0,-2.85785607681151e-18,0.000457352573105152,4.79404104071303e-05,1,-1.31643189609295e-19,-1.38068005061732e-20,1,0.00652234756030476,0.0163762563016298,0.0163762563016298,0.00029009458314485,0.00265900651085749,-0.00602366899317761,-0.00602366899317761,-0.00677038796632782,1,-5.42101086242752e-20,6.7762635780344e-21,1,0.00652233376132085,0.0163765761503856,0.0163765761503856,0.000290141646006421,0.00265895043133989,-0.00602378664296263,-0.00602378664296263,-0.00677035196191499,8.95381837479308,51.8494203084854,14.834809056846,-7.16067579394704,14.834809056846,-7.16067579394704,-17.6491659342742,-13.5785468336547,3.46944695195361e-18,7.87159907558616e-19,-2.52774599609172e-19,0,0,0,0.00652234756030476,0.000290094583144854,0.0163762563016298,0.00265900651085749,-0.00677038796632783,-0.00602366899317761,8.86593814876627e-12,3.60744542169705e-09,5.01096303872297e-12,1.31643189609295e-19,1.04083408558608e-17,5.57758599719374e-14
NC_k0005,0.00822368421052631,0.00822368421052631,0.714931458143047,55.2769389546633,95.9129868250133,52.6133479764197,87.1313981843463,-57.1827547695922,-90.4668938467281,-50.2326905963438,-91.6234229108894,1,1280,-4.65278695148056,1.11190465928092,-1.16849115642591,-0.264830568151818,-7.347084375145e-19,-4.01427442549534e-19,0,-2.74439667527128e-18,0.000457249688830544,4.80546381998723e-05,1,-1.91653091755367e-19,2.97154909051313e-20,1,0.00652234756030476,0.0163762563016298,0.0163762563016298,0.000290094583144852,0.00265900651085749,-0.00602366899317761,-0.00602366899317761,-0.00677038796632782,1,-5.42101086242752e-20,6.7762635780344e-21,1,0.00652233376132085,0.0163765761503856,0.0163765761503856,0.000290141646006421,0.00265895043133989,-0.00602378664296263,-0.00602378664296263,-0.00677035196191499,8.93843254750928,51.8452686030515,14.8690671808693,-7.18321172384457,14.8690671808693,-7.18321172384457,-17.6519899997188,-13.5856497877603,4.33680868994202e-18,-1.33452945737896e-19,-4.64111972220375e-19,0,0,0,0.00652234756030476,0.000290094583144854,0.0163762563016298,0.00265900651085749,-0.00677038796632783,-0.00602366899317761,3.78055050227638e-12,1.98125261363844e-09,5.48517504688604e-12,1.91653091755367e-19,1.38777878078145e-17,2.500182429081e-14
NC_k0005,0.0144736842105263,0.0144736842105263,0.715837101048696,55.5701160062617,99.0310676907574,51.1081083757922,83.8521861007685,-59.1234342535365,-90.2486358308266,-47.108228438429,-91.6728202057647,1,1280,-8.12636787840031,2.01462774152677,-2.01687424516833,-0.472590591588797,-3.18181309191177e-18,4.72327408957169e-18,0,-3.02030773167202e-18,0.000456934188636831,4.85676348022554e-05,1,-1.33614943816921e-19,2.21102407645299e-19,1,0.00652234756030476,0.0163762563016298,0.0163762563016298,0.000290094583144852,0.00265900651085749,-0.00602366899317761,-0.00602366899317761,-0.00677038796632782,1,-5.42101086242752e-20,6.7762635780344e-21,1,0.00652233376132085,0.0163765761503856,0.0163765761503856,0.000290141646006421,0.00265895043133989,-0.00602378664296263,-0.00602378664296263,-0.00677035196191499,8.90300789856783,51.8583159336911,14.9427070740192,-7.23255527776496,14.9427070740192,-7.23255527776496,-17.6643744966627,-13.5959006323266,2.60208521396521e-18,-9.45538013799004e-20,-2.1979408795222e-19,0,0,0,0.00652234756030476,0.000290094583144854,0.0163762563016298,0.00265900651085749,-0.00677038796632783,-0.00602366899317761,1.62287284443763e-12,3.0111733162497e-09,1.40674113109417e-11,2.21102407645299e-19,6.93889390390723e-18,3.53615158034839e-14
NC_k0006,-0.0167763157894737,-0.0167763157894737,0.253583936148743,-77.6624261165986,-78.1070682924091,-67.0034336025618,-89.1991988211971,70.6641758182123,82.3648435670064,73.6690065060487,86.0911045232229,1,1280,4.74009168273169,1.52380294755463,2.06708522799441,-0.225282778536962,-1.16690369012856e-19,7.88349445877338e-19,0,-2.19292239191739e-18,0.000123680790568446,-0.000125986548340112,1,-5.66958153374855e-20,7.54485022991328e-20,1,-0.00398200939445783,0.00754742661982021,0.00754742661982021,0.00927323019774596,-0.0149178558947045,0.000283080721679624,0.000283080721679624,0.00430866511930741,1,0,0,1,-0.00398193175358873,0.00754757403049637,0.00754757403049637,0.00927317839291593,-0.014917787916552,0.00028308625059997,0.00028308625059997,0.0043085453384656,-11.0048734693633,31.2116052607412,-10.4197398364457,9.88020651571192,-10.4197398364457,9.88020651571192,-3.10837218194071,13.3319017685362,1.73472347597681e-18,-6.3121107149837e-19,5.38172512848754e-19,0,0,0,-0.00398200939445784,0.00927323019774596,0.00754742661982021,-0.0149178558947045,0.00430866511930741,0.000283080721679624,1.38895817004254e-12,6.50814481101239e-09,4.59782559516436e-13,7.54485022991328e-20,4.33680868994202e-18,2.29851739341375e-14
NC_k0006,-0.0105263157894737,-0.0105263157894737,0.252706313999731,-75.0322861971905,-79.8083964292382,-67.9537404342211,-86.8728560876803,70.3027471356111,82.6799805950405,72.3531536614682,85.1647937266052,1,1280,3.04636072607575,0.991685234819207,1.33255516709532,-0.144170495636318,1.31932329852003e-18,6.96702797090138e-19,0,-3.7787169616877e-18,0.000124239217901343,-0.000126985966928924,1,5.19911306786677e-20,-1.57670336872363e-19,1,-0.00398200939445784,0.00754742661982021,0.00754742661982021,0.00927323019774596,-0.0149178558947045,0.000283080721679624,0.000283080721679624,0.00430866511930741,1,0,0,1,-0.00398193175358873,0.00754757403049637,0.00754757403049637,0.00927317839291593,-0.014917787916552,0.00028308625059997,0.00028308625059997,0.0043085453384656,-10.9596283022697,31.1457073899837,-10.3579474734548,9.83755761610685,-10.3579474734548,9.83755761610685,-3.0827861194342,13.280387462444,1.0842021724855e-18,2.48312011941396e-19,7.03753453610935e-20,0,0,0,-0.00398200939445784,0.00927323019774596,0.00754742661982021,-0.0149178558947045,0.00430866511930741,0.000283080721679624,1.60618878237125e-12,6.13718678885649e-09,1.12276247810543e-11,1.57670336872363e-19,5.20417042793042e-18,3.47073318260979e-14
NC_k0006,-0.00427631578947369,-0.00427631578947369,0.252327087860317,-72.4983004458711,-81.7780618935274,-69.5422468396444,-84.6631657421615,70.4201289745765,83.2862875649865,71.2904616970212,84.3262020586704,1,1280,1.24914869733546,0.410328607369265,0.547627510552558,-0.0591748336625629,-4.88028289600161e-19,5.88299123453839e-19,0,1.42841208449867e-18,0.000124552511774591,-0.000127439094642266,1,-4.18488064196319e-20,1.61106855324883e-19,1,-0.00398200939445784,0.00754742661982021,0.00754742661982021,0.00927323019774596,-0.0149178558947044,0.000283080721679624,0.000283080721679624,0.00430866511930741,1,0,0,1,-0.00398193175358873,0.00754757403049637,0.00754757403049637,0.00927317839291593,-0.014917787916552,0.00028308625059997,0.00028308625059997,0.0043085453384656,-10.9383425739704,31.1270857346666,-10.3266493571152,9.81520445861726,-10.3266493571152,9.81520445861726,-3.07255735609714,13.259093458643,1.73472347597681e-18,-2.26158131125629e-19,-4.98633385761424e-19,0,0,0,-0.00398200939445784,0.00927323019774596,0.00754742661982021,-0.0149178558947045,0.00430866511930741,0.000283080721679624,4.71361445888227e-12,3.8827952799616e-09,4.71300786230706e-12,1.61106855324883e-19,8.67361737988404e-18,3.32195164102244e-14
NC_k0006,0.00197368421052631,0.00197368421052631,0.252272814468333,-70.2602061492506,-83.8705286504015,-71.6298723283522,-82.5382084379864,70.9822163863724,84.0316636638834,70.5780228863719,83.5494701041166,1,1280,-0.57718244123348,-0.189933842665471,-0.253148373686659,0.0273559047720577,-2.12949211459529e-18,7.75911958186991e-20,0,-4.33790884015671e-19,0.00012460061268224,-0.000127502385477276,1,-9.56063425555943e-20,2.47449682960182e-20,1,-0.00398200939445784,0.00754742661982021,0.00754742661982021,0.00927323019774596,-0.0149178558947045,0.000283080721679624,0.000283080721679624,0.00430866511930741,1,0,0,1,-0.00398193175358873,0.00754757403049637,0.00754757403049637,0.00927317839291593,-0.014917787916552,0.00028308625059997,0.00028308625059997,0.0043085453384656,-10.9351493000803,31.1251260769589,-10.3218654149928,9.81171840576566,-10.3218654149928,9.81171840576566,-3.07119318306591,13.2561103657723,1.73472347597681e-18,-1.56249657317961e-19,4.57612471593765e-19,0,0,0,-0.00398200939445784,0.00927323019774596,0.00754742661982021,-0.0149178558947045,0.00430866511930741,0.000283080721679624,1.0912716388505e-11,5.08956168077e-09,5.51729650944559e-12,9.56063425555943e-20,5.20417042793042e-18,1.05621180970922e-14
NC_k0006,0.00822368421052631,0.00822368421052631,0.252522552435928,-68.4729626434712,-86.0479636982879,-74.0764196149105,-80.5139734419264,71.9271684030105,84.849141237959,70.2918828017967,82.8800824420629,1,1280,-2.39110160807783,-0.781516454804133,-1.04696396075106,0.113141148150866,-1.08969796047531e-18,5.72233621596834e-19,0,2.38286580802641e-18,0.000124385760918916,-0.000127207823609014,1,-6.84322202788161e-20,3.592802470324e-22,1,-0.00398200939445784,0.00754742661982021,0.00754742661982021,0.00927323019774595,-0.0149178558947045,0.000283080721679625,0.000283080721679625,0.00430866511930741,1,0,0,1,-0.00398193175358873,0.00754757403049637,0.00754757403049637,0.00927317839291593,-0.014917787916552,0.00028308625059997,0.00028308625059997,0.0043085453384656,-10.9495038411532,31.1357218687785,-10.3432058924285,9.82712390530507,-10.3432058924285,9.82712390530507,-3.07768380901564,13.2699601079939,8.67361737988404e-19,1.74269972988359e-19,8.18736568673887e-19,0,0,0,-0.00398200939445784,0.00927323019774596,0.00754742661982021,-0.0149178558947045,0.00430866511930741,0.000283080721679624,3.52324705538841e-12,5.93398056280179e-09,8.78736450572249e-12,6.84322202788161e-20,5.20417042793042e-18,8.61719916607223e-14
NC_k0006,0.0144736842105263,0.0144736842105263,0.253180733309909,-67.2695580883129,-88.3244072843994,-76.6958818959404,-78.6864488666687,73.1601022980639,85.7333533287752,70.4730273019375,82.4328174213083,1,1280,-4.13583340854943,-1.33546396935694,-1.80552813470908,0.195993791441458,-4.15999056220268e-19,5.17525550243802e-19,0,-4.04002703950595e-18,0.000123907490719849,-0.000126424887985116,1,1.9209531514745e-20,-1.57161843206635e-20,1,-0.00398200939445784,0.00754742661982021,0.00754742661982021,0.00927323019774595,-0.0149178558947045,0.000283080721679624,0.000283080721679624,0.00430866511930741,1,0,0,1,-0.00398193175358873,0.00754757403049637,0.00754757403049637,0.00927317839291593,-0.014917787916552,0.00028308625059997,0.00028308625059997,0.0043085453384656,-10.9845475681475,31.1781675939215,-10.392921208854,9.86181388220468,-10.392921208854,9.86181388220468,-3.09657177277557,13.3079943267808,1.51788304147971e-18,6.9887648517726e-19,2.47293627898468e-19,0,0,0,-0.00398200939445784,0.00927323019774596,0.00754742661982021,-0.0149178558947045,0.00430866511930741,0.000283080721679624,6.58429575323654e-13,4.86364160490342e-09,4.43862339084404e-12,1.9209531514745e-20,6.93889390390723e-18,5.48137594294238e-14
NC_k0007,-0.0167763157894737,-0.0167763157894737,0.186912778189834,-50.0803239665825,69.9959194055442,-66.2971534925741,94.772767792695,48.7178460037796,-72.416908758522,68.5080006918082,-94.6885498042832,1,1280,-4.33136503345261,-3.27212758794894,-2.50915256506256,2.24291264187641,1.73092175388151e-18,-1.25795642323594e-18,0,4.81908807428493e-19,0.000995716392140291,-0.000940152747801908,1,1.05817059732208e-21,5.4010927298102e-20,1,0.00182057138377452,-0.00383757236604354,-0.00383757236604354,0.0157517137559357,0.00454043346890259,-0.00171840194232206,-0.00171840194232206,-0.0105011252064776,1,0,0,1,0.0018206823080174,-0.00383764731862881,-0.00383764731862881,0.0157516886338664,0.00454034547132181,-0.00171843550485999,-0.00171843550485999,-0.0105010663138369,-7.96482181331563,-18.7828982902061,8.52234423231288,10.0056017765084,8.52234423231288,10.0056017765084,-8.97853822091784,-14.7046013844983,1.40946282423116e-18,-5.83516263445836e-19,1.07280211639836e-18,0,0,0,0.00182057138377452,0.0157517137559357,-0.00383757236604354,0.00454043346890259,-0.0105011252064776,-0.00171840194232206,1.49486839128235e-12,1.319389322928e-09,9.84955032410155e-12,5.4010927298102e-20,4.33680868994202e-18,4.61818828014728e-14
NC_k0007,-0.0105263157894737,-0.0105263157894737,0.185880614154075,-53.508416431256,74.4434958507096,-63.7545291520654,90.0796418269228,52.7862777150675,-76.3614381484737,65.3039522435008,-90.5008634481317,1,1280,-2.7959830802009,-2.10586965194878,-1.61761140160944,1.40804636783595,9.27335641120948e-19,-3.44517416405886e-19,0,-2.10736172448705e-18,0.000995499678672723,-0.000938839879467373,1,-2.24550538216616e-20,1.08309781232833e-19,1,0.00182057138377452,-0.00383757236604354,-0.00383757236604354,0.0157517137559357,0.00454043346890259,-0.00171840194232206,-0.00171840194232206,-0.0105011252064776,1,0,0,1,0.0018206823080174,-0.00383764731862881,-0.00383764731862881,0.0157516886338664,0.00454034547132181,-0.00171843550485999,-0.00171843550485999,-0.0105010663138369,-7.89540224223694,-18.6933852744243,8.46593224584057,9.92248965987302,8.46593224584057,9.92248965987302,-8.96286597672062,-14.6461048243885,1.30104260698261e-18,-1.16394376575558e-18,8.13418735023812e-19,0,0,0,0.00182057138377452,0.0157517137559357,-0.00383757236604354,0.00454043346890259,-0.0105011252064776,-0.00171840194232206,4.15756419963743e-12,3.87902611183406e-09,7.3525887529298e-12,1.08309781232833e-19,6.93889390390723e-18,4.34519357540597e-14
NC_k0007,-0.00427631578947369,-0.00427631578947369,0.185395710793581,-56.8133226219655,79.0428638496616,-60.9856442551475,85.4025226671329,56.7597014973879,-80.5083782693737,61.857471131402,-86.2776994521297,1,1280,-1.15101361757008,-0.866157730613013,-0.665666544900421,0.570774363700611,-5.81210185604259e-19,2.49312236623483e-20,0,-3.64358501450828e-18,0.00099538003757145,-0.000938182359778355,1,8.87572861591364e-20,2.27232651483188e-20,1,0.00182057138377452,-0.00383757236604354,-0.00383757236604354,0.0157517137559357,0.00454043346890259,-0.00171840194232206,-0.00171840194232206,-0.0105011252064776,1,0,0,1,0.0018206823080174,-0.00383764731862881,-0.00383764731862881,0.0157516886338664,0.00454034547132181,-0.00171843550485999,-0.00171843550485999,-0.0105010663138369,-7.85844066858287,-18.6571047876296,8.4371811141572,9.87858876976223,8.4371811141572,9.87858876976223,-8.95861733680565,-14.6218897702541,1.0842021724855e-18,-4.55966323135201e-20,5.9719029470932e-20,0,0,0,0.00182057138377452,0.0157517137559357,-0.00383757236604354,0.00454043346890259,-0.0105011252064776,-0.00171840194232206,6.33658805303269e-12,2.24365121106879e-09,5.19818720873607e-12,8.87572861591364e-20,3.46944695195361e-18,1.36685149988629e-13
NC_k0007,0.00197368421052631,0.00197368421052631,0.185324049507781,-59.905643336369,83.6855135125185,-57.9794292504893,80.7501328326281,60.5275491239395,-84.7203205591247,58.1740742518746,-82.0560327714957,1,1280,0.532238234886889,0.400497752790365,0.307802875933508,-0.263304736949244,2.15125523651156e-18,-5.32413146908531e-19,0,-2.17694084889256e-18,0.000995360167365865,-0.000938085756891913,1,1.00367743971264e-19,9.46815431755425e-20,1,0.00182057138377452,-0.00383757236604354,-0.00383757236604354,0.0157517137559357,0.00454043346890259,-0.00171840194232206,-0.00171840194232206,-0.0105011252064776,1,0,0,1,0.0018206823080174,-0.00383764731862881,-0.00383764731862881,0.0157516886338664,0.00454034547132181,-0.00171843550485999,-0.00171843550485999,-0.0105010663138369,-7.85271502143556,-18.6521810808627,8.43278314942402,9.87180451333043,8.43278314942402,9.87180451333043,-8.95817658059934,-14.6184809025779,8.67361737988404e-19,-2.9066972775973e-19,5.26496130981542e-19,0,0,0,0.00182057138377452,0.0157517137559357,-0.00383757236604354,0.00454043346890259,-0.0105011252064776,-0.00171840194232206,1.39247677357495e-11,3.58224524061683e-09,3.88906143472744e-12,1.00367743971264e-19,5.20417042793042e-18,7.93769352404836e-14
NC_k0007,0.00822368421052631,0.00822368421052631,0.185649035657981,-62.761727326321,88.3538582588443,-54.7469083010095,76.1296502028532,64.0623786242838,-88.9473189357667,54.2700977850875,-77.87668788292,1,1280,2.19835078201766,1.6549640546288,1.27159389609332,-1.09916385851364,-6.79869671624684e-19,-1.9452376331491e-18,0,-4.00281631965026e-18,0.000995445320757289,-0.000938525997929482,1,-3.69961963587658e-20,4.24379876127829e-20,1,0.00182057138377452,-0.00383757236604354,-0.00383757236604354,0.0157517137559357,0.0045404334689026,-0.00171840194232206,-0.00171840194232206,-0.0105011252064776,1,0,0,1,0.0018206823080174,-0.00383764731862881,-0.00383764731862881,0.0157516886338664,0.00454034547132181,-0.00171843550485999,-0.00171843550485999,-0.0105010663138369,-7.87811591097492,-18.6754600687915,8.45240384326724,9.90194716947623,8.45240384326724,9.90194716947623,-8.960568835158,-14.6342866659422,1.30104260698261e-18,-4.60930618693383e-19,-4.11206314488888e-19,0,0,0,0.00182057138377452,0.0157517137559357,-0.00383757236604354,0.00454043346890259,-0.0105011252064776,-0.00171840194232206,2.99742686638364e-12,2.11757640029399e-09,7.43448422686588e-12,4.24379876127829e-20,3.46944695195361e-18,1.94955338574764e-13
NC_k0007,0.0144736842105263,0.0144736842105263,0.186452284111546,-65.3836368127076,93.0432446392533,-51.3451136492841,71.6014178835321,67.3559309636518,-93.15242230015,50.2134328230195,-73.830580876328,1,1280,3.78416962792451,2.8543881960544,2.19072408191304,-1.93696312681011,1.84522487964654e-18,4.50763803004647e-19,0,3.20360764669132e-18,0.000995621248575246,-0.000939591124909443,1,-1.57986593719561e-21,8.52211113524016e-21,1,0.00182057138377452,-0.00383757236604354,-0.00383757236604354,0.0157517137559357,0.0045404334689026,-0.00171840194232206,-0.00171840194232206,-0.0105011252064776,1,0,0,1,0.0018206823080174,-0.00383764731862881,-0.00383764731862881,0.0157516886338664,0.00454034547132181,-0.00171843550485999,-0.00171843550485999,-0.0105010663138369,-7.93531336933191,-18.7413766791883,8.49788269265246,9.9701158246369,8.49788269265246,9.9701158246369,-8.97052071329562,-14.6773268648802,8.67361737988404e-19,5.13638259846024e-19,-5.84384293465961e-19,0,0,0,0.00182057138377452,0.0157517137559357,-0.00383757236604354,0.00454043346890259,-0.0105011252064776,-0.00171840194232206,1.98763260814918e-12,3.0305638129261e-09,1.14221548396143e-11,8.52211113524016e-21,5.20417042793042e-18,7.24955738097833e-14
NC_k0008,-0.0167763157894737,-0.0167763157894737,0.323106559477735,21.8202926247183,109.74069722996,13.1787132906917,128.607571677247,-21.5348912454523,-118.642976202275,-12.7292270723673,-121.305444888837,1,1280,-1.61144388143922,3.74919186728347,0.705456835328651,1.55975737462573,2.77763940972856e-19,-1.27052046956001e-18,0,-9.15561221409623e-18,-0.000155594199951379,-0.000317265030274003,1,2.42486131955711e-20,-3.67485462315898e-19,1,-0.000324640517658474,-0.00270771985033662,-0.00270771985033662,-0.00777483302139315,0.0130076576265531,0.00866451467893541,0.00866451467893541,-0.00937239892902188,1,0,2.16840434497101e-19,1,-0.000324696669656875,-0.00270777273548994,-0.00270777273548994,-0.00777481641760538,0.0130075572240765,0.00866468390773773,0.00866468390773773,-0.00937228077625868,2.76649186769293,-16.5534937541909,14.8131167435838,-1.25660570011917,14.8131167435838,-1.25660570011917,31.1837188644911,-19.2737225793194,8.67361737988404e-19,6.45255453187033e-19,7.04598873676643e-19,0,0,0,-0.000324640517658471,-0.00777483302139315,-0.00270771985033662,0.0130076576265531,-0.00937239892902188,0.00866451467893541,4.13151211991548e-13,3.79971127864512e-09,2.72048132584508e-12,3.67485462315898e-19,4.33680868994202e-18,3.09248046148532e-14
NC_k0008,-0.0105263157894737,-0.0105263157894737,0.321962744280513,19.7338564803312,112.096209522168,14.5081894096592,124.217420038186,-19.5660934769593,-118.303589806264,-13.9433313225901,-119.612056912083,1,1280,-1.01482018188454,2.39529716961811,0.455557405952055,0.975720002978019,-1.33700180257151e-18,-3.12774034696797e-18,0,3.53812279513022e-18,-0.000156446847020248,-0.000315998630137865,1,9.24705440508154e-21,-1.11417690792007e-19,1,-0.000324640517658472,-0.00270771985033662,-0.00270771985033662,-0.00777483302139315,0.0130076576265531,0.00866451467893541,0.00866451467893541,-0.00937239892902188,1,0,2.16840434497101e-19,1,-0.000324696669656875,-0.00270777273548994,-0.00270777273548994,-0.00777481641760538,0.0130075572240765,0.00866468390773773,0.00866468390773773,-0.00937228077625868,2.76071970972892,-16.4820287254165,14.7332139057663,-1.26384439119912,14.7332139057663,-1.26384439119912,31.1374014381037,-19.1814043826657,1.73472347597681e-18,2.66976178732959e-19,8.73901599092922e-19,0,0,0,-0.000324640517658471,-0.00777483302139315,-0.00270771985033662,0.0130076576265531,-0.00937239892902188,0.00866451467893541,2.63458696245108e-12,4.81356541083567e-09,9.28828961483889e-12,1.11417690792007e-19,3.46944695195361e-18,8.79315623651025e-15
NC_k0008,-0.00427631578947369,-0.00427631578947369,0.321470308412494,17.9823734103163,115.104245267258,15.9078010240585,120.085382798782,-17.730520848883,-118.171490121074,-15.4266950000577,-118.621808925581,1,1280,-0.412124489272127,0.977717160148259,0.186645581389125,0.394661800687692,4.42812942956787e-19,-6.43094875951802e-19,0,-4.59422729656852e-19,-0.000156802799812051,-0.00031534383241158,1,1.82091538689356e-21,-3.12223728656648e-19,1,-0.00032464051765847,-0.00270771985033662,-0.00270771985033662,-0.00777483302139315,0.0130076576265531,0.00866451467893541,0.00866451467893541,-0.00937239892902189,1,0,2.16840434497101e-19,1,-0.000324696669656875,-0.00270777273548994,-0.00270777273548994,-0.00777481641760538,0.0130075572240765,0.00866468390773773,0.00866468390773773,-0.00937228077625868,2.76187503485901,-16.4547788193932,14.6918616488088,-1.26923153302221,14.6918616488088,-1.26923153302221,31.1278302268938,-19.1390392055431,2.38524477946811e-18,-1.52843581764146e-19,1.07150558191202e-18,0,0,0,-0.000324640517658471,-0.00777483302139315,-0.00270771985033662,0.0130076576265531,-0.00937239892902188,0.00866451467893541,5.36785738854395e-12,2.9985234162293e-09,6.50507278828317e-13,3.12223728656648e-19,8.67361737988404e-18,2.81466667804502e-14
NC_k0008,0.00197368421052631,0.00197368421052631,0.321399760887933,16.4424842116569,118.657144548829,17.3963400631971,116.354607838675,-16.0206435531873,-118.408918587472,-17.0853134231806,-118.20660536435,1,1280,0.190124624726612,-0.451393887996151,-0.086218856878984,-0.181968611007199,-2.46420413201997e-19,1.69797266854169e-18,0,-3.00536884980931e-18,-0.000156850777011692,-0.000315246397870503,1,7.07834989092407e-21,-2.2937184554788e-20,1,-0.000324640517658468,-0.00270771985033662,-0.00270771985033662,-0.00777483302139315,0.0130076576265531,0.00866451467893541,0.00866451467893541,-0.00937239892902188,1,0,2.16840434497101e-19,1,-0.000324696669656875,-0.00270777273548994,-0.00270777273548994,-0.00777481641760538,0.0130075572240765,0.00866468390773773,0.00866468390773773,-0.00937228077625868,2.76231944397818,-16.4512194881341,14.6854706999577,-1.27014533407062,14.6854706999577,-1.27014533407062,31.1271325159886,-19.1327837581913,1.30104260698261e-18,-1.38717260741038e-19,6.59788036859445e-19,0,0,0,-0.000324640517658471,-0.00777483302139315,-0.00270771985033662,0.0130076576265531,-0.00937239892902188,0.00866451467893541,6.30202751093892e-12,3.50692914757248e-09,7.83759991478142e-12,2.2937184554788e-20,3.46944695195361e-18,2.64256765932813e-14
NC_k0008,0.00822368421052631,0.00822368421052631,0.321724181265146,15.0165062458737,122.657157022063,19.0563813981132,113.13564296911,-14.4645360627248,-119.172616851384,-18.8750879487667,-118.223421107912,1,1280,0.792848635174717,-1.87624154443577,-0.357519660056185,-0.760893588723717,1.51194140313974e-18,-8.23268875436264e-19,0,-1.09474938704005e-17,-0.000156623376863536,-0.000315687134670819,1,-3.24010430072975e-20,-8.00856424241738e-20,1,-0.000324640517658469,-0.00270771985033662,-0.00270771985033662,-0.00777483302139314,0.0130076576265531,0.00866451467893541,0.00866451467893541,-0.00937239892902188,1,0,2.16840434497101e-19,1,-0.000324696669656875,-0.00270777273548994,-0.00270777273548994,-0.00777481641760538,0.0130075572240765,0.00866468390773773,0.00866468390773773,-0.00937228077625868,2.76087200207329,-16.468362022134,14.713839147489,-1.26623635417964,14.713839147489,-1.26623635417964,31.1318160006603,-19.1611332785869,1.73472347597681e-18,-2.27061496195355e-19,-7.05400971976033e-19,0,0,0,-0.000324640517658471,-0.00777483302139315,-0.00270771985033662,0.0130076576265531,-0.00937239892902188,0.00866451467893541,1.16392726507631e-12,4.29714115264127e-09,7.6310396416149e-12,8.00856424241738e-20,6.93889390390723e-18,5.96997659625282e-14
NC_k0008,0.0144736842105263,0.0144736842105263,0.322579874467835,13.6580644287286,126.969363771734,21.006934805168,110.521762934468,-13.137225540804,-120.591731967361,-20.7936120900867,-118.500743491495,1,1280,1.39359533747481,-3.26464945482704,-0.617447858726267,-1.34514158963995,-2.14946190894354e-19,8.60270814905354e-18,0,2.57147953130075e-18,-0.000155980931471181,-0.000316732460169404,1,-2.06812710026881e-20,-3.84930486756514e-19,1,-0.000324640517658468,-0.00270771985033662,-0.00270771985033662,-0.00777483302139314,0.0130076576265531,0.00866451467893541,0.00866451467893541,-0.00937239892902188,1,0,2.16840434497101e-19,1,-0.000324696669656875,-0.00270777273548994,-0.00270777273548994,-0.00777481641760538,0.0130075572240765,0.00866468390773773,0.00866468390773773,-0.00937228077625868,2.76285442827877,-16.5198520730657,14.7786034551465,-1.25923458638421,14.7786034551465,-1.25923458638421,31.1588857107676,-19.2320612665533,2.16840434497101e-18,-3.90475057698704e-19,-9.42946921198774e-19,0,0,0,-0.000324640517658471,-0.00777483302139315,-0.00270771985033662,0.0130076576265531,-0.00937239892902188,0.00866451467893541,3.05645080557346e-12,3.210886828328e-09,8.74696503444458e-12,3.84930486756514e-19,8.67361737988404e-18,8.26007903777661e-15
NC_k0009,-0.0167763157894737,-0.0167763157894737,0.355399966779588,49.697115439929,-87.0116375399053,71.6887142594929,-121.984249238569,-48.1474406793445,92.8071488701548,-71.4096285853201,118.409008438541,1,1280,3.68775682753449,8.30479593244905,3.95754241079458,-2.62142183435735,-1.15709994550858e-18,-5.34836455231067e-18,0,-3.37324253799125e-20,0.000328824946483142,0.000971362281445606,1,-7.81768082545846e-20,-4.12730088683774e-19,1,0.00519928019819397,0.000838001429410396,0.000838001429410396,-0.00973762720273094,-0.00541928592851948,0.00975559370658176,0.00975559370658176,0.0123654189958392,1,0,5.42101086242752e-20,1,0.00519919618412706,0.000838017796625814,0.000838017796625814,-0.00973756534856151,-0.00541918213080729,0.00975578424552134,0.00975578424552134,0.0123653491147924,10.4902500054323,9.59702767320818,-12.0191538584286,-5.95013358995177,-12.0191538584286,-5.95013358995177,37.7773593058329,18.1731837725449,1.73472347597681e-18,7.24715463590821e-19,-3.43088041276437e-19,0,0,0,0.00519928019819397,-0.00973762720273093,0.000838001429410396,-0.00541928592851949,0.0123654189958392,0.00975559370658176,4.04369069655858e-13,3.91150578106497e-09,1.27760049118942e-11,4.12730088683774e-19,5.20417042793042e-18,1.35732118539786e-13
NC_k0009,-0.0105263157894737,-0.0105263157894737,0.354363748467558,53.5998803497783,-93.5609203265355,67.6802671697046,-115.856700125461,-52.3184630245669,97.6992579685377,-67.1124975151346,113.970118021505,1,1280,2.41003517240891,5.31454226352386,2.54911055385778,-1.64781445975638,-8.36914874001552e-19,-3.12626625941761e-18,0,-6.00102990794971e-20,0.000327820475619518,0.000970640033056012,1,-9.48883831007522e-20,-4.13516439980258e-19,1,0.00519928019819397,0.000838001429410396,0.000838001429410396,-0.00973762720273093,-0.00541928592851949,0.00975559370658176,0.00975559370658176,0.0123654189958392,1,0,5.42101086242752e-20,1,0.00519919618412706,0.000838017796625814,0.000838017796625814,-0.00973756534856151,-0.00541918213080729,0.00975578424552134,0.00975578424552134,0.0123653491147924,10.4198579184951,9.5444354580462,-11.9204548338708,-5.89071566869046,-11.9204548338708,-5.89071566869046,37.7108972714783,18.1276617046446,2.16840434497101e-18,3.61111106543926e-20,4.86339137871984e-19,0,0,0,0.00519928019819397,-0.00973762720273093,0.000838001429410396,-0.00541928592851949,0.0123654189958392,0.00975559370658176,3.87807250505815e-13,5.18129647683806e-09,9.59045717084008e-13,4.13516439980258e-19,5.20417042793042e-18,4.49586067205447e-14
NC_k0009,-0.00427631578947369,-0.00427631578947369,0.353962606721227,57.7698450610774,-100.336020947022,63.5393170427225,-109.450433733046,-56.7039835540048,102.708013914715,-62.7459009354717,109.34608694384,1,1280,0.999196233386465,2.17688456202863,1.048106662487,-0.668644169860923,-6.60404457450086e-19,-5.46249562450828e-18,0,4.67968828873505e-18,0.000327404583611312,0.000970267489319341,1,-3.43123869849692e-20,-2.03050737154202e-19,1,0.00519928019819397,0.000838001429410396,0.000838001429410396,-0.00973762720273094,-0.00541928592851949,0.00975559370658176,0.00975559370658176,0.0123654189958392,1,0,5.42101086242752e-20,1,0.00519919618412706,0.000838017796625814,0.000838017796625814,-0.00973756534856151,-0.00541918213080729,0.00975578424552134,0.00975578424552134,0.0123653491147924,10.3890607759072,9.52401994138834,-11.8684765353632,-5.86094357317719,-11.8684765353632,-5.86094357317719,37.693951318635,18.1096969712821,1.73472347597681e-18,-8.33051962710169e-20,3.78375106320064e-19,0,0,0,0.00519928019819397,-0.00973762720273093,0.000838001429410396,-0.00541928592851949,0.0123654189958392,0.00975559370658176,1.84535277619759e-12,2.87490386658264e-09,2.1102109092015e-12,2.03050737154202e-19,3.46944695195361e-18,8.64120778512416e-14
NC_k0009,0.00197368421052631,0.00197368421052631,0.353908196595436,61.9922572495392,-107.030321106407,59.3262799314331,-102.820244675121,-61.1241468584853,107.592953296272,-58.3336066732852,104.527670471283,1,1280,-0.462558989510349,-1.00582765344149,-0.484567592174136,0.308510692949744,6.37048185674039e-19,-7.95926420288324e-19,0,-3.11620112572407e-18,0.000327350116086028,0.000970212868935451,1,-3.06139227006892e-20,-9.98933587770783e-20,1,0.00519928019819396,0.000838001429410396,0.000838001429410396,-0.00973762720273094,-0.00541928592851949,0.00975559370658176,0.00975559370658176,0.0123654189958392,1,0,5.42101086242752e-20,1,0.00519919618412706,0.000838017796625814,0.000838017796625814,-0.00973756534856151,-0.00541918213080729,0.00975578424552134,0.00975578424552134,0.0123653491147924,10.3847007690988,9.52133722750533,-11.8604426946252,-5.85645654856909,-11.8604426946252,-5.85645654856909,37.6923273695397,18.107162798366,1.51788304147971e-18,7.5696574406109e-19,2.46792712182017e-19,0,0,0,0.00519928019819397,-0.00973762720273093,0.000838001429410396,-0.00541928592851949,0.0123654189958392,0.00975559370658176,8.08752830044649e-12,3.60180829929241e-09,2.72569761388571e-12,9.98933587770783e-20,5.20417042793042e-18,6.94853643741925e-14
NC_k0009,0.00822368421052631,0.00822368421052631,0.354165189069157,66.1669546766648,-113.526581275568,55.1197756765828,-96.0537040783012,-65.5106178234159,112.289650586378,-53.9219992513529,99.549834653496,1,1280,-1.90113959167832,-4.16885707572669,-2.00309890024361,1.28690003041743,-8.2398355948551e-20,-8.44813456234698e-18,0,4.54701844464889e-18,0.000327612937558905,0.00097046238069861,1,-3.60425686815988e-20,1.46497043601195e-19,1,0.00519928019819397,0.000838001429410396,0.000838001429410396,-0.00973762720273093,-0.00541928592851949,0.00975559370658176,0.00975559370658176,0.0123654189958392,1,0,5.42101086242752e-20,1,0.00519919618412706,0.000838017796625814,0.000838017796625814,-0.00973756534856151,-0.00541918213080729,0.00975578424552134,0.00975578424552134,0.0123653491147924,10.4048844334827,9.53421258323138,-11.8961274679379,-5.87662190141139,-11.8961274679379,-5.87662190141139,37.7015733816593,18.1188837390112,2.60208521396521e-18,-6.55763126833188e-20,6.97888025089913e-19,0,0,0,0.00519928019819397,-0.00973762720273093,0.000838001429410396,-0.00541928592851949,0.0123654189958392,0.00975559370658176,5.7971128203832e-13,3.37863371131636e-09,2.25584859518473e-12,1.46497043601195e-19,6.93889390390723e-18,7.68016308288417e-14
NC_k0009,0.0144736842105263,0.0144736842105263,0.354907761812308,70.2307685053094,-119.761844002865,51.0821605625161,-89.3641824333797,-69.8365203452343,116.791791972813,-49.6404724659981,94.5671927003613,1,1280,-3.23794673743649,-7.23014619025781,-3.4544706661392,2.2648661682453,-2.66712807989148e-19,-7.28499950708922e-18,0,-5.86030994214218e-19,0.000328371245125881,0.000971059880466125,1,-1.63360118879077e-20,-2.16567484117656e-19,1,0.00519928019819397,0.000838001429410396,0.000838001429410396,-0.00973762720273093,-0.0054192859285195,0.00975559370658176,0.00975559370658176,0.0123654189958392,1,0,5.42101086242752e-20,1,0.00519919618412706,0.000838017796625814,0.000838017796625814,-0.00973756534856151,-0.00541918213080729,0.00975578424552134,0.00975578424552134,0.0123653491147924,10.4582878123468,9.57249490190542,-11.9769464039888,-5.92434696462878,-11.9769464039888,-5.92434696462878,37.7429468724795,18.1514249506476,2.38524477946811e-18,-3.94786353469371e-19,1.43347134908444e-18,0,0,0,0.00519928019819397,-0.00973762720273093,0.000838001429410396,-0.00541928592851949,0.0123654189958392,0.00975559370658176,2.06058140734754e-12,3.48670191481169e-09,4.77844295701767e-12,2.16567484117656e-19,9.54097911787244e-18,9.8538350069073e-15
NC_k0010,-0.0167763157894737,-0.0167763157894737,0.414415771006636,-44.1084009586857,48.7233582415571,-62.519593939873,77.1153184233036,40.975166710627,-54.1001276451194,61.9213420740561,-73.9249648632432,1,1280,-3.67863264341782,-9.50628415500675,-4.35102254348017,1.84144107992938,6.76673445737779e-19,-1.14395240598041e-17,0,4.63525710931238e-18,-0.00151678835996849,-0.00116006855667424,1,2.89685326350367e-20,5.92525235390462e-19,1,-0.0111572556086814,-0.00114164067691532,-0.00114164067691532,0.000921888631614495,-0.000838431457235702,-0.0125858989726805,-0.0125858989726805,-0.0106889945710182,1,0,0,1,-0.0111572216171739,-0.00114166297458479,-0.00114166297458479,0.000921804662729099,-0.000838507698818357,-0.0125861447910198,-0.0125861447910198,-0.0106889746156954,-11.040732823887,-8.27006116734398,5.9678602112203,1.71505867508707,5.9678602112203,1.71505867508707,-47.7369585776487,-11.9014507363017,1.73472347597681e-18,1.77518118215984e-19,2.67753787011079e-19,0,0,0,-0.0111572556086814,0.000921888631614494,-0.00114164067691532,-0.000838431457235701,-0.0106889945710182,-0.0125858989726805,1.6924030075384e-12,3.55573138048298e-09,5.05508097349571e-12,5.92525235390462e-19,3.46944695195361e-18,7.78251725001179e-14
NC_k0010,-0.0105263157894737,-0.0105263157894737,0.413992484037196,-46.9271516847203,54.1030493613784,-58.8708364929392,72.3811138875024,44.2813546968613,-57.9900546228554,57.7599283198543,-70.7258806474677,1,1280,-2.40146982790851,-6.08498300775375,-2.80052943576852,1.16066900354189,5.00331774031275e-19,-5.92712628330177e-18,0,-1.19735882592153e-18,-0.00151519696662472,-0.00115982660738609,1,5.10464784964529e-20,3.62270985792314e-19,1,-0.0111572556086814,-0.00114164067691532,-0.00114164067691532,0.000921888631614494,-0.000838431457235706,-0.0125858989726805,-0.0125858989726805,-0.0106889945710182,1,0,0,1,-0.0111572216171739,-0.00114166297458479,-0.00114166297458479,0.000921804662729099,-0.000838507698818357,-0.0125861447910198,-0.0125861447910198,-0.0106889746156954,-11.0054122214358,-8.26257450632052,5.89483312733672,1.68271057404154,5.89483312733672,1.68271057404154,-47.6617716297851,-11.8996209961782,1.73472347597681e-18,-5.53916313336694e-20,8.29007913252236e-19,0,0,0,-0.0111572556086814,0.000921888631614494,-0.00114164067691532,-0.000838431457235701,-0.0106889945710182,-0.0125858989726805,5.20027362566906e-13,4.31603381378098e-09,6.63064754842765e-12,3.62270985792314e-19,4.98732999343332e-18,9.41293131322687e-14
NC_k0010,-0.00427631578947369,-0.00427631578947369,0.413994866123268,-50.2757962722647,59.7498412672082,-55.1976468366459,67.2575425637991,48.0832613304413,-62.0207787842096,53.6199660690855,-67.2409858830729,1,1280,-0.994763828215327,-2.49187566913728,-1.15059103412638,0.471938061407765,7.53634329929713e-19,7.60646836290692e-18,0,7.91886676971768e-19,-0.00151452176437598,-0.00115972969558556,1,3.93416348090992e-20,2.75836834183698e-19,1,-0.0111572556086814,-0.00114164067691532,-0.00114164067691532,0.000921888631614495,-0.000838431457235702,-0.0125858989726805,-0.0125858989726805,-0.0106889945710182,1,0,0,1,-0.0111572216171739,-0.00114166297458479,-0.00114166297458479,0.000921804662729099,-0.000838507698818357,-0.0125861447910198,-0.0125861447910198,-0.0106889746156954,-10.9972119517067,-8.2646106723314,5.8561566964234,1.6678240269696,5.8561566964234,1.6678240269696,-47.6458260295695,-11.9037750894079,2.60208521396521e-18,2.00172000019182e-20,1.06303994076934e-19,0,0,0,-0.0111572556086814,0.000921888631614494,-0.00114164067691532,-0.000838431457235701,-0.0106889945710182,-0.0125858989726805,4.38399582009996e-12,2.78583780890896e-09,2.20459153254887e-12,2.75836834183698e-19,6.93889390390723e-18,4.5187173793029e-14
NC_k0010,0.00197368421052631,0.00197368421052631,0.414007252638363,-53.8532336386562,65.2842908981344,-51.5771002808546,61.8138817531088,52.1088044806872,-65.8840831270424,49.5494258576951,-63.4720050306187,1,1280,0.46045199732219,1.15128914241981,0.531874576114849,-0.217838314563655,8.21423435489659e-20,-1.61507345473224e-17,0,6.3554850722348e-19,-0.00151443071918704,-0.00115971790953767,1,-1.11219967385959e-19,1.52690445487547e-19,1,-0.0111572556086814,-0.00114164067691532,-0.00114164067691532,0.000921888631614494,-0.000838431457235703,-0.0125858989726805,-0.0125858989726805,-0.0106889945710182,1,0,0,1,-0.0111572216171739,-0.00114166297458479,-0.00114166297458479,0.000921804662729099,-0.000838507698818357,-0.0125861447910198,-0.0125861447910198,-0.0106889746156954,-10.996561817792,-8.26528278681157,5.85018887384084,1.66567934085315,5.85018887384084,1.66567934085315,-47.6446654869461,-11.9046201932027,1.73472347597681e-18,9.18263910398339e-20,1.53726895383049e-19,0,0,0,-0.0111572556086814,0.000921888631614494,-0.00114164067691532,-0.000838431457235701,-0.0106889945710182,-0.0125858989726805,1.32122414680876e-11,3.37008995841123e-09,7.67118708865397e-12,1.52690445487547e-19,3.46944695195361e-18,1.91872139692485e-13
NC_k0010,0.00822368421052631,0.00822368421052631,0.413976639499518,-57.5166433601126,70.5361709484857,-48.1196414562875,56.1790506442326,56.2300111842983,-69.4761950599199,45.6425457680685,-59.481042106329,1,1280,1.89364535643228,4.77281169603053,2.19993082731277,-0.907273642156145,-4.52467795066506e-19,-1.08718796362458e-17,0,-1.26358207858192e-18,-0.0015148631785076,-0.00115977734730117,1,-6.42802298388777e-20,7.92219600992693e-20,1,-0.0111572556086814,-0.00114164067691532,-0.00114164067691532,0.000921888631614494,-0.000838431457235706,-0.0125858989726805,-0.0125858989726805,-0.0106889945710182,1,0,0,1,-0.0111572216171739,-0.00114166297458479,-0.00114166297458479,0.000921804662729099,-0.000838507698818357,-0.0125861447910198,-0.0125861447910198,-0.0106889746156954,-11.000707047128,-8.26302594762392,5.87672314267508,1.67551772943141,5.87672314267508,1.67551772943141,-47.6524808444503,-11.9012552898788,1.73472347597681e-18,1.21175802402855e-19,4.29903054330317e-19,0,0,0,-0.0111572556086814,0.000921888631614494,-0.00114164067691532,-0.000838431457235701,-0.0106889945710182,-0.0125858989726805,1.91264570636007e-12,3.87038509561414e-09,8.60468431164093e-12,7.92219600992693e-20,5.63785129692462e-18,3.09753611941079e-14
NC_k0010,0.0144736842105263,0.0144736842105263,0.414158520790075,-61.1825991813326,75.4192184671811,-45.0570241529155,50.6369800774777,60.3885776179397,-72.7763612796044,42.1110933840916,-55.4839618479365,1,1280,3.22882254012411,8.27812549699552,3.79729285224942,-1.59249660779797,8.16268445912228e-19,4.68330472237313e-18,0,1.2770939575657e-18,-0.00151607034073741,-0.0011599606388753,1,1.72554779371182e-20,3.81435076966199e-19,1,-0.0111572556086814,-0.00114164067691532,-0.00114164067691532,0.000921888631614494,-0.000838431457235695,-0.0125858989726805,-0.0125858989726805,-0.0106889945710182,1,0,0,1,-0.0111572216171739,-0.00114166297458479,-0.00114166297458479,0.000921804662729099,-0.000838507698818357,-0.0125861447910198,-0.0125861447910198,-0.0106889746156954,-11.022371465529,-8.26503244645648,5.93679463316941,1.70070776980303,5.93679463316941,1.70070776980303,-47.6969640545225,-11.8986972939692,1.95156391047391e-18,3.29164518669454e-19,-1.21423953737589e-18,0,0,0,-0.0111572556086814,0.000921888631614494,-0.00114164067691532,-0.000838431457235701,-0.0106889945710182,-0.0125858989726805,2.61943213429525e-12,3.53231814605875e-09,1.46456938487435e-12,3.81435076966199e-19,8.67361737988404e-18,1.89657522540852e-13
NC_k0011,-0.0167763157894737,-0.0167763157894737,0.21474420739725,23.8189889108006,-1.31532143656017,31.2713978625172,-13.9511831178711,-19.3101415147188,4.88745467171181,-32.4048100341332,12.9377690911473,1,1280,3.72020472961836,5.51868776867999,3.04883452443847,-0.551468169729499,-1.09996492623831e-18,9.78111295841903e-19,0,-1.55434847160349e-18,0.00175744948727004,0.00153040604854425,1,-9.4400342179583e-20,-4.23550188856745e-19,1,0.0111562507800311,0.00372247299024298,0.00372247299024298,0.0067667441851801,0.0090391613447924,0.00737137484334535,0.00737137484334535,0.00893581734392581,1,0,0,1,0.0111562731042053,0.00372254569479357,0.00372254569479357,0.0067668093756297,0.00903920472440833,0.00737151881551025,0.00737151881551025,0.0089358617327605,7.07460433170368,14.177030768558,2.82860098142508,1.49490141376445,2.82860098142508,1.49490141376445,28.0974289584908,3.74217511900303,1.95156391047391e-18,-2.43288898466802e-19,-4.64137878345824e-19,0,0,0,0.0111562507800311,0.0067667441851801,0.00372247299024298,0.0090391613447924,0.00893581734392581,0.00737137484334534,2.69349429704314e-12,4.23637527725311e-09,6.81811139632864e-12,4.23550188856745e-19,4.33680868994202e-18,9.84880983540795e-14
NC_k0011,-0.0105263157894737,-0.0105263157894737,0.215059251933435,24.6764675500361,-3.41117748088092,29.6327396342653,-11.7593502505807,-21.1322999392536,6.21707938290017,-29.7708868257234,11.5477001313375,1,1280,2.3991836645595,3.54045042672692,1.9600792501245,-0.351322773546256,-8.37371477699681e-19,1.75064504840723e-18,0,-7.48982266164715e-19,0.00175646504614357,0.00153005216308132,1,-1.57843404711742e-20,-1.82684612363606e-19,1,0.0111562507800311,0.00372247299024298,0.00372247299024298,0.0067667441851801,0.0090391613447924,0.00737137484334535,0.00737137484334535,0.00893581734392581,1,0,0,1,0.0111562731042053,0.00372254569479357,0.00372254569479357,0.0067668093756297,0.00903920472440833,0.00737151881551025,0.00737151881551025,0.0089358617327605,7.09032906355799,14.1856649562823,2.8392623014143,1.50644080521813,2.8392623014143,1.50644080521813,28.0730856044175,3.77605719292259,1.73472347597681e-18,-5.3084791792391e-19,4.73392240118685e-19,0,0,0,0.0111562507800311,0.0067667441851801,0.00372247299024298,0.0090391613447924,0.00893581734392581,0.00737137484334534,1.55359707921026e-12,3.51218297927269e-09,2.80894271368686e-12,1.82684612363606e-19,4.33680868994202e-18,9.30523557529274e-14
NC_k0011,-0.00427631578947369,-0.00427631578947369,0.21535395258486,25.9746893147697,-5.88723676240862,28.0355149622442,-9.35990829224022,-23.4982870630272,7.82349791707525,-27.0899621937846,10.0356795989819,1,1280,0.986563897062058,1.4512596989897,0.804481786697068,-0.144023970142467,-1.41235464765264e-18,-5.56053307070807e-18,0,-1.12450902937399e-18,0.00175606005703223,0.00152994050811103,1,-1.05591507301821e-19,-3.67450669870311e-19,1,0.0111562507800311,0.00372247299024298,0.00372247299024298,0.0067667441851801,0.0090391613447924,0.00737137484334535,0.00737137484334535,0.00893581734392581,1,0,0,1,0.0111562731042053,0.00372254569479357,0.00372254569479357,0.0067668093756297,0.00903920472440833,0.00737151881551025,0.00737151881551025,0.0089358617327605,7.10686693105386,14.1980468760019,2.84451212349556,1.51135328302953,2.84451212349556,1.51135328302953,28.0750452502712,3.7993246261374,2.00577401909818e-18,-3.86496143489588e-20,1.27532196810554e-20,0,0,0,0.0111562507800311,0.0067667441851801,0.00372247299024298,0.0090391613447924,0.00893581734392581,0.00737137484334534,7.74907541981806e-12,2.37321334140815e-09,4.18848750045837e-12,3.67450669870311e-19,4.33680868994202e-18,1.00142495619372e-13
NC_k0011,0.00197368421052631,0.00197368421052631,0.215405971611126,27.4626415302264,-8.43761328474437,26.5085073314939,-6.82936059788555,-26.1050046599479,9.45279688505934,-24.4417940391435,8.42891853901699,1,1280,-0.456125899906484,-0.670594124431154,-0.37181760803145,0.0665834695526418,-1.03745323298646e-18,4.3598771028649e-18,0,-2.21293974915086e-19,0.00175600616451227,0.00152992843899081,1,1.60067643076415e-19,-1.72224163933768e-19,1,0.0111562507800311,0.00372247299024298,0.00372247299024298,0.0067667441851801,0.0090391613447924,0.00737137484334535,0.00737137484334535,0.00893581734392581,1,0,0,1,0.0111562731042053,0.00372254569479357,0.00372254569479357,0.0067668093756297,0.00903920472440833,0.00737151881551025,0.00737151881551025,0.0089358617327605,7.10987064096257,14.2003938922301,2.84526987308777,1.5120195786785,2.84526987308777,1.5120195786785,28.0761554381114,3.80318747616718,1.73472347597681e-18,-8.28633502411974e-19,2.07533143173161e-20,0,0,0,0.0111562507800311,0.0067667441851801,0.00372247299024298,0.0090391613447924,0.00893581734392581,0.00737137484334534,2.02823390171067e-11,2.87335654199233e-09,1.00813220200068e-12,1.72224163933768e-19,5.20417042793042e-18,1.13905518313628e-13
NC_k0011,0.00822368421052631,0.00822368421052631,0.215188054110697,29.0383952490137,-10.8962902333208,25.1207641155798,-4.29897424897429,-28.7851728274378,11.0036511009955,-21.9602233001972,6.79406199824891,1,1280,-1.88547837513735,-2.77827950049318,-1.53904009895808,0.275616596342732,-5.72766325911318e-19,-1.97704107334054e-18,0,-1.80599335755438e-18,0.00175626366798865,0.00152999284021558,1,1.42155290540533e-20,8.23954252211289e-20,1,0.0111562507800311,0.00372247299024298,0.00372247299024298,0.0067667441851801,0.0090391613447924,0.00737137484334535,0.00737137484334535,0.0089358173439258,1,0,0,1,0.0111562731042053,0.00372254569479357,0.00372254569479357,0.0067668093756297,0.00903920472440833,0.00737151881551025,0.00737151881551025,0.0089358617327605,7.0974346051969,14.1908715292699,2.84179269015805,1.50887808494997,2.84179269015805,1.50887808494997,28.0728628818472,3.7865590540529,1.84314369322536e-18,-3.2949291670897e-19,-1.33336412415756e-19,0,0,0,0.0111562507800311,0.0067667441851801,0.00372247299024298,0.0090391613447924,0.00893581734392581,0.00737137484334534,4.43678892162264e-12,4.45936652350416e-09,9.03073071429237e-12,8.23954252211289e-20,5.20417042793042e-18,2.350068129045e-13
NC_k0011,0.0144736842105263,0.0144736842105263,0.214833377177527,30.6632977495625,-13.1714679134376,24.0593485542944,-2.0176636640945,-31.4438363911391,12.4403288245885,-19.8932961398589,5.32119595746983,1,1280,-3.24962630048485,-4.81062683952425,-2.65988353620304,0.478689861744712,1.39032517357913e-19,-3.05539673325652e-18,0,-2.01961109638497e-19,0.0017570006850436,0.00153023453365535,1,1.3808011793086e-20,-2.21705937030963e-19,1,0.0111562507800311,0.00372247299024298,0.00372247299024298,0.0067667441851801,0.0090391613447924,0.00737137484334534,0.00737137484334534,0.00893581734392581,1,0,0,1,0.0111562731042053,0.00372254569479357,0.00372254569479357,0.0067668093756297,0.00903920472440833,0.00737151881551025,0.00737151881551025,0.0089358617327605,7.07858048311482,14.1780770522828,2.83312227044983,1.50004883674606,2.83312227044983,1.50004883674606,28.0821100230484,3.75476870867365,1.51788304147971e-18,3.61239153000165e-19,7.19568393090238e-20,0,0,0,0.0111562507800311,0.0067667441851801,0.00372247299024298,0.0090391613447924,0.00893581734392581,0.00737137484334534,3.48929245893716e-12,3.3632170645524e-09,3.86312364472091e-12,2.21705937030963e-19,5.20417042793042e-18,1.00514352623686e-13
NC_k0012,-0.0167763157894737,-0.0167763157894737,0.34139615020225,-89.6193166434216,-57.4945825873958,-100.116262348879,-64.1917287852566,82.1232819496185,62.6566693280845,104.98203159559,59.4083509704606,1,1280,-6.07891832881272,0.583211995847719,-1.81358308987841,0.536894375602152,-3.16256956214134e-18,7.61734082487832e-20,0,2.97163725161001e-18,-0.00157105721147268,0.000559840488786916,1,1.2481656747938e-19,-1.44697325012928e-19,1,-0.0152431504266709,-0.00930541602570423,-0.00930541602570423,-0.00271181015510361,0.0020331333037314,0.00312048212099629,0.00312048212099629,0.0077350270615511,1,0,0,1,-0.015243133073839,-0.00930559777211097,-0.00930559777211097,-0.00271191517864152,0.00203318499305728,0.00312054306791271,0.00312054306791271,0.00773502306832075,-17.049382713549,-28.6396164612222,-8.36596934117482,9.71385441845028,-8.36596934117482,9.71385441845028,4.6023866415012,9.98462043186095,1.89396567006062e-18,-3.44117248542988e-20,-6.38244588223721e-19,0,0,0,-0.0152431504266709,-0.00271181015510362,-0.00930541602570422,0.0020331333037314,0.0077350270615511,0.00312048212099628,1.58936250281635e-12,7.07470874128664e-09,1.54280152781328e-11,1.44697325012928e-19,5.20417042793042e-18,2.08291114838625e-13
NC_k0012,-0.0105263157894737,-0.0105263157894737,0.341446441732553,-91.4428692713155,-58.578587431087,-98.1105300769482,-62.834665797049,86.1167193205219,62.0420581638542,100.785448018934,59.7432988186566,1,1280,-3.85199822169493,0.314186319635725,-1.16747792767956,0.339334770128698,2.54479137601734e-18,-2.00985698260174e-18,0,-2.000569398684e-19,-0.00157026576057028,0.000559726035918727,1,1.20436669529606e-19,-9.74555689177381e-20,1,-0.0152431504266709,-0.00930541602570422,-0.00930541602570422,-0.00271181015510362,0.0020331333037314,0.00312048212099629,0.00312048212099629,0.0077350270615511,1,0,0,1,-0.015243133073839,-0.00930559777211097,-0.00930559777211097,-0.00271191517864152,0.00203318499305728,0.00312054306791271,0.00312054306791271,0.00773502306832075,-17.0547367125172,-28.6495835285747,-8.33270828338893,9.64964728778694,-8.33270828338893,9.64964728778694,4.64191410750584,9.99379957465708,2.60208521396521e-18,1.7148842752053e-19,-4.52478797684227e-19,0,0,0,-0.0152431504266709,-0.00271181015510362,-0.00930541602570422,0.0020331333037314,0.0077350270615511,0.00312048212099628,2.21138255454324e-12,3.63776517567019e-09,1.71612510747945e-12,1.20436669529606e-19,5.20417042793042e-18,3.2515290509156e-16
NC_k0012,-0.00427631578947369,-0.00427631578947369,0.341562616777602,-93.4320134558748,-59.7620375770352,-96.1469022543997,-61.4986588167478,90.4506253747415,61.3100476159079,96.4652041262639,60.3203367035654,1,1280,-1.5688326598925,0.115536923817827,-0.479587592904648,0.138224691387318,3.56042358444465e-18,-1.69109466174831e-18,0,2.73648055680915e-18,-0.0015698138835445,0.000559544343838826,1,5.11929950182403e-20,-1.14476979326752e-19,1,-0.0152431504266709,-0.00930541602570423,-0.00930541602570423,-0.00271181015510361,0.0020331333037314,0.00312048212099629,0.00312048212099629,0.0077350270615511,1,0,0,1,-0.015243133073839,-0.00930559777211097,-0.00930559777211097,-0.00271191517864152,0.00203318499305728,0.00312054306791271,0.00312054306791271,0.00773502306832075,-17.0637697155288,-28.66531750517,-8.31391713284928,9.61544131584668,-8.31391713284928,9.61544131584668,4.6609034649424,9.99892268529863,2.81892564846231e-18,7.64345415339848e-19,1.2210607580457e-19,0,0,0,-0.0152431504266709,-0.00271181015510362,-0.00930541602570422,0.0020331333037314,0.0077350270615511,0.00312048212099628,7.18747938024342e-12,2.49545400592733e-09,1.06894462203043e-11,1.14476979326752e-19,5.20417042793042e-18,6.82588854046313e-15
NC_k0012,0.00197368421052631,0.00197368421052631,0.3415832434704,-95.4208454549598,-61.0184286187895,-94.1675960985714,-60.2166152744444,94.8515476416584,60.5719139294322,92.0721174125883,61.0324501530199,1,1280,0.724261848989874,-0.0524656249632572,0.221692753928794,-0.0638421980791013,2.93905212573971e-18,1.20788221767443e-18,0,-9.61015126941657e-19,-0.0015697434576789,0.00055950886019852,1,1.15052903193565e-19,-2.04930172887562e-20,1,-0.0152431504266709,-0.00930541602570423,-0.00930541602570423,-0.00271181015510361,0.0020331333037314,0.00312048212099629,0.00312048212099629,0.0077350270615511,1,0,0,1,-0.015243133073839,-0.00930559777211097,-0.00930559777211097,-0.00271191517864152,0.00203318499305728,0.00312054306791271,0.00312054306791271,0.00773502306832075,-17.0653742766538,-28.6682529522356,-8.31088780597867,9.61010243560373,-8.31088780597867,9.61010243560373,4.66364215769678,9.99958764294207,2.60208521396521e-18,-6.77820305922236e-19,3.40294088320879e-19,0,0,0,-0.0152431504266709,-0.00271181015510362,-0.00930541602570422,0.0020331333037314,0.0077350270615511,0.00312048212099628,8.79472330078643e-12,3.59369921279556e-09,8.38813342321612e-12,1.15052903193565e-19,5.20417042793042e-18,6.5492070743615e-14
NC_k0012,0.00822368421052631,0.00822368421052631,0.341496937893868,-97.3871090424566,-62.3384888106724,-92.1706839561642,-59.006363091503,99.2064529585811,59.9345743758528,87.6941809208811,61.7814451003535,1,1280,3.01365910893343,-0.234670586701476,0.917066212336534,-0.265491178591875,3.62446721619095e-18,-3.45960019394178e-19,0,3.76381189083253e-19,-0.00157005519490251,0.000559650975330567,1,-9.28457622573872e-22,-1.11198586315171e-20,1,-0.0152431504266709,-0.00930541602570423,-0.00930541602570423,-0.00271181015510361,0.0020331333037314,0.00312048212099629,0.00312048212099629,0.00773502706155109,1,0,0,1,-0.015243133073839,-0.00930559777211097,-0.00930559777211097,-0.00271191517864152,0.00203318499305728,0.00312054306791271,0.00312054306791271,0.00773502306832075,-17.0586436763024,-28.6562906358088,-8.32407689051784,9.63369001437348,-8.32407689051784,9.63369001437348,4.65109022826127,9.99634437367852,2.16840434497101e-18,4.86086392488279e-19,-1.88326690828028e-20,0,0,0,-0.0152431504266709,-0.00271181015510362,-0.00930541602570422,0.0020331333037314,0.0077350270615511,0.00312048212099628,2.84332501342264e-12,2.03036356647338e-09,2.44855381302973e-12,1.11198586315171e-20,5.20417042793042e-18,5.42925058877169e-14
NC_k0012,0.0144736842105263,0.0144736842105263,0.341378160025343,-99.3648483552084,-63.6904610621149,-90.2503306998866,-57.8761146625843,103.451658582761,59.4948795911836,83.5254419709709,62.4482709563486,1,1280,5.27128758111017,-0.474348066208546,1.58299003991756,-0.464784162140522,1.93684671301536e-18,-1.11801731592667e-18,0,-2.13293070440167e-18,-0.00157073706664136,0.000559830417590142,1,7.4640343159933e-20,-1.36230110756959e-19,1,-0.0152431504266709,-0.00930541602570422,-0.00930541602570422,-0.00271181015510361,0.0020331333037314,0.00312048212099629,0.00312048212099629,0.00773502706155109,1,0,0,1,-0.015243133073839,-0.00930559777211097,-0.00930559777211097,-0.00271191517864152,0.00203318499305728,0.00312054306791271,0.00312054306791271,0.00773502306832075,-17.0490977387609,-28.6399148473294,-8.35196282430326,9.68646321597678,-8.35196282430326,9.68646321597678,4.61940055919159,9.98792356356521,1.73472347597681e-18,1.18514818209268e-19,2.98431825464874e-19,0,0,0,-0.0152431504266709,-0.00271181015510362,-0.00930541602570422,0.0020331333037314,0.0077350270615511,0.00312048212099628,1.40877530448619e-12,3.39174495734883e-09,2.79396818875324e-12,1.36230110756959e-19,3.46944695195361e-18,3.93513709165434e-14
NC_k0013,-0.0167763157894737,-0.0167763157894737,0.576459317192078,48.6947253796775,-96.2206270985698,52.6902970179644,-115.109371908368,-41.8349406593955,105.8474772287,-60.3837155600578,106.811430479729,1,1280,-1.84309278781981,-7.72128797910584,-3.15624565308546,-2.34948962118074,-4.40559702968193e-19,8.43395337792537e-18,0,-3.8857834978638e-18,0.000131651481102348,0.000549936783727862,1,1.85059711089279e-21,6.8453549772574e-19,1,0.00498912622183263,-0.00272241580136071,-0.00272241580136071,0.00271310382184267,-0.00664467839056453,-0.0146387790942166,-0.0146387790942166,0.0100940841642874,1,0,-5.42101086242752e-20,1,0.00498913391271457,-0.00272246897354433,-0.00272246897354433,0.00271313373950586,-0.00664458823692468,-0.0146390650078708,-0.0146390650078708,0.0100940108534492,7.57538494825217,-3.12461697122753,-13.2066752820016,-8.7960115292088,-13.2066752820016,-8.7960115292088,-48.1253263131237,17.1897717088435,2.60208521396521e-18,-2.94028834145893e-19,-4.49210221863444e-19,0,0,0,0.00498912622183263,0.00271310382184266,-0.00272241580136071,-0.00664467839056453,0.0100940841642874,-0.0146387790942166,5.68707464205464e-13,3.50534624328785e-09,4.13945233252869e-12,6.8453549772574e-19,5.20417042793042e-18,7.80003569312363e-14
NC_k0013,-0.0105263157894737,-0.0105263157894737,0.574921841943188,49.5802084768547,-98.2634131695522,51.3757999371185,-110.446499150247,-44.9115588278247,105.071555625026,-56.8765883011722,104.955465371861,1,1280,-1.22133648166035,-4.94779209523232,-2.03581243037458,-1.46656985284551,4.49080821330347e-18,-2.70161820271249e-18,0,-6.33961147627991e-18,0.000132451026961596,0.000548900767261902,1,1.81596267051527e-20,4.25931371102309e-19,1,0.00498912622183263,-0.00272241580136071,-0.00272241580136071,0.00271310382184267,-0.00664467839056453,-0.0146387790942166,-0.0146387790942166,0.0100940841642874,1,0,-5.42101086242752e-20,1,0.00498913391271457,-0.00272246897354433,-0.00272246897354433,0.00271313373950586,-0.00664458823692468,-0.0146390650078708,-0.0146390650078708,0.0100940108534492,7.53713943933916,-3.17506860028728,-13.1410128860037,-8.73617171549586,-13.1410128860037,-8.73617171549586,-48.0788502650537,17.0894716783238,4.33680868994202e-18,-4.24379226763687e-19,-1.52857895239613e-18,0,0,0,0.00498912622183263,0.00271310382184266,-0.00272241580136071,-0.00664467839056453,0.0100940841642874,-0.0146387790942166,5.05500308366961e-13,3.40198125464391e-09,4.35005580980496e-12,4.25931371102309e-19,1.38777878078145e-17,1.36334610759633e-13
NC_k0013,-0.00427631578947369,-0.00427631578947369,0.574259145503684,50.0141901381276,-101.065621258546,50.5841495787826,-106.087509528986,-48.2505608568874,104.335413940404,-53.1803896578989,104.129211344918,1,1280,-0.50787547799,-2.02444571027686,-0.835665992128062,-0.592350666059756,4.09453079724769e-18,6.79312813636313e-18,0,-7.35945899710879e-18,0.000132696771044044,0.000548306161443741,1,2.01326285246802e-20,4.7169538976858e-19,1,0.00498912622183263,-0.00272241580136071,-0.00272241580136071,0.00271310382184266,-0.00664467839056453,-0.0146387790942166,-0.0146387790942166,0.0100940841642874,1,0,-5.42101086242752e-20,1,0.00498913391271457,-0.00272246897354433,-0.00272246897354433,0.00271313373950586,-0.00664458823692468,-0.0146390650078708,-0.0146390650078708,0.0100940108534492,7.51286747429415,-3.20052595251732,-13.106434446662,-8.70216661689075,-13.106434446662,-8.70216661689075,-48.0752866285894,17.0407301270273,3.46944695195361e-18,-7.81996977513271e-20,-1.20941642919386e-18,0,0,0,0.00498912622183263,0.00271310382184266,-0.00272241580136071,-0.00664467839056453,0.0100940841642874,-0.0146387790942166,2.20591793179847e-12,2.33286912150564e-09,3.20162673368983e-12,4.7169538976858e-19,1.04083408558608e-17,5.6259426200788e-14
NC_k0013,0.00197368421052631,0.00197368421052631,0.574162976944923,50.392864178215,-104.611801184483,50.1410881083163,-102.289283446233,-51.823247830467,104.052688375251,-49.5432518822355,104.158833436112,1,1280,0.235193735241656,0.935096382916019,0.386195738992041,0.273048757548415,-1.91090136592203e-18,-3.60682510808642e-18,0,-6.4750838082814e-18,0.000132723428753727,0.000548213895226111,1,1.05319056103347e-19,3.81738082226304e-20,1,0.00498912622183263,-0.00272241580136071,-0.00272241580136071,0.00271310382184267,-0.00664467839056453,-0.0146387790942166,-0.0146387790942166,0.0100940841642874,1,0,-5.42101086242752e-20,1,0.00498913391271457,-0.00272246897354433,-0.00272246897354433,0.00271313373950586,-0.00664458823692468,-0.0146390650078708,-0.0146390650078708,0.0100940108534492,7.50878151918783,-3.20430587580088,-13.1010433286918,-8.69674248341788,-13.1010433286918,-8.69674248341788,-48.0757873037186,17.033360763197,3.46944695195361e-18,-4.18043142195357e-19,-6.46436591996814e-19,0,0,0,0.00498912622183263,0.00271310382184266,-0.00272241580136071,-0.00664467839056453,0.0100940841642874,-0.0146387790942166,5.65110573289742e-12,3.41887822424255e-09,4.63491724664342e-12,1.05319056103347e-19,8.67361737988404e-18,3.01647439483264e-14
NC_k0013,0.00822368421052631,0.00822368421052631,0.574602763929032,51.0305800589299,-108.789936147847,49.7709437881189,-99.2069534939625,-55.5221595253563,104.538902665223,-46.1122167553417,104.773046331729,1,1280,0.965152935194076,3.87971227660706,1.59880551989434,1.14297075543064,7.99595793485609e-19,-5.1562634355738e-19,0,2.61823177952225e-18,0.000132582566350872,0.000548623758550778,1,2.18744330730558e-20,4.84245290900555e-21,1,0.00498912622183263,-0.00272241580136071,-0.00272241580136071,0.00271310382184266,-0.00664467839056453,-0.0146387790942166,-0.0146387790942166,0.0100940841642874,1,0,-5.42101086242752e-20,1,0.00498913391271457,-0.00272246897354433,-0.00272246897354433,0.00271313373950586,-0.00664458823692468,-0.0146390650078708,-0.0146390650078708,0.0100940108534492,7.52624540776104,-3.18721288628611,-13.1248811197788,-8.72050098257821,-13.1248811197788,-8.72050098257821,-48.0757037184001,17.0664076538475,3.03576608295941e-18,-3.09582248357531e-19,-3.51595190605024e-19,0,0,0,0.00498912622183263,0.00271310382184266,-0.00272241580136071,-0.00664467839056453,0.0100940841642874,-0.0146387790942166,2.10019409724238e-12,3.90999964681573e-09,3.66336640628614e-12,2.18744330730558e-20,8.67361737988404e-18,2.99484408394097e-14
NC_k0013,0.0144736842105263,0.0144736842105263,0.575744839590646,52.1385867684285,-113.374927169873,49.0956791640925,-96.8847627567879,-59.1316991228251,106.001785629448,-42.935191334063,105.582722729387,1,1280,1.63011914969822,6.73002292544016,2.75884688479583,2.0245449018878,2.53591572804464e-18,-1.00961364229037e-18,0,-7.83393641391411e-18,0.000132043371360975,0.000549517680713087,1,3.66346841192358e-20,4.81587932684112e-19,1,0.00498912622183263,-0.00272241580136071,-0.00272241580136071,0.00271310382184266,-0.00664467839056453,-0.0146387790942166,-0.0146387790942166,0.0100940841642874,1,0,-5.42101086242752e-20,1,0.00498913391271457,-0.00272246897354433,-0.00272246897354433,0.00271313373950586,-0.00664458823692468,-0.0146390650078708,-0.0146390650078708,0.0100940108534492,7.55987792026258,-3.14607265773914,-13.1784168281106,-8.77102845522189,-13.1784168281106,-8.77102845522189,-48.098087323872,17.1453288968131,3.46944695195361e-18,2.55324348340062e-19,-6.74350781216916e-20,0,0,0,0.00498912622183263,0.00271310382184266,-0.00272241580136071,-0.00664467839056453,0.0100940841642874,-0.0146387790942166,2.17325829175466e-12,3.38631747700065e-09,3.73039162962015e-12,4.81587932684112e-19,8.67361737988404e-18,1.85119176126345e-14
NC_k0014,-0.0167763157894737,-0.0167763157894737,0.70333524484747,-34.452289133387,-65.4648951826271,-36.8893448817453,-80.6820940972535,32.0900637877266,74.4667891175279,40.9858220296882,69.8977184309191,1,1280,-9.00330656653265,2.95805513378837,-1.99493297280567,-0.516303644370252,1.09927009452377e-18,4.38690274783823e-19,0,2.76724009506755e-18,0.000907114109088619,-0.000532875476230801,1,-1.86863157909762e-21,-3.38793700641323e-19,1,0.00217222537146128,-0.0159947279836309,-0.0159947279836309,0.00794436627928003,-0.00445976827374019,0.00696433063739491,0.00696433063739491,0.00281881602866442,1,0,0,1,0.00217227825445314,-0.0159950403806619,-0.0159950403806619,0.00794436279370833,-0.00445973674000884,0.00696446665947767,0.00696446665947767,0.00281877648247094,-4.23068935510245,-51.9057610218601,-13.545392944938,8.25179198552034,-13.545392944938,8.25179198552034,22.598833051041,9.99305185063897,2.60208521396521e-18,-1.44872403448591e-18,6.13402319024614e-20,0,0,0,0.00217222537146128,0.00794436627928002,-0.0159947279836309,-0.00445976827374019,0.00281881602866443,0.00696433063739491,1.10764497717571e-12,6.02910062334178e-09,8.23285095430426e-13,3.38793700641323e-19,7.37257477290143e-18,5.82470875855975e-14
NC_k0014,-0.0105263157894737,-0.0105263157894737,0.701090811108173,-35.8419075263813,-68.3452378864682,-37.5279908752001,-78.2514458164273,34.6969540747234,74.1217705693708,40.3731212252962,70.7160295392874,1,1280,-5.72599845239546,1.827060853084,-1.28664940777274,-0.32041825275452,-1.43537673846122e-18,-5.16127615008587e-19,0,4.06719247800281e-18,0.000905875640565655,-0.000531495267399104,1,-9.07572528446626e-20,-2.90487064763166e-19,1,0.00217222537146129,-0.0159947279836309,-0.0159947279836309,0.00794436627928003,-0.00445976827374019,0.00696433063739491,0.00696433063739491,0.00281881602866443,1,0,0,1,0.00217227825445314,-0.0159950403806619,-0.0159950403806619,0.00794436279370833,-0.00445973674000884,0.00696446665947767,0.00696446665947767,0.00281877648247094,-4.25580141315213,-51.8322807039588,-13.4538780416716,8.18286748392308,-13.4538780416716,8.18286748392308,22.5492588567892,9.9879749409062,4.33680868994202e-18,-1.62615702424975e-18,-3.78360298721685e-19,0,0,0,0.00217222537146128,0.00794436627928002,-0.0159947279836309,-0.00445976827374019,0.00281881602866443,0.00696433063739491,2.28140616969333e-12,2.99204240884435e-09,1.69937687219751e-11,2.90487064763166e-19,1.38777878078145e-17,4.82987392140312e-14
NC_k0014,-0.00427631578947369,-0.00427631578947369,0.700069210784411,-36.9468960407681,-71.3740087973516,-37.6640405385146,-75.4693648851832,36.9901636458079,73.2993144709736,39.3054953910298,71.796918888992,1,1280,-2.33523780497774,0.733537134303471,-0.528561221322523,-0.128951118672504,5.77272805888507e-19,-3.78378220216867e-18,0,-2.36881366378036e-19,0.000905311551895194,-0.000530964111035477,1,1.75542057715887e-19,-1.49253480871549e-19,1,0.00217222537146128,-0.0159947279836309,-0.0159947279836309,0.00794436627928003,-0.00445976827374019,0.00696433063739491,0.00696433063739491,0.00281881602866443,1,0,0,1,0.00217227825445314,-0.0159950403806619,-0.0159950403806619,0.00794436279370833,-0.00445973674000884,0.00696446665947767,0.00696446665947767,0.00281877648247094,-4.26510267012443,-51.8155319971676,-13.4025367078106,8.14474308779113,-13.4025367078106,8.14474308779113,22.5328649357102,9.98003439959803,1.73472347597681e-18,-6.61021606808804e-19,1.36704303231387e-19,0,0,0,0.00217222537146128,0.00794436627928002,-0.0159947279836309,-0.00445976827374019,0.00281881602866443,0.00696433063739491,5.95570431603938e-12,1.80333678081918e-09,1.54954429861032e-11,1.75542057715887e-19,3.46944695195361e-18,1.04984997337383e-13
NC_k0014,0.00197368421052631,0.00197368421052631,0.699919266496068,-37.5723469728499,-74.3871133647119,-37.2391769588304,-72.4923076354813,38.7812109954714,72.2163949986036,37.7121531379423,72.9180519260139,1,1280,1.07822624259528,-0.337867538713795,0.244318372280876,0.0593841381324857,-3.79941922446837e-18,-1.2822159762409e-18,0,8.74502788216574e-18,0.00090523140856978,-0.000530895336851261,1,4.35131409710577e-19,-8.94993437958224e-20,1,0.00217222537146128,-0.0159947279836309,-0.0159947279836309,0.00794436627928003,-0.00445976827374019,0.00696433063739491,0.00696433063739491,0.00281881602866443,1,0,0,1,0.00217227825445314,-0.0159950403806619,-0.0159950403806619,0.00794436279370833,-0.00445973674000884,0.00696446665947767,0.00696446665947767,0.00281877648247094,-4.26621566815928,-51.8141324877987,-13.3943814252398,8.13872951950303,-13.3943814252398,8.13872951950303,22.5308781261919,9.9783374666791,3.46944695195361e-18,-8.15839329073344e-19,1.36088063845632e-19,0,0,0,0.00217222537146128,0.00794436627928002,-0.0159947279836309,-0.00445976827374019,0.00281881602866443,0.00696433063739491,9.49324025489661e-12,3.44382938107321e-09,1.36263435870536e-11,4.35131409710577e-19,1.04083408558608e-17,8.08970076496688e-15
NC_k0014,0.00822368421052631,0.00822368421052631,0.700602322289688,-37.6420778258122,-77.2595737334821,-36.2954249276813,-69.4555441418355,40.0384084932675,71.096590192223,35.5936533109089,73.8641961208414,1,1280,4.4828940702471,-1.41993609596609,1.01077613151267,0.249292428906489,-2.7002219218385e-18,-4.70202547399643e-19,0,-1.78312015925606e-19,0.000905602883216908,-0.000531228212967917,1,4.37321448097055e-20,7.9185963491369e-20,1,0.00217222537146128,-0.0159947279836309,-0.0159947279836309,0.00794436627928002,-0.00445976827374019,0.00696433063739491,0.00696433063739491,0.00281881602866442,1,0,0,1,0.00217227825445314,-0.0159950403806619,-0.0159950403806619,0.00794436279370833,-0.00445973674000884,0.00696446665947767,0.00696446665947767,0.00281877648247094,-4.26058454243608,-51.8228578682794,-13.4301655371103,8.16518952790916,-13.4301655371103,8.16518952790916,22.5408473666978,9.98488640568123,3.46944695195361e-18,-8.10177791118198e-19,2.19074728996151e-19,0,0,0,0.00217222537146128,0.00794436627928002,-0.0159947279836309,-0.00445976827374019,0.00281881602866443,0.00696433063739491,9.54039194233406e-13,1.91847634969635e-09,1.93670107217502e-11,7.9185963491369e-20,1.04083408558608e-17,8.63644794158308e-14
NC_k0014,0.0144736842105263,0.0144736842105263,0.702315685791534,-37.1709693365954,-79.8357546884313,-34.9764677619438,-66.4914914854803,40.8049882090844,70.1512582089507,33.0644640793262,74.4026190774145,1,1280,7.82070989815363,-2.53823283534103,1.74321743072808,0.443896748075036,-4.77261375874926e-18,3.33231695000457e-18,0,-1.01379586746744e-18,0.000906561010128211,-0.000532229816325402,1,-1.09821623964376e-19,-1.65726171693736e-19,1,0.00217222537146128,-0.0159947279836309,-0.0159947279836309,0.00794436627928002,-0.00445976827374019,0.00696433063739491,0.00696433063739491,0.00281881602866442,1,0,0,1,0.00217227825445314,-0.0159950403806619,-0.0159950403806619,0.00794436279370833,-0.00445973674000884,0.00696446665947767,0.00696446665947767,0.00281877648247094,-4.24235167383786,-51.8666686197199,-13.5070769813221,8.22288291800479,-13.5070769813221,8.22288291800479,22.5743381963121,9.99191815101988,1.73472347597681e-18,-7.76622956510976e-21,2.84345738733068e-19,0,0,0,0.00217222537146128,0.00794436627928002,-0.0159947279836309,-0.00445976827374019,0.00281881602866443,0.00696433063739491,1.76665592724735e-12,2.77333194408637e-09,4.25719310492017e-12,1.65726171693736e-19,3.46944695195361e-18,2.40282116941233e-14
NC_k0015,-0.0167763157894737,-0.0167763157894737,0.47963809783922,102.345453843401,19.1884206656129,92.8652279093071,19.6458002656356,-91.4735722444301,-17.3805077505704,-103.998053534865,-21.9987141865594,1,1280,-6.54558200215873,-6.57239429121659,-4.32893217681368,-1.1110315009437,-9.33648683555953e-19,1.29208920403233e-19,0,5.14291274048719e-19,-5.90592276581883e-05,0.000378339471957403,1,1.10571932910612e-19,3.66174791827543e-19,1,0.00657798911293622,-0.0101065793937027,-0.0101065793937027,-0.00692801170261272,0.0107208255033532,-0.00946792217555798,-0.00946792217555798,0.00141849083238711,1,0,0,1,0.00657792231111927,-0.0101067767878315,-0.0101067767878315,-0.00692794660989045,0.0107208097188,-0.00946810709591297,-0.00946810709591297,0.00141856589094589,14.693458037555,-36.3149594013759,2.08068635721444,-14.5459481717775,2.08068635721444,-14.5459481717775,-27.478800515096,-3.05736058607849,1.30104260698261e-18,-2.0931884507105e-19,-3.86894364372986e-19,0,0,0,0.00657798911293621,-0.00692801170261272,-0.0101065793937027,0.0107208255033532,0.00141849083238711,-0.00946792217555798,8.80962836597156e-13,5.86555191864826e-09,6.86047340024071e-12,3.66174791827543e-19,4.33680868994202e-18,1.2267962151092e-14
NC_k0015,-0.0105263157894737,-0.0105263157894737,0.478584801250489,99.999154979848,19.8126511523365,93.199885358977,20.006055409159,-92.6319711141527,-18.4293903400614,-100.83275763998,-21.9563085361452,1,1280,-4.22794744834996,-4.23020052390803,-2.79118883084519,-0.689233132432066,1.35600379560308e-18,4.90143886734826e-18,0,3.32602706862672e-19,-5.91137300894038e-05,0.000378798747590036,1,1.22258920630976e-19,4.01054387016025e-19,1,0.00657798911293622,-0.0101065793937027,-0.0101065793937027,-0.00692801170261272,0.0107208255033532,-0.00946792217555799,-0.00946792217555799,0.00141849083238711,1,0,0,1,0.00657792231111927,-0.0101067767878315,-0.0101067767878315,-0.00692794660989045,0.0107208097188,-0.00946810709591297,-0.00946810709591297,0.00141856589094589,14.626535409793,-36.2748003443101,2.05928351300767,-14.4732233879599,2.05928351300767,-14.4732233879599,-27.4743181649238,-3.06619221663782,3.46944695195361e-18,-1.67142112510973e-19,-1.64817035044279e-19,0,0,0,0.00657798911293621,-0.00692801170261272,-0.0101065793937027,0.0107208255033532,0.00141849083238711,-0.00946792217555798,2.34757734403869e-12,5.00657426837648e-09,1.45310842327003e-11,4.01054387016025e-19,8.67361737988404e-18,9.51119715684555e-14
NC_k0015,-0.00427631578947369,-0.00427631578947369,0.478148840732625,97.464179575015,20.2465480132798,94.519464531731,20.2962288058837,-94.4218713525381,-19.7763648611223,-97.8294252059192,-21.3450425685123,1,1280,-1.73784424628049,-1.73629974032595,-1.14646751558012,-0.277239228956929,4.32027665821953e-18,-1.01965065184309e-17,0,-4.80476130607552e-19,-5.92716367809912e-05,0.00037892600501459,1,1.89687239405063e-19,1.75076906022876e-19,1,0.00657798911293621,-0.0101065793937027,-0.0101065793937027,-0.00692801170261272,0.0107208255033532,-0.00946792217555798,-0.00946792217555798,0.0014184908323871,1,0,0,1,0.00657792231111927,-0.0101067767878315,-0.0101067767878315,-0.00692794660989045,0.0107208097188,-0.00946810709591297,-0.00946810709591297,0.00141856589094589,14.5910017082242,-36.2705450404276,2.04941171005161,-14.4335027355632,2.04941171005161,-14.4335027355632,-27.4821630714645,-3.07474246480851,2.16840434497101e-18,-1.33131948508204e-19,-6.14777533487149e-20,0,0,0,0.00657798911293621,-0.00692801170261272,-0.0101065793937027,0.0107208255033532,0.00141849083238711,-0.00946792217555798,3.04955384775767e-12,2.85536604555448e-09,4.1987776939943e-12,1.89687239405063e-19,5.20417042793042e-18,1.35832279423824e-14
NC_k0015,0.00197368421052631,0.00197368421052631,0.478086587275662,95.206735759213,20.3438193560951,96.5783656445026,20.323033054745,-96.8154735323813,-20.9904043646214,-95.2376086063306,-20.2569139515497,1,1280,0.803311856883867,0.802472113189549,0.529908710124196,0.127697234469712,3.03275018244604e-18,-5.46147653799362e-19,0,8.74991651958593e-19,-5.9302917953165e-05,0.000378937838844258,1,2.38993908785064e-19,3.55501284950683e-20,1,0.00657798911293621,-0.0101065793937027,-0.0101065793937027,-0.00692801170261272,0.0107208255033532,-0.00946792217555798,-0.00946792217555798,0.00141849083238711,1,0,0,1,0.00657792231111927,-0.0101067767878315,-0.0101067767878315,-0.00692794660989045,0.0107208097188,-0.00946810709591297,-0.00946810709591297,0.00141856589094589,14.5853886646716,-36.270794623423,2.04797990564674,-14.4272286072574,2.04797990564674,-14.4272286072574,-27.483838515735,-3.07630779387611,1.73472347597681e-18,1.4550168652511e-19,-4.31903613444286e-19,0,0,0,0.00657798911293621,-0.00692801170261272,-0.0101065793937027,0.0107208255033532,0.00141849083238711,-0.00946792217555798,6.19106392927278e-12,3.54685620560752e-09,5.670676909497e-12,2.38993908785064e-19,5.20417042793042e-18,2.14805502833765e-14
NC_k0015,0.00822368421052631,0.00822368421052631,0.478373591171357,93.5839900255038,20.1334658691825,99.0611255478958,20.0068188688688,-99.6932866961503,-21.7954969188042,-93.2183997762183,-18.9170529098864,1,1280,3.32237821872215,3.32171438096667,2.19255055789713,0.536198068507691,4.42200498431253e-18,-1.96992401135013e-18,0,7.17734691344911e-19,-5.9177056002209e-05,0.000378870035555351,1,3.3782529790527e-20,-2.3169881575131e-19,1,0.00657798911293622,-0.0101065793937027,-0.0101065793937027,-0.00692801170261272,0.0107208255033532,-0.00946792217555799,-0.00946792217555799,0.0014184908323871,1,0,0,1,0.00657792231111927,-0.0101067767878315,-0.0101067767878315,-0.00692794660989045,0.0107208097188,-0.00946810709591297,-0.00946810709591297,0.00141856589094589,14.6100472701285,-36.2715663763349,2.05452140011337,-14.454812493226,2.05452140011337,-14.454812493226,-27.4773475882384,-3.06983637721501,3.03576608295941e-18,-5.42144826814856e-19,5.45303629286025e-20,0,0,0,0.00657798911293621,-0.00692801170261272,-0.0101065793937027,0.0107208255033532,0.00141849083238711,-0.00946792217555798,3.66014433350665e-12,5.51419721875087e-09,2.88659149915975e-12,2.3169881575131e-19,8.67361737988404e-18,7.62392135185245e-14
NC_k0015,0.0144736842105263,0.0144736842105263,0.479141213946968,92.8606373193247,19.7707883753859,101.532699491733,19.4233938427142,-102.829673936505,-22.047470201397,-91.8254546496902,-17.7002254804737,1,1280,5.72371202301652,5.7376699526134,3.78225605195777,0.955121870549117,-2.4989126305227e-19,-5.69837113926145e-18,0,7.58213601800806e-19,-5.90395301813748e-05,0.000378564400233784,1,4.93467970184202e-20,1.83080509739487e-19,1,0.00657798911293622,-0.0101065793937027,-0.0101065793937027,-0.00692801170261272,0.0107208255033532,-0.00946792217555798,-0.00946792217555798,0.00141849083238711,1,0,0,1,0.00657792231111927,-0.0101067767878315,-0.0101067767878315,-0.00692794660989045,0.0107208097188,-0.00946810709591297,-0.00946810709591297,0.00141856589094589,14.6644938768359,-36.291952952033,2.07121206762039,-14.5150605737444,2.07121206762039,-14.5150605737444,-27.4730269915257,-3.06004506987303,1.73472347597681e-18,-3.89928989696983e-19,-6.66642240218178e-19,0,0,0,0.00657798911293621,-0.00692801170261272,-0.0101065793937027,0.0107208255033532,0.00141849083238711,-0.00946792217555798,1.31990239599372e-12,4.15118514300385e-09,7.04022066742161e-12,1.83080509739487e-19,5.20417042793042e-18,4.33299619322422e-14
NC_k0016,-0.0167763157894737,-0.0167763157894737,0.337838129334366,-117.969645017686,1.81007953189071,-128.474456242363,15.6598937382195,106.680280989373,-2.9292049172163,138.486119657125,-17.4461100777492,1,1280,-5.01377159225816,0.529121416609523,-1.47993455796406,2.04440553104409,-1.310254090284e-19,-3.19542517607195e-18,0,3.92199415635893e-19,-0.000570998776844198,-0.00158014118970529,1,4.67499539641587e-20,-8.29336310565467e-20,1,-0.0115585687257176,-0.00604009263940823,-0.00604009263940823,0.00793210257873352,-0.00816450835296581,0.00422070397820643,0.00422070397820643,-0.00908432605554111,1,0,0,1,-0.0115584824101012,-0.00604021060996759,-0.00604021060996759,0.00793199855576293,-0.00816455495567532,0.00422078641383101,0.004220786413831,-0.00908436367565586,-20.0423561403652,-22.3872427685913,-3.27794264936149,16.0037402324375,-3.27794264936149,16.0037402324375,7.31733385095456,-4.05729194983315,2.16840434497101e-18,1.61661191876712e-19,1.06845564824774e-18,0,0,0,-0.0115585687257176,0.00793210257873352,-0.00604009263940822,-0.00816450835296581,-0.0090843260555411,0.00422070397820643,1.56401545242673e-12,5.77214620196303e-09,1.57209151684315e-11,8.29336310565467e-20,5.20417042793042e-18,2.57313947953201e-13
NC_k0016,-0.0105263157894737,-0.0105263157894737,0.336549239605635,-119.841870498804,3.75289350357024,-126.212606332264,12.6757981603447,112.100754118467,-5.07304273762636,132.635902901757,-14.2641802785884,1,1280,-3.18674435619879,0.306369040079535,-0.950523854319401,1.2831859871792,2.86354046198097e-18,-2.74833529575795e-18,0,-5.16266581351496e-19,-0.00057086251648301,-0.00157900759005613,1,7.62512297590128e-20,-2.44277661090303e-19,1,-0.0115585687257176,-0.00604009263940823,-0.00604009263940823,0.00793210257873352,-0.00816450835296581,0.00422070397820643,0.00422070397820643,-0.00908432605554111,1,0,0,1,-0.0115584824101012,-0.00604021060996759,-0.00604021060996759,0.00793199855576293,-0.00816455495567532,0.00422078641383101,0.004220786413831,-0.00908436367565586,-19.9948748739867,-22.3423446134064,-3.27049582476773,15.8840723589096,-3.27049582476773,15.8840723589096,7.32166280831025,-4.03351823352912,1.73472347597681e-18,-1.04012369667818e-19,8.37828263107539e-19,0,0,0,-0.0115585687257176,0.00793210257873352,-0.00604009263940822,-0.00816450835296581,-0.0090843260555411,0.00422070397820643,2.23238226568246e-12,2.99113489451153e-09,6.73772666166532e-12,2.44277661090303e-19,3.46944695195361e-18,9.23675974604218e-14
NC_k0016,-0.00427631578947369,-0.00427631578947369,0.335939509374176,-121.704978845848,6.09269355219313,-124.232510767865,9.76434884041742,118.073914948743,-7.51362342855448,126.526187662002,-11.2532799258863,1,1280,-1.30107228991084,0.117051993695634,-0.390726697751013,0.520260518185617,1.89264218108053e-18,1.72852623882756e-19,0,8.2495880542771e-19,-0.000570739566219297,-0.00157849886507668,1,6.37103165577091e-20,6.07276939965827e-20,1,-0.0115585687257176,-0.00604009263940823,-0.00604009263940823,0.00793210257873352,-0.00816450835296581,0.00422070397820643,0.00422070397820643,-0.0090843260555411,1,0,0,1,-0.0115584824101012,-0.00604021060996759,-0.00604021060996759,0.00793199855576293,-0.00816455495567532,0.00422078641383101,0.004220786413831,-0.00908436367565586,-19.9736734805736,-22.3297690929874,-3.26528245985405,15.819999598415,-3.26528245985405,15.819999598415,7.32401497848835,-4.02739167453919,1.30104260698261e-18,2.18078334198159e-19,-4.77755362758438e-19,0,0,0,-0.0115585687257176,0.00793210257873352,-0.00604009263940822,-0.00816450835296581,-0.0090843260555411,0.00422070397820643,1.09538834235042e-11,2.33652408401611e-09,6.7340833812503e-12,6.37103165577091e-20,3.46944695195361e-18,9.31962106891026e-14
NC_k0016,0.00197368421052631,0.00197368421052631,0.33584814972549,-123.542487730618,8.73303846786107,-122.380402627102,7.03527026500113,124.245262321685,-10.2020726632083,120.337004495446,-8.47602567813808,1,1280,0.600896891105145,-0.0534532926789768,0.180656387480649,-0.240016703473861,-5.12662059114235e-18,-1.49772216840995e-18,0,5.67707289284944e-19,-0.000570719048987387,-0.00157842768729765,1,3.18480772906856e-20,-6.11518636223557e-20,1,-0.0115585687257176,-0.00604009263940823,-0.00604009263940823,0.00793210257873352,-0.00816450835296581,0.00422070397820643,0.00422070397820643,-0.00908432605554111,1,0,0,1,-0.0115584824101012,-0.00604021060996759,-0.00604021060996759,0.00793199855576293,-0.00816455495567532,0.00422078641383101,0.004220786413831,-0.00908436367565586,-19.9704812846828,-22.3284745911937,-3.26437668697297,15.8100157864318,-3.26437668697297,15.8100157864318,7.32431461260597,-4.02683353110902,2.16840434497101e-18,1.03993176304102e-19,2.95548141971526e-19,0,0,0,-0.0115585687257176,0.00793210257873352,-0.00604009263940822,-0.00816450835296581,-0.0090843260555411,0.00422070397820643,5.32445366021846e-12,2.05032732446587e-09,4.85725074497452e-12,6.11518636223557e-20,4.33680868994202e-18,1.81815104249625e-14
NC_k0016,0.00822368421052631,0.00822368421052631,0.336259762086712,-125.459597898478,11.5878478437813,-120.534668028225,4.57387071690313,130.406381160223,-13.1297086839278,114.261601220043,-5.94179012889699,1,1280,2.49587908801213,-0.232949402418694,0.746766796245837,-1.00178465164339,-3.91603845594854e-18,-2.84233485979756e-18,0,8.14978044156645e-19,-0.000570807594233714,-0.00157876015041907,1,3.77268271149715e-20,4.48010552182502e-20,1,-0.0115585687257176,-0.00604009263940823,-0.00604009263940823,0.00793210257873352,-0.00816450835296581,0.00422070397820643,0.00422070397820643,-0.0090843260555411,1,0,0,1,-0.0115584824101012,-0.00604021060996759,-0.00604021060996759,0.00793199855576293,-0.00816455495567532,0.00422078641383101,0.004220786413831,-0.00908436367565586,-19.9848001530882,-22.335588028755,-3.26819586938835,15.8541868834526,-3.26819586938835,15.8541868834526,7.32287503798874,-4.03011120381809,1.0842021724855e-18,1.55887049389279e-19,3.99081447599334e-19,0,0,0,-0.0115585687257176,0.00793210257873352,-0.00604009263940822,-0.00816450835296581,-0.0090843260555411,0.00422070397820643,2.31538976208241e-12,1.79494587270671e-09,6.5232013085956e-12,4.48010552182502e-20,3.46944695195361e-18,1.4923605608249e-13
NC_k0016,0.0144736842105263,0.0144736842105263,0.337260056583844,-127.594809311515,14.5613924793357,-118.646301679277,2.47321977105582,136.370792512787,-16.2628940085205,108.578133062106,-3.67851350171334,1,1280,4.35208257163786,-0.443808561352345,1.28973042339423,-1.76524466708748,3.94083402199043e-18,-3.27214038762195e-18,0,-5.70905169533074e-19,-0.00057096339460886,-0.00157963469650014,1,9.78094528689337e-20,-7.74684311139727e-20,1,-0.0115585687257176,-0.00604009263940823,-0.00604009263940823,0.00793210257873352,-0.00816450835296581,0.00422070397820643,0.00422070397820643,-0.0090843260555411,1,0,0,1,-0.0115584824101012,-0.00604021060996759,-0.00604021060996759,0.00793199855576293,-0.00816455495567532,0.00422078641383101,0.004220786413831,-0.00908436367565586,-20.0203049935857,-22.3644410041758,-3.27507707438102,15.9528454766575,-3.27507707438102,15.9528454766575,7.3187633715906,-4.04514380700039,1.95156391047391e-18,7.31604989512393e-19,2.68268600948971e-19,0,0,0,-0.0115585687257176,0.00793210257873352,-0.00604009263940822,-0.00816450835296581,-0.0090843260555411,0.00422070397820643,2.0362461095322e-12,3.32487871234161e-09,2.74581361873675e-12,9.78094528689337e-20,5.20417042793042e-18,1.00402646533534e-14
NC_k0017,-0.0167763157894737,-0.0167763157894737,0.339107616816852,-16.7308728763823,100.718644129117,-34.8810287126663,129.887618718133,17.0071517085837,-109.093734798076,32.0149624647438,-121.191132129679,1,1280,0.556356550680844,-5.17162398077692,-1.52303825193177,2.19280706715422,2.35597582067353e-19,-5.74129519560805e-20,0,1.64240019344854e-18,-0.00125353098129882,0.000494550489126622,1,8.21595495030126e-21,1.63750295594782e-19,1,-0.0082771555149627,0.00450705118921081,0.00450705118921081,-0.00362172325633171,0.0152780878324339,-0.00620838961707159,-0.00620838961707159,-0.00510825188891229,1,-1.0842021724855e-19,-2.16840434497101e-19,1,-0.00827716183335687,0.00450713921755435,0.00450713921755435,-0.00362177503793154,0.0152780131184605,-0.0062085108746813,-0.0062085108746813,-0.00510812751753683,-6.09353035148778,9.23922180379579,17.4711561625377,-0.436988439248055,17.4711561625377,-0.436988439248055,-23.7871631497418,-17.3232679736641,1.40946282423116e-18,3.74156915609555e-19,5.41543954002372e-19,0,0,0,-0.0082771555149627,-0.00362172325633171,0.00450705118921081,0.0152780878324339,-0.00510825188891229,-0.00620838961707159,1.20836769731106e-12,6.16604824879439e-09,4.17692764335423e-12,1.63750295594782e-19,5.20417042793042e-18,2.78286161717523e-15
NC_k0017,-0.0105263157894737,-0.0105263157894737,0.337275319643782,-19.6462443790948,106.116602450686,-31.1521500315448,124.802264771785,19.3672026282757,-111.618310605243,28.8499996916433,-119.012649822421,1,1280,0.324380139906045,-3.29584569543722,-0.980583633325331,1.37555580333824,1.03132878773111e-19,2.22457321728581e-18,0,1.76957094082244e-18,-0.00125218818413755,0.000494264707179784,1,1.28113648632703e-20,3.5020600926706e-19,1,-0.0082771555149627,0.00450705118921081,0.00450705118921081,-0.00362172325633171,0.0152780878324339,-0.00620838961707159,-0.00620838961707159,-0.00510825188891229,1,-1.0842021724855e-19,-2.16840434497101e-19,1,-0.00827716183335687,0.00450713921755435,0.00450713921755435,-0.00362177503793154,0.0152780131184605,-0.0062085108746813,-0.0062085108746813,-0.00510812751753683,-6.04992628181675,9.24078542755897,17.3435098376231,-0.438429417916079,17.3435098376231,-0.438429417916079,-23.7135060647568,-17.2562979899977,1.73472347597681e-18,1.89652906485058e-19,2.64298223992184e-19,0,0,0,-0.0082771555149627,-0.00362172325633171,0.00450705118921081,0.0152780878324339,-0.00510825188891229,-0.00620838961707159,1.39754518572928e-12,4.18599759930174e-09,6.38165297250172e-12,3.5020600926706e-19,2.60208521396521e-18,2.63339286324948e-14
NC_k0017,-0.00427631578947369,-0.00427631578947369,0.336359666511963,-22.8261012941881,111.753723455504,-27.5161600229799,119.413945701468,21.9509760300436,-113.971723679333,25.8132857955855,-116.92469942762,1,1280,0.124375860337384,-1.34746837671619,-0.403620530405007,0.557400835865456,2.71219287966337e-19,-2.39302689467101e-18,0,1.4904371887552e-18,-0.00125155771744882,0.00049418190669858,1,-3.46231558504013e-20,-5.09882909779728e-20,1,-0.0082771555149627,0.00450705118921081,0.00450705118921081,-0.00362172325633171,0.0152780878324339,-0.00620838961707159,-0.00620838961707159,-0.00510825188891229,1,-1.0842021724855e-19,-2.16840434497101e-19,1,-0.00827716183335687,0.00450713921755435,0.00450713921755435,-0.00362177503793154,0.0152780131184605,-0.0062085108746813,-0.0062085108746813,-0.00510812751753683,-6.03318348479973,9.24375605045674,17.2750627534982,-0.437720475631555,17.2750627534982,-0.437720475631555,-23.6864942683198,-17.2216073777321,1.40946282423116e-18,-4.57382872495581e-19,-4.12763620226564e-19,0,0,0,-0.0082771555149627,-0.00362172325633171,0.00450705118921081,0.0152780878324339,-0.00510825188891229,-0.00620838961707159,1.23416029280667e-11,3.20403203550263e-09,1.02693485851484e-11,5.09882909779728e-20,3.46944695195361e-18,9.2419656054091e-15
NC_k0017,0.00197368421052631,0.00197368421052631,0.336220553184766,-26.2179204663482,117.37425686147,-24.052434512138,113.834440617982,24.7382160190679,-116.149726527308,22.9550261522132,-114.790496583346,1,1280,-0.0568383585430411,0.622437283085491,0.186647645099037,-0.257107196795928,-3.61783777717165e-19,1.94629642433317e-18,0,1.25036290521271e-18,-0.00125146751500724,0.000494171985907701,1,-1.72569738664279e-19,2.33465065602546e-20,1,-0.0082771555149627,0.00450705118921081,0.00450705118921081,-0.00362172325633171,0.0152780878324339,-0.00620838961707159,-0.00620838961707159,-0.00510825188891229,1,-1.0842021724855e-19,-2.16840434497101e-19,1,-0.00827716183335687,0.00450713921755435,0.00450713921755435,-0.00362177503793154,0.0152780131184605,-0.0062085108746813,-0.0062085108746813,-0.00510812751753683,-6.03098939686142,9.24429905552247,17.2643938655271,-0.437508761021633,17.2643938655271,-0.437508761021633,-23.6830190068198,-17.2161711003055,1.30104260698261e-18,8.21893143979151e-20,3.54125136300513e-20,0,0,0,-0.0082771555149627,-0.00362172325633171,0.00450705118921081,0.0152780878324339,-0.00510825188891229,-0.00620838961707159,1.45795443614793e-11,3.20582250725537e-09,1.24040116031593e-11,1.72569738664279e-19,3.46944695195361e-18,1.45290978260517e-14
NC_k0017,0.00822368421052631,0.00822368421052631,0.33684354913609,-29.7962813413159,122.847071828372,-20.7914340777778,108.184392021107,27.7124371945894,-118.241549329224,20.2943334250573,-112.509159935358,1,1280,-0.247080677843813,2.5830049040507,0.770854994648276,-1.07359618050141,-8.99823613947435e-20,-3.69154163770165e-19,0,-7.91591993878546e-18,-0.00125188404410418,0.000494221519353069,1,-8.67010880710089e-20,-1.97450663549608e-19,1,-0.0082771555149627,0.00450705118921081,0.00450705118921081,-0.00362172325633171,0.0152780878324339,-0.00620838961707159,-0.00620838961707159,-0.00510825188891229,1,-1.0842021724855e-19,-2.16840434497101e-19,1,-0.00827716183335687,0.00450713921755435,0.00450713921755435,-0.00362177503793154,0.0152780131184605,-0.0062085108746813,-0.0062085108746813,-0.00510812751753683,-6.04155389851048,9.24209427136957,17.3116041180141,-0.438239455108429,17.3116041180141,-0.438239455108429,-23.6999039463617,-17.2401344783919,1.30104260698261e-18,1.894730847227e-19,-4.25106301542886e-19,0,0,0,-0.0082771555149627,-0.00362172325633171,0.00450705118921081,0.0152780878324339,-0.00510825188891229,-0.00620838961707159,2.42494942634737e-12,2.40717380993854e-09,1.47194988971132e-12,1.97450663549608e-19,3.46944695195361e-18,4.71322348100705e-14
NC_k0017,0.0144736842105263,0.0144736842105263,0.338305876422597,-33.5062430621251,128.054926704145,-17.7683302165977,102.651542138369,30.8397342536761,-120.36529645635,17.8480431927371,-110.032941329476,1,1280,-0.468074115400447,4.49414016829531,1.3286017974552,-1.8930846366606,-7.57942286559889e-19,-2.10834441505476e-18,0,5.48502802439423e-18,-0.00125294117749535,0.000494402510121461,1,1.70275127646993e-21,2.70425858440328e-20,1,-0.0082771555149627,0.00450705118921081,0.00450705118921081,-0.00362172325633171,0.0152780878324339,-0.00620838961707159,-0.00620838961707159,-0.00510825188891228,1,-1.0842021724855e-19,-2.16840434497101e-19,1,-0.00827716183335687,0.00450713921755435,0.00450713921755435,-0.00362177503793154,0.0152780131184605,-0.0062085108746813,-0.0062085108746813,-0.00510812751753683,-6.07297227585164,9.23886745721886,17.4168772013879,-0.43803609300432,17.4168772013879,-0.43803609300432,-23.751901647108,-17.2940625049064,2.16840434497101e-18,3.44384664307813e-19,-9.64308623494087e-19,0,0,0,-0.0082771555149627,-0.00362172325633171,0.00450705118921081,0.0152780878324339,-0.00510825188891229,-0.00620838961707159,1.0758995349007e-12,2.82374476753662e-09,1.41315269029926e-11,2.70425858440328e-20,8.67361737988404e-18,5.4476447183424e-14
NC_k0018,-0.0167763157894737,-0.0167763157894737,0.591943327817114,-19.373334419336,-27.9330900282218,-4.31032587303117,-40.01762546823,17.9982019085721,28.2764890245644,6.22941707771507,43.8344517553278,1,1280,11.2409803829924,4.71866461264958,5.26668284856188,-0.438001860189613,1.03026999654705e-18,-1.46273987312447e-18,0,6.6935124295546e-19,0.000243217205169231,0.00162881192642924,1,-1.31142425396874e-19,-1.30400841664754e-19,1,0.000480665222583361,0.0166506935722712,0.0166506935722712,0.00125668900088172,-0.00014252558641051,0.00356399801294227,0.00356399801294227,0.0104029660136978,1,-2.71050543121376e-20,0,1,0.000480673253349428,0.01665101878113,0.01665101878113,0.00125668945329057,-0.000142449044848924,0.00356406762227847,0.00356406762227847,0.010402939571943,-1.14564548167218,61.006882504914,1.49281022406019,2.40755921195802,1.49281022406019,2.40755921195802,11.9055285246295,8.64652313485569,4.33680868994202e-18,2.94125333224447e-19,-1.70768236826652e-18,0,0,0,0.000480665222583363,0.00125668900088172,0.0166506935722712,-0.000142525586410515,0.0104029660136978,0.00356399801294227,6.74451047172988e-13,3.33998712406449e-09,6.1659778252129e-12,1.31142425396874e-19,1.04083408558608e-17,7.70853630200757e-14
NC_k0018,-0.0105263157894737,-0.0105263157894737,0.591236652431539,-15.8643011726585,-29.809586060972,-5.80309677724921,-37.5404283457987,14.9167222949126,30.543348094427,7.34018169616827,40.9870674439479,1,1280,7.20988854448896,3.06929071459111,3.39212915549642,-0.28299981245218,-1.98805250165485e-18,7.11375326795604e-21,0,-6.47622862624917e-19,0.000243741711805733,0.00162684733851523,1,-6.93224169797131e-20,-1.71259487186691e-19,1,0.000480665222583363,0.0166506935722712,0.0166506935722712,0.00125668900088172,-0.000142525586410513,0.00356399801294228,0.00356399801294228,0.0104029660136978,1,-2.71050543121376e-20,0,1,0.000480673253349428,0.01665101878113,0.01665101878113,0.00125668945329057,-0.000142449044848924,0.00356406762227847,0.00356406762227847,0.010402939571943,-1.10470234659899,60.9083177155727,1.49638763514233,2.43393969967791,1.49638763514233,2.43393969967791,11.9336841655359,8.63898369616649,2.60208521396521e-18,2.10015831311066e-19,-4.35138146529542e-19,0,0,0,0.000480665222583363,0.00125668900088172,0.0166506935722712,-0.000142525586410515,0.0104029660136978,0.00356399801294227,1.25685810599261e-12,3.97121727906582e-09,3.16956386036723e-12,1.71259487186691e-19,6.93889390390723e-18,6.29062341990873e-14
NC_k0018,-0.00427631578947369,-0.00427631578947369,0.591159585922508,-12.2908011236969,-32.0202392974341,-8.08337298972788,-35.1817302347812,12.0453398532801,33.5072448610909,8.93942246852011,37.8859872707502,1,1280,2.95433120480297,1.26786036113776,1.39332321676044,-0.116985030531866,-2.06767359869675e-18,7.99417122473298e-19,0,-8.15348621071069e-19,0.000244081683465044,0.00162602244886336,1,-1.91812421328507e-19,-1.49756277063499e-19,1,0.000480665222583362,0.0166506935722712,0.0166506935722712,0.00125668900088172,-0.000142525586410515,0.00356399801294228,0.00356399801294228,0.0104029660136978,1,-2.71050543121376e-20,0,1,0.000480673253349428,0.01665101878113,0.01665101878113,0.00125668945329057,-0.000142449044848924,0.00356406762227847,0.00356406762227847,0.010402939571943,-1.08205643881437,60.8861050686457,1.49530922966157,2.44790860117313,1.49530922966157,2.44790860117313,11.9537323587131,8.64704382620463,3.90312782094782e-18,4.06752957145887e-19,2.18417858310128e-20,0,0,0,0.000480665222583363,0.00125668900088172,0.0166506935722712,-0.000142525586410515,0.0104029660136978,0.00356399801294227,3.84289421061626e-12,2.63287256018244e-09,8.4628054080559e-12,1.91812421328507e-19,1.04083408558608e-17,3.45559881621892e-14
NC_k0018,0.00197368421052631,0.00197368421052631,0.59116397040205,-9.10530869436691,-34.325286301043,-11.055148816111,-32.8649293006977,9.66971529581422,36.7065057951801,11.1049740895797,34.6763349064331,1,1280,-1.36505132016032,-0.5865798826026,-0.644038296911754,0.0541740460874558,-9.28599573096929e-19,-4.67426529263915e-19,0,-3.48077601762314e-21,0.000244137465119227,0.00162591093609904,1,-2.45760080050466e-19,-4.11220524865676e-20,1,0.000480665222583364,0.0166506935722712,0.0166506935722712,0.00125668900088172,-0.000142525586410515,0.00356399801294228,0.00356399801294228,0.0104029660136978,1,-2.71050543121376e-20,0,1,0.000480673253349428,0.01665101878113,0.01665101878113,0.00125668945329057,-0.000142449044848924,0.00356406762227847,0.00356406762227847,0.010402939571943,-1.07850423081299,60.8843424940124,1.4949434045914,2.45002997440421,1.4949434045914,2.45002997440421,11.9570543205311,8.64900316183233,1.30104260698261e-18,-3.72180130207477e-20,2.59725200105877e-19,0,0,0,0.000480665222583363,0.00125668900088172,0.0166506935722712,-0.000142525586410515,0.0104029660136978,0.00356399801294227,9.43483295071213e-12,3.22660400355609e-09,4.38480265175792e-12,2.45760080050466e-19,3.03576608295941e-18,4.60117081980103e-14
NC_k0018,0.00822368421052631,0.00822368421052631,0.591178342614621,-6.5554703782365,-36.6628018568906,-14.5267666618558,-30.6020638877152,7.8667418980131,39.8676450222544,13.8136868728227,31.5834142329379,1,1280,-5.65705346583237,-2.41719170734933,-2.66450090715005,0.222850115315483,-4.03682006027109e-18,-1.10819702769444e-18,0,-1.86219862581613e-18,0.000243895521075187,0.00162643901041294,1,-6.10772634637657e-20,-2.75809724662997e-20,1,0.000480665222583362,0.0166506935722712,0.0166506935722712,0.00125668900088172,-0.000142525586410514,0.00356399801294228,0.00356399801294228,0.0104029660136978,1,-2.71050543121376e-20,0,1,0.000480673253349428,0.01665101878113,0.01665101878113,0.00125668945329057,-0.000142449044848924,0.00356406762227847,0.00356406762227847,0.010402939571943,-1.09417606043761,60.895650462214,1.49617998449136,2.44052449432927,1.49617998449136,2.44052449432927,11.9427385623888,8.64173828219832,3.46944695195361e-18,1.78878130172883e-19,-7.97093655459672e-20,0,0,0,0.000480665222583363,0.00125668900088172,0.0166506935722712,-0.000142525586410515,0.0104029660136978,0.00356399801294227,1.63536052586813e-12,4.05283578614597e-09,1.24328652937795e-11,6.10772634637657e-20,1.04083408558608e-17,1.50802054897867e-13
NC_k0018,0.0144736842105263,0.0144736842105263,0.591541185196117,-4.76845598586635,-39.0849405288147,-18.1279118743217,-28.5628104044516,6.58912610248974,42.8216227462979,16.8665097066882,28.9944789533278,1,1280,-9.79854523783998,-4.13657332562883,-4.59858912594466,0.382337121083308,4.00704155821918e-18,2.50150666892366e-18,0,-1.76075981293753e-18,0.000243420866023625,0.00162792134711064,1,-6.43388520424116e-20,-1.62673065024559e-19,1,0.000480665222583361,0.0166506935722712,0.0166506935722712,0.00125668900088172,-0.00014252558641052,0.00356399801294228,0.00356399801294228,0.0104029660136978,1,-2.71050543121376e-20,0,1,0.000480673253349428,0.01665101878113,0.01665101878113,0.00125668945329057,-0.000142449044848924,0.00356406762227847,0.00356406762227847,0.010402939571943,-1.12849671119805,60.9547889267958,1.49508523066092,2.41860552231307,1.49508523066092,2.41860552231307,11.9156127919163,8.63961359587665,4.33680868994202e-18,2.80042818477604e-19,6.51267618708231e-19,0,0,0,0.000480665222583363,0.00125668900088172,0.0166506935722712,-0.000142525586410515,0.0104029660136978,0.00356399801294227,1.51890294775453e-12,3.31346185747843e-09,5.647801389545e-12,1.62673065024559e-19,1.04083408558608e-17,1.21994035929569e-14
NC_k0019,-0.0167763157894737,-0.0167763157894737,0.336652770112068,137.593310709983,40.2562858149208,150.040172015018,32.9189912979424,-127.313355273798,-44.1691801308979,-158.294052907442,-27.9303186946674,1,1280,4.75091691198187,2.45731650686663,2.37871702822,-1.6864071988407,4.54690594808559e-18,5.15424511487917e-19,0,-1.6098853779303e-18,0.000608638579217208,0.000621516406230146,1,-1.14105692397924e-19,-1.00879653921701e-19,1,0.0127487187526354,0.00482985425188676,0.00482985425188676,-0.0129637010912488,0.00660789271466915,0.00131317934767683,0.00131317934767683,0.000834533379048352,1,2.16840434497101e-19,1.0842021724855e-19,1,0.0127485926788511,0.00482994858497761,0.00482994858497761,-0.012963576067183,0.0066078826944236,0.00131320499571097,0.00131320499571097,0.000834579739265063,23.5367015455483,15.0700816336243,6.95539349461617,-17.7875924728463,6.95539349461617,-17.7875924728463,13.2571299864157,-4.48310112315977,1.73472347597681e-18,1.38598254426443e-18,-1.67397244824183e-19,0,0,0,0.0127487187526354,-0.0129637010912488,0.00482985425188675,0.00660789271466915,0.000834533379048352,0.00131317934767683,4.64287451494306e-13,3.36881604918287e-09,4.65859581863367e-12,1.14105692397924e-19,1.04083408558608e-17,1.13445292710325e-13
NC_k0019,-0.0105263157894737,-0.0105263157894737,0.335364319724456,139.602442781554,38.6553492812075,147.37575137874,34.0191068533915,-132.522452363963,-41.0317497560462,-152.397956744175,-30.5613860157137,1,1280,3.03079881478198,1.60990373463977,1.53143184130918,-1.05998822453735,-2.7064290851551e-18,2.84919880452053e-19,0,1.85344705493532e-19,0.00060770742756093,0.000621292853186952,1,-1.50649345512059e-19,-1.49752023180421e-21,1,0.0127487187526354,0.00482985425188675,0.00482985425188675,-0.0129637010912488,0.00660789271466915,0.00131317934767683,0.00131317934767683,0.000834533379048352,1,2.16840434497101e-19,1.0842021724855e-19,1,0.0127485926788511,0.00482994858497761,0.00482994858497761,-0.012963576067183,0.0066078826944236,0.00131320499571097,0.00131320499571097,0.000834579739265063,23.4724317889093,15.0602936601809,6.93465198468752,-17.6678683065744,6.93465198468752,-17.6678683065744,13.1990371289814,-4.48537594705203,1.51788304147971e-18,1.38644663665617e-18,2.74519648132773e-20,0,0,0,0.0127487187526354,-0.0129637010912488,0.00482985425188675,0.00660789271466915,0.000834533379048352,0.00131317934767683,3.54371840448155e-12,2.49116273010781e-09,3.37200490054589e-12,1.50649345512059e-19,8.67361737988404e-18,6.62099668526065e-15
NC_k0019,-0.00427631578947369,-0.00427631578947369,0.334748204587282,141.805187088317,37.1377222126694,144.944351399606,35.2502301010711,-138.261350443967,-37.8049561111954,-146.413803126535,-33.4997392591086,1,1280,1.24004363321883,0.667731973834256,0.629565950327507,-0.430112443990524,1.41123629946447e-18,9.89757171686037e-19,0,-1.26051075696751e-18,0.000607220003302172,0.000621248255654856,1,-1.60657121769354e-19,-1.32650375243745e-19,1,0.0127487187526354,0.00482985425188675,0.00482985425188675,-0.0129637010912488,0.00660789271466915,0.00131317934767683,0.00131317934767683,0.000834533379048351,1,2.16840434497101e-19,1.0842021724855e-19,1,0.0127485926788511,0.00482994858497761,0.00482994858497761,-0.012963576067183,0.0066078826944236,0.00131320499571097,0.00131320499571097,0.000834579739265063,23.4456413444586,15.0609710248503,6.92295699458416,-17.6049227706011,6.92295699458416,-17.6049227706011,13.178322063892,-4.48494869137049,8.67361737988404e-19,-1.90497158481025e-19,1.70386248129316e-19,0,0,0,0.0127487187526354,-0.0129637010912488,0.00482985425188675,0.00660789271466915,0.000834533379048352,0.00131317934767683,4.86233714920637e-12,2.17084930452632e-09,1.63115803699268e-12,1.60657121769354e-19,1.73472347597681e-18,5.52212472141551e-14
NC_k0019,0.00197368421052631,0.00197368421052631,0.334655395058272,144.083325655409,35.7349144105357,142.6359180429,36.6064175695014,-144.204958648208,-34.6338279577678,-140.437333448492,-36.6240577595241,1,1280,-0.572928013703624,-0.309085266788381,-0.291064382562365,0.198470607875277,9.86111786726516e-19,-1.4838544854405e-19,0,-1.83165746323945e-18,0.000607147801684987,0.000621246428844413,1,-5.58463981314485e-20,-1.41989809809692e-20,1,0.0127487187526354,0.00482985425188675,0.00482985425188675,-0.0129637010912488,0.00660789271466915,0.00131317934767683,0.00131317934767683,0.000834533379048352,1,2.16840434497101e-19,1.0842021724855e-19,1,0.0127485926788511,0.00482994858497761,0.00482994858497761,-0.012963576067183,0.0066078826944236,0.00131320499571097,0.00131320499571097,0.000834579739265063,23.4417902652993,15.0613834020591,6.9210590046418,-17.5951718351769,6.9210590046418,-17.5951718351769,13.1757374050684,-4.4847185184256,1.0842021724855e-18,2.64504811831623e-19,-1.44858785104406e-19,0,0,0,0.0127487187526354,-0.0129637010912488,0.00482985425188675,0.00660789271466915,0.000834533379048352,0.00131317934767683,5.18711761553687e-12,2.06503824605116e-09,4.63664494766972e-12,5.58463981314485e-20,2.60208521396521e-18,4.54499035783247e-14
NC_k0019,0.00822368421052631,0.00822368421052631,0.335072206871671,146.460829830141,34.45847785511,140.402896134742,38.0849125079535,-150.199540841588,-31.6163453038114,-134.598668902506,-39.8446731124376,1,1280,-2.37608606511581,-1.27029377138738,-1.20330534604608,0.827857562928991,3.45146073671426e-19,-1.11697506835486e-18,0,-1.50775669642083e-18,0.000607475529226686,0.000621265918431702,1,-3.82872136565379e-20,-2.9639269103274e-21,1,0.0127487187526354,0.00482985425188675,0.00482985425188675,-0.0129637010912488,0.00660789271466915,0.00131317934767683,0.00131317934767683,0.000834533379048351,1,2.16840434497101e-19,1.0842021724855e-19,1,0.0127485926788511,0.00482994858497761,0.00482994858497761,-0.012963576067183,0.0066078826944236,0.00131320499571097,0.00131320499571097,0.000834579739265063,23.4594486522232,15.0602133255609,6.92929107945837,-17.6384186079356,6.92929107945837,-17.6384186079356,13.1884561662176,-4.48538248713359,1.30104260698261e-18,-3.62287053232018e-19,-6.86510173200436e-21,0,0,0,0.0127487187526354,-0.0129637010912488,0.00482985425188675,0.00660789271466915,0.000834533379048352,0.00131317934767683,1.77708682002268e-12,2.6513430403175e-09,5.93206037045438e-12,3.82872136565379e-20,3.46944695195361e-18,3.13114826223886e-14
NC_k0019,0.0144736842105263,0.0144736842105263,0.3360777355681,149.019382861524,33.3066739058042,138.291043821195,39.6587854756122,-156.136000190634,-28.8526555508562,-129.136547602744,-43.034923524502,1,1280,-4.12999308905821,-2.16051614226583,-2.07586804633693,1.45695939513106,4.73802437425474e-18,3.46529119655615e-19,0,-3.95021590449801e-18,0.000608252296828888,0.000621397428687764,1,-3.82573329117217e-20,-6.4271374206842e-20,1,0.0127487187526354,0.00482985425188676,0.00482985425188676,-0.0129637010912488,0.00660789271466915,0.00131317934767683,0.00131317934767683,0.000834533379048351,1,2.16840434497101e-19,1.0842021724855e-19,1,0.0127485926788511,0.00482994858497761,0.00482994858497761,-0.012963576067183,0.0066078826944236,0.00131320499571097,0.00131320499571097,0.000834579739265063,23.506530938875,15.0638141422335,6.94663337985429,-17.7363040694498,6.94663337985429,-17.7363040694498,13.2294356040553,-4.48437453807759,1.73472347597681e-18,-7.20834033693838e-19,-2.47827774036811e-19,0,0,0,0.0127487187526354,-0.0129637010912488,0.00482985425188675,0.00660789271466915,0.000834533379048352,0.00131317934767683,8.00437193680077e-13,2.04236310622438e-09,3.00610511173105e-12,6.4271374206842e-20,5.20417042793042e-18,1.0306829254771e-13
NC_k0020,-0.0167763157894737,-0.0167763157894737,0.32500219467229,15.4186410242951,113.152507898016,15.0206162777932,139.983597530459,-17.5648981594308,-126.396352058283,-12.8816701230652,-129.145751091871,1,1280,4.06244252015002,1.21394056555907,1.74120641828402,1.66508984736421,-9.62950729575031e-19,-2.57634004458011e-18,0,1.29576188595207e-18,-0.000270606634228454,-0.00153958345324934,1,3.09281848080517e-20,-8.12650719127401e-20,1,-0.000641862031582156,0.00761351814436903,0.00761351814436903,-0.0054579085922262,-0.0010793727219066,0.00271105892574516,0.00271105892574516,-0.0174160472675353,1,-1.0842021724855e-19,0,1,-0.000641900439452625,0.00761366684589528,0.00761366684589528,-0.00545789996839198,-0.00107949764565923,0.0027111118761148,0.0027111118761148,-0.0174160126534505,2.18234385154231,18.4810728783246,14.7132224093188,-2.34001106033671,14.7132224093188,-2.34001106033671,10.3115518975976,-21.8291753711922,1.73472347597681e-18,5.90897829119902e-19,2.4792113878636e-18,0,0,0,-0.000641862031582153,-0.0054579085922262,0.00761351814436903,-0.00107937272190659,-0.0174160472675352,0.00271105892574516,1.63503662606458e-12,4.03220054971695e-09,1.12219522264855e-11,8.12650719127401e-20,1.21430643318376e-17,9.5990942533247e-14
NC_k0020,-0.0105263157894737,-0.0105263157894737,0.324373257564153,15.597045405793,116.891358236904,15.7329384377701,134.284849159604,-17.2629090707809,-126.216829010711,-14.0753795611997,-127.377670500795,1,1280,2.58828258915713,0.822125216383788,1.12543457582853,1.04069295363939,-9.8789187940473e-19,4.71909848183953e-19,0,-4.44273743918556e-19,-0.000270903658758997,-0.00153877653526359,1,-3.26875233835288e-21,-2.77309751059686e-20,1,-0.000641862031582154,0.00761351814436903,0.00761351814436903,-0.0054579085922262,-0.00107937272190659,0.00271105892574516,0.00271105892574516,-0.0174160472675352,1,-1.0842021724855e-19,0,1,-0.000641900439452625,0.00761366684589528,0.00761366684589528,-0.00545789996839198,-0.00107949764565923,0.0027111118761148,0.0027111118761148,-0.0174160126534505,2.20512445690884,18.5074281137844,14.627146209729,-2.33664271387319,14.627146209729,-2.33664271387319,10.2760137622596,-21.7846259396715,8.67361737988404e-19,1.56736830454288e-19,7.12106269392342e-19,0,0,0,-0.000641862031582153,-0.0054579085922262,0.00761351814436903,-0.00107937272190659,-0.0174160472675352,0.00271105892574516,1.85388718084006e-12,3.65300410649907e-09,1.71509539884865e-12,2.77309751059686e-20,3.46944695195361e-18,1.39302720087235e-13
NC_k0020,-0.00427631578947369,-0.00427631578947369,0.324109500759955,15.8897119381073,121.458750417636,16.0326137156785,128.636963360166,-16.641690045096,-126.090797736262,-15.2883308119787,-126.430120864393,1,1280,1.05603564157051,0.344868867024778,0.462298487836443,0.420804520218571,2.81241408268029e-20,-1.19290363114232e-18,0,3.32171580327409e-18,-0.000271041919029074,-0.00153825968684941,1,-2.63526276448342e-20,-2.13884565799489e-20,1,-0.000641862031582154,0.00761351814436903,0.00761351814436903,-0.0054579085922262,-0.00107937272190659,0.00271105892574516,0.00271105892574516,-0.0174160472675352,1,-1.0842021724855e-19,0,1,-0.000641900439452625,0.00761366684589528,0.00761366684589528,-0.00545789996839198,-0.00107949764565923,0.0027111118761148,0.0027111118761148,-0.0174160126534505,2.21847387911914,18.5253153725792,14.5808102788813,-2.33538074084364,14.5808102788813,-2.33538074084364,10.2627184923012,-21.7666624994396,8.67361737988404e-19,2.49882715049296e-19,-1.37205736347183e-20,0,0,0,-0.000641862031582153,-0.0054579085922262,0.00761351814436903,-0.00107937272190659,-0.0174160472675352,0.00271105892574516,4.19215947603834e-12,3.03681850461333e-09,3.67630182204869e-12,2.63526276448342e-20,3.46944695195361e-18,5.2409485797041e-14
NC_k0020,0.00197368421052631,0.00197368421052631,0.3240702915272,16.046387035597,126.622206445137,15.9741541386137,123.301897567907,-15.6997247092957,-126.248811167454,-16.328490381624,-126.10146670015,1,1280,-0.487640686315641,-0.159837964101587,-0.21366795463768,-0.194001470456902,-1.24467521132079e-18,1.45793229940431e-18,0,-1.69064467549508e-18,-0.000271062029609151,-0.00153817620579223,1,-1.82041121699335e-19,3.52419625814345e-20,1,-0.000641862031582157,0.00761351814436903,0.00761351814436903,-0.0054579085922262,-0.00107937272190659,0.00271105892574516,0.00271105892574516,-0.0174160472675352,1,-1.0842021724855e-19,0,1,-0.000641900439452625,0.00761366684589528,0.00761366684589528,-0.00545789996839198,-0.00107949764565923,0.0027111118761148,0.0027111118761148,-0.0174160126534505,2.22058878522786,18.5281865002759,14.573539862761,-2.33519551788253,14.573539862761,-2.33519551788253,10.2609564783061,-21.7640137965975,1.73472347597681e-18,4.22753421976461e-19,1.01276373452879e-18,0,0,0,-0.000641862031582153,-0.0054579085922262,0.00761351814436903,-0.00107937272190659,-0.0174160472675352,0.00271105892574516,1.47688209474048e-11,3.56943034234331e-09,9.35841636061452e-12,1.82041121699335e-19,7.15573433840433e-18,1.37034841347927e-15
NC_k0020,0.00822368421052631,0.00822368421052631,0.324247291850218,15.891058559997,132.183858282776,15.7067904707874,118.492915557603,-14.5316805834617,-126.943821669811,-17.0740081236524,-126.154789246085,1,1280,-2.02687524253421,-0.652455059711338,-0.88417899974104,-0.811435857689823,-8.71788808626787e-19,-2.63099683073516e-18,0,-1.50702050567566e-18,-0.000270970872913031,-0.00153854003906736,1,-1.02465933288028e-19,1.46066778032157e-19,1,-0.000641862031582157,0.00761351814436903,0.00761351814436903,-0.0054579085922262,-0.00107937272190659,0.00271105892574516,0.00271105892574516,-0.0174160472675352,1,-1.0842021724855e-19,0,1,-0.000641900439452625,0.00761366684589528,0.00761366684589528,-0.00545789996839198,-0.00107949764565923,0.0027111118761148,0.0027111118761148,-0.0174160126534505,2.21128421218249,18.5156903053055,14.6055974833734,-2.33602299357765,14.6055974833734,-2.33602299357765,10.2693695827087,-21.7759923463409,1.73472347597681e-18,5.28616881474615e-19,-5.20781713302295e-20,0,0,0,-0.000641862031582153,-0.0054579085922262,0.00761351814436903,-0.00107937272190659,-0.0174160472675352,0.00271105892574516,4.72928249033651e-12,2.6418375310611e-09,3.96575518110218e-12,1.46066778032157e-19,4.33680868994202e-18,7.22464193483905e-14
NC_k0020,0.0144736842105263,0.0144736842105263,0.324702370422656,15.3286317019167,137.894902282068,15.454000404366,114.411820011952,-13.3043953831666,-128.386994413049,-17.4855082326716,-126.33102885722,1,1280,-3.53200901493384,-1.08462676141977,-1.52348980619671,-1.43539904562036,-5.54363211643238e-19,1.71418623572834e-18,0,-4.33858216517533e-18,-0.000270736379390166,-0.00153927483557502,1,-6.78668504226186e-20,-9.1800895141328e-20,1,-0.000641862031582156,0.00761351814436903,0.00761351814436903,-0.0054579085922262,-0.00107937272190658,0.00271105892574516,0.00271105892574516,-0.0174160472675352,1,-1.0842021724855e-19,0,1,-0.000641900439452625,0.00761366684589528,0.00761366684589528,-0.00545789996839198,-0.00107949764565923,0.0027111118761148,0.0027111118761148,-0.0174160126534505,2.19162092720276,18.4903487568501,14.6765579841561,-2.3384008224069,14.6765579841561,-2.3384008224069,10.2945933466002,-21.8076811390402,1.73472347597681e-18,3.68105422044855e-19,-2.19417687929704e-19,0,0,0,-0.000641862031582153,-0.0054579085922262,0.00761351814436903,-0.00107937272190659,-0.0174160472675352,0.00271105892574516,2.82144293145924e-12,3.18252241805918e-09,5.68008847597002e-12,9.1800895141328e-20,5.63785129692462e-18,3.67564225021983e-14
NC_k0021,-0.0167763157894737,-0.0167763157894737,0.256670928785449,-92.8481255618642,-40.6510905388883,-89.2521844444333,-43.7004680979529,82.5502407706482,39.5059623183355,96.7502368072507,46.3652063286027,1,1280,4.48110290534018,2.88570835934411,2.43104771734592,0.664304915167342,-1.44188830424323e-18,-1.24692183386449e-18,0,-5.57890309775164e-19,-0.00172771903134246,0.000334270527957507,1,5.75318936592348e-20,-1.09152011901132e-19,1,-0.0157696505906199,0.00743347769776725,0.00743347769776725,-0.00490678345698626,-0.00639315530433365,0.00364612015319482,0.00364612015319482,0.00422118215147607,1,2.16840434497101e-19,1.0842021724855e-19,1,-0.0157696480288518,0.00743362288287853,0.00743362288287853,-0.004906886977905,-0.00639310877918288,0.00364619136647906,0.00364619136647906,0.00422112502098763,-16.4007066316434,28.6957714676192,-3.870850874382,8.61751584149244,-3.870850874382,8.61751584149244,6.69565275664854,7.55158832843994,1.73472347597681e-18,6.45394122465527e-19,-4.87632872309762e-19,0,0,0,-0.0157696505906199,-0.00490678345698626,0.00743347769776725,-0.00639315530433366,0.00422118215147607,0.00364612015319482,1.5247191729749e-12,5.36432828559386e-09,6.05093116031074e-12,1.09152011901132e-19,4.33680868994202e-18,1.49228798644295e-13
NC_k0021,-0.0105263157894737,-0.0105263157894737,0.256214279909976,-91.1871190084565,-41.3679512456082,-88.4409953721072,-43.0891878581527,83.7663810878533,40.6248625710112,93.0666750224327,45.3472968938037,1,1280,2.90151993656551,1.85441708231821,1.5694592162316,0.41287574944063,2.17161380574771e-19,-1.46552912615e-18,0,-5.14746223385624e-19,-0.00172649418758541,0.000333060369522249,1,8.28366434608768e-20,-1.43508410738116e-19,1,-0.0157696505906199,0.00743347769776725,0.00743347769776725,-0.00490678345698626,-0.00639315530433366,0.00364612015319482,0.00364612015319482,0.00422118215147607,1,2.16840434497101e-19,1.0842021724855e-19,1,-0.0157696480288518,0.00743362288287853,0.00743362288287853,-0.004906886977905,-0.00639310877918288,0.00364619136647906,0.00364619136647906,0.00422112502098763,-16.3720902360803,28.6109976252927,-3.85949441059615,8.58194753193482,-3.85949441059615,8.58194753193482,6.73807636885478,7.54135485703351,1.73472347597681e-18,-9.57878489325689e-20,-1.93890386212391e-19,0,0,0,-0.0157696505906199,-0.00490678345698626,0.00743347769776725,-0.00639315530433366,0.00422118215147607,0.00364612015319482,3.10975101429562e-12,3.78945765844779e-09,5.58609685374562e-12,1.43508410738116e-19,4.33680868994202e-18,1.53827949745975e-13
NC_k0021,-0.00427631578947369,-0.00427631578947369,0.256089333169907,-89.7322689952989,-41.9833622780753,-88.5052633456353,-42.6344507077294,85.7911736244155,42.0610548987258,89.6514999739155,44.0705219067302,1,1280,1.19394787190092,0.760742005820907,0.645047659648219,0.166372599819054,-1.08061882607192e-18,1.55946706523397e-18,0,1.41579737336209e-18,-0.00172580586836475,0.000332495945159296,1,6.80406840246137e-20,1.40131150551745e-20,1,-0.0157696505906199,0.00743347769776725,0.00743347769776725,-0.00490678345698626,-0.00639315530433366,0.00364612015319482,0.00364612015319482,0.00422118215147607,1,2.16840434497101e-19,1.0842021724855e-19,1,-0.0157696480288518,0.00743362288287853,0.00743362288287853,-0.004906886977905,-0.00639310877918288,0.00364619136647906,0.00364619136647906,0.00422112502098763,-16.3635434952986,28.5809459717078,-3.85506118013434,8.5631377603005,-3.85506118013434,8.5631377603005,6.75967757799469,7.5416366002189,1.73472347597681e-18,-2.14341222323399e-19,1.29220963172098e-19,0,0,0,-0.0157696505906199,-0.00490678345698626,0.00743347769776725,-0.00639315530433366,0.00422118215147607,0.00364612015319482,1.94808943617157e-12,2.74785421816924e-09,8.84772528357839e-12,6.80406840246137e-20,4.33680868994202e-18,3.27748366645069e-13
NC_k0021,0.00197368421052631,0.00197368421052631,0.256075584474046,-88.7211799497163,-42.4728423698219,-89.295231497882,-42.1758705303709,88.504574042911,43.5479937956995,86.717380313221,42.614120199079,1,1280,-0.551964967315169,-0.35159201231233,-0.298173803277077,-0.0766620584891783,-2.74276547510333e-20,-3.6923357310897e-19,0,5.02421232258583e-20,-0.00172569909925463,0.000332414960085239,1,-3.79520755347183e-19,-3.89164732869439e-20,1,-0.01576965059062,0.00743347769776725,0.00743347769776725,-0.00490678345698627,-0.00639315530433366,0.00364612015319482,0.00364612015319482,0.00422118215147607,1,2.16840434497101e-19,1.0842021724855e-19,1,-0.0157696480288518,0.00743362288287853,0.00743362288287853,-0.004906886977905,-0.00639310877918288,0.00364619136647906,0.00364619136647906,0.00422112502098763,-16.3624821256434,28.5771504167856,-3.85444936738856,8.56018457122117,-3.85444936738856,8.56018457122117,6.76285666423201,7.54199262253951,3.46944695195361e-18,5.60329647627401e-19,3.91587079801511e-20,0,0,0,-0.0157696505906199,-0.00490678345698626,0.00743347769776725,-0.00639315530433366,0.00422118215147607,0.00364612015319482,3.00330366083226e-11,2.89741905014554e-09,3.78349554715464e-12,3.79520755347183e-19,6.93889390390723e-18,4.18378511549141e-14
NC_k0021,0.00822368421052631,0.00822368421052631,0.256147885992669,-88.3706620446164,-42.9129219224749,-90.61591959189,-41.6107421254276,91.7653087511786,44.9049432752669,84.4251657640099,41.1337246955941,1,1280,-2.28127108850203,-1.45574865103563,-1.23321651404746,-0.321455272569788,-4.66054071191567e-18,-2.93471439060748e-18,0,-2.38220075481391e-18,-0.00172617362464596,0.000332787037891509,1,-1.57446599401178e-19,4.92544702174458e-20,1,-0.0157696505906199,0.00743347769776725,0.00743347769776725,-0.00490678345698626,-0.00639315530433366,0.00364612015319482,0.00364612015319482,0.00422118215147607,1,2.16840434497101e-19,1.0842021724855e-19,1,-0.0157696480288518,0.00743362288287853,0.00743362288287853,-0.004906886977905,-0.00639310877918288,0.00364619136647906,0.00364619136647906,0.00422112502098763,-16.3677027965334,28.5957645318564,-3.85729729685613,8.57318895882473,-3.85729729685613,8.57318895882473,6.74841098416322,7.54102974159892,8.67361737988404e-19,7.1112512412614e-20,3.19156847865319e-19,0,0,0,-0.0157696505906199,-0.00490678345698626,0.00743347769776725,-0.00639315530433366,0.00422118215147607,0.00364612015319482,2.32033858820506e-12,4.66826792287872e-09,2.72500260024149e-12,1.57446599401178e-19,3.46944695195361e-18,1.3219629793094e-13
NC_k0021,0.0144736842105263,0.0144736842105263,0.256433709818789,-88.8446007912173,-43.4451878234627,-92.2247768656206,-40.9194921579686,95.3759730652301,46.0211868496869,82.894776055504,39.861768815972,1,1280,-3.92273510257353,-2.51724666169617,-2.12519398220904,-0.571398740203599,-2.35359684923183e-18,-1.65392778246508e-18,0,-5.87982726869537e-19,-0.00172721672462603,0.000333740024330979,1,-5.69001991422287e-20,-1.00856739148525e-19,1,-0.0157696505906199,0.00743347769776725,0.00743347769776725,-0.00490678345698626,-0.00639315530433366,0.00364612015319482,0.00364612015319482,0.00422118215147607,1,2.16840434497101e-19,1.0842021724855e-19,1,-0.0157696480288518,0.00743362288287853,0.00743362288287853,-0.004906886977905,-0.00639310877918288,0.00364619136647906,0.00364619136647906,0.00422112502098763,-16.3858889826696,28.6547810124987,-3.86550246079918,8.60217959494688,-3.86550246079918,8.60217959494688,6.71350532417351,7.54541573454001,1.73472347597681e-18,1.7415524642925e-20,1.42062543069838e-19,0,0,0,-0.0157696505906199,-0.00490678345698626,0.00743347769776725,-0.00639315530433366,0.00422118215147607,0.00364612015319482,1.87321394859502e-12,3.49724478656403e-09,5.40426850676417e-12,1.00856739148525e-19,4.33680868994202e-18,1.02825002428427e-13
NC_k0022,-0.0167763157894737,-0.0167763157894737,0.339613265554788,42.3227160912924,-115.059937866767,60.7188572672346,-147.524125354797,-39.9242906839449,124.799305765571,-61.0268258690155,137.84991140714,1,1280,-0.954186538785705,2.75165814934384,0.59316563148416,-2.8213010925981,-1.40935032766785e-18,9.47767002251008e-19,0,-6.4611143820966e-18,0.00106986180579977,-0.000279531886548649,1,-4.59808453835491e-20,3.17825599683979e-21,1,0.00921842681296943,-0.00503965169388544,-0.00503965169388544,0.00145752932466205,-0.0151678539211591,0.00175471875137047,0.00175471875137047,0.00737260440386989,1,-2.16840434497101e-19,-2.16840434497101e-19,1,0.0092184149823082,-0.00503975012458258,-0.00503975012458259,0.00145759328401536,-0.0151677628916983,0.00175475302322109,0.00175475302322109,0.00737247531166734,9.69879369854605,-10.0681486282674,-19.1637856497888,-4.14360886358894,-19.1637856497888,-4.14360886358894,9.64314821796072,20.1036055404555,1.30104260698261e-18,-3.80170521997847e-19,6.06616347572617e-19,0,0,0,0.00921842681296943,0.00145752932466205,-0.00503965169388544,-0.0151678539211591,0.00737260440386989,0.00175471875137047,1.7777019712297e-12,4.21447780693904e-09,2.28367023453432e-11,4.59808453835491e-20,8.67361737988404e-18,1.79799414650759e-15
NC_k0022,-0.0105263157894737,-0.0105263157894737,0.337696514373865,45.3481868824933,-120.7277157941,56.7787969533004,-141.51899316711,-43.3176216094419,127.257190833331,-56.7250013665385,135.08041859748,1,1280,-0.592906938666271,1.74770190780029,0.381082339814215,-1.76766992017514,-2.74360919932813e-19,-2.21691021609112e-19,0,-2.77002934809308e-18,0.00106880539846178,-0.000279551497609455,1,-2.33821385392123e-20,-1.72157334015592e-19,1,0.00921842681296943,-0.00503965169388544,-0.00503965169388544,0.00145752932466205,-0.0151678539211591,0.00175471875137047,0.00175471875137047,0.00737260440386989,1,-2.16840434497101e-19,-2.16840434497101e-19,1,0.0092184149823082,-0.00503975012458258,-0.00503975012458259,0.00145759328401536,-0.0151677628916983,0.00175475302322109,0.00175475302322109,0.00737247531166734,9.63725367518346,-10.0849538068488,-19.0310734361655,-4.11303533872551,-19.0310734361655,-4.11303533872551,9.58278260205836,20.0138957021867,1.30104260698261e-18,-3.68726235165984e-19,-7.73689995207938e-19,0,0,0,0.00921842681296943,0.00145752932466205,-0.00503965169388544,-0.0151678539211591,0.00737260440386989,0.00175471875137047,5.85010879154632e-12,3.05706716231149e-09,1.67278867157147e-11,1.72157334015592e-19,3.46944695195361e-18,6.6410235649041e-14
NC_k0022,-0.00427631578947369,-0.00427631578947369,0.336712543106227,48.4889232374912,-126.784226862251,53.0979785964245,-135.309376034388,-47.0137410181164,129.553635723526,-52.4911582360214,132.64366231309,1,1280,-0.236961513934649,0.714431498740779,0.157565094986025,-0.715710698364443,-5.35940245040457e-19,-2.01444618064019e-18,0,-5.7356902197774e-18,0.0010682684559429,-0.000279639279563327,1,-7.42820131874765e-22,1.69080704821927e-19,1,0.00921842681296942,-0.00503965169388544,-0.00503965169388544,0.00145752932466205,-0.0151678539211591,0.00175471875137047,0.00175471875137047,0.0073726044038699,1,-2.16840434497101e-19,-2.16840434497101e-19,1,0.0092184149823082,-0.00503975012458258,-0.00503975012458259,0.00145759328401536,-0.0151677628916983,0.00175475302322109,0.00175475302322109,0.00737247531166734,9.60963836585944,-10.0959189322741,-18.9600561810352,-4.0975928232684,-18.9600561810352,-4.0975928232684,9.55673740362984,19.9681242128916,1.62630325872826e-18,-4.05843960397657e-20,-3.61953576107393e-19,0,0,0,0.00921842681296943,0.00145752932466205,-0.00503965169388544,-0.0151678539211591,0.00737260440386989,0.00175471875137047,9.6020368818496e-12,3.05125659771751e-09,1.68916650498515e-11,1.69080704821927e-19,6.07153216591882e-18,3.5610222759563e-14
NC_k0022,0.00197368421052631,0.00197368421052631,0.336561110305703,51.8121013558686,-133.004293355499,49.6875231173255,-129.064654444312,-50.9741559725295,131.797322179515,-48.4441441585588,130.377416309917,1,1280,0.109033809183,-0.330054815910643,-0.0729369322201392,0.330077744400084,1.22012200919838e-18,-5.48324793171601e-19,0,-1.00976253480063e-18,0.00106818908544041,-0.000279655693572931,1,1.9335357341716e-19,-3.16333770319793e-21,1,0.00921842681296943,-0.00503965169388544,-0.00503965169388544,0.00145752932466205,-0.0151678539211591,0.00175471875137047,0.00175471875137047,0.00737260440386989,1,-2.16840434497101e-19,-2.16840434497101e-19,1,0.0092184149823082,-0.00503975012458258,-0.00503975012458259,0.00145759328401536,-0.0151677628916983,0.00175475302322109,0.00175475302322109,0.00737247531166734,9.60564653430922,-10.097671586968,-18.9489865017202,-4.09524925957709,-18.9489865017202,-4.09524925957709,9.55310747837943,19.9610212718179,8.67361737988404e-19,-5.49145072620927e-19,-3.44090898534137e-19,0,0,0,0.00921842681296943,0.00145752932466205,-0.00503965169388544,-0.0151678539211591,0.00737260440386989,0.00175471875137047,2.60358294412852e-11,3.34860767945217e-09,1.31835969771276e-11,1.9335357341716e-19,5.20417042793042e-18,5.72329032898371e-14
NC_k0022,0.00822368421052631,0.00822368421052631,0.337235119378599,55.3904362564643,-139.246060665669,46.4898404573517,-122.930086233888,-55.1495124166792,134.15323290296,-44.646533619116,128.119401456575,1,1280,0.460129821184766,-1.36944579088357,-0.300074270000634,1.37914075302671,1.61671954415122e-18,-1.56358311596204e-18,0,-8.36798406971304e-18,0.00106855026281096,-0.000279587897736994,1,1.16843740056497e-19,-2.70342161596099e-20,1,0.00921842681296943,-0.00503965169388544,-0.00503965169388544,0.00145752932466205,-0.0151678539211591,0.00175471875137047,0.00175471875137047,0.00737260440386989,1,-2.16840434497101e-19,-2.16840434497101e-19,1,0.0092184149823082,-0.00503975012458258,-0.00503975012458259,0.00145759328401536,-0.0151677628916983,0.00175475302322109,0.00175475302322109,0.00737247531166734,9.62395135029743,-10.0900405821183,-18.9979673016177,-4.10574936341053,-18.9979673016177,-4.10574936341053,9.57005688763081,19.9924811065974,1.02999206386123e-18,-4.98505540088176e-19,2.67394224255415e-19,0,0,0,0.00921842681296943,0.00145752932466205,-0.00503965169388544,-0.0151678539211591,0.00737260440386989,0.00175471875137047,3.99864901085354e-12,2.14493145303318e-09,6.20822544128102e-12,1.16843740056497e-19,2.60208521396521e-18,6.88055895762625e-14
NC_k0022,0.0144736842105263,0.0144736842105263,0.33878142944644,59.2429603039676,-145.34588198391,43.4244913401615,-117.078111531422,-59.4444050054884,136.778701960311,-41.1344595412853,125.720746086064,1,1280,0.822859096898813,-2.38648789921299,-0.515997504763702,2.43456331262398,4.33935640622868e-19,3.04960646896865e-18,0,-6.56962724357376e-18,0.00106941145537267,-0.000279509868317407,1,2.59624768916614e-20,-6.61472297044577e-20,1,0.00921842681296943,-0.00503965169388544,-0.00503965169388544,0.00145752932466205,-0.0151678539211591,0.00175471875137047,0.00175471875137047,0.00737260440386989,1,-2.16840434497101e-19,-2.16840434497101e-19,1,0.0092184149823082,-0.00503975012458258,-0.00503975012458259,0.00145759328401536,-0.0151677628916983,0.00175475302322109,0.00175475302322109,0.00737247531166734,9.67086842918813,-10.0742074876717,-19.1072671382395,-4.13029257461528,-19.1072671382395,-4.13029257461528,9.61570843647212,20.0643645059697,1.73472347597681e-18,-5.41040754061319e-19,5.49938949366882e-19,0,0,0,0.00921842681296943,0.00145752932466205,-0.00503965169388544,-0.0151678539211591,0.00737260440386989,0.00175471875137047,3.2140679344767e-12,2.84206194045988e-09,1.15889773921022e-11,6.61472297044577e-20,5.20417042793042e-18,2.0809630025734e-14
NC_k0023,-0.0167763157894737,-0.0167763157894737,0.598170612414656,14.5843142509763,-4.18290134621644,22.683712237717,-16.6352096685477,-17.2170269638546,3.84301284222375,-17.9045366508101,15.6515658082579,1,1280,-2.29572369483571,9.7726914862512,2.46739937116717,-0.491618489325831,1.50780467289636e-18,-3.09390695385454e-18,0,6.12342782318918e-19,0.000300986181665395,-0.000456758642200551,1,-7.30023747840027e-20,-6.85827660771131e-19,1,0.00179059656442486,-0.00748668606960373,-0.00748668606960373,-0.00832749512316029,-0.00107299813618593,0.0163878394980998,0.0163878394980998,-0.00129750229158753,1,0,-5.42101086242752e-20,1,0.00179053120045529,-0.00748683229394102,-0.00748683229394102,-0.00832746167764071,-0.00107300501975219,0.01638815957309,0.01638815957309,-0.0012975069827304,3.94758399138839,-25.6980372618372,-3.8520381130625,0.870046506215015,-3.8520381130625,0.870046506215015,58.4572726424977,0.843120780525003,4.33680868994202e-18,3.98981621700539e-19,1.87442447878279e-19,0,0,0,0.00179059656442486,-0.00832749512316028,-0.00748668606960372,-0.00107299813618593,-0.00129750229158753,0.0163878394980998,1.67278845163031e-12,5.92704221201343e-09,1.64370591606736e-12,6.85827660771131e-19,1.38777878078145e-17,6.45898686011892e-14
NC_k0023,-0.0105263157894737,-0.0105263157894737,0.596799285888431,15.3670659938338,-7.64996849359273,20.823776646306,-15.5228156006898,-16.8829260825153,7.11979637948651,-17.1721268768429,14.7570647160402,1,1280,-1.40618050593676,6.22700910184229,1.59087343664882,-0.311448012340497,9.48544552026808e-19,-1.08814881662412e-17,0,-1.5859782038663e-19,0.000299199360510655,-0.000455533770750229,1,-1.45856728709592e-19,-5.70616616065857e-19,1,0.00179059656442486,-0.00748668606960373,-0.00748668606960373,-0.00832749512316028,-0.00107299813618594,0.0163878394980998,0.0163878394980998,-0.00129750229158754,1,0,-5.42101086242752e-20,1,0.00179053120045529,-0.00748683229394102,-0.00748683229394102,-0.00832746167764071,-0.00107300501975219,0.01638815957309,0.01638815957309,-0.0012975069827304,3.89409007065341,-25.6497163683568,-3.80253195521992,0.857376059935482,-3.80253195521992,0.857376059935482,58.3522352379693,0.872319890227293,4.33680868994202e-18,-7.44848423062915e-20,8.23303559065522e-19,0,0,0,0.00179059656442486,-0.00832749512316028,-0.00748668606960372,-0.00107299813618593,-0.00129750229158753,0.0163878394980998,7.96535271378984e-13,4.30195517342586e-09,1.52011890474267e-11,5.70616616065857e-19,1.04083408558608e-17,2.67882551682393e-14
NC_k0023,-0.00427631578947369,-0.00427631578947369,0.596330241085049,16.6733946035354,-10.6835011932077,18.9707887210197,-13.8830662320523,-16.7127279311904,10.0691857956387,-16.7992179257096,13.2147996553558,1,1280,-0.560856068645326,2.54246813649391,0.653931982390017,-0.126982690875119,-2.09528157882132e-19,-5.83254314334e-18,0,-6.43458835421325e-19,0.00029844313222733,-0.000454974934081363,1,-6.15414103782299e-20,-5.50458485773204e-19,1,0.00179059656442486,-0.00748668606960373,-0.00748668606960373,-0.00832749512316028,-0.00107299813618594,0.0163878394980998,0.0163878394980998,-0.00129750229158754,1,0,-5.42101086242752e-20,1,0.00179053120045529,-0.00748683229394102,-0.00748683229394102,-0.00832746167764071,-0.00107300501975219,0.01638815957309,0.01638815957309,-0.0012975069827304,3.8739373320803,-25.6359777818031,-3.77462984869036,0.84759478902734,-3.77462984869036,0.84759478902734,58.3237368053228,0.883451419287416,4.77048955893622e-18,7.65486934907258e-21,8.2877890633313e-19,0,0,0,0.00179059656442486,-0.00832749512316028,-0.00748668606960372,-0.00107299813618593,-0.00129750229158753,0.0163878394980998,1.25374898170731e-12,2.93777889264689e-09,7.20930207546676e-12,5.50458485773204e-19,1.38777878078145e-17,1.13567281744606e-14
NC_k0023,0.00197368421052631,0.00197368421052631,0.596271624286172,18.3138917407255,-13.1330930901348,17.2478745269187,-11.656427046513,-16.7341071658586,12.4819240066206,-16.6963683158472,11.0273670986213,1,1280,0.258012097825226,-1.17407019858059,-0.302299173249242,0.0586480261220441,5.48821101539133e-19,-2.23274576173783e-18,0,-3.38292882296424e-19,0.000298340862238806,-0.000454895207293456,1,9.00115652400468e-20,-1.26292696835484e-19,1,0.00179059656442486,-0.00748668606960373,-0.00748668606960373,-0.00832749512316028,-0.00107299813618593,0.0163878394980998,0.0163878394980998,-0.00129750229158753,1,0,-5.42101086242752e-20,1,0.00179053120045529,-0.00748683229394102,-0.00748683229394102,-0.00832746167764071,-0.00107300501975219,0.01638815957309,0.01638815957309,-0.0012975069827304,3.87139123389501,-25.6345181165141,-3.77022395199148,0.845884476647551,-3.77022395199148,0.845884476647551,58.3207820264877,0.884859151903741,4.33680868994202e-18,-5.4193046236637e-19,1.08144946020869e-19,0,0,0,0.00179059656442486,-0.00832749512316028,-0.00748668606960372,-0.00107299813618593,-0.00129750229158753,0.0163878394980998,1.03946039802067e-11,3.08432503676839e-09,8.96807851770979e-12,1.26292696835484e-19,1.38777878078145e-17,1.15440387774891e-14
NC_k0023,0.00822368421052631,0.00822368421052631,0.596560660441762,20.1341923520867,-14.9842847472222,15.7981905261847,-8.8306628235957,-16.9975892173474,14.2655261644521,-16.7993539498639,8.25888282954956,1,1280,1.08967249626086,-4.87762827136528,-1.25002540578445,0.243766640502295,-2.17077669896781e-18,-1.21140865406187e-17,0,7.81684192522448e-19,0.000298825758851548,-0.000455262806623385,1,1.14671982011015e-19,-6.21925559825038e-20,1,0.00179059656442486,-0.00748668606960373,-0.00748668606960373,-0.00832749512316028,-0.00107299813618594,0.0163878394980998,0.0163878394980998,-0.00129750229158753,1,0,-5.42101086242752e-20,1,0.00179053120045529,-0.00748683229394102,-0.00748683229394102,-0.00832746167764071,-0.00107300501975219,0.01638815957309,0.01638815957309,-0.0012975069827304,3.88386674356908,-25.6423962554661,-3.78962231505582,0.853083918764608,-3.78962231505582,0.853083918764608,58.3368751325335,0.877962054127168,2.60208521396521e-18,-1.01575780017709e-19,6.05969126057741e-19,0,0,0,0.00179059656442486,-0.00832749512316028,-0.00748668606960372,-0.00107299813618593,-0.00129750229158753,0.0163878394980998,1.77516066747677e-12,3.27538223321722e-09,4.43105124739149e-12,1.14671982011015e-19,6.93889390390723e-18,2.02853318545224e-14
NC_k0023,0.0144736842105263,0.0144736842105263,0.597498645165536,22.0063181086574,-16.2811097276311,14.8013116226126,-5.49147581020642,-17.5876979376396,15.3928149212632,-17.0772381488234,5.06685011688561,1,1280,1.96436216538938,-8.49532832408356,-2.15521883236907,0.426046885105452,-3.15099895973295e-18,-2.43124263897096e-18,0,-2.50931525390616e-18,0.00030017751408487,-0.00045621418299842,1,2.4707818044023e-20,-5.58187892138693e-19,1,0.00179059656442486,-0.00748668606960373,-0.00748668606960373,-0.00832749512316028,-0.00107299813618593,0.0163878394980998,0.0163878394980998,-0.00129750229158753,1,0,-5.42101086242752e-20,1,0.00179053120045529,-0.00748683229394102,-0.00748683229394102,-0.00832746167764071,-0.00107300501975219,0.01638815957309,0.01638815957309,-0.0012975069827304,3.92259547845089,-25.6734183020386,-3.8314498504163,0.865511241182715,-3.8314498504163,0.865511241182715,58.4032989728446,0.856669151364848,2.60208521396521e-18,-8.72449149753867e-19,2.51252757725968e-20,0,0,0,0.00179059656442486,-0.00832749512316028,-0.00748668606960372,-0.00107299813618593,-0.00129750229158753,0.0163878394980998,9.16960422847783e-13,3.25149322212828e-09,2.15822630729306e-12,5.58187892138693e-19,6.93889390390723e-18,1.67230625583396e-14
NC_k0024,-0.0167763157894737,-0.0167763157894737,0.344622428630897,61.4867979701481,36.9728024599571,55.4199529185751,45.9878260232517,-51.7929396451112,-36.3414033187201,-64.2471627642244,-46.0031286435254,1,1280,0.175412608384155,-7.347136158453,-2.36666877152267,-0.183859218008856,-4.71322219076795e-18,2.09133096421577e-18,0,-1.18880577838774e-18,0.00112582086558224,0.000492254837621202,1,-4.27634057029786e-20,2.7232832122213e-19,1,0.010892794888854,0.00224738392473582,0.00224738392473582,0.00832526892141889,0.00777046573001904,-0.0121066857951696,-0.0121066857951696,-0.000184942655679279,1,-2.16840434497101e-19,-1.0842021724855e-19,1,0.0108928292712072,0.0022474278189531,0.0022474278189531,0.00832532837726788,0.00777044540459497,-0.0121069222538766,-0.0121069222538766,-0.00018488529156833,10.2107799724558,5.55968328271222,7.24091261474823,-7.12436640435423,7.24091261474823,-7.12436640435423,-38.4054103761199,-5.86869542847328,1.73472347597681e-18,-1.04207948880475e-18,-6.33139785838161e-19,0,0,0,0.010892794888854,0.00832526892141889,0.00224738392473582,0.00777046573001903,-0.000184942655679282,-0.0121066857951696,1.72562286111298e-12,6.09848644608069e-09,1.40126791531946e-11,2.7232832122213e-19,5.20417042793042e-18,1.15654128323526e-13
NC_k0024,-0.0105263157894737,-0.0105263157894737,0.344176458204348,60.1683272997801,39.5384694651935,55.8651411913857,45.0653759246624,-53.4473179609372,-38.8160817992243,-61.7055365631583,-45.1824963850836,1,1280,0.0502282305857398,-4.68151218620431,-1.52832370535413,-0.112266357092526,2.55993208994951e-18,-3.38392309406053e-18,0,1.59323836810267e-18,0.00112612026223189,0.000492025823950843,1,-2.42441425381199e-20,2.91847983407651e-19,1,0.010892794888854,0.00224738392473582,0.00224738392473582,0.00832526892141889,0.00777046573001903,-0.0121066857951696,-0.0121066857951696,-0.000184942655679279,1,-2.16840434497101e-19,-1.0842021724855e-19,1,0.0108928292712072,0.0022474278189531,0.0022474278189531,0.00832532837726788,0.00777044540459497,-0.0121069222538766,-0.0121069222538766,-0.00018488529156833,10.2299444664428,5.57730562095463,7.19243517796457,-7.08107583863161,7.19243517796457,-7.08107583863161,-38.3648064315482,-5.87202992719816,2.16840434497101e-18,-8.41831691711889e-20,-2.07466943490159e-19,0,0,0,0.010892794888854,0.00832526892141889,0.00224738392473582,0.00777046573001903,-0.000184942655679282,-0.0121066857951696,1.01051020074661e-12,3.11541010348804e-09,2.42270996661375e-11,2.91847983407651e-19,5.20417042793042e-18,1.13868545727201e-13
NC_k0024,-0.00427631578947369,-0.00427631578947369,0.34402719494694,58.7022072877958,41.7034078399642,56.8407535392264,43.9101221907353,-55.6043035468875,-41.1814867257733,-59.0508606957924,-43.8325601519783,1,1280,0.00714697793556453,-1.91149260849442,-0.628434058084404,-0.044798299485781,-1.94544939138592e-18,4.15907735480642e-18,0,-2.85005493645452e-18,0.00112614436698048,0.000491947348343508,1,-2.4406243852227e-20,8.29687590828974e-20,1,0.010892794888854,0.00224738392473582,0.00224738392473582,0.00832526892141888,0.00777046573001903,-0.0121066857951696,-0.0121066857951696,-0.000184942655679282,1,-2.16840434497101e-19,-1.0842021724855e-19,1,0.0108928292712072,0.0022474278189531,0.0022474278189531,0.00832532837726788,0.00777044540459497,-0.0121069222538766,-0.0121069222538766,-0.00018488529156833,10.240301361419,5.5882470405839,7.16633965644771,-7.05626333938604,7.16633965644771,-7.05626333938604,-38.3581261980898,-5.87307475049695,2.16840434497101e-18,7.95105220185724e-19,-1.80810491536553e-19,0,0,0,0.010892794888854,0.00832526892141889,0.00224738392473582,0.00777046573001903,-0.000184942655679282,-0.0121066857951696,3.76089503877759e-12,2.06316405584991e-09,1.73415704876069e-11,8.29687590828974e-20,5.20417042793042e-18,4.88911314864665e-14
NC_k0024,0.00197368421052631,0.00197368421052631,0.344007247946674,57.2984927868878,43.3961108133044,58.1656080496394,42.3805197350661,-58.0860200343396,-43.2031149284394,-56.4891097863703,-41.9750556015809,1,1280,-0.0023673351190229,0.88272288215205,0.290517330520921,0.0206027390174421,-3.34423827699269e-18,3.1728663064064e-18,0,4.68311612519347e-19,0.00112613946769496,0.000491937771551885,1,1.28756766480411e-19,1.11153929163264e-19,1,0.010892794888854,0.00224738392473582,0.00224738392473582,0.00832526892141889,0.00777046573001903,-0.0121066857951696,-0.0121066857951696,-0.000184942655679281,1,-2.16840434497101e-19,-1.0842021724855e-19,1,0.0108928292712072,0.0022474278189531,0.0022474278189531,0.00832532837726788,0.00777044540459497,-0.0121069222538766,-0.0121069222538766,-0.00018488529156833,10.2417576102178,5.59001222565648,7.16226058324123,-7.05227586689473,7.16226058324123,-7.05227586689473,-38.3578128101216,-5.87313496799065,2.16840434497101e-18,-4.00266908635962e-20,-1.31703131167286e-19,0,0,0,0.010892794888854,0.00832526892141889,0.00224738392473582,0.00777046573001903,-0.000184942655679282,-0.0121066857951696,9.48363892019278e-12,3.3800723413994e-09,1.34878878724292e-11,1.28756766480411e-19,5.20417042793042e-18,7.06784068778106e-14
NC_k0024,0.00822368421052631,0.00822368421052631,0.34410217221391,56.1725073091734,44.6755968724421,59.6357173125075,40.3910454493582,-60.7297316776693,-44.7480045267438,-54.1947661302511,-39.7157992960693,1,1280,-0.027305789108674,3.66706395073972,1.20112019333816,0.0870242682412331,4.68104817366209e-19,1.87273690682005e-18,0,1.2794517454289e-18,0.00112614375556793,0.000491985802317075,1,1.09006618815994e-19,-1.15114180370167e-20,1,0.010892794888854,0.00224738392473582,0.00224738392473582,0.00832526892141889,0.00777046573001904,-0.0121066857951696,-0.0121066857951696,-0.000184942655679281,1,-2.16840434497101e-19,-1.0842021724855e-19,1,0.0108928292712072,0.0022474278189531,0.0022474278189531,0.00832532837726788,0.00777044540459497,-0.0121069222538766,-0.0121069222538766,-0.00018488529156833,10.2349704757892,5.58234641104938,7.18028553183384,-7.0696666543323,7.18028553183384,-7.0696666543323,-38.3606844537722,-5.87264389775147,1.73472347597681e-18,-4.49139725494942e-19,-8.35958278059289e-19,0,0,0,0.010892794888854,0.00832526892141889,0.00224738392473582,0.00777046573001903,-0.000184942655679282,-0.0121066857951696,2.98805851217263e-12,2.25518175314757e-09,1.60069739709521e-11,1.09006618815994e-19,5.20417042793042e-18,1.19378066249447e-13
NC_k0024,0.0144736842105263,0.0144736842105263,0.344396185183282,55.5106472461015,45.66378505743,61.0263660595868,37.9505123158218,-63.3364019097193,-45.7577573578991,-52.3288292223335,-37.24487738094,1,1280,-0.117263894390266,6.38673636556724,2.06892591548834,0.157003654757239,-1.50180265037168e-18,2.52302659973984e-18,0,1.60741872534367e-19,0.00112598854783305,0.0004921425336808,1,3.40389059673916e-20,3.72303578314499e-19,1,0.010892794888854,0.00224738392473582,0.00224738392473582,0.00832526892141889,0.00777046573001903,-0.0121066857951696,-0.0121066857951696,-0.000184942655679278,1,-2.16840434497101e-19,-1.0842021724855e-19,1,0.0108928292712072,0.0022474278189531,0.0022474278189531,0.00832532837726788,0.00777044540459497,-0.0121069222538766,-0.0121069222538766,-0.00018488529156833,10.2182266341704,5.56651414982596,7.22031335106752,-7.10635684769822,7.22031335106752,-7.10635684769822,-38.3827156586455,-5.87014031610509,2.16840434497101e-18,-1.35674588760993e-19,-4.38134130488242e-19,0,0,0,0.010892794888854,0.00832526892141889,0.00224738392473582,0.00777046573001903,-0.000184942655679282,-0.0121066857951696,8.75773013552342e-13,3.45447664297445e-09,1.11290931884155e-11,3.72303578314499e-19,5.20417042793042e-18,4.83551969674539e-14
NC_k0025,-0.0167763157894737,-0.0167763157894737,0.35024078031059,-92.3734622200287,-61.6119524297681,-105.489014005465,-61.0400296206436,88.6243790921305,69.5301869763637,107.238231870124,53.535773478953,1,1280,-5.05673575036698,-6.5234562247131,-3.82146335177647,0.654632694998387,2.1168478317518e-18,5.37145447192947e-18,0,3.69931051801475e-18,-0.000305023702169352,0.000304784636068534,1,6.36938199257641e-21,3.5526634825702e-19,1,-0.00763455358412233,-0.00511308436295233,-0.00511308436295233,0.0140282183419054,-0.00205238742742985,-0.00888579138831073,-0.00888579138831073,0.00596736686248431,1,0,1.6940658945086e-20,1,-0.00763443219933569,-0.0051131842278813,-0.0051131842278813,0.014028128176185,-0.0020523387104181,-0.00888596493892378,-0.00888596493892378,0.00596733726158308,-16.3878531556343,-14.2035239097602,-8.14511431295755,11.2801153237308,-8.14511431295755,11.2801153237308,-36.9885503627593,9.66934043248409,3.03576608295941e-18,-1.35269604295204e-18,-7.61122632492169e-19,0,0,0,-0.00763455358412233,0.0140282183419054,-0.00511308436295233,-0.00205238742742985,0.00596736686248431,-0.00888579138831073,3.49500927856765e-13,6.58237287946436e-09,1.24935719488931e-11,3.5526634825702e-19,8.67361737988404e-18,4.91332187714681e-15
NC_k0025,-0.0105263157894737,-0.0105263157894737,0.349335569249286,-94.5697723159576,-60.4119951882403,-103.16522905097,-60.2352862830175,91.9657199374815,65.8311751142142,103.750269390106,55.2190471264916,1,1280,-3.2539245906586,-4.21127567114344,-2.46351608639468,0.415621983362558,9.9023445489948e-19,-5.93540636123342e-18,0,1.21160954521339e-18,-0.000303717862652103,0.000304363448662573,1,-4.27181335422258e-20,1.71086223383702e-19,1,-0.00763455358412233,-0.00511308436295234,-0.00511308436295234,0.0140282183419054,-0.00205238742742985,-0.00888579138831073,-0.00888579138831073,0.00596736686248431,1,0,1.6940658945086e-20,1,-0.00763443219933569,-0.0051131842278813,-0.0051131842278813,0.014028128176185,-0.0020523387104181,-0.00888596493892378,-0.00888596493892378,0.00596733726158308,-16.3388934951541,-14.2116747628921,-8.1213171051058,11.2069346926889,-8.1213171051058,11.2069346926889,-36.8992185026332,9.64626762946133,2.16840434497101e-18,-1.22571762414425e-18,-1.53073542390348e-19,0,0,0,-0.00763455358412233,0.0140282183419054,-0.00511308436295233,-0.00205238742742985,0.00596736686248431,-0.00888579138831073,1.20047034668724e-12,5.14255189019254e-09,5.26500803962071e-12,1.71086223383702e-19,6.93889390390723e-18,5.59345424669856e-14
NC_k0025,-0.00427631578947369,-0.00427631578947369,0.348992542268566,-97.1297638923439,-59.7515768155881,-100.694724976148,-59.7238052728333,95.4989286606392,62.1522174003827,100.295626636896,57.7214807236135,1,1280,-1.33674612365864,-1.73144960670762,-1.01250459102086,0.16969502871211,8.42202212476991e-20,4.23365265011175e-18,0,2.66122201031785e-18,-0.000303119355746006,0.000304070508063347,1,2.54865340699743e-20,1.94391162712187e-19,1,-0.00763455358412233,-0.00511308436295234,-0.00511308436295234,0.0140282183419054,-0.00205238742742985,-0.00888579138831073,-0.00888579138831073,0.00596736686248431,1,0,1.6940658945086e-20,1,-0.00763443219933569,-0.0051131842278813,-0.0051131842278813,0.014028128176185,-0.0020523387104181,-0.00888596493892378,-0.00888596493892378,0.00596733726158308,-16.3209745504866,-14.2202722833083,-8.10826160666154,11.1698960181178,-8.10826160666154,11.1698960181178,-36.8715722120163,9.63562072922221,2.16840434497101e-18,-2.1084584509187e-19,-2.99765325121363e-19,0,0,0,-0.00763455358412233,0.0140282183419054,-0.00511308436295233,-0.00205238742742985,0.00596736686248431,-0.00888579138831073,3.59039199293072e-12,4.01905546459008e-09,2.07162225874585e-12,1.94391162712187e-19,6.93889390390723e-18,3.59478173851919e-14
NC_k0025,0.00197368421052631,0.00197368421052631,0.348946289340218,-99.7484844310508,-59.6383637528778,-98.098058916068,-59.6482740774874,99.0146076371632,58.8156223981494,96.8004507614695,60.8685654238331,1,1280,0.617970571188482,0.800387553629445,0.468058181189928,-0.0784137621623001,2.85491131383082e-18,7.76269300211614e-18,0,-2.25249469886254e-18,-0.000303035381006214,0.000304021419356223,1,-5.8166489425431e-20,1.28979125477944e-19,1,-0.00763455358412233,-0.00511308436295233,-0.00511308436295233,0.0140282183419054,-0.00205238742742985,-0.00888579138831073,-0.00888579138831073,0.00596736686248431,1,0,1.6940658945086e-20,1,-0.00763443219933569,-0.0051131842278813,-0.0051131842278813,0.014028128176185,-0.0020523387104181,-0.00888596493892378,-0.00888596493892378,0.00596733726158308,-16.3186222459002,-14.2217826461102,-8.10615857076348,11.1642456891961,-8.10615857076348,11.1642456891961,-36.8683902226602,9.63396677498782,2.16840434497101e-18,-7.06054091122807e-19,-1.56186469409894e-19,0,0,0,-0.00763455358412233,0.0140282183419054,-0.00511308436295233,-0.00205238742742985,0.00596736686248431,-0.00888579138831073,5.13992427679996e-12,4.22130468617333e-09,2.09637905750606e-12,1.28979125477944e-19,6.93889390390723e-18,1.87717022515805e-14
NC_k0025,0.00822368421052631,0.00822368421052631,0.34916524280669,-102.273683001279,-60.004885286755,-95.4914660605119,-60.104246700411,102.478967731564,56.0551995220206,93.2616442332779,64.4549939668173,1,1280,2.55599998510135,3.30947861612197,1.93560793840365,-0.325534748642343,1.07147020849709e-18,5.6062662324149e-19,0,-1.36766952378191e-18,-0.000303426089431953,0.000304231135130889,1,5.76430959241042e-20,-3.40066662946177e-20,1,-0.00763455358412233,-0.00511308436295233,-0.00511308436295233,0.0140282183419054,-0.00205238742742985,-0.00888579138831073,-0.00888579138831073,0.00596736686248431,1,0,1.6940658945086e-20,1,-0.00763443219933569,-0.0051131842278813,-0.0051131842278813,0.014028128176185,-0.0020523387104181,-0.00888596493892378,-0.00888596493892378,0.00596733726158308,-16.3298955509125,-14.2154728586756,-8.11530682627401,11.1894751301576,-8.11530682627401,11.1894751301576,-36.8847357451331,9.64126782286128,1.95156391047391e-18,6.01701816981459e-19,-1.85840093697539e-19,0,0,0,-0.00763455358412233,0.0140282183419054,-0.00511308436295233,-0.00205238742742985,0.00596736686248431,-0.00888579138831073,1.7568608731264e-12,6.39509032557394e-09,2.15850769863883e-12,5.76430959241042e-20,6.93889390390723e-18,7.05882147620399e-14
NC_k0025,0.0144736842105263,0.0144736842105263,0.349807937633498,-104.645412893068,-60.7182288665995,-93.1123412846802,-61.1098044902139,105.94224499188,54.050097852369,89.8084133728393,68.1878541453941,1,1280,4.41258018736811,5.70194238956601,3.33779245038825,-0.567781805069337,-2.30779420435354e-18,1.10408726353903e-17,0,-1.04477440179301e-18,-0.000304451470822193,0.000304630553031798,1,4.44569447284649e-21,2.55759080589534e-19,1,-0.00763455358412234,-0.00511308436295234,-0.00511308436295234,0.0140282183419054,-0.00205238742742985,-0.00888579138831073,-0.00888579138831073,0.00596736686248431,1,0,1.6940658945086e-20,1,-0.00763443219933569,-0.0051131842278813,-0.0051131842278813,0.014028128176185,-0.0020523387104181,-0.00888596493892378,-0.00888596493892378,0.00596733726158308,-16.364323233928,-14.2052515357391,-8.13493409537445,11.2483712662808,-8.13493409537445,11.2483712662808,-36.9440904773756,9.65867755052089,1.40946282423116e-18,7.59478316131335e-19,2.48268761264015e-19,0,0,0,-0.00763455358412233,0.0140282183419054,-0.00511308436295233,-0.00205238742742985,0.00596736686248431,-0.00888579138831073,1.87419689918075e-12,4.97242066048779e-09,7.95455961548748e-12,2.55759080589534e-19,6.93889390390723e-18,3.39597392896655e-14
NC_k0026,-0.0167763157894737,-0.0167763157894737,0.203822527518227,17.4030774909132,-83.3367503853644,18.5056238519418,-108.802427827379,-13.1823760586483,93.678880849801,-22.6069113421011,101.334591649891,1,1280,-2.76805536030525,0.293756209300484,-0.81651871983155,-1.72503011133741,4.49936622392094e-19,2.9809604042941e-19,0,-6.610116080197e-19,3.93597851240392e-05,0.00192977480708616,1,-3.8349028910153e-20,-3.62886377724011e-20,1,0.00138174908359249,-0.00623142958188207,-0.00623142958188207,-0.00146165364460812,0.0069875301218291,-0.000509136241330345,-0.000509136241330345,0.0175510349137461,1,-2.71050543121376e-20,0,1,0.00138173500471061,-0.00623155128949109,-0.00623155128949108,-0.00146163995588524,0.00698764161004838,-0.000509146185397558,-0.000509146185397558,0.0175510432427389,2.79391504688801,-15.2160937054031,-9.57355970125161,-2.32780149631845,-9.57355970125161,-2.32780149631845,-0.799365410529091,17.7317479807753,1.51788304147971e-18,-4.33473181353878e-19,-2.08114012834853e-18,0,0,0,0.00138174908359249,-0.00146165364460813,-0.00623142958188206,0.0069875301218291,0.0175510349137461,-0.000509136241330345,2.51535889653103e-12,3.98562326658357e-09,2.23009448274485e-11,3.8349028910153e-20,6.93889390390723e-18,4.53871977024809e-13
NC_k0026,-0.0105263157894737,-0.0105263157894737,0.203664845672706,17.3056475003825,-87.0695043226465,17.6604520166959,-103.542012318533,-14.2985529634224,94.5329106378267,-20.5362148873148,98.9636045484752,1,1280,-1.75517827251199,0.150358033404919,-0.529590678905356,-1.07968216465566,1.92392284312484e-19,4.58535992040195e-19,0,-8.67166523363841e-20,3.94999860761582e-05,0.00192890907238773,1,-1.1593847681289e-20,1.09946502132295e-20,1,0.00138174908359249,-0.00623142958188207,-0.00623142958188207,-0.00146165364460813,0.0069875301218291,-0.000509136241330345,-0.000509136241330345,0.0175510349137461,1,-2.71050543121376e-20,0,1,0.00138173500471061,-0.00623155128949109,-0.00623155128949108,-0.00146163995588524,0.00698764161004838,-0.000509146185397558,-0.000509146185397558,0.0175510432427389,2.75317319042415,-15.24399325767,-9.51384130410687,-2.29957574453931,-9.51384130410687,-2.29957574453931,-0.776745603535929,17.7083344510781,1.0842021724855e-18,-2.41301927311077e-19,-4.32538841323563e-19,0,0,0,0.00138174908359249,-0.00146165364460813,-0.00623142958188206,0.0069875301218291,0.0175510349137461,-0.000509136241330345,1.1734577055971e-11,3.05352752186424e-09,5.35328875584297e-12,1.1593847681289e-20,3.46944695195361e-18,7.45455103535506e-14
NC_k0026,-0.00427631578947369,-0.00427631578947369,0.203642696258918,17.1643577113658,-91.4950703154567,17.2307169904214,-98.2846396102119,-15.8268027811682,95.4820188769454,-18.432062408218,97.1886130887964,1,1280,-0.71375253214686,0.0546462598947347,-0.217505069843207,-0.436975771192091,5.79908203320101e-19,5.9930889740692e-19,0,-1.12441969386783e-19,3.95759733696953e-05,0.00192838608811939,1,2.48685297238503e-20,-9.42678743536206e-20,1,0.00138174908359249,-0.00623142958188207,-0.00623142958188207,-0.00146165364460813,0.00698753012182909,-0.000509136241330345,-0.000509136241330345,0.0175510349137461,1,-2.71050543121376e-20,0,1,0.00138173500471061,-0.00623155128949109,-0.00623155128949108,-0.00146163995588524,0.00698764161004838,-0.000509146185397558,-0.000509146185397558,0.0175510432427389,2.73185084726487,-15.2616876447719,-9.48166580648873,-2.28443314158767,-9.48166580648873,-2.28443314158767,-0.765307230180324,17.7018529038503,1.0842021724855e-18,-2.82195362160049e-19,2.1866793977891e-19,0,0,0,0.00138174908359249,-0.00146165364460813,-0.00623142958188206,0.0069875301218291,0.0175510349137461,-0.000509136241330345,1.688015207357e-11,2.7340757261058e-09,3.55340615617155e-12,9.42678743536206e-20,3.46944695195361e-18,1.21439257718738e-13
NC_k0026,0.00197368421052631,0.00197368421052631,0.203641015509128,17.163879809326,-96.3941727233006,17.138807815647,-93.2541638044979,-17.6864680193823,96.6604933292669,-16.4791150261431,95.8795286490712,1,1280,0.329397138476909,-0.024812615676378,0.100512892524178,0.201501241085599,4.04266326411816e-19,-9.69310094124339e-19,0,2.52537248395704e-18,3.95883916229984e-05,0.00192830300660668,1,1.31445563416831e-19,-5.39634016194975e-20,1,0.00138174908359249,-0.00623142958188207,-0.00623142958188207,-0.00146165364460813,0.0069875301218291,-0.000509136241330345,-0.000509136241330345,0.0175510349137461,1,-2.71050543121376e-20,0,1,0.00138173500471061,-0.00623155128949109,-0.00623155128949108,-0.00146163995588524,0.00698764161004838,-0.000509146185397558,-0.000509146185397558,0.0175510432427389,2.72857607550756,-15.2644798532653,-9.47661802808638,-2.28209144354228,-9.47661802808638,-2.28209144354228,-0.763567081312767,17.7010237222904,1.73472347597681e-18,-3.29496417600717e-19,-9.62010866910331e-19,0,0,0,0.00138174908359249,-0.00146165364460813,-0.00623142958188206,0.0069875301218291,0.0175510349137461,-0.000509136241330345,1.29638370246956e-11,3.65196780335103e-09,6.37740236799443e-12,1.31445563416831e-19,1.04083408558608e-17,1.1721506578507e-13
NC_k0026,0.00822368421052631,0.00822368421052631,0.203651816488505,17.4562813837267,-101.592343350907,17.2480271564091,-88.6338143253608,-19.7542579189947,98.246761848968,-14.81682542133,94.8676005078479,1,1280,1.37242726492349,-0.111515322890301,0.416100940870947,0.842203264601073,5.71750548119103e-19,-5.96430308875235e-20,0,-2.7240364516739e-18,3.9535361259212e-05,0.00192866803897615,1,1.10040412823976e-19,-6.87334893054992e-20,1,0.00138174908359249,-0.00623142958188207,-0.00623142958188207,-0.00146165364460813,0.0069875301218291,-0.000509136241330345,-0.000509136241330345,0.0175510349137461,1,-2.71050543121376e-20,0,1,0.00138173500471061,-0.00623155128949109,-0.00623155128949108,-0.00146163995588524,0.00698764161004838,-0.000509146185397558,-0.000509146185397558,0.0175510432427389,2.74316796896045,-15.2522220507978,-9.49887697334809,-2.29249995152,-9.49887697334809,-2.29249995152,-0.771351841475271,17.7050222286172,8.67361737988404e-19,-2.86654177431912e-19,-1.19672913935879e-18,0,0,0,0.00138174908359249,-0.00146165364460813,-0.00623142958188206,0.0069875301218291,0.0175510349137461,-0.000509136241330345,4.96273746926043e-12,2.1079731762678e-09,1.22732280397464e-11,1.10040412823976e-19,9.54097911787244e-18,1.39696593414012e-13
NC_k0026,0.0144736842105263,0.0144736842105263,0.203728330381447,18.1442342631776,-106.87890923614,17.3825822290437,-84.6108167165542,-21.8610918797674,100.385387094243,-13.5423855464705,93.983308429021,1,1280,2.40238710448806,-0.232886097437045,0.715935332326851,1.48786584890656,1.48010073982073e-18,2.30991840416658e-19,0,2.16230802385649e-18,3.94196471402215e-05,0.00192943183569476,1,6.0486382083662e-20,-7.7640389165212e-20,1,0.00138174908359249,-0.00623142958188207,-0.00623142958188207,-0.00146165364460812,0.0069875301218291,-0.000509136241330345,-0.000509136241330345,0.0175510349137461,1,-2.71050543121376e-20,0,1,0.00138173500471061,-0.00623155128949109,-0.00623155128949108,-0.00146163995588524,0.00698764161004838,-0.000509146185397558,-0.000509146185397558,0.0175510432427389,2.77646206660692,-15.2264304576603,-9.54813325861925,-2.31583461742186,-9.54813325861925,-2.31583461742186,-0.789561566505401,17.7192508016067,1.30104260698261e-18,-4.6752933222335e-19,3.92156526083091e-19,0,0,0,0.00138174908359249,-0.00146165364460813,-0.00623142958188206,0.0069875301218291,0.0175510349137461,-0.000509136241330345,6.33105259153126e-12,3.05567848592513e-09,1.71938283993754e-11,7.7640389165212e-20,3.46944695195361e-18,6.96177066440928e-14
NC_k0027,-0.0167763157894737,-0.0167763157894737,0.528510011066499,54.0287664271659,45.8364677185476,41.3994249492354,58.4810071655358,-49.1839214569688,-46.9374106477271,-45.6842814991077,-61.40497898312,1,1280,-9.92745463691781,-4.76324804464765,-4.84793188491654,0.170927677925957,-8.03728387825924e-19,1.08540323873493e-18,0,7.4922711162603e-19,0.000392893493918351,-0.0015532480916708,1,-9.57878983036376e-20,1.64279703519493e-19,1,0.00546780616345854,-0.0148737930887004,-0.0148737930887004,-0.000154353349661787,0.0019668210442262,-0.00420214574164678,-0.00420214574164678,-0.0112837554077873,1,0,0,1,0.0054677916838047,-0.0148740835924717,-0.0148740835924717,-0.000154312925414131,0.00196673359772409,-0.00420222781480579,-0.00420222781480579,-0.0112837134541288,7.64293228103657,-55.8444962032827,1.39519641801394,-5.86630323862842,1.39519641801394,-5.86630323862842,-11.7555695081743,-11.3138808920552,2.60208521396521e-18,-1.66625518908671e-19,8.76783202409474e-19,0,0,0,0.00546780616345854,-0.000154353349661787,-0.0148737930887004,0.00196682104422621,-0.0112837554077873,-0.00420214574164677,6.84153252152814e-13,4.24889010341558e-09,3.76952722197581e-12,1.64279703519493e-19,6.93889390390723e-18,1.11755432580873e-13
NC_k0027,-0.0105263157894737,-0.0105263157894737,0.527713543175196,50.8041721985449,47.8471515471136,42.2482693095182,55.8823118655711,-47.3754372267524,-49.0269341720923,-45.1541288693032,-58.7433456819309,1,1280,-6.38028837899667,-3.08438545191625,-3.1233423642012,0.114837860427724,1.18343737621227e-18,1.6160793063571e-18,0,2.84050513628259e-19,0.000392021639165477,-0.00155122468414951,1,-1.98634034685042e-19,1.64908957686909e-19,1,0.00546780616345854,-0.0148737930887004,-0.0148737930887004,-0.000154353349661785,0.00196682104422621,-0.00420214574164678,-0.00420214574164678,-0.0112837554077873,1,0,0,1,0.0054677916838047,-0.0148740835924717,-0.0148740835924717,-0.000154312925414131,0.00196673359772409,-0.00420222781480579,-0.00420222781480579,-0.0112837134541288,7.60003917522703,-55.7364668707893,1.38137704759938,-5.86962016362516,1.38137704759938,-5.86962016362516,-11.7967903140693,-11.3034562496395,3.46944695195361e-18,-3.16960668001423e-19,1.34758289406365e-19,0,0,0,0.00546780616345854,-0.000154353349661787,-0.0148737930887004,0.00196682104422621,-0.0112837554077873,-0.00420214574164677,1.99601421039105e-12,4.12770992266313e-09,4.65330639323925e-12,1.98634034685042e-19,8.67361737988404e-18,8.20496243091611e-15
NC_k0027,-0.00427631578947369,-0.00427631578947369,0.527563179800538,47.6023216393227,50.157249997928,43.9973792132009,53.4314157224421,-45.9960598713916,-51.7814054666962,-45.0971245365397,-55.8570941799773,1,1280,-2.61687371026093,-1.27103185394768,-1.28300883618884,0.0486338483813037,1.08691532489468e-18,1.89730086229043e-18,0,1.29839232029999e-18,0.000391493627279344,-0.00155034015657602,1,-5.9819917849576e-20,1.03813591901268e-19,1,0.00546780616345854,-0.0148737930887004,-0.0148737930887004,-0.00015435334966179,0.00196682104422621,-0.00420214574164678,-0.00420214574164678,-0.0112837554077873,1,0,0,1,0.0054677916838047,-0.0148740835924717,-0.0148740835924717,-0.000154312925414131,0.00196673359772409,-0.00420222781480579,-0.00420222781480579,-0.0112837134541288,7.5790393981858,-55.7074714340369,1.37685043842486,-5.87138406142715,1.37685043842486,-5.87138406142715,-11.8221808464873,-11.3098871241189,2.60208521396521e-18,6.31428006980791e-20,-2.06624270443926e-19,0,0,0,0.00546780616345854,-0.000154353349661787,-0.0148737930887004,0.00196682104422621,-0.0112837554077873,-0.00420214574164677,3.21959002310253e-12,2.89989323767503e-09,8.68807395123356e-12,1.03813591901268e-19,6.93889390390723e-18,1.04800920047598e-13
NC_k0027,0.00197368421052631,0.00197368421052631,0.527554739974041,44.8450827362667,52.5445703828627,46.5175533903291,51.0330285924213,-45.2222435691206,-54.759185710756,-45.6368429340642,-52.8693291697276,1,1280,1.20928094767221,0.587838070426012,0.593049275972421,-0.0226222648074024,1.94091644162913e-18,2.81196740514952e-18,0,7.79396042927064e-19,0.000391409190816556,-0.00155021774712553,1,2.74257641789685e-19,1.19488545301406e-19,1,0.00546780616345854,-0.0148737930887004,-0.0148737930887004,-0.000154353349661785,0.00196682104422621,-0.00420214574164678,-0.00420214574164678,-0.0112837554077873,1,0,0,1,0.0054677916838047,-0.0148740835924717,-0.0148740835924717,-0.000154312925414131,0.00196673359772409,-0.00420222781480579,-0.00420222781480579,-0.0112837134541288,7.57584479575096,-55.704579608173,1.37632135644959,-5.8716064863553,1.37632135644959,-5.8716064863553,-11.8262114737958,-11.3115590120573,3.46944695195361e-18,-2.10063264615819e-19,5.99110175198992e-20,0,0,0,0.00546780616345854,-0.000154353349661787,-0.0148737930887004,0.00196682104422621,-0.0112837554077873,-0.00420214574164677,1.32888625291591e-11,3.38680302301801e-09,4.66116883373955e-12,2.74257641789685e-19,8.67361737988404e-18,2.52536377479187e-14
NC_k0027,0.00822368421052631,0.00822368421052631,0.527622780393229,42.7940774514191,54.968434381624,49.5967762280352,48.6798634141222,-45.0701138720754,-57.701407258253,-46.8041830357239,-49.9927008513119,1,1280,5.00841305295028,2.42633728400141,2.45346761119406,-0.091415706775553,1.16599379145475e-18,4.19268074001078e-19,0,2.73035776591503e-19,0.000391779409701386,-0.00155079061594325,1,2.37409920182646e-19,-9.44457911052547e-20,1,0.00546780616345854,-0.0148737930887004,-0.0148737930887004,-0.000154353349661787,0.00196682104422621,-0.00420214574164678,-0.00420214574164678,-0.0112837554077873,1,0,0,1,0.0054677916838047,-0.0148740835924717,-0.0148740835924717,-0.000154312925414131,0.00196673359772409,-0.00420222781480579,-0.00420222781480579,-0.0112837134541288,7.59012803576479,-55.7207267918428,1.37899700768352,-5.87050288109754,1.37899700768352,-5.87050288109754,-11.8085141575889,-11.3054903939384,3.03576608295941e-18,-4.1528905329421e-19,-1.66417219137686e-19,0,0,0,0.00546780616345854,-0.000154353349661787,-0.0148737930887004,0.00196682104422621,-0.0112837554077873,-0.00420214574164677,1.71956769984774e-12,4.56582284790211e-09,4.25557638076546e-12,2.37409920182646e-19,8.67361737988404e-18,5.42883194201382e-14
NC_k0027,0.0144736842105263,0.0144736842105263,0.52807853566474,41.6041674356607,57.4985665875797,52.8723239930154,46.519560227415,-45.4435775340772,-60.4547825403765,-48.485174408731,-47.5948606102524,1,1280,8.66128790901514,4.16779502313174,4.2335973676086,-0.151484568519488,7.66935394179566e-19,-3.08439106808773e-19,0,6.19313433340902e-19,0.000392546002012511,-0.00155234208865347,1,8.65608537285401e-20,5.27794202098932e-20,1,0.00546780616345854,-0.0148737930887004,-0.0148737930887004,-0.000154353349661784,0.00196682104422621,-0.00420214574164678,-0.00420214574164678,-0.0112837554077873,1,0,0,1,0.0054677916838047,-0.0148740835924717,-0.0148740835924717,-0.000154312925414131,0.00196673359772409,-0.00420222781480579,-0.00420222781480579,-0.0112837134541288,7.62389317914283,-55.7890666723667,1.38855162975353,-5.86748904255704,1.38855162975353,-5.86748904255704,-11.7715842121693,-11.3056721485753,3.46944695195361e-18,-6.04970747518882e-19,-1.60250805697326e-19,0,0,0,0.00546780616345854,-0.000154353349661787,-0.0148737930887004,0.00196682104422621,-0.0112837554077873,-0.00420214574164677,1.4725379998239e-12,3.69174813603775e-09,4.21650057158156e-12,8.65608537285401e-20,8.67361737988404e-18,7.58960050109158e-14
NC_k0028,-0.0167763157894737,-0.0167763157894737,0.427402747552885,-84.8665823858393,43.1111231558167,-97.8508432457524,52.7093258792822,79.6022861928746,-43.3822339727541,104.01277154198,-52.2795807131786,1,1280,-3.01829411507682,4.88841767344912,0.617140774262868,2.16261314011579,1.96898764289672e-18,8.13186040077611e-18,0,-2.32241875758348e-18,0.000363433684174719,0.000665388520499143,1,5.76641198161925e-20,-6.01832572152637e-19,1,-0.00471347832099348,-0.00430342922469209,-0.00430342922469209,0.00798128353293045,0.0130887593471326,0.0111079045568512,0.0111079045568512,0.000928206497120308,1,0,0,1,-0.00471340835681155,-0.00430351327604414,-0.00430351327604414,0.00798122952482866,0.0130887341905412,0.0111081215081121,0.0111081215081121,0.00092830009592779,-13.5314330264668,-17.5214404112281,7.18060856867473,14.9855850338865,7.18060856867473,14.9855850338865,33.5539740514179,-6.72039034462951,2.60208521396521e-18,-6.10664852424502e-19,-1.02936818836353e-19,0,0,0,-0.00471347832099349,0.00798128353293045,-0.00430342922469209,0.0130887593471326,0.000928206497120309,0.0111079045568512,9.90757591956651e-13,5.34988536227973e-09,1.41205693538824e-11,6.01832572152637e-19,6.93889390390723e-18,3.46780114625068e-14
NC_k0028,-0.0105263157894737,-0.0105263157894737,0.426134200030532,-87.7514317230203,44.472626233446,-95.5473050326708,50.4134777176509,84.3712213575374,-44.6763260475788,99.820328430667,-50.0331372960286,1,1280,-1.892834544093,3.09338230842559,0.396180762229745,1.35263584350046,4.09821671405722e-18,-8.26360711129865e-18,0,-1.51836611495744e-18,0.000363005729486652,0.000666135780206933,1,5.88196259740944e-20,-1.58345948585232e-19,1,-0.00471347832099349,-0.00430342922469209,-0.00430342922469209,0.00798128353293045,0.0130887593471326,0.0111079045568512,0.0111079045568512,0.000928206497120307,1,0,0,1,-0.00471340835681155,-0.00430351327604414,-0.00430351327604414,0.00798122952482866,0.0130887341905412,0.0111081215081121,0.0111081215081121,0.00092830009592779,-13.4760711310695,-17.458820185817,7.14472842390103,14.8899277352891,7.14472842390103,14.8899277352891,33.5577128064824,-6.62015078517709,2.60208521396521e-18,-2.39946490976585e-19,4.67648618727616e-19,0,0,0,-0.00471347832099349,0.00798128353293045,-0.00430342922469209,0.0130887593471326,0.000928206497120309,0.0111079045568512,3.23801946525844e-12,3.52908646586393e-09,8.19879802679755e-12,1.58345948585232e-19,5.20417042793042e-18,5.75779386926888e-14
NC_k0028,-0.00427631578947369,-0.00427631578947369,0.425537884114332,-90.2538732262661,45.9431519066991,-93.3400376054864,48.3409652068967,89.094763262048,-45.9848000876681,95.3901798919239,-48.1133820719185,1,1280,-0.767484393410182,1.25678325864825,0.161468625528562,0.546912560619045,-9.13690469736274e-19,-3.80986155252124e-19,0,7.58225513201627e-18,0.000362933406310648,0.000666503249308576,1,9.58981462615868e-20,-4.46905484997015e-19,1,-0.00471347832099348,-0.00430342922469209,-0.00430342922469209,0.00798128353293046,0.0130887593471326,0.0111079045568512,0.0111079045568512,0.000928206497120303,1,0,0,1,-0.00471340835681155,-0.00430351327604414,-0.00430351327604414,0.00798122952482866,0.0130887341905412,0.0111081215081121,0.0111081215081121,0.00092830009592779,-13.4444464958563,-17.4336424373049,7.12682280190402,14.8376335907014,7.12682280190402,14.8376335907014,33.573259405844,-6.56881420075954,2.16840434497101e-18,-2.47755876059644e-19,4.02421649322137e-19,0,0,0,-0.00471347832099349,0.00798128353293045,-0.00430342922469209,0.0130887593471326,0.000928206497120309,0.0111079045568512,6.04517775824486e-12,1.81505087262824e-09,1.16111575497286e-11,4.46905484997015e-19,6.93889390390723e-18,8.21831065604872e-15
NC_k0028,0.00197368421052631,0.00197368421052631,0.425448394977288,-92.5276465495753,47.644925709669,-91.1090101595056,46.5394242259603,93.7169821583964,-47.4880009674322,90.8103362783035,-46.5088314833183,1,1280,0.354071069913241,-0.579877990089833,-0.0745162836582776,-0.252175396624782,2.61741121635459e-18,-3.62647891944068e-18,0,-3.8935722305116e-19,0.000362931271878545,0.000666556254141526,1,8.16548788779253e-20,-2.02967176084448e-20,1,-0.00471347832099349,-0.0043034292246921,-0.0043034292246921,0.00798128353293045,0.0130887593471326,0.0111079045568512,0.0111079045568512,0.000928206497120307,1,0,0,1,-0.00471340835681155,-0.00430351327604414,-0.00430351327604414,0.00798122952482866,0.0130887341905412,0.0111081215081121,0.0111081215081121,0.00092830009592779,-13.4393070957185,-17.4302128938606,7.12410061388137,14.8294024068937,7.12410061388137,14.8294024068937,33.5763037276504,-6.5610246304744,2.60208521396521e-18,6.40135149125214e-19,2.47848370098866e-19,0,0,0,-0.00471347832099349,0.00798128353293045,-0.00430342922469209,0.0130887593471326,0.000928206497120309,0.0111079045568512,2.26897878533822e-11,3.27143510713072e-09,2.04613572768143e-11,8.16548788779253e-20,6.93889390390723e-18,9.00290018760386e-15
NC_k0028,0.00822368421052631,0.00822368421052631,0.425851338292928,-94.7294558699039,49.6200249206488,-88.7115253769146,44.9934261517692,98.2107555084535,-49.2871669954187,86.1226232173877,-45.1457212834472,1,1280,1.47764546135659,-2.41765451064354,-0.310202986264692,-1.05471399077486,2.63986089817928e-18,-4.17837713285851e-18,0,-1.15930355466042e-18,0.00036295889409094,0.000666312203318692,1,1.04351176720207e-19,5.68018448726833e-20,1,-0.00471347832099348,-0.0043034292246921,-0.0043034292246921,0.00798128353293045,0.0130887593471326,0.0111079045568512,0.0111079045568512,0.000928206497120306,1,0,0,1,-0.00471340835681155,-0.00430351327604414,-0.00430351327604414,0.00798122952482866,0.0130887341905412,0.0111081215081121,0.0111081215081121,0.00092830009592779,-13.4616067242627,-17.4464080696611,7.13628164174157,14.8656589996639,7.13628164174157,14.8656589996639,33.5640925440951,-6.59592920028547,2.16840434497101e-18,-3.37755080190867e-19,3.2336134335674e-20,0,0,0,-0.00471347832099349,0.00798128353293045,-0.00430342922469209,0.0130887593471326,0.000928206497120309,0.0111079045568512,3.32535892747579e-12,2.3574543187903e-09,1.02525587695991e-11,1.04351176720207e-19,5.20417042793042e-18,1.4599575905581e-14
NC_k0028,0.0144736842105263,0.0144736842105263,0.426830260118344,-96.982767714318,51.8430816321613,-85.9770541378509,43.6098117948879,102.501960955742,-51.4168567239371,81.3527683333582,-43.8707221055831,1,1280,2.60499185562199,-4.23895704247261,-0.539208511660732,-1.86506445712378,1.58148330441768e-18,-1.50539592295261e-18,0,-2.36762914114318e-18,0.000363202313737948,0.000665709753057464,1,3.68241280008003e-20,-3.86823442752573e-19,1,-0.00471347832099349,-0.00430342922469209,-0.00430342922469209,0.00798128353293045,0.0130887593471326,0.0111079045568512,0.0111079045568512,0.000928206497120307,1,0,0,1,-0.00471340835681155,-0.00430351327604414,-0.00430351327604414,0.00798122952482866,0.0130887341905412,0.0111081215081121,0.0111081215081121,0.00092830009592779,-13.5080780193088,-17.4921789136704,7.16488487299372,14.9450933610008,7.16488487299372,14.9450933610008,33.550564622629,-6.67729951636558,1.95156391047391e-18,6.95999099837936e-19,3.11193771853652e-19,0,0,0,-0.00471347832099349,0.00798128353293045,-0.00430342922469209,0.0130887593471326,0.000928206497120309,0.0111079045568512,9.76503296338649e-13,4.01963472708415e-09,9.74298512828117e-12,3.86823442752573e-19,6.93889390390723e-18,5.56632810438298e-14
NC_k0029,-0.0167763157894737,-0.0167763157894737,0.320902981406167,-25.2066105916097,19.2740647873479,-15.5859478355809,19.4852447481417,23.0485017117611,-20.2712707051754,21.2138391403981,-18.6192347428946,1,1280,4.77914234841723,6.26882841821905,3.64583035299001,0.577253997607523,-1.43247168014993e-18,6.05464775525539e-19,0,-1.51796906826341e-18,0.00192252625617674,-0.000388449251772316,1,-6.47335588613206e-20,-4.013509878454e-19,1,0.00884989807930435,0.00647985072343881,0.00647985072343881,0.0126933317263392,-0.00424549304752961,0.00927811762783743,0.00927811762783743,-0.00380295810394701,1,4.33680868994202e-19,0,1,0.0088499694418461,0.00647997728302325,0.00647997728302325,0.0126933655553492,-0.0042455105362534,0.00927829884107235,0.00927829884107235,-0.00380297991430111,-0.0871349381449715,21.2939917132742,2.57545266764115,8.57754400574671,2.57545266764115,8.57754400574671,32.1185353072943,-3.2553880051453,2.60208521396521e-18,-5.61180405350693e-19,4.27680490531332e-19,0,0,0,0.00884989807930435,0.0126933317263392,0.00647985072343881,-0.00424549304752961,-0.00380295810394701,0.00927811762783743,1.72086622347569e-12,3.6375411599442e-09,6.57519223211713e-12,4.013509878454e-19,6.93889390390723e-18,4.72246914619727e-14
NC_k0029,-0.0105263157894737,-0.0105263157894737,0.320480417871399,-23.7147964408639,18.8372128834218,-17.0611891749062,18.841567521781,22.7275236219855,-19.6308658616417,21.5278399396811,-18.1431331748163,1,1280,3.07666920694077,4.03787681553441,2.34780018741686,0.355243402999116,-2.56470326772271e-18,1.48077406483935e-18,0,-6.5296975810446e-19,0.00192130003754655,-0.000388009856610956,1,-3.87207378021827e-20,-3.37854859510591e-19,1,0.00884989807930435,0.00647985072343881,0.00647985072343881,0.0126933317263392,-0.00424549304752961,0.00927811762783744,0.00927811762783744,-0.00380295810394701,1,4.33680868994202e-19,0,1,0.0088499694418461,0.00647997728302325,0.00647997728302325,0.0126933655553492,-0.0042455105362534,0.00927829884107235,0.00927829884107235,-0.00380297991430111,-0.0337965755124646,21.3227437566284,2.58693565657669,8.53357278551993,2.58693565657669,8.53357278551993,32.0694431653809,-3.22711103418077,3.03576608295941e-18,-4.5587756341326e-19,3.16985012763845e-19,0,0,0,0.00884989807930435,0.0126933317263392,0.00647985072343881,-0.00424549304752961,-0.00380295810394701,0.00927811762783743,1.42557205210696e-12,3.75501484860976e-09,1.42848392729605e-11,3.37854859510591e-19,8.67361737988404e-18,9.35346435953159e-14
NC_k0029,-0.00427631578947369,-0.00427631578947369,0.320373927320719,-21.7293359388045,18.4785408248587,-18.9023370415606,18.4585321534537,22.3041189287183,-18.8564210345505,21.8133180204288,-18.1580936512481,1,1280,1.26294232616342,1.6579289328007,0.963887515458165,0.142002186189682,-1.3415943093324e-18,1.19167774947452e-18,0,1.11570121021152e-19,0.00192078809999048,-0.000387686896750082,1,-2.6763270323804e-20,-2.22881704514537e-19,1,0.00884989807930435,0.00647985072343881,0.00647985072343881,0.0126933317263392,-0.00424549304752961,0.00927811762783743,0.00927811762783743,-0.00380295810394701,1,4.33680868994202e-19,0,1,0.0088499694418461,0.00647997728302325,0.00647997728302325,0.0126933655553492,-0.0042455105362534,0.00927829884107235,0.00927829884107235,-0.00380297991430111,0.00224717365310011,21.346779966958,2.59254617073781,8.50862124780931,2.59254617073781,8.50862124780931,32.0594440682799,-3.21152891554861,2.16840434497101e-18,-6.12789305838246e-20,-1.05964268839638e-19,0,0,0,0.00884989807930435,0.0126933317263392,0.00647985072343881,-0.00424549304752961,-0.00380295810394701,0.00927811762783743,8.69739325086727e-12,1.75700532566802e-09,1.25694367934314e-11,2.22881704514537e-19,5.20417042793042e-18,4.31441995676073e-14
NC_k0029,0.00197368421052631,0.00197368421052631,0.320363229121809,-19.6436738650241,18.4005577791969,-20.9568203241335,18.4112980807033,21.9301356265894,-18.2788400199408,22.1568113838792,-18.6075391486223,1,1280,-0.583713707761119,-0.766264940376881,-0.445492953885521,-0.0653211166607877,-9.43839548702606e-19,-2.41318694056015e-18,0,-3.3288527175992e-18,0.00192071840909715,-0.000387631885125268,1,3.05215128880189e-20,-1.18689094539475e-19,1,0.00884989807930436,0.00647985072343881,0.00647985072343881,0.0126933317263392,-0.00424549304752961,0.00927811762783743,0.00927811762783743,-0.00380295810394701,1,4.33680868994202e-19,0,1,0.0088499694418461,0.00647997728302325,0.00647997728302325,0.0126933655553492,-0.0042455105362534,0.00927829884107235,0.00927829884107235,-0.00380297991430111,0.00828263922645384,21.3509157538154,2.5933485488601,8.50463299989485,2.5933485488601,8.50463299989485,32.0587615506446,-3.20904631149449,2.60208521396521e-18,-2.75210650216525e-19,1.26136858493969e-19,0,0,0,0.00884989807930435,0.0126933317263392,0.00647985072343881,-0.00424549304752961,-0.00380295810394701,0.00927811762783743,1.4804127877454e-11,2.96051732608175e-09,1.18563664809759e-11,1.18689094539475e-19,6.93889390390723e-18,6.84438872602627e-14
NC_k0029,0.00822368421052631,0.00822368421052631,0.320422709385282,-17.7042591784941,18.6644359243219,-23.0160625940516,18.6821423653486,21.6309881511688,-18.0928634511994,22.5726766515874,-19.3413166869522,1,1280,-2.4160855108733,-3.17122882492592,-1.84381373081372,-0.275603219365627,-2.57908297549134e-19,1.12822009247415e-17,0,2.19585350641797e-18,0.00192104711106917,-0.000387866270632147,1,4.61333196959958e-20,5.12892163140558e-20,1,0.00884989807930435,0.00647985072343881,0.00647985072343881,0.0126933317263392,-0.00424549304752961,0.00927811762783743,0.00927811762783743,-0.00380295810394701,1,4.33680868994202e-19,0,1,0.0088499694418461,0.00647997728302325,0.00647997728302325,0.0126933655553492,-0.0042455105362534,0.00927829884107235,0.00927829884107235,-0.00380297991430111,-0.0175717352314007,21.3334254191431,2.58964587810775,8.52208822128653,2.58964587810775,8.52208822128653,32.0635570692412,-3.21992416765851,2.16840434497101e-18,-2.28721314029264e-19,6.08343779629332e-19,0,0,0,0.00884989807930435,0.0126933317263392,0.00647985072343881,-0.00424549304752961,-0.00380295810394701,0.00927811762783743,2.53704940861261e-12,3.81722679497057e-09,1.0242737398941e-11,5.12892163140558e-20,6.93889390390723e-18,1.75842151162819e-13
NC_k0029,0.0144736842105263,0.0144736842105263,0.320680065191053,-16.0783496163423,19.225376860769,-24.7440772486287,19.1216869151522,21.3392048324713,-18.3883097064009,22.9557463114385,-20.0764386461522,1,1280,-4.17259202814142,-5.47457088947955,-3.18356376281485,-0.494874238967999,-2.32960530274534e-19,-5.09151173722315e-18,0,-5.91761701497986e-19,0.00192196606840309,-0.000388289638390816,1,1.11700872144532e-19,-2.57037388552902e-19,1,0.00884989807930435,0.00647985072343881,0.00647985072343881,0.0126933317263392,-0.00424549304752961,0.00927811762783743,0.00927811762783743,-0.00380295810394701,1,4.33680868994202e-19,0,1,0.0088499694418461,0.00647997728302325,0.00647997728302325,0.0126933655553492,-0.0042455105362534,0.00927829884107235,0.00927829884107235,-0.00380297991430111,-0.0668387177265619,21.3029479341824,2.5803158363438,8.55913652127365,2.5803158363438,8.55913652127365,32.0922208925805,-3.24335420659917,2.60208521396521e-18,3.66543391406703e-19,2.00842892684968e-19,0,0,0,0.00884989807930435,0.0126933317263392,0.00647985072343881,-0.00424549304752961,-0.00380295810394701,0.00927811762783743,1.67129546523452e-12,3.01763436407058e-09,1.19846323414993e-11,2.57037388552902e-19,6.93889390390723e-18,1.46792586611399e-13
NC_k0030,-0.0167763157894737,-0.0167763157894737,0.467284057244165,52.8316448907279,-17.6261516628501,61.1537935855626,-16.5866632671461,-49.5145514129891,15.6820871254222,-65.8759220103889,18.2662572612054,1,1280,4.05427835719988,-6.32299941704297,-0.748677949748226,-1.15583868014754,-6.77728928199397e-18,3.58407433251876e-18,0,-3.14737590864997e-18,-0.000425343640814286,-0.000796111737269076,1,6.91085472297134e-22,5.45407120224367e-19,1,0.00224963521138601,0.00750527742196521,0.00750527742196521,-0.00353491288320555,-0.0121081658433772,-0.012816905715274,-0.012816905715274,-0.00390302330741578,1,0,-2.16840434497101e-19,1,0.00224960382863733,0.00750542400941485,0.00750542400941485,-0.00353488777622675,-0.0121081648690219,-0.0128171560454637,-0.0128171560454637,-0.00390310246140558,7.99189729164618,26.8263638504338,-2.78559168254914,-10.8126759463521,-2.78559168254914,-10.8126759463521,-41.5481942334198,1.76735166302303,2.60208521396521e-18,4.80760483246496e-19,5.55457523824752e-19,0,0,0,0.00224963521138601,-0.00353491288320555,0.00750527742196521,-0.0121081658433772,-0.00390302330741578,-0.012816905715274,1.4430266877751e-12,6.15430901904495e-09,1.6547501804334e-11,5.45407120224367e-19,5.20417042793042e-18,4.79933024672182e-14
NC_k0030,-0.0105263157894737,-0.0105263157894737,0.466468730117521,55.0725007198345,-17.0051563221986,60.0308112026672,-16.160521186122,-53.091425355774,15.6909279175292,-63.4120054656386,17.1868503945841,1,1280,2.54530418436386,-4.00184236709405,-0.480657600300919,-0.722010090395996,-1.43578040260014e-18,2.2431417676764e-18,0,1.05955880767632e-18,-0.000424491603170761,-0.000796930657247868,1,8.44229125769989e-21,2.53488575983687e-19,1,0.00224963521138601,0.00750527742196521,0.00750527742196521,-0.00353491288320555,-0.0121081658433772,-0.012816905715274,-0.012816905715274,-0.00390302330741578,1,0,-2.16840434497101e-19,1,0.00224960382863733,0.00750542400941485,0.00750542400941485,-0.00353488777622675,-0.0121081648690219,-0.0128171560454637,-0.0128171560454637,-0.00390310246140558,7.97521456738605,26.764511235611,-2.78240407477111,-10.7428804310666,-2.78240407477111,-10.7428804310666,-41.5251205123721,1.68465056982642,1.73472347597681e-18,5.95337149892827e-19,1.45821674652078e-19,0,0,0,0.00224963521138601,-0.00353491288320555,0.00750527742196521,-0.0121081658433772,-0.00390302330741578,-0.012816905715274,1.44096090273801e-12,3.73879776366232e-09,1.17922397108111e-11,2.53488575983687e-19,5.20417042793042e-18,9.09182476818889e-14
NC_k0030,-0.00427631578947369,-0.00427631578947369,0.466172998189262,56.8741546091259,-16.4399653014609,58.8287285657442,-16.0614167756389,-56.4523066026327,15.8078481318685,-60.6490990385966,16.3937594616576,1,1280,1.03142514140597,-1.62706234182506,-0.196560276138292,-0.291631015946117,-5.63799688071243e-19,-1.71012643328193e-18,0,1.02146217738458e-18,-0.000424210008869651,-0.000797295398582783,1,-5.83419808644674e-20,4.79341166642784e-19,1,0.00224963521138601,0.00750527742196521,0.00750527742196521,-0.00353491288320555,-0.0121081658433771,-0.012816905715274,-0.012816905715274,-0.00390302330741578,1,0,-2.16840434497101e-19,1,0.00224960382863733,0.00750542400941485,0.00750542400941485,-0.00353488777622675,-0.0121081648690219,-0.0128171560454637,-0.0128171560454637,-0.00390310246140558,7.96202340839996,26.7432630502499,-2.78228993949342,-10.7038443194109,-2.78228993949342,-10.7038443194109,-41.530769895526,1.64260202795771,2.81892564846231e-18,2.27876115428858e-19,-2.31452495714121e-19,0,0,0,0.00224963521138601,-0.00353491288320555,0.00750527742196521,-0.0121081658433772,-0.00390302330741578,-0.012816905715274,9.41053666366623e-12,2.12025906349349e-09,6.40215817284643e-12,4.79341166642784e-19,5.20417042793042e-18,2.39347655072739e-14
NC_k0030,0.00197368421052631,0.00197368421052631,0.46613345718198,58.3460383814401,-16.1077083301286,57.4481767660242,-16.2848422716966,-59.5646964578571,16.1799181649869,-57.6276228179629,15.9108515561549,1,1280,-0.475759648010909,0.750839051088402,0.0907762030155795,0.134444859997229,2.47509644632607e-18,8.06878291598526e-19,0,6.52724912643144e-19,-0.000424177607554715,-0.000797345863517679,1,-6.52305663889328e-20,1.82209908105435e-19,1,0.00224963521138601,0.00750527742196521,0.00750527742196521,-0.00353491288320555,-0.0121081658433772,-0.012816905715274,-0.012816905715274,-0.00390302330741578,1,0,-2.16840434497101e-19,1,0.00224960382863733,0.00750542400941485,0.00750542400941485,-0.00353488777622675,-0.0121081648690219,-0.0128171560454637,-0.0128171560454637,-0.00390310246140558,7.95961869068091,26.7406117025958,-2.78235683057509,-10.697644287979,-2.78235683057509,-10.697644287979,-41.5325387692131,1.636292120134,2.60208521396521e-18,2.87397573008294e-19,-1.62857545804841e-19,0,0,0,0.00224963521138601,-0.00353491288320555,0.00750527742196521,-0.0121081658433772,-0.00390302330741578,-0.012816905715274,1.00716299970943e-11,3.10462527044714e-09,1.21068147918823e-11,1.82209908105435e-19,5.20417042793042e-18,1.52433326724862e-14
NC_k0030,0.00822368421052631,0.00822368421052631,0.466321774730036,59.6028074661641,-16.0850212006969,55.7830100095349,-16.7779887793294,-62.4266738210312,16.8589336672114,-54.3591747945692,15.7111228990481,1,1280,-1.98664951374052,3.12859414323248,0.376841727732331,0.562733229834858,-3.53810294279552e-18,1.16031734721916e-17,0,1.75075092752563e-18,-0.000424344432026711,-0.000797109143375907,1,-4.55073421936992e-20,-1.06699281269652e-19,1,0.00224963521138601,0.00750527742196521,0.00750527742196521,-0.00353491288320555,-0.0121081658433772,-0.012816905715274,-0.012816905715274,-0.00390302330741578,1,0,-2.16840434497101e-19,1,0.00224960382863733,0.00750542400941485,0.00750542400941485,-0.00353488777622675,-0.0121081648690219,-0.0128171560454637,-0.0128171560454637,-0.00390310246140558,7.96954048933124,26.7537140769324,-2.78222569411551,-10.7248435239188,-2.78222569411551,-10.7248435239188,-41.5265141332235,1.66472056154227,2.16840434497101e-18,-9.7591423926124e-20,4.0308699697495e-19,0,0,0,0.00224963521138601,-0.00353491288320555,0.00750527742196521,-0.0121081658433772,-0.00390302330741578,-0.012816905715274,2.41935104665459e-12,2.48674017566889e-09,2.40673619513471e-12,1.06699281269652e-19,5.20417042793042e-18,2.21415226320739e-14
NC_k0030,0.0144736842105263,0.0144736842105263,0.466885052944106,60.7413874299049,-16.3935367296592,53.7098888819237,-17.4072947949112,-65.0054321916116,17.8401828768783,-50.8483237242104,15.6872631827863,1,1280,-3.50207436254721,5.48215554167211,0.653426789111182,0.996375509355959,-2.78932581742271e-18,5.60120388706607e-18,0,2.58595188329798e-18,-0.000424930792210581,-0.000796476508232836,1,-2.00018053606611e-20,3.40976827272913e-19,1,0.00224963521138601,0.00750527742196521,0.00750527742196521,-0.00353491288320555,-0.0121081658433772,-0.012816905715274,-0.012816905715274,-0.00390302330741578,1,0,-2.16840434497101e-19,1,0.00224960382863733,0.00750542400941485,0.00750542400941485,-0.00353488777622675,-0.0121081648690219,-0.0128171560454637,-0.0128171560454637,-0.00390310246140558,7.98570069133586,26.7960882303795,-2.78371008559912,-10.7833811204893,-2.78371008559912,-10.7833811204893,-41.5320067324713,1.73191311658997,2.60208521396521e-18,1.05939991043228e-20,3.77261190329756e-21,0,0,0,0.00224963521138601,-0.00353491288320555,0.00750527742196521,-0.0121081658433772,-0.00390302330741578,-0.012816905715274,1.90607855401797e-12,3.48281786747477e-09,2.06092853292875e-11,3.40976827272913e-19,5.20417042793042e-18,3.32911114775246e-15
NC_k0031,-0.0167763157894737,-0.0167763157894737,0.477624199330916,50.0738650367605,-59.1497756136632,47.4768992178584,-70.4214865757626,-46.791493480563,63.2114358860847,-53.4433665050137,65.8591002538681,1,1280,-5.89575319653402,-5.63224003321207,-3.8042377658162,-1.71186413788802,4.22150632999703e-18,2.05114818441917e-18,0,6.43031679353003e-18,-0.00154233824333424,-7.47079575706884e-05,1,1.15664947551278e-19,4.21365986200939e-19,1,-0.00489617049868363,-0.0095951032372957,-0.0095951032372957,-0.0131397015888722,-0.00314287102986019,-0.00907244958180329,-0.00907244958180329,0.00437295903755682,1,0,2.71050543121376e-20,1,-0.00489625478319111,-0.0095952906416558,-0.0095952906416558,-0.0131397053701464,-0.00314283132832664,-0.00907262677808418,-0.00907262677808418,0.00437292534231237,5.08997797967851,-29.7504471781512,-10.2291140981457,-11.4487213407846,-10.2291140981457,-11.4487213407846,-29.5550933965235,9.59880187930458,2.16840434497101e-18,9.92000359673874e-19,-3.72762849435992e-19,0,0,0,-0.00489617049868363,-0.0131397015888722,-0.0095951032372957,-0.00314287102986019,0.00437295903755682,-0.00907244958180328,1.05882349799381e-12,4.67562418346239e-09,4.30642965038568e-12,4.21365986200939e-19,6.93889390390723e-18,1.08087845459651e-14
NC_k0031,-0.0105263157894737,-0.0105263157894737,0.476828143078484,49.6902277485689,-60.7446392594685,47.3521019360044,-67.8024695575743,-47.7936936810435,63.4988119807367,-51.9498438852406,64.5187714876906,1,1280,-3.78740884610704,-3.63619430893244,-2.44978904116298,-1.065351542289,-1.13952401185305e-18,4.01146614731572e-19,0,-3.82743748617676e-18,-0.00154162964721821,-7.49141810970223e-05,1,1.43254157595495e-19,2.24108677721627e-19,1,-0.00489617049868362,-0.00959510323729571,-0.00959510323729571,-0.0131397015888722,-0.00314287102986019,-0.00907244958180329,-0.00907244958180329,0.00437295903755682,1,0,2.71050543121376e-20,1,-0.00489625478319111,-0.0095952906416558,-0.0095952906416558,-0.0131397053701464,-0.00314283132832664,-0.00907262677808418,-0.00907262677808418,0.00437292534231237,5.00475472485847,-29.7771489715424,-10.1884873025145,-11.3900123856383,-10.1884873025145,-11.3900123856383,-29.53864939949,9.53137856343164,2.60208521396521e-18,-9.27645050845682e-20,-2.26787216297907e-19,0,0,0,-0.00489617049868363,-0.0131397015888722,-0.0095951032372957,-0.00314287102986019,0.00437295903755682,-0.00907244958180328,4.21252936927511e-12,4.45964169736745e-09,7.17991473994976e-12,2.24108677721627e-19,8.67361737988404e-18,2.31670870425156e-14
NC_k0031,-0.00427631578947369,-0.00427631578947369,0.476517980246482,48.8480048253088,-62.4808810181173,47.751340629954,-65.3473978400175,-48.8100571582282,63.5034433128323,-50.500105663351,63.7809334494201,1,1280,-1.55220595775537,-1.49403640266038,-1.00525997893719,-0.429279980580903,1.48549064869213e-18,3.45822707412494e-19,0,-2.11320161961167e-18,-0.00154139309885859,-7.51615559011759e-05,1,1.42353427533477e-19,2.96447593451068e-19,1,-0.00489617049868362,-0.00959510323729571,-0.00959510323729571,-0.0131397015888722,-0.00314287102986019,-0.00907244958180329,-0.00907244958180329,0.00437295903755682,1,0,2.71050543121376e-20,1,-0.00489625478319111,-0.0095952906416558,-0.0095952906416558,-0.0131397053701464,-0.00314283132832664,-0.00907262677808418,-0.00907262677808418,0.00437292534231237,4.95385113084923,-29.8034600955995,-10.1659813100468,-11.3575645368564,-10.1659813100468,-11.3575645368564,-29.5439657181203,9.49414236201043,3.03576608295941e-18,-1.89784794351481e-19,-3.36602064671846e-19,0,0,0,-0.00489617049868363,-0.0131397015888722,-0.0095951032372957,-0.00314287102986019,0.00437295903755682,-0.00907244958180328,4.8467107228116e-12,1.94288600583345e-09,1.48112941279554e-11,2.96447593451068e-19,8.67361737988404e-18,8.7369973745604e-15
NC_k0031,0.00197368421052631,0.00197368421052631,0.476474546615263,48.0015833124006,-64.5139676262266,48.5177650340389,-63.1911639995245,-50.0058429424679,63.6387977411183,-49.2256882484479,63.5201262066758,1,1280,0.71721279920207,0.690564748768876,0.464566590830425,0.197790603330248,1.79748994085733e-18,1.67378508025003e-18,0,4.85410097525308e-18,-0.00154136499273155,-7.52073511335092e-05,1,1.23598855881546e-19,6.34468401981886e-20,1,-0.00489617049868362,-0.0095951032372957,-0.0095951032372957,-0.0131397015888722,-0.00314287102986019,-0.00907244958180329,-0.00907244958180329,0.00437295903755682,1,0,2.71050543121376e-20,1,-0.00489625478319111,-0.0095952906416558,-0.0095952906416558,-0.0131397053701464,-0.00314283132832664,-0.00907262677808418,-0.00907262677808418,0.00437292534231237,4.9456259418426,-29.8081184436389,-10.1623873932724,-11.3524277150473,-10.1623873932724,-11.3524277150473,-29.5455023467396,9.48822010436206,1.73472347597681e-18,-3.8604855799433e-19,-1.17242362563008e-20,0,0,0,-0.00489617049868363,-0.0131397015888722,-0.0095951032372957,-0.00314287102986019,0.00437295903755682,-0.00907244958180328,7.67219768396707e-12,4.2779620861908e-09,1.04693843556068e-11,1.23598855881546e-19,5.20417042793042e-18,1.60775406038619e-14
NC_k0031,0.00822368421052631,0.00822368421052631,0.476676898114249,47.4452138279621,-66.8699086101815,49.4057816924296,-61.3576620061422,-51.4022070191012,64.1819694134269,-48.1549273374432,63.5097937324116,1,1280,2.97210874428713,2.85679279843615,1.92353750909867,0.829432992285079,4.18255604931313e-19,4.38688454986475e-18,0,3.77641036854959e-18,-0.00154150641511149,-7.50186419668298e-05,1,-5.61177280465044e-20,1.98103485959984e-20,1,-0.00489617049868362,-0.0095951032372957,-0.0095951032372957,-0.0131397015888722,-0.00314287102986019,-0.00907244958180329,-0.00907244958180329,0.00437295903755682,1,0,2.71050543121376e-20,1,-0.00489625478319111,-0.0095952906416558,-0.0095952906416558,-0.0131397053701464,-0.00314283132832664,-0.00907262677808418,-0.00907262677808418,0.00437292534231237,4.98142751479519,-29.788674754892,-10.1781126290721,-11.3750043271704,-10.1781126290721,-11.3750043271704,-29.5401299366709,9.51417916363295,2.60208521396521e-18,-1.64143800967738e-19,7.08997048390539e-20,0,0,0,-0.00489617049868363,-0.0131397015888722,-0.0095951032372957,-0.00314287102986019,0.00437295903755682,-0.00907244958180328,6.69579695976995e-12,4.47281433269273e-09,2.0860610223041e-12,5.61177280465044e-20,8.67361737988404e-18,8.15181226856249e-15
NC_k0031,0.0144736842105263,0.0144736842105263,0.477239333062274,47.3634771099386,-69.4489750243012,50.0186216615068,-59.7324445692968,-52.8985330996184,65.2919268577837,-47.1727730261657,63.3781165959745,1,1280,5.14368421515487,4.92427179905541,3.3224254846894,1.47357686392469,-2.47695594834309e-18,-4.18834796796223e-18,0,4.796688023297e-18,-0.00154199495485317,-7.47523353772371e-05,1,-7.10898523281712e-20,3.1974807510239e-19,1,-0.00489617049868362,-0.0095951032372957,-0.0095951032372957,-0.0131397015888722,-0.00314287102986019,-0.00907244958180329,-0.00907244958180329,0.00437295903755682,1,0,2.71050543121376e-20,1,-0.00489625478319111,-0.0095952906416558,-0.0095952906416558,-0.0131397053701464,-0.00314283132832664,-0.00907262677808418,-0.00907262677808418,0.00437292534231237,5.05538052389496,-29.7572686718928,-10.2118437029304,-11.4238823440649,-10.2118437029304,-11.4238823440649,-29.5431967671363,9.57023368368828,2.60208521396521e-18,1.08304357419035e-19,-3.03209448269352e-19,0,0,0,-0.00489617049868363,-0.0131397015888722,-0.0095951032372957,-0.00314287102986019,0.00437295903755682,-0.00907244958180328,1.75591773758581e-12,3.59091721329582e-09,1.01004730940491e-11,3.1974807510239e-19,6.93889390390723e-18,1.2701840134502e-13
NC_k0032,-0.0167763157894737,-0.0167763157894737,0.380176717584585,80.0514721461606,-38.3584001152454,100.439459076745,-56.2650687076787,-72.885199091449,40.9050612753268,-105.374061066423,56.0829900458048,1,1280,8.274443258938,0.906431761883708,3.02968875687106,-2.16071917309289,-5.15104558026982e-18,2.7715066926671e-18,0,-8.7791656260458e-19,0.00134046733954158,0.000679100797706073,1,-1.3081713789206e-19,1.58437934384356e-19,1,0.0136913367855113,0.0110871636454645,0.0110871636454645,0.00148412401573944,-0.00614492925545892,-0.0032909159200919,-0.0032909159200919,0.00623130741358428,1,-1.0842021724855e-19,0,1,0.0136913142294451,0.0110873801916295,0.0110873801916295,0.00148422067073539,-0.00614486861373164,-0.00329098019579346,-0.00329098019579346,0.00623124719362534,16.0868620742715,41.8245436172376,-3.19328740514847,-9.74272156522895,-3.19328740514847,-9.74272156522895,-5.57613811501232,9.02146647198646,2.60208521396521e-18,1.79095018154304e-19,-3.44576541378318e-19,0,0,0,0.0136913367855113,0.00148412401573944,0.0110871636454645,-0.00614492925545893,0.00623130741358428,-0.00329091592009189,3.27386882151763e-13,6.33183927684076e-09,5.85960518387353e-12,1.58437934384356e-19,5.20417042793042e-18,3.06629554608917e-15
NC_k0032,-0.0105263157894737,-0.0105263157894737,0.379588925210677,83.9975444611303,-41.0988802078803,96.884727348381,-52.5993038190869,-78.8857749662089,43.1842701884129,-99.7292789661767,52.8963483121237,1,1280,5.27572138304594,0.632737144710254,1.94979131415958,-1.35829401142829,-5.26497151167552e-19,1.70748772712789e-18,0,-2.20344371571876e-19,0.00134011880932694,0.000677888815173039,1,-9.28074759535202e-20,1.54755838637728e-20,1,0.0136913367855113,0.0110871636454645,0.0110871636454645,0.00148412401573944,-0.00614492925545893,-0.00329091592009189,-0.00329091592009189,0.00623130741358428,1,-1.0842021724855e-19,0,1,0.0136913142294451,0.0110873801916295,0.0110873801916295,0.00148422067073539,-0.00614486861373164,-0.00329098019579346,-0.00329098019579346,0.00623124719362534,16.0726461464402,41.7625010965232,-3.15549250365242,-9.65629315929934,-3.15549250365242,-9.65629315929934,-5.59403654334741,8.96006515468893,3.46944695195361e-18,-2.50983826107275e-19,-3.43190416652286e-19,0,0,0,0.0136913367855113,0.00148412401573944,0.0110871636454645,-0.00614492925545893,0.00623130741358428,-0.00329091592009189,2.35137284311809e-12,5.48247673899029e-09,1.13445619339285e-11,9.28074759535202e-20,8.67361737988404e-18,1.18015822033696e-13
NC_k0032,-0.00427631578947369,-0.00427631578947369,0.379440162414866,87.991957660311,-44.2669344449037,93.2303959598047,-48.9892244719207,-85.1945037373316,45.8358071638919,-93.7430254367036,49.811584107962,1,1280,2.15633060549266,0.272172558748691,0.801406044199649,-0.551250966255062,-4.5408906906711e-20,-1.85334779326181e-18,0,-1.78973264107281e-18,0.00133990519169701,0.000677386295155929,1,-1.72540838419267e-19,1.53902437756529e-19,1,0.0136913367855113,0.0110871636454645,0.0110871636454645,0.00148412401573945,-0.00614492925545892,-0.00329091592009189,-0.00329091592009189,0.00623130741358428,1,-1.0842021724855e-19,0,1,0.0136913142294451,0.0110873801916295,0.0110873801916295,0.00148422067073539,-0.00614486861373164,-0.00329098019579346,-0.00329098019579346,0.00623124719362534,16.0699870808,41.7497907132481,-3.13743028830911,-9.61004438747018,-3.13743028830911,-9.61004438747018,-5.60293064935879,8.93516323534022,2.60208521396521e-18,-4.95805400025213e-19,-2.87154981568024e-19,0,0,0,0.0136913367855113,0.00148412401573944,0.0110871636454645,-0.00614492925545893,0.00623130741358428,-0.00329091592009189,2.72150864054268e-12,2.78923266431976e-09,2.03000098076564e-12,1.72540838419267e-19,5.20417042793042e-18,8.9826671586563e-14
NC_k0032,0.00197368421052631,0.00197368421052631,0.379425354895964,91.8494541849415,-47.6869145229556,89.4319461039081,-45.5041273677853,-91.472231972105,48.7101346277652,-87.5215590383029,46.8733094450402,1,1280,-0.995998303417808,-0.126727302719682,-0.370499450025358,0.254360951085842,-4.90683539366456e-19,2.42233597172529e-18,0,-1.03408660789337e-18,0.00133987172269551,0.000677319776165233,1,7.07490918319663e-20,1.76117219042008e-20,1,0.0136913367855113,0.0110871636454645,0.0110871636454645,0.00148412401573944,-0.00614492925545893,-0.00329091592009189,-0.00329091592009189,0.00623130741358428,1,-1.0842021724855e-19,0,1,0.0136913142294451,0.0110873801916295,0.0110873801916295,0.00148422067073539,-0.00614486861373164,-0.00329098019579346,-0.00329098019579346,0.00623124719362534,16.0697308568858,41.7489465565816,-3.1347694293701,-9.6028501788148,-3.1347694293701,-9.6028501788148,-5.6041984383704,8.93178142207614,1.73472347597681e-18,-2.76787822119001e-19,-1.41583237960693e-19,0,0,0,0.0136913367855113,0.00148412401573944,0.0110871636454645,-0.00614492925545893,0.00623130741358428,-0.00329091592009189,6.19897871648827e-12,3.96677026997869e-09,2.22828848599655e-12,7.07490918319663e-20,5.20417042793042e-18,5.26691592572465e-14
NC_k0032,0.00822368421052631,0.00822368421052631,0.379507986655296,95.5531500699931,-51.258972037846,85.47919640474,-42.2275042820825,-97.5585261301679,51.7451576460892,-81.1986069046294,44.1281825674879,1,1280,-4.13432123341464,-0.50778526929965,-1.53189514589564,1.06086768748961,1.18379471823689e-18,-1.57731431413042e-18,0,7.44866215436651e-19,0.00134001976927614,0.00067763881554347,1,-8.85566668662977e-20,1.27859389742185e-21,1,0.0136913367855113,0.0110871636454645,0.0110871636454645,0.00148412401573944,-0.00614492925545893,-0.00329091592009189,-0.00329091592009189,0.00623130741358427,1,-1.0842021724855e-19,0,1,0.0136913142294451,0.0110873801916295,0.0110873801916295,0.00148422067073539,-0.00614486861373164,-0.00329098019579346,-0.00329098019579346,0.00623124719362534,16.0711671660902,41.7550312175608,-3.14685125164657,-9.63470450499057,-3.14685125164657,-9.63470450499057,-5.59835959043521,8.94775069970253,1.84314369322536e-18,-4.15932692286571e-19,9.23478452082172e-20,0,0,0,0.0136913367855113,0.00148412401573944,0.0110871636454645,-0.00614492925545893,0.00623130741358428,-0.00329091592009189,1.51068828344836e-12,3.10701224029567e-09,3.47232735665396e-12,8.85566668662977e-20,5.20417042793042e-18,6.20190587541746e-14
NC_k0032,0.0144736842105263,0.0144736842105263,0.379868433796898,99.1358476072671,-54.9131222440978,81.4734335255421,-39.3031595065397,-103.339959825464,54.9010728499216,-75.0249739397891,41.6868619514648,1,1280,-7.19317772865603,-0.817531241384947,-2.64353396011362,1.86679900273716,-2.28431550984684e-18,5.01903417195125e-19,0,2.8340936593547e-18,0.00134033354312839,0.000678550933472275,1,-2.779424104994e-20,1.29779567629892e-19,1,0.0136913367855113,0.0110871636454645,0.0110871636454645,0.00148412401573944,-0.00614492925545893,-0.00329091592009189,-0.00329091592009189,0.00623130741358428,1,-1.0842021724855e-19,0,1,0.0136913142294451,0.0110873801916295,0.0110873801916295,0.00148422067073539,-0.00614486861373164,-0.00329098019579346,-0.00329098019579346,0.00623124719362534,16.0787234911517,41.7913392837553,-3.17666196130953,-9.70599788566818,-3.17666196130953,-9.70599788566818,-5.58357065170531,8.993017869065,1.73472347597681e-18,-1.78837628928011e-19,1.43569627873816e-20,0,0,0,0.0136913367855113,0.00148412401573944,0.0110871636454645,-0.00614492925545893,0.00623130741358428,-0.00329091592009189,1.0839880009477e-12,3.46762907967354e-09,2.6301299197268e-12,1.29779567629892e-19,3.46944695195361e-18,1.73897760613918e-14
NC_k0033,-0.0167763157894737,-0.0167763157894737,0.486863416460215,-19.8195214569417,66.0867472953704,-22.7877474083575,78.5408033923453,16.203302508016,-70.7275238358063,29.0449299100115,-77.2632293210662,1,1280,-3.44835852539961,5.96203918103806,0.829514616360682,1.44735509237479,-5.65325009120791e-19,2.88152005977542e-18,0,-3.62894722638854e-18,0.00110428502447612,-0.00153121738160204,1,-4.02336087416196e-21,-4.9414973751163e-19,1,0.00391322324877468,-0.00626045912008749,-0.00626045912008749,0.00480708725796237,-0.000209210142586541,0.012488685847635,0.012488685847635,-0.0128986124998242,1,1.0842021724855e-19,0,1,0.00391324890316561,-0.00626058139467968,-0.00626058139467968,0.00480710418321258,-0.000209304104079105,0.0124889297672804,0.0124889297672804,-0.0128985825413718,-1.42265839805292,-26.8575950064472,5.19556618859454,7.53621424617744,5.19556618859454,7.53621424617744,42.8781453117546,-13.8720652100721,3.46944695195361e-18,-4.52100245935332e-19,1.57846774756054e-18,0,0,0,0.00391322324877467,0.00480708725796237,-0.00626045912008749,-0.000209210142586534,-0.0128986124998242,0.012488685847635,1.57202971823706e-12,5.29369945606154e-09,1.22398434033291e-11,4.9414973751163e-19,8.67361737988404e-18,1.58826954441053e-13
NC_k0033,-0.0105263157894737,-0.0105263157894737,0.485022158941594,-21.1856321674352,67.0911927884102,-22.6782266409946,75.0288786560016,19.0945128014688,-70.7796032515949,27.3864473920701,-74.6830330193443,1,1280,-2.17721732455601,3.79981536247718,0.535457352513961,0.90513166436233,4.32291205565113e-19,8.06055577761281e-18,0,-1.47617328627233e-18,0.00110253125897455,-0.00152911389138149,1,-3.82007073623805e-20,-2.65424112182412e-19,1,0.00391322324877468,-0.00626045912008749,-0.00626045912008749,0.00480708725796237,-0.000209210142586539,0.012488685847635,0.012488685847635,-0.0128986124998242,1,1.0842021724855e-19,0,1,0.00391324890316561,-0.00626058139467968,-0.00626058139467968,0.00480710418321258,-0.000209304104079105,0.0124889297672804,0.0124889297672804,-0.0128985825413718,-1.40850228933653,-26.7506172273208,5.18437700097748,7.46696710705793,5.18437700097748,7.46696710705793,42.7918157027474,-13.8050233492855,3.46944695195361e-18,-4.07887526587512e-19,1.49985068763276e-18,0,0,0,0.00391322324877467,0.00480708725796237,-0.00626045912008749,-0.000209210142586534,-0.0128986124998242,0.012488685847635,3.17048354606332e-12,4.32666672375396e-09,2.51786088774479e-12,2.65424112182412e-19,1.04083408558608e-17,1.28528195430777e-13
NC_k0033,-0.00427631578947369,-0.00427631578947369,0.484269345771112,-22.0002355365659,68.7215391247002,-22.5235176359846,71.9723772674923,21.8583475700993,-71.2442567426605,25.2734347734496,-72.7827132268229,1,1280,-0.885020811039895,1.55020030065098,0.219509231571666,0.366031046468452,1.82551151128818e-18,-3.33714933914311e-18,0,-2.6611459097015e-18,0.00110175695687183,-0.00152807124276555,1,5.12903300636515e-20,-3.04653712722359e-19,1,0.00391322324877468,-0.00626045912008749,-0.00626045912008749,0.00480708725796237,-0.000209210142586536,0.012488685847635,0.012488685847635,-0.0128986124998242,1,1.0842021724855e-19,0,1,0.00391324890316561,-0.00626058139467968,-0.00626058139467968,0.00480710418321258,-0.000209304104079105,0.0124889297672804,0.0124889297672804,-0.0128985825413718,-1.39345639192749,-26.7091751049397,5.18034004997043,7.42776079866062,5.18034004997043,7.42776079866062,42.7664664273497,-13.77893593245,2.60208521396521e-18,-6.2074296486925e-19,6.88835741402674e-19,0,0,0,0.00391322324877467,0.00480708725796237,-0.00626045912008749,-0.000209210142586534,-0.0128986124998242,0.012488685847635,4.34535277588447e-12,2.45592490912852e-09,1.27630902544157e-11,3.04653712722359e-19,5.20417042793042e-18,1.53143903682091e-13
NC_k0033,0.00197368421052631,0.00197368421052631,0.484165324774784,-22.4300421638088,70.9847973087868,-22.1944775044417,69.4828307942796,24.4049641507384,-72.2527863108266,22.8256297586406,-71.5459965744525,1,1280,0.408402862294637,-0.715708105453392,-0.101410730242359,-0.168766560824341,-3.22209678774311e-18,-7.37044064692104e-18,0,1.97649844285871e-18,0.00110164847924855,-0.00152791758760301,1,1.42168819545629e-19,-1.01100470446511e-19,1,0.00391322324877468,-0.00626045912008749,-0.00626045912008749,0.00480708725796237,-0.000209210142586535,0.012488685847635,0.012488685847635,-0.0128986124998242,1,1.0842021724855e-19,0,1,0.00391324890316561,-0.00626058139467968,-0.00626058139467968,0.00480710418321258,-0.000209304104079105,0.0124889297672804,0.0124889297672804,-0.0128985825413718,-1.39062707365273,-26.7036958567443,5.17979421534441,7.42153761594545,5.17979421534441,7.42153761594545,42.763645477309,-13.7754101292203,2.16840434497101e-18,-2.96343095369454e-19,2.72153746109384e-19,0,0,0,0.00391322324877467,0.00480708725796237,-0.00626045912008749,-0.000209210142586534,-0.0128986124998242,0.012488685847635,1.66795275634326e-11,2.93278746659484e-09,9.4930213327759e-13,1.42168819545629e-19,5.20417042793042e-18,8.8283039410043e-15
NC_k0033,0.00822368421052631,0.00822368421052631,0.484652805677723,-22.632718025849,73.8426366923311,-21.5409206350313,67.6178442923294,26.654455467597,-73.9035223759995,20.1338194389029,-70.8963378810034,1,1280,1.70182612951768,-2.97549456761985,-0.420310584573784,-0.705799562932759,6.5590542209841e-19,-1.96239077411404e-18,0,-1.08546279573904e-18,0.00110215347439652,-0.00152861603399877,1,9.34019041430547e-20,8.26287248637379e-20,1,0.00391322324877468,-0.00626045912008749,-0.00626045912008749,0.00480708725796237,-0.000209210142586538,0.012488685847635,0.012488685847635,-0.0128986124998242,1,1.0842021724855e-19,0,1,0.00391324890316561,-0.00626058139467968,-0.00626058139467968,0.00480710418321258,-0.000209304104079105,0.0124889297672804,0.0124889297672804,-0.0128985825413718,-1.4021606261231,-26.729954384778,5.18235432197992,7.44886065780772,5.18235432197992,7.44886065780772,42.7784254486207,-13.7920873224472,2.60208521396521e-18,-4.32350123597029e-19,6.5889730171529e-19,0,0,0,0.00391322324877467,0.00480708725796237,-0.00626045912008749,-0.000209210142586534,-0.0128986124998242,0.012488685847635,2.57028946066957e-12,3.12578505672718e-09,4.21629870987694e-12,9.34019041430547e-20,8.67361737988404e-18,4.11191332404528e-14
NC_k0033,0.0144736842105263,0.0144736842105263,0.486004975564002,-22.7432154149874,77.2033090732944,-20.3924438870935,66.3850602978499,28.4943324741586,-76.2370837199327,17.2737341538774,-70.707158410849,1,1280,2.98576699833486,-5.18490463318987,-0.725715419502235,-1.24806463078062,9.69235647869209e-19,-1.13835106974445e-18,0,-1.94446339209575e-18,0.00110349706592796,-0.00153031097130893,1,6.48645942402034e-20,-3.4360260969191e-19,1,0.00391322324877467,-0.00626045912008749,-0.00626045912008749,0.00480708725796237,-0.00020921014258653,0.012488685847635,0.012488685847635,-0.0128986124998242,1,1.0842021724855e-19,0,1,0.00391324890316561,-0.00626058139467968,-0.00626058139467968,0.00480710418321258,-0.000209304104079105,0.0124889297672804,0.0124889297672804,-0.0128985825413718,-1.41874173836073,-26.8072763321062,5.19012103430399,7.50739725148249,5.19012103430399,7.50739725148249,42.8344601381838,-13.8404000594091,3.03576608295941e-18,-1.47017258498563e-19,-7.15610924809827e-19,0,0,0,0.00391322324877467,0.00480708725796237,-0.00626045912008749,-0.000209210142586534,-0.0128986124998242,0.012488685847635,1.52273582175069e-12,2.91876408142007e-09,1.01555123836216e-11,3.4360260969191e-19,8.67361737988404e-18,5.92798200380333e-14
NC_k0034,-0.0167763157894737,-0.0167763157894737,0.386973229783638,38.9825465338242,120.547457387381,25.2807953265139,154.184814167515,-34.9085543582501,-130.099792952119,-29.6610436093206,-147.519365696698,1,1280,-1.72397114509894,-6.74606312270408,-2.79511130837498,1.67880189183013,-1.07198140611565e-18,3.09983618448532e-18,0,1.77299546855841e-19,0.000171971120086297,-0.00136080250581056,1,-2.50463606736528e-20,4.19850202218558e-19,1,0.00359295174533235,0.000616426183014777,0.000616426183014777,0.00199159317497654,0.00546833848355632,-0.00844327965108073,-0.00844327965108073,-0.0167795284827941,1,0,-3.3881317890172e-21,1,0.00359295756034158,0.000616438222588664,0.000616438222588664,0.00199161462825306,0.00546820223618344,-0.00844344455888641,-0.00844344455888641,-0.0167794474658411,4.85882543858142,-6.61160307744087,15.7283506698509,-5.17710443774058,15.7283506698509,-5.17710443774058,-27.5279650440245,-23.7809915886561,2.16840434497101e-18,-6.5065533198199e-20,1.72058157612887e-19,0,0,0,0.00359295174533235,0.00199159317497654,0.000616426183014777,0.00546833848355632,-0.0167795284827941,-0.00844327965108072,7.30706211856465e-13,4.46338015422767e-09,3.61906051668823e-12,4.19850202218558e-19,6.07153216591882e-18,5.16418524723949e-14
NC_k0034,-0.0105263157894737,-0.0105263157894737,0.386323058176676,36.3382396156654,126.406540132865,27.4439344396558,147.929772980734,-33.7065679362396,-133.12630579139,-30.3931012082857,-144.125662202995,1,1280,-1.16077136413002,-4.29357034480504,-1.79993276394858,1.05583823796793,1.10087813363457e-19,-2.76971832818276e-18,0,-3.42686617556122e-18,0.000172084903210898,-0.00135969520340459,1,1.46151749367759e-21,4.56487062436094e-19,1,0.00359295174533235,0.000616426183014777,0.000616426183014777,0.00199159317497654,0.00546833848355632,-0.00844327965108073,-0.00844327965108073,-0.0167795284827941,1,0,-3.3881317890172e-21,1,0.00359295756034158,0.000616438222588664,0.000616438222588664,0.00199161462825306,0.00546820223618344,-0.00844344455888641,-0.00844344455888641,-0.0167794474658411,4.8847507308856,-6.5455040347203,15.6215431077094,-5.17024596780115,15.6215431077094,-5.17024596780115,-27.5189498185862,-23.7414212201083,1.51788304147971e-18,8.69337831759462e-20,4.80687057927676e-20,0,0,0,0.00359295174533235,0.00199159317497654,0.000616426183014777,0.00546833848355632,-0.0167795284827941,-0.00844327965108072,3.84205601965967e-12,2.29309009142203e-09,3.01516317095648e-12,4.56487062436094e-19,1.73472347597681e-18,6.23618992562127e-14
NC_k0034,-0.00427631578947369,-0.00427631578947369,0.38608527818449,33.5843918694506,132.725639895235,29.9130812044899,141.54048036514,-32.5841453809697,-136.363977523454,-31.2351971723279,-140.833117748672,1,1280,-0.48847097490823,-1.75365963291221,-0.739903100580748,0.428617982828935,3.53097760899898e-19,-2.95231348532016e-18,0,1.20527262827795e-17,0.00017203420506773,-0.00135909865569039,1,5.14490750468364e-21,2.08240314828716e-19,1,0.00359295174533235,0.000616426183014777,0.000616426183014777,0.00199159317497654,0.00546833848355632,-0.00844327965108073,-0.00844327965108073,-0.0167795284827941,1,0,-3.3881317890172e-21,1,0.00359295756034158,0.000616438222588664,0.000616438222588664,0.00199161462825306,0.00546820223618344,-0.00844344455888641,-0.00844344455888641,-0.0167794474658411,4.89725995879049,-6.51816887929792,15.5652411499935,-5.16546727184232,15.5652411499935,-5.16546727184232,-27.5249784501617,-23.7286174806824,1.40946282423116e-18,4.37145727974533e-20,-5.83172992557637e-19,0,0,0,0.00359295174533235,0.00199159317497654,0.000616426183014777,0.00546833848355632,-0.0167795284827941,-0.00844327965108072,3.04174050882145e-12,2.5977880954494e-09,5.37563098608756e-12,2.08240314828716e-19,6.93889390390723e-18,1.26525966784375e-14
NC_k0034,0.00197368421052631,0.00197368421052631,0.386052279704836,30.8761353356994,139.167103993372,32.574363093856,135.094407988966,-31.5751579993743,-139.62864058997,-32.1979780175635,-137.566129291305,1,1280,0.226597901101257,0.809949493616247,0.342060640256741,-0.197765841536786,1.1492533102179e-18,1.05522702824451e-17,0,-2.91668350761505e-18,0.000172018925717548,-0.00135900842539024,1,4.54542032841291e-20,-8.46659180898023e-20,1,0.00359295174533235,0.000616426183014777,0.000616426183014777,0.00199159317497654,0.00546833848355632,-0.00844327965108072,-0.00844327965108072,-0.0167795284827941,1,0,-3.3881317890172e-21,1,0.00359295756034158,0.000616438222588664,0.000616438222588664,0.00199161462825306,0.00546820223618344,-0.00844344455888641,-0.00844344455888641,-0.0167794474658411,4.89901897521546,-6.51446080772259,15.5565064615772,-5.16460940906057,15.5565064615772,-5.16460940906057,-27.5264407596434,-23.7269328744257,6.50521303491303e-19,2.55653763508926e-20,5.50789362034282e-19,0,0,0,0.00359295174533235,0.00199159317497654,0.000616426183014777,0.00546833848355632,-0.0167795284827941,-0.00844327965108072,1.25387634634048e-11,2.15880463102057e-09,1.57887153609923e-11,8.46659180898023e-20,3.46944695195361e-18,4.5725791607905e-14
NC_k0034,0.00822368421052631,0.00822368421052631,0.386205985980114,28.3253417156342,145.588305383512,35.3279533461876,128.706249579138,-30.6904076964326,-142.906904003875,-33.282214573286,-134.310688394867,1,1280,0.922167525118544,3.36343850162327,1.41424998882475,-0.82470920419155,-7.63408296047639e-19,5.16991853312583e-18,0,3.92105778790552e-18,0.000172071233432837,-0.00135941352989647,1,1.35519250643654e-20,-2.36362879096295e-19,1,0.00359295174533235,0.000616426183014777,0.000616426183014777,0.00199159317497654,0.00546833848355632,-0.00844327965108073,-0.00844327965108073,-0.0167795284827941,1,0,-3.3881317890172e-21,1,0.00359295756034158,0.000616438222588664,0.000616438222588664,0.00199161462825306,0.00546820223618344,-0.00844344455888641,-0.00844344455888641,-0.0167794474658411,4.8908258950818,-6.53196834056059,15.5952234364666,-5.1681598972895,15.5952234364666,-5.1681598972895,-27.5210380571125,-23.7349645474143,1.30104260698261e-18,2.39287974044593e-20,-2.94270620430346e-21,0,0,0,0.00359295174533235,0.00199159317497654,0.000616426183014777,0.00546833848355632,-0.0167795284827941,-0.00844327965108072,2.10621097192925e-12,2.08924850903041e-09,1.17987490198111e-12,2.36362879096295e-19,3.46944695195361e-18,8.19287047597606e-14
NC_k0034,0.0144736842105263,0.0144736842105263,0.386653308767536,26.0328916521263,151.898962858879,38.0327291601656,122.615629371982,-29.9172110931246,-146.248133735526,-34.4580136349485,-131.165144023441,1,1280,1.5332493779942,5.85959968509205,2.43964019081848,-1.45071988037748,-1.42100282095688e-18,1.93797167864844e-18,0,5.68737956328185e-19,0.000172052491435239,-0.00136034533178045,1,3.38114730855365e-20,6.15626737573143e-20,1,0.00359295174533235,0.000616426183014777,0.000616426183014777,0.00199159317497654,0.00546833848355632,-0.00844327965108073,-0.00844327965108073,-0.0167795284827941,1,0,-3.3881317890172e-21,1,0.00359295756034158,0.000616438222588664,0.000616438222588664,0.00199161462825306,0.00546820223618344,-0.00844344455888641,-0.00844344455888641,-0.0167794474658411,4.86987140304268,-6.58140199546435,15.6826211706228,-5.17437033281212,15.6826211706228,-5.17437033281212,-27.5202027691186,-23.7609245909359,1.73472347597681e-18,1.2415670987721e-19,-6.74799403021121e-19,0,0,0,0.00359295174533235,0.00199159317497654,0.000616426183014777,0.00546833848355632,-0.0167795284827941,-0.00844327965108072,3.18614092863638e-12,2.25640591465944e-09,3.38243653701279e-12,6.15626737573143e-20,6.93889390390723e-18,2.08174008757072e-14
NC_k0035,-0.0167763157894737,-0.0167763157894737,0.484377241884755,-54.8810535280127,-75.726131738751,-41.0292533903681,-95.5606052418591,46.3824088999507,79.4879025747512,50.5682278001441,91.1976238032484,1,1280,0.324866029712868,8.67280163396958,2.96923032901527,-0.650519747103528,-2.27941198317563e-18,1.70038555438851e-18,0,-4.21953102269425e-18,8.36336558558232e-05,-0.000671976748857327,1,1.70937674597053e-20,-4.24481847552239e-19,1,-0.00351465423052479,-0.00255730804241255,-0.00255730804241255,-0.000555357364942644,-0.0142628356337485,0.0131526284975548,0.0131526284975548,0.00209256844649203,1,2.71050543121376e-20,0,1,-0.00351464971738481,-0.00255735798983525,-0.00255735798983525,-0.000555381751186118,-0.0142627854859434,0.0131528853848301,0.0131528853848301,0.00209245887355417,-6.81469355817278,-4.18140161265146,-13.6681106074504,8.68400544581782,-13.6681106074504,8.68400544581782,43.2279400311412,12.546624675717,1.73472347597681e-18,1.48974524031362e-19,-1.45433616283251e-19,0,0,0,-0.00351465423052479,-0.000555357364942644,-0.00255730804241255,-0.0142628356337485,0.00209256844649203,0.0131526284975548,1.48120170568839e-12,5.98266436067441e-09,4.06246192657005e-12,4.24481847552239e-19,1.73472347597681e-18,1.32939638488589e-14
NC_k0035,-0.0105263157894737,-0.0105263157894737,0.482815046047111,-52.3871960620349,-80.0826027366427,-43.155272843303,-92.64152138085,46.8139271580328,82.3054381363101,49.754688324044,89.8475030069764,1,1280,0.271629981877014,5.53165341476165,1.91508352089072,-0.41150722533237,-1.31399294665274e-18,-5.85408292649088e-18,0,6.87802002826823e-18,8.26769979524944e-05,-0.000671637429064937,1,2.35143739754454e-20,-4.96238858546489e-19,1,-0.00351465423052479,-0.00255730804241255,-0.00255730804241255,-0.000555357364942644,-0.0142628356337485,0.0131526284975548,0.0131526284975548,0.00209256844649203,1,2.71050543121376e-20,0,1,-0.00351464971738481,-0.00255735798983525,-0.00255735798983525,-0.000555381751186118,-0.0142627854859434,0.0131528853848301,0.0131528853848301,0.00209245887355417,-6.83167224424245,-4.1916249411787,-13.5686800640348,8.63468342258073,-13.5686800640348,8.63468342258073,43.162177179454,12.5220132479048,2.60208521396521e-18,-1.10153426316751e-20,-5.03952029486561e-20,0,0,0,-0.00351465423052479,-0.000555357364942644,-0.00255730804241255,-0.0142628356337485,0.00209256844649203,0.0131526284975548,1.37618477956971e-12,2.91759040187332e-09,1.50337336478596e-11,4.96238858546489e-19,6.93889390390723e-18,1.40613136462205e-13
NC_k0035,-0.00427631578947369,-0.00427631578947369,0.482082075310632,-49.593490200357,-84.2727240900533,-45.7274421963804,-89.3842536891843,47.5394213535784,84.9999299888971,48.8011040531727,88.1011721080332,1,1280,0.125472446608703,2.2604842069202,0.787365695664533,-0.167599019105257,-7.29952645300687e-18,-4.95816691375715e-18,0,-1.1188362247331e-17,8.23296839838433e-05,-0.000671505525233019,1,2.51948053680088e-20,-5.09336248682721e-20,1,-0.00351465423052479,-0.00255730804241255,-0.00255730804241255,-0.000555357364942643,-0.0142628356337485,0.0131526284975548,0.0131526284975548,0.00209256844649203,1,2.71050543121376e-20,0,1,-0.00351464971738481,-0.00255735798983525,-0.00255735798983525,-0.000555381751186118,-0.0142627854859434,0.0131528853848301,0.0131528853848301,0.00209245887355417,-6.83712690352268,-4.19729764703923,-13.5154243665072,8.60627757005104,-13.5154243665072,8.60627757005104,43.1455205131886,12.5091416870288,2.81892564846231e-18,9.82430407044049e-21,-7.07799149504603e-20,0,0,0,-0.00351465423052479,-0.000555357364942644,-0.00255730804241255,-0.0142628356337485,0.00209256844649203,0.0131526284975548,6.19093022655753e-12,1.83692201283096e-09,1.07091051495309e-11,5.09336248682721e-20,6.93889390390723e-18,2.18782636279163e-14
NC_k0035,0.00197368421052631,0.00197368421052631,0.481972544139813,-46.7457178480182,-88.0843956686929,-48.5379968939371,-85.724963065188,48.4444440421369,87.3449671215938,47.8575766697041,85.9110990576479,1,1280,-0.0589701720182981,-1.04404472458753,-0.363994915879911,0.0773805463235082,-2.09778959043858e-18,2.29170719580061e-18,0,-2.35131383074118e-18,8.22870080522066e-05,-0.000671487434287098,1,-7.5214699235759e-21,-8.91496007723879e-20,1,-0.00351465423052479,-0.00255730804241255,-0.00255730804241255,-0.000555357364942644,-0.0142628356337485,0.0131526284975548,0.0131526284975548,0.00209256844649202,1,2.71050543121376e-20,0,1,-0.00351464971738481,-0.00255735798983525,-0.00255735798983525,-0.000555381751186118,-0.0142627854859434,0.0131528853848301,0.0131528853848301,0.00209245887355417,-6.83762623994459,-4.19817153005548,-13.5071264949203,8.60170372727144,-13.5071264949203,8.60170372727144,43.1438848505506,12.5070631360717,2.60208521396521e-18,1.15703967082632e-19,1.07548165239601e-18,0,0,0,-0.00351465423052479,-0.000555357364942644,-0.00255730804241255,-0.0142628356337485,0.00209256844649203,0.0131526284975548,1.84033648610101e-12,3.0621603494199e-09,6.26748270127822e-13,8.91496007723879e-20,1.21430643318376e-17,2.87937310466148e-14
NC_k0035,0.00822368421052631,0.00822368421052631,0.482466777537174,-44.0627013044617,-91.485815901452,-51.379781296936,-81.663325244943,49.4121977111342,89.2556427094682,47.0542753851015,83.3288566750967,1,1280,-0.225804400212871,-4.33456956339367,-1.5049234079901,0.321895152419143,2.71479353550924e-18,5.13147117825436e-18,0,5.23910557392099e-18,8.24993438061004e-05,-0.000671572664969356,1,4.67133633559532e-21,2.6443138180651e-19,1,-0.00351465423052479,-0.00255730804241255,-0.00255730804241255,-0.000555357364942644,-0.0142628356337485,0.0131526284975548,0.0131526284975548,0.00209256844649203,1,2.71050543121376e-20,0,1,-0.00351464971738481,-0.00255735798983525,-0.00255735798983525,-0.000555381751186118,-0.0142627854859434,0.0131528853848301,0.0131528853848301,0.00209245887355417,-6.83467754015365,-4.1943153689436,-13.5438490273367,8.62163742128492,-13.5438490273367,8.62163742128492,43.1530865910035,12.5160834914594,2.60208521396521e-18,4.5155845386549e-20,1.44163289970814e-18,0,0,0,-0.00351465423052479,-0.000555357364942644,-0.00255730804241255,-0.0142628356337485,0.00209256844649203,0.0131526284975548,2.8579491803959e-12,1.94527093655886e-09,2.61135295952813e-12,2.6443138180651e-19,1.04083408558608e-17,3.49773098584019e-14
NC_k0035,0.0144736842105263,0.0144736842105263,0.483674007789054,-41.7449420991424,-94.5173639170751,-54.0101636540614,-77.3235392267078,50.292695953993,90.7357545830472,46.4974088943084,80.5157690419747,1,1280,-0.31881202790083,-7.54149346962709,-2.59390081418421,0.563465509293118,-9.49898646689557e-18,1.83423661238939e-18,0,1.57657812338524e-18,8.31808459361494e-05,-0.000671813392629193,1,-8.95994279328805e-21,-1.28955512445063e-19,1,-0.00351465423052479,-0.00255730804241255,-0.00255730804241255,-0.000555357364942643,-0.0142628356337485,0.0131526284975548,0.0131526284975548,0.00209256844649203,1,2.71050543121376e-20,0,1,-0.00351464971738481,-0.00255735798983525,-0.00255735798983525,-0.000555381751186118,-0.0142627854859434,0.0131528853848301,0.0131528853848301,0.00209245887355417,-6.8225121754418,-4.18547792531422,-13.6258260193773,8.66352926989902,-13.6258260193773,8.66352926989902,43.1935400255049,12.5357540772681,2.60208521396521e-18,-5.28954478840743e-20,1.22214667541184e-18,0,0,0,-0.00351465423052479,-0.000555357364942644,-0.00255730804241255,-0.0142628356337485,0.00209256844649203,0.0131526284975548,6.66944075602378e-13,3.14394098447276e-09,5.13026844773162e-12,1.28955512445063e-19,8.67361737988404e-18,3.38570800777103e-14
NC_k0036,-0.0167763157894737,-0.0167763157894737,0.258272928995734,-22.4460433956233,6.75530160491705,-40.390924269697,11.4334179562524,25.235887937465,-1.36956853303047,37.8071422138755,-16.9971028021735,1,1280,-8.1204201076338,-3.8411195484397,-3.9473080865043,0.733089908586349,1.18876441935711e-18,-1.06786447650818e-18,0,5.48410819955307e-19,0.000502554370153209,0.000684271405742338,1,-9.29382116739914e-20,5.10061931409785e-20,1,0.00084416212523824,-0.0113505931958439,-0.0113505931958439,0.00945185736383171,0.0125214744945685,-0.00300099643370445,-0.00300099643370445,0.0039141427757966,1,0,0,1,0.000844229291766469,-0.0113508148871173,-0.0113508148871173,0.00945184047083613,0.0125214725926003,-0.00300105504691604,-0.00300105504691604,0.00391422492980223,-4.57839657800875,-39.942654955892,1.15243054445945,5.15821097922301,1.15243054445945,5.15821097922301,-12.2013007176078,-1.07364083721337,3.46944695195361e-18,-1.11902389168017e-18,5.11339447966377e-20,0,0,0,0.000844162125238233,0.00945185736383171,-0.0113505931958439,0.0125214744945685,0.0039141427757966,-0.00300099643370445,9.59226818012476e-13,3.80645049424178e-09,1.61781371637105e-11,9.29382116739914e-20,8.67361737988404e-18,1.19932129578913e-13
NC_k0036,-0.0105263157894737,-0.0105263157894737,0.257763728189406,-26.4507345090932,8.23720469252698,-38.1923943062971,10.9180644127336,28.5442688235762,-4.4917833743908,36.2905238496038,-14.8437108924328,1,1280,-5.20779688436263,-2.50909744087504,-2.5465751273284,0.464414768231007,-5.2350606607256e-19,-3.24711486536977e-18,0,1.23260830054487e-18,0.000502589801715748,0.000684941091721364,1,7.82499256200618e-21,1.71869874157254e-19,1,0.000844162125238239,-0.0113505931958439,-0.0113505931958439,0.00945185736383172,0.0125214744945685,-0.00300099643370445,-0.00300099643370445,0.0039141427757966,1,0,0,1,0.000844229291766469,-0.0113508148871173,-0.0113508148871173,0.00945184047083613,0.0125214725926003,-0.00300105504691604,-0.00300105504691604,0.00391422492980223,-4.56287303507109,-39.8749718866356,1.13734192627829,5.11210414434858,1.13734192627829,5.11210414434858,-12.165524887277,-1.03296919766412,3.46944695195361e-18,-1.30584751251074e-18,-5.22951000367264e-19,0,0,0,0.000844162125238233,0.00945185736383171,-0.0113505931958439,0.0125214744945685,0.0039141427757966,-0.00300099643370445,1.15512040315781e-12,4.14380940401744e-09,3.95901203816855e-12,1.71869874157254e-19,8.67361737988404e-18,1.75515727411544e-13
NC_k0036,-0.00427631578947369,-0.00427631578947369,0.257598789084969,-30.4428733776034,9.37231013628703,-35.3127722246933,10.4006392533397,31.4180282422294,-7.81574051555014,34.5224787419418,-12.1384922144142,1,1280,-2.1342760937924,-1.03868274858074,-1.04707641798315,0.189267601115218,7.42536874831701e-19,-1.7462900975785e-18,0,5.60446297867953e-19,0.000502585769976061,0.000685174238181934,1,8.0814299289027e-20,-1.0734491579101e-19,1,0.000844162125238235,-0.0113505931958439,-0.0113505931958439,0.00945185736383171,0.0125214744945685,-0.00300099643370445,-0.00300099643370445,0.0039141427757966,1,0,0,1,0.000844229291766469,-0.0113508148871173,-0.0113508148871173,0.00945184047083613,0.0125214725926003,-0.00300105504691604,-0.00300105504691604,0.00391422492980223,-4.55541613119411,-39.8566828685602,1.13123077871605,5.08809752676878,1.13123077871605,5.08809752676878,-12.1524305550172,-1.01438667402096,2.16840434497101e-18,-3.04978935600643e-19,-2.7062140925139e-19,0,0,0,0.000844162125238233,0.00945185736383171,-0.0113505931958439,0.0125214744945685,0.0039141427757966,-0.00300099643370445,3.26906420225921e-12,2.87418377210179e-09,6.31770470006343e-12,1.0734491579101e-19,5.20417042793042e-18,1.2520236985556e-13
NC_k0036,0.00197368421052631,0.00197368421052631,0.257578739978096,-34.0953586224944,10.1727384587468,-31.840902058439,9.70240106468194,33.7748256327256,-11.0298558131173,32.3451535200357,-9.02665236823968,1,1280,0.986190500253248,0.480688384459062,0.484070031955065,-0.0874169161973104,1.85708664963055e-18,-5.30284397602126e-19,0,1.46675335345658e-18,0.000502583202470308,0.000685201326815087,1,1.3843116262629e-19,-4.64444685541234e-20,1,0.000844162125238234,-0.0113505931958439,-0.0113505931958439,0.00945185736383171,0.0125214744945685,-0.00300099643370445,-0.00300099643370445,0.0039141427757966,1,0,0,1,0.000844229291766469,-0.0113508148871173,-0.0113508148871173,0.00945184047083613,0.0125214725926003,-0.00300105504691604,-0.00300105504691604,0.00391422492980223,-4.55430074616745,-39.8547988473072,1.13041531717212,5.08440807332282,1.13041531717212,5.08440807332282,-12.1507192504343,-1.01177189155687,3.46944695195361e-18,-3.8775766772099e-19,6.58773881817325e-20,0,0,0,0.000844162125238233,0.00945185736383171,-0.0113505931958439,0.0125214744945685,0.0039141427757966,-0.00300099643370445,7.46508904385243e-12,3.43253970903553e-09,1.76807905658588e-12,1.3843116262629e-19,8.67361737988404e-18,2.15511385900787e-15
NC_k0036,0.00822368421052631,0.00822368421052631,0.257679120762932,-37.207723128937,10.7376758165311,-27.9437596434249,8.69709606071429,35.6778267122066,-13.9045710773122,29.6624762789874,-5.71108028239337,1,1280,4.086380755088,1.97805023219449,2.00126222580318,-0.363425187141272,-1.11610487435045e-18,4.40553912703905e-19,0,6.69407491237113e-19,0.000502591051620808,0.000685062461295211,1,2.41583428831748e-19,-9.02070685764272e-20,1,0.000844162125238233,-0.0113505931958439,-0.0113505931958439,0.0094518573638317,0.0125214744945685,-0.00300099643370445,-0.00300099643370445,0.0039141427757966,1,0,0,1,0.000844229291766469,-0.0113508148871173,-0.0113508148871173,0.00945184047083613,0.0125214725926003,-0.00300105504691604,-0.00300105504691604,0.00391422492980223,-4.55932659385729,-39.865134975212,1.13429968203619,5.10083679302519,1.13429968203619,5.10083679302519,-12.1589527304405,-1.02392063393986,1.95156391047391e-18,3.24823747412824e-19,-5.40302130982726e-19,0,0,0,0.000844162125238233,0.00945185736383171,-0.0113505931958439,0.0125214744945685,0.0039141427757966,-0.00300099643370445,1.57709792591399e-12,4.09413668626942e-09,7.53384911076219e-12,2.41583428831748e-19,5.20417042793042e-18,4.52397606917055e-14
NC_k0036,0.0144736842105263,0.0144736842105263,0.258019188704453,-39.6608198617301,11.2320022080317,-23.8951430796456,7.33812284367687,37.2661843909005,-16.274579890461,26.490426521684,-2.47451709954719,1,1280,7.07750183766618,3.37336125411379,3.4487848202874,-0.635384318778303,1.63959770553321e-18,1.43049058258287e-18,0,9.43556652933113e-19,0.000502572930213051,0.000684588248400552,1,1.63198685506656e-19,-1.17008605752953e-20,1,0.000844162125238233,-0.0113505931958439,-0.0113505931958439,0.00945185736383171,0.0125214744945685,-0.00300099643370445,-0.00300099643370445,0.0039141427757966,1,0,0,1,0.000844229291766469,-0.0113508148871173,-0.0113508148871173,0.00945184047083613,0.0125214725926003,-0.00300105504691604,-0.00300105504691604,0.00391422492980223,-4.57154444525196,-39.9077477555571,1.1454990587796,5.13845098676484,1.1454990587796,5.13845098676484,-12.1841191682021,-1.0557315402528,1.95156391047391e-18,1.38839804925117e-19,-7.48018603777743e-20,0,0,0,0.000844162125238233,0.00945185736383171,-0.0113505931958439,0.0125214744945685,0.0039141427757966,-0.00300099643370445,1.15033350339134e-12,3.3328246693696e-09,8.62916306069474e-12,1.63198685506656e-19,5.20417042793042e-18,9.89660098328101e-15
NC_k0037,-0.0167763157894737,-0.0167763157894737,0.363798044438854,66.7421437976297,2.67004710644799,68.4801807085262,-2.78057434265197,-57.9637497321758,-1.37015655362827,-77.5314770349863,4.99342706874867,1,1280,4.63873513164537,-3.61370061658501,0.338261389969883,-1.03592152987143,2.71408546890489e-18,-2.47739600842897e-18,0,7.4158065404359e-19,4.71978688341293e-05,0.00193912720392399,1,-3.82419104702343e-20,3.95914335887881e-19,1,0.00526516256280188,0.00755071311183131,0.00755071311183131,-0.00336613753595378,0.011274254889374,-0.00828254755886329,-0.00828254755886329,0.0104031002784616,1,2.71050543121376e-20,0,1,0.00526512505407344,0.00755086058669677,0.00755086058669677,-0.00336609075464219,0.0112743035589197,-0.00828270932737029,-0.00828270932737029,0.0104031574553766,10.4076327633777,27.3132222310941,5.58215431278074,-10.3961956293051,5.58215431278074,-10.3961956293051,-25.0018373945182,3.20088379162684,2.16840434497101e-18,2.78798842886278e-19,-6.79846737866184e-19,0,0,0,0.00526516256280188,-0.00336613753595378,0.0075507131118313,0.011274254889374,0.0104031002784616,-0.00828254755886328,2.8291600958113e-12,8.08091211361855e-09,8.55629426897013e-12,3.95914335887881e-19,6.93889390390723e-18,2.51464730576607e-13
NC_k0037,-0.0105263157894737,-0.0105263157894737,0.362430038068266,67.3278420923975,2.6602382676471,68.1457629227056,-0.939338111507686,-61.4673076487127,-1.122317533338,-74.2400468183382,2.90590577547509,1,1280,2.93558561968455,-2.28463409236362,0.214814004015917,-0.649979212197406,6.29510915932456e-19,-2.09291087918574e-18,0,2.98376950965433e-18,4.8025329106667e-05,0.00193756116289935,1,-6.68304067792983e-20,2.40318822892492e-19,1,0.00526516256280188,0.00755071311183131,0.00755071311183131,-0.00336613753595378,0.011274254889374,-0.00828254755886329,-0.00828254755886329,0.0104031002784616,1,2.71050543121376e-20,0,1,0.00526512505407344,0.00755086058669677,0.00755086058669677,-0.00336609075464219,0.0112743035589197,-0.00828270932737029,-0.00828270932737029,0.0104031574553766,10.4004986746929,27.254619405479,5.54581733506293,-10.3093161211567,5.54581733506293,-10.3093161211567,-24.9478233495424,3.19006849581889,2.60208521396521e-18,3.47681004835903e-19,9.75442063396213e-20,0,0,0,0.00526516256280188,-0.00336613753595378,0.0075507131118313,0.011274254889374,0.0104031002784616,-0.00828254755886328,2.05151733837909e-12,4.30676694719751e-09,1.1503903445672e-11,2.40318822892492e-19,6.93889390390723e-18,1.98347083005682e-13
NC_k0037,-0.00427631578947369,-0.00427631578947369,0.361811586671619,67.7046244809925,2.12468819445824,67.9695971029668,0.622762463943884,-65.3018787887275,-0.441328870666624,-70.5880412351909,1.19445774464543,1,1280,1.19486653821699,-0.928062573605812,0.0880453083216974,-0.263541253564975,8.9257287957004e-18,5.04815920131924e-18,0,-8.8405337421008e-18,4.83695778254608e-05,0.00193684337603283,1,-8.86238747012023e-20,1.52608184414057e-19,1,0.00526516256280188,0.00755071311183131,0.00755071311183131,-0.00336613753595378,0.0112742548893739,-0.00828254755886329,-0.00828254755886329,0.0104031002784615,1,2.71050543121376e-20,0,1,0.00526512505407344,0.00755086058669677,0.00755086058669677,-0.00336609075464219,0.0112743035589197,-0.00828270932737029,-0.00828270932737029,0.0104031574553766,10.3956638877004,27.2374239428769,5.5248729083564,-10.2616233509917,5.5248729083564,-10.2616233509917,-24.9290374423395,3.19235851904735,1.84314369322536e-18,-1.36997560132483e-19,5.57122422732999e-19,0,0,0,0.00526516256280188,-0.00336613753595378,0.0075507131118313,0.011274254889374,0.0104031002784616,-0.00828254755886328,5.37017716028658e-12,1.64623320434543e-09,7.91258793324655e-12,1.52608184414057e-19,5.20417042793042e-18,2.89974339385376e-14
NC_k0037,0.00197368421052631,0.00197368421052631,0.361721300973902,67.912707615908,1.10616128141597,67.7952991004906,1.8020825320015,-69.1833788400086,0.673043903008191,-66.7371158893832,-0.0816902120361029,1,1280,-0.551547945945922,0.428206527465104,-0.0407026680986767,0.121580973460954,4.61182970000365e-19,1.49945014870957e-18,0,-1.50135959175608e-18,4.84167004679541e-05,0.00193674113283937,1,-1.04364011267331e-19,1.02337537979079e-19,1,0.00526516256280188,0.00755071311183131,0.00755071311183131,-0.00336613753595378,0.011274254889374,-0.00828254755886329,-0.00828254755886329,0.0104031002784616,1,2.71050543121376e-20,0,1,0.00526512505407344,0.00755086058669677,0.00755086058669677,-0.00336609075464219,0.0112743035589197,-0.00828270932737029,-0.00828270932737029,0.0104031574553766,10.3947334869338,27.2355698286257,5.52151779459229,-10.254127235012,5.52151779459229,-10.254127235012,-24.9266377575368,3.19319314572087,2.60208521396521e-18,3.30107658103253e-19,-4.65023135336359e-19,0,0,0,0.00526516256280188,-0.00336613753595378,0.0075507131118313,0.011274254889374,0.0104031002784616,-0.00828254755886328,1.55256678079868e-11,3.04880340669751e-09,4.24578248606752e-12,1.04364011267331e-19,6.93889390390723e-18,1.53463871444117e-14
NC_k0037,0.00822368421052631,0.00822368421052631,0.362133456761082,68.0713993608921,-0.324775529234927,67.4913900266039,2.52319129159697,-72.9287729774859,2.22653589090471,-62.8606571065028,-0.921316023558154,1,1280,-2.2960155131399,1.78542136931185,-0.168496067463278,0.507442460185982,2.6845981344286e-19,5.14651883436762e-18,0,-1.9941446868663e-18,4.81948767836691e-05,0.00193721373692779,1,-2.05457373402503e-20,-4.83261824828021e-20,1,0.00526516256280188,0.00755071311183131,0.00755071311183131,-0.00336613753595378,0.011274254889374,-0.00828254755886329,-0.00828254755886329,0.0104031002784616,1,2.71050543121376e-20,0,1,0.00526512505407344,0.00755086058669677,0.00755086058669677,-0.00336609075464219,0.0112743035589197,-0.00828270932737029,-0.00828270932737029,0.0104031574553766,10.3984671320103,27.2454918932526,5.5361906359879,-10.2871672629796,5.5361906359879,-10.2871672629796,-24.9383482195654,3.1904682607573,1.84314369322536e-18,2.53539149852787e-20,-8.72002910571414e-19,0,0,0,0.00526516256280188,-0.00336613753595378,0.0075507131118313,0.011274254889374,0.0104031002784616,-0.00828254755886328,7.68795237318796e-12,2.05067499486437e-09,9.68611909598003e-12,4.83261824828021e-20,5.20417042793042e-18,2.06940432492654e-14
NC_k0037,0.0144736842105263,0.0144736842105263,0.363176887018107,68.3248950197156,-2.07865701615037,66.9749975725381,2.7274358237785,-76.3693114353145,4.18991750961956,-59.1896596887002,-1.32888323978211,1,1280,-4.02022460679279,3.13199822411632,-0.293114706283266,0.894285559474106,-1.60445907311196e-18,1.01500189680054e-17,0,9.67985777963642e-19,4.75789798585651e-05,0.00193843165708051,1,1.84432871729076e-20,2.70697132288565e-19,1,0.00526516256280188,0.00755071311183131,0.00755071311183131,-0.00336613753595378,0.011274254889374,-0.00828254755886329,-0.00828254755886329,0.0104031002784616,1,2.71050543121376e-20,0,1,0.00526512505407344,0.00755086058669677,0.00755086058669677,-0.00336609075464219,0.0112743035589197,-0.00828270932737029,-0.00828270932737029,0.0104031574553766,10.4044502033511,27.2837026034598,5.56711318045379,-10.3596206737004,5.56711318045379,-10.3596206737004,-24.9753149723134,3.19379032627461,2.16840434497101e-18,-3.42918935526598e-20,1.96736438197441e-19,0,0,0,0.00526516256280188,-0.00336613753595378,0.0075507131118313,0.011274254889374,0.0104031002784616,-0.00828254755886328,3.72351312420029e-12,3.6461426632482e-09,1.36373039192131e-11,2.70697132288565e-19,6.93889390390723e-18,4.98287086768488e-14
NC_k0038,-0.0167763157894737,-0.0167763157894737,0.075786572814055,23.7149260325074,7.28717154926462,20.0678340022649,1.73843726854435,-21.9830543699643,-7.49316594329386,-22.7413073403811,-0.0232438000973514,1,1280,-1.28129063393653,2.08033801067506,0.263685634323718,-0.279512238774557,-8.27772873871616e-19,1.62523454137684e-18,0,7.68140596332055e-20,-0.00100814772639457,0.00128340621075284,1,-1.3572379982487e-20,-2.42536710278279e-19,1,-0.0044705407505022,-0.00322081580792181,-0.00322081580792181,-0.0124565213817698,0.0122190735985311,0.00371546962431562,0.00371546962431562,0.00716695275968236,1,2.16840434497101e-19,0,1,-0.00447062107038353,-0.00322087871448056,-0.00322087871448056,-0.0124565237135591,0.0122190962591382,0.00371554219208172,0.00371554219208172,0.00716702475740706,2.12741164658061,-10.8333818029054,2.91994567323832,-4.6559972127279,2.91994567323832,-4.6559972127279,13.7405879717289,1.13939970467456,1.0842021724855e-18,8.64648288586857e-19,-9.01446457721947e-19,0,0,0,-0.0044705407505022,-0.0124565213817698,-0.00322081580792181,0.0122190735985311,0.00716695275968236,0.00371546962431562,7.12135045582846e-12,8.57399430316546e-09,4.36093528991865e-11,2.42536710278279e-19,3.46944695195361e-18,3.94250274696197e-13
NC_k0038,-0.0105263157894737,-0.0105263157894737,0.0757865547728816,22.9367475275594,6.19968128532289,20.568039641989,2.69058379957166,-21.9419304772407,-6.07638855449595,-22.4931683696741,-1.3094966815826,1,1280,-0.797166197524978,1.31091521793393,0.16953717673496,-0.175514815655536,-5.54657687941307e-19,1.10639046523663e-18,0,1.5804100375729e-18,-0.00100799666084804,0.00128307383904843,1,7.64741660467733e-20,-8.65980869911284e-20,1,-0.0044705407505022,-0.00322081580792181,-0.00322081580792181,-0.0124565213817698,0.0122190735985311,0.00371546962431562,0.00371546962431562,0.00716695275968236,1,2.16840434497101e-19,0,1,-0.00447062107038353,-0.00322087871448056,-0.00322087871448056,-0.0124565237135591,0.0122190962591382,0.00371554219208172,0.00371554219208172,0.00716702475740706,2.0864435993009,-10.8450297766278,2.9019036926995,-4.62233321280232,2.9019036926995,-4.62233321280232,13.7442116896834,1.17043662726947,1.30104260698261e-18,4.2305802660527e-19,1.03474768505695e-21,0,0,0,-0.0044705407505022,-0.0124565213817698,-0.00322081580792181,0.0122190735985311,0.00716695275968236,0.00371546962431562,5.7476177527301e-12,8.73757664586433e-09,6.27177123162295e-12,8.65980869911284e-20,3.46944695195361e-18,1.30379127917549e-13
NC_k0038,-0.00427631578947369,-0.00427631578947369,0.0758132653988343,22.1692724438783,5.11867777760518,21.1923749945245,3.69093823845105,-22.0229164366466,-4.62754494948248,-22.2641722856059,-2.67994538012119,1,1280,-0.320862895184338,0.532043730241047,0.0696896755687149,-0.0711805636901384,3.48673171803352e-20,-1.41240427848939e-18,0,1.3100828638972e-18,-0.00100788183408074,0.00128287110607813,1,7.73493862660002e-20,-2.58089889887689e-19,1,-0.00447054075050219,-0.00322081580792181,-0.00322081580792181,-0.0124565213817698,0.0122190735985311,0.00371546962431562,0.00371546962431562,0.00716695275968236,1,2.16840434497101e-19,0,1,-0.00447062107038353,-0.00322087871448056,-0.00322087871448056,-0.0124565237135591,0.0122190962591382,0.00371554219208172,0.00371554219208172,0.00716702475740706,2.06447695338142,-10.8550064574936,2.89265245168836,-4.60491827919867,2.89265245168836,-4.60491827919867,13.7518372018147,1.18860657524462,1.30104260698261e-18,-1.24915846504559e-18,1.84897504694709e-19,0,0,0,-0.0044705407505022,-0.0124565213817698,-0.00322081580792181,0.0122190735985311,0.00716695275968236,0.00371546962431562,1.96257525000273e-11,6.35046302961915e-09,1.09792838399352e-11,2.58089889887689e-19,6.93889390390723e-18,1.08183871928889e-13
NC_k0038,0.00197368421052631,0.00197368421052631,0.075818488043028,21.4440047695933,4.0687493107415,21.8957854063726,4.72781298063991,-22.1884048375658,-3.19771927225994,-22.0758687040606,-4.09718867257187,1,1280,0.147824411210638,-0.245458687454568,-0.032219311160497,0.0328389619858807,2.67268673360784e-19,5.68729684522059e-19,0,1.57650574508165e-18,-0.00100786140196115,0.00128283820209619,1,-4.50552328434437e-20,-9.3430934405254e-20,1,-0.0044705407505022,-0.00322081580792181,-0.00322081580792181,-0.0124565213817698,0.0122190735985311,0.00371546962431562,0.00371546962431562,0.00716695275968236,1,2.16840434497101e-19,0,1,-0.00447062107038353,-0.00322087871448056,-0.00322087871448056,-0.0124565237135591,0.0122190962591382,0.00371554219208172,0.00371554219208172,0.00716702475740706,2.06109389773908,-10.8567155694142,2.89123763152685,-4.60224883579057,2.89123763152685,-4.60224883579057,13.7532855157914,1.19146686756144,1.30104260698261e-18,-5.13592345725473e-19,5.24844410682608e-19,0,0,0,-0.0044705407505022,-0.0124565213817698,-0.00322081580792181,0.0122190735985311,0.00716695275968236,0.00371546962431562,4.25574764731819e-11,5.92956554455453e-09,1.03137602669585e-11,9.3430934405254e-20,3.46944695195361e-18,1.37279720613183e-14
NC_k0038,0.00822368421052631,0.00822368421052631,0.0757975285882155,20.7863963211241,3.05451047777728,22.6502764109425,5.7984678559602,-22.4058172145026,-1.80715219360002,-21.9594899948952,-5.54210200584803,1,1280,0.620339469042775,-1.02396276268586,-0.133195686902209,0.137050711529467,-1.62981050452548e-19,-2.81858154132749e-18,0,1.18790911460373e-18,-0.00100794651753739,0.0012829815035121,1,-4.93074429134405e-20,2.783595563348e-20,1,-0.0044705407505022,-0.00322081580792182,-0.00322081580792182,-0.0124565213817698,0.0122190735985311,0.00371546962431562,0.00371546962431562,0.00716695275968236,1,2.16840434497101e-19,0,1,-0.00447062107038353,-0.00322087871448056,-0.00322087871448056,-0.0124565237135591,0.0122190962591382,0.00371554219208172,0.00371554219208172,0.00716702475740706,2.07613688710794,-10.849472173517,2.89755244124296,-4.61415262634477,2.89755244124296,-4.61415262634477,13.7473923847396,1.17886503575883,1.73472347597681e-18,1.90336028471821e-19,-8.56287383322195e-19,0,0,0,-0.0044705407505022,-0.0124565213817698,-0.00322081580792181,0.0122190735985311,0.00716695275968236,0.00371546962431562,3.51999035589084e-12,6.33452938744993e-09,2.17168308222411e-11,4.93074429134405e-20,5.20417042793042e-18,3.94742560488968e-13
NC_k0038,0.0144736842105263,0.0144736842105263,0.0757761270777379,20.2330108683597,2.0820300723774,23.4290094738743,6.88933527973074,-22.6482597635387,-0.483220745233385,-21.9513916838282,-6.98054471628927,1,1280,1.10325531574919,-1.80004169959519,-0.229939506669176,0.241386448359273,1.37669323708426e-19,7.12626023881784e-19,0,-1.31303879381616e-18,-0.00100809167900698,0.00128327196254012,1,3.51496123351614e-20,-1.38321221134388e-19,1,-0.00447054075050219,-0.00322081580792181,-0.00322081580792181,-0.0124565213817698,0.0122190735985311,0.00371546962431562,0.00371546962431562,0.00716695275968236,1,2.16840434497101e-19,0,1,-0.00447062107038353,-0.00322087871448056,-0.00322087871448056,-0.0124565237135591,0.0122190962591382,0.00371554219208172,0.00371554219208172,0.00716702475740706,2.11019367163998,-10.8368604037845,2.91217125435346,-4.64152643414058,2.91217125435346,-4.64152643414058,13.7400780409557,1.15185580386704,1.0842021724855e-18,-1.09972909064174e-18,1.40408005624582e-19,0,0,0,-0.0044705407505022,-0.0124565213817698,-0.00322081580792181,0.0122190735985311,0.00716695275968236,0.00371546962431562,7.43525348353971e-12,5.0482956776934e-09,9.04692485777265e-12,1.38321221134388e-19,6.93889390390723e-18,6.68468123826881e-14
NC_k0039,-0.0167763157894737,-0.0167763157894737,0.474454498720073,-49.6159629127689,42.369624324587,-70.0505582532671,59.5797300040246,45.1871668249075,-44.3278304166234,72.96668273879,-60.7730035453882,1,1280,-10.1501464295751,-1.73381491128433,-3.92170724248365,1.77333913290489,-1.9858290401683e-18,-1.14002032022058e-20,0,-1.37215201552134e-18,-0.000929161066566152,-0.000987791431302584,1,6.70611058305363e-20,-1.28542245025095e-19,1,-0.00936196115721762,-0.0143750446473943,-0.0143750446473943,-0.00123606231006255,0.00591636410265958,0.00222737079348689,0.00222737079348689,-0.00801369950739952,1,0,0,1,-0.00936194735405788,-0.014375325409985,-0.014375325409985,-0.00123612786138375,0.0059162909643231,0.0022274142968227,0.0022274142968227,-0.00801363660995857,-10.8266225141659,-53.6988795467133,2.51116113584388,6.5069306189149,2.51116113584388,6.5069306189149,3.81320467479231,-10.22300608633,3.46944695195361e-18,-2.15117911644503e-19,1.03179755254063e-18,0,0,0,-0.00936196115721762,-0.00123606231006256,-0.0143750446473943,0.00591636410265959,-0.00801369950739952,0.00222737079348689,6.55579972817388e-13,4.97303830716684e-09,4.53098126059412e-12,1.28542245025095e-19,6.93889390390723e-18,6.11909723108703e-14
NC_k0039,-0.0105263157894737,-0.0105263157894737,0.473717217929195,-53.8702722529947,44.9694293429262,-66.9571321513028,55.9896694290937,50.7321144290737,-46.7251972674032,68.5416019665068,-57.4027672204198,1,1280,-6.484286278594,-1.16723974336947,-2.52500358724795,1.11705315476027,-2.59350900537426e-19,-1.05595354097651e-18,0,5.98103591856853e-19,-0.000929232637404268,-0.000986128856649415,1,1.12291472305338e-19,-6.76246291665142e-21,1,-0.00936196115721762,-0.0143750446473943,-0.0143750446473943,-0.00123606231006256,0.00591636410265959,0.00222737079348689,0.00222737079348689,-0.00801369950739952,1,0,0,1,-0.00936194735405788,-0.014375325409985,-0.014375325409985,-0.00123612786138375,0.0059162909643231,0.0022274142968227,0.0022274142968227,-0.00801363660995857,-10.830521378497,-53.6118570798301,2.48055144235683,6.43301092722956,2.48055144235683,6.43301092722956,3.81142008951773,-10.1678783004726,4.33680868994202e-18,-1.26548094513058e-19,-1.86337597889038e-20,0,0,0,-0.00936196115721762,-0.00123606231006256,-0.0143750446473943,0.00591636410265959,-0.00801369950739952,0.00222737079348689,2.5993549862675e-12,4.88225863234296e-09,1.26481141971978e-12,1.12291472305338e-19,1.21430643318376e-17,3.51546127923653e-15
NC_k0039,-0.00427631578947369,-0.00427631578947369,0.473556723158766,-58.1283158082754,48.0017999161623,-63.4857524485448,52.5181002549576,56.370821368793,-49.6466047293024,63.6699335364194,-54.0510735804706,1,1280,-2.65234502494652,-0.491941003844178,-1.03761438950094,0.45396652396009,2.07566747213646e-18,-9.33420795297195e-19,0,-2.80459722589167e-19,-0.000929256582440509,-0.000985428015636419,1,1.42395707969574e-19,-1.48687491151671e-19,1,-0.00936196115721761,-0.0143750446473943,-0.0143750446473943,-0.00123606231006255,0.00591636410265958,0.00222737079348689,0.00222737079348689,-0.00801369950739952,1,0,0,1,-0.00936194735405788,-0.014375325409985,-0.014375325409985,-0.00123612786138375,0.0059162909643231,0.0022274142968227,0.0022274142968227,-0.00801363660995857,-10.8356140342624,-53.5918409441767,2.46693082018706,6.39331968103848,2.46693082018706,6.39331968103848,3.81020221767891,-10.1486504744035,3.03576608295941e-18,-4.8380144368543e-19,5.00331290580416e-22,0,0,0,-0.00936196115721762,-0.00123606231006256,-0.0143750446473943,0.00591636410265959,-0.00801369950739952,0.00222737079348689,2.00684798515992e-12,2.73785818006301e-09,2.89358424066298e-12,1.48687491151671e-19,6.93889390390723e-18,9.90523848495479e-14
NC_k0039,0.00197368421052631,0.00197368421052631,0.473544369254648,-62.1099905939271,51.2722927316903,-59.634944754008,49.1853661498611,61.7706444382054,-52.8368905919027,58.3977373767272,-50.7996591240744,1,1280,1.22522068051895,0.228329568041057,0.479671582024797,-0.209527923441682,4.47742939407603e-18,1.59337319854252e-18,0,1.93474856939162e-18,-0.000929259994172675,-0.000985333745676314,1,1.35244081381555e-19,-1.94108644714705e-20,1,-0.00936196115721762,-0.0143750446473943,-0.0143750446473943,-0.00123606231006256,0.00591636410265958,0.00222737079348689,0.00222737079348689,-0.00801369950739952,1,0,0,1,-0.00936194735405788,-0.014375325409985,-0.014375325409985,-0.00123612786138375,0.0059162909643231,0.0022274142968227,0.0022274142968227,-0.00801363660995857,-10.8364809818664,-53.5902001412633,2.46499441245899,6.38715170105165,2.46499441245899,6.38715170105165,3.80996281177168,-10.1462832472741,2.60208521396521e-18,1.48443021959572e-19,8.43548284551633e-19,0,0,0,-0.00936196115721762,-0.00123606231006256,-0.0143750446473943,0.00591636410265959,-0.00801369950739952,0.00222737079348689,4.83809212732478e-12,3.71661353139337e-09,1.47790668672743e-12,1.35244081381555e-19,7.80625564189563e-18,5.16961435557063e-14
NC_k0039,0.00822368421052631,0.00822368421052631,0.473625058715189,-65.7232086304057,54.6960060397431,-55.4591078966467,46.0492479038701,66.7972817681355,-56.1615313829171,52.8228429893741,-47.7572927601131,1,1280,5.08336983088742,0.927839207951945,1.98369898281696,-0.872980497974512,5.01268142484685e-18,-3.15751714295987e-18,0,1.20250388933161e-18,-0.000929244147058668,-0.000985781805349327,1,1.20267049592983e-19,-3.5199884254836e-20,1,-0.00936196115721761,-0.0143750446473943,-0.0143750446473943,-0.00123606231006255,0.00591636410265958,0.00222737079348689,0.00222737079348689,-0.00801369950739952,1,0,0,1,-0.00936194735405788,-0.014375325409985,-0.014375325409985,-0.00123612786138375,0.0059162909643231,0.0022274142968227,0.0022274142968227,-0.00801363660995857,-10.8327810949501,-53.6005146268013,2.47392914277671,6.41447890909163,2.47392914277671,6.41447890909163,3.81093461453777,-10.158021688178,3.90312782094782e-18,-1.08263033569678e-19,6.44282232551678e-20,0,0,0,-0.00936196115721762,-0.00123606231006256,-0.0143750446473943,0.00591636410265959,-0.00801369950739952,0.00222737079348689,2.1338842934243e-12,3.46656179410126e-09,7.0055239431227e-12,1.20267049592983e-19,1.21430643318376e-17,4.65303231602484e-14
NC_k0039,0.0144736842105263,0.0144736842105263,0.47406191014237,-68.9507178532958,58.2447042876028,-51.1508009242289,43.2595032164644,71.3898523060604,-59.534423812074,47.1846426890266,-45.1282547166406,1,1280,8.83178087732906,1.54100145217228,3.42301816873547,-1.53329203285908,-1.77088119491273e-18,3.29155845250164e-20,0,1.47884575173513e-18,-0.000929199030601373,-0.00098703979662764,1,2.61552359456086e-19,-1.07981210137212e-19,1,-0.00936196115721762,-0.0143750446473943,-0.0143750446473943,-0.00123606231006255,0.00591636410265959,0.00222737079348689,0.00222737079348689,-0.00801369950739952,1,0,0,1,-0.00936194735405788,-0.014375325409985,-0.014375325409985,-0.00123612786138375,0.0059162909643231,0.0022274142968227,0.0022274142968227,-0.00801363660995857,-10.826927909125,-53.653044507802,2.49742455262759,6.47562721463945,2.49742455262759,6.47562721463945,3.81231491721486,-10.1965094843915,3.46944695195361e-18,-4.64410539663443e-19,-4.31236172946783e-19,0,0,0,-0.00936196115721762,-0.00123606231006256,-0.0143750446473943,0.00591636410265959,-0.00801369950739952,0.00222737079348689,1.04168958035122e-12,3.42264350367244e-09,1.00722344880498e-11,2.61552359456086e-19,8.67361737988404e-18,6.05390658320162e-14
NC_k0040,-0.0167763157894737,-0.0167763157894737,0.535998003162631,22.8535043280429,-34.0687498754298,16.2062562991046,-32.2851479228859,-19.9821784360404,38.25301988314,-19.9091343546762,25.2754606702852,1,1280,-7.74264437580471,-8.23804604337967,-5.27362783833085,-0.718087899244979,1.90403080375416e-18,-6.44605307750323e-19,0,4.39130334869701e-18,7.54931712342786e-05,-0.00144363274635416,1,-3.87220847470386e-20,6.98588330491482e-19,1,0.00239448904696964,-0.0107100934987805,-0.0107100934987805,0.00459870799470201,-0.00943143305055485,-0.0118532853785697,-0.0118532853785697,-0.00538144038133594,1,0,2.16840434497101e-19,1,0.00239451688299243,-0.0107103026802941,-0.0107103026802941,0.00459871430514914,-0.0094314494394418,-0.0118535168880498,-0.0118535168880498,-0.00538149632093255,2.5865972725416,-36.2635356867942,-9.11361521326534,-4.13044600323895,-9.11361521326534,-4.13044600323895,-40.2261388691403,2.40123466147992,2.60208521396521e-18,-9.93933399796683e-19,1.17141716230327e-19,0,0,0,0.00239448904696964,0.00459870799470201,-0.0107100934987805,-0.00943143305055485,-0.00538144038133594,-0.0118532853785697,7.69847360948582e-13,4.82824874666091e-09,5.71256268316655e-12,6.98588330491482e-19,6.93889390390723e-18,1.24900555580212e-13
NC_k0040,-0.0105263157894737,-0.0105263157894737,0.535516886582613,21.3711873250528,-33.2494836435841,16.4733195006703,-32.1363301767331,-19.4014172385526,35.7618096251274,-19.3103822133698,26.7776567594643,1,1280,-4.99676365190059,-5.29850104173642,-3.39743734890016,-0.441048635510306,-5.22500214447696e-19,-6.13158547839017e-18,0,-1.4943183201893e-18,7.56423055702639e-05,-0.00144277129192283,1,2.15588454463559e-20,2.78924126579078e-19,1,0.00239448904696964,-0.0107100934987805,-0.0107100934987805,0.00459870799470202,-0.00943143305055485,-0.0118532853785697,-0.0118532853785697,-0.00538144038133595,1,0,2.16840434497101e-19,1,0.00239451688299243,-0.0107103026802941,-0.0107103026802941,0.00459871430514914,-0.0094314494394418,-0.0118535168880498,-0.0118535168880498,-0.00538149632093255,2.55674853317585,-36.2254104297325,-9.07680272103205,-4.13204538934869,-9.07680272103205,-4.13204538934869,-40.2186410234364,2.33874224457871,2.60208521396521e-18,-8.98814981510085e-19,2.13925052683509e-19,0,0,0,0.00239448904696964,0.00459870799470201,-0.0107100934987805,-0.00943143305055485,-0.00538144038133594,-0.0118532853785697,4.39403913148415e-12,4.34603838031906e-09,7.39948825646413e-12,2.78924126579078e-19,6.93889390390723e-18,6.96588558867985e-14
NC_k0040,-0.00427631578947369,-0.00427631578947369,0.535450834410866,19.5618876147217,-32.5533045258976,17.4200099340177,-32.1123694907776,-18.9524145790017,32.8152314813902,-18.914002266197,28.9932404315132,1,1280,-2.0538576060856,-2.1739009323784,-1.39516031769311,-0.176112174972356,1.05900625102714e-18,-4.73599281867031e-18,0,-9.71586495170085e-19,7.55662632752136e-05,-0.00144246892449708,1,5.93583081036614e-20,4.1823891193157e-19,1,0.00239448904696964,-0.0107100934987805,-0.0107100934987805,0.00459870799470201,-0.00943143305055485,-0.0118532853785697,-0.0118532853785697,-0.00538144038133594,1,0,2.16840434497101e-19,1,0.00239451688299243,-0.0107103026802941,-0.0107103026802941,0.00459871430514914,-0.0094314494394418,-0.0118535168880498,-0.0118535168880498,-0.00538149632093255,2.53735106300627,-36.2223635519035,-9.05566191222693,-4.13142531861811,-9.05566191222693,-4.13142531861811,-40.232461871256,2.29907656274598,2.81892564846231e-18,-1.97315229624027e-19,-8.79323555762723e-19,0,0,0,0.00239448904696964,0.00459870799470201,-0.0107100934987805,-0.00943143305055485,-0.00538144038133594,-0.0118532853785697,2.60990906280029e-12,2.24792531329796e-09,8.62738927249989e-12,4.1823891193157e-19,7.80625564189563e-18,3.19309140642931e-14
NC_k0040,0.00197368421052631,0.00197368421052631,0.535449630993652,17.9177889497096,-32.1689742112397,18.9167806918818,-32.3716718379912,-18.8521284154771,29.9531338276398,-18.8698632389811,31.7287859897629,1,1280,0.949453968916249,1.00462678268655,0.644846648028929,0.0809920420180686,1.71967871499569e-18,6.4517970196768e-18,0,5.79794052395569e-19,7.55447142931595e-05,-0.00144243218273918,1,1.81267476190617e-19,1.65896142885875e-19,1,0.00239448904696964,-0.0107100934987805,-0.0107100934987805,0.00459870799470201,-0.00943143305055485,-0.0118532853785697,-0.0118532853785697,-0.00538144038133594,1,0,2.16840434497101e-19,1,0.00239451688299243,-0.0107103026802941,-0.0107103026802941,0.00459871430514914,-0.0094314494394418,-0.0118535168880498,-0.0118535168880498,-0.00538149632093255,2.53409047265548,-36.2228233464568,-9.0522484290356,-4.1312024441752,-9.0522484290356,-4.1312024441752,-40.2354693050536,2.2925359548161,1.95156391047391e-18,3.2317622662608e-20,-3.87918845478917e-19,0,0,0,0.00239448904696964,0.00459870799470201,-0.0107100934987805,-0.00943143305055485,-0.00538144038133594,-0.0118532853785697,7.73686074427309e-12,3.60668872837195e-09,8.02860789066933e-12,1.81267476190617e-19,5.20417042793042e-18,8.00348086355093e-14
NC_k0040,0.00822368421052631,0.00822368421052631,0.535473547355597,16.7479707795869,-32.1031348668256,20.7132553453464,-32.9646594711316,-19.1308263031428,27.5198449905611,-19.2050765632955,34.6962329250505,1,1280,3.92637311407599,4.15980004706724,2.66843714317729,0.341989755927411,8.54245962195763e-19,8.67973851641693e-18,0,3.48080910484764e-19,7.56211241416276e-05,-0.0014426156425546,1,3.44827138109207e-21,4.46143565359924e-20,1,0.00239448904696964,-0.0107100934987805,-0.0107100934987805,0.00459870799470201,-0.00943143305055485,-0.0118532853785697,-0.0118532853785697,-0.00538144038133594,1,0,2.16840434497101e-19,1,0.00239451688299243,-0.0107103026802941,-0.0107103026802941,0.00459871430514914,-0.0094314494394418,-0.0118535168880498,-0.0118535168880498,-0.00538149632093255,2.54804096525208,-36.2227288352966,-9.0671166096454,-4.13193467332343,-9.0671166096454,-4.13193467332343,-40.2238710138935,2.32075498805321,1.95156391047391e-18,-1.84341782375444e-19,1.26241336090423e-19,0,0,0,0.00239448904696964,0.00459870799470201,-0.0107100934987805,-0.00943143305055485,-0.00538144038133594,-0.0118532853785697,2.32069117132846e-12,4.60336001396238e-09,2.38113870355896e-12,4.46143565359924e-20,5.20417042793042e-18,7.33965202684998e-14
NC_k0040,0.0144736842105263,0.0144736842105263,0.535723184093944,16.2240712181964,-32.2277441094889,22.3831406090774,-33.771141453114,-19.6775800627217,25.7370522208925,-19.7729906609687,37.4282663659194,1,1280,6.76693833369563,7.18973209204111,4.60570124049315,0.615113873040908,2.93979989701346e-19,5.69945970894757e-18,0,2.84822769448139e-18,7.56012882880388e-05,-0.00144322206055812,1,-8.66412880044302e-20,4.3210530117351e-19,1,0.00239448904696964,-0.0107100934987805,-0.0107100934987805,0.00459870799470201,-0.00943143305055485,-0.0118532853785697,-0.0118532853785697,-0.00538144038133594,1,0,2.16840434497101e-19,1,0.00239451688299243,-0.0107103026802941,-0.0107103026802941,0.00459871430514914,-0.0094314494394418,-0.0118535168880498,-0.0118535168880498,-0.00538149632093255,2.57473077851694,-36.241366072145,-9.09820907065745,-4.13134402205543,-9.09820907065745,-4.13134402205543,-40.216625861588,2.37656331301447,2.16840434497101e-18,2.22078190444114e-19,-5.35697757011311e-19,0,0,0,0.00239448904696964,0.00459870799470201,-0.0107100934987805,-0.00943143305055485,-0.00538144038133594,-0.0118532853785697,1.86956788259487e-12,3.29538927809742e-09,8.0481015389601e-12,4.3210530117351e-19,5.20417042793042e-18,6.83886023611131e-15
NC_k0041,-0.0167763157894737,-0.0167763157894737,0.300495064711203,-46.7272767749404,9.43928469357198,-50.8771112637483,22.4134289733108,45.8556664589943,-9.51690456410657,51.3194358995143,-21.8940702961489,1,1280,3.13420071912135,-5.55727642440329,-0.799614982743073,1.02280858217812,-7.81454068291096e-19,1.17403861922019e-17,0,2.18551044003861e-19,0.000577949438388225,-0.000153795796934057,1,-5.83262695660752e-22,5.05698136021182e-19,1,0.000693404154477524,0.00813472975173026,0.00813472975173026,0.0151266557406844,-0.00346283095456102,-0.00928959031609185,-0.00928959031609185,-0.00249839192021467,1,0,0,1,0.000693513252531888,0.00813488863317072,0.00813488863317072,0.0151266238890163,-0.00346284079915283,-0.00928977175340271,-0.00928977175340271,-0.00249841118315642,-7.16473838084383,27.3375782219534,3.22149833308423,6.33688176350638,3.22149833308423,6.33688176350638,-35.0062306048866,-2.53824333794587,2.16840434497101e-18,-8.24069820212995e-19,1.26593300405817e-19,0,0,0,0.000693404154477524,0.0151266557406844,0.00813472975173025,-0.00346283095456102,-0.00249839192021467,-0.00928959031609184,1.40156437375645e-12,7.62361251266017e-09,6.80545595389687e-12,5.05698136021182e-19,6.93889390390723e-18,4.74762069059079e-14
NC_k0041,-0.0105263157894737,-0.0105263157894737,0.299973479878001,-47.0052775957124,12.5233026281529,-49.6147007998526,20.6913693177377,46.400963654083,-12.4935890727568,49.7946611733954,-20.2866771817817,1,1280,1.96312777193865,-3.52725979591073,-0.516163567910801,0.641393268451959,2.21608303547857e-19,-3.90793208594552e-19,0,1.53230576264018e-18,0.000578926536981928,-0.000154411269217482,1,1.24715827069571e-20,2.92694287563108e-19,1,0.000693404154477521,0.00813472975173025,0.00813472975173025,0.0151266557406844,-0.00346283095456102,-0.00928959031609185,-0.00928959031609185,-0.00249839192021467,1,0,0,1,0.000693513252531888,0.00813488863317072,0.00813488863317072,0.0151266238890163,-0.00346284079915283,-0.00928977175340271,-0.00928977175340271,-0.00249841118315642,-7.08504909729455,27.3183101255019,3.18963637987962,6.3038066331283,3.18963637987962,6.3038066331283,-34.9386034795614,-2.54963439812468,1.40946282423116e-18,-3.73634638303663e-19,1.6664109260853e-19,0,0,0,0.000693404154477524,0.0151266557406844,0.00813472975173025,-0.00346283095456102,-0.00249839192021467,-0.00928959031609184,1.61503991519379e-12,6.69312948302821e-09,2.39450583762731e-11,2.92694287563108e-19,3.46944695195361e-18,6.88399130030637e-14
NC_k0041,-0.00427631578947369,-0.00427631578947369,0.299818941335593,-47.5076005048028,15.3333625300879,-48.5706720273554,18.6495672952418,47.1421871810227,-15.1931464845493,48.5135331202117,-18.358700199729,1,1280,0.792981745704621,-1.43747023925205,-0.212681202870651,0.259781097296377,5.39791597972504e-19,5.17388900006608e-18,0,-5.09093271079436e-19,0.000579350575931336,-0.000154638586177231,1,-5.52785347823393e-20,3.54574177820171e-19,1,0.00069340415447752,0.00813472975173026,0.00813472975173026,0.0151266557406844,-0.00346283095456102,-0.00928959031609185,-0.00928959031609185,-0.00249839192021467,1,0,0,1,0.000693513252531888,0.00813488863317072,0.00813488863317072,0.0151266238890163,-0.00346284079915283,-0.00928977175340271,-0.00928977175340271,-0.00249841118315642,-7.04699730120152,27.3200989377674,3.17136511613808,6.28805539163204,3.17136511613808,6.28805539163204,-34.9191104725427,-2.55298544770858,2.60208521396521e-18,6.99656699489463e-19,-1.48125080079253e-19,0,0,0,0.000693404154477524,0.0151266557406844,0.00813472975173025,-0.00346283095456102,-0.00249839192021467,-0.00928959031609184,5.11060719960864e-12,4.07044177519753e-09,1.10416794447934e-11,3.54574177820171e-19,1.04083408558608e-17,8.73902871661004e-14
NC_k0041,0.00197368421052631,0.00197368421052631,0.299801412085884,-48.2420944094748,17.8168617515054,-47.7511008420534,16.2865746438508,48.1017123272634,-17.5668725792022,47.4693570121252,-16.1061045355026,1,1280,-0.365540374608867,0.663611387576767,0.0983634342794206,-0.119822188886589,4.06321043053398e-19,4.38458664212308e-19,0,-3.95226896677837e-19,0.000579408012697738,-0.000154667211839346,1,-7.36934360940816e-20,8.36709396093342e-20,1,0.000693404154477524,0.00813472975173026,0.00813472975173026,0.0151266557406844,-0.00346283095456102,-0.00928959031609185,-0.00928959031609185,-0.00249839192021467,1,0,0,1,0.000693513252531888,0.00813488863317072,0.00813488863317072,0.0151266238890163,-0.00346284079915283,-0.00928977175340271,-0.00928977175340271,-0.00249841118315642,-7.04140655899151,27.321009664954,3.16845354848149,6.2857172210012,3.16845354848149,6.2857172210012,-34.9169754560795,-2.553281445699,2.60208521396521e-18,1.57573153672706e-19,-1.6259426253613e-19,0,0,0,0.000693404154477524,0.0151266557406844,0.00813472975173025,-0.00346283095456102,-0.00249839192021467,-0.00928959031609184,1.19870994921627e-11,4.41102780215952e-09,2.87789502696374e-12,8.36709396093342e-20,6.93889390390723e-18,8.33218825764237e-15
NC_k0041,0.00822368421052631,0.00822368421052631,0.29989241454263,-49.2046437618016,19.9763498432133,-47.1635322940177,13.5958304878649,49.2944913579799,-19.6139631346746,46.6496760007974,-13.5250957562993,1,1280,-1.53022701810689,2.76044633572582,0.40597237481427,-0.500520248872449,-7.16708987385346e-19,-9.60155520849092e-18,0,-1.55022580343053e-18,0.000579135539377011,-0.000154527270456975,1,-2.44100041138629e-20,-8.94753803619911e-20,1,0.000693404154477529,0.00813472975173026,0.00813472975173026,0.0151266557406844,-0.00346283095456102,-0.00928959031609185,-0.00928959031609185,-0.00249839192021467,1,0,0,1,0.000693513252531888,0.00813488863317072,0.00813488863317072,0.0151266238890163,-0.00346284079915283,-0.00928977175340271,-0.00928977175340271,-0.00249841118315642,-7.06682760176251,27.3182944154286,3.1812206208902,6.29629500914499,3.1812206208902,6.29629500914499,-34.9282519396088,-2.55151123522002,2.16840434497101e-18,-7.544721788173e-19,2.58443492174648e-19,0,0,0,0.000693404154477524,0.0151266557406844,0.00813472975173025,-0.00346283095456102,-0.00249839192021467,-0.00928959031609184,3.70513219535837e-12,3.69903107771241e-09,7.53702758955371e-12,8.94753803619911e-20,5.20417042793042e-18,1.16430134379067e-13
NC_k0041,0.0144736842105263,0.0144736842105263,0.30023025755537,-50.387237608044,21.816282987943,-46.8050563340103,10.5979472341095,50.7292958838107,-21.3382588520257,46.0351093325596,-10.6372413878934,1,1280,-2.70644061554533,4.82268934841616,0.698362081847406,-0.88294855659194,4.1603214344477e-19,-5.08143667736225e-18,0,4.76819992300067e-19,0.000578385653171881,-0.000154084691126707,1,-2.05431039438359e-20,2.64947737734486e-19,1,0.000693404154477517,0.00813472975173026,0.00813472975173026,0.0151266557406844,-0.00346283095456102,-0.00928959031609185,-0.00928959031609185,-0.00249839192021467,1,0,0,1,0.000693513252531888,0.00813488863317072,0.00813488863317072,0.0151266238890163,-0.00346284079915283,-0.00928977175340271,-0.00928977175340271,-0.00249841118315642,-7.12969290403535,27.3251302517687,3.20828444125973,6.3222118687868,3.20828444125973,6.3222118687868,-34.9719136443462,-2.54364705380414,2.88668828424266e-18,9.67210864565442e-19,-4.58406161245742e-20,0,0,0,0.000693404154477524,0.0151266557406844,0.00813472975173025,-0.00346283095456102,-0.00249839192021467,-0.00928959031609184,1.06874194447441e-12,3.85036175565486e-09,3.40859577582412e-12,2.64947737734486e-19,8.67361737988404e-18,1.01507497192684e-13
NC_k0042,-0.0167763157894737,-0.0167763157894737,0.575408086899927,42.5154987289236,31.3917215169472,61.9039098379834,23.71460211873,-42.123782657507,-36.1199955816999,-58.7578818905772,-18.3824647929792,1,1280,8.0899226435062,10.2646876866099,6.05702140893835,-0.478880878476617,-1.94611775332086e-18,-1.86340961823291e-18,0,5.76865833027131e-19,0.00129065100977201,-2.74650743538445e-05,1,-5.57857889235491e-20,-4.29217306891285e-19,1,0.00978896359714778,0.00931601071912623,0.00931601071912623,-0.00341841517630105,-0.0020515195720058,0.0139864037805132,0.0139864037805132,-0.0024237059209812,1,-1.6940658945086e-20,0,1,0.00978891466109034,0.00931619267246059,0.00931619267246059,-0.00341833513405015,-0.00205153231516544,0.013986676952462,0.013986676952462,-0.00242371502950853,10.6914465252611,30.9858486606807,4.7774015070284,-1.98580535251085,4.7774015070284,-1.98580535251085,52.534878899649,-3.71333778176706,3.46944695195361e-18,1.81728824840765e-19,5.22448236736311e-19,0,0,0,0.00978896359714778,-0.00341841517630104,0.00931601071912623,-0.0020515195720058,-0.00242370592098119,0.0139864037805132,1.05286739751558e-12,5.05720216350123e-09,7.96051893284704e-12,4.29217306891285e-19,1.04083408558608e-17,8.35453273263257e-14
NC_k0042,-0.0105263157894737,-0.0105263157894737,0.574885722304904,45.881891939617,28.9806261683781,58.8056082544208,24.1386445772196,-45.2831295906081,-32.195763392116,-55.8400311157158,-20.2834207540696,1,1280,5.21400490631964,6.61211290348812,3.90261887723657,-0.309514044120895,-1.20028539092875e-18,2.86093649741265e-18,0,-7.22840050085589e-19,0.00128903347404091,-2.73276121708285e-05,1,-7.76356454059844e-20,-3.61758581914214e-19,1,0.00978896359714777,0.00931601071912623,0.00931601071912623,-0.00341841517630104,-0.0020515195720058,0.0139864037805132,0.0139864037805132,-0.0024237059209812,1,-1.6940658945086e-20,0,1,0.00978891466109034,0.00931619267246059,0.00931619267246059,-0.00341833513405015,-0.00205153231516544,0.013986676952462,0.013986676952462,-0.00242371502950853,10.6862699619011,30.9845473328643,4.78621637594544,-1.95651684694464,4.78621637594544,-1.95651684694464,52.4424026070658,-3.68772580253638,3.46944695195361e-18,6.60254905295443e-19,1.03248851028077e-18,0,0,0,0.00978896359714778,-0.00341841517630104,0.00931601071912623,-0.0020515195720058,-0.00242370592098119,0.0139864037805132,1.09610823676058e-12,4.32606762730739e-09,5.96981484536176e-12,3.61758581914214e-19,8.67361737988404e-18,1.81533407885566e-14
NC_k0042,-0.00427631578947369,-0.00427631578947369,0.574887409648346,49.8265477263249,26.9010963167366,55.2285996607324,24.9403206131942,-48.5885759053932,-28.0913867797309,-52.8874647925334,-23.0923436723137,1,1280,2.14280096844482,2.71567551872976,1.60329724076761,-0.127900589012336,-8.19980832501366e-19,-8.47548446212043e-18,0,-2.87782752552099e-18,0.00128835338781472,-2.71285782967408e-05,1,-1.06815440164296e-19,-8.60153584805143e-20,1,0.00978896359714777,0.00931601071912623,0.00931601071912623,-0.00341841517630104,-0.0020515195720058,0.0139864037805132,0.0139864037805132,-0.00242370592098119,1,-1.6940658945086e-20,0,1,0.00978891466109034,0.00931619267246059,0.00931619267246059,-0.00341833513405015,-0.00205153231516544,0.013986676952462,0.013986676952462,-0.00242371502950853,10.6941541060484,30.9969427869558,4.789887477843,-1.94345677746015,4.789887477843,-1.94345677746015,52.4197970137804,-3.67213182476634,3.46944695195361e-18,1.82706880987271e-19,3.83542018098782e-20,0,0,0,0.00978896359714778,-0.00341841517630104,0.00931601071912623,-0.0020515195720058,-0.00242370592098119,0.0139864037805132,1.25845079869885e-12,2.84963330433174e-09,7.58503232010366e-12,1.06815440164296e-19,1.04083408558608e-17,2.25950493437663e-14
NC_k0042,0.00197368421052631,0.00197368421052631,0.574902238335033,53.8144503239394,25.3625952170574,51.3108837207581,26.267097796162,-51.7643239354128,-24.3256160307348,-49.7798299259141,-26.6435849953038,1,1280,-0.990595417392809,-1.25519926692138,-0.741112245823711,0.0592383352478113,-1.45921277499255e-18,9.57280902784348e-18,0,-1.11980733477224e-18,0.00128826178503807,-2.70898955038488e-05,1,-3.29638201985883e-21,-8.56143663038833e-20,1,0.00978896359714777,0.00931601071912623,0.00931601071912623,-0.00341841517630105,-0.0020515195720058,0.0139864037805132,0.0139864037805132,-0.0024237059209812,1,-1.6940658945086e-20,0,1,0.00978891466109034,0.00931619267246059,0.00931619267246059,-0.00341833513405015,-0.00205153231516544,0.013986676952462,0.013986676952462,-0.00242371502950853,10.6959826953478,30.9995214534173,4.79033789373663,-1.94159668463254,4.79033789373663,-1.94159668463254,52.4177299734481,-3.66953868170495,3.46944695195361e-18,7.83134043212608e-19,6.8477142435721e-19,0,0,0,0.00978896359714778,-0.00341841517630104,0.00931601071912623,-0.0020515195720058,-0.00242370592098119,0.0139864037805132,5.67743041058056e-12,3.06602724439769e-09,4.80086787225703e-12,8.56143663038833e-20,1.04083408558608e-17,7.91771904410371e-15
NC_k0042,0.00822368421052631,0.00822368421052631,0.574866185194619,57.5384529667512,24.3807382472036,47.302428855826,28.1602591376995,-54.7642710332612,-21.2201140023035,-46.5046751858142,-30.6730541954149,1,1280,-4.0965730537909,-5.19357052737858,-3.06574738178602,0.243725002438519,-3.26385617378723e-19,-7.98148558285887e-18,0,-3.04766424889038e-20,0.00128869636335689,-2.72453413341426e-05,1,1.34615744719177e-19,1.56596051368357e-19,1,0.00978896359714777,0.00931601071912624,0.00931601071912624,-0.00341841517630105,-0.0020515195720058,0.0139864037805132,0.0139864037805132,-0.00242370592098119,1,-1.6940658945086e-20,0,1,0.00978891466109034,0.00931619267246059,0.00931619267246059,-0.00341833513405015,-0.00205153231516544,0.013986676952462,0.013986676952462,-0.00242371502950853,10.6890939456169,30.9894581436142,4.78808537262189,-1.95016625238446,4.78808537262189,-1.95016625238446,52.4298141354502,-3.68067538923493,2.38524477946811e-18,4.04157924651499e-19,2.92535134352101e-19,0,0,0,0.00978896359714778,-0.00341841517630104,0.00931601071912623,-0.0020515195720058,-0.00242370592098119,0.0139864037805132,1.49586813082873e-12,5.07119826794483e-09,1.07874471530715e-12,1.56596051368357e-19,6.93889390390723e-18,9.55979689435726e-14
NC_k0042,0.0144736842105263,0.0144736842105263,0.575089589451744,60.8215750496874,23.8382352285266,43.6440087545998,30.4863063358135,-57.6770053626883,-18.9712445250256,-43.2416746120889,-34.7356479178621,1,1280,-7.06522157200219,-8.96359320068861,-5.28950887498802,0.418129010896059,-1.00786994555911e-18,-5.02666077719899e-18,0,-1.89930098501158e-18,0.00128991961259521,-2.74445350153469e-05,1,1.16824100190796e-19,-3.16054716725967e-19,1,0.00978896359714778,0.00931601071912623,0.00931601071912623,-0.00341841517630104,-0.0020515195720058,0.0139864037805132,0.0139864037805132,-0.0024237059209812,1,-1.6940658945086e-20,0,1,0.00978891466109034,0.00931619267246059,0.00931619267246059,-0.00341833513405015,-0.00205153231516544,0.013986676952462,0.013986676952462,-0.00242371502950853,10.6858851769425,30.9805742173459,4.7812383576693,-1.97270741949634,4.7812383576693,-1.97270741949634,52.4866741478473,-3.7028182777955,2.60208521396521e-18,-3.11572428724044e-19,2.42145938356445e-19,0,0,0,0.00978896359714778,-0.00341841517630104,0.00931601071912623,-0.0020515195720058,-0.00242370592098119,0.0139864037805132,1.2518691894261e-12,4.05491857201012e-09,4.28090981295249e-12,3.16054716725967e-19,8.67361737988404e-18,2.50967841965049e-14
NC_k0043,-0.0167763157894737,-0.0167763157894737,0.0556552813518396,-7.24242872424241,11.1596739312557,-1.64398617755789,18.5964997532942,4.34576025217694,-14.162115177048,5.54162571056772,-18.4548283673077,1,1280,0.463795307145755,0.148010019069717,0.201895757651106,0.287765544144867,4.25038485954248e-20,6.46054528183516e-19,0,-3.73670569914705e-19,0.000678934918707243,-0.00198402309104074,1,-1.33827639031654e-20,4.38151124062739e-20,1,0.00349834465260774,0.00105725274737618,0.00105725274737618,0.00567869514329042,-0.0143226463588292,0.000335182333641108,0.000335182333641108,-0.0122125213151273,1,0,0,1,0.00349837770373268,0.0010572733968439,0.0010572733968439,0.0056787069019301,-0.0143227008386085,0.000335188880171062,0.000335188880171062,-0.0122125964015964,0.307403642485301,1.83625045952464,-2.2833253306823,2.21078330891551,-2.2833253306823,2.21078330891551,1.29810401238363,-5.2629662226859,1.73472347597681e-18,-3.37382860816308e-19,1.33646911348852e-18,0,0,0,0.00349834465260774,0.00567869514329042,0.00105725274737618,-0.0143226463588292,-0.0122125213151273,0.000335182333641108,2.17218601334187e-11,1.46636657312157e-09,1.96469613270548e-11,4.38151124062739e-20,3.46944695195361e-18,4.76886802793386e-13
NC_k0043,-0.0105263157894737,-0.0105263157894737,0.0556331337710371,-6.21686907543937,11.9512483847802,-2.53244118015611,16.8050733778903,4.38052652999224,-14.4703229307988,5.34980196558825,-17.1431605785036,1,1280,0.287664542696096,0.113188825626265,0.132281611546379,0.180437790621279,2.31296242882078e-19,-2.66964270895364e-19,0,2.31334293190255e-19,0.000678290409296856,-0.00198308413077207,1,9.25046183630814e-21,-3.51549176042136e-20,1,0.00349834465260774,0.00105725274737618,0.00105725274737618,0.00567869514329042,-0.0143226463588292,0.000335182333641108,0.000335182333641108,-0.0122125213151273,1,0,0,1,0.00349837770373268,0.0010572733968439,0.0010572733968439,0.0056787069019301,-0.0143227008386085,0.000335188880171062,0.000335188880171062,-0.0122125964015964,0.32139214111864,1.86534023188568,-2.26494039221868,2.18353370077733,-2.26494039221868,2.18353370077733,1.25400181886766,-5.28741280043881,1.73472347597681e-18,-4.64255484486719e-19,8.34303760873806e-19,0,0,0,0.00349834465260774,0.00567869514329042,0.00105725274737618,-0.0143226463588292,-0.0122125213151273,0.000335182333641108,5.68670595067837e-11,2.08972065953335e-09,1.67889278394787e-11,3.51549176042136e-20,8.67361737988404e-18,8.62978654388305e-13
NC_k0043,-0.00427631578947369,-0.00427631578947369,0.0556535013381117,-5.10519801175337,13.1023087316329,-3.57123728145255,15.1114811503218,4.60341625867866,-14.9982037254381,5.04551406893854,-16.0714612489862,1,1280,0.11555651763267,0.0501106234422804,0.0546701565547336,0.0731922352131222,-2.02460726728479e-19,8.13429562049946e-19,0,1.65170928406221e-18,0.000677950218722273,-0.00198259287631676,1,-5.65077182642614e-21,1.57048333824445e-19,1,0.00349834465260774,0.00105725274737618,0.00105725274737618,0.00567869514329041,-0.0143226463588292,0.000335182333641108,0.000335182333641108,-0.0122125213151273,1,0,0,1,0.00349837770373268,0.0010572733968439,0.0010572733968439,0.0056787069019301,-0.0143227008386085,0.000335188880171062,0.000335188880171062,-0.0122125964015964,0.33064781407341,1.87933483144341,-2.2549790263532,2.16867557212832,-2.2549790263532,2.16867557212832,1.23198352648342,-5.30562661108501,2.16840434497101e-18,1.43819640933881e-19,-2.45492492167675e-19,0,0,0,0.00349834465260774,0.00567869514329042,0.00105725274737618,-0.0143226463588292,-0.0122125213151273,0.000335182333641108,5.85191082088428e-11,1.20971952383784e-09,1.4263290121314e-11,1.57048333824445e-19,8.67361737988404e-18,1.92880386880412e-13
NC_k0043,0.00197368421052631,0.00197368421052631,0.0556580824363705,-3.97738429498203,14.5295684285206,-4.68795855087315,13.5997807112666,4.92179504252636,-15.7395470381933,4.71439064111162,-15.2452432415391,1,1280,-0.0532270512466988,-0.0234047074855198,-0.0252884803816332,-0.0337618130731922,-1.26518929051211e-19,-4.56206651435246e-19,0,2.12946068173201e-18,0.000677898079203711,-0.0019825181257045,1,4.32823991609814e-20,-5.05524389447069e-20,1,0.00349834465260774,0.00105725274737618,0.00105725274737618,0.00567869514329041,-0.0143226463588292,0.000335182333641108,0.000335182333641108,-0.0122125213151273,1,0,0,1,0.00349837770373268,0.0010572733968439,0.0010572733968439,0.0056787069019301,-0.0143227008386085,0.000335188880171062,0.000335188880171062,-0.0122125964015964,0.332179376298145,1.88135687597148,-2.25343090249195,2.1663604368299,-2.25343090249195,2.1663604368299,1.2286928845996,-5.30867501264779,1.30104260698261e-18,3.08175823961142e-19,3.5405365392415e-19,0,0,0,0.00349834465260774,0.00567869514329042,0.00105725274737618,-0.0143226463588292,-0.0122125213151273,0.000335182333641108,1.26525218613093e-10,2.24004296227202e-09,1.82237441144702e-12,5.05524389447069e-20,1.73472347597681e-18,1.71545938951306e-13
NC_k0043,0.00822368421052631,0.00822368421052631,0.0556406654347906,-2.90130530486919,16.1648200820913,-5.81282903539261,12.3386017740986,5.24654896552069,-16.7193451409848,4.44561606153832,-14.6413236138523,1,1280,-0.223653005860244,-0.0922088146771588,-0.104234400777343,-0.140888109407185,7.6888092298029e-20,-1.03536542912037e-19,0,-2.59273972740459e-19,0.000678130572480235,-0.00198285286077289,1,2.70922068189865e-20,-4.11050179066962e-21,1,0.00349834465260774,0.00105725274737618,0.00105725274737618,0.00567869514329041,-0.0143226463588292,0.000335182333641108,0.000335182333641108,-0.0122125213151273,1,0,0,1,0.00349837770373268,0.0010572733968439,0.0010572733968439,0.0056787069019301,-0.0143227008386085,0.000335188880171062,0.000335188880171062,-0.0122125964015964,0.325588676688259,1.87208458775349,-2.26029920361479,2.1766118969858,-2.26029920361479,2.1766118969858,1.2435511837497,-5.29559693932838,1.73472347597681e-18,2.73237996839699e-19,1.12661547754415e-18,0,0,0,0.00349834465260774,0.00567869514329042,0.00105725274737618,-0.0143226463588292,-0.0122125213151273,0.000335182333641108,6.677214222109e-11,2.1681552025021e-09,6.94646152078608e-12,2.70922068189865e-20,3.46944695195361e-18,2.52036967390904e-13
NC_k0043,0.0144736842105263,0.0144736842105263,0.0556338333327376,-1.94803720930808,17.9313801479906,-6.87779994370246,11.402832716722,5.4888001905794,-17.9467039728689,4.33129533410683,-14.2472313131551,1,1280,-0.398825222138659,-0.139706658458664,-0.177715520597112,-0.248302828341742,-2.53022968851395e-19,-4.66390899136999e-19,0,-1.37299077666247e-18,0.000678661359050445,-0.00198362395916866,1,3.14821767415999e-20,6.05818962959255e-20,1,0.00349834465260774,0.00105725274737618,0.00105725274737618,0.00567869514329041,-0.0143226463588292,0.000335182333641108,0.000335182333641108,-0.0122125213151273,1,0,0,1,0.00349837770373268,0.0010572733968439,0.0010572733968439,0.0056787069019301,-0.0143227008386085,0.000335188880171062,0.000335188880171062,-0.0122125964015964,0.312733366300271,1.84883701064032,-2.27556805156726,2.19933217172545,-2.27556805156726,2.19933217172545,1.27900984135202,-5.27142646668409,1.30104260698261e-18,9.06384506416321e-20,-1.18421015874256e-19,0,0,0,0.00349834465260774,0.00567869514329042,0.00105725274737618,-0.0143226463588292,-0.0122125213151273,0.000335182333641108,5.10995990731155e-11,1.7723474816623e-09,1.53587433404699e-11,6.05818962959255e-20,5.20417042793042e-18,6.73511509749768e-14
NC_k0044,-0.0167763157894737,-0.0167763157894737,0.499004718445991,-19.787708704001,-8.96951356163737,-40.0493647577424,0.460460162222582,21.701481751802,12.2137440341644,34.7143390107846,-3.65959752950352,1,1280,-7.10532152867995,-10.0933288570958,-5.67555462730611,0.491701572679161,2.11608682558825e-18,-5.3356028098202e-18,0,1.21613086274281e-18,-0.00132268920458819,0.000503830848348466,1,4.85199652515014e-20,5.19402939828444e-19,1,-0.00851380873607495,-0.00787971180468843,-0.00787971180468843,0.000459257358681309,0.00778578210790153,-0.0138707345613709,-0.0138707345613709,0.00349265014786156,1,0,-4.33680868994202e-19,1,-0.00851378458670773,-0.00787986570530961,-0.00787986570530961,0.000459193880449942,0.00778578868057813,-0.0138710054741553,-0.0138710054741553,0.00349269864565495,-7.23722873766278,-27.0918798930734,-0.362285248591548,-1.0794980896295,-0.362285248591548,-1.0794980896295,-50.8613370462165,0.836341213058915,2.27682456221956e-18,-5.57044750393816e-19,-5.61431041856764e-19,0,0,0,-0.00851380873607495,0.000459257358681306,-0.00787971180468842,0.00778578210790153,0.00349265014786155,-0.0138707345613709,6.76622202567667e-13,4.07073962725443e-09,3.64616088454431e-12,5.19402939828444e-19,6.93889390390723e-18,1.24704232705517e-13
NC_k0044,-0.0105263157894737,-0.0105263157894737,0.498379169418668,-23.3526218906552,-6.22969846449269,-36.8389925838193,-0.280693705397473,24.2897133160446,8.57995297502803,32.4644618277804,-2.06238561541639,1,1280,-4.58695024785737,-6.49616952979528,-3.65742952662548,0.316771755709404,1.47126975960112e-18,1.23739105884665e-17,0,9.21518907053475e-19,-0.00132106218580681,0.000503533996201296,1,2.51799381677114e-21,4.40709349482667e-19,1,-0.00851380873607495,-0.00787971180468843,-0.00787971180468843,0.000459257358681308,0.00778578210790153,-0.0138707345613709,-0.0138707345613709,0.00349265014786156,1,0,-4.33680868994202e-19,1,-0.00851378458670773,-0.00787986570530961,-0.00787986570530961,0.000459193880449942,0.00778578868057813,-0.0138710054741553,-0.0138710054741553,0.00349269864565495,-7.23694347402989,-27.0921511814145,-0.395680207148126,-1.08643655880967,-0.395680207148126,-1.08643655880967,-50.766452602868,0.827499530413036,3.46944695195361e-18,-3.69598094036497e-19,-5.54378647913931e-19,0,0,0,-0.00851380873607495,0.000459257358681306,-0.00787971180468842,0.00778578210790153,0.00349265014786155,-0.0138707345613709,8.17195793644096e-13,3.59743328467511e-09,1.15908810572668e-11,4.40709349482667e-19,8.67361737988404e-18,8.5987961335781e-14
NC_k0044,-0.00427631578947369,-0.00427631578947369,0.498290054272487,-27.4691748027101,-3.81941082875564,-33.1041271900881,-1.40788452528185,26.908186839806,4.83968830965574,30.2180152352965,0.376247399978835,1,1280,-1.88670816828344,-2.66696263021717,-1.50271136350519,0.130602461265435,1.2978728508753e-18,4.39082358394173e-18,0,1.2155170947283e-18,-0.00132037616896383,0.000503276986094716,1,2.26207186347425e-20,2.31453026750981e-19,1,-0.00851380873607494,-0.00787971180468843,-0.00787971180468843,0.000459257358681314,0.00778578210790153,-0.0138707345613709,-0.0138707345613709,0.00349265014786155,1,0,-4.33680868994202e-19,1,-0.00851378458670773,-0.00787986570530961,-0.00787986570530961,0.000459193880449942,0.00778578868057813,-0.0138710054741553,-0.0138710054741553,0.00349269864565495,-7.24663013761385,-27.1038102264156,-0.412617447895047,-1.08761935314004,-0.412617447895047,-1.08761935314004,-50.741245099051,0.821665159166037,2.92734586571086e-18,-8.60657257513603e-19,5.97633415992521e-20,0,0,0,-0.00851380873607495,0.000459257358681306,-0.00787971180468842,0.00778578210790153,0.00349265014786155,-0.0138707345613709,3.63860192830991e-12,2.51149430283053e-09,1.43722827412178e-11,2.31453026750981e-19,8.13151629364128e-18,1.76017197600787e-14
NC_k0044,0.00197368421052631,0.00197368421052631,0.498289135292845,-31.6277066990912,-1.9514287215961,-29.0163473114835,-3.06397473296877,29.3611741722772,1.46576771413696,27.8345764874576,3.53525864548715,1,1280,0.87231180657637,1.23261684456202,0.6946264548756,-0.0604595288895203,6.97346343606704e-19,1.0135126408257e-17,0,9.0677523981533e-19,-0.00132028335830533,0.000503230902382175,1,3.99843666567046e-20,1.31971379115125e-20,1,-0.00851380873607495,-0.00787971180468843,-0.00787971180468843,0.000459257358681307,0.00778578210790153,-0.0138707345613709,-0.0138707345613709,0.00349265014786156,1,0,-4.33680868994202e-19,1,-0.00851378458670773,-0.00787986570530961,-0.00787986570530961,0.000459193880449942,0.00778578868057813,-0.0138710054741553,-0.0138710054741553,0.00349269864565495,-7.24871645692401,-27.1061908754741,-0.415149494377443,-1.0876332757293,-0.415149494377443,-1.0876332757293,-50.7387043860152,0.820650825338529,2.60208521396521e-18,-1.09724057831422e-19,-1.11306762391424e-19,0,0,0,-0.00851380873607495,0.000459257358681306,-0.00787971180468842,0.00778578210790153,0.00349265014786155,-0.0138707345613709,7.07192877198338e-12,3.02899717178947e-09,8.88206081528592e-12,3.99843666567046e-20,6.93889390390723e-18,3.2084206582603e-14
NC_k0044,0.00822368421052631,0.00822368421052631,0.498319620777217,-35.5166433290269,-0.641794259267184,-24.8374489447807,-5.28708874657596,31.6450197144988,-1.25728468468033,25.2661777932564,7.18532520865658,1,1280,3.60535365966878,5.10150431971781,2.87326313319752,-0.249176341938916,7.9415294505501e-19,-1.80964618713941e-18,0,1.39937287511923e-18,-0.00132072273383166,0.000503422553383504,1,-3.0722084786249e-20,-1.05890761642265e-19,1,-0.00851380873607495,-0.00787971180468843,-0.00787971180468843,0.000459257358681307,0.00778578210790153,-0.0138707345613709,-0.0138707345613709,0.00349265014786155,1,0,-4.33680868994202e-19,1,-0.00851378458670773,-0.00787986570530961,-0.00787986570530961,0.000459193880449942,0.00778578868057813,-0.0138710054741553,-0.0138710054741553,0.00349269864565495,-7.24065025447405,-27.0968234582487,-0.403715902668204,-1.08723905326719,-0.403715902668204,-1.08723905326719,-50.7527550066726,0.82492497542559,2.60208521396521e-18,1.22565299775725e-19,1.29851239798556e-19,0,0,0,-0.00851380873607495,0.000459257358681306,-0.00787971180468842,0.00778578210790153,0.00349265014786155,-0.0138707345613709,1.38336522642063e-12,4.34822814038509e-09,9.72921544320031e-12,1.05890761642265e-19,6.93889390390723e-18,7.34104119848684e-14
NC_k0044,0.0144736842105263,0.0144736842105263,0.498655238686882,-38.9349948962124,0.220733438991999,-20.9963391895935,-7.94460039123828,33.8747468485683,-3.17083264395941,22.6298574507183,10.92533336418,1,1280,6.20964224984585,8.81065156184659,4.9566969578584,-0.428817885599817,4.52183244935788e-19,-4.44215510403432e-18,0,1.05264523211661e-18,-0.00132195259306676,0.000503733492983704,1,3.1690512943418e-21,2.68056088893259e-19,1,-0.00851380873607495,-0.00787971180468843,-0.00787971180468843,0.000459257358681307,0.00778578210790153,-0.0138707345613709,-0.0138707345613709,0.00349265014786156,1,0,-4.33680868994202e-19,1,-0.00851378458670773,-0.00787986570530961,-0.00787986570530961,0.000459193880449942,0.00778578868057813,-0.0138710054741553,-0.0138710054741553,0.00349269864565495,-7.23408196439053,-27.0878461541895,-0.376576532453398,-1.08307489446118,-0.376576532453398,-1.08307489446118,-50.8125189785452,0.832747360051218,3.46944695195361e-18,3.61025336974155e-19,-2.81396630436244e-19,0,0,0,-0.00851380873607495,0.000459257358681306,-0.00787971180468842,0.00778578210790153,0.00349265014786155,-0.0138707345613709,1.76708980902745e-12,3.66676928720339e-09,7.89216617238518e-12,2.68056088893259e-19,6.93889390390723e-18,1.1688778994142e-14
NC_k0045,-0.0167763157894737,-0.0167763157894737,0.513584674742265,-74.9950629309753,-42.5316908212761,-69.0803614690642,-58.4965068631979,68.0004094545005,45.8805976662586,76.6628067257853,57.7658098364273,1,1280,2.96560826179366,9.38543680386022,4.07584487166585,0.259202477737848,-7.11679729261023e-19,-9.28852359492125e-18,0,-2.92553930325305e-19,-0.000163948846040771,0.00142860367471705,1,2.35643811801199e-20,-6.95210342801323e-19,1,-0.00654149191567826,0.00237477066938528,0.00237477066938528,-0.000361188515241834,0.00375017741096736,0.0144696732013101,0.0144696732013101,0.0113138683691724,1,0,-1.0842021724855e-19,1,-0.00654147859066271,0.00237481705162491,0.00237481705162491,-0.000361235544751677,0.00375025112050764,0.0144699558121148,0.0144699558121148,0.0113138682145431,-10.9066792851297,12.0256234620944,-3.48440236138494,11.4999470733421,-3.48440236138494,11.4999470733421,46.2370759290497,10.3700051046581,2.60208521396521e-18,1.54907889200992e-19,-2.05819544468228e-19,0,0,0,-0.00654149191567826,-0.000361188515241834,0.00237477066938528,0.00375017741096736,0.0113138683691724,0.0144696732013101,4.11721567052666e-13,4.29983115548397e-09,1.53999393827615e-11,6.95210342801323e-19,6.93889390390723e-18,1.15651682650487e-13
NC_k0045,-0.0105263157894737,-0.0105263157894737,0.513415978547286,-73.8438614297847,-45.7293150984478,-69.4841969984033,-55.9723670402247,69.1996240998113,48.2023017338437,74.7319739748935,56.1486815206181,1,1280,1.96653011841445,5.98938104641386,2.62545068439327,0.155589560487057,-2.01163376655751e-18,9.71030629798449e-18,0,2.38115519851965e-19,-0.000164188656762754,0.00142793701150322,1,4.71905624119729e-20,-3.96897674275753e-19,1,-0.00654149191567826,0.00237477066938528,0.00237477066938528,-0.000361188515241834,0.00375017741096737,0.0144696732013101,0.0144696732013101,0.0113138683691724,1,0,-1.0842021724855e-19,1,-0.00654147859066271,0.00237481705162491,0.00237481705162491,-0.000361235544751677,0.00375025112050764,0.0144699558121148,0.0144699558121148,0.0113138682145431,-10.8868956508632,11.9931369078196,-3.44766912075306,11.4522221193121,-3.44766912075306,11.4522221193121,46.2291255113632,10.4082368230308,3.46944695195361e-18,-2.85554905364529e-19,-5.04643845046352e-19,0,0,0,-0.00654149191567826,-0.000361188515241834,0.00237477066938528,0.00375017741096736,0.0113138683691724,0.0144696732013101,2.34776191925738e-12,3.6458102405768e-09,4.06960951071535e-12,3.96897674275753e-19,8.67361737988404e-18,2.0543027826641e-14
NC_k0045,-0.00427631578947369,-0.00427631578947369,0.513485348956343,-72.3656650987356,-49.0387896610203,-70.4568326476064,-53.2327460442892,70.5823877621717,50.8074310821969,72.85073183328,54.1298060053004,1,1280,0.819608570267236,2.44767900527968,1.07820489993045,0.0610829279583239,-3.49220269060495e-18,1.10183898663412e-17,0,7.60013546813722e-21,-0.000164125092390076,0.00142762621715208,1,5.10567087018585e-21,-4.25200827937222e-19,1,-0.00654149191567826,0.00237477066938528,0.00237477066938528,-0.000361188515241831,0.00375017741096736,0.0144696732013101,0.0144696732013101,0.0113138683691724,1,0,-1.0842021724855e-19,1,-0.00654147859066271,0.00237481705162491,0.00237481705162491,-0.000361235544751677,0.00375025112050764,0.0144699558121148,0.0144699558121148,0.0113138682145431,-10.8739860934852,11.9842991348226,-3.42861778708326,11.4249905492506,-3.42861778708326,11.4249905492506,46.2436928049616,10.4348325988012,3.03576608295941e-18,-3.56503122927147e-19,3.67105523665162e-19,0,0,0,-0.00654149191567826,-0.000361188515241834,0.00237477066938528,0.00375017741096736,0.0113138683691724,0.0144696732013101,2.96842173613638e-12,1.74085731155714e-09,6.96422556872698e-12,4.25200827937222e-19,8.67361737988404e-18,4.4972342364079e-14
NC_k0045,0.00197368421052631,0.00197368421052631,0.513502384624387,-70.9226780477879,-52.1546454590381,-71.8131145489198,-50.2170429023379,72.197939426656,53.2897983406479,71.1496790176107,51.7500877281114,1,1280,-0.379661582522803,-1.130499545937,-0.498353172391735,-0.028006171756316,-2.343434108226e-18,-5.8403451108776e-18,0,-5.8371819722152e-19,-0.000164103404854109,0.00142758169314397,1,-1.29084226552504e-19,-1.14602997945239e-19,1,-0.00654149191567826,0.00237477066938528,0.00237477066938528,-0.000361188515241835,0.00375017741096736,0.0144696732013101,0.0144696732013101,0.0113138683691724,1,0,-1.0842021724855e-19,1,-0.00654147859066271,0.00237481705162491,0.00237481705162491,-0.000361235544751677,0.00375025112050764,0.0144699558121148,0.0144699558121148,0.0113138682145431,-10.8717062830116,11.9834328685597,-3.42569296591014,11.4205962731724,-3.42569296591014,11.4205962731724,46.246848324944,10.4392045426893,2.60208521396521e-18,1.67294590098427e-19,2.48918467337049e-19,0,0,0,-0.00654149191567826,-0.000361188515241834,0.00237477066938528,0.00375017741096736,0.0113138683691724,0.0144696732013101,8.04644710570952e-12,3.33269241082436e-09,6.96976385168552e-12,1.29084226552504e-19,3.46944695195361e-18,1.42695967573469e-13
NC_k0045,0.00822368421052631,0.00822368421052631,0.513439289987221,-69.7862423577854,-54.9931065718074,-73.3176528356623,-46.9584584101663,74.0254936477571,55.4519548201053,69.6850293664498,49.1566341353298,1,1280,-1.55543817507136,-4.69343055652797,-2.06212668142768,-0.119772019482327,2.35570450543262e-18,9.31789181538934e-19,0,-1.24382486965109e-18,-0.00016417578864617,0.00142778633355394,1,-3.55668468801782e-20,1.10744478679192e-19,1,-0.00654149191567826,0.00237477066938528,0.00237477066938528,-0.000361188515241834,0.00375017741096736,0.0144696732013101,0.0144696732013101,0.0113138683691724,1,0,-1.0842021724855e-19,1,-0.00654147859066271,0.00237481705162491,0.00237481705162491,-0.000361235544751677,0.00375025112050764,0.0144699558121148,0.0144699558121148,0.0113138682145431,-10.8812303107533,11.9883007578943,-3.43871550705064,11.4397254369328,-3.43871550705064,11.4397254369328,46.2346782449225,10.4202832333484,2.16840434497101e-18,3.57815105501391e-19,8.36116853850938e-19,0,0,0,-0.00654149191567826,-0.000361188515241834,0.00237477066938528,0.00375017741096736,0.0113138683691724,0.0144696732013101,7.55346035172966e-13,2.69618709219327e-09,3.94424910105186e-12,1.10744478679192e-19,1.04083408558608e-17,4.97334934516097e-14
NC_k0045,0.0144736842105263,0.0144736842105263,0.513449857654673,-69.1524651683221,-57.5847081169781,-74.632121265233,-43.664559786506,75.954485119214,57.2134028676976,68.4223802207772,46.6664147582586,1,1280,-2.62208119433452,-8.16362368790655,-3.55928261113974,-0.220194478460727,1.45126356930591e-18,-7.34615793285894e-19,0,-8.83227062137171e-19,-0.000164108861198695,0.00142831268899348,1,6.12208674832168e-22,-3.17815968105418e-19,1,-0.00654149191567826,0.00237477066938528,0.00237477066938528,-0.000361188515241834,0.00375017741096736,0.0144696732013101,0.0144696732013101,0.0113138683691724,1,0,-1.0842021724855e-19,1,-0.00654147859066271,0.00237481705162491,0.00237481705162491,-0.000361235544751677,0.00375025112050764,0.0144699558121148,0.0144699558121148,0.0113138682145431,-10.8984230519443,12.0091726182785,-3.46866458108385,11.47992314809,-3.46866458108385,11.47992314809,46.2268584959861,10.3839173089445,3.03576608295941e-18,1.64862758567255e-19,5.86789500261622e-19,0,0,0,-0.00654149191567826,-0.000361188515241834,0.00237477066938528,0.00375017741096736,0.0113138683691724,0.0144696732013101,2.3315214250223e-12,3.58863197076971e-09,4.05022181814123e-12,3.17815968105418e-19,6.93889390390723e-18,3.28666757283476e-14
NC_k0046,-0.0167763157894737,-0.0167763157894737,0.496212017107536,-133.373430515369,-49.1914115206724,-136.047695948764,-55.0481155168183,123.411282300864,54.986362576678,146.666795116993,49.8453459852796,1,1280,-1.28378434289302,5.2354310051927,1.30404339855889,1.26421279276334,5.15280582061333e-19,-5.97823942771264e-18,0,2.71646113162414e-20,0.000499818222944764,0.000304193084911273,1,-5.50500470320864e-20,-4.68516730667762e-19,1,-0.00666227389545113,-0.00203310119108945,-0.00203310119108945,0.0148185363540504,-0.00281435699595961,0.0097893019387532,0.0097893019387532,0.00530476659841745,1,0,-5.42101086242752e-20,1,-0.00666214909593219,-0.00203314090009709,-0.00203314090009709,0.0148184513800317,-0.00281431127169986,0.00978949313605668,0.00978949313605668,0.00530473303436084,-20.0848332825001,-3.91361488645847,-6.75332299366455,20.8309879418416,-6.75332299366455,20.8309879418416,26.5350839273355,8.58748794983898,2.60208521396521e-18,-8.8488389077699e-19,-2.57348304550999e-19,0,0,0,-0.00666227389545113,0.0148185363540504,-0.00203310119108945,-0.0028143569959596,0.00530476659841745,0.00978930193875319,2.13806897892042e-12,5.95790380021796e-09,9.08849966841928e-12,4.68516730667762e-19,6.93889390390723e-18,9.6208049005262e-15
NC_k0046,-0.0105263157894737,-0.0105263157894737,0.494514472171532,-133.946638207539,-50.2780758741491,-135.137785628246,-54.1917579831625,127.441635369324,54.1051979930974,142.288442282407,50.9854694367609,1,1280,-0.773861017389261,3.31736302532562,0.839355662618989,0.789203790321244,-7.16530316373034e-19,-5.9073268881597e-18,0,4.3412887001396e-18,0.000499691757631978,0.000304295935439333,1,-3.57330470234564e-20,-3.7744839304692e-19,1,-0.00666227389545114,-0.00203310119108945,-0.00203310119108945,0.0148185363540504,-0.0028143569959596,0.0097893019387532,0.0097893019387532,0.00530476659841745,1,0,-5.42101086242752e-20,1,-0.00666214909593219,-0.00203314090009709,-0.00203314090009709,0.0148184513800317,-0.00281431127169986,0.00978949313605668,0.00978949313605668,0.00530473303436084,-20.0172849008317,-3.90094924981409,-6.70700814999622,20.7092872027069,-6.70700814999622,20.7092872027069,26.5488026825317,8.61872192793376,2.16840434497101e-18,-2.13468255889314e-19,-2.44608671023427e-19,0,0,0,-0.00666227389545113,0.0148185363540504,-0.00203310119108945,-0.0028143569959596,0.00530476659841745,0.00978930193875319,2.97588869822225e-12,3.6857249657028e-09,1.35159538760786e-11,3.7744839304692e-19,5.20417042793042e-18,3.5921230608274e-15
NC_k0046,-0.00427631578947369,-0.00427631578947369,0.493646448080347,-134.265035529499,-51.5511732798985,-134.64210334235,-53.1839568723852,131.734834140925,53.309017477335,137.812216369419,52.0621489254068,1,1280,-0.307477884307765,1.35002437262645,0.344040341145168,0.318671081223311,-1.81004323383344e-18,-6.99477160864641e-19,0,-1.42334622363225e-19,0.000499770115177809,0.00030432941921202,1,-5.11903153535886e-22,-2.68813601326309e-19,1,-0.00666227389545113,-0.00203310119108945,-0.00203310119108945,0.0148185363540504,-0.0028143569959596,0.0097893019387532,0.0097893019387532,0.00530476659841745,1,0,-5.42101086242752e-20,1,-0.00666214909593219,-0.00203314090009709,-0.00203314090009709,0.0148184513800317,-0.00281431127169986,0.00978949313605668,0.00978949313605668,0.00530473303436084,-19.9813474818262,-3.89389590305724,-6.68197777321896,20.6434747398987,-6.68197777321896,20.6434747398987,26.5651409315598,8.63731137683561,2.16840434497101e-18,-3.85097042214882e-19,-1.63335166484287e-20,0,0,0,-0.00666227389545113,0.0148185363540504,-0.00203310119108945,-0.0028143569959596,0.00530476659841745,0.00978930193875319,3.05396280826168e-12,2.39584832861688e-09,8.83695094159759e-12,2.68813601326309e-19,6.93889390390723e-18,5.22898228538121e-14
NC_k0046,0.00197368421052631,0.00197368421052631,0.493511539758153,-134.521910032944,-52.7699254263649,-134.355224131288,-52.0136199095841,136.161920879505,52.4240418812961,133.354126129996,52.9980321344234,1,1280,0.141454447794295,-0.6231291092709,-0.158952638287289,-0.146909834161386,8.25486546658519e-19,-4.49078339788509e-18,0,5.67763537566597e-19,0.000499790018119093,0.000304333160021302,1,5.27358393454815e-20,4.41515242632818e-20,1,-0.00666227389545113,-0.00203310119108945,-0.00203310119108945,0.0148185363540504,-0.00281435699595961,0.0097893019387532,0.0097893019387532,0.00530476659841745,1,0,-5.42101086242752e-20,1,-0.00666214909593219,-0.00203314090009709,-0.00203314090009709,0.0148184513800317,-0.00281431127169986,0.00978949313605668,0.00978949313605668,0.00530473303436084,-19.9756244176085,-3.89277222232452,-6.67805327204057,20.6331427423665,-6.67805327204057,20.6331427423665,26.5680618679555,8.64019082529484,8.67361737988404e-19,-3.03910475770523e-19,8.25636773830192e-20,0,0,0,-0.00666227389545113,0.0148185363540504,-0.00203310119108945,-0.0028143569959596,0.00530476659841745,0.00978930193875319,8.85798460356254e-12,3.22431427992405e-09,8.44717360869698e-13,5.27358393454815e-20,3.46944695195361e-18,8.32366593317378e-15
NC_k0046,0.00822368421052631,0.00822368421052631,0.494108923057173,-134.919411702816,-53.8405955623855,-134.085351562075,-50.7428754787007,140.64493036923,51.3964730725086,129.003255040314,53.8145337644103,1,1280,0.598346273563838,-2.59453126070192,-0.658741045755554,-0.615047129956591,-3.86553411646851e-18,-1.47039625687426e-19,0,1.09914436307066e-18,0.00049971716260632,0.000304312669985238,1,6.12200781084966e-20,1.34019552937777e-19,1,-0.00666227389545113,-0.00203310119108945,-0.00203310119108945,0.0148185363540504,-0.00281435699595961,0.0097893019387532,0.0097893019387532,0.00530476659841745,1,0,-5.42101086242752e-20,1,-0.00666214909593219,-0.00203314090009709,-0.00203314090009709,0.0148184513800317,-0.00281431127169986,0.00978949313605668,0.00978949313605668,0.00530473303436084,-20.0006620492416,-3.8977197175318,-6.69536088207466,20.6786938481248,-6.69536088207466,20.6786938481248,26.5559129346845,8.62737530542452,2.16840434497101e-18,-4.88149078158604e-19,4.14610790964947e-19,0,0,0,-0.00666227389545113,0.0148185363540504,-0.00203310119108945,-0.0028143569959596,0.00530476659841745,0.00978930193875319,2.87760178845539e-12,2.10431950154069e-09,1.05219895403713e-11,1.34019552937777e-19,5.20417042793042e-18,1.59531291725459e-14
NC_k0046,0.0144736842105263,0.0144736842105263,0.495468486136621,-135.647671490517,-54.7456684936879,-133.619707679808,-49.5461842961617,145.071186283876,50.2609242210339,124.847940723327,54.6342264311535,1,1280,1.08944944531111,-4.54093874494107,-1.13899146887784,-1.08949303551537,-3.45629147149157e-20,-1.12520319934404e-17,0,8.84375188827394e-19,0.00049971423582018,0.000304246627389976,1,5.61092122253163e-20,-2.7489856393187e-19,1,-0.00666227389545113,-0.00203310119108945,-0.00203310119108945,0.0148185363540504,-0.00281435699595961,0.0097893019387532,0.0097893019387532,0.00530476659841745,1,0,-5.42101086242752e-20,1,-0.00666214909593219,-0.00203314090009709,-0.00203314090009709,0.0148184513800317,-0.00281431127169986,0.00978949313605668,0.00978949313605668,0.00530473303436084,-20.0554939560346,-3.90820786663907,-6.73370866689695,20.7792563552198,-6.73370866689695,20.7792563552198,26.5373593866818,8.59977940115966,2.60208521396521e-18,-3.62702338512704e-19,6.36589191714549e-19,0,0,0,-0.00666227389545113,0.0148185363540504,-0.00203310119108945,-0.0028143569959596,0.00530476659841745,0.00978930193875319,1.68802140640117e-12,4.44957091477803e-09,1.13201952380162e-11,2.7489856393187e-19,6.93889390390723e-18,3.50678011246768e-14
NC_k0047,-0.0167763157894737,-0.0167763157894737,0.548538738904855,-5.66528646414433,71.8355177866511,-1.75104028693343,80.9817843976317,3.68021949033205,-80.3376239706905,3.7975456646868,-70.3914768385682,1,1280,8.45579342570384,5.7959183298367,4.70306487932828,1.14051863543884,-3.23581805974414e-18,-3.47412548549821e-19,0,7.42236442833222e-18,-0.000453533225424838,0.00099180299472622,1,-4.14645956245415e-21,-4.26922975475564e-19,1,-0.00322042004354662,0.0129470972600951,0.0129470972600951,-0.00756834716060176,0.00988741323463333,0.00818138711367099,0.00818138711367099,-0.00016016541832599,1,-2.16840434497101e-19,0,1,-0.00322046761342318,0.0129473501330885,0.0129473501330885,-0.00756835227025256,0.0098873879223543,0.00818154690638805,0.00818154690638805,-0.000160092609719734,-0.763876827650216,41.3301137363497,14.3254030294504,0.525565122238824,14.3254030294504,0.525565122238824,28.1742762341039,-9.81516364158944,2.60208521396521e-18,6.2246162545995e-19,1.12890793223836e-19,0,0,0,-0.00322042004354662,-0.00756834716060175,0.0129470972600951,0.00988741323463333,-0.000160165418325989,0.00818138711367098,5.39474432962527e-13,4.29097804047146e-09,5.42408229247726e-12,4.26922975475564e-19,6.93889390390723e-18,1.55845279162617e-14
NC_k0047,-0.0105263157894737,-0.0105263157894737,0.547387250045766,-4.4960489586715,72.8844616239473,-1.386372400972,78.8459266309514,2.95290652430025,-78.3835204689578,3.02601845233638,-71.2526931100307,1,1280,5.4333107082883,3.75146521605209,3.03097605503241,0.706760118160997,-4.94376073620893e-19,1.99639048222938e-18,0,1.03154716341283e-18,-0.000453381406805491,0.000991024470574042,1,-5.21775461199158e-21,-2.23091409333074e-19,1,-0.00322042004354662,0.0129470972600951,0.0129470972600951,-0.00756834716060175,0.00988741323463334,0.00818138711367099,0.00818138711367099,-0.000160165418325989,1,-2.16840434497101e-19,0,1,-0.00322046761342318,0.0129473501330885,0.0129473501330885,-0.00756835227025256,0.0098873879223543,0.00818154690638805,0.00818154690638805,-0.000160092609719734,-0.732006699185832,41.2925085016914,14.2501000407082,0.543936512915089,14.2501000407082,0.543936512915089,28.1749266890784,-9.74936430939673,2.60208521396521e-18,5.31398611129932e-19,5.97225316758731e-20,0,0,0,-0.00322042004354662,-0.00756834716060175,0.0129470972600951,0.00988741323463333,-0.000160165418325989,0.00818138711367098,1.72956439487246e-12,3.95861540185614e-09,2.20694073180517e-11,2.23091409333074e-19,6.93889390390723e-18,3.89418680669321e-14
NC_k0047,-0.00427631578947369,-0.00427631578947369,0.546918703665937,-3.12221508410615,74.2602312613347,-1.71995907479074,76.7339875839782,2.45838825678157,-75.9908298252094,2.49715247533339,-72.9060824837137,1,1280,2.22795021665022,1.54381810710323,1.24468354683867,0.284030574180546,-1.8345145450752e-18,-1.9998580233572e-18,0,-4.29619081314321e-18,-0.000453198998394663,0.000990789958124971,1,-6.81771897912845e-20,-3.52430110545673e-19,1,-0.00322042004354662,0.0129470972600951,0.0129470972600951,-0.00756834716060175,0.00988741323463333,0.00818138711367098,0.00818138711367098,-0.00016016541832599,1,-2.16840434497101e-19,0,1,-0.00322046761342318,0.0129473501330885,0.0129473501330885,-0.00756835227025256,0.0098873879223543,0.00818154690638805,0.00818154690638805,-0.000160092609719734,-0.71327641582374,41.2905379301831,14.2082218042685,0.552804999277108,14.2082218042685,0.552804999277108,28.1878733121966,-9.70972214920456,2.81892564846231e-18,4.24124049837334e-19,-1.10741121429822e-19,0,0,0,-0.00322042004354662,-0.00756834716060175,0.0129470972600951,0.00988741323463333,-0.000160165418325989,0.00818138711367098,2.12606480125264e-12,1.89340819272847e-09,1.55013555478484e-11,3.52430110545673e-19,8.67361737988404e-18,6.69886759532155e-15
NC_k0047,0.00197368421052631,0.00197368421052631,0.546852549258746,-2.00532254280721,76.0069303778392,-2.66212574314577,74.8617682128396,2.40118501039428,-73.6672687508175,2.38253898242482,-75.1038238386213,1,1280,-1.02955799186321,-0.713750342127534,-0.575291750216939,-0.13078717304799,-6.99523482978944e-19,6.62869455675494e-19,0,-6.24645108697174e-18,-0.000453164672185563,0.000990764723847699,1,-2.25423611164233e-19,-2.66970921687298e-20,1,-0.00322042004354662,0.0129470972600951,0.0129470972600951,-0.00756834716060175,0.00988741323463333,0.00818138711367098,0.00818138711367098,-0.000160165418325989,1,-2.16840434497101e-19,0,1,-0.00322046761342318,0.0129473501330885,0.0129473501330885,-0.00756835227025256,0.0098873879223543,0.00818154690638805,0.00818154690638805,-0.000160092609719734,-0.71025590100342,41.2911815056479,14.2015666190029,0.554105292954852,14.2015666190029,0.554105292954852,28.1904767041623,-9.703214053688,1.73472347597681e-18,-1.75752101803752e-19,3.29803360604459e-19,0,0,0,-0.00322042004354662,-0.00756834716060175,0.0129470972600951,0.00988741323463333,-0.000160165418325989,0.00818138711367098,1.72876628439065e-11,3.71025613944059e-09,6.21848985283074e-12,2.25423611164233e-19,3.46944695195361e-18,7.51176015670258e-14
NC_k0047,0.00822368421052631,0.00822368421052631,0.547159529365556,-1.43015113162618,78.0526140491985,-3.98587727030444,73.349438894402,2.79147798206875,-71.7821676370957,2.72803199581933,-77.5238397930594,1,1280,-4.2646341308446,-2.94948042184307,-2.38065780238689,-0.5495719589531,-7.83115046961103e-19,6.33673619647068e-18,0,3.28501876257879e-18,-0.000453305583181918,0.00099089914568828,1,7.94687222328337e-20,5.39456676113588e-21,1,-0.00322042004354662,0.0129470972600951,0.0129470972600951,-0.00756834716060175,0.00988741323463334,0.00818138711367099,0.00818138711367099,-0.000160165418325991,1,-2.16840434497101e-19,0,1,-0.00322046761342318,0.0129473501330885,0.0129473501330885,-0.00756835227025256,0.0098873879223543,0.00818154690638805,0.00818154690638805,-0.000160092609719734,-0.723429077267966,41.2903211662258,14.230756900154,0.548191439682103,14.230756900154,0.548191439682103,28.1801183848497,-9.73132831118192,2.60208521396521e-18,3.34870906437075e-19,-2.43226363800703e-19,0,0,0,-0.00322042004354662,-0.00756834716060175,0.0129470972600951,0.00988741323463333,-0.000160165418325989,0.00818138711367098,1.60245090108686e-12,3.43779224548827e-09,4.90841444404325e-12,7.94687222328337e-20,6.93889390390723e-18,4.82917806744903e-14
NC_k0047,0.0144736842105263,0.0144736842105263,0.547993234147762,-1.53829672471947,80.2067755610005,-5.29430552911033,72.1881779187369,3.4998082973686,-70.6026112848969,3.40612271253153,-79.7019048015395,1,1280,-7.37692063832698,-5.07243000177819,-4.10828571123474,-0.980131344014799,3.89985880316701e-19,-4.95519898971931e-18,0,-4.51023206844744e-18,-0.000453497701177178,0.000991417941074545,1,1.28199543702382e-19,-2.89439136574538e-19,1,-0.00322042004354662,0.0129470972600951,0.0129470972600951,-0.00756834716060175,0.00988741323463333,0.00818138711367099,0.00818138711367099,-0.000160165418325991,1,-2.16840434497101e-19,0,1,-0.00322046761342318,0.0129473501330885,0.0129473501330885,-0.00756835227025256,0.0098873879223543,0.00818154690638805,0.00818154690638805,-0.000160092609719734,-0.750722999741242,41.3077240701543,14.2936599724356,0.533492590100423,14.2936599724356,0.533492590100423,28.1700620905944,-9.78825340831417,1.73472347597681e-18,2.40638860275672e-19,2.08475336455414e-19,0,0,0,-0.00322042004354662,-0.00756834716060175,0.0129470972600951,0.00988741323463333,-0.000160165418325989,0.00818138711367098,1.40542472956722e-12,2.9326681777259e-09,1.61428226675731e-11,2.89439136574538e-19,5.20417042793042e-18,6.90858988406955e-14
NC_k0048,-0.0167763157894737,-0.0167763157894737,0.481509918927151,-74.1937434164478,45.62048695544,-74.756249879433,66.4040405872519,66.5186920853413,-53.8341228921496,80.4140726978744,-58.0573136000488,1,1280,7.28896153596724,-0.907081092402314,2.1060205463764,1.94156569047162,1.56239197587996e-18,1.56022476267507e-18,0,-3.89220903686212e-18,-0.000888721960140887,-0.000585563582241971,1,-3.61953933261406e-20,1.43553836215206e-19,1,-0.00959817720777239,0.0143184260441408,0.0143184260441408,0.00264488798011917,-0.00547214519221274,-0.00197937105098254,-0.00197937105098254,-0.00787400499854834,1,6.7762635780344e-20,0,1,-0.00959813440298444,0.0143187057008995,0.0143187057008995,0.00264481122372366,-0.00547218950341831,-0.00197940971057338,-0.00197940971057338,-0.00787402585409174,-12.8381259163597,46.4968199706004,8.45440313015589,7.40019224452947,8.45440313015589,7.40019224452947,-11.5722213871725,-9.06974929698052,2.60208521396521e-18,2.52052918423496e-19,5.78018898689549e-19,0,0,0,-0.00959817720777239,0.00264488798011918,0.0143184260441408,-0.00547214519221274,-0.00787400499854834,-0.00197937105098254,1.29224610315767e-12,4.48155112058247e-09,8.59990044061117e-12,1.43553836215206e-19,5.20417042793042e-18,1.36036986732966e-14
NC_k0048,-0.0105263157894737,-0.0105263157894737,0.480351681302994,-73.229107418985,49.141931288486,-73.0681486355922,62.6212823317255,67.618914007188,-54.7868434387008,76.669478310524,-56.8576242122504,1,1280,4.65273631045454,-0.531325153978267,1.36006568163712,1.21309315894532,-9.52177529277141e-19,-2.58980323623002e-19,0,-5.61504096435286e-18,-0.000887490236171767,-0.000586335507804156,1,7.68660133590872e-20,5.44306648551403e-20,1,-0.0095981772077724,0.0143184260441408,0.0143184260441408,0.00264488798011918,-0.00547214519221274,-0.00197937105098254,-0.00197937105098254,-0.00787400499854834,1,6.7762635780344e-20,0,1,-0.00959813440298444,0.0143187057008995,0.0143187057008995,0.00264481122372366,-0.00547218950341831,-0.00197940971057338,-0.00197940971057338,-0.00787402585409174,-12.7593071251147,46.4439114249817,8.3900731541652,7.36463728835561,8.3900731541652,7.36463728835561,-11.5216005936974,-9.05584906359766,1.73472347597681e-18,3.10366215956654e-20,-2.68753900159329e-19,0,0,0,-0.00959817720777239,0.00264488798011918,0.0143184260441408,-0.00547214519221274,-0.00787400499854834,-0.00197937105098254,1.00357632270639e-12,3.21468188440743e-09,3.84562823782816e-12,7.68660133590872e-20,1.73472347597681e-18,5.44304376306125e-14
NC_k0048,-0.00427631578947369,-0.00427631578947369,0.479893852749096,-72.4676157948772,52.9990679191163,-72.2868018323425,58.564488268103,69.4990922473245,-55.3722943723143,73.2493989710011,-56.0792419189552,1,1280,1.89994106598948,-0.207608038252414,0.558469899153206,0.4903457072906,-1.81148914554418e-18,-1.77393845445672e-19,0,8.96266737313457e-19,-0.000886860325980337,-0.000586578714682369,1,-7.37993713947973e-20,1.51737817572814e-19,1,-0.00959817720777239,0.0143184260441408,0.0143184260441408,0.00264488798011918,-0.00547214519221274,-0.00197937105098254,-0.00197937105098254,-0.00787400499854834,1,6.7762635780344e-20,0,1,-0.00959813440298444,0.0143187057008995,0.0143187057008995,0.00264481122372366,-0.00547218950341831,-0.00197940971057338,-0.00197940971057338,-0.00787402585409174,-12.7234590363559,46.4354748155803,8.35364805209285,7.34665515749648,8.35364805209285,7.34665515749648,-11.5022014359033,-9.04591928644626,2.16840434497101e-18,4.07022467964271e-19,1.89625871149999e-19,0,0,0,-0.00959817720777239,0.00264488798011918,0.0143184260441408,-0.00547214519221274,-0.00787400499854834,-0.00197937105098254,4.4118125482774e-12,1.89052193842345e-09,3.55732297489261e-12,1.51737817572814e-19,5.20417042793042e-18,3.34297316248833e-14
NC_k0048,0.00197368421052631,0.00197368421052631,0.479830509613617,-72.2078315912027,57.0509434052776,-72.2993156301695,54.476317019694,72.118950094112,-55.8665722993961,70.383034842551,-55.5498486163569,1,1280,-0.877354129723468,0.0952237305989277,-0.258103031711099,-0.226063841863755,-3.04438861366467e-19,-3.09286139756027e-19,0,4.89690922631392e-20,-0.000886767012683586,-0.000586605873672018,1,-2.94908999279972e-19,9.36630986605918e-21,1,-0.0095981772077724,0.0143184260441408,0.0143184260441408,0.00264488798011917,-0.00547214519221274,-0.00197937105098254,-0.00197937105098254,-0.00787400499854834,1,6.7762635780344e-20,0,1,-0.00959813440298444,0.0143187057008995,0.0143187057008995,0.00264481122372366,-0.00547218950341831,-0.00197940971057338,-0.00197940971057338,-0.00787402585409174,-12.7182311369184,46.435193996415,8.34785006913332,7.34390382473629,8.34785006913332,7.34390382473629,-11.4996756640689,-9.04409462059472,2.60208521396521e-18,6.74730216270982e-19,9.70021242126737e-19,0,0,0,-0.00959817720777239,0.00264488798011918,0.0143184260441408,-0.00547214519221274,-0.00787400499854834,-0.00197937105098254,1.41853781550794e-11,4.0160008361321e-09,1.70904193960713e-12,2.94908999279972e-19,5.20417042793042e-18,4.22265149744745e-14
NC_k0048,0.00822368421052631,0.00822368421052631,0.480127406692647,-72.6793716452044,61.1448707742563,-72.908516842975,50.5327574068932,75.3581073015951,-56.5298111597637,68.2212859825631,-55.0318093852748,1,1280,-3.64502341351398,0.407691146654223,-1.06831964806376,-0.945757278924817,-3.05074136076907e-18,-1.95777107379051e-19,0,-6.39049301011927e-18,-0.000887191332732339,-0.000586464668818898,1,-2.26332103577703e-19,2.24890180008466e-20,1,-0.0095981772077724,0.0143184260441408,0.0143184260441408,0.00264488798011918,-0.00547214519221274,-0.00197937105098254,-0.00197937105098254,-0.00787400499854833,1,6.7762635780344e-20,0,1,-0.00959813440298444,0.0143187057008995,0.0143187057008995,0.00264481122372366,-0.00547218950341831,-0.00197940971057338,-0.00197940971057338,-0.00787402585409174,-12.7420837048836,46.4385899098131,8.37327312605512,7.35617578764094,8.37327312605512,7.35617578764094,-11.5118676345119,-9.05159169493909,2.60208521396521e-18,6.23835037219853e-19,-4.69893643865965e-19,0,0,0,-0.00959817720777239,0.00264488798011918,0.0143184260441408,-0.00547214519221274,-0.00787400499854834,-0.00197937105098254,1.94776641805671e-12,3.20759265858474e-09,1.58105150723344e-12,2.26332103577703e-19,5.20417042793042e-18,8.22040732840106e-14
NC_k0048,0.0144736842105263,0.0144736842105263,0.480957739153339,-74.0271034919176,65.0588090036804,-73.8339558626302,46.8658802784868,79.013518107174,-57.5577746809465,66.8329547131983,-54.2394939361929,1,1280,-6.34272228315557,0.760937843365643,-1.84198886513067,-1.67357239993927,-3.01322044818367e-19,8.49454932087856e-19,0,1.3524866236385e-18,-0.000888198656153529,-0.000585939824469073,1,-2.35576279845502e-20,9.31195523048192e-20,1,-0.0095981772077724,0.0143184260441409,0.0143184260441409,0.00264488798011917,-0.00547214519221274,-0.00197937105098254,-0.00197937105098254,-0.00787400499854833,1,6.7762635780344e-20,0,1,-0.00959813440298444,0.0143187057008995,0.0143187057008995,0.00264481122372366,-0.00547218950341831,-0.00197940971057338,-0.00197940971057338,-0.00787402585409174,-12.8025097707072,46.4672925831525,8.42755844911204,7.3846607918562,8.42755844911204,7.3846607918562,-11.5484491211035,-9.06405274892624,3.46944695195361e-18,1.03235391742094e-18,8.25400749076319e-20,0,0,0,-0.00959817720777239,0.00264488798011918,0.0143184260441408,-0.00547214519221274,-0.00787400499854834,-0.00197937105098254,1.72325780469089e-12,2.83088158459953e-09,1.64241707739477e-12,9.31195523048192e-20,8.67361737988404e-18,4.16658761531958e-14
NC_k0049,-0.0167763157894737,-0.0167763157894737,0.242191936533263,44.9367208318467,-24.7810507597484,66.0225786261019,-36.846439331279,-45.8987013190704,21.2775832674677,-64.815949970304,40.8266544259939,1,1280,7.7234868066734,4.49023997834515,4.03052983905611,-1.4368082036442,-7.54607094330075e-19,-1.77164054671505e-18,0,-1.78432453422794e-18,-0.000343720854976117,-0.000479860831469221,1,1.77502318046825e-20,-8.75361225741368e-20,1,0.00157454726667926,0.00976867116296737,0.00976867116296737,-0.0112931204706938,-0.0126793367371587,0.00350337763604774,0.00350337763604774,-0.00123290700954228,1,-2.16840434497101e-19,0,1,0.00157446070928503,0.00976886195732602,0.00976886195732602,-0.0112930813672703,-0.0126793148118273,0.0035034460613922,0.0035034460613922,-0.00123299686575127,8.59275279373775,35.7892334687771,-3.88453999021562,-7.92842134080467,-3.88453999021562,-7.92842134080467,15.4230672064373,4.75207413639244,1.30104260698261e-18,1.74323355972174e-18,-6.73607184402649e-20,0,0,0,0.00157454726667927,-0.0112931204706938,0.00976867116296737,-0.0126793367371587,-0.00123290700954228,0.00350337763604774,1.53164609043738e-12,3.57191817334049e-09,3.01090580202333e-12,8.75361225741368e-20,8.67361737988404e-18,6.63543077093404e-14
NC_k0049,-0.0105263157894737,-0.0105263157894737,0.241462009786236,49.3777262177975,-27.5398847263989,63.0183373335398,-34.9594185836763,-50.1576204507511,25.1225725280164,-61.9771493549244,37.8601130648325,1,1280,4.95774257740165,2.91991909736999,2.59962835267467,-0.905299792773319,-7.31690882639906e-19,3.25146997129487e-18,0,-4.38471899102109e-20,-0.000344002792560146,-0.000480572129665931,1,3.47977229659186e-20,-1.95516671371235e-19,1,0.00157454726667927,0.00976867116296737,0.00976867116296737,-0.0112931204706938,-0.0126793367371586,0.00350337763604774,0.00350337763604774,-0.00123290700954228,1,-2.16840434497101e-19,0,1,0.00157446070928503,0.00976886195732602,0.00976886195732602,-0.0112930813672703,-0.0126793148118273,0.0035034460613922,0.0035034460613922,-0.00123299686575127,8.55531184806756,35.7191524484279,-3.84863800364928,-7.86353901103087,-3.84863800364928,-7.86353901103087,15.3740223423515,4.69900108240809,1.73472347597681e-18,3.10225955515267e-19,-6.05557236762313e-19,0,0,0,0.00157454726667927,-0.0112931204706938,0.00976867116296737,-0.0126793367371587,-0.00123290700954228,0.00350337763604774,8.5508183029755e-13,4.76060028400896e-09,9.58482597079609e-12,1.95516671371235e-19,5.20417042793042e-18,6.0002857112739e-14
NC_k0049,-0.00427631578947369,-0.00427631578947369,0.241172909265744,53.8396919780826,-30.0464391965155,59.463110204149,-33.0195326868612,-54.1280837346369,29.140049407416,-58.9053948984575,34.4124821022017,1,1280,2.03333664614916,1.2062501804852,1.06906365278932,-0.367782178431096,-5.72236930319284e-19,5.35469579271915e-19,0,-2.2025238908776e-18,-0.000344124416619228,-0.000480845996073327,1,-7.77624359549047e-20,7.99081385869595e-20,1,0.00157454726667927,0.00976867116296737,0.00976867116296737,-0.0112931204706938,-0.0126793367371586,0.00350337763604774,0.00350337763604774,-0.00123290700954228,1,-2.16840434497101e-19,0,1,0.00157446070928503,0.00976886195732602,0.00976886195732602,-0.0112930813672703,-0.0126793148118273,0.0035034460613922,0.0035034460613922,-0.00123299686575127,8.53767612858561,35.69829351607,-3.83129098125301,-7.82976110982454,-3.83129098125301,-7.82976110982454,15.3559383075395,4.67442492765203,1.95156391047391e-18,2.81660192074836e-19,-3.10300811125926e-19,0,0,0,0.00157454726667927,-0.0112931204706938,0.00976867116296737,-0.0126793367371587,-0.00123290700954228,0.00350337763604774,2.7053724983665e-12,3.32323622749235e-09,5.83475961815444e-12,7.99081385869595e-20,5.20417042793042e-18,1.24983171660294e-13
NC_k0049,0.00197368421052631,0.00197368421052631,0.241133520400275,58.0258503459891,-32.2645047234263,55.4249062151033,-30.8953124033117,-57.6915462530006,33.0434378907882,-55.4885905617601,30.603350528284,1,1280,-0.939674595363532,-0.558070041883566,-0.494255730291538,0.169747364216521,-2.53703573059404e-18,1.46021035481128e-18,0,1.2049870855305e-18,-0.000344140276807509,-0.00048088016111128,1,-1.91239632614968e-19,-5.24773786111962e-21,1,0.00157454726667927,0.00976867116296737,0.00976867116296737,-0.0112931204706938,-0.0126793367371587,0.00350337763604774,0.00350337763604774,-0.00123290700954228,1,-2.16840434497101e-19,0,1,0.00157446070928503,0.00976886195732602,0.00976886195732602,-0.0112930813672703,-0.0126793148118273,0.0035034460613922,0.0035034460613922,-0.00123299686575127,8.53505874447819,35.6959575699563,-3.82871975958142,-7.82456641233747,-3.82871975958142,-7.82456641233747,15.3535833367732,4.67088714180997,1.73472347597681e-18,2.09036716046101e-19,4.96990026091555e-19,0,0,0,0.00157454726667927,-0.0112931204706938,0.00976867116296737,-0.0126793367371587,-0.00123290700954228,0.00350337763604774,7.7285875535692e-12,3.49265687625874e-09,3.23183992355761e-12,1.91239632614968e-19,5.20417042793042e-18,4.5581418649485e-14
NC_k0049,0.00822368421052631,0.00822368421052631,0.241319434230751,61.7705556815691,-34.2582067791519,51.0387767289506,-28.4973851838079,-60.8793565079603,36.6404039892114,-51.6651480318076,26.6002030689404,1,1280,-3.89146314947854,-2.29963258742451,-2.04306159317796,0.70741334548294,2.03968511549041e-18,2.9590897488982e-19,0,7.35704362972013e-19,-0.000344063906323462,-0.000480711200411719,1,6.54708680522356e-20,4.79480381617215e-20,1,0.00157454726667927,0.00976867116296737,0.00976867116296737,-0.0112931204706938,-0.0126793367371586,0.00350337763604774,0.00350337763604774,-0.00123290700954228,1,-2.16840434497101e-19,0,1,0.00157446070928503,0.00976886195732602,0.00976886195732602,-0.0112930813672703,-0.0126793148118273,0.0035034460613922,0.0035034460613922,-0.00123299686575127,8.54689912721646,35.7081821949678,-3.84036526673316,-7.84769040105392,-3.84036526673316,-7.84769040105392,15.3649368708114,4.68713753396241,1.51788304147971e-18,3.88678530371228e-19,-5.18193894403139e-20,0,0,0,0.00157454726667927,-0.0112931204706938,0.00976867116296737,-0.0126793367371587,-0.00123290700954228,0.00350337763604774,2.01724997479907e-12,4.43364282750426e-09,5.0316336785929e-12,6.54708680522356e-20,3.46944695195361e-18,4.77316048630874e-14
NC_k0049,0.0144736842105263,0.0144736842105263,0.241847991971095,64.9798116875378,-36.1488595730834,46.5431517880488,-25.8183229312785,-63.788987650735,39.795095936482,-47.4830252701541,22.6516328420675,1,1280,-6.73350579361363,-3.93555937117384,-3.52079150437982,1.24261281253125,-2.66107311780759e-19,-3.07831129058546e-19,0,-1.93379276219382e-18,-0.000343843579838666,-0.000480188838153764,1,2.06134455752373e-20,-2.23309613701432e-20,1,0.00157454726667927,0.00976867116296737,0.00976867116296737,-0.0112931204706938,-0.0126793367371586,0.00350337763604774,0.00350337763604774,-0.00123290700954228,1,-2.16840434497101e-19,0,1,0.00157446070928503,0.00976886195732602,0.00976886195732602,-0.0112930813672703,-0.0126793148118273,0.0035034460613922,0.0035034460613922,-0.00123299686575127,8.57605316014847,35.7538473649159,-3.86877310949166,-7.90058170592232,-3.86877310949166,-7.90058170592232,15.3996238759026,4.7285796660475,1.73472347597681e-18,-5.37122544839964e-19,-4.2761283127126e-19,0,0,0,0.00157454726667927,-0.0112931204706938,0.00976867116296737,-0.0126793367371587,-0.00123290700954228,0.00350337763604774,1.55597618900464e-12,3.91184550863523e-09,1.21367461566721e-11,2.23309613701432e-20,3.46944695195361e-18,5.39393378172217e-15
NC_k0050,-0.0167763157894737,-0.0167763157894737,0.349113889573385,-136.426421471243,59.3613469848141,-156.18602095605,87.1037140299569,125.908584067417,-64.6552584726184,164.055164122338,-82.4215145643731,1,1280,-1.3721769096057,-1.23355143117394,-0.859890352457279,3.38544902492567,8.91211009409532e-19,-5.23756288207857e-19,0,1.56369561252534e-18,-0.00121219258041515,-0.000173313741002111,1,1.33284844829644e-19,-8.63526875421419e-20,1,-0.0164440485414028,0.001712164880368,0.001712164880368,0.00689250589615461,0.00645796550210894,0.00163830469021281,0.00163830469021281,-0.00589624972143269,1,2.71050543121376e-20,1.0842021724855e-19,1,-0.016443957912579,0.00171219832108832,0.00171219832108832,0.00689236862893898,0.00645790655016883,0.00163833668835129,0.00163833668835129,-0.00589618802673975,-24.6461882178258,1.61687494558819,9.80126212933944,17.116940569728,9.80126212933944,17.116940569728,-3.37550480798328,-11.8053759689349,8.67361737988404e-19,-9.83455590066752e-19,-1.18834027026782e-20,0,0,0,-0.0164440485414028,0.00689250589615461,0.001712164880368,0.00645796550210893,-0.00589624972143269,0.00163830469021281,1.23777547772624e-12,1.94524933092739e-09,1.61605000933922e-11,1.33284844829644e-19,6.93889390390723e-18,8.45911129205343e-14
NC_k0050,-0.0105263157894737,-0.0105263157894737,0.34737844873411,-139.584138573019,64.1733211760377,-151.67778306667,81.9263983831809,132.095515619299,-67.9156651389042,156.503248628558,-78.8119365068255,1,1280,-0.869978562486085,-0.802906686466342,-0.552052132154303,2.12154647585286,1.55556939018762e-18,-6.11114419109276e-19,0,-3.97523150058284e-19,-0.00121095917800596,-0.000173146401913198,1,1.53194185184861e-19,3.85448553110297e-20,1,-0.0164440485414028,0.001712164880368,0.001712164880368,0.00689250589615461,0.00645796550210894,0.00163830469021281,0.00163830469021281,-0.00589624972143269,1,2.71050543121376e-20,1.0842021724855e-19,1,-0.016443957912579,0.00171219832108832,0.00171219832108832,0.00689236862893898,0.00645790655016883,0.00163833668835129,0.00163833668835129,-0.00589618802673975,-24.5530876768639,1.63302193241176,9.72012643396784,17.0042330179066,9.72012643396784,17.0042330179066,-3.30324097803439,-11.7270905181805,8.67361737988404e-19,-8.01871067007236e-19,1.15027022419767e-20,0,0,0,-0.0164440485414028,0.00689250589615461,0.001712164880368,0.00645796550210893,-0.00589624972143269,0.00163830469021281,2.38691412964902e-12,2.75883987761276e-09,1.69719722305087e-11,1.53194185184861e-19,6.93889390390723e-18,9.54007291063327e-14
NC_k0050,-0.00427631578947369,-0.00427631578947369,0.346522068363194,-142.857350337416,69.3026755487027,-147.689924054252,76.5814119084765,138.936139822214,-71.0793127962128,148.939796885554,-75.4400604305134,1,1280,-0.356852149470311,-0.333631223944817,-0.227859513226987,0.859122391057439,-3.61014044798153e-18,-1.03330202708236e-18,0,3.05344789573335e-18,-0.00121027891385289,-0.00017303381277733,1,1.48791378429155e-20,-9.65424010827686e-20,1,-0.0164440485414028,0.001712164880368,0.001712164880368,0.00689250589615461,0.00645796550210893,0.00163830469021281,0.00163830469021281,-0.00589624972143269,1,2.71050543121376e-20,1.0842021724855e-19,1,-0.016443957912579,0.00171219832108832,0.00171219832108832,0.00689236862893898,0.00645790655016883,0.00163833668835129,0.00163833668835129,-0.00589618802673975,-24.5112863442363,1.64119609847574,9.67696585231447,16.9448277875824,9.67696585231447,16.9448277875824,-3.27064356637477,-11.6875101878787,1.62630325872826e-18,-4.14321517344566e-19,3.28753422811123e-19,0,0,0,-0.0164440485414028,0.00689250589615461,0.001712164880368,0.00645796550210893,-0.00589624972143269,0.00163830469021281,8.94894489353841e-12,2.3005414115783e-09,1.79937937829829e-12,9.65424010827686e-20,6.93889390390723e-18,2.5471027249321e-14
NC_k0050,0.00197368421052631,0.00197368421052631,0.346391812439342,-146.329669044196,74.6060123662843,-144.105120540228,71.2422738126213,146.192577873518,-74.2462380974233,141.569828782871,-72.2384718757324,1,1280,0.164996471627311,0.154533926930173,0.105445031523973,-0.396244168574759,-2.95359726963084e-18,-3.63137251994454e-19,0,3.94013919027589e-18,-0.00121017545038413,-0.000173016721534881,1,-1.50144300652212e-19,-4.04983827728173e-21,1,-0.0164440485414028,0.001712164880368,0.001712164880368,0.00689250589615461,0.00645796550210893,0.00163830469021281,0.00163830469021281,-0.00589624972143269,1,2.71050543121376e-20,1.0842021724855e-19,1,-0.016443957912579,0.00171219832108832,0.00171219832108832,0.00689236862893898,0.00645790655016883,0.00163833668835129,0.00163833668835129,-0.00589618802673975,-24.505134851077,1.64240200803422,9.67027348761851,16.9356166139794,9.67027348761851,16.9356166139794,-3.26603856204219,-11.6814539090349,8.67361737988404e-19,-8.05855918061771e-19,-6.63907261911016e-20,0,0,0,-0.0164440485414028,0.00689250589615461,0.001712164880368,0.00645796550210893,-0.00589624972143269,0.00163830469021281,7.04459134301974e-12,1.71871813927808e-09,2.02376204600625e-12,1.50144300652212e-19,6.93889390390723e-18,3.09292881727938e-14
NC_k0050,0.00822368421052631,0.00822368421052631,0.346974483605478,-150.154280888452,79.966553437139,-140.776347594033,66.0356262882753,153.706581098447,-77.5443175005088,134.55642349915,-69.089086283556,1,1280,0.682510972183738,0.633843987205593,0.434397136598443,-1.65538208271919,-4.72299946560833e-18,-7.25003954568027e-19,0,4.00362033920566e-18,-0.00121063987305993,-0.000173094574740236,1,-9.32263534716966e-20,4.87911436421889e-20,1,-0.0164440485414028,0.001712164880368,0.001712164880368,0.0068925058961546,0.00645796550210893,0.00163830469021281,0.00163830469021281,-0.00589624972143269,1,2.71050543121376e-20,1.0842021724855e-19,1,-0.016443957912579,0.00171219832108832,0.00171219832108832,0.00689236862893898,0.00645790655016883,0.00163833668835129,0.00163833668835129,-0.00589618802673975,-24.5330679533956,1.63693526268742,9.69996607358038,16.9764586632508,9.69996607358038,16.9764586632508,-3.28737686196858,-11.7084743502022,1.0842021724855e-18,1.2494411516491e-18,4.40099157443454e-21,0,0,0,-0.0164440485414028,0.00689250589615461,0.001712164880368,0.00645796550210893,-0.00589624972143269,0.00163830469021281,1.29641436197934e-12,1.517359367635e-09,2.96549045115468e-12,9.32263534716966e-20,1.04083408558608e-17,6.47944367984772e-14
NC_k0050,0.0144736842105263,0.0144736842105263,0.348347703360813,-154.458314925325,85.2286285909241,-137.570807975393,61.0828035510917,161.288217632692,-81.0623739979522,128.0863253766,-65.8672493493028,1,1280,1.18747131185328,1.07965365960283,0.748151240580531,-2.92156559325825,-2.99677609760611e-19,-2.14845274859623e-19,0,1.25748658464801e-18,-0.00121168756335926,-0.00017325355815991,1,-3.59380938296613e-20,-9.25716786766375e-22,1,-0.0164440485414028,0.001712164880368,0.001712164880368,0.0068925058961546,0.00645796550210894,0.00163830469021281,0.00163830469021281,-0.00589624972143269,1,2.71050543121376e-20,1.0842021724855e-19,1,-0.016443957912579,0.00171219832108832,0.00171219832108832,0.00689236862893898,0.00645790655016883,0.00163833668835129,0.00163833668835129,-0.00589618802673975,-24.6035908077016,1.62363639285041,9.76667005553554,17.0686369339097,9.76667005553554,17.0686369339097,-3.34339683220045,-11.7712211747515,1.30104260698261e-18,6.49076036497402e-19,-4.57534237679063e-19,0,0,0,-0.0164440485414028,0.00689250589615461,0.001712164880368,0.00645796550210893,-0.00589624972143269,0.00163830469021281,1.19551025776405e-12,2.71958762668734e-09,2.37361727704623e-12,3.59380938296613e-20,3.46944695195361e-18,5.81647876645321e-14
NC_k0051,-0.0167763157894737,-0.0167763157894737,0.222709945018067,-40.7286784007862,-102.866114607066,-32.6029870762867,-128.388048379639,40.2735006213821,114.12466042984,34.3546723905364,120.137913310332,1,1280,1.51951321225969,2.28186901286228,1.25445613429023,-1.21431242592323,-2.65189141300825e-19,6.66416406142122e-19,0,-5.88807632735406e-18,0.00100517014850933,0.00145994948341152,1,-1.76614461926565e-20,-5.47289107556274e-20,1,0.00312673908891715,0.000957244486943937,0.000957244486943937,0.0114337576136561,-0.00281773145494277,0.0016217794992341,0.0016217794992341,0.0157482250808752,1,-2.16840434497101e-19,0,1,0.00312681519861869,0.000957263183125322,0.000957263183125322,0.0114337526001298,-0.00281760923227018,0.00162181117461494,0.00162181117461494,0.0157481659953785,-4.24397088699984,10.7918358653054,-12.195420562928,7.46847194996419,-12.195420562928,7.46847194996419,3.94616305809226,20.4318336236706,1.02999206386123e-18,-8.66981892461254e-19,-1.59422782531397e-18,0,0,0,0.00312673908891714,0.0114337576136561,0.000957244486943936,-0.00281773145494278,0.0157482250808751,0.0016217794992341,3.58765665024395e-12,3.1117614480017e-09,2.80761025274826e-11,5.47289107556274e-20,1.04083408558608e-17,2.80035893337672e-13
NC_k0051,-0.0105263157894737,-0.0105263157894737,0.222244705193341,-39.270424128011,-106.595672700659,-34.0783371973645,-123.161902479328,39.3055548805286,114.57933589057,35.3540780923477,118.215828046088,1,1280,0.992458405312612,1.44591743795902,0.804664028279621,-0.763267122830392,8.03407441748254e-20,3.31504872753692e-18,0,3.65294539031993e-18,0.00100521039631693,0.00145886096083318,1,1.03378353086383e-20,-7.9884814258533e-20,1,0.00312673908891715,0.000957244486943937,0.000957244486943937,0.0114337576136561,-0.00281773145494278,0.0016217794992341,0.0016217794992341,0.0157482250808751,1,-2.16840434497101e-19,0,1,0.00312681519861869,0.000957263183125322,0.000957263183125322,0.0114337526001298,-0.00281760923227018,0.00162181117461494,0.00162181117461494,0.0157481659953785,-4.22406106706324,10.7497924834848,-12.1124089824059,7.44634617033742,-12.1124089824059,7.44634617033742,3.97082689941857,20.3969611435949,1.30104260698261e-18,-7.84003801432433e-19,3.38283618193986e-19,0,0,0,0.00312673908891714,0.0114337576136561,0.000957244486943936,-0.00281773145494278,0.0157482250808751,0.0016217794992341,4.91766279100357e-12,2.31014501281715e-09,1.42827453946697e-11,7.9884814258533e-20,6.07153216591882e-18,2.18677933679846e-13
NC_k0051,-0.00427631578947369,-0.00427631578947369,0.222071696153635,-37.7357985333029,-111.101041123982,-35.6162778202249,-117.938157529751,38.1621059540219,115.328262781261,36.5071335991226,116.763974893015,1,1280,0.41096782155782,0.590005104427324,0.330321065575097,-0.309861367813791,-3.85813581306983e-19,2.88044141625666e-19,0,1.50848751049202e-18,0.00100527888872406,0.00145830351737437,1,2.65191103894013e-20,1.10601553741561e-20,1,0.00312673908891714,0.000957244486943936,0.000957244486943936,0.0114337576136561,-0.00281773145494278,0.0016217794992341,0.0016217794992341,0.0157482250808751,1,-2.16840434497101e-19,0,1,0.00312681519861869,0.000957263183125322,0.000957263183125322,0.0114337526001298,-0.00281760923227018,0.00162181117461494,0.00162181117461494,0.0157481659953785,-4.2121535304448,10.7365768697269,-12.0688801198475,7.43455392323769,-12.0688801198475,7.43455392323769,3.98510001360258,20.3868769240023,8.67361737988404e-19,1.40205176686758e-19,6.50886944708795e-19,0,0,0,0.00312673908891714,0.0114337576136561,0.000957244486943936,-0.00281773145494278,0.0157482250808751,0.0016217794992341,1.35498725277648e-11,2.46860459305124e-09,3.51324996615446e-12,2.65191103894013e-20,6.93889390390723e-18,3.41208369833161e-14
NC_k0051,0.00197368421052631,0.00197368421052631,0.222047751974245,-36.1863328404571,-116.046856947701,-37.1649237671772,-112.884332131142,36.9510721296192,116.323064246045,37.7183744855356,115.663451962423,1,1280,-0.190169814779897,-0.272509280757364,-0.152684101527313,0.142964523895834,-1.49604712766953e-19,4.09990416250683e-19,0,-3.34037286199023e-18,0.00100529220741585,0.00145822081024638,1,6.22155234695604e-20,-5.02080767724636e-20,1,0.00312673908891715,0.000957244486943937,0.000957244486943937,0.0114337576136561,-0.00281773145494278,0.0016217794992341,0.0016217794992341,0.0157482250808751,1,-2.16840434497101e-19,0,1,0.00312681519861869,0.000957263183125322,0.000957263183125322,0.0114337526001298,-0.00281760923227018,0.00162181117461494,0.00162181117461494,0.0157481659953785,-4.21020310921863,10.7351062912877,-12.062138856431,7.43268194405734,-12.062138856431,7.43268194405734,3.98735729362309,20.3856540532056,1.0842021724855e-18,-3.5074870244685e-19,-1.12420595006765e-19,0,0,0,0.00312673908891714,0.0114337576136561,0.000957244486943936,-0.00281773145494278,0.0157482250808751,0.0016217794992341,4.3323093722162e-11,2.54145266043047e-09,1.83009796591508e-11,6.22155234695604e-20,4.33680868994202e-18,2.69371182188856e-13
NC_k0051,0.00822368421052631,0.00822368421052631,0.222159370611334,-34.642174308706,-121.228908358011,-38.7098970904881,-108.187866796757,35.7666765435055,117.633734990963,38.8991017419015,114.828041941183,1,1280,-0.782500136761686,-1.13203888447649,-0.631797877008608,0.596168291457114,-8.45791349154858e-19,-1.04697242747572e-18,0,-1.62007438192058e-18,0.00100523891195774,0.00145859531725569,1,3.77199457239375e-20,2.37336327241834e-20,1,0.00312673908891715,0.000957244486943936,0.000957244486943936,0.0114337576136561,-0.00281773145494277,0.0016217794992341,0.0016217794992341,0.0157482250808751,1,-2.16840434497101e-19,0,1,0.00312681519861869,0.000957263183125322,0.000957263183125322,0.0114337526001298,-0.00281760923227018,0.00162181117461494,0.00162181117461494,0.0157481659953785,-4.2186223425901,10.7427992070806,-12.0920383100741,7.44088300392588,-12.0920383100741,7.44088300392588,3.97744389518059,20.3917231676257,8.67361737988404e-19,2.20697202617958e-19,-1.64217975081401e-19,0,0,0,0.00312673908891714,0.0114337576136561,0.000957244486943936,-0.00281773145494278,0.0157482250808751,0.0016217794992341,6.25528380055502e-12,1.95988584622533e-09,5.2740917507613e-12,3.77199457239375e-20,5.20417042793042e-18,1.30557520209559e-13
NC_k0051,0.0144736842105263,0.0144736842105263,0.222483503847415,-33.132624864906,-126.471428817498,-40.2073328363596,-104.118740041693,34.6974796662922,119.365166693141,39.9432322685146,114.24510455878,1,1280,-1.33433357262481,-1.97746764915966,-1.09289440318887,1.0489849183061,1.43300769318687e-20,1.15567057741009e-18,0,-2.62312620720672e-19,0.0010051707754473,0.00145949060240123,1,4.1101197076031e-21,-1.2247881322723e-19,1,0.00312673908891715,0.000957244486943936,0.000957244486943936,0.0114337576136561,-0.00281773145494278,0.0016217794992341,0.0016217794992341,0.0157482250808751,1,-2.16840434497101e-19,0,1,0.00312681519861869,0.000957263183125322,0.000957263183125322,0.0114337526001298,-0.00281760923227018,0.00162181117461494,0.00162181117461494,0.0157481659953785,-4.23585739800339,10.77128524397,-12.1598296950095,7.45892162328847,-12.1598296950095,7.45892162328847,3.95614613032814,20.4138081691232,8.67361737988404e-19,1.4350404596934e-19,5.84568456525178e-19,0,0,0,0.00312673908891714,0.0114337576136561,0.000957244486943936,-0.00281773145494278,0.0157482250808751,0.0016217794992341,1.12709551903043e-11,1.99750540943557e-09,6.23724837480708e-12,1.2247881322723e-19,4.77048955893622e-18,3.81745432425736e-14
NC_k0052,-0.0167763157894737,-0.0167763157894737,0.661119888202915,100.118285224857,53.0436700266092,95.9299086577336,67.0511081187951,-91.6104336148534,-58.8943340252309,-106.372095357331,-61.8126711118496,1,1280,0.616638648607524,-8.93749011108162,-2.74588098261642,-0.554303479944582,-9.92696144402438e-19,2.78620900087461e-18,0,-4.9979443750536e-18,-0.000855942401152185,-0.000346557657358291,1,-5.37597661706312e-20,8.20849410919224e-19,1,0.00261780353728337,0.00293059111048586,0.00293059111048586,-0.0105468976187944,0.00302736868501016,-0.015038295014095,-0.015038295014095,-0.00616493413720395,1,0,2.71050543121376e-20,1,0.00261771989837617,0.00293064834859348,0.00293064834859348,-0.0105468526961669,0.00302731614064713,-0.0150385887307945,-0.0150385887307945,-0.00616489691298474,13.6104059484077,6.53834981880841,7.97575996361583,-17.5551952897675,7.97575996361583,-17.5551952897675,-47.1722639937101,-9.95735654066924,2.16840434497101e-18,1.03858760193725e-18,-3.13017946876509e-19,0,0,0,0.00261780353728338,-0.0105468976187944,0.00293059111048586,0.00302736868501016,-0.00616493413720396,-0.015038295014095,4.95889814614548e-13,5.49460444288029e-09,6.69915506144512e-13,8.20849410919224e-19,5.20417042793042e-18,2.33423624332916e-14
NC_k0052,-0.0105263157894737,-0.0105263157894737,0.659429944437553,99.6976282019756,55.9646471166634,96.4648775827205,65.0650183774679,-94.3228488973783,-59.8146981801638,-103.767367012912,-61.8684034130563,1,1280,0.328947583057648,-5.68709499253276,-1.76818864512684,-0.34238060983917,2.55380764469417e-18,4.06178767988039e-19,0,1.93726361204409e-18,-0.000855041264310476,-0.00034689148638857,1,-6.10630099938927e-20,6.25144486181776e-19,1,0.00261780353728338,0.00293059111048586,0.00293059111048586,-0.0105468976187944,0.00302736868501016,-0.015038295014095,-0.015038295014095,-0.00616493413720395,1,0,2.71050543121376e-20,1,0.00261771989837617,0.00293064834859348,0.00293064834859348,-0.0105468526961669,0.00302731614064713,-0.0150385887307945,-0.0150385887307945,-0.00616489691298474,13.5726455801376,6.51815265245181,7.90813429971851,-17.4557845068419,7.90813429971851,-17.4557845068419,-47.1408352960285,-9.98933366808753,3.03576608295941e-18,5.61416177747663e-19,-3.56349007342841e-19,0,0,0,0.00261780353728338,-0.0105468976187944,0.00293059111048586,0.00302736868501016,-0.00616493413720396,-0.015038295014095,1.32819460399534e-12,3.17087752147909e-09,5.94380180646126e-12,6.25144486181776e-19,8.67361737988404e-18,2.03716842270825e-14
NC_k0052,-0.00427631578947369,-0.00427631578947369,0.658649783015871,98.8154312563766,58.987051557889,97.3735891150746,62.7371887248121,-97.1213616360844,-60.7618723007048,-100.992633785963,-61.6370138813091,1,1280,0.120727688611862,-2.32030396460407,-0.725860171077412,-0.13720812413139,7.83495550042877e-19,-2.89611814322576e-18,0,1.55825938153964e-18,-0.000854770238238035,-0.000347039335758728,1,-5.9145287596999e-20,4.90064646755606e-19,1,0.00261780353728338,0.00293059111048586,0.00293059111048586,-0.0105468976187944,0.00302736868501016,-0.015038295014095,-0.015038295014095,-0.00616493413720396,1,0,2.71050543121376e-20,1,0.00261771989837617,0.00293064834859348,0.00293064834859348,-0.0105468526961669,0.00302731614064713,-0.0150385887307945,-0.0150385887307945,-0.00616489691298474,13.5481576686108,6.50824354350733,7.87153343496922,-17.40074114766,7.87153343496922,-17.40074114766,-47.1437430456347,-10.0080615307368,4.33680868994202e-18,-3.86024263135826e-19,-4.11823059299971e-19,0,0,0,0.00261780353728338,-0.0105468976187944,0.00293059111048586,0.00302736868501016,-0.00616493413720396,-0.015038295014095,2.16962749693846e-12,1.43614576905303e-09,3.77600416992895e-12,4.90064646755606e-19,1.38777878078145e-17,1.51704403148428e-15
NC_k0052,0.00197368421052631,0.00197368421052631,0.658532983856499,97.7571844375354,61.7881159155091,98.4314557912928,60.0539357969953,-99.9509339505478,-61.4634103707228,-98.1620183786342,-61.0567688581636,1,1280,-0.0548175898845016,1.07139069305253,0.335469124045425,0.0631654600084531,-2.51889400539953e-18,5.10980566365037e-18,0,3.84916917522976e-19,-0.000854741427065154,-0.000347060305104708,1,-9.35048364198609e-20,1.71585662457672e-19,1,0.00261780353728338,0.00293059111048586,0.00293059111048586,-0.0105468976187944,0.00302736868501016,-0.015038295014095,-0.015038295014095,-0.00616493413720395,1,0,2.71050543121376e-20,1,0.00261771989837617,0.00293064834859348,0.00293064834859348,-0.0105468526961669,0.00302731614064713,-0.0150385887307945,-0.0150385887307945,-0.00616489691298474,13.5439538988441,6.50674226553496,7.86581223219352,-17.392015217399,7.86581223219352,-17.392015217399,-47.1451689739369,-10.0109331631353,3.03576608295941e-18,-1.59912595392537e-19,-7.56832210534124e-19,0,0,0,0.00261780353728338,-0.0105468976187944,0.00293059111048586,0.00302736868501016,-0.00616493413720396,-0.015038295014095,5.66017629650081e-12,3.09201273428357e-09,8.53043655318775e-12,1.71585662457672e-19,8.67361737988404e-18,4.24847667564219e-14
NC_k0052,0.00822368421052631,0.00822368421052631,0.659059384541194,96.7691889099336,64.2500359815995,99.4116101246968,57.0900311036217,-102.759068862756,-61.8228698742385,-95.3490335244526,-60.1799149291885,1,1280,-0.245382195970358,4.45314418649377,1.38856145687273,0.265949509418621,-3.52911314389829e-18,5.34227650300227e-18,0,2.05362476317315e-18,-0.000854896167370672,-0.000346962660017076,1,-6.81453409644558e-20,-1.21432265215325e-19,1,0.00261780353728338,0.00293059111048586,0.00293059111048586,-0.0105468976187944,0.00302736868501016,-0.015038295014095,-0.015038295014095,-0.00616493413720395,1,0,2.71050543121376e-20,1,0.00261771989837617,0.00293064834859348,0.00293064834859348,-0.0105468526961669,0.00302731614064713,-0.0150385887307945,-0.0150385887307945,-0.00616489691298474,13.5617372292761,6.5135019837152,7.89109085873979,-17.430319093807,7.89109085873979,-17.430319093807,-47.1408454545649,-9.99809202478851,3.46944695195361e-18,-8.17741918079521e-19,-6.7607774910703e-19,0,0,0,0.00261780353728338,-0.0105468976187944,0.00293059111048586,0.00302736868501016,-0.00616493413720396,-0.015038295014095,2.73465529129807e-12,1.83702080598407e-09,7.7565786400434e-12,1.21432265215325e-19,8.67361737988404e-18,4.59884029924959e-14
NC_k0052,0.0144736842105263,0.0144736842105263,0.660350704836577,96.0662152244827,66.3541613525908,100.031120148658,54.0749937692585,-105.438331684967,-61.854808139491,-92.5898788535219,-59.2025527482249,1,1280,-0.499037013644063,7.76491184858427,2.3977386955302,0.475843673262221,-9.5575756696827e-19,8.64401754884444e-18,0,4.47281703498044e-18,-0.000855495709465512,-0.000346711473999124,1,-6.00709183000687e-20,3.76863699967108e-19,1,0.00261780353728338,0.00293059111048586,0.00293059111048586,-0.0105468976187944,0.00302736868501016,-0.015038295014095,-0.015038295014095,-0.00616493413720396,1,0,2.71050543121376e-20,1,0.00261771989837617,0.00293064834859348,0.00293064834859348,-0.0105468526961669,0.00302731614064713,-0.0150385887307945,-0.0150385887307945,-0.00616489691298474,13.5951270918525,6.52933503445635,7.94716957036865,-17.5132770057854,7.94716957036865,-17.5132770057854,-47.1518541955752,-9.96997691218317,2.16840434497101e-18,-9.63517476696863e-19,-6.18127972140261e-19,0,0,0,0.00261780353728338,-0.0105468976187944,0.00293059111048586,0.00302736868501016,-0.00616493413720396,-0.015038295014095,1.17667104183189e-12,3.62902117676285e-09,7.59723854054979e-12,3.76863699967108e-19,5.20417042793042e-18,7.53205700227368e-14
NC_k0053,-0.0167763157894737,-0.0167763157894737,0.290978798288829,-9.77895516521771,-123.808107466511,1.82657138953372,-152.793069414068,8.79677555085819,132.422234748288,-2.56842202820573,147.394173676363,1,1280,2.65037169973558,0.0339158675259014,0.885814897196308,-2.11067445304784,2.11117999019459e-19,2.05842902817086e-18,0,-1.24622038470504e-18,-0.000955741173694971,0.00134743525777201,1,1.57228525075079e-20,1.69594936732971e-19,1,-0.00534594159204218,0.00258142334671432,0.00258142334671432,-0.00544452772527847,-0.00724818554560278,-0.00326677755462682,-0.00326677755462682,0.0164895800599435,1,0,2.71050543121376e-20,1,-0.00534596841733901,0.00258147376513906,0.00258147376513906,-0.00544455358782009,-0.00724804707654584,-0.00326684135887593,-0.00326684135887593,0.0164894867148832,-1.95079057786443,17.8174816897635,-15.2207204715493,-2.32620733533382,-15.2207204715493,-2.32620733533382,-12.0630760900602,23.9442816304903,1.40946282423116e-18,5.04834761111437e-19,-2.16336921270733e-18,0,0,0,-0.00534594159204217,-0.00544452772527846,0.00258142334671432,-0.00724818554560279,0.0164895800599435,-0.00326677755462682,3.50345624716765e-12,2.18677448724267e-09,1.56584823836432e-11,1.69594936732971e-19,1.04083408558608e-17,7.84080602786752e-14
NC_k0053,-0.0105263157894737,-0.0105263157894737,0.289821308518035,-7.00756598888903,-128.231475133904,0.19499051570607,-146.698929251223,6.1598140860626,134.447388233889,-1.05631948718466,143.700046634543,1,1280,1.71218593660711,0.0162750844883594,0.570392136961474,-1.32300651512466,1.31573622979369e-19,1.99402805439993e-18,0,6.18279788447456e-18,-0.000954737658971873,0.00134558414606119,1,2.07086003207697e-20,-6.99864326243567e-20,1,-0.00534594159204218,0.00258142334671432,0.00258142334671432,-0.00544452772527847,-0.00724818554560278,-0.00326677755462682,-0.00326677755462682,0.0164895800599435,1,0,2.71050543121376e-20,1,-0.00534596841733901,0.00258147376513906,0.00258147376513906,-0.00544455358782009,-0.00724804707654584,-0.00326684135887593,-0.00326684135887593,0.0164894867148832,-1.98520110479202,17.7091322197458,-15.1361442270633,-2.28622134513536,-15.1361442270633,-2.28622134513536,-12.0227436839577,23.8627480302162,1.73472347597681e-18,2.87161829206758e-19,-1.77666999004486e-18,0,0,0,-0.00534594159204217,-0.00544452772527846,0.00258142334671432,-0.00724818554560279,0.0164895800599435,-0.00326677755462682,4.78044355566079e-12,3.50986780645592e-09,6.51163614700467e-13,6.99864326243567e-20,1.04083408558608e-17,1.10516146739578e-13
NC_k0053,-0.00427631578947369,-0.00427631578947369,0.289327228564715,-4.55925988689809,-133.252392922946,-1.65496939188212,-140.803784103323,3.72854103623251,136.778315261554,0.781629416946776,140.496800017052,1,1280,0.705119644618148,0.00752392215552052,0.235172377035328,-0.535812980903629,2.07939143925418e-19,7.28028126887521e-19,0,1.50593855343444e-18,-0.000954247879108962,0.00134462252500067,1,3.01743667171249e-21,1.55425042226845e-19,1,-0.00534594159204217,0.00258142334671432,0.00258142334671432,-0.00544452772527846,-0.00724818554560279,-0.00326677755462682,-0.00326677755462682,0.0164895800599435,1,0,2.71050543121376e-20,1,-0.00534596841733901,0.00258147376513906,0.00258147376513906,-0.00544455358782009,-0.00724804707654584,-0.00326684135887593,-0.00326684135887593,0.0164894867148832,-2.00795102761704,17.6643819099976,-15.0925439329553,-2.26413946081562,-15.0925439329553,-2.26413946081562,-12.0085670765928,23.8292654244807,8.67361737988404e-19,-3.30895943810575e-19,1.15975785823512e-19,0,0,0,-0.00534594159204217,-0.00544452772527846,0.00258142334671432,-0.00724818554560279,0.0164895800599435,-0.00326677755462682,6.76900699277889e-12,2.29431616275307e-09,6.66243848625207e-12,1.55425042226845e-19,2.60208521396521e-18,3.01224699332372e-14
NC_k0053,0.00197368421052631,0.00197368421052631,0.289256625810183,-2.391666866537,-138.704110322119,-3.73036024569152,-135.215993267957,1.52897299121839,139.426201935473,2.89012625984874,137.712852582,1,1280,-0.326033460018512,-0.00363563786752391,-0.108790802302391,0.24711762182765,-4.45489285828703e-19,5.48599417134969e-19,0,3.04910685187867e-18,-0.00095417535175954,0.00134447860192437,1,-1.36830357476678e-19,-3.6993656373661e-20,1,-0.00534594159204217,0.00258142334671432,0.00258142334671432,-0.00544452772527847,-0.00724818554560278,-0.00326677755462682,-0.00326677755462682,0.0164895800599435,1,0,2.71050543121376e-20,1,-0.00534596841733901,0.00258147376513906,0.00258147376513906,-0.00544455358782009,-0.00724804707654584,-0.00326684135887593,-0.00326684135887593,0.0164894867148832,-2.01170362138889,17.6582729693251,-15.085816813686,-2.26069118973466,-15.085816813686,-2.26069118973466,-12.0067852903331,23.8245204089078,1.30104260698261e-18,2.08873389298176e-19,-1.1149425311925e-18,0,0,0,-0.00534594159204217,-0.00544452772527846,0.00258142334671432,-0.00724818554560279,0.0164895800599435,-0.00326677755462682,1.43205774604998e-11,3.03347601871005e-09,5.31748797262096e-12,1.36830357476678e-19,7.80625564189563e-18,3.33922871677874e-14
NC_k0053,0.00822368421052631,0.00822368421052631,0.289581645414011,-0.462093675674724,-144.497851017816,-6.07053421786648,-130.024383931596,-0.413619934577084,142.467211373861,5.23840339092707,135.273790805099,1,1280,-1.34645294910345,-0.0132263938612029,-0.448694183178337,1.0323248633129,-5.89680515076802e-19,1.22755588136339e-18,0,8.12198386426222e-18,-0.000954503876357641,0.00134512808914893,1,-4.40646134885933e-20,-3.27183532023573e-20,1,-0.00534594159204218,0.00258142334671432,0.00258142334671432,-0.00544452772527846,-0.00724818554560279,-0.00326677755462682,-0.00326677755462682,0.0164895800599435,1,0,2.71050543121376e-20,1,-0.00534596841733901,0.00258147376513906,0.00258147376513906,-0.00544455358782009,-0.00724804707654584,-0.00326684135887593,-0.00326684135887593,0.0164894867148832,-1.99550436129316,17.6870580225847,-15.1156988842272,-2.27595551951137,-15.1156988842272,-2.27595551951137,-12.0155320039041,23.8464333013574,1.30104260698261e-18,2.82272850327262e-19,7.53805081425488e-19,0,0,0,-0.00534594159204217,-0.00544452772527846,0.00258142334671432,-0.00724818554560279,0.0164895800599435,-0.00326677755462682,4.09407500316991e-12,1.87609540004776e-09,6.42316856819515e-12,4.40646134885933e-20,6.93889390390723e-18,1.88818886931234e-13
NC_k0053,0.0144736842105263,0.0144736842105263,0.290444065471655,1.25152446547837,-150.531937597686,-8.72098085482775,-125.348522592223,-2.05402540694873,145.971481221889,7.80461956448987,133.125743565642,1,1280,-2.31635915505258,-0.0241224234277181,-0.772358920898479,1.82166747725476,1.59555695535966e-19,-6.66373392750269e-19,0,-4.14549835787075e-19,-0.000955304205845103,0.00134665508077998,1,-3.25799223278396e-20,7.05898500048705e-20,1,-0.00534594159204217,0.00258142334671432,0.00258142334671432,-0.00544452772527846,-0.00724818554560279,-0.00326677755462682,-0.00326677755462682,0.0164895800599435,1,0,2.71050543121376e-20,1,-0.00534596841733901,0.00258147376513906,0.00258147376513906,-0.00544455358782009,-0.00724804707654584,-0.00326684135887593,-0.00326684135887593,0.0164894867148832,-1.96394368866909,17.7676506176574,-15.1841327303897,-2.3094613056209,-15.1841327303897,-2.3094613056209,-12.0435901182331,23.906023336974,1.73472347597681e-18,2.22585103570712e-19,1.00226026104427e-18,0,0,0,-0.00534594159204217,-0.00544452772527846,0.00258142334671432,-0.00724818554560279,0.0164895800599435,-0.00326677755462682,1.86508678772908e-12,2.07154570396538e-09,1.1302789111467e-11,7.05898500048705e-20,1.04083408558608e-17,5.12215269601677e-14
NC_k0054,-0.0167763157894737,-0.0167763157894737,0.360651005832375,-64.1302245158522,-96.1369795866256,-65.9360062065754,-105.947972085454,57.787081011289,102.351235722311,69.3972620239093,98.9638889661665,1,1280,-4.5289461986317,-3.71598309860728,-2.72082666808885,-0.540592668742833,1.08400364913849e-19,-9.00606953987522e-19,0,1.13086012211717e-17,-0.00133040636138761,-0.000655368010932018,1,8.0769729921021e-20,2.95131668785283e-19,1,-0.0113430168402953,-0.00634342003889685,-0.00634342003889685,0.000163527106001504,-0.0137305766224986,-0.00563256556312674,-0.00563256556312674,0.00328872632599214,1,0,0,1,-0.0113429879496748,-0.00634354393381948,-0.00634354393381948,0.000163443628028781,-0.013730519013232,-0.00563267557417289,-0.00563267557417289,0.00328861773112839,-12.2791838569136,-16.5608327576192,-15.9392361450612,4.8128466754058,-15.9392361450612,4.8128466754058,-24.0432785600132,14.5645537023117,1.73472347597681e-18,1.61571468626562e-19,-1.31619882304764e-19,0,0,0,-0.0113430168402953,0.000163527106001503,-0.00634342003889684,-0.0137305766224986,0.00328872632599214,-0.00563256556312674,2.71143756012911e-12,6.78092538571249e-09,9.36259767773406e-12,2.95131668785283e-19,4.33680868994202e-18,8.09615530677677e-14
NC_k0054,-0.0105263157894737,-0.0105263157894737,0.360007801994268,-63.9983387904224,-97.4977937669584,-65.3999648568265,-103.647974508934,59.4307952874535,101.495203645502,67.0561758313754,98.8653518956818,1,1280,-2.89347073830354,-2.41185009449886,-1.75075587482478,-0.333490861436677,4.46895906460349e-19,-4.83878986211472e-18,0,1.84946335310526e-18,-0.00132938570688643,-0.000655673992031981,1,7.17104351340746e-20,3.41345183409523e-20,1,-0.0113430168402953,-0.00634342003889685,-0.00634342003889685,0.000163527106001503,-0.0137305766224986,-0.00563256556312674,-0.00563256556312674,0.00328872632599214,1,0,0,1,-0.0113429879496748,-0.00634354393381948,-0.00634354393381948,0.000163443628028781,-0.013730519013232,-0.00563267557417289,-0.00563267557417289,0.00328861773112839,-12.2940646602427,-16.5996349505131,-15.8667767952783,4.77593725204661,-15.8667767952783,4.77593725204661,-24.0051367014314,14.4934588458509,2.16840434497101e-18,-2.44723852949003e-19,-3.5414333408468e-19,0,0,0,-0.0113430168402953,0.000163527106001503,-0.00634342003889684,-0.0137305766224986,0.00328872632599214,-0.00563256556312674,7.64348416221147e-13,5.17313887197366e-09,4.67532765402457e-12,7.17104351340746e-20,5.20417042793042e-18,9.4521106254533e-14
NC_k0054,-0.00427631578947369,-0.00427631578947369,0.359761563047609,-64.2900397195924,-99.0342074422314,-64.9092241917517,-101.530672256861,61.5556712901613,100.472290245744,64.7161758252937,99.3003827761929,1,1280,-1.18339523981654,-0.993673053430071,-0.718432536771367,-0.133492986097293,3.03793660488675e-19,4.32909647150088e-18,0,2.27939543956337e-18,-0.00132892500017636,-0.00065594528896092,1,6.62732946175859e-20,2.91662145205433e-19,1,-0.0113430168402953,-0.00634342003889685,-0.00634342003889685,0.000163527106001504,-0.0137305766224986,-0.00563256556312674,-0.00563256556312674,0.00328872632599214,1,0,0,1,-0.0113429879496748,-0.00634354393381948,-0.00634354393381948,0.000163443628028781,-0.013730519013232,-0.00563267557417289,-0.00563267557417289,0.00328861773112839,-12.310096764215,-16.625570926197,-15.8278397225122,4.75739990781765,-15.8278397225122,4.75739990781765,-23.9990220586476,14.4557020486421,1.42301535138722e-18,2.45908373998046e-20,1.34207034519699e-19,0,0,0,-0.0113430168402953,0.000163527106001503,-0.00634342003889684,-0.0137305766224986,0.00328872632599214,-0.00563256556312674,2.77331712404321e-12,3.53114241808003e-09,1.33925240738665e-11,2.91662145205433e-19,3.46944695195361e-18,8.48649114112044e-15
NC_k0054,0.00197368421052631,0.00197368421052631,0.359727235176809,-64.733135832574,-100.809901071091,-64.4439904400871,-99.658117378346,63.855031330282,99.5634891298676,62.3922609331567,100.11125081547,1,1280,0.546691912068221,0.459449503453407,0.332026667122149,0.061412693904551,2.26905568190646e-19,1.76887280038545e-18,0,-5.15672334799438e-18,-0.00132886034595954,-0.000655992754507991,1,-8.78455802209816e-20,8.4380776016298e-20,1,-0.0113430168402953,-0.00634342003889685,-0.00634342003889685,0.000163527106001504,-0.0137305766224986,-0.00563256556312674,-0.00563256556312674,0.00328872632599214,1,0,0,1,-0.0113429879496748,-0.00634354393381948,-0.00634354393381948,0.000163443628028781,-0.013730519013232,-0.00563267557417289,-0.00563267557417289,0.00328861773112839,-12.3129660764536,-16.6298090792003,-15.8217109614189,4.75458026437456,-15.8217109614189,4.75458026437456,-23.998858194875,14.4497558954482,1.30104260698261e-18,4.4705762163595e-19,3.35983715018315e-19,0,0,0,-0.0113430168402953,0.000163527106001503,-0.00634342003889684,-0.0137305766224986,0.00328872632599214,-0.00563256556312674,9.14894067396928e-12,3.86141579989659e-09,6.77768810685285e-12,8.78455802209816e-20,5.20417042793042e-18,4.99979185342679e-14
NC_k0054,0.00822368421052631,0.00822368421052631,0.359887101891948,-65.2172246109606,-102.843002626617,-64.0755896968222,-98.0404889854872,66.1948115882837,98.972800547014,60.1789018937669,101.122396234812,1,1280,2.26824172213264,1.89732066994939,1.37463558938709,0.258853813021976,-5.55150687586389e-19,4.01425953624432e-18,0,9.26138876210707e-18,-0.0013291609010581,-0.000655793351594996,1,-5.1396530679166e-20,6.23093422165462e-20,1,-0.0113430168402953,-0.00634342003889685,-0.00634342003889685,0.000163527106001505,-0.0137305766224986,-0.00563256556312674,-0.00563256556312674,0.00328872632599214,1,0,0,1,-0.0113429879496748,-0.00634354393381948,-0.00634354393381948,0.000163443628028781,-0.013730519013232,-0.00563267557417289,-0.00563267557417289,0.00328861773112839,-12.3009909795594,-16.6114934986728,-15.8486935635786,4.76717612805413,-15.8486935635786,4.76717612805413,-24.0011589840935,14.4759148886694,1.46367293285543e-18,5.40782394050712e-19,6.62074513170886e-19,0,0,0,-0.0113430168402953,0.000163527106001503,-0.00634342003889684,-0.0137305766224986,0.00328872632599214,-0.00563256556312674,4.20116876079815e-12,5.47972221161386e-09,1.46242927104817e-11,6.23093422165462e-20,5.20417042793042e-18,1.54246014762497e-14
NC_k0054,0.0144736842105263,0.0144736842105263,0.360339896167574,-65.7265546846677,-105.083253328665,-64.0063842698704,-96.6193549619294,68.5325468361745,98.8544477883183,58.3082988572785,102.072851272565,1,1280,3.94102312335366,3.25630222507979,2.375117364983,0.463908892137823,1.46827867450613e-19,-1.4950764312207e-18,0,-5.02938054705307e-18,-0.00132995531242903,-0.000655459351107604,1,-9.19857062001988e-21,2.47160541875708e-19,1,-0.0113430168402953,-0.00634342003889685,-0.00634342003889685,0.000163527106001504,-0.0137305766224986,-0.00563256556312674,-0.00563256556312674,0.00328872632599214,1,0,0,1,-0.0113429879496748,-0.00634354393381948,-0.00634354393381948,0.000163443628028781,-0.013730519013232,-0.00563267557417289,-0.00563267557417289,0.00328861773112839,-12.2826614379007,-16.5751305241696,-15.9082519666102,4.79685030214365,-15.9082519666102,4.79685030214365,-24.0224721721027,14.5339409313549,1.73472347597681e-18,-8.81811301870987e-20,3.86407680420892e-19,0,0,0,-0.0113430168402953,0.000163527106001503,-0.00634342003889684,-0.0137305766224986,0.00328872632599214,-0.00563256556312674,2.71810074189128e-12,3.82903926664745e-09,6.4243265940893e-12,2.47160541875708e-19,4.33680868994202e-18,1.84862631604165e-15
NC_k0055,-0.0167763157894737,-0.0167763157894737,0.541926239620896,-65.5250587107595,88.8001687129471,-71.7786429830474,111.307234389331,62.0744067021943,-95.462564942384,76.043942392551,-103.487170910902,1,1280,6.19136681879091,2.14709624290216,2.75169281035881,2.57135242952261,1.1325161377035e-18,1.21708873789215e-18,0,-9.78323054078717e-20,0.000670483091853172,0.000538308463809326,1,1.19578931810108e-19,-2.8593504647325e-19,1,-0.000946888973156349,0.0120044002480288,0.0120044002480288,0.0111505857370525,0.00975143128445296,0.00417145617530866,0.00417145617530866,-0.00426271685200356,1,0,0,1,-0.000946804992086557,0.0120046347089711,0.0120046347089711,0.0111505515787208,0.00975137625617698,0.00417153764906209,0.00417153764906209,-0.00426263502336414,-9.62982299038689,36.3311387108231,16.484062128212,11.301703099089,16.484062128212,11.301703099089,10.8671807885291,-14.4224820448837,3.68628738645072e-18,1.93201256810787e-19,-9.98156454670118e-20,0,0,0,-0.000946888973156342,0.0111505857370525,0.0120044002480288,0.00975143128445296,-0.00426271685200356,0.00417145617530866,6.44181698548154e-13,3.44460148861143e-09,1.10478510770992e-11,2.8593504647325e-19,7.15573433840433e-18,4.65045993650744e-14
NC_k0055,-0.0105263157894737,-0.0105263157894737,0.540367031442046,-66.4149385574841,92.7110544674124,-69.7494506480883,106.973954571146,64.1113538093273,-97.0758805093714,72.8899192311226,-101.442168572333,1,1280,3.95937372702399,1.41011602595432,1.77193161848284,1.60524725819484,-3.69829143150008e-19,8.74963527817766e-19,0,-5.26610971219839e-18,0.000670770008764599,0.00053803734689414,1,1.31972966904603e-19,-6.1680440125399e-20,1,-0.000946888973156345,0.0120044002480288,0.0120044002480288,0.0111505857370525,0.00975143128445296,0.00417145617530866,0.00417145617530866,-0.00426271685200356,1,0,0,1,-0.000946804992086557,0.0120046347089711,0.0120046347089711,0.0111505515787208,0.00975137625617698,0.00417153764906209,0.00417153764906209,-0.00426263502336414,-9.52443813282533,36.340303803997,16.3901491812113,11.2450303255921,16.3901491812113,11.2450303255921,10.903557581637,-14.3359425412851,3.68628738645072e-18,2.27596892704884e-19,1.61684058644931e-19,0,0,0,-0.000946888973156342,0.0111505857370525,0.0120044002480288,0.00975143128445296,-0.00426271685200356,0.00417145617530866,2.71980368414182e-12,3.37441931433557e-09,1.64781999768518e-12,1.31972966904603e-19,8.67361737988404e-18,8.71138568881311e-14
NC_k0055,-0.00427631578947369,-0.00427631578947369,0.539614603403251,-67.0802500046097,96.7602318281007,-68.3088954752472,102.581249942541,66.3326814648916,-98.2711606674486,69.904429278442,-99.8984802827754,1,1280,1.61810982318801,0.583399920488647,0.726498215413294,0.648257035152508,-2.91439221731828e-18,-5.01231746537732e-19,0,-1.70780371012188e-18,0.00067099833783117,0.000538065222849767,1,-7.20371980970648e-20,-2.5210395173056e-19,1,-0.000946888973156344,0.0120044002480288,0.0120044002480288,0.0111505857370525,0.00975143128445295,0.00417145617530866,0.00417145617530866,-0.00426271685200356,1,0,0,1,-0.000946804992086557,0.0120046347089711,0.0120046347089711,0.0111505515787208,0.00975137625617698,0.00417153764906209,0.00417153764906209,-0.00426263502336414,-9.46772385945305,36.3600537417113,16.3388115652545,11.2147785394165,16.3388115652545,11.2147785394165,10.9272626890406,-14.2874490176585,1.95156391047391e-18,2.3562399080724e-19,2.6275006885255e-19,0,0,0,-0.000946888973156342,0.0111505857370525,0.0120044002480288,0.00975143128445296,-0.00426271685200356,0.00417145617530866,4.9853040621994e-12,2.1366858984172e-09,1.40014058209005e-11,2.5210395173056e-19,5.20417042793042e-18,1.93399073443489e-14
NC_k0055,0.00197368421052631,0.00197368421052631,0.53950040821837,-67.9081532668309,100.983466012611,-67.3497728951178,98.295302031789,68.878293473335,-99.4235756149162,67.2294694347888,-98.682669137021,1,1280,-0.747318762839988,-0.269903016909299,-0.335683187317249,-0.29881673492045,-1.65569794897594e-18,-2.90894606016523e-20,0,-6.51818322691786e-20,0.000671036712073881,0.000538079034517223,1,-1.78185761091042e-19,-6.53354624628499e-20,1,-0.000946888973156343,0.0120044002480288,0.0120044002480288,0.0111505857370525,0.00975143128445296,0.00417145617530866,0.00417145617530866,-0.00426271685200356,1,0,0,1,-0.000946804992086557,0.0120046347089711,0.0120046347089711,0.0111505515787208,0.00975137625617698,0.00417153764906209,0.00417153764906209,-0.00426263502336414,-9.45889172040791,36.3638516756098,16.3307182512473,11.210052222241,16.3307182512473,11.210052222241,10.9310929628493,-14.2796834166459,1.73472347597681e-18,-1.08433963057832e-19,5.6801502293848e-20,0,0,0,-0.000946888973156342,0.0111505857370525,0.0120044002480288,0.00975143128445296,-0.00426271685200356,0.00417145617530866,1.50536698232685e-11,4.19213927010147e-09,1.48663292308217e-11,1.78185761091042e-19,5.20417042793042e-18,5.16525983921258e-14
NC_k0055,0.00822368421052631,0.00822368421052631,0.540012289906275,-69.1543168683783,105.352326972044,-66.6635498428771,94.18534947808,71.7609864428314,-100.823488689805,64.8985004489448,-97.5448810193384,1,1280,-3.10305457771807,-1.11162072567792,-1.39084285012065,-1.25098830389094,-9.65604324980102e-19,-4.6835793463365e-19,0,2.00613136112281e-18,0.000670871297185387,0.000538036208033551,1,5.36161519965015e-20,-3.94475947277451e-21,1,-0.000946888973156347,0.0120044002480288,0.0120044002480288,0.0111505857370524,0.00975143128445296,0.00417145617530866,0.00417145617530866,-0.00426271685200356,1,0,0,1,-0.000946804992086557,0.0120046347089711,0.0120046347089711,0.0111505515787208,0.00975137625617698,0.00417153764906209,0.00417153764906209,-0.00426263502336414,-9.49798797819003,36.3485608776714,16.3663479924054,11.2309466174472,16.3663479924054,11.2309466174472,10.9144037687159,-14.313610313869,2.81892564846231e-18,8.36688457286295e-19,-3.12794779821614e-19,0,0,0,-0.000946888973156342,0.0111505857370525,0.0120044002480288,0.00975143128445296,-0.00426271685200356,0.00417145617530866,1.07521223041365e-12,3.24616798402537e-09,7.22301729804015e-12,5.36161519965015e-20,8.67361737988404e-18,3.37171170808218e-14
NC_k0055,0.0144736842105263,0.0144736842105263,0.541226886445064,-70.9611679123694,109.73020446974,-65.906044839112,90.223611344635,74.8744549313266,-102.666773549514,62.8142855618607,-96.1262327469372,1,1280,-5.39210885495424,-1.89218404631058,-2.40381665741736,-2.21596409198265,-9.79755730899659e-19,-1.34975775479769e-18,0,-8.25198026060861e-18,0.000670577774923932,0.000538138998624714,1,1.18850357718409e-19,-1.67240917393183e-19,1,-0.000946888973156348,0.0120044002480288,0.0120044002480288,0.0111505857370524,0.00975143128445296,0.00417145617530866,0.00417145617530866,-0.00426271685200356,1,0,0,1,-0.000946804992086557,0.0120046347089711,0.0120046347089711,0.0111505515787208,0.00975137625617698,0.00417153764906209,0.00417153764906209,-0.00426263502336414,-9.58510114755605,36.3295259363071,16.4442407406376,11.2774018934833,16.4442407406376,11.2774018934833,10.8809065929438,-14.3859887151239,2.81892564846231e-18,9.58860268750909e-19,-6.54562098432131e-19,0,0,0,-0.000946888973156342,0.0111505857370525,0.0120044002480288,0.00975143128445296,-0.00426271685200356,0.00417145617530866,1.66983066772424e-12,3.21680722340399e-09,1.33555022113214e-11,1.67240917393183e-19,8.67361737988404e-18,1.02565398396727e-14
NC_k0056,-0.0167763157894737,-0.0167763157894737,0.0956560285367395,-30.9126395356483,41.6837811798092,-36.8657871539418,55.1493196320822,24.6050279627067,-49.0996510354555,40.5439799798535,-49.1478254384253,1,1280,-0.819956842869181,1.11206152139921,0.0963945439149165,1.22309105232378,1.95434985477699e-18,-1.8801203209677e-18,0,9.2785004406438e-19,-0.0019061353462284,-0.000720998339720283,1,3.11632661452107e-20,-1.72996982364268e-19,1,-0.0130849159121108,-0.000564617477839249,-0.000564617477839249,-0.0128578700403618,0.000337649338865147,0.00341650191747311,0.00341650191747311,-0.00716623110663764,1,0,0,1,-0.0130849781403681,-0.000564628505524363,-0.000564628505524363,-0.012857934485864,0.000337596027481703,0.00341656864602618,0.00341656864602618,-0.00716621113793861,-7.83394192155272,-5.07146593187988,4.77432310311848,0.660748739144226,4.77432310311848,0.660748739144226,9.12576996007942,-8.66367921247321,9.89334482393023e-19,1.08832028294563e-18,1.62925014868765e-19,0,0,0,-0.0130849159121108,-0.0128578700403618,-0.000564617477839249,0.000337649338865147,-0.00716623110663764,0.00341650191747311,6.62417039934304e-12,3.89788791869316e-09,2.45757175799995e-11,1.72996982364268e-19,5.20417042793042e-18,5.25480183620608e-13
NC_k0056,-0.0105263157894737,-0.0105263157894737,0.0957035213654841,-31.5917712526723,43.2928096697832,-35.1510005837568,52.2022853484612,26.8319971293804,-48.5805300732951,37.2679444262365,-48.3505043676531,1,1280,-0.505741738902193,0.707051940939781,0.0664323666724082,0.76680068501405,-9.86197813510222e-20,1.33996186839353e-18,0,-2.18413732022177e-18,-0.00190561915091496,-0.000720678945840473,1,7.45812457011297e-20,-1.07782695689803e-19,1,-0.0130849159121108,-0.00056461747783925,-0.00056461747783925,-0.0128578700403618,0.000337649338865144,0.00341650191747311,0.00341650191747311,-0.00716623110663765,1,0,0,1,-0.0130849781403681,-0.000564628505524363,-0.000564628505524363,-0.012857934485864,0.000337596027481703,0.00341656864602618,0.00341656864602618,-0.00716621113793861,-7.84532523442974,-5.07747764549426,4.7323408443603,0.646088287519102,4.7323408443603,0.646088287519102,9.12477573096588,-8.63550479552507,8.67361737988404e-19,4.22345646182843e-19,8.18940385219153e-19,0,0,0,-0.0130849159121108,-0.0128578700403618,-0.000564617477839249,0.000337649338865147,-0.00716623110663764,0.00341650191747311,1.2580344576099e-11,3.96842334965653e-09,1.41173688966796e-11,1.07782695689803e-19,3.46944695195361e-18,3.47294449833095e-13
NC_k0056,-0.00427631578947369,-0.00427631578947369,0.0957773665744722,-32.3956117557062,45.529945950169,-33.7910168527583,49.2457526449032,29.6043807268686,-48.1899554672393,33.9321854584841,-48.0324420894361,1,1280,-0.203584729245478,0.287374951124304,0.0276507732200135,0.310775339836256,-8.81576009634515e-19,-1.32476945567308e-18,0,-1.44729258537777e-19,-0.00190532894446371,-0.000720529060263903,1,1.37697499953616e-20,-1.02466228254831e-19,1,-0.0130849159121108,-0.000564617477839249,-0.000564617477839249,-0.0128578700403618,0.000337649338865146,0.00341650191747311,0.00341650191747311,-0.00716623110663764,1,0,0,1,-0.0130849781403681,-0.000564628505524363,-0.000564628505524363,-0.012857934485864,0.000337596027481703,0.00341656864602618,0.00341656864602618,-0.00716621113793861,-7.85584708425379,-5.08445107738872,4.71018897814146,0.637953845693005,4.71018897814146,0.637953845693005,9.12611507006137,-8.62429554751861,1.0842021724855e-18,-2.02535801391895e-19,-9.76010801481016e-20,0,0,0,-0.0130849159121108,-0.0128578700403618,-0.000564617477839249,0.000337649338865147,-0.00716623110663764,0.00341650191747311,5.47742769231115e-11,2.08634483162378e-09,9.69127218998044e-12,1.02466228254831e-19,3.46944695195361e-18,3.39492074136603e-13
NC_k0056,0.00197368421052631,0.00197368421052631,0.0957907466337956,-33.3700157889969,48.192465125387,-32.7298166828865,46.4709898334849,32.7260985500125,-48.0172571695597,30.7226850317105,-48.0945385138424,1,1280,0.0938241272040943,-0.132576224387569,-0.0127881920705426,-0.143349521050588,1.12185874269137e-18,-1.38012190072329e-19,0,-9.70975622287715e-19,-0.00190528382768568,-0.00072050812024857,1,-1.7410395326902e-19,-1.94886223330844e-20,1,-0.0130849159121108,-0.00056461747783925,-0.00056461747783925,-0.0128578700403618,0.000337649338865142,0.00341650191747311,0.00341650191747311,-0.00716623110663765,1,0,0,1,-0.0130849781403681,-0.000564628505524363,-0.000564628505524363,-0.012857934485864,0.000337596027481703,0.00341656864602618,0.00341656864602618,-0.00716621113793861,-7.85765135563648,-5.08575723174709,4.70676318958966,0.636673884735188,4.70676318958966,0.636673884735188,9.12635563731811,-8.62272282226747,8.67361737988404e-19,-6.41254190721486e-19,8.13063099249273e-19,0,0,0,-0.0130849159121108,-0.0128578700403618,-0.000564617477839249,0.000337649338865147,-0.00716623110663764,0.00341650191747311,7.8690659748052e-11,3.02730701150855e-09,2.7566673751068e-11,1.7410395326902e-19,5.20417042793042e-18,6.3745474902521e-15
NC_k0056,0.00822368421052631,0.00822368421052631,0.0957352571076185,-34.6106993782481,51.1039020622781,-31.8733990740256,44.0557126644283,36.0355522266778,-48.1823095019875,27.8019110672028,-48.4181769513827,1,1280,0.393410141442853,-0.552803702033315,-0.0525998749948517,-0.59850224261576,2.07222640078824e-18,2.24683761065329e-19,0,2.24178663903789e-19,-0.00190548430037659,-0.000720605983003597,1,-1.44033052062088e-19,2.90456465742639e-20,1,-0.0130849159121108,-0.000564617477839249,-0.000564617477839249,-0.0128578700403618,0.000337649338865147,0.00341650191747311,0.00341650191747311,-0.00716623110663764,1,0,0,1,-0.0130849781403681,-0.000564628505524363,-0.000564628505524363,-0.012857934485864,0.000337596027481703,0.00341656864602618,0.00341656864602618,-0.00716621113793861,-7.84999697146101,-5.08042341033171,4.72197335646516,0.642309492353229,4.72197335646516,0.642309492353229,9.12535344230434,-8.63001729748422,1.73472347597681e-18,9.11792034239749e-19,-7.96197519845815e-20,0,0,0,-0.0130849159121108,-0.0128578700403618,-0.000564617477839249,0.000337649338865147,-0.00716623110663764,0.00341650191747311,3.09905955904797e-11,2.44411513304851e-09,2.23080457530883e-11,1.44033052062088e-19,5.20417042793042e-18,4.29081752660398e-13
NC_k0056,0.0144736842105263,0.0144736842105263,0.0956570713879308,-36.1918960975048,54.0768510671242,-31.1451239029767,42.1886317199807,39.3566332531863,-48.7931148770693,25.3465032834731,-48.895065004457,1,1280,0.702455037426694,-0.96686441735295,-0.087255095375665,-1.055516020324,-1.00551413517456e-18,1.24418055731449e-18,0,1.16709311448883e-18,-0.00190592268688487,-0.000720860402863463,1,-2.90170810407143e-20,-7.07941417048758e-20,1,-0.0130849159121108,-0.000564617477839249,-0.000564617477839249,-0.0128578700403618,0.000337649338865146,0.00341650191747311,0.00341650191747311,-0.00716623110663764,1,0,0,1,-0.0130849781403681,-0.000564628505524363,-0.000564628505524363,-0.012857934485864,0.000337596027481703,0.00341656864602618,0.00341656864602618,-0.00716621113793861,-7.83697310428994,-5.07286802105977,4.75640540078547,0.654609183025894,4.75640540078547,0.654609183025894,9.12443512803213,-8.65030539179719,8.67361737988404e-19,4.14806535880335e-19,-1.51194251247363e-19,0,0,0,-0.0130849159121108,-0.0128578700403618,-0.000564617477839249,0.000337649338865147,-0.00716623110663764,0.00341650191747311,1.31177880417769e-11,2.87310513053913e-09,1.47304338370862e-11,7.07941417048758e-20,2.16840434497101e-18,1.45078535297553e-15
NC_k0057,-0.0167763157894737,-0.0167763157894737,0.584929493587383,-31.2874734556762,-25.4882045820601,-35.2345913598868,-20.8476462526879,30.7781755046333,25.9529413467212,32.2269782684685,22.8720095804103,1,1280,4.22535565217484,-7.58764337085633,-1.10955494716487,0.14991139574833,1.89740343268639e-19,2.79616163800485e-18,0,6.59079314108776e-19,-0.00134913799238275,0.000940613558844801,1,3.8384151776055e-20,7.71068620994934e-19,1,-0.00874049705452371,0.00970397016124898,0.00970397016124898,0.000396105896908981,-0.000359444000503647,-0.0138470573277066,-0.0138470573277066,0.00611633696272486,1,0,0,1,-0.00874047281425333,0.00970415969191619,0.00970415969191619,0.000396040912541159,-0.000359398325564957,-0.0138473277780451,-0.0138473277780451,0.00611631939761508,-7.53020500333414,35.7120287756476,0.684096565418863,-1.01665870637097,0.684096565418863,-1.01665870637097,-50.8942196512309,5.34470680632763,4.33680868994202e-18,6.0724496708645e-19,-6.98917961651345e-19,0,0,0,-0.0087404970545237,0.000396105896908983,0.00970397016124897,-0.00035944400050365,0.00611633696272485,-0.0138470573277066,1.67167530045709e-12,6.16436276023057e-09,4.23342989025254e-12,7.71068620994934e-19,1.38777878078145e-17,5.40943080297764e-14
NC_k0057,-0.0105263157894737,-0.0105263157894737,0.583057816813613,-30.8972067469588,-23.5378707763484,-33.5853794833619,-20.5176018771515,30.0493044442864,24.2477370228114,30.9335482903216,22.2669854886782,1,1280,2.6636698602066,-4.82917225084326,-0.714615788910107,0.0957099573019511,4.59593128863038e-19,1.26217835308241e-18,0,1.31625445844746e-18,-0.00134688387610783,0.000938682341668891,1,5.53699864430389e-20,5.35098476183801e-19,1,-0.00874049705452371,0.00970397016124898,0.00970397016124898,0.00039610589690898,-0.00035944400050365,-0.0138470573277066,-0.0138470573277066,0.00611633696272485,1,0,0,1,-0.00874047281425333,0.00970415969191619,0.00970415969191619,0.000396040912541159,-0.000359398325564957,-0.0138473277780451,-0.0138473277780451,0.00611631939761508,-7.49291241490196,35.6142698547914,0.650416791087688,-0.992594660393278,0.650416791087688,-0.992594660393278,-50.7802186112298,5.3035437743569,3.03576608295941e-18,2.90867717045166e-19,-7.38961320938963e-20,0,0,0,-0.0087404970545237,0.000396105896908983,0.00970397016124897,-0.00035944400050365,0.00611633696272485,-0.0138470573277066,1.84118828649926e-12,4.61865848849858e-09,7.31299797607754e-12,5.35098476183801e-19,8.67361737988404e-18,6.55023754862275e-14
NC_k0057,-0.00427631578947369,-0.00427631578947369,0.582366659163918,-31.1267439626543,-21.9967124084182,-32.2624864508044,-20.7522201390335,29.7704544044877,23.0029333388609,30.1246708815998,22.1912310114834,1,1280,1.08053939357159,-1.9700747364512,-0.293546663150278,0.0392485283633868,-2.41132578418191e-18,-4.40013432891663e-18,0,1.34764265397139e-19,-0.00134585764740686,0.000937770628296897,1,3.40361359660273e-20,4.43041477006568e-19,1,-0.0087404970545237,0.00970397016124898,0.00970397016124898,0.000396105896908984,-0.000359444000503649,-0.0138470573277066,-0.0138470573277066,0.00611633696272485,1,0,0,1,-0.00874047281425333,0.00970415969191619,0.00970415969191619,0.000396040912541159,-0.000359398325564957,-0.0138473277780451,-0.0138473277780451,0.00611631939761508,-7.48373333583836,35.5802758800883,0.63026163656709,-0.976927694925081,0.63026163656709,-0.976927694925081,-50.745041690573,5.28947755200269,4.33680868994202e-18,-1.79402444598045e-19,6.9972944960369e-21,0,0,0,-0.0087404970545237,0.000396105896908983,0.00970397016124897,-0.00035944400050365,0.00611633696272485,-0.0138470573277066,5.61018932442016e-12,3.04227388356465e-09,1.27348719983801e-11,4.43041477006568e-19,1.38777878078145e-17,9.15071361717634e-15
NC_k0057,0.00197368421052631,0.00197368421052631,0.582277045696684,-31.8735493510897,-20.9831872143858,-31.3462450710349,-21.5587999671263,29.945123257118,22.3048670945971,29.7820396803752,22.6797784241872,1,1280,-0.498437267908727,0.909602154684747,0.13568441263607,-0.0181507998071802,-1.57119648631997e-18,1.75754307297143e-17,0,5.494778829455e-19,-0.00134571257528356,0.000937638759440064,1,-2.09363022088042e-19,1.1501983336324e-19,1,-0.00874049705452371,0.00970397016124898,0.00970397016124898,0.00039610589690898,-0.000359444000503647,-0.0138470573277066,-0.0138470573277066,0.00611633696272486,1,0,0,1,-0.00874047281425333,0.00970415969191619,0.00970415969191619,0.000396040912541159,-0.000359398325564957,-0.0138473277780451,-0.0138473277780451,0.00611631939761508,-7.48297047677337,35.576046995587,0.62702848481468,-0.974330778640212,0.62702848481468,-0.974330778640212,-50.7409966755925,5.28778244222223,4.33680868994202e-18,4.62230912754428e-19,-4.12781369948403e-19,0,0,0,-0.0087404970545237,0.000396105896908983,0.00970397016124897,-0.00035944400050365,0.00611633696272485,-0.0138470573277066,1.58392541481009e-11,3.40532680351588e-09,5.84407522689093e-12,2.09363022088042e-19,1.38777878078145e-17,5.89167849127059e-14
NC_k0057,0.00822368421052631,0.00822368421052631,0.58271073477856,-33.0560536835692,-20.5370763431733,-30.9162010082406,-22.9135341792273,30.5797825969896,22.1749044326781,29.8934246991985,23.7296326154484,1,1280,-2.08028294978693,3.78128099572983,0.561329355161169,-0.0751126267730781,1.0575669567613e-18,1.13565545356426e-17,0,-2.30356565706217e-19,-0.00134638564276538,0.000938242984877989,1,-7.7401064312458e-20,-6.18457297876707e-20,1,-0.0087404970545237,0.00970397016124898,0.00970397016124898,0.000396105896908981,-0.000359444000503648,-0.0138470573277066,-0.0138470573277066,0.00611633696272485,1,0,0,1,-0.00874047281425333,0.00970415969191619,0.00970415969191619,0.000396040912541159,-0.000359398325564957,-0.0138473277780451,-0.0138473277780451,0.00611631939761508,-7.48769696003053,35.596969245137,0.641175249071635,-0.985523850805459,0.641175249071635,-0.985523850805459,-50.7618159924457,5.296284194153,1.73472347597681e-18,4.34144149977525e-19,-1.68980100787371e-19,0,0,0,-0.0087404970545237,0.000396105896908983,0.00970397016124897,-0.00035944400050365,0.00611633696272485,-0.0138470573277066,1.26651736393866e-12,3.32614932785264e-09,8.26098295858284e-12,7.7401064312458e-20,5.20417042793042e-18,3.1818058952159e-14
NC_k0057,0.0144736842105263,0.0144736842105263,0.584034003737715,-34.5965200358985,-20.6624194665567,-31.0668422527322,-24.7347733644053,31.6936752637423,22.5933224767762,30.4587730416899,25.2818390567266,1,1280,-3.65759522169134,6.5932368614478,0.968761741119659,-0.130267531994244,-1.00946474978011e-18,-7.53059273967866e-18,0,1.14874454244239e-18,-0.0013481381500092,0.000939766260228145,1,-6.02606946405814e-21,3.66531227802053e-19,1,-0.00874049705452371,0.00970397016124898,0.00970397016124898,0.00039610589690898,-0.000359444000503648,-0.0138470573277066,-0.0138470573277066,0.00611633696272486,1,0,0,1,-0.00874047281425333,0.00970415969191619,0.00970415969191619,0.000396040912541159,-0.000359398325564957,-0.0138473277780451,-0.0138473277780451,0.00611631939761508,-7.51113198683838,35.6645203462841,0.670483640211498,-1.00727017856745,0.670483640211498,-1.00727017856745,-50.8372753713147,5.32488266716643,4.33680868994202e-18,5.4521889368535e-19,-2.88890447664056e-19,0,0,0,-0.0087404970545237,0.000396105896908983,0.00970397016124897,-0.00035944400050365,0.00611633696272485,-0.0138470573277066,1.86457472660882e-12,3.29008264224173e-09,1.21557386081962e-11,3.66531227802053e-19,1.38777878078145e-17,1.08544595520788e-13
NC_k0058,-0.0167763157894737,-0.0167763157894737,0.253559747919691,110.557576234134,47.4678522861946,115.070200651314,49.9910341279344,-105.008556754964,-53.4587434718806,-120.067155563612,-46.4226875417688,1,1280,-1.8671963203892,0.579907151247545,-0.424805425816732,-0.995083863704735,-2.5606500827212e-18,-3.69501579627437e-20,0,-8.08704706391043e-19,-0.000278497588276652,-0.0011352644093179,1,-3.58751637223962e-20,-2.55371176095048e-20,1,0.00572346562335538,-0.00470009187908999,-0.00470009187908999,-0.0160558367440877,-0.000666340657392891,0.00100947961288123,0.00100947961288123,-0.00926812413992542,1,0,5.42101086242752e-20,1,0.00572333405359011,-0.0047001836777595,-0.0047001836777595,-0.0160557556253533,-0.000666406912353245,0.00100949932927992,0.00100949932927992,-0.00926810639309396,17.3266314027767,-19.7855980368519,3.24566867572184,-15.5742682065925,3.24566867572184,-15.5742682065925,10.0078196204804,-9.48799956940449,1.51788304147971e-18,6.32100415855084e-19,7.4203709243578e-19,0,0,0,0.00572346562335538,-0.0160558367440877,-0.00470009187908999,-0.000666340657392888,-0.00926812413992542,0.00100947961288123,2.77146033524833e-12,4.60582629457437e-09,1.30443395032945e-11,3.58751637223962e-20,3.46944695195361e-18,1.00268703816382e-13
NC_k0058,-0.0105263157894737,-0.0105263157894737,0.252678947289166,110.98888024502,47.0784883019204,113.599795732994,48.910394408946,-107.287517143661,-51.40309951036,-116.757286985565,-47.0198623878087,1,1280,-1.20108467692414,0.378197565822247,-0.271552746663626,-0.621755240714098,2.17278674785631e-18,-1.16223508275131e-18,0,3.03211325337438e-19,-0.000279514816715628,-0.00113418993426732,1,-6.1467947014052e-20,-4.49534589668537e-21,1,0.00572346562335539,-0.00470009187908999,-0.00470009187908999,-0.0160558367440877,-0.000666340657392887,0.00100947961288123,0.00100947961288123,-0.00926812413992542,1,0,5.42101086242752e-20,1,0.00572333405359011,-0.0047001836777595,-0.0047001836777595,-0.0160557556253533,-0.000666406912353245,0.00100949932927992,0.00100949932927992,-0.00926810639309396,17.2420024457337,-19.7490604901622,3.23384123222124,-15.4969092481855,3.23384123222124,-15.4969092481855,9.92878952288435,-9.49606802675669,1.30104260698261e-18,-7.70980748311428e-19,1.34941437314329e-19,0,0,0,0.00572346562335538,-0.0160558367440877,-0.00470009187908999,-0.000666340657392888,-0.00926812413992542,0.00100947961288123,8.73723668054683e-12,3.85444030177358e-09,6.12356413238387e-12,6.1467947014052e-20,6.93889390390723e-18,3.25141863632357e-14
NC_k0058,-0.00427631578947369,-0.00427631578947369,0.252290323668013,111.503037159831,47.2350667859927,112.51735628699,48.0298038969473,-109.816234697149,-49.7410291618385,-113.662864520458,-47.9648319441329,1,1280,-0.491629111372904,0.156318613303967,-0.110652464362737,-0.25114338131169,-1.68278811403705e-18,-9.76688545188312e-19,0,3.08333227690366e-19,-0.000280071693989676,-0.0011336861730405,1,-3.68190945937125e-20,2.25128888766598e-20,1,0.00572346562335538,-0.00470009187908999,-0.00470009187908999,-0.0160558367440877,-0.000666340657392888,0.00100947961288123,0.00100947961288123,-0.00926812413992542,1,0,5.42101086242752e-20,1,0.00572333405359011,-0.0047001836777595,-0.0047001836777595,-0.0160557556253533,-0.000666406912353245,0.00100949932927992,0.00100949932927992,-0.00926810639309396,17.201320930804,-19.741354332016,3.22857667871972,-15.4566394054876,3.22857667871972,-15.4566394054876,9.89412035808148,-9.50734010661546,1.30104260698261e-18,-6.01146955688124e-19,-3.33756644461207e-19,0,0,0,0.00572346562335538,-0.0160558367440877,-0.00470009187908999,-0.000666340657392888,-0.00926812413992542,0.00100947961288123,1.10544882580633e-11,2.46992682824323e-09,1.21811566851606e-11,3.68190945937125e-20,3.46944695195361e-18,1.21015870657677e-14
NC_k0058,0.00197368421052631,0.00197368421052631,0.252233886169016,112.19741279188,47.7630997566506,111.732295887755,47.3929978367342,-112.582072948828,-48.3893275028426,-110.806974163717,-49.2086919691444,1,1280,0.227046574370425,-0.0722852118280612,0.0510712496389931,0.115790244411644,-1.30237850367188e-18,1.20486962588352e-18,0,-4.91815122444429e-19,-0.000280156336637736,-0.00113361348873016,1,1.39158108600686e-19,1.17906141740641e-20,1,0.00572346562335538,-0.00470009187908999,-0.00470009187908999,-0.0160558367440877,-0.000666340657392891,0.00100947961288123,0.00100947961288123,-0.00926812413992542,1,0,5.42101086242752e-20,1,0.00572333405359011,-0.0047001836777595,-0.0047001836777595,-0.0160557556253533,-0.000666406912353245,0.00100949932927992,0.00100949932927992,-0.00926810639309396,17.1952055270408,-19.7408389055963,3.22779937252848,-15.4503971044155,3.22779937252848,-15.4503971044155,9.88922475732925,-9.50941647765673,8.67361737988404e-19,1.56711089988545e-19,4.73287671730808e-19,0,0,0,0.00572346562335538,-0.0160558367440877,-0.00470009187908999,-0.000666340657392888,-0.00926812413992542,0.00100947961288123,1.06270434967828e-11,2.62035974082649e-09,7.08909585723652e-12,1.39158108600686e-19,3.46944695195361e-18,1.02776466789345e-13
NC_k0058,0.00822368421052631,0.00822368421052631,0.252491698334225,113.162060739915,48.5613581344801,111.164756737876,47.0839326362668,-115.590970599441,-47.3316032649469,-108.192507573637,-50.7513655638057,1,1280,0.942134474927857,-0.29798115115178,0.212570596846117,0.48463692782043,2.65451440273066e-18,-1.88266307417069e-20,0,-2.4678106394907e-19,-0.000279776688584845,-0.00113394622508631,1,-5.40325308829382e-20,3.86240994648891e-20,1,0.00572346562335538,-0.00470009187908999,-0.00470009187908999,-0.0160558367440877,-0.000666340657392889,0.00100947961288123,0.00100947961288123,-0.00926812413992542,1,0,5.42101086242752e-20,1,0.00572333405359011,-0.0047001836777595,-0.0047001836777595,-0.0160557556253533,-0.000666406912353245,0.00100949932927992,0.00100949932927992,-0.00926810639309396,17.2226943607067,-19.7445199259513,3.23130346796954,-15.4780692777434,3.23130346796954,-15.4780692777434,9.91191013799322,-9.50084190223309,1.51788304147971e-18,-3.62942290301432e-19,-1.63313237005608e-19,0,0,0,0.00572346562335538,-0.0160558367440877,-0.00470009187908999,-0.000666340657392888,-0.00926812413992542,0.00100947961288123,5.42158122484088e-12,3.18956056360064e-09,9.76975790041593e-12,5.40325308829382e-20,6.93889390390723e-18,1.91272433469342e-14
NC_k0058,0.0144736842105263,0.0144736842105263,0.253156480687409,114.476075999394,49.5703613719291,110.710908248884,47.2466374101748,-118.823763529744,-46.5964502459956,-105.812915708293,-52.6477366752128,1,1280,1.63106733135493,-0.509068311326536,0.370259676609382,0.857907957605382,7.33948258531563e-19,-9.19682566093608e-19,0,-1.01435504156153e-19,-0.00027891507036453,-0.00113479465061155,1,-5.92088821074524e-20,2.53567310963671e-21,1,0.00572346562335539,-0.00470009187908999,-0.00470009187908999,-0.0160558367440877,-0.000666340657392885,0.00100947961288123,0.00100947961288123,-0.00926812413992542,1,0,5.42101086242752e-20,1,0.00572333405359011,-0.0047001836777595,-0.0047001836777595,-0.0160557556253533,-0.000666406912353245,0.00100949932927992,0.00100949932927992,-0.00926810639309396,17.2890193083538,-19.7662555887279,3.24031981614667,-15.5408734714393,3.24031981614667,-15.5408734714393,9.97211306784745,-9.48902011443432,1.84314369322536e-18,-7.40352147767982e-19,-4.58269553196487e-19,0,0,0,0.00572346562335538,-0.0160558367440877,-0.00470009187908999,-0.000666340657392888,-0.00926812413992542,0.00100947961288123,3.49913421290184e-12,2.53375397503413e-09,4.80976200002061e-12,5.92088821074524e-20,7.80625564189563e-18,4.16624480846781e-14
NC_k0059,-0.0167763157894737,-0.0167763157894737,0.48238603610323,143.029591235297,-59.3405229052956,157.540349978533,-83.2716801727854,-131.701233918493,64.2490802016028,-167.872165683593,78.835811338319,1,1280,-0.30717843320261,-2.57845366365107,-0.952258591961689,-3.39766198083722,1.55979793747899e-19,3.04771553408835e-18,0,-2.04769553254237e-18,0.000412187278277308,0.00017410693586984,1,-1.90154856773889e-19,3.58029917459652e-19,1,0.0125934877014677,-0.00328537948333291,-0.00328537948333291,-0.0106863504327794,-0.00533084528573012,-0.00734647189427623,-0.00734647189427623,0.00583298404228314,1,-1.0842021724855e-19,-5.42101086242752e-20,1,0.0125933786864799,-0.00328544365090094,-0.00328544365090094,-0.0106862321055979,-0.00533078954892003,-0.00734661538005541,-0.00734661538005541,0.00583293075732245,23.9076177931641,-7.22695397060543,-9.68103943687927,-20.3826947283978,-9.68103943687927,-20.3826947283978,-16.6973994683963,11.3681081912832,1.73472347597681e-18,6.057632325072e-19,-3.52809938417372e-19,0,0,0,0.0125934877014677,-0.0106863504327794,-0.00328537948333291,-0.00533084528573012,0.00583298404228314,-0.00734647189427622,1.11245742179596e-12,3.38529133270599e-09,1.08488627109906e-11,3.58029917459652e-19,4.33680868994202e-18,4.79867747632745e-14
NC_k0059,-0.0105263157894737,-0.0105263157894737,0.480224002531066,145.423977971792,-63.206123326256,153.94813449031,-78.46644873393,-137.616512283091,66.7178038292495,-160.749405311188,75.4247609116547,1,1280,-0.221307921730236,-1.64188596714587,-0.614853983329124,-2.12610803674931,3.21593925526326e-18,-2.17822132448079e-18,0,2.39897597763649e-18,0.000411630451762828,0.000173740764704465,1,-2.24239712896931e-19,1.66340809025382e-19,1,0.0125934877014677,-0.00328537948333291,-0.00328537948333291,-0.0106863504327794,-0.00533084528573011,-0.00734647189427623,-0.00734647189427623,0.00583298404228314,1,-1.0842021724855e-19,-5.42101086242752e-20,1,0.0125933786864799,-0.00328544365090094,-0.00328544365090094,-0.0106862321055979,-0.00533078954892003,-0.00734661538005541,-0.00734661538005541,0.00583293075732245,23.8026229088854,-7.25545653571954,-9.61499837519523,-20.2547105271366,-9.61499837519523,-20.2547105271366,-16.7400212472086,11.2769657257006,2.38524477946811e-18,1.33679122715692e-18,-8.807484834501e-19,0,0,0,0.0125934877014677,-0.0106863504327794,-0.00328537948333291,-0.00533084528573012,0.00583298404228314,-0.00734647189427622,2.03276414723905e-12,3.74994653105962e-09,7.41940293818992e-12,2.24239712896931e-19,6.93889390390723e-18,4.49661776903006e-14
NC_k0059,-0.00427631578947369,-0.00427631578947369,0.479115271609927,147.677160707322,-67.4083995621119,151.004429084083,-73.6573252203756,-144.094532851635,69.0504345769278,-153.575796497781,72.4833298639687,1,1280,-0.0935086013155929,-0.668074579979426,-0.251322449827349,-0.860089880065165,-1.13483886086355e-18,-9.17303594651905e-19,0,-5.62006360503228e-18,0.000411229459353439,0.00017349768274326,1,-1.62631041923648e-19,2.48339014296978e-19,1,0.0125934877014677,-0.00328537948333291,-0.00328537948333291,-0.0106863504327794,-0.00533084528573011,-0.00734647189427623,-0.00734647189427623,0.00583298404228314,1,-1.0842021724855e-19,-5.42101086242752e-20,1,0.0125933786864799,-0.00328544365090094,-0.00328544365090094,-0.0106862321055979,-0.00533078954892003,-0.00734661538005541,-0.00734661538005541,0.00583293075732245,23.7503924951644,-7.27274055230652,-9.57981710153092,-20.1862002509916,-9.57981710153092,-20.1862002509916,-16.7666550871561,11.230062557674,1.73472347597681e-18,8.12914710790646e-20,-4.62240321496041e-19,0,0,0,0.0125934877014677,-0.0106863504327794,-0.00328537948333291,-0.00533084528573012,0.00583298404228314,-0.00734647189427622,4.10920307110688e-12,2.63269922664876e-09,1.33298708745258e-11,2.48339014296978e-19,5.20417042793042e-18,2.00440890367324e-14
NC_k0059,0.00197368421052631,0.00197368421052631,0.478943676632159,150.047553043335,-71.9258107555396,148.521491209036,-69.0385001578413,-150.969227391567,71.5044623833159,-146.587849595639,69.92749911654,1,1280,0.0433302574935061,0.308292985822339,0.116035670294232,0.396609682150953,-7.27785597531921e-18,3.29987823510269e-18,0,7.43933155705691e-20,0.000411163516653067,0.00017345898026901,1,1.46628838620459e-19,-3.38818646570441e-21,1,0.0125934877014677,-0.00328537948333291,-0.00328537948333291,-0.0106863504327794,-0.00533084528573011,-0.00734647189427623,-0.00734647189427623,0.00583298404228314,1,-1.0842021724855e-19,-5.42101086242752e-20,1,0.0125933786864799,-0.00328544365090094,-0.00328544365090094,-0.0106862321055979,-0.00533078954892003,-0.00734661538005541,-0.00734661538005541,0.00583293075732245,23.7423732688754,-7.27547805636392,-9.57434439083012,-20.1755050692648,-9.57434439083012,-20.1755050692648,-16.7708605870137,11.2228499901976,1.73472347597681e-18,3.2891061101341e-19,-3.55887018406201e-19,0,0,0,0.0125934877014677,-0.0106863504327794,-0.00328537948333291,-0.00533084528573012,0.00583298404228314,-0.00734647189427622,1.1357533818595e-11,2.97579160589425e-09,5.77063730337377e-12,1.46628838620459e-19,5.20417042793042e-18,1.20539428950113e-14
NC_k0059,0.00822368421052631,0.00822368421052631,0.479705218781841,152.797882006187,-76.6830940083928,146.259333409275,-64.7160507803666,-158.098995345418,74.2888176264226,-139.949494133065,67.5796075128213,1,1280,0.176593753166357,1.28430167264972,0.482095490519308,1.65819074556457,-9.51376818444189e-19,-3.06888970340849e-19,0,4.64368607975429e-18,0.000411449661738932,0.000173629985044537,1,1.76674816114418e-20,-6.61963479143103e-20,1,0.0125934877014677,-0.00328537948333291,-0.00328537948333291,-0.0106863504327794,-0.00533084528573011,-0.00734647189427623,-0.00734647189427623,0.00583298404228314,1,-1.0842021724855e-19,-5.42101086242752e-20,1,0.0125933786864799,-0.00328544365090094,-0.00328544365090094,-0.0106862321055979,-0.00533078954892003,-0.00734661538005541,-0.00734661538005541,0.00583293075732245,23.7780773183296,-7.26346371546568,-9.59858808433286,-20.2227858423997,-9.59858808433286,-20.2227858423997,-16.7523643615624,11.2549613724445,2.16840434497101e-18,-1.80735322295577e-19,-1.45978268979035e-19,0,0,0,0.0125934877014677,-0.0106863504327794,-0.00328537948333291,-0.00533084528573012,0.00583298404228314,-0.00734647189427622,3.94063749976426e-12,2.29014802043578e-09,3.81120737298739e-12,6.61963479143103e-20,6.93889390390723e-18,3.12442104976469e-15
NC_k0059,0.0144736842105263,0.0144736842105263,0.481442570891092,156.131020665804,-81.5172413788684,143.935811945322,-60.7225931146227,-165.270142173112,77.5242804036338,-133.795666194946,65.1875398860368,1,1280,0.284337012334098,2.24311229860483,0.834058272609878,2.93054161486762,4.22484152222684e-18,4.60258843820021e-18,0,-1.14888769638715e-18,0.000411991615091314,0.000173969536664799,1,-6.34189043950652e-21,1.86603902263496e-19,1,0.0125934877014677,-0.00328537948333291,-0.00328537948333291,-0.0106863504327794,-0.00533084528573012,-0.00734647189427623,-0.00734647189427623,0.00583298404228314,1,-1.0842021724855e-19,-5.42101086242752e-20,1,0.0125933786864799,-0.00328544365090094,-0.00328544365090094,-0.0106862321055979,-0.00533078954892003,-0.00734661538005541,-0.00734661538005541,0.00583293075732245,23.8611995098157,-7.23803723375778,-9.65282348417087,-20.3281072491663,-9.65282348417087,-20.3281072491663,-16.7135805695364,11.3286491124455,2.16840434497101e-18,-1.95425548579877e-19,-1.62932988751769e-20,0,0,0,0.0125934877014677,-0.0106863504327794,-0.00328537948333291,-0.00533084528573012,0.00583298404228314,-0.00734647189427622,2.68798585365806e-12,4.1823924062144e-09,3.35860640818259e-12,1.86603902263496e-19,6.93889390390723e-18,7.49461108799201e-15
NC_k0060,-0.0167763157894737,-0.0167763157894737,0.273631600080615,63.1894046129044,112.331339292444,57.672080846138,129.847301851764,-56.1774872532313,-118.857734035525,-62.200695670071,-123.79129762164,1,1280,1.06761788760625,0.682897257223784,0.577669997793909,0.962618590976173,-3.51839619188205e-19,7.25066820294582e-19,0,-1.01052916579235e-17,0.00129203352603479,0.000176184102594042,1,-2.31095672218433e-20,-1.56752970219223e-19,1,0.0110124244131944,0.00201889622432736,0.00201889622432736,0.00192426675443054,0.0147006014428568,0.0022188640864324,0.0022188640864324,-0.00706517681456637,1,0,0,1,0.0110124116211433,0.00201893565589424,0.00201893565589424,0.00192434271391903,0.0147005138058161,0.00221890742362159,0.00221890742362159,-0.00706505189517881,11.2892248458972,0.011838421666702,16.9913979640925,-4.72730140000756,16.9913979640925,-4.72730140000756,11.8188594226494,-18.7102623113105,8.67361737988404e-19,-1.21717250002793e-20,1.18799550972067e-18,0,0,0,0.0110124244131944,0.00192426675443054,0.00201889622432736,0.0147006014428568,-0.00706517681456636,0.0022188640864324,7.24201444688009e-12,4.33703024762106e-09,3.45134477912523e-12,1.56752970219223e-19,5.20417042793042e-18,8.03358087337203e-14
NC_k0060,-0.0105263157894737,-0.0105263157894737,0.272813756628448,61.5441526577695,115.158318902602,58.1102254381729,126.20377994058,-56.5404981095852,-119.494622125694,-60.6149179100263,-122.332647712829,1,1280,0.662957714373065,0.458280469620647,0.370008600717913,0.601180381287941,1.4022762790693e-18,-3.02251795826876e-19,0,4.79076541011112e-18,0.00129109036363068,0.000177022975216903,1,-4.2208031943226e-20,1.07061265827287e-19,1,0.0110124244131944,0.00201889622432736,0.00201889622432736,0.00192426675443054,0.0147006014428568,0.0022188640864324,0.0022188640864324,-0.00706517681456636,1,0,0,1,0.0110124116211433,0.00201893565589424,0.00201893565589424,0.00192434271391903,0.0147005138058161,0.00221890742362159,0.00221890742362159,-0.00706505189517881,11.305641800118,0.081753032697582,16.9046894446972,-4.70409475432249,16.9046894446972,-4.70409475432249,11.7888245505395,-18.6341978593734,1.0842021724855e-18,7.66649517392844e-20,-3.2322163967246e-19,0,0,0,0.0110124244131944,0.00192426675443054,0.00201889622432736,0.0147006014428568,-0.00706517681456636,0.0022188640864324,1.06529595680574e-11,2.90708987361176e-09,4.6310667587828e-12,1.07061265827287e-19,3.46944695195361e-18,8.09835928476666e-14
NC_k0060,-0.00427631578947369,-0.00427631578947369,0.272436900957176,60.2432799592141,118.214751306659,58.8501578289392,122.706998104167,-57.4358908809583,-120.143785656179,-59.1490152540547,-121.241416286487,1,1280,0.266879715881719,0.190988193111965,0.151096409967909,0.242772427051506,-6.01955875367089e-20,-1.33504965632589e-18,0,-3.95685154737191e-18,0.00129062629979308,0.000177521117618287,1,-2.49449243187427e-21,-2.05257561795922e-19,1,0.0110124244131944,0.00201889622432736,0.00201889622432736,0.00192426675443054,0.0147006014428568,0.0022188640864324,0.0022188640864324,-0.00706517681456636,1,0,0,1,0.0110124116211433,0.00201893565589424,0.00201893565589424,0.00192434271391903,0.0147005138058161,0.00221890742362159,0.00221890742362159,-0.00706505189517881,11.3210718268348,0.115766441770792,16.8589679429432,-4.69238400391777,16.8589679429432,-4.69238400391777,11.7814363336053,-18.5973992412936,1.51788304147971e-18,2.00565643173992e-19,-1.26857533458024e-18,0,0,0,0.0110124244131944,0.00192426675443054,0.00201889622432736,0.0147006014428568,-0.00706517681456636,0.0022188640864324,2.46522356417847e-11,3.16764781608176e-09,1.88177110827975e-11,2.05257561795922e-19,6.07153216591882e-18,1.13289352419373e-13
NC_k0060,0.00197368421052631,0.00197368421052631,0.272380398253443,59.1839341246445,121.462213413282,59.8267481995324,119.38893497738,-58.6476561711073,-120.90860869158,-57.8531623897105,-120.405663953022,1,1280,-0.12302601688595,-0.0883992012308342,-0.0697703219785396,-0.111895135202148,1.83964306487303e-18,7.31932419378772e-19,0,-7.98924122828216e-19,0.00129055806311473,0.000177599318116339,1,7.60612052068932e-20,7.84242845031181e-21,1,0.0110124244131944,0.00201889622432736,0.00201889622432736,0.00192426675443054,0.0147006014428568,0.0022188640864324,0.0022188640864324,-0.00706517681456636,1,0,0,1,0.0110124116211433,0.00201893565589424,0.00201893565589424,0.00192434271391903,0.0147005138058161,0.00221890742362159,0.00221890742362159,-0.00706505189517881,11.32375485223,0.120780138726515,16.8518411631784,-4.69058118792996,16.8518411631784,-4.69058118792996,11.7807922386058,-18.5918002805827,1.30104260698261e-18,-1.677687842668e-19,3.94419207446424e-19,0,0,0,0.0110124244131944,0.00192426675443054,0.00201889622432736,0.0147006014428568,-0.00706517681456636,0.0022188640864324,5.23808414092109e-11,2.35249661556149e-09,2.30425126698527e-13,7.60612052068932e-20,5.20417042793042e-18,4.07600191402952e-16
NC_k0060,0.00822368421052631,0.00822368421052631,0.272634548434761,58.3530109944114,124.896804852604,61.033272283048,116.262394894385,-60.0594034901229,-121.895295876564,-56.8229675468621,-119.728603558552,1,1280,-0.515887726637965,-0.362629040967112,-0.289910533309695,-0.468476348034389,5.78166160950064e-19,-3.75745138890988e-19,0,5.38729167193741e-18,0.00129086836673679,0.000177254429039557,1,4.02253427000966e-20,-1.47112323442372e-19,1,0.0110124244131944,0.00201889622432736,0.00201889622432736,0.00192426675443054,0.0147006014428568,0.0022188640864324,0.0022188640864324,-0.00706517681456636,1,0,0,1,0.0110124116211433,0.00201893565589424,0.00201893565589424,0.00192434271391903,0.0147005138058161,0.00221890742362159,0.00221890742362159,-0.00706505189517881,11.3124164256796,0.0980382219451853,16.8833565070889,-4.69858111115505,16.8833565070889,-4.69858111115505,11.784651518664,-18.6168155926583,1.0842021724855e-18,-4.36421071246386e-19,-8.28376796282862e-21,0,0,0,0.0110124244131944,0.00192426675443054,0.00201889622432736,0.0147006014428568,-0.00706517681456636,0.0022188640864324,9.78510884997162e-12,3.25533348576966e-09,1.76091374950753e-12,1.47112323442372e-19,1.73472347597681e-18,1.75104697232843e-14
NC_k0060,0.0144736842105263,0.0144736842105263,0.27325983760552,57.7906287391217,128.489274693499,62.5317454701299,113.336748574293,-61.6032904175001,-123.201580115603,-56.2302483001272,-119.093428138238,1,1280,-0.918192454613167,-0.608235144623434,-0.503721107748065,-0.82977378001155,1.13078898458449e-18,-8.35700572862324e-19,0,1.02907223902007e-18,0.00129162741545894,0.000176515489912562,1,-4.21097587856657e-20,-1.94439637597038e-19,1,0.0110124244131944,0.00201889622432736,0.00201889622432736,0.00192426675443054,0.0147006014428568,0.0022188640864324,0.0022188640864324,-0.00706517681456636,1,0,0,1,0.0110124116211433,0.00201893565589424,0.00201893565589424,0.00192434271391903,0.0147005138058161,0.00221890742362159,0.00221890742362159,-0.00706505189517881,11.2937512991709,0.0421829872132892,16.9541464831684,-4.71721134989681,16.9541464831684,-4.71721134989681,11.8034409974301,-18.6763775585051,6.50521303491303e-19,2.46853131247539e-20,-3.73759390683598e-19,0,0,0,0.0110124244131944,0.00192426675443054,0.00201889622432736,0.0147006014428568,-0.00706517681456636,0.0022188640864324,9.59621696776764e-12,2.52301183135115e-09,1.4439169759932e-11,1.94439637597038e-19,1.73472347597681e-18,1.25949404292131e-14
NC_k0061,-0.0167763157894737,-0.0167763157894737,0.196870680155132,49.3081467817302,-32.5081624163715,51.9121972487188,-43.6405866232323,-42.4292483565772,39.6745406452886,-55.8323836984347,35.7295440631103,1,1280,-4.0351927900419,-1.54954079101315,-1.84296208174815,-1.28912364854317,8.01405664665875e-20,6.71238869113306e-19,0,-3.73531272699551e-18,0.0019734645965638,-0.000200663751388054,1,-1.971773229639e-20,1.07534643377076e-19,1,0.0144410819694883,-0.00741668693217575,-0.00741668693217575,0.0110534261280014,-0.00211563498216453,-0.00256145906364692,-0.00256145906364692,0.00179796924916267,1,0,0,1,0.0144411276706514,-0.00741683178934239,-0.00741683178934239,0.0110535049117411,-0.00211561664831998,-0.00256150909214425,-0.00256150909214425,0.0017979493642159,10.4908463419074,-23.8798520200269,-6.66013631644434,-2.47707592301446,-6.66013631644434,-2.47707592301446,-5.1413106545381,5.29053996792718,1.0842021724855e-18,-1.14039613540641e-18,-2.00742135602207e-19,0,0,0,0.0144410819694882,0.0110534261280014,-0.00741668693217575,-0.00211563498216453,0.00179796924916267,-0.00256145906364692,2.20091542716457e-12,3.26462567583709e-09,7.0461509641871e-12,1.07534643377076e-19,5.20417042793042e-18,7.61312493085779e-14
NC_k0061,-0.0105263157894737,-0.0105263157894737,0.196325504237626,48.9343875907693,-34.0480388464784,50.1917121712009,-41.4398734304277,-43.7118975876189,38.8783703355462,-52.4634651554234,35.8831997771568,1,1280,-2.6002319101846,-1.00876641981578,-1.1909694489001,-0.805133303248055,-3.46342176837178e-19,2.81456475227293e-20,0,-3.98460180256184e-18,0.0019723351390061,-0.000199909276759138,1,-5.88792837051207e-21,3.24629739293204e-20,1,0.0144410819694883,-0.00741668693217576,-0.00741668693217576,0.0110534261280014,-0.00211563498216453,-0.00256145906364692,-0.00256145906364692,0.00179796924916267,1,0,0,1,0.0144411276706514,-0.00741683178934239,-0.00741683178934239,0.0110535049117411,-0.00211561664831998,-0.00256150909214425,-0.00256150909214425,0.0017979493642159,10.4726579130129,-23.8241906944188,-6.60642424484247,-2.47029473488068,-6.60642424484247,-2.47029473488068,-5.17610735494388,5.26296237843705,2.60208521396521e-18,-1.1549231545629e-18,-1.68662456753762e-19,0,0,0,0.0144410819694882,0.0110534261280014,-0.00741668693217575,-0.00211563498216453,0.00179796924916267,-0.00256145906364692,5.41381859360297e-12,3.06406244636569e-09,1.09958380033757e-11,3.24629739293204e-20,6.93889390390723e-18,3.69979140856729e-13
NC_k0061,-0.00427631578947369,-0.00427631578947369,0.196108329923539,48.7495301257571,-35.9936227975276,49.17043950439,-39.0840831192105,-45.6717833178152,37.8465418190011,-49.2997541124723,36.5134763858071,1,1280,-1.06708694982596,-0.415892176572163,-0.48938311171138,-0.325423183114132,2.53992755401553e-18,1.68502977349707e-18,0,9.51921103287249e-19,0.00197172038849403,-0.000199594723823944,1,4.14598971392414e-20,7.89063116120771e-20,1,0.0144410819694882,-0.00741668693217575,-0.00741668693217575,0.0110534261280013,-0.00211563498216453,-0.00256145906364692,-0.00256145906364692,0.00179796924916267,1,0,0,1,0.0144411276706514,-0.00741683178934239,-0.00741683178934239,0.0110535049117411,-0.00211561664831998,-0.00256150909214425,-0.00256150909214425,0.0017979493642159,10.4689375850555,-23.805211320603,-6.57655201003284,-2.46683934952628,-6.57655201003284,-2.46683934952628,-5.19406700660879,5.24602529030745,1.73472347597681e-18,1.12208577342957e-18,-2.25644484501982e-19,0,0,0,0.0144410819694882,0.0110534261280014,-0.00741668693217575,-0.00211563498216453,0.00179796924916267,-0.00256145906364692,5.35631156983732e-12,1.80864745259673e-09,3.62277033900438e-12,7.89063116120771e-20,8.67361737988404e-18,5.24941648315016e-13
NC_k0061,0.00197368421052631,0.00197368421052631,0.19607804055635,48.95750976381,-38.2209789303129,48.7696509991369,-36.7886621049753,-48.2294270033251,36.8350252486471,-46.5500503708246,37.4584392199433,1,1280,0.493134566262299,0.192324964814455,0.226201645255328,0.15002648673426,3.65649813105084e-18,-7.03813862021103e-20,0,2.0548473361185e-18,0.00197162604084617,-0.000199551563931049,1,3.3323544767167e-19,1.78135961500322e-20,1,0.0144410819694882,-0.00741668693217576,-0.00741668693217576,0.0110534261280014,-0.00211563498216453,-0.00256145906364692,-0.00256145906364692,0.00179796924916267,1,0,0,1,0.0144411276706514,-0.00741683178934239,-0.00741683178934239,0.0110535049117411,-0.00211561664831998,-0.00256150909214425,-0.00256150909214425,0.0017979493642159,10.4686297011571,-23.8028500321453,-6.57183521898958,-2.46629559774875,-6.57183521898958,-2.46629559774875,-5.19671864966608,5.24320674679918,3.46944695195361e-18,4.59709133798085e-19,-7.80737349345999e-20,0,0,0,0.0144410819694882,0.0110534261280014,-0.00741668693217575,-0.00211563498216453,0.00179796924916267,-0.00256145906364692,1.03560833004606e-11,3.85203431123901e-09,3.89128462427338e-12,3.3323544767167e-19,6.07153216591882e-18,7.20508423496563e-14
NC_k0061,0.00822368421052631,0.00822368421052631,0.196219422463761,49.7369418952239,-40.5781543798626,48.8344835403764,-34.7241921302418,-51.2616665188467,36.0677029988588,-44.3588707859976,38.51175912398,1,1280,2.04182681811588,0.793862851537283,0.93577759098553,0.627669608043077,4.36390299090619e-19,7.44188547719817e-20,0,1.49997954430161e-18,0.00197204761217611,-0.000199754091339123,1,1.39008856975414e-20,-1.25883280264472e-20,1,0.0144410819694882,-0.00741668693217575,-0.00741668693217575,0.0110534261280014,-0.00211563498216453,-0.00256145906364692,-0.00256145906364692,0.00179796924916267,1,0,0,1,0.0144411276706514,-0.00741683178934239,-0.00741683178934239,0.0110535049117411,-0.00211561664831998,-0.00256150909214425,-0.00256150909214425,0.0017979493642159,10.4705387224445,-23.8145394170121,-6.59259211877618,-2.46868268390538,-6.59259211877618,-2.46868268390538,-5.18467598183427,5.25530712454171,1.0842021724855e-18,2.7196853369275e-19,-4.33543751168541e-20,0,0,0,0.0144410819694882,0.0110534261280014,-0.00741668693217575,-0.00211563498216453,0.00179796924916267,-0.00256145906364692,3.95462141375425e-12,3.33074387194411e-09,3.16697274260945e-12,1.39008856975414e-20,5.20417042793042e-18,3.03413948262534e-13
NC_k0061,0.0144736842105263,0.0144736842105263,0.196611020397538,51.1973862120596,-42.8618961599279,49.1595853880725,-33.019974402872,-54.5825998800896,35.7217997082944,-42.8183402214709,39.4223110364964,1,1280,3.52538637928269,1.35992970581927,1.61215430808362,1.11096352292767,2.46407178312196e-19,3.86888916103302e-19,0,5.42521293993929e-19,0.00197299339198777,-0.00020031819625567,1,-5.62726297016097e-20,1.01492200814255e-19,1,0.0144410819694883,-0.00741668693217575,-0.00741668693217575,0.0110534261280014,-0.00211563498216453,-0.00256145906364692,-0.00256145906364692,0.00179796924916267,1,0,0,1,0.0144411276706514,-0.00741683178934239,-0.00741683178934239,0.0110535049117411,-0.00211561664831998,-0.00256150909214425,-0.00256150909214425,0.0017979493642159,10.4808439153015,-23.8524923120476,-6.63761170804223,-2.47405347880086,-6.63761170804223,-2.47405347880086,-5.1558977086495,5.27926451681724,1.73472347597681e-18,4.07831171708893e-19,8.0933621893964e-20,0,0,0,0.0144410819694882,0.0110534261280014,-0.00741668693217575,-0.00211563498216453,0.00179796924916267,-0.00256145906364692,5.81850566040596e-12,2.64639061190789e-09,6.2440908771186e-12,1.01492200814255e-19,3.46944695195361e-18,2.55941190322846e-13
NC_k0062,-0.0167763157894737,-0.0167763157894737,0.701560718046146,29.776075795862,-88.7435749788466,31.2956117007579,-113.058713992204,-28.2449415685539,97.8152327442222,-32.6472306956426,102.888402361363,1,1280,-9.00010870204201,0.995838432141388,-2.6414091890671,-1.97919298175694,1.00392594839846e-18,-1.96617522881404e-18,0,-1.89041871959399e-18,-0.00021756197813047,-0.000155474333695075,1,-5.49821464785963e-20,-1.10521726347652e-19,1,0.000514545245127714,-0.016965264742165,-0.016965264742165,-0.00641988876246026,-0.0042889722130167,0.00241466856620863,0.00241466856620863,0.00681719566742371,1,0,-5.42101086242752e-20,1,0.000514496968244088,-0.016965596094992,-0.016965596094992,-0.00641986932026178,-0.00428891181126081,0.00241471572770406,0.00241471572770406,0.0068171476105089,4.44857426934724,-53.4373836952112,-16.5702111607658,-3.99410338373091,-16.5702111607658,-3.99410338373091,10.0676082115504,14.9267660317651,3.03576608295941e-18,6.05232239863189e-21,-7.10528093772912e-19,0,0,0,0.000514545245127712,-0.00641988876246026,-0.016965264742165,-0.00428897221301671,0.00681719566742371,0.00241466856620863,8.45881041718122e-13,4.78991293899968e-09,6.83933185417082e-12,1.10521726347652e-19,6.93889390390723e-18,1.36095390836126e-14
NC_k0062,-0.0105263157894737,-0.0105263157894737,0.699969506725314,29.3477581756717,-93.1186571111343,29.8288275596796,-108.67645781617,-28.1347035901493,99.0975308662926,-30.8900094087711,101.605018914001,1,1280,-5.7311659022565,0.57300359327078,-1.70219356196537,-1.23502874225978,5.54667614108658e-19,2.15853111717958e-18,0,3.38275842375806e-18,-0.000218361885240435,-0.000154697373480711,1,-1.23599130825246e-19,-1.42242923433075e-19,1,0.000514545245127711,-0.016965264742165,-0.016965264742165,-0.00641988876246026,-0.00428897221301671,0.00241466856620863,0.00241466856620863,0.00681719566742371,1,0,-5.42101086242752e-20,1,0.000514496968244088,-0.016965596094992,-0.016965596094992,-0.00641986932026178,-0.00428891181126081,0.00241471572770406,0.00241471572770406,0.0068171476105089,4.35724012632838,-53.4078818387429,-16.468128173545,-3.98497460834812,-16.468128173545,-3.98497460834812,10.0201054087796,14.8807120712993,1.73472347597681e-18,3.53733152288424e-19,-2.25719649428902e-19,0,0,0,0.000514545245127712,-0.00641988876246026,-0.016965264742165,-0.00428897221301671,0.00681719566742371,0.00241466856620863,1.82713670252357e-12,2.83292644486792e-09,9.12525362699419e-12,1.42242923433075e-19,2.60208521396521e-18,1.29267311843712e-13
NC_k0062,-0.00427631578947369,-0.00427631578947369,0.699281367035145,28.9421724066572,-97.6741796566584,29.0378715180822,-104.052428316643,-28.3579265769817,99.8845806471738,-29.4834533552318,100.752393363343,1,1280,-2.33791892520907,0.221572994988706,-0.698394156972729,-0.498653892055593,1.63880361214516e-18,1.25471056651229e-18,0,-9.43336622890174e-19,-0.000218770793254116,-0.000154506130961049,1,6.01906429496835e-20,-2.72192874091826e-20,1,0.000514545245127714,-0.016965264742165,-0.016965264742165,-0.00641988876246026,-0.00428897221301671,0.00241466856620863,0.00241466856620863,0.00681719566742371,1,0,-5.42101086242752e-20,1,0.000514496968244088,-0.016965596094992,-0.016965596094992,-0.00641986932026178,-0.00428891181126081,0.00241471572770406,0.00241471572770406,0.0068171476105089,4.31048010609843,-53.4143486986116,-16.4114498597106,-3.98100188255571,-16.4114498597106,-3.98100188255571,9.99946502213933,14.8526179761442,3.90312782094782e-18,-3.50509304585177e-19,4.64309838689812e-20,0,0,0,0.000514545245127712,-0.00641988876246026,-0.016965264742165,-0.00428897221301671,0.00681719566742371,0.00241466856620863,1.71140783168466e-12,1.91755060967245e-09,1.60018317270476e-11,6.01906429496835e-20,1.04083408558608e-17,1.11136397146208e-15
NC_k0062,0.00197368421052631,0.00197368421052631,0.699181452563642,28.910440643302,-102.328357216394,28.8731031938497,-99.3808997045157,-29.0835951171529,100.505129678354,-28.5636210200796,100.115135945067,1,1280,1.07947666727592,-0.101475967341563,0.322740230978336,0.229839328246487,1.68020234744221e-18,1.17187669997122e-18,0,1.18958696775823e-17,-0.000218831153973276,-0.000154489966282722,1,1.18712982568645e-19,-2.20850379069049e-20,1,0.000514545245127714,-0.016965264742165,-0.016965264742165,-0.00641988876246026,-0.00428897221301671,0.00241466856620863,0.00241466856620863,0.00681719566742371,1,0,-5.42101086242752e-20,1,0.000514496968244088,-0.016965596094992,-0.016965596094992,-0.00641986932026178,-0.00428891181126081,0.00241471572770406,0.00241471572770406,0.0068171476105089,4.30339564647855,-53.4164866576646,-16.4024696951088,-3.9804296856318,-16.4024696951088,-3.9804296856318,9.99655953058917,14.8478826797082,3.90312782094782e-18,-2.63093438130192e-19,-1.59058992776502e-19,0,0,0,0.000514545245127712,-0.00641988876246026,-0.016965264742165,-0.00428897221301671,0.00681719566742371,0.00241466856620863,9.6768647044318e-12,3.88140554822937e-09,1.2508590465107e-12,1.18712982568645e-19,1.04083408558608e-17,3.17577939333023e-15
NC_k0062,0.00822368421052631,0.00822368421052631,0.699639123199661,29.4592612924748,-106.990022191671,29.173984085496,-94.7826348567983,-30.3217195610321,101.252099424146,-28.164889292467,99.4289537041467,1,1280,4.48762219897157,-0.437570088309661,1.33651719651845,0.962376783429207,-2.30029002183646e-19,-3.60663981962921e-19,0,1.20332941558294e-18,-0.000218555808708197,-0.000154588553912354,1,2.31137335600794e-19,3.32302321641245e-20,1,0.000514545245127714,-0.016965264742165,-0.016965264742165,-0.00641988876246025,-0.00428897221301671,0.00241466856620863,0.00241466856620863,0.00681719566742371,1,0,-5.42101086242752e-20,1,0.000514496968244088,-0.016965596094992,-0.016965596094992,-0.00641986932026178,-0.00428891181126081,0.00241471572770406,0.00241471572770406,0.0068171476105089,4.3351660798541,-53.4093953031651,-16.4419162774175,-3.9830619121833,-16.4419162774175,-3.9830619121833,10.0100671363267,14.8680869947687,3.46944695195361e-18,-3.37584105822406e-19,6.91877442631567e-20,0,0,0,0.000514545245127712,-0.00641988876246026,-0.016965264742165,-0.00428897221301671,0.00681719566742371,0.00241466856620863,2.62010447082472e-12,2.59941375573014e-09,4.0505258926657e-12,2.31137335600794e-19,1.04083408558608e-17,5.18900268744437e-14
NC_k0062,0.0144736842105263,0.0144736842105263,0.700819359940573,30.6807368043984,-111.485248287501,29.6438296638123,-90.3225356480594,-31.971241637435,102.352042000806,-28.183104743327,98.3598046270527,1,1280,7.82315797280415,-0.829331856629633,2.30796261833766,1.70531779276307,1.03340004798495e-18,-2.71620305127303e-18,0,3.23241669306532e-18,-0.000217902482543807,-0.00015507697997741,1,1.9081435024183e-19,-1.94531849669356e-20,1,0.000514545245127717,-0.016965264742165,-0.016965264742165,-0.00641988876246025,-0.00428897221301671,0.00241466856620863,0.00241466856620863,0.00681719566742371,1,0,-5.42101086242752e-20,1,0.000514496968244088,-0.016965596094992,-0.016965596094992,-0.00641986932026178,-0.00428891181126081,0.00241471572770406,0.00241471572770406,0.0068171476105089,4.40929200683588,-53.4168224678092,-16.5272227129202,-3.98983309012705,-16.5272227129202,-3.98983309012705,10.0459489635918,14.9076108057129,4.33680868994202e-18,-6.26282251219799e-19,4.33673597519239e-19,0,0,0,0.000514545245127712,-0.00641988876246026,-0.016965264742165,-0.00428897221301671,0.00681719566742371,0.00241466856620863,1.00685814379473e-12,3.01723807294853e-09,1.97665554370759e-11,1.9081435024183e-19,1.04083408558608e-17,4.00797182963072e-14
NC_k0063,-0.0167763157894737,-0.0167763157894737,0.403514841624848,78.6614480247851,-6.5849826857469,84.0663703186061,-23.1064906079454,-71.7304312747346,10.885086327694,-87.391376287147,18.4510391873676,1,1280,-3.97625208442047,5.13550220098904,0.382552538467638,-1.45020221680715,2.48592093182194e-18,3.28263317369219e-18,0,-9.20900175955286e-20,0.00153809486128763,0.000359652597903856,1,2.82810276623924e-20,-4.46666163000942e-19,1,0.0132846561620654,-0.0098562838037297,-0.0098562838037297,-0.00177196758404015,0.00616208488741966,0.00847158768275763,0.00847158768275763,0.0036732306067995,1,0,0,1,0.0132846107505446,-0.00985647630927274,-0.00985647630927274,-0.00177186595821967,0.00616209674681159,0.00847175314345456,0.00847175314345456,0.00367326677140901,15.1237360400757,-33.408842018697,-2.85096977764208,-5.85760006565084,-2.85096977764208,-5.85760006565084,34.9658137123303,2.5385579439149,3.03576608295941e-18,-6.05122125327659e-19,3.49492092974549e-20,0,0,0,0.0132846561620654,-0.00177196758404015,-0.0098562838037297,0.00616208488741966,0.0036732306067995,0.00847158768275763,2.23748054436672e-12,6.27304937784903e-09,6.38833454267437e-12,4.46666163000942e-19,6.93889390390723e-18,4.58104918410776e-14
NC_k0063,-0.0105263157894737,-0.0105263157894737,0.402438016945222,78.4729722637668,-9.89555929693351,81.7361905502508,-20.6375509241522,-73.2224810688686,12.819413493916,-83.3802153735972,17.3870093603593,1,1280,-2.51996996425742,3.25789295856066,0.24351458812008,-0.909386782678192,7.88687762747873e-19,5.15531383223059e-18,0,4.87767727707207e-19,0.00153615530344917,0.000360741922576744,1,2.43036691002462e-21,-2.11534551059121e-19,1,0.0132846561620654,-0.0098562838037297,-0.0098562838037297,-0.00177196758404015,0.00616208488741966,0.00847158768275763,0.00847158768275763,0.0036732306067995,1,0,0,1,0.0132846107505446,-0.00985647630927274,-0.00985647630927274,-0.00177186595821967,0.00616209674681159,0.00847175314345456,0.00847175314345456,0.00367326677140901,15.0616550927097,-33.3397316087051,-2.80508884623031,-5.82791622506248,-2.80508884623031,-5.82791622506248,34.8783838269875,2.55585555013251,2.16840434497101e-18,-8.1469545296647e-20,5.81037188457687e-20,0,0,0,0.0132846561620654,-0.00177196758404015,-0.0098562838037297,0.00616208488741966,0.0036732306067995,0.00847158768275763,2.14241235055712e-12,6.21341491752237e-09,4.07977072712201e-12,2.11534551059121e-19,5.20417042793042e-18,1.17798322115147e-13
NC_k0063,-0.00427631578947369,-0.00427631578947369,0.402074924241599,78.7757894943038,-13.2903914919917,80.0659144825721,-17.7277961768805,-75.5191033836082,14.4494688563071,-79.7137610536057,16.2556224365851,1,1280,-1.02434838418618,1.32752643915968,0.100048758141271,-0.368516088788806,3.86199874653045e-19,4.38444436705772e-18,0,-7.96472359492609e-19,0.00153523472480372,0.000361215764217384,1,1.07166158452076e-19,-2.98897532132253e-19,1,0.0132846561620654,-0.0098562838037297,-0.0098562838037297,-0.00177196758404016,0.00616208488741966,0.00847158768275763,0.00847158768275763,0.0036732306067995,1,0,0,1,0.0132846107505446,-0.00985647630927274,-0.00985647630927274,-0.00177186595821967,0.00616209674681159,0.00847175314345456,0.00847175314345456,0.00367326677140901,15.039214126823,-33.3180143280315,-2.77880553812344,-5.81416496794346,-2.77880553812344,-5.81416496794346,34.8510772911408,2.56192267122852,2.60208521396521e-18,1.15246464342126e-19,9.74421855993557e-20,0,0,0,0.0132846561620654,-0.00177196758404015,-0.0098562838037297,0.00616208488741966,0.0036732306067995,0.00847158768275763,1.10789269897548e-11,3.3717301901371e-09,1.7676464234766e-11,2.98897532132253e-19,8.02309607639273e-18,7.48294463378747e-14
NC_k0063,0.00197368421052631,0.00197368421052631,0.402030241452239,79.6104209418599,-16.5737399420405,79.0175134319134,-14.5207439472425,-78.4798434257365,15.8067662600483,-76.5393120732581,14.9769373262528,1,1280,0.472646386812232,-0.612841786084757,-0.04626448175995,0.169987728091978,1.16168914354702e-18,5.2614907356579e-18,0,-8.29893764962202e-20,0.00153510249511612,0.000361281807152918,1,3.10119445512355e-19,-1.1062222492547e-19,1,0.0132846561620654,-0.0098562838037297,-0.0098562838037297,-0.00177196758404015,0.00616208488741966,0.00847158768275763,0.00847158768275763,0.0036732306067995,1,0,0,1,0.0132846107505446,-0.00985647630927274,-0.00985647630927274,-0.00177186595821967,0.00616209674681159,0.00847175314345456,0.00847175314345456,0.00367326677140901,15.0363248435226,-33.3154698082162,-2.77463342214223,-5.81214255486645,-2.77463342214223,-5.81214255486645,34.8479470453057,2.5625971733772,2.16840434497101e-18,-6.36774251304812e-19,4.01589619797188e-19,0,0,0,0.0132846561620654,-0.00177196758404015,-0.0098562838037297,0.00616208488741966,0.0036732306067995,0.00847158768275763,1.9135231542223e-11,4.3259907328483e-09,3.86926463157407e-12,3.10119445512355e-19,6.93889390390723e-18,1.20403190811723e-13
NC_k0063,0.00822368421052631,0.00822368421052631,0.402252270397058,81.0458803033911,-19.6092191828751,78.5271015358302,-11.1494026418545,-81.980948551227,16.9817234503884,-73.9830648767998,13.4558401282861,1,1280,1.97008788002089,-2.54945954442284,-0.191192649252647,0.709789279929471,8.25615586834077e-19,-6.46528337238387e-18,0,1.05392736206606e-18,0.00153571179180245,0.000360974341936362,1,4.15893247414726e-20,8.13827917000677e-20,1,0.0132846561620654,-0.0098562838037297,-0.0098562838037297,-0.00177196758404014,0.00616208488741966,0.00847158768275763,0.00847158768275763,0.0036732306067995,1,0,0,1,0.0132846107505446,-0.00985647630927274,-0.00985647630927274,-0.00177186595821967,0.00616209674681159,0.00847175314345456,0.00847175314345456,0.00367326677140901,15.050328706375,-33.3284703511545,-2.79296127950907,-5.82132108294383,-2.79296127950907,-5.82132108294383,34.8640798364348,2.55905826327927,2.60208521396521e-18,-1.40529758117369e-18,-8.25535375096519e-20,0,0,0,0.0132846561620654,-0.00177196758404015,-0.0098562838037297,0.00616208488741966,0.0036732306067995,0.00847158768275763,1.68807092549148e-12,3.19270771408329e-09,6.10403066780506e-12,8.13827917000677e-20,1.04083408558608e-17,6.9000420030524e-14
NC_k0063,0.0144736842105263,0.0144736842105263,0.402986370039908,83.1314414843416,-22.2572590828214,78.534448932476,-7.77697415839242,-85.8837208658465,18.0619030149736,-72.1758776401822,11.6279310326426,1,1280,3.45047324180489,-4.45555881088411,-0.331678237796171,1.25170386045996,1.37818712527053e-18,-6.72464750781109e-20,0,1.95399913019726e-18,0.00153724836305712,0.000360142919359339,1,4.55306487937659e-21,-2.32482988289536e-19,1,0.0132846561620654,-0.0098562838037297,-0.0098562838037297,-0.00177196758404014,0.00616208488741966,0.00847158768275763,0.00847158768275763,0.0036732306067995,1,0,0,1,0.0132846107505446,-0.00985647630927274,-0.00985647630927274,-0.00177186595821967,0.00616209674681159,0.00847175314345456,0.00847175314345456,0.00367326677140901,15.0938479265393,-33.3742586840095,-2.83201393178861,-5.84430675926272,-2.83201393178861,-5.84430675926272,34.9224497214715,2.54653517566352,2.60208521396521e-18,-8.82459698658483e-19,4.17854661519956e-19,0,0,0,0.0132846561620654,-0.00177196758404015,-0.0098562838037297,0.00616208488741966,0.0036732306067995,0.00847158768275763,1.70297566737595e-12,3.255954262545e-09,2.5777608052871e-12,2.32482988289536e-19,6.93889390390723e-18,1.10199560795588e-15
