LoadCase,zeta1,zeta2,ALLSE,RF_LEFT_x,RF_LEFT_y,RF_RIGHT_x,RF_RIGHT_y,RF_BOTTOM_x,RF_BOTTOM_y,RF_TOP_x,RF_TOP_y,Volume,nBndNodes,Savg_11,Savg_22,Savg_33,Savg_12,Eavg_11,Eavg_22,Eavg_33,Eavg_12,Uavg_1,Uavg_2,Fbar_11,Fbar_12,Fbar_21,Fbar_22,G111,G112,G121,G122,G211,G212,G221,G222,Fbar_11_int,Fbar_12_int,Fbar_21_int,Fbar_22_int,G111_int,G112_int,G121_int,G122_int,G211_int,G212_int,G221_int,G222_int,Q111,Q112,Q121,Q122,Q211,Q212,Q221,Q222,fitResidMax,c1_fit,c2_fit,H11,H22,H12,G1_11,G1_22,G1_12,G2_11,G2_22,G2_12,HillResid,QSymResid,ForceBalanceResid,KubcErrF,KubcErrG,EnergyConsistencyResid
NC_k0000,-0.0223684210526316,-0.0223684210526316,0.333576522077388,42.142751410121,-0.42177941702261,52.0327073403785,-4.52893799295471,-41.1136679946676,-3.80103363562105,-56.182788255435,11.690576032149,1,960,8.65114822374926,-1.69992048365898,2.29390515422976,-1.15018711090433,-2.50339264072028e-18,-8.65604806367341e-19,0,-1.1278243692691e-18,-0.00154281321684787,0.000841755961848927,1,7.43146438484881e-20,-4.51148326199739e-20,1,-0.00523340711650885,0.0100210450899222,0.0100210450899222,-0.0151659745678761,0.00104088811922811,-0.00481258406506862,-0.00481258406506862,0.00423543471264215,1,4.33680868994202e-19,0,1,-0.00523358187569543,0.0100213930428767,0.0100213930428767,-0.0151659768866555,0.00104093875037403,-0.00481275116868199,-0.00481275116868199,0.0042354298829097,5.05989197903312,35.8933671563462,3.16759632463678,-10.9221326706646,3.16759632463678,-10.9221326706646,-14.7952673309744,2.24128068534813,1.73472347597681e-18,-1.5879099043701e-19,-5.13769478348932e-20,0,0,0,-0.00523340711650885,-0.0151659745678761,0.0100210450899222,0.00104088811922811,0.00423543471264215,-0.00481258406506862,6.11298780083501e-13,1.13136930920377e-08,4.46528709420243e-12,7.43146438484881e-20,3.46944695195361e-18,5.19205580665369e-14
NC_k0000,-0.0140350877192982,-0.0140350877192982,0.331411760832492,45.0050524764095,-1.10223640160997,51.2730311847771,-3.42428229080932,-44.9327183768757,-1.33517459145855,-54.4334200732024,8.7761560676049,1,960,5.53324987977116,-1.04356047304601,1.48159750421932,-0.725947928137576,-1.68253830549206e-18,-3.52630403853806e-19,0,-2.82856064823733e-19,-0.00154092725495827,0.000839312664365145,1,1.0126073556109e-19,4.45826242735313e-20,1,-0.00523340711650885,0.0100210450899222,0.0100210450899222,-0.0151659745678761,0.00104088811922811,-0.00481258406506862,-0.00481258406506862,0.00423543471264215,1,4.33680868994202e-19,0,1,-0.00523358187569543,0.0100213930428767,0.0100213930428767,-0.0151659768866555,0.00104093875037403,-0.00481275116868199,-0.00481275116868199,0.0042354298829097,5.01327687645557,35.7812847310321,3.11632053270121,-10.7941921869766,3.11632053270121,-10.7941921869766,-14.7516525501672,2.21362652184016,2.60208521396521e-18,7.86084883552712e-19,1.32350032657946e-19,0,0,0,-0.00523340711650885,-0.0151659745678761,0.0100210450899222,0.00104088811922811,0.00423543471264215,-0.00481258406506862,7.05951976635239e-13,7.74021996885929e-09,9.04012938497966e-12,1.0126073556109e-19,3.46944695195361e-18,7.57095653259284e-14
NC_k0000,-0.00570175438596491,-0.00570175438596491,0.330397782909661,47.4820776163693,-1.70524243965965,50.0419882990257,-2.59231627286295,-48.3683377561081,1.50199998052001,-52.226777349608,5.69443498469463,1,960,2.26459533073048,-0.416461497490833,0.609884164969084,-0.295146425653296,-2.03330258988395e-18,1.24373636132554e-19,0,-1.29446817547403e-18,-0.0015400175876025,0.000838153440042877,1,-1.56136335291698e-20,1.43695690702592e-21,1,-0.00523340711650885,0.0100210450899222,0.0100210450899222,-0.0151659745678761,0.00104088811922811,-0.00481258406506862,-0.00481258406506862,0.00423543471264215,1,4.33680868994202e-19,0,1,-0.00523358187569543,0.0100213930428767,0.0100213930428767,-0.0151659768866555,0.00104093875037403,-0.00481275116868199,-0.00481275116868199,0.0042354298829097,4.98243545676655,35.7444825580321,3.08584845021489,-10.7245420846561,3.08584845021489,-10.7245420846561,-14.7378028261022,2.20764800867844,1.73472347597681e-18,6.52833035183899e-19,-3.82593790060114e-20,0,0,0,-0.00523340711650885,-0.0151659745678761,0.0100210450899222,0.00104088811922811,0.00423543471264215,-0.00481258406506862,4.53189207818621e-13,3.03356018180404e-09,7.02772841737076e-12,1.56136335291698e-20,3.46944695195361e-18,1.21809487606841e-13
NC_k0000,0.00263157894736842,0.00263157894736842,0.330248609543869,49.4518664719168,-2.33390800487723,48.2710899140304,-1.9288523908531,-51.2855499974893,4.54889220613098,-49.5054404802904,2.61062726377695,1,960,-1.04618875100443,0.191601866081541,-0.282013672024553,0.136219960945873,7.99056471726225e-20,-1.78136819071867e-18,0,-5.01556001337853e-19,-0.00153988420705442,0.000837986013868951,1,1.50866824432369e-20,-7.24626671286489e-21,1,-0.00523340711650885,0.0100210450899222,0.0100210450899222,-0.0151659745678761,0.00104088811922811,-0.00481258406506862,-0.00481258406506862,0.00423543471264215,1,4.33680868994202e-19,0,1,-0.00523358187569543,0.0100213930428767,0.0100213930428767,-0.0151659768866555,0.00104093875037403,-0.00481275116868199,-0.00481275116868199,0.0042354298829097,4.97724698765186,35.7400806877549,3.08093456099088,-10.7136420206315,3.08093456099088,-10.7136420206315,-14.7361792131313,2.20730581553512,2.60208521396521e-18,7.73992245922288e-19,-2.52805872833675e-19,0,0,0,-0.00523340711650885,-0.0151659745678761,0.0100210450899222,0.00104088811922811,0.00423543471264215,-0.00481258406506862,3.55602570302947e-12,6.56411115906089e-09,3.64394332945586e-12,1.50866824432369e-20,5.20417042793042e-18,1.11947259281667e-13
NC_k0000,0.0109649122807018,0.0109649122807018,0.330927404430986,50.8802588552267,-3.09087874020919,45.9708571439301,-1.32726521856858,-53.6780615283456,7.65089320075448,-46.254946215386,-0.323749294616846,1,960,-4.33900239277273,0.80896198604731,-1.16491333421937,0.567532691466076,-2.8483997480488e-18,-1.88619678974752e-18,0,8.79326078368371e-19,-0.00154049294018392,0.00083875528778368,1,1.15334684493246e-19,1.1757046296924e-20,1,-0.00523340711650885,0.0100210450899222,0.0100210450899222,-0.0151659745678761,0.00104088811922811,-0.00481258406506862,-0.00481258406506862,0.00423543471264214,1,4.33680868994202e-19,0,1,-0.00523358187569543,0.0100213930428767,0.0100213930428767,-0.0151659768866555,0.00104093875037403,-0.00481275116868199,-0.00481275116868199,0.0042354298829097,4.99941461074559,35.7623335662926,3.10236489888201,-10.7618020371645,3.10236489888201,-10.7618020371645,-14.744461639112,2.21002436257697,3.46944695195361e-18,-2.81919132240654e-19,3.7760080592819e-19,0,0,0,-0.00523340711650885,-0.0151659745678761,0.0100210450899222,0.00104088811922811,0.00423543471264215,-0.00481258406506862,1.26791544597639e-12,3.62885501030972e-09,3.35265240745735e-12,1.15334684493246e-19,1.04083408558608e-17,1.00143284724466e-13
NC_k0000,0.0192982456140351,0.0192982456140351,0.332609871459006,51.7975684897827,-4.08609282198087,43.2257634289871,-0.68836625736781,-55.5856836469232,10.6496472704097,-42.546076697985,-2.94586633805894,1,960,-7.53147834921663,1.45629007194401,-2.00481213149996,0.995527470101148,2.81628528794704e-18,3.85966775156428e-18,0,-2.41774966881899e-19,-0.00154198289926978,0.000840682018318053,1,1.52594402727095e-19,2.22978208849537e-20,1,-0.00523340711650885,0.0100210450899222,0.0100210450899222,-0.0151659745678761,0.00104088811922811,-0.00481258406506862,-0.00481258406506862,0.00423543471264214,1,4.33680868994202e-19,0,1,-0.00523358187569543,0.0100213930428767,0.0100213930428767,-0.0151659768866555,0.00104093875037403,-0.00481275116868199,-0.00481275116868199,0.0042354298829097,5.0417800825301,35.8381120670113,3.14672481816612,-10.868129803229,3.14672481816612,-10.868129803229,-14.7735632509212,2.22707929335265,2.60208521396521e-18,3.07701723883408e-19,1.24015681612883e-19,0,0,0,-0.00523340711650885,-0.0151659745678761,0.0100210450899222,0.00104088811922811,0.00423543471264215,-0.00481258406506862,7.31512524094678e-13,4.37975305707569e-09,5.39829928478128e-12,1.52594402727095e-19,5.20417042793042e-18,3.87197981501853e-14
NC_k0001,-0.0223684210526316,-0.0223684210526316,0.216989409555751,116.552148155689,22.9671827515492,133.260398150531,17.7705906372687,-106.346888404934,-26.0613102320063,-139.04651618012,-17.2753074105596,1,960,1.56719172345438,2.36070766277593,1.29620679745601,-2.17316508968042,-3.58850802060205e-19,-8.72973331263963e-20,0,-4.29525113596735e-19,0.0016177002653063,-0.00121149305056538,1,3.16908448619399e-20,7.22550368575993e-20,1,0.0167936705423597,-0.000560010168439072,-0.000560010168439072,-0.00184734565890285,-0.00691428473759986,0.00121998686912674,0.00121998686912674,-0.00805919542814356,1,5.42101086242752e-20,0,1,0.0167935735991847,-0.000560029613236588,-0.000560029613236588,-0.00184711897332435,-0.00691435966512393,0.00122002922978192,0.00122002922978192,-0.00805925047874593,21.8311970488596,-3.80972027534227,-0.236252212757937,-12.4045114826619,-0.236252212757937,-12.4045114826619,12.3667823195509,-5.03576270391838,1.0842021724855e-18,-3.7094954304475e-19,2.23072892161098e-19,0,0,0,0.0167936705423597,-0.00184734565890285,-0.000560010168439073,-0.00691428473759986,-0.00805919542814356,0.00121998686912674,3.94048650131916e-12,3.67430554565496e-09,4.13775452038105e-12,7.22550368575993e-20,6.93889390390723e-18,1.98263787584396e-14
NC_k0001,-0.0140350877192982,-0.0140350877192982,0.216750570731618,119.154479426316,21.4441950029097,129.527570196772,18.1863046241246,-111.699410185356,-23.8607696293143,-132.559469607514,-18.3527028996573,1,960,0.976515761566503,1.55437814472535,0.83519498907631,-1.36676253234777,5.98124374769744e-19,-1.56476102115431e-19,0,-5.24154575672802e-19,0.00161464359855272,-0.0012096964835024,1,-2.52330477124164e-20,-9.66629639469178e-20,1,0.0167936705423597,-0.000560010168439072,-0.000560010168439072,-0.00184734565890285,-0.00691428473759986,0.00121998686912674,0.00121998686912674,-0.00805919542814356,1,5.42101086242752e-20,0,1,0.0167935735991847,-0.000560029613236588,-0.000560029613236588,-0.00184711897332435,-0.00691435966512393,0.00122002922978192,0.00122002922978192,-0.00805925047874593,21.8039018594481,-3.74049850530582,-0.197624267460656,-12.3177441378421,-0.197624267460656,-12.3177441378421,12.2423090166903,-5.09960047459097,1.30104260698261e-18,-3.74189510978743e-20,3.12551167607321e-19,0,0,0,0.0167936705423597,-0.00184734565890285,-0.000560010168439073,-0.00691428473759986,-0.00805919542814356,0.00121998686912674,1.79092405628039e-12,4.40910471822428e-09,8.43866698983641e-12,9.66629639469178e-20,2.60208521396521e-18,2.95802587535009e-14
NC_k0001,-0.00570175438596491,-0.00570175438596491,0.216760438901205,121.975536684657,20.1867615324387,126.1515300457,18.864985906717,-117.58354003863,-21.9290468029186,-126.11807387755,-19.69657283673,1,960,0.396062089738417,0.646525058114449,0.344053758791443,-0.554672393971314,2.03810685488166e-19,-7.46186395694285e-19,0,-1.77082825535352e-19,0.00161301638024378,-0.00120874462887126,1,8.21848327252847e-20,4.10573421652522e-20,1,0.0167936705423597,-0.000560010168439073,-0.000560010168439073,-0.00184734565890285,-0.00691428473759986,0.00121998686912674,0.00121998686912674,-0.00805919542814356,1,5.42101086242752e-20,0,1,0.0167935735991847,-0.000560029613236588,-0.000560029613236588,-0.00184711897332435,-0.00691435966512393,0.00122002922978192,0.00122002922978192,-0.00805925047874593,21.8018099373983,-3.70901651082729,-0.176474693950796,-12.2731031728677,-0.176474693950796,-12.2731031728677,12.1897666692504,-5.13963968399421,1.0842021724855e-18,-7.71435748316901e-19,1.47213341915342e-19,0,0,0,0.0167936705423597,-0.00184734565890285,-0.000560010168439073,-0.00691428473759986,-0.00805919542814356,0.00121998686912674,7.08119680441696e-12,3.87129264618755e-09,9.36750391259794e-12,8.21848327252847e-20,3.46944695195361e-18,1.07943822048817e-13
NC_k0001,0.00263157894736842,0.00263157894736842,0.216768621305791,124.983903504799,19.1762123464458,123.058071839639,19.7863951064852,-123.779771247683,-20.2517759063265,-119.836674640476,-21.2835549953633,1,960,-0.18281987015895,-0.299398448129235,-0.159132045035103,0.255922256449295,-6.95023620446656e-19,-1.34995214224164e-18,0,-8.22452448171675e-19,0.00161276811584946,-0.00120859797441128,1,-1.50512165747867e-20,6.56991392633783e-20,1,0.0167936705423597,-0.000560010168439073,-0.000560010168439073,-0.00184734565890285,-0.00691428473759986,0.00121998686912674,0.00121998686912674,-0.00805919542814356,1,5.42101086242752e-20,0,1,0.0167935735991847,-0.000560029613236588,-0.000560029613236588,-0.00184711897332435,-0.00691435966512393,0.00122002922978192,0.00122002922978192,-0.00805925047874593,21.8020711721596,-3.7045180957143,-0.173198822994567,-12.266226662346,-0.173198822994567,-12.266226662346,12.1825383988454,-5.14610601077763,6.50521303491303e-19,-3.4408983744635e-20,3.52374230364548e-20,0,0,0,0.0167936705423597,-0.00184734565890285,-0.000560010168439073,-0.00691428473759986,-0.00805919542814356,0.00121998686912674,1.1754834584069e-11,3.73377304861662e-09,6.53480211077987e-12,6.56991392633783e-20,8.67361737988404e-19,1.79259367097531e-14
NC_k0001,0.0109649122807018,0.0109649122807018,0.216745932042405,128.246669580683,18.4074224610201,120.175409542185,20.9515479443683,-130.175230336889,-18.819407561755,-113.821817310543,-23.1197067582257,1,960,-0.762172577536356,-1.22810540789933,-0.65679173519379,1.06755668931625,-4.8887035946374e-18,-8.53609033124097e-19,0,7.9196918823787e-19,0.00161387790918818,-0.00120924914660351,1,1.9551717270135e-20,-3.47852136178094e-20,1,0.0167936705423597,-0.000560010168439073,-0.000560010168439073,-0.00184734565890285,-0.00691428473759985,0.00121998686912674,0.00121998686912674,-0.00805919542814356,1,5.42101086242752e-20,0,1,0.0167935735991847,-0.000560029613236588,-0.000560029613236588,-0.00184711897332435,-0.00691435966512393,0.00122002922978192,0.00122002922978192,-0.00805925047874593,21.802110259516,-3.7252541254903,-0.187758622029358,-12.2968033895481,-0.187758622029358,-12.2968033895481,12.216473110393,-5.1179326826573,1.30104260698261e-18,-1.7796404340879e-19,-4.69094585445188e-19,0,0,0,0.0167936705423597,-0.00184734565890285,-0.000560010168439073,-0.00691428473759986,-0.00805919542814356,0.00121998686912674,5.18198224747006e-12,3.31502685411567e-09,4.01218907571959e-12,3.47852136178094e-20,5.20417042793042e-18,5.19906583425089e-14
NC_k0001,0.0192982456140351,0.0192982456140351,0.216838432096867,131.83786997781,17.8906704248884,117.473805185287,22.3737130897143,-136.657985688392,-17.638453427432,-108.231636028662,-25.218340566729,1,960,-1.34726930957008,-2.07988062559681,-1.13095947860507,1.87813474099821,4.41985762344234e-19,-1.73752596389214e-19,0,-7.37759079613595e-19,0.00161641743822582,-0.00121073392637578,1,3.17751874706866e-20,-1.06969622968288e-19,1,0.0167936705423597,-0.000560010168439073,-0.000560010168439073,-0.00184734565890285,-0.00691428473759985,0.00121998686912674,0.00121998686912674,-0.00805919542814356,1,5.42101086242752e-20,0,1,0.0167935735991847,-0.000560029613236588,-0.000560029613236588,-0.00184711897332435,-0.00691435966512393,0.00122002922978192,0.00122002922978192,-0.00805925047874593,21.8150054544487,-3.77880707355254,-0.220086225645265,-12.3669185439058,-0.220086225645265,-12.3669185439058,12.3100308627599,-5.06069378256663,1.73472347597681e-18,-3.6933182951416e-19,-1.27445217149529e-19,0,0,0,0.0167936705423597,-0.00184734565890285,-0.000560010168439073,-0.00691428473759986,-0.00805919542814356,0.00121998686912674,3.9930822258743e-12,3.30702336184504e-09,3.5955668082282e-12,1.06969622968288e-19,5.20417042793042e-18,1.13153044905135e-13
NC_k0002,-0.0223684210526316,-0.0223684210526316,0.695146333631836,-100.039553343735,46.2195292340088,-94.8966990471809,60.0122855117411,85.7649987502294,-55.8095204982638,110.095949221298,-50.8618690814961,1,960,6.85902450112315,11.9133258769015,6.19487562474812,2.9906510980685,-1.86295322132993e-18,-4.59171266750636e-19,0,-2.92263424494176e-18,-2.97273158750107e-05,-0.000479269825660854,1,2.9891779931309e-20,5.03063460704802e-20,1,-0.0072609762275046,0.00798862637180394,0.00798862637180394,0.00271554906894998,-0.00216661494335417,0.0151594699561672,0.0151594699561672,-0.00644841969049436,1,3.3881317890172e-20,0,1,-0.007260909354139,0.00798890375466408,0.00798890375466408,0.00271544273875141,-0.00216668950344154,0.0151599963266518,0.0151599963266518,-0.00644841991369376,-14.5437045430403,24.8170477310351,6.8833485055607,15.0733732947953,6.8833485055607,15.0733732947953,47.6165588594312,-8.54216753914694,4.33680868994202e-18,-1.12726030674623e-19,-2.13984823334771e-19,0,0,0,-0.0072609762275046,0.00271554906894998,0.00798862637180394,-0.00216661494335417,-0.00644841969049437,0.0151594699561672,8.32611874610356e-13,6.95428026283786e-09,1.79777007982321e-12,5.03063460704802e-20,1.21430643318376e-17,6.51619626159126e-14
NC_k0002,-0.0140350877192982,-0.0140350877192982,0.693278181175384,-98.7670841035639,47.2656684230776,-94.2886674148085,56.2532074135306,89.0933263993652,-54.0640901682804,104.892147417448,-49.8652145521152,1,960,4.45768114650071,7.6529355902229,3.99650352311872,1.86436845284234,-3.68632520411435e-18,9.81737655647336e-18,0,-8.7556736966493e-19,-2.99152381645334e-05,-0.000478366406036697,1,6.32076708246731e-21,-1.006339142576e-19,1,-0.0072609762275046,0.00798862637180394,0.00798862637180394,0.00271554906894999,-0.00216661494335417,0.0151594699561672,0.0151594699561672,-0.00644841969049436,1,3.3881317890172e-20,0,1,-0.007260909354139,0.00798890375466408,0.00798890375466408,0.00271544273875141,-0.00216668950344154,0.0151599963266518,0.0151599963266518,-0.00644841991369376,-14.4521595215718,24.838132621822,6.84817404857582,14.9511601189498,6.84817404857582,14.9511601189498,47.6024683206783,-8.44337186162971,3.46944695195361e-18,-3.92199049312743e-19,-1.03322058016102e-19,0,0,0,-0.0072609762275046,0.00271554906894998,0.00798862637180394,-0.00216661494335417,-0.00644841969049437,0.0151594699561672,1.28710356998999e-12,6.99148819419885e-09,8.28557472173943e-12,1.006339142576e-19,8.67361737988404e-18,9.97678800692698e-14
NC_k0002,-0.00570175438596491,-0.00570175438596491,0.692494759284403,-96.9601353281694,49.0212596833534,-94.8677170967238,52.7548971687262,93.1122778364922,-52.0563667952189,99.6483288562221,-50.1143954223819,1,960,1.83737215525933,3.13660947465784,1.64141393787267,0.752380363138981,2.66865009221858e-18,2.83795741999593e-19,0,8.50288730145309e-19,-2.97682857009529e-05,-0.000477754118829064,1,-3.83134220700935e-21,-2.92669519391073e-20,1,-0.0072609762275046,0.00798862637180394,0.00798862637180394,0.00271554906894998,-0.00216661494335417,0.0151594699561672,0.0151594699561672,-0.00644841969049436,1,3.3881317890172e-20,0,1,-0.007260909354139,0.00798890375466408,0.00798890375466408,0.00271544273875141,-0.00216668950344154,0.0151599963266518,0.0151599963266518,-0.00644841991369376,-14.4002570366892,24.8626493370459,6.82844847261337,14.883183217547,6.82844847261337,14.883183217547,47.6210095045376,-8.3911142652267,3.46944695195361e-18,1.1763340274544e-19,-2.32643398789995e-19,0,0,0,-0.0072609762275046,0.00271554906894998,0.00798862637180394,-0.00216661494335417,-0.00644841969049437,0.0151594699561672,2.05478774282445e-12,2.72468966315024e-09,3.18999677046744e-12,2.92669519391073e-20,8.67361737988404e-18,8.97804474986286e-15
NC_k0002,0.00263157894736842,0.00263157894736842,0.692381333267775,-95.3184108632646,51.6080110915003,-96.3035073114381,49.8794300347934,97.789778007748,-50.4828269365964,94.7650623776693,-51.396608008016,1,960,-0.849670788596639,-1.44926375587094,-0.758648399674314,-0.346752294373776,-6.34784192337481e-19,-8.73685368335249e-18,0,-2.3647439351666e-18,-2.97301411230161e-05,-0.000477652506551781,1,1.82576319076055e-20,-1.50892235091922e-20,1,-0.0072609762275046,0.00798862637180394,0.00798862637180394,0.00271554906894999,-0.00216661494335417,0.0151594699561672,0.0151594699561672,-0.00644841969049436,1,3.3881317890172e-20,0,1,-0.007260909354139,0.00798890375466408,0.00798890375466408,0.00271544273875141,-0.00216668950344154,0.0151599963266518,0.0151599963266518,-0.00644841991369376,-14.3918705521321,24.8670784645431,6.8252815387566,14.8724028542242,6.8252815387566,14.8724028542242,47.6251209987648,-8.38296753346966,2.60208521396521e-18,-1.06318435012334e-19,-4.32156017310664e-19,0,0,0,-0.0072609762275046,0.00271554906894998,0.00798862637180394,-0.00216661494335417,-0.00644841969049437,0.0151594699561672,5.06901916520354e-12,6.28822526356781e-09,4.94497200871906e-12,1.82576319076055e-20,8.67361737988404e-18,1.10640459264821e-14
NC_k0002,0.0109649122807018,0.0109649122807018,0.692900958567346,-94.3799539339302,54.9119686604801,-98.1250543554069,47.8181130319067,102.941789798739,-49.8202521586272,90.4934239962909,-53.3152834147617,1,960,-3.50763305192953,-6.00550254639924,-3.13933474744851,-1.45250875970697,1.02010725554122e-18,2.10612095356822e-18,0,-1.68682640978754e-18,-2.98682550169519e-05,-0.000478090407225157,1,3.64329077912293e-20,-1.59122918381989e-19,1,-0.0072609762275046,0.00798862637180394,0.00798862637180394,0.00271554906894999,-0.00216661494335417,0.0151594699561672,0.0151594699561672,-0.00644841969049436,1,3.3881317890172e-20,0,1,-0.007260909354139,0.00798890375466408,0.00798890375466408,0.00271544273875141,-0.00216668950344154,0.0151599963266518,0.0151599963266518,-0.00644841991369376,-14.428374459361,24.8487361930305,6.83911636831486,14.9197342659753,6.83911636831486,14.9197342659753,47.6093995991695,-8.4190174623855,3.46944695195361e-18,-3.46033795544304e-19,-7.01826409970465e-19,0,0,0,-0.0072609762275046,0.00271554906894998,0.00798862637180394,-0.00216661494335417,-0.00644841969049437,0.0151594699561672,9.47779367117408e-13,5.76572139532602e-09,4.72161139551432e-12,1.59122918381989e-19,8.67361737988404e-18,5.28753198557875e-15
NC_k0002,0.0192982456140351,0.0192982456140351,0.694264076855843,-94.518521832075,58.6248195383771,-99.674845928648,46.5385114740673,108.211218672246,-50.345647490442,86.9096304242275,-55.2450122674117,1,960,-6.01422933249493,-10.3933634823735,-5.41450562890652,-2.57582330340095,1.33352598963756e-18,2.5068204771787e-18,0,-5.58962335849033e-19,-2.98854350855308e-05,-0.000478928225946735,1,-1.15017210578159e-22,6.35753278776753e-20,1,-0.0072609762275046,0.00798862637180394,0.00798862637180394,0.00271554906894998,-0.00216661494335417,0.0151594699561672,0.0151594699561672,-0.00644841969049436,1,3.3881317890172e-20,0,1,-0.007260909354139,0.00798890375466408,0.00798890375466408,0.00271544273875141,-0.00216668950344154,0.0151599963266518,0.0151599963266518,-0.00644841991369376,-14.5049911788704,24.8210066605707,6.86840814413677,15.021885836619,6.86840814413677,15.021885836619,47.60111890597,-8.49973123584515,2.60208521396521e-18,2.6610901641225e-19,-2.53423576869644e-19,0,0,0,-0.0072609762275046,0.00271554906894998,0.00798862637180394,-0.00216661494335417,-0.00644841969049437,0.0151594699561672,3.91090771014714e-13,6.89482284449889e-09,4.92261225526585e-12,6.35753278776753e-20,5.20417042793042e-18,1.50318830822114e-14
NC_k0003,-0.0223684210526316,-0.0223684210526316,0.269789468398185,-89.0706940505082,4.981497361862,-102.901562449236,14.6912482267635,84.2862391982858,-2.62337341221726,105.167085346821,-13.0500980448315,1,960,3.14745798696054,-3.70165867272502,-0.182886226302279,2.22400284247953,1.85942591640285e-18,-1.19436567287501e-18,0,-8.74349759803252e-19,-0.000571252631907207,0.00170667650743056,1,1.1458449894264e-20,-1.15056371394046e-19,1,-0.0089034159467886,0.00659383141145556,0.00659383141145556,0.00818599167466987,0.011081958503288,-0.00383992549913756,-0.00383992549913756,0.00852556625629547,1,0,0,1,-0.00890327071505696,0.00659406036393512,0.00659406036393512,0.00818584021529697,0.0110820214144871,-0.00384005882988406,-0.00384005882988406,0.00852567354930438,-15.8632847020973,23.4134076638185,6.34061314224633,10.5560099290175,6.34061314224633,10.5560099290175,-19.4320189575506,1.33568639972396,1.51788304147971e-18,-5.96828451241245e-19,-3.26416367009814e-19,0,0,0,-0.00890341594678861,0.00818599167466987,0.00659383141145556,0.011081958503288,0.00852556625629547,-0.00383992549913756,2.51469807204416e-12,6.56062729364953e-09,5.01019080874266e-12,1.15056371394046e-19,6.93889390390723e-18,7.81877720917732e-15
NC_k0003,-0.0140350877192982,-0.0140350877192982,0.26845724766691,-91.1072749778856,7.72423105990713,-99.64179348242,13.7081374802041,87.5756420734204,-5.52688295567972,100.676772689055,-11.9124573526516,1,960,2.00997494832119,-2.37785475730826,-0.12140033696571,1.39508336135651,7.66204166518069e-19,8.25762889606597e-19,0,-1.67560322323642e-18,-0.000568472570206002,0.00170451537854999,1,2.48611840487328e-20,1.55188100414672e-19,1,-0.0089034159467886,0.00659383141145556,0.00659383141145556,0.00818599167466987,0.011081958503288,-0.00383992549913756,-0.00383992549913756,0.00852556625629547,1,0,0,1,-0.00890327071505696,0.00659406036393512,0.00659406036393512,0.00818584021529697,0.0110820214144871,-0.00384005882988406,-0.00384005882988406,0.00852567354930438,-15.7747920751401,23.3640842831869,6.25839360975468,10.5000222877908,6.25839360975468,10.5000222877908,-19.2938389504463,1.41496529982172,1.30104260698261e-18,-6.78499566179027e-19,-1.25891867178063e-19,0,0,0,-0.00890341594678861,0.00818599167466987,0.00659383141145556,0.011081958503288,0.00852556625629547,-0.00383992549913756,3.73931760646442e-12,9.85332592775886e-09,9.04015680838442e-12,1.55188100414672e-19,3.46944695195361e-18,5.8311499440826e-14
NC_k0003,-0.00570175438596491,-0.00570175438596491,0.267902067148061,-93.3105341118541,9.97261929859226,-96.7428438537989,12.3766735514966,91.1253929399676,-7.90089051382654,96.442283171298,-10.460654620329,1,960,0.819604732765277,-0.976024436488035,-0.0516185022285137,0.565033409876242,1.02485858097973e-18,4.78157439952989e-20,0,-2.31940782015379e-18,-0.000567012522935004,0.00170348561767733,1,-3.59580947444429e-20,-4.48945131793007e-20,1,-0.00890341594678861,0.00659383141145556,0.00659383141145556,0.00818599167466987,0.011081958503288,-0.00383992549913756,-0.00383992549913756,0.00852556625629547,1,0,0,1,-0.00890327071505696,0.00659406036393512,0.00659406036393512,0.00818584021529697,0.0110820214144871,-0.00384005882988406,-0.00384005882988406,0.00852567354930438,-15.736906112207,23.3542267154987,6.21280785881369,10.4723504149841,6.21280785881369,10.4723504149841,-19.2360241386799,1.46657298023423,1.30104260698261e-18,2.65404803970967e-19,-5.71523125475379e-19,0,0,0,-0.00890341594678861,0.00818599167466987,0.00659383141145556,0.011081958503288,0.00852556625629547,-0.00383992549913756,8.7356212031873e-12,5.25053487939176e-09,1.79126852697767e-12,4.48945131793007e-20,6.93889390390723e-18,8.10178897179849e-14
NC_k0003,0.00263157894736842,0.00263157894736842,0.26782470494319,-95.7624579498948,11.7985011084289,-94.1793024098488,10.6905617843806,94.9558618146052,-9.84152012187407,92.5022364426718,-8.6603458531986,1,960,-0.378328420956017,0.451086000035721,0.0240100010963023,-0.260609766886529,5.20864051196066e-19,-2.26527133060403e-19,0,-1.08867556523819e-18,-0.000566791372437968,0.00170333454556028,1,-2.1794353073315e-20,-4.00819776691174e-20,1,-0.00890341594678861,0.00659383141145556,0.00659383141145556,0.00818599167466987,0.011081958503288,-0.00383992549913756,-0.00383992549913756,0.00852556625629547,1,0,0,1,-0.00890327071505696,0.00659406036393512,0.00659406036393512,0.00818584021529697,0.0110820214144871,-0.00384005882988406,-0.00384005882988406,0.00852567354930438,-15.7315422150556,23.3536403215314,6.20563613682151,10.4681389472051,6.20563613682151,10.4681389472051,-19.2280450695852,1.47508958359202,1.0842021724855e-18,-5.63039107352243e-20,-9.07450882112039e-19,0,0,0,-0.00890341594678861,0.00818599167466987,0.00659383141145556,0.011081958503288,0.00852556625629547,-0.00383992549913756,7.73832974520942e-12,5.77052021679986e-09,7.4546160370768e-12,4.00819776691174e-20,5.20417042793042e-18,3.60644112957678e-14
NC_k0003,0.0109649122807018,0.0109649122807018,0.268185927576221,-98.5337079202559,13.2578375286527,-91.8975437929239,8.6067016643157,99.0841024635778,-11.4159550594624,88.8530024373352,-6.45784984744128,1,960,-1.57383631290157,1.86711306308009,0.0967813275588997,-1.08870305797994,1.46294253237455e-18,1.62213095971854e-18,0,-9.70051247953187e-19,-0.00056778354736546,0.00170402138816874,1,1.39227331756369e-19,6.50098889949445e-20,1,-0.0089034159467886,0.00659383141145556,0.00659383141145556,0.00818599167466987,0.011081958503288,-0.00383992549913756,-0.00383992549913756,0.00852556625629546,1,0,0,1,-0.00890327071505696,0.00659406036393512,0.00659406036393512,0.00818584021529697,0.0110820214144871,-0.00384005882988406,-0.00384005882988406,0.00852567354930438,-15.7563843181827,23.3582013228591,6.23726185610893,10.4869643920465,6.23726185610893,10.4869643920465,-19.2654514695103,1.43834439790352,1.51788304147971e-18,-5.65682628489e-20,6.33258607165332e-19,0,0,0,-0.00890341594678861,0.00818599167466987,0.00659383141145556,0.011081958503288,0.00852556625629547,-0.00383992549913756,3.88501012452066e-12,5.26065201362766e-09,2.38298027777609e-12,1.39227331756369e-19,5.20417042793042e-18,6.89268580461038e-14
NC_k0003,0.0192982456140351,0.0192982456140351,0.269171268552271,-101.657259516254,14.3700798669252,-89.8046570521075,6.05156525837861,103.48670947077,-12.6642111009352,85.4647522207533,-3.75990773644035,1,960,-2.74099487647633,3.22780633997189,0.16064778295354,-1.92031336757549,-1.08029787999425e-19,-1.90115883266738e-19,0,5.14625455016191e-19,-0.000570079768022743,0.00170572702400093,1,7.00652312573425e-20,1.69941881724089e-19,1,-0.00890341594678861,0.00659383141145556,0.00659383141145556,0.00818599167466987,0.011081958503288,-0.00383992549913756,-0.00383992549913756,0.00852556625629546,1,0,0,1,-0.00890327071505696,0.00659406036393512,0.00659406036393512,0.00818584021529697,0.0110820214144871,-0.00384005882988406,-0.00384005882988406,0.00852567354930438,-15.822534882033,23.3869675894842,6.30610701901937,10.5313013474311,6.30610701901937,10.5313013474311,-19.3685368201704,1.36639742287093,1.73472347597681e-18,2.39015206104011e-19,-3.44819982050374e-19,0,0,0,-0.00890341594678861,0.00818599167466987,0.00659383141145556,0.011081958503288,0.00852556625629547,-0.00383992549913756,2.54912594296894e-12,4.16045857429311e-09,2.43573214511426e-12,1.69941881724089e-19,1.73472347597681e-18,5.81568186359934e-14
NC_k0004,-0.0223684210526316,-0.0223684210526316,0.177475916998533,26.7039115106325,-17.5266087466196,31.3137487611534,-19.3683903610647,-29.2304475481826,14.4978681377602,-30.0394966123654,18.301356357282,1,960,-4.80379713838509,0.116021634233194,-1.5469659163701,-1.02627017321569,1.2244920043745e-19,9.41291832415943e-19,0,2.50577492088444e-18,-0.000870905374633594,-0.00181057970200319,1,-1.06480100805615e-19,6.7295803883302e-20,1,-0.00312662682058422,-0.00671160527592422,-0.00671160527592422,-0.0103971201687872,-0.012762173308884,0.000548361139259962,0.000548361139259962,-0.00859678335400791,1,0,0,1,-0.00312674862932418,-0.00671183831777409,-0.00671183831777409,-0.0103971157536843,-0.01276222985479,0.000548380179577298,0.000548380179577298,-0.00859691221571179,3.24495492080597,-23.3205895982931,-7.62664163042332,-5.70134730030451,-7.62664163042332,-5.70134730030451,3.33610992008774,-0.24182131111385,1.73472347597681e-18,1.04809141209773e-18,-2.96064930110892e-19,0,0,0,-0.00312662682058422,-0.0103971201687872,-0.00671160527592423,-0.012762173308884,-0.00859678335400792,0.000548361139259962,4.03626098952667e-12,6.07570613196896e-09,2.16862020714042e-11,1.06480100805615e-19,5.20417042793042e-18,2.31301784657659e-13
NC_k0004,-0.0140350877192982,-0.0140350877192982,0.177297014993886,27.5207361325957,-18.6593879670136,30.2458094732572,-19.4980850543173,-29.4585788093699,15.9461414729712,-29.599291741658,18.0963635173762,1,960,-3.06530870380411,0.0647034265813126,-0.990199741483512,-0.63859878557941,2.68674880402124e-19,-8.86458029609803e-19,0,3.47536294769459e-18,-0.000871694402943211,-0.00180913822430521,1,-6.01851546157031e-20,-9.94522851676081e-20,1,-0.00312662682058422,-0.00671160527592422,-0.00671160527592422,-0.0103971201687872,-0.012762173308884,0.000548361139259962,0.000548361139259962,-0.00859678335400792,1,0,0,1,-0.00312674862932418,-0.00671183831777409,-0.00671183831777409,-0.0103971157536843,-0.01276222985479,0.000548380179577298,0.000548380179577298,-0.00859691221571179,3.14861064475571,-23.3226228270907,-7.56480684612449,-5.6857454631368,-7.56480684612449,-5.6857454631368,3.25255520897753,-0.326847599016203,8.67361737988404e-19,2.39053877633732e-19,1.14735893807131e-19,0,0,0,-0.00312662682058422,-0.0103971201687872,-0.00671160527592423,-0.012762173308884,-0.00859678335400792,0.000548361139259962,2.61225648590276e-12,5.33388022084317e-09,2.30441143336111e-11,9.94522851676081e-20,3.46944695195361e-18,4.00920619865353e-13
NC_k0004,-0.00570175438596491,-0.00570175438596491,0.177282116017059,28.2226657433153,-19.2449407984923,29.3029984190943,-19.5184082115682,-29.4270792766006,16.9045010682557,-29.4091232906436,17.7360265193976,1,960,-1.25177430013561,0.0247936047721075,-0.404903629469949,-0.257035879234551,1.1684422460679e-19,7.21539722162655e-19,0,-3.94944993525079e-18,-0.000872152401932607,-0.00180851533458645,1,-4.33140729990948e-20,-3.22154319992661e-20,1,-0.00312662682058422,-0.00671160527592422,-0.00671160527592422,-0.0103971201687872,-0.012762173308884,0.000548361139259962,0.000548361139259962,-0.00859678335400792,1,0,0,1,-0.00312674862932418,-0.00671183831777409,-0.00671183831777409,-0.0103971157536843,-0.01276222985479,0.000548380179577298,0.000548380179577298,-0.00859691221571179,3.09667651703796,-23.3392705834859,-7.53032825787054,-5.67819474238488,-7.53032825787054,-5.67819474238488,3.21027545493418,-0.380945313662523,1.37388744044648e-18,1.79444603639934e-19,7.04253758213624e-19,0,0,0,-0.00312662682058422,-0.0103971201687872,-0.00671160527592423,-0.012762173308884,-0.00859678335400792,0.000548361139259962,6.78138642514413e-12,2.15473118138811e-09,1.08047011340583e-11,4.33140729990948e-20,4.33680868994202e-18,7.56192633726165e-14
NC_k0004,0.00263157894736842,0.00263157894736842,0.177283620396948,28.9896021492994,-19.4869121728984,28.4919037077362,-19.365201931774,-29.3908957457841,17.5551013003193,-29.4043045995437,17.1728948432409,1,960,0.578058949897584,-0.0113312627078279,0.187020136772621,0.11841657682765,-5.26397889494046e-19,-1.372788944593e-20,0,2.54870228595349e-18,-0.000872224334658516,-0.0018084285380504,1,-9.56910300374057e-20,5.85557607272157e-20,1,-0.00312662682058422,-0.00671160527592422,-0.00671160527592422,-0.0103971201687872,-0.012762173308884,0.000548361139259962,0.000548361139259962,-0.00859678335400792,1,0,0,1,-0.00312674862932418,-0.00671183831777409,-0.00671183831777409,-0.0103971157536843,-0.01276222985479,0.000548380179577298,0.000548380179577298,-0.00859691221571179,3.08863931253614,-23.3427073830702,-7.52485812604301,-5.67702869209345,-7.52485812604301,-5.67702869209345,3.20389512395886,-0.389823293862482,1.73472347597681e-18,7.91757396991194e-19,4.00911627226436e-19,0,0,0,-0.00312662682058422,-0.0103971201687872,-0.00671160527592423,-0.012762173308884,-0.00859678335400792,0.000548361139259962,8.21152352167204e-12,5.72262866789481e-09,1.77898737643575e-11,9.56910300374057e-20,3.46944695195361e-18,2.26542744478534e-13
NC_k0004,0.0109649122807018,0.0109649122807018,0.177284871756662,29.884624896091,-19.5209295836178,27.7817241442623,-18.9268960847834,-29.5022264331867,17.98533535794,-29.4610074452227,16.3458605353849,1,960,2.40143029396402,-0.0492095622718576,0.776232841458392,0.496990089556275,7.99519692869254e-20,-2.51098946746597e-20,0,3.00069362498716e-18,-0.000871906839242337,-0.00180883329022882,1,-1.2214502727942e-19,-1.21721121012782e-19,1,-0.00312662682058422,-0.00671160527592422,-0.00671160527592422,-0.0103971201687872,-0.012762173308884,0.000548361139259962,0.000548361139259962,-0.00859678335400791,1,0,0,1,-0.00312674862932418,-0.00671183831777409,-0.00671183831777409,-0.0103971157536843,-0.01276222985479,0.000548380179577298,0.000548380179577298,-0.00859691221571179,3.12432800142773,-23.3292494053793,-7.54888084219983,-5.68220340417386,-7.54888084219983,-5.68220340417386,3.23255943341519,-0.351427096956517,2.60208521396521e-18,-1.47500863056911e-19,5.014926660998e-20,0,0,0,-0.00312662682058422,-0.0103971201687872,-0.00671160527592423,-0.012762173308884,-0.00859678335400792,0.000548361139259962,4.09964583103304e-12,5.26613387391061e-09,1.14961911544272e-11,1.2214502727942e-19,6.07153216591882e-18,1.30257244644652e-13
NC_k0004,0.0192982456140351,0.0192982456140351,0.177369460655794,30.9064810606943,-19.4258649396959,27.0347944412863,-18.0207853372641,-29.8462446247042,18.2387340008016,-29.3638950914015,15.1027731809563,1,960,4.17937806604929,-0.0951260771696007,1.3478031563303,0.883646962996488,-1.45342912814957e-18,-1.96764761030439e-19,0,1.77763098871116e-18,-0.000871224391696731,-0.00180992638794571,1,-1.59905269579597e-19,-1.57233247608372e-19,1,-0.00312662682058422,-0.00671160527592422,-0.00671160527592422,-0.0103971201687872,-0.012762173308884,0.000548361139259962,0.000548361139259962,-0.00859678335400791,1,0,0,1,-0.00312674862932418,-0.00671183831777409,-0.00671183831777409,-0.0103971157536843,-0.01276222985479,0.000548380179577298,0.000548380179577298,-0.00859691221571179,3.20434918574557,-23.3161143317177,-7.60061085205017,-5.69426069677742,-7.60061085205017,-5.69426069677742,3.3000469684388,-0.275165391908955,2.60208521396521e-18,3.25423349721017e-19,-4.97506807204331e-19,0,0,0,-0.00312662682058422,-0.0103971201687872,-0.00671160527592423,-0.012762173308884,-0.00859678335400792,0.000548361139259962,1.37029346465419e-12,5.02732913419076e-09,1.59420599650917e-11,1.59905269579597e-19,5.20417042793042e-18,2.3629163117845e-14
NC_k0005,-0.0223684210526316,-0.0223684210526316,0.723702608328215,50.9979678155983,83.9833726799569,59.006085514799,106.021019547785,-46.0896413428692,-94.810679071617,-63.3400748582021,-93.9050585894706,1,960,12.4890360930275,-3.23926138837176,3.05242565253645,0.774074304152994,-1.61002434427321e-18,1.41222891619953e-18,0,-6.05537236547199e-18,0.000449599640609456,6.03981622273394e-05,1,7.8589165938454e-20,-8.21937440796156e-20,1,0.00652234756030476,0.0163762563016297,0.0163762563016297,0.000290094583144857,0.00265900651085748,-0.0060236689931776,-0.0060236689931776,-0.00677038796632783,1,5.42101086242752e-20,-6.7762635780344e-21,1,0.00652232302877781,0.0163768249216402,0.0163768249216402,0.000290178250454305,0.00265890681393731,-0.00602387814835098,-0.00602387814835098,-0.00677032395848278,9.15503058072955,51.986269812314,15.340846621721,-7.47459168513667,15.340846621721,-7.47459168513667,-17.6711180504425,-14.036759503739,3.46944695195361e-18,-5.7865736066266e-19,5.07339736159472e-19,0,0,0,0.00652234756030476,0.000290094583144854,0.0163762563016298,0.00265900651085749,-0.00677038796632783,-0.00602366899317761,2.85622249111134e-13,1.03761076914617e-08,3.54951082435793e-12,8.21937440796156e-20,1.04083408558608e-17,1.05852027915303e-14
NC_k0005,-0.0140350877192982,-0.0140350877192982,0.722292338388185,53.2737001516664,88.061416108074,58.5820278127642,102.244777054036,-50.0721820267013,-95.1311634368377,-61.1657138783359,-93.8976622355122,1,960,7.93688159494419,-1.97563778743298,1.9672104564787,0.479033326986771,5.57056511717711e-19,2.62192431377668e-18,0,-5.23832967850641e-18,0.00045017353364525,5.96097334062057e-05,1,9.94574689795512e-20,6.45761965702431e-20,1,0.00652234756030477,0.0163762563016297,0.0163762563016297,0.000290094583144859,0.00265900651085748,-0.0060236689931776,-0.0060236689931776,-0.00677038796632783,1,5.42101086242752e-20,-6.7762635780344e-21,1,0.00652232302877781,0.0163768249216402,0.0163768249216402,0.000290178250454305,0.00265890681393731,-0.00602387814835098,-0.00602387814835098,-0.00677032395848278,9.24001088828787,51.9751769786553,15.2070530634478,-7.3837169189748,15.2070530634478,-7.3837169189748,-17.653453992864,-14.0339640471561,3.46944695195361e-18,-1.10755193812092e-18,7.61987795820149e-19,0,0,0,0.00652234756030476,0.000290094583144854,0.0163762563016298,0.00265900651085749,-0.00677038796632783,-0.00602366899317761,1.08359915270608e-12,5.00173995847186e-09,1.25540530356216e-12,9.94574689795512e-20,1.04083408558608e-17,1.38491147146803e-13
NC_k0005,-0.00570175438596491,-0.00570175438596491,0.721741847234285,55.4337810356131,92.3111114213918,57.6419703339647,98.1416196725464,-53.9440483276244,-94.9165042350268,-58.491004067934,-94.2671774905356,1,960,3.23591040278346,-0.787905708413679,0.807841549142023,0.19234251954721,-3.45611941792416e-18,-3.41724854657907e-19,0,-5.59994657253499e-19,0.000450391770293649,5.94597319429265e-05,1,-9.08600171747921e-20,-4.78036250008006e-20,1,0.00652234756030476,0.0163762563016297,0.0163762563016297,0.000290094583144856,0.00265900651085749,-0.0060236689931776,-0.0060236689931776,-0.00677038796632783,1,5.42101086242752e-20,-6.7762635780344e-21,1,0.00652232302877781,0.0163768249216402,0.0163768249216402,0.000290178250454305,0.00265890681393731,-0.00602387814835098,-0.00602387814835098,-0.00677032395848278,9.28568834113374,51.9972316097953,15.1322823972973,-7.33374039416345,15.1322823972973,-7.33374039416345,-17.6518212878901,-14.0279949089688,3.46944695195361e-18,-7.5477760823482e-19,2.73142744378888e-19,0,0,0,0.00652234756030476,0.000290094583144854,0.0163762563016298,0.00265900651085749,-0.00677038796632783,-0.00602366899317761,1.94658089021719e-12,3.36181831688466e-09,1.5684534564618e-12,9.08600171747921e-20,1.04083408558608e-17,4.73782548282181e-14
NC_k0005,0.00263157894736842,0.00263157894736842,0.721664065917967,57.1492853178152,96.5835176567777,56.1275070325913,93.8878482774364,-57.3666024782303,-94.4472682465135,-55.2657390041305,-94.7560898336973,1,960,-1.494032642485,0.362553633886194,-0.373388072837606,-0.0885710952761356,1.60473038835287e-19,1.14717377815794e-18,0,1.12982945507393e-19,0.000450419278885029,5.94545767520908e-05,1,-1.01391363262771e-19,-4.17363475943604e-20,1,0.00652234756030477,0.0163762563016297,0.0163762563016297,0.000290094583144858,0.00265900651085748,-0.0060236689931776,-0.0060236689931776,-0.00677038796632783,1,5.42101086242752e-20,-6.7762635780344e-21,1,0.00652232302877781,0.0163768249216402,0.0163768249216402,0.000290178250454305,0.00265890681393731,-0.00602387814835098,-0.00602387814835098,-0.00677032395848278,9.2926072400653,52.002068306413,15.1204156874046,-7.32588153743386,15.1204156874046,-7.32588153743386,-17.6519373896455,-14.0265689081528,4.33680868994202e-18,-9.31924778412652e-19,5.17979040891149e-19,0,0,0,0.00652234756030476,0.000290094583144854,0.0163762563016298,0.00265900651085749,-0.00677038796632783,-0.00602366899317761,1.07359341890219e-11,6.23190815658716e-09,9.68776880816133e-13,1.01391363262771e-19,1.38777878078145e-17,1.30765769767267e-14
NC_k0005,0.0109649122807018,0.0109649122807018,0.72202545647031,58.3013963407143,100.762044212052,54.1061890736165,89.6188501238797,-60.2438415751036,-94.0052841029614,-51.5377713766297,-95.1023272454322,1,960,-6.21289309573529,1.53065154097299,-1.54513971307157,-0.37230281514242,-4.90220318223426e-19,1.8266530205335e-18,0,-5.51976961012145e-18,0.000450283265278098,5.95159143092558e-05,1,9.43351138247892e-20,4.86212723620646e-20,1,0.00652234756030476,0.0163762563016297,0.0163762563016297,0.000290094583144857,0.00265900651085748,-0.0060236689931776,-0.0060236689931776,-0.00677038796632783,1,5.42101086242752e-20,-6.7762635780344e-21,1,0.00652232302877781,0.0163768249216402,0.0163768249216402,0.000290178250454305,0.00265890681393731,-0.00602387814835098,-0.00602387814835098,-0.00677032395848278,9.26156492868186,51.9836021649289,15.1725134226658,-7.36051929821177,15.1725134226658,-7.36051929821177,-17.6521935621715,-14.0318599533232,3.46944695195361e-18,-8.77631483366078e-19,2.12760716361449e-19,0,0,0,0.00652234756030476,0.000290094583144854,0.0163762563016298,0.00265900651085749,-0.00677038796632783,-0.00602366899317761,1.95248399350979e-12,3.38230345547677e-09,2.18582553002728e-12,9.43351138247892e-20,1.04083408558608e-17,1.07635556374537e-14
NC_k0005,0.0192982456140351,0.0192982456140351,0.723017947955847,58.8985994808305,104.677299501014,51.8153888206808,85.4476358510946,-62.5895493886303,-93.8388876460633,-47.5321448509049,-95.0014633066092,1,960,-10.8448916147756,2.76480496874924,-2.66642859318874,-0.664888002785547,5.44343076575016e-18,1.21390409253382e-18,0,-5.10855496656419e-18,0.000449871404460146,5.99796299798265e-05,1,2.36714622287593e-19,7.30214858592351e-20,1,0.00652234756030476,0.0163762563016297,0.0163762563016297,0.000290094583144856,0.00265900651085749,-0.0060236689931776,-0.0060236689931776,-0.00677038796632782,1,5.42101086242752e-20,-6.7762635780344e-21,1,0.00652232302877781,0.0163768249216402,0.0163768249216402,0.000290178250454305,0.00265890681393731,-0.00602387814835098,-0.00602387814835098,-0.00677032395848278,9.19032765745288,51.9714184794118,15.2846756609991,-7.43642171325521,15.2846756609991,-7.43642171325521,-17.6606606297726,-14.0359823283755,5.20417042793042e-18,-8.23177941689496e-19,-6.95053469001141e-20,0,0,0,0.00652234756030476,0.000290094583144854,0.0163762563016298,0.00265900651085749,-0.00677038796632783,-0.00602366899317761,7.31055129250798e-13,5.77495282866024e-09,2.42113902928704e-12,2.36714622287593e-19,1.38777878078145e-17,2.93288151840395e-14
NC_k0006,-0.0223684210526316,-0.0223684210526316,0.259901214965664,-83.1112501580294,-81.1916604937062,-69.4402663758278,-95.2203213905944,74.0095823734637,86.4931307476187,78.1032434835906,91.4436709422348,1,960,6.30743185020156,2.05675265351209,2.76018088622547,-0.329576345380443,-3.98002914813565e-19,4.41866648336027e-19,0,-5.25511979058001e-19,0.000129631969087374,-0.000131804549919213,1,6.56966953545437e-20,1.22374183363812e-19,1,-0.00398200939445784,0.0075474266198202,0.0075474266198202,0.00927323019774596,-0.0149178558947045,0.000283080721679624,0.000283080721679624,0.00430866511930741,1,0,0,1,-0.00398187136624609,0.00754768868324451,0.00754768868324451,0.00927313810027035,-0.0149177350446556,0.000283090550871349,0.000283090550871349,0.00430845217558864,-11.4182437878937,31.6360407966848,-10.8015320830197,10.1788494608609,-10.8015320830197,10.1788494608609,-3.3157978486984,13.8369158159351,1.30104260698261e-18,-3.17778008124063e-19,-8.24166098660946e-20,0,0,0,-0.00398200939445784,0.00927323019774596,0.00754742661982021,-0.0149178558947045,0.00430866511930741,0.000283080721679624,1.44359595639068e-12,1.09180760019515e-08,5.97072566643271e-12,1.22374183363812e-19,2.60208521396521e-18,4.5280142544087e-14
NC_k0006,-0.0140350877192982,-0.0140350877192982,0.258820120496657,-79.7991667978645,-83.4664193841506,-70.6951380443112,-92.4130534182854,73.6211906179775,87.0767937535401,76.4371701445805,90.3469945955124,1,960,4.05777500400718,1.3370232925619,1.78028343786775,-0.212546182583483,1.13968944797556e-19,1.26572861227149e-18,0,-3.0589139052211e-19,0.000130662657364893,-0.000133326372911047,1,6.25410227887072e-21,-6.8469018423696e-20,1,-0.00398200939445784,0.0075474266198202,0.0075474266198202,0.00927323019774596,-0.0149178558947045,0.000283080721679624,0.000283080721679624,0.00430866511930741,1,0,0,1,-0.00398187136624609,0.00754768868324451,0.00754768868324451,0.00927313810027035,-0.0149177350446556,0.000283090550871349,0.000283090550871349,0.00430845217558864,-11.3610636247669,31.5704905155686,-10.715703093021,10.1175461460649,-10.715703093021,10.1175461460649,-3.28298461375704,13.7833915837653,1.30104260698261e-18,-5.98531589622062e-19,5.40381827893983e-20,0,0,0,-0.00398200939445784,0.00927323019774596,0.00754742661982021,-0.0149178558947045,0.00430866511930741,0.000283080721679624,2.34748717314266e-12,9.04043389706546e-09,4.34157898611689e-12,6.8469018423696e-20,4.33680868994202e-18,1.03378264572796e-13
NC_k0006,-0.00570175438596491,-0.00570175438596491,0.258360818593375,-76.5706219339063,-86.0310048575478,-72.7627811095909,-89.6877708726326,73.8485176643773,87.9556377250007,75.0493979036343,89.3175239709797,1,960,1.66482399413868,0.552879794858601,0.731842250369097,-0.0876191408345067,1.34916466629849e-19,6.9789890025589e-19,0,1.13924028890295e-18,0.000131238967292443,-0.000134046296160362,1,-8.03677245053545e-20,3.19647068899443e-20,1,-0.00398200939445784,0.0075474266198202,0.0075474266198202,0.00927323019774596,-0.0149178558947045,0.000283080721679624,0.000283080721679624,0.00430866511930741,1,0,0,1,-0.00398187136624609,0.00754768868324451,0.00754768868324451,0.00927313810027035,-0.0149177350446556,0.000283090550871349,0.000283090550871349,0.00430845217558864,-11.3343601529138,31.5576225293581,-10.6720749137851,10.0851301514051,-10.6720749137851,10.0851301514051,-3.27007120354153,13.7630903077444,1.30104260698261e-18,-1.82010863731429e-19,5.25166680409035e-20,0,0,0,-0.00398200939445784,0.00927323019774596,0.00754742661982021,-0.0149178558947045,0.00430866511930741,0.000283080721679624,3.16403666764892e-12,7.24315712861417e-09,3.90346351015465e-12,8.03677245053545e-20,2.60208521396521e-18,5.75822162624103e-14
NC_k0006,0.00263157894736842,0.00263157894736842,0.258295708149613,-73.6920908787472,-88.6945694134708,-75.4565818457677,-87.0056196373941,74.6357386997413,88.9434195582571,74.0775315138117,88.3128060856241,1,960,-0.769309511652402,-0.255901650041567,-0.338319683359015,0.0405545158432901,-5.37846069171779e-19,3.71619161995573e-19,0,-2.14029054390186e-18,0.000131327889489259,-0.000134150264087787,1,-9.12598580292736e-20,7.99479827925816e-20,1,-0.00398200939445784,0.0075474266198202,0.0075474266198202,0.00927323019774596,-0.0149178558947045,0.000283080721679624,0.000283080721679624,0.00430866511930741,1,0,0,1,-0.00398187136624609,0.00754768868324451,0.00754768868324451,0.00927313810027035,-0.0149177350446556,0.000283090550871349,0.000283090550871349,0.00430845217558864,-11.3303755381216,31.5568694317982,-10.6654094379064,10.0800690125623,-10.6654094379064,10.0800690125623,-3.26837040838515,13.7603846510749,1.30104260698261e-18,-4.15145993348704e-19,2.76468505798677e-19,0,0,0,-0.00398200939445784,0.00927323019774596,0.00754742661982021,-0.0149178558947045,0.00430866511930741,0.000283080721679624,6.3267354247348e-12,8.94761286898896e-09,3.80686529287197e-12,9.12598580292736e-20,3.46944695195361e-18,7.65090909945784e-14
NC_k0006,0.0109649122807018,0.0109649122807018,0.258596890959254,-71.3733557178943,-91.403043626381,-78.5854337418252,-84.3921665078073,75.8865099117271,89.9646979014489,73.6356745043229,87.378968742295,1,960,-3.18581030044524,-1.05338389600966,-1.39893408483011,0.167125640716621,1.40293140611444e-18,5.47692827183611e-19,0,1.71256847724534e-18,0.000130931886139427,-0.000133674697198193,1,7.20823848981084e-20,-1.46147934879968e-19,1,-0.00398200939445784,0.0075474266198202,0.0075474266198202,0.00927323019774595,-0.0149178558947045,0.000283080721679625,0.000283080721679625,0.00430866511930741,1,0,0,1,-0.00398187136624609,0.00754768868324451,0.00754768868324451,0.00927313810027035,-0.0149177350446556,0.000283090550871349,0.000283090550871349,0.00430845217558864,-11.3483488381171,31.5627629615162,-10.6951691472535,10.102435905098,-10.6951691472535,10.102435905098,-3.27651907639911,13.7732735737846,1.73472347597681e-18,2.65684312858269e-19,-2.78460917158519e-19,0,0,0,-0.00398200939445784,0.00927323019774596,0.00754742661982021,-0.0149178558947045,0.00430866511930741,0.000283080721679624,1.12199839694899e-12,1.15738038529214e-08,1.72275812032022e-12,1.46147934879968e-19,6.07153216591882e-18,2.44715673761156e-14
NC_k0006,0.0192982456140351,0.0192982456140351,0.259401784007657,-69.794618570176,-94.1711708093114,-81.8990284643748,-81.974930402842,77.464455109685,91.0236578056277,73.7918103025989,86.6556701581182,1,960,-5.50570171216087,-1.80170286053409,-2.41144350898934,0.287627793375157,1.43663074426985e-18,5.05354414710697e-19,0,-6.89234803724856e-19,0.000130053717336094,-0.000132464907249922,1,6.96077281391287e-20,-1.87949012597922e-19,1,-0.00398200939445784,0.0075474266198202,0.0075474266198202,0.00927323019774595,-0.0149178558947045,0.000283080721679624,0.000283080721679624,0.00430866511930741,1,0,0,1,-0.00398187136624609,0.00754768868324451,0.00754768868324451,0.00927313810027035,-0.0149177350446556,0.000283090550871349,0.000283090550871349,0.00430845217558864,-11.3924830621516,31.6009108816583,-10.7643418249034,10.1525089443366,-10.7643418249034,10.1525089443366,-3.30061035721322,13.8114752560314,1.30104260698261e-18,2.58269867768851e-19,1.49963105256724e-19,0,0,0,-0.00398200939445784,0.00927323019774596,0.00754742661982021,-0.0149178558947045,0.00430866511930741,0.000283080721679624,1.086649831008e-12,8.77797510377001e-09,2.58438825631181e-12,1.87949012597922e-19,3.46944695195361e-18,2.80335805673569e-14
NC_k0007,-0.0223684210526316,-0.0223684210526316,0.192976587952485,-50.7504456275154,70.467912696452,-71.2935141893295,102.023117228885,49.5119319013516,-74.0097334525229,73.6582279952063,-101.58106148848,1,960,-5.90964180639584,-4.46709362268173,-3.42432269159564,3.19589956113679,1.2470938874319e-18,5.54475708206546e-20,0,2.42794053396565e-19,0.00100005828595503,-0.000932907022885522,1,5.43726927958659e-20,2.28830263142142e-20,1,0.00182057138377452,-0.00383757236604354,-0.00383757236604354,0.0157517137559357,0.00454043346890259,-0.00171840194232206,-0.00171840194232206,-0.0105011252064776,1,4.33680868994202e-19,0,1,0.00182076858242853,-0.00383770561508403,-0.00383770561508403,0.0157516690944791,0.00454027702875898,-0.00171846160905617,-0.00171846160905617,-0.0105010205084498,-8.24723190855652,-19.1328193905189,8.83944738400069,10.3260055777026,8.83944738400069,10.3260055777026,-9.18209335042018,-15.2978639346545,8.67361737988404e-19,-2.95908293816477e-19,9.8061631087478e-19,0,0,0,0.00182057138377452,0.0157517137559357,-0.00383757236604354,0.00454043346890259,-0.0105011252064776,-0.00171840194232206,1.03536920405093e-12,1.82334514298166e-09,1.87714697746807e-12,5.43726927958659e-20,5.20417042793042e-18,6.09833772370577e-14
NC_k0007,-0.0140350877192982,-0.0140350877192982,0.191725972898137,-55.1333924131397,76.3789480754228,-68.1252772953102,96.2896338806599,54.5602966648851,-79.1387905198266,69.798523763119,-96.6348390323725,1,960,-3.82162887630237,-2.87296080014651,-2.20921459322812,2.01258575888169,9.94039485717224e-20,-1.59009260023314e-18,0,-3.70284423359158e-18,0.000999628866773389,-0.000930659688163409,1,5.70542039829446e-20,4.04449952916392e-20,1,0.00182057138377451,-0.00383757236604354,-0.00383757236604354,0.0157517137559357,0.00454043346890259,-0.00171840194232206,-0.00171840194232206,-0.0105011252064776,1,4.33680868994202e-19,0,1,0.00182076858242853,-0.00383770561508403,-0.00383770561508403,0.0157516690944791,0.00454027702875898,-0.00171846160905617,-0.00171846160905617,-0.0105010205084498,-8.14856752066957,-19.0242659232414,8.7654711168273,10.2074103487309,8.7654711168273,10.2074103487309,-9.17783682703008,-15.2463759654558,1.30104260698261e-18,-1.01557244906333e-19,1.11088282021918e-18,0,0,0,0.00182057138377452,0.0157517137559357,-0.00383757236604354,0.00454043346890259,-0.0105011252064776,-0.00171840194232206,1.05420422604139e-12,7.01566303840218e-09,5.27369841615588e-12,5.70542039829446e-20,7.80625564189563e-18,2.13675951095233e-13
NC_k0007,-0.00570175438596491,-0.00570175438596491,0.191148180805147,-59.3461545893959,82.3687830533234,-64.6401190434468,90.4669385069784,59.4379258632927,-84.4014469955992,65.6358905130591,-91.5400747634997,1,960,-1.5748322857053,-1.18132253443507,-0.909531090646313,0.817365443005336,8.45449723561874e-19,3.79761927945545e-19,0,-2.60240285132043e-18,0.000999393427648638,-0.000929503247054445,1,8.53445453264113e-20,5.98514010340344e-20,1,0.00182057138377451,-0.00383757236604354,-0.00383757236604354,0.0157517137559357,0.0045404334689026,-0.00171840194232206,-0.00171840194232206,-0.0105011252064776,1,4.33680868994202e-19,0,1,0.00182076858242853,-0.00383770561508403,-0.00383770561508403,0.0157516690944791,0.00454027702875898,-0.00171846160905617,-0.00171846160905617,-0.0105010205084498,-8.09607483640868,-18.9818870112949,8.72805026077392,10.1447788410008,8.72805026077392,10.1447788410008,-9.18125763804481,-15.2283618892445,1.73472347597681e-18,-6.12076011573177e-19,2.16883368777668e-20,0,0,0,0.00182057138377452,0.0157517137559357,-0.00383757236604354,0.00454043346890259,-0.0105011252064776,-0.00171840194232206,1.63005146696533e-12,3.71944103568872e-09,5.57462397061617e-12,8.53445453264113e-20,4.11996825544492e-18,2.13450611892383e-14
NC_k0007,0.00263157894736842,0.00263157894736842,0.191063492208564,-63.2730021254243,88.3010713290016,-60.8296175310609,84.5634556622335,64.0243382716451,-89.6328334812818,61.1636975041647,-86.3376780617575,1,960,0.728326522830239,0.546210309957178,0.420597154819851,-0.377178845513875,-1.03236276349681e-19,-6.73192669720156e-19,0,-2.10410263287359e-18,0.000999356356050193,-0.000929330272972311,1,8.42253848182658e-20,5.21688173153318e-20,1,0.00182057138377451,-0.00383757236604354,-0.00383757236604354,0.0157517137559357,0.00454043346890259,-0.00171840194232206,-0.00171840194232206,-0.0105011252064776,1,4.33680868994202e-19,0,1,0.00182076858242853,-0.00383770561508403,-0.00383770561508403,0.0157516690944791,0.00454027702875898,-0.00171846160905617,-0.00171846160905617,-0.0105010205084498,-8.0879508384165,-18.976274343772,8.72234766672012,10.1351027381644,8.72234766672012,10.1351027381644,-9.18209163413295,-15.226051210509,1.73472347597681e-18,-1.98535341948411e-19,6.23336848781176e-19,0,0,0,0.00182057138377452,0.0157517137559357,-0.00383757236604354,0.00454043346890259,-0.0105011252064776,-0.00171840194232206,1.06038214785707e-11,5.50391302252046e-09,4.3612128042971e-12,8.42253848182658e-20,5.20417042793042e-18,5.91244258386616e-14
NC_k0007,0.0109649122807018,0.0109649122807018,0.191449277134668,-66.8791479404982,94.1542998708511,-56.7134464015324,78.5884173999733,68.3008446033293,-94.7732447532489,56.3873298186256,-81.0752367620457,1,960,3.00619327129319,2.25747384845047,1.73701014951542,-1.57248051989492,6.32442444023344e-19,-6.03868316943312e-19,0,2.558304198504e-20,0.000999520746464574,-0.000930111507047723,1,2.90675351978238e-20,9.53076585286439e-20,1,0.00182057138377451,-0.00383757236604354,-0.00383757236604354,0.0157517137559357,0.00454043346890259,-0.00171840194232206,-0.00171840194232206,-0.0105011252064776,1,4.33680868994202e-19,0,1,0.00182076858242853,-0.00383770561508403,-0.00383770561508403,0.0157516690944791,0.00454027702875898,-0.00171846160905617,-0.00171846160905617,-0.0105010205084498,-8.12401490883737,-19.0031508228259,8.74784335697961,10.1781072681847,8.74784335697961,10.1781072681847,-9.17901002201478,-15.2372847625849,1.73472347597681e-18,6.6782664882049e-20,-1.50670117966424e-19,0,0,0,0.00182057138377452,0.0157517137559357,-0.00383757236604354,0.00454043346890259,-0.0105011252064776,-0.00171840194232206,2.22318392748032e-12,3.58260544772968e-09,2.52589195511986e-12,9.53076585286439e-20,6.93889390390723e-18,1.06847409062452e-13
NC_k0007,0.0192982456140351,0.0192982456140351,0.192415498746813,-70.160608152708,99.9226253596239,-52.369352427267,72.6167251911334,72.271013606859,-99.7788693699587,51.3745852330086,-75.8633042610945,1,960,5.16686720885662,3.8956098325148,2.99061742365252,-2.76348150408404,-2.17648755391688e-18,-7.84412066161586e-19,0,2.16443387803075e-19,0.000999871487225836,-0.000931951907548484,1,1.36660775633473e-20,1.17027426713855e-19,1,0.00182057138377451,-0.00383757236604354,-0.00383757236604354,0.0157517137559357,0.00454043346890259,-0.00171840194232206,-0.00171840194232206,-0.0105011252064776,1,4.33680868994202e-19,0,1,0.00182076858242853,-0.00383770561508403,-0.00383770561508403,0.0157516690944791,0.00454027702875898,-0.00171846160905617,-0.00171846160905617,-0.0105010205084498,-8.20528348257145,-19.0819918742548,8.80727372201499,10.275376591889,8.80727372201499,10.275376591889,-9.17839025694002,-15.2727212687641,2.16840434497101e-18,2.82042873743888e-19,-3.71750451971504e-19,0,0,0,0.00182057138377452,0.0157517137559357,-0.00383757236604354,0.00454043346890259,-0.0105011252064776,-0.00171840194232206,9.4432621381465e-13,4.74704328217966e-09,4.05520470229425e-12,1.17027426713855e-19,6.93889390390723e-18,5.29390632110112e-14
NC_k0008,-0.0223684210526316,-0.0223684210526316,0.330814590944788,24.4170098741087,113.337920315429,13.7612470651729,137.426025585637,-23.9914808565127,-125.144954292861,-13.2109469195639,-127.739745060503,1,960,-2.23094496353526,4.9023772136734,0.881572642545577,2.20648572196287,-4.47597355619794e-19,-6.27202337560882e-18,0,-7.91319355148649e-18,-0.00015501272010199,-0.000307369498263716,1,-4.9974517532503e-21,4.67512483973659e-20,1,-0.000324640517658474,-0.00270771985033661,-0.00270771985033661,-0.00777483302139315,0.0130076576265531,0.00866451467893541,0.00866451467893541,-0.00937239892902188,1,-2.16840434497101e-19,0,1,-0.000324740343433411,-0.00270781386838697,-0.00270781386838698,-0.00777480350354823,0.0130074791332614,0.00866481553013954,0.00866481553013954,-0.00937218887966507,2.87705422535398,-16.9678061538712,15.3007592229268,-1.34634040210102,15.3007592229268,-1.34634040210102,31.4467527647899,-20.0321408864331,1.30104260698261e-18,5.08191223229564e-19,-4.5937729647334e-19,0,0,0,-0.000324640517658471,-0.00777483302139315,-0.00270771985033662,0.0130076576265531,-0.00937239892902188,0.00866451467893541,1.02181575769751e-12,6.5800388854237e-09,3.45534255577997e-12,4.67512483973659e-20,5.20417042793042e-18,1.74513455152114e-14
NC_k0008,-0.0140350877192982,-0.0140350877192982,0.32941826074446,21.8628407278393,116.512154636626,15.4040048872954,132.009462360435,-21.5746900813628,-124.758915751506,-14.7179512432457,-125.887131266869,1,960,-1.41040268722229,3.13635192054442,0.569563246996327,1.38323916181807,6.14859892922917e-20,-5.05240036311496e-18,0,9.43958662710814e-19,-0.000156204690497207,-0.000305157131118284,1,-9.10921340190583e-20,2.25788232267511e-20,1,-0.000324640517658469,-0.00270771985033661,-0.00270771985033661,-0.00777483302139315,0.0130076576265531,0.0086645146789354,0.0086645146789354,-0.00937239892902188,1,-2.16840434497101e-19,0,1,-0.000324740343433411,-0.00270781386838697,-0.00270781386838698,-0.00777480350354823,0.0130074791332614,0.00866481553013954,0.00866481553013954,-0.00937218887966507,2.87524190990502,-16.8863388232551,15.1905537424848,-1.35878355787076,15.1905537424848,-1.35878355787076,31.4006167682145,-19.9225927454113,2.38524477946811e-18,2.86187657088539e-19,-5.83721094078274e-19,0,0,0,-0.000324640517658471,-0.00777483302139315,-0.00270771985033662,0.0130076576265531,-0.00937239892902188,0.00866451467893541,3.00038088681367e-12,7.9699225544348e-09,3.12844079353338e-12,9.10921340190583e-20,6.93889390390723e-18,6.85846573898587e-14
NC_k0008,-0.00570175438596491,-0.00570175438596491,0.3288300836242,19.7100403241267,120.450605608056,17.1416562069473,126.825653783852,-19.340374775861,-124.527350629598,-16.5366256877722,-124.874657257544,1,960,-0.574091028060404,1.28109041914344,0.233309799057402,0.56024412814333,-2.73973799406139e-19,-8.64542623742762e-18,0,-3.28025420225049e-18,-0.000156723080544573,-0.000303991473294952,1,-4.57162526994048e-20,2.49869090330236e-20,1,-0.000324640517658469,-0.00270771985033661,-0.00270771985033661,-0.00777483302139315,0.0130076576265531,0.0086645146789354,0.0086645146789354,-0.00937239892902188,1,-2.16840434497101e-19,0,1,-0.000324740343433411,-0.00270781386838697,-0.00270781386838698,-0.00777480350354823,0.0130074791332614,0.00866481553013954,0.00866481553013954,-0.00937218887966507,2.87990876986179,-16.8575139911709,15.1333876305236,-1.36737012939143,15.1333876305236,-1.36737012939143,31.3960676810681,-19.8734134780608,2.16840434497101e-18,8.1306939676063e-20,-6.95462761032262e-19,0,0,0,-0.000324640517658471,-0.00777483302139315,-0.00270771985033662,0.0130076576265531,-0.00937239892902188,0.00866451467893541,3.04288832842123e-12,5.1951986584577e-09,3.27796801571885e-12,4.57162526994048e-20,8.67361737988404e-18,5.92537454828466e-14
NC_k0008,0.00263157894736842,0.00263157894736842,0.328746776771793,17.805590876531,125.012917011509,18.9862685830437,122.065667389167,-17.2610314022835,-124.678041948084,-18.5562631936612,-124.526487725346,1,960,0.264945259465738,-0.5915120069461,-0.107767026668526,-0.258391136344264,4.51715060709083e-19,-4.84663484304418e-18,0,-5.26370757969954e-18,-0.00015679402109784,-0.000303814574425832,1,-4.22231778045104e-20,5.46873260474923e-20,1,-0.000324640517658471,-0.00270771985033661,-0.00270771985033661,-0.00777483302139315,0.0130076576265531,0.0086645146789354,0.0086645146789354,-0.00937239892902188,1,-2.16840434497101e-19,0,1,-0.000324740343433411,-0.00270781386838697,-0.00270781386838698,-0.00777480350354823,0.0130074791332614,0.00866481553013954,0.00866481553013954,-0.00937218887966507,2.88098840886606,-16.8539456639356,15.124559353257,-1.3688074011716,15.124559353257,-1.3688074011716,31.3964013957928,-19.8662345832623,2.16840434497101e-18,3.7850233748191e-19,-6.30291509733317e-19,0,0,0,-0.000324640517658471,-0.00777483302139315,-0.00270771985033662,0.0130076576265531,-0.00937239892902188,0.00866451467893541,6.81454761386418e-12,5.52220098306738e-09,4.35116341150328e-12,5.46873260474923e-20,6.93889390390723e-18,2.34711047113965e-14
NC_k0008,0.0109649122807018,0.0109649122807018,0.329132266365869,16.0346551721064,130.062279715648,21.0315846134077,117.883309787839,-15.3590063156212,-125.426357885637,-20.7323096613197,-124.645065296581,1,960,1.10307134936577,-2.45750626959999,-0.446963523677286,-1.07935296677833,3.82706690926234e-19,-2.18061353081229e-18,0,8.51148997982364e-19,-0.000156459548461486,-0.000304606300790094,1,-1.09795259096461e-19,5.97620857671043e-20,1,-0.00032464051765847,-0.00270771985033661,-0.00270771985033661,-0.00777483302139314,0.0130076576265531,0.0086645146789354,0.0086645146789354,-0.00937239892902188,1,-2.16840434497101e-19,0,1,-0.000324740343433411,-0.00270781386838697,-0.00270781386838698,-0.00777480350354823,0.0130074791332614,0.00866481553013954,0.00866481553013954,-0.00937218887966507,2.87690935534403,-16.8716169115695,15.1637875034398,-1.36263381828011,15.1637875034398,-1.36263381828011,31.3970259786837,-19.898974875573,2.16840434497101e-18,-3.75210889983699e-20,-3.14126007189521e-19,0,0,0,-0.000324640517658471,-0.00777483302139315,-0.00270771985033662,0.0130076576265531,-0.00937239892902188,0.00866451467893541,2.5528513783092e-12,7.36340197064001e-09,4.02789163804233e-12,1.09795259096461e-19,5.20417042793042e-18,2.12510463722307e-14
NC_k0008,0.0192982456140351,0.0192982456140351,0.330167158199232,14.3514847180466,135.415426587544,23.4220685953808,114.404965839665,-13.7200881423181,-126.948575816201,-23.0780752080194,-124.994420968387,1,960,1.9323585508936,-4.27134654725599,-0.771866038799592,-1.90451150934513,-1.06293039585309e-18,-1.12637184011346e-19,0,-1.36122826835196e-18,-0.000155548485820107,-0.000306441549905119,1,-2.14541077068049e-20,2.99336037997502e-19,1,-0.000324640517658471,-0.00270771985033661,-0.00270771985033661,-0.00777483302139315,0.0130076576265531,0.00866451467893541,0.00866451467893541,-0.00937239892902188,1,-2.16840434497101e-19,0,1,-0.000324740343433411,-0.00270781386838697,-0.00270781386838698,-0.00777480350354823,0.0130074791332614,0.00866481553013954,0.00866481553013954,-0.00937218887966507,2.87470030197126,-16.9287856686581,15.2531973511332,-1.35106085188401,15.2531973511332,-1.35106085188401,31.4203089466814,-19.9823389916282,2.16840434497101e-18,6.19542405211193e-20,-4.85977428292078e-19,0,0,0,-0.000324640517658471,-0.00777483302139315,-0.00270771985033662,0.0130076576265531,-0.00937239892902188,0.00866451467893541,1.29109163747457e-12,5.66693270221656e-09,3.39027857662647e-12,2.99336037997502e-19,5.20417042793042e-18,1.73174358346367e-14
NC_k0009,-0.0223684210526316,-0.0223684210526316,0.363837077828979,50.5971554611888,-87.1794950806247,77.8339670919785,-131.08163768366,-48.5441723991769,94.3172519601732,-77.4577415912068,126.888742568027,1,960,5.03658094382961,11.2183625197098,5.36413134296813,-3.72836068145298,-9.25582018222336e-19,6.65662017423473e-19,0,-3.64161301592795e-18,0.000324835788631561,0.000960778800943996,1,1.79372662711326e-20,1.06331792832544e-19,1,0.00519928019819397,0.000838001429410395,0.000838001429410395,-0.00973762720273093,-0.00541928592851948,0.00975559370658175,0.00975559370658175,0.0123654189958392,1,2.16840434497101e-19,0,1,0.0051991308398528,0.00083803052668225,0.00083803052668225,-0.00973751723976307,-0.00541910139925336,0.00975593244247435,0.00975593244247435,0.0123652947628671,10.9368867357564,9.90947290900914,-12.4461657242238,-6.22716476575563,-12.4461657242238,-6.22716476575563,38.161441042516,18.8680224701409,1.73472347597681e-18,-1.59943668157236e-21,-1.38022076392643e-18,0,0,0,0.00519928019819397,-0.00973762720273093,0.000838001429410396,-0.00541928592851949,0.0123654189958392,0.00975559370658176,1.07230342175907e-12,6.93732949406146e-09,1.3130860391361e-12,1.06331792832544e-19,6.07153216591882e-18,1.3121144866198e-14
NC_k0009,-0.0140350877192982,-0.0140350877192982,0.362874555711158,55.6196685843565,-95.6865973634634,73.057664375176,-123.643433600164,-53.9367620921604,100.809197732092,-72.2836127707918,121.508390123541,1,960,3.29184027974923,7.18292023766819,3.45667097074777,-2.35186390153318,-1.3080339375199e-18,5.43413987310996e-18,0,4.01083335414712e-20,0.00032337586819996,0.000959482366513298,1,2.2080434930106e-21,-5.00498054505745e-20,1,0.00519928019819397,0.000838001429410395,0.000838001429410395,-0.00973762720273094,-0.00541928592851948,0.00975559370658175,0.00975559370658175,0.0123654189958392,1,2.16840434497101e-19,0,1,0.0051991308398528,0.00083803052668225,0.00083803052668225,-0.00973751723976307,-0.00541910139925336,0.00975593244247435,0.00975593244247435,0.0123652947628671,10.856148642811,9.85470857872655,-12.3075910525773,-6.14906245644808,-12.3075910525773,-6.14906245644808,38.1098010241782,18.8419701811237,1.95156391047391e-18,3.54386553023326e-19,-1.03208402075669e-18,0,0,0,0.00519928019819397,-0.00973762720273093,0.000838001429410396,-0.00541928592851949,0.0123654189958392,0.00975559370658176,6.30993290439363e-13,8.6563600934862e-09,1.56983966085094e-12,5.00498054505745e-20,5.20417042793042e-18,7.97005723777068e-14
NC_k0009,-0.00570175438596491,-0.00570175438596491,0.362564272630118,60.8859572269664,-104.331886338635,68.0302599602385,-115.753613599998,-59.481336294852,107.325360299795,-66.9650282654495,115.768834124238,1,960,1.36491059878552,2.94323203628031,1.42168706957172,-0.956354772274827,-5.31327472354555e-19,-2.19071836917524e-18,0,-1.44505806035054e-18,0.000322745419342164,0.000958801855669634,1,-1.34545712039879e-20,1.08367802468698e-20,1,0.00519928019819397,0.000838001429410395,0.000838001429410395,-0.00973762720273094,-0.00541928592851949,0.00975559370658175,0.00975559370658175,0.0123654189958392,1,2.16840434497101e-19,0,1,0.0051991308398528,0.00083803052668225,0.00083803052668225,-0.00973751723976307,-0.00541910139925336,0.00975593244247435,0.00975593244247435,0.0123652947628671,10.8221808331369,9.83590218456827,-12.2347200767679,-6.11027430656882,-12.2347200767679,-6.11027430656882,38.1069884455896,18.8365022555713,1.73472347597681e-18,6.62407848826174e-19,-4.66577491364713e-19,0,0,0,0.00519928019819397,-0.00973762720273093,0.000838001429410396,-0.00541928592851949,0.0123654189958392,0.00975559370658176,1.4335572359826e-12,5.35845532546474e-09,2.29513004772186e-13,1.34545712039879e-20,3.46944695195361e-18,4.99129028078614e-14
NC_k0009,0.00263157894736842,0.00263157894736842,0.36252675398187,66.1302301848118,-112.743391303129,62.8289652943878,-107.467917701513,-64.971650657397,113.561062077706,-61.5158047776417,109.662065754266,1,960,-0.63185997176941,-1.36001402040773,-0.657318417418467,0.441426675699344,-3.40910081754542e-19,-1.3820136627842e-18,0,-2.11487583317148e-18,0.000322659148309194,0.000958699830140811,1,5.79990589696283e-21,3.50885044033907e-20,1,0.00519928019819397,0.000838001429410395,0.000838001429410395,-0.00973762720273094,-0.00541928592851948,0.00975559370658175,0.00975559370658175,0.0123654189958392,1,2.16840434497101e-19,0,1,0.0051991308398528,0.00083803052668225,0.00083803052668225,-0.00973751723976307,-0.00541910139925336,0.00975593244247435,0.00975593244247435,0.0123652947628671,10.8174833067882,9.83364958686589,-12.2234769854358,-6.10445297679346,-12.2234769854358,-6.10445297679346,38.1078895677632,18.8360078289221,1.73472347597681e-18,1.65625734836417e-19,-6.27431848717809e-19,0,0,0,0.00519928019819397,-0.00973762720273093,0.000838001429410396,-0.00541928592851949,0.0123654189958392,0.00975559370658176,4.85746137572742e-12,5.9969815922863e-09,1.15759554670247e-12,3.50885044033907e-20,5.20417042793042e-18,5.81867054946596e-15
NC_k0009,0.0109649122807018,0.0109649122807018,0.362714809339344,71.2297015600208,-120.787273048811,57.5492351837836,-98.8842443450332,-70.3404438362242,119.436809698934,-55.977112657274,103.229829489089,1,960,-2.59684056277143,-5.63537676629088,-2.71663171859063,1.838558746465,-1.26104677000444e-18,1.75904920343077e-18,0,-8.45557257041506e-19,0.000323064669705632,0.000959160075452908,1,-6.95457532735671e-21,-9.68175200136874e-20,1,0.00519928019819397,0.000838001429410395,0.000838001429410395,-0.00973762720273093,-0.00541928592851948,0.00975559370658175,0.00975559370658175,0.0123654189958392,1,2.16840434497101e-19,0,1,0.0051991308398528,0.00083803052668225,0.00083803052668225,-0.00973751723976307,-0.00541910139925336,0.00975593244247435,0.00975593244247435,0.0123652947628671,10.8394908356721,9.84499588861163,-12.2734743197688,-6.13067180102999,-12.2734743197688,-6.13067180102999,38.1066238027987,18.8389147972738,1.0842021724855e-18,5.70374874067824e-20,-7.54263123243903e-20,0,0,0,0.00519928019819397,-0.00973762720273093,0.000838001429410396,-0.00541928592851949,0.0123654189958392,0.00975559370658176,3.20770944634542e-13,5.83644329560713e-09,1.94670473748959e-12,9.68175200136874e-20,3.46944695195361e-18,6.2747843260854e-15
NC_k0009,0.0192982456140351,0.0192982456140351,0.363358365222882,76.1085849164174,-128.395957388282,52.3928991695155,-90.2549553825827,-75.5695815893909,124.945228282897,-50.4901249889651,96.6695382452202,1,960,-4.42238980378264,-9.76878133813225,-4.68308647683197,3.22583477395992,-2.79451389422465e-19,2.83190907535694e-18,0,5.25967755575518e-19,0.000324182987016085,0.000960236337223672,1,-9.13096198804378e-21,-1.04957714490075e-19,1,0.00519928019819397,0.000838001429410395,0.000838001429410395,-0.00973762720273093,-0.00541928592851949,0.00975559370658175,0.00975559370658175,0.0123654189958392,1,2.16840434497101e-19,0,1,0.0051991308398528,0.00083803052668225,0.00083803052668225,-0.00973751723976307,-0.00541910139925336,0.00975593244247435,0.00975593244247435,0.0123652947628671,10.8998266905588,9.8832216105606,-12.3868904802636,-6.1931689561944,-12.3868904802636,-6.1931689561944,38.1312163914737,18.8537134307352,8.67361737988404e-19,-5.84299918422754e-20,3.57284641070737e-19,0,0,0,0.00519928019819397,-0.00973762720273093,0.000838001429410396,-0.00541928592851949,0.0123654189958392,0.00975559370658176,2.62168062172531e-13,5.33176955017151e-09,1.56096533546285e-12,1.04957714490075e-19,5.20417042793042e-18,1.03885272640142e-14
NC_k0010,-0.0223684210526316,-0.0223684210526316,0.420940921057674,-45.3085122390555,47.8203737127296,-68.1005603693574,83.1512066945691,41.0399551492991,-54.079018853523,67.4133688973763,-79.7945429232674,1,960,-4.96895921609054,-12.7771092821977,-5.85620260443531,2.61131706255441,1.14040413202481e-18,3.88540630350448e-18,0,-4.68897256393034e-19,-0.00151289376313651,-0.0011525735263162,1,4.33376316362166e-21,-1.40290101310788e-19,1,-0.0111572556086814,-0.00114164067691532,-0.00114164067691532,0.000921888631614494,-0.000838431457235703,-0.0125858989726805,-0.0125858989726805,-0.0106889945710182,1,0,0,1,-0.0111571951793346,-0.0011416803172166,-0.0011416803172166,0.000921739353596014,-0.00083856699782709,-0.0125863359830615,-0.0125863359830615,-0.0106889590948888,-11.5390054039397,-8.43598479676362,6.22075973427405,1.9063086400467,6.22075973427405,1.9063086400467,-48.1464232370919,-12.3579520216626,2.60208521396521e-18,1.48158276613688e-20,2.56778156249432e-19,0,0,0,-0.0111572556086814,0.000921888631614494,-0.00114164067691532,-0.000838431457235701,-0.0106889945710182,-0.0125858989726805,9.00787478410327e-13,6.63409680971073e-09,4.55485766847247e-12,1.40290101310788e-19,6.93889390390723e-18,2.43966848173824e-14
NC_k0010,-0.0140350877192982,-0.0140350877192982,0.421000584799011,-49.0588703377316,54.761481243899,-63.832110793781,77.4572660853555,45.484564289113,-59.331728077209,62.4148706932018,-75.849645191274,1,960,-3.2405304089533,-8.18394664891571,-3.7700774290967,1.65303445431406,5.46925203575161e-19,-5.12560812207258e-18,0,4.23566104463903e-19,-0.00151049973797918,-0.00115217356306963,1,-2.37188707680401e-20,3.90907010966593e-20,1,-0.0111572556086814,-0.00114164067691532,-0.00114164067691532,0.000921888631614494,-0.000838431457235706,-0.0125858989726805,-0.0125858989726805,-0.0106889945710182,1,0,0,1,-0.0111571951793346,-0.0011416803172166,-0.0011416803172166,0.000921739353596014,-0.00083856699782709,-0.0125863359830615,-0.0125863359830615,-0.0106889590948888,-11.5238465245573,-8.44742872677056,6.11648586233785,1.86850775888899,6.11648586233785,1.86850775888899,-48.0901792892503,-12.3893764016462,1.73472347597681e-18,2.78526251120757e-19,1.18653046393704e-18,0,0,0,-0.0111572556086814,0.000921888631614494,-0.00114164067691532,-0.000838431457235701,-0.0106889945710182,-0.0125858989726805,3.9959607285186e-13,7.51656952935288e-09,4.62530664749707e-12,3.90907010966593e-20,6.93889390390723e-18,1.31064151253407e-13
NC_k0010,-0.00570175438596491,-0.00570175438596491,0.421333270046816,-53.3410017124631,61.9003100031505,-59.4239996603634,71.2112237651413,50.4054116020399,-64.6685918602793,57.3510724797279,-71.4362685766197,1,960,-1.34164489897393,-3.35276195726581,-1.54915426255912,0.673899282877187,6.52832446122776e-19,-3.56320291130282e-18,0,9.65161679954809e-19,-0.00150943810977177,-0.00115200414892428,1,-2.72166907529408e-21,-9.45996844462455e-20,1,-0.0111572556086814,-0.00114164067691532,-0.00114164067691532,0.000921888631614495,-0.000838431457235701,-0.0125858989726805,-0.0125858989726805,-0.0106889945710182,1,0,0,1,-0.0111571951793346,-0.0011416803172166,-0.0011416803172166,0.000921739353596014,-0.00083856699782709,-0.0125863359830615,-0.0125863359830615,-0.0106889590948888,-11.5299858172583,-8.46158471115159,6.06136353415646,1.85185781819065,6.06136353415646,1.85185781819065,-48.0922607262214,-12.412873825872,2.60208521396521e-18,9.32961796761567e-20,6.71488080134699e-19,0,0,0,-0.0111572556086814,0.000921888631614494,-0.00114164067691532,-0.000838431457235701,-0.0106889945710182,-0.0125858989726805,2.77565528231004e-12,5.00512495740883e-09,6.57019941320694e-12,9.45996844462455e-20,6.93889390390723e-18,8.5901762751274e-14
NC_k0010,0.00263157894736842,0.00263157894736842,0.421400712666237,-57.7839010012859,68.7826519996478,-54.970541843898,64.4793007755599,55.4769040291075,-69.6938479870254,52.2666303754002,-66.5659530784031,1,960,0.620956204374143,1.54915148328163,0.71613553692636,-0.311203576848821,1.09459156097917e-19,1.14375917658932e-19,0,1.20920984255758e-19,-0.00150928997351955,-0.00115198194345444,1,-1.05895524963909e-20,-2.86553566569694e-21,1,-0.0111572556086814,-0.00114164067691532,-0.00114164067691532,0.000921888631614495,-0.000838431457235706,-0.0125858989726805,-0.0125858989726805,-0.0106889945710182,1,0,0,1,-0.0111571951793346,-0.0011416803172166,-0.0011416803172166,0.000921739353596014,-0.00083856699782709,-0.0125863359830615,-0.0125863359830615,-0.0106889590948888,-11.5317786785234,-8.46425500275133,6.052876268205,1.84952153797916,6.052876268205,1.84952153797916,-48.0943192689487,-12.4167908049245,2.38524477946811e-18,1.72686472905571e-19,7.0918379443749e-19,0,0,0,-0.0111572556086814,0.000921888631614494,-0.00114164067691532,-0.000838431457235701,-0.0106889945710182,-0.0125858989726805,2.71698543701584e-12,5.78979703238571e-09,4.1347040175214e-12,1.05895524963909e-20,6.93889390390723e-18,2.17354638420178e-14
NC_k0010,0.0109649122807018,0.0109649122807018,0.421133920634821,-62.2178326485813,75.2184008855492,-50.5991808125405,57.4015768268302,60.5553371220714,-74.2777021538479,47.2646097990542,-61.315032926877,1,960,2.55465224527456,6.42033882596586,2.96174705350934,-1.29370784351913,7.05724028850642e-19,-4.81890278582772e-18,0,9.0040843064051e-19,-0.00150998054734844,-0.00115208906354746,1,-9.1042945554081e-20,1.88503801089655e-19,1,-0.0111572556086814,-0.00114164067691532,-0.00114164067691532,0.000921888631614495,-0.000838431457235703,-0.0125858989726805,-0.0125858989726805,-0.0106889945710182,1,0,0,1,-0.0111571951793346,-0.0011416803172166,-0.0011416803172166,0.000921739353596014,-0.00083856699782709,-0.0125863359830615,-0.0125863359830615,-0.0106889590948888,-11.5255509556176,-8.45338247744734,6.09066135441773,1.86038103942399,6.09066135441773,1.86038103942399,-48.0887303240263,-12.3999639239646,2.60208521396521e-18,2.03324608860555e-19,1.34972724042015e-19,0,0,0,-0.0111572556086814,0.000921888631614494,-0.00114164067691532,-0.000838431457235701,-0.0106889945710182,-0.0125858989726805,1.15567771722057e-12,6.87163355674592e-09,1.39386201175751e-12,1.88503801089655e-19,8.67361737988404e-18,2.2803741737382e-14
NC_k0010,0.0192982456140351,0.0192982456140351,0.420863644251973,-66.550668250971,81.1193691699427,-46.594400600836,50.3081748677575,65.5815749645523,-78.3938807211554,42.5910546154785,-55.9624113670334,1,960,4.35949062566746,11.1293154496808,5.11130600486494,-2.26222512934674,-4.16899028726726e-20,2.7954072492862e-18,0,-5.10000688211407e-19,-0.00151182497576907,-0.00115239656890912,1,-3.2212473305672e-20,-5.43357960525705e-21,1,-0.0111572556086814,-0.00114164067691532,-0.00114164067691532,0.000921888631614492,-0.000838431457235702,-0.0125858989726805,-0.0125858989726805,-0.0106889945710182,1,0,0,1,-0.0111571951793346,-0.0011416803172166,-0.0011416803172166,0.000921739353596014,-0.00083856699782709,-0.0125863359830615,-0.0125863359830615,-0.0106889590948888,-11.528087577283,-8.43835401689354,6.17639483476036,1.8893416420084,6.17639483476036,1.8893416420084,-48.1117916066953,-12.3686803192305,2.60208521396521e-18,5.01998430521716e-19,-1.35470886942121e-19,0,0,0,-0.0111572556086814,0.000921888631614494,-0.00114164067691532,-0.000838431457235701,-0.0106889945710182,-0.0125858989726805,8.29735761500678e-13,5.76203286098142e-09,3.4592623666285e-12,3.2212473305672e-20,6.93889390390723e-18,9.31201193178003e-14
NC_k0011,-0.0223684210526316,-0.0223684210526316,0.217764940426203,24.5865511668508,0.110210824779779,34.1134544695775,-15.5999761333253,-18.8436281167816,4.14862782401718,-35.3734937316696,14.7393573558834,1,960,4.96923386419007,7.37403166084166,4.07327762326046,-0.768951094509303,1.56065820531605e-19,-9.22577698237543e-19,0,-1.4850141926593e-18,0.0017543333538448,0.00152814940085378,1,5.96811036588911e-20,-3.81449461535681e-20,1,0.0111562507800311,0.00372247299024298,0.00372247299024298,0.0067667441851801,0.0090391613447924,0.00737137484334534,0.00737137484334534,0.00893581734392581,1,2.16840434497101e-19,-2.16840434497101e-19,1,0.011156290467452,0.00372260224277736,0.00372260224277736,0.00676686007931272,0.00903923846410962,0.00737163079386074,0.00737163079386074,0.00893589625740971,7.39877277116653,14.231014759629,2.83372295463259,1.43280852674815,2.83372295463259,1.43280852674815,28.2954180977654,3.9186633739,1.73472347597681e-18,-6.54659013598854e-19,-6.4657094953455e-19,0,0,0,0.0111562507800311,0.0067667441851801,0.00372247299024298,0.0090391613447924,0.00893581734392581,0.00737137484334534,1.85728945327212e-12,7.59547316698366e-09,1.01417933892111e-11,5.96811036588911e-20,5.20417042793042e-18,2.45226469329516e-13
NC_k0011,-0.0140350877192982,-0.0140350877192982,0.218643290347019,25.9004751164344,-2.66599759730962,32.2132085610721,-13.003957060851,-21.3600058028786,6.06070642520503,-32.2284521942747,13.0558632711136,1,960,3.20230490379095,4.73158905031255,2.61818500485417,-0.493697733557963,-7.07748966990171e-19,-5.45800237942089e-19,0,2.24344617014182e-19,0.00175285014282729,0.00152766614326297,1,9.91929214286753e-20,-1.03503683256446e-20,1,0.0111562507800311,0.00372247299024298,0.00372247299024298,0.0067667441851801,0.0090391613447924,0.00737137484334534,0.00737137484334534,0.00893581734392581,1,2.16840434497101e-19,-2.16840434497101e-19,1,0.011156290467452,0.00372260224277736,0.00372260224277736,0.00676686007931272,0.00903923846410962,0.00737163079386074,0.00737163079386074,0.00893589625740971,7.45340584668337,14.266480930961,2.84792043986946,1.4455323820246,2.84792043986946,1.4455323820246,28.2943088329985,3.99277897773256,1.73472347597681e-18,-5.78150891761326e-19,-6.56653788938411e-20,0,0,0,0.0111562507800311,0.0067667441851801,0.00372247299024298,0.0090391613447924,0.00893581734392581,0.00737137484334534,1.92086203432883e-12,6.77937753726491e-09,6.6927133623777e-12,9.91929214286753e-20,5.20417042793042e-18,2.68868571546832e-13
NC_k0011,-0.00570175438596491,-0.00570175438596491,0.219276067403366,27.6661480043042,-5.81844920840309,30.2842489388312,-10.1095598288134,-24.4467586885097,8.25035155009808,-28.9578253136755,11.1480139174164,1,960,1.31629668065576,1.93975125452382,1.07449581860925,-0.203357027676881,-3.03356909125247e-19,-4.27439294964122e-18,0,-5.8683501376962e-19,0.00175221206623177,0.00152751169070891,1,8.7780948280413e-20,6.46810359583912e-20,1,0.0111562507800311,0.00372247299024298,0.00372247299024298,0.0067667441851801,0.0090391613447924,0.00737137484334534,0.00737137484334534,0.00893581734392581,1,2.16840434497101e-19,-2.16840434497101e-19,1,0.011156290467452,0.00372260224277736,0.00372260224277736,0.00676686007931272,0.00903923846410962,0.00737163079386074,0.00737163079386074,0.00893589625740971,7.49332762551603,14.2955395825561,2.85476193939121,1.45048190832753,2.85476193939121,1.45048190832753,28.3133959023929,4.03911167880543,2.60208521396521e-18,-1.03184323735845e-18,-8.89116801677296e-19,0,0,0,0.0111562507800311,0.0067667441851801,0.00372247299024298,0.0090391613447924,0.00893581734392581,0.00737137484334534,5.62683387407863e-12,3.86190125087829e-09,6.3636442208594e-12,8.7780948280413e-20,5.20417042793042e-18,1.43033395377188e-13
NC_k0011,0.00263157894736842,0.00263157894736842,0.219382239184036,29.5730273070678,-8.98220900441239,28.3610986617344,-6.99549157928543,-27.7369096551428,10.3963712457915,-25.6483099005883,9.05522467260676,1,960,-0.608529619423022,-0.896344663010693,-0.496608513203106,0.0940874201203872,-5.65427579516748e-19,-4.94074318133433e-18,0,-7.66981716293869e-19,0.00175212428587905,0.00152749470539858,1,6.44050789378627e-20,3.50996846100324e-20,1,0.0111562507800311,0.00372247299024298,0.00372247299024298,0.0067667441851801,0.0090391613447924,0.00737137484334534,0.00737137484334534,0.00893581734392581,1,2.16840434497101e-19,-2.16840434497101e-19,1,0.011156290467452,0.00372260224277736,0.00372260224277736,0.00676686007931272,0.00903923846410962,0.00737163079386074,0.00737163079386074,0.00893589625740971,7.50010315363672,14.3005956416779,2.85572986465929,1.4511025151615,2.85572986465929,1.4511025151615,28.3174125577379,4.04663189152427,1.73472347597681e-18,-5.18768310543958e-19,-1.03367834620566e-18,0,0,0,0.0111562507800311,0.0067667441851801,0.00372247299024298,0.0090391613447924,0.00893581734392581,0.00737137484334534,8.77172449678445e-12,5.14699326048181e-09,6.49072552839875e-12,6.44050789378627e-20,3.46944695195361e-18,3.46656490833908e-14
NC_k0011,0.0109649122807018,0.0109649122807018,0.218927685572396,31.5025986223124,-11.9694156802794,26.5191148973232,-3.80813131038554,-31.0348619415314,12.3760184444252,-22.4552090256639,6.85527080454962,1,960,-2.51617916681709,-3.71319992089586,-2.05569509894534,0.388153245188563,-9.06364958231504e-19,5.29018397674614e-18,0,-1.56263020389637e-18,0.00175253638546669,0.00152758443645186,1,1.13813969816969e-19,4.10402688684922e-20,1,0.0111562507800311,0.00372247299024298,0.00372247299024298,0.00676674418518009,0.0090391613447924,0.00737137484334534,0.00737137484334534,0.00893581734392581,1,2.16840434497101e-19,-2.16840434497101e-19,1,0.011156290467452,0.00372260224277736,0.00372260224277736,0.00676686007931272,0.00903923846410962,0.00737163079386074,0.00737163079386074,0.00893589625740971,7.47124427733292,14.2793133269465,2.85124069719601,1.44805294867276,2.85124069719601,1.44805294867276,28.3017488749444,4.01394770013427,2.16840434497101e-18,2.45414958832286e-19,-6.61761777098341e-21,0,0,0,0.0111562507800311,0.0067667441851801,0.00372247299024298,0.0090391613447924,0.00893581734392581,0.00737137484334534,2.5602224274977e-12,8.24261946910596e-09,2.94866527136257e-12,1.13813969816969e-19,6.07153216591882e-18,1.21328126201623e-13
NC_k0011,0.0192982456140351,0.0192982456140351,0.218079317520666,33.4189117823559,-14.6813129574222,24.9888783293704,-0.836879469075244,-34.2330267961488,14.1479512369254,-19.6727907106751,4.79021010303584,1,960,-4.33932485890708,-6.42842383996553,-3.55335707062789,0.669537771237706,2.63182401134772e-19,-7.60979693769184e-19,0,-3.96279070417004e-19,0.00175366391623775,0.00152791517709005,1,7.44495906051813e-20,1.90638804087512e-19,1,0.0111562507800311,0.00372247299024298,0.00372247299024298,0.0067667441851801,0.0090391613447924,0.00737137484334534,0.00737137484334534,0.00893581734392581,1,2.16840434497101e-19,-2.16840434497101e-19,1,0.011156290467452,0.00372260224277736,0.00372260224277736,0.00676686007931272,0.00903923846410962,0.00737163079386074,0.00737163079386074,0.00893589625740971,7.41840052042021,14.2426163773156,2.83976015307843,1.43857379728096,2.83976015307843,1.43857379728096,28.2883470066394,3.94777824584054,2.60208521396521e-18,-1.66611705474657e-19,-7.139525080977e-19,0,0,0,0.0111562507800311,0.0067667441851801,0.00372247299024298,0.0090391613447924,0.00893581734392581,0.00737137484334534,7.02288931116892e-13,5.77182788336478e-09,3.46516569909075e-12,1.90638804087512e-19,3.46944695195361e-18,1.25109208614328e-13
NC_k0012,-0.0223684210526316,-0.0223684210526316,0.34809607387877,-92.2513339014526,-58.6650605593796,-106.165611917999,-67.7824651302927,82.8155702260477,65.3020295598506,112.113714932324,61.6430142576945,1,960,-8.14966779844509,0.77839744654231,-2.43251921612788,0.761962661108562,1.37367568220966e-18,-1.27339492218863e-18,0,2.63398626146893e-18,-0.00156036312262507,0.000552374521011747,1,-1.4727947725402e-19,-3.79863997703649e-21,1,-0.0152431504266709,-0.00930541602570422,-0.00930541602570422,-0.00271181015510362,0.0020331333037314,0.00312048212099628,0.00312048212099628,0.0077350270615511,1,0,0,1,-0.0152431195771919,-0.00930573913042733,-0.00930573913042733,-0.00271199686361544,0.0020332251958663,0.00312059047106993,0.00312059047106993,0.00773501996247493,-17.6860205606243,-28.649541324772,-8.56930570869894,10.043682786135,-8.56930570869894,10.043682786135,4.4030889611851,10.3222429768026,2.16840434497101e-18,1.31615577619327e-18,-3.94011207241028e-19,0,0,0,-0.0152431504266709,-0.00271181015510362,-0.00930541602570422,0.0020331333037314,0.0077350270615511,0.00312048212099628,6.47552054362277e-13,1.21026628391443e-08,2.83411728637912e-12,1.4727947725402e-19,8.67361737988404e-18,3.77945740531102e-14
NC_k0012,-0.0140350877192982,-0.0140350877192982,0.348699402350507,-94.9266349838659,-60.2020730997122,-103.748651248982,-66.04008066873,88.1765604548157,64.6823325685681,106.981419856833,62.0491883233262,1,960,-5.163269584901,0.417130385955448,-1.56622593565202,0.484025293601329,1.82329135852408e-18,1.44273533719049e-19,0,2.97970143540179e-18,-0.00155880875898032,0.000551804298317933,1,-8.25641037342578e-20,2.08870738785211e-20,1,-0.0152431504266709,-0.00930541602570422,-0.00930541602570422,-0.00271181015510362,0.0020331333037314,0.00312048212099628,0.00312048212099628,0.0077350270615511,1,0,0,1,-0.0152431195771919,-0.00930573913042733,-0.00930573913042733,-0.00271199686361544,0.0020332251958663,0.00312059047106993,0.00312059047106993,0.00773501996247493,-17.7378671730758,-28.6928554983702,-8.51837930407484,9.95168753722873,-8.51837930407484,9.95168753722873,4.45956648230756,10.3539173215768,1.73472347597681e-18,1.17882462577607e-18,-2.23641962626939e-19,0,0,0,-0.0152431504266709,-0.00271181015510362,-0.00930541602570422,0.0020331333037314,0.0077350270615511,0.00312048212099628,1.41210071010811e-12,6.233406526938e-09,6.88257388290113e-12,8.25641037342578e-20,5.20417042793042e-18,1.75910316155008e-13
NC_k0012,-0.00570175438596491,-0.00570175438596491,0.349137396895622,-97.6932116900198,-61.8677294229049,-101.280857209598,-64.2605689519736,93.8646726936554,63.87788922814,101.576625516837,62.7364595891684,1,960,-2.1028020116981,0.152869171354728,-0.643477837313323,0.19776478868849,2.5581983193856e-18,6.6468263557821e-19,0,-2.1893849540278e-18,-0.00155793445394873,0.000551339859832594,1,-5.79354869705342e-20,-1.84072394755822e-20,1,-0.0152431504266709,-0.00930541602570422,-0.00930541602570422,-0.00271181015510362,0.0020331333037314,0.00312048212099628,0.00312048212099628,0.0077350270615511,1,0,0,1,-0.0152431195771919,-0.00930573913042733,-0.00930573913042733,-0.00271199686361544,0.0020332251958663,0.00312059047106993,0.00312059047106993,0.00773501996247493,-17.7736719721276,-28.7296277976212,-8.48957505496526,9.9026187007748,-8.48957505496526,9.9026187007748,4.48676124150848,10.3710729057145,1.73472347597681e-18,1.43857258208475e-18,-4.0482318539915e-19,0,0,0,-0.0152431504266709,-0.00271181015510362,-0.00930541602570422,0.0020331333037314,0.0077350270615511,0.00312048212099628,2.09324199124254e-12,4.04064689078442e-09,1.02927979566402e-11,5.79354869705342e-20,1.04083408558608e-17,7.15478154909142e-14
NC_k0012,0.00263157894736842,0.00263157894736842,0.349208652367413,-100.342027543732,-63.6070542303394,-98.6858385037908,-62.5013992655154,99.5284140493889,63.0308978048496,95.9643340766493,63.5631293698407,1,960,0.97076475326056,-0.0693746211429705,0.29745874359881,-0.0913596118071359,2.52328468009096e-18,-1.52911946292063e-18,0,1.41858331766517e-18,-0.00155779776884725,0.000551257533779501,1,-3.67489434683342e-20,-2.04027501107271e-20,1,-0.0152431504266709,-0.00930541602570422,-0.00930541602570422,-0.00271181015510362,0.0020331333037314,0.00312048212099628,0.00312048212099628,0.0077350270615511,1,0,0,1,-0.0152431195771919,-0.00930573913042733,-0.00930573913042733,-0.00271199686361544,0.0020332251958663,0.00312059047106993,0.00312059047106993,0.00773501996247493,-17.7794997485962,-28.7359595621993,-8.48494747697634,9.89497362583963,-8.48494747697634,9.89497362583963,4.49068503913625,10.3735664636304,1.73472347597681e-18,8.60326403971311e-19,-4.85250364075697e-19,0,0,0,-0.0152431504266709,-0.00271181015510362,-0.00930541602570422,0.0020331333037314,0.0077350270615511,0.00312048212099628,1.22245619964666e-11,6.38100105911514e-09,2.35255688721344e-12,3.67489434683342e-20,3.46944695195361e-18,1.25580535234144e-14
NC_k0012,0.0109649122807018,0.0109649122807018,0.348899557644482,-102.850703392208,-65.3861251902431,-95.9530202254577,-60.8060347041602,105.020109828306,62.2790917625279,90.2603707239618,64.4022632300921,1,960,4.03947845351987,-0.31111657028026,1.23035942146909,-0.3792477545579,1.65358036660781e-18,-9.08681063946652e-19,0,-2.2048763925397e-18,-0.00155840142172564,0.00055160023557792,1,-1.93984604384089e-19,-1.24994208334926e-20,1,-0.0152431504266709,-0.00930541602570422,-0.00930541602570422,-0.00271181015510361,0.0020331333037314,0.00312048212099628,0.00312048212099628,0.00773502706155109,1,0,0,1,-0.0152431195771919,-0.00930573913042733,-0.00930573913042733,-0.00271199686361544,0.0020332251958663,0.00312059047106993,0.00312059047106993,0.00773501996247493,-17.7542059699714,-28.7092144721079,-8.5051416847699,9.92880049152297,-8.5051416847699,9.92880049152297,4.47269281095689,10.3621515158091,1.73472347597681e-18,-1.54448133168823e-19,-1.10678932702696e-20,0,0,0,-0.0152431504266709,-0.00271181015510362,-0.00930541602570422,0.0020331333037314,0.0077350270615511,0.00312048212099628,2.91509649670826e-12,4.03219444068873e-09,4.3737796703909e-12,1.93984604384089e-19,3.46944695195361e-18,4.23215389758695e-14
NC_k0012,0.0192982456140351,0.0192982456140351,0.348300304007266,-105.272020992046,-67.1471415615874,-93.1992207379123,-59.207723195708,110.255896879415,61.7481861064325,84.7145268731982,65.100414606399,1,960,7.06635062916613,-0.631811895749472,2.12339778202748,-0.660981356317929,-2.52920067583194e-18,1.2011258064311e-18,0,3.25609556528026e-18,-0.00155972641457224,0.000552184853554559,1,-1.51659969017249e-19,6.94175316537137e-20,1,-0.0152431504266709,-0.00930541602570422,-0.00930541602570422,-0.00271181015510361,0.0020331333037314,0.00312048212099628,0.00312048212099628,0.00773502706155109,1,0,0,1,-0.0152431195771919,-0.00930573913042733,-0.00930573913042733,-0.00271199686361544,0.0020332251958663,0.00312059047106993,0.00312059047106993,0.00773501996247493,-17.7046374774834,-28.6627221781822,-8.54789749916415,10.0044779708726,-8.54789749916415,10.0044779708726,4.42740205995693,10.3348955602665,1.73472347597681e-18,-3.76051112849726e-19,-1.56037843874068e-19,0,0,0,-0.0152431504266709,-0.00271181015510362,-0.00930541602570422,0.0020331333037314,0.0077350270615511,0.00312048212099628,1.47812906036139e-12,6.47292535495116e-09,2.29142144365896e-12,1.51659969017249e-19,6.93889390390723e-18,1.16345406342146e-14
NC_k0013,-0.0223684210526316,-0.0223684210526316,0.584760157000016,50.1356388698346,-98.9115088899688,54.5898821460504,-123.13564248756,-41.3234616178627,112.061869948736,-64.512421417488,111.745455315328,1,960,-2.30670543701238,-10.1627311235645,-4.11491406499037,-3.31401056546238,3.12316929520422e-18,-1.42589393991891e-19,0,-3.46038105244003e-18,0.000124103417524205,0.000540241737541363,1,-1.36603336958227e-20,-2.36452517508031e-20,1,0.00498912622183263,-0.00272241580136071,-0.00272241580136071,0.00271310382184266,-0.00664467839056453,-0.0146387790942166,-0.0146387790942166,0.0100940841642874,1,-1.0842021724855e-19,0,1,0.00498913989451164,-0.00272251032968715,-0.00272251032968715,0.00271315700879945,-0.00664451811742702,-0.0146392873851574,-0.0146392873851574,0.0100939538339084,7.84648101088087,-2.87769965705196,-13.6038706175901,-8.97716434192695,-13.6038706175901,-8.97716434192695,-48.3297398889747,17.8880078161787,3.46944695195361e-18,-2.49107110698052e-19,-9.32497639935353e-20,0,0,0,0.00498912622183263,0.00271310382184266,-0.00272241580136071,-0.00664467839056453,0.0100940841642874,-0.0146387790942166,8.06137409688795e-13,6.08853491089294e-09,1.53377860692632e-12,2.36452517508031e-20,1.04083408558608e-17,1.61380620692897e-14
NC_k0013,-0.0140350877192982,-0.0140350877192982,0.582835575296473,51.1484084276881,-101.675122028207,53.0458382341573,-117.320788925154,-45.1754520493975,110.948338589333,-60.1287426673748,109.792828418041,1,960,-1.52849169700706,-6.5181024919328,-2.65537608235015,-2.07173095926807,1.36617149969258e-18,5.72128404222917e-18,0,-4.29276297668479e-18,0.000124948004798725,0.000538225071309476,1,2.19211081386507e-20,1.24513744051933e-19,1,0.00498912622183263,-0.00272241580136071,-0.00272241580136071,0.00271310382184266,-0.00664467839056454,-0.0146387790942166,-0.0146387790942166,0.0100940841642874,1,-1.0842021724855e-19,0,1,0.00498913989451164,-0.00272251032968715,-0.00272251032968715,0.00271315700879945,-0.00664451811742702,-0.0146392873851574,-0.0146392873851574,0.0100939538339084,7.79050513249959,-2.9440116638382,-13.5142450932236,-8.88779667144973,-13.5142450932236,-8.88779667144973,-48.2926962073843,17.7589381324688,3.46944695195361e-18,-2.58661862389582e-19,2.51373996940455e-19,0,0,0,0.00498912622183263,0.00271310382184266,-0.00272241580136071,-0.00664467839056453,0.0100940841642874,-0.0146387790942166,7.47268159662087e-13,5.56238646534618e-09,2.07826215089064e-12,1.24513744051933e-19,1.04083408558608e-17,5.60030277962635e-14
NC_k0013,-0.00570175438596491,-0.00570175438596491,0.582016708166972,51.5840099267167,-105.352401241162,52.1545787112366,-111.808607368547,-49.3439605953468,109.788049358967,-55.5054927091398,109.109540212526,1,960,-0.635330188477291,-2.66817635430835,-1.09015715911926,-0.837583273424736,2.5617634678257e-18,-3.76661655009696e-19,0,-3.90958644717063e-20,0.000125174548636094,0.000537086694792095,1,8.4350033222451e-21,8.83402019130863e-20,1,0.00498912622183263,-0.00272241580136071,-0.00272241580136071,0.00271310382184266,-0.00664467839056453,-0.0146387790942166,-0.0146387790942166,0.0100940841642874,1,-1.0842021724855e-19,0,1,0.00498913989451164,-0.00272251032968715,-0.00272251032968715,0.00271315700879945,-0.00664451811742702,-0.0146392873851574,-0.0146392873851574,0.0100939538339084,7.75550384005811,-2.97728061283137,-13.4669927738574,-8.83722967459917,-13.4669927738574,-8.83722967459917,-48.3009919628311,17.6965791847325,2.60208521396521e-18,-1.24943862020928e-19,-4.06971612095494e-19,0,0,0,0.00498912622183263,0.00271310382184266,-0.00272241580136071,-0.00664467839056453,0.0100940841642874,-0.0146387790942166,3.014380839785e-12,4.00854211002196e-09,3.43698305100297e-12,8.83402019130863e-20,6.93889390390723e-18,6.02784199935548e-14
NC_k0013,0.00263157894736842,0.00263157894736842,0.581898465100075,51.9523319834544,-109.924372752867,51.7037441312372,-106.938235483184,-53.8082174304043,109.134341795548,-50.9585434172609,109.463404498517,1,960,0.294183642858527,1.2325228468442,0.503813141601886,0.386161179517223,-1.35012915889273e-18,7.36548748941308e-18,0,1.86842233274498e-18,0.000125194462817429,0.000536909145504046,1,2.96313177551161e-21,-9.57512109177513e-20,1,0.00498912622183263,-0.00272241580136071,-0.00272241580136071,0.00271310382184266,-0.00664467839056454,-0.0146387790942166,-0.0146387790942166,0.0100940841642874,1,-1.0842021724855e-19,0,1,0.00498913989451164,-0.00272251032968715,-0.00272251032968715,0.00271315700879945,-0.00664451811742702,-0.0146392873851574,-0.0146392873851574,0.0100939538339084,7.74965660282041,-2.98220044674144,-13.4596318430322,-8.82917696314501,-13.4596318430322,-8.82917696314501,-48.303659503286,17.6871900957529,2.60208521396521e-18,-2.13517447109844e-19,3.6975029909148e-19,0,0,0,0.00498912622183263,0.00271310382184266,-0.00272241580136071,-0.00664467839056453,0.0100940841642874,-0.0146387790942166,3.6684421635786e-12,6.21307227730381e-09,2.81642885928648e-12,9.57512109177513e-20,6.93889390390723e-18,3.10993006284658e-14
NC_k0013,0.0109649122807018,0.0109649122807018,0.582440733420987,52.6506232102089,-115.234951510463,51.3481359936813,-102.922464810108,-58.4346514896855,109.404172246341,-46.6743601104547,110.49636165972,1,960,1.20768182575687,5.11214751835067,2.08554368355537,1.61533777117749,-2.22228854443394e-18,3.80511684452763e-18,0,-1.55430545821164e-19,0.000125074852123566,0.00053769466394203,1,-6.10366905825713e-20,1.33742422860144e-20,1,0.00498912622183263,-0.00272241580136071,-0.00272241580136071,0.00271310382184266,-0.00664467839056453,-0.0146387790942166,-0.0146387790942166,0.0100940841642874,1,-1.0842021724855e-19,0,1,0.00498913989451164,-0.00272251032968715,-0.00272251032968715,0.00271315700879945,-0.00664451811742702,-0.0146392873851574,-0.0146392873851574,0.0100939538339084,7.77474273882909,-2.959898809809,-13.4922152429743,-8.86447480110544,-13.4922152429743,-8.86447480110544,-48.2946320253632,17.729401695935,3.90312782094782e-18,2.01898765012152e-19,-9.06507872335619e-21,0,0,0,0.00498912622183263,0.00271310382184266,-0.00272241580136071,-0.00664467839056453,0.0100940841642874,-0.0146387790942166,1.97419408317634e-12,6.87840449536431e-09,1.4789904226506e-12,6.10366905825713e-20,1.04083408558608e-17,2.19207964872212e-14
NC_k0013,0.0192982456140351,0.0192982456140351,0.583861354192072,53.9373058045469,-120.982603215362,50.6044601095089,-99.824185625185,-62.9483584209267,110.869715405076,-42.7041557661199,111.691233608042,1,960,2.04039492703575,8.86147298252928,3.59761641015646,2.8573869858485,2.57701006087628e-18,-7.94371320736724e-19,0,-4.82614227054879e-18,0.000124528751355669,0.000539416105983602,1,-2.37768442592713e-20,-4.85244027937002e-20,1,0.00498912622183263,-0.00272241580136071,-0.00272241580136071,0.00271310382184266,-0.00664467839056453,-0.0146387790942166,-0.0146387790942166,0.0100940841642874,1,-1.0842021724855e-19,0,1,0.00498913989451164,-0.00272251032968715,-0.00272251032968715,0.00271315700879945,-0.00664451811742702,-0.0146392873851574,-0.0146392873851574,0.0100939538339084,7.82369683712467,-2.90593352142322,-13.5652999209021,-8.93980707416382,-13.5652999209021,-8.93980707416382,-48.304071260319,17.8307244503033,3.90312782094782e-18,1.21994165141743e-19,-2.59360100538934e-19,0,0,0,0.00498912622183263,0.00271310382184266,-0.00272241580136071,-0.00664467839056453,0.0100940841642874,-0.0146387790942166,3.2634630159626e-13,6.51742489319996e-09,1.81167507969397e-12,4.85244027937002e-20,1.04083408558608e-17,1.73038161398251e-14
NC_k0014,-0.0223684210526316,-0.0223684210526316,0.710163234093341,-34.1996573493527,-66.5313191244727,-39.0998605502716,-85.2874597258153,32.5151976595584,77.1126576634261,43.0882872533119,72.3351764760047,1,960,-12.0282189171907,4.03719702030911,-2.63703722597099,-0.720156381778082,1.02816564906871e-18,-1.64149691221963e-18,0,1.01048383629478e-18,0.000911788463307752,-0.000542562261616994,1,-1.21185441658869e-19,4.66964367360911e-20,1,0.00217222537146128,-0.0159947279836309,-0.0159947279836309,0.00794436627928002,-0.00445976827374019,0.0069643306373949,0.0069643306373949,0.00281881602866443,1,0,0,1,0.00217231938566903,-0.0159952833561304,-0.0159952833561304,0.00794436008270813,-0.00445971221377335,0.00696457245443093,0.00696457245443093,0.00281874572432046,-4.29114636437841,-52.0830743444862,-13.8635054263449,8.4651365980781,-13.8635054263449,8.4651365980781,22.662861849286,10.283170349853,2.60208521396521e-18,2.95048477129883e-19,-4.19940430423064e-19,0,0,0,0.00217222537146128,0.00794436627928002,-0.0159947279836309,-0.00445976827374019,0.00281881602866443,0.00696433063739491,5.36890316995114e-13,1.06483863618522e-08,2.95550100030852e-12,1.21185441658869e-19,6.93889390390723e-18,3.32990350517184e-14
NC_k0014,-0.0140350877192982,-0.0140350877192982,0.707104956011437,-36.2482007409804,-70.0472871386108,-39.5521035321015,-82.2683090764211,35.6630668258316,76.8191658273304,42.3989040710428,73.15369070806,1,960,-7.65980105116151,2.50303432784073,-1.70173301869587,-0.446787318582841,-1.33182696065938e-19,4.39982000028386e-18,0,1.82686147004786e-18,0.000909818421701487,-0.000540704816766753,1,-3.0278878474276e-19,-1.00221637971193e-19,1,0.00217222537146127,-0.0159947279836309,-0.0159947279836309,0.00794436627928002,-0.00445976827374019,0.0069643306373949,0.0069643306373949,0.00281881602866443,1,0,0,1,0.00217231938566903,-0.0159952833561304,-0.0159952833561304,0.00794436008270813,-0.00445971221377335,0.00696457245443093,0.00696457245443093,0.00281874572432046,-4.330226869803,-52.012257425592,-13.7221371101761,8.35750399556776,-13.7221371101761,8.35750399556776,22.6072052471236,10.277817068635,2.60208521396521e-18,4.10417699929425e-19,-3.45804497141668e-19,0,0,0,0.00217222537146128,0.00794436627928002,-0.0159947279836309,-0.00445976827374019,0.00281881602866443,0.00696433063739491,4.34824488472898e-13,5.13323932064139e-09,5.345646648244e-12,3.0278878474276e-19,6.93889390390723e-18,6.0605725339928e-14
NC_k0014,-0.00570175438596491,-0.00570175438596491,0.705698556089227,-37.9756248462685,-73.7642488133295,-39.3656832954545,-78.8193658597085,38.4181806433283,75.9491891049932,41.1624632730901,74.3095146587655,1,960,-3.12623373489919,1.0072217801072,-0.699273945081386,-0.179796844964575,3.32766157751712e-18,-2.11940216548337e-18,0,-1.87515227420871e-19,0.000908883725579151,-0.000539967006028973,1,-4.97669347638973e-20,-1.89217687459227e-21,1,0.00217222537146127,-0.0159947279836309,-0.0159947279836309,0.00794436627928002,-0.00445976827374019,0.0069643306373949,0.0069643306373949,0.00281881602866443,1,0,0,1,0.00217231938566903,-0.0159952833561304,-0.0159952833561304,0.00794436008270813,-0.00445971221377335,0.00696457245443093,0.00696457245443093,0.00281874572432046,-4.34542025248152,-52.0041864454443,-13.6429154220493,8.29796973369463,-13.6429154220493,8.29796973369463,22.5907640613708,10.2678209088121,3.46944695195361e-18,3.72709783588428e-19,-1.10406412389622e-19,0,0,0,0.00217222537146128,0.00794436627928002,-0.0159947279836309,-0.00445976827374019,0.00281881602866443,0.00696433063739491,1.55915010504492e-12,3.02574137721798e-09,2.75935301072642e-12,4.97669347638973e-20,6.93889390390723e-18,6.73340550918581e-14
NC_k0014,0.00263157894736842,0.00263157894736842,0.705491361591642,-39.1169922549759,-77.4810085998114,-38.4737345774385,-75.1414678118366,40.5463574381256,74.7675283506952,39.2798621342516,75.5324139111427,1,960,1.4436101380487,-0.464101869019308,0.323237728779683,0.0828305901369965,-1.35959375946156e-18,2.14524328781952e-19,0,1.18664518262775e-18,0.000908748185440515,-0.000539870642125144,1,-1.36692901492975e-19,-1.7033142192723e-20,1,0.00217222537146128,-0.0159947279836309,-0.0159947279836309,0.00794436627928002,-0.00445976827374019,0.0069643306373949,0.0069643306373949,0.00281881602866443,1,0,0,1,0.00217231938566903,-0.0159952833561304,-0.0159952833561304,0.00794436008270813,-0.00445971221377335,0.00696457245443093,0.00696457245443093,0.00281874572432046,-4.34731918314041,-52.0045100637418,-13.6303586402484,8.2885951806904,-13.6303586402484,8.2885951806904,22.5889371628766,10.2656521210135,2.60208521396521e-18,1.55867466795889e-19,2.02119010457068e-19,0,0,0,0.00217222537146128,0.00794436627928002,-0.0159947279836309,-0.00445976827374019,0.00281881602866443,0.00696433063739491,2.69358509775123e-12,6.06835806983272e-09,3.63862330039505e-12,1.36692901492975e-19,6.93889390390723e-18,3.82406092649043e-14
NC_k0014,0.0109649122807018,0.0109649122807018,0.706433829502287,-39.5644384663036,-81.0375429848231,-36.9396366022003,-71.4076827857089,42.0147904317008,73.5558600121272,36.7430286211425,76.5536279665753,1,960,5.99899136096276,-1.94737094337895,1.33703473780265,0.347569393247014,3.89320165359718e-18,-3.20429916968342e-19,0,3.51570289180758e-18,0.000909370029803363,-0.000540336512478107,1,-2.73658785942394e-19,-6.85043104398045e-20,1,0.00217222537146127,-0.0159947279836309,-0.0159947279836309,0.00794436627928002,-0.00445976827374019,0.0069643306373949,0.0069643306373949,0.00281881602866443,1,0,0,1,0.00217231938566903,-0.0159952833561304,-0.0159952833561304,0.00794436008270813,-0.00445971221377335,0.00696457245443093,0.00696457245443093,0.00281874572432046,-4.33793976289127,-52.0063870202938,-13.6855264461705,8.32989672758623,-13.6855264461705,8.32989672758623,22.5985336764485,10.2739975532363,3.46944695195361e-18,5.76462336233845e-19,-4.30905991476106e-20,0,0,0,0.00217222537146128,0.00794436627928002,-0.0159947279836309,-0.00445976827374019,0.00281881602866443,0.00696433063739491,1.10345112431745e-12,3.24170758952142e-09,2.88981435450704e-12,2.73658785942394e-19,6.93889390390723e-18,1.80732635527727e-14
NC_k0014,0.0192982456140351,0.0192982456140351,0.708778896244718,-39.3281612274637,-84.2354836551096,-34.964096137037,-67.7826684822263,42.8874328143766,72.5767810461849,33.6922099225874,77.0815481151549,1,960,10.453947590134,-3.46952149683355,2.30486061078923,0.619064430813003,-1.37470800361413e-18,-9.93979928713121e-19,0,3.49100989616165e-18,0.000910918913052941,-0.000541698455148295,1,-1.73538227465641e-19,-2.87521667530516e-20,1,0.00217222537146127,-0.0159947279836309,-0.0159947279836309,0.00794436627928002,-0.00445976827374019,0.0069643306373949,0.0069643306373949,0.00281881602866443,1,0,0,1,0.00217231938566903,-0.0159952833561304,-0.0159952833561304,0.00794436008270813,-0.00445971221377335,0.00696457245443093,0.00696457245443093,0.00281874572432046,-4.30909709398323,-52.0425427026409,-13.8043396891098,8.42003205123882,-13.8043396891098,8.42003205123882,22.6346820038099,10.2822876947027,2.60208521396521e-18,5.13330292256099e-19,-1.79436218298811e-19,0,0,0,0.00217222537146128,0.00794436627928002,-0.0159947279836309,-0.00445976827374019,0.00281881602866443,0.00696433063739491,5.93028166255366e-13,5.3911814982389e-09,5.33403222597116e-12,1.73538227465641e-19,6.93889390390723e-18,5.13775387510016e-14
NC_k0015,-0.0223684210526316,-0.0223684210526316,0.485740802425298,108.598326219663,20.5391694136979,95.9866232421616,20.9089900847407,-94.460112960893,-17.5935319541406,-110.476429436368,-24.5793389078169,1,960,-8.62918577903208,-8.70938612583003,-5.72172872860461,-1.55372290494407,1.11499314360718e-18,1.02974721839991e-18,0,1.03658965642695e-18,-6.90868690038224e-05,0.000378183306657456,1,-5.53326721326068e-20,-1.09210685427357e-19,1,0.00657798911293622,-0.0101065793937027,-0.0101065793937027,-0.00692801170261272,0.0107208255033532,-0.00946792217555797,-0.00946792217555797,0.0014184908323871,1,0,4.33680868994202e-19,1,0.00657787035415053,-0.0101069303165983,-0.0101069303165983,-0.00692789598221758,0.0107207974419253,-0.00946825092285574,-0.00946825092285574,0.00141862426982494,15.2383669995886,-36.6094635595556,2.22013208302198,-14.9289321693183,2.22013208302198,-14.9289321693183,-27.4165063064513,-3.14947676994724,2.71050543121376e-18,-4.22086659955281e-20,5.39499970104431e-20,0,0,0,0.00657798911293621,-0.00692801170261272,-0.0101065793937027,0.0107208255033532,0.00141849083238711,-0.00946792217555798,1.34350278844931e-12,1.07444653019728e-08,2.06762367520873e-12,1.09210685427357e-19,8.67361737988404e-18,1.98849680035358e-14
NC_k0015,-0.0140350877192982,-0.0140350877192982,0.484437843637053,105.555281562775,21.3567462361703,96.5346207028402,21.4628680329838,-95.9648750601469,-19.1948701972647,-106.48318440701,-24.3795026529189,1,960,-5.57680049354352,-5.60799524724071,-3.69098259445882,-0.963438915157265,3.35585520151538e-18,-4.9307905442041e-18,0,6.86725344541524e-19,-6.95822708054793e-05,0.00037860599087935,1,-1.09776777064257e-19,1.38742202194743e-19,1,0.00657798911293621,-0.0101065793937027,-0.0101065793937027,-0.00692801170261272,0.0107208255033532,-0.00946792217555797,-0.00946792217555797,0.0014184908323871,1,0,4.33680868994202e-19,1,0.00657787035415053,-0.0101069303165983,-0.0101069303165983,-0.00692789598221758,0.0107207974419253,-0.00946825092285574,-0.00946825092285574,0.00141862426982494,15.1474200982658,-36.5801576883567,2.1900673187043,-14.8223391374008,2.1900673187043,-14.8223391374008,-27.426139760229,-3.1752309626812,3.03576608295941e-18,2.31875327599586e-19,6.02050204240933e-19,0,0,0,0.00657798911293621,-0.00692801170261272,-0.0101065793937027,0.0107208255033532,0.00141849083238711,-0.00946792217555798,7.06203803469962e-13,8.90463159676277e-09,3.27361713962243e-12,1.38742202194743e-19,8.67361737988404e-18,4.65230528455083e-14
NC_k0015,-0.00570175438596491,-0.00570175438596491,0.483907106214678,102.237090089169,21.9041558867473,98.3347989777669,21.9079004459226,-98.2769711847101,-21.1524800656872,-102.656139801554,-23.4302351016133,1,960,-2.29287158130452,-2.30231678760763,-1.51641216174102,-0.38746597714619,2.54352248095768e-18,-1.56221330486765e-18,0,2.04677570770121e-19,-7.00136938188849e-05,0.000378686322982968,1,4.37231659975575e-20,-1.98337712522446e-20,1,0.00657798911293622,-0.0101065793937027,-0.0101065793937027,-0.00692801170261272,0.0107208255033532,-0.00946792217555797,-0.00946792217555797,0.0014184908323871,1,0,4.33680868994202e-19,1,0.00657787035415053,-0.0101069303165983,-0.0101069303165983,-0.00692789598221758,0.0107207974419253,-0.00946825092285574,-0.00946825092285574,0.00141862426982494,15.0991432259512,-36.5873654231308,2.17608383367903,-14.7639262140561,2.17608383367903,-14.7639262140561,-27.444750514336,-3.19400993936381,2.16840434497101e-18,-7.52072450333627e-20,6.04735899001572e-20,0,0,0,0.00657798911293621,-0.00692801170261272,-0.0101065793937027,0.0107208255033532,0.00141849083238711,-0.00946792217555798,2.82390398156805e-12,5.17000009120618e-09,5.24747130103327e-12,4.37231659975575e-20,5.20417042793042e-18,7.11229765411035e-15
NC_k0015,0.00263157894736842,0.00263157894736842,0.483831761737435,99.253071706088,21.9902304626491,101.070498891961,21.9912242330585,-101.356792013047,-22.9091907960578,-99.3283022998582,-21.8455452170475,1,960,1.05989597068413,1.06411462614485,0.700923496953547,0.178447981576696,8.64688290248632e-19,2.43825051312051e-18,0,1.23957977874747e-19,-7.00897350079795e-05,0.000378689324815039,1,4.7907653679728e-20,-3.84137825488296e-20,1,0.00657798911293622,-0.0101065793937027,-0.0101065793937027,-0.00692801170261272,0.0107208255033532,-0.00946792217555797,-0.00946792217555797,0.0014184908323871,1,0,4.33680868994202e-19,1,0.00657787035415053,-0.0101069303165983,-0.0101069303165983,-0.00692789598221758,0.0107207974419253,-0.00946825092285574,-0.00946825092285574,0.00141862426982494,15.091538901919,-36.589690470356,2.17405347397737,-14.7547000877948,2.17405347397737,-14.7547000877948,-27.4482291007853,-3.1972411968754,2.60208521396521e-18,-5.16001399583676e-19,6.04735899001572e-20,0,0,0,0.00657798911293621,-0.00692801170261272,-0.0101065793937027,0.0107208255033532,0.00141849083238711,-0.00946792217555798,4.90946894323526e-12,6.40266128046311e-09,6.49144141400219e-12,4.7907653679728e-20,6.93889390390723e-18,8.2492554006684e-14
NC_k0015,0.0109649122807018,0.0109649122807018,0.484180211621563,97.0686435192832,21.6555793111259,104.331085127526,21.6060826656433,-105.035190099122,-24.1143580083821,-96.7229334796726,-19.9076362507682,1,960,4.38287645341117,4.40407871721011,2.89969520630504,0.749482919612024,2.59695007672248e-19,-6.80604208008631e-20,0,2.30538545440979e-19,-6.97704756573665e-05,0.000378657883816978,1,-1.09072251440285e-19,4.21509158766344e-20,1,0.00657798911293621,-0.0101065793937027,-0.0101065793937027,-0.00692801170261272,0.0107208255033532,-0.00946792217555797,-0.00946792217555797,0.0014184908323871,1,0,4.33680868994202e-19,1,0.00657787035415053,-0.0101069303165983,-0.0101069303165983,-0.00692789598221758,0.0107207974419253,-0.00946825092285574,-0.00946825092285574,0.00141862426982494,15.1250126905806,-36.5818698788318,2.18332991559701,-14.7952744331972,2.18332991559701,-14.7952744331972,-27.4340104818854,-3.18354985729531,3.03576608295941e-18,-3.95072480017529e-19,4.14841398188473e-19,0,0,0,0.00657798911293621,-0.00692801170261272,-0.0101065793937027,0.0107208255033532,0.00141849083238711,-0.00946792217555798,1.21628254015513e-12,1.0028111532914e-08,3.1178304754887e-12,1.09072251440285e-19,8.67361737988404e-18,1.66242170483903e-14
NC_k0015,0.0192982456140351,0.0192982456140351,0.485122251783139,96.0250892382003,21.1049946540061,107.547558794419,20.8489330342105,-109.007814315191,-24.5910507506623,-94.9196968013392,-18.100376718778,1,960,7.54750598691904,7.60464729296694,5.00021058236226,1.33546936833837,8.37814846508009e-19,4.0167692022228e-18,0,-2.12108961393298e-19,-6.92400749031915e-05,0.000378399744108474,1,-1.3238756972653e-19,1.30319431923468e-19,1,0.00657798911293621,-0.0101065793937027,-0.0101065793937027,-0.00692801170261272,0.0107208255033532,-0.00946792217555797,-0.00946792217555797,0.0014184908323871,1,0,4.33680868994202e-19,1,0.00657787035415053,-0.0101069303165983,-0.0101069303165983,-0.00692789598221758,0.0107207974419253,-0.00946825092285574,-0.00946825092285574,0.00141862426982494,15.1990268530817,-36.5890806280576,2.20687752769413,-14.8837405240355,2.20687752769413,-14.8837405240355,-27.4154801852028,-3.15899289927872,2.60208521396521e-18,1.49372804042596e-20,5.22108961908761e-19,0,0,0,0.00657798911293621,-0.00692801170261272,-0.0101065793937027,0.0107208255033532,0.00141849083238711,-0.00946792217555798,6.66427497235268e-13,7.38780875904636e-09,6.09178018500992e-12,1.3238756972653e-19,8.67361737988404e-18,5.6870287974892e-14
NC_k0016,-0.0223684210526316,-0.0223684210526316,0.346448361847468,-122.1784145614,0.356613351731574,-135.907351009638,17.9823486395126,108.335248901639,-2.50459154115911,148.057478696603,-19.6926188908134,1,960,-6.83021577982186,0.640143997320314,-2.04272368822551,2.89032270256342,6.57089779299464e-18,-8.69198078948271e-19,0,-5.50544945935694e-19,-0.000558062138281686,-0.00157909083984597,1,-6.08867315234274e-20,1.23236569308757e-20,1,-0.0115585687257176,-0.00604009263940822,-0.00604009263940822,0.00793210257873352,-0.00816450835296581,0.00422070397820643,0.00422070397820643,-0.00908432605554111,1,1.0842021724855e-19,0,1,-0.0115584152757329,-0.00604030236484709,-0.00604030236484709,0.00793191764900802,-0.00816459120222715,0.0042208505304279,0.0042208505304279,-0.00908439293574511,-20.7826665095768,-22.5302378385565,-3.30018894907261,16.5147807620181,-3.30018894907261,16.5147807620181,7.09470253307811,-4.30088950432523,1.30104260698261e-18,2.26697876925168e-20,6.45307457725954e-19,0,0,0,-0.0115585687257176,0.00793210257873352,-0.00604009263940822,-0.00816450835296581,-0.0090843260555411,0.00422070397820643,1.60907358122381e-12,9.61404996803128e-09,6.2796647746747e-12,6.08867315234274e-20,5.20417042793042e-18,6.24893962977437e-14
NC_k0016,-0.0140350877192982,-0.0140350877192982,0.344859522503208,-124.820400790816,3.02837752976848,-133.14420794854,14.3497011833688,115.295423943081,-5.18625835427483,140.923675990424,-16.0565311790693,1,960,-4.34628908374446,0.370544304271794,-1.31199577722599,1.81978974672609,5.98985966095779e-18,-7.39284400663143e-19,0,1.36433185001026e-18,-0.000557627496319192,-0.00157726681867543,1,-1.64258407779935e-19,-1.16382405375939e-19,1,-0.0115585687257176,-0.00604009263940822,-0.00604009263940822,0.00793210257873352,-0.00816450835296581,0.00422070397820643,0.00422070397820643,-0.0090843260555411,1,1.0842021724855e-19,0,1,-0.0115584152757329,-0.00604030236484709,-0.00604030236484709,0.00793191764900802,-0.00816459120222715,0.0042208505304279,0.0042208505304279,-0.00908439293574511,-20.7453268691074,-22.4929117808582,-3.28154722339136,16.3412011335831,-3.28154722339136,16.3412011335831,7.09001617602733,-4.28695568116899,1.73472347597681e-18,2.89613270432886e-19,-1.54183375869725e-19,0,0,0,-0.0115585687257176,0.00793210257873352,-0.00604009263940822,-0.00816450835296581,-0.0090843260555411,0.00422070397820643,1.51001745657354e-12,5.71963418966654e-09,5.83900039909085e-12,1.64258407779935e-19,3.46944695195361e-18,8.33811290147109e-14
NC_k0016,-0.00570175438596491,-0.00570175438596491,0.344111339767709,-127.355984192399,6.09581617976205,-130.657527452329,10.7475563288101,122.848030290163,-8.14384183367119,133.393775441585,-12.5644460426033,1,960,-1.77571935671639,0.141354348051991,-0.539340452859261,0.739244747257109,9.43217508881966e-19,-1.81115165585426e-18,0,-1.49870568615828e-18,-0.000557332362053886,-0.00157641326284044,1,-1.63179314260696e-20,-6.55527568478669e-20,1,-0.0115585687257176,-0.00604009263940822,-0.00604009263940822,0.00793210257873352,-0.00816450835296581,0.00422070397820643,0.00422070397820643,-0.00908432605554111,1,1.0842021724855e-19,0,1,-0.0115584152757329,-0.00604030236484709,-0.00604030236484709,0.00793191764900802,-0.00816459120222715,0.0042208505304279,0.0042208505304279,-0.00908439293574511,-20.7308095816018,-22.4880643279439,-3.26955966246344,16.2481437950033,-3.26955966246344,16.2481437950033,7.08743108239767,-4.28836584809812,1.30104260698261e-18,5.31810622583934e-19,8.16695226208567e-19,0,0,0,-0.0115585687257176,0.00793210257873352,-0.00604009263940822,-0.00816450835296581,-0.0090843260555411,0.00422070397820643,2.46613502396532e-12,4.64155654726148e-09,7.35479653119796e-12,6.55527568478669e-20,8.67361737988404e-18,2.98437214673458e-14
NC_k0016,0.00263157894736842,0.00263157894736842,0.34399946187711,-129.771218767216,9.4549225191665,-128.254114678569,7.30477293966818,130.562669130068,-11.3316607384694,125.68664128201,-9.29296727377377,1,960,0.820201427763584,-0.0645255832439705,0.249373028691463,-0.341130747019859,1.15663672436555e-18,-5.33895454566226e-20,0,-5.03117718334353e-19,-0.000557283695308993,-0.00157629127760595,1,-7.10165729902281e-20,3.55970910795155e-20,1,-0.0115585687257176,-0.00604009263940822,-0.00604009263940822,0.00793210257873352,-0.00816450835296581,0.00422070397820643,0.00422070397820643,-0.00908432605554111,1,1.0842021724855e-19,0,1,-0.0115584152757329,-0.00604030236484709,-0.00604030236484709,0.00793191764900802,-0.00816459120222715,0.0042208505304279,0.0042208505304279,-0.00908439293574511,-20.7286936386062,-22.4881765197784,-3.26754842903853,16.2336541119814,-3.26754842903853,16.2336541119814,7.08692658860906,-4.28911581605201,1.30104260698261e-18,5.78615290163876e-19,5.13353095221379e-19,0,0,0,-0.0115585687257176,0.00793210257873352,-0.00604009263940822,-0.00816450835296581,-0.0090843260555411,0.00422070397820643,8.83029817153242e-12,4.23679699320236e-09,5.21029272322404e-12,7.10165729902281e-20,5.20417042793042e-18,4.24402779415867e-14
NC_k0016,0.0109649122807018,0.0109649122807018,0.344504288517864,-132.206451853656,13.0111938272858,-125.772772546032,4.11814355001609,138.185349474354,-14.7461852311044,118.039049461538,-6.24712339661547,1,960,3.40515418881216,-0.281617382862453,1.0307671459634,-1.42200759809777,4.52314270344816e-18,-5.11980958597859e-19,0,-2.92845097900923e-19,-0.000557492831535948,-0.00157685543994389,1,-1.40450017139756e-19,-1.19412100128481e-19,1,-0.0115585687257176,-0.00604009263940822,-0.00604009263940822,0.00793210257873352,-0.0081645083529658,0.00422070397820643,0.00422070397820643,-0.0090843260555411,1,1.0842021724855e-19,0,1,-0.0115584152757329,-0.00604030236484709,-0.00604030236484709,0.00793191764900802,-0.00816459120222715,0.0042208505304279,0.0042208505304279,-0.00908439293574511,-20.7383391058264,-22.4894943625059,-3.27615913400429,16.2978068725496,-3.27615913400429,16.2978068725496,7.0889631600279,-4.28687674935879,2.16840434497101e-18,6.14508952689636e-19,-2.48457956572476e-19,0,0,0,-0.0115585687257176,0.00793210257873352,-0.00604009263940822,-0.00816450835296581,-0.0090843260555411,0.00422070397820643,1.46588449213689e-12,4.18256507963055e-09,1.80033566048805e-12,1.40450017139756e-19,5.20417042793042e-18,6.78371661755024e-14
NC_k0016,0.0192982456140351,0.0192982456140351,0.345734200995371,-134.842240441768,16.6515212867943,-123.147195460142,1.28726126062788,145.486909928668,-18.3479965758926,110.787429862711,-3.4531895126138,1,960,5.93157742911231,-0.537094152285813,1.7801794813527,-2.49879465012263,4.13563836496912e-19,1.14796125410109e-18,0,5.14509649730433e-19,-0.00055790743497785,-0.00157828473212368,1,-1.53304061561289e-19,-1.29886991024402e-19,1,-0.0115585687257176,-0.00604009263940822,-0.00604009263940822,0.00793210257873352,-0.00816450835296581,0.00422070397820643,0.00422070397820643,-0.0090843260555411,1,1.0842021724855e-19,0,1,-0.0115584152757329,-0.00604030236484709,-0.00604030236484709,0.00793191764900802,-0.00816459120222715,0.0042208505304279,0.0042208505304279,-0.00908439293574511,-20.7643191005006,-22.509426322619,-3.29278639225424,16.4410284629596,-3.29278639225424,16.4410284629596,7.09222679532704,-4.29223119022845,2.60208521396521e-18,2.66045423370686e-19,2.57822197969537e-19,0,0,0,-0.0115585687257176,0.00793210257873352,-0.00604009263940822,-0.00816450835296581,-0.0090843260555411,0.00422070397820643,1.98843654413408e-12,5.34239527377402e-09,3.38602738943919e-12,1.53304061561289e-19,4.33680868994202e-18,4.51174152024153e-14
NC_k0017,-0.0223684210526316,-0.0223684210526316,0.347137724333151,-16.623833209741,102.635174927183,-38.2945930467664,138.757022862737,16.1110585020621,-112.588566139898,35.3689725991693,-128.373715756464,1,960,0.667317781490111,-7.05586587702161,-2.10822087152538,3.11310750551708,-6.98568089371445e-19,3.85275583036579e-18,0,2.20781784679794e-18,-0.00125173571741336,0.000505802228270519,1,-1.51072258453916e-20,-7.23667762145396e-20,1,-0.0082771555149627,0.0045070511892108,0.0045070511892108,-0.00362172325633171,0.0152780878324339,-0.00620838961707159,-0.00620838961707159,-0.00510825188891229,1,1.0842021724855e-19,-2.16840434497101e-19,1,-0.00827716674766346,0.00450720768404377,0.00450720768404377,-0.00362181531250918,0.0152779550075923,-0.00620860518615552,-0.00620860518615552,-0.00510803078424481,-6.40498392418433,9.02705120746089,18.0000403378793,-0.383393397956147,18.0000403378793,-0.383393397956147,-24.0085861344946,-17.9353461288565,1.30104260698261e-18,-4.88304778006139e-20,-7.85968078195361e-19,0,0,0,-0.0082771555149627,-0.00362172325633171,0.00450705118921081,0.0152780878324339,-0.00510825188891229,-0.00620838961707159,1.3663429584215e-12,1.03677284601895e-08,7.53111710391949e-12,7.23667762145396e-20,6.93889390390723e-18,5.85274371711381e-14
NC_k0017,-0.0140350877192982,-0.0140350877192982,0.344622039742796,-20.2705116577906,109.440216862177,-34.001138052134,132.56371972632,19.3445123429474,-115.978301973307,31.4975567142109,-125.638317802531,1,960,0.389098451241177,-4.50457856552989,-1.35810843771525,1.95859328444923,5.13482291409643e-19,3.29691692850975e-18,0,2.25181723794086e-18,-0.00124953355938353,0.000505492618791263,1,-5.48589516147914e-21,1.65604465718272e-19,1,-0.0082771555149627,0.0045070511892108,0.0045070511892108,-0.00362172325633171,0.0152780878324339,-0.00620838961707158,-0.00620838961707158,-0.00510825188891229,1,1.0842021724855e-19,-2.16840434497101e-19,1,-0.00827716674766346,0.00450720768404377,0.00450720768404377,-0.00362181531250918,0.0152779550075923,-0.00620860518615552,-0.00620860518615552,-0.00510803078424481,-6.36309872626548,9.02223215753741,17.8141106113038,-0.376312834308211,17.8141106113038,-0.376312834308211,-23.9268880084246,-17.8555728517467,2.16840434497101e-18,2.93471119096734e-19,-2.3289967262566e-20,0,0,0,-0.0082771555149627,-0.00362172325633171,0.00450705118921081,0.0152780878324339,-0.00510825188891229,-0.00620838961707159,1.09509532828721e-12,7.81054712625695e-09,4.46790216376906e-12,1.65604465718272e-19,4.33680868994202e-18,4.22025289892783e-14
NC_k0017,-0.00570175438596491,-0.00570175438596491,0.343358908979879,-24.151347557543,116.477464979461,-29.7454153671758,125.953692994739,22.7631568827582,-119.104732515306,27.7097668660096,-122.962709834202,1,960,0.148941321673237,-1.84353534210957,-0.559216026744001,0.795081328985004,-2.93091597723464e-19,1.47304323483443e-20,0,-2.9778502051909e-18,-0.00124846013983824,0.000505415383549618,1,-2.0515589605271e-20,-5.36385996133444e-20,1,-0.0082771555149627,0.0045070511892108,0.0045070511892108,-0.00362172325633171,0.0152780878324339,-0.00620838961707158,-0.00620838961707158,-0.00510825188891229,1,1.0842021724855e-19,-2.16840434497101e-19,1,-0.00827716674766346,0.00450720768404377,0.00450720768404377,-0.00362181531250918,0.0152779550075923,-0.00620860518615552,-0.00620860518615552,-0.00510803078424481,-6.34961561352485,9.02225253784293,17.7142827650829,-0.370161426347413,17.7142827650829,-0.370161426347413,-23.8997356096488,-17.8143450142302,1.40946282423116e-18,2.22441753996181e-19,-5.50920922192839e-20,0,0,0,-0.0082771555149627,-0.00362172325633171,0.00450705118921081,0.0152780878324339,-0.00510825188891229,-0.00620838961707159,1.71917163506652e-12,4.7998192625563e-09,7.21665753767028e-12,5.36385996133444e-20,4.33680868994202e-18,1.22061545757229e-13
NC_k0017,0.00263157894736842,0.00263157894736842,0.343166908097529,-28.2104365476416,123.439831593313,-25.6266257344962,119.060710383728,26.3491429158691,-121.958837136992,24.0652790599558,-120.181329732057,1,960,-0.0680457344696423,0.851739137055074,0.258618822853195,-0.366873070267819,-1.61103350462053e-19,1.54325432522793e-18,0,-4.17753340863371e-18,-0.00124830239470465,0.000505408008963831,1,-5.05044335595411e-20,-5.25335844714088e-20,1,-0.0082771555149627,0.0045070511892108,0.0045070511892108,-0.00362172325633171,0.0152780878324339,-0.00620838961707158,-0.00620838961707158,-0.00510825188891229,1,1.0842021724855e-19,-2.16840434497101e-19,1,-0.00827716674766346,0.00450720768404377,0.00450720768404377,-0.00362181531250918,0.0152779550075923,-0.00620860518615552,-0.00620860518615552,-0.00510803078424481,-6.34808040031483,9.02234745623077,17.6987342184924,-0.369052622615991,17.6987342184924,-0.369052622615991,-23.896476031043,-17.8078938236802,1.73472347597681e-18,4.46393591753955e-19,-2.79043929977058e-19,0,0,0,-0.0082771555149627,-0.00362172325633171,0.00450705118921081,0.0152780878324339,-0.00510825188891229,-0.00620838961707159,1.39350897158465e-11,5.01631479041956e-09,3.52381226629315e-12,5.25335844714088e-20,4.33680868994202e-18,1.64996603459769e-14
NC_k0017,0.0109649122807018,0.0109649122807018,0.344026910181002,-32.4212783963277,130.170743511396,-21.6778942350998,112.028850756032,30.0877855986611,-124.655837302313,20.5837954717443,-117.165404410975,1,960,-0.296219491399598,3.53201653985475,1.06781302599018,-1.52990568842154,2.4806071235669e-19,-3.41708972790146e-18,0,3.95359245575845e-19,-0.0012490201304839,0.000505450726874933,1,7.27570996479786e-21,1.77948979402449e-19,1,-0.0082771555149627,0.0045070511892108,0.0045070511892108,-0.0036217232563317,0.0152780878324339,-0.00620838961707159,-0.00620838961707159,-0.00510825188891229,1,1.0842021724855e-19,-2.16840434497101e-19,1,-0.00827716674766346,0.00450720768404377,0.00450720768404377,-0.00362181531250918,0.0152779550075923,-0.00620860518615552,-0.00620860518615552,-0.00510803078424481,-6.35604954705325,9.02215454634671,17.7675834429739,-0.373660081511341,17.7675834429739,-0.373660081511341,-23.9128897599948,-17.8363816110627,2.60208521396521e-18,-3.34251702112457e-19,-7.68828947700174e-19,0,0,0,-0.0082771555149627,-0.00362172325633171,0.00450705118921081,0.0152780878324339,-0.00510825188891229,-0.00620838961707159,7.83360519295125e-13,4.80514919869982e-09,6.88311342257897e-12,1.77948979402449e-19,5.20417042793042e-18,2.0169625394294e-14
NC_k0017,0.0192982456140351,0.0192982456140351,0.346039223540607,-36.719601939906,136.530045450284,-17.9337777004588,105.081124829822,33.93968397426,-127.344232537406,17.2775871076077,-113.854926082766,1,960,-0.561744073330104,6.13597678537342,1.83949679497422,-2.69078114421071,1.39052369692614e-18,2.07414545980937e-18,0,3.03855202726249e-18,-0.00125077840795158,0.000505635613727031,1,-1.01545761501243e-20,2.16418653449153e-19,1,-0.0082771555149627,0.0045070511892108,0.0045070511892108,-0.0036217232563317,0.0152780878324339,-0.00620838961707158,-0.00620838961707158,-0.00510825188891229,1,1.0842021724855e-19,-2.16840434497101e-19,1,-0.00827716674766346,0.00450720768404377,0.00450720768404377,-0.00362181531250918,0.0152779550075923,-0.00620860518615552,-0.00620860518615552,-0.00510803078424481,-6.38444805450856,9.02372593465622,17.9210483009975,-0.38110582825478,17.9210483009975,-0.38110582825478,-23.9685663482664,-17.9004560611484,2.16840434497101e-18,-3.86242860755051e-19,-9.0868282492274e-20,0,0,0,-0.0082771555149627,-0.00362172325633171,0.00450705118921081,0.0152780878324339,-0.00510825188891229,-0.00620838961707159,2.63660872273871e-13,5.41220540960227e-09,2.82030998175872e-12,2.16418653449153e-19,5.20417042793042e-18,2.99982908701304e-14
NC_k0018,-0.0223684210526316,-0.0223684210526316,0.597033309026925,-22.8382387760482,-28.2553900703312,-2.5343576855586,-43.7864423362244,20.0512394624583,28.9887534575896,6.04675363308089,48.5777450044155,1,960,15.0109687710204,6.27407279592035,7.02406371709037,-0.630570597426355,-1.86183135762416e-18,1.7018877143809e-18,0,-1.2136129249582e-18,0.00024346979075161,0.00162728781154337,1,7.0047988961977e-20,-5.89955405077314e-20,1,0.000480665222583367,0.0166506935722712,0.0166506935722712,0.00125668900088172,-0.000142525586410514,0.00356399801294227,0.00356399801294227,0.0104029660136978,1,5.42101086242752e-20,0,1,0.000480679499500811,0.0166512717213535,0.0166512717213535,0.00125668980516413,-0.000142389512523243,0.00356412176287328,0.00356412176287328,0.0104029190061337,-1.20911200199677,61.4781980840395,1.37707572563249,2.41977062569427,1.37707572563249,2.41977062569427,11.910026805592,9.05010032100681,3.46944695195361e-18,-7.12448303790344e-19,1.26642990979356e-19,0,0,0,0.000480665222583363,0.00125668900088172,0.0166506935722712,-0.000142525586410515,0.0104029660136978,0.00356399801294227,6.44109679018291e-13,6.06207664582892e-09,5.06547907046624e-12,7.0047988961977e-20,1.04083408558608e-17,9.52097948328113e-14
NC_k0018,-0.0140350877192982,-0.0140350877192982,0.596647099804576,-18.1125795554557,-30.9562543768449,-4.57160093433999,-40.8664439356243,16.213218097682,32.1246252729312,7.25521999496513,45.2535712693548,1,960,9.63654608586945,4.07628262824947,4.52523347565933,-0.411795358832683,-6.58832814286235e-19,2.33884325582634e-18,0,-2.25265103599831e-18,0.00024456757374995,0.00162439420571838,1,1.43059566493029e-19,-7.05991686346575e-21,1,0.000480665222583368,0.0166506935722712,0.0166506935722712,0.00125668900088172,-0.000142525586410518,0.00356399801294227,0.00356399801294227,0.0104029660136978,1,5.42101086242752e-20,0,1,0.000480679499500811,0.0166512717213535,0.0166512717213535,0.00125668980516413,-0.000142389512523243,0.00356412176287328,0.00356412176287328,0.0104029190061337,-1.1381136821049,61.3915311953136,1.37283003025268,2.45969994757919,1.37283003025268,2.45969994757919,11.9699245992276,9.07900056593891,2.60208521396521e-18,-7.09061756367434e-19,-5.87270734052916e-20,0,0,0,0.000480665222583363,0.00125668900088172,0.0166506935722712,-0.000142525586410515,0.0104029660136978,0.00356399801294227,9.47484095770139e-13,6.23026790549106e-09,9.44942441726897e-12,1.43059566493029e-19,6.93889390390723e-18,1.07738583070045e-13
NC_k0018,-0.00570175438596491,-0.00570175438596491,0.596836016621713,-13.31476256533,-33.94316922477,-7.65579889206932,-37.9901956916322,12.7207872891424,36.0004978485207,9.06308063841784,41.5011685277947,1,960,3.95067500368032,1.68278560731614,1.85904200162885,-0.171255715168704,-1.32540803910597e-19,-8.53253345460699e-20,0,-1.05148552489781e-18,0.00024523942398977,0.00162312390528639,1,-1.92797191686593e-21,-6.41103152871687e-21,1,0.000480665222583365,0.0166506935722712,0.0166506935722712,0.00125668900088172,-0.000142525586410514,0.00356399801294227,0.00356399801294227,0.0104029660136978,1,5.42101086242752e-20,0,1,0.000480679499500811,0.0166512717213535,0.0166512717213535,0.00125668980516413,-0.000142389512523243,0.00356412176287328,0.00356412176287328,0.0104029190061337,-1.099323079004,61.3856025269225,1.36622185017514,2.48073572832995,1.36622185017514,2.48073572832995,12.0084788035044,9.11054727725497,3.46944695195361e-18,-4.25266486663846e-19,-5.43847703837969e-19,0,0,0,0.000480665222583363,0.00125668900088172,0.0166506935722712,-0.000142525586410515,0.0104029660136978,0.00356399801294227,1.59990931117031e-12,4.27959943421589e-09,5.14365809402598e-12,6.41103152871687e-21,1.04083408558608e-17,3.34832581927091e-14
NC_k0018,0.00263157894736842,0.00263157894736842,0.596886731408686,-9.03363042480138,-36.9167347054881,-11.654768137066,-35.047941845828,9.90871992364963,40.041749801098,11.5976812134557,37.4934368711796,1,960,-1.8255423791476,-0.778484290310653,-0.859328800921223,0.0793795933566745,-4.83053625396267e-19,-1.34715296304876e-18,0,-3.86349594343918e-19,0.000245347355007601,0.00162294750188162,1,-4.52345260692683e-21,-3.22173347358167e-20,1,0.000480665222583366,0.0166506935722712,0.0166506935722712,0.00125668900088172,-0.000142525586410515,0.00356399801294227,0.00356399801294227,0.0104029660136978,1,5.42101086242752e-20,0,1,0.000480679499500811,0.0166512717213535,0.0166512717213535,0.00125668980516413,-0.000142389512523243,0.00356412176287328,0.00356412176287328,0.0104029190061337,-1.09327314491976,61.3869113687123,1.36490369604777,2.48392301686045,1.36490369604777,2.48392301686045,12.014733229004,9.11639495827429,2.60208521396521e-18,-4.32968548015887e-19,-1.77630144516711e-19,0,0,0,0.000480665222583363,0.00125668900088172,0.0166506935722712,-0.000142525586410515,0.0104029660136978,0.00356399801294227,5.01093200470234e-12,6.23997736137244e-09,6.87999803202389e-12,3.22173347358167e-20,6.93889390390723e-18,3.51544339340462e-14
NC_k0018,0.0109649122807018,0.0109649122807018,0.596706223579106,-5.59278785636964,-39.80926300207,-16.3172852550917,-32.0452602666022,7.84250045865182,43.9124561338893,14.86092148381,33.5013202293881,1,960,-7.562873230212,-3.20928943879688,-3.5548136807729,0.325190244616752,1.2603982604042e-18,1.80537131773374e-19,0,1.42468294750213e-18,0.000244874746318114,0.0016237722664051,1,3.62941573474535e-19,1.79098829091764e-20,1,0.000480665222583367,0.0166506935722712,0.0166506935722712,0.00125668900088172,-0.000142525586410515,0.00356399801294227,0.00356399801294227,0.0104029660136978,1,5.42101086242752e-20,0,1,0.000480679499500811,0.0166512717213535,0.0166512717213535,0.00125668980516413,-0.000142389512523243,0.00356412176287328,0.00356412176287328,0.0104029190061337,-1.12003909868582,61.3857363311723,1.37017076586612,2.46961733767594,1.37017076586612,2.46961733767594,11.9875468911908,9.09239440526415,2.60208521396521e-18,-5.77868558132497e-19,-1.15063492952752e-19,0,0,0,0.000480665222583363,0.00125668900088172,0.0166506935722712,-0.000142525586410515,0.0104029660136978,0.00356399801294227,1.58261179574781e-12,7.01308570305956e-09,4.86135080120755e-12,3.62941573474535e-19,6.93889390390723e-18,4.13050009749245e-14
NC_k0018,0.0192982456140351,0.0192982456140351,0.59673421927708,-3.15910949294317,-42.6965661408772,-21.1560246778892,-29.1872604624226,6.43322157909259,47.4117574610049,18.6321706020534,30.0114014956464,1,960,-13.0896537557448,-5.49742922595426,-6.13373738396065,0.552850523882123,1.22155385883871e-18,-1.27849035476196e-19,0,-7.47612455070327e-19,0.000243908262716444,0.00162598997308973,1,2.89180249250939e-19,3.00236821298939e-20,1,0.000480665222583366,0.0166506935722712,0.0166506935722712,0.00125668900088172,-0.000142525586410515,0.00356399801294227,0.00356399801294227,0.0104029660136978,1,5.42101086242752e-20,0,1,0.000480679499500811,0.0166512717213535,0.0166512717213535,0.00125668980516413,-0.000142389512523243,0.00356412176287328,0.00356412176287328,0.0104029190061337,-1.17925174358371,61.4277768799022,1.37636763794594,2.4365190296488,1.37636763794594,2.4365190296488,11.9329644218573,9.05742699202299,3.46944695195361e-18,-6.18482149604906e-19,-3.38311987984241e-20,0,0,0,0.000480665222583363,0.00125668900088172,0.0166506935722712,-0.000142525586410515,0.0104029660136978,0.00356399801294227,3.60878676649636e-13,5.9659165317831e-09,3.32382707916061e-12,2.89180249250939e-19,1.04083408558608e-17,6.21406445693745e-14
NC_k0019,-0.0223684210526316,-0.0223684210526316,0.346908109942676,142.980062315663,42.9207155429556,159.080543150493,33.9793778363223,-130.175568702804,-47.678127302189,-169.199070645287,-27.7907921682449,1,960,6.45316240809608,3.32708518240952,3.22748170486681,-2.39434833455564,-1.23216824045899e-20,-1.96946327174894e-19,0,7.2489476672717e-19,0.00059529607849101,0.000624855438181312,1,-1.86291619229111e-20,-3.62167170444058e-20,1,0.0127487187526354,0.00482985425188675,0.00482985425188675,-0.0129637010912488,0.00660789271466915,0.00131317934767683,0.00131317934767683,0.000834533379048353,1,-2.16840434497101e-19,0,1,0.0127484946214634,0.00483002195515939,0.00483002195515939,-0.012963478826243,0.00660787490089928,0.00131322494418196,0.00131322494418196,0.000834615797211395,24.4201887930322,15.0567872013749,7.11807983906622,-18.386450802003,7.11807983906622,-18.386450802003,13.691634163495,-4.59909246458327,1.0842021724855e-18,1.98355164730794e-19,-1.71098586816049e-19,0,0,0,0.0127487187526354,-0.0129637010912488,0.00482985425188675,0.00660789271466915,0.000834533379048352,0.00131317934767683,1.07237997735985e-12,6.03460225724832e-09,3.41427481337535e-12,3.62167170444058e-20,3.46944695195361e-18,5.84061589184444e-14
NC_k0019,-0.0140350877192982,-0.0140350877192982,0.345353376124369,145.844937140663,40.8678438795604,155.879101365863,35.2677352247819,-136.981055009232,-43.7708664724591,-162.014242921351,-30.925636736662,1,960,4.11817537562175,2.18059663488271,2.07859476346643,-1.51022686720317,-5.2318710522836e-18,7.80264582570245e-19,0,1.17836179597364e-18,0.000593640685798053,0.000624633991782597,1,-1.09047499028737e-19,7.35169477347484e-20,1,0.0127487187526354,0.00482985425188675,0.00482985425188675,-0.0129637010912488,0.00660789271466915,0.00131317934767683,0.00131317934767683,0.000834533379048352,1,-2.16840434497101e-19,0,1,0.0127484946214634,0.00483002195515939,0.00483002195515939,-0.012963478826243,0.00660787490089928,0.00131322494418196,0.00131322494418196,0.000834615797211395,24.3675662388774,15.0614513219051,7.08339448824339,-18.216124533493,7.08339448824339,-18.216124533493,13.6313381355572,-4.60009257920639,1.0842021724855e-18,8.66658838481046e-19,-3.03202790591029e-19,0,0,0,0.0127487187526354,-0.0129637010912488,0.00482985425188675,0.00660789271466915,0.000834533379048352,0.00131317934767683,5.3627042055025e-13,3.94876815517704e-09,2.09073610802777e-12,1.09047499028737e-19,3.46944695195361e-18,4.43634804204425e-14
NC_k0019,-0.00570175438596491,-0.00570175438596491,0.344615857450411,148.826932382212,38.9868578458031,152.873527871035,36.7185648614478,-144.340643368904,-39.7754373868647,-154.609084349699,-34.4888935101886,1,960,1.68535610603686,0.904674739964138,0.854710179180331,-0.614105890257896,2.44423268331049e-18,-2.11358212269344e-18,0,5.14810743473403e-19,0.000592761255345095,0.000624614476676071,1,-7.7506190441089e-20,-1.71914618284712e-20,1,0.0127487187526354,0.00482985425188675,0.00482985425188675,-0.0129637010912488,0.00660789271466915,0.00131317934767683,0.00131317934767683,0.000834533379048353,1,-2.16840434497101e-19,0,1,0.0127484946214634,0.00483002195515939,0.00483002195515939,-0.012963478826243,0.00660787490089928,0.00131322494418196,0.00131322494418196,0.000834615797211395,24.3494431747747,15.0717322657158,7.06366404668339,-18.1263937338641,7.06366404668339,-18.1263937338641,13.6130527582276,-4.59835904203044,6.50521303491303e-19,-1.85450728807433e-19,-3.754321761672e-19,0,0,0,0.0127487187526354,-0.0129637010912488,0.00482985425188675,0.00660789271466915,0.000834533379048352,0.00131317934767683,2.61147013426802e-12,4.42187655251937e-09,4.75338644941984e-12,7.7506190441089e-20,3.46944695195361e-18,5.99222229957872e-14
NC_k0019,0.00263157894736842,0.00263157894736842,0.344505168617134,151.784396925728,37.2950575105383,149.91911791102,38.3413871747788,-151.847476634214,-35.8755404786803,-147.101860823833,-38.3195559744285,1,960,-0.778700305992059,-0.418787463012173,-0.395170963771388,0.283442584589987,-2.60002718860118e-18,-2.62904468448954e-19,0,-3.67006802899978e-19,0.000592627933137771,0.00062461906733783,1,-5.22917046549739e-20,-2.38639724149031e-20,1,0.0127487187526354,0.00482985425188675,0.00482985425188675,-0.0129637010912488,0.00660789271466915,0.00131317934767683,0.00131317934767683,0.000834533379048352,1,-2.16840434497101e-19,0,1,0.0127484946214634,0.00483002195515939,0.00483002195515939,-0.012963478826243,0.00660787490089928,0.00131322494418196,0.00131322494418196,0.000834615797211395,24.3470520146634,15.0737240216961,7.06047537801911,-18.1125019884576,7.06047537801911,-18.1125019884576,13.6110726832602,-4.59787376389904,6.50521303491303e-19,-5.53964111093566e-19,-1.58589859374661e-19,0,0,0,0.0127487187526354,-0.0129637010912488,0.00482985425188675,0.00660789271466915,0.000834533379048352,0.00131317934767683,8.85654513501545e-12,3.95215892883242e-09,1.92678345735679e-12,5.22917046549739e-20,5.20417042793042e-18,2.44922159543227e-14
NC_k0019,0.0109649122807018,0.0109649122807018,0.34500355517376,154.758315587346,35.7836611936424,146.943655742849,40.1538168573339,-159.307207358468,-32.1996980347271,-139.657567734126,-42.2989668766032,1,960,-3.22894636234467,-1.72076635938447,-1.63340519817061,1.1806900701581,-1.70580524176195e-18,7.13076010135013e-19,0,8.48386214736437e-19,0.000593224958898086,0.000624616590922953,1,9.4759700950892e-20,4.13432644779938e-20,1,0.0127487187526354,0.00482985425188675,0.00482985425188675,-0.0129637010912488,0.00660789271466915,0.00131317934767683,0.00131317934767683,0.000834533379048351,1,-2.16840434497101e-19,0,1,0.0127484946214634,0.00483002195515939,0.00483002195515939,-0.012963478826243,0.00660787490089928,0.00131322494418196,0.00131322494418196,0.000834615797211395,24.3584957056062,15.0657455013282,7.07434872635861,-18.1741595599077,7.07434872635861,-18.1741595599077,13.6215853118993,-4.59956923018235,1.95156391047391e-18,-2.10364441701142e-19,-3.17291163467649e-20,0,0,0,0.0127487187526354,-0.0129637010912488,0.00482985425188675,0.00660789271466915,0.000834533379048352,0.00131317934767683,1.46514739535575e-12,5.36309370899449e-09,9.39750082477136e-13,9.4759700950892e-20,2.60208521396521e-18,3.2340946144347e-14
NC_k0019,0.0192982456140351,0.0192982456140351,0.346211620481393,157.863922927228,34.4331254549972,143.997456568012,42.1462878506943,-166.582066859879,-28.8808650317446,-132.574979694385,-46.263128985262,1,960,-5.61052461756167,-2.92567724077219,-2.81694661325021,2.07152837904262,9.59608919900317e-19,6.47421030555454e-19,0,-4.75069678123905e-19,0.000594608463944127,0.000624728829387263,1,9.20647328741827e-21,7.90735646581978e-20,1,0.0127487187526354,0.00482985425188675,0.00482985425188675,-0.0129637010912488,0.00660789271466915,0.00131317934767683,0.00131317934767683,0.00083453337904835,1,-2.16840434497101e-19,0,1,0.0127484946214634,0.00483002195515939,0.00483002195515939,-0.012963478826243,0.00660787490089928,0.00131322494418196,0.00131322494418196,0.000834615797211395,24.3940124151031,15.0559616647387,7.10352780007984,-18.3135671423397,7.10352780007984,-18.3135671423397,13.6619357132606,-4.59993720967647,1.0842021724855e-18,-8.18101559940087e-19,1.00928018472344e-19,0,0,0,0.0127487187526354,-0.0129637010912488,0.00482985425188675,0.00660789271466915,0.000834533379048352,0.00131317934767683,6.67258820559818e-13,3.52755947456183e-09,2.83026521415342e-12,7.90735646581978e-20,5.20417042793042e-18,3.35108064576256e-14
NC_k0020,-0.0223684210526316,-0.0223684210526316,0.333412606446989,15.7099472940795,115.099302982597,16.2095918895478,149.436852353943,-18.7502824306572,-132.312353212773,-13.1804173371042,-135.412005535211,1,960,5.34015818141858,1.50495771400409,2.25888824548948,2.33959927693179,-1.12718247711376e-18,5.96245020418023e-19,0,1.02220002249098e-18,-0.000271112145807618,-0.00152549752034641,1,-1.19844604037658e-20,-1.44920770045299e-20,1,-0.000641862031582154,0.00761351814436902,0.00761351814436902,-0.0054579085922262,-0.00107937272190659,0.00271105892574516,0.00271105892574516,-0.0174160472675352,1,0,1.0842021724855e-19,1,-0.000641930312240769,0.00761378250263793,0.00761378250263793,-0.00545789326096536,-0.00107959480857794,0.00271115305973563,0.00271115305973563,-0.0174159857313846,2.22284851360603,18.3041163641776,15.1610143630112,-2.42313683828757,15.1610143630112,-2.42313683828757,10.4546796878424,-22.6704560011275,1.30104260698261e-18,6.87575723668715e-20,2.90963644200774e-19,0,0,0,-0.000641862031582153,-0.0054579085922262,0.00761351814436903,-0.00107937272190659,-0.0174160472675352,0.00271105892574516,1.52732225357782e-12,6.96667176154583e-09,4.54840403655941e-12,1.44920770045299e-20,4.33680868994202e-18,4.32884031408746e-14
NC_k0020,-0.0140350877192982,-0.0140350877192982,0.332847444697229,16.1465241773007,120.111847974098,16.9540831812333,142.382924768269,-18.4447547055781,-132.25267330463,-14.6675573462835,-133.447810196577,1,960,3.40173284858607,1.02722624063429,1.46155649944274,1.46502723077557,-7.44310350065015e-19,6.46590541220451e-19,0,-3.19099810543356e-19,-0.00027152926187124,-0.00152372044603662,1,4.35223450409662e-20,-9.39130242866051e-20,1,-0.000641862031582149,0.00761351814436902,0.00761351814436902,-0.0054579085922262,-0.00107937272190658,0.00271105892574516,0.00271105892574516,-0.0174160472675352,1,0,1.0842021724855e-19,1,-0.000641930312240769,0.00761378250263793,0.00761378250263793,-0.00545789326096536,-0.00107959480857794,0.00271115305973563,0.00271115305973563,-0.0174159857313846,2.26567864672873,18.3467450661927,15.0378966904832,-2.41728065975981,15.0378966904832,-2.41728065975981,10.4021247456407,-22.6437937302336,2.16840434497101e-18,-2.85131749967954e-19,2.07221560916539e-19,0,0,0,-0.000641862031582153,-0.0054579085922262,0.00761351814436903,-0.00107937272190659,-0.0174160472675352,0.00271105892574516,1.06572809387952e-12,6.00733183339306e-09,5.0520026017576e-12,9.39130242866051e-20,6.07153216591882e-18,6.13737734164823e-14
NC_k0020,-0.00570175438596491,-0.00570175438596491,0.332640272885403,16.7246375803557,126.081922056934,17.1646398916788,135.277763508618,-17.7508025840225,-132.131935862393,-16.1487562033127,-132.442133494866,1,960,1.38775745908324,0.432338626060417,0.600631708097411,0.593114730830229,6.77685914807544e-19,1.00278113043068e-18,0,1.61128165880429e-18,-0.000271734118835192,-0.00152265602118687,1,-5.85069237766386e-20,-2.21400319716886e-20,1,-0.000641862031582154,0.00761351814436902,0.00761351814436902,-0.0054579085922262,-0.00107937272190659,0.00271105892574516,0.00271105892574516,-0.0174160472675352,1,0,1.0842021724855e-19,1,-0.000641930312240769,0.00761378250263793,0.00761378250263793,-0.00545789326096536,-0.00107959480857794,0.00271115305973563,0.00271115305973563,-0.0174159857313846,2.2900781501774,18.3744391383054,14.9715059508696,-2.41475989796036,14.9715059508696,-2.41475989796036,10.3817241121001,-22.6372772417354,1.0842021724855e-18,2.82593783739779e-19,6.96319624712356e-19,0,0,0,-0.000641862031582153,-0.0054579085922262,0.00761351814436903,-0.00107937272190659,-0.0174160472675352,0.00271105892574516,1.8640286387547e-12,4.5046096856938e-09,2.13019682018054e-12,5.85069237766386e-20,3.46944695195361e-18,3.67136942407572e-15
NC_k0020,0.00263157894736842,0.00263157894736842,0.332610546717397,17.1158804485668,132.716093921352,16.9045320004082,128.462171166124,-16.6431821888023,-132.26192622697,-17.3874298655231,-132.131887369513,1,960,-0.640800178979077,-0.200463851270009,-0.277617129982209,-0.273525354570367,3.59790479236065e-20,-1.05145905511821e-18,0,-4.60481851713165e-18,-0.000271764079441981,-0.00152248548632763,1,-4.8820658650841e-20,7.59900077033915e-21,1,-0.000641862031582153,0.00761351814436902,0.00761351814436902,-0.0054579085922262,-0.00107937272190658,0.00271105892574516,0.00271105892574516,-0.0174160472675352,1,0,1.0842021724855e-19,1,-0.000641930312240769,0.00761378250263793,0.00761378250263793,-0.00545789326096536,-0.00107959480857794,0.00271115305973563,0.00271115305973563,-0.0174159857313846,2.29391528241578,18.3788414742753,14.9611050713032,-2.41438343634096,14.9611050713032,-2.41438343634096,10.378969312845,-22.6364707638244,1.73472347597681e-18,2.60563203325324e-20,-1.22393256054201e-19,0,0,0,-0.000641862031582153,-0.0054579085922262,0.00761351814436903,-0.00107937272190659,-0.0174160472675352,0.00271105892574516,8.59326761274593e-12,5.22030378191471e-09,4.45001592892147e-12,4.8820658650841e-20,5.20417042793042e-18,4.28921031134791e-14
NC_k0020,0.0109649122807018,0.0109649122807018,0.332747240685286,17.0940202053347,139.75296593545,16.3632451053939,122.219128289473,-15.2284133272068,-132.979521026684,-18.2392483776913,-132.201978118813,1,960,-2.66375611507785,-0.816521124054858,-1.14849148891381,-1.14292804185402,-9.67953517919752e-19,-2.89870556418183e-19,0,7.24643965565444e-18,-0.00027162774225318,-0.00152322973510978,1,1.13648501291021e-19,-7.77067487097268e-20,1,-0.000641862031582152,0.00761351814436902,0.00761351814436902,-0.0054579085922262,-0.00107937272190659,0.00271105892574515,0.00271105892574515,-0.0174160472675352,1,0,1.0842021724855e-19,1,-0.000641930312240769,0.00761378250263793,0.00761378250263793,-0.00545789326096536,-0.00107959480857794,0.00271115305973563,0.00271115305973563,-0.0174159857313846,2.27699168635277,18.3595758883961,15.0070295417636,-2.41607230369222,15.0070295417636,-2.41607230369222,10.392006036358,-22.6404410598331,1.73472347597681e-18,-3.57111099260168e-19,-6.52902547330625e-19,0,0,0,-0.000641862031582153,-0.0054579085922262,0.00761351814436903,-0.00107937272190659,-0.0174160472675352,0.00271105892574516,3.30734210892671e-12,5.12392089951385e-09,3.0870549340668e-12,1.13648501291021e-19,1.04083408558608e-17,5.90566806666662e-14
NC_k0020,0.0192982456140351,0.0192982456140351,0.333129401574631,16.5422652220473,146.865255027003,15.8314396831091,116.807711980374,-13.7106244025274,-134.562046303288,-18.6745839469811,-132.307157764208,1,960,-4.64261238388687,-1.34944704042947,-1.97737961002438,-2.01836146150182,-4.86779246875206e-20,1.90061620218554e-18,0,4.43417777420686e-18,-0.000271291905624272,-0.00152479003723169,1,4.67715355194971e-20,8.21208599035997e-21,1,-0.000641862031582152,0.00761351814436902,0.00761351814436902,-0.0054579085922262,-0.00107937272190659,0.00271105892574516,0.00271105892574516,-0.0174160472675352,1,0,1.0842021724855e-19,1,-0.000641930312240769,0.00761378250263793,0.00761378250263793,-0.00545789326096536,-0.00107959480857794,0.00271115305973563,0.00271115305973563,-0.0174159857313846,2.24049577664545,18.3196956597912,15.1086239469394,-2.42045072380738,15.1086239469394,-2.42045072380738,10.4298704281098,-22.6557151350654,1.73472347597681e-18,-2.41840520217576e-19,-3.33251352311548e-19,0,0,0,-0.000641862031582153,-0.0054579085922262,0.00761351814436903,-0.00107937272190659,-0.0174160472675352,0.00271105892574516,1.19693134454648e-12,5.88118875124479e-09,3.98607063654081e-12,4.67715355194971e-20,6.93889390390723e-18,1.13312072302326e-14
NC_k0021,-0.0223684210526316,-0.0223684210526316,0.263158670240941,-98.3086972152395,-42.2071462465885,-93.0599523677849,-46.6166831570922,84.4368667283238,40.925532352081,103.219477431674,49.9141916170762,1,960,5.93362585659125,3.80556709227356,3.2139336731254,0.919412824507329,1.88112120950889e-18,-1.92860799411434e-18,0,-8.69901182468941e-19,-0.00171790058217204,0.000331982683518082,1,-8.56074257776567e-21,3.87156562177049e-20,1,-0.0157696505906199,0.00743347769776724,0.00743347769776724,-0.00490678345698626,-0.00639315530433366,0.00364612015319482,0.00364612015319482,0.00422118215147607,1,0,-1.0842021724855e-19,1,-0.0157696460363655,0.00743373580463175,0.00743373580463175,-0.00490696749417513,-0.0063930725929545,0.00364624675458903,0.00364624675458903,0.00422108058616329,-17.0621994685022,29.0305668477834,-4.04521970883409,8.89343454720469,-4.04521970883409,8.89343454720469,6.52231613679669,7.8397832699981,2.60208521396521e-18,3.60393654064738e-19,2.14831757492888e-19,0,0,0,-0.0157696505906199,-0.00490678345698626,0.00743347769776725,-0.00639315530433366,0.00422118215147607,0.00364612015319482,7.46725387825841e-13,8.90478303891379e-09,1.49963434132005e-12,3.87156562177049e-20,4.33680868994202e-18,1.81409907624069e-14
NC_k0021,-0.0140350877192982,-0.0140350877192982,0.26286690477955,-96.2896644560413,-43.3374607499022,-92.3324381862907,-45.8936765516586,86.2973861575382,42.5425859625462,98.615900826028,48.700848635543,1,960,3.85075314756856,2.44194732776135,2.07659115685883,0.571465999570436,-4.44404438455339e-19,9.26442286059391e-23,0,-9.62351850811543e-19,-0.00171553412163524,0.000330089694221728,1,5.50742736952897e-21,-3.30568734897024e-20,1,-0.0157696505906199,0.00743347769776725,0.00743347769776725,-0.00490678345698626,-0.00639315530433366,0.00364612015319482,0.00364612015319482,0.00422118215147607,1,0,-1.0842021724855e-19,1,-0.0157696460363655,0.00743373580463175,0.00743373580463175,-0.00490696749417513,-0.0063930725929545,0.00364624675458903,0.00364624675458903,0.00422108058616329,-17.053621284083,28.9249386279401,-4.03312555295669,8.84511564013619,-4.03312555295669,8.84511564013619,6.58493580633031,7.8481022813533,8.67361737988404e-19,-3.21650447291917e-20,-1.0820005888314e-19,0,0,0,-0.0157696505906199,-0.00490678345698626,0.00743347769776725,-0.00639315530433366,0.00422118215147607,0.00364612015319482,2.12867413757441e-12,6.82395769536847e-09,2.2592977029846e-12,3.30568734897024e-20,2.16840434497101e-18,4.98375088395534e-14
NC_k0021,-0.00570175438596491,-0.00570175438596491,0.26287000709963,-94.4117169173391,-44.303756244192,-92.6518772401167,-45.2881588131809,89.1190591125718,44.4927752681329,94.237350351625,47.1087192953721,1,960,1.58643101597291,1.00096787030002,0.85384163247007,0.230330983286021,-2.02357494588032e-18,2.13114813018162e-19,0,-4.40167619357843e-20,-0.00171421771618068,0.000329169036112563,1,-1.17599640908563e-19,1.48151352908925e-20,1,-0.0157696505906199,0.00743347769776725,0.00743347769776725,-0.00490678345698626,-0.00639315530433366,0.00364612015319482,0.00364612015319482,0.00422118215147607,1,0,-1.0842021724855e-19,1,-0.0157696460363655,0.00743373580463175,0.00743373580463175,-0.00490696749417513,-0.0063930725929545,0.00364624675458903,0.00364624675458903,0.00422108058616329,-17.058015198582,28.8889251120244,-4.02890738475505,8.81947018746521,-4.02890738475505,8.81947018746521,6.61693222273281,7.8602410287004,1.73472347597681e-18,1.51833009236268e-19,1.61325702757732e-19,0,0,0,-0.0157696505906199,-0.00490678345698626,0.00743347769776725,-0.00639315530433366,0.00422118215147607,0.00364612015319482,2.75910991227511e-12,5.02458298357238e-09,4.09078678521065e-12,1.17599640908563e-19,3.46944695195361e-18,9.33386395615557e-14
NC_k0021,0.00263157894736842,0.00263157894736842,0.262878195101246,-92.9966860600684,-45.0531194592542,-93.8184256645669,-44.6028609685612,92.7393363971573,46.4396873347987,90.3689859441517,45.2257574847644,1,960,-0.733535108753165,-0.462562338653131,-0.394712157644071,-0.106123821860207,-4.22861346582008e-19,1.25599104210052e-19,0,2.08242719210225e-20,-0.00171401313816224,0.000329033728135311,1,-2.00299418955722e-20,3.69298236556101e-20,1,-0.0157696505906199,0.00743347769776724,0.00743347769776724,-0.00490678345698626,-0.00639315530433366,0.00364612015319482,0.00364612015319482,0.00422118215147607,1,0,-1.0842021724855e-19,1,-0.0157696460363655,0.00743373580463175,0.00743373580463175,-0.00490696749417513,-0.0063930725929545,0.00364624675458903,0.00364624675458903,0.00422108058616329,-17.059067436733,28.8845085115901,-4.02836139428883,8.81544629990667,-4.02836139428883,8.81544629990667,6.62165710146308,7.86254936420242,2.60208521396521e-18,-7.21188285215054e-20,8.90449304935518e-20,0,0,0,-0.0157696505906199,-0.00490678345698626,0.00743347769776725,-0.00639315530433366,0.00422118215147607,0.00364612015319482,1.21045598987546e-11,5.33814070987715e-09,3.30366411434483e-12,3.69298236556101e-20,6.07153216591882e-18,9.92484031193332e-15
NC_k0021,0.0109649122807018,0.0109649122807018,0.262857681425589,-92.3379858523335,-45.6687870889888,-95.5660937087144,-43.7193241083519,96.9609976386312,48.1565869547017,87.2341952147265,43.2434732857312,1,960,-3.02929182157869,-1.91626236643897,-1.63203288204577,-0.444980107928801,1.47374220245204e-18,5.74321425462918e-19,0,1.90967879297667e-19,-0.00171492067233457,0.000329648395394081,1,1.20382466826089e-20,-1.05004348432264e-19,1,-0.0157696505906199,0.00743347769776724,0.00743347769776724,-0.00490678345698626,-0.00639315530433366,0.00364612015319482,0.00364612015319482,0.00422118215147607,1,0,-1.0842021724855e-19,1,-0.0157696460363655,0.00743373580463175,0.00743373580463175,-0.00490696749417513,-0.0063930725929545,0.00364624675458903,0.00364624675458903,0.00422108058616329,-17.0551538587185,28.9065084118145,-4.03098292967139,8.83318088691936,-4.03098292967139,8.83318088691936,6.60021702719598,7.8531708781471,2.60208521396521e-18,3.84812845826431e-19,8.96027276595132e-20,0,0,0,-0.0157696505906199,-0.00490678345698626,0.00743347769776725,-0.00639315530433366,0.00422118215147607,0.00364612015319482,1.24403367412245e-12,8.48574848711089e-09,3.82160659529233e-12,1.05004348432264e-19,4.33680868994202e-18,1.50151322614467e-13
NC_k0021,0.0192982456140351,0.0192982456140351,0.262976987556368,-92.6599490092889,-46.3219865203719,-97.5655312023281,-42.6314180147973,101.515453136862,49.5112154650531,84.9983187488491,41.4567599516823,1,960,-5.19927953629614,-3.31761254994007,-2.81057438845799,-0.790832202237572,-2.37864553254116e-18,1.02146879482948e-18,0,1.05856949966371e-18,-0.00171692228582453,0.000331162230388969,1,-3.64837507825354e-20,-6.82477236002773e-20,1,-0.0157696505906199,0.00743347769776724,0.00743347769776724,-0.00490678345698627,-0.00639315530433365,0.00364612015319482,0.00364612015319482,0.00422118215147607,1,0,-1.0842021724855e-19,1,-0.0157696460363655,0.00743373580463175,0.00743373580463175,-0.00490696749417513,-0.0063930725929545,0.00364624675458903,0.00364624675458903,0.00422108058616329,-17.0550111787764,28.9790422204402,-4.03936215216138,8.8726214569419,-4.03936215216138,8.8726214569419,6.54868699621357,7.84085373917124,2.60208521396521e-18,1.83053690707383e-18,-2.04611336472384e-19,0,0,0,-0.0157696505906199,-0.00490678345698626,0.00743347769776725,-0.00639315530433366,0.00422118215147607,0.00364612015319482,8.00240067501586e-13,6.71338693963837e-09,2.13116562033164e-12,6.82477236002773e-20,4.33680868994202e-18,7.47249701141747e-14
NC_k0022,-0.0223684210526316,-0.0223684210526316,0.349433778674457,43.2412407459144,-117.278857126424,65.1710487851252,-157.724806459273,-39.4041114830978,129.318618296262,-66.2341091002442,145.767533723496,1,960,-1.14935789662203,3.85795452555319,0.893836887547292,-4.00050441576288,-1.38565987492433e-19,1.2932009347756e-18,0,2.12048080900214e-18,0.00106503894236186,-0.000292234766158455,1,-1.93038930111253e-20,-6.33942259799433e-20,1,0.00921842681296943,-0.00503965169388544,-0.00503965169388544,0.00145752932466205,-0.0151678539211591,0.00175471875137047,0.00175471875137047,0.00737260440386989,1,0,0,1,0.0092184057806828,-0.00503982668179148,-0.00503982668179148,0.00145764303017904,-0.0151676920910066,0.0017547796791049,0.0017547796791049,0.0073723749066209,10.1320236330809,-9.81723174931901,-19.74148467171,-4.30793249794587,-19.74148467171,-4.30793249794587,9.83417588925798,20.840204726473,1.0842021724855e-18,-2.96854096597145e-19,-2.7836475201309e-19,0,0,0,0.00921842681296943,0.00145752932466205,-0.00503965169388544,-0.0151678539211591,0.00737260440386989,0.00175471875137047,2.30275625564407e-12,6.55945146936421e-09,6.04441784043625e-12,6.33942259799433e-20,3.46944695195361e-18,1.00081982366889e-14
NC_k0022,-0.0140350877192982,-0.0140350877192982,0.346817949925618,47.0126233639521,-124.479857186671,60.6155953606525,-150.372444319834,-43.9145763136811,132.557832431246,-60.945807040681,142.40965294866,1,960,-0.714540164407819,2.45670765686356,0.574915272510396,-2.512982611946,3.36877576268346e-19,2.46572614434707e-19,0,2.20977661048846e-18,0.00106317023631849,-0.000292507005127631,1,-1.77350718906704e-20,-2.28344808417379e-19,1,0.00921842681296942,-0.00503965169388544,-0.00503965169388544,0.00145752932466205,-0.0151678539211591,0.00175471875137047,0.00175471875137047,0.00737260440386989,1,0,0,1,0.0092184057806828,-0.00503982668179148,-0.00503982668179148,0.00145764303017904,-0.0151676920910066,0.0017547796791049,0.0017547796791049,0.0073723749066209,10.0636418248831,-9.83398843312392,-19.5501553357128,-4.2715243123796,-19.5501553357128,-4.2715243123796,9.76308033601027,20.7301155717934,2.16840434497101e-18,-3.14128713482206e-20,-2.72341869448064e-19,0,0,0,0.00921842681296943,0.00145752932466205,-0.00503965169388544,-0.0151678539211591,0.00737260440386989,0.00175471875137047,2.53824451990119e-12,5.50603162967375e-09,3.98183507025718e-12,2.28344808417379e-19,3.46944695195361e-18,5.36195882204473e-14
NC_k0022,-0.00570175438596491,-0.00570175438596491,0.34547219575117,50.8305002670915,-132.092828476586,56.3093312619592,-142.70834674688,-48.7106823393881,135.52338710981,-55.6658620100938,139.410904446266,1,960,-0.285309132561233,1.00571726006514,0.237734682076292,-1.0191002061394,-1.88666662833545e-19,-2.05110351666609e-18,0,-2.14505138191741e-18,0.0010622006887779,-0.000292752534385039,1,6.10969972591078e-20,-9.72332118116695e-20,1,0.00921842681296943,-0.00503965169388544,-0.00503965169388544,0.00145752932466205,-0.0151678539211591,0.00175471875137047,0.00175471875137047,0.00737260440386989,1,0,0,1,0.0092184057806828,-0.00503982668179148,-0.00503982668179148,0.00145764303017904,-0.0151676920910066,0.0017547796791049,0.0017547796791049,0.0073723749066209,10.0342808174422,-9.84529675533611,-19.4476596469693,-4.25357487823806,-19.4476596469693,-4.25357487823806,9.7335146089937,20.6741742448231,1.30104260698261e-18,-3.72838911430241e-19,6.64986351212689e-19,0,0,0,0.00921842681296943,0.00145752932466205,-0.00503965169388544,-0.0151678539211591,0.00737260440386989,0.00175471875137047,8.90923565777654e-13,4.54875339035347e-09,3.87881046242239e-12,9.72332118116695e-20,6.93889390390723e-18,3.77602617512567e-14
NC_k0022,0.00263157894736842,0.00263157894736842,0.345265233841597,54.7926612462941,-139.84888732796,52.2667640443771,-134.943101273203,-53.7548425980813,138.357374090196,-50.5421852560287,136.57019386943,1,960,0.131255470440547,-0.464740797951169,-0.110050158078497,0.470143636478204,-1.13410184293777e-18,8.22601340681934e-19,0,-2.55878727198173e-18,0.00106205414546749,-0.000292795142294187,1,3.03550842654298e-20,-1.11166811414731e-19,1,0.00921842681296943,-0.00503965169388544,-0.00503965169388544,0.00145752932466205,-0.0151678539211591,0.00175471875137047,0.00175471875137047,0.00737260440386989,1,0,0,1,0.0092184057806828,-0.00503982668179148,-0.00503982668179148,0.00145764303017904,-0.0151676920910066,0.0017547796791049,0.0017547796791049,0.0073723749066209,10.0301376364369,-9.84709803526688,-19.4316962120663,-4.25087408729363,-19.4316962120663,-4.25087408729363,9.72948372586306,20.6655167288459,8.67361737988404e-19,-5.82571707257545e-19,3.7586326215597e-19,0,0,0,0.00921842681296943,0.00145752932466205,-0.00503965169388544,-0.0151678539211591,0.00737260440386989,0.00175471875137047,6.55917731078723e-12,4.8584425213197e-09,9.38546060831877e-12,1.11166811414731e-19,5.20417042793042e-18,6.59190957386039e-14
NC_k0022,0.0109649122807018,0.0109649122807018,0.346187151467776,58.9968789038851,-147.574087583918,48.4103496471343,-127.256355726776,-58.9900563108416,141.274424853534,-45.6507681479094,133.678352206187,1,960,0.554365701730631,-1.9263254763607,-0.45274672562794,1.96208137209232,1.87134362447579e-19,1.12898903957158e-18,0,7.62423620246456e-18,0.00106271205057472,-0.000292615694144347,1,-3.08154559358191e-20,-1.13731822524919e-19,1,0.00921842681296943,-0.00503965169388544,-0.00503965169388544,0.00145752932466205,-0.0151678539211591,0.00175471875137047,0.00175471875137047,0.00737260440386989,1,0,0,1,0.0092184057806828,-0.00503982668179148,-0.00503982668179148,0.00145764303017904,-0.0151676920910066,0.0017547796791049,0.0017547796791049,0.0073723749066209,10.0493743311614,-9.83924395437303,-19.5023825549464,-4.2630197959122,-19.5023825549464,-4.2630197959122,9.74850929451876,20.703945433779,1.73472347597681e-18,-5.30108705442786e-19,1.37855279488045e-19,0,0,0,0.00921842681296943,0.00145752932466205,-0.00503965169388544,-0.0151678539211591,0.00737260440386989,0.00175471875137047,1.76626781165138e-12,4.2743076636404e-09,1.7542054489364e-12,1.13731822524919e-19,3.46944695195361e-18,1.18659088695134e-14
NC_k0022,0.0192982456140351,0.0192982456140351,0.348299787226265,63.47016036211,-155.064880363081,44.6271044561351,-119.854092335373,-64.2975646340878,144.474150428652,-41.0271624937237,130.541143457971,1,960,0.991769406714936,-3.34958477406501,-0.778079071225535,3.45573791494843,-9.45165312429376e-19,6.9509641234056e-19,0,1.19231798726864e-18,0.00106424614231146,-0.00029230946098102,1,-9.86063857060013e-21,-3.5283366884549e-19,1,0.00921842681296943,-0.00503965169388544,-0.00503965169388544,0.00145752932466205,-0.0151678539211591,0.00175471875137047,0.00175471875137047,0.00737260440386989,1,0,0,1,0.0092184057806828,-0.00503982668179148,-0.00503982668179148,0.00145764303017904,-0.0151676920910066,0.0017547796791049,0.0017547796791049,0.0073723749066209,10.1005710799355,-9.82299495930126,-19.6600618259567,-4.29191316957663,-19.6600618259567,-4.29191316957663,9.80153557044483,20.7919292155436,1.73472347597681e-18,-5.56473706762217e-19,4.03841510147424e-19,0,0,0,0.00921842681296943,0.00145752932466205,-0.00503965169388544,-0.0151678539211591,0.00737260440386989,0.00175471875137047,1.56496775237504e-12,5.40371401404583e-09,4.66370017014923e-12,3.5283366884549e-19,3.46944695195361e-18,1.02001603477655e-14
NC_k0023,-0.0223684210526316,-0.0223684210526316,0.602650120547663,16.0740464513899,-2.62890827398158,25.3854165412876,-17.6748728276522,-18.7139080244691,1.14526099404228,-19.8939378633934,17.4005526507507,1,960,-3.07512832996389,13.0852567079048,3.30334236472046,-0.710804827959954,-3.59503943871877e-18,-3.38216285371702e-18,0,-1.22665921757939e-18,0.000302877311843954,-0.000459628596036448,1,-2.70274408201024e-20,1.39619584516668e-19,1,0.00179059656442486,-0.00748668606960372,-0.00748668606960372,-0.00832749512316028,-0.00107299813618593,0.0163878394980998,0.0163878394980998,-0.00129750229158753,1,1.0842021724855e-19,0,1,0.0017904803618123,-0.00748694602398114,-0.00748694602398114,-0.00832743566445882,-0.00107301037363706,0.0163884085203046,0.0163884085203046,-0.00129751063139707,4.17213358575975,-25.8500676923942,-3.93338529347548,0.785872344439658,-3.93338529347548,0.785872344439658,58.9056181177561,0.801898408131236,2.60208521396521e-18,1.18188460719348e-19,-3.86398662643462e-19,0,0,0,0.00179059656442486,-0.00832749512316028,-0.00748668606960372,-0.00107299813618593,-0.00129750229158753,0.0163878394980998,1.12661033247265e-12,1.07436878722484e-08,2.69718868022251e-12,1.39619584516668e-19,5.20417042793042e-18,4.1450283012248e-14
NC_k0023,-0.0140350877192982,-0.0140350877192982,0.601070601174825,17.0354076164284,-6.89647117709726,23.3246529944708,-16.3756409492318,-18.4763395835587,5.50903439220302,-19.0434476980161,16.0395736068196,1,960,-1.89035528524845,8.34820457707658,2.13109026630332,-0.452754095157278,-2.44257170464048e-18,2.1355685833751e-18,0,2.95650480948397e-19,0.000300280600675957,-0.000457707352074366,1,-8.30186917121738e-20,-9.25895390503143e-20,1,0.00179059656442486,-0.00748668606960372,-0.00748668606960372,-0.00832749512316029,-0.00107299813618593,0.0163878394980998,0.0163878394980998,-0.00129750229158753,1,1.0842021724855e-19,0,1,0.0017904803618123,-0.00748694602398114,-0.00748694602398114,-0.00832743566445882,-0.00107301037363706,0.0163884085203046,0.0163884085203046,-0.00129751063139707,4.10796322435593,-25.7976644087432,-3.85596986681275,0.757351520523704,-3.85596986681275,0.757351520523704,58.8018123323516,0.846695374510151,3.46944695195361e-18,6.33113560634174e-19,-8.61075787386431e-19,0,0,0,0.00179059656442486,-0.00832749512316028,-0.00748668606960372,-0.00107299813618593,-0.00129750229158753,0.0163878394980998,1.10109934056089e-12,8.22111884589049e-09,4.27791137456693e-12,9.25895390503143e-20,6.93889390390723e-18,4.6176897624637e-15
NC_k0023,-0.00570175438596491,-0.00570175438596491,0.600575201861801,18.5808878106094,-10.593707039647,21.2309907685087,-14.4369101834413,-18.3926202928549,9.4939768362604,-18.584725594708,13.8327912396753,1,960,-0.755611557225779,3.41105133022964,0.876295125091293,-0.185174315474151,1.74938773387615e-19,4.43650711481181e-18,0,1.72480061734862e-18,0.000299132921965907,-0.000456794531570413,1,-4.01490512807717e-20,6.22805358580318e-20,1,0.00179059656442486,-0.00748668606960372,-0.00748668606960372,-0.00832749512316029,-0.00107299813618593,0.0163878394980998,0.0163878394980998,-0.00129750229158753,1,1.0842021724855e-19,0,1,0.0017904803618123,-0.00748694602398114,-0.00748694602398114,-0.00832743566445882,-0.00107301037363706,0.0163884085203046,0.0163884085203046,-0.00129751063139707,4.08507569157857,-25.7855762215586,-3.81259706423298,0.737793927843788,-3.81259706423298,0.737793927843788,58.783063472516,0.864543627477128,4.33680868994202e-18,3.87044507761976e-19,-6.98470989966171e-19,0,0,0,0.00179059656442486,-0.00832749512316028,-0.00748668606960372,-0.00107299813618593,-0.00129750229158753,0.0163878394980998,2.72998138691717e-12,5.32581434510941e-09,1.26040687051012e-12,6.22805358580318e-20,1.04083408558608e-17,8.83630566373171e-14
NC_k0023,0.00263157894736842,0.00263157894736842,0.600516980318667,20.4806058938404,-13.5428020936871,19.2495179725408,-11.7693338635523,-18.491567218824,12.8099032510038,-18.4053634117859,10.8012017692119,1,960,0.347735056188505,-1.57536172774428,-0.40511680161336,0.0855775838233763,-2.83617070987282e-19,8.2706149854482e-19,0,-2.29470158961806e-18,0.000298973502705418,-0.000456661565098364,1,-6.41434136545844e-20,6.61816590381876e-20,1,0.00179059656442486,-0.00748668606960372,-0.00748668606960372,-0.00832749512316029,-0.00107299813618593,0.0163878394980998,0.0163878394980998,-0.00129750229158753,1,1.0842021724855e-19,0,1,0.0017904803618123,-0.00748694602398114,-0.00748694602398114,-0.00832743566445882,-0.00107301037363706,0.0163884085203046,0.0163884085203046,-0.00129751063139707,4.08231654467083,-25.7845816144198,-3.80576451860084,0.734485612226148,-3.80576451860084,0.734485612226148,58.7820945707777,0.866878391886602,2.60208521396521e-18,4.49401493372479e-19,-3.55655764434884e-19,0,0,0,0.00179059656442486,-0.00832749512316028,-0.00748668606960372,-0.00107299813618593,-0.00129750229158753,0.0163878394980998,4.81083078651241e-12,5.44851587400212e-09,8.55441866813253e-13,6.61816590381876e-20,5.20417042793042e-18,4.99170259081972e-15
NC_k0023,0.0109649122807018,0.0109649122807018,0.600813502372419,22.5494818313145,-15.7417722374158,17.5499107905655,-8.34060226367375,-18.8348147533799,15.3252739024938,-18.4259038792464,7.04046336222845,1,960,1.46635095666165,-6.54141134762018,-1.67476992901628,0.354875647058093,3.22388018914377e-18,1.1802715905719e-17,0,3.7122294248216e-19,0.000299719079128935,-0.000457268839554686,1,-2.50019568660974e-19,-1.58790035495423e-19,1,0.00179059656442486,-0.00748668606960372,-0.00748668606960372,-0.00832749512316028,-0.00107299813618593,0.0163878394980998,0.0163878394980998,-0.00129750229158753,1,1.0842021724855e-19,0,1,0.0017904803618123,-0.00748694602398114,-0.00748694602398114,-0.00832743566445882,-0.00107301037363706,0.0163884085203046,0.0163884085203046,-0.00129751063139707,4.09617449866253,-25.790835466051,-3.83587417938968,0.748611562961036,-3.83587417938968,0.748611562961036,58.7903472344656,0.855642292932298,3.46944695195361e-18,3.30927131451689e-19,-1.00444466066258e-18,0,0,0,0.00179059656442486,-0.00832749512316028,-0.00748668606960372,-0.00107299813618593,-0.00129750229158753,0.0163878394980998,1.88206695591003e-12,5.33619137102978e-09,1.86068173735829e-12,2.50019568660974e-19,6.93889390390723e-18,2.79027811552883e-14
NC_k0023,0.0192982456140351,0.0192982456140351,0.601860755189551,24.6390393877334,-17.2625247671257,16.3478684283092,-4.24375055765343,-19.5282190986074,16.993415109783,-18.6105819451208,2.76914679421602,1,960,2.63508330686156,-11.3807884096255,-2.88608268391211,0.617383041290819,-1.00807508635102e-18,-3.37632626731484e-18,0,-4.14581061855199e-19,0.000301714420508435,-0.000458783879786549,1,-1.05392791837252e-19,-2.66837572620135e-20,1,0.00179059656442486,-0.00748668606960372,-0.00748668606960372,-0.00832749512316028,-0.00107299813618593,0.0163878394980998,0.0163878394980998,-0.00129750229158753,1,1.0842021724855e-19,0,1,0.0017904803618123,-0.00748694602398114,-0.00748694602398114,-0.00832743566445882,-0.00107301037363706,0.0163884085203046,0.0163884085203046,-0.00129751063139707,4.14182143918654,-25.8224015559659,-3.90113030201188,0.774993266587643,-3.90113030201188,0.774993266587643,58.8490596369317,0.822456653074336,3.46944695195361e-18,-7.62037506427891e-20,-6.80101936315612e-19,0,0,0,0.00179059656442486,-0.00832749512316028,-0.00748668606960372,-0.00107299813618593,-0.00129750229158753,0.0163878394980998,6.42343418120658e-13,5.2795660642271e-09,4.83712676397244e-12,1.05392791837252e-19,6.93889390390723e-18,2.71163692287095e-14
NC_k0024,-0.0223684210526316,-0.0223684210526316,0.348703744666214,64.3491364308663,37.4852182259051,57.03817042565,48.7724299279576,-52.1279550752522,-36.0615317716471,-68.1129899620479,-49.3759508868063,1,960,0.276048239132972,-9.81131131130904,-3.14663681381812,-0.235866369111908,2.01049887475709e-18,1.35574240652951e-18,0,-8.08143877935732e-19,0.00111699193614685,0.000496191598818034,1,1.24531770867326e-20,-5.27688712980134e-20,1,0.010892794888854,0.00224738392473582,0.00224738392473582,0.00832526892141889,0.00777046573001903,-0.0121066857951696,-0.0121066857951696,-0.000184942655679284,1,0,1.0842021724855e-19,1,0.0108928560130375,0.00224746195889987,0.00224746195889987,0.00832537462070598,0.00777042959593181,-0.0121071061662042,-0.0121071061662042,-0.00018484067503759,10.5749457151255,5.46269759763552,7.44942088028166,-7.29615579776047,7.44942088028166,-7.29615579776047,-38.5413645897767,-6.02791488381799,3.03576608295941e-18,-5.8856408415828e-19,7.01856361568249e-20,0,0,0,0.010892794888854,0.00832526892141889,0.00224738392473582,0.00777046573001903,-0.000184942655679282,-0.0121066857951696,3.59088211902246e-13,1.07424542159674e-08,7.19200395343163e-12,5.27688712980134e-20,8.67361737988404e-18,2.65852099308363e-14
NC_k0024,-0.0140350877192982,-0.0140350877192982,0.348310760158207,62.8281711051321,40.7543120831659,57.600514508543,47.6796517081634,-54.3303050549506,-39.4333326260722,-64.9334889985879,-48.1944167438673,1,960,0.0933038928285983,-6.25666613896622,-2.03390954122544,-0.142845931101254,1.54318815077893e-18,-4.05371439710187e-18,0,8.37859514261087e-19,0.00111705954240135,0.000495866774928777,1,8.04916168598432e-21,1.45009630453288e-19,1,0.010892794888854,0.00224738392473582,0.00224738392473582,0.00832526892141889,0.00777046573001903,-0.0121066857951696,-0.0121066857951696,-0.000184942655679286,1,0,1.0842021724855e-19,1,0.0108928560130375,0.00224746195889987,0.00224746195889987,0.00832537462070598,0.00777042959593181,-0.0121071061662042,-0.0121071061662042,-0.00018484067503759,10.6217133531185,5.4960056943717,7.37711690878579,-7.22891062729468,7.37711690878579,-7.22891062729468,-38.5087663424508,-6.04418534791728,3.46944695195361e-18,-4.86265410113913e-19,5.29686597294003e-19,0,0,0,0.010892794888854,0.00832526892141889,0.00224738392473582,0.00777046573001903,-0.000184942655679282,-0.0121066857951696,1.15460394731066e-12,5.39201317920537e-09,1.47060619530598e-11,1.45009630453288e-19,6.93889390390723e-18,8.92485913308696e-14
NC_k0024,-0.00570175438596491,-0.00570175438596491,0.3482170065702,61.0768761453681,43.5026068014428,58.8063335406937,46.2679981978359,-57.1407669822095,-42.6639274008049,-61.5681365793518,-46.3089664101625,1,960,0.0202306419768835,-2.55586389382815,-0.836758973110916,-0.0567554763639105,-1.97051627266872e-18,4.94746650535316e-18,0,-1.33194772902881e-18,0.0011169260345279,0.000495753045344094,1,7.71750042084597e-21,3.43610080054745e-20,1,0.010892794888854,0.00224738392473582,0.00224738392473582,0.00832526892141889,0.00777046573001903,-0.0121066857951696,-0.0121066857951696,-0.000184942655679283,1,0,1.0842021724855e-19,1,0.0108928560130375,0.00224746195889987,0.00224746195889987,0.00832537462070598,0.00777042959593181,-0.0121071061662042,-0.0121071061662042,-0.00018484067503759,10.6467017455805,5.51557331349502,7.33813653861964,-7.19048125095138,7.33813653861964,-7.19048125095138,-38.5113044489891,-6.0518437356929,3.03576608295941e-18,-7.87467837412837e-19,-9.54639509067012e-20,0,0,0,0.010892794888854,0.00832526892141889,0.00224738392473582,0.00777046573001903,-0.000184942655679282,-0.0121066857951696,2.40774793788384e-12,3.73865325501141e-09,1.43259763160864e-11,3.43610080054745e-20,8.67361737988404e-18,1.43473854422616e-14
NC_k0024,0.00263157894736842,0.00263157894736842,0.348206597856142,59.3682085891046,45.6298466926697,60.4267544833703,44.3568715141479,-60.3352862535047,-45.4396785623621,-58.2836859241044,-43.750682571396,1,960,-0.00810445614521517,1.18038854043662,0.386853747816171,0.0260628562990139,2.37448481406002e-18,-2.59816768658416e-18,0,-7.97201932792881e-19,0.00111689436889078,0.000495739280057126,1,9.07179631887343e-20,5.75604905558248e-20,1,0.010892794888854,0.00224738392473582,0.00224738392473582,0.00832526892141889,0.00777046573001903,-0.0121066857951696,-0.0121066857951696,-0.000184942655679285,1,0,1.0842021724855e-19,1,0.0108928560130375,0.00224746195889987,0.00224746195889987,0.00832537462070598,0.00777042959593181,-0.0121071061662042,-0.0121071061662042,-0.00018484067503759,10.6503758552001,5.51867409573152,7.33204728949767,-7.18432807897637,7.33204728949767,-7.18432807897637,-38.5126479231433,-6.05289766503563,3.46944695195361e-18,-8.99443756291723e-19,3.38220682678377e-19,0,0,0,0.010892794888854,0.00832526892141889,0.00224738392473582,0.00777046573001903,-0.000184942655679282,-0.0121066857951696,7.81922881893175e-12,5.80326525442954e-09,6.74989733495061e-12,9.07179631887343e-20,8.67361737988404e-18,7.28550127104874e-14
NC_k0024,0.0109649122807018,0.0109649122807018,0.348261195284129,57.9815013605599,47.2078137351153,62.1970405948882,41.8387263967783,-63.7013759029799,-47.5832272923285,-55.3089573940262,-40.6607865776216,1,960,-0.0569933990084284,4.90200407769095,1.5988535239652,0.110518058627378,-2.80831788428693e-18,6.15788982186936e-18,0,-1.27257435902098e-18,0.00111701255663352,0.000495808945369037,1,1.11531428850382e-19,7.94971517546153e-20,1,0.010892794888854,0.00224738392473582,0.00224738392473582,0.00832526892141889,0.00777046573001903,-0.0121066857951696,-0.0121066857951696,-0.000184942655679287,1,0,1.0842021724855e-19,1,0.0108928560130375,0.00224746195889987,0.00224746195889987,0.00832537462070598,0.00777042959593181,-0.0121071061662042,-0.0121071061662042,-0.00018484067503759,10.6336591832818,5.50508359800114,7.35896737856761,-7.21122336001274,7.35896737856761,-7.21122336001274,-38.5086304812282,-6.04794744040047,4.33680868994202e-18,-2.35182428337757e-19,5.65064658117723e-19,0,0,0,0.010892794888854,0.00832526892141889,0.00224738392473582,0.00777046573001903,-0.000184942655679282,-0.0121066857951696,1.43141674962853e-12,3.46904884262818e-09,3.45994124564318e-12,1.11531428850382e-19,1.21430643318376e-17,5.26004049672252e-14
NC_k0024,0.0192982456140351,0.0192982456140351,0.348488330959525,57.1567200382141,48.3925535747264,63.8262930386206,38.731574853633,-66.9791251416612,-49.0167604054391,-52.8498853543429,-37.2926615152297,1,960,-0.192653938953727,8.53158876023323,2.75184849102222,0.200725223860254,-3.54434981078152e-18,-8.83070228693031e-18,0,2.11239346415321e-18,0.00111707242226264,0.000496032599723182,1,9.71017792348943e-20,5.5969595374608e-20,1,0.010892794888854,0.00224738392473582,0.00224738392473582,0.00832526892141888,0.00777046573001903,-0.0121066857951696,-0.0121066857951696,-0.000184942655679285,1,0,1.0842021724855e-19,1,0.0108928560130375,0.00224746195889987,0.00224746195889987,0.00832537462070598,0.00777042959593181,-0.0121071061662042,-0.0121071061662042,-0.00018484067503759,10.5939187438734,5.47602890441456,7.41873265129251,-7.2681854666355,7.41873265129251,-7.2681854666355,-38.5202571870954,-6.03484448333446,3.46944695195361e-18,1.30007925322114e-19,2.46570737762374e-19,0,0,0,0.010892794888854,0.00832526892141889,0.00224738392473582,0.00777046573001903,-0.000184942655679282,-0.0121066857951696,1.11181859036116e-12,5.87711297257882e-09,2.50312300341577e-12,9.71017792348943e-20,8.67361737988404e-18,1.003535044614e-14
NC_k0025,-0.0223684210526316,-0.0223684210526316,0.357643181968451,-95.8152114772373,-64.471774179399,-112.795722334149,-64.3676280161363,91.188025242319,74.9407286460189,114.769626510026,54.4443361722158,1,960,-6.78361509855122,-8.70641464924408,-5.11170981677251,0.947263479416605,3.41821469353453e-18,-1.54882621383409e-18,0,-2.907823576074e-18,-0.000297665283837161,0.000298613822507861,1,-3.06321793450525e-20,-7.42183205202841e-20,1,-0.00763455358412233,-0.00511308436295233,-0.00511308436295233,0.0140282183419054,-0.00205238742742985,-0.00888579138831072,-0.00888579138831072,0.00596736686248431,1,2.16840434497101e-19,-2.37169225231204e-20,1,-0.00763433778894607,-0.00511326190060382,-0.00511326190060383,0.0140280580472913,-0.00205230081940895,-0.00888609992273393,-0.00888609992273393,0.00596731423865989,-17.0120763784646,-14.1364496388713,-8.3590987447572,11.7122820711735,-8.3590987447572,11.7122820711735,-37.4915472451928,10.0307865914833,1.73472347597681e-18,-6.51992994206287e-19,2.07427503448922e-19,0,0,0,-0.00763455358412233,0.0140282183419054,-0.00511308436295233,-0.00205238742742985,0.00596736686248431,-0.00888579138831073,5.29964063995362e-13,1.1305748706936e-08,4.38834685247237e-13,7.42183205202841e-20,5.20417042793042e-18,3.36813909072243e-14
NC_k0025,-0.0140350877192982,-0.0140350877192982,0.356686093751604,-98.8901450555074,-63.0580214843638,-109.991310017955,-63.2778756222794,95.633701159386,70.2463783554635,110.567490203506,56.6210833795644,1,960,-4.36439902709988,-5.62662611584149,-3.29703829717063,0.605003056931347,4.65524013855043e-19,3.41063110167864e-19,0,6.91040125411753e-19,-0.000295640565897743,0.000297648702877554,1,-3.58005587316451e-20,5.94870825896684e-20,1,-0.00763455358412234,-0.00511308436295233,-0.00511308436295233,0.0140282183419054,-0.00205238742742985,-0.00888579138831072,-0.00888579138831072,0.00596736686248431,1,2.16840434497101e-19,-2.37169225231204e-20,1,-0.00763433778894607,-0.00511326190060382,-0.00511326190060383,0.0140280580472913,-0.00205230081940895,-0.00888609992273393,-0.00888609992273393,0.00596731423865989,-16.9752119761067,-14.1614072310479,-8.32340726347653,11.6116681671966,-8.32340726347653,11.6116681671966,-37.3975165343076,10.0053718345257,1.73472347597681e-18,2.22987740754688e-19,1.64590659944149e-21,0,0,0,-0.00763455358412233,0.0140282183419054,-0.00511308436295233,-0.00205238742742985,0.00596736686248431,-0.00888579138831073,1.08429055695444e-12,8.36811238643708e-09,2.26670189853854e-12,5.94870825896684e-20,5.20417042793042e-18,5.22917689824254e-14
NC_k0025,-0.00570175438596491,-0.00570175438596491,0.356361431671151,-102.317672515042,-62.3553878028959,-106.915134524193,-62.5141191184509,100.229342508246,65.5440553966682,106.308728721115,59.8504380544434,1,960,-1.79283260288061,-2.31477818422893,-1.35551155974616,0.247863579673643,1.23369687023099e-18,6.14611738739151e-18,0,-2.5848763417065e-18,-0.000294672882698286,0.000297040843954016,1,6.14013847181114e-20,3.04096149225779e-20,1,-0.00763455358412234,-0.00511308436295233,-0.00511308436295233,0.0140282183419054,-0.00205238742742985,-0.00888579138831072,-0.00888579138831072,0.00596736686248431,1,2.16840434497101e-19,-2.37169225231204e-20,1,-0.00763433778894607,-0.00511326190060382,-0.00511326190060383,0.0140280580472913,-0.00205230081940895,-0.00888609992273393,-0.00888609992273393,0.00596731423865989,-16.9664897106879,-14.1803563256755,-8.30357988425001,11.560702710807,-8.30357988425001,11.560702710807,-37.3741482264399,9.99400714251814,1.73472347597681e-18,-3.02300301321863e-19,-6.5823093677367e-21,0,0,0,-0.00763455358412233,0.0140282183419054,-0.00511308436295233,-0.00205238742742985,0.00596736686248431,-0.00888579138831073,8.33514457882072e-13,7.58460585060829e-09,4.07703192227841e-12,6.14013847181114e-20,5.20417042793042e-18,3.81641525792511e-14
NC_k0025,0.00263157894736842,0.00263157894736842,0.356320434960574,-105.713243654127,-62.3556062834087,-103.584911491816,-62.2777146616616,104.703870331062,61.2589901333641,101.897495767889,63.8983153772789,1,960,0.82880159664804,1.07014866589365,0.626653586638771,-0.114571942276287,1.45903410398023e-18,-9.69392150441104e-18,0,1.54322485691861e-18,-0.000294533084385841,0.000296940718801172,1,6.52830069303541e-20,-4.73991470081208e-20,1,-0.00763455358412234,-0.00511308436295233,-0.00511308436295233,0.0140282183419054,-0.00205238742742985,-0.00888579138831072,-0.00888579138831072,0.00596736686248431,1,2.16840434497101e-19,-2.37169225231204e-20,1,-0.00763433778894607,-0.00511326190060382,-0.00511326190060383,0.0140280580472913,-0.00205230081940895,-0.00888609992273393,-0.00888609992273393,0.00596731423865989,-16.9657172720029,-14.1835205051865,-8.30039086569252,11.5529383545952,-8.30039086569252,11.5529383545952,-37.3720074021408,9.99225197540849,1.73472347597681e-18,2.50469772107337e-19,2.25515934802405e-19,0,0,0,-0.00763455358412233,0.0140282183419054,-0.00511308436295233,-0.00205238742742985,0.00596736686248431,-0.00888579138831073,3.3797963637169e-12,7.6010890041433e-09,2.66959955189112e-12,6.52830069303541e-20,5.20417042793042e-18,2.88211451552561e-14
NC_k0025,0.0109649122807018,0.0109649122807018,0.356521207777217,-108.891256919563,-62.9476039489768,-100.138051003626,-62.7149481667055,109.01224351981,57.701472128024,97.3308748418729,68.4912055519654,1,960,3.42820122444169,4.42297830044725,2.59088924321332,-0.474647047930297,2.72639391641968e-18,2.45576688977193e-18,0,-1.88361329789936e-18,-0.000295173684404784,0.000297370986304361,1,-1.15082136657564e-19,-2.49077201461569e-20,1,-0.00763455358412233,-0.00511308436295233,-0.00511308436295233,0.0140282183419054,-0.00205238742742985,-0.00888579138831072,-0.00888579138831072,0.00596736686248431,1,2.16840434497101e-19,-2.37169225231204e-20,1,-0.00763433778894607,-0.00511326190060382,-0.00511326190060383,0.0140280580472913,-0.00205230081940895,-0.00888609992273393,-0.00888609992273393,0.00596731423865989,-16.9703144288222,-14.1699813507894,-8.31429502659087,11.5876495306499,-8.31429502659087,11.5876495306499,-37.384512157651,10.0000327949099,2.38524477946811e-18,9.38221166129076e-19,3.96883722181536e-19,0,0,0,-0.00763455358412233,0.0140282183419054,-0.00511308436295233,-0.00205238742742985,0.00596736686248431,-0.00888579138831073,6.95405145241276e-13,1.1812505439401e-08,3.49236210945171e-12,1.15082136657564e-19,6.93889390390723e-18,3.08290438381361e-14
NC_k0025,0.0192982456140351,0.0192982456140351,0.357172271204439,-111.788296328709,-63.9404566200415,-96.8718842948774,-63.8714306483431,113.218623009775,55.109524704839,92.7762732768036,73.241744187126,1,960,5.91902905570348,7.61343563505245,4.46571334794943,-0.823628011045214,1.41285095602017e-18,2.10595882616816e-18,0,-1.42647172557678e-18,-0.00029678697698038,0.000298238514763515,1,-4.60125716159785e-20,-2.47645045827195e-20,1,-0.00763455358412233,-0.00511308436295233,-0.00511308436295233,0.0140282183419054,-0.00205238742742985,-0.00888579138831072,-0.00888579138831072,0.0059673668624843,1,2.16840434497101e-19,-2.37169225231204e-20,1,-0.00763433778894607,-0.00511326190060382,-0.00511326190060383,0.0140280580472913,-0.00205230081940895,-0.00888609992273393,-0.00888609992273393,0.00596731423865989,-16.9927573531075,-14.1447323428058,-8.34392346161215,11.6686632570722,-8.34392346161215,11.6686632570722,-37.4428811557719,10.0188554590623,2.16840434497101e-18,6.48604897981342e-19,6.73130704209011e-19,0,0,0,-0.00763455358412233,0.0140282183419054,-0.00511308436295233,-0.00205238742742985,0.00596736686248431,-0.00888579138831073,4.97202131365475e-13,8.42777822845933e-09,3.40369179407965e-12,4.60125716159785e-20,8.67361737988404e-18,7.77092116418581e-16
NC_k0026,-0.0223684210526316,-0.0223684210526316,0.209666389481783,18.6787085576131,-83.8167463960272,19.3521668792267,-116.472021849349,-13.2332239455812,97.4315407841159,-24.6380065217774,106.668296877213,1,960,-3.59957677955337,0.490558672978153,-1.0259759751698,-2.42769189900422,4.6874670952155e-19,-1.62299453627804e-19,0,-3.43037755726151e-18,3.74249030186919e-05,0.00191822737530383,1,-1.05240078912547e-19,-1.89867402894219e-20,1,0.00138174908359249,-0.00623142958188206,-0.00623142958188206,-0.00146165364460813,0.0069875301218291,-0.000509136241330345,-0.000509136241330345,0.0175510349137461,1,-2.71050543121376e-20,0,1,0.00138172405446915,-0.00623164595096477,-0.00623164595096477,-0.00146162930910077,0.00698772832310782,-0.000509153919672058,-0.000509153919672058,0.0175510497208444,2.93136495091286,-15.0960235304432,-9.87891204641042,-2.40714132049193,-9.87891204641042,-2.40714132049193,-0.799384977381576,18.4337302704357,1.30104260698261e-18,-3.30112419654484e-20,-1.32799185163913e-18,0,0,0,0.00138174908359249,-0.00146165364460813,-0.00623142958188206,0.0069875301218291,0.0175510349137461,-0.000509136241330345,3.05692672098806e-12,6.18071090484197e-09,2.10475319522349e-12,1.05240078912547e-19,8.67361737988404e-18,8.48553934352169e-14
NC_k0026,-0.0140350877192982,-0.0140350877192982,0.209782965254845,18.4319627750502,-88.8520453183517,18.4170919365568,-109.973992629982,-14.571478326342,98.6786080305288,-22.1031262653513,103.974454200362,1,960,-2.28047756154138,0.259901613373576,-0.66679006289538,-1.52298359054825,-8.72179237875912e-20,2.98089422984509e-19,0,2.57597277638814e-18,3.76406352379331e-05,0.00191640393347491,1,-5.57245867942589e-20,1.41268750024105e-19,1,0.00138174908359249,-0.00623142958188206,-0.00623142958188206,-0.00146165364460813,0.00698753012182909,-0.000509136241330345,-0.000509136241330345,0.0175510349137461,1,-2.71050543121376e-20,0,1,0.00138172405446915,-0.00623164595096477,-0.00623164595096477,-0.00146162930910077,0.00698772832310782,-0.000509153919672058,-0.000509153919672058,0.0175510497208444,2.86854635718603,-15.1394473963856,-9.79503321491833,-2.36748540681297,-9.79503321491833,-2.36748540681297,-0.754794367392694,18.4386755561743,1.30104260698261e-18,1.32847842766522e-19,-8.28069966321711e-19,0,0,0,0.00138174908359249,-0.00146165364460813,-0.00623142958188206,0.0069875301218291,0.0175510349137461,-0.000509136241330345,5.72239065015339e-12,5.01405159423973e-09,7.18434193157459e-12,1.41268750024105e-19,3.46944695195361e-18,1.91843911605365e-13
NC_k0026,-0.00570175438596491,-0.00570175438596491,0.20992739449179,18.1151560217123,-94.6581305242431,18.0083833571626,-103.36561819769,-16.3998615351582,99.915170467835,-19.5430860135326,101.94263707367,1,960,-0.926868492447664,0.0964460222513754,-0.27403941516478,-0.617301124728546,-3.13666888280108e-19,6.59653377453888e-19,0,6.34708588029494e-18,3.77636339973684e-05,0.00191534793017777,1,-3.06577448426249e-20,2.35404404667643e-20,1,0.00138174908359249,-0.00623142958188206,-0.00623142958188206,-0.00146165364460813,0.0069875301218291,-0.000509136241330345,-0.000509136241330345,0.0175510349137461,1,-2.71050543121376e-20,0,1,0.00138172405446915,-0.00623164595096477,-0.00623164595096477,-0.00146162930910077,0.00698772832310782,-0.000509153919672058,-0.000509153919672058,0.0175510497208444,2.83560171547767,-15.1662506987024,-9.74985775471105,-2.34625952202967,-9.74985775471105,-2.34625952202967,-0.731917075683548,18.4493120306063,1.30104260698261e-18,6.00489069828863e-21,-1.18673729971665e-18,0,0,0,0.00138174908359249,-0.00146165364460813,-0.00623142958188206,0.0069875301218291,0.0175510349137461,-0.000509136241330345,6.32162284348292e-12,4.03107966338613e-09,5.32936905772752e-12,3.06577448426249e-20,3.46944695195361e-18,6.24055365536831e-14
NC_k0026,0.00263157894736842,0.00263157894736842,0.209952217434555,17.9742536484702,-100.961497174588,18.0312061267177,-96.9344524999374,-18.6401218672731,101.328362044258,-17.1836264423542,100.402597090888,1,960,0.427708841173332,-0.0439338578105216,0.126645744509731,0.284741510021241,-2.62447864750825e-19,1.2775639124759e-19,0,2.81836978309068e-19,3.77831841971954e-05,0.00191518093120372,1,-2.97682665548918e-20,-1.68425789777864e-20,1,0.00138174908359249,-0.00623142958188206,-0.00623142958188206,-0.00146165364460813,0.0069875301218291,-0.000509136241330345,-0.000509136241330345,0.0175510349137461,1,-2.71050543121376e-20,0,1,0.00138172405446915,-0.00623164595096477,-0.00623164595096477,-0.00146162930910077,0.00698772832310782,-0.000509153919672058,-0.000509153919672058,0.0175510497208444,2.83054312704933,-15.1704529009952,-9.74278723338459,-2.3429771561651,-9.74278723338459,-2.3429771561651,-0.728421961902963,18.4512121955467,1.0842021724855e-18,-4.99830687411548e-20,-9.95371087608348e-19,0,0,0,0.00138174908359249,-0.00146165364460813,-0.00623142958188206,0.0069875301218291,0.0175510349137461,-0.000509136241330345,1.79043610531057e-11,5.12307888211084e-09,7.83061886121421e-12,2.97682665548918e-20,3.46944695195361e-18,1.05759590271651e-15
NC_k0026,0.0109649122807018,0.0109649122807018,0.209846997216267,18.2077299400127,-107.536617332873,18.3088377464978,-90.9195834017305,-21.1498802967046,103.156973883843,-15.1906932349502,99.1289496966935,1,960,1.78274653233754,-0.194621131613298,0.524081382239011,1.18880589213114,2.77648135687099e-19,7.39459762953004e-19,0,1.19900822406296e-18,3.76974828444233e-05,0.00191591484241372,1,-1.42241766998685e-19,7.11820110584033e-20,1,0.00138174908359249,-0.00623142958188206,-0.00623142958188206,-0.00146165364460813,0.00698753012182909,-0.000509136241330345,-0.000509136241330345,0.0175510349137461,1,-2.71050543121376e-20,0,1,0.00138172405446915,-0.00623164595096477,-0.00623164595096477,-0.00146162930910077,0.00698772832310782,-0.000509153919672058,-0.000509153919672058,0.0175510497208444,2.85308560893118,-15.1519327286158,-9.77402125831443,-2.35756409235291,-9.77402125831443,-2.35756409235291,-0.744023761947846,18.4432779600778,1.73472347597681e-18,-5.13844179661541e-20,5.53370137920269e-19,0,0,0,0.00138174908359249,-0.00146165364460813,-0.00623142958188206,0.0069875301218291,0.0175510349137461,-0.000509136241330345,3.26998760169122e-12,3.84741843138244e-09,5.46686048520068e-12,1.42241766998685e-19,1.04083408558608e-17,4.13991874219605e-14
NC_k0026,0.0192982456140351,0.0192982456140351,0.2096797332565,18.9453812060646,-114.109473631274,18.6103671351858,-85.5566377250618,-23.7231616991486,105.591178721253,-13.6666924062685,97.8936976416686,1,960,3.12304050419344,-0.39434308536327,0.900470148213962,2.09584712305213,-6.45750125718097e-19,-7.05022579691197e-20,0,6.96975766692281e-19,3.75155492320793e-05,0.00191748748826471,1,-4.26244443113825e-20,1.78717769656518e-19,1,0.00138174908359249,-0.00623142958188206,-0.00623142958188206,-0.00146165364460813,0.00698753012182909,-0.000509136241330345,-0.000509136241330345,0.0175510349137461,1,-2.71050543121376e-20,0,1,0.00138172405446915,-0.00623164595096477,-0.00623164595096477,-0.00146162930910077,0.00698772832310782,-0.000509153919672058,-0.000509153919672058,0.0175510497208444,2.90450182460611,-15.1124692731628,-9.84320018322681,-2.39031376387719,-9.84320018322681,-2.39031376387719,-0.780194119099756,18.4324347101034,2.16840434497101e-18,-2.35287844818527e-20,-4.36126340130312e-19,0,0,0,0.00138174908359249,-0.00146165364460813,-0.00623142958188206,0.0069875301218291,0.0175510349137461,-0.000509136241330345,2.15754808842736e-12,5.31412679357869e-09,3.04777566061428e-12,1.78717769656518e-19,6.93889390390723e-18,1.12647963072358e-13
NC_k0027,-0.0223684210526316,-0.0223684210526316,0.534745207742839,58.8537153367441,46.8007373393409,41.741513663999,63.2260368672195,-51.6373853345792,-48.5058446079819,-48.218981394157,-66.8645178204484,1,960,-13.2407482275821,-6.32870910773223,-6.45792092065366,0.255619456017787,-6.79691000612373e-19,-1.59410938928769e-18,0,9.75457700436833e-19,0.000388678697385618,-0.00154998396340003,1,-8.94429165490223e-20,-6.01840219929417e-21,1,0.00546780616345854,-0.0148737930887004,-0.0148737930887004,-0.00015435334966179,0.00196682104422621,-0.00420214574164677,-0.00420214574164677,-0.0112837554077873,1,0,0,1,0.00546778042185171,-0.0148743095398493,-0.0148743095398493,-0.000154281484332621,0.001966665583778,-0.00420229164948503,-0.00420229164948503,-0.0112836808235055,7.95703033033755,-56.3426464744192,1.5837756938628,-6.00122461639198,1.5837756938628,-6.00122461639198,-11.678523215894,-11.8025073625475,2.60208521396521e-18,4.45280681345704e-19,5.79061786813751e-20,0,0,0,0.00546780616345854,-0.000154353349661787,-0.0148737930887004,0.00196682104422621,-0.0112837554077873,-0.00420214574164677,1.05448457426303e-12,7.60182905787928e-09,6.28983096623968e-12,8.94429165490223e-20,6.93889390390723e-18,6.85136758256826e-14
NC_k0027,-0.0140350877192982,-0.0140350877192982,0.534192813460104,54.6032254599182,49.7056286622942,43.0286599131995,60.1358445781897,-49.5215552566255,-51.454739017099,-47.4184243886199,-63.7556051769181,1,960,-8.51934770017546,-4.09275827086487,-4.16199497044339,0.174740585128617,1.36319364948739e-19,7.38341414764833e-19,0,3.28582609085664e-19,0.000386926727142962,-0.00154691385335071,1,-3.08981611404395e-20,-2.64923617390799e-20,1,0.00546780616345853,-0.0148737930887004,-0.0148737930887004,-0.000154353349661793,0.00196682104422621,-0.00420214574164677,-0.00420214574164677,-0.0112837554077873,1,0,0,1,0.00546778042185171,-0.0148743095398493,-0.0148743095398493,-0.000154281484332621,0.001966665583778,-0.00420229164948503,-0.00420229164948503,-0.0112836808235055,7.8990865847262,-56.2352458290697,1.57259764476674,-6.00841850534685,1.57259764476674,-6.00841850534685,-11.7542316909172,-11.8304893774977,4.33680868994202e-18,9.17955111912141e-19,4.86163327007439e-19,0,0,0,0.00546780616345854,-0.000154353349661787,-0.0148737930887004,0.00196682104422621,-0.0112837554077873,-0.00420214574164677,1.06568720114425e-12,6.28563417216716e-09,4.41958654601128e-12,3.08981611404395e-20,1.38777878078145e-17,1.06202096188594e-13
NC_k0027,-0.00570175438596491,-0.00570175438596491,0.534261476985138,50.3437384969687,52.8620910072196,45.4695855480412,57.1107303534476,-47.9884645883893,-55.0986661524655,-47.1559300528052,-60.2533458614968,1,960,-3.49639184179871,-1.68540153833395,-1.70999181544375,0.0746545026727118,5.0837858703019e-19,-6.01472801889358e-19,0,1.10964624812764e-19,0.000385900167027849,-0.00154551032188504,1,1.2078469993137e-20,-5.72003306496625e-20,1,0.00546780616345854,-0.0148737930887004,-0.0148737930887004,-0.000154353349661791,0.00196682104422621,-0.00420214574164677,-0.00420214574164677,-0.0112837554077873,1,0,0,1,0.00546778042185171,-0.0148743095398493,-0.0148743095398493,-0.000154281484332621,0.001966665583778,-0.00420229164948503,-0.00420229164948503,-0.0112836808235055,7.8708091914645,-56.2160303679996,1.57071292501663,-6.01210228369308,1.57071292501663,-6.01210228369308,-11.799036043878,-11.8614276730771,2.60208521396521e-18,3.40262959688728e-19,1.56528635818869e-19,0,0,0,0.00546780616345854,-0.000154353349661787,-0.0148737930887004,0.00196682104422621,-0.0112837554077873,-0.00420214574164677,1.42521926866298e-12,4.90154558221409e-09,9.10189167153914e-13,5.72003306496625e-20,6.93889390390723e-18,5.54839830952593e-14
NC_k0027,0.00263157894736842,0.00263157894736842,0.534291845699,46.6284336546402,55.9840515019041,48.8882810337555,54.0229231433957,-47.2346193960203,-58.8879502018735,-47.6169352522648,-56.5000832698931,1,960,1.61585687238644,0.779407116691581,0.790437116395742,-0.0347767040064854,1.32755870869861e-19,4.84807248294879e-19,0,3.74735978543673e-19,0.000385737657161544,-0.00154531079659029,1,4.35169958408099e-20,-2.40260146712051e-20,1,0.00546780616345854,-0.0148737930887004,-0.0148737930887004,-0.000154353349661788,0.00196682104422621,-0.00420214574164677,-0.00420214574164677,-0.0112837554077873,1,0,0,1,0.00546778042185171,-0.0148743095398493,-0.0148743095398493,-0.000154281484332621,0.001966665583778,-0.00420229164948503,-0.00420229164948503,-0.0112836808235055,7.86652858300916,-56.2151858838325,1.57067659827145,-6.01259403561988,1.57067659827145,-6.01259403561988,-11.8060961698633,-11.8671371911137,2.60208521396521e-18,-6.08360482468776e-20,7.02189188282834e-19,0,0,0,0.00546780616345854,-0.000154353349661787,-0.0148737930887004,0.00196682104422621,-0.0112837554077873,-0.00420214574164677,2.80122537382398e-12,6.54207038113059e-09,1.60169830021843e-12,4.35169958408099e-20,6.93889390390723e-18,2.97144517176176e-14
NC_k0027,0.0109649122807018,0.0109649122807018,0.53419790219149,43.8028535654521,59.0224679584685,53.0028730500694,50.8609652503474,-47.2475027459059,-62.5051395911855,-48.8731744261695,-52.750467544321,1,960,6.68951125950011,3.21852310707181,3.26965134096869,-0.139685363044551,1.46207151118953e-18,-5.7466553259774e-19,0,5.42359166593869e-19,0.000386453208025784,-0.00154623261494887,1,-2.44066141719075e-19,3.97331107545606e-20,1,0.00546780616345853,-0.0148737930887004,-0.0148737930887004,-0.000154353349661794,0.00196682104422621,-0.00420214574164677,-0.00420214574164677,-0.0112837554077873,1,0,0,1,0.00546778042185171,-0.0148743095398493,-0.0148743095398493,-0.000154281484332621,0.001966665583778,-0.00420229164948503,-0.00420229164948503,-0.0112836808235055,7.88572736983865,-56.2233588548402,1.57133808254911,-6.01023109882075,1.57133808254911,-6.01023109882075,-11.7750058382768,-11.843656970685,3.46944695195361e-18,1.03758289866105e-18,-1.81722755750232e-19,0,0,0,0.00546780616345854,-0.000154353349661787,-0.0148737930887004,0.00196682104422621,-0.0112837554077873,-0.00420214574164677,1.12776777851963e-12,8.21594370357907e-09,3.40566621075268e-12,2.44066141719075e-19,1.04083408558608e-17,3.59545746009505e-14
NC_k0027,0.0192982456140351,0.0192982456140351,0.534386801619759,42.073874438945,62.0693280326738,57.3323490559196,47.8113027355298,-47.8752127256805,-65.7702793302218,-50.8116982200399,-49.4660311936882,1,960,11.5574819551142,5.53453787927967,5.6403665453499,-0.228220109616953,-1.14558559138184e-18,-1.46358028862683e-18,0,6.70585396429389e-19,0.000387968070111515,-0.00154862466948466,1,-1.05789714051734e-19,-9.8297945090964e-22,1,0.00546780616345854,-0.0148737930887004,-0.0148737930887004,-0.00015435334966179,0.00196682104422621,-0.00420214574164677,-0.00420214574164677,-0.0112837554077873,1,0,0,1,0.00546778042185171,-0.0148743095398493,-0.0148743095398493,-0.000154281484332621,0.001966665583778,-0.00420229164948503,-0.00420229164948503,-0.0112836808235055,7.93130492801702,-56.2843177951603,1.57792516238897,-6.00399362534754,1.57792516238897,-6.00399362534754,-11.7086879442387,-11.8093392279522,3.46944695195361e-18,3.9741835484269e-19,5.1868048052764e-20,0,0,0,0.00546780616345854,-0.000154353349661787,-0.0148737930887004,0.00196682104422621,-0.0112837554077873,-0.00420214574164677,4.69546062493866e-13,6.80099568900461e-09,6.03652053387733e-12,1.05789714051734e-19,1.04083408558608e-17,4.98615469361145e-14
NC_k0028,-0.0223684210526316,-0.0223684210526316,0.433492833678364,-86.8143387148691,44.7548303145216,-103.270749360707,56.8224860194564,80.3234540300976,-45.7510095165721,110.958395765911,-55.6152177593145,1,960,-4.17554477123849,6.41395455425174,0.738675228394352,3.07547359235401,-1.58540744924363e-19,-6.17080707431499e-18,0,2.58224611415374e-18,0.000373426801348433,0.000667485069430998,1,-8.71055176389915e-20,-8.38223445999974e-21,1,-0.00471347832099348,-0.00430342922469209,-0.00430342922469209,0.00798128353293046,0.0130887593471326,0.0111079045568512,0.0111079045568512,0.000928206497120311,1,0,0,1,-0.00471335394022561,-0.00430357864931795,-0.00430357864931795,0.00798118751852726,0.0130887146243034,0.0111082902479817,0.0111082902479817,0.000928372895000275,-13.9948445737612,-17.7846900905792,7.40973603789736,15.3760369771615,7.40973603789736,15.3760369771615,33.5240782218258,-7.01264872345731,1.73472347597681e-18,-5.71979438922735e-19,-1.09103327749839e-18,0,0,0,-0.00471347832099349,0.00798128353293045,-0.00430342922469209,0.0130887593471326,0.000928206497120309,0.0111079045568512,2.94510640360874e-12,9.51917614651551e-09,8.38622838915652e-12,8.71055176389915e-20,6.93889390390723e-18,5.6216374290984e-14
NC_k0028,-0.0140350877192982,-0.0140350877192982,0.431862599307191,-90.5367169473322,46.5014281678217,-100.429206383291,53.9773506963717,86.3816973681131,-47.1787364606778,105.775838333862,-53.0650884567465,1,960,-2.62589518063928,4.05960367558647,0.473123803332546,1.92759745044568,-1.43266358605204e-18,-1.05330995445685e-17,0,6.01234573872943e-19,0.000373119537134063,0.000668703319632489,1,-2.04728712825517e-20,4.98707719606856e-20,1,-0.00471347832099349,-0.00430342922469209,-0.00430342922469209,0.00798128353293045,0.0130887593471326,0.0111079045568512,0.0111079045568512,0.000928206497120313,1,0,0,1,-0.00471335394022561,-0.00430357864931795,-0.00430357864931795,0.00798118751852726,0.0130887146243034,0.0111082902479817,0.0111082902479817,0.000928372895000275,-13.9256835673011,-17.7125726638906,7.36460191165147,15.2361100187261,7.36460191165147,15.2361100187261,33.5516100149778,-6.8643397737968,2.60208521396521e-18,-7.81749233587089e-20,-9.09905957413647e-19,0,0,0,-0.00471347832099349,0.00798128353293045,-0.00430342922469209,0.0130887593471326,0.000928206497120309,0.0111079045568512,2.55015230237446e-12,6.76774648982178e-09,1.46812009004131e-11,4.98707719606856e-20,5.20417042793042e-18,5.30865731260089e-14
NC_k0028,-0.00570175438596491,-0.00570175438596491,0.431097522725356,-93.748059491489,48.3693909593673,-97.6679279662646,51.3892693170164,92.3499589023218,-48.5903363000169,100.255072232875,-50.9200379777657,1,960,-1.06650578812169,1.64947251365788,0.192379019426939,0.780370047139769,-3.0885468234852e-18,-4.56949128753073e-18,0,1.85259340454316e-18,0.000373156332111953,0.000669321912030627,1,4.87845248529622e-20,3.65029217260325e-20,1,-0.00471347832099349,-0.00430342922469209,-0.00430342922469209,0.00798128353293045,0.0130887593471326,0.0111079045568512,0.0111079045568512,0.00092820649712031,1,0,0,1,-0.00471335394022561,-0.00430357864931795,-0.00430357864931795,0.00798118751852726,0.0130887146243034,0.0111082902479817,0.0111082902479817,0.000928372895000275,-13.8860380872271,-17.6852609271238,7.34232184598927,15.1596487886898,7.34232184598927,15.1596487886898,33.5839278837397,-6.78829242103037,1.73472347597681e-18,3.35289229349344e-20,-1.25873230180984e-18,0,0,0,-0.00471347832099349,0.00798128353293045,-0.00430342922469209,0.0130887593471326,0.000928206497120309,0.0111079045568512,3.11540704633156e-12,3.50693742317671e-09,1.12185980502973e-11,4.87845248529622e-20,6.93889390390723e-18,6.7087626968134e-14
NC_k0028,0.00263157894736842,0.00263157894736842,0.430982656333443,-96.6418113365012,50.5154750190357,-94.8401691958024,49.1232409057991,98.1601656167786,-50.2292266453967,94.5102458610124,-49.1591691695403,1,960,0.492157173334064,-0.761071962555748,-0.0887418804431569,-0.359883952531572,-1.42869973655669e-18,-1.81587320279071e-18,0,-1.62879141801082e-18,0.000373174749071587,0.00066941300019941,1,5.08669014867528e-21,4.91182043422227e-20,1,-0.00471347832099349,-0.00430342922469209,-0.00430342922469209,0.00798128353293045,0.0130887593471326,0.0111079045568512,0.0111079045568512,0.000928206497120311,1,0,0,1,-0.00471335394022561,-0.00430357864931795,-0.00430357864931795,0.00798118751852726,0.0130887146243034,0.0111082902479817,0.0111082902479817,0.000928372895000275,-13.8795880228638,-17.6816684643104,7.33894495664979,15.1476238915504,7.33894495664979,15.1476238915504,33.5897460259882,-6.77675010712246,1.73472347597681e-18,7.32240695496416e-20,-1.69241693539492e-18,0,0,0,-0.00471347832099349,0.00798128353293045,-0.00430342922469209,0.0130887593471326,0.000928206497120309,0.0111079045568512,2.93707185096384e-12,6.04022201085554e-09,4.52969921675e-12,4.91182043422227e-20,1.21430643318376e-17,2.49874633714544e-14
NC_k0028,0.0109649122807018,0.0109649122807018,0.431499940163531,-99.4112102665378,52.9888203699883,-91.7715128827473,47.1644801182215,103.774690151738,-52.2278546786449,88.5978775331638,-47.6865449670078,1,960,2.05150629768398,-3.17296370103709,-0.370080943106545,-1.50395496603492,1.93159246176443e-18,5.10977257642587e-18,0,-4.0353973096175e-18,0.00037311981022241,0.000668997868774553,1,-7.34007899779135e-20,7.5041217057019e-20,1,-0.00471347832099349,-0.00430342922469209,-0.00430342922469209,0.00798128353293045,0.0130887593471326,0.0111079045568512,0.0111079045568512,0.00092820649712031,1,0,0,1,-0.00471335394022561,-0.00430357864931795,-0.00430357864931795,0.00798118751852726,0.0130887146243034,0.0111082902479817,0.0111082902479817,0.000928372895000275,-13.9075798046418,-17.6989422071462,7.35408180244668,15.2006232729139,7.35408180244668,15.2006232729139,33.5655833709383,-6.82846975586736,1.73472347597681e-18,3.56194319730668e-19,-5.27063759047947e-19,0,0,0,-0.00471347832099349,0.00798128353293045,-0.00430342922469209,0.0130887593471326,0.000928206497120309,0.0111079045568512,3.69089521860216e-12,4.61392738981501e-09,6.1294000368214e-12,7.5041217057019e-20,3.46944695195361e-18,3.89800258528348e-14
NC_k0028,0.0192982456140351,0.0192982456140351,0.432755952933736,-102.204291503462,55.7519233367107,-88.2486812306234,45.3970929811843,109.096430408801,-54.6309687274424,82.5517689955209,-46.2968044658722,1,960,3.60782829031813,-5.56243075469161,-0.645018813243236,-2.65459432069368,-4.93793738469655e-20,-6.96791139979559e-18,0,6.36187917836984e-19,0.00037323055551281,0.00066800442844631,1,-4.06639046280408e-20,2.73967977352167e-19,1,-0.00471347832099349,-0.00430342922469209,-0.00430342922469209,0.00798128353293045,0.0130887593471326,0.0111079045568512,0.0111079045568512,0.00092820649712031,1,0,0,1,-0.00471335394022561,-0.00430357864931795,-0.00430357864931795,0.00798118751852726,0.0130887146243034,0.0111082902479817,0.0111082902479817,0.000928372895000275,-13.9656665198171,-17.7504632073675,7.38985272612737,15.3168189729308,7.38985272612737,15.3168189729308,33.5292124320584,-6.94893552945911,2.60208521396521e-18,3.78650697839385e-19,-7.92259971973961e-19,0,0,0,-0.00471347832099349,0.00798128353293045,-0.00430342922469209,0.0130887593471326,0.000928206497120309,0.0111079045568512,7.5486125837896e-13,7.49966858227406e-09,5.15447341376138e-12,2.73967977352167e-19,5.20417042793042e-18,2.38588841101278e-14
NC_k0029,-0.0223684210526316,-0.0223684210526316,0.323971526255285,-27.2230775576289,19.5865723648966,-14.8578582511004,20.6357688797309,24.751128905805,-21.7879223427557,21.9382350447455,-18.6053171439105,1,960,6.29997823787122,8.33322878392124,4.82895831719163,0.815245917932831,-2.68655028067423e-19,3.16971971135625e-18,0,-2.30498840771576e-18,0.00192424629087346,-0.000386073877884954,1,1.28782206258961e-19,5.73033957107162e-20,1,0.00884989807930435,0.0064798507234388,0.0064798507234388,0.0126933317263392,-0.00424549304752961,0.00927811762783742,0.00927811762783742,-0.00380295810394701,1,0,1.0842021724855e-19,1,0.00885002494604524,0.00648007571825559,0.00648007571825559,0.0126933918668015,-0.00424552413859413,0.0092784397846995,0.00927843978469951,-0.00380299687790985,-0.0335949275731821,21.3461520728548,2.5955596219349,8.73381575643005,2.5955596219349,8.73381575643005,32.259548825155,-3.3969858040225,2.60208521396521e-18,-4.16311507087938e-19,-1.79247062255494e-19,0,0,0,0.00884989807930435,0.0126933317263392,0.00647985072343881,-0.00424549304752961,-0.00380295810394701,0.00927811762783743,7.36060454536422e-13,7.10477691828897e-09,3.21667360049812e-12,1.28782206258961e-19,8.67361737988404e-18,2.21036045716855e-14
NC_k0029,-0.0140350877192982,-0.0140350877192982,0.323637322707613,-25.1088318596492,19.1718103578056,-16.5768656358586,19.717768254191,24.0609612250636,-20.7988162107856,22.2490210876515,-18.2147683082161,1,960,4.05120167694765,5.37356740803379,3.11017379804388,0.500332899726041,6.04702115000765e-20,-7.87413077423928e-19,0,-1.08890055836481e-19,0.00192241574563378,-0.000385012396278994,1,1.67566672060887e-19,-9.79181258451233e-20,1,0.00884989807930435,0.0064798507234388,0.0064798507234388,0.0126933317263392,-0.0042454930475296,0.00927811762783742,0.00927811762783742,-0.00380295810394701,1,0,1.0842021724855e-19,1,0.00885002494604524,0.00648007571825559,0.00648007571825559,0.0126933918668015,-0.00424552413859413,0.0092784397846995,0.00927843978469951,-0.00380299687790985,0.0736664426929082,21.4118813366905,2.61436994822087,8.66513792726797,2.61436994822087,8.66513792726797,32.2138583791032,-3.35682562273942,3.46944695195361e-18,-9.91427126975371e-19,-6.53554024269264e-19,0,0,0,0.00884989807930435,0.0126933317263392,0.00647985072343881,-0.00424549304752961,-0.00380295810394701,0.00927811762783743,1.39884073604188e-12,6.66085971248946e-09,7.63286303691363e-12,1.67566672060887e-19,8.67361737988404e-18,1.8198559722228e-13
NC_k0029,-0.00570175438596491,-0.00570175438596491,0.323612689904772,-22.4582473386147,18.8811602455949,-18.8388243875657,19.087607987456,23.3326026678707,-19.6182336326858,22.5965036646011,-18.4495426221492,1,960,1.66194895343843,2.20765820999337,1.27697036393251,0.19965113413352,-4.2086949566698e-20,-4.95821323587145e-18,0,-1.09633194898798e-18,0.00192161523104071,-0.000384325293949549,1,1.39161872386608e-19,-4.13144895675578e-21,1,0.00884989807930435,0.0064798507234388,0.0064798507234388,0.0126933317263392,-0.00424549304752961,0.00927811762783743,0.00927811762783743,-0.00380295810394701,1,0,1.0842021724855e-19,1,0.00885002494604524,0.00648007571825559,0.00648007571825559,0.0126933918668015,-0.00424552413859413,0.0092784397846995,0.00927843978469951,-0.00380299687790985,0.140970706390695,21.4583349322928,2.62372355009632,8.62619923608366,2.62372355009632,8.62619923608366,32.2108563517821,-3.33488941373504,2.60208521396521e-18,-1.39476869673135e-18,-4.57859887748997e-20,0,0,0,0.00884989807930435,0.0126933317263392,0.00647985072343881,-0.00424549304752961,-0.00380295810394701,0.00927811762783743,4.2237249846976e-12,2.82246325094221e-09,1.42649526533935e-11,1.39161872386608e-19,5.20417042793042e-18,1.91776988395631e-13
NC_k0029,0.00263157894736842,0.00263157894736842,0.323616203816594,-19.7717551403273,18.9534608999189,-21.453614064531,18.8595212018511,22.7592059252244,-18.6794688370492,23.0990626582365,-19.2287511146922,1,960,-0.76804246001056,-1.02044402223957,-0.590200539142544,-0.0918100023730198,4.11796978708499e-19,7.50324945735011e-18,0,-9.74683459383484e-20,0.00192150357127309,-0.000384212247191201,1,1.42848345993773e-19,-2.65690926011482e-20,1,0.00884989807930435,0.00647985072343881,0.00647985072343881,0.0126933317263392,-0.00424549304752961,0.00927811762783742,0.00927811762783742,-0.00380295810394701,1,0,1.0842021724855e-19,1,0.00885002494604524,0.00648007571825559,0.00648007571825559,0.0126933918668015,-0.00424552413859413,0.0092784397846995,0.00927843978469951,-0.00380299687790985,0.151996957269931,21.4660584505742,2.62507877292154,8.61997946684207,2.62507877292154,8.61997946684207,32.2115314500086,-3.3314094865889,2.60208521396521e-18,-8.34889102336914e-19,-2.94931759501634e-20,0,0,0,0.00884989807930435,0.0126933317263392,0.00647985072343881,-0.00424549304752961,-0.00380295810394701,0.00927811762783743,2.59869541853795e-12,5.34091782083106e-09,9.11946027766268e-12,1.42848345993773e-19,6.93889390390723e-18,1.53351311261503e-13
NC_k0029,0.0109649122807018,0.0109649122807018,0.323615801022923,-17.3576714829328,19.4439838163102,-24.1637829442985,19.0331842723286,22.3652432130383,-18.2317220816953,23.7826945910553,-20.3615393728421,1,960,-3.18046127230967,-4.22142213749068,-2.44262152523412,-0.387884028631737,1.60162018924967e-19,-4.13497662047908e-19,0,-1.83537481291226e-18,0.00192202441413018,-0.000384700938835141,1,1.9719325914617e-19,-6.18647205323485e-21,1,0.00884989807930435,0.0064798507234388,0.0064798507234388,0.0126933317263392,-0.00424549304752961,0.00927811762783742,0.00927811762783742,-0.00380295810394701,1,0,1.0842021724855e-19,1,0.00885002494604524,0.00648007571825559,0.00648007571825559,0.0126933918668015,-0.00424552413859413,0.0092784397846995,0.00927843978469951,-0.00380299687790985,0.1043047672599,21.4328801397813,2.6188669232515,8.64720673718059,2.6188669232515,8.64720673718059,32.2108634538939,-3.34669031964584,2.60208521396521e-18,-5.67601788961307e-19,-6.12920730501936e-19,0,0,0,0.00884989807930435,0.0126933317263392,0.00647985072343881,-0.00424549304752961,-0.00380295810394701,0.00927811762783743,1.70264513411012e-12,6.59196158424801e-09,7.57423550229091e-12,1.9719325914617e-19,5.20417042793042e-18,1.97264236524176e-14
NC_k0029,0.0192982456140351,0.0192982456140351,0.323772781659054,-15.4170097642696,20.2750548691534,-26.5435809210335,19.4414470172649,22.0574704673234,-18.3887995125379,24.5198075084328,-21.4785398804132,1,960,-5.49789336879588,-7.28086473215985,-4.21699017331538,-0.69817392634409,-2.20499881527035e-19,-7.86602440423626e-19,0,-7.94000743822301e-19,0.00192341915839427,-0.0003856607191886,1,9.03244252163939e-20,3.90548035832022e-20,1,0.00884989807930435,0.0064798507234388,0.0064798507234388,0.0126933317263392,-0.00424549304752961,0.00927811762783742,0.00927811762783742,-0.00380295810394701,1,0,1.0842021724855e-19,1,0.00885002494604524,0.00648007571825559,0.00648007571825559,0.0126933918668015,-0.00424552413859413,0.0092784397846995,0.00927843978469951,-0.00380299687790985,0.00882059244226957,21.369747630545,2.60349342856454,8.70508431649864,2.60349342856454,8.70508431649864,32.2329150952934,-3.37986752880814,2.60208521396521e-18,-2.24849944236027e-19,-1.7683181154606e-19,0,0,0,0.00884989807930435,0.0126933317263392,0.00647985072343881,-0.00424549304752961,-0.00380295810394701,0.00927811762783743,8.56539024324716e-13,5.61684525833377e-09,4.59992843503849e-12,9.03244252163939e-20,5.20417042793042e-18,9.82413947600009e-14
NC_k0030,-0.0223684210526316,-0.0223684210526316,0.471231235719153,53.2761578166245,-19.3622490567004,64.292355149163,-18.1043713490498,-49.474421278867,17.5871475636717,-69.9638641004682,19.5292350058483,1,960,5.50559071266216,-8.38779959038798,-0.951128929649473,-1.64751603954206,-2.4896151204376e-18,4.10196880531576e-18,0,-2.01820819806608e-18,-0.000432724780838607,-0.000794624419592428,1,4.76982182729056e-20,2.38035132083907e-20,1,0.00224963521138601,0.0075052774219652,0.0075052774219652,-0.00353491288320555,-0.0121081658433772,-0.012816905715274,-0.012816905715274,-0.00390302330741578,1,5.42101086242752e-20,0,1,0.0022495794198328,0.00750553802187569,0.00750553802187569,-0.00353486824857657,-0.01210816411119,-0.0128173507467224,-0.0128173507467224,-0.00390316402561987,8.22720686620149,27.0759638568153,-2.89137603834084,-11.0591318444125,-2.89137603834084,-11.0591318444125,-41.6579462177211,1.87801419570299,3.46944695195361e-18,-4.34422614205555e-20,1.17828388152366e-18,0,0,0,0.00224963521138601,-0.00353491288320555,0.00750527742196521,-0.0121081658433772,-0.00390302330741578,-0.012816905715274,3.128023544723e-12,1.1003920971259e-08,1.5132529084412e-11,4.76982182729056e-20,8.67361737988404e-18,1.13088227482798e-13
NC_k0030,-0.0140350877192982,-0.0140350877192982,0.470349124009854,56.2047599249253,-18.5731406801815,62.8049858111389,-17.5555336130608,-53.971782707975,17.3540343166508,-66.9028598620272,18.3937093607115,1,960,3.46380472401885,-5.31178337891296,-0.609832956115044,-1.03090193661364,1.90420947476647e-18,4.2397572430324e-18,0,-7.05724028850642e-19,-0.000431703895940422,-0.000795835812878765,1,3.70823657603398e-20,1.44991524605765e-20,1,0.00224963521138602,0.0075052774219652,0.0075052774219652,-0.00353491288320555,-0.0121081658433772,-0.012816905715274,-0.012816905715274,-0.00390302330741578,1,5.42101086242752e-20,0,1,0.0022495794198328,0.00750553802187569,0.00750553802187569,-0.00353486824857657,-0.01210816411119,-0.0128173507467224,-0.0128173507467224,-0.00390316402561987,8.207738689896,27.008578850417,-2.89344521187251,-10.9537803676956,-2.89344521187251,-10.9537803676956,-41.6573467701909,1.74833043632761,2.60208521396521e-18,-2.58589726183423e-19,6.02340926843101e-19,0,0,0,0.00224963521138601,-0.00353491288320555,0.00750527742196521,-0.0121081658433772,-0.00390302330741578,-0.012816905715274,4.76629486700439e-13,6.8229889384798e-09,4.82171734960531e-12,3.70823657603398e-20,6.93889390390723e-18,1.28761090223766e-13
NC_k0030,-0.00570175438596491,-0.00570175438596491,0.470060426783822,58.5859095076641,-17.8667816445615,61.1974004986837,-17.41261815769,-58.1926213889186,17.2442475829272,-63.4528840379716,17.6372740719682,1,960,1.40544548904333,-2.16040064661187,-0.249135201997616,-0.416821932035854,-5.60772868773789e-18,-2.10200490284015e-18,0,6.98120584660054e-19,-0.000431378323205105,-0.000796398716512342,1,-1.82141620534214e-20,2.61703845400482e-20,1,0.00224963521138601,0.0075052774219652,0.0075052774219652,-0.00353491288320555,-0.0121081658433772,-0.012816905715274,-0.012816905715274,-0.00390302330741578,1,5.42101086242752e-20,0,1,0.0022495794198328,0.00750553802187569,0.00750553802187569,-0.00353486824857657,-0.01210816411119,-0.0128173507467224,-0.0128173507467224,-0.00390316402561987,8.19160853411644,26.9883707093034,-2.89681198659188,-10.8949913437385,-2.89681198659188,-10.8949913437385,-41.6805931634312,1.68211799678683,1.73472347597681e-18,8.58767728107018e-20,8.15791341514749e-19,0,0,0,0.00224963521138601,-0.00353491288320555,0.00750527742196521,-0.0121081658433772,-0.00390302330741578,-0.012816905715274,1.65269217670067e-12,3.37836677567334e-09,1.39160919096589e-11,2.61703845400482e-20,3.46944695195361e-18,1.07583314591451e-13
NC_k0030,0.00263157894736842,0.00263157894736842,0.47002376372376,60.5504665980581,-17.4637977296593,59.3508192913776,-17.6764767687758,-62.095358036778,17.4591248467542,-59.6674445367317,17.2807795579927,1,960,-0.64841981917759,0.997016239368384,0.115036818662965,0.192177034109294,1.54576233684519e-18,4.30497877997098e-18,0,-5.74778029161047e-19,-0.000431342838553472,-0.000796478393093575,1,-3.27320986030826e-20,-2.02435741381402e-20,1,0.00224963521138602,0.0075052774219652,0.0075052774219652,-0.00353491288320555,-0.0121081658433772,-0.012816905715274,-0.012816905715274,-0.00390302330741578,1,5.42101086242752e-20,0,1,0.0022495794198328,0.00750553802187569,0.00750553802187569,-0.00353486824857657,-0.01210816411119,-0.0128173507467224,-0.0128173507467224,-0.00390316402561987,8.18862942144791,26.9860950777815,-2.89744953430128,-10.8856705902557,-2.89744953430128,-10.8856705902557,-41.6853537375885,1.6721479737683,3.46944695195361e-18,-1.50813117289191e-19,1.32886626832924e-18,0,0,0,0.00224963521138601,-0.00353491288320555,0.00750527742196521,-0.0121081658433772,-0.00390302330741578,-0.012816905715274,1.23805110916796e-11,5.5725519222097e-09,2.59638162236264e-12,3.27320986030826e-20,1.04083408558608e-17,2.17309264230189e-14
NC_k0030,0.0109649122807018,0.0109649122807018,0.470203095116798,62.2342580064913,-17.4541438363738,57.1408350020806,-18.287304365425,-65.6741386098946,18.069079744444,-55.5642632301412,17.2860429483077,1,960,-2.70517877681498,4.15338101555549,0.47790673878439,0.803894844170119,-1.94419207685484e-18,-3.96729056670233e-18,0,-3.35292698214694e-19,-0.000431531729838945,-0.000796108498595731,1,5.71505905286266e-20,-8.46234120904396e-20,1,0.00224963521138601,0.0075052774219652,0.0075052774219652,-0.00353491288320555,-0.0121081658433771,-0.012816905715274,-0.012816905715274,-0.00390302330741578,1,5.42101086242752e-20,0,1,0.0022495794198328,0.00750553802187569,0.00750553802187569,-0.00353486824857657,-0.01210816411119,-0.0128173507467224,-0.0128173507467224,-0.00390316402561987,8.20086557289392,26.9979822596287,-2.8948483602472,-10.9266032824702,-2.8948483602472,-10.9266032824702,-41.6665963180468,1.7169894002541,3.46944695195361e-18,6.89797552422655e-20,4.05403909828768e-19,0,0,0,0.00224963521138601,-0.00353491288320555,0.00750527742196521,-0.0121081658433772,-0.00390302330741578,-0.012816905715274,2.9857795652061e-12,3.94276949217331e-09,1.89155211304614e-12,8.46234120904396e-20,6.93889390390723e-18,3.88410219855045e-14
NC_k0030,0.0192982456140351,0.0192982456140351,0.470787101314335,63.7489242480615,-17.8580597097609,54.4198164972968,-19.0827609779987,-68.884893550023,19.0714105740957,-51.1524321811405,17.5060542199502,1,960,-4.75977021014775,7.27418141946466,0.829755699074532,1.42123084753303,3.36583099970277e-18,-2.15569885076219e-18,0,-1.01951003113896e-18,-0.000432225137982476,-0.000795158025261334,1,-9.58172946383015e-21,-2.82702173006061e-19,1,0.00224963521138601,0.0075052774219652,0.0075052774219652,-0.00353491288320555,-0.0121081658433771,-0.012816905715274,-0.012816905715274,-0.00390302330741578,1,5.42101086242752e-20,0,1,0.0022495794198328,0.00750553802187569,0.00750553802187569,-0.00353486824857657,-0.01210816411119,-0.0128173507467224,-0.0128173507467224,-0.00390316402561987,8.2201172152472,27.0419874954958,-2.89148662997706,-11.0149052421249,-2.89148662997706,-11.0149052421249,-41.6492572095286,1.82248639985582,2.60208521396521e-18,-1.59585913788342e-19,-2.62503713805378e-19,0,0,0,0.00224963521138601,-0.00353491288320555,0.00750527742196521,-0.0121081658433772,-0.00390302330741578,-0.012816905715274,1.35799752773169e-12,6.39410759204618e-09,9.3179197103708e-12,2.82702173006061e-19,6.93889390390723e-18,2.99494875143686e-14
NC_k0031,-0.0223684210526316,-0.0223684210526316,0.482484850315718,52.9303236932816,-60.3150600117065,48.819825782469,-75.023689919885,-48.6136481911845,66.22585573457,-56.7030378978019,68.4434060139398,1,960,-7.73777364837342,-7.40522837945301,-4.99719066918265,-2.42564273705284,1.03840945377457e-19,-9.61465113194886e-19,0,-3.67731413116574e-19,-0.00154657667883787,-8.13795701807518e-05,1,-8.11575380739934e-20,-5.11972925481149e-20,1,-0.00489617049868363,-0.00959510323729569,-0.00959510323729569,-0.0131397015888722,-0.00314287102986019,-0.00907244958180328,-0.00907244958180328,0.00437295903755682,1,2.16840434497101e-19,8.13151629364128e-20,1,-0.00489632033780805,-0.00959543640060255,-0.00959543640060255,-0.0131397083111374,-0.0031428004493561,-0.00907276459741376,-0.00907276459741376,0.00437289913490002,5.25078742290949,-29.7446005221582,-10.463029753426,-11.7006290499761,-10.463029753426,-11.7006290499761,-29.5995031242171,9.96167289224129,3.03576608295941e-18,1.03497111321855e-18,5.70186403418322e-19,0,0,0,-0.00489617049868363,-0.0131397015888722,-0.0095951032372957,-0.00314287102986019,0.00437295903755682,-0.00907244958180328,5.56993003084401e-13,8.26982249862001e-09,7.35413096729792e-12,8.11575380739934e-20,8.67361737988404e-18,1.5071894602569e-14
NC_k0031,-0.0140350877192982,-0.0140350877192982,0.481601568820181,52.1825689086534,-62.426949328107,48.7058147800656,-71.6803788323091,-49.7037504265463,66.4167416434888,-54.7760305943168,66.9825619829801,1,960,-4.96801787418218,-4.78412966426232,-3.21820868768662,-1.51050403376934,9.26965064206525e-19,3.72798886985196e-18,0,3.68278014065349e-18,-0.00154568721808385,-8.21592676208165e-05,1,-1.58013614415547e-19,3.33169567190644e-20,1,-0.00489617049868363,-0.00959510323729569,-0.00959510323729569,-0.0131397015888722,-0.00314287102986019,-0.00907244958180328,-0.00907244958180328,0.00437295903755682,1,2.16840434497101e-19,8.13151629364128e-20,1,-0.00489632033780805,-0.00959543640060255,-0.00959543640060255,-0.0131397083111374,-0.0031428004493561,-0.00907276459741376,-0.00907276459741376,0.00437289913490002,5.10614561037377,-29.8088384318608,-10.4059289788801,-11.6140886468903,-10.4059289788801,-11.6140886468903,-29.5969684065449,9.86596621178288,1.73472347597681e-18,4.81540765178072e-19,2.37690155903989e-19,0,0,0,-0.00489617049868363,-0.0131397015888722,-0.0095951032372957,-0.00314287102986019,0.00437295903755682,-0.00907244958180328,1.53687566718125e-12,8.25148786644757e-09,1.20173152437636e-11,1.58013614415547e-19,5.20417042793042e-18,1.15839961078375e-13
NC_k0031,-0.00570175438596491,-0.00570175438596491,0.481277294332529,50.9000668839283,-64.7296336747395,49.3035697948637,-68.4990559643601,-50.8697355383439,66.2221812605393,-52.9379882560876,66.278583771314,1,960,-2.03536543220748,-1.96631246193123,-1.32055370506577,-0.608889974152469,-7.16543551262835e-19,1.90187020799417e-18,0,7.14684049245816e-20,-0.00154539244432919,-8.27577783275823e-05,1,-2.31225607038224e-19,-2.27763481489684e-20,1,-0.00489617049868363,-0.00959510323729569,-0.00959510323729569,-0.0131397015888722,-0.00314287102986019,-0.00907244958180328,-0.00907244958180328,0.00437295903755682,1,2.16840434497101e-19,8.13151629364128e-20,1,-0.00489632033780805,-0.00959543640060255,-0.00959543640060255,-0.0131397083111374,-0.0031428004493561,-0.00907276459741376,-0.00907276459741376,0.00437289913490002,5.02185459084443,-29.8588396676772,-10.3742853655987,-11.5662196989069,-10.3742853655987,-11.5662196989069,-29.6140825088126,9.81338359759241,3.46944695195361e-18,1.86971445484271e-18,1.90770052013268e-19,0,0,0,-0.00489617049868363,-0.0131397015888722,-0.0095951032372957,-0.00314287102986019,0.00437295903755682,-0.00907244958180328,4.46714989779945e-12,3.13262828025859e-09,1.15269251870264e-11,2.31225607038224e-19,5.20417042793042e-18,8.22383505184439e-14
NC_k0031,0.00263157894736842,0.00263157894736842,0.481232710939791,49.6664596206589,-67.4088181920954,50.4163916720196,-65.6687361256508,-52.3218545911831,66.1797606270804,-51.3668184429659,66.1667460051921,1,960,0.940396944139321,0.908905449498544,0.61026978990049,0.280568746027876,1.28235494258381e-18,4.54625743848534e-18,0,-6.99874207558667e-19,-0.001545358311851,-8.28605781642427e-05,1,-1.29863102864006e-19,-2.48006991190149e-20,1,-0.00489617049868363,-0.00959510323729569,-0.00959510323729569,-0.0131397015888722,-0.00314287102986019,-0.00907244958180328,-0.00907244958180328,0.00437295903755682,1,2.16840434497101e-19,8.13151629364128e-20,1,-0.00489632033780805,-0.00959543640060255,-0.00959543640060255,-0.0131397083111374,-0.0031428004493561,-0.00907276459741376,-0.00907276459741376,0.00437289913490002,5.00835880952193,-29.8673297077825,-10.3692341975789,-11.5586381343042,-10.3692341975789,-11.5586381343042,-29.6176621682074,9.80505105037831,2.60208521396521e-18,7.66248078878578e-19,5.03295474859958e-19,0,0,0,-0.00489617049868363,-0.0131397015888722,-0.0095951032372957,-0.00314287102986019,0.00437295903755682,-0.00907244958180328,7.95304307611546e-12,6.31550586843163e-09,1.56309783960382e-11,1.29863102864006e-19,8.67361737988404e-18,2.39932140804664e-14
NC_k0031,0.0109649122807018,0.0109649122807018,0.481442369906953,48.8534683776902,-70.4772014408724,51.7375157468914,-63.2401535833171,-54.0769806184131,66.6430425778763,-50.1090351160349,66.3606044866692,1,960,3.8979786662813,3.75924118351376,2.52688255043248,1.17625106060238,6.34791636962994e-19,-1.49594290291235e-18,0,2.589406189536e-18,-0.00154553328548805,-8.24244868705122e-05,1,-3.12152723466277e-19,-1.09208997855279e-20,1,-0.00489617049868362,-0.00959510323729569,-0.00959510323729569,-0.0131397015888722,-0.00314287102986019,-0.00907244958180328,-0.00907244958180328,0.00437295903755682,1,2.16840434497101e-19,8.13151629364128e-20,1,-0.00489632033780805,-0.00959543640060255,-0.00959543640060255,-0.0131397083111374,-0.0031428004493561,-0.00907276459741376,-0.00907276459741376,0.00437289913490002,5.067349812122,-29.8312139331833,-10.3913490078007,-11.5919494029775,-10.3913490078007,-11.5919494029775,-29.6036658927364,9.84165196994612,2.60208521396521e-18,-5.05999904237567e-19,5.63772838245926e-19,0,0,0,-0.00489617049868363,-0.0131397015888722,-0.0095951032372957,-0.00314287102986019,0.00437295903755682,-0.00907244958180328,1.47901428300364e-12,7.42517400617171e-09,4.26457590671098e-12,3.12152723466277e-19,6.93889390390723e-18,5.81120856188065e-14
NC_k0031,0.0192982456140351,0.0192982456140351,0.482048260635384,48.6857375734484,-73.7888617631017,52.75834735664,-61.086006942767,-55.997052647052,67.8113400681611,-49.0251949920887,66.3772807878453,1,960,6.74934748014033,6.47641083447875,4.36450024382425,2.08856689622121,-2.43300949675937e-18,1.95116355505743e-18,0,-2.18521265501809e-18,-0.00154614354348393,-8.16518622096482e-05,1,-1.19898930426559e-19,-9.78214083805273e-20,1,-0.00489617049868362,-0.00959510323729569,-0.00959510323729569,-0.0131397015888722,-0.00314287102986019,-0.00907244958180328,-0.00907244958180328,0.00437295903755682,1,2.16840434497101e-19,8.13151629364128e-20,1,-0.00489632033780805,-0.00959543640060255,-0.00959543640060255,-0.0131397083111374,-0.0031428004493561,-0.00907276459741376,-0.00907276459741376,0.00437289913490002,5.19146752670645,-29.7659172830224,-10.4387419494449,-11.6640358820626,-10.4387419494449,-11.6640358820626,-29.5919571288042,9.92108311336753,2.60208521396521e-18,-1.1090853412887e-19,7.01683559358368e-19,0,0,0,-0.00489617049868363,-0.0131397015888722,-0.0095951032372957,-0.00314287102986019,0.00437295903755682,-0.00907244958180328,9.84065236241096e-13,7.02072539777627e-09,1.53605934619473e-12,1.19898930426559e-19,6.93889390390723e-18,3.07468745125432e-14
NC_k0032,-0.0223684210526316,-0.0223684210526316,0.387206339514109,81.1241819945446,-38.9286778331756,107.333275830432,-61.2472521338405,-72.3456638216142,42.4616803062029,-113.15149999698,60.85497622891,1,960,11.1587997390712,1.29689828748796,4.11038034876453,-3.06388601989364,-2.94788641468178e-18,1.08754150061838e-18,0,-8.85658973138077e-19,0.00132991322343739,0.000676251292286787,1,4.42805646015854e-20,-1.89829399784224e-20,1,0.0136913367855113,0.0110871636454645,0.0110871636454645,0.00148412401573945,-0.00614492925545893,-0.00329091592009189,-0.00329091592009189,0.00623130741358428,1,0,0,1,0.013691296685838,0.0110875486164244,0.0110875486164244,0.00148429584684335,-0.00614482144794375,-0.00329103018800579,-0.00329103018800578,0.0062312003558795,16.6954454582877,42.1919160072824,-3.39745098573204,-10.0803538363995,-3.39745098573204,-10.0803538363995,-5.41893611331918,9.43392194812602,1.73472347597681e-18,-1.1440390697412e-18,-1.42083444097789e-19,0,0,0,0.0136913367855113,0.00148412401573944,0.0110871636454645,-0.00614492925545893,0.00623130741358428,-0.00329091592009189,3.37679412991368e-13,1.10388458106244e-08,9.5452856957894e-13,4.42805646015854e-20,6.93889390390723e-18,3.7847892530484e-14
NC_k0032,-0.0140350877192982,-0.0140350877192982,0.386917928481922,86.4368993231222,-42.5332450288561,103.003390215723,-56.831943398697,-80.1432228165717,45.3864046296642,-106.289259985727,57.14471733027,1,960,7.11897746064003,0.899073381549797,2.64595677792264,-1.93288606510282,2.85873619698326e-18,2.99826667706993e-18,0,1.63816502871227e-19,0.00132913978437496,0.000674474510347696,1,9.16781164427064e-20,-2.70713641389454e-20,1,0.0136913367855113,0.0110871636454645,0.0110871636454645,0.00148412401573945,-0.00614492925545893,-0.00329091592009189,-0.00329091592009189,0.00623130741358427,1,0,0,1,0.013691296685838,0.0110875486164244,0.0110875486164244,0.00148429584684335,-0.00614482144794375,-0.00329103018800579,-0.00329103018800578,0.0062312003558795,16.713899686087,42.1499940640812,-3.35101302985966,-9.95672669079942,-3.35101302985966,-9.95672669079942,-5.43586181756349,9.36547215449449,2.60208521396521e-18,-4.5862215451091e-19,6.69686518255201e-20,0,0,0,0.0136913367855113,0.00148412401573944,0.0110871636454645,-0.00614492925545893,0.00623130741358428,-0.00329091592009189,8.95666956424659e-13,9.6724443058715e-09,2.84582476381776e-12,9.16781164427064e-20,6.93889390390723e-18,1.28979613719896e-13
NC_k0032,-0.00570175438596491,-0.00570175438596491,0.38698216919602,91.6994211251159,-46.566538344154,98.4327528300233,-52.4304910347908,-88.1923971686158,48.6816691332048,-98.9087168467198,53.4921000268964,1,960,2.91083303116079,0.385374652195829,1.08774853550769,-0.786141407691644,-4.64200524874958e-18,-5.43408031610586e-19,0,-3.53189577947892e-19,0.00132869168568833,0.000673705667453798,1,1.03912176414377e-20,-1.91688262462664e-20,1,0.0136913367855113,0.0110871636454645,0.0110871636454645,0.00148412401573945,-0.00614492925545893,-0.00329091592009189,-0.00329091592009189,0.00623130741358428,1,0,0,1,0.013691296685838,0.0110875486164244,0.0110875486164244,0.00148429584684335,-0.00614482144794375,-0.00329103018800579,-0.00329103018800578,0.0062312003558795,16.7302354686533,42.1547289307478,-3.32933668746088,-9.89066252663491,-3.32933668746088,-9.89066252663491,-5.44386571607406,9.33951031962754,1.73472347597681e-18,-8.72508271040726e-19,4.4606067318348e-19,0,0,0,0.0136913367855113,0.00148412401573944,0.0110871636454645,-0.00614492925545893,0.00623130741358428,-0.00329091592009189,6.26429024311711e-13,4.36623347347455e-09,2.8897861086574e-12,1.91688262462664e-20,6.93889390390723e-18,9.98386084227697e-14
NC_k0032,0.00263157894736842,0.00263157894736842,0.387003074900282,96.6771855004307,-50.826849576565,93.5701608852318,-48.1170299861364,-96.0823193077721,52.1718986271347,-91.1302512889912,49.9503584736405,1,960,-1.34457595624776,-0.179351833018879,-0.502896170457981,0.362864512333114,1.26370698285441e-18,-1.0974072837843e-18,0,1.90483151458711e-20,0.00132862068998741,0.000673600943446009,1,-7.07238525405577e-21,-3.71524523784462e-20,1,0.0136913367855113,0.0110871636454645,0.0110871636454645,0.00148412401573945,-0.00614492925545893,-0.00329091592009189,-0.00329091592009189,0.00623130741358427,1,0,0,1,0.013691296685838,0.0110875486164244,0.0110875486164244,0.00148429584684335,-0.00614482144794375,-0.00329103018800579,-0.00329103018800578,0.0062312003558795,16.7329805400306,42.1569517336602,-3.32618496703038,-9.8804029351266,-3.32618496703038,-9.8804029351266,-5.44494165150801,9.33614035749175,2.60208521396521e-18,-4.38823637455647e-19,3.41194275269828e-19,0,0,0,0.0136913367855113,0.00148412401573944,0.0110871636454645,-0.00614492925545893,0.00623130741358428,-0.00329091592009189,3.98006300680279e-12,7.73215278540598e-09,3.21011411691585e-12,3.71524523784462e-20,5.20417042793042e-18,5.50803945893595e-14
NC_k0032,0.0109649122807018,0.0109649122807018,0.386933031055728,101.349883142114,-55.2048825180212,88.4007526288488,-43.9826281852516,-103.625201893136,55.7882585109874,-83.1095972766967,46.5684793184695,1,960,-5.57978217106824,-0.720295518042755,-2.07902563740669,1.51117071827768,-9.86316927518429e-19,-1.71087916763935e-18,0,1.22467729283171e-18,0.00132893150981582,0.000674096166436881,1,1.73442997582213e-19,-1.83118442569161e-20,1,0.0136913367855113,0.0110871636454645,0.0110871636454645,0.00148412401573945,-0.00614492925545892,-0.00329091592009189,-0.00329091592009189,0.00623130741358428,1,0,0,1,0.013691296685838,0.0110875486164244,0.0110875486164244,0.00148429584684335,-0.00614482144794375,-0.00329103018800579,-0.00329103018800578,0.0062312003558795,16.7212386618465,42.1501905468019,-3.34059241964375,-9.92588330116182,-3.34059241964375,-9.92588330116182,-5.43983462769985,9.35242515375443,2.60208521396521e-18,-1.23330968054047e-18,-5.15082743184826e-20,0,0,0,0.0136913367855113,0.00148412401573944,0.0110871636454645,-0.00614492925545893,0.00623130741358428,-0.00329091592009189,1.01030259909903e-12,4.91465296072554e-09,2.02423034685658e-12,1.73442997582213e-19,5.20417042793042e-18,6.34113060269651e-14
NC_k0032,0.0192982456140351,0.0192982456140351,0.387006014909126,105.761092363895,-59.6243207382878,83.0548102618968,-40.1882175093313,-110.689829557435,59.4870179884732,-75.1451922524493,43.4780726485201,1,960,-9.70289552315766,-1.16628444504643,-3.5868293895074,2.65090049880648,9.71917367415106e-19,1.61271268126401e-20,0,-1.78404991026457e-18,0.0013296040892482,0.000675453051016147,1,8.82382185468103e-20,-8.97397712531665e-20,1,0.0136913367855113,0.0110871636454645,0.0110871636454645,0.00148412401573945,-0.00614492925545892,-0.00329091592009189,-0.00329091592009189,0.00623130741358427,1,0,0,1,0.013691296685838,0.0110875486164244,0.0110875486164244,0.00148429584684335,-0.00614482144794375,-0.00329103018800579,-0.00329103018800578,0.0062312003558795,16.7004955170628,42.1649709981657,-3.37688442984061,-10.0278204194634,-3.37688442984061,-10.0278204194634,-5.42595102713161,9.40168784280392,2.60208521396521e-18,-1.2166473893333e-18,1.42405945590575e-19,0,0,0,0.0136913367855113,0.00148412401573944,0.0110871636454645,-0.00614492925545893,0.00623130741358428,-0.00329091592009189,6.04696466795471e-13,5.33205749096165e-09,1.23323137688815e-12,8.97397712531665e-20,5.20417042793042e-18,1.05139641982222e-13
NC_k0033,-0.0223684210526316,-0.0223684210526316,0.494140896406422,-19.2605539338983,67.8270740325091,-23.5883058713418,84.4935020036932,15.5646748284854,-75.0540101216963,30.7913571072083,-81.7289436961542,1,960,-4.71862077596444,7.90300559853056,1.05084699144678,2.04675655882751,1.77241313340717e-18,1.2728522917068e-18,0,1.14114528585365e-18,0.00110842500556134,-0.00152552526058135,1,-1.17071122237502e-20,1.25704732421238e-19,1,0.00391322324877467,-0.00626045912008748,-0.00626045912008748,0.00480708725796237,-0.000209210142586538,0.0124886858476349,0.0124886858476349,-0.0128986124998242,1,0,-1.0842021724855e-19,1,0.00391326885658077,-0.00626067649714027,-0.00626067649714027,0.00480711734729608,-0.000209377185239992,0.0124891194825602,0.0124891194825602,-0.0128985592403534,-1.4076747746765,-27.2346218659396,5.41864443482573,7.68096450191121,5.41864443482573,7.68096450191121,43.1300018893355,-14.4868818785909,2.60208521396521e-18,-9.10885358898178e-20,-2.02393118256421e-21,0,0,0,0.00391322324877467,0.00480708725796237,-0.00626045912008749,-0.000209210142586534,-0.0128986124998242,0.012488685847635,5.86761513887395e-13,9.63111833530652e-09,3.36761322533528e-12,1.25704732421238e-19,6.93889390390723e-18,2.94327422165589e-14
NC_k0033,-0.0140350877192982,-0.0140350877192982,0.491840333709505,-20.9785925189296,69.4764760185388,-23.2551967853664,80.1258892855452,18.9512334991489,-75.0767422723455,28.7621715961423,-78.9643144782609,1,960,-2.99115978197635,5.04762897633468,0.678634834138217,1.28260446185915,2.20668626371996e-18,3.98764748157726e-18,0,1.64976210090026e-18,0.00110576131095949,-0.00152194833526952,1,1.98795652115078e-20,-1.14288124003375e-19,1,0.00391322324877467,-0.00626045912008748,-0.00626045912008748,0.00480708725796236,-0.000209210142586526,0.0124886858476349,0.0124886858476349,-0.0128986124998242,1,0,-1.0842021724855e-19,1,0.00391326885658077,-0.00626067649714027,-0.00626067649714027,0.00480711734729608,-0.000209377185239992,0.0124891194825602,0.0124891194825602,-0.0128985592403534,-1.37199731357713,-27.1040254937001,5.41272720388588,7.57347353005874,5.41272720388588,7.57347353005874,43.030445299695,-14.4202884814068,3.46944695195361e-18,1.69362096586598e-19,-8.13775955304077e-19,0,0,0,0.00391322324877467,0.00480708725796237,-0.00626045912008749,-0.000209210142586534,-0.0128986124998242,0.012488685847635,1.27025184336569e-12,7.72072349919467e-09,3.66651073690634e-12,1.14288124003375e-19,8.32125167382625e-18,1.06543776853522e-13
NC_k0033,-0.00570175438596491,-0.00570175438596491,0.490916703602211,-22.063010181403,71.8370615136359,-22.8906291699073,76.2061193465873,22.1916747652116,-75.47719086602,26.2283424847602,-76.989342794818,1,960,-1.21868289211093,2.06167411146252,0.278187102386021,0.519342165264136,1.40481076046616e-18,-5.56169277792687e-18,0,-6.36995246114836e-19,0.0011045317013531,-0.00152012448537497,1,6.93503246147134e-20,-8.46190111340155e-21,1,0.00391322324877467,-0.00626045912008748,-0.00626045912008748,0.00480708725796237,-0.000209210142586529,0.012488685847635,0.012488685847635,-0.0128986124998242,1,0,-1.0842021724855e-19,1,0.00391326885658077,-0.00626067649714027,-0.00626067649714027,0.00480711734729608,-0.000209377185239992,0.0124891194825602,0.0124891194825602,-0.0128985592403534,-1.34287726118274,-27.055244037771,5.41236804557491,7.51288621858069,5.41236804557491,7.51288621858069,43.004754412561,-14.3978527224597,1.73472347597681e-18,-2.93771025599534e-19,-6.25659217768369e-19,0,0,0,0.00391322324877467,0.00480708725796237,-0.00626045912008749,-0.000209210142586534,-0.0128986124998242,0.012488685847635,2.03555111341339e-12,4.18015786894668e-09,3.11232361526267e-12,6.93503246147134e-20,5.2583805365547e-18,4.1612158444003e-14
NC_k0033,0.00263157894736842,0.00263157894736842,0.490790373280421,-22.7179304442671,74.906661875467,-22.3447484442599,72.8879780099435,25.1963075712673,-76.4529413481062,23.330155701737,-75.7628824723528,1,960,0.562584920458883,-0.952024445321358,-0.128515043204585,-0.239503808362694,5.62952655123989e-19,4.22945222696121e-18,0,-9.96666611342693e-19,0.00110435610454889,-0.00151985114061732,1,2.06871153478533e-20,-2.39709706956063e-20,1,0.00391322324877467,-0.00626045912008749,-0.00626045912008749,0.00480708725796236,-0.000209210142586531,0.0124886858476349,0.0124886858476349,-0.0128986124998242,1,0,-1.0842021724855e-19,1,0.00391326885658077,-0.00626067649714027,-0.00626067649714027,0.00480711734729608,-0.000209377185239992,0.0124891194825602,0.0124891194825602,-0.0128985592403534,-1.33769228676837,-27.0489530356897,5.41243555537888,7.50328691555182,5.41243555537888,7.50328691555182,43.0022331762472,-14.3950915994948,3.46944695195361e-18,1.54132649916014e-19,-2.0736024270134e-19,0,0,0,0.00391322324877467,0.00480708725796237,-0.00626045912008749,-0.000209210142586534,-0.0128986124998242,0.012488685847635,1.05088890568154e-11,5.19447736670638e-09,4.77911892829679e-12,2.39709706956063e-20,8.67361737988404e-18,1.80968997774667e-14
NC_k0033,0.0109649122807018,0.0109649122807018,0.491385542772065,-23.1321701806395,78.6203010811455,-21.4405996001273,70.2623337944611,27.8797658495314,-78.1458876566131,20.1683809100737,-75.1705247599392,1,960,2.34056009080166,-3.95479095249112,-0.53269618435752,-1.00075807311623,-1.69536953115398e-18,2.58673274179623e-18,0,7.21162527803331e-19,0.00110516694063507,-0.00152108346501056,1,-6.61125091307905e-20,-1.02199913568951e-19,1,0.00391322324877467,-0.00626045912008749,-0.00626045912008749,0.00480708725796236,-0.00020921014258653,0.0124886858476349,0.0124886858476349,-0.0128986124998242,1,0,-1.0842021724855e-19,1,0.00391326885658077,-0.00626067649714027,-0.00626067649714027,0.00480711734729608,-0.000209377185239992,0.0124891194825602,0.0124891194825602,-0.0128985592403534,-1.35931664541466,-27.079499672158,5.41236861050343,7.54547138234449,5.41236861050343,7.54547138234449,43.0163991731616,-14.4087956442048,2.60208521396521e-18,3.94016662254773e-19,-1.05499946625878e-18,0,0,0,0.00391322324877467,0.00480708725796237,-0.00626045912008749,-0.000209210142586534,-0.0128986124998242,0.012488685847635,2.5300386562352e-12,4.97805611647418e-09,5.01223198717889e-12,1.02199913568951e-19,6.93889390390723e-18,3.86352712250969e-14
NC_k0033,0.0192982456140351,0.0192982456140351,0.493063090935501,-23.4600087280306,82.8447872536721,-19.9738629631525,68.3527959438296,30.111714485581,-80.6213424232593,16.819153416522,-75.0296096010829,1,960,4.09230658026365,-6.8790499879438,-0.919625324534444,-1.76639359656282,1.8937936164932e-18,3.92527310030709e-18,0,1.10824996725365e-18,0.00110724184486216,-0.0015239952922691,1,-4.19998608274108e-20,1.5058152574266e-20,1,0.00391322324877467,-0.00626045912008748,-0.00626045912008748,0.00480708725796236,-0.000209210142586531,0.0124886858476349,0.0124886858476349,-0.0128986124998242,1,0,-1.0842021724855e-19,1,0.00391326885658077,-0.00626067649714027,-0.00626067649714027,0.00480711734729608,-0.000209377185239992,0.0124891194825602,0.0124891194825602,-0.0128985592403534,-1.39533934812291,-27.1726463540686,5.41511904984706,7.63618202632493,5.41511904984706,7.63618202632493,43.0784252222678,-14.4543183607431,2.60208521396521e-18,3.69888705449319e-19,-5.58626713700899e-19,0,0,0,0.00391322324877467,0.00480708725796237,-0.00626045912008749,-0.000209210142586534,-0.0128986124998242,0.012488685847635,1.25963158834153e-12,5.3163384438352e-09,2.57901116483224e-12,4.19998608274108e-20,6.93889390390723e-18,2.87089904399728e-14
NC_k0034,-0.0223684210526316,-0.0223684210526316,0.396897752941981,41.6763377116459,122.252934941326,24.9462685831426,164.936026970344,-36.4898239187012,-134.281668107637,-30.5438821569355,-156.734867042482,1,960,-2.35555885911318,-9.10380349918581,-3.78158957823869,2.38588262938251,1.20189343003955e-19,-2.1853979434753e-18,0,-1.94228956144596e-18,0.000167644577441847,-0.00134686967176079,1,-1.51046617071722e-21,-3.72073990510233e-20,1,0.00359295174533235,0.000616426183014777,0.000616426183014777,0.00199159317497654,0.00546833848355631,-0.00844327965108072,-0.00844327965108072,-0.0167795284827941,1,0,-6.7762635780344e-21,1,0.00359296208312653,0.000616447586701687,0.000616447586701687,0.00199163131413479,0.00546809626600453,-0.00844357282051305,-0.00844357282051305,-0.0167793844526555,4.99520648282104,-6.99431911781874,16.2647062018858,-5.27335680662527,16.2647062018858,-5.27335680662527,-27.6036714974962,-24.6791786039557,8.67361737988404e-19,-2.21521091157477e-19,1.40389858163763e-18,0,0,0,0.00359295174533235,0.00199159317497654,0.000616426183014777,0.00546833848355632,-0.0167795284827941,-0.00844327965108072,2.02634709534553e-13,7.52634293570628e-09,8.88592029413396e-13,3.72073990510233e-20,6.93889390390723e-18,3.88818024992587e-14
NC_k0034,-0.0140350877192982,-0.0140350877192982,0.396518366419817,38.4303595588622,129.994157374911,27.5478165935223,157.30307164167,-35.0506692233945,-138.503087397815,-31.3528986579564,-152.66173922155,1,960,-1.58743833722579,-5.79463622830608,-2.43608460662553,1.50605129664619,1.03596430788386e-18,1.67614585371825e-18,0,-2.22512081085132e-18,0.00016753051994962,-0.00134482671815052,1,-6.90521229650426e-23,7.9235918572562e-20,1,0.00359295174533235,0.000616426183014776,0.000616426183014776,0.00199159317497654,0.00546833848355632,-0.00844327965108072,-0.00844327965108072,-0.0167795284827941,1,0,-6.7762635780344e-21,1,0.00359296208312653,0.000616447586701687,0.000616447586701687,0.00199163131413479,0.00546809626600453,-0.00844357282051305,-0.00844357282051305,-0.0167793844526555,5.03929919113566,-6.91442734661641,16.1135312567286,-5.25874096832861,16.1135312567286,-5.25874096832861,-27.6221415254247,-24.6727283084506,1.73472347597681e-18,-8.78990490140256e-20,5.58498011010639e-19,0,0,0,0.00359295174533235,0.00199159317497654,0.000616426183014777,0.00546833848355632,-0.0167795284827941,-0.00844327965108072,2.74655189308734e-12,4.41607435906603e-09,5.34860320455694e-12,7.9235918572562e-20,3.46944695195361e-18,2.84192729877597e-14
NC_k0034,-0.00570175438596491,-0.00570175438596491,0.396459254376022,35.0496796111142,138.177456964704,30.5528836209197,149.362180817224,-33.7629251806692,-142.839628610326,-32.2706544540152,-148.587694560079,1,960,-0.668321751342104,-2.36700386956585,-1.00165745489962,0.612741129731443,-1.21714664053503e-19,-4.13013265081197e-18,0,-1.99488832223699e-18,0.000167322876634397,-0.00134371924826899,1,-1.70878247255739e-21,6.88626148788283e-20,1,0.00359295174533235,0.000616426183014776,0.000616426183014776,0.00199159317497654,0.00546833848355631,-0.00844327965108072,-0.00844327965108072,-0.0167795284827941,1,0,-6.7762635780344e-21,1,0.00359296208312653,0.000616447586701687,0.000616447586701687,0.00199163131413479,0.00546809626600453,-0.00844357282051305,-0.00844357282051305,-0.0167793844526555,5.06098051009128,-6.88259828529771,16.0337720261042,-5.24910989983107,16.0337720261042,-5.24910989983107,-27.6463418434275,-24.6803197228637,1.30104260698261e-18,-2.91761747618505e-19,1.95173789121531e-18,0,0,0,0.00359295174533235,0.00199159317497654,0.000616426183014777,0.00546833848355632,-0.0167795284827941,-0.00844327965108072,2.75908966775491e-12,3.66300864680924e-09,1.42541499464185e-12,6.88626148788283e-20,1.04083408558608e-17,7.00086460569895e-15
NC_k0034,0.00263157894736842,0.00263157894736842,0.396455362193654,31.7305895523901,146.376544913732,33.8106938113744,141.208747168947,-32.6425685979242,-147.063948478953,-33.3305812767625,-144.412071099507,1,960,0.310043748475412,1.09326573406002,0.463092129236707,-0.282855857296026,4.38617482889918e-19,-5.09416202390577e-18,0,-2.58539932664879e-18,0.000167281659266022,-0.00134354910682496,1,9.3011665742266e-21,1.23160343409824e-19,1,0.00359295174533235,0.000616426183014776,0.000616426183014776,0.00199159317497654,0.00546833848355631,-0.00844327965108072,-0.00844327965108072,-0.0167795284827941,1,0,-6.7762635780344e-21,1,0.00359296208312653,0.000616447586701687,0.000616447586701687,0.00199163131413479,0.00546809626600453,-0.00844357282051305,-0.00844357282051305,-0.0167793844526555,5.06409929987286,-6.87839679483124,16.0214162757596,-5.24744649149006,16.0214162757596,-5.24744649149006,-27.6507814957176,-24.6819197455,1.30104260698261e-18,-1.63493015914881e-19,1.08644239493942e-18,0,0,0,0.00359295174533235,0.00199159317497654,0.000616426183014777,0.00546833848355632,-0.0167795284827941,-0.00844327965108072,1.7489124861792e-12,3.41115405293215e-09,2.736711411866e-12,1.23160343409824e-19,6.93889390390723e-18,6.00680080260263e-14
NC_k0034,0.0109649122807018,0.0109649122807018,0.396483194303952,28.6181654513745,154.409855638475,37.1903385680822,132.989778248502,-31.6772059866858,-151.168282630725,-34.5577707503228,-140.106585748221,1,960,1.2613892679824,4.53955733757541,1.91431237983401,-1.17756735965971,3.16843261832312e-19,8.66488235261548e-19,0,-3.85634910294672e-18,0.000167446556598263,-0.00134430618906483,1,1.61538858549619e-20,1.42066544511677e-19,1,0.00359295174533235,0.000616426183014777,0.000616426183014777,0.00199159317497654,0.00546833848355631,-0.00844327965108072,-0.00844327965108072,-0.0167795284827941,1,0,-6.7762635780344e-21,1,0.00359296208312653,0.000616447586701687,0.000616447586701687,0.00199163131413479,0.00546809626600453,-0.00844357282051305,-0.00844357282051305,-0.0167793844526555,5.04975292283474,-6.8985152045195,16.076249019083,-5.25446552563094,16.076249019083,-5.25446552563094,-27.6325017448367,-24.6756634610466,1.51788304147971e-18,4.27326868857789e-20,7.18023913640717e-20,0,0,0,0.00359295174533235,0.00199159317497654,0.000616426183014777,0.00546833848355632,-0.0167795284827941,-0.00844327965108072,1.97570490142154e-12,4.92102288821264e-09,1.6890130265278e-12,1.42066544511677e-19,5.20417042793042e-18,7.84049491532118e-14
NC_k0034,0.0192982456140351,0.0192982456140351,0.396678582303664,25.8449120607906,162.162838361469,40.5099784549942,125.00662628746,-30.829490236002,-155.223454336505,-35.942993915679,-135.791360423869,1,960,2.09575703609246,7.90770336503452,3.30114193237187,-2.06479120717896,-3.58662204880543e-19,3.65965878817141e-18,0,-3.13511378324948e-19,0.000167640122265039,-0.00134602341901473,1,3.05856102115883e-20,7.22848775233514e-20,1,0.00359295174533235,0.000616426183014776,0.000616426183014776,0.00199159317497654,0.00546833848355632,-0.00844327965108072,-0.00844327965108072,-0.016779528482794,1,0,-6.7762635780344e-21,1,0.00359296208312653,0.000616447586701687,0.000616447586701687,0.00199163131413479,0.00546809626600453,-0.00844357282051305,-0.00844357282051305,-0.0167793844526555,5.01398642067146,-6.95749469135876,16.2000250454815,-5.26748711056975,16.2000250454815,-5.26748711056975,-27.6062656630119,-24.6720877314151,1.73472347597681e-18,-2.24952906387023e-19,-7.94146218132797e-19,0,0,0,0.00359295174533235,0.00199159317497654,0.000616426183014777,0.00546833848355632,-0.0167795284827941,-0.00844327965108072,8.92816780332715e-13,3.74324372674308e-09,2.92441249683486e-12,7.22848775233514e-20,1.38777878078145e-17,2.01513420030878e-14
NC_k0035,-0.0223684210526316,-0.0223684210526316,0.490761564862849,-57.9851946011095,-77.2343237468476,-41.2967376298008,-101.775102196912,47.7081702066752,81.0667109534119,52.9588110844933,97.1417532723352,1,960,0.414389131797995,11.6405616874297,3.97813377034516,-0.942441415861703,-1.13970930031026e-18,1.23229794237904e-17,0,-5.28084345326919e-18,9.07256873091267e-05,-0.000680082398249105,1,-1.0204569995076e-20,7.38208959420312e-20,1,-0.00351465423052479,-0.00255730804241255,-0.00255730804241255,-0.000555357364942644,-0.0142628356337485,0.0131526284975548,0.0131526284975548,0.00209256844649203,1,0,0,1,-0.00351464620716483,-0.00255739683783069,-0.00255739683783069,-0.000555400718264374,-0.014262746482095,0.0131530851860443,0.0131530851860443,0.00209237365015805,-7.00820398869291,-3.98613378808111,-14.0845810824184,8.8700527827921,-14.0845810824184,8.8700527827921,43.4100886317426,12.9496561423399,2.60208521396521e-18,1.51696093105034e-19,-2.62116242566684e-19,0,0,0,-0.00351465423052479,-0.000555357364942644,-0.00255730804241255,-0.0142628356337485,0.00209256844649203,0.0131526284975548,5.37840857561627e-13,1.05518356604632e-08,3.66987201827626e-12,7.38208959420312e-20,5.20417042793042e-18,3.55172506051614e-14
NC_k0035,-0.0140350877192982,-0.0140350877192982,0.488662585762085,-54.9382757026783,-82.7330896081143,-43.7799442716112,-98.2633536394618,48.1872578443493,84.9414001341136,51.8988598020976,95.2926688602482,1,960,0.347889413098371,7.43251853803463,2.56753462387386,-0.599167231589058,1.36832878673012e-18,-1.22339350852103e-18,0,1.45477412382559e-18,8.95093021064805e-05,-0.000679581295681424,1,-3.04581626180147e-20,-2.28368006529762e-19,1,-0.00351465423052479,-0.00255730804241255,-0.00255730804241255,-0.000555357364942644,-0.0142628356337485,0.0131526284975548,0.0131526284975548,0.00209256844649203,1,0,0,1,-0.00351464620716483,-0.00255739683783069,-0.00255739683783069,-0.000555400718264374,-0.014262746482095,0.0131530851860443,0.0131530851860443,0.00209237365015805,-7.03462750790895,-3.99899331871349,-13.9380149845018,8.7905158503713,-13.9380149845018,8.7905158503713,43.3479180942321,12.9311117701918,3.46944695195361e-18,1.47604113763578e-19,-4.28207173320108e-20,0,0,0,-0.00351465423052479,-0.000555357364942644,-0.00255730804241255,-0.0142628356337485,0.00209256844649203,0.0131526284975548,3.02123308285838e-13,5.80571844732797e-09,6.27041089495948e-12,2.28368006529762e-19,6.93889390390723e-18,5.33911165676877e-14
NC_k0035,-0.00570175438596491,-0.00570175438596491,0.487671219295923,-51.5316983738548,-87.9764142604279,-46.8516208993751,-94.2945385372221,49.0718439401175,88.6383014687772,50.669951729207,92.8921453758945,1,960,0.160916636257307,3.03918788495253,1.05603449199926,-0.244734845017531,9.96355591432373e-19,2.0590312156568e-18,0,9.25502608883531e-18,8.90622203733517e-05,-0.000679378195071003,1,5.5967510528455e-21,6.31018746150742e-20,1,-0.00351465423052479,-0.00255730804241255,-0.00255730804241255,-0.000555357364942644,-0.0142628356337485,0.0131526284975548,0.0131526284975548,0.00209256844649203,1,0,0,1,-0.00351464620716483,-0.00255739683783069,-0.00255739683783069,-0.000555400718264374,-0.014262746482095,0.0131530851860443,0.0131530851860443,0.00209237365015805,-7.04374721338783,-4.0058768223587,-13.8593637383835,8.74484413616384,-13.8593637383835,8.74484413616384,43.3392542019113,12.921473471493,2.60208521396521e-18,1.05361286383599e-19,-3.37465882850729e-19,0,0,0,-0.00351465423052479,-0.000555357364942644,-0.00255730804241255,-0.0142628356337485,0.00209256844649203,0.0131526284975548,5.10692937449048e-13,3.25807014456311e-09,1.87486519760614e-12,6.31018746150742e-20,5.20417042793042e-18,4.73528844813588e-14
NC_k0035,0.00263157894736842,0.00263157894736842,0.487522764444258,-48.0783268660616,-92.6977268358927,-50.2493596129933,-89.7811334904991,50.2139870379369,91.8549109263636,49.4703509451514,89.8867018412194,1,960,-0.0756302520475624,-1.40385752696117,-0.488230967072885,0.113075686480408,-2.2212314076111e-18,7.29008170477274e-18,0,2.64727574519021e-18,8.9006813379447e-05,-0.000679350622625535,1,-7.8627081941088e-21,1.17645394437411e-20,1,-0.00351465423052479,-0.00255730804241255,-0.00255730804241255,-0.000555357364942644,-0.0142628356337485,0.0131526284975548,0.0131526284975548,0.00209256844649203,1,0,0,1,-0.00351464620716483,-0.00255739683783069,-0.00255739683783069,-0.000555400718264374,-0.014262746482095,0.0131530851860443,0.0131530851860443,0.00209237365015805,-7.04469249113093,-4.00691385411265,-13.8471160409094,8.73751853440714,-13.8471160409094,8.73751853440714,43.339158938427,12.9198774436405,1.95156391047391e-18,1.61349245823042e-19,9.62187507343498e-20,0,0,0,-0.00351465423052479,-0.000555357364942644,-0.00255730804241255,-0.0142628356337485,0.00209256844649203,0.0131526284975548,3.02543741029589e-12,5.16838768531997e-09,2.27442085248031e-12,1.17645394437411e-20,5.20417042793042e-18,3.34759310790211e-14
NC_k0035,0.0109649122807018,0.0109649122807018,0.488192188792775,-44.8580375189154,-96.8610272712688,-53.7085361589432,-84.7170750143659,51.4559931553389,94.4786999567582,48.4749740876763,86.3454521398443,1,960,-0.289373915213861,-5.82582000551527,-2.01801399384067,0.46930303684902,9.47055626924212e-19,4.29141301792511e-18,0,-1.00957724634342e-18,8.92810701159152e-05,-0.000679482046750971,1,-6.83816258381205e-20,-8.04008508406292e-20,1,-0.00351465423052479,-0.00255730804241255,-0.00255730804241255,-0.000555357364942644,-0.0142628356337485,0.0131526284975548,0.0131526284975548,0.00209256844649203,1,0,0,1,-0.00351464620716483,-0.00255739683783069,-0.00255739683783069,-0.000555400718264374,-0.014262746482095,0.0131530851860443,0.0131530851860443,0.00209237365015805,-7.03951927526358,-4.00228973504902,-13.9013484141326,8.76951708249766,-13.9013484141326,8.76951708249766,43.3421393989906,12.9267409282424,2.60208521396521e-18,1.41531412283786e-19,3.64761742256877e-19,0,0,0,-0.00351465423052479,-0.000555357364942644,-0.00255730804241255,-0.0142628356337485,0.00209256844649203,0.0131526284975548,9.4781596926239e-13,4.13614177065596e-09,5.48574725404736e-12,8.04008508406292e-20,3.46944695195361e-18,3.661384001384e-14
NC_k0035,0.0192982456140351,0.0192982456140351,0.489818837397565,-42.1244893492644,-100.524813409352,-56.9207306879179,-79.255818872896,52.5984412625365,96.5122547767567,47.8256447525872,82.4833647416274,1,960,-0.407457854659174,-10.1265873980071,-3.47623493337988,0.81800348610572,7.8509366298633e-19,-1.99386261827742e-18,0,1.55697890595141e-18,9.01506693032918e-05,-0.000679843434514634,1,-2.11198016995934e-20,-1.1369535363477e-19,1,-0.00351465423052479,-0.00255730804241255,-0.00255730804241255,-0.000555357364942643,-0.0142628356337485,0.0131526284975548,0.0131526284975548,0.00209256844649203,1,0,0,1,-0.00351464620716483,-0.00255739683783069,-0.00255739683783069,-0.000555400718264374,-0.014262746482095,0.0131530851860443,0.0131530851860443,0.00209237365015805,-7.02027315182054,-3.99131532709251,-14.0223284074634,8.83704790973331,-14.0223284074634,8.83704790973331,43.3750686144475,12.9412191702796,3.46944695195361e-18,-3.81991867038927e-20,-5.43102308714574e-19,0,0,0,-0.00351465423052479,-0.000555357364942644,-0.00255730804241255,-0.0142628356337485,0.00209256844649203,0.0131526284975548,3.46094089389523e-13,5.14246216601304e-09,5.06345510866571e-12,1.1369535363477e-19,6.93889390390723e-18,2.05127234923032e-14
NC_k0036,-0.0223684210526316,-0.0223684210526316,0.260808337327503,-21.0538818607893,7.20713995510022,-44.4553812917392,12.8319035546009,25.1291393114938,-0.283817650991511,40.6539695046357,-19.9934845656319,1,960,-10.8718712596681,-5.14132223641774,-5.28435385370843,1.06941878513598,2.08309224531474e-18,-1.5799559154166e-18,0,1.06347633505738e-18,0.000504657012274752,0.000682202807199845,1,4.89150337475049e-20,-9.29459428351457e-20,1,0.000844162125238232,-0.0113505931958439,-0.0113505931958439,0.00945185736383171,0.0125214744945685,-0.00300099643370444,-0.00300099643370444,0.0039141427757966,1,2.16840434497101e-19,0,1,0.000844281532399545,-0.0113509873136632,-0.0113509873136632,0.00945182733183957,0.0125214711132917,-0.00300110063496951,-0.00300110063496951,0.00391428882736217,-4.71798592664765,-40.255136020364,1.25508496953538,5.34151204974517,1.25508496953538,5.34151204974517,-12.3835738059512,-1.1267408195551,2.60208521396521e-18,-2.23591652718022e-20,-3.55866196449548e-19,0,0,0,0.000844162125238233,0.00945185736383171,-0.0113505931958439,0.0125214744945685,0.0039141427757966,-0.00300099643370445,1.47010300993867e-12,6.59882220005224e-09,6.14486324953452e-12,9.29459428351457e-20,8.67361737988404e-18,1.14935059101418e-13
NC_k0036,-0.0140350877192982,-0.0140350877192982,0.260270274509525,-26.3182921621729,9.09783044525622,-41.6350602080814,12.2883776731992,29.3326438961518,-4.28082866041516,38.8759895880122,-17.3473445150008,1,960,-6.97814716301715,-3.36027059529645,-3.41167786024346,0.681047734719236,2.92623413496759e-19,1.01677868075631e-18,0,1.57578899308087e-18,0.000504611914149838,0.000682979884868109,1,6.10678684352498e-20,1.87909144825299e-19,1,0.000844162125238228,-0.0113505931958439,-0.0113505931958439,0.00945185736383171,0.0125214744945685,-0.00300099643370445,-0.00300099643370445,0.0039141427757966,1,2.16840434497101e-19,0,1,0.000844281532399545,-0.0113509873136632,-0.0113509873136632,0.00945182733183957,0.0125214711132917,-0.00300110063496951,-0.00300110063496951,0.00391428882736217,-4.70659087601517,-40.1900873363697,1.23894697168961,5.27604093602678,1.23894697168961,5.27604093602678,-12.3425274698143,-1.07129710584161,2.16840434497101e-18,1.89613871826442e-19,-5.79860912590936e-20,0,0,0,0.000844162125238233,0.00945185736383171,-0.0113505931958439,0.0125214744945685,0.0039141427757966,-0.00300099643370445,6.65610646682544e-13,6.33068518850443e-09,6.2843082147856e-12,1.87909144825299e-19,5.20417042793042e-18,6.93168829370045e-14
NC_k0036,-0.00570175438596491,-0.00570175438596491,0.260126552539595,-31.5493616105699,10.5125663575862,-37.9036399567597,11.7272354397759,32.9400957560628,-8.51177541582505,36.75846980881,-13.9710019349187,1,960,-2.86120097234231,-1.39146923418367,-1.40338116815358,0.278380617790286,1.27485076006673e-19,-1.21395703209302e-18,0,-2.39008874913522e-19,0.000504562248386057,0.000683243480327227,1,1.94483497152974e-19,-2.26780623387964e-20,1,0.000844162125238228,-0.0113505931958439,-0.0113505931958439,0.00945185736383171,0.0125214744945685,-0.00300099643370444,-0.00300099643370444,0.0039141427757966,1,2.16840434497101e-19,0,1,0.000844281532399545,-0.0113509873136632,-0.0113509873136632,0.00945182733183957,0.0125214711132917,-0.00300110063496951,-0.00300110063496951,0.00391428882736217,-4.70162387519102,-40.1792300133054,1.23316812012693,5.24199653212868,1.23316812012693,5.24199653212868,-12.3288345653622,-1.04598443328469,2.60208521396521e-18,3.86518236159269e-19,-3.30979292321429e-19,0,0,0,0.000844162125238233,0.00945185736383171,-0.0113505931958439,0.0125214744945685,0.0039141427757966,-0.00300099643370445,1.7000235783877e-12,4.86292378577819e-09,2.99970135094499e-12,1.94483497152974e-19,6.93889390390723e-18,8.15190128163205e-14
NC_k0036,0.00263157894736842,0.00263157894736842,0.260111686896273,-36.3187698756583,11.4676796950039,-33.3773722070133,10.9128727516153,35.8490199502618,-12.5768092524703,34.0911933981357,-10.0470427480491,1,960,1.32217344871118,0.643991248522925,0.648834350087252,-0.128626424824104,8.3423480881688e-19,-1.21328536143563e-18,0,4.89697540076293e-19,0.000504552835339463,0.000683272791441219,1,1.4226808697342e-19,2.30374166613552e-20,1,0.000844162125238231,-0.0113505931958439,-0.0113505931958439,0.00945185736383171,0.0125214744945685,-0.00300099643370445,-0.00300099643370445,0.0039141427757966,1,2.16840434497101e-19,0,1,0.000844281532399545,-0.0113509873136632,-0.0113509873136632,0.00945182733183957,0.0125214711132917,-0.00300110063496951,-0.00300110063496951,0.00391428882736217,-4.70090655431003,-40.1788166746936,1.23245950188123,5.23677116716245,1.23245950188123,5.23677116716245,-12.3271521687383,-1.04242307027901,2.60208521396521e-18,4.5865081309697e-19,-5.54931130079203e-19,0,0,0,0.000844162125238233,0.00945185736383171,-0.0113505931958439,0.0125214744945685,0.0039141427757966,-0.00300099643370445,3.35441537046127e-12,6.0449083352348e-09,5.80029246657154e-12,1.4226808697342e-19,6.93889390390723e-18,1.19511141773114e-14
NC_k0036,0.0109649122807018,0.0109649122807018,0.260193045228483,-40.3624313647677,12.0968894453385,-28.2763972601972,9.67626110336814,38.1478666622268,-16.1800943589197,30.7424357091094,-5.83549682978198,1,960,5.47676542265927,2.64943697134619,2.68164679002181,-0.533711962854177,2.22213799756245e-19,-9.58593969288715e-19,0,4.83953597902725e-19,0.000504592274136708,0.000683118264650321,1,-1.72503996247973e-19,1.10559869061853e-19,1,0.000844162125238229,-0.0113505931958439,-0.0113505931958439,0.0094518573638317,0.0125214744945685,-0.00300099643370445,-0.00300099643370445,0.00391414277579659,1,2.16840434497101e-19,0,1,0.000844281532399545,-0.0113509873136632,-0.0113509873136632,0.00945182733183957,0.0125214711132917,-0.00300110063496951,-0.00300110063496951,0.00391428882736217,-4.7041959910986,-40.183294799648,1.23597769513758,5.26006251090959,1.23597769513758,5.26006251090959,-12.3355074556027,-1.05897243340035,1.73472347597681e-18,1.05738433542291e-18,6.7746960417613e-20,0,0,0,0.000844162125238233,0.00945185736383171,-0.0113505931958439,0.0125214744945685,0.0039141427757966,-0.00300099643370445,2.10175010813673e-12,6.14596777296619e-09,1.01255236701397e-11,1.72503996247973e-19,6.93889390390723e-18,7.4671107807202e-14
NC_k0036,0.0192982456140351,0.0192982456140351,0.26052956672908,-43.5238796275129,12.6183922745278,-22.9612668710628,7.95406227512909,40.0234318532788,-19.1115347164854,26.7278227128318,-1.70089617445809,1,960,9.47880180845224,4.51624867273368,4.61836665879136,-0.92891831691783,3.56494991675654e-19,-5.79441259864315e-19,0,7.58514695543776e-19,0.000504641080721561,0.000682572463443274,1,-9.06932156376881e-20,2.2409418068831e-19,1,0.000844162125238229,-0.0113505931958439,-0.0113505931958439,0.0094518573638317,0.0125214744945684,-0.00300099643370444,-0.00300099643370444,0.00391414277579659,1,2.16840434497101e-19,0,1,0.000844281532399545,-0.0113509873136632,-0.0113509873136632,0.00945182733183957,0.0125214711132917,-0.00300110063496951,-0.00300110063496951,0.00391428882736217,-4.71278027673512,-40.2192650311142,1.24746270410836,5.31344925370973,1.24746270410836,5.31344925370973,-12.3634337481661,-1.10231242723489,2.60208521396521e-18,4.53672077341881e-19,4.54172920656998e-19,0,0,0,0.000844162125238233,0.00945185736383171,-0.0113505931958439,0.0125214744945685,0.0039141427757966,-0.00300099643370445,6.23677515469578e-13,5.99679039523471e-09,1.80489289772179e-12,2.2409418068831e-19,8.67361737988404e-18,0
NC_k0037,-0.0223684210526316,-0.0223684210526316,0.369200207108832,68.864901603307,3.51512873460024,71.9052809138563,-3.97011662924395,-58.5408111262973,-0.803760925417118,-82.5935677495609,5.92308330926672,1,960,6.2837973587119,-4.8127509643464,0.485445310140602,-1.45491733286285,-4.43802912713891e-18,5.87007067337031e-19,0,-1.27225754884637e-18,3.86329695142036e-05,0.00193915074621299,1,8.22738613690446e-20,-6.76698420800473e-20,1,0.00526516256280188,0.0075507131118313,0.0075507131118313,-0.00336613753595377,0.011274254889374,-0.00828254755886328,-0.00828254755886328,0.0104031002784616,1,0,0,1,0.00526509588061798,0.00755097528936991,0.00755097528936991,-0.00336605436917763,0.0112743414130109,-0.00828283514732019,-0.00828283514732019,0.0104032019263105,10.7556560026671,27.4747113775125,5.66851939227291,-10.6917879734628,5.66851939227291,-10.6917879734628,-25.0419807791709,3.42687403180446,1.73472347597681e-18,-3.34879709491721e-19,-1.37599705707779e-19,0,0,0,0.00526516256280188,-0.00336613753595378,0.0075507131118313,0.011274254889374,0.0104031002784616,-0.00828254755886328,2.08952690124995e-12,1.4184305827068e-08,1.13278180044466e-11,8.22738613690446e-20,6.93889390390723e-18,9.0363443052326e-14
NC_k0037,-0.0140350877192982,-0.0140350877192982,0.367386414587118,69.8044445614568,3.21363582596084,71.3719534294468,-1.70478567868015,-62.9030035669217,-0.541607500374204,-78.5879335896588,3.68953600379533,1,960,3.98420161516282,-3.05135848273091,0.307838233702538,-0.915664172907396,3.82554489693524e-19,-1.96523224291573e-18,0,8.02419788096865e-19,3.97944860153221e-05,0.00193661394261807,1,4.42089351542579e-20,2.24516945126766e-19,1,0.00526516256280189,0.0075507131118313,0.0075507131118313,-0.00336613753595377,0.0112742548893739,-0.00828254755886328,-0.00828254755886328,0.0104031002784616,1,0,0,1,0.00526509588061798,0.00755097528936991,0.00755097528936991,-0.00336605436917763,0.0112743414130109,-0.00828283514732019,-0.00828283514732019,0.0104032019263105,10.7569806018571,27.4166083483956,5.60741354942792,-10.5607899504135,5.60741354942792,-10.5607899504135,-24.9708580164067,3.43355478946291,2.60208521396521e-18,-5.56782480220788e-19,2.38063553699915e-19,0,0,0,0.00526516256280188,-0.00336613753595378,0.0075507131118313,0.011274254889374,0.0104031002784616,-0.00828254755886328,2.07732725484511e-12,7.86922617828846e-09,7.222002068944e-12,2.24516945126766e-19,6.93889390390723e-18,8.49167681582007e-14
NC_k0037,-0.00570175438596491,-0.00570175438596491,0.366561632209073,70.4610021119558,2.33328240680369,71.0134559674276,0.285469069240997,-67.6376958761067,0.158816487176726,-74.1265037743942,1.87174809425001,1,960,1.62347650323612,-1.2415084533127,0.12604945647473,-0.371984736780918,-2.21616244481737e-18,-1.975739918237e-18,0,5.01710270522094e-19,4.02993143069767e-05,0.00193540383268158,1,-3.7182876537603e-20,9.80235344049354e-20,1,0.00526516256280188,0.0075507131118313,0.0075507131118313,-0.00336613753595378,0.011274254889374,-0.00828254755886328,-0.00828254755886328,0.0104031002784616,1,0,0,1,0.00526509588061798,0.00755097528936991,0.00755097528936991,-0.00336605436917763,0.0112743414130109,-0.00828283514732019,-0.00828283514732019,0.0104032019263105,10.7561442780542,27.4041823067606,5.572383445942,-10.4888615861894,5.572383445942,-10.4888615861894,-24.9462297673719,3.44796991760212,2.60208521396521e-18,-3.40828922680174e-19,-7.43568897998104e-19,0,0,0,0.00526516256280188,-0.00336613753595378,0.0075507131118313,0.011274254889374,0.0104031002784616,-0.00828254755886328,2.58579369171324e-12,3.18169458913618e-09,5.25535631621124e-12,9.80235344049354e-20,5.20417042793042e-18,9.8434328990923e-15
NC_k0037,0.00263157894736842,0.00263157894736842,0.366440942619033,70.8855593382309,0.922678407962203,70.6380895040334,1.87078929680573,-72.4057803901425,1.32114974377024,-69.4033424548096,0.533666466565668,1,960,-0.749526585659509,0.572974988157308,-0.058262027175727,0.171647169117681,-2.33553453337612e-18,1.15677279557631e-18,0,-8.83001241829944e-19,4.03692708952403e-05,0.00193522802605989,1,-3.7419808778439e-20,-4.60972605019239e-20,1,0.00526516256280188,0.0075507131118313,0.0075507131118313,-0.00336613753595378,0.011274254889374,-0.00828254755886328,-0.00828254755886328,0.0104031002784616,1,0,0,1,0.00526509588061798,0.00755097528936991,0.00755097528936991,-0.00336605436917763,0.0112743414130109,-0.00828283514732019,-0.00828283514732019,0.0104032019263105,10.755768079633,27.4033256328948,5.56678835833144,-10.4775694069179,5.56678835833144,-10.4775694069179,-24.9430843638803,3.45085267540244,1.73472347597681e-18,-2.68548150415994e-19,-4.40226767010915e-19,0,0,0,0.00526516256280188,-0.00336613753595378,0.0075507131118313,0.011274254889374,0.0104031002784616,-0.00828254755886328,6.45787679232449e-12,6.50377177800042e-09,6.57338980951105e-12,4.60972605019239e-20,5.20417042793042e-18,6.16553335706556e-14
NC_k0037,0.0109649122807018,0.0109649122807018,0.366991369999598,71.2298293087915,-0.931605781426427,70.0792936874676,2.95569002191654,-76.9882516004773,2.96527870117761,-64.6270636381145,-0.335943918209137,1,960,-3.11779348106638,2.38642324827317,-0.241352176821756,0.715524432814915,1.50283497177614e-18,-2.12560271135507e-18,0,1.13985488409807e-18,4.00410758133031e-05,0.00193603331948456,1,1.52713771791227e-19,3.97388347758413e-20,1,0.00526516256280188,0.0075507131118313,0.0075507131118313,-0.00336613753595377,0.0112742548893739,-0.00828254755886328,-0.00828254755886328,0.0104031002784615,1,0,0,1,0.00526509588061798,0.00755097528936991,0.00755097528936991,-0.00336605436917763,0.0112743414130109,-0.00828283514732019,-0.00828283514732019,0.0104032019263105,10.7569155794846,27.4093697762994,5.59128591531571,-10.527386084135,5.59128591531571,-10.527386084135,-24.9584198509315,3.43938413185718,2.60208521396521e-18,-3.52974658395289e-19,8.21692274733423e-19,0,0,0,0.00526516256280188,-0.00336613753595378,0.0075507131118313,0.011274254889374,0.0104031002784616,-0.00828254755886328,1.53799932380974e-12,4.5080098387174e-09,9.13750170678002e-13,1.52713771791227e-19,8.67361737988404e-18,3.32772219436389e-14
NC_k0037,0.0192982456140351,0.0192982456140351,0.368378390955782,71.6741264196054,-3.11456693613962,69.2352898228164,3.47136139820225,-81.1809137212632,5.0632883859535,-60.0724780494215,-0.757486050456522,1,960,-5.45017125098495,4.17614466742164,-0.420428772575881,1.2575242212954,-1.55638333591037e-18,-1.39184387718378e-18,0,1.17399924542304e-18,3.91624170745334e-05,0.00193803612702398,1,1.19974806215215e-19,1.01174406549925e-19,1,0.00526516256280188,0.0075507131118313,0.0075507131118313,-0.00336613753595377,0.0112742548893739,-0.00828254755886328,-0.00828254755886328,0.0104031002784615,1,0,0,1,0.00526509588061798,0.00755097528936991,0.00755097528936991,-0.00336605436917763,0.0112743414130109,-0.00828283514732019,-0.00828283514732019,0.0104032019263105,10.7560549678494,27.4439072573915,5.6432010457056,-10.6366833401444,5.6432010457056,-10.6366833401444,-25.0070354056767,3.4263746611123,3.46944695195361e-18,-4.35761662312813e-19,5.13184816980723e-19,0,0,0,0.00526516256280188,-0.00336613753595378,0.0075507131118313,0.011274254889374,0.0104031002784616,-0.00828254755886328,8.21987372994531e-13,5.93774524605985e-09,7.47375496870104e-12,1.19974806215215e-19,6.93889390390723e-18,5.37965349654232e-14
NC_k0038,-0.0223684210526316,-0.0223684210526316,0.077300685630115,25.6598554673189,9.0535573324058,21.076044164944,1.57712134314122,-23.7735875829607,-8.98191131665221,-24.2112598903489,0.353476571759706,1,960,-1.6787943758505,2.77268989611078,0.360985521685907,-0.395618334372874,-3.55456052826287e-19,1.36440464190417e-18,0,-3.73004275931293e-19,-0.00100860665607073,0.00128202128783439,1,-2.4877380669251e-20,-5.62321644834908e-20,1,-0.0044705407505022,-0.00322081580792181,-0.00322081580792181,-0.0124565213817698,0.0122190735985311,0.00371546962431562,0.00371546962431562,0.00716695275968236,1,0,0,1,-0.00447068354140235,-0.00322092764180403,-0.00322092764180403,-0.0124565255271729,0.0122191138840549,0.00371559863367758,0.00371559863367758,0.00716708075563738,2.19907708281068,-10.9128785504578,3.00749568477361,-4.81174484181089,3.00749568477361,-4.81174484181089,13.8761084756006,1.20077104801821,8.67361737988404e-19,3.68210263697926e-20,-7.01291761845594e-19,0,0,0,-0.0044705407505022,-0.0124565213817698,-0.00322081580792181,0.0122190735985311,0.00716695275968236,0.00371546962431562,4.89025253735238e-12,1.52965702242351e-08,1.19880655071251e-11,5.62321644834908e-20,5.20417042793042e-18,3.76653823746316e-13
NC_k0038,-0.0140350877192982,-0.0140350877192982,0.0774241969739453,24.6344672266252,7.49437399063443,21.6504505979173,2.76494621422106,-23.5812411127842,-7.11124020608202,-23.9390606072792,-1.15071394696862,1,960,-1.04150731598321,1.74492062716115,0.23212639268872,-0.249231841013511,-9.218961014128e-19,-1.07604948036818e-18,0,7.62154083443856e-19,-0.00100819878978323,0.00128130038209665,1,-5.47501581194401e-20,3.25611838628903e-20,1,-0.0044705407505022,-0.00322081580792181,-0.00322081580792181,-0.0124565213817699,0.0122190735985311,0.00371546962431562,0.00371546962431562,0.00716695275968236,1,0,0,1,-0.00447068354140235,-0.00322092764180403,-0.00322092764180403,-0.0124565255271729,0.0122191138840549,0.00371559863367758,0.00371559863367758,0.00716708075563738,2.1304226348169,-10.940845760495,2.98014732607206,-4.76288107260996,2.98014732607206,-4.76288107260996,13.8983640561515,1.26223955613128,1.0842021724855e-18,9.17634466423159e-19,-4.76019611960914e-20,0,0,0,-0.0044705407505022,-0.0124565213817698,-0.00322081580792181,0.0122190735985311,0.00716695275968236,0.00371546962431562,1.13647152778296e-12,1.50599733370744e-08,8.78034911607038e-12,5.47501581194401e-20,8.67361737988404e-18,4.5438239552744e-13
NC_k0038,-0.00570175438596491,-0.00570175438596491,0.0775245490810963,23.6402807298397,5.98613402964545,22.4084382186043,4.06131318107957,-23.556070654692,-5.24545046419369,-23.7210774467087,-2.80843285323147,1,960,-0.418552074869723,0.707735862347915,0.0954306498678022,-0.101276575846932,-4.74325215572607e-19,-8.47390289278923e-19,0,-6.32913936972499e-19,-0.00100793568402489,0.00128088121229349,1,-7.32732686251802e-20,-1.72125469632557e-20,1,-0.0044705407505022,-0.00322081580792181,-0.00322081580792181,-0.0124565213817698,0.0122190735985311,0.00371546962431562,0.00371546962431562,0.00716695275968236,1,0,0,1,-0.00447068354140235,-0.00322092764180403,-0.00322092764180403,-0.0124565255271729,0.0122191138840549,0.00371559863367758,0.00371559863367758,0.00716708075563738,2.09364258019729,-10.9607354677364,2.96591506742906,-4.73743899317325,2.96591506742906,-4.73743899317325,13.9177859521981,1.29719321177553,8.67361737988404e-19,8.78957889846037e-19,-7.25208502550912e-19,0,0,0,-0.0044705407505022,-0.0124565213817698,-0.00322081580792181,0.0122190735985311,0.00716695275968236,0.00371546962431562,4.59143844679973e-12,1.16712884887153e-08,1.72289447651332e-11,7.32732686251802e-20,5.20417042793042e-18,1.03289650311059e-13
NC_k0038,0.00263157894736842,0.00263157894736842,0.0775414596023533,22.7209467187023,4.56280583209543,23.2913466180177,5.45123015920888,-23.658444685096,-3.44818801067581,-23.5810776105955,-4.57282617226806,1,960,0.192781154300472,-0.326481864267635,-0.0441212342891545,0.0467357946367175,-3.77644345577409e-19,2.65994153472962e-18,0,8.83813533191471e-19,-0.00100789169554602,0.00128081461542927,1,-4.78688531548994e-20,-6.04374647964243e-21,1,-0.0044705407505022,-0.00322081580792181,-0.00322081580792181,-0.0124565213817698,0.0122190735985311,0.00371546962431562,0.00371546962431562,0.00716695275968236,1,0,0,1,-0.00447068354140235,-0.00322092764180403,-0.00322092764180403,-0.0124565255271729,0.0122191138840549,0.00371559863367758,0.00371559863367758,0.00716708075563738,2.08797334889691,-10.9640245722416,2.96372734316278,-4.7335314355841,2.96372734316278,-4.7335314355841,13.9211466097662,1.30266803420986,1.30104260698261e-18,8.55555556056066e-19,-9.49160340308685e-19,0,0,0,-0.0044705407505022,-0.0124565213817698,-0.00322081580792181,0.0122190735985311,0.00716695275968236,0.00371546962431562,3.00283552308233e-11,1.08554462630899e-08,1.43400620921309e-11,4.78688531548994e-20,5.20417042793042e-18,2.25147387626693e-13
NC_k0038,0.0109649122807018,0.0109649122807018,0.077469254210781,21.9120010617036,3.23102649058516,24.2611216403628,6.9297290458916,-23.8516310074291,-1.74683737233515,-23.5544293828257,-6.41809823331135,1,960,0.80988394842857,-1.36254476318111,-0.182378068868324,0.194802228889202,2.48815928255951e-20,-5.90540782913858e-19,0,-2.39626778831099e-19,-0.00100808044536574,0.00128110744194844,1,-5.38301393386182e-20,-3.49547332417139e-22,1,-0.00447054075050219,-0.00322081580792181,-0.00322081580792181,-0.0124565213817698,0.0122190735985311,0.00371546962431562,0.00371546962431562,0.00716695275968236,1,0,0,1,-0.00447068354140235,-0.00322092764180403,-0.00322092764180403,-0.0124565255271729,0.0122191138840549,0.00371559863367758,0.00371559863367758,0.00716708075563738,2.11317520213082,-10.9498565990323,2.973472478124,-4.7509447839888,2.973472478124,-4.7509447839888,13.9069449007981,1.27849514354922,1.30104260698261e-18,-3.36100604650863e-19,1.36352339535377e-19,0,0,0,-0.0044705407505022,-0.0124565213817698,-0.00322081580792181,0.0122190735985311,0.00716695275968236,0.00371546962431562,5.34176953412147e-12,1.09115301223028e-08,1.13056673733038e-11,5.38301393386182e-20,3.46944695195361e-18,4.74719139423319e-14
NC_k0038,0.0192982456140351,0.0192982456140351,0.0773395221149886,21.2610825111146,2.00015555948612,25.2814269570465,8.47810853442992,-24.105263856508,-0.177706227766132,-23.6809698136414,-8.29980537222544,1,960,1.4438358146126,-2.39777055076196,-0.314798462929302,0.342114840998547,-8.63576559505361e-19,1.18464175118414e-18,0,-9.46783898092989e-19,-0.00100844433554499,0.00128172473911673,1,-8.71883720551962e-20,1.77945092249255e-19,1,-0.00447054075050219,-0.00322081580792181,-0.00322081580792181,-0.0124565213817698,0.0122190735985311,0.00371546962431562,0.00371546962431562,0.00716695275968236,1,0,0,1,-0.00447068354140235,-0.00322092764180403,-0.00322092764180403,-0.0124565255271729,0.0122191138840549,0.00371559863367758,0.00371559863367758,0.00716708075563738,2.17016756638476,-10.9227960930023,2.99578028470319,-4.79079670850096,2.99578028470319,-4.79079670850096,13.8828159465069,1.22589970927944,2.16840434497101e-18,-1.63332770851923e-19,-1.83666151684264e-19,0,0,0,-0.0044705407505022,-0.0124565213817698,-0.00322081580792181,0.0122190735985311,0.00716695275968236,0.00371546962431562,2.45017905384733e-12,9.83724609120546e-09,9.17952450215582e-12,1.77945092249255e-19,3.46944695195361e-18,2.18916546967548e-13
NC_k0039,-0.0223684210526316,-0.0223684210526316,0.480622264596327,-48.9487710398147,43.1764279828021,-75.5731939839492,64.8280106676594,43.9676769888081,-46.0495046988423,78.5468800850689,-66.1403318616487,1,960,-13.6384690423356,-2.37223481335494,-5.28353227237797,2.51915711047947,3.79003568759957e-18,-1.74644710679852e-18,0,-7.38480381107741e-19,-0.000921614297643233,-0.000985031337687174,1,-2.11417117201204e-19,-2.11405722781483e-20,1,-0.00936196115721762,-0.0143750446473943,-0.0143750446473943,-0.00123606231006256,0.00591636410265958,0.00222737079348689,0.00222737079348689,-0.00801369950739952,1,0,5.42101086242752e-20,1,-0.00936193661826698,-0.014375543780889,-0.014375543780889,-0.00123617884574468,0.00591623407895028,0.00222744813275055,0.00222744813275055,-0.00801358768972671,-11.2223575741073,-54.1603460219768,2.72212040927756,6.74597873279588,2.72212040927756,6.74597873279588,3.72433244543976,-10.6900177462859,2.16840434497101e-18,1.445724820337e-19,3.23788834296389e-19,0,0,0,-0.00936196115721762,-0.00123606231006256,-0.0143750446473943,0.00591636410265959,-0.00801369950739952,0.00222737079348689,4.21866984113643e-13,8.7342548113931e-09,7.85620986515011e-13,2.11417117201204e-19,5.20417042793042e-18,2.8874625314061e-15
NC_k0039,-0.0140350877192982,-0.0140350877192982,0.480158661114854,-54.6547781938943,46.6864274611028,-71.7109945728761,60.5195596975441,51.0903552321182,-49.1916906630279,73.2141535059072,-62.2253664168778,1,960,-8.7194813133316,-1.59204682843159,-3.40280428678196,1.59339163142925,7.13387030045333e-19,-8.7541847715467e-19,0,7.27468125612823e-20,-0.000921648392439866,-0.000982574061849976,1,-1.5588696489799e-19,1.97666786221806e-20,1,-0.00936196115721762,-0.0143750446473943,-0.0143750446473943,-0.00123606231006256,0.00591636410265959,0.00222737079348689,0.00222737079348689,-0.00801369950739952,1,0,5.42101086242752e-20,1,-0.00936193661826698,-0.014375543780889,-0.014375543780889,-0.00123617884574468,0.00591623407895028,0.00222744813275055,0.00222744813275055,-0.00801358768972671,-11.2583047024802,-54.0899782829628,2.68765510039201,6.63890378391371,2.68765510039201,6.63890378391371,3.71211821894065,-10.6388070916677,3.03576608295941e-18,6.88813461511155e-19,2.06073997591777e-19,0,0,0,-0.00936196115721762,-0.00123606231006256,-0.0143750446473943,0.00591636410265959,-0.00801369950739952,0.00222737079348689,7.92507019804781e-13,8.3331696436386e-09,3.34271126351909e-12,1.5588696489799e-19,8.67361737988404e-18,1.62200854602153e-13
NC_k0039,-0.00570175438596491,-0.00570175438596491,0.480219304433742,-60.2900285701426,50.6165285763678,-67.2735081905483,56.279034001017,58.2093328829583,-52.8715944520848,67.2665144466702,-58.2455509014305,1,960,-3.56830205671452,-0.669901834548258,-1.39860728411674,0.649159736626119,4.37346933469037e-18,1.28481001464186e-18,0,7.75233670084698e-21,-0.000921652243864487,-0.000981491855843429,1,-6.78860851596661e-20,-2.71888528770871e-20,1,-0.00936196115721762,-0.0143750446473943,-0.0143750446473943,-0.00123606231006256,0.00591636410265959,0.00222737079348689,0.00222737079348689,-0.00801369950739952,1,0,5.42101086242752e-20,1,-0.00936193661826698,-0.014375543780889,-0.014375543780889,-0.00123617884574468,0.00591623407895028,0.00222744813275055,0.00222744813275055,-0.00801358768972671,-11.2813904204573,-54.0875408020028,2.67322302677335,6.58152680767486,2.67322302677335,6.58152680767486,3.7051435960588,-10.6251477021965,3.46944695195361e-18,6.21515540982012e-19,6.58334951064887e-20,0,0,0,-0.00936196115721762,-0.00123606231006256,-0.0143750446473943,0.00591636410265959,-0.00801369950739952,0.00222737079348689,1.12736591339208e-12,4.40414168695863e-09,2.58056457689362e-12,6.78860851596661e-20,1.04083408558608e-17,6.82012966243864e-14
NC_k0039,0.00263157894736842,0.00263157894736842,0.480245252007655,-65.4929757133606,54.7352356249798,-62.2673691329661,52.1193383560741,64.9264455548961,-56.7810392219901,60.741938087255,-54.2968189649106,1,960,1.64845005851829,0.310864730660765,0.646573880429075,-0.299733778445576,-1.24540313025984e-18,-1.21635254714698e-18,0,7.94642635977642e-19,-0.000921651610811643,-0.000981342183091496,1,5.45205726541169e-20,5.68987598284745e-20,1,-0.00936196115721762,-0.0143750446473943,-0.0143750446473943,-0.00123606231006256,0.00591636410265959,0.00222737079348689,0.00222737079348689,-0.00801369950739952,1,0,5.42101086242752e-20,1,-0.00936193661826698,-0.014375543780889,-0.014375543780889,-0.00123617884574468,0.00591623407895028,0.00222744813275055,0.00222744813275055,-0.00801358768972671,-11.2850686467424,-54.0890999154676,2.67124583787635,6.57262667979368,2.67124583787635,6.57262667979368,3.70398310828526,-10.6238660258207,3.03576608295941e-18,3.97563703224238e-19,-3.91253472268561e-19,0,0,0,-0.00936196115721762,-0.00123606231006256,-0.0143750446473943,0.00591636410265959,-0.00801369950739952,0.00222737079348689,4.00881116426723e-12,7.26709182437997e-09,7.9328820557129e-12,5.68987598284745e-20,8.67361737988404e-18,3.46767517216639e-14
NC_k0039,0.0109649122807018,0.0109649122807018,0.480164487696693,-70.1426650951254,58.949252247672,-56.7647880094125,48.101471464,71.0940120566426,-60.7610195797578,53.7433587068616,-50.5039557432181,1,960,6.83715188843499,1.26453349667679,2.67355617708694,-1.24669011951675,3.22002221876682e-18,1.54085550145153e-18,0,4.71426774706222e-20,-0.000921650563339878,-0.000982044012763369,1,-3.60842372987441e-19,5.48812310933306e-20,1,-0.00936196115721762,-0.0143750446473943,-0.0143750446473943,-0.00123606231006256,0.00591636410265959,0.00222737079348689,0.00222737079348689,-0.00801369950739952,1,0,5.42101086242752e-20,1,-0.00936193661826698,-0.014375543780889,-0.014375543780889,-0.00123617884574468,0.00591623407895028,0.00222744813275055,0.00222744813275055,-0.00801358768972671,-11.2689551991534,-54.0862125427036,2.68053987893149,6.61210802082778,2.68053987893149,6.61210802082778,3.70897322506349,-10.6312526556018,3.46944695195361e-18,6.30564893248189e-19,-4.37443964664365e-19,0,0,0,-0.00936196115721762,-0.00123606231006256,-0.0143750446473943,0.00591636410265959,-0.00801369950739952,0.00222737079348689,1.35341250518333e-12,5.74960722546221e-09,6.86049861409818e-13,3.60842372987441e-19,8.67361737988404e-18,2.45090263077939e-14
NC_k0039,0.0192982456140351,0.0192982456140351,0.480319962940318,-74.2148249321841,63.2335429088604,-51.0189491486754,44.3983923294292,76.6542485861613,-64.7125814292219,46.5491154125248,-47.1169831109458,1,960,11.8707357830929,2.10561450754545,4.61219559591054,-2.18177735245646,5.22778147133513e-20,1.22783546841044e-18,0,1.25383871814665e-18,-0.000921638000616969,-0.000983931924742587,1,-1.57039693026581e-19,4.93851838929706e-20,1,-0.00936196115721761,-0.0143750446473943,-0.0143750446473943,-0.00123606231006256,0.00591636410265958,0.00222737079348689,0.00222737079348689,-0.00801369950739952,1,0,5.42101086242752e-20,1,-0.00936193661826698,-0.014375543780889,-0.014375543780889,-0.00123617884574468,0.00591623407895028,0.00222744813275055,0.00222744813275055,-0.00801358768972671,-11.2358420235301,-54.1186323412987,2.7064101855151,6.70062317366773,2.7064101855151,6.70062317366773,3.71901424738437,-10.6641508546748,3.46944695195361e-18,4.76187806404433e-19,-2.06617760681999e-19,0,0,0,-0.00936196115721762,-0.00123606231006256,-0.0143750446473943,0.00591636410265959,-0.00801369950739952,0.00222737079348689,7.0436338537378e-13,5.59989620180303e-09,5.66516737341456e-12,1.57039693026581e-19,1.04083408558608e-17,8.06686928484636e-14
NC_k0040,-0.0223684210526316,-0.0223684210526316,0.539557167995594,24.771426123955,-36.1213114706397,15.2750949221013,-33.7331060550971,-20.3176584280656,41.6138043703033,-20.8372513560235,24.4869692286431,1,960,-10.2757187133905,-10.908949591451,-6.99094054059766,-1.00600133866781,1.80834916793893e-18,-6.308304344456e-18,0,3.24007307681511e-18,7.22507841294155e-05,-0.00144671267690594,1,-4.3049594939265e-20,-1.39881038617612e-20,1,0.00239448904696964,-0.0107100934987805,-0.0107100934987805,0.00459870799470201,-0.00943143305055486,-0.0118532853785697,-0.0118532853785697,-0.00538144038133595,1,0,0,1,0.00239453853323239,-0.010710465377027,-0.010710465377027,0.00459871921327469,-0.00943146218635387,-0.0118536969509787,-0.0118536969509787,-0.00538153982950769,2.68504691386437,-36.401475507086,-9.27903358911102,-4.15606631158735,-9.27903358911102,-4.15606631158735,-40.4106479771613,2.45687802559404,3.03576608295941e-18,3.47423799392954e-19,8.36129425363032e-19,0,0,0,0.00239448904696964,0.00459870799470201,-0.0107100934987805,-0.00943143305055485,-0.00538144038133594,-0.0118532853785697,1.48391371155849e-12,8.64004628885358e-09,3.9345228273113e-12,4.3049594939265e-20,1.04083408558608e-17,3.93012289116946e-14
NC_k0040,-0.0140350877192982,-0.0140350877192982,0.53926354897222,22.6527013384578,-34.8850592144812,15.7629447823638,-33.4267768965383,-19.6265692491101,38.1728206953494,-19.9443823499233,26.3547163057042,1,960,-6.63593628123624,-7.01562795333494,-4.50501619740857,-0.615713176362696,7.59437829107385e-19,5.4877544116932e-18,0,3.09965089602811e-18,7.20396054752392e-05,-0.00144560080052724,1,-5.27944297277287e-20,-1.27526713688776e-19,1,0.00239448904696963,-0.0107100934987805,-0.0107100934987805,0.00459870799470201,-0.00943143305055485,-0.0118532853785697,-0.0118532853785697,-0.00538144038133595,1,0,0,1,0.00239453853323239,-0.010710465377027,-0.010710465377027,0.00459871921327469,-0.00943146218635387,-0.0118536969509787,-0.0118536969509787,-0.00538153982950769,2.63370010633517,-36.3757000021842,-9.22204154923435,-4.15762864038258,-9.22204154923435,-4.15762864038258,-40.4377292941462,2.3403019158497,3.03576608295941e-18,6.42040995122986e-19,1.04514388333304e-18,0,0,0,0.00239448904696964,0.00459870799470201,-0.0107100934987805,-0.00943143305055485,-0.00538144038133594,-0.0118532853785697,1.12775269944692e-12,8.44867908950706e-09,7.53779006387281e-12,1.27526713688776e-19,8.67361737988404e-18,8.85273817410214e-14
NC_k0040,-0.00570175438596491,-0.00570175438596491,0.539354872171801,20.1305815913212,-33.8953743129784,17.1375816575074,-33.3259243913829,-19.1539971711771,34.221637984828,-19.2932497084665,29.2016387386165,1,960,-2.72855957641647,-2.87824960316797,-1.85024702926288,-0.245321880933049,8.28361826467753e-19,4.38466605146189e-18,0,-5.08487774871047e-18,7.17252324222053e-05,-0.00144520564435645,1,1.35952589343483e-20,-4.33923829203753e-20,1,0.00239448904696964,-0.0107100934987805,-0.0107100934987805,0.00459870799470201,-0.00943143305055485,-0.0118532853785697,-0.0118532853785697,-0.00538144038133595,1,0,0,1,0.00239453853323239,-0.010710465377027,-0.010710465377027,0.00459871921327469,-0.00943146218635387,-0.0118536969509787,-0.0118536969509787,-0.00538153982950769,2.60179673002104,-36.3847960598749,-9.18931775332869,-4.15638129039816,-9.18931775332869,-4.15638129039816,-40.4757003072829,2.2697460808019,2.60208521396521e-18,-7.42898710900581e-19,9.96877525510104e-19,0,0,0,0.00239448904696964,0.00459870799470201,-0.0107100934987805,-0.00943143305055485,-0.00538144038133594,-0.0118532853785697,2.57095788203597e-12,3.83022204205396e-09,2.74791658016269e-12,4.33923829203753e-20,6.93889390390723e-18,3.04647303885269e-14
NC_k0040,0.00263157894736842,0.00263157894736842,0.539380615105895,17.8394994278769,-33.3870510029569,19.2335476810964,-33.6481638805448,-19.1605473276636,30.4519149253897,-19.0952640187184,32.7829659692893,1,960,1.261405636426,1.33012469237362,0.855205008503853,0.112785148262274,2.37138784984662e-18,4.93529040673638e-20,0,-5.14505017519003e-18,7.16639187803839e-05,-0.00144515772509934,1,7.34198199302825e-20,1.80656657826268e-20,1,0.00239448904696964,-0.0107100934987805,-0.0107100934987805,0.00459870799470201,-0.00943143305055486,-0.0118532853785697,-0.0118532853785697,-0.00538144038133594,1,0,0,1,0.00239453853323239,-0.010710465377027,-0.010710465377027,0.00459871921327469,-0.00943146218635387,-0.0118536969509787,-0.0118536969509787,-0.00538153982950769,2.59652817152555,-36.3874348094231,-9.18404295291089,-4.15600369009773,-9.18404295291089,-4.15600369009773,-40.4827195474643,2.25829546765128,3.03576608295941e-18,4.46623375116985e-19,7.26121020172388e-19,0,0,0,0.00239448904696964,0.00459870799470201,-0.0107100934987805,-0.00943143305055485,-0.00538144038133594,-0.0118532853785697,2.30885960748699e-12,6.34846330231932e-09,4.02998670153269e-12,7.34198199302825e-20,1.04083408558608e-17,5.80448915248516e-14
NC_k0040,0.0109649122807018,0.0109649122807018,0.539290382554506,16.1737125532707,-33.3521525841485,21.7332757309078,-34.4734560817742,-19.6624471651016,27.30190850731,-19.4074041371908,36.7357400639648,1,960,5.21527914154136,5.50774041488497,3.5385964536207,0.476957167418929,5.31063188148845e-19,3.63271255253688e-19,0,7.80659974903045e-19,7.1911113096213e-05,-0.00144539799425634,1,-1.57442041129548e-19,-1.50817954145887e-19,1,0.00239448904696964,-0.0107100934987805,-0.0107100934987805,0.00459870799470201,-0.00943143305055485,-0.0118532853785697,-0.0118532853785697,-0.00538144038133594,1,0,0,1,0.00239453853323239,-0.010710465377027,-0.010710465377027,0.00459871921327469,-0.00943146218635387,-0.0118536969509787,-0.0118536969509787,-0.00538153982950769,2.6192516309115,-36.378293852511,-9.20704344547114,-4.15729723764556,-9.20704344547114,-4.15729723764556,-40.4538785488219,2.30805161253681,4.33680868994202e-18,6.54515725449001e-19,2.07476651237982e-19,0,0,0,0.00239448904696964,0.00459870799470201,-0.0107100934987805,-0.00943143305055485,-0.00538144038133594,-0.0118532853785697,1.89668007543955e-12,8.70301495131978e-09,6.93562961111258e-12,1.57442041129548e-19,1.04083408558608e-17,6.29954207464402e-14
NC_k0040,0.0192982456140351,0.0192982456140351,0.539339568566748,15.3472614347187,-33.6127026175117,24.0853253222291,-35.661885987197,-20.4975081810435,25.048961466247,-20.0635216901634,40.4577697498654,1,960,8.98340803506156,9.52038212037437,6.10625075129382,0.860553841698613,-3.95809231829074e-19,1.59411600673259e-18,0,4.35732276913333e-19,7.22205018664108e-05,-0.00144618293499225,1,-7.72288738876211e-20,-2.06053826241971e-19,1,0.00239448904696964,-0.0107100934987805,-0.0107100934987805,0.00459870799470201,-0.00943143305055485,-0.0118532853785697,-0.0118532853785697,-0.00538144038133594,1,0,0,1,0.00239453853323239,-0.010710465377027,-0.010710465377027,0.00459871921327469,-0.00943146218635387,-0.0118536969509787,-0.0118536969509787,-0.00538153982950769,2.66430099970166,-36.382598969587,-9.25520288340863,-4.15702228609582,-9.25520288340863,-4.15702228609582,-40.4137419874077,2.40985867384169,3.46944695195361e-18,3.85157770502666e-19,8.55837092573686e-19,0,0,0,0.00239448904696964,0.00459870799470201,-0.0107100934987805,-0.00943143305055485,-0.00538144038133594,-0.0118532853785697,4.8653104701815e-13,6.3719979923803e-09,2.59320964233047e-12,2.06053826241971e-19,8.67361737988404e-18,3.37591726344832e-14
NC_k0041,-0.0223684210526316,-0.0223684210526316,0.303571252636071,-49.782396211304,7.82282888955407,-54.2664182350792,24.0366828797695,48.3265269394101,-7.60091252671424,55.152074188905,-23.6702058543801,1,960,4.13210077838587,-7.47617235544923,-1.10354362043093,1.45917140098763,1.24826848390172e-18,-2.51576726268408e-18,0,1.67774727538415e-18,0.000579487438350932,-0.000150318365611587,1,-7.61670046796423e-20,-8.59059613332005e-20,1,0.000693404154477527,0.00813472975173025,0.00813472975173025,0.0151266557406844,-0.00346283095456102,-0.00928959031609184,-0.00928959031609184,-0.00249839192021467,1,0,0,1,0.000693598106574171,0.00813501220762441,0.00813501220762441,0.0151265991154966,-0.00346284845605757,-0.00928991287131115,-0.00928991287131115,-0.00249842616544446,-7.46912259532102,27.4719826354045,3.27818801980247,6.58242205657461,3.27818801980247,6.58242205657461,-35.3745105539811,-2.59861752201166,2.00577401909818e-18,-2.19741118829846e-19,2.59921566493254e-19,0,0,0,0.000693404154477524,0.0151266557406844,0.00813472975173025,-0.00346283095456102,-0.00249839192021467,-0.00928959031609184,1.02341313612572e-12,1.38544517934633e-08,4.27329903308037e-12,8.59059613332005e-20,5.20417042793042e-18,1.04230410248198e-14
NC_k0041,-0.0140350877192982,-0.0140350877192982,0.303074314602107,-50.0605748992407,11.7344353659585,-52.8590835117952,21.9274635505816,49.0549378426146,-11.4696526178033,53.3003028452354,-21.6126465629781,1,960,2.58977815286769,-4.75081357991324,-0.71314169092505,0.917606859881246,1.00028635370322e-18,2.87897234348876e-18,0,1.08868880012799e-18,0.000580911742929883,-0.000151105606090437,1,1.59244629580499e-19,-5.70195450128669e-20,1,0.000693404154477528,0.00813472975173025,0.00813472975173025,0.0151266557406844,-0.00346283095456102,-0.00928959031609184,-0.00928959031609184,-0.00249839192021467,1,0,0,1,0.000693598106574171,0.00813501220762441,0.00813501220762441,0.0151265991154966,-0.00346284845605757,-0.00928991287131115,-0.00928991287131115,-0.00249842616544446,-7.35676695836327,27.4651827690139,3.22970134777338,6.54077575731549,3.22970134777338,6.54077575731549,-35.3093620606468,-2.62197243647825,1.95156391047391e-18,-1.08233467014229e-18,5.39213180961009e-19,0,0,0,0.000693404154477524,0.0151266557406844,0.00813472975173025,-0.00346283095456102,-0.00249839192021467,-0.00928959031609184,8.72509227107198e-13,1.24860556012756e-08,1.32457164960965e-11,1.59244629580499e-19,6.93889390390723e-18,1.11544560099786e-13
NC_k0041,-0.00570175438596491,-0.00570175438596491,0.302973678831609,-50.5799847833947,15.2709822919293,-51.715771478102,19.4056026278761,50.0085220429627,-14.9884181743019,51.7256531749529,-19.1136530585562,1,960,1.04647714880187,-1.93751671539618,-0.294043056976115,0.372279222952775,1.05716991006727e-18,4.00408356034869e-19,0,3.4099693571886e-18,0.000581556507861273,-0.00015139983525354,1,1.19393824196604e-19,-6.17056263273782e-20,1,0.000693404154477525,0.00813472975173025,0.00813472975173025,0.0151266557406844,-0.00346283095456102,-0.00928959031609184,-0.00928959031609184,-0.00249839192021467,1,0,0,1,0.000693598106574171,0.00813501220762441,0.00813501220762441,0.0151265991154966,-0.00346284845605757,-0.00928991287131115,-0.00928991287131115,-0.00249842616544446,-7.30290984443414,27.4774174933055,3.20215367612765,6.5211736042497,3.20215367612765,6.5211736042497,-35.2967643944236,-2.63078057311256,1.73472347597681e-18,-9.29951521039269e-19,2.40477471741563e-19,0,0,0,0.000693404154477524,0.0151266557406844,0.00813472975173025,-0.00346283095456102,-0.00249839192021467,-0.00928959031609184,1.35388739131301e-12,7.71154669286092e-09,8.59701835698034e-12,1.19393824196604e-19,5.20417042793042e-18,5.22179951800417e-14
NC_k0041,0.00263157894736842,0.00263157894736842,0.30296656670832,-51.3612097674576,18.3717487387893,-50.8364864639513,16.4639255799167,51.214362284605,-18.0832887643094,50.4223680026554,-16.1785198478903,1,960,-0.482420442193729,0.894568236977282,0.136008772278567,-0.171761623127189,1.1308948637029e-18,-5.37323291024646e-19,0,-8.67477543274161e-19,0.000581646613610971,-0.000151437280256714,1,5.80048219660521e-20,-1.62123175373762e-20,1,0.000693404154477529,0.00813472975173025,0.00813472975173025,0.0151266557406844,-0.00346283095456102,-0.00928959031609184,-0.00928959031609184,-0.00249839192021467,1,0,0,1,0.000693598106574171,0.00813501220762441,0.00813501220762441,0.0151265991154966,-0.00346284845605757,-0.00928991287131115,-0.00928991287131115,-0.00249842616544446,-7.29499055473957,27.4801375811387,3.19777882640918,6.51827826915405,3.19777882640918,6.51827826915405,-35.2959927415136,-2.63184659933796,1.34170018845081e-18,-1.07440203953232e-18,4.04886589577276e-19,0,0,0,0.000693404154477524,0.0151266557406844,0.00813472975173025,-0.00346283095456102,-0.00249839192021467,-0.00928959031609184,6.68987109598373e-12,7.53705385223235e-09,6.17249215334764e-12,5.80048219660521e-20,5.31259064517897e-18,1.18363567587696e-13
NC_k0041,0.0109649122807018,0.0109649122807018,0.303015607025993,-52.4075908406353,21.0466904609552,-50.2224794598931,13.0875630121673,52.6880005941952,-20.7431772068747,49.3780348426602,-12.8134341543866,1,960,-2.01903442522331,3.71925262826155,0.561072007002596,-0.716637326211005,1.51665881417313e-18,-2.45877782720162e-18,0,-1.48733029837445e-18,0.000581226490867,-0.000151255169285809,1,1.38597380347374e-19,-5.09232837849969e-20,1,0.000693404154477525,0.00813472975173025,0.00813472975173025,0.0151266557406844,-0.00346283095456102,-0.00928959031609184,-0.00928959031609184,-0.00249839192021467,1,0,0,1,0.000693598106574171,0.00813501220762441,0.00813501220762441,0.0151265991154966,-0.00346284845605757,-0.00928991287131115,-0.00928991287131115,-0.00249842616544446,-7.33099560926953,27.4697888234532,3.21698811750789,6.53140867527006,3.21698811750789,6.53140867527006,-35.3018243250183,-2.62651239286496,2.16840434497101e-18,-1.91312395178088e-19,2.29284321797418e-19,0,0,0,0.000693404154477524,0.0151266557406844,0.00813472975173025,-0.00346283095456102,-0.00249839192021467,-0.00928959031609184,2.36462337157209e-12,5.98793884490457e-09,6.86680482983967e-12,1.38597380347374e-19,5.20417042793042e-18,2.5647395685825e-15
NC_k0041,0.0192982456140351,0.0192982456140351,0.303302420535526,-53.7167559854005,23.3073755374946,-49.8593414851863,9.29604005890751,54.437607332006,-22.9629585605844,48.5703991432635,-9.05570758922774,1,960,-3.56910062548534,6.49102151815247,0.964233894580123,-1.2611064531789,2.57419930115482e-18,-4.38299845534698e-19,0,-1.52579088813571e-18,0.000580116584168822,-0.000150687461451419,1,1.30334343987196e-19,-1.5734464587008e-19,1,0.000693404154477523,0.00813472975173025,0.00813472975173025,0.0151266557406844,-0.00346283095456102,-0.00928959031609184,-0.00928959031609184,-0.00249839192021467,1,0,0,1,0.000693598106574171,0.00813501220762441,0.00813501220762441,0.0151265991154966,-0.00346284845605757,-0.00928991287131115,-0.00928991287131115,-0.00249842616544446,-7.41977902053845,27.4634566370915,3.25801121685017,6.56386576615752,3.25801121685017,6.56386576615752,-35.3393553248967,-2.60927841634417,2.60208521396521e-18,4.0137429283144e-20,2.20456221057412e-19,0,0,0,0.000693404154477524,0.0151266557406844,0.00813472975173025,-0.00346283095456102,-0.00249839192021467,-0.00928959031609184,2.85910130288959e-13,6.65493330814198e-09,3.02193765865774e-12,1.5734464587008e-19,6.93889390390723e-18,7.83336073778399e-14
NC_k0042,-0.0223684210526316,-0.0223684210526316,0.580638158796695,42.9247706578899,33.3232550151969,67.8897057599535,24.4615214245249,-42.4996724958569,-40.1612979127814,-63.6169819812329,-16.8177618728076,1,960,10.7867170081404,13.694567875301,8.07882401153574,-0.697551531245471,-1.35980551769837e-18,-1.02101219113135e-17,0,-1.68904987127408e-18,0.00128725548454781,-2.42320559962045e-05,1,-1.18299442694009e-20,4.66412937746287e-20,1,0.00978896359714778,0.00931601071912623,0.00931601071912623,-0.00341841517630104,-0.0020515195720058,0.0139864037805132,0.0139864037805132,-0.00242370592098119,1,1.35525271560688e-20,0,1,0.00978887659971233,0.00931633419172064,0.00931633419172064,-0.00341827287896611,-0.00205154222651183,0.0139868894195333,0.0139868894195333,-0.00242372211391867,11.1375867580285,31.0912554553141,4.8355530095599,-2.19010490216051,4.8355530095599,-2.19010490216051,53.0001377393138,-3.85370756675374,2.60208521396521e-18,-1.38865698427471e-19,-4.35038203685054e-19,0,0,0,0.00978896359714778,-0.00341841517630104,0.00931601071912623,-0.0020515195720058,-0.00242370592098119,0.0139864037805132,9.13176104806658e-13,8.81551748791274e-09,3.36536355550991e-12,4.66412937746287e-20,6.93889390390723e-18,1.7591079180395e-14
NC_k0042,-0.0140350877192982,-0.0140350877192982,0.58052603125325,47.5443285695981,30.331739325173,64.1574685425409,24.8110043940884,-46.7943357660524,-34.9782048503723,-60.1717126323676,-19.3108403158548,1,960,6.95055642142626,8.82887462582415,5.20721224559262,-0.45549308250662,-8.0662682869231e-19,2.11911099790775e-18,0,-2.48678947146512e-18,0.0012848827113427,-2.36106920636382e-05,1,1.31122199853318e-19,-2.04796150508512e-19,1,0.00978896359714778,0.00931601071912622,0.00931601071912622,-0.00341841517630104,-0.00205151957200579,0.0139864037805132,0.0139864037805132,-0.00242370592098119,1,1.35525271560688e-20,0,1,0.00978887659971233,0.00931633419172064,0.00931633419172064,-0.00341827287896611,-0.00205154222651183,0.0139868894195333,0.0139868894195333,-0.00242372211391867,11.1719239527339,31.1220673471401,4.84697738758238,-2.15516445037926,4.84697738758238,-2.15516445037926,52.9149358804948,-3.80914985961146,3.90312782094782e-18,-4.68944763547708e-19,-9.15195874418057e-19,0,0,0,0.00978896359714778,-0.00341841517630104,0.00931601071912623,-0.0020515195720058,-0.00242370592098119,0.0139864037805132,8.42015963296806e-13,7.73679372978162e-09,1.00827640175846e-12,2.04796150508512e-19,1.04083408558608e-17,6.19631576558242e-14
NC_k0042,-0.00570175438596491,-0.00570175438596491,0.58083653335619,52.7659163009732,27.8356617479254,59.7027445199954,25.6183449723952,-51.1362724052165,-29.5734099586137,-56.5773673093607,-23.0026333076697,1,960,2.85617763069695,3.62782200199225,2.13971987878744,-0.189302124874916,-5.0821976835258e-21,-3.91109522460793e-18,0,-9.9037672996484e-19,0.00128383960901239,-2.31132326268983e-05,1,5.30852071729022e-20,-2.50710594190907e-20,1,0.00978896359714778,0.00931601071912623,0.00931601071912623,-0.00341841517630104,-0.00205151957200579,0.0139864037805132,0.0139864037805132,-0.00242370592098119,1,1.35525271560688e-20,0,1,0.00978887659971233,0.00931633419172064,0.00931633419172064,-0.00341827287896611,-0.00205154222651183,0.0139868894195333,0.0139868894195333,-0.00242372211391867,11.2044215596373,31.1558373511912,4.85143668900718,-2.14023032262417,4.85143668900718,-2.14023032262417,52.9050501355031,-3.78288109589336,3.46944695195361e-18,-6.96164039032407e-19,-5.33283646969445e-19,0,0,0,0.00978896359714778,-0.00341841517630104,0.00931601071912623,-0.0020515195720058,-0.00242370592098119,0.0139864037805132,1.90034031467852e-12,5.23954076810918e-09,3.29990324596385e-12,5.30852071729022e-20,1.04083408558608e-17,4.20512573488128e-14
NC_k0042,0.00263157894736842,0.00263157894736842,0.580903791418287,57.9098472599676,26.0766097146931,54.6948356379567,27.0983374598786,-55.1792279835252,-24.6226918981399,-52.667763487431,-27.6705867690017,1,960,-1.32034570760283,-1.67693632309875,-0.989103070131542,0.0877433108273055,-3.39805795636784e-19,-9.59529510561512e-21,0,-3.8513529320469e-21,0.00128369476093926,-2.30254039396139e-05,1,1.22367373446683e-20,1.79767493558812e-20,1,0.00978896359714778,0.00931601071912622,0.00931601071912622,-0.00341841517630104,-0.00205151957200579,0.0139864037805132,0.0139864037805132,-0.00242370592098119,1,1.35525271560688e-20,0,1,0.00978887659971233,0.00931633419172064,0.00931633419172064,-0.00341827287896611,-0.00205154222651183,0.0139868894195333,0.0139868894195333,-0.00242372211391867,11.2102723318042,31.1619310252434,4.85195326765674,-2.13816275291528,4.85195326765674,-2.13816275291528,52.9054281752456,-3.77858326318414,3.46944695195361e-18,-2.62479405447328e-19,-4.7270404160025e-19,0,0,0,0.00978896359714778,-0.00341841517630104,0.00931601071912623,-0.0020515195720058,-0.00242370592098119,0.0139864037805132,2.49397537147408e-12,5.34550736588668e-09,1.95758224357544e-12,1.79767493558812e-20,1.04083408558608e-17,1.26139165740955e-14
NC_k0042,0.0109649122807018,0.0109649122807018,0.580644595181751,62.5926097176618,25.0418663308371,49.441293050632,29.3352448748532,-58.8760576662659,-20.542674219093,-48.4152978422211,-32.9733234056387,1,960,-5.46069957667832,-6.93625591979249,-4.09099531383538,0.359640920933739,-1.96913984412943e-18,-1.03511396621416e-18,0,-2.38445730352496e-18,0.00128437122696769,-2.33922141745652e-05,1,2.64036638847608e-19,-9.90391289323222e-20,1,0.00978896359714778,0.00931601071912622,0.00931601071912622,-0.00341841517630104,-0.00205151957200579,0.0139864037805132,0.0139864037805132,-0.00242370592098119,1,1.35525271560688e-20,0,1,0.00978887659971233,0.00931633419172064,0.00931633419172064,-0.00341827287896611,-0.00205154222651183,0.0139868894195333,0.0139868894195333,-0.00242372211391867,11.185977197615,31.1366941162321,4.84929777255865,-2.14783042823669,4.84929777255865,-2.14783042823669,52.9076389356905,-3.79718327845446,3.46944695195361e-18,-1.43644521777965e-18,-1.06186290196355e-18,0,0,0,0.00978896359714778,-0.00341841517630104,0.00931601071912623,-0.0020515195720058,-0.00242370592098119,0.0139864037805132,1.12800483763381e-12,9.48162905781421e-09,4.65879296240632e-12,2.64036638847608e-19,1.04083408558608e-17,9.17785261831752e-15
NC_k0042,0.0192982456140351,0.0192982456140351,0.580462188363033,66.6037669162927,24.5532042999334,44.5009920473375,32.1905530933374,-62.3511592919837,-17.587302305229,-44.0383420447652,-38.3297507537265,1,960,-9.41954803747096,-11.9628925630107,-7.05620539815895,0.611661711816095,-3.42585122494962e-19,1.53515457266981e-18,0,6.06819697368901e-19,0.00128619368537844,-2.40192452705362e-05,1,1.5211056277357e-19,7.30960374456321e-20,1,0.00978896359714777,0.00931601071912623,0.00931601071912623,-0.00341841517630104,-0.00205151957200579,0.0139864037805132,0.0139864037805132,-0.00242370592098119,1,1.35525271560688e-20,0,1,0.00978887659971233,0.00931633419172064,0.00931633419172064,-0.00341827287896611,-0.00205154222651183,0.0139868894195333,0.0139868894195333,-0.00242372211391867,11.1476793832417,31.0980463908081,4.84057488793574,-2.17432038863848,4.84057488793574,-2.17432038863848,52.9520504535773,-3.83525619903604,3.46944695195361e-18,1.11665306632161e-20,-8.73797146325737e-19,0,0,0,0.00978896359714778,-0.00341841517630104,0.00931601071912623,-0.0020515195720058,-0.00242370592098119,0.0139864037805132,7.20022709297326e-13,6.61811109239441e-09,8.28729142714495e-13,1.5211056277357e-19,1.04083408558608e-17,3.38539665973474e-14
NC_k0043,-0.0223684210526316,-0.0223684210526316,0.0576607069504825,-8.19748038683659,10.102126420643,-1.33059692264687,20.224936358268,5.00715751440936,-14.5599220065828,5.84825788716199,-19.5632545656836,1,960,0.584979100483677,0.204067795408356,0.260385475644375,0.396289383446736,2.95207525730375e-19,-2.70289536957827e-19,0,-1.23446449383944e-18,0.000679270004721026,-0.00198079950790397,1,-6.20541476525999e-23,1.09117068115343e-19,1,0.00349834465260774,0.00105725274737618,0.00105725274737618,0.00567869514329042,-0.0143226463588292,0.000335182333641108,0.000335182333641108,-0.0122125213151273,1,-1.0842021724855e-19,0,1,0.00349840341016319,0.00105728945754102,0.00105728945754102,0.00567871604753874,-0.0143227432117701,0.000335193971916581,0.000335193971916582,-0.0122126548021835,0.332375553597155,1.82045639867419,-2.32187882619421,2.27567681742185,-2.32187882619421,2.27567681742185,1.32944894014988,-5.51090797975253,8.67361737988404e-19,-3.76039168734771e-19,3.11761076771222e-19,0,0,0,0.00349834465260774,0.00567869514329042,0.00105725274737618,-0.0143226463588292,-0.0122125213151273,0.000335182333641108,3.18809558934447e-11,1.59080806216297e-09,3.41288559249196e-12,1.09117068115343e-19,6.93889390390723e-18,5.2023015209216e-13
NC_k0043,-0.0140350877192982,-0.0140350877192982,0.0577845239563435,-6.86846717263461,11.3965295650609,-2.34248831728883,17.9961539595228,4.86902562375968,-15.0464979900011,5.64489341439537,-18.1402238765331,1,960,0.358177258241553,0.161458080525103,0.171479661792993,0.249226913048831,7.00456542709904e-21,2.56167909540322e-19,0,-5.52351508393509e-19,0.000678122880336097,-0.00197906769143702,1,2.61722498468896e-20,-2.20936419360924e-19,1,0.00349834465260774,0.00105725274737618,0.00105725274737618,0.00567869514329042,-0.0143226463588292,0.000335182333641108,0.000335182333641108,-0.0122125213151273,1,-1.0842021724855e-19,0,1,0.00349840341016319,0.00105728945754102,0.00105728945754102,0.00567871604753874,-0.0143227432117701,0.000335193971916581,0.000335193971916582,-0.0122126548021835,0.363788893997831,1.86379102897515,-2.29200055310907,2.23348223271675,-2.29200055310907,2.23348223271675,1.25825214021338,-5.57362127697809,1.73472347597681e-18,-2.61304299300255e-19,1.79373159044646e-19,0,0,0,0.00349834465260774,0.00567869514329042,0.00105725274737618,-0.0143226463588292,-0.0122125213151273,0.000335182333641108,1.3212167378024e-11,2.73380723344335e-09,2.46168685874877e-11,2.20936419360924e-19,5.20417042793042e-18,7.32741704917927e-13
NC_k0043,-0.00570175438596491,-0.00570175438596491,0.0578923269753248,-5.46151613210396,13.0771744491643,-3.57600747292966,15.8084345882983,4.97898663030962,-15.7191975805202,5.34956235446013,-16.9572930198825,1,960,0.142819530356925,0.0724899063479041,0.0710521141125936,0.101302776939496,1.27329566051513e-19,7.48373461233876e-19,0,2.73924995749998e-19,0.000677507056427041,-0.00197815107462547,1,2.68487946355448e-20,3.80914868588071e-20,1,0.00349834465260774,0.00105725274737618,0.00105725274737618,0.00567869514329042,-0.0143226463588292,0.000335182333641108,0.000335182333641108,-0.0122125213151273,1,-1.0842021724855e-19,0,1,0.00349840341016319,0.00105728945754102,0.00105728945754102,0.00567871604753874,-0.0143227432117701,0.000335193971916581,0.000335193971916582,-0.0122126548021835,0.383014498519418,1.88492664611495,-2.27570809218069,2.21041317974736,-2.27570809218069,2.21041317974736,1.22239199531951,-5.61398008069515,4.33680868994202e-19,-4.11548412526598e-19,8.2098903566656e-19,0,0,0,0.00349834465260774,0.00567869514329042,0.00105725274737618,-0.0143226463588292,-0.0122125213151273,0.000335182333641108,2.82665872631605e-11,2.58958370749944e-09,6.02557630988146e-12,3.80914868588071e-20,5.20417042793042e-18,8.15038555397513e-15
NC_k0043,0.00263157894736842,0.00263157894736842,0.0579108684569705,-4.06793440307204,15.0349947554921,-4.94246166447692,13.7713075878055,5.23700912826142,-16.5824588981413,5.06229784914671,-16.0143085726885,1,960,-0.0657048901978991,-0.0339265889588279,-0.0328783881217192,-0.0467447998856723,2.05997751027756e-19,2.81380374610938e-19,0,9.74744670748812e-19,0.000677412234043173,-0.00197801072634141,1,3.18946908988201e-20,8.1760307370042e-20,1,0.00349834465260774,0.00105725274737618,0.00105725274737618,0.00567869514329042,-0.0143226463588292,0.000335182333641107,0.000335182333641107,-0.0122125213151273,1,-1.0842021724855e-19,0,1,0.00349840341016319,0.00105728945754102,0.00105728945754102,0.00567871604753874,-0.0143227432117701,0.000335193971916581,0.000335193971916582,-0.0122126548021835,0.386128377113986,1.88800133630079,-2.27316541427932,2.20681567331733,-2.27316541427932,2.20681567331733,1.21700506202102,-5.62053965863162,8.67361737988404e-19,-4.83829184790778e-19,7.41598742437146e-19,0,0,0,0.00349834465260774,0.00567869514329042,0.00105725274737618,-0.0143226463588292,-0.0122125213151273,0.000335182333641108,4.75368622268184e-11,2.06917903349277e-09,5.46018799682941e-12,8.1760307370042e-20,6.93889390390723e-18,2.56415304242845e-13
NC_k0043,0.0109649122807018,0.0109649122807018,0.0578323921418514,-2.7753575280965,17.1792641063307,-6.35302504718711,11.9775849279462,5.54186433773109,-17.6752573096154,4.88583889467843,-15.2741908011972,1,960,-0.277514282427724,-0.132442776603962,-0.135285829480457,-0.194786292609713,-9.09931761032833e-20,-4.51878842470368e-19,0,-1.27677478217152e-18,0.000677834479995224,-0.00197863724209666,1,4.75837692514495e-20,-7.70946806461345e-20,1,0.00349834465260774,0.00105725274737618,0.00105725274737618,0.00567869514329041,-0.0143226463588292,0.000335182333641108,0.000335182333641108,-0.0122125213151273,1,-1.0842021724855e-19,0,1,0.00349840341016319,0.00105728945754102,0.00105728945754102,0.00567871604753874,-0.0143227432117701,0.000335193971916581,0.000335193971916582,-0.0122126548021835,0.372599938054543,1.8739405942114,-2.28441829556941,2.22274174247704,-2.28441829556941,2.22274174247704,1.24125831737807,-5.59204920110773,1.30104260698261e-18,-1.20746886596393e-19,-8.54213933650458e-19,0,0,0,0.00349834465260774,0.00567869514329042,0.00105725274737618,-0.0143226463588292,-0.0122125213151273,0.000335182333641108,8.41035671633123e-12,3.74025929348996e-09,2.6868270388758e-12,7.70946806461345e-20,6.93889390390723e-18,2.26527577459421e-13
NC_k0043,0.0192982456140351,0.0192982456140351,0.0576976688286647,-1.67208463876804,19.4069215271156,-7.72155367520391,10.5251926508162,5.7896177409847,-19.0147669485545,4.92170343742974,-14.713596026476,1,960,-0.500387630879907,-0.195692700176626,-0.229706509248655,-0.342333942106103,5.60993891433463e-20,2.34945763744662e-19,0,-2.32166436886483e-18,0.000678785556210704,-0.00198006532224568,1,3.05330048114416e-20,-1.91514616668704e-19,1,0.00349834465260774,0.00105725274737618,0.00105725274737618,0.00567869514329041,-0.0143226463588292,0.000335182333641108,0.000335182333641108,-0.0122125213151273,1,-1.0842021724855e-19,0,1,0.00349840341016319,0.00105728945754102,0.00105728945754102,0.00567871604753874,-0.0143227432117701,0.000335193971916581,0.000335193971916582,-0.0122126548021835,0.344875827590601,1.83914590502081,-2.30930672708713,2.25797202182655,-2.30930672708713,2.25797202182655,1.29872581289502,-5.53498001466914,1.30104260698261e-18,-8.8269047809497e-20,5.8454410418071e-20,0,0,0,0.00349834465260774,0.00567869514329042,0.00105725274737618,-0.0143226463588292,-0.0122125213151273,0.000335182333641108,7.41831023342202e-12,1.60575664087811e-09,7.3093820689906e-12,1.91514616668704e-19,3.46944695195361e-18,4.89470350574578e-14
NC_k0044,-0.0223684210526316,-0.0223684210526316,0.503188390912724,-19.0849651565154,-9.88581329621218,-44.8829841049605,1.08994119902482,21.3803185513294,15.0004267989891,38.044112616821,-6.14779898342358,1,960,-9.46367066292022,-13.482708785533,-7.57230521798953,0.717756257950036,2.077824759174e-18,8.87375538345247e-18,0,9.95419222978963e-19,-0.00132140164267225,0.000502481970687476,1,-7.18351558662394e-20,-6.85624499919667e-20,1,-0.00851380873607495,-0.00787971180468842,-0.00787971180468842,0.000459257358681305,0.00778578210790153,-0.0138707345613708,-0.0138707345613708,0.00349265014786155,1,5.42101086242752e-20,2.16840434497101e-19,1,-0.00851376580386656,-0.00787998540579275,-0.00787998540579275,0.000459144508492214,0.00778579379265993,-0.0138712161840987,-0.0138712161840987,0.00349273636616093,-7.5622003876786,-27.2364316531167,-0.301969814140776,-0.977331143280598,-0.301969814140776,-0.977331143280598,-51.2689130904265,0.889042029214305,3.46944695195361e-18,3.62867866176422e-19,3.40265137159893e-20,0,0,0,-0.00851380873607495,0.000459257358681306,-0.00787971180468842,0.00778578210790153,0.00349265014786155,-0.0138707345613709,5.31218977609821e-13,6.93427567182325e-09,5.25521344610777e-12,7.18351558662394e-20,8.67361737988404e-18,9.02407975366919e-14
NC_k0044,-0.0140350877192982,-0.0140350877192982,0.502802405710431,-23.8834952459037,-6.52008775853642,-41.0414328341294,0.343848761692576,24.9548162409028,10.1731013019073,35.4021742491053,-3.9896584379608,1,960,-6.10703225042496,-8.68615221855842,-4.88175087476464,0.46676060152807,9.63023521468936e-19,8.73921611118194e-18,0,4.51061588025166e-19,-0.00131900816783173,0.000501634295739736,1,-2.30681091832989e-20,3.21054165050742e-19,1,-0.00851380873607495,-0.00787971180468842,-0.00787971180468842,0.000459257358681304,0.00778578210790152,-0.0138707345613709,-0.0138707345613709,0.00349265014786155,1,5.42101086242752e-20,2.16840434497101e-19,1,-0.00851376580386656,-0.00787998540579275,-0.00787998540579275,0.000459144508492214,0.00778579379265993,-0.0138712161840987,-0.0138712161840987,0.00349273636616093,-7.59889415781874,-27.2667609775476,-0.350134804388975,-0.979181941016003,-0.350134804388975,-0.979181941016003,-51.1760133100013,0.870684627822916,2.60208521396521e-18,5.40401874202918e-19,4.80665963652072e-19,0,0,0,-0.00851380873607495,0.000459257358681306,-0.00787971180468842,0.00778578210790153,0.00349265014786155,-0.0138707345613709,8.36423227493565e-13,6.59841476316445e-09,7.16360916361283e-12,3.21054165050742e-19,5.20417042793042e-18,6.66837210062779e-14
NC_k0044,-0.00570175438596491,-0.00570175438596491,0.50291987717493,-29.2616429995919,-3.6336084611945,-36.4262877518845,-0.867447183745474,28.441678341871,5.20826657174151,32.6660496366711,-0.725922820427034,1,960,-2.51146524684848,-3.56801275079798,-2.00622773922333,0.193452945892486,-2.59701625117149e-19,8.56654712139517e-18,0,9.76020183253369e-19,-0.00131795246995947,0.000501051210273498,1,-9.40552245457424e-20,-7.28933410463357e-21,1,-0.00851380873607495,-0.00787971180468842,-0.00787971180468842,0.000459257358681304,0.00778578210790153,-0.0138707345613708,-0.0138707345613708,0.00349265014786155,1,5.42101086242752e-20,2.16840434497101e-19,1,-0.00851376580386656,-0.00787998540579275,-0.00787998540579275,0.000459144508492214,0.00778579379265993,-0.0138712161840987,-0.0138712161840987,0.00349273636616093,-7.63161822038917,-27.2982453435314,-0.374512231561574,-0.976449439413045,-0.374512231561574,-0.976449439413045,-51.1602765161703,0.859486057283542,3.46944695195361e-18,7.59901266932628e-19,2.66095910501015e-19,0,0,0,-0.00851380873607495,0.000459257358681306,-0.00787971180468842,0.00778578210790153,0.00349265014786155,-0.0138707345613709,2.11574831547383e-12,4.58862480555068e-09,4.39883519102952e-12,9.40552245457424e-20,8.67361737988404e-18,6.62266342023497e-15
NC_k0044,0.00263157894736842,0.00263157894736842,0.502955028079603,-34.5710959795003,-1.47474856969527,-31.2502313713392,-2.75002486681545,31.5938976860777,0.72465367892094,29.6457057237485,3.4774798093176,1,960,1.16111552761664,1.6492227752572,0.92741163994837,-0.0896249699412475,5.75777263341011e-19,3.47648791332767e-18,0,3.73114704543069e-19,-0.00131780536810681,0.000500952490418478,1,-4.97358919402713e-20,-2.58502054688824e-20,1,-0.00851380873607495,-0.00787971180468842,-0.00787971180468842,0.000459257358681305,0.00778578210790153,-0.0138707345613708,-0.0138707345613708,0.00349265014786155,1,5.42101086242752e-20,2.16840434497101e-19,1,-0.00851376580386656,-0.00787998540579275,-0.00787998540579275,0.000459144508492214,0.00778579379265993,-0.0138712161840987,-0.0138712161840987,0.00349273636616093,-7.63747577847386,-27.3038784158477,-0.378154315966134,-0.97577131321695,-0.378154315966134,-0.97577131321695,-51.1596531719769,0.857608631297093,4.33680868994202e-18,2.14240714468663e-19,4.92535937084762e-20,0,0,0,-0.00851380873607495,0.000459257358681306,-0.00787971180468842,0.00778578210790153,0.00349265014786155,-0.0138707345613709,3.99760936384464e-12,5.24102640881188e-09,2.72271072669134e-12,4.97358919402713e-20,1.38777878078145e-17,4.50309638792767e-14
NC_k0044,0.0109649122807018,0.0109649122807018,0.502833835820404,-39.4206245544038,-0.0352524787386243,-25.8381909504062,-5.38080140392567,34.4169265499821,-2.90852827541939,26.2696286661663,8.32339485544497,1,960,4.79970579179396,6.82307299825404,3.83551700071578,-0.368059229995784,1.95524320983854e-18,4.27023719424375e-19,0,7.06117766822217e-19,-0.0013184913596736,0.000501373010923442,1,-1.94403906353242e-19,1.32656468493454e-19,1,-0.00851380873607495,-0.00787971180468842,-0.00787971180468842,0.000459257358681308,0.00778578210790152,-0.0138707345613708,-0.0138707345613708,0.00349265014786155,1,5.42101086242752e-20,2.16840434497101e-19,1,-0.00851376580386656,-0.00787998540579275,-0.00787998540579275,0.000459144508492214,0.00778579379265993,-0.0138712161840987,-0.0138712161840987,0.00349273636616093,-7.61310096347079,-27.2804528248294,-0.361708367232903,-0.978269951760996,-0.361708367232903,-0.978269951760996,-51.1661195233268,0.865645324795378,5.20417042793042e-18,1.54026202841275e-21,6.8793976012656e-19,0,0,0,-0.00851380873607495,0.000459257358681306,-0.00787971180468842,0.00778578210790153,0.00349265014786155,-0.0138707345613709,9.07621612987662e-13,7.98123531822004e-09,9.44677276442574e-12,1.94403906353242e-19,1.38777878078145e-17,5.27695799254417e-14
NC_k0044,0.0192982456140351,0.0192982456140351,0.502913278027994,-43.5671036842381,0.852860024583972,-20.7344996943372,-8.61876594297576,37.0675550829947,-5.48547518993203,22.6786729328567,13.2868324343894,1,960,8.26934376252176,11.7741369817862,6.61434864562164,-0.628404926621163,1.93467619108803e-19,-7.35859872927173e-18,0,-1.88699750058047e-19,-0.00132032957053055,0.000502160843959333,1,-1.60075544205738e-19,8.90268607983873e-20,1,-0.00851380873607495,-0.00787971180468842,-0.00787971180468842,0.000459257358681305,0.00778578210790152,-0.0138707345613708,-0.0138707345613708,0.00349265014786155,1,5.42101086242752e-20,2.16840434497101e-19,1,-0.00851376580386656,-0.00787998540579275,-0.00787998540579275,0.000459144508492214,0.00778579379265993,-0.0138712161840987,-0.0138712161840987,0.00349273636616093,-7.57373406697231,-27.2437633327743,-0.322582253126564,-0.979053878746859,-0.322582253126564,-0.979053878746859,-51.2181058739509,0.881455525531555,3.46944695195361e-18,3.35615970412426e-19,-1.47400217036779e-19,0,0,0,-0.00851380873607495,0.000459257358681306,-0.00787971180468842,0.00778578210790153,0.00349265014786155,-0.0138707345613709,5.05714188214441e-13,5.76908750801293e-09,2.85537508308387e-12,1.60075544205738e-19,6.93889390390723e-18,2.20758344058547e-16
NC_k0045,-0.0223684210526316,-0.0223684210526316,0.519105619852885,-78.6234184907124,-42.2958748537377,-71.0699295545173,-62.6409477698471,69.4824388344746,46.1107802116086,80.9979339080145,62.3001455085415,1,960,3.90127139563125,12.5042099164868,5.41380883299892,0.359458314629644,-3.38455836877097e-19,-3.57741718294894e-18,0,-2.19672700914482e-19,-0.000155064522644328,0.00142256277772325,1,1.25629853075407e-20,1.54480753700757e-20,1,-0.00654149191567826,0.00237477066938528,0.00237477066938528,-0.000361188515241833,0.00375017741096737,0.0144696732013101,0.0144696732013101,0.0113138683691724,1,0,0,1,-0.00654146822676172,0.00237485312670019,0.00237485312670019,-0.000361272123259333,0.00375030845015008,0.0144701756205185,0.0144701756205185,0.0113138680942759,-11.2754935620962,12.2170767243506,-3.66106198766628,11.7518461128862,-3.66106198766628,11.7518461128862,46.3318546500448,10.7528392832896,2.81892564846231e-18,3.11488319254286e-19,-1.21738807236433e-18,0,0,0,-0.00654149191567826,-0.000361188515241834,0.00237477066938528,0.00375017741096736,0.0113138683691724,0.0144696732013101,9.01801336655826e-13,7.62144757774158e-09,2.74121866119885e-12,1.54480753700757e-20,9.54097911787244e-18,9.13234635466463e-14
NC_k0045,-0.0140350877192982,-0.0140350877192982,0.519402993278014,-77.1767356545466,-46.5907532198597,-71.6074903260617,-59.6295094440854,71.0944235795928,49.4798031246733,78.4975593535637,60.2579127951311,1,960,2.58997071625804,7.98031890761164,3.48819557587698,0.213321812942528,1.18289474573043e-18,1.12556120311316e-18,0,4.89095352590354e-19,-0.000154918165373069,0.00142146452422786,1,2.79539230489589e-20,7.98941886744345e-21,1,-0.00654149191567826,0.00237477066938528,0.00237477066938528,-0.000361188515241833,0.00375017741096737,0.0144696732013101,0.0144696732013101,0.0113138683691724,1,0,0,1,-0.00654146822676172,0.00237485312670019,0.00237485312670019,-0.000361272123259333,0.00375030845015008,0.0144701756205185,0.0144701756205185,0.0113138680942759,-11.2551858095783,12.1831329829691,-3.60851378369242,11.6791250924161,-3.60851378369242,11.6791250924161,46.3617587600419,10.8482642094372,2.60208521396521e-18,-1.95675644576271e-19,-1.73798661511926e-18,0,0,0,-0.00654149191567826,-0.000361188515241834,0.00237477066938528,0.00375017741096736,0.0113138683691724,0.0144696732013101,1.11318365302012e-12,6.44087883559452e-09,1.94672360060889e-12,2.79539230489589e-20,8.67361737988404e-18,1.42784887659021e-13
NC_k0045,-0.00570175438596491,-0.00570175438596491,0.519768754361679,-75.300579850172,-50.9229344210811,-72.8621384740984,-56.257931614535,72.966435588242,53.1118662006915,76.013678833077,57.6082708218405,1,960,1.07999500484335,3.26155487084077,1.43271145897577,0.0831153083211207,2.88302221976782e-19,-5.74650974218959e-18,0,-3.01914306136955e-19,-0.000154591282006103,0.00142093146025983,1,-4.77233261088723e-21,-1.32437123673736e-19,1,-0.00654149191567826,0.00237477066938528,0.00237477066938528,-0.000361188515241833,0.00375017741096737,0.0144696732013101,0.0144696732013101,0.0113138683691724,1,0,0,1,-0.00654146822676172,0.00237485312670019,0.00237485312670019,-0.000361272123259333,0.00375030845015008,0.0144701756205185,0.0144701756205185,0.0113138680942759,-11.2412136212644,12.1763498410128,-3.58124749065069,11.6376552446899,-3.58124749065069,11.6376552446899,46.4024746828369,10.9073030516935,2.60208521396521e-18,2.64940113487624e-19,-1.31186721788877e-18,0,0,0,-0.00654149191567826,-0.000361188515241834,0.00237477066938528,0.00375017741096736,0.0113138683691724,0.0144696732013101,1.77369313414605e-12,2.86676247691178e-09,9.6530152707673e-12,1.32437123673736e-19,6.93889390390723e-18,2.64863276020867e-14
NC_k0045,0.00263157894736842,0.00263157894736842,0.51983349253232,-73.4594178295885,-54.904830744807,-74.5966944838526,-52.4401624484063,75.1420155434667,56.4853442507071,73.7328717082257,54.402340382197,1,960,-0.500302299345019,-1.50643228800137,-0.662222413824297,-0.0380353426865227,4.3536831744381e-19,5.89167001352529e-18,0,-3.8639260773577e-20,-0.000154525240714208,0.00142085289383229,1,-1.468710994134e-20,-1.44961727339524e-20,1,-0.00654149191567826,0.00237477066938528,0.00237477066938528,-0.000361188515241833,0.00375017741096737,0.0144696732013101,0.0144696732013101,0.0113138683691724,1,0,0,1,-0.00654146822676172,0.00237485312670019,0.00237485312670019,-0.000361272123259333,0.00375030845015008,0.0144701756205185,0.0144701756205185,0.0113138680942759,-11.2386865245028,12.1759783912462,-3.57707348193262,11.6309797085185,-3.57707348193262,11.6309797085185,46.4099510812578,10.9167889860744,2.60208521396521e-18,2.64940113487624e-19,-8.47670729548488e-19,0,0,0,-0.00654149191567826,-0.000361188515241834,0.00237477066938528,0.00375017741096736,0.0113138683691724,0.0144696732013101,2.80261924261192e-12,5.91173118034784e-09,3.46808271176178e-12,1.468710994134e-20,6.93889390390723e-18,9.29041746347108e-14
NC_k0045,0.0109649122807018,0.0109649122807018,0.519562534179335,-71.99981106729,-58.4363260511167,-76.5108664053817,-48.2121738690618,77.5697981137916,59.3519729159475,71.7508773153319,50.8213689642352,1,960,-2.04905565390594,-6.25380702376074,-2.73994468363005,-0.163680006195958,-2.04850616954267e-18,-7.19885360937549e-18,0,-7.54825470011789e-19,-0.000154787183723019,0.00142120883680324,1,3.63084848049856e-20,-3.22708366150212e-20,1,-0.00654149191567826,0.00237477066938528,0.00237477066938528,-0.000361188515241831,0.00375017741096737,0.0144696732013101,0.0144696732013101,0.0113138683691724,1,0,0,1,-0.00654146822676172,0.00237485312670019,0.00237485312670019,-0.000361272123259333,0.00375030845015008,0.0144701756205185,0.0144701756205185,0.0113138680942759,-11.2491528042943,12.1790154711509,-3.59569410729721,11.6600820693511,-3.59569410729721,11.6600820693511,46.3791617859754,10.8753690117412,2.60208521396521e-18,-1.94533586044068e-19,-4.75634313082268e-19,0,0,0,-0.00654149191567826,-0.000361188515241834,0.00237477066938528,0.00375017741096736,0.0113138683691724,0.0144696732013101,2.34924422946263e-12,5.45307911609181e-09,2.36860220607713e-12,3.63084848049856e-20,6.93889390390723e-18,1.12825255563895e-13
NC_k0045,0.0192982456140351,0.0192982456140351,0.519148572256942,-71.1698009614268,-61.5636069959564,-78.1690861710441,-43.832186364608,80.0872466117776,61.6153247594786,70.0479855817622,47.2737869896084,1,960,-3.45115725705642,-10.8767516148809,-4.72820992773924,-0.304035471514087,7.71051444907629e-19,-8.76106029679824e-18,0,3.12733828549148e-19,-0.000155079554103028,0.0014220880385484,1,3.56977461121046e-21,9.3766033338353e-21,1,-0.00654149191567826,0.00237477066938528,0.00237477066938528,-0.000361188515241831,0.00375017741096737,0.0144696732013101,0.0144696732013101,0.0113138683691724,1,0,0,1,-0.00654146822676172,0.00237485312670019,0.00237485312670019,-0.000361272123259333,0.00375030845015008,0.0144701756205185,0.0144701756205185,0.0113138680942759,-11.2670583446816,12.1991167814434,-3.63857372801223,11.7213649169579,-3.63857372801223,11.7213649169579,46.335482657868,10.7902753952307,2.60208521396521e-18,-8.21612044199208e-20,-4.99895058221124e-19,0,0,0,-0.00654149191567826,-0.000361188515241834,0.00237477066938528,0.00375017741096736,0.0113138683691724,0.0144696732013101,4.51535371660398e-13,6.48478107484462e-09,4.30424321505286e-13,9.3766033338353e-21,6.93889390390723e-18,1.9888476403059e-14
NC_k0046,-0.0223684210526316,-0.0223684210526316,0.505950929163693,-138.966407406784,-50.7230011845259,-142.73194499672,-58.1092240129944,126.629534591446,57.3458453107393,155.947466625595,52.2702640411327,1,960,-1.83686454775695,6.94943871996851,1.68714947682983,1.79512024045333,-1.3400193574461e-18,1.97923806504748e-18,0,-1.15811903202324e-19,0.000513208026517662,0.000298284947350221,1,9.85937039528628e-21,5.60912603678939e-20,1,-0.00666227389545113,-0.00203310119108945,-0.00203310119108945,0.0148185363540504,-0.0028143569959596,0.00978930193875319,0.00978930193875319,0.00530476659841746,1,0,2.71050543121376e-20,1,-0.00666205202963969,-0.00203317178488081,-0.00203317178488081,0.0148183852891283,-0.00281427570838673,0.00978964184507051,0.00978964184507051,0.00530470692898348,-20.7823536010846,-3.8252124951975,-6.97325729706306,21.41081558301,-6.97325729706306,21.41081558301,26.3530919005462,8.86226608065598,1.73472347597681e-18,-4.77900416835262e-19,-8.78783280914481e-19,0,0,0,-0.00666227389545113,0.0148185363540504,-0.00203310119108945,-0.0028143569959596,0.00530476659841745,0.00978930193875319,1.10206922050661e-12,1.0298958752571e-08,2.15660707851251e-12,5.60912603678939e-20,5.20417042793042e-18,2.47959227963101e-14
NC_k0046,-0.0140350877192982,-0.0140350877192982,0.503642820111653,-139.852873682126,-52.1541728918355,-141.590464835649,-57.098122368509,131.780593767096,56.5634595849692,150.527405864159,53.5108527054686,1,960,-1.11507517595042,4.40498201390662,1.08566925652555,1.12233609084209,-2.75470996314859e-19,2.80526724218784e-19,0,1.14684290591292e-18,0.000513391871049515,0.000298405854542933,1,9.12948899198668e-20,-6.84658201855074e-20,1,-0.00666227389545113,-0.00203310119108945,-0.00203310119108945,0.0148185363540504,-0.0028143569959596,0.00978930193875319,0.00978930193875319,0.00530476659841745,1,0,2.71050543121376e-20,1,-0.00666205202963969,-0.00203317178488081,-0.00203317178488081,0.0148183852891283,-0.00281427570838673,0.00978964184507051,0.00978964184507051,0.00530470692898348,-20.7021895438019,-3.80829266928142,-6.90172637732338,21.2321298109834,-6.90172637732338,21.2321298109834,26.3888313062238,8.92752844079922,1.30104260698261e-18,-4.04090250857398e-19,-4.23179656346231e-19,0,0,0,-0.00666227389545113,0.0148185363540504,-0.00203310119108945,-0.0028143569959596,0.00530476659841745,0.00978930193875319,7.99464656834726e-13,5.4543051260387e-09,1.39072239387223e-11,9.12948899198668e-20,3.46944695195361e-18,7.05403420228029e-14
NC_k0046,-0.00570175438596491,-0.00570175438596491,0.502454084655424,-140.370919635626,-53.7986639682637,-140.939887555992,-55.8627937531669,137.242858543971,55.8610737476808,144.924570760675,54.6436707337474,1,960,-0.444897973831687,1.79300167460967,0.444874221256726,0.453605319284496,-2.60542040619502e-19,8.8898754792299e-20,0,-1.58264797472016e-18,0.000513681307267025,0.000298443144956618,1,1.42610800601936e-19,3.93727749321174e-20,1,-0.00666227389545114,-0.00203310119108945,-0.00203310119108945,0.0148185363540504,-0.0028143569959596,0.00978930193875319,0.00978930193875319,0.00530476659841746,1,0,2.71050543121376e-20,1,-0.00666205202963969,-0.00203317178488081,-0.00203317178488081,0.0148183852891283,-0.00281427570838673,0.00978964184507051,0.00978964184507051,0.00530470692898348,-20.6595279041386,-3.79889463283536,-6.86285275551333,21.1352673751161,-6.86285275551333,21.1352673751161,26.4195392577481,8.9647146553395,2.16840434497101e-18,6.65572830375268e-19,-5.43484754509849e-19,0,0,0,-0.00666227389545113,0.0148185363540504,-0.00203310119108945,-0.0028143569959596,0.00530476659841745,0.00978930193875319,2.97193361032536e-12,4.72707170460214e-09,1.262980157403e-11,1.42610800601936e-19,8.67361737988404e-18,1.9665448487577e-14
NC_k0046,0.00263157894736842,0.00263157894736842,0.502269058840265,-140.769982120629,-55.345541490101,-140.517319973576,-54.3889783063517,142.845974442298,55.0108676253534,139.296475069985,55.570183772852,1,960,0.204813179484021,-0.827627348663863,-0.205528675829353,-0.209113830861335,1.72959495617898e-18,-5.88184972529306e-19,0,1.08519478922057e-19,0.000513737072573425,0.000298446067208009,1,9.58652507355127e-20,3.52743176973459e-20,1,-0.00666227389545114,-0.00203310119108945,-0.00203310119108945,0.0148185363540504,-0.0028143569959596,0.00978930193875319,0.00978930193875319,0.00530476659841746,1,0,2.71050543121376e-20,1,-0.00666205202963969,-0.00203317178488081,-0.00203317178488081,0.0148183852891283,-0.00281427570838673,0.00978964184507051,0.00978964184507051,0.00530470692898348,-20.6527258668121,-3.79739325744444,-6.85676503798438,21.1200674050716,-6.85676503798438,21.1200674050716,26.4247805809272,8.97047519297056,1.73472347597681e-18,9.68914961362457e-19,-5.1193601430751e-19,0,0,0,-0.00666227389545113,0.0148185363540504,-0.00203310119108945,-0.0028143569959596,0.00530476659841745,0.00978930193875319,4.55349445861468e-12,5.8283041197688e-09,2.31004321466591e-12,9.58652507355127e-20,6.93889390390723e-18,3.00616429962174e-14
NC_k0046,0.0109649122807018,0.0109649122807018,0.503088263736706,-141.310009747615,-56.6723183075206,-140.076179585512,-52.7580386943775,148.476766877689,53.9489468281195,133.769956788982,56.3110787638489,1,960,0.863846934154644,-3.44553662043421,-0.851957596472214,-0.875089766264487,-2.05604013056181e-19,-6.20967794566008e-19,0,1.51887565821477e-18,0.000513512395804992,0.00029842494318724,1,4.60989136947668e-20,-6.81966617958338e-20,1,-0.00666227389545113,-0.00203310119108945,-0.00203310119108945,0.0148185363540503,-0.0028143569959596,0.00978930193875319,0.00978930193875319,0.00530476659841745,1,0,2.71050543121376e-20,1,-0.00666205202963969,-0.00203317178488081,-0.00203317178488081,0.0148183852891283,-0.00281427570838673,0.00978964184507051,0.00978964184507051,0.00530470692898348,-20.6824940721868,-3.80399716545537,-6.88364577953248,21.1871181557012,-6.88364577953248,21.1871181557012,26.402523178444,8.94488763808804,1.73472347597681e-18,2.16868484467256e-19,-5.99467012369809e-19,0,0,0,-0.00666227389545113,0.0148185363540504,-0.00203310119108945,-0.0028143569959596,0.00530476659841745,0.00978930193875319,1.48878825799031e-12,5.22521534445574e-09,3.03695595629041e-12,6.81966617958338e-20,3.90312782094782e-18,3.97226806581033e-14
NC_k0046,0.0192982456140351,0.0192982456140351,0.504942640297441,-142.23326125825,-57.7566177030318,-139.342461808763,-51.1947047031819,153.980158737138,52.725901038191,128.469149755635,57.0253849716479,1,960,1.56325463839368,-6.02851187975762,-1.47353488965013,-1.54802119538032,1.10414053397048e-18,3.26116949115766e-18,0,2.66497741029884e-19,0.000513218418408736,0.000298349538067557,1,2.59766236526989e-20,8.95160151154595e-20,1,-0.00666227389545113,-0.00203310119108945,-0.00203310119108945,0.0148185363540503,-0.0028143569959596,0.00978930193875319,0.00978930193875319,0.00530476659841745,1,0,2.71050543121376e-20,1,-0.00666205202963969,-0.00203317178488081,-0.00203317178488081,0.0148183852891283,-0.00281427570838673,0.00978964184507051,0.00978964184507051,0.00530470692898348,-20.747437370145,-3.81799191487685,-6.94306133948782,21.3349718258894,-6.94306133948782,21.3349718258894,26.3636283676882,8.88871407250702,1.30104260698261e-18,7.3785985429511e-19,-3.45435714876588e-19,0,0,0,-0.00666227389545113,0.0148185363540504,-0.00203310119108945,-0.0028143569959596,0.00530476659841745,0.00978930193875319,4.67771572619225e-13,7.68591532509722e-09,2.54901452605484e-12,8.95160151154595e-20,6.93889390390723e-18,3.18813119992837e-14
NC_k0047,-0.0223684210526316,-0.0223684210526316,0.553592917586214,-6.8974238794495,74.3349266924687,-0.455780840027157,85.7123594809729,3.35735865803985,-85.120868628801,4.08019321446815,-72.1497842051745,1,960,11.2231707902272,7.61652561561872,6.21709981392904,1.60116509084609,-2.76814337629646e-18,-3.88704412111733e-18,0,1.50264968331893e-18,-0.000452069517742152,0.000999860057029206,1,2.44354033350078e-20,-4.13007381956713e-20,1,-0.00322042004354662,0.0129470972600951,0.0129470972600951,-0.00756834716060175,0.00988741323463334,0.00818138711367098,0.00818138711367098,-0.000160165418325987,1,-2.16840434497101e-19,2.16840434497101e-19,1,-0.00322050461221606,0.0129475468120833,0.0129475468120833,-0.00756835624442541,0.00988736823502617,0.00818167118961243,0.00818167118961243,-0.000160035980803757,-0.827890587253852,41.4062197212632,14.6580647619943,0.473094307351967,14.6580647619943,0.473094307351967,28.3332384338364,-10.1418217870384,1.84314369322536e-18,1.0251395956404e-19,-3.40631211311615e-19,0,0,0,-0.00322042004354662,-0.00756834716060175,0.0129470972600951,0.00988741323463333,-0.000160165418325989,0.00818138711367098,7.81882673858837e-13,7.79946569394255e-09,4.72953699458552e-12,4.13007381956713e-20,5.20417042793042e-18,6.87881808724773e-14
NC_k0047,-0.0140350877192982,-0.0140350877192982,0.552154439946511,-5.12907893650595,75.5335045408029,-0.244005466120491,82.9812929431639,2.50841902668406,-82.5017082711158,2.99449265461087,-73.2257715026643,1,960,7.21707855861648,4.92871962917112,4.00811340196997,0.991494042837078,-1.5318392327747e-18,-1.31157427054163e-18,0,-4.45403010890813e-18,-0.000451458007139671,0.000998988761297281,1,-2.64786626514168e-20,1.86956270556567e-20,1,-0.00322042004354661,0.0129470972600951,0.0129470972600951,-0.00756834716060175,0.00988741323463334,0.00818138711367098,0.00818138711367098,-0.000160165418325987,1,-2.16840434497101e-19,2.16840434497101e-19,1,-0.00322050461221606,0.0129475468120833,0.0129475468120833,-0.00756835624442541,0.00988736823502617,0.00818167118961243,0.00818167118961243,-0.000160035980803757,-0.774788622243458,41.380526978265,14.5447027113685,0.501450523335886,14.5447027113685,0.501450523335886,28.3595068611611,-10.0355460648027,2.60208521396521e-18,-5.37338868141667e-19,-5.03105410128836e-19,0,0,0,-0.00322042004354662,-0.00756834716060175,0.0129470972600951,0.00988741323463333,-0.000160165418325989,0.00818138711367098,1.49017782641479e-12,7.21250762155217e-09,1.03564091737353e-11,2.64786626514168e-20,6.07153216591882e-18,6.75598907273461e-14
NC_k0047,-0.00570175438596491,-0.00570175438596491,0.551575037980221,-3.09549871199227,77.195441217239,-0.932239326513906,80.294599236278,1.98199125050253,-79.3542597625115,2.19927521218654,-75.3453071489895,1,960,2.96060234785875,2.02795862434542,1.64622512082737,0.398305517053722,-3.15374189064418e-19,2.86678962742708e-18,0,-7.54879733059973e-18,-0.000450999821884373,0.000998752266010513,1,-7.83107643017113e-20,3.178896586849e-21,1,-0.00322042004354662,0.0129470972600951,0.0129470972600951,-0.00756834716060175,0.00988741323463334,0.00818138711367098,0.00818138711367098,-0.000160165418325988,1,-2.16840434497101e-19,2.16840434497101e-19,1,-0.00322050461221606,0.0129475468120833,0.0129475468120833,-0.00756835624442541,0.00988736823502617,0.00818167118961243,0.00818167118961243,-0.000160035980803757,-0.744306806805259,41.3906909259529,14.4815667233323,0.51536670365378,14.4815667233323,0.51536670365378,28.3901816129423,-9.97280905370549,2.60208521396521e-18,-5.41574241131142e-20,-6.59055009316068e-19,0,0,0,-0.00322042004354662,-0.00756834716060175,0.0129470972600951,0.00988741323463333,-0.000160165418325989,0.00818138711367098,3.04171092582016e-12,3.16721196221399e-09,9.26000152034993e-12,7.83107643017113e-20,5.20417042793042e-18,3.01923477725882e-14
NC_k0047,0.00263157894736842,0.00263157894736842,0.551493521376686,-1.39600334292344,79.3760658113231,-2.40593094595315,77.9406060631323,2.03064084103772,-76.3298419076276,1.9285638564551,-78.1955878215149,1,960,-1.36819708769819,-0.937559664564104,-0.760899728246534,-0.18341475134674,6.45134703342357e-19,-8.04052642626045e-19,0,-1.61635062159802e-18,-0.00045092091705538,0.00099873061040027,1,-1.68076417326439e-19,4.31347046267017e-21,1,-0.00322042004354662,0.0129470972600951,0.0129470972600951,-0.00756834716060175,0.00988741323463334,0.00818138711367098,0.00818138711367098,-0.000160165418325988,1,-2.16840434497101e-19,2.16840434497101e-19,1,-0.00322050461221606,0.0129475468120833,0.0129475468120833,-0.00756835624442541,0.00988736823502617,0.00818167118961243,0.00818167118961243,-0.000160035980803757,-0.739442899041328,41.3935118022039,14.4715450232605,0.517416020403763,14.4715450232605,0.517416020403763,28.3957216857887,-9.96261372852658,1.73472347597681e-18,-8.11145183857024e-20,-4.35103171558294e-19,0,0,0,-0.00322042004354662,-0.00756834716060175,0.0129470972600951,0.00988741323463333,-0.000160165418325989,0.00818138711367098,2.91797288011239e-12,6.00065391657001e-09,3.9015038779776e-12,1.68076417326439e-19,5.20417042793042e-18,6.48224865882192e-14
NC_k0047,0.0109649122807018,0.0109649122807018,0.55187271723465,-0.396331010381125,81.9696318502591,-4.3751467678373,76.0864034465145,2.65220239895022,-73.9016456879367,2.25702536535024,-81.3672018934008,1,960,-5.66584428974297,-3.87475085187364,-3.14839639673342,-0.770837700581674,-3.47402622382471e-19,2.56324412112217e-18,0,3.19664940337853e-18,-0.000451255901902477,0.000998858306456254,1,1.85868030128298e-19,3.86795987766912e-20,1,-0.00322042004354661,0.0129470972600951,0.0129470972600951,-0.00756834716060174,0.00988741323463333,0.00818138711367098,0.00818138711367098,-0.000160165418325987,1,-2.16840434497101e-19,2.16840434497101e-19,1,-0.00322050461221606,0.0129475468120833,0.0129475468120833,-0.00756835624442541,0.00988736823502617,0.00818167118961243,0.00818167118961243,-0.000160035980803757,-0.760755489948768,41.383613696551,14.5155426603997,0.508099852492761,14.5155426603997,0.508099852492761,28.3727266140495,-10.006879740016,3.46944695195361e-18,-1.27811918719508e-18,-6.77321746390002e-19,0,0,0,-0.00322042004354662,-0.00756834716060175,0.0129470972600951,0.00988741323463333,-0.000160165418325989,0.00818138711367098,1.12865325492885e-12,6.77441214199857e-09,4.03435060788439e-12,1.85868030128298e-19,8.67361737988404e-18,4.02347494251325e-15
NC_k0047,0.0192982456140351,0.0192982456140351,0.552908189748439,-0.274244654830884,84.7204575504499,-6.32274762543456,74.7294043701934,3.66609032925859,-72.4067188295303,3.03423297081237,-84.2609729539669,1,960,-9.79445807407077,-6.66520480550884,-5.43168875026137,-1.3756001388431,-5.37720337718671e-19,-7.79627653498579e-19,0,7.28511862109742e-18,-0.00045184857098564,0.000999419627753307,1,2.40404240890665e-19,1.61911381111212e-19,1,-0.00322042004354662,0.0129470972600951,0.0129470972600951,-0.00756834716060175,0.00988741323463333,0.00818138711367098,0.00818138711367098,-0.000160165418325988,1,-2.16840434497101e-19,2.16840434497101e-19,1,-0.00322050461221606,0.0129475468120833,0.0129475468120833,-0.00756835624442541,0.00988736823502617,0.00818167118961243,0.00818167118961243,-0.000160035980803757,-0.805827860750456,41.3868045129771,14.6103350103283,0.485259352361226,14.6103350103283,0.485259352361226,28.3384217557706,-10.0980747179529,2.60208521396521e-18,-7.05652326498596e-19,-5.08049096309957e-19,0,0,0,-0.00322042004354662,-0.00756834716060175,0.0129470972600951,0.00988741323463333,-0.000160165418325989,0.00818138711367098,1.05587541405291e-12,5.98611419071601e-09,7.95386720153814e-12,2.40404240890665e-19,6.07153216591882e-18,1.52605715444189e-14
NC_k0048,-0.0223684210526316,-0.0223684210526316,0.488032182347547,-79.1566233956788,44.9045393770392,-78.3383811360992,70.9086729584795,68.4636751787481,-55.1960061118297,86.355237178198,-60.4368468162929,1,960,9.62550654353697,-1.3419734932697,2.73356590658824,2.73316909772966,-1.95421750587898e-18,-1.55968544091569e-18,0,-2.5691303383611e-18,-0.000882333209640913,-0.0005768859496142,1,-1.41651760893719e-20,4.723196938693e-21,1,-0.0095981772077724,0.0143184260441408,0.0143184260441408,0.00264488798011918,-0.00547214519221274,-0.00197937105098254,-0.00197937105098254,-0.00787400499854834,1,1.35525271560688e-20,0,1,-0.00959810111037158,0.0143189232117118,0.0143189232117118,0.00264475152430493,-0.00547222396768931,-0.00197943977914403,-0.00197943977914403,-0.00787404207506994,-13.3955785462237,46.6929331099488,8.64517201952347,7.65803786934658,8.64517201952347,7.65803786934658,-11.8204175557782,-9.3917576987118,3.03576608295941e-18,-3.10264619201961e-21,5.37576572026826e-19,0,0,0,-0.00959817720777239,0.00264488798011918,0.0143184260441408,-0.00547214519221274,-0.00787400499854834,-0.00197937105098254,2.88631261560715e-13,7.78788187512655e-09,1.92810920583627e-12,1.41651760893719e-20,6.93889390390723e-18,1.59242801058592e-14
NC_k0048,-0.0140350877192982,-0.0140350877192982,0.486669938268276,-77.8105252925508,49.3630114039972,-76.602475662556,66.21684219039,70.0436704104768,-56.4283583840774,81.7023960797946,-58.9884568363856,1,960,6.15087079382798,-0.797171842977557,1.76672065378063,1.71073161293079,-3.7188716851404e-19,1.74327321478816e-18,0,-3.69086004087691e-18,-0.000880157499667901,-0.000577702096792414,1,5.51780076895903e-20,-4.29918679384706e-20,1,-0.00959817720777239,0.0143184260441408,0.0143184260441408,0.00264488798011918,-0.00547214519221274,-0.00197937105098254,-0.00197937105098254,-0.00787400499854834,1,1.35525271560688e-20,0,1,-0.00959810111037158,0.0143189232117118,0.0143189232117118,0.00264475152430493,-0.00547222396768931,-0.00197943977914403,-0.00197943977914403,-0.00787404207506994,-13.2976686064973,46.6437997306879,8.54825745209155,7.61316357244919,8.54825745209155,7.61316357244919,-11.7662234270965,-9.38074053151075,2.60208521396521e-18,-7.09679912959753e-19,1.01714134701529e-18,0,0,0,-0.00959817720777239,0.00264488798011918,0.0143184260441408,-0.00547214519221274,-0.00787400499854834,-0.00197937105098254,1.61177951106382e-12,6.10603381293346e-09,9.3055839742268e-13,5.51780076895903e-20,6.93889390390723e-18,5.49784829296706e-14
NC_k0048,-0.00570175438596491,-0.00570175438596491,0.48615515974356,-76.6234882909633,54.206847417557,-75.9761499110535,61.1641154067976,72.5522344431721,-57.174106721087,77.3859027763766,-58.0436733493626,1,960,2.51315259266598,-0.314162544938261,0.725666715750152,0.692294425450384,3.17696912224466e-19,1.48374364323842e-18,0,-3.06701365777922e-18,-0.000879024110928652,-0.000577930095276847,1,3.41345226835276e-20,5.1473299101511e-21,1,-0.00959817720777239,0.0143184260441408,0.0143184260441408,0.00264488798011918,-0.00547214519221274,-0.00197937105098254,-0.00197937105098254,-0.00787400499854834,1,1.35525271560688e-20,0,1,-0.00959810111037158,0.0143189232117118,0.0143189232117118,0.00264475152430493,-0.00547222396768931,-0.00197943977914403,-0.00197943977914403,-0.00787404207506994,-13.253828562854,46.6438002833309,8.49360215897164,7.59061428119852,8.49360215897164,7.59061428119852,-11.7474603968617,-9.37145237907538,2.60208521396521e-18,-2.73564293978479e-19,6.75559588381225e-19,0,0,0,-0.00959817720777239,0.00264488798011918,0.0143184260441408,-0.00547214519221274,-0.00787400499854834,-0.00197937105098254,3.26619002623255e-12,3.22293786019822e-09,2.84183520405461e-12,3.41345226835276e-20,6.93889390390723e-18,7.70742145385518e-14
NC_k0048,0.00263157894736842,0.00263157894736842,0.486085565388295,-75.9995966028444,59.2749775872355,-76.3083905925314,56.0563879791577,75.9426806675164,-57.7848069487509,73.704789514907,-57.3945164661536,1,960,-1.16061697281961,0.14430229333494,-0.335383844229944,-0.319240053745144,1.21868850519683e-18,-4.56160329320943e-19,0,2.03107251095251e-18,-0.000878853176640631,-0.000577951978667557,1,4.03122958442466e-20,2.20931219581863e-20,1,-0.0095981772077724,0.0143184260441408,0.0143184260441408,0.00264488798011918,-0.00547214519221274,-0.00197937105098254,-0.00197937105098254,-0.00787400499854834,1,1.35525271560688e-20,0,1,-0.00959810111037158,0.0143189232117118,0.0143189232117118,0.00264475152430493,-0.00547222396768931,-0.00197943977914403,-0.00197943977914403,-0.00787404207506994,-13.2474991623604,46.6451534057097,8.48492653062079,7.58717096602045,8.48492653062079,7.58717096602045,-11.7451938144396,-9.36963744366391,2.60208521396521e-18,-1.2900274945012e-19,3.95619791184008e-19,0,0,0,-0.00959817720777239,0.00264488798011918,0.0143184260441408,-0.00547214519221274,-0.00787400499854834,-0.00197937105098254,9.33756035485828e-12,6.40095929037898e-09,3.59776543606516e-12,4.03122958442466e-20,6.93889390390723e-18,3.11767009045571e-14
NC_k0048,0.0109649122807018,0.0109649122807018,0.486415740263107,-76.2482769494052,64.3801065636235,-77.3324636569959,51.1128557204751,80.0554937565057,-58.5911361724237,70.8598620695605,-56.7424148506005,1,960,-4.82001595624515,0.614094679917537,-1.38795402118813,-1.33443979793261,-3.29502433926823e-19,2.915507256784e-18,0,-1.4896397866447e-18,-0.000879622209771307,-0.000577827630605735,1,3.10657186038546e-19,-2.65103621336737e-20,1,-0.00959817720777239,0.0143184260441408,0.0143184260441408,0.00264488798011918,-0.00547214519221273,-0.00197937105098254,-0.00197937105098254,-0.00787400499854833,1,1.35525271560688e-20,0,1,-0.00959810111037158,0.0143189232117118,0.0143189232117118,0.00264475152430493,-0.00547222396768931,-0.00197943977914403,-0.00197943977914403,-0.00787404207506994,-13.2765350263878,46.6419787302713,8.52302559804976,7.60254309952092,8.52302559804976,7.60254309952092,-11.7565675216549,-9.37691982401225,3.46944695195361e-18,-2.71097954332127e-19,-6.26171827682377e-22,0,0,0,-0.00959817720777239,0.00264488798011918,0.0143184260441408,-0.00547214519221274,-0.00787400499854834,-0.00197937105098254,2.19279838290517e-12,5.01006239058867e-09,7.09420691167748e-13,3.10657186038546e-19,6.93889390390723e-18,2.89872042485976e-14
NC_k0048,0.0192982456140351,0.0192982456140351,0.487373751578578,-77.5660457224986,69.2426426277026,-78.6683519576678,46.4876535803672,84.6232842765704,-59.8350535229637,68.9380387544523,-55.7222800072615,1,960,-8.37981894083615,1.13211381488088,-2.39174269156531,-2.35759375799234,7.4922711162603e-20,-3.09272904866226e-19,0,-1.12582590090917e-18,-0.000881412168218798,-0.000577293306780215,1,2.10635183442702e-19,-6.76417909473791e-20,1,-0.00959817720777239,0.0143184260441408,0.0143184260441408,0.00264488798011918,-0.00547214519221273,-0.00197937105098254,-0.00197937105098254,-0.00787400499854833,1,1.35525271560688e-20,0,1,-0.00959810111037158,0.0143189232117118,0.0143189232117118,0.00264475152430493,-0.00547222396768931,-0.00197943977914403,-0.00197943977914403,-0.00787404207506994,-13.3511341701562,46.6626981831597,8.60468634421835,7.63836145365109,8.60468634421835,7.63836145365109,-11.7943585657656,-9.38737218154872,3.46944695195361e-18,-2.86908573727584e-19,2.53246567380983e-19,0,0,0,-0.00959817720777239,0.00264488798011918,0.0143184260441408,-0.00547214519221274,-0.00787400499854834,-0.00197937105098254,8.37534309753247e-13,5.21543449651189e-09,1.6368249698944e-12,2.10635183442702e-19,6.93889390390723e-18,3.53085426245312e-14
NC_k0049,-0.0223684210526316,-0.0223684210526316,0.245754836742795,44.5317120174605,-25.2101310574044,71.643470667631,-40.1110090224776,-46.1673890051632,20.6941926212808,-69.6837506429858,45.2610631139199,1,960,10.3794559819648,6.04729195687529,5.42082681981721,-2.06553352241686,-9.22114477094514e-19,9.43379636282027e-19,0,-2.46810842451122e-19,-0.000347959309035349,-0.000480288987479208,1,2.49712885036378e-19,2.92826456435419e-21,1,0.00157454726667927,0.00976867116296736,0.00976867116296736,-0.0112931204706938,-0.0126793367371587,0.00350337763604774,0.00350337763604774,-0.00123290700954228,1,-2.16840434497101e-19,2.16840434497101e-19,1,0.00157439338686729,0.00976901035293831,0.0097690103529383,-0.0112930509534965,-0.0126792977587919,0.00350349928110455,0.00350349928110455,-0.00123306675391382,8.89646365356178,36.1237353647966,-4.06989042839022,-8.20710613419563,-4.06989042839022,-8.20710613419563,15.6827358255754,4.94684953741209,2.16840434497101e-18,-9.5881232123951e-20,7.40190431284564e-19,0,0,0,0.00157454726667927,-0.0112931204706938,0.00976867116296737,-0.0126793367371587,-0.00123290700954228,0.00350337763604774,6.63858317045364e-13,6.26918087229542e-09,9.65051698942868e-12,2.49712885036378e-19,5.20417042793042e-18,2.0814860263825e-13
NC_k0049,-0.0140350877192982,-0.0140350877192982,0.244916013294876,50.3485002531589,-28.7484268234057,67.8955706419182,-37.88404311472,-51.6142255528874,25.628923360762,-66.2840160799293,41.6470866355374,1,960,6.66795051265705,3.93461412365471,3.49884632998288,-1.30673076523726,-2.05365785039765e-18,1.12237821211605e-18,0,2.05374387718136e-18,-0.00034834867872008,-0.000481210379839429,1,1.66354181687677e-19,-1.32169760191395e-19,1,0.00157454726667928,0.00976867116296736,0.00976867116296736,-0.0112931204706938,-0.0126793367371586,0.00350337763604774,0.00350337763604774,-0.00123290700954228,1,-2.16840434497101e-19,2.16840434497101e-19,1,0.00157439338686729,0.00976901035293831,0.0097690103529383,-0.0112930509534965,-0.0126792977587919,0.00350349928110455,0.00350349928110455,-0.00123306675391382,8.85899769264367,36.0551815155971,-4.02409485979866,-8.11605250341809,-4.02409485979866,-8.11605250341809,15.6286214929027,4.87937863314233,2.60208521396521e-18,-6.31280132923002e-19,-7.91207219404199e-20,0,0,0,0.00157454726667927,-0.0112931204706938,0.00976867116296737,-0.0126793367371587,-0.00123290700954228,0.00350337763604774,6.71167100560961e-13,7.69001767325574e-09,3.36514829624612e-12,1.66354181687677e-19,9.97465998686664e-18,8.87349725102362e-14
NC_k0049,-0.00570175438596491,-0.00570175438596491,0.244604191605369,56.1475963566045,-31.9058323918596,63.3836326168744,-35.5594727691647,-56.625450193967,30.7397117034212,-62.5488538114343,37.3729893798897,1,960,2.73606115344905,1.62596906696979,1.4394699727382,-0.532124326179273,-5.08649902271108e-19,1.09271882407235e-18,0,6.64589991349605e-20,-0.000348524765029813,-0.0004815745897226,1,2.13865793024274e-20,-1.4543047689616e-20,1,0.00157454726667928,0.00976867116296736,0.00976867116296736,-0.0112931204706938,-0.0126793367371587,0.00350337763604774,0.00350337763604774,-0.00123290700954228,1,-2.16840434497101e-19,2.16840434497101e-19,1,0.00157439338686729,0.00976901035293831,0.0097690103529383,-0.0112930509534965,-0.0126792977587919,0.00350349928110455,0.00350349928110455,-0.00123306675391382,8.84216647311185,36.040785986524,-4.00232979620203,-8.06871786522951,-4.00232979620203,-8.06871786522951,15.6107735645974,4.84848507943235,3.03576608295941e-18,-1.14442694540622e-18,4.15124096235216e-19,0,0,0,0.00157454726667927,-0.0112931204706938,0.00976867116296737,-0.0126793367371587,-0.00123290700954228,0.00350337763604774,2.32476154440636e-12,5.60841461791953e-09,6.29909005604186e-12,2.13865793024274e-20,1.21430643318376e-17,8.81672636589043e-14
NC_k0049,0.00263157894736842,0.00263157894736842,0.244563214088411,61.5435426221206,-34.6421077744424,58.196847686989,-32.9600776139047,-61.0563362026241,35.6600679363243,-58.3254333966417,32.5902094967754,1,960,-1.26451349691925,-0.752301518336092,-0.66554895503426,0.245685152067729,-1.61024271995493e-18,3.59373580207338e-19,0,4.26606820395648e-19,-0.000348549325021266,-0.000481620534691613,1,3.82441388636133e-20,4.47340315049733e-20,1,0.00157454726667927,0.00976867116296736,0.00976867116296736,-0.0112931204706938,-0.0126793367371587,0.00350337763604774,0.00350337763604774,-0.00123290700954228,1,-2.16840434497101e-19,2.16840434497101e-19,1,0.00157439338686729,0.00976901035293831,0.0097690103529383,-0.0112930509534965,-0.0126792977587919,0.00350349928110455,0.00350349928110455,-0.00123306675391382,8.83971742069707,36.039757350042,-3.99912730465091,-8.06144728444701,-3.99912730465091,-8.06144728444701,15.6086224095328,4.84407087695899,2.60208521396521e-18,-3.72000289496037e-19,1.91172258477442e-19,0,0,0,0.00157454726667927,-0.0112931204706938,0.00976867116296737,-0.0126793367371587,-0.00123290700954228,0.00350337763604774,3.31684916977739e-12,6.58686287618996e-09,2.55542946520865e-12,4.47340315049733e-20,6.93889390390723e-18,7.3882246735776e-14
NC_k0049,0.0109649122807018,0.0109649122807018,0.244760243858302,66.3193085038731,-37.0489318597985,52.5122672893635,-29.9618117819724,-64.9561928504981,40.1422884957529,-53.5251863219758,27.5135248758952,1,960,-5.23502092335717,-3.09922934101337,-2.75030258724231,1.02224760206023,-1.84703475082681e-18,-5.41032368891334e-19,0,-4.58807307281113e-19,-0.000348435942237459,-0.000481394144131537,1,2.08373793363367e-19,-7.60807858741412e-20,1,0.00157454726667927,0.00976867116296736,0.00976867116296736,-0.0112931204706938,-0.0126793367371586,0.00350337763604774,0.00350337763604774,-0.00123290700954227,1,-2.16840434497101e-19,2.16840434497101e-19,1,0.00157439338686729,0.00976901035293831,0.0097690103529383,-0.0112930509534965,-0.0126792977587919,0.00350349928110455,0.00350349928110455,-0.00123306675391382,8.85090963308453,36.0468220971065,-4.01368160030901,-8.09384174541492,-4.01368160030901,-8.09384174541492,15.6194164626505,4.86442799938187,2.16840434497101e-18,-7.87826903625509e-19,-2.480542718917e-19,0,0,0,0.00157454726667927,-0.0112931204706938,0.00976867116296737,-0.0126793367371587,-0.00123290700954228,0.00350337763604774,1.01033072584596e-12,6.68268855887451e-09,1.87244927609314e-12,2.08373793363367e-19,6.93889390390723e-18,6.33900609206732e-14
NC_k0049,0.0192982456140351,0.0192982456140351,0.245352772176473,70.3521952678593,-39.2905685706989,46.6417804279304,-26.5470072469895,-68.4592674305133,44.0130733396453,-48.2014003486176,22.4628997014894,1,960,-9.05197535570717,-5.30144278774521,-4.73662798733926,1.78934780374982,-7.65082509607447e-19,-4.4690914135015e-20,0,7.0226310516772e-19,-0.000348126472418505,-0.000480711322530848,1,2.07433141630995e-19,-2.01255560276872e-19,1,0.00157454726667927,0.00976867116296736,0.00976867116296736,-0.0112931204706938,-0.0126793367371586,0.00350337763604774,0.00350337763604774,-0.00123290700954227,1,-2.16840434497101e-19,2.16840434497101e-19,1,0.00157439338686729,0.00976901035293831,0.0097690103529383,-0.0112930509534965,-0.0126792977587919,0.00350349928110455,0.00350349928110455,-0.00123306675391382,8.87946464746136,36.0870813911246,-4.04967357640322,-8.16802581288837,-4.04967357640322,-8.16802581288837,15.6561978470182,4.91688859594296,2.60208521396521e-18,-6.08461843410689e-19,-4.38652908243173e-19,0,0,0,0.00157454726667927,-0.0112931204706938,0.00976867116296737,-0.0126793367371587,-0.00123290700954228,0.00350337763604774,5.12381831082848e-13,6.90516566135366e-09,2.12471895616561e-12,2.07433141630995e-19,8.67361737988404e-18,4.04988131263021e-14
NC_k0050,-0.0223684210526316,-0.0223684210526316,0.361709549488892,-141.445718547871,59.4258804000853,-165.612855244502,93.9037317273606,127.627757537362,-66.2396442998799,175.919102596854,-87.9008435190328,1,960,-2.01796993441172,-1.82729381608816,-1.26893703766495,4.79739617652097,-6.13172444473308e-19,-7.25807974123429e-19,0,-1.06053818952159e-18,-0.00119793591895523,-0.000166081532378006,1,1.96363440277963e-20,-5.61306450161685e-20,1,-0.0164440485414028,0.001712164880368,0.001712164880368,0.00689250589615461,0.00645796550210893,0.00163830469021281,0.00163830469021281,-0.00589624972143269,1,0,0,1,-0.0164438874234938,0.00171222433053745,0.00171222433053745,0.00689226186554905,0.00645786069865986,0.00163836157579233,0.00163836157579233,-0.00589614004197858,-25.6150240549349,1.46583042348281,10.1146893579916,17.6788527673199,10.1146893579916,17.6788527673199,-3.75463971670229,-12.2777405543468,8.67361737988404e-19,3.27257740492528e-21,-5.90934153499155e-20,0,0,0,-0.0164440485414028,0.00689250589615461,0.001712164880368,0.00645796550210893,-0.00589624972143269,0.00163830469021281,1.21126275526865e-12,3.42762993837033e-09,4.26267959239955e-12,5.61306450161685e-20,3.46944695195361e-18,6.10806052017687e-14
NC_k0050,-0.0140350877192982,-0.0140350877192982,0.359593872928915,-145.592833077206,65.5456774205295,-160.343407753164,87.5752933310021,135.755728012658,-70.3411989347776,166.647997008499,-83.6112477667947,1,960,-1.27935642619056,-1.19132182073156,-0.81532382148431,3.01432012850374,3.70047518831722e-20,-3.28734810318374e-19,0,1.15647790568794e-18,-0.00119560221004269,-0.000165674529890968,1,5.84320093760431e-21,5.39705946571541e-21,1,-0.0164440485414028,0.001712164880368,0.001712164880368,0.00689250589615461,0.00645796550210893,0.0016383046902128,0.0016383046902128,-0.00589624972143269,1,0,0,1,-0.0164438874234938,0.00171222433053745,0.00171222433053745,0.00689226186554905,0.00645786069865986,0.00163836157579233,0.00163836157579233,-0.00589614004197858,-25.5220177413399,1.47441348013764,10.0011465074335,17.5223252146954,10.0011465074335,17.5223252146954,-3.66808345489646,-12.1767468789606,8.67361737988404e-19,-3.78891595380937e-20,1.23732924588426e-19,0,0,0,-0.0164440485414028,0.00689250589615461,0.001712164880368,0.00645796550210893,-0.00589624972143269,0.00163830469021281,1.12365915335201e-12,4.14115614756411e-09,1.83568342108899e-12,5.84320093760431e-21,2.60208521396521e-18,2.00683332040256e-15
NC_k0050,-0.00570175438596491,-0.00570175438596491,0.358559363931878,-149.72928022545,71.9755853646809,-155.612910925275,81.001092036203,144.569250582282,-74.2558991388729,157.230691028686,-79.5622318402957,1,960,-0.524599345520074,-0.495316575356445,-0.336572253889255,1.22264026778045,2.17621292995351e-19,-8.33533359657435e-20,0,-5.04963985461571e-19,-0.00119431917738825,-0.000165428661662515,1,-1.55818240157017e-20,-3.37535635098351e-20,1,-0.0164440485414028,0.001712164880368,0.001712164880368,0.00689250589615461,0.00645796550210894,0.00163830469021281,0.00163830469021281,-0.00589624972143269,1,0,0,1,-0.0164438874234938,0.00171222433053745,0.00171222433053745,0.00689226186554905,0.00645786069865986,0.00163836157579233,0.00163836157579233,-0.00589614004197858,-25.4829764050997,1.47823122557301,9.94088016780419,17.4398777252346,9.94088016780419,17.4398777252346,-3.6301277759979,-12.125864981396,8.67361737988404e-19,-2.71043616611933e-19,-6.93293988629688e-20,0,0,0,-0.0164440485414028,0.00689250589615461,0.001712164880368,0.00645796550210893,-0.00589624972143269,0.00163830469021281,3.73264555837749e-12,4.48427844938852e-09,1.6320987269637e-12,3.37535635098351e-20,3.46944695195361e-18,2.97248994407142e-14
NC_k0050,0.00263157894736842,0.00263157894736842,0.358402703932031,-153.977977129655,78.5606576581588,-151.269902791024,74.3901438342841,153.777674140979,-78.1184004301459,147.926496110108,-75.6751146760319,1,960,0.242538936569024,0.229452738853443,0.155757252889414,-0.564052972325509,-1.68245889615326e-18,-1.6722283263372e-19,0,3.1587446789889e-18,-0.00119412107730855,-0.00016539105132829,1,-2.13804659639119e-21,-2.57572399794015e-20,1,-0.0164440485414028,0.001712164880368,0.001712164880368,0.00689250589615461,0.00645796550210894,0.0016383046902128,0.0016383046902128,-0.00589624972143269,1,0,0,1,-0.0164438874234938,0.00171222433053745,0.00171222433053745,0.00689226186554905,0.00645786069865986,0.00163836157579233,0.00163836157579233,-0.00589614004197858,-25.4773914718548,1.47873287770383,9.93154922796399,17.4271061961557,9.93154922796399,17.4271061961557,-3.62486629493993,-12.118101745222,8.67361737988404e-19,-4.70917788541593e-20,-1.81305317741856e-19,0,0,0,-0.0164440485414028,0.00689250589615461,0.001712164880368,0.00645796550210893,-0.00589624972143269,0.00163830469021281,4.96522266405715e-12,2.95786109944154e-09,4.45175230130483e-12,2.57572399794015e-20,3.46944695195361e-18,1.40945219068505e-14
NC_k0050,0.0109649122807018,0.0109649122807018,0.359105361117701,-158.545032914325,85.1696966581033,-147.116491694704,67.8890095051489,163.181337289681,-82.0938530267078,138.943523749294,-71.7999119829358,1,960,1.00354283170168,0.940737314967688,0.641612448400898,-2.35378819428159,1.61549035376096e-18,-4.37065692060769e-19,0,1.50042622183239e-18,-0.0011950013289468,-0.000165560372384235,1,-2.89554638810809e-20,1.93572302622261e-20,1,-0.0164440485414028,0.001712164880368,0.001712164880368,0.00689250589615461,0.00645796550210893,0.00163830469021281,0.00163830469021281,-0.00589624972143269,1,0,0,1,-0.0164438874234938,0.00171222433053745,0.00171222433053745,0.00689226186554905,0.00645786069865986,0.00163836157579233,0.00163836157579233,-0.00589614004197858,-25.5031250908386,1.47632468316939,9.97298754673794,17.4837767996506,9.97298754673794,17.4837767996506,-3.64948056038523,-12.1528011271553,1.73472347597681e-18,-3.63409561067871e-19,-5.99824518869624e-20,0,0,0,-0.0164440485414028,0.00689250589615461,0.001712164880368,0.00645796550210893,-0.00589624972143269,0.00163830469021281,2.61713585334526e-12,3.18947857906561e-09,1.21486309533455e-12,2.89554638810809e-20,6.93889390390723e-18,1.76223246031942e-14
NC_k0050,0.0192982456140351,0.0192982456140351,0.360771814550014,-163.600639441108,91.6162031791234,-142.969191634254,61.6279043154248,172.537710414931,-86.291314645495,130.510788111109,-67.7729152643046,1,960,1.74649335960981,1.60061414439181,1.10454547632056,-4.14448426208437,4.58807307281113e-19,-6.52529698018581e-19,0,2.8796473228686e-19,-0.00119697366390057,-0.000165923033014639,1,-2.85399495553944e-20,8.82892272114471e-20,1,-0.0164440485414028,0.001712164880368,0.001712164880368,0.00689250589615461,0.00645796550210893,0.00163830469021281,0.00163830469021281,-0.00589624972143269,1,0,0,1,-0.0164438874234938,0.00171222433053745,0.00171222433053745,0.00689226186554905,0.00645786069865986,0.00163836157579233,0.00163836157579233,-0.00589614004197858,-25.5714356462678,1.46940274521437,10.066243526946,17.6117559489874,10.066243526946,17.6117559489874,-3.71590788692253,-12.2336331423693,1.51788304147971e-18,-2.02594277069411e-19,7.63416588602804e-20,0,0,0,-0.0164440485414028,0.00689250589615461,0.001712164880368,0.00645796550210893,-0.00589624972143269,0.00163830469021281,1.0660538849715e-12,4.95675251367619e-09,5.59864658482074e-12,8.82892272114471e-20,5.20417042793042e-18,2.55420482774753e-14
NC_k0051,-0.0223684210526316,-0.0223684210526316,0.230506834019693,-43.3942553492339,-104.932685609377,-33.5476619860439,-137.328186120291,42.9066441251802,119.274362928954,35.7596003391368,126.976890630101,1,960,2.06190309277671,3.12265808465662,1.71090518855303,-1.70834438590966,8.18685467662108e-19,-5.17748889009191e-20,0,-1.26707195358628e-18,0.00100736540465884,0.00144818036102947,1,-7.53469049110027e-21,-9.65487466327296e-21,1,0.00312673908891715,0.000957244486943936,0.000957244486943936,0.0114337576136561,-0.00281773145494278,0.0016217794992341,0.0016217794992341,0.0157482250808751,1,0,0,1,0.00312687439505322,0.000957277724599733,0.000957277724599733,0.0114337487007205,-0.00281751417019149,0.00162183581102227,0.00162183581102227,0.0157481200399921,-4.35422806117994,11.1208093698367,-12.6325965166697,7.6564898275491,-12.6325965166697,7.6564898275491,3.83162557405394,21.2281986580753,8.67361737988404e-19,-5.60423802709739e-19,1.17369223074924e-19,0,0,0,0.00312673908891714,0.0114337576136561,0.000957244486943936,-0.00281773145494278,0.0157482250808751,0.0016217794992341,3.29235125137448e-12,5.48508863186126e-09,3.24952761538582e-12,9.65487466327296e-21,5.20417042793042e-18,1.72910303304231e-13
NC_k0051,-0.0140350877192982,-0.0140350877192982,0.230181728745712,-41.5824357387963,-109.921386954898,-35.2815856179311,-130.943014107059,41.6695777237552,120.134064975911,36.9378583124008,124.761185506887,1,960,1.34731455339418,1.97673155793749,1.09693521673946,-1.07764922296415,4.58572387987147e-20,5.11925537496818e-19,0,-1.80816718820417e-19,0.00100750358206801,0.0014462386706266,1,2.84323455945538e-20,-2.48656425651059e-20,1,0.00312673908891714,0.000957244486943936,0.000957244486943936,0.0114337576136561,-0.00281773145494278,0.0016217794992341,0.0016217794992341,0.0157482250808751,1,0,0,1,0.00312687439505322,0.000957277724599733,0.000957277724599733,0.0114337487007205,-0.00281751417019149,0.00162183581102227,0.00162183581102227,0.0157481200399921,-4.32194501729247,11.0817256841273,-12.5154056031734,7.6225539511505,-12.5154056031734,7.6225539511505,3.87957281800083,21.2199174317786,6.50521303491303e-19,-2.24237129631346e-19,-4.9077639451698e-19,0,0,0,0.00312673908891714,0.0114337576136561,0.000957244486943936,-0.00281773145494278,0.0157482250808751,0.0016217794992341,1.36109248980871e-12,3.3970635940055e-09,1.08469262709067e-11,2.84323455945538e-20,3.46944695195361e-18,1.84368565426752e-13
NC_k0051,-0.00570175438596491,-0.00570175438596491,0.230106004788235,-39.6967614910543,-115.773145438,-37.1235786378002,-124.44903305498,40.2724293838218,121.227347810833,38.2991889421775,123.045885687527,1,960,0.558062618474888,0.806192581110887,0.450204215863308,-0.438475907263351,7.56463287624644e-19,-1.20515583037546e-18,0,-3.48455173522793e-18,0.00100764548127177,0.00144522625017063,1,4.36321337564657e-20,-1.38082863472859e-20,1,0.00312673908891714,0.000957244486943935,0.000957244486943935,0.0114337576136561,-0.00281773145494279,0.0016217794992341,0.0016217794992341,0.0157482250808751,1,0,0,1,0.00312687439505322,0.000957277724599733,0.000957277724599733,0.0114337487007205,-0.00281751417019149,0.00162183581102227,0.00162183581102227,0.0157481200399921,-4.30302326347514,11.0731664981568,-12.4538285156591,7.60420380332298,-12.4538285156591,7.60420380332298,3.90645757179501,21.2267825943714,1.30104260698261e-18,-2.65522555652266e-19,5.14955480234028e-19,0,0,0,0.00312673908891714,0.0114337576136561,0.000957244486943936,-0.00281773145494278,0.0157482250808751,0.0016217794992341,1.11100442789041e-11,3.39227361570751e-09,1.00355695135293e-11,4.36321337564657e-20,7.37257477290143e-18,1.59340106843315e-13
NC_k0051,0.00263157894736842,0.00263157894736842,0.230098173083362,-37.8122747185333,-122.069936918543,-39.0002233394204,-118.056799769598,38.8253520769249,122.507593771803,39.7396854815987,121.673211176736,1,960,-0.258243865153102,-0.37234288854584,-0.20809362872064,0.202407522092993,-6.68047606310076e-20,1.24437080885537e-18,0,-1.2085584378252e-19,0.00100767091544117,0.00144507282262867,1,1.24516102009366e-20,-3.5087948575564e-20,1,0.00312673908891715,0.000957244486943935,0.000957244486943935,0.0114337576136561,-0.00281773145494277,0.0016217794992341,0.0016217794992341,0.0157482250808751,1,0,0,1,0.00312687439505322,0.000957277724599733,0.000957277724599733,0.0114337487007205,-0.00281751417019149,0.00162183581102227,0.00162183581102227,0.0157481200399921,-4.29995434994568,11.0726168833681,-12.4443066530547,7.60128848632828,-12.4443066530547,7.60128848632828,3.91066857912097,21.2283201975392,8.67361737988404e-19,-2.78260607994385e-19,-8.60897067820871e-19,0,0,0,0.00312673908891714,0.0114337576136561,0.000957244486943936,-0.00281773145494278,0.0157482250808751,0.0016217794992341,1.06185087910128e-11,4.01750892028199e-09,8.40201770318794e-12,3.5087948575564e-20,4.77048955893622e-18,5.13862194289316e-14
NC_k0051,0.0109649122807018,0.0109649122807018,0.23014065238587,-35.9548280642301,-128.553222800548,-40.8920071131387,-112.005441999614,37.4242898200677,124.080127065664,41.1674722636809,120.5166245905,1,960,-1.06241041767711,-1.54727867803771,-0.861197401585907,0.842575757628665,-3.8717346623402e-19,3.37066173448008e-19,0,-1.69962620258618e-18,0.00100756491573232,0.00144575946589854,1,3.28166237933599e-20,2.88580519535892e-20,1,0.00312673908891715,0.000957244486943935,0.000957244486943935,0.0114337576136561,-0.00281773145494278,0.0016217794992341,0.0016217794992341,0.0157482250808751,1,0,0,1,0.00312687439505322,0.000957277724599733,0.000957277724599733,0.0114337487007205,-0.00281751417019149,0.00162183581102227,0.00162183581102227,0.0157481200399921,-4.31327391072111,11.0766358456639,-12.4865977674811,7.61406669993349,-12.4865977674811,7.61406669993349,3.89208938800384,21.2224388736215,8.67361737988404e-19,-3.77610047359876e-20,7.12647324636758e-20,0,0,0,0.00312673908891714,0.0114337576136561,0.000957244486943936,-0.00281773145494278,0.0157482250808751,0.0016217794992341,6.86463519943239e-12,4.98341750717661e-09,1.34052563454077e-12,3.28166237933599e-20,3.46944695195361e-18,1.01306237187671e-14
NC_k0051,0.0192982456140351,0.0192982456140351,0.230331002683016,-34.1638965993977,-134.999221142052,-42.7430800233373,-106.631031292226,36.1640027121725,126.090776116781,42.4760279800255,119.547944618136,1,960,-1.81094712508035,-2.70499658166552,-1.49026142322615,1.47784470234325,-3.74828622772279e-19,5.88145267859904e-19,0,-4.09540016407148e-19,0.00100740038126523,0.00144736315078244,1,2.23435713178739e-20,6.50338381706358e-20,1,0.00312673908891714,0.000957244486943935,0.000957244486943935,0.0114337576136561,-0.00281773145494278,0.0016217794992341,0.0016217794992341,0.0157482250808751,1,0,0,1,0.00312687439505322,0.000957277724599733,0.000957277724599733,0.0114337487007205,-0.00281751417019149,0.00162183581102227,0.00162183581102227,0.0157481200399921,-4.3409559486477,11.1006046990715,-12.5824121427012,7.64194338276146,-12.5824121427012,7.64194338276146,3.85135825270121,21.2204171957585,8.67361737988404e-19,1.68588284922889e-19,6.50650339638975e-19,0,0,0,0.00312673908891714,0.0114337576136561,0.000957244486943936,-0.00281773145494278,0.0157482250808751,0.0016217794992341,1.0402864451985e-12,3.51247016058228e-09,4.3110339385642e-12,6.50338381706358e-20,1.04083408558608e-17,9.17027790330158e-14
NC_k0052,-0.0223684210526316,-0.0223684210526316,0.66916706743402,104.31908232693,53.8108096059191,99.663046126159,71.1887402426913,-94.0137555332294,-60.2201631383303,-112.542735440554,-65.5899918966218,1,960,0.91836954838781,-11.9256485722955,-3.63240207788958,-0.784087907830985,-5.19476042128202e-19,4.37743980163062e-19,0,-6.57932841779778e-19,-0.000866875086177099,-0.000339365786418257,1,4.83580056760982e-21,3.55438554775416e-20,1,0.00261780353728338,0.00293059111048585,0.00293059111048585,-0.0105468976187944,0.00302736868501016,-0.015038295014095,-0.015038295014095,-0.00616493413720396,1,0,0,1,0.00261765484589278,0.00293069286712164,0.00293069286712164,-0.0105468177563455,0.00302727527280921,-0.0150388171771163,-0.0150388171771163,-0.00616486796081423,14.0368744481922,6.45688808937985,8.23910197298875,-17.9856097647664,8.23910197298875,-17.9856097647664,-47.2173597474635,-10.2748456687484,2.60208521396521e-18,1.5502993135032e-19,1.74427865231195e-19,0,0,0,0.00261780353728338,-0.0105468976187944,0.00293059111048586,0.00302736868501016,-0.00616493413720396,-0.015038295014095,9.39593253566752e-13,9.68397232700862e-09,1.96222271408552e-12,3.55438554775416e-20,6.93889390390723e-18,4.03164184421723e-14
NC_k0052,-0.0140350877192982,-0.0140350877192982,0.666975419611231,103.88340505316,57.5482710236154,100.200170048862,68.8295463697116,-97.3813745972676,-61.7906321029099,-109.269864274954,-65.4521054144523,1,960,0.504910922694396,-7.59385013533393,-2.33934994017102,-0.483524072052832,-5.5953805355537e-19,-4.45841085743221e-18,0,-1.08700796912328e-18,-0.000865855733283037,-0.000339865134013531,1,-4.86019843670203e-20,1.28490288376391e-19,1,0.00261780353728338,0.00293059111048585,0.00293059111048585,-0.0105468976187944,0.00302736868501015,-0.015038295014095,-0.015038295014095,-0.00616493413720396,1,0,0,1,0.00261765484589278,0.00293069286712164,0.00293069286712164,-0.0105468177563455,0.00302727527280921,-0.0150388171771163,-0.0150388171771163,-0.00616486796081423,13.9853962936872,6.42719297291263,8.13637807366539,-17.8350838805528,8.13637807366539,-17.8350838805528,-47.2083992802636,-10.3456475575899,1.73472347597681e-18,3.49724914807033e-19,2.83357741399239e-19,0,0,0,0.00261780353728338,-0.0105468976187944,0.00293059111048586,0.00302736868501016,-0.00616493413720396,-0.015038295014095,1.90586686477677e-12,5.00477326424007e-09,5.75568280839641e-12,1.28490288376391e-19,3.46944695195361e-18,4.44438488824222e-14
NC_k0052,-0.00570175438596491,-0.00570175438596491,0.665957905029583,102.875390252764,61.3596938372342,101.218017754501,66.00577433276,-100.887441925096,-63.3612124706285,-105.769184898616,-64.8988997332006,1,960,0.189294016372609,-3.09952986962008,-0.96037783157167,-0.193570263433753,-1.14086073572294e-18,7.38993894832014e-18,0,-4.29935395180562e-20,-0.000865579132712601,-0.000340095721265864,1,-7.20675174432281e-20,4.39471943053716e-21,1,0.00261780353728338,0.00293059111048585,0.00293059111048585,-0.0105468976187944,0.00302736868501015,-0.015038295014095,-0.015038295014095,-0.00616493413720396,1,0,0,1,0.00261765484589278,0.00293069286712164,0.00293069286712164,-0.0105468177563455,0.00302727527280921,-0.0150388171771163,-0.0150388171771163,-0.00616486796081423,13.9520716728895,6.41248001196598,8.08064735834617,-17.7516428273027,8.08064735834617,-17.7516428273027,-47.2294795708078,-10.3854231145557,2.60208521396521e-18,6.82639253427975e-19,5.84583309997999e-19,0,0,0,0.00261780353728338,-0.0105468976187944,0.00293059111048586,0.00302736868501016,-0.00616493413720396,-0.015038295014095,1.51643649029561e-12,2.69867730857101e-09,5.07995575033366e-12,7.20675174432281e-20,6.93889390390723e-18,3.56760878541159e-14
NC_k0052,0.00263157894736842,0.00263157894736842,0.665805154733712,101.656262459034,64.8402486232757,102.43312922221,62.6915099511656,-104.45393208261,-64.5727385066394,-102.197628460204,-63.85812201493,1,960,-0.0862730425015062,1.43130186481972,0.443859511365008,0.0890639026630888,-1.80394194963524e-18,-1.22413466234988e-18,0,-2.49845602682457e-18,-0.000865553589092357,-0.000340128173208525,1,-2.11237149333556e-20,8.09240942438228e-20,1,0.00261780353728337,0.00293059111048585,0.00293059111048585,-0.0105468976187944,0.00302736868501016,-0.015038295014095,-0.015038295014095,-0.00616493413720396,1,0,0,1,0.00261765484589278,0.00293069286712164,0.00293069286712164,-0.0105468177563455,0.00302727527280921,-0.0150388171771163,-0.0150388171771163,-0.00616486796081423,13.9463669747034,6.41023910340129,8.07194694414462,-17.7384299795987,8.07194694414462,-17.7384299795987,-47.2340110572972,-10.391545575921,2.60208521396521e-18,4.03736341677891e-19,-2.41747228706447e-20,0,0,0,0.00261780353728338,-0.0105468976187944,0.00293059111048586,0.00302736868501016,-0.00616493413720396,-0.015038295014095,4.69870081475848e-12,5.46072302967401e-09,1.70507445577123e-12,8.09240942438228e-20,6.93889390390723e-18,8.83769371366117e-15
NC_k0052,0.0109649122807018,0.0109649122807018,0.666493047863182,100.536581298044,67.8474154620277,103.560421336478,58.9741853721265,-107.998663666445,-65.3033964765444,-98.6633492368104,-62.3935658690528,1,960,-0.380243069752861,5.94736718513066,1.83715095807467,0.375452577910855,-6.45247199905665e-19,7.71362464817949e-18,0,6.93051621866329e-19,-0.000865702785120834,-0.000339975593452852,1,-5.25134586351597e-21,1.42405632066054e-19,1,0.00261780353728338,0.00293059111048586,0.00293059111048586,-0.0105468976187944,0.00302736868501015,-0.015038295014095,-0.015038295014095,-0.00616493413720396,1,0,0,1,0.00261765484589278,0.00293069286712164,0.00293069286712164,-0.0105468177563455,0.00302727527280921,-0.0150388171771163,-0.0150388171771163,-0.00616486796081423,13.970551782339,6.42030028412613,8.11042772103592,-17.7964796391837,8.11042772103592,-17.7964796391837,-47.2164981183606,-10.3642743668341,1.73472347597681e-18,-3.4333225936941e-19,4.62220780159543e-19,0,0,0,0.00261780353728338,-0.0105468976187944,0.00293059111048586,0.00302736868501016,-0.00616493413720396,-0.015038295014095,1.01327030769716e-12,4.06431343486609e-09,1.88670072588565e-12,1.42405632066054e-19,5.20417042793042e-18,1.08274942749964e-14
NC_k0052,0.0192982456140351,0.0192982456140351,0.668170450930624,99.7833846580975,70.3663122490176,104.242210075694,55.1372189023351,-111.372055847549,-65.5743652261215,-95.226461617536,-60.7628550152448,1,960,-0.751740179363559,10.3640592161629,3.17206528214374,0.672703354710217,3.4208087319355e-18,8.65855607529067e-18,0,1.98456510819232e-18,-0.000866358810191206,-0.000339593112581463,1,-7.6787235246459e-21,3.73273847060401e-21,1,0.00261780353728338,0.00293059111048585,0.00293059111048585,-0.0105468976187944,0.00302736868501015,-0.015038295014095,-0.015038295014095,-0.00616493413720396,1,0,0,1,0.00261765484589278,0.00293069286712164,0.00293069286712164,-0.0105468177563455,0.00302727527280921,-0.0150388171771163,-0.0150388171771163,-0.00616486796081423,14.0160289995231,6.44371451083018,8.19574853262943,-17.9222201208033,8.19574853262943,-17.9222201208033,-47.2042206421507,-10.3036639053486,3.46944695195361e-18,1.34794760135875e-19,3.7907789828966e-19,0,0,0,0.00261780353728338,-0.0105468976187944,0.00293059111048586,0.00302736868501016,-0.00616493413720396,-0.015038295014095,3.47215875041073e-13,6.31347358874458e-09,4.17351886675116e-12,7.6787235246459e-21,1.04083408558608e-17,1.62835480470181e-14
NC_k0053,-0.0223684210526316,-0.0223684210526316,0.301250558661023,-11.8068282398977,-126.386408714096,2.70690367919794,-163.620374892575,10.096436583683,138.047306689574,-3.28372547001149,156.222898779393,1,960,3.65310432616508,0.157611319746179,1.25753616315072,-2.99667849200405,2.88976374176013e-19,2.6252992106759e-18,0,3.46261774881638e-18,-0.000955705926663886,0.0013348633011247,1,1.49006837362178e-20,7.72003893236462e-20,1,-0.00534594159204218,0.00258142334671432,0.00258142334671432,-0.00544452772527846,-0.00724818554560279,-0.00326677755462682,-0.00326677755462682,0.0164895800599435,1,1.0842021724855e-19,0,1,-0.00534598928145877,0.00258151297946942,0.00258151297946942,-0.00544457370313025,-0.00724793937839044,-0.00326689098440302,-0.00326689098440302,0.0164894141131697,-2.04050129606958,18.2999269265558,-15.7439658398847,-2.37036187005407,-15.7439658398847,-2.37036187005407,-12.1694802012252,24.893028217607,1.0842021724855e-18,-1.10363073633523e-20,7.83518158829462e-19,0,0,0,-0.00534594159204217,-0.00544452772527846,0.00258142334671432,-0.00724818554560279,0.0164895800599435,-0.00326677755462682,2.45552711522374e-12,3.80569182196889e-09,3.81106241643913e-12,7.72003893236462e-20,6.07153216591882e-18,1.28988327970553e-14
NC_k0053,-0.0140350877192982,-0.0140350877192982,0.300035755313006,-8.40375248124941,-132.37883726632,0.627875763233997,-156.123156330921,6.97725921347494,140.79257475107,-1.47163621645913,151.978104490858,1,960,2.36793682165384,0.0879387767052448,0.810438947458513,-1.88346742577047,-1.7942457384949e-19,1.40311007712675e-18,0,-7.9586620153973e-18,-0.000954041552736223,0.00133158932743115,1,-2.78527939978656e-20,8.32243930715196e-20,1,-0.00534594159204217,0.00258142334671432,0.00258142334671432,-0.00544452772527846,-0.00724818554560279,-0.00326677755462682,-0.00326677755462682,0.0164895800599435,1,1.0842021724855e-19,0,1,-0.00534598928145877,0.00258151297946942,0.00258151297946942,-0.00544457370313025,-0.00724793937839044,-0.00326689098440302,-0.00326689098440302,0.0164894141131697,-2.10574771880561,18.1649992325365,-15.6297066222387,-2.31131522020959,-15.6297066222387,-2.31131522020959,-12.1110042232105,24.8207716098032,1.30104260698261e-18,3.54842802476591e-19,-2.08959942866197e-19,0,0,0,-0.00534594159204217,-0.00544452772527846,0.00258142334671432,-0.00724818554560279,0.0164895800599435,-0.00326677755462682,1.40056870978676e-12,5.91509095201889e-09,7.69626852171985e-13,8.32243930715196e-20,2.60208521396521e-18,1.06013663679276e-13
NC_k0053,-0.00570175438596491,-0.00570175438596491,0.299553773745343,-5.3680468036598,-139.005155658242,-1.71946940716466,-148.720740969958,4.13232096810594,143.754609958687,0.692160706394179,148.240849641773,1,960,0.977001065014409,0.0359896659331703,0.334286941212703,-0.764059909527219,3.32791304042334e-20,1.47119035026231e-19,0,-4.4582388038648e-19,-0.000953201605882081,0.00132985836055901,1,-7.02530670362805e-21,5.09320279195202e-20,1,-0.00534594159204218,0.00258142334671432,0.00258142334671432,-0.00544452772527846,-0.0072481855456028,-0.00326677755462682,-0.00326677755462682,0.0164895800599435,1,1.0842021724855e-19,0,1,-0.00534598928145877,0.00258151297946942,0.00258151297946942,-0.00544457370313025,-0.00724793937839044,-0.00326689098440302,-0.00326689098440302,0.0164894141131697,-2.14638377430538,18.1106631687758,-15.5708665359854,-2.27889661766685,-15.5708665359854,-2.27889661766685,-12.0894732661368,24.7956891717759,1.51788304147971e-18,3.50151346275433e-19,1.12387141990522e-18,0,0,0,-0.00534594159204217,-0.00544452772527846,0.00258142334671432,-0.00724818554560279,0.0164895800599435,-0.00326677755462682,5.59917701743228e-12,3.14676489223098e-09,2.88016214315468e-12,5.09320279195202e-20,1.30104260698261e-17,6.5600734352861e-14
NC_k0053,0.00263157894736842,0.00263157894736842,0.299487381303758,-2.65055319239464,-146.046481616205,-4.33160393298943,-141.55841525472,1.56626139563937,146.969502117959,3.15427713296127,144.905168610643,1,960,-0.451878333908967,-0.0167664359659849,-0.15465277405874,0.352502021203162,4.72062049416662e-19,8.88855199024981e-20,0,-6.86381237406702e-19,-0.00095307629392759,0.00132959518168586,1,-2.60633027912435e-20,3.64223083080513e-20,1,-0.00534594159204218,0.00258142334671432,0.00258142334671432,-0.00544452772527846,-0.00724818554560279,-0.00326677755462682,-0.00326677755462682,0.0164895800599435,1,1.0842021724855e-19,0,1,-0.00534598928145877,0.00258151297946942,0.00258151297946942,-0.00544457370313025,-0.00724793937839044,-0.00326689098440302,-0.00326689098440302,0.0164894141131697,-2.15298534974251,18.10337263037,-15.5618056141862,-2.27383704734359,-15.5618056141862,-2.27383704734359,-12.0866843811997,24.7924274276991,1.30104260698261e-18,2.9416338683599e-19,1.84221380470879e-19,0,0,0,-0.00534594159204217,-0.00544452772527846,0.00258142334671432,-0.00724818554560279,0.0164895800599435,-0.00326677755462682,1.0749681997987e-11,4.66121749071953e-09,1.11850009817515e-11,3.64223083080513e-20,3.46944695195361e-18,3.03980380151397e-14
NC_k0053,0.0109649122807018,0.0109649122807018,0.299798820332345,-0.207295798686127,-153.377291734266,-7.24591357364966,-134.762769834052,-0.711695212596269,150.548693382759,5.89660432736863,141.861310586411,1,960,-1.86376085762243,-0.0685356803433613,-0.637657857528716,1.47078154766987,-6.67898713799817e-20,2.87250709982105e-18,0,-5.14158263406221e-18,-0.000953643213646352,0.0013307730171745,1,-2.70448397834559e-20,-2.74307758653708e-20,1,-0.00534594159204217,0.00258142334671432,0.00258142334671432,-0.00544452772527846,-0.00724818554560279,-0.00326677755462682,-0.00326677755462682,0.0164895800599435,1,1.0842021724855e-19,0,1,-0.00534598928145877,0.00258151297946942,0.00258151297946942,-0.00544457370313025,-0.00724793937839044,-0.00326689098440302,-0.00326689098440302,0.0164894141131697,-2.12430856633009,18.1380372093873,-15.6021168264848,-2.29623379896586,-15.6021168264848,-2.29623379896586,-12.1001669642946,24.808160109358,1.0842021724855e-18,1.73243466923044e-19,2.19050210135506e-20,0,0,0,-0.00534594159204217,-0.00544452772527846,0.00258142334671432,-0.00724818554560279,0.0164895800599435,-0.00326677755462682,2.52977474105387e-12,3.14155003497736e-09,4.67853587474348e-12,2.74307758653708e-20,2.60208521396521e-18,3.94393653689179e-14
NC_k0053,0.0192982456140351,0.0192982456140351,0.300676753480144,1.97488157008988,-160.856534815475,-10.5109621981278,-128.495061792031,-2.66242044142072,154.593312006571,8.91778039075013,139.02479666378,1,960,-3.19717975285086,-0.1266924403202,-1.09687782374645,2.58919462764592,-1.05837924812282e-18,8.76017355918158e-19,0,-1.18432411382892e-18,-0.000954987743691794,0.00133348733744054,1,-3.78918879671448e-20,-4.77432072172936e-20,1,-0.00534594159204217,0.00258142334671432,0.00258142334671432,-0.00544452772527846,-0.00724818554560279,-0.00326677755462682,-0.00326677755462682,0.0164895800599435,1,1.0842021724855e-19,0,1,-0.00534598928145877,0.00258151297946942,0.00258151297946942,-0.00544457370313025,-0.00724793937839044,-0.00326689098440302,-0.00326689098440302,0.0164894141131697,-2.066263012659,18.2374870607147,-15.694510611089,-2.34557781151404,-15.694510611089,-2.34557781151404,-12.1415601241859,24.8574760668769,1.30104260698261e-18,3.1189230972986e-19,3.57954599901941e-19,0,0,0,-0.00534594159204217,-0.00544452772527846,0.00258142334671432,-0.00724818554560279,0.0164895800599435,-0.00326677755462682,1.53359815367981e-12,3.15176623020366e-09,4.07889051421302e-12,4.77432072172936e-20,6.93889390390723e-18,3.58164148515565e-14
NC_k0054,-0.0223684210526316,-0.0223684210526316,0.368079647625375,-67.0739289148192,-99.6088514580202,-70.1282067945727,-112.389606906549,59.2390030107279,107.754256452435,74.1380769355222,103.216758133936,1,960,-6.01592256370328,-4.88746946349649,-3.59811936897595,-0.771467992619327,2.82369020879062e-18,1.19848544591583e-19,0,5.5579257974173e-19,-0.00132414128303542,-0.000664261479795539,1,-1.12190142379157e-19,5.50108634765982e-20,1,-0.0113430168402953,-0.00634342003889684,-0.00634342003889684,0.000163527106001502,-0.0137305766224986,-0.00563256556312673,-0.00563256556312673,0.00328872632599214,1,5.42101086242752e-20,2.16840434497101e-19,1,-0.0113429654791922,-0.00634364029653708,-0.00634364029653708,0.000163378700716663,-0.0137304742060247,-0.0056327611383199,-0.0056327611383199,0.00328853326845658,-12.7563334024611,-16.3720884058559,-16.3673815685429,5.0475791268648,-16.3673815685429,5.0475791268648,-24.3344963125327,15.0787710582592,1.30104260698261e-18,2.27757325625802e-19,2.45484666717085e-19,0,0,0,-0.0113430168402953,0.000163527106001503,-0.00634342003889684,-0.0137305766224986,0.00328872632599214,-0.00563256556312674,1.32997793552729e-12,1.24092413067241e-08,7.8361750291331e-12,1.12190142379157e-19,3.46944695195361e-18,3.12182658807735e-14
NC_k0054,-0.0140350877192982,-0.0140350877192982,0.367486454633181,-67.2605769879357,-101.403416226159,-69.4942050673455,-109.473151572891,61.5557640721573,106.666529382116,71.3330762014482,103.161764983498,1,960,-3.84075627352031,-3.1746537435251,-2.31508530562497,-0.475048946052061,4.98611238357164e-19,-2.16564487044753e-18,0,-9.42701348179733e-19,-0.00132252778247699,-0.000665088057176636,1,-8.19838020387321e-20,-4.67382770747508e-20,1,-0.0113430168402953,-0.00634342003889684,-0.00634342003889684,0.000163527106001501,-0.0137305766224986,-0.00563256556312673,-0.00563256556312673,0.00328872632599214,1,5.42101086242752e-20,2.16840434497101e-19,1,-0.0113429654791922,-0.00634364029653708,-0.00634364029653708,0.000163378700716663,-0.0137304742060247,-0.0056327611383199,-0.0056327611383199,0.00328853326845658,-12.8149448173779,-16.4439502226155,-16.2623974260869,4.99584410193303,-16.2623974260869,4.99584410193303,-24.3047320812266,14.9830188681809,1.73472347597681e-18,3.12290367458653e-19,-3.1766292403622e-20,0,0,0,-0.0113430168402953,0.000163527106001503,-0.00634342003889684,-0.0137305766224986,0.00328872632599214,-0.00563256556312674,2.44621558566906e-12,9.31618880993261e-09,4.34728692928906e-12,8.19838020387321e-20,4.33680868994202e-18,9.48633685234128e-14
NC_k0054,-0.00570175438596491,-0.00570175438596491,0.36729435429806,-67.8788343185478,-103.443957648342,-68.8420687862988,-106.7338888424,64.3913612792966,105.338939927189,68.4423117429583,103.781212791104,1,960,-1.57021895867856,-1.30841940333005,-0.94995065946284,-0.1899301176281,-1.46557213954185e-18,-7.5311816922748e-19,0,6.79069622536223e-18,-0.00132176835179079,-0.000665677413977199,1,-1.78012033152467e-20,3.43516476656022e-21,1,-0.0113430168402953,-0.00634342003889684,-0.00634342003889684,0.000163527106001503,-0.0137305766224986,-0.00563256556312673,-0.00563256556312673,0.00328872632599214,1,5.42101086242752e-20,2.16840434497101e-19,1,-0.0113429654791922,-0.00634364029653708,-0.00634364029653708,0.000163378700716663,-0.0137304742060247,-0.0056327611383199,-0.0056327611383199,0.00328853326845658,-12.8568691742697,-16.4889224679693,-16.205732171628,4.96973298926847,-16.205732171628,4.96973298926847,-24.3076903540891,14.9322402845652,1.30104260698261e-18,2.34409342388896e-19,-8.08824238133552e-20,0,0,0,-0.0113430168402953,0.000163527106001503,-0.00634342003889684,-0.0137305766224986,0.00328872632599214,-0.00563256556312674,3.18895375295558e-12,5.55319843226991e-09,6.63786007865979e-12,1.78012033152467e-20,3.46944695195361e-18,4.30735673330551e-14
NC_k0054,0.00263157894736842,0.00263157894736842,0.367269473015069,-68.5877815156237,-105.790108242593,-68.1392102994522,-104.27117852523,67.3557447022473,104.136862903132,65.4808147882348,104.865290398077,1,960,0.725343504190026,0.605015211437421,0.439018376157059,0.0873858113313392,2.38889760905314e-20,3.66469135501818e-18,0,-6.8681798877013e-19,-0.00132165909288127,-0.000665777118533997,1,-7.5645251248976e-20,2.7778025696875e-21,1,-0.0113430168402953,-0.00634342003889684,-0.00634342003889684,0.000163527106001503,-0.0137305766224987,-0.00563256556312673,-0.00563256556312673,0.00328872632599214,1,5.42101086242752e-20,2.16840434497101e-19,1,-0.0113429654791922,-0.00634364029653708,-0.00634364029653708,0.000163378700716663,-0.0137304742060247,-0.0056327611383199,-0.0056327611383199,0.00328853326845658,-12.8638798022382,-16.4961500919374,-16.1968140649504,4.96576969717019,-16.1968140649504,4.96576969717019,-24.3091890113047,14.9242659206693,1.30104260698261e-18,3.46385261267783e-19,7.21315592057856e-19,0,0,0,-0.0113430168402953,0.000163527106001503,-0.00634342003889684,-0.0137305766224986,0.00328872632599214,-0.00563256556312674,7.79038082755654e-12,6.26068947341146e-09,9.700360319542e-12,7.5645251248976e-20,6.93889390390723e-18,6.24231174736617e-14
NC_k0054,0.0109649122807018,0.0109649122807018,0.36738984853781,-69.2590765908845,-108.43764001469,-67.4616135910177,-102.123528583067,70.2797876220189,103.324696839441,62.5674690208422,106.186621062347,1,960,3.01031377396774,2.49779812344763,1.81767692614711,0.368526841354649,3.42545417825559e-19,2.62954761030197e-18,0,6.89392174836395e-18,-0.00132216101642437,-0.000665353164005733,1,-1.5666298219223e-19,3.31304807279544e-20,1,-0.0113430168402953,-0.00634342003889684,-0.00634342003889684,0.000163527106001503,-0.0137305766224986,-0.00563256556312673,-0.00563256556312673,0.00328872632599214,1,5.42101086242752e-20,2.16840434497101e-19,1,-0.0113429654791922,-0.00634364029653708,-0.00634364029653708,0.000163378700716663,-0.0137304742060247,-0.0056327611383199,-0.0056327611383199,0.00328853326845658,-12.8338069311423,-16.4646560045439,-16.2361013319481,4.98351299801473,-16.2361013319481,4.98351299801473,-24.3046455706494,14.9594240562043,2.16840434497101e-18,6.12212930288258e-19,1.62103438768035e-19,0,0,0,-0.0113430168402953,0.000163527106001503,-0.00634342003889684,-0.0137305766224986,0.00328872632599214,-0.00563256556312674,2.77843999208493e-12,1.06401254459881e-08,8.46030230715449e-13,1.5666298219223e-19,3.46944695195361e-18,7.35837714548075e-14
NC_k0054,0.0192982456140351,0.0192982456140351,0.367778042647073,-69.8893339488326,-111.300737914305,-67.0603326946689,-100.243062301526,73.1112296740195,103.102455898427,59.9953530331543,107.4042585897,1,960,5.23346193873567,4.28434872440944,3.14087751883783,0.661569018575474,-4.82041156326502e-19,-2.31346535463321e-18,0,1.45865690962091e-18,-0.00132343505075252,-0.000664558288847796,1,-5.74457046771448e-20,-2.09203427870577e-19,1,-0.0113430168402953,-0.00634342003889684,-0.00634342003889684,0.000163527106001502,-0.0137305766224986,-0.00563256556312673,-0.00563256556312673,0.00328872632599214,1,5.42101086242752e-20,2.16840434497101e-19,1,-0.0113429654791922,-0.00634364029653708,-0.00634364029653708,0.000163378700716663,-0.0137304742060247,-0.0056327611383199,-0.0056327611383199,0.00328853326845658,-12.7774609736948,-16.3997644754614,-16.3225764713502,5.02521844054788,-16.3225764713502,5.02521844054788,-24.3157392465589,15.0375260218704,1.73472347597681e-18,3.55824889055315e-19,-2.99778760417067e-19,0,0,0,-0.0113430168402953,0.000163527106001503,-0.00634342003889684,-0.0137305766224986,0.00328872632599214,-0.00563256556312674,1.33405928893494e-12,7.90844987762897e-09,2.45048584258233e-12,2.09203427870577e-19,3.90312782094782e-18,2.44517221167916e-14
NC_k0055,-0.0223684210526316,-0.0223684210526316,0.549524119510957,-68.8294152549449,90.3359599858223,-75.2822526043139,118.702927485154,63.772532016074,-99.0200160382087,81.4239086470348,-108.476609749969,1,960,8.11066323218872,2.6911151667362,3.56458687164526,3.64705467396888,1.12250394356916e-18,-1.34959810893947e-18,0,4.59678163030008e-18,0.000676021270870223,0.000548610599191257,1,8.89987930869303e-20,-1.26996077148342e-20,1,-0.000946888973156341,0.0120044002480288,0.0120044002480288,0.0111505857370525,0.00975143128445296,0.00417145617530866,0.00417145617530866,-0.00426271685200356,1,0,0,1,-0.000946739673476723,0.0120048170674818,0.0120048170674818,0.0111505250111295,0.00975133345640677,0.00417160101753697,0.00417160101753697,-0.00426257137886682,-10.0103876479077,36.2934364312105,16.9014758600056,11.5990365790666,16.9014758600056,11.5990365790666,10.7363281972237,-14.9378587295299,2.60208521396521e-18,-1.99642937703337e-19,-3.83132887260756e-19,0,0,0,-0.000946888973156342,0.0111505857370525,0.0120044002480288,0.00975143128445296,-0.00426271685200356,0.00417145617530866,9.67827247734388e-13,6.34012210835008e-09,9.33804721234967e-12,8.89987930869303e-20,5.20417042793042e-18,1.13138781668653e-14
NC_k0055,-0.0140350877192982,-0.0140350877192982,0.547455377053102,-69.7106513284807,95.2976891536507,-72.9991383940403,113.294421904337,66.3564133120973,-100.975645558184,77.4678084869268,-106.060102856253,1,960,5.18748864585927,1.767563412751,2.29516717934143,2.28029067781353,3.30031829518857e-19,7.1459140501721e-19,0,1.62895023668843e-18,0.000676745783069865,0.000548632495090856,1,1.26849574835331e-19,3.67414331572747e-20,1,-0.000946888973156341,0.0120044002480288,0.0120044002480288,0.0111505857370525,0.00975143128445295,0.00417145617530866,0.00417145617530866,-0.00426271685200356,1,0,0,1,-0.000946739673476723,0.0120048170674818,0.0120048170674818,0.0111505250111295,0.00975133345640677,0.00417160101753697,0.00417160101753697,-0.00426257137886682,-9.85305071269156,36.3307691723156,16.7653437074609,11.521040388582,16.7653437074609,11.521040388582,10.7931804020489,-14.8165557321642,2.60208521396521e-18,-6.0215647087757e-19,5.26557728109726e-20,0,0,0,-0.000946888973156342,0.0111505857370525,0.0120044002480288,0.00975143128445296,-0.00426271685200356,0.00417145617530866,1.39600551237938e-12,6.48368734155215e-09,1.60553743727672e-11,1.26849574835331e-19,6.93889390390723e-18,1.50475366358848e-13
NC_k0055,-0.00570175438596491,-0.00570175438596491,0.546453000756456,-70.2841902138694,100.423857057591,-71.4587080605265,107.774758418678,69.1732029226948,-102.37779819671,73.6996733104753,-104.258269136803,1,960,2.12003915108902,0.73100819882746,0.940845625472474,0.921738460467667,2.78958389777383e-19,-1.03298976640112e-18,0,-7.22280875991503e-19,0.000677234441335486,0.000548867753209398,1,1.54671047273233e-19,-2.65824898218753e-20,1,-0.000946888973156347,0.0120044002480288,0.0120044002480288,0.0111505857370525,0.00975143128445297,0.00417145617530866,0.00417145617530866,-0.00426271685200356,1,0,0,1,-0.000946739673476723,0.0120048170674818,0.0120048170674818,0.0111505250111295,0.00975133345640677,0.00417160101753697,0.00417160101753697,-0.00426257137886682,-9.76866621165782,36.3700511150744,16.6909158279201,11.479423681368,16.6909158279201,11.479423681368,10.8289166887926,-14.7488552363687,2.60208521396521e-18,1.53974397809644e-20,-9.81695965525617e-19,0,0,0,-0.000946888973156342,0.0111505857370525,0.0120044002480288,0.00975143128445296,-0.00426271685200356,0.00417145617530866,4.25401327673824e-12,3.51486183520952e-09,1.30972354525742e-11,1.54671047273233e-19,1.04083408558608e-17,4.67288669492715e-14
NC_k0055,0.00263157894736842,0.00263157894736842,0.546300551855378,-71.0550549080594,105.760352653993,-70.52377946282,102.365204697668,72.4006324527982,-103.708561511441,70.3105898199054,-102.853265529243,1,960,-0.979122073615327,-0.338163268044992,-0.434704162747896,-0.424959426014446,6.84766580850998e-19,1.52252517907735e-19,0,-5.61238736894779e-19,0.000677315111686695,0.000548917007530255,1,6.58906939562765e-20,-2.66945084895026e-20,1,-0.000946888973156341,0.0120044002480288,0.0120044002480288,0.0111505857370525,0.00975143128445296,0.00417145617530866,0.00417145617530866,-0.00426271685200356,1,0,0,1,-0.000946739673476723,0.0120048170674818,0.0120048170674818,0.0111505250111295,0.00975133345640677,0.00417160101753697,0.00417160101753697,-0.00426257137886682,-9.75555905297786,36.3770841543516,16.6791928426358,11.4729168619152,16.6791928426358,11.4729168619152,10.8346416718689,-14.7380514582623,1.73472347597681e-18,-4.85606072741455e-19,-2.91473868533292e-19,0,0,0,-0.000946888973156342,0.0111505857370525,0.0120044002480288,0.00975143128445296,-0.00426271685200356,0.00417145617530866,6.92062347596441e-12,6.41218589125696e-09,1.26152345403362e-11,6.58906939562765e-20,5.20417042793042e-18,4.91806151479807e-14
NC_k0055,0.0109649122807018,0.0109649122807018,0.546983386344046,-72.3514223659088,111.260383698986,-69.9287234612548,97.1647713813736,76.0450389456723,-105.336085572523,67.3540414370005,-101.531960255673,1,960,-4.06562642732901,-1.39318475975582,-1.80140769173793,-1.77786281835815,9.62408099093197e-19,-2.19132055666118e-18,0,6.56344655003676e-19,0.000676966948470886,0.000548724287670824,1,2.15302503644765e-19,-5.52023845341631e-21,1,-0.000946888973156342,0.0120044002480288,0.0120044002480288,0.0111505857370525,0.00975143128445295,0.00417145617530866,0.00417145617530866,-0.00426271685200355,1,0,0,1,-0.000946739673476723,0.0120048170674818,0.0120048170674818,0.0111505250111295,0.00975133345640677,0.00417160101753697,0.00417160101753697,-0.00426257137886682,-9.81366074857799,36.3478707570166,16.7308385548616,11.5016686519593,16.7308385548616,11.5016686519593,10.8096094507718,-14.7853535743561,2.60208521396521e-18,2.28504101789798e-19,-3.95240216658073e-19,0,0,0,-0.000946888973156342,0.0111505857370525,0.0120044002480288,0.00975143128445296,-0.00426271685200356,0.00417145617530866,1.78547693792371e-12,5.1229137409559e-09,6.52746340169428e-12,2.15302503644765e-19,8.67361737988404e-18,3.59260409483535e-14
NC_k0055,0.0192982456140351,0.0192982456140351,0.548596557388824,-74.3509232517958,116.73977981909,-69.2245170409243,92.1443875226736,79.9606650205018,-107.503170444573,64.7122493966515,-99.8321599507259,1,960,-7.06425046800176,-2.37202612446506,-3.1139712755141,-3.14498367089025,2.2197424825085e-18,-2.4006237214167e-18,0,1.14457973975698e-18,0.000676290810292638,0.000548547590177915,1,5.07500209382449e-20,1.12531518507367e-19,1,-0.000946888973156341,0.0120044002480288,0.0120044002480288,0.0111505857370525,0.00975143128445295,0.00417145617530866,0.00417145617530866,-0.00426271685200356,1,0,0,1,-0.000946739673476723,0.0120048170674818,0.0120048170674818,0.0111505250111295,0.00975133345640677,0.00417160101753697,0.00417160101753697,-0.00426257137886682,-9.94357826905722,36.3020454040111,16.8437641580011,11.5655633195029,16.8437641580011,11.5655633195029,10.7582565986105,-14.8866637978573,3.46944695195361e-18,-5.43706095096191e-20,2.55511644782374e-20,0,0,0,-0.000946888973156342,0.0111505857370525,0.0120044002480288,0.00975143128445296,-0.00426271685200356,0.00417145617530866,5.01279983684678e-13,6.2097890056968e-09,7.78632886711596e-12,1.12531518507367e-19,1.21430643318376e-17,2.20588897349518e-14
NC_k0056,-0.0223684210526316,-0.0223684210526316,0.0989877305712703,-31.8049271889193,42.4864349135404,-38.9620009234765,59.2467488254634,23.4474915199846,-51.9378856652548,43.8298989941481,-51.6725813554363,1,960,-1.1479098241367,1.41257980013707,0.0873410920801266,1.71301272092471,-8.89444151621119e-19,-1.18068658708522e-18,0,-3.09904043673604e-19,-0.0019005305216736,-0.000715798645650142,1,-6.914146478679e-20,2.801565573147e-20,1,-0.0130849159121108,-0.000564617477839248,-0.000564617477839248,-0.0128578700403618,0.000337649338865145,0.00341650191747311,0.00341650191747311,-0.00716623110663764,1,0,0,1,-0.0130850265401238,-0.000564637082612785,-0.000564637082612785,-0.0128579846101435,0.000337554563072356,0.00341662054601191,0.00341662054601191,-0.00716619560672825,-8.17478048947284,-5.17992868883931,4.95700895481812,0.709119083145468,4.95700895481812,0.709119083145468,9.14365574605947,-9.02361162165549,1.0842021724855e-18,1.17689698060248e-18,6.20612985444545e-20,0,0,0,-0.0130849159121108,-0.0128578700403618,-0.000564617477839249,0.000337649338865147,-0.00716623110663764,0.00341650191747311,6.07526637783137e-12,6.60780373762274e-09,1.38505332062478e-12,6.914146478679e-20,6.93889390390723e-18,1.82256164941263e-14
NC_k0056,-0.0140350877192982,-0.0140350877192982,0.0992751370064846,-32.7701109225311,44.5756622324937,-37.0218689704815,55.6495914273875,26.4808741094229,-51.3244308882924,39.8022609959862,-50.8068356740475,1,960,-0.706524655933229,0.898410535647277,0.0633223403056339,1.07698566160537,1.24597884796618e-18,-3.37862024594861e-19,0,-1.44624754607139e-18,-0.00189946194854029,-0.000715232820515131,1,-9.34021948245331e-20,-4.45356525985038e-20,1,-0.0130849159121108,-0.000564617477839249,-0.000564617477839249,-0.0128578700403618,0.00033764933886515,0.00341650191747311,0.00341650191747311,-0.00716623110663764,1,0,0,1,-0.0130850265401238,-0.000564637082612785,-0.000564637082612785,-0.0128579846101435,0.000337554563072356,0.00341662054601191,0.00341662054601191,-0.00716619560672825,-8.218106304913,-5.20597215628562,4.89762191999244,0.689750187482794,4.89762191999244,0.689750187482794,9.14069235269112,-8.99667572351278,1.73472347597681e-18,4.93026427322048e-19,-2.51518739255524e-19,0,0,0,-0.0130849159121108,-0.0128578700403618,-0.000564617477839249,0.000337649338865147,-0.00716623110663764,0.00341650191747311,5.1943047859546e-12,6.73707406906373e-09,8.62582475713214e-12,9.34021948245331e-20,3.90312782094782e-18,2.70495918896258e-13
NC_k0056,-0.00570175438596491,-0.00570175438596491,0.0994922508133239,-33.802503775242,47.3960505646042,-35.4610052692576,52.0121813362064,30.1129532642377,-50.8131373084456,35.6330602585375,-50.5155065835735,1,960,-0.284084036523689,0.365134574439208,0.0267466775121225,0.437289531229175,-1.28331778081682e-18,-3.40126741714454e-19,0,7.89643156355371e-19,-0.00189887429348492,-0.000714959813748484,1,-1.31638659733901e-19,1.0572894963504e-20,1,-0.0130849159121108,-0.000564617477839249,-0.000564617477839249,-0.0128578700403618,0.00033764933886515,0.00341650191747311,0.00341650191747311,-0.00716623110663764,1,0,0,1,-0.0130850265401238,-0.000564637082612785,-0.000564637082612785,-0.0128579846101435,0.000337554563072356,0.00341662054601191,0.00341662054601191,-0.00716619560672825,-8.24710622216913,-5.22476742559198,4.86624477620463,0.679103449742611,4.86624477620463,0.679103449742611,9.14167190841727,-8.98734952183559,1.73472347597681e-18,6.40622702773422e-19,-1.54721472486012e-19,0,0,0,-0.0130849159121108,-0.0128578700403618,-0.000564617477839249,0.000337649338865147,-0.00716623110663764,0.00341650191747311,1.22764713762586e-11,4.07881282906373e-09,8.37088917305427e-12,1.31638659733901e-19,3.36102673470506e-18,2.99197722480066e-13
NC_k0056,0.00263157894736842,0.00263157894736842,0.0995285022971388,-34.9705958941632,50.7093426100291,-34.2099612507635,48.5708827153281,34.1085079088249,-50.5296547181355,31.5532150725096,-50.673004738395,1,960,0.130900709250365,-0.168438034360918,-0.0123873172864844,-0.20177317361879,1.39180748123682e-18,1.03004500342043e-18,0,1.19864405779829e-18,-0.00189878275168733,-0.00071492014324693,1,-4.17965786570427e-20,2.18106649760082e-20,1,-0.0130849159121108,-0.000564617477839249,-0.000564617477839249,-0.0128578700403618,0.000337649338865148,0.00341650191747311,0.00341650191747311,-0.00716623110663764,1,0,0,1,-0.0130850265401238,-0.000564637082612785,-0.000564637082612785,-0.0128579846101435,0.000337554563072356,0.00341662054601191,0.00341662054601191,-0.00716619560672825,-8.25183790179121,-5.22796929638659,4.86140038408591,0.677437484429782,4.86140038408591,0.677437484429782,9.14186880198271,-8.98613265052575,8.67361737988404e-19,4.81842116314593e-19,-4.71890042103972e-20,0,0,0,-0.0130849159121108,-0.0128578700403618,-0.000564617477839249,0.000337649338865147,-0.00716623110663764,0.00341650191747311,3.52062597268664e-11,5.24102139357457e-09,1.24579915136619e-11,4.17965786570427e-20,2.16840434497101e-18,1.79034941086881e-13
NC_k0056,0.0109649122807018,0.0109649122807018,0.0993729962908374,-36.4038499550376,54.3016660897305,-33.1415870827104,45.5437122899146,38.2701324888837,-50.6379879888504,27.7639493520465,-51.1180745379383,1,960,0.549300182079222,-0.70240865503814,-0.0505257960764408,-0.841305567602083,8.03026938666479e-19,-1.92946578040955e-18,0,-1.40586944825265e-19,-0.00189918813263362,-0.000715101314094885,1,-1.68205796934269e-19,-1.43733399999517e-20,1,-0.0130849159121108,-0.000564617477839248,-0.000564617477839248,-0.0128578700403618,0.000337649338865148,0.00341650191747311,0.00341650191747311,-0.00716623110663764,1,0,0,1,-0.0130850265401238,-0.000564637082612785,-0.000564637082612785,-0.0128579846101435,0.000337554563072356,0.00341662054601191,0.00341662054601191,-0.00716619560672825,-8.2313390656343,-5.21435586834528,4.88294035514076,0.684794917771597,4.88294035514076,0.684794917771597,9.14107992581052,-8.99198635392157,2.60208521396521e-18,6.64365798066775e-19,-2.79473891784046e-19,0,0,0,-0.0130849159121108,-0.0128578700403618,-0.000564617477839249,0.000337649338865147,-0.00716623110663764,0.00341650191747311,1.1712887565994e-11,4.01432735427781e-09,4.86920359458889e-12,1.68205796934269e-19,6.93889390390723e-18,1.20381326284302e-13
NC_k0056,0.0192982456140351,0.0192982456140351,0.0990846441600364,-38.2027970891124,57.9408464933662,-32.1498917003762,43.1533655103952,42.3778694975944,-51.2813915586088,24.4762187468386,-51.7029327702352,1,960,0.982556545409852,-1.22838490225006,-0.0811233577572735,-1.47995155949024,-1.91340772317806e-18,9.43426785576942e-19,0,4.74338760655138e-19,-0.00190008528767156,-0.000715554933024388,1,-1.21491173167675e-19,3.24989720734366e-20,1,-0.0130849159121108,-0.000564617477839249,-0.000564617477839249,-0.0128578700403618,0.000337649338865147,0.00341650191747311,0.00341650191747311,-0.00716623110663764,1,0,0,1,-0.0130850265401238,-0.000564637082612785,-0.000564637082612785,-0.0128579846101435,0.000337554563072356,0.00341662054601191,0.00341662054601191,-0.00716619560672825,-8.1907980440063,-5.18946540345564,4.9316885766013,0.700981616448801,4.9316885766013,0.700981616448801,9.14116741552979,-9.01032452181233,2.60208521396521e-18,-1.9272388245488e-19,-2.10334983261565e-19,0,0,0,-0.0130849159121108,-0.0128578700403618,-0.000564617477839249,0.000337649338865147,-0.00716623110663764,0.00341650191747311,1.85053229586019e-12,5.22854622822083e-09,5.79427236381546e-12,1.21491173167675e-19,8.67361737988404e-18,2.10370007018146e-13
NC_k0057,-0.0223684210526316,-0.0223684210526316,0.591272284693385,-34.1051125115599,-27.3893837885097,-37.9713442253028,-22.5304857393251,32.3531441760432,29.2299292153684,35.0541344962591,23.9938144248504,1,960,5.66934947318765,-10.1600279325408,-1.4819238915866,0.214515282087233,-1.07718768089105e-19,6.90632284010734e-18,0,-1.81967327052478e-19,-0.00134854019779425,0.000940647275710905,1,-4.79875139731513e-21,-4.54725817841903e-20,1,-0.00874049705452371,0.00970397016124897,0.00970397016124897,0.000396105896908982,-0.000359444000503647,-0.0138470573277066,-0.0138470573277066,0.00611633696272485,1,-5.42101086242752e-20,5.42101086242752e-20,1,-0.00874045396070971,0.00970430710465735,0.00970430710465735,0.000395990369143962,-0.000359362800612639,-0.0138475381283083,-0.0138475381283083,0.00611630573586303,-7.908945102757,36.0347068118063,0.641985836419372,-0.937630852190427,0.641985836419372,-0.937630852190427,-51.3251544658865,5.62809096868368,2.60208521396521e-18,1.50379467424672e-19,-5.8195020265103e-19,0,0,0,-0.0087404970545237,0.000396105896908983,0.00970397016124897,-0.00035944400050365,0.00611633696272485,-0.0138470573277066,4.9653659436933e-13,1.12588706151929e-08,6.62754196879432e-12,4.54725817841903e-20,8.67361737988404e-18,8.01771440649847e-14
NC_k0057,-0.0140350877192982,-0.0140350877192982,0.58900932542609,-33.6218502870191,-25.2054714810367,-36.2717895954141,-22.0684903160412,31.7751080043351,26.9675480188986,33.4677071815213,23.5743050830009,1,960,3.58550951639543,-6.47854371680448,-0.954701286135003,0.138012778564949,8.45815337392622e-19,-1.33093360559782e-18,0,-3.75601209464403e-19,-0.00134500541099283,0.000937532087207848,1,8.62968686374707e-20,7.62711142619134e-20,1,-0.0087404970545237,0.00970397016124897,0.00970397016124897,0.000396105896908984,-0.000359444000503658,-0.0138470573277066,-0.0138470573277066,0.00611633696272485,1,-5.42101086242752e-20,5.42101086242752e-20,1,-0.00874045396070971,0.00970430710465735,0.00970430710465735,0.000395990369143962,-0.000359362800612639,-0.0138475381283083,-0.0138475381283083,0.00611630573586303,-7.88163870013362,35.9174011705795,0.584348385760053,-0.8921369740634,0.584348385760053,-0.8921369740634,-51.2004941367711,5.58358482615646,3.46944695195361e-18,-7.92926378436407e-19,8.7000546431633e-19,0,0,0,-0.0087404970545237,0.000396105896908983,0.00970397016124897,-0.00035944400050365,0.00611633696272485,-0.0138470573277066,1.21000383341395e-12,8.90511936308786e-09,3.60614024516884e-12,8.62968686374707e-20,8.67361737988404e-18,8.85902479041991e-15
NC_k0057,-0.00570175438596491,-0.00570175438596491,0.588209146723749,-33.8022962729893,-23.5189149330576,-34.9227952243625,-22.2343180537124,31.6979377181471,25.1968187150665,32.385474324315,23.8030331995795,1,960,1.4571791390715,-2.64578388018388,-0.392239564567083,0.0568522972390328,4.66691992879968e-19,2.79836524715669e-18,0,8.56396631788401e-20,-0.00134332750706846,0.000936004953868974,1,-3.2655746404384e-20,5.13586614645408e-20,1,-0.00874049705452371,0.00970397016124897,0.00970397016124897,0.000396105896908985,-0.000359444000503653,-0.0138470573277066,-0.0138470573277066,0.00611633696272485,1,-5.42101086242752e-20,5.42101086242752e-20,1,-0.00874045396070971,0.00970430710465735,0.00970430710465735,0.000395990369143962,-0.000359362800612639,-0.0138475381283083,-0.0138475381283083,0.00611630573586303,-7.88150805101347,35.8789634231785,0.550507120325301,-0.863810851973914,0.550507120325301,-0.863810851973914,-51.1680570105558,5.57053627541551,3.46944695195361e-18,-4.28856893929945e-20,2.29344162138012e-19,0,0,0,-0.0087404970545237,0.000396105896908983,0.00970397016124897,-0.00035944400050365,0.00611633696272485,-0.0138470573277066,2.05545462310032e-12,5.40250308698764e-09,1.95482816710976e-12,5.13586614645408e-20,8.67361737988404e-18,8.11609107488132e-15
NC_k0057,0.00263157894736842,0.00263157894736842,0.588108372244139,-34.5333186749776,-22.4588971101814,-34.0111147625031,-23.052997314423,32.1112030758753,24.0541381110819,31.793514982091,24.7014280265165,1,960,-0.672375338835666,1.221798878746,0.181309768170401,-0.0263156967738393,-1.0076714222121e-19,2.81028988286726e-18,0,5.09369549404029e-19,-0.00134308483205666,0.00093577963914082,1,-9.66359235355063e-20,4.18845654814818e-20,1,-0.00874049705452371,0.00970397016124897,0.00970397016124897,0.000396105896908983,-0.000359444000503651,-0.0138470573277066,-0.0138470573277066,0.00611633696272485,1,-5.42101086242752e-20,5.42101086242752e-20,1,-0.00874045396070971,0.00970430710465735,0.00970430710465735,0.000395990369143962,-0.000359362800612639,-0.0138475381283083,-0.0138475381283083,0.00611630573586303,-7.88238974694194,35.8743924392864,0.545107213372042,-0.85917731725378,0.545107213372042,-0.85917731725378,-51.1648938073188,5.56917709426309,2.60208521396521e-18,3.25627692893139e-19,7.51735653354114e-20,0,0,0,-0.0087404970545237,0.000396105896908983,0.00970397016124897,-0.00035944400050365,0.00611633696272485,-0.0138470573277066,9.80231828457472e-12,5.99081770164758e-09,5.61772682178662e-12,9.66359235355063e-20,5.20417042793042e-18,5.22916850592809e-14
NC_k0057,0.0109649122807018,0.0109649122807018,0.588603517352346,-35.7288984536591,-22.0543478989858,-33.6185392242195,-24.5158359861167,33.0108420892119,23.5815954492471,31.6884232520123,26.2493753819533,1,960,-2.80264793551893,5.07530745121421,0.749977640179496,-0.108525892316578,-6.87883397399098e-20,-7.66615109846385e-18,0,6.12826682977261e-19,-0.00134419817087465,0.000936802562070257,1,9.77980313190117e-20,1.09722524760339e-19,1,-0.0087404970545237,0.00970397016124897,0.00970397016124897,0.000396105896908984,-0.000359444000503653,-0.0138470573277066,-0.0138470573277066,0.00611633696272485,1,-5.42101086242752e-20,5.42101086242752e-20,1,-0.00874045396070971,0.00970430710465735,0.00970430710465735,0.000395990369143962,-0.000359362800612639,-0.0138475381283083,-0.0138475381283083,0.00611630573586303,-7.88032868517153,35.8975598092724,0.568777086286542,-0.879260819922361,0.568777086286542,-0.879260819922361,-51.1827342718223,5.5765550301716,3.46944695195361e-18,-1.60528827973103e-19,5.8039004820555e-19,0,0,0,-0.0087404970545237,0.000396105896908983,0.00970397016124897,-0.00035944400050365,0.00611633696272485,-0.0138470573277066,1.53509933585315e-12,5.29430556749467e-09,5.56442006878398e-12,1.09722524760339e-19,8.67361737988404e-18,3.09336540932582e-14
NC_k0057,0.0192982456140351,0.0192982456140351,0.590178330202074,-37.3111888824444,-22.2908906735796,-33.8449988471404,-26.5417793495573,34.4105147590162,23.769004744799,32.0824790267803,28.3529319473301,1,960,-4.91407425560882,8.83536681310403,1.29402654397343,-0.186997953872282,-4.3178827975268e-19,-5.80376387546806e-19,0,-6.04644212357887e-19,-0.00134698939552322,0.000939294601907104,1,9.21780522976284e-20,-7.24811604632373e-20,1,-0.0087404970545237,0.00970397016124897,0.00970397016124897,0.000396105896908981,-0.000359444000503652,-0.0138470573277066,-0.0138470573277066,0.00611633696272485,1,-5.42101086242752e-20,5.42101086242752e-20,1,-0.00874045396070971,0.00970430710465735,0.00970430710465735,0.000395990369143962,-0.000359362800612639,-0.0138475381283083,-0.0138475381283083,0.00611630573586303,-7.89300826370906,35.9769324945832,0.618500643004417,-0.919519801220918,0.618500643004417,-0.919519801220918,-51.260876736176,5.6060434995363,3.46944695195361e-18,-1.79966295213597e-20,2.83659811772392e-19,0,0,0,-0.0087404970545237,0.000396105896908983,0.00970397016124897,-0.00035944400050365,0.00611633696272485,-0.0138470573277066,7.33634069086747e-13,5.48784744724995e-09,2.51381720386571e-12,9.21780522976284e-20,8.67361737988404e-18,4.0633171542731e-14
NC_k0058,-0.0223684210526316,-0.0223684210526316,0.261123692099961,115.99071822688,49.460225292885,121.315634070644,53.1575210583699,-108.599313574023,-57.2264823529551,-127.978755460226,-48.6058768049601,1,960,-2.41556578943855,0.822685622582742,-0.525650455062424,-1.42251705008387,-7.34589323506292e-19,6.00807748676866e-19,0,9.1925574089753e-19,-0.000287419889211426,-0.00113078989556586,1,-1.06921424812486e-19,5.3891393199974e-20,1,0.00572346562335539,-0.00470009187908998,-0.00470009187908998,-0.0160558367440877,-0.000666340657392889,0.00100947961288123,0.00100947961288123,-0.00926812413992542,1,0,0,1,0.00572323172155045,-0.00470025507672468,-0.00470025507672468,-0.0160556925330043,-0.000666458443989079,0.00100951466425668,0.00100951466425668,-0.00926809259000282,17.9757614748896,-20.0228314130109,3.40716364998293,-16.055116797467,3.40716364998293,-16.055116797467,10.3960332801479,-9.86966622240245,1.30104260698261e-18,-1.08379495048701e-18,1.52467524283518e-20,0,0,0,0.00572346562335538,-0.0160558367440877,-0.00470009187908999,-0.000666340657392888,-0.00926812413992542,0.00100947961288123,3.0908907028111e-12,7.99741016859275e-09,5.56664887008729e-12,1.06921424812486e-19,6.93889390390723e-18,5.20834855783667e-14
NC_k0058,-0.0140350877192982,-0.0140350877192982,0.260098939735473,116.604219763582,49.1833330973364,119.641257722937,51.8402959443986,-111.648483719814,-54.829356608797,-123.878337812715,-49.4265453127332,1,960,-1.55687705209846,0.541989856489099,-0.334912774551091,-0.890408619259855,-2.7547165805935e-18,-7.92243812201238e-19,0,-3.52842162090619e-20,-0.000289246352661475,-0.0011290434783394,1,-1.1210124405461e-19,-4.52331018007449e-20,1,0.00572346562335538,-0.00470009187908998,-0.00470009187908998,-0.0160558367440877,-0.000666340657392884,0.00100947961288123,0.00100947961288123,-0.00926812413992542,1,0,0,1,0.00572323172155045,-0.00470025507672468,-0.00470025507672468,-0.0160556925330043,-0.000666458443989079,0.00100951466425668,0.00100951466425668,-0.00926809259000282,17.8724045495843,-19.9877605352723,3.39179317795724,-15.9472004189477,3.39179317795724,-15.9472004189477,10.2908797415888,-9.90789487738906,1.73472347597681e-18,3.2134627013057e-19,8.4168560542635e-20,0,0,0,0.00572346562335538,-0.0160558367440877,-0.00470009187908999,-0.000666340657392888,-0.00926812413992542,0.00100947961288123,7.4149072943766e-12,6.36993256352695e-09,1.41870318618233e-11,1.1210124405461e-19,4.11996825544492e-18,1.63482180613227e-13
NC_k0058,-0.00570175438596491,-0.00570175438596491,0.259659699039598,117.247501938248,49.5526586295245,118.416961378104,50.7015443939361,-114.985717780225,-52.8459612735085,-119.963928494332,-50.648996520005,1,960,-0.637824183086577,0.225283698525389,-0.136138359905204,-0.360034690294988,-2.30599425934063e-18,-6.10151580876265e-19,0,-1.70783017990148e-19,-0.000290253402431176,-0.00112819328821349,1,-1.65857595037887e-19,-2.2389926374544e-20,1,0.00572346562335539,-0.00470009187908998,-0.00470009187908998,-0.0160558367440877,-0.000666340657392888,0.00100947961288123,0.00100947961288123,-0.00926812413992542,1,0,0,1,0.00572323172155045,-0.00470025507672468,-0.00470025507672468,-0.0160556925330043,-0.000666458443989079,0.00100951466425668,0.00100951466425668,-0.00926809259000282,17.8233270005842,-19.9846083968484,3.38488879360139,-15.8908489737744,3.38488879360139,-15.8908489737744,10.2450605347081,-9.9374921599407,2.16840434497101e-18,-1.4306406175909e-19,4.62919491347023e-19,0,0,0,0.00572346562335538,-0.0160558367440877,-0.00470009187908999,-0.000666340657392888,-0.00926812413992542,0.00100947961288123,1.40284363164358e-11,4.95644955610881e-09,1.02022700635072e-11,1.65857595037887e-19,8.67361737988404e-18,8.48723429947771e-14
NC_k0058,0.00263157894736842,0.00263157894736842,0.259596756758994,118.053861556146,50.3371244913938,117.51774041803,49.8023142114383,-118.577838706776,-51.1832738009362,-116.27968168537,-52.1983450191558,1,960,0.294595127596316,-0.104269329674206,0.0628075133142999,0.166001782499049,-6.82597713284884e-19,-6.21910780464319e-19,0,-2.24926952165419e-19,-0.000290408426410917,-0.00112806735896608,1,-9.13878855477542e-20,2.10707973647251e-20,1,0.00572346562335537,-0.00470009187908998,-0.00470009187908998,-0.0160558367440877,-0.00066634065739289,0.00100947961288123,0.00100947961288123,-0.00926812413992542,1,0,0,1,0.00572323172155045,-0.00470025507672468,-0.00470025507672468,-0.0160556925330043,-0.000666458443989079,0.00100951466425668,0.00100951466425668,-0.00926809259000282,17.8159974686965,-19.9850195924877,3.3838763056614,-15.8821125478785,3.3838763056614,-15.8821125478785,10.2386200048675,-9.94252598886827,1.01643953670516e-18,9.80842668818313e-19,5.81782879120536e-19,0,0,0,0.00572346562335538,-0.0160558367440877,-0.00470009187908999,-0.000666340657392888,-0.00926812413992542,0.00100947961288123,1.09126628382704e-11,4.64734254396894e-09,3.43500308958925e-12,9.13878855477542e-20,6.93889390390723e-18,2.074209915662e-14
NC_k0058,0.0109649122807018,0.0109649122807018,0.259886297149047,119.1466244411,51.3982053747958,116.832681570792,49.2593059293754,-122.412354194026,-49.8354939575888,-112.848104551219,-54.0572536105021,1,960,1.22174235118897,-0.428132595829232,0.261891219268711,0.69441317860367,-1.99906881550465e-18,-6.16719394939936e-19,0,-2.07185582387382e-19,-0.00028971825283148,-0.00112863624867533,1,-1.35111898799418e-19,-1.93696963336414e-20,1,0.00572346562335538,-0.00470009187908998,-0.00470009187908998,-0.0160558367440877,-0.000666340657392887,0.00100947961288123,0.00100947961288123,-0.00926812413992542,1,0,0,1,0.00572323172155045,-0.00470025507672468,-0.00470025507672468,-0.0160556925330043,-0.000666458443989079,0.00100951466425668,0.00100951466425668,-0.00926809259000282,17.8490696921161,-19.9850443329004,3.38847104743837,-15.920853256866,3.38847104743837,-15.920853256866,10.2685346776599,-9.92107915619704,1.24683249835833e-18,1.1650628454128e-19,-2.38839517873902e-19,0,0,0,0.00572346562335538,-0.0160558367440877,-0.00470009187908999,-0.000666340657392888,-0.00926812413992542,0.00100947961288123,6.50244453527913e-12,7.0571966294857e-09,6.3025622801408e-12,1.35111898799418e-19,3.46944695195361e-18,6.1729775220249e-14
NC_k0058,0.0192982456140351,0.0192982456140351,0.260649650757747,120.635231804125,52.6523758436298,116.218436142653,49.2641481516936,-126.448542962631,-48.8542043219827,-109.680830630606,-56.2850116044718,1,960,2.11196539838158,-0.725216275295571,0.457627210618375,1.2273526679597,-3.04596067041882e-18,-3.45344597018439e-19,0,-4.74735497156434e-20,-0.000288171497077955,-0.00113003352752329,1,-6.99433930898908e-20,-1.96404808527701e-20,1,0.00572346562335538,-0.00470009187908998,-0.00470009187908998,-0.0160558367440877,-0.000666340657392888,0.00100947961288123,0.00100947961288123,-0.00926812413992542,1,0,0,1,0.00572323172155045,-0.00470025507672468,-0.00470025507672468,-0.0160556925330043,-0.000666458443989079,0.00100951466425668,0.00100951466425668,-0.00926809259000282,17.9296099413415,-20.0028712311412,3.40024424778336,-16.0085824041141,3.40024424778336,-16.0085824041141,10.3484537663229,-9.88271636806097,1.30104260698261e-18,3.38212516146602e-19,-2.16167578479896e-19,0,0,0,0.00572346562335538,-0.0160558367440877,-0.00470009187908999,-0.000666340657392888,-0.00926812413992542,0.00100947961288123,3.44658404168477e-12,4.44346062931626e-09,9.4203635699428e-13,6.99433930898908e-20,3.46944695195361e-18,6.38916849532068e-15
NC_k0059,-0.0223684210526316,-0.0223684210526316,0.494949379612824,148.615855710871,-59.6921877225847,166.202963154698,-89.6988124621465,-133.936635932143,66.4627120574974,-179.565035163499,83.5537497733979,1,960,-0.199460990044757,-3.25963770195596,-1.14150256836023,-4.81301176997243,-4.96077418704792e-18,3.67695017169622e-18,0,2.06239287766621e-19,0.000397227522162779,0.000167238052198332,1,1.11099501153957e-21,-1.32916007917746e-20,1,0.0125934877014677,-0.00328537948333291,-0.00328537948333291,-0.0106863504327794,-0.00533084528573012,-0.00734647189427622,-0.00734647189427622,0.00583298404228314,1,0,-1.0842021724855e-19,1,0.012593293897045,-0.00328549355900942,-0.00328549355900942,-0.0106861400733457,-0.00533074619806773,-0.00734672698010589,-0.00734672698010589,0.00583288931346413,24.8150976427691,-7.09891108098967,-9.96675076176838,-20.9868217451327,-9.96675076176838,-20.9868217451327,-16.4303979609938,11.8352224203389,1.51788304147971e-18,-8.80045596085707e-20,3.53960361585686e-21,0,0,0,0.0125934877014677,-0.0106863504327794,-0.00328537948333291,-0.00533084528573012,0.00583298404228314,-0.00734647189427622,1.45119842342746e-12,6.25148114660498e-09,6.65338491273836e-12,1.32916007917746e-20,5.20417042793042e-18,1.74962126406752e-14
NC_k0059,-0.0140350877192982,-0.0140350877192982,0.492060397839224,151.712878632762,-64.6487509475872,161.991956667389,-83.7688260950944,-141.594147651398,69.4455260383531,-170.780564265017,79.5934191383963,1,960,-0.159483792848042,-2.07423714195552,-0.73712790848518,-3.01846960073155,-2.26679913319542e-18,1.23518744969481e-18,0,2.03056296769517e-18,0.000395886677881303,0.000166405660118706,1,1.54541842331315e-20,2.15276562951866e-20,1,0.0125934877014677,-0.00328537948333291,-0.00328537948333291,-0.0106863504327794,-0.00533084528573012,-0.00734647189427622,-0.00734647189427622,0.00583298404228314,1,0,-1.0842021724855e-19,1,0.012593293897045,-0.00328549355900942,-0.00328549355900942,-0.0106861400733457,-0.00533074619806773,-0.00734672698010589,-0.00734672698010589,0.00583288931346413,24.6913411560786,-7.13394132379856,-9.87614555004262,-20.8049131296456,-9.87614555004262,-20.8049131296456,-16.491488239893,11.7113892145909,2.16840434497101e-18,-1.47488973546494e-19,7.61764201804418e-20,0,0,0,0.0125934877014677,-0.0106863504327794,-0.00328537948333291,-0.00533084528573012,0.00583298404228314,-0.00734647189427622,9.7808010601389e-13,5.32847890132777e-09,2.68048879033586e-12,2.15276562951866e-20,6.93889390390723e-18,1.95167690900934e-14
NC_k0059,-0.00570175438596491,-0.00570175438596491,0.49057793013228,154.520452823688,-69.9648422058368,158.519988619517,-77.7925228916494,-149.869493745189,72.1932639629273,-161.834818301187,76.1823550239285,1,960,-0.0687218632668799,-0.84339497877781,-0.30099855787474,-1.22276274188731,-1.15698744894527e-18,1.22797857065641e-18,0,-1.1995442370999e-18,0.000395032175322542,0.000165898274139016,1,-4.47890096637768e-20,-1.24620456314902e-21,1,0.0125934877014677,-0.00328537948333291,-0.00328537948333291,-0.0106863504327794,-0.00533084528573012,-0.00734647189427622,-0.00734647189427622,0.00583298404228314,1,0,-1.0842021724855e-19,1,0.012593293897045,-0.00328549355900942,-0.00328549355900942,-0.0106861400733457,-0.00533074619806773,-0.00734672698010589,-0.00734672698010589,0.00583288931346413,24.6304474108963,-7.15516987465344,-9.82801950989866,-20.7074867952062,-9.82801950989866,-20.7074867952062,-16.5288882698982,11.6477790019206,2.16840434497101e-18,4.62634649049991e-19,1.87943333606837e-19,0,0,0,0.0125934877014677,-0.0106863504327794,-0.00328537948333291,-0.00533084528573012,0.00583298404228314,-0.00734647189427622,3.19493933305586e-12,5.06283327253268e-09,3.14425877941417e-13,4.47890096637768e-20,6.93889390390723e-18,2.96465061497322e-14
NC_k0059,0.00263157894736842,0.00263157894736842,0.490348637627892,157.381890963718,-75.6308495829381,155.54843243839,-72.0143509907452,-158.561384125487,75.0469952687813,-153.031760085682,73.2157640945159,1,960,0.0318787947309492,0.389141935971356,0.138936841131772,0.563967907295181,-6.34381024506923e-18,-2.85532821285955e-18,0,-5.02676996503985e-18,0.000394893209794513,0.000165818301239758,1,-4.10192269549922e-20,3.36103755486806e-20,1,0.0125934877014677,-0.00328537948333291,-0.00328537948333291,-0.0106863504327794,-0.00533084528573012,-0.00734647189427622,-0.00734647189427622,0.00583298404228314,1,0,-1.0842021724855e-19,1,0.012593293897045,-0.00328549355900942,-0.00328549355900942,-0.0106861400733457,-0.00533074619806773,-0.00734672698010589,-0.00734672698010589,0.00583288931346413,24.6211396177685,-7.15852312898097,-9.82054388694915,-20.6922848306171,-9.82054388694915,-20.6922848306171,-16.5347548263599,11.6380178226454,2.16840434497101e-18,3.83244355820577e-19,2.99919252485724e-19,0,0,0,0.0125934877014677,-0.0106863504327794,-0.00328537948333291,-0.00533084528573012,0.00583298404228314,-0.00734647189427622,7.91452951571367e-12,5.52772043885174e-09,3.24828939016346e-12,4.10192269549922e-20,6.93889390390723e-18,1.86792401371129e-14
NC_k0059,0.0109649122807018,0.0109649122807018,0.49136695005155,160.638990247338,-81.5574396945512,152.765848670843,-66.5653282457718,-167.486545392495,78.2760048580963,-144.585100630831,70.4674688939841,1,960,0.128747736262858,1.62201211511185,0.577750750953659,2.35569669969258,-1.00406491474137e-18,3.61511014910175e-19,0,4.2413851344779e-19,0.000395496155333484,0.000166172031503399,1,-5.31072905606235e-21,-1.4738643717075e-20,1,0.0125934877014677,-0.00328537948333291,-0.00328537948333291,-0.0106863504327794,-0.00533084528573012,-0.00734647189427622,-0.00734647189427622,0.00583298404228314,1,0,-1.0842021724855e-19,1,0.012593293897045,-0.00328549355900942,-0.00328549355900942,-0.0106861400733457,-0.00533074619806773,-0.00734672698010589,-0.00734672698010589,0.00583288931346413,24.6626983263313,-7.14377808453212,-9.8536921636856,-20.7595203951411,-9.8536921636856,-20.7595203951411,-16.508867088634,11.6815332046367,1.95156391047391e-18,-4.10243697112645e-19,1.02791882876113e-19,0,0,0,0.0125934877014677,-0.0106863504327794,-0.00328537948333291,-0.00533084528573012,0.00583298404228314,-0.00734647189427622,2.40726964804952e-12,4.4984582150987e-09,3.49112328962443e-12,1.4738643717075e-20,5.20417042793042e-18,1.47994504118192e-14
NC_k0059,0.0192982456140351,0.0192982456140351,0.493688914230106,164.552073998998,-87.5388944934204,149.80117579464,-61.4743198682928,-176.368013440516,82.0304498079248,-136.662542953209,67.606853130104,1,960,0.195717335356292,2.83522150276636,1.00020981658047,4.15505976852063,5.65414344626947e-19,1.47815686538123e-18,0,1.83145728553121e-18,0.000396714559339382,0.000166909331967365,1,-2.0764974486332e-20,-4.31950924288359e-20,1,0.0125934877014677,-0.00328537948333291,-0.00328537948333291,-0.0106863504327794,-0.00533084528573011,-0.00734647189427622,-0.00734647189427622,0.00583298404228313,1,0,-1.0842021724855e-19,1,0.012593293897045,-0.00328549355900942,-0.00328549355900942,-0.0106861400733457,-0.00533074619806773,-0.00734672698010589,-0.00734672698010589,0.00583288931346413,24.7600909395746,-7.11248228578569,-9.92798429318346,-20.9092626512276,-9.92798429318346,-20.9092626512276,-16.4538871033593,11.781610667094,1.73472347597681e-18,2.61598381339316e-20,4.00015643056024e-19,0,0,0,0.0125934877014677,-0.0106863504327794,-0.00328537948333291,-0.00533084528573012,0.00583298404228314,-0.00734647189427622,5.50855081534036e-13,7.56623101283232e-09,2.00931369003829e-12,4.31950924288359e-20,5.20417042793042e-18,4.83498704172143e-15
NC_k0060,-0.0223684210526316,-0.0223684210526316,0.282189310506022,66.921976458188,115.774709971938,60.4740038926998,138.285263238853,-57.9879004493121,-124.296592226235,-66.113391277573,-130.382562400727,1,960,1.3829022838882,0.830001717168251,0.730258320348628,1.37619001355613,-1.5864596229828e-18,-6.09354178765764e-19,0,1.13167572220115e-18,0.00128587205046408,0.0001866385065906,1,8.48016491104476e-20,1.12075647275815e-20,1,0.0110124244131944,0.00201889622432736,0.00201889622432736,0.00192426675443054,0.0147006014428568,0.0022188640864324,0.0022188640864324,-0.00706517681456636,1,1.0842021724855e-19,0,1,0.0110124016717701,0.00201896632489071,0.00201896632489071,0.00192440179352119,0.0147004456436733,0.00221894113032429,0.00221894113032429,-0.00706495473565515,11.7260255983488,-0.332222808329732,17.499838136224,-4.92474188921433,17.499838136224,-4.92474188921433,12.0286294604062,-19.3969423419467,1.19262238973405e-18,-4.11477446142142e-19,-3.33943161398471e-19,0,0,0,0.0110124244131944,0.00192426675443054,0.00201889622432736,0.0147006014428568,-0.00706517681456636,0.0022188640864324,1.71257780374152e-12,7.83545114045281e-09,3.79384238802785e-12,8.48016491104476e-20,6.93889390390723e-18,5.44903308473489e-14
NC_k0060,-0.0140350877192982,-0.0140350877192982,0.281289199751661,65.1080444260006,119.528186875968,61.0686662797011,133.767675146941,-58.6826823191106,-125.219062319945,-64.1765152081058,-128.689708918941,1,960,0.8529093238554,0.561457104912535,0.466740921493418,0.860897618316591,6.26552918061966e-19,-2.10772237523412e-18,0,-4.87668631469823e-18,0.00128426594939194,0.000188259993966712,1,3.24196969775368e-20,1.69906462620794e-19,1,0.0110124244131944,0.00201889622432736,0.00201889622432736,0.00192426675443054,0.0147006014428568,0.0022188640864324,0.0022188640864324,-0.00706517681456636,1,1.0842021724855e-19,0,1,0.0110124016717701,0.00201896632489071,0.00201896632489071,0.00192440179352119,0.0147004456436733,0.00221894113032429,0.00221894113032429,-0.00706495473565515,11.7811080938625,-0.231790597271072,17.3769534648549,-4.89175158750236,17.3769534648549,-4.89175158750236,11.9967783968956,-19.3090444897303,1.30104260698261e-18,-2.65726192327874e-19,-3.19011476888078e-19,0,0,0,0.0110124244131944,0.00192426675443054,0.00201889622432736,0.0147006014428568,-0.00706517681456636,0.0022188640864324,1.75746895279773e-11,5.01870202749882e-09,3.05687370113949e-12,1.69906462620794e-19,1.73472347597681e-18,6.51240073294244e-14
NC_k0060,-0.00570175438596491,-0.00570175438596491,0.28088631897146,63.6412208787091,123.541956256414,61.9942882648044,129.344410038256,-59.997620223677,-126.080117526242,-62.3079486192283,-127.416427378285,1,960,0.341982264450452,0.234710940908799,0.190308757768555,0.347992803254474,-4.88850507129039e-19,4.80625023117811e-20,0,1.36971845015921e-18,0.00128345250232801,0.0001892034721801,1,9.81441022898696e-21,3.67436450581378e-20,1,0.0110124244131944,0.00201889622432736,0.00201889622432736,0.00192426675443054,0.0147006014428568,0.0022188640864324,0.0022188640864324,-0.00706517681456636,1,1.0842021724855e-19,0,1,0.0110124016717701,0.00201896632489071,0.00201896632489071,0.00192440179352119,0.0147004456436733,0.00221894113032429,0.00221894113032429,-0.00706495473565515,11.8192724954093,-0.182931046807493,17.3119448580461,-4.87490679029875,17.3119448580461,-4.87490679029875,11.991178768222,-19.267270288368,8.67361737988404e-19,-2.2977277722026e-19,-7.64622159030546e-19,0,0,0,0.0110124244131944,0.00192426675443054,0.00201889622432736,0.0147006014428568,-0.00706517681456636,0.0022188640864324,9.27023493728485e-12,4.6405266810902e-09,1.32034499762146e-11,3.67436450581378e-20,6.93889390390723e-18,1.33794517017328e-13
NC_k0060,0.00263157894736842,0.00263157894736842,0.280826472868521,62.3986386469523,127.749559162821,63.1586508698546,125.070768504417,-61.6486132409092,-127.020565450701,-60.576915907467,-126.409577607029,1,960,-0.157549384560431,-0.108674987011693,-0.0878540426188026,-0.16044623935101,-1.79062103305069e-18,-1.08742155942956e-18,0,-4.86498667211428e-18,0.00128333120049183,0.000189352544806487,1,2.20908781642504e-20,-2.55848031883236e-20,1,0.0110124244131944,0.00201889622432736,0.00201889622432736,0.00192426675443054,0.0147006014428568,0.0022188640864324,0.0022188640864324,-0.00706517681456636,1,1.0842021724855e-19,0,1,0.0110124016717701,0.00201896632489071,0.00201896632489071,0.00192440179352119,0.0147004456436733,0.00221894113032429,0.00221894113032429,-0.00706495473565515,11.82557857672,-0.175736469374108,17.3018150883446,-4.87231727112888,17.3018150883446,-4.87231727112888,11.990976321405,-19.2609609991838,8.67361737988404e-19,-3.41748696099147e-19,-5.40670321272772e-19,0,0,0,0.0110124244131944,0.00192426675443054,0.00201889622432736,0.0147006014428568,-0.00706517681456636,0.0022188640864324,2.61572807133917e-11,3.36344483083365e-09,5.14476323733075e-12,2.55848031883236e-20,6.93889390390723e-18,9.88353246477004e-15
NC_k0060,0.0109649122807018,0.0109649122807018,0.281097150339591,61.3772281686152,132.124413352873,64.5373718727465,120.983362860231,-63.4783347167882,-128.182421364451,-59.1141187041343,-125.538864790021,1,960,-0.66249637450699,-0.444925471984816,-0.365449209342304,-0.671167043181851,-2.49957437501274e-18,5.44959822439735e-19,0,-2.55838360784281e-18,0.00128387953091274,0.000188698114100282,1,8.62401131446611e-20,4.57144003217428e-20,1,0.0110124244131944,0.00201889622432736,0.00201889622432736,0.00192426675443054,0.0147006014428568,0.0022188640864324,0.0022188640864324,-0.00706517681456636,1,1.0842021724855e-19,0,1,0.0110124016717701,0.00201896632489071,0.00201896632489071,0.00192440179352119,0.0147004456436733,0.00221894113032429,0.00221894113032429,-0.00706495473565515,11.798382312178,-0.208402095594684,17.3466414830473,-4.88383445360045,17.3466414830473,-4.88383445360045,11.9932172101656,-19.2892785976876,1.73472347597681e-18,-6.80454901337423e-20,-7.1545711432743e-19,0,0,0,0.0110124244131944,0.00192426675443054,0.00201889622432736,0.0147006014428568,-0.00706517681456636,0.0022188640864324,4.93785680401861e-12,6.13864404138747e-09,5.03196879308253e-12,8.62401131446611e-20,3.46944695195361e-18,7.60299177640726e-14
NC_k0060,0.0192982456140351,0.0192982456140351,0.281774791473247,60.6448760143862,136.612484797587,66.1993925622671,117.114937170781,-65.3926788847099,-129.696682375919,-58.146648726704,-124.646939501511,1,960,-1.18608779700513,-0.742044924289875,-0.636283798027386,-1.18708467564932,-3.95398950245248e-19,-1.32553707928153e-18,0,1.17581407968698e-18,0.0012851847544739,0.000187289469837516,1,1.20267999419369e-19,1.46282045374298e-19,1,0.0110124244131944,0.00201889622432736,0.00201889622432736,0.00192426675443054,0.0147006014428568,0.0022188640864324,0.0022188640864324,-0.00706517681456636,1,1.0842021724855e-19,0,1,0.0110124016717701,0.00201896632489071,0.00201896632489071,0.00192440179352119,0.0147004456436733,0.00221894113032429,0.00221894113032429,-0.00706495473565515,11.7461810031127,-0.288631415325719,17.4471156071995,-4.9104746736451,17.4471156071995,-4.9104746736451,12.0115862699723,-19.3574805333172,1.73472347597681e-18,1.20241908023071e-19,-8.59645110021143e-19,0,0,0,0.0110124244131944,0.00192426675443054,0.00201889622432736,0.0147006014428568,-0.00706517681456636,0.0022188640864324,2.58653224987834e-12,5.01791565862212e-09,1.96537005474463e-12,1.46282045374298e-19,5.20417042793042e-18,3.8810060812683e-14
NC_k0061,-0.0223684210526316,-0.0223684210526316,0.201052242219234,52.0997294676716,-33.0292585074811,54.3014705885706,-46.5302009982728,-42.4133798895514,41.8342234789794,-60.062619322266,36.7355362634056,1,960,-5.32871321014299,-1.96934792887924,-2.40836017587732,-1.80579450939085,6.05024715439661e-19,-4.57629402088837e-20,0,1.46802059415501e-18,0.0019671555542452,-0.000205703434456768,1,4.56611059884923e-20,-1.80040810623625e-20,1,0.0144410819694883,-0.00741668693217575,-0.00741668693217575,0.0110534261280014,-0.00211563498216453,-0.00256145906364691,-0.00256145906364691,0.00179796924916267,1,8.67361737988404e-19,2.71050543121376e-20,1,0.0144411632160005,-0.00741694445602756,-0.00741694445602756,0.011053566187983,-0.0021156023886631,-0.00256154800319774,-0.00256154800319774,0.0017979338981462,10.9544454286521,-23.9829519539662,-6.82600976524684,-2.57415758167767,-6.82600976524684,-2.57415758167767,-5.06737003868079,5.47755215375934,2.60208521396521e-18,-5.11543263598577e-19,2.28380084673719e-19,0,0,0,0.0144410819694882,0.0110534261280014,-0.00741668693217575,-0.00211563498216453,0.00179796924916267,-0.00256145906364692,1.51697671154625e-12,5.32963531852521e-09,9.43151765958925e-12,4.56611059884923e-20,5.20417042793042e-18,6.35037174530345e-15
NC_k0061,-0.0140350877192982,-0.0140350877192982,0.200447978707328,51.6231478246238,-34.8519103898015,52.4940398952052,-43.8131590255076,-44.3388791413743,40.7789324135906,-55.8608287842108,36.9185586958461,1,960,-3.44168562126786,-1.27933525028782,-1.55793688761337,-1.12969655452491,9.93470385455788e-19,-4.00752463169691e-20,0,-2.42583287776486e-18,0.00196500437614607,-0.000204645780653455,1,-5.01898206255392e-20,-1.97509752223828e-20,1,0.0144410819694882,-0.00741668693217575,-0.00741668693217575,0.0110534261280014,-0.00211563498216453,-0.00256145906364691,-0.00256145906364691,0.00179796924916267,1,8.67361737988404e-19,2.71050543121376e-20,1,0.0144411632160005,-0.00741694445602756,-0.00741694445602756,0.011053566187983,-0.0021156023886631,-0.00256154800319774,-0.00256154800319774,0.0017979338981462,10.9556211178251,-23.9098848677286,-6.74483941210254,-2.56905023203784,-6.74483941210254,-2.56905023203784,-5.11666687930018,5.43334087555284,1.73472347597681e-18,1.75082077246117e-19,2.12352735991301e-19,0,0,0,0.0144410819694882,0.0110534261280014,-0.00741668693217575,-0.00211563498216453,0.00179796924916267,-0.00256145906364692,1.64645436604385e-12,5.48150800069471e-09,4.61130140801153e-12,5.01898206255392e-20,3.46944695195361e-18,9.06963599507341e-14
NC_k0061,-0.00570175438596491,-0.00570175438596491,0.20022282007611,51.2751178777889,-37.1791242590097,51.5064152885022,-40.9259084475414,-47.045823157379,39.4342874147046,-51.8229482639593,37.7158649076498,1,960,-1.4141006073745,-0.526739019207908,-0.640477076772188,-0.457119440214743,5.08906328260999e-19,1.0967122452746e-21,0,-8.69131904499267e-19,0.00196383514979623,-0.00020418455173183,1,1.3721416704673e-19,-1.50612682933412e-20,1,0.0144410819694882,-0.00741668693217575,-0.00741668693217575,0.0110534261280014,-0.00211563498216453,-0.00256145906364691,-0.00256145906364691,0.00179796924916267,1,8.67361737988404e-19,2.71050543121376e-20,1,0.0144411632160005,-0.00741694445602756,-0.00741694445602756,0.011053566187983,-0.0021156023886631,-0.00256154800319774,-0.00256154800319774,0.0017979338981462,10.964281544576,-23.8851917335231,-6.69972620298718,-2.56665494863987,-6.69972620298718,-2.56665494863987,-5.14216862265082,5.406716702891,2.60208521396521e-18,-6.66642695809674e-19,8.97050410267903e-20,0,0,0,0.0144410819694882,0.0110534261280014,-0.00741668693217575,-0.00211563498216453,0.00179796924916267,-0.00256145906364692,8.41244225963909e-12,3.032483088851e-09,8.67714037140903e-12,1.3721416704673e-19,3.46944695195361e-18,6.70937438242949e-14
NC_k0061,0.00263157894736842,0.00263157894736842,0.200192515943387,51.3330879525281,-39.8744315728299,51.2339043976553,-38.1377137140389,-50.4334569163788,38.12836898572,-48.2216801613332,38.9305054838962,1,960,0.653614566997202,0.2435275702672,0.296056905297249,0.210787832700588,-7.1445367944522e-19,1.09281643138463e-18,0,-1.23970551020057e-18,0.00196365468400715,-0.000204120272145016,1,-1.44059039388366e-20,-5.61775008324512e-21,1,0.0144410819694883,-0.00741668693217575,-0.00741668693217575,0.0110534261280014,-0.00211563498216453,-0.00256145906364691,-0.00256145906364691,0.00179796924916267,1,8.67361737988404e-19,2.71050543121376e-20,1,0.0144411632160005,-0.00741694445602756,-0.00741694445602756,0.011053566187983,-0.0021156023886631,-0.00256154800319774,-0.00256154800319774,0.0017979338981462,10.9660004946259,-23.8821427151676,-6.69261437121821,-2.56628022874186,-6.69261437121821,-2.56628022874186,-5.14594266702055,5.40233612156669,1.73472347597681e-18,-3.63300564822485e-19,1.17699020746512e-19,0,0,0,0.0144410819694882,0.0110534261280014,-0.00741668693217575,-0.00211563498216453,0.00179796924916267,-0.00256145906364692,1.04879426066668e-11,6.08170310184655e-09,5.13276498074376e-12,1.44059039388366e-20,3.46944695195361e-18,1.17293180817321e-13
NC_k0061,0.0109649122807018,0.0109649122807018,0.20033671855538,52.0377386691621,-42.7543937211316,51.4663864546949,-35.6576726040698,-54.3383308172935,37.1498482562736,-45.249871695765,40.2990487711434,1,960,2.70412501338311,1.00616046444667,1.22439420768386,0.88113852596358,-8.53447319314343e-19,1.99025445644546e-19,0,4.96136313964406e-19,0.0019644577944513,-0.000204420450680107,1,5.43733064940114e-20,-1.36140451429144e-20,1,0.0144410819694882,-0.00741668693217575,-0.00741668693217575,0.0110534261280013,-0.00211563498216453,-0.00256145906364691,-0.00256145906364691,0.00179796924916267,1,8.67361737988404e-19,2.71050543121376e-20,1,0.0144411632160005,-0.00741694445602756,-0.00741694445602756,0.011053566187983,-0.0021156023886631,-0.00256154800319774,-0.00256154800319774,0.0017979338981462,10.9591562491703,-23.8972984718043,-6.72394430397513,-2.56792417788646,-6.72394430397513,-2.56792417788646,-5.12882361830518,5.42124787895169,3.46944695195361e-18,7.08169589847392e-19,2.31531074518794e-19,0,0,0,0.0144410819694882,0.0110534261280014,-0.00741668693217575,-0.00211563498216453,0.00179796924916267,-0.00256145906364692,2.33300283230515e-12,5.10112815016936e-09,7.41766602252984e-12,5.43733064940114e-20,8.67361737988404e-18,2.25966283941986e-13
NC_k0061,0.0192982456140351,0.0192982456140351,0.200758700592469,53.5394700862229,-45.5663172717811,51.9246387157868,-33.6333339268798,-58.5148856069301,36.7215392932384,-43.0260857769528,41.4976607270934,1,960,4.66006498346488,1.72689960004799,2.10769831255921,1.55723879042571,-3.21107998275482e-19,-3.81870101134213e-19,0,3.38707299783313e-19,0.00196625543919706,-0.000205224302531984,1,-1.63246605817577e-20,-2.57695294218237e-20,1,0.0144410819694882,-0.00741668693217575,-0.00741668693217575,0.0110534261280014,-0.00211563498216453,-0.00256145906364691,-0.00256145906364691,0.00179796924916267,1,8.67361737988404e-19,2.71050543121376e-20,1,0.0144411632160005,-0.00741694445602756,-0.00741694445602756,0.011053566187983,-0.0021156023886631,-0.00256154800319774,-0.00256154800319774,0.0017979338981462,10.9519099168779,-23.9469748762915,-6.79198087525404,-2.57174959354754,-6.79198087525404,-2.57174959354754,-5.08804083525825,5.45938935236027,3.46944695195361e-18,-5.36500622782498e-19,1.35260035583269e-19,0,0,0,0.0144410819694882,0.0110534261280014,-0.00741668693217575,-0.00211563498216453,0.00179796924916267,-0.00256145906364692,7.77240576770684e-13,5.28249011728222e-09,3.58193654948084e-12,2.57695294218237e-20,5.20417042793042e-18,2.26044330819183e-13
NC_k0062,-0.0223684210526316,-0.0223684210526316,0.708861217440149,32.5749621300021,-89.6933929544742,32.6306848858462,-120.272295318042,-29.6110922879227,101.006179655239,-35.3569824880192,107.494743347979,1,960,-11.913207604567,1.48447029441944,-3.44148331234867,-2.79990123449829,3.92718885060576e-19,-1.15488971891184e-18,0,5.90691660657587e-18,-0.000218678241592013,-0.000167646294757746,1,-1.4735769245811e-19,-1.93282121642024e-20,1,0.000514545245127708,-0.016965264742165,-0.016965264742165,-0.00641988876246026,-0.00428897221301671,0.00241466856620862,0.00241466856620862,0.00681719566742371,1,0,-5.42101086242752e-20,1,0.000514459419556824,-0.0169658538138574,-0.0169658538138574,-0.00641985419855185,-0.00428886483211734,0.00241475240886717,0.00241475240886717,0.00681711023290849,4.67860891372591,-53.5304847894096,-16.9744437035836,-4.11327677622825,-16.9744437035836,-4.11327677622825,10.2269073929862,15.4327694680931,4.77048955893622e-18,7.2101484548703e-19,-2.62376758763366e-20,0,0,0,0.000514545245127712,-0.00641988876246026,-0.016965264742165,-0.00428897221301671,0.00681719566742371,0.00241466856620863,1.16140370262535e-12,8.11948503779567e-09,4.8890286620484e-12,1.4735769245811e-19,1.38777878078145e-17,2.1613649277012e-14
NC_k0062,-0.0140350877192982,-0.0140350877192982,0.706883668031764,31.7160686104917,-95.2337411833765,31.1255567366002,-114.813891965246,-29.5134985985899,102.683351827868,-33.1262114232396,105.905377044513,1,960,-7.59092574457622,0.869102692227789,-2.21820160727504,-1.74961768178214,-3.71291598473002e-19,-1.46430820756587e-19,0,1.73043537168133e-18,-0.000220061424032853,-0.000166936046945813,1,-7.04178990533318e-20,-6.06042853995738e-20,1,0.000514545245127708,-0.016965264742165,-0.016965264742165,-0.00641988876246026,-0.0042889722130167,0.00241466856620862,0.00241466856620862,0.00681719566742371,1,0,-5.42101086242752e-20,1,0.000514459419556824,-0.0169658538138574,-0.0169658538138574,-0.00641985419855185,-0.00428886483211734,0.00241475240886717,0.00241475240886717,0.00681711023290849,4.5394319692071,-53.5247054141732,-16.8222625800334,-4.1067694716554,-16.8222625800334,-4.1067694716554,10.1701779281599,15.3758695034406,4.33680868994202e-18,7.78981801437923e-19,-5.8880322619053e-19,0,0,0,0.000514545245127712,-0.00641988876246026,-0.016965264742165,-0.00428897221301671,0.00681719566742371,0.00241466856620863,6.76992571038755e-13,5.2348971756428e-09,4.89934321524336e-12,7.04178990533318e-20,1.04083408558608e-17,7.27182255932881e-14
NC_k0062,-0.00570175438596491,-0.00570175438596491,0.706036905984326,30.8545223234989,-100.986142823065,30.482925492676,-109.017892782562,-29.8371565731515,103.715846898363,-31.3172520220299,104.834283776795,1,960,-3.09761744693004,0.33971682626746,-0.910107204818639,-0.707052108442268,-1.0280068303911e-18,-1.60711266851703e-19,0,6.0040077581549e-18,-0.000220783355909036,-0.000166840204199853,1,8.39845631683184e-20,-3.60868782019172e-20,1,0.000514545245127708,-0.016965264742165,-0.016965264742165,-0.00641988876246026,-0.00428897221301671,0.00241466856620862,0.00241466856620862,0.00681719566742371,1,0,-5.42101086242752e-20,1,0.000514459419556824,-0.0169658538138574,-0.0169658538138574,-0.00641985419855185,-0.00428886483211734,0.00241475240886717,0.00241475240886717,0.00681711023290849,4.46803329018423,-53.5508198235459,-16.737831942316,-4.10464140265734,-16.737831942316,-4.10464140265734,10.1462821620805,15.3407981459065,3.46944695195361e-18,9.30228617292871e-19,-2.40377831981112e-19,0,0,0,0.000514545245127712,-0.00641988876246026,-0.016965264742165,-0.00428897221301671,0.00681719566742371,0.00241466856620863,1.56654683128831e-12,3.19063467806172e-09,3.19720879913246e-12,8.39845631683184e-20,1.04083408558608e-17,3.82110613053282e-14
NC_k0062,0.00263157894736842,0.00263157894736842,0.705914304667014,30.4551660661432,-106.850412614606,30.6348730372775,-103.138288980291,-30.7971945978432,104.519599426295,-30.1128949588537,104.015639089641,1,960,1.43031466167374,-0.155858924758179,0.42057039318213,0.325967202849664,-9.50198913251914e-19,-2.27343643043054e-18,0,8.59612710010007e-19,-0.000220892127551109,-0.000166843265331353,1,1.65453964756815e-19,-5.84384428806923e-20,1,0.000514545245127713,-0.016965264742165,-0.016965264742165,-0.00641988876246026,-0.00428897221301671,0.00241466856620862,0.00241466856620862,0.00681719566742371,1,0,-5.42101086242752e-20,1,0.000514459419556824,-0.0169658538138574,-0.0169658538138574,-0.00641985419855185,-0.00428886483211734,0.00241475240886717,0.00241475240886717,0.00681711023290849,4.45721170634561,-53.55634388608,-16.7244770132168,-4.10436884259451,-16.7244770132168,-4.10436884259451,10.1429723153494,15.3348688654669,3.03576608295941e-18,2.03495886771369e-19,-1.44694725926961e-19,0,0,0,0.000514545245127712,-0.00641988876246026,-0.016965264742165,-0.00428897221301671,0.00681719566742371,0.00241466856620863,4.29074717301502e-12,6.32533870728666e-09,3.19493030631168e-12,1.65453964756815e-19,6.93889390390723e-18,5.17433026483256e-14
NC_k0062,0.0109649122807018,0.0109649122807018,0.70647690415054,30.7898151377232,-112.70351215271,31.370688905565,-97.3362346462528,-32.3982439170224,105.464827790035,-29.5664523171854,103.11896192947,1,960,5.94482995038595,-0.666987241058034,1.74168809407821,1.36392480623309,-9.51681220909609e-19,1.02453267181838e-18,0,8.87716998502108e-19,-0.000220402241024003,-0.000166866717607872,1,-3.80689201042638e-19,-2.22248741513853e-20,1,0.00051454524512771,-0.016965264742165,-0.016965264742165,-0.00641988876246026,-0.00428897221301671,0.00241466856620862,0.00241466856620862,0.00681719566742371,1,0,-5.42101086242752e-20,1,0.000514459419556824,-0.0169658538138574,-0.0169658538138574,-0.00641985419855185,-0.00428886483211734,0.00241475240886717,0.00241475240886717,0.00681711023290849,4.50573548328309,-53.5349411163011,-16.7832029805735,-4.10569003006723,-16.7832029805735,-4.10569003006723,10.1584763785255,15.360162980843,3.46944695195361e-18,1.41644800564387e-19,7.43967854233881e-21,0,0,0,0.000514545245127712,-0.00641988876246026,-0.016965264742165,-0.00428897221301671,0.00681719566742371,0.00241466856620863,9.78443541558071e-13,4.01086552352461e-09,3.04072210452459e-13,3.80689201042638e-19,6.93889390390723e-18,4.38446355500979e-14
NC_k0062,0.0192982456140351,0.0192982456140351,0.707935209309292,31.9786257853827,-118.317232057144,32.295618774512,-91.6961490802377,-34.5020828149243,106.832196163726,-29.5492126040221,101.718307219962,1,960,10.358090305999,-1.24481290376142,3.00738154273849,2.41384623221616,-2.23947570320157e-19,2.60052349696871e-19,0,-7.48155085552162e-19,-0.00021926382000687,-0.000167257066553013,1,-3.74183761016773e-19,-7.20530642618524e-20,1,0.000514545245127711,-0.016965264742165,-0.016965264742165,-0.00641988876246026,-0.00428897221301671,0.00241466856620862,0.00241466856620862,0.00681719566742371,1,0,-5.42101086242752e-20,1,0.000514459419556824,-0.0169658538138574,-0.0169658538138574,-0.00641985419855185,-0.00428886483211734,0.00241475240886717,0.00241475240886717,0.00681711023290849,4.618812136225,-53.5174090285268,-16.9103712578046,-4.10991001668287,-16.9103712578046,-4.10991001668287,10.2008054194632,15.4091399569966,3.46944695195361e-18,2.75546091831547e-19,3.15154538305044e-19,0,0,0,0.000514545245127712,-0.00641988876246026,-0.016965264742165,-0.00428897221301671,0.00681719566742371,0.00241466856620863,5.1396939883786e-13,5.73997337206148e-09,3.24218469603722e-12,3.74183761016773e-19,1.04083408558608e-17,6.90032257770707e-15
NC_k0063,-0.0223684210526316,-0.0223684210526316,0.410091174019425,83.4423630451256,-4.68741088141508,89.0984648399622,-24.9034752662362,-73.7231357566431,9.53250889721532,-94.0316015461513,19.5857672814257,1,960,-5.24774035844229,6.94497138027244,0.560086237203952,-2.04388934431344,-6.51604082913135e-19,-3.53335161735701e-18,0,6.77316992254345e-19,0.00153166534998157,0.000355201568599783,1,-1.96743113357423e-19,1.14703462728872e-20,1,0.0132846561620654,-0.00985628380372969,-0.00985628380372969,-0.00177196758404015,0.00616208488741966,0.00847158768275763,0.00847158768275763,0.0036732306067995,1,0,0,1,0.0132845754304729,-0.00985662603580622,-0.00985662603580622,-0.00177178691591484,0.00616210597078309,0.00847188183510773,0.00847188183510773,0.00367329489943863,15.7837769467186,-33.6366531934749,-2.9029915744008,-6.13109529861264,-2.9029915744008,-6.13109529861264,35.3822938806816,2.60682556435107,2.16840434497101e-18,1.7956063798415e-19,-3.05397052240752e-19,0,0,0,0.0132846561620654,-0.00177196758404015,-0.0098562838037297,0.00616208488741966,0.0036732306067995,0.00847158768275763,9.01098766653461e-13,1.17898356992958e-08,5.32829609635018e-12,1.96743113357423e-19,5.20417042793042e-18,3.80369890507436e-14
NC_k0063,-0.0140350877192982,-0.0140350877192982,0.408960475313594,83.2465907818882,-8.79086321692097,86.5842394947476,-21.9016746602858,-75.9346460020259,12.0763580215277,-89.1061197620468,18.1795683361464,1,960,-3.33402644165756,4.41375964191037,0.356311956083453,-1.28534293289904,2.84378490741137e-19,2.8358596899625e-18,0,7.77084073114979e-19,0.00152847445370165,0.000356778367676631,1,-1.65881679507618e-19,4.79245663131737e-21,1,0.0132846561620654,-0.00985628380372969,-0.00985628380372969,-0.00177196758404015,0.00616208488741966,0.00847158768275763,0.00847158768275763,0.0036732306067995,1,0,0,1,0.0132845754304729,-0.00985662603580622,-0.00985662603580622,-0.00177178691591484,0.00616210597078309,0.00847188183510773,0.00847188183510773,0.00367329489943863,15.7271339180737,-33.5527356831596,-2.83191470914153,-6.09727186359922,-2.83191470914153,-6.09727186359922,35.2933594194756,2.63611382571502,2.16840434497101e-18,3.52202737353011e-19,-3.7270156972376e-19,0,0,0,0.0132846561620654,-0.00177196758404015,-0.0098562838037297,0.00616208488741966,0.0036732306067995,0.00847158768275763,2.39956056173691e-12,1.14244407481795e-08,3.26507888671576e-12,1.65881679507618e-19,5.20417042793042e-18,9.70521004503294e-14
NC_k0063,-0.00570175438596491,-0.00570175438596491,0.408638259109312,83.5271592665161,-12.9554518543183,84.8254954980609,-18.3638473141889,-79.0605055096069,14.241666657239,-84.5005673301442,16.6605910102279,1,960,-1.35709027316485,1.80044449277158,0.14630689247021,-0.521805509260495,-7.70816525613664e-19,3.478526086357e-18,0,-3.74803807353902e-19,0.00152690561669557,0.000357495264066402,1,-9.88568124873029e-20,-1.44914262850429e-20,1,0.0132846561620654,-0.00985628380372969,-0.00985628380372969,-0.00177196758404015,0.00616208488741967,0.00847158768275763,0.00847158768275763,0.0036732306067995,1,0,0,1,0.0132845754304729,-0.00985662603580622,-0.00985662603580622,-0.00177178691591484,0.00616210597078309,0.00847188183510773,0.00847188183510773,0.00367329489943863,15.7112513613853,-33.5281191136038,-2.79153255132612,-6.08218674445711,-2.79153255132612,-6.08218674445711,35.2716195943013,2.64740599831612,2.16840434497101e-18,-2.38238703147993e-19,-5.23101430764124e-19,0,0,0,0.0132846561620654,-0.00177196758404015,-0.0098562838037297,0.00616208488741966,0.0036732306067995,0.00847158768275763,5.19184779961995e-12,6.0778058957967e-09,6.06240633272045e-12,9.88568124873029e-20,5.20417042793042e-18,6.84654938613319e-14
NC_k0063,0.00263157894736842,0.00263157894736842,0.408603860818751,84.3588382774011,-16.9597202083003,83.7624158193242,-14.4577352899144,-82.9234525940929,16.0583935299217,-80.4062992858855,14.9446657217716,1,960,0.626307623866395,-0.831311781525936,-0.0676513720276583,0.240771432029051,-1.79875387283331e-19,7.84921609418919e-19,0,1.50594847960179e-19,0.00152667496253544,0.000357597450215227,1,-1.10515696516927e-19,-1.2137085365591e-20,1,0.0132846561620654,-0.00985628380372969,-0.00985628380372969,-0.00177196758404015,0.00616208488741967,0.00847158768275762,0.00847158768275762,0.0036732306067995,1,0,0,1,0.0132845754304729,-0.00985662603580622,-0.00985662603580622,-0.00177178691591484,0.00616210597078309,0.00847188183510773,0.00847188183510773,0.00367329489943863,15.7096010976198,-33.5253971402631,-2.78514455487573,-6.08000933386459,-2.78514455487573,-6.08000933386459,35.2697139346824,2.64879661254684,2.16840434497101e-18,1.95445930437085e-19,-9.31309959664965e-19,0,0,0,0.0132846561620654,-0.00177196758404015,-0.0098562838037297,0.00616208488741966,0.0036732306067995,0.00847158768275763,6.35300863708149e-12,7.26173147403914e-09,1.9584915097706e-12,1.10515696516927e-19,6.93889390390723e-18,1.75253814158372e-14
NC_k0063,0.0109649122807018,0.0109649122807018,0.408788566826442,85.8500273888812,-20.6517322431412,83.2926833827368,-10.3331933108624,-87.361619614849,17.6361714598453,-76.9901496369216,12.9185141022472,1,960,2.60817626865032,-3.45569958109488,-0.279682693106681,1.00405999494965,9.62838233011724e-20,3.01300207250195e-18,0,7.27641006360847e-19,0.00152772473574046,0.000357126352147308,1,-1.86521578007605e-19,2.44680721830651e-20,1,0.0132846561620654,-0.00985628380372969,-0.00985628380372969,-0.00177196758404015,0.00616208488741966,0.00847158768275763,0.00847158768275763,0.0036732306067995,1,0,0,1,0.0132845754304729,-0.00985662603580622,-0.00985662603580622,-0.00177178691591484,0.00616210597078309,0.00847188183510773,0.00847188183510773,0.00367329489943863,15.718582857255,-33.5397515751529,-2.81324998189779,-6.08998118839652,-2.81324998189779,-6.08998118839652,35.2811581771674,2.64189330076852,3.46944695195361e-18,5.64288440077731e-19,-3.97606650038843e-19,0,0,0,0.0132846561620654,-0.00177196758404015,-0.0098562838037297,0.00616208488741966,0.0036732306067995,0.00847158768275763,1.63617921266743e-12,5.09888796442564e-09,2.39192648372376e-12,1.86521578007605e-19,6.93889390390723e-18,4.82069712469802e-14
NC_k0063,0.0192982456140351,0.0192982456140351,0.409516543492987,88.0833054281458,-23.8702811848805,83.316202518176,-6.17106455345524,-92.1923734984316,19.0766640324785,-74.4178685731978,10.5075130714202,1,960,4.55857585531879,-6.02990382570931,-0.485538230228897,1.7661557745215,-1.20937776022193e-18,6.69987179410391e-18,0,-3.21596241632041e-19,0.00153028523466546,0.00035590321151358,1,-1.78029381622193e-19,1.54317267649236e-19,1,0.0132846561620654,-0.00985628380372969,-0.00985628380372969,-0.00177196758404015,0.00616208488741966,0.00847158768275763,0.00847158768275763,0.0036732306067995,1,0,0,1,0.0132845754304729,-0.00985662603580622,-0.00985662603580622,-0.00177178691591484,0.00616210597078309,0.00847188183510773,0.00847188183510773,0.00367329489943863,15.7550176876779,-33.5940625032804,-2.87354066362716,-6.11575064238814,-2.87354066362716,-6.11575064238814,35.3362227317143,2.62013049072589,2.60208521396521e-18,-2.50018346670142e-19,-1.91277529605133e-19,0,0,0,0.0132846561620654,-0.00177196758404015,-0.0098562838037297,0.00616208488741966,0.0036732306067995,0.00847158768275763,3.10204574725275e-13,5.85142284966572e-09,1.99355308251502e-12,1.78029381622193e-19,3.46944695195361e-18,1.03833514222538e-13
