LoadCase,zeta1,zeta2,ALLSE,RF_LEFT_x,RF_LEFT_y,RF_RIGHT_x,RF_RIGHT_y,RF_BOTTOM_x,RF_BOTTOM_y,RF_TOP_x,RF_TOP_y,Volume,nBndNodes,Savg_11,Savg_22,Savg_33,Savg_12,Eavg_11,Eavg_22,Eavg_33,Eavg_12,Uavg_1,Uavg_2,Fbar_11,Fbar_12,Fbar_21,Fbar_22,G111,G112,G121,G122,G211,G212,G221,G222,Fbar_11_int,Fbar_12_int,Fbar_21_int,Fbar_22_int,G111_int,G112_int,G121_int,G122_int,G211_int,G212_int,G221_int,G222_int,Q111,Q112,Q121,Q122,Q211,Q212,Q221,Q222,fitResidMax,c1_fit,c2_fit,H11,H22,H12,G1_11,G1_22,G1_12,G2_11,G2_22,G2_12,HillResid,QSymResid,ForceBalanceResid,KubcErrF,KubcErrG,EnergyConsistencyResid
NC_k0000,-0.0268421052631579,-0.0268421052631579,0.337231415963268,42.0479960870697,-0.342617909736396,54.368969902537,-5.47599835481173,-41.6918255568135,-3.8533645221655,-58.4569349638627,13.1867445037586,1,800,10.4632613450478,-2.04742038329634,2.77722751737796,-1.45343574681684,-4.83973450237426e-19,1.76858494153228e-18,0,-2.26263676035305e-19,-0.00154650651081605,0.000843451172013453,1,5.8075376120631e-20,9.57623779121874e-20,1,-0.00523340711650885,0.0100210450899222,0.0100210450899222,-0.0151659745678761,0.00104088811922811,-0.00481258406506862,-0.00481258406506862,0.00423543471264215,1,-4.33680868994202e-19,-1.0842021724855e-19,1,-0.00523365876973752,0.0100215461421767,0.0100215461421767,-0.0151659779069185,0.00104096102807823,-0.00481282469427187,-0.00481282469427187,0.00423542775782743,5.13707208520712,36.1443235428886,3.17916547603159,-11.1499877254836,3.17916547603159,-11.1499877254836,-14.7849761232705,2.37543316755549,8.67361737988404e-19,3.92684537059389e-19,-3.94125609341318e-20,0,0,0,-0.00523340711650885,-0.0151659745678761,0.0100210450899222,0.00104088811922811,0.00423543471264215,-0.00481258406506862,5.67968400122799e-13,1.69243139103769e-08,3.07319298121323e-12,9.57623779121874e-20,1.73472347597681e-18,1.97530177570304e-15
NC_k0000,-0.0168421052631579,-0.0168421052631579,0.334587964900375,45.4567381825637,-1.32442403852575,53.2890037459962,-4.25995424838881,-45.9473112196377,-1.02807961185256,-56.4974825009686,10.1018686194887,1,800,6.70307987751514,-1.26313742268737,1.79518101009318,-0.919932699291681,-1.83900117271769e-18,2.2400050987936e-20,0,2.40246337109901e-19,-0.00154394766085905,0.000840199626313088,1,-2.24608874659168e-19,9.04426373271756e-20,1,-0.00523340711650885,0.0100210450899222,0.0100210450899222,-0.0151659745678761,0.00104088811922811,-0.00481258406506862,-0.00481258406506862,0.00423543471264215,1,-4.33680868994202e-19,-1.0842021724855e-19,1,-0.00523365876973752,0.0100215461421767,0.0100215461421767,-0.0151659779069185,0.00104096102807823,-0.00481282469427187,-0.00481282469427187,0.00423542775782743,5.07437541799349,36.0267821568754,3.10554653887124,-10.9851310611021,3.10554653887124,-10.9851310611021,-14.7346217075233,2.35492972204845,1.73472347597681e-18,8.57447701168672e-20,7.5787769245893e-20,0,0,0,-0.00523340711650885,-0.0151659745678761,0.0100210450899222,0.00104088811922811,0.00423543471264215,-0.00481258406506862,3.03365695928013e-13,1.07501649091077e-08,5.64142898716062e-12,2.24608874659168e-19,2.60208521396521e-18,3.23522529966622e-14
NC_k0000,-0.00684210526315789,-0.00684210526315789,0.333343932226747,48.4664424010339,-2.16633960562587,51.6672194683893,-3.29505034329985,-49.7664822865752,2.15988058045411,-54.0456066433468,6.7746105840826,1,800,2.7458944089553,-0.505561513045772,0.739309855650171,-0.374612510019353,-1.3445986293172e-18,9.22385792335431e-19,0,3.86829359099198e-19,-0.00154268801535529,0.000838617610771651,1,-4.59165405111875e-20,6.42791341865649e-20,1,-0.00523340711650886,0.0100210450899222,0.0100210450899222,-0.0151659745678761,0.00104088811922811,-0.00481258406506862,-0.00481258406506862,0.00423543471264215,1,-4.33680868994202e-19,-1.0842021724855e-19,1,-0.00523365876973752,0.0100215461421767,0.0100215461421767,-0.0151659779069185,0.00104096102807823,-0.00481282469427187,-0.00481282469427187,0.00423542775782743,5.03368476446964,35.9918739196999,3.06210617732463,-10.8953097279466,3.06210617732463,-10.8953097279466,-14.7188940677328,2.35481852523202,2.38524477946811e-18,3.0461177916028e-19,-3.19467262650469e-19,0,0,0,-0.00523340711650885,-0.0151659745678761,0.0100210450899222,0.00104088811922811,0.00423543471264215,-0.00481258406506862,1.86068566317116e-12,4.78638520866215e-09,3.2611537511847e-12,6.42791341865649e-20,5.20417042793042e-18,3.56370259513486e-14
NC_k0000,0.00315789473684211,0.00315789473684211,0.333160383592357,50.9168180589762,-2.97981009813434,49.4384311001191,-2.46342792133143,-53.0023224584803,5.52517686209071,-51.0280366850959,3.3887379609117,1,800,-1.26873024485366,0.232701298527256,-0.341889552287713,0.172961232170199,1.9857628657193e-19,4.87838038059274e-20,0,9.47459291063138e-19,-0.00154250088883794,0.000838386496353289,1,-1.54798922255222e-19,-1.32004889059381e-22,1,-0.00523340711650885,0.0100210450899222,0.0100210450899222,-0.0151659745678761,0.00104088811922811,-0.00481258406506862,-0.00481258406506862,0.00423543471264215,1,-4.33680868994202e-19,-1.0842021724855e-19,1,-0.00523365876973752,0.0100215461421767,0.0100215461421767,-0.0151659779069185,0.00104096102807823,-0.00481282469427187,-0.00481282469427187,0.00423542775782743,5.02688121558683,35.988015588943,3.05511940436883,-10.8812463657317,3.05511940436883,-10.8812463657317,-14.7170706344807,2.35552454662184,2.06337225951148e-18,-1.23294757583271e-18,1.45169366389504e-19,0,0,0,-0.00523340711650885,-0.0151659745678761,0.0100210450899222,0.00104088811922811,0.00423543471264215,-0.00481258406506862,6.52633164027073e-12,9.05939313008659e-09,1.93737664201321e-12,1.54798922255222e-19,5.20417042793042e-18,7.99775540647895e-15
NC_k0000,0.0131578947368421,0.0131578947368421,0.333994051852518,52.7608543624658,-3.88083825663496,46.6243160677835,-1.64454189974085,-55.6564041352122,8.89331661315833,-47.4182489974374,0.114133643688477,1,800,-5.25854936724775,0.980459927597697,-1.4117695150845,0.719665437528813,1.98989215133717e-18,-6.1131955990119e-20,0,-8.99807070335184e-19,-0.0015433491565626,0.000839443388785598,1,-4.78705127544792e-19,-7.29100625833555e-20,1,-0.00523340711650886,0.0100210450899222,0.0100210450899222,-0.0151659745678761,0.00104088811922811,-0.00481258406506862,-0.00481258406506862,0.00423543471264215,1,-4.33680868994202e-19,-1.0842021724855e-19,1,-0.00523365876973752,0.0100215461421767,0.0100215461421767,-0.0151659779069185,0.00104096102807823,-0.00481282469427187,-0.00481282469427187,0.00423542775782743,5.05602652412097,36.0083457588145,3.08560821582969,-10.9433501201708,3.08560821582969,-10.9433501201708,-14.7264386959814,2.35388140902355,1.73472347597681e-18,7.82041554186058e-19,-2.59213710848127e-19,0,0,0,-0.00523340711650885,-0.0151659745678761,0.0100210450899222,0.00104088811922811,0.00423543471264215,-0.00481258406506862,1.63176022767167e-12,5.41337509702075e-09,5.80598591876377e-12,4.78705127544792e-19,3.46944695195361e-18,6.4985768492087e-14
NC_k0000,0.0231578947368421,0.0231578947368421,0.336053302888957,54.0234550529642,-4.99377165865283,43.3308786354216,-0.727655679484489,-57.785351977869,12.092548129489,-43.2888696442887,-2.86588887566073,1,800,-9.1151487504883,1.75756011744821,-2.42800424890331,1.25947502646278,-5.41629924165842e-18,4.32635312699935e-19,0,-8.3563770713577e-19,-0.00154538866189973,0.000842032812381804,1,-4.70670289770264e-20,1.63899779445264e-20,1,-0.00523340711650884,0.0100210450899222,0.0100210450899222,-0.0151659745678761,0.00104088811922811,-0.00481258406506862,-0.00481258406506862,0.00423543471264215,1,-4.33680868994202e-19,-1.0842021724855e-19,1,-0.00523365876973752,0.0100215461421767,0.0100215461421767,-0.0151659779069185,0.00104096102807823,-0.00481282469427187,-0.00481282469427187,0.00423542775782743,5.11247578012293,36.0851794282184,3.14913286609279,-11.080449477765,3.14913286609279,-11.080449477765,-14.7598231345577,2.36369215418686,2.60208521396521e-18,-1.66014688252875e-18,4.2493240270269e-20,0,0,0,-0.00523340711650885,-0.0151659745678761,0.0100210450899222,0.00104088811922811,0.00423543471264215,-0.00481258406506862,5.95552157162148e-13,5.92837098987745e-09,7.78820290702987e-12,4.70670289770264e-20,9.54097911787244e-18,1.37764752582024e-13
NC_k0001,-0.0268421052631579,-0.0268421052631579,0.224001117952593,120.243441734941,23.7873022876093,139.217762274406,18.5309065127591,-108.002835192569,-27.7395420606768,-146.178223923771,-17.6839240984816,1,800,1.95285801644326,2.91533707551057,1.60650438034477,-2.72432167579569,-7.75379253872507e-19,5.88092328300701e-19,0,-1.84575096651612e-18,0.00160844895960337,-0.00120965898049992,1,-6.07384050724144e-20,-2.43988748010254e-20,1,0.0167936705423597,-0.000560010168439073,-0.000560010168439073,-0.00184734565890285,-0.00691428473759986,0.00121998686912674,0.00121998686912674,-0.00805919542814356,1,0,-2.16840434497101e-19,1,0.0167935309441877,-0.000560038168947495,-0.000560038168947495,-0.00184701923166981,-0.00691439263323453,0.00122004786847019,0.00122004786847019,-0.00805927470101097,22.5472723568274,-3.89893912546477,-0.221805027680775,-12.7554233429427,-0.221805027680775,-12.7554233429427,12.7073637222255,-5.21198999807403,8.67361737988404e-19,-5.08842288090653e-19,-5.79389310966005e-19,0,0,0,0.0167936705423597,-0.00184734565890285,-0.000560010168439073,-0.00691428473759986,-0.00805919542814356,0.00121998686912674,2.71335315456408e-12,5.08493292210888e-09,1.60311403464401e-12,6.07384050724144e-20,3.46944695195361e-18,7.86817078281477e-14
NC_k0001,-0.0168421052631579,-0.0168421052631579,0.224131475692579,123.46541757447,22.2281433082382,135.21320524632,18.9763293512313,-114.510141279783,-25.3087037080597,-138.878401835353,-18.9854837990652,1,800,1.2127292934961,1.92665039757619,1.03599529805385,-1.7174400420603,-8.63682438623768e-19,1.03460442295682e-18,0,-1.08577712437181e-18,0.0016040667325264,-0.00120711321456719,1,-1.60446818261891e-19,-7.28952103544338e-20,1,0.0167936705423597,-0.000560010168439072,-0.000560010168439072,-0.00184734565890285,-0.00691428473759986,0.00121998686912674,0.00121998686912674,-0.00805919542814356,1,0,-2.16840434497101e-19,1,0.0167935309441877,-0.000560038168947495,-0.000560038168947495,-0.00184701923166981,-0.00691439263323453,0.00122004786847019,0.00122004786847019,-0.00805927470101097,22.5549888443045,-3.80448308058707,-0.173127425479897,-12.6534875525354,-0.173127425479897,-12.6534875525354,12.563566832806,-5.30967172119325,6.50521303491303e-19,-1.44290973059475e-20,-2.8909764179348e-19,0,0,0,0.0167936705423597,-0.00184734565890285,-0.000560010168439073,-0.00691428473759986,-0.00805919542814356,0.00121998686912674,1.74175871162391e-12,6.24844830599255e-09,4.20558101081961e-12,1.60446818261891e-19,1.73472347597681e-18,2.30335210552398e-14
NC_k0001,-0.00684210526315789,-0.00684210526315789,0.224369439608558,126.797946326854,20.9699053915281,131.522044572312,19.6602501327122,-121.526282732352,-23.1401723779083,-131.501013506425,-20.5709057003609,1,800,0.490914175646939,0.802935385118575,0.426970355052622,-0.697968391596979,-8.57832617331793e-19,1.03297653151132e-18,0,-1.8344880752956e-19,0.00160171348056191,-0.00120575010504475,1,-1.41798215029664e-19,-2.67293303194807e-21,1,0.0167936705423597,-0.000560010168439072,-0.000560010168439072,-0.00184734565890285,-0.00691428473759986,0.00121998686912674,0.00121998686912674,-0.00805919542814356,1,0,-2.16840434497101e-19,1,0.0167935309441877,-0.000560038168947495,-0.000560038168947495,-0.00184701923166981,-0.00691439263323453,0.00122004786847019,0.00122004786847019,-0.00805927470101097,22.5744323418253,-3.76058240471109,-0.146589195455374,-12.6012626338897,-0.146589195455374,-12.6012626338897,12.5038380512005,-5.36897950942285,1.0842021724855e-18,2.65398096112658e-19,8.34033271963776e-20,0,0,0,0.0167936705423597,-0.00184734565890285,-0.000560010168439073,-0.00691428473759986,-0.00805919542814356,0.00121998686912674,7.93258039229884e-12,4.3392157663498e-09,2.98350335005086e-12,1.41798215029664e-19,2.38524477946811e-18,9.10467293974722e-14
NC_k0001,0.00315789473684211,0.00315789473684211,0.224414418127507,130.221007330198,19.9692459338255,128.044499981974,20.5729257145784,-128.790679993494,-21.2181800903618,-124.182180477379,-22.4036570314809,1,800,-0.226532067721785,-0.3719247679771,-0.197490755780626,0.322113540981312,-2.4287346273537e-18,5.07518319193135e-19,0,-1.54644393366994e-18,0.00160135340885384,-0.00120553879963032,1,2.01753698592361e-20,6.87391414599615e-20,1,0.0167936705423597,-0.000560010168439073,-0.000560010168439073,-0.00184734565890285,-0.00691428473759986,0.00121998686912674,0.00121998686912674,-0.00805919542814356,1,0,-2.16840434497101e-19,1,0.0167935309441877,-0.000560038168947495,-0.000560038168947495,-0.00184701923166981,-0.00691439263323453,0.00122004786847019,0.00122004786847019,-0.00805927470101097,22.5781568982109,-3.75422239792095,-0.142484797323599,-12.593219963274,-0.142484797323599,-12.593219963274,12.4957041255841,-5.37848608142385,8.67361737988404e-19,-2.6685487453776e-19,-7.29647291603092e-19,0,0,0,0.0167936705423597,-0.00184734565890285,-0.000560010168439073,-0.00691428473759986,-0.00805919542814356,0.00121998686912674,1.63914901253519e-11,5.41403799779723e-09,1.54461552918578e-12,6.87391414599615e-20,3.46944695195361e-18,4.74931206529957e-14
NC_k0001,0.0131578947368421,0.0131578947368421,0.224231325980926,133.822870989636,19.2019511211077,124.686634818321,21.7325634427815,-136.1627839923,-19.5394839403463,-117.055318053931,-24.480723247441,1,800,-0.945681366751462,-1.52364772998797,-0.814878601924029,1.34229499586754,2.37811117386545e-18,6.76342573492758e-19,0,3.09537602662243e-19,0.00160296247440151,-0.00120647390525765,1,3.45460756386195e-20,9.2777914949422e-21,1,0.0167936705423597,-0.000560010168439072,-0.000560010168439072,-0.00184734565890285,-0.00691428473759986,0.00121998686912674,0.00121998686912674,-0.00805919542814357,1,0,-2.16840434497101e-19,1,0.0167935309441877,-0.000560038168947495,-0.000560038168947495,-0.00184701923166981,-0.00691439263323453,0.00122004786847019,0.00122004786847019,-0.00805927470101097,22.5630721370529,-3.78332027985998,-0.160745809247603,-12.6289716666775,-0.160745809247603,-12.6289716666775,12.534073352556,-5.33693373678016,1.30104260698261e-18,-8.68398350313797e-19,1.47567478504455e-19,0,0,0,0.0167936705423597,-0.00184734565890285,-0.000560010168439073,-0.00691428473759986,-0.00805919542814356,0.00121998686912674,3.80157135410828e-12,4.31627453860288e-09,5.22988455680317e-12,3.45460756386195e-20,1.04083408558608e-17,7.09265075170998e-14
NC_k0001,0.0231578947368421,0.0231578947368421,0.223996169867986,137.698446128658,18.6648865165627,121.404417565754,23.1748127316742,-143.505787344998,-18.1263722127759,-110.311208981228,-26.8125891336797,1,800,-1.67653296664907,-2.57253158953761,-1.40219130354161,2.35674196530471,-2.10830471038536e-18,-1.45106670032012e-18,0,8.72629224129141e-19,0.00160661256818639,-0.00120858650392721,1,-1.46809485098305e-19,6.16420518899365e-20,1,0.0167936705423597,-0.000560010168439072,-0.000560010168439072,-0.00184734565890285,-0.00691428473759985,0.00121998686912674,0.00121998686912674,-0.00805919542814356,1,0,-2.16840434497101e-19,1,0.0167935309441877,-0.000560038168947495,-0.000560038168947495,-0.00184701923166981,-0.00691439263323453,0.00122004786847019,0.00122004786847019,-0.00805927470101097,22.5449486343213,-3.85705607342132,-0.201389737238685,-12.7111927640579,-0.201389737238685,-12.7111927640579,12.6415416973088,-5.25085556443522,1.0842021724855e-18,5.54522289449367e-19,-1.20892727615138e-18,0,0,0,0.0167936705423597,-0.00184734565890285,-0.000560010168439073,-0.00691428473759986,-0.00805919542814356,0.00121998686912674,1.61527374570118e-12,4.89404656020929e-09,6.63251467462762e-12,1.46809485098305e-19,4.33680868994202e-18,3.02342689797098e-14
NC_k0002,-0.0268421052631579,-0.0268421052631579,0.701529656057971,-103.769537416339,46.8940360520606,-97.2011800914516,63.0439487276797,86.9952511556342,-58.7898200948849,115.086509168367,-51.6689001818629,1,800,8.08767227214319,14.1907343009644,7.35187416912552,3.72836710337656,-1.09673892184936e-18,-1.28524014856039e-19,0,-5.28932370890908e-19,-2.03236645607224e-05,-0.000474435709794114,1,5.82827360604414e-20,-1.83325727960996e-19,1,-0.0072609762275046,0.00798862637180394,0.00798862637180394,0.00271554906894998,-0.00216661494335417,0.0151594699561672,0.0151594699561672,-0.00644841969049436,1,0,2.16840434497101e-19,1,-0.00726087992985814,0.00798902580312253,0.00798902580312253,0.00271539595346404,-0.00216672230987997,0.015160227929665,0.015160227929665,-0.00644842001190149,-14.9787101142451,24.8687627229075,6.99988959258074,15.3519470295573,6.99988959258074,15.3519470295573,47.7204426032174,-8.84644454499024,1.73472347597681e-18,6.53168005244137e-20,-5.00198249338233e-19,0,0,0,-0.0072609762275046,0.00271554906894998,0.00798862637180394,-0.00216661494335417,-0.00644841969049437,0.0151594699561672,3.64265745029376e-13,9.96682582677515e-09,3.39033902102331e-12,1.83325727960996e-19,3.46944695195361e-18,2.53211938235361e-15
NC_k0002,-0.0168421052631579,-0.0168421052631579,0.699425030109441,-102.208842514888,48.1667433349716,-96.6285262315371,58.7029571266257,90.8504882161066,-56.5576128725384,109.106311566813,-50.8002567756586,1,800,5.25653564792823,9.12018900992272,4.74431913709087,2.32621811402677,-3.2536074059977e-19,-9.69693905928564e-19,0,1.73498817377282e-18,-2.01354766585882e-05,-0.000472874787890523,1,-6.93521021502068e-20,-2.16052325371469e-19,1,-0.0072609762275046,0.00798862637180394,0.00798862637180394,0.00271554906894998,-0.00216661494335417,0.0151594699561672,0.0151594699561672,-0.00644841969049436,1,0,2.16840434497101e-19,1,-0.00726087992985814,0.00798902580312253,0.00798902580312253,0.00271539595346404,-0.00216672230987997,0.015160227929665,0.015160227929665,-0.00644842001190149,-14.8682679754493,24.9058748853933,6.95882029877477,15.1966786456432,6.95882029877477,15.1966786456432,47.727371185578,-8.72326702552636,1.73472347597681e-18,-9.61969894590138e-20,-7.47641390775956e-19,0,0,0,-0.0072609762275046,0.00271554906894998,0.00798862637180394,-0.00216661494335417,-0.00644841969049437,0.0151594699561672,1.03677099738174e-12,1.05131009268666e-08,5.03440874188892e-12,2.16052325371469e-19,5.20417042793042e-18,5.06360409778312e-14
NC_k0002,-0.00684210526315789,-0.00684210526315789,0.698554744729353,-100.00924586759,50.2513251298603,-97.4235030212233,54.63225604965,95.4987571895566,-53.9852824097569,103.056636856778,-51.3679827927502,1,800,2.16659750459304,3.73884860539389,1.94879721629569,0.939250435852092,-2.89686674168012e-18,2.04980649746561e-18,0,-2.51784514038281e-18,-1.97496308104007e-05,-0.000471888936413602,1,-2.27802546666131e-20,-2.18239523635969e-20,1,-0.0072609762275046,0.00798862637180394,0.00798862637180394,0.00271554906894998,-0.00216661494335417,0.0151594699561672,0.0151594699561672,-0.00644841969049436,1,0,2.16840434497101e-19,1,-0.00726087992985814,0.00798902580312253,0.00798902580312253,0.00271539595346404,-0.00216672230987997,0.015160227929665,0.015160227929665,-0.00644842001190149,-14.8057902893866,24.9414282458916,6.93576241279565,15.1102808206051,6.93576241279565,15.1102808206051,47.7621154687988,-8.65828329799882,1.73472347597681e-18,-2.70949241421043e-19,-2.97295180299731e-19,0,0,0,-0.0072609762275046,0.00271554906894998,0.00798862637180394,-0.00216661494335417,-0.00644841969049437,0.0151594699561672,1.97407369131237e-12,3.71023697207871e-09,2.88438872829446e-12,2.27802546666131e-20,3.46944695195361e-18,8.55051077607025e-14
NC_k0002,0.00315789473684211,0.00315789473684211,0.698428658165848,-97.9906942562832,53.2911176972141,-99.2059432795029,51.2623153750033,100.908551162215,-51.8975008014883,97.4105490021936,-53.1237639195353,1,800,-1.00192227503697,-1.72761225493679,-0.900746394891334,-0.432926818803034,-5.43819553965331e-19,3.52445115396594e-18,0,-2.45613084924145e-19,-1.96728473398575e-05,-0.000471728469190099,1,-1.38130089390085e-19,4.84548144930901e-21,1,-0.0072609762275046,0.00798862637180394,0.00798862637180394,0.00271554906894998,-0.00216661494335417,0.0151594699561672,0.0151594699561672,-0.00644841969049436,1,0,2.16840434497101e-19,1,-0.00726087992985814,0.00798902580312253,0.00798902580312253,0.00271539595346404,-0.00216672230987997,0.015160227929665,0.015160227929665,-0.00644842001190149,-14.7956856552009,24.9476483638978,6.93204451533762,15.096561075447,6.93204451533762,15.096561075447,47.7689508573012,-8.64816787371239,1.51788304147971e-18,-2.51924021474579e-19,-6.49216386442555e-19,0,0,0,-0.0072609762275046,0.00271554906894998,0.00798862637180394,-0.00216661494335417,-0.00644841969049437,0.0151594699561672,1.54270808469847e-12,9.42690472955069e-09,7.33627887804183e-12,1.38130089390085e-19,3.46944695195361e-18,5.88152439491914e-15
NC_k0002,0.0131578947368421,0.0131578947368421,0.699005343362975,-96.7800031413217,57.1457861658683,-101.427493487401,48.8263294655628,106.858377065362,-50.8507520145282,92.4699763444303,-55.6009761808169,1,800,-4.13619202170364,-7.15773432329395,-3.72699569384922,-1.81271263437376,1.02813256184421e-18,-3.37864237302999e-18,0,1.74671428613638e-18,-1.99804938801477e-05,-0.0004724259217077,1,-4.05662614707052e-19,3.12771735498961e-19,1,-0.0072609762275046,0.00798862637180394,0.00798862637180394,0.00271554906894998,-0.00216661494335417,0.0151594699561672,0.0151594699561672,-0.00644841969049437,1,0,2.16840434497101e-19,1,-0.00726087992985814,0.00798902580312253,0.00798902580312253,0.00271539595346404,-0.00216672230987997,0.015160227929665,0.015160227929665,-0.00644842001190149,-14.8396229849129,24.9214744133901,6.94823924833433,15.1567357094348,6.94823924833433,15.1567357094348,47.7415641308715,-8.69293934450391,1.73472347597681e-18,-1.90029743262812e-19,4.2188252919966e-20,0,0,0,-0.0072609762275046,0.00271554906894998,0.00798862637180394,-0.00216661494335417,-0.00644841969049437,0.0151594699561672,1.23863174923859e-12,9.37880992806106e-09,1.47957278585121e-12,4.05662614707052e-19,3.46944695195361e-18,8.89442262056132e-15
NC_k0002,0.0231578947368421,0.0231578947368421,0.700530221423627,-96.813182630349,61.4457286005921,-103.318870946958,47.2881167602525,112.924102116827,-51.176886901952,88.3232722914237,-58.0646017974174,1,800,-7.09188799182148,-12.3827625722466,-6.42663468614249,-3.21229973289809,8.75564060942479e-19,2.58678568135543e-18,0,2.81744334080462e-19,-2.03353208385496e-05,-0.000473824047063515,1,-2.09512414420617e-20,-2.10084388671417e-20,1,-0.0072609762275046,0.00798862637180394,0.00798862637180394,0.00271554906894998,-0.00216661494335417,0.0151594699561672,0.0151594699561672,-0.00644841969049436,1,0,2.16840434497101e-19,1,-0.00726087992985814,0.00798902580312253,0.00798902580312253,0.00271539595346404,-0.00216672230987997,0.015160227929665,0.015160227929665,-0.00644842001190149,-14.9320051342188,24.8785934425711,6.9824191593623,15.2865734003394,6.9824191593623,15.2865734003394,47.7120827039207,-8.79352281699424,1.30104260698261e-18,-6.32354483091929e-19,-1.03216549780805e-18,0,0,0,-0.0072609762275046,0.00271554906894998,0.00798862637180394,-0.00216661494335417,-0.00644841969049437,0.0151594699561672,8.87980268678654e-13,8.46947913004361e-09,1.15779303727129e-12,2.10084388671417e-20,5.20417042793042e-18,1.93349558465888e-14
NC_k0003,-0.0268421052631579,-0.0268421052631579,0.275046858190375,-92.2573339336374,4.53041372276923,-107.415207411239,15.1530158499955,86.0480600374461,-1.35694048137588,110.617666321637,-13.5423490695544,1,800,3.71495432025032,-4.54281400607957,-0.273193696323607,2.79731860634563,2.97560027392476e-19,-2.16443884111443e-18,0,2.37909055571072e-18,-0.000565777222141423,0.00170751009880924,1,8.74095574111718e-20,1.52339149759693e-19,1,-0.00890341594678861,0.00659383141145556,0.00659383141145556,0.00818599167466987,0.011081958503288,-0.00383992549913756,-0.00383992549913756,0.00852556625629547,1,-1.0842021724855e-19,0,1,-0.00890320681309504,0.00659416110302613,0.00659416110302613,0.0081857735731729,0.0110820490954147,-0.00384011749541252,-0.00384011749541252,0.0085257207582283,-16.3927347938293,23.533310831012,6.42737017180259,10.8447296338232,6.42737017180259,10.8447296338232,-19.7825594518989,1.43842447060499,1.0842021724855e-18,1.79552378909427e-19,1.53266939654083e-19,0,0,0,-0.00890341594678861,0.00818599167466987,0.00659383141145556,0.011081958503288,0.00852556625629547,-0.00383992549913756,1.32420839342714e-12,1.04518687032053e-08,2.925378959222e-12,1.52339149759693e-19,1.73472347597681e-18,6.03454783208533e-14
NC_k0003,-0.0168421052631579,-0.0168421052631579,0.273610285203556,-94.6433185139089,7.49938984521293,-103.958955560525,14.0146158481386,90.0855863321826,-4.62141186763245,105.530106353001,-12.1131685351033,1,800,2.37778285330535,-2.9281817602555,-0.181631639293527,1.75797551618645,5.2771806975168e-19,4.96461395945139e-19,0,3.25600788413533e-18,-0.000561842819592986,0.00170461751879475,1,-9.34561719583845e-20,1.10041508870891e-19,1,-0.0089034159467886,0.00659383141145556,0.00659383141145556,0.00818599167466987,0.011081958503288,-0.00383992549913756,-0.00383992549913756,0.00852556625629547,1,-1.0842021724855e-19,0,1,-0.00890320681309504,0.00659416110302613,0.00659416110302613,0.0081857735731729,0.0110820490954147,-0.00384011749541252,-0.00384011749541252,0.0085257207582283,-16.3054793533286,23.4816989613768,6.32161439825651,10.7823922022854,6.32161439825651,10.7823922022854,-19.6233820223622,1.55519266285952,1.0842021724855e-18,-1.19570007652016e-19,1.85988302414533e-19,0,0,0,-0.00890341594678861,0.00818599167466987,0.00659383141145556,0.011081958503288,0.00852556625629547,-0.00383992549913756,1.33089581867322e-12,1.32812622898889e-08,2.83486082361408e-12,1.10041508870891e-19,1.73472347597681e-18,7.30382427999205e-15
NC_k0003,-0.00684210526315789,-0.00684210526315789,0.273032313424865,-97.1208884965527,9.92473781013434,-100.861851444139,12.5353879361598,94.3668765163858,-7.3362698770297,100.642598971575,-10.3486576616726,1,800,0.970715524649367,-1.20422381367282,-0.0770577353777523,0.712800473940707,8.10239953607942e-20,5.27172440740125e-19,0,-5.14572515456987e-19,-0.000559750498312984,0.00170320673713953,1,-8.04965143670811e-20,-2.61188786163566e-21,1,-0.0089034159467886,0.00659383141145556,0.00659383141145556,0.00818599167466987,0.011081958503288,-0.00383992549913756,-0.00383992549913756,0.00852556625629547,1,-1.0842021724855e-19,0,1,-0.00890320681309504,0.00659416110302613,0.00659416110302613,0.0081857735731729,0.0110820490954147,-0.00384011749541252,-0.00384011749541252,0.0085257207582283,-16.2705029089906,23.4737101215361,6.26306575529582,10.7519728036365,6.26306575529582,10.7519728036365,-19.5579449720672,1.62867917348431,8.67361737988404e-19,-5.39732139913212e-19,-9.4407669959894e-20,0,0,0,-0.00890341594678861,0.00818599167466987,0.00659383141145556,0.011081958503288,0.00852556625629547,-0.00383992549913756,1.47888518195761e-12,7.65450230430776e-09,5.59048580723024e-12,8.04965143670811e-20,5.20417042793042e-18,3.86295621995724e-15
NC_k0003,0.00315789473684211,0.00315789473684211,0.272953062710852,-99.8035303460412,11.9029848615127,-98.0794596352569,10.7007582242958,98.9037977828377,-9.60942615242056,96.0076458015974,-8.22059430358158,1,800,-0.448164481329946,0.556708337411657,0.0358194725069541,-0.328810384861635,5.70182213677702e-19,-4.0286102926915e-18,0,9.97301886053134e-19,-0.000559432396857684,0.00170299705900977,1,-8.40435974038499e-20,-1.14402866835592e-19,1,-0.00890341594678861,0.00659383141145556,0.00659383141145556,0.00818599167466987,0.011081958503288,-0.00383992549913756,-0.00383992549913756,0.00852556625629546,1,-1.0842021724855e-19,0,1,-0.00890320681309504,0.00659416110302613,0.00659416110302613,0.0081857735731729,0.0110820490954147,-0.00384011749541252,-0.00384011749541252,0.0085257207582283,-16.2657049367618,23.4735617582165,6.25385298368503,10.7473479633465,6.25385298368503,10.7473479633465,-19.5490045542137,1.64069840194045,1.30104260698261e-18,3.8062435433182e-19,6.56645765218384e-19,0,0,0,-0.00890341594678861,0.00818599167466987,0.00659383141145556,0.011081958503288,0.00852556625629547,-0.00383992549913756,2.51456663691875e-12,8.66549231800524e-09,2.49101068160426e-12,1.14402866835592e-19,3.46944695195361e-18,2.68451721689904e-14
NC_k0003,0.0131578947368421,0.0131578947368421,0.273325790705222,-102.778425870188,13.5091767561324,-95.5401770473533,8.45153062057977,103.702953870381,-11.5037290858544,91.6351855826445,-5.67938417641899,1,800,-1.86283428185116,2.30128212868198,0.144687789454181,-1.37256657484596,3.17716764559168e-19,-3.6041086469548e-20,0,-3.86907444949023e-18,-0.000560859063020281,0.00170394403187794,1,-2.95638822214605e-19,-3.56402989473495e-20,1,-0.00890341594678861,0.00659383141145556,0.00659383141145556,0.00818599167466987,0.011081958503288,-0.00383992549913756,-0.00383992549913756,0.00852556625629546,1,-1.0842021724855e-19,0,1,-0.00890320681309504,0.00659416110302613,0.00659416110302613,0.0081857735731729,0.0110820490954147,-0.00384011749541252,-0.00384011749541252,0.0085257207582283,-16.2882584556633,23.4764462341816,6.29446440527296,10.7680138735301,6.29446440527296,10.7680138735301,-19.5911190554875,1.58865038903051,1.30104260698261e-18,-5.65645703565458e-20,-2.00198386542829e-20,0,0,0,-0.00890341594678861,0.00818599167466987,0.00659383141145556,0.011081958503288,0.00852556625629547,-0.00383992549913756,1.91305460854991e-12,7.60737016339592e-09,4.16643897900915e-12,2.95638822214605e-19,1.73472347597681e-18,3.24952291332805e-14
NC_k0003,0.0231578947368421,0.0231578947368421,0.274373549157881,-106.097682869083,14.77381313875,-93.1300487791359,5.69107632451253,108.724711630281,-13.0524183914777,87.5030672439341,-2.6295328673956,1,800,-3.23839065481979,3.96688640037061,0.240403596031765,-2.41719269180787,-3.52170491433226e-19,2.31443646467235e-18,0,2.47317738730495e-18,-0.000564122431550446,0.00170624813429549,1,4.99005589640006e-20,-2.94236086134094e-20,1,-0.00890341594678861,0.00659383141145556,0.00659383141145556,0.00818599167466987,0.011081958503288,-0.00383992549913756,-0.00383992549913756,0.00852556625629546,1,-1.0842021724855e-19,0,1,-0.00890320681309504,0.00659416110302613,0.00659416110302613,0.0081857735731729,0.0110820490954147,-0.00384011749541252,-0.00384011749541252,0.0085257207582283,-16.3517894811843,23.5048816574677,6.38296744058674,10.817071971949,6.38296744058674,10.817071971949,-19.7091042580361,1.48446366538706,8.67361737988404e-19,4.06506666764216e-19,7.29167663382865e-19,0,0,0,-0.00890341594678861,0.00818599167466987,0.00659383141145556,0.011081958503288,0.00852556625629547,-0.00383992549913756,7.95733929592574e-13,6.73232271822858e-09,5.62686631353308e-12,4.99005589640006e-20,5.20417042793042e-18,7.14188246089215e-14
NC_k0004,-0.0268421052631579,-0.0268421052631579,0.179471226744681,27.7332927353023,-17.8299492931714,32.3774844851773,-19.8421363861695,-30.1690928115123,14.1802194314167,-31.4444599485991,18.5889237513182,1,800,-5.73882598857536,0.195055023027915,-1.82944441863066,-1.30361608621987,-1.02398342389164e-19,9.79507576715893e-19,0,-7.21076501019626e-19,-0.000871256468180473,-0.00181137791954294,1,-2.44626230758199e-20,-9.20534350890529e-20,1,-0.00312662682058422,-0.00671160527592423,-0.00671160527592423,-0.0103971201687872,-0.012762173308884,0.000548361139259962,0.000548361139259962,-0.00859678335400792,1,0,-4.33680868994202e-19,1,-0.00312680222516976,-0.00671194085618802,-0.00671194085618802,-0.010397113811039,-0.0127622547349887,0.000548388557316925,0.000548388557316925,-0.0085969689148615,3.33986676222305,-23.3871997775527,-7.7316326986975,-5.81258511172266,-7.7316326986975,-5.81258511172266,3.46957670780878,-0.314755165297018,1.30104260698261e-18,-4.7472370105754e-19,-2.22141423861505e-19,0,0,0,-0.00312662682058422,-0.0103971201687872,-0.00671160527592423,-0.012762173308884,-0.00859678335400792,0.000548361139259962,1.32511138072689e-12,1.01298428037378e-08,7.57632058137714e-12,9.20534350890529e-20,3.46944695195361e-18,1.60992682448057e-13
NC_k0004,-0.0168421052631579,-0.0168421052631579,0.179380085282953,28.5403960040788,-18.9992835259466,31.2535388669519,-19.9069446119316,-30.4657987115136,15.7340732147409,-30.8734475305649,18.2461939963417,1,800,-3.66377297015336,0.119300400342709,-1.16967594803752,-0.811535107232317,-3.15202135497007e-19,7.41062838980132e-19,0,4.06681693800471e-19,-0.000872418379855891,-0.00180952752738883,1,2.12375568077778e-19,-1.3623000582519e-19,1,-0.00312662682058421,-0.00671160527592423,-0.00671160527592423,-0.0103971201687872,-0.012762173308884,0.000548361139259962,0.000548361139259962,-0.00859678335400792,1,0,-4.33680868994202e-19,1,-0.00312680222516976,-0.00671194085618802,-0.00671194085618802,-0.010397113811039,-0.0127622547349887,0.000548388557316925,0.000548388557316925,-0.0085969689148615,3.21367198561578,-23.4085268573438,-7.65118850231949,-5.79610449180175,-7.65118850231949,-5.79610449180175,3.36202630394068,-0.438971363094219,8.67361737988404e-19,-7.21602523336959e-19,-3.40915880942976e-19,0,0,0,-0.00312662682058422,-0.0103971201687872,-0.00671160527592423,-0.012762173308884,-0.00859678335400792,0.000548361139259962,2.19550056161179e-12,8.39598393215875e-09,3.00654977872569e-13,2.12375568077778e-19,5.20417042793042e-18,7.59726900886301e-14
NC_k0004,-0.00684210526315789,-0.00684210526315789,0.179425744777303,29.2142550407347,-19.5950384209058,30.2863600228406,-19.8888162642395,-30.4914001915657,16.7848324273665,-30.5776542161797,17.7628761957472,1,800,-1.49655517166323,0.0482079531773387,-0.477954582100347,-0.326725613071942,-1.32878293600518e-20,-2.00620249865549e-20,0,-3.13463070977175e-18,-0.000873091887049097,-0.00180870759626806,1,5.559802150043e-20,7.66126568086956e-20,1,-0.00312662682058422,-0.00671160527592423,-0.00671160527592423,-0.0103971201687872,-0.012762173308884,0.000548361139259962,0.000548361139259962,-0.00859678335400792,1,0,-4.33680868994202e-19,1,-0.00312680222516976,-0.00671194085618802,-0.00671194085618802,-0.010397113811039,-0.0127622547349887,0.000548388557316925,0.000548388557316925,-0.0085969689148615,3.14589442632721,-23.4383326597962,-7.60632584241787,-5.78828324518226,-7.60632584241787,-5.78828324518226,3.30769832033674,-0.515723586024143,1.73472347597681e-18,-1.16733327577894e-19,-6.9572203142602e-19,0,0,0,-0.00312662682058422,-0.0103971201687872,-0.00671160527592423,-0.012762173308884,-0.00859678335400792,0.000548361139259962,6.86176364273807e-12,3.24414471339242e-09,9.14292942379249e-12,7.66126568086956e-20,1.73472347597681e-18,1.2932180520396e-13
NC_k0004,0.00315789473684211,0.00315789473684211,0.17943702682481,29.9712741864475,-19.8487247344661,29.4771517069264,-19.7185934778963,-30.5266219575816,17.5409379448086,-30.4926071776739,17.0905318333626,1,800,0.691130766365266,-0.0222252665999203,0.220738814922571,0.150513398961562,-6.09228447312656e-19,-4.54395125893755e-20,0,-5.27323008291125e-18,-0.000873197126150739,-0.00180859149157217,1,1.0097023615975e-19,1.20214526377991e-19,1,-0.00312662682058422,-0.00671160527592422,-0.00671160527592422,-0.0103971201687872,-0.012762173308884,0.000548361139259962,0.000548361139259962,-0.00859678335400792,1,0,-4.33680868994202e-19,1,-0.00312680222516976,-0.00671194085618802,-0.00671194085618802,-0.010397113811039,-0.0127622547349887,0.000548388557316925,0.000548388557316925,-0.0085969689148615,3.13541256773167,-23.4439400879959,-7.59919960456248,-5.78706498490538,-7.59919960456248,-5.78706498490538,3.29950668408173,-0.528219462448055,1.73472347597681e-18,-4.3318793300818e-19,-8.20537948984158e-19,0,0,0,-0.00312662682058422,-0.0103971201687872,-0.00671160527592423,-0.012762173308884,-0.00859678335400792,0.000548361139259962,5.42767323711037e-12,8.10870768823804e-09,6.82556783298949e-12,1.20214526377991e-19,3.46944695195361e-18,9.15714056079114e-14
NC_k0004,0.0131578947368421,0.0131578947368421,0.179395475686574,30.8786234075666,-19.9126818606872,28.7890885783959,-19.272115152015,-30.734773297078,18.0877247004653,-30.4890236756919,16.1662450588238,1,800,2.87059756410292,-0.0929473310864664,0.916624576895415,0.631642891559152,-7.11269447677197e-19,5.39702262466348e-20,0,4.81247062938451e-19,-0.000872730326583799,-0.00180912865089807,1,2.47739317091768e-19,-4.81201361791829e-20,1,-0.00312662682058422,-0.00671160527592423,-0.00671160527592423,-0.0103971201687872,-0.012762173308884,0.000548361139259962,0.000548361139259962,-0.00859678335400792,1,0,-4.33680868994202e-19,1,-0.00312680222516976,-0.00671194085618802,-0.00671194085618802,-0.010397113811039,-0.0127622547349887,0.000548388557316925,0.000548388557316925,-0.0085969689148615,3.18196565236466,-23.4210951662806,-7.63045904966012,-5.79243868983679,-7.63045904966012,-5.79243868983679,3.33631972283976,-0.474004644301944,8.67361737988404e-19,9.43713734202844e-20,1.42562434547291e-19,0,0,0,-0.00312662682058422,-0.0103971201687872,-0.00671160527592423,-0.012762173308884,-0.00859678335400792,0.000548361139259962,1.52041819061822e-12,7.79802254777449e-09,9.52237253808175e-12,2.47739317091768e-19,3.46944695195361e-18,2.59924988942998e-14
NC_k0004,0.0231578947368421,0.0231578947368421,0.179396506944825,31.9458548853732,-19.8726997198137,28.0662182993054,-18.343111461186,-31.2003897483831,18.4742832048517,-30.3316601608937,14.8282806500944,1,800,4.99395662820525,-0.166046821942717,1.59321023606665,1.12267546446355,-9.22352705110929e-19,-8.23392125347535e-19,0,-1.83323076076452e-18,-0.00087172764122749,-0.00181054473482497,1,7.2515435625585e-20,5.34197686268987e-20,1,-0.00312662682058422,-0.00671160527592423,-0.00671160527592423,-0.0103971201687872,-0.012762173308884,0.000548361139259962,0.000548361139259962,-0.00859678335400792,1,0,-4.33680868994202e-19,1,-0.00312680222516976,-0.00671194085618802,-0.00671194085618802,-0.010397113811039,-0.0127622547349887,0.000548388557316925,0.000548388557316925,-0.0085969689148615,3.28659921784404,-23.3899189699831,-7.69778597988433,-5.80500527103881,-7.69778597988433,-5.80500527103881,3.42314508097635,-0.364192237805797,1.51788304147971e-18,-9.57843150920617e-19,-1.56309461143615e-18,0,0,0,-0.00312662682058422,-0.0103971201687872,-0.00671160527592423,-0.012762173308884,-0.00859678335400792,0.000548361139259962,6.45331074298919e-13,7.93831290183246e-09,5.84053017639146e-12,7.2515435625585e-20,8.67361737988404e-18,1.46980547636622e-14
NC_k0005,-0.0268421052631579,-0.0268421052631579,0.729855287050453,51.1550716737524,84.9414472355802,61.8547339380445,110.464289185116,-46.2755019628713,-97.1297924316234,-66.0475287304718,-96.7280768977559,1,800,14.9971830808885,-3.9679347363989,3.63965195368162,0.966242911156304,-2.14421096641506e-18,-2.28275379285034e-19,0,5.43173112316621e-19,0.000443425032110992,7.0227890435933e-05,1,1.30231322559858e-19,1.46587000760062e-19,1,0.00652234756030476,0.0163762563016298,0.0163762563016298,0.000290094583144851,0.00265900651085749,-0.0060236689931776,-0.0060236689931776,-0.00677038796632783,1,0,1.35525271560688e-20,1,0.00652231223490594,0.0163770751144448,0.0163770751144448,0.000290215064070464,0.00265886294729243,-0.00602397017662727,-0.00602397017662727,-0.00677029579503096,9.38045998933505,52.1020578426358,15.6259878535955,-7.65305169247101,15.6259878535955,-7.65305169247101,-17.674120451267,-14.4015564603182,1.73472347597681e-18,1.01160042795627e-19,-1.55156589722729e-19,0,0,0,0.00652234756030476,0.000290094583144854,0.0163762563016298,0.00265900651085749,-0.00677038796632783,-0.00602366899317761,4.8924874143835e-13,1.52244474830947e-08,2.79597322800277e-12,1.46587000760062e-19,2.60208521396521e-18,1.36903950672288e-15
NC_k0005,-0.0168421052631579,-0.0168421052631579,0.728458143059099,54.1250496678237,89.680069536697,61.1847145423912,106.125308308836,-50.9324234240625,-97.6424633328032,-63.6421019268662,-96.6277786418738,1,800,9.53579057913243,-2.42628769041537,2.34613595327663,0.597654585455337,2.83576042828899e-18,7.56109254322472e-19,0,1.73433966417258e-18,0.00044411202061956,6.95556677754904e-05,1,-2.8265130481933e-19,6.95299017069988e-20,1,0.00652234756030476,0.0163762563016298,0.0163762563016298,0.000290094583144853,0.00265900651085749,-0.0060236689931776,-0.0060236689931776,-0.00677038796632782,1,0,1.35525271560688e-20,1,0.00652231223490594,0.0163770751144448,0.0163770751144448,0.000290215064070464,0.00265886294729243,-0.00602397017662727,-0.00602397017662727,-0.00677029579503096,9.50945030734789,52.123998011884,15.4518393535132,-7.53408924573718,15.4518393535132,-7.53408924573718,-17.6641847223599,-14.4107100526244,1.73472347597681e-18,-7.19937028725596e-20,-2.20924324136559e-19,0,0,0,0.00652234756030476,0.000290094583144854,0.0163762563016298,0.00265900651085749,-0.00677038796632783,-0.00602366899317761,1.82557459516967e-13,7.9477782013212e-09,1.50467656796859e-12,2.8265130481933e-19,3.46944695195361e-18,8.38239876047754e-15
NC_k0005,-0.00684210526315789,-0.00684210526315789,0.727948697638223,56.9410897491891,94.6172980361459,59.8703259176982,101.383022540724,-55.4205571490607,-97.5277745043962,-60.628053760073,-96.9463431514202,1,800,3.88902739580345,-0.96920193178928,0.963542403124693,0.239903983085931,3.92880350716146e-18,-1.43495322198759e-18,0,2.53364098136012e-18,0.000444377292719742,6.95093918052602e-05,1,-1.91878588305959e-19,5.36681927713668e-20,1,0.00652234756030476,0.0163762563016298,0.0163762563016298,0.000290094583144853,0.00265900651085749,-0.00602366899317761,-0.00602366899317761,-0.00677038796632783,1,0,1.35525271560688e-20,1,0.00652231223490594,0.0163770751144448,0.0163770751144448,0.000290215064070464,0.00265886294729243,-0.00602397017662727,-0.00602397017662727,-0.00677029579503096,9.57856244405773,52.1690744598921,15.3544825527231,-7.46863592798573,15.3544825527231,-7.46863592798573,-17.6682132022589,-14.4101769364758,1.73472347597681e-18,1.97100662776075e-19,-1.1945571587977e-19,0,0,0,0.00652234756030476,0.000290094583144854,0.0163762563016298,0.00265900651085749,-0.00677038796632783,-0.00602366899317761,1.26343004047377e-12,4.89263303103283e-09,1.19126064389996e-12,1.91878588305959e-19,3.46944695195361e-18,4.54491453053909e-14
NC_k0005,0.00315789473684211,0.00315789473684211,0.727877829511755,59.2064182548202,99.5769685307208,57.8512023322129,96.4487513393875,-59.3487783659489,-97.1109294909996,-56.9424670016075,-97.3904510989624,1,800,-1.79568126247201,0.446094886356992,-0.445363504117954,-0.110433885548147,1.65092015375783e-18,-1.8001832409318e-18,0,2.36940923382139e-18,0.000444411019377692,6.95234825116278e-05,1,-1.80756584695519e-19,2.5282691739918e-20,1,0.00652234756030476,0.0163762563016298,0.0163762563016298,0.000290094583144854,0.00265900651085749,-0.0060236689931776,-0.0060236689931776,-0.00677038796632782,1,0,1.35525271560688e-20,1,0.00652231223490594,0.0163770751144448,0.0163770751144448,0.000290215064070464,0.00265886294729243,-0.00602397017662727,-0.00602397017662727,-0.00677029579503096,9.58907003620963,52.177705980193,15.339022545777,-7.45835156887963,15.339022545777,-7.45835156887963,-17.6692674577332,-14.4094785229393,8.67361737988404e-19,-1.73838611862254e-19,-5.4155754690189e-19,0,0,0,0.00652234756030476,0.000290094583144854,0.0163762563016298,0.00265900651085749,-0.00677038796632783,-0.00602366899317761,4.18243808165753e-12,7.86271818008369e-09,3.25204795305532e-12,1.80756584695519e-19,3.46944695195361e-18,3.20310395121765e-15
NC_k0005,0.0131578947368421,0.0131578947368421,0.728209012209246,60.7825818677166,104.41412684723,55.2097466020634,91.489453075557,-62.6084033237577,-96.7135789849922,-52.6358970965553,-97.6588557521224,1,800,-7.46551297203616,1.88112768567413,-1.84284714449948,-0.464453028944837,5.67009148847949e-19,1.11793790658787e-18,0,2.77844673800642e-18,0.000444244235167992,6.95066463693508e-05,1,-5.58826348101853e-19,-1.57540739781223e-19,1,0.00652234756030476,0.0163762563016298,0.0163762563016298,0.000290094583144855,0.00265900651085749,-0.00602366899317761,-0.00602366899317761,-0.00677038796632783,1,0,1.35525271560688e-20,1,0.00652231223490594,0.0163770751144448,0.0163770751144448,0.000290215064070464,0.00265886294729243,-0.00602397017662727,-0.00602397017662727,-0.00677029579503096,9.54201514120858,52.1428323006188,15.4068366252509,-7.50369227986805,15.4068366252509,-7.50369227986805,-17.6655027579443,-14.4112850784024,8.67361737988404e-19,1.13712778062317e-19,-9.32876821850911e-20,0,0,0,0.00652234756030476,0.000290094583144854,0.0163762563016298,0.00265900651085749,-0.00677038796632783,-0.00602366899317761,3.53358294157828e-13,5.09971170087466e-09,9.94130907806051e-13,5.58826348101853e-19,8.67361737988404e-19,1.72279111737488e-14
NC_k0005,0.0231578947368421,0.0231578947368421,0.729161102957052,61.6702656132621,108.92426110994,52.226067011023,86.6435482610366,-65.2230618377261,-96.6208540640075,-47.9670580951162,-97.4039102176508,1,800,-13.0256422362728,3.39022497029509,-3.17968769777266,-0.829771370681829,-1.41851548885494e-18,-1.83098082949838e-18,0,-4.41985100599744e-18,0.000443748435291037,6.98448336153804e-05,1,-1.17245502748629e-19,2.36872730958544e-20,1,0.00652234756030476,0.0163762563016297,0.0163762563016297,0.000290094583144856,0.00265900651085749,-0.0060236689931776,-0.0060236689931776,-0.00677038796632782,1,0,1.35525271560688e-20,1,0.00652231223490594,0.0163770751144448,0.0163770751144448,0.000290215064070464,0.00265886294729243,-0.00602397017662727,-0.00602397017662727,-0.00677029579503096,9.43430384550503,52.0992597811683,15.5529400957568,-7.60312122712535,15.5529400957568,-7.60312122712535,-17.6663583328053,-14.4059554129132,2.60208521396521e-18,8.53865011082471e-20,-4.20639743383024e-19,0,0,0,0.00652234756030476,0.000290094583144854,0.0163762563016298,0.00265900651085749,-0.00677038796632783,-0.00602366899317761,2.7773384683228e-13,8.40794471058418e-09,2.18152605192999e-12,1.17245502748629e-19,6.93889390390723e-18,1.30943874722e-14
NC_k0006,-0.0268421052631579,-0.0268421052631579,0.265356985986954,-87.2987428785271,-83.6687483464352,-71.3399007104238,-99.8300025454578,76.5841521435273,89.6852205252337,81.5332233869767,95.6366518865245,1,800,7.55759966401635,2.49143702496133,3.31618210736261,-0.420448486636665,2.60793503525719e-19,7.682555744372e-19,0,2.07594788636412e-18,0.000134451817255308,-0.00013635785664645,1,-3.1132572251082e-20,-1.75697806369466e-19,1,-0.00398200939445784,0.0075474266198202,0.0075474266198202,0.00927323019774596,-0.0149178558947045,0.000283080721679624,0.000283080721679624,0.0043086651193074,1,0,2.16840434497101e-19,1,-0.00398181063383291,0.0075478039911512,0.0075478039911512,0.00927309757738108,-0.0149176818706341,0.000283094875715708,0.000283094875715708,0.00430835848035239,-11.7744532041252,32.0224177063142,-11.125337474532,10.4276892600934,-11.125337474532,10.4276892600934,-3.5005714151393,14.2696927006597,1.51788304147971e-18,-2.81783176770575e-19,1.09797017495089e-18,0,0,0,-0.00398200939445784,0.00927323019774596,0.00754742661982021,-0.0149178558947045,0.00430866511930741,0.000283080721679624,1.12902647102169e-12,1.52587198557149e-08,3.15146896694093e-13,1.75697806369466e-19,5.20417042793042e-18,1.48527905634754e-14
NC_k0006,-0.0168421052631579,-0.0168421052631579,0.264156991539602,-83.4839507338444,-86.3942577599792,-72.8341074509991,-96.710544175747,76.1876863520541,90.5230748107283,79.6110154438389,94.4284461484886,1,800,4.86616404956116,1.61834077975402,2.13988659367397,-0.272757386359872,2.1293084804993e-18,5.03389033575271e-19,0,-5.64549113706216e-19,0.000135963271480694,-0.000138360990190412,1,-1.5013305058168e-19,-1.25942232286754e-19,1,-0.00398200939445784,0.0075474266198202,0.0075474266198202,0.00927323019774596,-0.0149178558947045,0.000283080721679624,0.000283080721679624,0.00430866511930741,1,0,2.16840434497101e-19,1,-0.00398181063383291,0.0075478039911512,0.0075478039911512,0.00927309757738108,-0.0149176818706341,0.000283094875715708,0.000283094875715708,0.00430835848035239,-11.709041547313,31.9657717194688,-11.0206298541866,10.3501426468322,-11.0206298541866,10.3501426468322,-3.46220764818785,14.2209431159999,1.0842021724855e-18,1.21241095057607e-19,1.44839030010135e-19,0,0,0,-0.00398200939445784,0.00927323019774596,0.00754742661982021,-0.0149178558947045,0.00430866511930741,0.000283080721679624,4.61778801321744e-13,1.3701217644684e-08,1.60886570338979e-12,1.5013305058168e-19,2.60208521396521e-18,4.81231011826248e-14
NC_k0006,-0.00684210526315789,-0.00684210526315789,0.263657320672191,-79.7326849886391,-89.4116606141711,-75.2737587696232,-93.6305512287946,76.5113180130824,91.6406956818945,77.9761940186195,93.2607869754905,1,800,1.99742389121899,0.668937642747009,0.87989930620879,-0.112783874675891,8.51195320096667e-19,-2.56240701434227e-19,0,1.14618612450655e-18,0.000136809838274059,-0.000139334607886489,1,-7.91725486160836e-20,4.355893697415e-20,1,-0.00398200939445784,0.0075474266198202,0.0075474266198202,0.00927323019774596,-0.0149178558947045,0.000283080721679624,0.000283080721679624,0.0043086651193074,1,0,2.16840434497101e-19,1,-0.00398181063383291,0.0075478039911512,0.0075478039911512,0.00927309757738108,-0.0149176818706341,0.000283094875715708,0.000283094875715708,0.00430835848035239,-11.6787549744407,31.9622335896351,-10.9673180062953,10.3088567429053,-10.9673180062953,10.3088567429053,-3.44726658413427,14.2049763176832,9.75781955236954e-19,9.81050790244827e-20,-2.21733223523246e-19,0,0,0,-0.00398200939445784,0.00927323019774596,0.00754742661982021,-0.0149178558947045,0.00430866511930741,0.000283080721679624,3.11786543632435e-12,9.65030152483125e-09,9.98085457962794e-13,7.91725486160836e-20,2.60208521396521e-18,4.33718173441382e-14
NC_k0006,0.00315789473684211,0.00315789473684211,0.263586931793658,-76.3655883684081,-92.4945132287863,-78.4322190625893,-90.5456533304387,77.4799087057636,92.8252817046715,76.7987304093595,92.0755879102879,1,800,-0.923090872922633,-0.309596278560351,-0.406786759989392,0.0522093717387006,5.46733297673049e-20,-2.01772512458835e-19,0,1.6513262994386e-18,0.000136940223915813,-0.000139477525728306,1,-1.78658740234977e-19,4.25073195310978e-20,1,-0.00398200939445784,0.0075474266198202,0.0075474266198202,0.00927323019774595,-0.0149178558947045,0.000283080721679624,0.000283080721679624,0.0043086651193074,1,0,2.16840434497101e-19,1,-0.00398181063383291,0.0075478039911512,0.0075478039911512,0.00927309757738108,-0.0149176818706341,0.000283094875715708,0.000283094875715708,0.00430835848035239,-11.6742359726144,31.9631550671141,-10.9591640025569,10.3023867372307,-10.9591640025569,10.3023867372307,-3.44531172544262,14.2030353971188,1.30104260698261e-18,9.31488131655269e-19,-1.2207953078803e-19,0,0,0,-0.00398200939445784,0.00927323019774596,0.00754742661982021,-0.0149178558947045,0.00430866511930741,0.000283080721679624,4.58655574767802e-12,1.10307091137797e-08,3.27896438349724e-12,1.78658740234977e-19,5.20417042793042e-18,1.0108753271525e-14
NC_k0006,0.0131578947368421,0.0131578947368421,0.263913110522363,-73.6357438155904,-95.5753319602334,-82.0764266150108,-87.4890474604893,78.9667245337479,93.999606794823,76.2263205158596,90.9173820079197,1,800,-3.82130791985704,-1.27476522082683,-1.68170413642564,0.214799947505963,-5.10277793716612e-19,4.89561882455834e-19,0,2.66099205410756e-18,0.000136357592580214,-0.000138828628223463,1,-3.66623415288012e-19,-1.41524166044353e-20,1,-0.00398200939445784,0.0075474266198202,0.0075474266198202,0.00927323019774596,-0.0149178558947045,0.000283080721679624,0.000283080721679624,0.0043086651193074,1,0,2.16840434497101e-19,1,-0.00398181063383291,0.0075478039911512,0.0075478039911512,0.00927309757738108,-0.0149176818706341,0.000283094875715708,0.000283094875715708,0.00430835848035239,-11.6945930082995,31.9620499306401,-10.9955328051322,10.3309085448566,-10.9955328051322,10.3309085448566,-3.45469591214314,14.2127078434808,1.30104260698261e-18,1.4727562578748e-19,1.1464470346002e-19,0,0,0,-0.00398200939445784,0.00927323019774596,0.00754742661982021,-0.0149178558947045,0.00430866511930741,0.000283080721679624,1.49692983798223e-12,1.64429404275887e-08,1.85215244671234e-12,3.66623415288012e-19,2.60208521396521e-18,3.42852146783678e-14
NC_k0006,0.0231578947368421,0.0231578947368421,0.264799370316867,-71.7646514169356,-98.6698690914515,-85.9073003381455,-84.6141152504162,80.8007483909328,95.1767928641436,76.3507254424363,89.940270890753,1,800,-6.59927940809035,-2.18178657882525,-2.89775177568213,0.367855253767611,1.8843836098448e-19,6.99794798219861e-21,0,2.06628889835134e-18,0.000135072478121338,-0.000137221322224033,1,-5.01292687080677e-21,3.52084826234129e-20,1,-0.00398200939445784,0.0075474266198202,0.0075474266198202,0.00927323019774595,-0.0149178558947044,0.000283080721679624,0.000283080721679624,0.00430866511930741,1,0,2.16840434497101e-19,1,-0.00398181063383291,0.0075478039911512,0.0075478039911512,0.00927309757738108,-0.0149176818706341,0.000283094875715708,0.000283094875715708,0.00430835848035239,-11.7449169046164,31.9895767762774,-11.0800101566248,10.3944798289247,-11.0800101566248,10.3944798289247,-3.48277575723946,14.2457063769922,1.30104260698261e-18,4.9894343402902e-19,-7.99981610196664e-19,0,0,0,-0.00398200939445784,0.00927323019774596,0.00754742661982021,-0.0149178558947045,0.00430866511930741,0.000283080721679624,3.70400748651517e-13,1.31827821529339e-08,9.39893271103449e-13,3.52084826234129e-20,6.93889390390723e-18,1.11106420371622e-14
NC_k0007,-0.0268421052631579,-0.0268421052631579,0.198093655180645,-51.2072216413751,71.0616471703593,-74.9916042040626,107.585127343402,50.1559364855318,-75.4607612235847,77.3884716135328,-106.891494157581,1,800,-7.21704372503735,-5.45552432299311,-4.18194745584998,4.01572357185269,2.56088500201517e-18,7.20308877411176e-20,0,-6.58012251118583e-19,0.0010035609921228,-0.000927080654181732,1,6.32386384366116e-20,7.68002116787249e-20,1,0.00182057138377452,-0.00383757236604354,-0.00383757236604354,0.0157517137559357,0.00454043346890259,-0.00171840194232206,-0.00171840194232206,-0.0105011252064776,1,4.33680868994202e-19,-2.71050543121376e-20,1,0.00182085534983629,-0.00383776424466184,-0.00383776424466184,0.0157516494434382,0.00454020819509579,-0.00171848786241917,-0.00171848786241917,-0.0105009744413175,-8.4797389357396,-19.4404075254036,9.10437587388565,10.586654335049,9.10437587388565,10.586654335049,-9.35934566219397,-15.8052833033609,8.67361737988404e-19,3.33149091768659e-19,-4.96914502121397e-19,0,0,0,0.00182057138377452,0.0157517137559357,-0.00383757236604354,0.00454043346890259,-0.0105011252064776,-0.00171840194232206,2.89330028231773e-13,3.14940433003759e-09,3.56640240978954e-12,7.68002116787249e-20,6.93889390390723e-18,5.77267209452574e-14
NC_k0007,-0.0168421052631579,-0.0168421052631579,0.196761457861763,-56.3149130364149,78.1212757000211,-71.3698208584198,101.161729136201,55.9237028189874,-81.528732823049,73.0794961805458,-101.467921809857,1,800,-4.6744733284891,-3.5074922782738,-2.70004865023173,2.5352963433976,1.52922534203903e-18,-7.52926263325367e-19,0,-5.86040920381569e-20,0.0010029373118909,-0.000923924816713637,1,9.43681507681056e-20,5.37962856211417e-20,1,0.00182057138377452,-0.00383757236604354,-0.00383757236604354,0.0157517137559357,0.0045404334689026,-0.00171840194232206,-0.00171840194232206,-0.0105011252064776,1,4.33680868994202e-19,-2.71050543121376e-20,1,0.00182085534983629,-0.00383776424466184,-0.00383776424466184,0.0157516494434382,0.00454020819509579,-0.00171848786241917,-0.00171848786241917,-0.0105009744413175,-8.35964340817202,-19.3238442046585,9.02002591612704,10.4406486545859,9.02002591612704,10.4406486545859,-9.37240062105437,-15.7719609992759,1.73472347597681e-18,-5.74862335294725e-19,-4.84116296260179e-19,0,0,0,0.00182057138377452,0.0157517137559357,-0.00383757236604354,0.00454043346890259,-0.0105011252064776,-0.00171840194232206,6.33765327283902e-13,9.6581865057359e-09,7.76556002093143e-13,9.43681507681056e-20,3.46944695195361e-18,8.13928058078804e-14
NC_k0007,-0.00684210526315789,-0.00684210526315789,0.196161836816342,-61.2168808460791,85.1703977660238,-67.3528858028804,94.5403057521226,61.45117213648,-87.6467711614372,68.4218900810278,-95.7796641194128,1,800,-1.9279605430369,-1.44204970305744,-1.11210338121113,1.03117547767063,4.3583815603174e-19,3.38151434411678e-21,0,6.67859009130414e-18,0.00100259633758346,-0.000922277032667556,1,4.56517248585791e-20,3.67833632589254e-21,1,0.00182057138377452,-0.00383757236604354,-0.00383757236604354,0.0157517137559357,0.00454043346890259,-0.00171840194232206,-0.00171840194232206,-0.0105011252064776,1,4.33680868994202e-19,-2.71050543121376e-20,1,0.00182085534983629,-0.00383776424466184,-0.00383776424466184,0.0157516494434382,0.00454020819509579,-0.00171848786241917,-0.00171848786241917,-0.0105009744413175,-8.29590488988039,-19.2807204933107,8.97783196759273,10.363635553709,8.97783196759273,10.363635553709,-9.38650510575607,-15.7659021073451,1.30104260698261e-18,-8.91923283657248e-20,2.69398085893909e-19,0,0,0,0.00182057138377452,0.0157517137559357,-0.00383757236604354,0.00454043346890259,-0.0105011252064776,-0.00171840194232206,1.47464590586576e-12,4.67567064124991e-09,4.02348569617547e-12,4.56517248585791e-20,3.46944695195361e-18,1.68659952775653e-13
NC_k0007,0.00315789473684211,0.00315789473684211,0.196074869501019,-65.7717687532508,92.0526085189296,-62.9388608021262,87.7277650324665,66.6144158542148,-93.6255547039046,63.3973484164041,-89.8703181893155,1,800,0.891775569495326,0.666743619679441,0.514311332427662,-0.47595571203598,6.20504573422978e-19,-1.31458189924887e-18,0,-2.30337375116006e-18,0.00100254198614065,-0.000922028881490773,1,1.33213937135705e-19,-2.12319025775988e-20,1,0.00182057138377452,-0.00383757236604354,-0.00383757236604354,0.0157517137559357,0.0045404334689026,-0.00171840194232206,-0.00171840194232206,-0.0105011252064776,1,4.33680868994202e-19,-2.71050543121376e-20,1,0.00182085534983629,-0.00383776424466184,-0.00383776424466184,0.0157516494434382,0.00454020819509579,-0.00171848786241917,-0.00171848786241917,-0.0105009744413175,-8.28604777109989,-19.2752046854928,8.97142219389513,10.3517349243715,8.97142219389513,10.3517349243715,-9.38906637149236,-15.765559057464,1.73472347597681e-18,2.01863845216228e-19,-5.03634875954912e-19,0,0,0,0.00182057138377452,0.0157517137559357,-0.00383757236604354,0.00454043346890259,-0.0105011252064776,-0.00171840194232206,3.58672365935658e-12,8.04835954127037e-09,3.28164930045226e-12,1.33213937135705e-19,6.93889390390723e-18,1.37309326869246e-14
NC_k0007,0.0131578947368421,0.0131578947368421,0.196472857303593,-69.9369995296734,98.7448523559755,-58.1557206263746,80.7332929282992,71.4051394829036,-99.4009615127021,57.9989071782405,-83.792003979862,1,800,3.67855384609292,2.75589758746906,2.12336897307553,-1.9821692096003,-1.25069708618018e-18,-1.00518988037444e-18,0,-1.45501731492568e-18,0.0010027802278342,-0.00092314735536677,1,1.03171205658806e-19,-6.18554726409192e-20,1,0.00182057138377452,-0.00383757236604354,-0.00383757236604354,0.0157517137559357,0.0045404334689026,-0.00171840194232206,-0.00171840194232206,-0.0105011252064776,1,4.33680868994202e-19,-2.71050543121376e-20,1,0.00182085534983629,-0.00383776424466184,-0.00383776424466184,0.0157516494434382,0.00454020819509579,-0.00171848786241917,-0.00171848786241917,-0.0105009744413175,-8.32981534726752,-19.3020802974639,9.00011278026751,10.4046017940914,9.00011278026751,10.4046017940914,-9.37846212013368,-15.7682900548274,4.33680868994202e-19,-1.51383853507988e-19,-6.11999033635169e-19,0,0,0,0.00182057138377452,0.0157517137559357,-0.00383757236604354,0.00454043346890259,-0.0105011252064776,-0.00171840194232206,2.70789648277727e-12,3.95501211131794e-09,4.41408485219355e-12,1.03171205658806e-19,3.46944695195361e-18,1.14993179522049e-13
NC_k0007,0.0231578947368421,0.0231578947368421,0.197490913009258,-73.7007184415754,105.243003199898,-53.0947250465602,73.6406500254127,75.8404361344803,-104.926583911401,52.289971439891,-77.6668699427718,1,800,6.31409820361489,4.75688161463605,3.6534233400228,-3.4760105722801,-5.65096707271726e-19,1.31557451598394e-18,0,-2.69018987536946e-18,0.00100329152681597,-0.000925744218121668,1,1.68481338386844e-21,-3.1354740953675e-20,1,0.00182057138377451,-0.00383757236604354,-0.00383757236604354,0.0157517137559357,0.00454043346890259,-0.00171840194232206,-0.00171840194232206,-0.0105011252064776,1,4.33680868994202e-19,-2.71050543121376e-20,1,0.00182085534983629,-0.00383776424466184,-0.00383776424466184,0.0157516494434382,0.00454020819509579,-0.00171848786241917,-0.00171848786241917,-0.0105009744413175,-8.42863373950089,-19.3851201203391,9.06753584717238,10.5243052699626,9.06753584717238,10.5243052699626,-9.36251974767894,-15.7870991042925,1.30104260698261e-18,9.74235295812953e-19,-1.92772005777963e-19,0,0,0,0.00182057138377452,0.0157517137559357,-0.00383757236604354,0.00454043346890259,-0.0105011252064776,-0.00171840194232206,5.32490832317104e-13,5.94447822855683e-09,5.04278850713163e-12,3.1354740953675e-20,6.93889390390723e-18,5.05947694978655e-14
NC_k0008,-0.0268421052631579,-0.0268421052631579,0.337487779408917,26.405160402703,116.257188139198,14.3133172561748,144.182781329099,-25.8683617159471,-130.293114473455,-13.6837220901244,-132.679682246069,1,800,-2.7546312364459,5.79347271621956,1.0028176883253,2.75984320973813,3.21078426568583e-20,-1.53490641848605e-18,0,-2.43737701039365e-18,-0.000154263489036435,-0.000299401182051458,1,1.23661871790436e-20,4.33253164007394e-20,1,-0.000324640517658471,-0.00270771985033662,-0.00270771985033662,-0.00777483302139315,0.0130076576265531,0.00866451467893541,0.00866451467893541,-0.00937239892902188,1,0,0,1,-0.000324784266774386,-0.00270785523632913,-0.00270785523632913,-0.00777479051569647,0.013007400596213,0.00866494790466936,0.00866494790466936,-0.00937209645794808,2.97645982858908,-17.3335560772076,15.7070937520861,-1.43144462651076,15.7070937520861,-1.43144462651076,31.6972927104199,-20.6838402004727,1.30104260698261e-18,-2.18989684612214e-19,-7.13064721691764e-19,0,0,0,-0.000324640517658471,-0.00777483302139315,-0.00270771985033662,0.0130076576265531,-0.00937239892902188,0.00866451467893541,8.10226124820377e-13,9.37287774422876e-09,7.10885097916561e-13,4.33253164007394e-20,3.46944695195361e-18,2.00669797942749e-14
NC_k0008,-0.0168421052631579,-0.0168421052631579,0.335960295992453,23.5223951644792,120.078633771575,16.1768068089554,138.063083874811,-23.1288562910426,-129.897718263207,-15.4027960469841,-130.782933244804,1,800,-1.74703103244168,3.71017059349553,0.647836055147769,1.73329308297778,-5.78616147203293e-19,9.52200690334292e-19,0,-1.46405012721476e-18,-0.000155736116991573,-0.000296247566042181,1,3.87279660693292e-20,-7.04821935937033e-20,1,-0.000324640517658469,-0.00270771985033662,-0.00270771985033662,-0.00777483302139315,0.0130076576265531,0.00866451467893541,0.00866451467893541,-0.00937239892902188,1,0,0,1,-0.000324784266774386,-0.00270785523632913,-0.00270785523632913,-0.00777479051569647,0.013007400596213,0.00866494790466936,0.00866494790466936,-0.00937209645794808,2.97816749149813,-17.2511230069951,15.5739094060944,-1.44753462351502,15.5739094060944,-1.44753462351502,31.6558939821942,-20.5679256694787,8.67361737988404e-19,1.56570608240474e-19,-1.28877584853448e-19,0,0,0,-0.000324640517658471,-0.00777483302139315,-0.00270771985033662,0.0130076576265531,-0.00937239892902188,0.00866451467893541,1.7383318184774e-12,1.10622761021832e-08,4.52058571312031e-12,7.04821935937033e-20,1.73472347597681e-18,2.28019172541914e-14
NC_k0008,-0.00684210526315789,-0.00684210526315789,0.335334513300438,21.0828201136622,124.728076588413,18.1587305923535,132.13130897839,-20.6137274284806,-129.589084600433,-17.459818870123,-129.811642747729,1,800,-0.71240613855435,1.51621291407388,0.265256235921442,0.702763372493339,-5.59862308355491e-19,-5.64802892718148e-18,0,-7.27918939046664e-19,-0.000156396479394877,-0.000294568740141092,1,2.70899729557176e-20,-1.99530492801162e-19,1,-0.000324640517658471,-0.00270771985033661,-0.00270771985033661,-0.00777483302139314,0.0130076576265531,0.00866451467893541,0.00866451467893541,-0.00937239892902188,1,0,0,1,-0.000324784266774386,-0.00270785523632913,-0.00270785523632913,-0.00777479051569647,0.013007400596213,0.00866494790466936,0.00866494790466936,-0.00937209645794808,2.98581818013257,-17.2249754375288,15.5047772709188,-1.45832652969481,15.5047772709188,-1.45832652969481,31.6577753904008,-20.5174662865448,1.0842021724855e-18,2.11575644791937e-20,-4.88079569081814e-19,0,0,0,-0.000324640517658471,-0.00777483302139315,-0.00270771985033662,0.0130076576265531,-0.00937239892902188,0.00866451467893541,3.80212633849472e-12,6.61103494237985e-09,3.1528113952901e-12,1.99530492801162e-19,5.20417042793042e-18,4.75098737871256e-14
NC_k0008,0.00315789473684211,0.00315789473684211,0.335246868478356,18.9156664499093,130.039190113802,20.2606559550392,126.615931666573,-18.2757745240697,-129.645074989439,-19.7325207314558,-129.551736414806,1,800,0.328888926030502,-0.700141910605594,-0.122513484909785,-0.324169818507177,2.6970058436169e-19,-3.56378855517651e-18,0,-7.53537053489677e-18,-0.000156488085947724,-0.000294312099078314,1,5.35379578038877e-20,2.44815290805142e-20,1,-0.00032464051765847,-0.00270771985033661,-0.00270771985033661,-0.00777483302139314,0.0130076576265531,0.00866451467893541,0.00866451467893541,-0.00937239892902188,1,0,0,1,-0.000324784266774386,-0.00270785523632913,-0.00270785523632913,-0.00777479051569647,0.013007400596213,0.00866494790466936,0.00866494790466936,-0.00937209645794808,2.98742805388322,-17.2220097614767,15.4940867619678,-1.46012078782107,15.4940867619678,-1.46012078782107,31.6592939403258,-20.5101910542261,1.30104260698261e-18,-3.36749945898426e-19,-2.32965598633983e-19,0,0,0,-0.000324640517658471,-0.00777483302139315,-0.00270771985033662,0.0130076576265531,-0.00937239892902188,0.00866451467893541,5.48132867221492e-12,7.4372338859822e-09,1.55354194965945e-12,5.35379578038877e-20,3.46944695195361e-18,2.64932652087536e-15
NC_k0008,0.0131578947368421,0.0131578947368421,0.335654270385021,16.8954939889052,135.843623976058,22.5810571240091,121.705692368164,-16.1295634086456,-130.328919042017,-22.1793068884886,-129.760537911997,1,800,1.36749826699921,-2.9078355264425,-0.508311295616286,-1.35314941359064,-4.37836624391668e-19,-7.6013596954438e-19,0,3.24873531218977e-18,-0.00015605821267377,-0.000295457215619296,1,1.30859798602122e-19,1.59146263412253e-19,1,-0.000324640517658471,-0.00270771985033662,-0.00270771985033662,-0.00777483302139315,0.0130076576265531,0.00866451467893541,0.00866451467893541,-0.00937239892902188,1,0,0,1,-0.000324784266774386,-0.00270785523632913,-0.00270785523632913,-0.00777479051569647,0.013007400596213,0.00866494790466936,0.00866494790466936,-0.00937209645794808,2.98112171875336,-17.2373843221757,15.5415321243677,-1.45238347022659,15.5415321243677,-1.45238347022659,31.6550221622239,-20.5435413843226,1.0842021724855e-18,1.58632062483321e-19,7.31557142408828e-21,0,0,0,-0.000324640517658471,-0.00777483302139315,-0.00270771985033662,0.0130076576265531,-0.00937239892902188,0.00866451467893541,9.75279952498573e-13,1.03946395484533e-08,2.28365129922041e-12,1.59146263412253e-19,1.73472347597681e-18,9.75753390203364e-15
NC_k0008,0.0231578947368421,0.0231578947368421,0.336773542833787,14.980865987791,141.920374733927,25.2831398735284,117.553316914585,-14.2666752790778,-131.859882552583,-24.8299432421991,-130.149656366081,1,800,2.38905859035226,-5.04996815381321,-0.878100155942095,-2.3839143902375,-1.31229226331333e-18,3.80367424153934e-18,0,9.93602734353796e-19,-0.000154920684201074,-0.00029808057818249,1,3.85934814246747e-20,-3.12354126669401e-20,1,-0.000324640517658467,-0.00270771985033661,-0.00270771985033661,-0.00777483302139314,0.0130076576265531,0.00866451467893541,0.00866451467893541,-0.00937239892902188,1,0,0,1,-0.000324784266774386,-0.00270785523632913,-0.00270785523632913,-0.00777479051569647,0.013007400596213,0.00866494790466936,0.00866494790466936,-0.00937209645794808,2.97529803896992,-17.2931666755282,15.6496320320894,-1.43765179318112,15.6496320320894,-1.43765179318112,31.671516136184,-20.6306236420031,1.30104260698261e-18,-5.59703951673177e-19,-1.7705675241142e-19,0,0,0,-0.000324640517658471,-0.00777483302139315,-0.00270771985033662,0.0130076576265531,-0.00937239892902188,0.00866451467893541,6.97268425790431e-13,7.83551445204432e-09,6.69237320835983e-13,3.85934814246747e-20,3.46944695195361e-18,9.88993685741908e-16
NC_k0009,-0.0268421052631579,-0.0268421052631579,0.371085654210583,51.477823827418,-87.630002901877,82.5265560352782,-137.954677603412,-49.1032213122735,95.6030775942917,-81.9933306391666,133.503839972032,1,800,6.15758610551536,13.5999941062557,6.52000146988446,-4.67757556386176,-1.09932965152787e-18,3.43130399954757e-18,0,3.1806087169399e-19,0.000321788174979359,0.000952002457366511,1,7.56430767517052e-20,-1.55975295256628e-19,1,0.00519928019819397,0.000838001429410395,0.000838001429410395,-0.00973762720273093,-0.00541928592851949,0.00975559370658175,0.00975559370658175,0.0123654189958392,1,0,5.42101086242752e-20,1,0.00519906512218268,0.000838043329481866,0.000838043329481866,-0.0097374688560572,-0.00541902020637626,0.00975608148626709,0.00975608148626709,0.0123652401003594,11.3193319435813,10.1775368299541,-12.8000986996106,-6.46214571297839,-12.8000986996106,-6.46214571297839,38.5053274155839,19.4593499849395,1.73472347597681e-18,-5.81725037534635e-19,6.53521439687607e-19,0,0,0,0.00519928019819397,-0.00973762720273093,0.000838001429410396,-0.00541928592851949,0.0123654189958392,0.00975559370658176,1.93374811796601e-13,1.00704614037414e-08,2.79179989208205e-12,1.55975295256628e-19,5.20417042793042e-18,2.5879278959024e-14
NC_k0009,-0.0168421052631579,-0.0168421052631579,0.370389485358264,57.3770431669266,-97.6392366279223,77.2540857628294,-129.656616252861,-55.4281917493511,103.391034746846,-76.2623328102032,127.476667666217,1,800,4.02596904073274,8.71251322215765,4.20369914675378,-2.95907870432121,-2.36295722504348e-19,5.52180778315078e-18,0,1.01155586236865e-18,0.000319923986483075,0.000950141004705395,1,-2.99665614830847e-20,-1.35540803250398e-19,1,0.00519928019819397,0.000838001429410395,0.000838001429410395,-0.00973762720273093,-0.00541928592851949,0.00975559370658176,0.00975559370658176,0.0123654189958392,1,0,5.42101086242752e-20,1,0.00519906512218268,0.000838043329481866,0.000838043329481866,-0.0097374688560572,-0.00541902020637626,0.00975608148626709,0.00975608148626709,0.0123652401003594,11.2384808772314,10.1290505064163,-12.6320512470639,-6.37321619104533,-12.6320512470639,-6.37321619104533,38.4820478840859,19.4645289870848,8.67361737988404e-19,-1.1822041349919e-19,3.76748889378607e-19,0,0,0,0.00519928019819397,-0.00973762720273093,0.000838001429410396,-0.00541928592851949,0.0123654189958392,0.00975559370658176,7.16250456979813e-13,1.25075348845374e-08,4.83405329140603e-13,1.35540803250398e-19,3.46944695195361e-18,4.33131158955983e-14
NC_k0009,-0.00684210526315789,-0.00684210526315789,0.370266907212365,63.4739698830107,-107.676129732791,71.6170671579431,-120.750382511063,-61.8225134908315,111.099291235202,-70.3126458014021,120.92392784067,1,800,1.66962828399696,3.57117825173748,1.72946615679235,-1.20528323320692,-6.77546948464635e-19,7.42884952433464e-18,0,-3.61679098010646e-18,0.000319095513362797,0.000949154952404899,1,-9.89881803673937e-21,-7.20157510031107e-20,1,0.00519928019819396,0.000838001429410395,0.000838001429410395,-0.00973762720273094,-0.00541928592851948,0.00975559370658175,0.00975559370658175,0.0123654189958392,1,0,5.42101086242752e-20,1,0.00519906512218268,0.000838043329481866,0.000838043329481866,-0.0097374688560572,-0.00541902020637626,0.00975608148626709,0.00975608148626709,0.0123652401003594,11.2065967485835,10.1160672600929,-12.5439448389216,-6.32963137276171,-12.5439448389216,-6.32963137276171,38.4996189450374,19.4777061256783,1.95156391047391e-18,6.04685711747618e-19,-9.00681211386062e-19,0,0,0,0.00519928019819397,-0.00973762720273093,0.000838001429410396,-0.00541928592851949,0.0123654189958392,0.00975559370658176,1.04059171681428e-12,8.65563626600521e-09,5.54764029799529e-13,7.20157510031107e-20,9.54097911787244e-18,1.03146328508372e-13
NC_k0009,0.00315789473684211,0.00315789473684211,0.370260736621874,69.4651621490632,-117.3251942578,65.7032408905153,-111.286670433556,-68.0656222812293,118.372952541601,-64.1455311433276,113.837742314877,1,800,-0.772962840911575,-1.65025202782731,-0.79966090668382,0.556460099270414,-1.9685575089782e-19,-7.28064522834474e-19,0,-2.60397780320673e-18,0.000318980905784878,0.000949006354538238,1,4.99051038629128e-20,-5.92665072329658e-20,1,0.00519928019819397,0.000838001429410395,0.000838001429410395,-0.00973762720273093,-0.00541928592851948,0.00975559370658175,0.00975559370658175,0.0123654189958392,1,0,5.42101086242752e-20,1,0.00519906512218268,0.000838043329481866,0.000838043329481866,-0.0097374688560572,-0.00541902020637626,0.00975608148626709,0.00975608148626709,0.0123652401003594,11.2023541387287,10.1148750702529,-12.5303618905855,-6.32312404592996,-12.5303618905855,-6.32312404592996,38.5039452495188,19.4801824095485,1.95156391047391e-18,-2.39713460906815e-19,1.80310533354812e-19,0,0,0,0.00519928019819397,-0.00973762720273093,0.000838001429410396,-0.00541928592851949,0.0123654189958392,0.00975559370658176,4.00588023305239e-12,8.93675553886629e-09,1.81651560312009e-12,5.92665072329658e-20,5.20417042793042e-18,1.28935059370433e-14
NC_k0009,0.0131578947368421,0.0131578947368421,0.370314235670341,75.215099085898,-126.444439262646,59.6212280818614,-101.365989482107,-74.0958505266113,125.125712899626,-57.7926016090774,106.268257182342,1,800,-3.17626623265139,-6.83646523043902,-3.30420138281989,2.31496620130069,1.13039193789047e-19,-4.402003757101e-18,0,1.2151349372853e-18,0.000319518324894918,0.000949676613172092,1,2.36822952098077e-20,2.52057929961331e-19,1,0.00519928019819397,0.000838001429410396,0.000838001429410396,-0.00973762720273093,-0.00541928592851948,0.00975559370658176,0.00975559370658176,0.0123654189958392,1,0,5.42101086242752e-20,1,0.00519906512218268,0.000838043329481866,0.000838043329481866,-0.0097374688560572,-0.00541902020637626,0.00975608148626709,0.00975608148626709,0.0123652401003594,11.2226107420809,10.1218408003317,-12.5907730093272,-6.35249330287843,-12.5907730093272,-6.35249330287843,38.4880234310846,19.4700682615015,1.30104260698261e-18,-1.82365595833202e-20,-2.61759873028979e-19,0,0,0,0.00519928019819397,-0.00973762720273093,0.000838001429410396,-0.00541928592851949,0.0123654189958392,0.00975559370658176,8.17182867403397e-13,8.84481066720427e-09,1.92074719370313e-12,2.52057929961331e-19,3.46944695195361e-18,2.39844525040294e-15
NC_k0009,0.0231578947368421,0.0231578947368421,0.370704643587275,80.6319002283942,-134.97003046307,53.5976074631645,-91.2654153642494,-79.9079645725013,131.340563511942,-51.3993327494471,98.4383947619021,1,800,-5.40751411762863,-11.8452597405691,-5.69341537320528,4.05185528104835,-1.90807406258832e-19,9.16039662675924e-19,0,-1.60956112313018e-18,0.000320960562312919,0.000951223269133565,1,-1.28604079127298e-20,-9.96746193477326e-20,1,0.00519928019819397,0.000838001429410395,0.000838001429410395,-0.00973762720273093,-0.00541928592851948,0.00975559370658175,0.00975559370658175,0.0123654189958392,1,0,5.42101086242752e-20,1,0.00519906512218268,0.000838043329481866,0.000838043329481866,-0.0097374688560572,-0.00541902020637626,0.00975608148626709,0.00975608148626709,0.0123652401003594,11.2815856034201,10.1532297797701,-12.728153593927,-6.42327025141001,-12.728153593927,-6.42327025141001,38.4853845082358,19.4575754857241,1.51788304147971e-18,-3.08705159929284e-19,2.18603493626529e-19,0,0,0,0.00519928019819397,-0.00973762720273093,0.000838001429410396,-0.00541928592851949,0.0123654189958392,0.00975559370658176,3.98453071157366e-13,7.54912739874961e-09,4.13262457425707e-13,9.96746193477326e-20,3.46944695195361e-18,1.30278113335325e-14
NC_k0010,-0.0268421052631579,-0.0268421052631579,0.42664783720062,-46.5300754954632,47.4790217178969,-72.5415217153692,87.6749767774587,41.495888722329,-54.1371661772936,71.6451347704428,-84.4914097968933,1,800,-6.02805446489801,-15.4348159946364,-7.08274725164629,3.26770315938817,5.14254878101767e-19,5.40388491502522e-18,0,1.38428675510749e-19,-0.00150990663539674,-0.00114622982208565,1,8.1413329261262e-21,9.0754936281788e-20,1,-0.0111572556086814,-0.00114164067691532,-0.00114164067691532,0.000921888631614491,-0.000838431457235702,-0.0125858989726805,-0.0125858989726805,-0.0106889945710182,1,5.42101086242752e-20,-2.16840434497101e-19,1,-0.011157168590422,-0.00114169775894917,-0.00114169775894917,0.000921673671267885,-0.000838626635687299,-0.0125865282676291,-0.0125865282676291,-0.0106889434853919,-11.9739007189343,-8.57529653673376,6.43297572930623,2.07805087782882,6.43297572930623,2.07805087782882,-48.5162960701636,-12.7481452205113,1.73472347597681e-18,5.41739627964631e-19,-6.91963287900212e-20,0,0,0,-0.0111572556086814,0.000921888631614494,-0.00114164067691532,-0.000838431457235701,-0.0106889945710182,-0.0125858989726805,2.79519151714708e-13,9.34274628791042e-09,2.74864928055996e-12,9.0754936281788e-20,3.46944695195361e-18,1.821540037181e-14
NC_k0010,-0.0168421052631579,-0.0168421052631579,0.427325976728622,-51.0533985116832,55.6030999262006,-67.8999629885226,81.3810618404959,46.8290136792788,-60.5161202031442,66.149641462969,-80.0115687432094,1,800,-3.92900417444573,-9.89222631374686,-4.56100606110361,2.07584676033554,-3.27695871469007e-20,1.50079679874681e-18,0,5.39196027931466e-19,-0.00150680447277032,-0.00114569354131047,1,5.90754419212446e-20,6.37659039806966e-20,1,-0.0111572556086814,-0.00114164067691532,-0.00114164067691532,0.000921888631614495,-0.000838431457235698,-0.0125858989726805,-0.0125858989726805,-0.0106889945710182,1,5.42101086242752e-20,-2.16840434497101e-19,1,-0.011157168590422,-0.00114169775894917,-0.00114169775894917,0.000921673671267885,-0.000838626635687299,-0.0125865282676291,-0.0125865282676291,-0.0106889434853919,-11.9874540615924,-8.61040737906062,6.30524938021403,2.04053495667223,6.30524938021403,2.04053495667223,-48.4932659475242,-12.819652251111,2.60208521396521e-18,-4.54678583672304e-21,-1.90023162884815e-19,0,0,0,-0.0111572556086814,0.000921888631614494,-0.00114164067691532,-0.000838431457235701,-0.0106889945710182,-0.0125858989726805,9.33769130619759e-13,1.12590410708122e-08,2.45994946732445e-12,6.37659039806966e-20,3.46944695195361e-18,6.71601230663917e-14
NC_k0010,-0.00684210526315789,-0.00684210526315789,0.428049348869817,-56.0664423260391,63.82996000574,-63.0003926014687,74.3956872124117,52.5765364589204,-66.9083952969351,60.4955152500126,-74.8961866784919,1,800,-1.62619411243635,-4.0540495320791,-1.87448040269009,0.848018377482583,4.52567056740013e-19,5.06169683922429e-18,0,-9.95205810380924e-19,-0.00150539107978211,-0.00114546103927404,1,3.96774554840524e-20,7.38619205547615e-20,1,-0.0111572556086814,-0.00114164067691532,-0.00114164067691532,0.000921888631614493,-0.0008384314572357,-0.0125858989726805,-0.0125858989726805,-0.0106889945710182,1,5.42101086242752e-20,-2.16840434497101e-19,1,-0.011157168590422,-0.00114169775894917,-0.00114169775894917,0.000921673671267885,-0.000838626635687299,-0.0125865282676291,-0.0125865282676291,-0.0106889434853919,-12.0120584025969,-8.63894517851115,6.23794753214452,2.02518731690262,6.23794753214452,2.02518731690262,-48.5196287050707,-12.8660150582834,1.73472347597681e-18,-3.37487823862376e-19,-1.15717271202524e-19,0,0,0,-0.0111572556086814,0.000921888631614494,-0.00114164067691532,-0.000838431457235701,-0.0106889945710182,-0.0125858989726805,2.69232640433409e-12,8.03802534694798e-09,3.12737400816996e-12,7.38619205547615e-20,1.73472347597681e-18,7.61245072765161e-14
NC_k0010,0.00315789473684211,0.00315789473684211,0.42818035845208,-61.1492218453182,71.6574234254397,-57.9444329975446,66.7746055098937,58.3785429815994,-72.8511198846391,54.7189096820855,-69.1627229806702,1,800,0.752634037689116,1.8732774963845,0.866550806244292,-0.391729532735955,5.5423748019013e-19,-3.37035733201466e-18,0,1.38057933160203e-18,-0.00150519114674417,-0.00114543014109211,1,3.32165712545205e-20,-6.63870222370454e-21,1,-0.0111572556086814,-0.00114164067691532,-0.00114164067691532,0.000921888631614493,-0.0008384314572357,-0.0125858989726805,-0.0125858989726805,-0.0106889945710182,1,5.42101086242752e-20,-2.16840434497101e-19,1,-0.011157168590422,-0.00114169775894917,-0.00114169775894917,0.000921673671267885,-0.000838626635687299,-0.0125865282676291,-0.0125865282676291,-0.0106889434853919,-12.0168986044756,-8.64394587762845,6.22760148161442,2.02313121104583,6.22760148161442,2.02313121104583,-48.5257830937592,-12.8735348526049,1.73472347597681e-18,-3.33006620318998e-19,-6.18300338551634e-19,0,0,0,-0.0111572556086814,0.000921888631614494,-0.00114164067691532,-0.000838431457235701,-0.0106889945710182,-0.0125858989726805,3.27339853355664e-12,8.406715851246e-09,3.74535942881469e-12,3.32165712545205e-20,3.46944695195361e-18,9.67146624105433e-14
NC_k0010,0.0131578947368421,0.0131578947368421,0.427637707525844,-66.1195060684127,78.8865527238134,-52.8720381454236,58.6587500739936,64.0839305602496,-78.2015733746271,48.9233916034832,-62.9038061081974,1,800,3.09696272896933,7.76177947879222,3.58338492856128,-1.62611705436602,1.65065545596182e-19,2.88700592159788e-18,0,-4.42439057319913e-19,-0.00150611816864723,-0.00114557946269602,1,4.91544792265631e-20,-4.21768575235144e-19,1,-0.0111572556086814,-0.00114164067691532,-0.00114164067691532,0.000921888631614494,-0.000838431457235703,-0.0125858989726805,-0.0125858989726805,-0.0106889945710182,1,5.42101086242752e-20,-2.16840434497101e-19,1,-0.011157168590422,-0.00114169775894917,-0.00114169775894917,0.000921673671267885,-0.000838626635687299,-0.0125865282676291,-0.0125865282676291,-0.0106889434853919,-11.9975282512438,-8.62294076304814,6.27369439096392,2.03290413852214,6.27369439096392,2.03290413852214,-48.5026970630589,-12.8408485725253,1.95156391047391e-18,-1.6791009938362e-19,3.61932830813554e-19,0,0,0,-0.0111572556086814,0.000921888631614494,-0.00114164067691532,-0.000838431457235701,-0.0106889945710182,-0.0125858989726805,1.06740062914696e-12,1.07342345259717e-08,5.02340135140212e-12,4.21768575235144e-19,5.20417042793042e-18,7.39910341042709e-15
NC_k0010,0.0231578947368421,0.0231578947368421,0.426812404868787,-70.8679751178727,85.4375391846805,-48.0998036077063,50.4070523894277,69.6404349467662,-82.9125867785512,43.3769734105805,-56.4357026059456,1,800,5.28742691727221,13.447641618798,6.18257261690336,-2.83494270520896,3.7984133728435e-19,-1.02915826580378e-18,0,-9.53074193061148e-19,-0.00150853174113775,-0.00114599260307786,1,2.92012690757864e-20,3.0611194221954e-20,1,-0.0111572556086814,-0.00114164067691532,-0.00114164067691532,0.000921888631614494,-0.000838431457235697,-0.0125858989726805,-0.0125858989726805,-0.0106889945710182,1,5.42101086242752e-20,-2.16840434497101e-19,1,-0.011157168590422,-0.00114169775894917,-0.00114169775894917,0.000921673671267885,-0.000838626635687299,-0.0125865282676291,-0.0125865282676291,-0.0106889434853919,-11.97420630879,-8.58715221362155,6.37858782314654,2.06089812868049,6.37858782314654,2.06089812868049,-48.4935558316088,-12.7753352790397,2.60208521396521e-18,-6.70409263866455e-19,-8.10618703293612e-19,0,0,0,-0.0111572556086814,0.000921888631614494,-0.00114164067691532,-0.000838431457235701,-0.0106889945710182,-0.0125858989726805,8.16739072125384e-13,8.06995897730066e-09,3.65037560224931e-12,3.0611194221954e-20,6.93889390390723e-18,5.05932760684353e-14
NC_k0011,-0.0268421052631579,-0.0268421052631579,0.220345118227707,25.3799822261279,0.873715428267066,36.5530800893992,-16.8703077400197,-18.8604361214008,3.70521948710078,-37.7069429217974,16.3613007828253,1,800,5.97952085130819,8.87225586065587,4.90108631494822,-0.948651317827373,-9.20433646089806e-19,-2.48209770303072e-18,0,-2.29377845605445e-18,0.00175177010422202,0.00152616134239518,1,-1.01698223797102e-20,-2.23600031169512e-20,1,0.0111562507800311,0.00372247299024298,0.00372247299024298,0.0067667441851801,0.0090391613447924,0.00737137484334534,0.00737137484334534,0.00893581734392581,1,-2.16840434497101e-19,0,1,0.0111563079299172,0.00372265911389249,0.00372265911389249,0.00676691107273107,0.00903927239660919,0.00737174341208751,0.00737174341208751,0.00893593097934263,7.68628213932438,14.2772251936966,2.82995509930117,1.36925408202027,2.82995509930117,1.36925408202027,28.4739759119754,4.07659169212062,1.73472347597681e-18,-2.40371187757282e-19,2.39973118395907e-19,0,0,0,0.0111562507800311,0.0067667441851801,0.00372247299024298,0.0090391613447924,0.00893581734392581,0.00737137484334534,4.15846117760808e-13,1.18590841246727e-08,2.70158473214366e-12,2.23600031169512e-20,3.46944695195361e-18,1.42339438685676e-14
NC_k0011,-0.0168421052631579,-0.0168421052631579,0.221806521132292,27.118940424566,-2.4195389107789,34.5016251140598,-14.0641566771847,-21.9194051060453,6.13244249617338,-34.2852821717846,14.4762311509752,1,800,3.85155369069902,5.69425794687883,3.15011784040065,-0.613068133121868,-3.84195616028829e-19,1.70488541692079e-18,0,-8.04780561565092e-19,0.00174986356399916,0.00152559932631048,1,-1.66089997240088e-19,9.74381738653089e-21,1,0.0111562507800311,0.00372247299024298,0.00372247299024298,0.0067667441851801,0.0090391613447924,0.00737137484334534,0.00737137484334534,0.00893581734392581,1,-2.16840434497101e-19,0,1,0.0111563079299172,0.00372265911389249,0.00372265911389249,0.00676691107273107,0.00903927239660919,0.00737174341208751,0.00737174341208751,0.00893593097934263,7.78290222505495,14.3422879869421,2.84550466556805,1.38061318128728,2.84550466556805,1.38061318128728,28.5027083545722,4.19206707566136,8.67361737988404e-19,1.65836852924318e-19,2.70374359684939e-19,0,0,0,0.0111562507800311,0.0067667441851801,0.00372247299024298,0.0090391613447924,0.00893581734392581,0.00737137484334534,1.05953840500455e-12,1.03460962697216e-08,5.44830912749477e-12,1.66089997240088e-19,1.73472347597681e-18,1.35019772801908e-13
NC_k0011,-0.00684210526315789,-0.00684210526315789,0.222780305506847,29.2860392446971,-6.05286123047432,32.343098761922,-10.8791759776277,-25.5308583035033,8.81573313358562,-30.6578437215027,12.2689138885469,1,800,1.58276108547013,2.33471555943862,1.29276729281989,-0.253491423012287,-1.39839845635765e-19,-1.2822159762409e-18,0,1.1699841107297e-18,0.00174902220638369,0.00152542374603937,1,-1.06120939212047e-19,-1.51192113451308e-21,1,0.0111562507800311,0.00372247299024298,0.00372247299024298,0.0067667441851801,0.0090391613447924,0.00737137484334534,0.00737137484334534,0.00893581734392581,1,-2.16840434497101e-19,0,1,0.0111563079299172,0.00372265911389249,0.00372265911389249,0.00676691107273107,0.00903927239660919,0.00737174341208751,0.00737174341208751,0.00893593097934263,7.8474749039205,14.3890411906535,2.85271616371633,1.38423268336878,2.85271616371633,1.38423268336878,28.5415646949802,4.26184366432712,1.73472347597681e-18,2.4165113084993e-19,7.06025743474331e-20,0,0,0,0.0111562507800311,0.0067667441851801,0.00372247299024298,0.0090391613447924,0.00893581734392581,0.00737137484334534,4.82730047254279e-12,6.09218933912914e-09,9.93452382236002e-13,1.06120939212047e-19,2.60208521396521e-18,1.96847784066559e-14
NC_k0011,0.00315789473684211,0.00315789473684211,0.22294056656966,31.5263551890627,-9.6235338997045,30.11325032377,-7.38922892536325,-29.2853404564686,11.3811434675801,-26.9118006681849,9.78588536908033,1,800,-0.731697815408836,-1.0788700515117,-0.597487396083756,0.117358684309559,-1.05521776382165e-19,1.91976708772737e-18,0,-2.71024073341774e-19,0.00174890453388107,0.00152540486181405,1,-1.16103014671103e-19,-4.27782996631711e-20,1,0.0111562507800311,0.00372247299024298,0.00372247299024298,0.0067667441851801,0.0090391613447924,0.00737137484334534,0.00737137484334534,0.00893581734392581,1,-2.16840434497101e-19,0,1,0.0111563079299172,0.00372265911389249,0.00372265911389249,0.00676691107273107,0.00903927239660919,0.00737174341208751,0.00737174341208751,0.00893593097934263,7.85819341097528,14.3969296166001,2.85369947902773,1.38459462543501,2.85369947902773,1.38459462543501,28.5488365540789,4.27306943162615,1.30104260698261e-18,4.72366510595184e-19,1.64331697552934e-19,0,0,0,0.0111562507800311,0.0067667441851801,0.00372247299024298,0.0090391613447924,0.00893581734392581,0.00737137484334534,3.09191648717535e-12,7.63178877908131e-09,6.82831893020989e-12,1.16103014671103e-19,1.73472347597681e-18,1.4479076167096e-13
NC_k0011,0.0131578947368421,0.0131578947368421,0.222248471602334,33.7171795845668,-12.9321897739797,27.8925866834507,-3.74557798236791,-32.969474018799,13.698273689593,-23.2128749264069,7.11741306137833,1,800,-3.02593561124222,-4.46896626101808,-2.4733176178459,0.482837162574251,5.35801278697548e-19,-9.156690857615e-19,0,-6.43328140884542e-19,0.00174945261849214,0.00152550653139186,1,-1.77005458466033e-19,2.06736811845544e-19,1,0.0111562507800311,0.00372247299024298,0.00372247299024298,0.0067667441851801,0.0090391613447924,0.00737137484334534,0.00737137484334534,0.00893581734392581,1,-2.16840434497101e-19,0,1,0.0111563079299172,0.00372265911389249,0.00372265911389249,0.00676691107273107,0.00903927239660919,0.00737174341208751,0.00737174341208751,0.00893593097934263,7.81208928332407,14.3632554832999,2.84904145271798,1.38258236625373,2.84904145271798,1.38258236625373,28.5191178838606,4.22410605451323,1.73472347597681e-18,-1.82473432667104e-19,-1.57816151928619e-19,0,0,0,0.0111562507800311,0.0067667441851801,0.00372247299024298,0.0090391613447924,0.00893581734392581,0.00737137484334534,1.7446706468447e-12,1.2993259351535e-08,2.64782722862575e-12,2.06736811845544e-19,3.46944695195361e-18,1.3612501900651e-14
NC_k0011,0.0231578947368421,0.0231578947368421,0.220895943718089,35.8116227264979,-15.8830918678148,25.9363213546678,-0.263434650920789,-36.4736085790047,15.7067959144084,-19.8869119159256,4.53307513349827,1,800,-5.22054187347952,-7.73531622861003,-4.27543317368962,0.828200986366633,-7.86695084652232e-19,3.29514345327644e-18,0,-1.12822141596313e-18,0.00175091528060563,0.00152588711518399,1,-5.88145924329189e-20,-7.81751514780569e-20,1,0.0111562507800311,0.00372247299024298,0.00372247299024298,0.0067667441851801,0.00903916134479239,0.00737137484334534,0.00737137484334534,0.0089358173439258,1,-2.16840434497101e-19,0,1,0.0111563079299172,0.00372265911389249,0.00372265911389249,0.00676691107273107,0.00903927239660919,0.00737174341208751,0.00737174341208751,0.00893593097934263,7.72300657095368,14.3007164467099,2.83661323972289,1.37456658488744,2.83661323972289,1.37456658488744,28.478258278535,4.12279401324726,1.30104260698261e-18,1.3543506575294e-18,1.30596557436157e-18,0,0,0,0.0111562507800311,0.0067667441851801,0.00372247299024298,0.0090391613447924,0.00893581734392581,0.00737137484334534,5.18460850639858e-13,7.95230728331459e-09,2.61355221625514e-12,7.81751514780569e-20,1.04083408558608e-17,9.15988509486447e-14
NC_k0012,-0.0268421052631579,-0.0268421052631579,0.353845069453143,-94.3612914218176,-59.5599645423401,-111.068067207488,-70.6091686763562,83.6246481598039,67.2929715164383,117.63615483502,63.465121816655,1,800,-9.82312154669152,0.931809296278001,-2.93413304263646,0.953603604074039,3.49279329756231e-18,-1.34402952905576e-18,0,-6.15885596882482e-20,-0.00155137672623975,0.000546017114902007,1,-2.60788145015567e-20,-4.70810190821466e-20,1,-0.0152431504266709,-0.00930541602570422,-0.00930541602570422,-0.00271181015510362,0.0020331333037314,0.00312048212099628,0.00312048212099628,0.00773502706155109,1,0,0,1,-0.0152431060034211,-0.0093058812965055,-0.0093058812965055,-0.00271207901536065,0.00203326562840566,0.00312063814510233,0.00312063814510233,0.00773501683888141,-18.2323607466372,-28.6683599161114,-8.73278909531454,10.3193903401744,-8.73278909531454,10.3193903401744,4.23446687928275,10.609189748478,1.73472347597681e-18,3.06594133541187e-19,5.93219654169683e-19,0,0,0,-0.0152431504266709,-0.00271181015510362,-0.00930541602570422,0.0020331333037314,0.0077350270615511,0.00312048212099628,6.6037278269932e-13,1.72203304151753e-08,2.6943919714996e-12,4.70810190821466e-20,4.33680868994202e-18,4.54951481504154e-15
NC_k0012,-0.0168421052631579,-0.0168421052631579,0.355084881169542,-97.7880442809903,-61.4690667228989,-108.36814149329,-68.5765697618608,90.0597279658776,66.7115174682476,111.891432612267,63.9152671972322,1,800,-6.2227997965322,0.496472820787772,-1.88968790199566,0.608270844063634,-5.53483091471482e-19,9.31511248853116e-19,0,1.31670609906191e-18,-0.0015490672134559,0.000544945269926561,1,3.59804391682241e-19,5.36228486190958e-21,1,-0.0152431504266709,-0.00930541602570422,-0.00930541602570422,-0.00271181015510362,0.0020331333037314,0.00312048212099628,0.00312048212099628,0.0077350270615511,1,0,0,1,-0.0152431060034211,-0.0093058812965055,-0.0093058812965055,-0.00271207901536065,0.00203326562840566,0.00312063814510233,0.00312063814510233,0.00773501683888141,-18.3373360845833,-28.7498294686649,-8.66561660701101,10.2052733482061,-8.66561660701101,10.2052733482061,4.30571601977502,10.665318670071,1.46367293285543e-18,3.78337180951314e-19,-7.83871744213256e-20,0,0,0,-0.0152431504266709,-0.00271181015510362,-0.00930541602570422,0.0020331333037314,0.0077350270615511,0.00312048212099628,7.75075857103241e-13,9.42489537728543e-09,3.90516421779699e-12,3.59804391682241e-19,5.20417042793042e-18,9.05162632017329e-14
NC_k0012,-0.00684210526315789,-0.00684210526315789,0.355884981709958,-101.217420991317,-63.5283974583311,-105.517858890177,-66.4494379561322,96.7786960726513,65.8882376780085,105.733005204857,64.667558338493,1,800,-2.53425457519171,0.181241490487872,-0.776494317952259,0.249130232372815,-3.48347593514251e-18,-1.47297706038543e-18,0,-1.35431634715347e-18,-0.00154777283350244,0.000544180319940205,1,1.62612147349574e-19,-2.29029407633035e-20,1,-0.0152431504266709,-0.00930541602570422,-0.00930541602570422,-0.00271181015510362,0.0020331333037314,0.00312048212099628,0.00312048212099628,0.0077350270615511,1,0,0,1,-0.0152431060034211,-0.0093058812965055,-0.0093058812965055,-0.00271207901536065,0.00203326562840566,0.00312063814510233,0.00312063814510233,0.00773501683888141,-18.4032540698974,-28.8095637578525,-8.62757434206943,10.1444220423434,-8.62757434206943,10.1444220423434,4.34002685283152,10.6955723585828,1.24683249835833e-18,-5.705381285009e-19,4.80880095470015e-20,0,0,0,-0.0152431504266709,-0.00271181015510362,-0.00930541602570422,0.0020331333037314,0.0077350270615511,0.00312048212099628,2.90871993147869e-12,5.99406929998253e-09,4.32574744622552e-12,1.62612147349574e-19,2.16840434497101e-18,5.38133053065782e-14
NC_k0012,0.00315789473684211,0.00315789473684211,0.356012734731965,-104.408625274307,-65.6576278952985,-102.424716691952,-64.3073421169779,103.373041411921,64.987283260226,99.2347025243389,65.5557448774479,1,800,1.16995157066699,-0.0822087860820823,0.35895511891302,-0.115153477674622,2.86328899907476e-18,-1.14905313250966e-18,0,3.53388370128604e-18,-0.0015475707707364,0.000544049041196236,1,1.04393029025959e-19,-5.85728876270028e-20,1,-0.0152431504266709,-0.00930541602570422,-0.00930541602570422,-0.00271181015510362,0.0020331333037314,0.00312048212099628,0.00312048212099628,0.00773502706155109,1,0,0,1,-0.0152431060034211,-0.0093058812965055,-0.0093058812965055,-0.00271207901536065,0.00203326562840566,0.00312063814510233,0.00312063814510233,0.00773501683888141,-18.4138029899628,-28.8195515143129,-8.6214575526168,10.1349442494392,-8.6214575526168,10.1349442494392,4.34497479838004,10.7000556330287,1.73472347597681e-18,-4.33583263450369e-20,7.26912466773865e-19,0,0,0,-0.0152431504266709,-0.00271181015510362,-0.00930541602570422,0.0020331333037314,0.0077350270615511,0.00312048212099628,3.90495597787126e-12,8.02106204827902e-09,4.99078538711911e-12,1.04393029025959e-19,5.20417042793042e-18,7.79623111980125e-16
NC_k0012,0.0131578947368421,0.0131578947368421,0.355453529076842,-107.342772822376,-67.8002024234519,-99.0721102272047,-62.2172439160099,109.668531329848,64.1676320103733,92.5326399787341,66.4294288671267,1,800,4.8682901737538,-0.369614633648083,1.48456292823493,-0.477101084487821,4.43607036344838e-19,-8.95591757933613e-19,0,-4.30035484034681e-19,-0.00154846417506696,0.000544603166558487,1,4.95137307259048e-19,8.02135735443929e-20,1,-0.0152431504266709,-0.00930541602570422,-0.00930541602570422,-0.00271181015510362,0.0020331333037314,0.00312048212099628,0.00312048212099628,0.0077350270615511,1,0,0,1,-0.0152431060034211,-0.0093058812965055,-0.0093058812965055,-0.00271207901536065,0.00203326562840566,0.00312063814510233,0.00312063814510233,0.00773501683888141,-18.3676651017718,-28.776779316259,-8.64811378944909,10.1768797770219,-8.64811378944909,10.1768797770219,4.322290113299,10.6797180022577,1.02999206386123e-18,-3.76863959207396e-19,-6.59955569466915e-20,0,0,0,-0.0152431504266709,-0.00271181015510362,-0.00930541602570422,0.0020331333037314,0.0077350270615511,0.00312048212099628,7.9256031397486e-13,5.15603092417729e-09,7.28883271897361e-13,4.95137307259048e-19,1.73472347597681e-18,3.84178017260234e-14
NC_k0012,0.0231578947368421,0.0231578947368421,0.354309360754034,-110.080120763158,-69.8746811672998,-95.5914585633903,-60.235221478631,115.569244460224,63.5824320899003,85.9179756531047,67.1131757451304,1,800,8.51691496797712,-0.754674540452391,2.56153934108321,-0.828637032014231,-6.7730872044822e-19,1.12589207535818e-19,0,1.46076704736353e-18,-0.00155042647988146,0.000545625794014778,1,2.85894121289045e-19,-1.40333329237831e-21,1,-0.0152431504266709,-0.00930541602570422,-0.00930541602570422,-0.00271181015510362,0.0020331333037314,0.00312048212099628,0.00312048212099628,0.00773502706155109,1,0,0,1,-0.0152431060034211,-0.0093058812965055,-0.0093058812965055,-0.00271207901536065,0.00203326562840566,0.00312063814510233,0.00312063814510233,0.00773501683888141,-18.2728239528795,-28.6967111556011,-8.70460923293239,10.2707766717775,-8.70460923293239,10.2707766717775,4.26516220242123,10.6320717564869,1.73472347597681e-18,-1.14878651517432e-18,5.01490856218891e-19,0,0,0,-0.0152431504266709,-0.00271181015510362,-0.00930541602570422,0.0020331333037314,0.0077350270615511,0.00312048212099628,2.58168210970453e-13,9.56091606360981e-09,2.64881616495923e-12,2.85894121289045e-19,6.93889390390723e-18,8.17839553576815e-14
NC_k0013,-0.0268421052631579,-0.0268421052631579,0.591926151354476,51.2518995280162,-101.112439786295,55.9106323302269,-129.283029924053,-40.954696142912,117.062768761961,-67.5384496164152,115.432753227769,1,800,-2.62708945289149,-12.0731719120715,-4.85108625043775,-4.13797577122946,8.47330732274819e-19,9.46413734768871e-19,0,2.28910653995475e-18,0.000117525963791883,0.000532331146447934,1,-3.89430961084703e-20,2.00931888688587e-19,1,0.00498912622183263,-0.00272241580136071,-0.00272241580136071,0.00271310382184266,-0.00664467839056453,-0.0146387790942166,-0.0146387790942166,0.0100940841642874,1,0,0,1,0.0049891459104904,-0.00272255192215078,-0.00272255192215078,0.00271318041106044,-0.00664444759724651,-0.0146395110331713,-0.0146395110331713,0.0100938964885416,8.07272157406039,-2.6708170439732,-13.9291436912742,-9.11093607691885,-13.9291436912742,-9.11093607691885,-48.5386388666688,18.4889790666691,1.73472347597681e-18,5.57658878726794e-19,5.313274532111e-19,0,0,0,0.00498912622183263,0.00271310382184266,-0.00272241580136071,-0.00664467839056453,0.0100940841642874,-0.0146387790942166,2.95883602921461e-13,9.3277035623167e-09,2.90390632508836e-13,2.00931888688587e-19,1.73472347597681e-18,1.35043970586698e-14
NC_k0013,-0.0168421052631579,-0.0168421052631579,0.589776297170993,52.3370479193498,-104.447938518756,54.2287666983637,-122.660934935975,-45.3810685747501,115.679545545224,-62.5184460089419,113.514027898353,1,800,-1.73993640536803,-7.74844002999487,-3.13116422366975,-2.59029148659685,-2.49107095831569e-19,-2.50656901427249e-18,0,4.601771183755e-20,0.000118309911680766,0.000529301244222529,1,1.56402123889087e-20,2.12257517733766e-19,1,0.00498912622183263,-0.00272241580136071,-0.00272241580136071,0.00271310382184266,-0.00664467839056453,-0.0146387790942166,-0.0146387790942166,0.0100940841642874,1,0,0,1,0.0049891459104904,-0.00272255192215078,-0.00272255192215078,0.00271318041106044,-0.00664444759724651,-0.0146395110331713,-0.0146395110331713,0.0100938964885416,8.00393826755537,-2.74661267123748,-13.8221721416466,-8.99740642523212,-13.8221721416466,-8.99740642523212,-48.5166177431596,18.3419043044878,3.03576608295941e-18,4.73196161227678e-20,-1.30081075374378e-19,0,0,0,0.00498912622183263,0.00271310382184266,-0.00272241580136071,-0.00664467839056453,0.0100940841642874,-0.0146387790942166,1.3331089846635e-12,8.97775700233674e-09,3.59360947267752e-12,2.12257517733766e-19,6.93889390390723e-18,9.07339783636942e-14
NC_k0013,-0.00684210526315789,-0.00684210526315789,0.588878276274995,52.7521489313037,-108.795389374362,53.2897988225549,-116.316446767834,-50.1573943678753,114.158625082957,-57.2190068964328,113.028361954904,1,800,-0.722821969767358,-3.17283020082231,-1.2855652162946,-1.04806456951366,-3.27543670236298e-19,4.66375017269238e-18,0,-2.49795310101214e-19,0.000118475844023972,0.000527602503761037,1,9.91614094302589e-21,2.19516533993573e-19,1,0.00498912622183263,-0.00272241580136071,-0.00272241580136071,0.00271310382184266,-0.00664467839056453,-0.0146387790942166,-0.0146387790942166,0.0100940841642874,1,0,0,1,0.0049891459104904,-0.00272255192215078,-0.00272255192215078,0.00271318041106044,-0.00664444759724651,-0.0146395110331713,-0.0146395110331713,0.0100938964885416,7.9611682941434,-2.78424485917415,-13.7657844590517,-8.93331301320831,-13.7657844590517,-8.93331301320831,-48.538324809558,18.2715338428466,2.16840434497101e-18,-2.35418510511415e-20,-4.90376527320746e-19,0,0,0,0.00498912622183263,0.00271310382184266,-0.00272241580136071,-0.00664467839056453,0.0100940841642874,-0.0146387790942166,4.55030345099582e-12,5.33097560528008e-09,2.7512294753457e-12,2.19516533993573e-19,3.46944695195361e-18,6.56090788428291e-14
NC_k0013,0.00315789473684211,0.00315789473684211,0.58874910797886,53.0892092317966,-114.132479611666,52.8572352730502,-110.653066685715,-55.2733517805206,113.160672490527,-52.0072660823664,113.699080481521,1,800,0.334662137363759,1.46573657607098,0.594131575433488,0.483269004418713,4.43368808328423e-20,-3.88454603566742e-18,0,-5.54555117545351e-19,0.00011848458072995,0.000527337511700154,1,1.66565396182504e-21,8.08582309991371e-21,1,0.00498912622183263,-0.00272241580136071,-0.00272241580136071,0.00271310382184267,-0.00664467839056453,-0.0146387790942166,-0.0146387790942166,0.0100940841642874,1,0,0,1,0.0049891459104904,-0.00272255192215078,-0.00272255192215078,0.00271318041106044,-0.00664444759724651,-0.0146395110331713,-0.0146395110331713,0.0100938964885416,7.95402819072983,-2.78976159333228,-13.7569854359884,-8.92310295290142,-13.7569854359884,-8.92310295290142,-48.5433133178335,18.2609756225368,2.60208521396521e-18,3.55134680250663e-19,5.77379576683513e-20,0,0,0,0.00498912622183263,0.00271310382184266,-0.00272241580136071,-0.00664467839056453,0.0100940841642874,-0.0146387790942166,4.72156821149408e-12,9.6194519005113e-09,5.00646968020853e-12,8.08582309991371e-21,6.93889390390723e-18,1.84801734624746e-14
NC_k0013,0.0131578947368421,0.0131578947368421,0.589342038548356,53.8060906432492,-120.267800422779,52.5358490695139,-105.930340683268,-60.5767655570366,113.180196231267,-47.0991280446646,115.098293839238,1,800,1.37441968082236,6.07806982719639,2.45932153764619,2.0203594510243,-1.0670034331893e-18,-1.18775195028734e-18,0,3.22035309101185e-18,0.000118411192926747,0.00052851011363355,1,1.23194603131602e-19,-2.51687115441972e-19,1,0.00498912622183263,-0.00272241580136071,-0.00272241580136071,0.00271310382184266,-0.00664467839056454,-0.0146387790942166,-0.0146387790942166,0.0100940841642874,1,0,0,1,0.0049891459104904,-0.00272255192215078,-0.00272255192215078,0.00271318041106044,-0.00664444759724651,-0.0146395110331713,-0.0146395110331713,0.0100938964885416,7.98465963389229,-2.76462368694395,-13.795877791815,-8.96783818542626,-13.795877791815,-8.96783818542626,-48.5244603533162,18.3084943645476,3.46944695195361e-18,-2.37896858071264e-19,1.07319769911425e-18,0,0,0,0.00498912622183263,0.00271310382184266,-0.00272241580136071,-0.00664467839056453,0.0100940841642874,-0.0146387790942166,1.6158874847238e-12,1.01364406929163e-08,9.71103167406953e-13,2.51687115441972e-19,8.67361737988404e-18,2.35479346458937e-14
NC_k0013,0.0231578947368421,0.0231578947368421,0.590915510255764,55.1964029082115,-126.839620049315,51.7635682795879,-102.225228127206,-65.7483605368539,114.548491781308,-42.5443297175846,116.610647067195,1,800,2.32352490412426,10.5302934650951,4.24176006184236,3.56976188544694,1.79134895198974e-18,-2.81576250979991e-18,0,6.33964456350441e-19,0.000117935120346166,0.000531084962874886,1,-2.88663109617551e-21,1.14973398693989e-19,1,0.00498912622183263,-0.00272241580136071,-0.00272241580136071,0.00271310382184266,-0.00664467839056453,-0.0146387790942166,-0.0146387790942166,0.0100940841642874,1,0,0,1,0.0049891459104904,-0.00272255192215078,-0.00272255192215078,0.00271318041106044,-0.00664444759724651,-0.0146395110331713,-0.0146395110331713,0.0100938964885416,8.04468592762779,-2.70318094246705,-13.8830880349071,-9.06344782356378,-13.8830880349071,-9.06344782356378,-48.5174095576698,18.4234958299809,1.30104260698261e-18,3.1596476728606e-19,2.45604312687273e-19,0,0,0,0.00498912622183263,0.00271310382184266,-0.00272241580136071,-0.00664467839056453,0.0100940841642874,-0.0146387790942166,1.66159802916133e-13,8.08917277749683e-09,1.93009163142078e-12,1.14973398693989e-19,3.46944695195361e-18,9.20621091551421e-15
NC_k0014,-0.0268421052631579,-0.0268421052631579,0.715921447207757,-33.6818619927958,-67.3046579179599,-40.8829755271313,-88.6473252115276,32.7788648999856,78.8892369518245,44.5406122519737,74.2231608684567,1,800,-14.4578857802092,4.93365975845206,-3.14299458717986,-0.892782701941745,1.57172257318956e-18,-4.27513410347006e-18,0,2.03069531659318e-18,0.00091591784317117,-0.000551004304531784,1,-4.86324635166711e-20,-9.39209267050991e-20,1,0.00217222537146128,-0.0159947279836309,-0.0159947279836309,0.00794436627928002,-0.00445976827374019,0.0069643306373949,0.0069643306373949,0.00281881602866443,1,0,0,1,0.00217236075192044,-0.0159955277200301,-0.0159955277200301,0.00794435735621649,-0.00445968754738794,0.00696467885392677,0.00696467885392677,0.00281871479040911,-4.33150458877098,-52.2624548042722,-14.112365624936,8.63532320160943,-14.112365624936,8.63532320160943,22.7253582481814,10.5216173225165,2.60208521396521e-18,1.72254387554132e-19,-9.6739942270591e-20,0,0,0,0.00217222537146128,0.00794436627928002,-0.0159947279836309,-0.00445976827374019,0.00281881602866443,0.00696433063739491,5.77338963333614e-13,1.56926014374806e-08,4.16208819739182e-12,9.39209267050991e-20,6.93889390390723e-18,1.89192836075161e-14
NC_k0014,-0.0168421052631579,-0.0168421052631579,0.712246510241592,-36.2841914019372,-71.2735995578212,-41.0999491057652,-85.1864926654225,36.3057497896422,78.6693026998153,43.7889410334141,74.9817469372216,1,800,-9.21658357172212,3.06787959875511,-2.02907231107921,-0.553858273491756,3.18044989826229e-18,-1.69221300993648e-18,0,2.7516990257189e-18,0.000913264494572183,-0.000548780873400912,1,2.58489465625494e-19,-1.27062439491318e-19,1,0.00217222537146128,-0.0159947279836309,-0.0159947279836309,0.00794436627928002,-0.00445976827374019,0.0069643306373949,0.0069643306373949,0.00281881602866443,1,0,0,1,0.00217236075192044,-0.0159955277200301,-0.0159955277200301,0.00794435735621649,-0.00445968754738794,0.00696467885392677,0.00696467885392677,0.00281871479040911,-4.38389832851682,-52.2049238943024,-13.9266692259194,8.49277418691674,-13.9266692259194,8.49277418691674,22.6705633210909,10.5178094459832,1.0842021724855e-18,1.95417530283052e-19,1.65460685034726e-19,0,0,0,0.00217222537146128,0.00794436627928002,-0.0159947279836309,-0.00445976827374019,0.00281881602866443,0.00696433063739491,4.4992745815276e-13,7.60117045941966e-09,6.79025187279955e-12,2.58489465625494e-19,2.60208521396521e-18,5.45566812938122e-15
NC_k0014,-0.00684210526315789,-0.00684210526315789,0.710548725711495,-38.5584906000339,-75.486241606647,-40.5736592865442,-81.2438968016123,39.3853303642866,77.8040027392838,42.4303451253972,76.1361434016508,1,800,-3.76386659498177,1.23670577612373,-0.833963070223153,-0.222894250894792,1.12983607251883e-18,8.90165453115265e-19,0,6.96886431186125e-19,0.0009119770542725,-0.000547878505420089,1,7.40872906726163e-20,-3.43445874105349e-20,1,0.00217222537146128,-0.0159947279836309,-0.0159947279836309,0.00794436627928002,-0.00445976827374019,0.0069643306373949,0.0069643306373949,0.00281881602866443,1,0,0,1,0.00217236075192044,-0.0159955277200301,-0.0159955277200301,0.00794435735621649,-0.00445968754738794,0.00696467885392677,0.00696467885392677,0.00281871479040911,-4.40485998382044,-52.2098154334974,-13.8225950970038,8.4138801574514,-13.8225950970038,8.4138801574514,22.6572135018775,10.5070596688097,3.46944695195361e-18,-2.05466591533541e-19,-2.25422559782788e-19,0,0,0,0.00217222537146128,0.00794436627928002,-0.0159947279836309,-0.00445976827374019,0.00281881602866443,0.00696433063739491,2.02560939988438e-12,4.58389153104239e-09,5.16956851770386e-13,7.40872906726163e-20,1.04083408558608e-17,3.28122233894411e-14
NC_k0014,0.00315789473684211,0.00315789473684211,0.710297622241321,-40.1743781023909,-79.716605485791,-39.240725458902,-77.0520862786693,41.7500969173533,76.6000724597471,40.3445374574796,77.3816055874638,1,800,1.73822609740793,-0.569997624850294,0.385515395944032,0.102651535296033,1.87162517607678e-18,-2.46632171438811e-19,0,-1.95329106359292e-18,0.000911788046962639,-0.000547759495353604,1,2.60243603282634e-19,7.66292462967375e-20,1,0.00217222537146128,-0.0159947279836309,-0.0159947279836309,0.00794436627928003,-0.00445976827374019,0.0069643306373949,0.0069643306373949,0.00281881602866442,1,0,0,1,0.00217236075192044,-0.0159955277200301,-0.0159955277200301,0.00794435735621649,-0.00445968754738794,0.00696467885392677,0.00696467885392677,0.00281871479040911,-4.40754752144679,-52.212415720517,-13.8060944176377,8.40146155954838,-13.8060944176377,8.40146155954838,22.6559990712071,10.5046302213494,1.73472347597681e-18,-5.12856073739917e-19,3.51709101950885e-21,0,0,0,0.00217222537146128,0.00794436627928002,-0.0159947279836309,-0.00445976827374019,0.00281881602866443,0.00696433063739491,2.37676102528207e-12,7.87202392955658e-09,1.96947360095494e-12,2.60243603282634e-19,6.07153216591882e-18,2.18825487486589e-15
NC_k0014,0.0131578947368421,0.0131578947368421,0.711436829761413,-41.0001145897423,-83.7781487541592,-37.1838718497002,-72.8131204909161,43.3676890859609,75.3788007405005,37.5143526591777,78.4120532645023,1,800,7.22016371151384,-2.38870936690078,1.59437993372233,0.430897942830713,1.72379145700131e-18,5.07558023862538e-20,0,3.65084766028649e-18,0.000912650576443286,-0.000548332546433318,1,5.28538056928104e-19,2.18184492567291e-19,1,0.00217222537146128,-0.0159947279836309,-0.0159947279836309,0.00794436627928003,-0.00445976827374019,0.00696433063739491,0.00696433063739491,0.00281881602866442,1,0,0,1,0.00217236075192044,-0.0159955277200301,-0.0159955277200301,0.00794435735621649,-0.00445968754738794,0.00696467885392677,0.00696467885392677,0.00281871479040911,-4.39445064306616,-52.2047000689938,-13.8785419470299,8.45617192918144,-13.8785419470299,8.45617192918144,22.6631692251017,10.5138191264099,1.73472347597681e-18,-5.7980220802669e-19,1.56945566645202e-19,0,0,0,0.00217222537146128,0.00794436627928002,-0.0159947279836309,-0.00445976827374019,0.00281881602866443,0.00696433063739491,8.73396647476946e-13,5.03700758783278e-09,4.16150607614946e-12,5.28538056928104e-19,4.77048955893622e-18,4.85326800939187e-14
NC_k0014,0.0231578947368421,0.0231578947368421,0.714260927693773,-41.0357874654253,-87.4406675826512,-34.6456908977522,-68.7157713628241,44.3219352346468,74.434110442653,34.0975513473044,78.8946113923456,1,800,12.5710002521655,-4.24502126986863,2.74757306415802,0.767425311090065,-7.73023443487956e-19,1.09310925332148e-18,0,-1.03617275739823e-18,0.00091475613516561,-0.00054997548938897,1,2.68011857991362e-19,2.25734613491451e-20,1,0.00217222537146128,-0.0159947279836309,-0.0159947279836309,0.00794436627928003,-0.00445976827374019,0.0069643306373949,0.0069643306373949,0.00281881602866442,1,0,0,1,0.00217236075192044,-0.0159955277200301,-0.0159955277200301,0.00794435735621649,-0.00445968754738794,0.00696467885392677,0.00696467885392677,0.00281871479040911,-4.35541524647983,-52.2255097720069,-14.0347047243744,8.57562881689056,-14.0347047243744,8.57562881689056,22.6966420195612,10.521718478505,1.73472347597681e-18,-2.86514884867701e-19,-1.13708398114961e-19,0,0,0,0.00217222537146128,0.00794436627928002,-0.0159947279836309,-0.00445976827374019,0.00281881602866443,0.00696433063739491,5.67670065407391e-13,7.64442975646182e-09,2.0151478151548e-12,2.68011857991362e-19,3.46944695195361e-18,3.51286755073433e-14
NC_k0015,-0.0268421052631579,-0.0268421052631579,0.491010211730289,113.411411385377,21.6233427423253,98.3179613781893,21.8772372460768,-96.7568584969515,-17.6579270461151,-115.398213622131,-26.7123194224136,1,800,-10.2640023080413,-10.4020578899941,-6.81979986535174,-1.93000374644618,-5.75234632859176e-19,2.79919242776925e-18,0,1.13139778951533e-18,-7.74819950811683e-05,0.000377844143164433,1,-7.44478459139494e-20,2.44563907253423e-19,1,0.00657798911293622,-0.0101065793937027,-0.0101065793937027,-0.00692801170261272,0.0107208255033532,-0.00946792217555798,-0.00946792217555798,0.0014184908323871,1,-1.0842021724855e-19,2.16840434497101e-19,1,0.00657781810028483,-0.0101070847226724,-0.0101070847226724,-0.00692784506524371,0.0107207850948969,-0.00946839557166676,-0.00946839557166676,0.00141868298229759,15.7039354309147,-36.8886818938295,2.3463103400732,-15.2374746999269,2.3463103400732,-15.2374746999269,-27.3772468790628,-3.22721678892507,8.67361737988404e-19,-2.09075657653528e-19,1.2638521630752e-19,0,0,0,0.00657798911293621,-0.00692801170261272,-0.0101065793937027,0.0107208255033532,0.00141849083238711,-0.00946792217555798,1.10607567949249e-12,1.53943770162333e-08,7.13227676440067e-13,2.44563907253423e-19,2.38524477946811e-18,2.60026461327499e-15
NC_k0015,-0.0168421052631579,-0.0168421052631579,0.489557957562535,109.833650168861,22.5897043067877,99.0577520660279,22.5967805788016,-98.5287876673679,-19.7398499825653,-110.796685659943,-26.3510061612987,1,800,-6.63601560479299,-6.69999924717719,-4.40088490115013,-1.19659902034619,-8.85222221774649e-19,4.07858275503766e-18,0,-4.83960215347625e-19,-7.8492978200947e-05,0.000378162593998641,1,2.19005679717027e-19,2.03333039062273e-19,1,0.00657798911293622,-0.0101065793937027,-0.0101065793937027,-0.00692801170261272,0.0107208255033532,-0.00946792217555797,-0.00946792217555797,0.0014184908323871,1,-1.0842021724855e-19,2.16840434497101e-19,1,0.00657781810028483,-0.0101070847226724,-0.0101070847226724,-0.00692784506524371,0.0107207850948969,-0.00946839557166676,-0.00946839557166676,0.00141868298229759,15.5951437899525,-36.8757919600144,2.30889712256204,-15.1020984133539,2.30889712256204,-15.1020984133539,-27.4031643165338,-3.27048861922022,2.16840434497101e-18,-6.19000105497668e-19,4.49333776286527e-19,0,0,0,0.00657798911293621,-0.00692801170261272,-0.0101065793937027,0.0107208255033532,0.00141849083238711,-0.00946792217555798,9.64535359382438e-13,1.25905510565021e-08,5.41025122693278e-12,2.19005679717027e-19,5.20417042793042e-18,2.38119748203155e-15
NC_k0015,-0.00684210526315789,-0.00684210526315789,0.488977661168004,105.907365918289,23.2200522302416,101.249294380948,23.1752092208504,-101.239500145798,-22.2172389661439,-106.354572437981,-25.101473554188,1,800,-2.72890796411519,-2.75106280819067,-1.80839035486094,-0.481220758337936,-1.03253316270299e-18,-6.42315671814777e-18,0,5.07875661217758e-19,-7.92309684879286e-05,0.000378170234272051,1,1.68835563661537e-19,6.42824260066946e-22,1,0.00657798911293621,-0.0101065793937027,-0.0101065793937027,-0.00692801170261272,0.0107208255033532,-0.00946792217555797,-0.00946792217555797,0.0014184908323871,1,-1.0842021724855e-19,2.16840434497101e-19,1,0.00657781810028483,-0.0101070847226724,-0.0101070847226724,-0.00692784506524371,0.0107207850948969,-0.00946839557166676,-0.00946839557166676,0.00141868298229759,15.5374915614517,-36.8963270417509,2.29139429646774,-15.0277158329114,2.29139429646774,-15.0277158329114,-27.4330246594009,-3.29959671603491,1.95156391047391e-18,3.10133852945405e-19,1.92473975402264e-19,0,0,0,0.00657798911293621,-0.00692801170261272,-0.0101065793937027,0.0107208255033532,0.00141849083238711,-0.00946792217555798,1.39309428690456e-12,6.84411463857305e-09,2.37755273360078e-13,1.68835563661537e-19,5.20417042793042e-18,1.16930670476071e-14
NC_k0015,0.00315789473684211,0.00315789473684211,0.488895363000976,102.351924161799,23.288626673345,104.520715483517,23.3127043631111,-104.839892975227,-24.4354153156638,-102.47004285638,-23.0913592691862,1,800,1.26151496914607,1.27156487348152,0.835916348067096,0.221643810633881,7.16331793026022e-19,-3.91368926300889e-19,0,8.95406469476401e-19,-7.93552685907388e-05,0.000378161028758978,1,1.63156319351536e-19,-1.57378247057195e-19,1,0.00657798911293622,-0.0101065793937027,-0.0101065793937027,-0.00692801170261272,0.0107208255033532,-0.00946792217555798,-0.00946792217555798,0.00141849083238711,1,-1.0842021724855e-19,2.16840434497101e-19,1,0.00657781810028483,-0.0101070847226724,-0.0101070847226724,-0.00692784506524371,0.0107207850948969,-0.00946839557166676,-0.00946839557166676,0.00141868298229759,15.5283970389371,-36.900918315715,2.28885072601413,-15.015941836381,2.28885072601413,-15.015941836381,-27.4383450100627,-3.30448859736498,2.16840434497101e-18,-8.63659863512195e-19,2.29637758420385e-19,0,0,0,0.00657798911293621,-0.00692801170261272,-0.0101065793937027,0.0107208255033532,0.00141849083238711,-0.00946792217555798,2.81127917640267e-12,9.18798513284729e-09,2.36448429893581e-12,1.63156319351536e-19,6.93889390390723e-18,4.70072296629552e-14
NC_k0015,0.0131578947368421,0.0131578947368421,0.489275499031483,99.7148050680591,22.8452217449759,108.387351788178,22.8800720107646,-109.119358867156,-25.9919371471729,-99.418403637428,-20.6466170168615,1,800,5.21580304977709,5.26206115145419,3.45769518640632,0.930809345591204,1.34186562457332e-18,1.74847452647989e-18,0,-1.45094096886701e-19,-7.88214716301573e-05,0.000378182128294209,1,4.70484558991507e-19,-2.88853800435534e-19,1,0.00657798911293622,-0.0101065793937027,-0.0101065793937027,-0.00692801170261272,0.0107208255033532,-0.00946792217555797,-0.00946792217555797,0.0014184908323871,1,-1.0842021724855e-19,2.16840434497101e-19,1,0.00657781810028483,-0.0101070847226724,-0.0101070847226724,-0.00692784506524371,0.0107207850948969,-0.00946839557166676,-0.00946839557166676,0.00141868298229759,15.5683712656298,-36.8833993983146,2.30046716109769,-15.0676405902963,2.30046716109769,-15.0676405902963,-27.4161549272868,-3.28355640008255,1.73472347597681e-18,-6.5536100500433e-19,-2.23076261071832e-20,0,0,0,0.00657798911293621,-0.00692801170261272,-0.0101065793937027,0.0107208255033532,0.00141849083238711,-0.00946792217555798,8.52553603765238e-13,1.55215531914114e-08,2.66105936051306e-12,4.70484558991507e-19,5.20417042793042e-18,3.15407169842704e-14
NC_k0015,0.0231578947368421,0.0231578947368421,0.490316262228145,98.4013438853686,22.1344674844629,112.179696248209,21.9911064774199,-113.710446224534,-26.6800955403635,-97.3002506102575,-18.3294132746984,1,800,8.97897383533108,9.08386554567794,5.96073699573297,1.65878503522298,1.29568578533571e-18,1.12030695186222e-18,0,7.75921884354342e-19,-7.78429707235441e-05,0.000378021511025023,1,2.53945483575741e-21,1.75787193966397e-20,1,0.00657798911293621,-0.0101065793937027,-0.0101065793937027,-0.00692801170261272,0.0107208255033532,-0.00946792217555798,-0.00946792217555798,0.00141849083238711,1,-1.0842021724855e-19,2.16840434497101e-19,1,0.00657781810028483,-0.0101070847226724,-0.0101070847226724,-0.00692784506524371,0.0107207850948969,-0.00946839557166676,-0.00946839557166676,0.00141868298229759,15.6568859214388,-36.873699514942,2.32986474465017,-15.1801722719763,2.32986474465017,-15.1801722719763,-27.382136791605,-3.24388731295109,1.73472347597681e-18,-1.80520040393275e-19,1.05984655541239e-18,0,0,0,0.00657798911293621,-0.00692801170261272,-0.0101065793937027,0.0107208255033532,0.00141849083238711,-0.00946792217555798,8.17964398222694e-13,1.07824271466515e-08,2.76163694889285e-12,1.75787193966397e-20,8.67361737988404e-18,1.69822486548779e-15
NC_k0016,-0.0268421052631579,-0.0268421052631579,0.353709053811987,-125.41821604327,-0.458991881951277,-141.733133126329,19.8083981180988,109.874040612573,-2.5156834486439,155.252446541274,-21.4511402764615,1,800,-8.33704378577471,0.703995034153669,-2.51890608803489,3.61154223634293,1.22705957299586e-18,4.55571376724805e-19,0,4.40529924466141e-19,-0.000547203627807411,-0.00157832469633019,1,6.00153786172694e-20,-2.11131123962509e-19,1,-0.0115585687257176,-0.00604009263940822,-0.00604009263940822,0.00793210257873351,-0.00816450835296581,0.00422070397820643,0.00422070397820643,-0.0090843260555411,1,0,0,1,-0.0115583477577397,-0.0060403946440402,-0.0060403946440402,0.0079318362799288,-0.00816462765590214,0.00422091501340534,0.00422091501340534,-0.00908442236303488,-21.4133573053708,-22.6545213361444,-3.31257621619795,16.9351540781382,-3.31257621619795,16.9351540781382,6.91141688156122,-4.5177180469533,1.30104260698261e-18,9.15637434129008e-19,5.92756203676495e-19,0,0,0,-0.0115585687257176,0.00793210257873352,-0.00604009263940822,-0.00816450835296581,-0.0090843260555411,0.00422070397820643,1.17890497458726e-12,1.34230968270466e-08,1.61674487594303e-12,2.11131123962509e-19,5.20417042793042e-18,5.14763685227316e-14
NC_k0016,-0.0168421052631579,-0.0168421052631579,0.351969456820874,-128.722346650247,2.7891993102565,-138.618930226141,15.7799422098465,117.998146035988,-5.61473784661471,147.260173477632,-17.5802985408894,1,800,-5.31075580416842,0.40653630409758,-1.61839243502337,2.279805900087,3.12878088847978e-18,1.03760874294162e-18,0,9.20427028644905e-19,-0.000546443197262899,-0.00157586145089428,1,2.09281187598544e-19,-1.69353335217137e-19,1,-0.0115585687257176,-0.00604009263940822,-0.00604009263940822,0.00793210257873352,-0.00816450835296581,0.00422070397820643,0.00422070397820643,-0.0090843260555411,1,0,0,1,-0.0115583477577397,-0.0060403946440402,-0.0060403946440402,0.0079318362799288,-0.00816462765590214,0.00422091501340534,0.00422091501340534,-0.00908442236303488,-21.3959164057508,-22.6339654929084,-3.280203356213,16.7180626553788,-3.280203356213,16.7180626553788,6.89495091944716,-4.51927719379956,1.30104260698261e-18,1.09972211429067e-19,1.54982624288293e-19,0,0,0,-0.0115585687257176,0.00793210257873352,-0.00604009263940822,-0.00816450835296581,-0.0090843260555411,0.00422070397820643,6.98818334634028e-13,7.16732415216615e-09,3.78688345630365e-12,2.09281187598544e-19,2.60208521396521e-18,1.10401073470577e-15
NC_k0016,-0.00684210526315789,-0.00684210526315789,0.351158919741024,-131.825266708753,6.39760113460476,-135.749857371092,11.729184492445,126.71114384487,-8.94582044475674,138.749380002771,-13.8078598847378,1,800,-2.17109853099488,0.15465164809714,-0.665427471356244,0.927545488839666,-5.65606250529059e-19,-3.74745904711024e-20,0,5.63336466928214e-19,-0.000545962434819712,-0.00157468232817544,1,1.36010934792253e-19,-3.28742104980498e-20,1,-0.0115585687257176,-0.00604009263940822,-0.00604009263940822,0.00793210257873352,-0.00816450835296581,0.00422070397820643,0.00422070397820643,-0.0090843260555411,1,0,0,1,-0.0115583477577397,-0.0060403946440402,-0.0060403946440402,0.0079318362799288,-0.00816462765590214,0.00422091501340534,0.00422091501340534,-0.00908442236303488,-21.3932368635571,-22.6411805236573,-3.26001002031516,16.6016393468365,-3.26001002031516,16.6016393468365,6.88584727332413,-4.53099518573731,8.67361737988404e-19,-2.98595603450379e-19,-4.10335502050876e-20,0,0,0,-0.0115585687257176,0.00793210257873352,-0.00604009263940822,-0.00816450835296581,-0.0090843260555411,0.00422070397820643,1.9268219737916e-12,5.18935619077826e-09,1.21009864338747e-12,1.36010934792253e-19,1.73472347597681e-18,3.79391652797178e-15
NC_k0016,0.00315789473684211,0.00315789473684211,0.351037933560009,-134.709185062846,10.2607190715968,-132.905909519879,7.79623860589899,135.531448642807,-12.46255823192,129.965130136838,-10.2200989573301,1,800,1.00293000261373,-0.0705748545883569,0.307677198848381,-0.428157156555633,1.08769618339293e-18,-5.75433156206189e-19,0,-2.49080626051968e-20,-0.000545885291579133,-0.00157451201692726,1,1.09382855526946e-19,2.67345858774433e-20,1,-0.0115585687257176,-0.00604009263940822,-0.00604009263940822,0.00793210257873352,-0.00816450835296581,0.00422070397820643,0.00422070397820643,-0.0090843260555411,1,0,0,1,-0.0115583477577397,-0.0060403946440402,-0.0060403946440402,0.0079318362799288,-0.00816462765590214,0.00422091501340534,0.00422091501340534,-0.00908442236303488,-21.3929770299443,-22.6433337364092,-3.25666432209083,16.5835032115058,-3.25666432209083,16.5835032115058,6.88429700340151,-4.53347182913545,1.30104260698261e-18,-1.52223370358493e-19,-8.15480252263088e-19,0,0,0,-0.0115585687257176,0.00793210257873352,-0.00604009263940822,-0.00816450835296581,-0.0090843260555411,0.00422070397820643,3.62580088877627e-12,6.28078823450219e-09,1.98189768100703e-12,1.09382855526946e-19,5.20417042793042e-18,1.89761205582422e-15
NC_k0016,0.0131578947368421,0.0131578947368421,0.351583967115589,-137.546607471147,14.2815220218111,-129.89749925418,4.08249110922582,144.173039437623,-16.1712999080913,121.173281378353,-6.81930444372917,1,800,4.16192518233077,-0.30858952556401,1.27160076673305,-1.78265757763083,-4.352161162111e-19,-1.6722150914474e-18,0,-9.18812372089202e-19,-0.00054622245037494,-0.00157529674566661,1,3.35309772178615e-19,2.03363098873711e-21,1,-0.0115585687257176,-0.00604009263940822,-0.00604009263940822,0.00793210257873352,-0.00816450835296581,0.00422070397820643,0.00422070397820643,-0.00908432605554111,1,0,0,1,-0.0115583477577397,-0.0060403946440402,-0.0060403946440402,0.0079318362799288,-0.00816462765590214,0.00422091501340534,0.00422091501340534,-0.00908442236303488,-21.3944078299848,-22.6359531836853,-3.27104971508377,16.663757850176,-3.27104971508377,16.663757850176,6.89091028513351,-4.52384360122197,9.75781955236954e-19,4.31497049420793e-19,3.75091398131831e-19,0,0,0,-0.0115585687257176,0.00793210257873352,-0.00604009263940822,-0.00816450835296581,-0.0090843260555411,0.00422070397820643,2.23369044118485e-12,6.17923165698048e-09,3.14112959237903e-12,3.35309772178615e-19,5.20417042793042e-18,2.05255368134889e-15
NC_k0016,0.0231578947368421,0.0231578947368421,0.352923918759956,-140.540288073346,18.3388314159177,-126.639156322268,0.6873120316353,152.381204963211,-20.0259773213095,112.749770693078,-3.62224062684831,1,800,7.24332653267879,-0.590340284243754,2.19548546198359,-3.12562845629626,-1.33945025718467e-18,-6.52903583655455e-19,0,5.58638081048912e-19,-0.000546915918228461,-0.00157724351436771,1,1.27931973063892e-19,3.78801003324111e-21,1,-0.0115585687257176,-0.00604009263940822,-0.00604009263940822,0.00793210257873352,-0.0081645083529658,0.00422070397820643,0.00422070397820643,-0.0090843260555411,1,0,0,1,-0.0115583477577397,-0.0060403946440402,-0.0060403946440402,0.0079318362799288,-0.00816462765590214,0.00422091501340534,0.00422091501340534,-0.00908442236303488,-21.4029397860801,-22.6397922217923,-3.29960178711942,16.8429606022763,-3.29960178711942,16.8429606022763,6.90391123880947,-4.5150195874456,1.30104260698261e-18,-6.31517043454458e-19,-8.64608883547846e-19,0,0,0,-0.0115585687257176,0.00793210257873352,-0.00604009263940822,-0.00816450835296581,-0.0090843260555411,0.00422070397820643,5.17365437056148e-13,5.79163891201321e-09,1.83538793305681e-12,1.27931973063892e-19,8.67361737988404e-18,3.77494286652852e-15
NC_k0017,-0.0268421052631579,-0.0268421052631579,0.353810933017991,-16.8725492646052,104.225075212243,-40.8890700195467,145.337795424722,15.6584025110473,-115.174568450281,37.991395886899,-133.872593454605,1,800,0.732055708858149,-8.61886594218405,-2.60264737699756,3.90198361281547,-1.14063574259632e-18,-9.17958721697047e-19,0,-2.69844844660519e-18,-0.00125044385600356,0.000515204100234564,1,2.94800386921137e-20,2.08944460590399e-19,1,-0.0082771555149627,0.00450705118921081,0.00450705118921081,-0.00362172325633171,0.0152780878324339,-0.00620838961707158,-0.00620838961707158,-0.00510825188891229,1,0,0,1,-0.00827717169005179,0.00450727654177027,0.00450727654177027,-0.00362185581722726,0.015277896564662,-0.00620870003655244,-0.00620870003655244,-0.00510793349819112,-6.67682948699154,8.85130139800319,18.4309852960372,-0.334507659716182,18.4309852960372,-0.334507659716182,-24.2039641188816,-18.4501383997651,1.73472347597681e-18,-2.3380348113764e-20,-2.93470287790924e-19,0,0,0,-0.0082771555149627,-0.00362172325633171,0.00450705118921081,0.0152780878324339,-0.00510825188891229,-0.00620838961707159,3.78710576808303e-13,1.46537076888383e-08,8.50639327673155e-13,2.08944460590399e-19,4.33680868994202e-18,7.53095795082423e-15
NC_k0017,-0.0168421052631579,-0.0168421052631579,0.350787511667859,-21.0779601867088,112.079102546385,-36.2845290877389,138.381746202938,19.5890198290118,-119.2701193071,33.6679210488068,-130.722859678986,1,800,0.426300097392212,-5.51074559816804,-1.67786701525605,2.46085448855341,-6.4392701964803e-19,1.04272402784965e-18,0,3.09149820391079e-18,-0.001247427389307,0.000514920567625111,1,-2.75466113742897e-20,1.77230487358153e-19,1,-0.0082771555149627,0.00450705118921081,0.00450705118921081,-0.00362172325633171,0.0152780878324339,-0.00620838961707159,-0.00620838961707159,-0.00510825188891229,1,0,0,1,-0.00827717169005179,0.00450727654177027,0.00450727654177027,-0.00362185581722726,0.015277896564662,-0.00620870003655244,-0.00620870003655244,-0.00510793349819112,-6.64434317611728,8.8376381852201,18.1975705865113,-0.315557719066403,18.1975705865113,-0.315557719066403,-24.1252100406211,-18.3673280941761,9.48676900924816e-19,-3.81645779328164e-19,-3.47849677987538e-19,0,0,0,-0.0082771555149627,-0.00362172325633171,0.00450705118921081,0.0152780878324339,-0.00510825188891229,-0.00620838961707159,1.21950866592265e-12,1.08080803452788e-08,1.51566095342353e-12,1.77230487358153e-19,3.46944695195361e-18,1.62994644525238e-14
NC_k0017,-0.00684210526315789,-0.00684210526315789,0.349267818587907,-25.4594756356269,120.139324046975,-31.6546161763729,130.915756646868,23.6439370836802,-123.017956511804,29.3717594855777,-127.595661705294,1,800,0.162838122415044,-2.25729153860271,-0.691169627341939,1.00039255017349,1.40971428713737e-19,-3.37161464654574e-18,0,-5.00689116055897e-19,-0.00124592701561292,0.000514869928177931,1,-4.19292014934397e-20,-6.37491649579969e-20,1,-0.0082771555149627,0.00450705118921081,0.00450705118921081,-0.00362172325633171,0.0152780878324339,-0.00620838961707158,-0.00620838961707158,-0.00510825188891229,1,0,0,1,-0.00827717169005179,0.00450727654177027,0.00450727654177027,-0.00362185581722726,0.015277896564662,-0.00620870003655244,-0.00620870003655244,-0.00510793349819112,-6.63800584320613,8.83315151387698,18.0721785727475,-0.302109052234443,18.0721785727475,-0.302109052234443,-24.1031889404196,-18.3248686978787,1.78893358460108e-18,1.55905535987014e-19,-1.37785779176459e-19,0,0,0,-0.0082771555149627,-0.00362172325633171,0.00450705118921081,0.0152780878324339,-0.00510825188891229,-0.00620838961707159,1.25989366071883e-12,6.4551753986439e-09,3.63883063275917e-12,6.37491649579969e-20,4.33680868994202e-18,2.33635588414255e-14
NC_k0017,0.00315789473684211,0.00315789473684211,0.349036561846006,-29.9666987682522,128.065183372901,-27.1067708022802,123.085526055815,27.8103506421476,-126.409629365,25.1663410571141,-124.302940178714,1,800,-0.0743541398127632,1.04302427758824,0.319661145465921,-0.461686334098316,-5.82447647800639e-19,2.54217086783677e-18,0,-2.1261850465063e-18,-0.00124570446892661,0.000514867309413359,1,-3.26821800116483e-20,-4.59245820060728e-20,1,-0.0082771555149627,0.00450705118921081,0.00450705118921081,-0.00362172325633171,0.0152780878324339,-0.00620838961707159,-0.00620838961707159,-0.00510825188891229,1,0,0,1,-0.00827717169005179,0.00450727654177027,0.00450727654177027,-0.00362185581722726,0.015277896564662,-0.00620870003655244,-0.00620870003655244,-0.00510793349819112,-6.6377108204109,8.83253360656265,18.0526363012436,-0.299813526710767,18.0526363012436,-0.299813526710767,-24.1009231406537,-18.3182114357989,1.30104260698261e-18,-2.297761017247e-19,-6.04070308219302e-19,0,0,0,-0.0082771555149627,-0.00362172325633171,0.00450705118921081,0.0152780878324339,-0.00510825188891229,-0.00620838961707159,1.00759175870323e-11,6.28898022440465e-09,6.06310464720797e-12,4.59245820060728e-20,3.46944695195361e-18,2.19476688327379e-14
NC_k0017,0.0131578947368421,0.0131578947368421,0.350071475200516,-34.5736847594483,135.683559946951,-22.6757108502762,115.05009928354,32.077290564344,-129.580255735525,21.069718672464,-120.697752226456,1,800,-0.324242778285943,4.32266411857368,1.31947904229496,-1.92347379098283,3.17713455836718e-19,-5.18609156846246e-19,0,5.57719579696733e-18,-0.00124671344201914,0.000514889624630832,1,-2.2276177904613e-19,-1.15640838300254e-19,1,-0.0082771555149627,0.00450705118921081,0.00450705118921081,-0.00362172325633171,0.0152780878324339,-0.00620838961707159,-0.00620838961707159,-0.00510825188891229,1,0,0,1,-0.00827717169005179,0.00450727654177027,0.00450727654177027,-0.00362185581722726,0.015277896564662,-0.00620870003655244,-0.00620870003655244,-0.00510793349819112,-6.6404566041973,8.83545789570289,18.139113588597,-0.309568761403653,18.139113588597,-0.309568761403653,-24.1133464063805,-18.3475615103343,1.30104260698261e-18,3.07978552655601e-19,-4.08127589434383e-19,0,0,0,-0.0082771555149627,-0.00362172325633171,0.00450705118921081,0.0152780878324339,-0.00510825188891229,-0.00620838961707159,1.56001922782912e-12,7.27485671266737e-09,3.03210471680451e-12,2.2276177904613e-19,3.46944695195361e-18,3.82155885139465e-14
NC_k0017,0.0231578947368421,0.0231578947368421,0.352491641945221,-39.2077607949665,142.841359145227,-18.39437748697,107.056251703387,36.4027657659944,-132.693131338001,17.0884723079047,-116.708402080262,1,800,-0.616218379629121,7.49988739482167,2.2716107750135,-3.37597860622415,-1.21794073392308e-19,3.0949128054794e-18,0,-3.08161174122955e-19,-0.00124914117902591,0.000515043003987629,1,1.59309830176975e-20,-4.76624867494071e-20,1,-0.00827715551496269,0.00450705118921081,0.00450705118921081,-0.00362172325633171,0.0152780878324339,-0.00620838961707159,-0.00620838961707159,-0.00510825188891229,1,0,0,1,-0.00827717169005179,0.00450727654177027,0.00450727654177027,-0.00362185581722726,0.015277896564662,-0.00620870003655244,-0.00620870003655244,-0.00510793349819112,-6.65964406006584,8.84407462276324,18.3318721927548,-0.327484484100378,18.3318721927548,-0.327484484100378,-24.1640523066408,-18.4137309098578,1.0842021724855e-18,-9.34895367358769e-19,7.29586800833669e-19,0,0,0,-0.0082771555149627,-0.00362172325633171,0.00450705118921081,0.0152780878324339,-0.00510825188891229,-0.00620838961707159,4.83294740304884e-13,6.83593389577347e-09,6.62784496925004e-12,4.76624867494071e-20,6.93889390390723e-18,2.4409737471682e-14
NC_k0018,-0.0268421052631579,-0.0268421052631579,0.601567661521912,-25.5841949348118,-28.8790664838156,-1.0185778987449,-46.7964057851656,21.4454040644708,29.8210406913316,6.03168339460315,52.4669795977117,1,800,18.0414606978753,7.51655132181835,8.43414396649891,-0.794214493203737,7.17569255222401e-19,6.9696914924738e-19,0,-1.01324331081826e-18,0.000243541951231493,0.00162636098609758,1,1.37463211719099e-21,-6.07537107773642e-20,1,0.000480665222583363,0.0166506935722712,0.0166506935722712,0.00125668900088172,-0.000142525586410515,0.00356399801294227,0.00356399801294227,0.0104029660136978,1,-2.71050543121376e-20,0,1,0.000480685781344489,0.0166515261069498,0.0166515261069498,0.00125669015904839,-0.000142329640012843,0.00356417621284292,0.00356417621284292,0.0104028983228055,-1.26661514702142,61.913399392729,1.26176627786947,2.42616568734161,1.26176627786947,2.42616568734161,11.9154401643193,9.40609150757461,2.60208521396521e-18,-3.65946285994041e-20,4.32060373547866e-19,0,0,0,0.000480665222583363,0.00125668900088172,0.0166506935722712,-0.000142525586410515,0.0104029660136978,0.00356399801294227,5.28587062562279e-13,8.8217191613191e-09,8.77219440500919e-13,6.07537107773642e-20,6.93889390390723e-18,4.31858632668245e-14
NC_k0018,-0.0168421052631579,-0.0168421052631579,0.601629292782218,-19.8721171498331,-32.2458706217362,-3.50140568209581,-43.6578268475859,17.0602349870744,33.6980054481885,7.25200878322185,48.8557820821098,1,800,11.590832188208,4.87928403655207,5.43513835417087,-0.523092338710963,-6.06422650674876e-20,-8.13475884164249e-19,0,9.63897024195792e-20,0.000245247001293285,0.00162266948160915,1,-3.20176473601805e-19,-4.40050042316949e-20,1,0.000480665222583362,0.0166506935722712,0.0166506935722712,0.00125668900088172,-0.000142525586410517,0.00356399801294227,0.00356399801294227,0.0104029660136978,1,-2.71050543121376e-20,0,1,0.000480685781344489,0.0166515261069498,0.0166515261069498,0.00125669015904839,-0.000142329640012843,0.00356417621284292,0.00356417621284292,0.0104028983228055,-1.16588273275964,61.8536304662498,1.24693377955378,2.47660787616037,1.24693377955378,2.47660787616037,12.0080533427173,9.47738467621537,3.46944695195361e-18,6.25711911785389e-21,2.93404076676669e-19,0,0,0,0.000480665222583363,0.00125668900088172,0.0166506935722712,-0.000142525586410515,0.0104029660136978,0.00356399801294227,4.63032251368502e-13,1.00567963757727e-08,1.47712076421782e-12,3.20176473601805e-19,6.93889390390723e-18,8.41484457792736e-14
NC_k0018,-0.00684210526315789,-0.00684210526315789,0.602133953127285,-14.0799898976394,-35.8212478412546,-7.24318668771319,-40.4760827607167,13.1438410983145,38.3100505539581,9.15285024113139,44.6541963136759,1,800,4.75390637960913,2.01333166779544,2.23318855564352,-0.21853639971581,-1.71714754232128e-18,7.80309250323323e-19,0,1.42519249075946e-18,0.000246266711072659,0.0016210034550947,1,-2.37076003511402e-19,-5.33799787159961e-20,1,0.000480665222583362,0.0166506935722712,0.0166506935722712,0.00125668900088172,-0.000142525586410511,0.00356399801294227,0.00356399801294227,0.0104029660136978,1,-2.71050543121376e-20,0,1,0.000480685781344489,0.0166515261069498,0.0166515261069498,0.00125669015904839,-0.000142329640012843,0.00356417621284292,0.00356417621284292,0.0104028983228055,-1.11112872305189,61.8701814368699,1.23337867047309,2.50302744904037,1.23337867047309,2.50302744904037,12.0653412830277,9.53502712199714,2.60208521396521e-18,6.05604141518598e-20,-4.50704449709228e-19,0,0,0,0.000480665222583363,0.00125668900088172,0.0166506935722712,-0.000142525586410515,0.0104029660136978,0.00356399801294227,1.03069563219037e-12,6.06262401486413e-09,2.68717894939326e-12,2.37076003511402e-19,6.93889390390723e-18,8.33403936988239e-14
NC_k0018,0.00315789473684211,0.00315789473684211,0.602237218297383,-8.91046328216538,-39.2623971803429,-12.0769544079533,-37.1127703698692,10.0611972881688,42.9904812705353,11.9036165838164,40.0519100943335,1,800,-2.1968776257191,-0.931332010027434,-1.03230917979639,0.101375139233025,-1.30464249700844e-18,-8.94089597941217e-19,0,1.69313945222254e-19,0.0002464291525882,0.00162076854157359,1,-3.1852114880687e-19,-1.2519427183612e-20,1,0.000480665222583362,0.0166506935722712,0.0166506935722712,0.00125668900088172,-0.000142525586410516,0.00356399801294227,0.00356399801294227,0.0104029660136978,1,-2.71050543121376e-20,0,1,0.000480685781344489,0.0166515261069498,0.0166515261069498,0.00125669015904839,-0.000142329640012843,0.00356417621284292,0.00356417621284292,0.0104028983228055,-1.1025937212911,61.875371322483,1.23089020504439,2.50700879568162,1.23089020504439,2.50700879568162,12.0745424798683,9.5451306950323,2.60208521396521e-18,1.70296615108794e-19,4.4506702309588e-19,0,0,0,0.000480665222583363,0.00125668900088172,0.0166506935722712,-0.000142525586410515,0.0104029660136978,0.00356399801294227,2.7532234692308e-12,8.52007676889996e-09,5.50501739593042e-12,3.1852114880687e-19,6.93889390390723e-18,2.32280730669975e-14
NC_k0018,0.0131578947368421,0.0131578947368421,0.60183041294027,-4.73999161827958,-42.4999699497777,-17.7019605924191,-33.5639487820414,7.86220505274844,47.368096014015,15.5347107306029,35.3540092651043,1,800,-9.09837366965522,-3.8406872717333,-4.26989011065826,0.41393958887715,-1.01313081425495e-18,-2.3601117237363e-19,0,3.05262733256569e-20,0.00024571437015241,0.00162185976590561,1,-7.97642714325117e-19,1.11908421062209e-19,1,0.000480665222583363,0.0166506935722712,0.0166506935722712,0.00125668900088172,-0.000142525586410512,0.00356399801294227,0.00356399801294227,0.0104029660136978,1,-2.71050543121376e-20,0,1,0.000480685781344489,0.0166515261069498,0.0166515261069498,0.00125669015904839,-0.000142329640012843,0.00356417621284292,0.00356417621284292,0.0104028983228055,-1.14034628454273,61.8577329256985,1.24114673820115,2.48908532337311,1.24114673820115,2.48908532337311,12.0343648893989,9.50269191329777,2.60208521396521e-18,8.00884421243514e-20,-7.38071560040089e-20,0,0,0,0.000480665222583363,0.00125668900088172,0.0166506935722712,-0.000142525586410515,0.0104029660136978,0.00356399801294227,6.53074257392971e-13,1.02179903676548e-08,2.85928743898559e-12,7.97642714325117e-19,6.93889390390723e-18,5.38665238944514e-14
NC_k0018,0.0231578947368421,0.0231578947368421,0.601432325407656,-1.78184765379976,-45.63374980488,-23.5491425845591,-30.0596989452973,6.41601939996267,51.2136756056346,19.8154445520114,31.1090738014422,1,800,-15.7372500739209,-6.58374058824872,-7.36592691851612,0.698816325555655,2.71333769763114e-18,2.78561343083358e-19,0,-1.86897158067171e-18,0.000244230024769959,0.00162471678232899,1,-7.94603214541307e-20,1.82307631380589e-20,1,0.000480665222583361,0.0166506935722712,0.0166506935722712,0.00125668900088172,-0.000142525586410514,0.00356399801294227,0.00356399801294227,0.0104029660136978,1,-2.71050543121376e-20,0,1,0.000480685781344489,0.0166515261069498,0.0166515261069498,0.00125669015904839,-0.000142329640012843,0.00356417621284292,0.00356417621284292,0.0104028983228055,-1.22419121295966,61.8716673407567,1.25690077282622,2.44737031299612,1.25690077282622,2.44737031299612,11.9517575747301,9.43036079996259,1.30104260698261e-18,3.05609730196274e-19,3.50570431237162e-19,0,0,0,0.000480665222583363,0.00125668900088172,0.0166506935722712,-0.000142525586410515,0.0104029660136978,0.00356399801294227,5.98411777143102e-13,9.07689781856567e-09,7.79319293222806e-13,7.94603214541307e-20,2.16840434497101e-18,1.8459650034152e-14
NC_k0019,-0.0268421052631579,-0.0268421052631579,0.355561813826101,147.178219402524,44.8148150725023,166.168468511509,34.8321195989213,-132.649454410871,-50.1969192105128,-177.486641877807,-27.7339883731204,1,800,7.85704573332448,4.04199716178837,3.92668415538723,-3.00025319210549,-5.00914109182512e-18,5.58651315938713e-19,0,-1.94562144495333e-18,0.000584312314290952,0.000627659073780086,1,4.42734704905185e-20,5.99094864297306e-20,1,0.0127487187526354,0.00482985425188675,0.00482985425188675,-0.0129637010912488,0.00660789271466915,0.00131317934767683,0.00131317934767683,0.000834533379048352,1,2.16840434497101e-19,1.0842021724855e-19,1,0.0127483960037477,0.00483009574459935,0.00483009574459935,-0.0129633810296404,0.00660786706284054,0.00131324500664422,0.00131324500664422,0.000834652061203133,25.1749494917408,15.0438735389775,7.25089351930829,-18.8851327540109,7.25089351930829,-18.8851327540109,14.0722600021718,-4.69648392930041,1.30104260698261e-18,-6.83085980013255e-19,-2.18914981541342e-19,0,0,0,0.0127487187526354,-0.0129637010912488,0.00482985425188675,0.00660789271466915,0.000834533379048352,0.00131317934767683,6.41232373687253e-13,7.8872771150926e-09,1.20917452449834e-12,5.99094864297306e-20,3.46944695195361e-18,2.15448863517729e-14
NC_k0019,-0.0168421052631579,-0.0168421052631579,0.35389223485973,150.784602489399,42.4220654412894,162.604823480337,36.2135726619939,-140.684556509349,-45.7194327998976,-169.444225904192,-31.1916037569545,1,800,5.01613686778835,2.65065000137923,2.53003966682532,-1.89783089181412,-8.77393784457447e-19,-4.08547813262391e-19,0,-1.08500950076336e-18,0.000581941446469663,0.000627473318644045,1,-2.04319995253017e-19,1.77843533735457e-20,1,0.0127487187526354,0.00482985425188675,0.00482985425188675,-0.0129637010912488,0.00660789271466915,0.00131317934767683,0.00131317934767683,0.000834533379048352,1,2.16840434497101e-19,1.0842021724855e-19,1,0.0127483960037477,0.00483009574459935,0.00483009574459935,-0.0129633810296404,0.00660786706284054,0.00131324500664422,0.00131324500664422,0.000834652061203133,25.1459017553567,15.068511199739,7.20129644482963,-18.6747813534603,7.20129644482963,-18.6747813534603,14.0177119112805,-4.69435212222632,8.67361737988404e-19,-6.91340454158704e-19,-6.31687563299379e-20,0,0,0,0.0127487187526354,-0.0129637010912488,0.00482985425188675,0.00660789271466915,0.000834533379048352,0.00131317934767683,8.48181935044449e-13,5.01656925040841e-09,2.92549133013347e-12,2.04319995253017e-19,5.20417042793042e-18,7.84294564322109e-16
NC_k0019,-0.00684210526315789,-0.00684210526315789,0.353111091664091,154.416957519478,40.2879182223076,159.179766597708,37.7837459751658,-149.256237379248,-41.1639641855185,-161.053405987289,-35.1809001557845,1,800,2.05337652317674,1.10003965319803,1.04062733820367,-0.773029240104722,-1.83091465504937e-18,1.24333187000601e-18,0,-2.18402151493601e-19,0.00058066873854723,0.000627492536374164,1,-1.6234273750248e-19,-5.55397970134518e-20,1,0.0127487187526354,0.00482985425188675,0.00482985425188675,-0.0129637010912488,0.00660789271466915,0.00131317934767683,0.00131317934767683,0.000834533379048352,1,2.16840434497101e-19,1.0842021724855e-19,1,0.0127483960037477,0.00483009574459935,0.00483009574459935,-0.0129633810296404,0.00660786706284054,0.00131324500664422,0.00131324500664422,0.000834652061203133,25.1425837274716,15.0910745790494,7.17291210436902,-18.5639096209119,7.17291210436902,-18.5639096209119,14.0055674698416,-4.69033885184583,1.30104260698261e-18,8.84447956959571e-19,1.58730415271363e-20,0,0,0,0.0127487187526354,-0.0129637010912488,0.00482985425188675,0.00660789271466915,0.000834533379048352,0.00131317934767683,1.17106240472423e-12,5.11830792537058e-09,2.51475027561178e-12,1.6234273750248e-19,8.67361737988404e-18,4.99914800420163e-14
NC_k0019,0.00315789473684211,0.00315789473684211,0.352994126457729,157.915217877262,38.41363440564,155.720764049488,39.5682187037804,-157.898995138372,-36.7450150290446,-152.446677348369,-39.5106972165034,1,800,-0.948781548814077,-0.509239445182425,-0.481146928018832,0.356914743289084,-2.75240709232325e-18,7.5249612940684e-19,0,-7.77397574567136e-19,0.000580475581536553,0.000627505360945373,1,-6.05946426605862e-20,-4.08936668301824e-20,1,0.0127487187526354,0.00482985425188675,0.00482985425188675,-0.0129637010912488,0.00660789271466915,0.00131317934767683,0.00131317934767683,0.000834533379048352,1,2.16840434497101e-19,1.0842021724855e-19,1,0.0127483960037477,0.00483009574459935,0.00483009574459935,-0.0129633810296404,0.00660786706284054,0.00131324500664422,0.00131324500664422,0.000834652061203133,25.1425700717111,15.0950510951917,7.16832219250845,-18.5467341170209,7.16832219250845,-18.5467341170209,14.0047240768314,-4.68944304092774,8.67361737988404e-19,-4.92536810732809e-19,1.44331294051932e-19,0,0,0,0.0127487187526354,-0.0129637010912488,0.00482985425188675,0.00660789271466915,0.000834533379048352,0.00131317934767683,3.45693523930617e-12,5.30936385968332e-09,6.70381796232877e-13,6.05946426605862e-20,3.46944695195361e-18,9.43548015174784e-15
NC_k0019,0.0131578947368421,0.0131578947368421,0.353520865840293,161.338796661112,36.7697978732713,152.136339056956,41.6053892717127,-166.388196091876,-32.6119897094223,-143.813909402564,-44.0374254285395,1,800,-3.9334446086216,-2.0920520753402,-1.98841390570733,1.48480107031331,1.25802921512985e-18,7.04691707446175e-20,0,-1.08946304118134e-18,0.000581342194921267,0.000627472879420449,1,-1.69264268007643e-19,7.2334369064876e-21,1,0.0127487187526354,0.00482985425188675,0.00482985425188675,-0.0129637010912488,0.00660789271466915,0.00131317934767683,0.00131317934767683,0.000834533379048352,1,2.16840434497101e-19,1.0842021724855e-19,1,0.0127483960037477,0.00483009574459935,0.00483009574459935,-0.0129633810296404,0.00660786706284054,0.00131324500664422,0.00131324500664422,0.000834652061203133,25.1436084241981,15.0784441892609,7.18826228181596,-18.6229153377287,7.18826228181596,-18.6229153377287,14.0105496999156,-4.69282773184413,1.0842021724855e-18,-3.67299535003533e-20,5.21789669336096e-20,0,0,0,0.0127487187526354,-0.0129637010912488,0.00482985425188675,0.00660789271466915,0.000834533379048352,0.00131317934767683,1.83452578816977e-12,7.29471801873174e-09,1.77857350732932e-12,1.69264268007643e-19,1.73472347597681e-18,6.28094764356406e-15
NC_k0019,0.0231578947368421,0.0231578947368421,0.354809864704216,164.822600134008,35.3176467670672,148.475430608799,43.9048695411467,-174.569009842615,-28.9290415119795,-135.4974206562,-48.5732809779923,1,800,-6.83224133653805,-3.55516244493667,-3.42784324788664,2.59879002035554,1.24225322648724e-18,-1.65899343653635e-20,0,-2.66954344728014e-19,0.000583326921249462,0.000627540863733109,1,-1.19341236027911e-19,-3.07225723092055e-20,1,0.0127487187526354,0.00482985425188675,0.00482985425188675,-0.0129637010912488,0.00660789271466915,0.00131317934767683,0.00131317934767683,0.000834533379048351,1,2.16840434497101e-19,1.0842021724855e-19,1,0.0127483960037477,0.00483009574459935,0.00483009574459935,-0.0129633810296404,0.00660786706284054,0.00131324500664422,0.00131324500664422,0.000834652061203133,25.1579713757012,15.0509270154935,7.23019438691223,-18.7951729084156,7.23019438691223,-18.7951729084156,14.0440954931296,-4.69613121745826,1.30104260698261e-18,1.26568493617867e-19,4.495593315322e-19,0,0,0,0.0127487187526354,-0.0129637010912488,0.00482985425188675,0.00660789271466915,0.000834533379048352,0.00131317934767683,3.89539318583261e-13,6.06616129106248e-09,2.59908920928501e-12,1.19341236027911e-19,6.93889390390723e-18,3.25422729318056e-14
NC_k0020,-0.0268421052631579,-0.0268421052631579,0.340667554507373,15.8167626590353,116.872834849925,17.2393084187797,156.705318123778,-19.5890752070789,-137.022222170703,-13.4826066812439,-140.364484982798,1,800,6.3334736697019,1.69732793351182,2.65016452906053,2.91246163166197,-1.41185833928511e-18,-8.90774258046104e-19,0,2.0778446115087e-18,-0.000271434292740076,-0.00151367970368326,1,7.22158655469218e-20,-2.23668070941993e-20,1,-0.000641862031582154,0.00761351814436902,0.00761351814436902,-0.0054579085922262,-0.00107937272190659,0.00271105892574516,0.00271105892574516,-0.0174160472675352,1,0,0,1,-0.00064196035573056,0.00761389882027625,0.00761389882027624,-0.00545788651521059,-0.00107969252671334,0.00271119447869144,0.00271119447869144,-0.0174159586554784,2.2548948763182,18.1655983453252,15.5290530041696,-2.49664619492849,15.5290530041696,-2.49664619492849,10.5928128688838,-23.394147732437,1.0842021724855e-18,-8.71960468405156e-20,-7.98594301470621e-19,0,0,0,-0.000641862031582153,-0.0054579085922262,0.00761351814436903,-0.00107937272190659,-0.0174160472675352,0.00271105892574516,8.399410690286e-13,9.57030122238093e-09,1.24238829237774e-12,7.22158655469218e-20,3.46944695195361e-18,4.18776771596676e-14
NC_k0020,-0.0168421052631579,-0.0168421052631579,0.34026783300819,16.4933094959638,122.883093656967,17.9606902421351,148.728223086028,-19.2995719777,-137.119319809594,-15.1682604720404,-138.322286347641,1,800,4.03318425961216,1.16629382936763,1.71582776936334,1.82679401100409,-6.96155203524628e-21,-4.27050189203977e-19,0,-1.93230714581367e-18,-0.000271945900712434,-0.00151089621415375,1,-1.35948347494035e-19,-1.03895078601092e-19,1,-0.000641862031582153,0.00761351814436903,0.00761351814436903,-0.0054579085922262,-0.00107937272190658,0.00271105892574516,0.00271105892574516,-0.0174160472675352,1,0,0,1,-0.00064196035573056,0.00761389882027625,0.00761389882027624,-0.00545788651521059,-0.00107969252671334,0.00271119447869144,0.00271119447869144,-0.0174159586554784,2.31675057773309,18.2228856357834,15.3764589872828,-2.48729020474196,15.3764589872828,-2.48729020474196,10.5235887528482,-23.3949828865603,1.30104260698261e-18,8.11745587485544e-20,-1.13896515959975e-18,0,0,0,-0.000641862031582153,-0.0054579085922262,0.00761351814436903,-0.00107937272190659,-0.0174160472675352,0.00271105892574516,2.13330357415097e-12,8.92694063827075e-09,3.54646456126363e-12,1.35948347494035e-19,1.04083408558608e-17,6.68872276394927e-14
NC_k0020,-0.00684210526315789,-0.00684210526315789,0.340168241432867,17.3317210738083,129.916347516263,18.0582929900701,140.591682137211,-18.5767211818539,-137.03510452725,-16.8255349765667,-137.313874940837,1,800,1.64507927736237,0.492225339007256,0.705310523401979,0.740317631853199,-8.18438967839567e-19,-1.37870494033398e-18,0,3.11729962157754e-18,-0.00027220783085255,-0.00150926875281945,1,-6.71831534996995e-20,-2.34374488065845e-20,1,-0.000641862031582154,0.00761351814436903,0.00761351814436903,-0.0054579085922262,-0.00107937272190659,0.00271105892574516,0.00271105892574516,-0.0174160472675352,1,0,0,1,-0.00064196035573056,0.00761389882027625,0.00761389882027624,-0.00545788651521059,-0.00107969252671334,0.00271119447869144,0.00271119447869144,-0.0174159586554784,2.351551085206,18.2591833562152,15.2941084824457,-2.48288668577026,15.2941084824457,-2.48288668577026,10.4958409893375,-23.404871237709,4.33680868994202e-19,9.77470423905939e-20,-1.56293677317859e-19,0,0,0,-0.000641862031582153,-0.0054579085922262,0.00761351814436903,-0.00107937272190659,-0.0174160472675352,0.00271105892574516,2.12194225656e-12,5.68648734223361e-09,2.78648081727736e-12,6.71831534996995e-20,8.67361737988404e-19,2.5130850703771e-14
NC_k0020,0.00315789473684211,0.00315789473684211,0.340155540859019,17.9455695536345,137.634685357047,17.6007117777925,132.695714138622,-17.3722578933282,-137.142755106832,-18.1858050319606,-137.029437315162,1,800,-0.759597707417852,-0.228331823904593,-0.326016745336403,-0.341453723324385,-7.08337919586309e-19,3.32433962017711e-19,0,-5.40341507643729e-18,-0.000272246698266999,-0.00150900947003015,1,-5.57952264194663e-20,4.32501340319441e-20,1,-0.000641862031582156,0.00761351814436903,0.00761351814436903,-0.0054579085922262,-0.00107937272190659,0.00271105892574516,0.00271105892574516,-0.0174160472675352,1,0,0,1,-0.00064196035573056,0.00761389882027625,0.00761389882027624,-0.00545788651521059,-0.00107969252671334,0.00271119447869144,0.00271119447869144,-0.0174159586554784,2.35700818863843,18.2649067132333,15.2811946751031,-2.48221813793916,15.2811946751031,-2.48221813793916,10.492032100905,-23.4066550189263,1.17906986257799e-18,2.14338501127704e-19,-7.93403444427082e-19,0,0,0,-0.000641862031582153,-0.0054579085922262,0.00761351814436903,-0.00107937272190659,-0.0174160472675352,0.00271105892574516,5.45883225163591e-12,6.50295612596491e-09,3.00129514263314e-12,5.57952264194663e-20,6.93889390390723e-18,6.69093084514788e-15
NC_k0020,0.0131578947368421,0.0131578947368421,0.340217011952472,18.0694657758303,145.727720629679,16.8066193849016,125.376972843314,-15.7986332808118,-137.846382384613,-19.0906546399362,-137.093608201815,1,800,-3.15793476425147,-0.928366618944478,-1.34847945645463,-1.42579770369557,-2.55274554478765e-19,-5.88257764423211e-19,0,-4.70185342042902e-18,-0.000272071147842091,-0.00151014437930753,1,-2.57290974528355e-19,-3.54091537249814e-20,1,-0.000641862031582155,0.00761351814436903,0.00761351814436903,-0.0054579085922262,-0.00107937272190659,0.00271105892574516,0.00271105892574516,-0.0174160472675352,1,0,0,1,-0.00064196035573056,0.00761389882027625,0.00761389882027624,-0.00545788651521059,-0.00107969252671334,0.00271119447869144,0.00271119447869144,-0.0174159586554784,2.33291455073874,18.2397345582023,15.3381567266321,-2.48519978781231,15.3381567266321,-2.48519978781231,10.50989385067,-23.3992088055168,8.67361737988404e-19,2.85636997732302e-19,-5.25791933111346e-19,0,0,0,-0.000641862031582153,-0.0054579085922262,0.00761351814436903,-0.00107937272190659,-0.0174160472675352,0.00271105892574516,2.01630228809982e-12,6.51865607481768e-09,1.12967374785578e-12,2.57290974528355e-19,3.46944695195361e-18,4.04646593841556e-14
NC_k0020,0.0231578947368421,0.0231578947368421,0.340446110046636,17.5731360585752,153.809650508206,16.0200041023069,118.937452339268,-14.0860007208092,-139.474264058372,-19.5218041789492,-137.091041519773,1,800,-5.50547775945042,-1.52659739551413,-2.32058480113833,-2.51424844898064,1.1917356521174e-19,-1.84337530379687e-18,0,4.5986609846518e-19,-0.000271652564136763,-0.00151255611377468,1,-8.13780200562579e-21,4.60312769361366e-22,1,-0.000641862031582152,0.00761351814436903,0.00761351814436903,-0.0054579085922262,-0.00107937272190659,0.00271105892574516,0.00271105892574516,-0.0174160472675352,1,0,0,1,-0.00064196035573056,0.00761389882027625,0.00761389882027624,-0.00545788651521059,-0.00107969252671334,0.00271119447869144,0.00271119447869144,-0.0174159586554784,2.28051457478955,18.1869621799419,15.4641611090252,-2.49248515840246,15.4641611090252,-2.49248515840246,10.5604302471206,-23.3903662432923,1.30104260698261e-18,-3.81402278031393e-19,-1.28928451108027e-18,0,0,0,-0.000641862031582153,-0.0054579085922262,0.00761351814436903,-0.00107937272190659,-0.0174160472675352,0.00271105892574516,9.43032953578829e-13,8.00082272381093e-09,3.03205121576209e-12,8.13780200562579e-21,3.46944695195361e-18,3.96221585476416e-14
NC_k0021,-0.0268421052631579,-0.0268421052631579,0.268880134695449,-102.732578287058,-43.4604986388745,-96.1361298225065,-48.9637510048828,86.1210183268034,42.0776216285066,108.312575787371,52.7559627497351,1,800,7.08071513766923,4.52363012281033,3.82943393595832,1.13299026931061,3.35986206440259e-18,-1.2698082670526e-18,0,2.93986607146246e-19,-0.00170973534213881,0.000330346686706007,1,1.14096498927265e-19,-1.4278353071931e-19,1,-0.0157696505906199,0.00743347769776724,0.00743347769776724,-0.00490678345698626,-0.00639315530433366,0.00364612015319482,0.00364612015319482,0.00422118215147606,1,0,1.0842021724855e-19,1,-0.0157696440324936,0.00743384937165214,0.00743384937165214,-0.00490704847053823,-0.00639303619994767,0.00364630245920248,0.00364630245920248,0.00422103589742566,-17.637090186383,29.3406937628118,-4.19846044133477,9.12423125398788,-4.19846044133477,9.12423125398788,6.37862210793729,8.08760070750803,1.73472347597681e-18,-3.21876202153486e-19,2.66638718295444e-19,0,0,0,-0.0157696505906199,-0.00490678345698626,0.00743347769776725,-0.00639315530433366,0.00422118215147607,0.00364612015319482,4.25228918865183e-13,1.23135286334276e-08,2.34202074070112e-12,1.4278353071931e-19,3.46944695195361e-18,4.66584122790408e-14
NC_k0021,-0.0168421052631579,-0.0168421052631579,0.268832055494038,-100.491153863395,-44.9442431242425,-95.5454993111441,-48.1796690568792,88.5158223695399,44.1205801033822,103.08597855931,51.4109615339192,1,800,4.60354798245312,2.89888870588503,2.47580410715155,0.704442216829347,1.63607060740128e-18,-1.67557675345682e-18,0,7.19928374329402e-19,-0.00170622439567589,0.000327827738328312,1,-2.30966699916672e-20,-6.82595992258863e-20,1,-0.0157696505906199,0.00743347769776725,0.00743347769776725,-0.00490678345698626,-0.00639315530433366,0.00364612015319482,0.00364612015319482,0.00422118215147607,1,0,1.0842021724855e-19,1,-0.0157696440324936,0.00743384937165214,0.00743384937165214,-0.00490704847053823,-0.00639303619994767,0.00364630245920248,0.00364630245920248,0.00422103589742566,-17.6549983542072,29.2215604826357,-4.18676636166959,9.06642055469967,-4.18676636166959,9.06642055469967,6.45889687319757,8.11822621524692,8.67361737988404e-19,7.52685614066933e-20,-1.38528633296515e-19,0,0,0,-0.0157696505906199,-0.00490678345698626,0.00743347769776725,-0.00639315530433366,0.00422118215147607,0.00364612015319482,1.15750426612289e-12,8.79520193344189e-09,4.85065888647037e-12,6.82595992258863e-20,1.30104260698261e-18,6.93806651123727e-14
NC_k0021,-0.00684210526315789,-0.00684210526315789,0.268999256807381,-98.3045204331335,-46.2076586971253,-96.1123451401998,-47.4645775566752,91.9622800232019,46.4942005934555,98.02161984073,49.58424353498,1,800,1.8983936409803,1.18741659578048,1.01831737813105,0.284017798512262,1.10018991936493e-18,-1.4242064914693e-19,0,-1.00361823721059e-18,-0.00170427631806846,0.000326571144395678,1,5.63035664918896e-20,1.42420622272482e-20,1,-0.0157696505906199,0.00743347769776724,0.00743347769776724,-0.00490678345698626,-0.00639315530433366,0.00364612015319482,0.00364612015319482,0.00422118215147606,1,0,1.0842021724855e-19,1,-0.0157696440324936,0.00743384937165214,0.00743384937165214,-0.00490704847053823,-0.00639303619994767,0.00364630245920248,0.00364630245920248,0.00422103589742566,-17.6755133110039,29.1825869206142,-4.1832873694598,9.0356900373267,-4.1832873694598,9.0356900373267,6.49994419247337,8.14394804809581,1.30104260698261e-18,-3.90749509773871e-19,3.43090257490442e-19,0,0,0,-0.0157696505906199,-0.00490678345698626,0.00743347769776725,-0.00639315530433366,0.00422118215147607,0.00364612015319482,2.85659399498013e-12,6.37534934231727e-09,6.52266971836961e-13,5.63035664918896e-20,3.46944695195361e-18,2.51761307097694e-14
NC_k0021,0.00315789473684211,0.00315789473684211,0.269034314283619,-96.5664327860557,-47.1715757950189,-97.5911406582465,-46.5956757572583,96.2657093136742,48.804257022429,93.459450065319,47.368986861635,1,800,-0.87792452862417,-0.548678460101715,-0.470778986279552,-0.130876808681123,5.71515628825138e-19,3.87755801385258e-19,0,-6.8151410668244e-19,-0.00170397379281381,0.000326384095185186,1,-5.7975326598786e-20,1.25734460425776e-21,1,-0.0157696505906199,0.00743347769776724,0.00743347769776724,-0.00490678345698626,-0.00639315530433366,0.00364612015319482,0.00364612015319482,0.00422118215147606,1,0,1.0842021724855e-19,1,-0.0157696440324936,0.00743384937165214,0.00743384937165214,-0.00490704847053823,-0.00639303619994767,0.00364630245920248,0.00364630245920248,0.00422103589742566,-17.6791341811346,29.1779267960782,-4.18287939752204,9.03085525208517,-4.18287939752204,9.03085525208517,6.50601131239799,8.14845241446784,1.62630325872826e-18,-3.76130381294147e-19,5.85054651436659e-19,0,0,0,-0.0157696505906199,-0.00490678345698626,0.00743347769776725,-0.00639315530433366,0.00422118215147607,0.00364612015319482,1.69921721638894e-11,6.53138533504661e-09,1.21549277173578e-13,5.7975326598786e-20,4.33680868994202e-18,4.64253381963235e-14
NC_k0021,0.0131578947368421,0.0131578947368421,0.268897181091268,-95.6315882182635,-47.9217242692394,-99.6594571761735,-45.4443579708216,101.182987686415,50.7921583006085,89.674014549379,44.9810028702616,1,800,-3.62312447692868,-2.27407825657638,-1.94607690205662,-0.548586318054477,-7.51675566239187e-20,-5.0821976835258e-20,0,6.84604453450938e-19,-0.00170531734459111,0.000327228917428794,1,-3.10293815335058e-19,4.45926817301169e-20,1,-0.0157696505906199,0.00743347769776724,0.00743347769776724,-0.00490678345698626,-0.00639315530433366,0.00364612015319482,0.00364612015319482,0.00422118215147607,1,0,1.0842021724855e-19,1,-0.0157696440324936,0.00743384937165214,0.00743384937165214,-0.00490704847053823,-0.00639303619994767,0.00364630245920248,0.00364630245920248,0.00422103589742566,-17.6639435639999,29.2014023339685,-4.18492473519939,9.05212393180524,-4.18492473519939,9.05212393180524,6.47849221529009,8.1295145302824,1.73472347597681e-18,1.82445425981501e-19,1.21851918945982e-19,0,0,0,-0.0157696505906199,-0.00490678345698626,0.00743347769776725,-0.00639315530433366,0.00422118215147607,0.00364612015319482,3.38466964601642e-12,1.23071617316014e-08,1.63710841716257e-12,3.10293815335058e-19,3.46944695195361e-18,7.8653664323579e-14
NC_k0021,0.0231578947368421,0.0231578947368421,0.268790112166598,-95.7714800289372,-48.6500483892394,-101.921082048304,-44.0183330028372,106.389649335623,52.3156887467736,86.866834167643,42.7617138113815,1,800,-6.20918546635803,-3.94144240019087,-3.3497071959612,-0.974642189670024,2.07329842686211e-18,-7.25761652009126e-19,0,-4.6001168225299e-20,-0.00170828016865746,0.000329262501990038,1,2.4975908752434e-20,-1.08263461205589e-20,1,-0.0157696505906199,0.00743347769776724,0.00743347769776724,-0.00490678345698626,-0.00639315530433366,0.00364612015319482,0.00364612015319482,0.00422118215147606,1,0,1.0842021724855e-19,1,-0.0157696440324936,0.00743384937165214,0.00743384937165214,-0.00490704847053823,-0.00639303619994767,0.00364630245920248,0.00364630245920248,0.00422103589742566,-17.6404216475816,29.2820873832374,-4.19261315455098,9.09934857013175,-4.19261315455098,9.09934857013175,6.41245993553359,8.09760841109639,1.73472347597681e-18,-1.54724628312071e-18,-2.92642958472867e-20,0,0,0,-0.0157696505906199,-0.00490678345698626,0.00743347769776725,-0.00639315530433366,0.00422118215147607,0.00364612015319482,8.26500502655691e-13,9.97041983935156e-09,2.78398576805088e-12,2.4975908752434e-20,1.38777878078145e-17,7.72393388772518e-14
NC_k0022,-0.0268421052631579,-0.0268421052631579,0.357603458589995,44.2446850231775,-119.127464034362,68.5182670537248,-165.340232635055,-39.227803342236,132.775061890266,-70.2189164270802,151.788439855343,1,800,-1.26546652226795,4.8072193199054,1.16877842322035,-5.01091822410548,4.26692847179354e-20,-6.28988137785322e-19,0,-3.166579733751e-19,0.00106115551246619,-0.000302800397245049,1,-2.57759527865504e-20,-1.80845628847182e-19,1,0.00921842681296943,-0.00503965169388544,-0.00503965169388544,0.00145752932466205,-0.0151678539211591,0.00175471875137047,0.00175471875137047,0.00737260440386989,1,0,0,1,0.00921839652647668,-0.00503990367647013,-0.00503990367647013,0.00145769306060651,-0.0151676208857395,0.00175480648730804,0.00175480648730804,0.00737227392783135,10.5052331256412,-9.61011610532033,-20.2118415410615,-4.44334691640281,-20.2118415410615,-4.44334691640281,9.99498124301269,21.4628916566151,1.30104260698261e-18,-2.61914555208271e-19,5.85082580007652e-19,0,0,0,0.00921842681296943,0.00145752932466205,-0.00503965169388544,-0.0151678539211591,0.00737260440386989,0.00175471875137047,6.12216788309666e-13,9.27855293550558e-09,4.36118641018048e-12,1.80845628847182e-19,4.33680868994202e-18,1.10214027374331e-14
NC_k0022,-0.0168421052631579,-0.0168421052631579,0.354484496192647,48.5814400019843,-127.482344171823,63.615519082745,-157.055988567827,-44.6135241644523,136.644429464905,-64.271858926585,148.02677463332,1,800,-0.786264840385927,3.06800993538036,0.752975881348185,-3.15448830964826,3.58513312370283e-19,1.27528751143015e-18,0,-5.39018680408135e-18,0.00105848394619699,-0.000303381329126985,1,8.90688941639684e-20,-1.21777785496168e-19,1,0.00921842681296943,-0.00503965169388544,-0.00503965169388544,0.00145752932466205,-0.0151678539211591,0.00175471875137047,0.00175471875137047,0.00737260440386989,1,0,0,1,0.00921839652647668,-0.00503990367647013,-0.00503990367647013,0.00145769306060651,-0.0151676208857395,0.00175480648730804,0.00175480648730804,0.00737227392783135,10.439579799261,-9.62260312906263,-19.9736389329267,-4.40668318154136,-19.9736389329267,-4.40668318154136,9.92242878876575,21.3445320702975,1.30104260698261e-18,-1.22178746351519e-19,5.20548461226177e-19,0,0,0,0.00921842681296943,0.00145752932466205,-0.00503965169388544,-0.0151678539211591,0.00737260440386989,0.00175471875137047,1.44693796609691e-12,7.50045198342946e-09,3.47092807234471e-12,1.21777785496168e-19,3.46944695195361e-18,2.11405731328434e-14
NC_k0022,-0.00684210526315789,-0.00684210526315789,0.352880915659295,52.8799171339903,-136.242083911008,58.9315981522947,-148.365594484187,-50.2398426335523,140.134775764965,-58.2656876321274,144.625824330689,1,800,-0.313546461200892,1.25753524596476,0.311516298972075,-1.28088067601898,-3.92388012815555e-19,-3.62635980543247e-20,0,-2.93991901102167e-18,0.0010570832631539,-0.000303808951215155,1,2.81910536936947e-20,5.33004941167024e-20,1,0.00921842681296942,-0.00503965169388544,-0.00503965169388544,0.00145752932466205,-0.0151678539211591,0.00175471875137047,0.00175471875137047,0.00737260440386989,1,0,0,1,0.00921839652647668,-0.00503990367647013,-0.00503990367647013,0.00145769306060651,-0.0151676208857395,0.00175480648730804,0.00175480648730804,0.00737227392783135,10.4134743348428,-9.63172763473139,-19.845997174116,-4.38930774770586,-19.845997174116,-4.38930774770586,9.89410657444622,21.2849479082187,1.19262238973405e-18,4.14740674253532e-19,-1.06156204987728e-18,0,0,0,0.00921842681296943,0.00145752932466205,-0.00503965169388544,-0.0151678539211591,0.00737260440386989,0.00175471875137047,3.96354472516898e-12,5.62407518735251e-09,1.09807974600981e-12,5.33004941167024e-20,6.93889390390723e-18,6.92157196886658e-15
NC_k0022,0.00315789473684211,0.00315789473684211,0.352634130637535,57.2673005917248,-145.109623108572,54.4786378404573,-139.507034143197,-56.0739586485456,143.417560686043,-52.3671845338805,141.354618720679,1,800,0.144201112696562,-0.581191064941905,-0.144206684240961,0.591009474052003,6.24878704502159e-19,1.82489939763489e-18,0,1.5739592695659e-18,0.00105687077276502,-0.000303880430113129,1,5.65829491477738e-20,4.24524373201296e-20,1,0.00921842681296942,-0.00503965169388544,-0.00503965169388544,0.00145752932466205,-0.0151678539211591,0.00175471875137047,0.00175471875137047,0.00737260440386989,1,0,0,1,0.00921839652647668,-0.00503990367647013,-0.00503990367647013,0.00145769306060651,-0.0151676208857395,0.00175480648730804,0.00175480648730804,0.00737227392783135,10.4099357421845,-9.6331581032381,-19.8261039595865,-4.38672680771776,-19.8261039595865,-4.38672680771776,9.89039789302847,21.2757315520911,1.0842021724855e-18,4.34522472050938e-19,-1.44109543230128e-19,0,0,0,0.00921842681296943,0.00145752932466205,-0.00503965169388544,-0.0151678539211591,0.00737260440386989,0.00175471875137047,6.74938090823288e-12,5.73984155065281e-09,5.66070937504254e-12,5.65829491477738e-20,4.33680868994202e-18,3.9039798786529e-14
NC_k0022,0.0131578947368421,0.0131578947368421,0.353732579594855,61.861112718155,-153.88892062827,50.1641131764459,-130.684128526224,-62.0553732537911,146.745022148138,-46.6606974167391,137.97020172156,1,800,0.609676406714293,-2.40700802658898,-0.593119434558664,2.46436032542034,2.4272126150266e-19,2.97526940167973e-19,0,4.31661224810592e-18,0.00105782424908851,-0.000303573383457892,1,1.9462612022717e-19,6.39119504228891e-20,1,0.00921842681296943,-0.00503965169388544,-0.00503965169388544,0.00145752932466205,-0.0151678539211591,0.00175471875137047,0.00175471875137047,0.00737260440386989,1,0,0,1,0.00921839652647668,-0.00503990367647013,-0.00503990367647013,0.00145769306060651,-0.0151676208857395,0.00175480648730804,0.00175480648730804,0.00737227392783135,10.4266956372108,-9.62685837854289,-19.9141296986688,-4.39840011637407,-19.9141296986688,-4.39840011637407,9.90827433005004,21.3166253824239,8.67361737988404e-19,-2.19499671959666e-20,-1.3578988677184e-19,0,0,0,0.00921842681296943,0.00145752932466205,-0.00503965169388544,-0.0151678539211591,0.00737260440386989,0.00175471875137047,2.12452281653832e-12,6.45733583463837e-09,3.52936798889032e-12,1.9462612022717e-19,1.73472347597681e-18,3.18567311861744e-14
NC_k0022,0.0231578947368421,0.0231578947368421,0.356251349305726,66.6934699969295,-162.34973670042,45.8495549111985,-122.125173156061,-68.0492152690562,150.344273113841,-41.1782424130331,134.241832762357,1,800,1.0920670753701,-4.17765667919973,-1.01824456926379,4.33237878544256,1.47661665508066e-19,-9.80010502528325e-19,0,-2.84563365608042e-19,0.00106002556873149,-0.000302998379372017,1,-2.45186809233777e-21,8.02347909922619e-20,1,0.00921842681296942,-0.00503965169388544,-0.00503965169388544,0.00145752932466205,-0.0151678539211591,0.00175471875137047,0.00175471875137047,0.00737260440386989,1,0,0,1,0.00921839652647668,-0.00503990367647013,-0.00503990367647013,0.00145769306060651,-0.0151676208857395,0.00175480648730804,0.00175480648730804,0.00737227392783135,10.4743665505146,-9.61392756204921,-20.1105070221107,-4.42697016610008,-20.1105070221107,-4.42697016610008,9.96113848191195,21.4107539333796,1.40946282423116e-18,9.71090437593266e-19,-1.249921393213e-18,0,0,0,0.00921842681296943,0.00145752932466205,-0.00503965169388544,-0.0151678539211591,0.00737260440386989,0.00175471875137047,1.36761777564985e-12,7.0997178505006e-09,5.36549288270092e-12,8.02347909922619e-20,1.21430643318376e-17,2.1814825929843e-15
NC_k0023,-0.0268421052631579,-0.0268421052631579,0.606738558205509,17.4609277364546,-1.42396482645355,27.4543893803711,-18.3067837429481,-19.9891681526693,-1.14558429830949,-21.5153362101965,18.7744812454875,1,800,-3.70524362783155,15.75505485221,3.97643770404484,-0.901002626456246,-1.41183186950551e-18,-3.70857494087534e-18,0,5.50276939417226e-19,0.000304952231975607,-0.000462304514804446,1,-6.21297683633921e-20,-1.73145696867798e-19,1,0.00179059656442486,-0.00748668606960372,-0.00748668606960372,-0.00832749512316028,-0.00107299813618593,0.0163878394980998,0.0163878394980998,-0.00129750229158753,1,-1.0842021724855e-19,2.71050543121376e-20,1,0.00179042923266277,-0.0074870604039072,-0.0074870604039072,-0.00832740950263018,-0.00107301575811555,0.0163886588900747,0.0163886588900747,-0.00129751430091326,4.37161213128397,-25.9954595006019,-3.99217149808318,0.701953792165367,-3.99217149808318,0.701953792165367,59.3232454383381,0.755350000689613,1.73472347597681e-18,-5.15478681236088e-19,-3.32524753542166e-19,0,0,0,0.00179059656442486,-0.00832749512316028,-0.00748668606960372,-0.00107299813618593,-0.00129750229158753,0.0163878394980998,4.0270900994279e-13,1.53845930584493e-08,7.46989686733313e-13,1.73145696867798e-19,3.46944695195361e-18,4.90392058615075e-14
NC_k0023,-0.0168421052631579,-0.0168421052631579,0.605112561465831,18.5610583976243,-6.27124719746621,25.3188433196637,-16.876782715027,-19.8575205537111,4.08314423533514,-20.6192674128315,17.0005760228083,1,800,-2.2840005630786,10.0617910424004,2.56667085817627,-0.576320341869173,-1.12796995305691e-18,1.23126826795253e-18,0,-1.8781632116384e-19,0.000301646227907734,-0.000459735838941463,1,1.41745205210898e-19,-2.56778854110197e-19,1,0.00179059656442486,-0.00748668606960372,-0.00748668606960372,-0.00832749512316028,-0.00107299813618593,0.0163878394980998,0.0163878394980998,-0.00129750229158753,1,-1.0842021724855e-19,2.71050543121376e-20,1,0.00179042923266277,-0.0074870604039072,-0.0074870604039072,-0.00832740950263018,-0.00107301575811555,0.0163886588900747,0.0163886588900747,-0.00129751430091326,4.30224316911951,-25.9447574211959,-3.89052834429617,0.656605834972792,-3.89052834429617,0.656605834972792,59.2357244004203,0.815748395076509,2.60208521396521e-18,-4.69527966788471e-19,-3.97508871048845e-19,0,0,0,0.00179059656442486,-0.00832749512316028,-0.00748668606960372,-0.00107299813618593,-0.00129750229158753,0.0163878394980998,1.21021457141926e-12,1.1666337113036e-08,3.53467185911005e-12,2.56778854110197e-19,6.93889390390723e-18,4.2932869734676e-14
NC_k0023,-0.00684210526315789,-0.00684210526315789,0.604661205352236,20.2613719766051,-10.4408209763732,23.1128244981088,-14.7331836117491,-19.8559974204009,8.90185964437117,-20.1223630564288,14.2293613908208,1,800,-0.914493403755293,4.11364647296901,1.05572051284053,-0.23629305058555,-4.45009934663728e-19,-4.63644659503323e-18,0,-7.97666808297136e-20,0.000300142354905185,-0.00045848571641317,1,2.86796462727362e-20,-1.60182324873605e-19,1,0.00179059656442486,-0.00748668606960372,-0.00748668606960372,-0.00832749512316028,-0.00107299813618593,0.0163878394980998,0.0163878394980998,-0.00129750229158753,1,-1.0842021724855e-19,2.71050543121376e-20,1,0.00179042923266277,-0.0074870604039072,-0.0074870604039072,-0.00832740950263018,-0.00107301575811555,0.0163886588900747,0.0163886588900747,-0.00129751430091326,4.27912719183208,-25.9366399684239,-3.83376612606968,0.626868497632745,-3.83376612606968,0.626868497632745,59.2331179935869,0.840616133969515,3.46944695195361e-18,-2.32425077158842e-20,-2.83646578658754e-19,0,0,0,0.00179059656442486,-0.00832749512316028,-0.00748668606960372,-0.00107299813618593,-0.00129750229158753,0.0163878394980998,2.16018200579258e-12,8.09920252311345e-09,1.56685437930023e-12,1.60182324873605e-19,1.04083408558608e-17,7.73001292674154e-14
NC_k0023,0.00315789473684211,0.00315789473684211,0.604613212466987,22.3116550821375,-13.7391824306973,20.9881576060728,-11.7593338356832,-20.0126238419771,12.9609371612181,-19.8928338020073,10.4974574825303,1,800,0.420969774489917,-1.90003154842189,-0.488090385397524,0.109220202207734,-9.23907804662529e-19,-7.19808598576704e-18,0,-7.91946027180719e-19,0.000299930630890658,-0.000458301151349729,1,1.61525061199852e-19,2.80679090091166e-21,1,0.00179059656442486,-0.00748668606960372,-0.00748668606960372,-0.00832749512316028,-0.00107299813618593,0.0163878394980998,0.0163878394980998,-0.00129750229158753,1,-1.0842021724855e-19,2.71050543121376e-20,1,0.00179042923266277,-0.0074870604039072,-0.0074870604039072,-0.00832740950263018,-0.00107301575811555,0.0163886588900747,0.0163886588900747,-0.00129751430091326,4.27650860066984,-25.9364080182461,-3.82483331971841,0.621909450031677,-3.82483331971841,0.621909450031677,59.2350205722075,0.843937530625729,1.73472347597681e-18,-2.55606448539443e-19,-8.07470666809461e-20,0,0,0,0.00179059656442486,-0.00832749512316028,-0.00748668606960372,-0.00107299813618593,-0.00129750229158753,0.0163878394980998,2.18958639527961e-12,7.91465216708747e-09,3.65108469839545e-12,1.61525061199852e-19,3.46944695195361e-18,3.41543119340209e-14
NC_k0023,0.0131578947368421,0.0131578947368421,0.604871162745132,24.5063861218765,-16.1774546381538,19.1307543537927,-7.9036534997542,-20.3970904491161,16.0962906031136,-19.8402623332041,5.93040351249948,1,800,1.77303039815864,-7.88628589784695,-2.01737431489713,0.452233342170308,1.39971532789283e-18,-6.06554999572884e-18,0,-5.38269585645407e-19,0.000300915969790967,-0.000459138163803223,1,3.03163476192222e-19,3.03152361411802e-19,1,0.00179059656442486,-0.00748668606960372,-0.00748668606960372,-0.00832749512316028,-0.00107299813618593,0.0163878394980998,0.0163878394980998,-0.00129750229158753,1,-1.0842021724855e-19,2.71050543121376e-20,1,0.00179042923266277,-0.0074870604039072,-0.0074870604039072,-0.00832740950263018,-0.00107301575811555,0.0163886588900747,0.0163886588900747,-0.00129751430091326,4.29009956562085,-25.9395627820151,-3.86420818566346,0.643216601904569,-3.86420818566346,0.643216601904569,59.2312768306651,0.828121524879556,3.46944695195361e-18,-1.29705426022435e-19,-3.74462241408148e-20,0,0,0,0.00179059656442486,-0.00832749512316028,-0.00748668606960372,-0.00107299813618593,-0.00129750229158753,0.0163878394980998,1.0292630374782e-12,8.16773504291487e-09,5.65045724186175e-12,3.03163476192222e-19,6.93889390390723e-18,2.93675240085587e-15
NC_k0023,0.0231578947368421,0.0231578947368421,0.605906018374931,26.6850054536888,-17.8533245718574,17.7822938083456,-3.26161226922821,-21.1306887493672,18.2333925617218,-19.9272703219738,0.794748833205303,1,800,3.17858130288596,-13.7086237572518,-3.47491400994065,0.783944944156978,-5.43391487998335e-19,1.17793166205511e-18,0,1.49484771578133e-19,0.000303483342598077,-0.000461183918551128,1,7.52300337892665e-20,-1.60118762386492e-19,1,0.00179059656442486,-0.00748668606960372,-0.00748668606960372,-0.00832749512316028,-0.00107299813618593,0.0163878394980998,0.0163878394980998,-0.00129750229158753,1,-1.0842021724855e-19,2.71050543121376e-20,1,0.00179042923266277,-0.0074870604039072,-0.0074870604039072,-0.00832740950263018,-0.00107301575811555,0.0163886588900747,0.0163886588900747,-0.00129751430091326,4.33841483263653,-25.967475877033,-3.94978703006325,0.684279270465058,-3.94978703006325,0.684279270465058,59.2710614367724,0.782856419782686,1.73472347597681e-18,-6.06429778139145e-19,-2.09719235741296e-19,0,0,0,0.00179059656442486,-0.00832749512316028,-0.00748668606960372,-0.00107299813618593,-0.00129750229158753,0.0163878394980998,3.04989688423256e-13,7.12791248894424e-09,3.02797589090059e-12,1.60118762386492e-19,3.46944695195361e-18,2.43700603389245e-14
NC_k0024,-0.0268421052631579,-0.0268421052631579,0.352279877162056,66.5413453088447,37.8350581513346,58.4395766665617,50.8495165947388,-52.5217327887858,-35.6875756354116,-71.0905016495617,-52.0139353681434,1,800,0.374421127616007,-11.7846855008028,-3.76538724315156,-0.274532509071723,-1.39552648527086e-18,-1.98602756351532e-19,0,9.79175050109647e-20,0.00110931242354489,0.000499490877603225,1,-6.8893412423456e-20,3.7215890785709e-19,1,0.010892794888854,0.00224738392473582,0.00224738392473582,0.00832526892141889,0.00777046573001903,-0.0121066857951696,-0.0121066857951696,-0.000184942655679282,1,0,-2.16840434497101e-19,1,0.0108928829076782,0.00224749629393206,0.00224749629393206,0.0083254211283923,0.00777041369693342,-0.0121072911294594,-0.0121072911294594,-0.000184795803555246,10.8882357791042,5.37656212249048,7.61925782501448,-7.43244162924448,7.61925782501448,-7.43244162924448,-38.6812006895904,-6.15515923289223,1.30104260698261e-18,3.43269680678173e-19,-9.89242569176036e-20,0,0,0,0.010892794888854,0.00832526892141889,0.00224738392473582,0.00777046573001903,-0.000184942655679282,-0.0121066857951696,2.05300176665581e-13,1.53981469700833e-08,5.9496600091017e-12,3.7215890785709e-19,3.46944695195361e-18,3.34062909179821e-14
NC_k0024,-0.0168421052631579,-0.0168421052631579,0.352014240437691,64.9174733925952,41.64145481365,59.0871001464704,49.6306785015633,-55.1469989861272,-39.7860884114424,-67.468871587464,-50.5191287690699,1,800,0.138976455191195,-7.51975737073781,-2.43565770213038,-0.165171528943442,2.61412896368398e-18,3.20943430692615e-18,0,-8.64467433025081e-19,0.00110909083214117,0.000499086502883717,1,-1.05455106327716e-19,1.95461213594301e-19,1,0.010892794888854,0.00224738392473582,0.00224738392473582,0.00832526892141889,0.00777046573001903,-0.0121066857951696,-0.0121066857951696,-0.000184942655679283,1,0,-2.16840434497101e-19,1,0.0108928829076782,0.00224749629393206,0.00224749629393206,0.0083254211283923,0.00777041369693342,-0.0121072911294594,-0.0121072911294594,-0.000184795803555246,10.9639381558591,5.42610876203472,7.52647588540711,-7.34380011906396,7.52647588540711,-7.34380011906396,-38.6639848535684,-6.18680492873109,2.16840434497101e-18,-4.59965645902932e-21,-2.2158658085539e-20,0,0,0,0.010892794888854,0.00832526892141889,0.00224738392473582,0.00777046573001903,-0.000184942655679282,-0.0121066857951696,7.08908393801208e-13,7.66639782104949e-09,4.30541337223444e-12,1.95461213594301e-19,3.46944695195361e-18,2.96468018410288e-14
NC_k0024,-0.00684210526315789,-0.00684210526315789,0.352010477462108,62.9920143029536,44.8351993748333,60.4510292809571,48.0259875430836,-58.4477666923818,-43.7201335437791,-63.5949786529361,-48.1840870087308,1,800,0.0352538216609013,-3.07297235512596,-1.00244711604346,-0.0653831669377305,8.54682713559191e-19,1.2604644348532e-18,0,9.95116474874768e-19,0.00110877829489976,0.000498943850375056,1,-1.9025722823401e-20,6.4766003647731e-20,1,0.010892794888854,0.00224738392473582,0.00224738392473582,0.00832526892141889,0.00777046573001904,-0.0121066857951696,-0.0121066857951696,-0.000184942655679279,1,0,-2.16840434497101e-19,1,0.0108928829076782,0.00224749629393206,0.00224749629393206,0.0083254211283923,0.00777041369693342,-0.0121072911294594,-0.0121072911294594,-0.000184795803555246,11.0043178301741,5.45448375449331,7.4764112468247,-7.29320278819563,7.4764112468247,-7.29320278819563,-38.6787564498015,-6.20247049809492,1.30104260698261e-18,-1.88175392905515e-19,-3.82022968728626e-19,0,0,0,0.010892794888854,0.00832526892141889,0.00224738392473582,0.00777046573001903,-0.000184942655679282,-0.0121066857951696,3.16342344811605e-12,5.83470732749102e-09,2.55316720665151e-12,6.4766003647731e-20,4.33680868994202e-18,1.37354470443654e-13
NC_k0024,0.00315789473684211,0.00315789473684211,0.352014553758119,61.0828847120621,47.2934362501418,62.2682245620525,45.8248439781244,-62.1674046432945,-47.1152819931065,-59.7819152858601,-45.0476693494699,1,800,-0.0147867563468117,1.41930526365192,0.463491107410682,0.0300305473271314,7.86020105272389e-19,6.9477612800738e-18,0,1.41337042544486e-19,0.00110871721637052,0.000498926403120174,1,-4.48544798982521e-20,9.53826138818144e-20,1,0.010892794888854,0.00224738392473582,0.00224738392473582,0.00832526892141889,0.00777046573001904,-0.0121066857951696,-0.0121066857951696,-0.000184942655679279,1,0,-2.16840434497101e-19,1,0.0108928829076782,0.00224749629393206,0.00224749629393206,0.0083254211283923,0.00777041369693342,-0.0121072911294594,-0.0121072911294594,-0.000184795803555246,11.0103222375943,5.45894819066574,7.46858469003488,-7.28510673380484,7.46858469003488,-7.28510673380484,-38.6821689194366,-6.20472949062488,1.73472347597681e-18,1.92892149052193e-19,-3.34501428562001e-19,0,0,0,0.010892794888854,0.00832526892141889,0.00224738392473582,0.00777046573001903,-0.000184942655679282,-0.0121066857951696,5.81865872041026e-12,8.8276691393307e-09,1.5869611403673e-12,9.53826138818144e-20,4.33680868994202e-18,3.53238175610941e-14
NC_k0024,0.0131578947368421,0.0131578947368421,0.352005796534274,59.519947113701,49.097272311038,64.229038575403,42.9029198300852,-66.0545170630324,-49.7584391527204,-56.3003518887969,-41.2794148966963,1,800,-0.089469014322509,5.89261309992189,1.91503754824778,0.127564282662377,1.11147928036505e-18,-6.77083727321605e-19,0,-5.1881760636061e-19,0.00110896232965471,0.000499013979442766,1,-1.04023677440633e-19,-1.50201668014902e-19,1,0.010892794888854,0.00224738392473582,0.00224738392473582,0.00832526892141889,0.00777046573001903,-0.0121066857951696,-0.0121066857951696,-0.00018494265567928,1,0,-2.16840434497101e-19,1,0.0108928829076782,0.00224749629393206,0.00224749629393206,0.0083254211283923,0.00777041369693342,-0.0121072911294594,-0.0121072911294594,-0.000184795803555246,10.9831386472151,5.43931806040321,7.50315767124174,-7.32049734800539,7.50315767124174,-7.32049734800539,-38.6693209494965,-6.19435570056195,1.73472347597681e-18,-1.02848520600979e-19,-7.93596753629856e-20,0,0,0,0.010892794888854,0.00832526892141889,0.00224738392473582,0.00777046573001903,-0.000184942655679282,-0.0121066857951696,1.23170215361757e-12,5.38140971802482e-09,4.88674185351842e-12,1.50201668014902e-19,3.46944695195361e-18,1.56122541901364e-14
NC_k0024,0.0231578947368421,0.0231578947368421,0.3521093018937,58.5792425375567,50.4288835279627,65.9907394570249,39.2865514597794,-69.8042227619185,-51.554856416207,-53.3892128915571,-37.183910707766,1,800,-0.268403708943376,10.2501888923449,3.29398911052255,0.232990797764777,-2.56346580552633e-19,2.1948476547931e-18,0,-1.18315448044277e-18,0.00110927820215178,0.000499293919926453,1,-8.04795564411671e-20,-9.21425515222546e-20,1,0.010892794888854,0.00224738392473582,0.00224738392473582,0.00832526892141889,0.00777046573001903,-0.0121066857951696,-0.0121066857951696,-0.000184942655679279,1,0,-2.16840434497101e-19,1,0.0108928829076782,0.00224749629393206,0.00224749629393206,0.0083254211283923,0.00777041369693342,-0.0121072911294594,-0.0121072911294594,-0.000184795803555246,10.9193493947368,5.39666861435059,7.57991818894825,-7.39558733771516,7.57991818894825,-7.39558733771516,-38.6651534650416,-6.16861175183148,1.0842021724855e-18,1.02528898377494e-18,-4.25163503914237e-20,0,0,0,0.010892794888854,0.00832526892141889,0.00224738392473582,0.00777046573001903,-0.000184942655679282,-0.0121066857951696,9.58711363490567e-13,7.23007542025977e-09,6.42783811157001e-12,9.21425515222546e-20,6.93889390390723e-18,1.43464394007105e-14
NC_k0025,-0.0268421052631579,-0.0268421052631579,0.364079394176713,-98.5275781278791,-66.6558297571936,-118.541852330274,-67.0072660926354,93.3530689593281,79.1131314820706,120.544232160012,55.1975189663743,1,800,-8.17869686666412,-10.4564643087903,-6.1496031878999,1.2009904711224,2.34551364028596e-18,-4.40638946870875e-18,0,2.20425104399661e-18,-0.000291846363826248,0.00029348261876671,1,-9.82309734922697e-20,1.82983108134283e-19,1,-0.00763455358412233,-0.00511308436295233,-0.00511308436295233,0.0140282183419054,-0.00205238742742985,-0.00888579138831072,-0.00888579138831072,0.00596736686248431,1,2.16840434497101e-19,1.52465930505774e-20,1,-0.00763424283906852,-0.00511334001717048,-0.00511334001717048,0.0140279875176611,-0.00205226271187976,-0.00888623567788014,-0.00888623567788014,0.00596729108417715,-17.546219914399,-14.0818023195096,-8.53535410225191,12.0793687588557,-8.53535410225191,12.0793687588557,-37.9476025146981,10.3442934612262,1.40946282423116e-18,3.89073297276708e-19,-3.40266007586771e-20,0,0,0,-0.00763455358412233,0.0140282183419054,-0.00511308436295233,-0.00205238742742985,0.00596736686248431,-0.00888579138831073,3.66603657433535e-13,1.54796960589837e-08,2.16877827075542e-12,1.82983108134283e-19,1.73472347597681e-18,3.27810299226316e-14
NC_k0025,-0.0168421052631579,-0.0168421052631579,0.363185441820176,-102.348372926569,-65.0998113731104,-115.407663668111,-65.6956454141607,98.6642394339721,73.6735446931026,115.885470065871,57.754726506201,1,800,-5.26155301156846,-6.76386297278113,-3.96838727483531,0.770617479454402,1.29773388453239e-18,-1.02785297479717e-18,0,-7.52893176100865e-19,-0.000289160737677041,0.000291943427938358,1,8.41236157228894e-20,1.65367219626353e-19,1,-0.00763455358412234,-0.00511308436295233,-0.00511308436295233,0.0140282183419054,-0.00205238742742985,-0.00888579138831072,-0.00888579138831072,0.00596736686248431,1,2.16840434497101e-19,1.52465930505774e-20,1,-0.00763424283906852,-0.00511334001717048,-0.00511334001717048,0.0140279875176611,-0.00205226271187976,-0.00888623567788014,-0.00888623567788014,0.00596729108417715,-17.5305640457595,-14.1261186030102,-8.48814289692598,11.9581991258564,-8.48814289692598,11.9581991258564,-37.8600989990218,10.3181452492391,1.0842021724855e-18,7.82846704249774e-19,-9.30799202881126e-20,0,0,0,-0.00763455358412233,0.0140282183419054,-0.00511308436295233,-0.00205238742742985,0.00596736686248431,-0.00888579138831073,1.10105365516052e-12,1.08169059246025e-08,3.56352652698621e-12,1.65367219626353e-19,5.20417042793042e-18,2.35381606893991e-14
NC_k0025,-0.00684210526315789,-0.00684210526315789,0.36293266917914,-106.482542735388,-64.3898954703426,-111.885966670652,-64.7234384221476,104.066989073045,68.198275374558,111.078012280865,61.5408156625226,1,800,-2.16133947113524,-2.78404423045096,-1.63197662152345,0.316557185906651,1.56396692776626e-18,4.20872308081063e-18,0,-1.63913779311263e-18,-0.00028784209672298,0.000291007450645927,1,9.9757362296672e-21,1.00570639341015e-19,1,-0.00763455358412233,-0.00511308436295233,-0.00511308436295233,0.0140282183419054,-0.00205238742742985,-0.00888579138831073,-0.00888579138831073,0.00596736686248431,1,2.16840434497101e-19,1.52465930505774e-20,1,-0.00763424283906852,-0.00511334001717048,-0.00511334001717048,0.0140279875176611,-0.00205226271187976,-0.00888623567788014,-0.00888623567788014,0.00596729108417715,-17.5355711328322,-14.1565572022679,-8.46166740644591,11.8969047430728,-8.46166740644591,11.8969047430728,-37.8458249807029,10.3068069321546,8.67361737988404e-19,-2.50155342246659e-19,1.14251217485902e-19,0,0,0,-0.00763455358412233,0.0140282183419054,-0.00511308436295233,-0.00205238742742985,0.00596736686248431,-0.00888579138831073,1.42891089815498e-12,1.01465199464171e-08,1.80604263786206e-12,1.00570639341015e-19,4.33680868994202e-18,2.72253940145762e-14
NC_k0025,0.00315789473684211,0.00315789473684211,0.362904593511653,-110.488078738555,-64.5012299818514,-107.98796410051,-64.3410167484164,109.24351409865,63.1914120435552,106.007056220569,66.2762345093928,1,800,0.999159948476799,1.287198775999,0.754498379077004,-0.146395565939757,2.37166578253244e-18,3.80806160750832e-18,0,-4.33905862120816e-20,-0.000287649781608083,0.000290854468854099,1,-2.50246106915797e-20,6.23527880153832e-20,1,-0.00763455358412233,-0.00511308436295233,-0.00511308436295233,0.0140282183419054,-0.00205238742742985,-0.00888579138831072,-0.00888579138831072,0.0059673668624843,1,2.16840434497101e-19,1.52465930505774e-20,1,-0.00763424283906852,-0.00511334001717048,-0.00511334001717048,0.0140279875176611,-0.00205226271187976,-0.00888623567788014,-0.00888623567788014,0.00596729108417715,-17.5370491519888,-14.1615414960253,-8.45739513873353,11.8875689526353,-8.45739513873353,11.8875689526353,-37.8453922895607,10.3050549127025,1.84314369322536e-18,5.05895535758574e-19,5.75159570111245e-19,0,0,0,-0.00763455358412233,0.0140282183419054,-0.00511308436295233,-0.00205238742742985,0.00596736686248431,-0.00888579138831073,2.433703990281e-12,9.75374619289815e-09,2.72402190394972e-12,6.23527880153832e-20,5.20417042793042e-18,2.04971069476135e-14
NC_k0025,0.0131578947368421,0.0131578947368421,0.363051272530566,-114.158335875031,-65.284541656116,-103.865266781714,-64.7386903267365,114.140027427004,59.0213085333845,100.669217294907,71.6313984765629,1,800,4.13284674020472,5.3182471446328,3.11886098199647,-0.605275288459607,-2.01832069462939e-19,-2.93686836892257e-18,0,2.02519291115848e-18,-0.000288528794954852,0.000291513544115939,1,1.44288777235887e-19,-1.44192526031793e-19,1,-0.00763455358412233,-0.00511308436295233,-0.00511308436295233,0.0140282183419054,-0.00205238742742985,-0.00888579138831073,-0.00888579138831073,0.00596736686248431,1,2.16840434497101e-19,1.52465930505774e-20,1,-0.00763424283906852,-0.00511334001717048,-0.00511334001717048,0.0140279875176611,-0.00205226271187976,-0.00888623567788014,-0.00888623567788014,0.00596729108417715,-17.5318979790597,-14.1400057156716,-8.47596867473301,11.9292912610011,-8.47596867473301,11.9292912610011,-37.8509002493335,10.3127995675664,8.67361737988404e-19,-4.72981334668217e-19,-3.03435894531705e-19,0,0,0,-0.00763455358412233,0.0140282183419054,-0.00511308436295233,-0.00205238742742985,0.00596736686248431,-0.00888579138831073,1.32552548338681e-12,1.63342197139323e-08,2.77272072276242e-12,1.44288777235887e-19,5.20417042793042e-18,8.40959266287143e-15
NC_k0025,0.0231578947368421,0.0231578947368421,0.363622207887458,-117.424839747185,-66.4994800756369,-99.8576080218644,-65.9877129426153,118.833975775366,55.9799330658463,95.2613295246832,77.1486590675407,1,800,7.13605702711744,9.14732592347762,5.37351637369636,-1.0462580121007,4.14503513672772e-19,-3.9684155323354e-19,0,1.20131109488831e-18,-0.000290688914289367,0.000292872309699543,1,9.94734305421814e-20,4.60459558628602e-21,1,-0.00763455358412234,-0.00511308436295233,-0.00511308436295233,0.0140282183419054,-0.00205238742742985,-0.00888579138831073,-0.00888579138831073,0.00596736686248431,1,2.16840434497101e-19,1.52465930505774e-20,1,-0.00763424283906852,-0.00511334001717048,-0.00511334001717048,0.0140279875176611,-0.00205226271187976,-0.00888623567788014,-0.00888623567788014,0.00596729108417715,-17.535117199077,-14.0978194669612,-8.51538998371576,12.0268341773323,-8.51538998371576,12.0268341773323,-37.8998849136516,10.3318444348701,1.30104260698261e-18,1.54814259944034e-18,-1.4202504085028e-19,0,0,0,-0.00763455358412233,0.0140282183419054,-0.00511308436295233,-0.00205238742742985,0.00596736686248431,-0.00888579138831073,3.79261101700175e-13,1.28395853280174e-08,1.77574768294399e-12,9.94734305421814e-20,8.67361737988404e-18,4.12186343609641e-15
NC_k0026,-0.0268421052631579,-0.0268421052631579,0.21475653803419,19.7385020482735,-84.5012705647445,19.9181970364953,-122.400781469519,-13.3753610431094,100.535960345894,-26.0879226805937,110.921118603768,1,800,-4.2302048013593,0.683792219717756,-1.17031615194166,-3.02490347880698,6.2426989957132e-19,-2.41219101510264e-19,0,-3.9528645368194e-19,3.57931288351496e-05,0.00190849621055861,1,-9.04583488173578e-21,1.88427920480508e-21,1,0.00138174908359249,-0.00623142958188206,-0.00623142958188206,-0.00146165364460813,0.0069875301218291,-0.000509136241330344,-0.000509136241330344,0.0175510349137461,1,2.71050543121376e-20,-2.16840434497101e-19,1,0.00138171304165488,-0.00623174115336116,-0.00623174115336116,-0.00146161860147753,0.00698781553167046,-0.000509161698142411,-0.000509161698142412,0.0175510562359677,3.05065941608082,-15.0070906827556,-10.1304434428517,-2.47024617229417,-10.1304434428517,-2.47024617229417,-0.807517065668683,19.0394675326673,1.30104260698261e-18,-5.06776955871889e-20,3.49117994273984e-19,0,0,0,0.00138174908359249,-0.00146165364460813,-0.00623142958188206,0.0069875301218291,0.0175510349137461,-0.000509136241330345,1.42668562049834e-12,9.1678907320848e-09,1.31545144238179e-12,9.04583488173578e-21,2.60208521396521e-18,9.44759398747367e-14
NC_k0026,-0.0168421052631579,-0.0168421052631579,0.215216634486088,19.3561460365108,-90.560467743325,18.9560959365714,-115.073978273168,-14.8608791045525,102.145816430002,-23.2435422935053,108.063659139665,1,800,-2.67727548462778,0.369565013303983,-0.761544455536833,-1.90142325408728,1.36319364948739e-19,4.97486272724092e-19,0,1.36405391732444e-18,3.60683317156086e-05,0.00190569624168407,1,1.34830013479827e-19,9.28840245784012e-20,1,0.00138174908359249,-0.00623142958188206,-0.00623142958188206,-0.00146165364460813,0.00698753012182909,-0.000509136241330345,-0.000509136241330345,0.0175510349137461,1,2.71050543121376e-20,-2.16840434497101e-19,1,0.00138171304165488,-0.00623174115336116,-0.00623174115336116,-0.00146161860147753,0.00698781553167046,-0.000509161698142411,-0.000509161698142412,0.0175510562359677,2.96900674919963,-15.0638587991853,-10.0285359674052,-2.42255221806435,-10.0285359674052,-2.42255221806435,-0.739042352072368,19.0811218752713,8.67361737988404e-19,-1.3218060603923e-19,1.00319781619395e-18,0,0,0,0.00138174908359249,-0.00146165364460813,-0.00623142958188206,0.0069875301218291,0.0175510349137461,-0.000509136241330345,1.03695854659635e-12,7.88574159932868e-09,4.31498743557267e-13,1.34830013479827e-19,6.93889390390723e-18,1.36316802350221e-13
NC_k0026,-0.00684210526315789,-0.00684210526315789,0.21556214569219,18.8807319860062,-97.4131377336066,18.5992158478767,-107.519782741907,-16.8841042226092,103.630963368395,-20.3805238993383,105.885908629669,1,800,-1.08749905722789,0.138742432713426,-0.313089686089766,-0.771614887480656,4.84330792262049e-20,1.33275340294544e-20,0,-2.46178214718642e-18,3.62309212053439e-05,0.00190409945474402,1,5.68756005669232e-20,-4.19790663914026e-20,1,0.00138174908359249,-0.00623142958188206,-0.00623142958188206,-0.00146165364460813,0.0069875301218291,-0.000509136241330345,-0.000509136241330345,0.0175510349137461,1,2.71050543121376e-20,-2.16840434497101e-19,1,0.00138171304165488,-0.00623174115336116,-0.00623174115336116,-0.00146161860147753,0.00698781553167046,-0.000509161698142411,-0.000509161698142412,0.0175510562359677,2.92620308757779,-15.0983172338139,-9.97372899067917,-2.39709739346697,-9.97372899067917,-2.39709739346697,-0.703591497573025,19.1131553267173,1.30104260698261e-18,-5.90401449530915e-20,2.52483275732638e-19,0,0,0,0.00138174908359249,-0.00146165364460813,-0.00623142958188206,0.0069875301218291,0.0175510349137461,-0.000509136241330345,5.67311696211351e-12,4.95011821747794e-09,1.15009699206069e-11,5.68756005669232e-20,3.46944695195361e-18,1.97258854084064e-13
NC_k0026,0.00315789473684211,0.00315789473684211,0.215618611239597,18.6023029178536,-104.747290050666,18.7411223202811,-100.072645054611,-19.373785039833,105.216680551963,-17.7535737474826,104.187477724873,1,800,0.501785788170471,-0.0632966814268692,0.144701405225394,0.355987220592255,1.81741506745251e-19,4.1478144635859e-19,0,5.97687623406316e-20,3.6257247957857e-05,0.00190384783396619,1,5.26516498565297e-20,-1.3094999400776e-19,1,0.00138174908359249,-0.00623142958188206,-0.00623142958188206,-0.00146165364460813,0.0069875301218291,-0.000509136241330344,-0.000509136241330344,0.0175510349137461,1,2.71050543121376e-20,-2.16840434497101e-19,1,0.00138171304165488,-0.00623174115336116,-0.00623174115336116,-0.00146161860147753,0.00698781553167046,-0.000509161698142411,-0.000509161698142412,0.0175510562359677,2.91962700537935,-15.103683269986,-9.96514869942229,-2.39315886723257,-9.96514869942229,-2.39315886723257,-0.698164293665434,19.1184321705918,1.30104260698261e-18,-1.80788734721397e-19,9.61978791506238e-19,0,0,0,0.00138174908359249,-0.00146165364460813,-0.00623142958188206,0.0069875301218291,0.0175510349137461,-0.000509136241330345,2.4195272508722e-12,6.77523094653629e-09,3.49585466542349e-12,1.3094999400776e-19,3.46944695195361e-18,1.17140044938681e-14
NC_k0026,0.0131578947368421,0.0131578947368421,0.215373802850716,18.7573867201555,-112.299223033536,19.1755297133556,-93.0132782291946,-22.1760513367389,107.191728725061,-15.5454514744955,102.700055625309,1,800,2.09234885960781,-0.278193070425808,0.598671410430084,1.48498757936822,6.9508648617321e-19,-3.48395239117534e-19,0,2.67913874238575e-19,3.61435309062814e-05,0.00190495604624346,1,3.14327459924464e-19,5.17283205724014e-20,1,0.00138174908359249,-0.00623142958188206,-0.00623142958188206,-0.00146165364460813,0.0069875301218291,-0.000509136241330345,-0.000509136241330345,0.0175510349137461,1,2.71050543121376e-20,-2.16840434497101e-19,1,0.00138171304165488,-0.00623174115336116,-0.00623174115336116,-0.00146161860147753,0.00698781553167046,-0.000509161698142411,-0.000509161698142412,0.0175510562359677,2.94891328301015,-15.0799331765938,-10.0030281836059,-2.41064756921047,-10.0030281836059,-2.41064756921047,-0.722359118500956,19.0956285397244,1.0842021724855e-18,-7.79064387162938e-20,1.40274495451057e-19,0,0,0,0.00138174908359249,-0.00146165364460813,-0.00623142958188206,0.0069875301218291,0.0175510349137461,-0.000509136241330345,2.96972285271146e-12,4.5656975267182e-09,2.33908158957659e-12,3.14327459924464e-19,3.46944695195361e-18,4.16255403637096e-14
NC_k0026,0.0231578947368421,0.0231578947368421,0.214908310233165,19.4922849688878,-119.749323585904,19.6257386930535,-86.6120606916307,-25.0604235692662,109.779844613575,-13.85857167102,101.145724265627,1,800,3.66868715014127,-0.554166821668059,1.02779170839618,2.61351946653811,2.82359756456201e-19,4.68819501415454e-19,0,-2.25803763614725e-18,3.59072745050003e-05,0.0019073502926528,1,4.6620172979771e-20,-5.9271244852351e-20,1,0.00138174908359249,-0.00623142958188206,-0.00623142958188206,-0.00146165364460813,0.00698753012182909,-0.000509136241330344,-0.000509136241330344,0.0175510349137461,1,2.71050543121376e-20,-2.16840434497101e-19,1,0.00138171304165488,-0.00623174115336116,-0.00623174115336116,-0.00146161860147753,0.00698781553167046,-0.000509161698142411,-0.000509161698142412,0.0175510562359677,3.01575912084691,-15.0288641763448,-10.0870407358244,-2.44998618978027,-10.0870407358244,-2.44998618978027,-0.778150336269382,19.0530369202347,1.30104260698261e-18,-1.74249649525816e-20,1.61050974908145e-18,0,0,0,0.00138174908359249,-0.00146165364460813,-0.00623142958188206,0.0069875301218291,0.0175510349137461,-0.000509136241330345,4.77972250630974e-12,7.4716230177803e-09,6.68497323381512e-12,5.9271244852351e-20,6.93889390390723e-18,1.03191472180982e-13
NC_k0027,-0.0268421052631579,-0.0268421052631579,0.540292181609225,62.69584044533,47.8823427557317,41.9472729389871,67.0027445300548,-53.4580013855749,-49.9652662551065,-50.3088209837886,-71.313751885382,1,800,-15.8981049598979,-7.57578637724423,-7.74638414125696,0.328328859278617,3.02884423559357e-18,-2.07053233489373e-19,0,3.79847954729251e-19,0.000385287880020441,-0.00154761265641778,1,-5.37130610575523e-20,1.69302437729246e-19,1,0.00546780616345854,-0.0148737930887004,-0.0148737930887004,-0.000154353349661787,0.00196682104422621,-0.00420214574164677,-0.00420214574164677,-0.0112837554077873,1,-5.42101086242752e-20,2.71050543121376e-20,1,0.00546776909554471,-0.0148745367783549,-0.0148745367783549,-0.000154249863587787,0.00196659718118079,-0.00420235584893386,-0.00420235584893386,-0.0112836480064214,8.23085117802949,-56.8010145511568,1.75821473171204,-6.11084678410632,1.75821473171204,-6.11084678410632,-11.6145601336003,-12.22982668421,8.67361737988404e-19,-3.46545746851699e-20,-3.84078920189247e-19,0,0,0,0.00546780616345854,-0.000154353349661787,-0.0148737930887004,0.00196682104422621,-0.0112837554077873,-0.00420214574164677,2.7883187989418e-13,1.10014768590856e-08,2.80080659658108e-12,1.69302437729246e-19,1.73472347597681e-18,3.6781935436489e-14
NC_k0027,-0.0168421052631579,-0.0168421052631579,0.540112024883418,57.6400140446324,51.5142694738993,43.6155495437104,63.6487719764113,-51.1481182359615,-53.6554429480398,-49.2810711921721,-67.9332282625172,1,800,-10.2388299197378,-4.89427267122531,-4.99392385501786,0.227525329032731,3.85201467653694e-19,-8.97682870522147e-19,0,5.12210087627536e-19,0.000382627562383773,-0.00154361577411358,1,2.08578891584837e-19,5.2166771931658e-20,1,0.00546780616345854,-0.0148737930887004,-0.0148737930887004,-0.000154353349661787,0.00196682104422621,-0.00420214574164677,-0.00420214574164677,-0.0112837554077873,1,-5.42101086242752e-20,2.71050543121376e-20,1,0.00546776909554471,-0.0148745367783549,-0.0148745367783549,-0.000154249863587787,0.00196659718118079,-0.00420235584893386,-0.00420235584893386,-0.0112836480064214,8.16071849270767,-56.7084470146735,1.75278750740616,-6.12098074885561,1.75278750740616,-6.12098074885561,-11.7245438780639,-12.3028190816353,1.30104260698261e-18,1.01075063168209e-20,-4.4620468201238e-19,0,0,0,0.00546780616345854,-0.000154353349661787,-0.0148737930887004,0.00196682104422621,-0.0112837554077873,-0.00420214574164677,5.16486195429443e-13,1.02106312237576e-08,3.59340031737051e-12,2.08578891584837e-19,5.20417042793042e-18,2.2199855055143e-14
NC_k0027,-0.00684210526315789,-0.00684210526315789,0.540451926015802,52.5358726475653,55.3235102370347,46.6343702867966,60.2641531637225,-49.5446067809216,-58.0261685097569,-48.8267601114268,-64.0013130856203,1,800,-4.20427837920801,-2.0143617182878,-2.05215123217361,0.0978398403851345,5.64415110446983e-19,1.47863497577529e-18,0,-1.5521217013945e-19,0.000381088253915425,-0.00154173820533654,1,7.53354618915573e-20,4.7424297232077e-21,1,0.00546780616345854,-0.0148737930887004,-0.0148737930887004,-0.000154353349661789,0.0019668210442262,-0.00420214574164677,-0.00420214574164677,-0.0112837554077873,1,-5.42101086242752e-20,2.71050543121376e-20,1,0.00546776909554471,-0.0148745367783549,-0.0148745367783549,-0.000154249863587787,0.00196659718118079,-0.00420235584893386,-0.00420235584893386,-0.0112836480064214,8.12660272985621,-56.704885727972,1.7551335375212,-6.12603543746564,1.7551335375212,-6.12603543746564,-11.7884367980415,-12.3612289419431,1.73472347597681e-18,3.2931748820685e-19,1.55412505761633e-19,0,0,0,0.00546780616345854,-0.000154353349661787,-0.0148737930887004,0.00196682104422621,-0.0112837554077873,-0.00420214574164677,1.24297663131789e-12,6.75735786181059e-09,1.75584814555047e-12,7.53354618915573e-20,3.46944695195361e-18,1.04972142437488e-13
NC_k0027,0.00315789473684211,0.00315789473684211,0.540527791526148,48.0472038526486,58.9754528784049,50.7837069861541,56.694538670952,-48.8533112901537,-62.4390301908398,-49.1818606638213,-59.6710724245638,1,800,1.94319180604109,0.931459615247024,0.948634969025072,-0.0456207176087333,3.46251186969797e-19,1.03986529165266e-19,0,-6.6405397831267e-19,0.000380845752205127,-0.00154146735970243,1,2.35588367968745e-19,7.73604506651201e-20,1,0.00546780616345854,-0.0148737930887004,-0.0148737930887004,-0.000154353349661787,0.00196682104422621,-0.00420214574164677,-0.00420214574164677,-0.0112837554077873,1,-5.42101086242752e-20,2.71050543121376e-20,1,0.00546776909554471,-0.0148745367783549,-0.0148745367783549,-0.000154249863587787,0.00196659718118079,-0.00420235584893386,-0.00420235584893386,-0.0112836480064214,8.1214331965323,-56.7068521450662,1.75583020491237,-6.12669791119937,1.75583020491237,-6.12669791119937,-11.7984619991819,-12.3713964555882,1.73472347597681e-18,1.81806730772639e-19,-5.19166171731191e-19,0,0,0,0.00546780616345854,-0.000154353349661787,-0.0148737930887004,0.00196682104422621,-0.0112837554077873,-0.00420214574164677,3.59278887142852e-12,8.66161800331849e-09,3.38615203878495e-12,2.35588367968745e-19,5.20417042793042e-18,2.05396103961742e-16
NC_k0027,0.0131578947368421,0.0131578947368421,0.540238550275683,44.5804465429244,62.4158050966582,55.7242997268314,52.9223918701127,-49.0330316952719,-66.5430959288285,-50.4581598923832,-55.2275815469165,1,800,8.04159008752722,3.8478689572269,3.92352148476895,-0.182436755826063,-5.8855554944373e-20,-2.22763047682981e-18,0,-4.22550326671688e-19,0.000381916931345465,-0.0015427107755098,1,6.384480548115e-19,-1.19871188106466e-19,1,0.00546780616345854,-0.0148737930887004,-0.0148737930887004,-0.000154353349661788,0.00196682104422621,-0.00420214574164677,-0.00420214574164677,-0.0112837554077873,1,-5.42101086242752e-20,2.71050543121376e-20,1,0.00546776909554471,-0.0148745367783549,-0.0148745367783549,-0.000154249863587787,0.00196659718118079,-0.00420235584893386,-0.00420235584893386,-0.0112836480064214,8.14458638382779,-56.7032818333856,1.75339954687175,-6.12347525877373,1.75339954687175,-6.12347525877373,-11.7542277889268,-12.3285537631724,2.60208521396521e-18,-4.63541139004389e-20,-3.22115962319507e-19,0,0,0,0.00546780616345854,-0.000154353349661787,-0.0148737930887004,0.00196682104422621,-0.0112837554077873,-0.00420214574164677,9.29973079015107e-13,1.19963539806808e-08,2.55668019080627e-12,6.384480548115e-19,3.46944695195361e-18,4.97324694474661e-14
NC_k0027,0.0231578947368421,0.0231578947368421,0.540067235031002,42.3954668039409,65.7576447679886,60.8908169648967,49.1634342463895,-49.8805513528376,-70.1369417805368,-52.5493265765666,-51.1923252779347,1,800,13.8825151859597,6.62233542018875,6.76660070002888,-0.294888980626797,-2.948204052037e-19,1.11394096986801e-18,0,5.82024131327012e-19,0.000384201879725635,-0.00154585561328514,1,3.99453352463742e-20,1.18780574177846e-19,1,0.00546780616345853,-0.0148737930887004,-0.0148737930887004,-0.00015435334966179,0.00196682104422621,-0.00420214574164677,-0.00420214574164677,-0.0112837554077873,1,-5.42101086242752e-20,2.71050543121376e-20,1,0.00546776909554471,-0.0148745367783549,-0.0148745367783549,-0.000154249863587787,0.00196659718118079,-0.00420235584893386,-0.00420235584893386,-0.0112836480064214,8.19972146489011,-56.746426267061,1.75449390293223,-6.11484630056315,1.75449390293223,-6.11484630056315,-11.6588812001097,-12.2546913068011,2.60208521396521e-18,8.13386203212407e-19,-1.01972928008487e-18,0,0,0,0.00546780616345854,-0.000154353349661787,-0.0148737930887004,0.00196682104422621,-0.0112837554077873,-0.00420214574164677,5.95765056508801e-13,1.03804673773584e-08,9.51566306304427e-13,1.18780574177846e-19,6.93889390390723e-18,3.57693993922234e-14
NC_k0028,-0.0268421052631579,-0.0268421052631579,0.438526610824884,-88.2451260510565,45.9928677556269,-107.320183935269,59.907813964497,80.8716236458431,-47.7125171168281,116.129610681232,-57.9331468901817,1,800,-5.14820751347049,7.60452085026947,0.810583401143665,3.86146134655939,-9.89969757103464e-21,-1.44626905276732e-18,0,2.04434048797786e-18,0.000381874620822455,0.000668907291998371,1,-1.02576464518348e-19,-6.97189722315196e-20,1,-0.00471347832099349,-0.00430342922469209,-0.00430342922469209,0.00798128353293045,0.0130887593471326,0.0111079045568512,0.0111079045568512,0.000928206497120312,1,2.16840434497101e-19,0,1,-0.00471329921268774,-0.00430364439615333,-0.00430364439615333,0.00798114527218985,0.0130886949462585,0.0111084599520791,0.0111084599520791,0.00092844611006746,-14.3800594180304,-18.0188383469693,7.59712051057489,15.6852680173861,7.59712051057489,15.6852680173861,33.5173317442508,-7.26049685635296,1.73472347597681e-18,3.02462399471516e-19,-6.01103204925282e-19,0,0,0,-0.00471347832099349,0.00798128353293045,-0.00430342922469209,0.0130887593471326,0.000928206497120309,0.0111079045568512,3.7561627537051e-13,1.25588259470355e-08,2.22598822779707e-12,1.02576464518348e-19,5.20417042793042e-18,4.12669034322675e-14
NC_k0028,-0.0168421052631579,-0.0168421052631579,0.436677402215625,-92.6132396964664,48.0397850149353,-104.09326530409,56.666462806716,87.9073331207261,-49.1886355070421,110.231061517724,-55.2361592480772,1,800,-3.244833011378,4.81344394030171,0.517641606544814,2.42443785345335,2.51116152103338e-18,-2.05991795327345e-18,0,-9.32053879334951e-19,0.000381776232888171,0.00067060115644447,1,1.0323252765386e-19,-5.16540800489818e-20,1,-0.00471347832099349,-0.00430342922469209,-0.00430342922469209,0.00798128353293045,0.0130887593471326,0.0111079045568512,0.0111079045568512,0.00092820649712031,1,2.16840434497101e-19,0,1,-0.00471329921268774,-0.00430364439615333,-0.00430364439615333,0.00798114527218985,0.0130886949462585,0.0111084599520791,0.0111084599520791,0.00092844611006746,-14.3055466041614,-17.9467493029551,7.54743414778402,15.5092389864114,7.54743414778402,15.5092389864114,33.5700308065244,-7.07259263003446,1.73472347597681e-18,1.4337085232298e-19,-6.44251617515426e-19,0,0,0,-0.00471347832099349,0.00798128353293045,-0.00430342922469209,0.0130887593471326,0.000928206497120309,0.0111079045568512,5.53653347034345e-13,8.90049062161927e-09,4.31013270442511e-12,1.0323252765386e-19,5.20417042793042e-18,1.7415665844158e-14
NC_k0028,-0.00684210526315789,-0.00684210526315789,0.435815366663293,-96.3701058327382,50.2126293368619,-100.921667428988,53.6991218428737,94.8099234224318,-50.6163542445241,103.910435591408,-52.9987216937648,1,800,-1.3196183663469,1.95575378557383,0.209924688344882,0.982506887946937,2.37717149668959e-18,-5.16921708396638e-18,0,1.81024175718045e-18,0.000381958697057647,0.000671476861367292,1,3.8064276804932e-20,-1.10216432123789e-19,1,-0.00471347832099349,-0.00430342922469209,-0.00430342922469209,0.00798128353293045,0.0130887593471326,0.0111079045568512,0.0111079045568512,0.000928206497120311,1,2.16840434497101e-19,0,1,-0.00471329921268774,-0.00430364439615333,-0.00430364439615333,0.00798114527218985,0.0130886949462585,0.0111084599520791,0.0111084599520791,0.00092844611006746,-14.2626633904026,-17.922010536,7.52327462292577,15.4130977296339,7.52327462292577,15.4130977296339,33.6188857276413,-6.97632815306206,1.73472347597681e-18,-6.53302840940374e-20,-3.12302751019674e-19,0,0,0,-0.00471347832099349,0.00798128353293045,-0.00430342922469209,0.0130887593471326,0.000928206497120309,0.0111079045568512,3.57779782231099e-12,3.44249007244723e-09,3.76148169548543e-12,1.10216432123789e-19,5.20417042793042e-18,4.85291484351201e-14
NC_k0028,0.00315789473684211,0.00315789473684211,0.435685820738362,-99.7356364737702,52.6931149944551,-97.642605297333,51.0855097198706,101.503895027524,-52.2880949073853,97.3018716502599,-51.1925879440439,1,800,0.609094303300114,-0.902407665843149,-0.0967934096392038,-0.453187858832664,1.96339590195587e-18,-3.73156394445942e-18,0,-5.73003230438753e-18,0.00038200104532345,0.000671606925935576,1,-1.28293841154853e-20,-4.61059198657173e-20,1,-0.00471347832099349,-0.00430342922469209,-0.00430342922469209,0.00798128353293045,0.0130887593471326,0.0111079045568512,0.0111079045568512,0.00092820649712031,1,2.16840434497101e-19,0,1,-0.00471329921268774,-0.00430364439615333,-0.00430364439615333,0.00798114527218985,0.0130886949462585,0.0111084599520791,0.0111084599520791,0.00092844611006746,-14.2556500283176,-17.9189630097749,7.51962218352102,15.3979692804725,7.51962218352102,15.3979692804725,33.6273839483798,-6.96171887065884,1.30104260698261e-18,4.24681073675098e-19,3.23109392713502e-19,0,0,0,-0.00471347832099349,0.00798128353293045,-0.00430342922469209,0.0130887593471326,0.000928206497120309,0.0111079045568512,4.23514990467061e-12,9.15704269604502e-09,2.00951357171449e-12,4.61059198657173e-20,2.60208521396521e-18,5.28755508314012e-14
NC_k0028,0.0131578947368421,0.0131578947368421,0.436268728810185,-102.927463833583,55.5352761718152,-94.0596890685391,48.8129788086506,107.94375828158,-54.3579409866019,90.4736911187941,-49.7018867806967,1,800,2.53657784543452,-3.76216295730731,-0.404443086918032,-1.89242935763118,-1.03588158982261e-18,1.5146272585887e-18,0,-1.98496877233125e-18,0.000381842026419277,0.000671015962733935,1,1.09359522119041e-19,1.8157320441356e-19,1,-0.00471347832099349,-0.00430342922469209,-0.00430342922469209,0.00798128353293045,0.0130887593471326,0.0111079045568512,0.0111079045568512,0.00092820649712031,1,2.16840434497101e-19,0,1,-0.00471329921268774,-0.00430364439615333,-0.00430364439615333,0.00798114527218985,0.0130886949462585,0.0111084599520791,0.0111084599520791,0.00092844611006746,-14.2860060514841,-17.9341282196363,7.53600533883375,15.4646110609894,7.53600533883375,15.4646110609894,33.5915672453112,-7.02716442210161,1.73472347597681e-18,3.27067358864752e-19,6.05595271724363e-19,0,0,0,-0.00471347832099349,0.00798128353293045,-0.00430342922469209,0.0130887593471326,0.000928206497120309,0.0111079045568512,1.17391703710779e-12,6.89941908248871e-09,2.87422093168703e-12,1.8157320441356e-19,1.73472347597681e-18,3.81722187945839e-16
NC_k0028,0.0231578947368421,0.0231578947368421,0.437687914850405,-106.113747912731,58.6905454019205,-89.9299370280949,46.7476811099421,114.015092289339,-56.8884872827169,83.4634664238677,-48.284079551381,1,800,4.45230861405406,-6.5952354196911,-0.707165845860228,-3.33541316825186,-2.37496127009285e-18,-6.5234771828382e-20,0,-1.61093755166947e-18,0.000381755284337911,0.000669625527751026,1,3.50657604220561e-20,-6.62680396032014e-20,1,-0.00471347832099349,-0.00430342922469209,-0.00430342922469209,0.00798128353293045,0.0130887593471326,0.0111079045568512,0.0111079045568512,0.00092820649712031,1,2.16840434497101e-19,0,1,-0.00471329921268774,-0.00430364439615333,-0.00430364439615333,0.00798114527218985,0.0130886949462585,0.0111084599520791,0.0111084599520791,0.00092844611006746,-14.3486035123339,-17.9838052265132,7.57508143702567,15.6107784442939,7.57508143702567,15.6107784442939,33.5319391027743,-7.17974975238583,1.73472347597681e-18,3.63991872577307e-19,8.22295398993479e-19,0,0,0,-0.00471347832099349,0.00798128353293045,-0.00430342922469209,0.0130887593471326,0.000928206497120309,0.0111079045568512,5.99549534304594e-13,8.95414610498505e-09,2.43973073390506e-12,6.62680396032014e-20,6.93889390390723e-18,7.01359703782947e-14
NC_k0029,-0.0268421052631579,-0.0268421052631579,0.326533329843298,-28.5494336566778,19.7536355375611,-14.0280101451875,21.6105151719468,25.7729730433532,-23.085784150619,22.3187155769636,-18.4764372910887,1,800,7.49617370667977,9.9826275440042,5.76800441272574,1.02132576811866,-1.49611164775731e-18,7.86221937341852e-19,0,2.36295722504348e-19,0.00192575097697059,-0.000384106887752285,1,-8.57797749135733e-20,-7.50569506307686e-20,1,0.00884989807930435,0.00647985072343881,0.00647985072343881,0.0126933317263392,-0.00424549304752961,0.00927811762783742,0.00927811762783742,-0.00380295810394701,1,0,0,1,0.00885008076741122,0.00648017471597498,0.00648017471597498,0.0126934183286049,-0.00424553781866251,0.00927858153371882,0.00927858153371882,-0.0038030139384535,0.0225411905876707,21.4019521186999,2.60556379882797,8.8486630583073,2.60556379882797,8.8486630583073,32.3949559828946,-3.5187837622087,1.30104260698261e-18,2.27083970435533e-20,-1.05665942754317e-19,0,0,0,0.00884989807930435,0.0126933317263392,0.00647985072343881,-0.00424549304752961,-0.00380295810394701,0.00927811762783743,7.48858522574153e-13,1.03257325949241e-08,1.56816820394432e-12,8.57797749135733e-20,3.46944695195361e-18,1.68301470925858e-14
NC_k0029,-0.0168421052631579,-0.0168421052631579,0.326343800370306,-25.8913574221241,19.3876589478677,-15.8942316472918,20.4641287967169,24.7646952715474,-21.7906368464839,22.5578763776953,-18.2073782122645,1,800,4.81591742134143,6.44307644866909,3.71546797710351,0.625571028422665,7.68417701837261e-19,3.20522230324703e-18,0,-2.31398813278034e-19,0.00192341523492578,-0.00038238049445869,1,-1.72507599243527e-19,-1.64168857501682e-19,1,0.00884989807930435,0.0064798507234388,0.0064798507234388,0.0126933317263392,-0.00424549304752961,0.00927811762783743,0.00927811762783743,-0.00380295810394701,1,0,0,1,0.00885008076741122,0.00648017471597498,0.00648017471597498,0.0126934183286049,-0.00424553781866251,0.00927858153371882,0.00927858153371882,-0.0038030139384535,0.183287902257519,21.5055014711898,2.63104433625376,8.75729889201959,2.63104433625376,8.75729889201959,32.3589376717487,-3.46935456913488,1.73472347597681e-18,-5.96927606258534e-19,2.19432671876017e-19,0,0,0,0.00884989807930435,0.0126933317263392,0.00647985072343881,-0.00424549304752961,-0.00380295810394701,0.00927811762783743,1.22202347451046e-12,9.76465772313362e-09,4.77508694114604e-12,1.72507599243527e-19,2.60208521396521e-18,9.27046182176785e-14
NC_k0029,-0.00684210526315789,-0.00684210526315789,0.326422966885292,-22.6951538426615,19.1859944457327,-18.4572425314238,19.6150437359503,23.7954765447033,-20.2577756390871,22.9028515294717,-18.6612331615895,1,800,1.97463769338365,2.64833330734323,1.52558043023989,0.249317569523759,-1.15236185495987e-19,5.65733636343392e-18,0,1.29825004523463e-18,0.00192236703365735,-0.000381311136212456,1,-1.66986112828949e-19,-1.22411065517274e-20,1,0.00884989807930436,0.0064798507234388,0.0064798507234388,0.0126933317263392,-0.00424549304752961,0.00927811762783743,0.00927811762783743,-0.00380295810394701,1,0,0,1,0.00885008076741122,0.00648017471597498,0.00648017471597498,0.0126934183286049,-0.00424553781866251,0.00927858153371882,0.00927858153371882,-0.0038030139384535,0.281225589099427,21.5742255766214,2.64382844747752,8.70545344808504,2.64382844747752,8.70545344808504,32.3652850737289,-3.44251576954971,1.73472347597681e-18,-1.13958453015863e-19,-7.24094258436219e-20,0,0,0,0.00884989807930435,0.0126933317263392,0.00647985072343881,-0.00424549304752961,-0.00380295810394701,0.00927811762783743,2.4497396170966e-12,3.98176542800366e-09,5.1372296168498e-12,1.66986112828949e-19,5.20417042793042e-18,6.03709318469051e-14
NC_k0029,0.00315789473684211,0.00315789473684211,0.326443494981963,-19.537214872703,19.4100349723813,-21.5041778916336,19.2127483156621,23.0878321519442,-18.996633481624,23.4995250206827,-19.7414233161072,1,800,-0.912485905594779,-1.22422706156675,-0.705115279163309,-0.114634789804435,-6.04503591653753e-19,-1.88476080420413e-18,0,1.14006664233489e-18,0.00192221817091235,-0.000381137593872294,1,-1.65759238109459e-19,8.58796467717517e-21,1,0.00884989807930435,0.00647985072343881,0.00647985072343881,0.0126933317263392,-0.00424549304752961,0.00927811762783742,0.00927811762783742,-0.00380295810394701,1,0,0,1,0.00885008076741122,0.00648017471597498,0.00648017471597498,0.0126934183286049,-0.00424553781866251,0.00927858153371882,0.00927858153371882,-0.0038030139384535,0.297130091803174,21.5854682420183,2.64568509721269,8.69715991150199,2.64568509721269,8.69715991150199,32.3676217608168,-3.43826818219461,1.51788304147971e-18,7.84946818442211e-19,-2.42440967140756e-19,0,0,0,0.00884989807930435,0.0126933317263392,0.00647985072343881,-0.00424549304752961,-0.00380295810394701,0.00927811762783743,8.99794014839926e-12,7.83124950986649e-09,8.14869087771886e-12,1.65759238109459e-19,5.20417042793042e-18,1.45901414758015e-13
NC_k0029,0.0131578947368421,0.0131578947368421,0.326369225419765,-16.767991818794,20.1066091313872,-24.7405966244492,19.2754427981808,22.6634578205578,-18.292965506368,24.3863356671911,-21.2222224647921,1,800,-3.77987883240774,-5.06279137045957,-2.91808116694626,-0.484677530488105,-1.33937084784586e-20,1.76519680974326e-18,0,1.53118410572956e-18,0.00192290568095033,-0.000381892177643099,1,-2.51030659580698e-19,2.18179280316448e-19,1,0.00884989807930436,0.0064798507234388,0.0064798507234388,0.0126933317263392,-0.00424549304752961,0.00927811762783743,0.00927811762783743,-0.00380295810394701,1,0,0,1,0.00885008076741122,0.00648017471597498,0.00648017471597498,0.0126934183286049,-0.00424553781866251,0.00927858153371882,0.00927858153371882,-0.0038030139384535,0.228079043458326,21.5367891178152,2.63717410037222,8.73341817475479,2.63717410037222,8.73341817475479,32.3600126983322,-3.45692720481,1.73472347597681e-18,-1.07976070884582e-18,1.62435659033781e-19,0,0,0,0.00884989807930435,0.0126933317263392,0.00647985072343881,-0.00424549304752961,-0.00380295810394701,0.00927811762783743,1.75987359295737e-12,1.04928327043151e-08,1.94369292320505e-12,2.51030659580698e-19,5.20417042793042e-18,8.50434828220418e-15
NC_k0029,0.0231578947368421,0.0231578947368421,0.32638568222239,-14.6227477701297,21.1670179065144,-27.676744673149,19.6249859794436,22.4055384984307,-18.293194891964,25.419285288969,-22.6757138195519,1,800,-6.53927433892734,-8.72540365432094,-5.03734373777187,-0.873972277873848,-7.70945565789223e-19,-4.09381611319844e-18,0,-1.49739543206799e-19,0.00192470351453652,-0.0003834212032192,1,-1.88087602561532e-19,-1.02261454293858e-20,1,0.00884989807930434,0.0064798507234388,0.0064798507234388,0.0126933317263392,-0.00424549304752961,0.00927811762783742,0.00927811762783742,-0.00380295810394701,1,0,0,1,0.00885008076741122,0.00648017471597498,0.00648017471597498,0.0126934183286049,-0.00424553781866251,0.00927858153371882,0.00927858153371882,-0.0038030139384535,0.0870080564244331,21.4407796539874,2.61629450405642,8.81048425959552,2.61629450405642,8.81048425959552,32.3709965816422,-3.49768247880337,1.73472347597681e-18,1.51129359033597e-18,-6.17809877516514e-19,0,0,0,0.00884989807930435,0.0126933317263392,0.00647985072343881,-0.00424549304752961,-0.00380295810394701,0.00927811762783743,4.11253390679979e-13,7.23306069269207e-09,8.77816365798039e-12,1.88087602561532e-19,6.93889390390723e-18,3.62266969915717e-14
NC_k0030,-0.0268421052631579,-0.0268421052631579,0.474621231731956,53.4736250986376,-20.6193171059635,66.6316142398655,-19.2541744977256,-49.3766033969924,19.1777799805208,-72.9687465997611,20.2753349271561,1,800,6.69683068314691,-10.0301692776801,-1.10000173619596,-2.07241132167193,1.95855193228876e-18,2.51748779835819e-18,0,2.4567925937315e-18,-0.000439107140371355,-0.000793007566556817,1,1.77857615015931e-20,-5.26077921237775e-21,1,0.00224963521138601,0.0075052774219652,0.0075052774219652,-0.00353491288320555,-0.0121081658433772,-0.012816905715274,-0.012816905715274,-0.00390302330741578,1,0,-2.16840434497101e-19,1,0.00224955487154938,0.0075056526858363,0.0075056526858363,-0.00353484860933981,-0.0121081633490276,-0.0128175465605598,-0.0128175465605598,-0.00390322594162967,8.41694061456453,27.3056560952234,-2.98057307422063,-11.2488824828622,-2.98057307422063,-11.2488824828622,-41.7739719944447,1.97311194619533,2.60208521396521e-18,-1.62395520325849e-19,2.01074101242849e-19,0,0,0,0.00224963521138601,-0.00353491288320555,0.00750527742196521,-0.0121081658433772,-0.00390302330741578,-0.012816905715274,7.62421448921626e-13,1.50064627540788e-08,4.44838580828759e-12,1.77857615015931e-20,6.93889390390723e-18,3.15788882384093e-15
NC_k0030,-0.0168421052631579,-0.0168421052631579,0.473784175701421,56.9351353575121,-19.7108833488978,64.8520323029608,-18.6045067497793,-54.5653888994497,18.6985113022793,-69.4588280181855,19.162334219104,1,800,4.22034924460806,-6.35462892008833,-0.704312292908486,-1.29863674443787,-2.76238619923309e-19,-8.04736886428749e-18,0,1.54292345298291e-19,-0.000438009065780344,-0.000794592452099532,1,-1.33444067770605e-19,3.44239795180637e-20,1,0.00224963521138601,0.0075052774219652,0.0075052774219652,-0.00353491288320555,-0.0121081658433771,-0.012816905715274,-0.012816905715274,-0.00390302330741578,1,0,-2.16840434497101e-19,1,0.00224955487154938,0.0075056526858363,0.0075056526858363,-0.00353484860933981,-0.0121081633490276,-0.0128175465605598,-0.0128175465605598,-0.00390322594162967,8.39873855298183,27.2419604938948,-2.98940585172311,-11.1131917171417,-2.98940585172311,-11.1131917171417,-41.8015536373916,1.80157649098005,2.60208521396521e-18,-1.49080401829941e-20,-3.28686796167339e-19,0,0,0,0.00224963521138601,-0.00353491288320555,0.00750527742196521,-0.0121081658433772,-0.00390302330741578,-0.012816905715274,1.39377378484699e-12,9.15627695289743e-09,4.59341036249238e-12,1.33444067770605e-19,5.20417042793042e-18,1.12478862560389e-14
NC_k0030,-0.00684210526315789,-0.00684210526315789,0.473553616629107,59.7753884606599,-18.9097659116101,62.914660972308,-18.4163406380457,-59.4319769758981,18.3509969966519,-65.4916373156238,18.5013822521707,1,800,1.7141482216158,-2.58518537288892,-0.287442259920127,-0.525503182977917,-4.66132818785882e-19,6.43514752830733e-18,0,-2.59867061239659e-19,-0.000437675374313349,-0.000795350102928369,1,-7.90047025797798e-20,3.67517241333358e-20,1,0.00224963521138601,0.0075052774219652,0.0075052774219652,-0.00353491288320555,-0.0121081658433772,-0.012816905715274,-0.012816905715274,-0.00390302330741578,1,0,-2.16840434497101e-19,1,0.00224955487154938,0.0075056526858363,0.0075056526858363,-0.00353484860933981,-0.0121081633490276,-0.0128175465605598,-0.0128175465605598,-0.00390322594162967,8.38216449343685,27.2270608856023,-2.99698678527372,-11.0375590123273,-2.99698678527372,-11.0375590123273,-41.8442654654763,1.71384852883762,1.30104260698261e-18,-3.19942033791167e-20,6.43604220738095e-20,0,0,0,0.00224963521138601,-0.00353491288320555,0.00750527742196521,-0.0121081658433772,-0.00390302330741578,-0.012816905715274,2.40890384690994e-12,5.21986222050264e-09,1.16438427687978e-12,7.90047025797798e-20,3.46944695195361e-18,5.84940405725856e-14
NC_k0030,0.00315789473684211,0.00315789473684211,0.473527137741103,62.1358506049967,-18.4664767838497,60.6921363210152,-18.6974177011127,-63.928760174427,18.3782719139513,-61.1316568901641,18.3101585296074,1,800,-0.790979567057576,1.19311288275928,0.132703994181555,0.242331241611964,-2.95801110537943e-18,-4.90442664372081e-18,0,9.34343515270498e-19,-0.000437640620587087,-0.000795458850968233,1,-1.04657210076077e-19,6.01715132337781e-20,1,0.00224963521138601,0.0075052774219652,0.0075052774219652,-0.00353491288320555,-0.0121081658433772,-0.012816905715274,-0.012816905715274,-0.00390302330741578,1,0,-2.16840434497101e-19,1,0.00224955487154938,0.0075056526858363,0.0075056526858363,-0.00353484860933981,-0.0121081633490276,-0.0128175465605598,-0.0128175465605598,-0.00390322594162967,8.37901569109665,27.2257764862894,-2.99830297459499,-11.025568683969,-2.99830297459499,-11.025568683969,-41.8522338673073,1.70061845235972,2.16840434497101e-18,-1.58926412914933e-19,-7.99373374282874e-21,0,0,0,0.00224963521138601,-0.00353491288320555,0.00750527742196521,-0.0121081658433772,-0.00390302330741578,-0.012816905715274,4.46627078113958e-12,8.58967366514518e-09,6.75249622874094e-12,1.04657210076077e-19,6.93889390390723e-18,5.86145405478408e-15
NC_k0030,0.0131578947368421,0.0131578947368421,0.473663593008251,64.1643229822646,-18.4795228739704,58.0489464014227,-19.3851775586763,-68.0467491699321,18.8635500154159,-56.4019449293731,18.5377839225784,1,800,-3.29753203343459,4.96936740711257,0.551705673313734,1.01302358557863,-3.79457525480126e-19,-8.3625974695641e-19,0,8.32606917371376e-20,-0.00043783058289497,-0.000794957090521519,1,-2.96080576449697e-19,-2.61101609630089e-19,1,0.00224963521138601,0.0075052774219652,0.0075052774219652,-0.00353491288320555,-0.0121081658433772,-0.012816905715274,-0.012816905715274,-0.00390302330741578,1,0,-2.16840434497101e-19,1,0.00224955487154938,0.0075056526858363,0.0075056526858363,-0.00353484860933981,-0.0121081633490276,-0.0128175465605598,-0.0128175465605598,-0.00390322594162967,8.39179629819867,27.233606057841,-2.99274025637221,-11.0782158555253,-2.99274025637221,-11.0782158555253,-41.8196319302589,1.76006399173589,2.81892564846231e-18,3.08411163630928e-20,-1.7640724603595e-19,0,0,0,0.00224963521138601,-0.00353491288320555,0.00750527742196521,-0.0121081658433772,-0.00390302330741578,-0.012816905715274,1.66979138515134e-12,6.26417825768999e-09,3.12739038336692e-12,2.96080576449697e-19,6.93889390390723e-18,1.01959918989073e-14
NC_k0030,0.0231578947368421,0.0231578947368421,0.47418279356111,65.9842998888333,-18.9648728782342,54.8223647003347,-20.2963339141297,-71.7331470480025,19.817523330189,-51.3132752938937,19.009368978661,1,800,-5.79357516560409,8.70012961932213,0.959162969727001,1.78884340690597,-2.74221622717659e-18,-6.58189598641914e-18,0,8.56191490996487e-19,-0.000438564399224715,-0.000793699580962595,1,-6.18050404531025e-20,7.24681721349055e-20,1,0.00224963521138601,0.0075052774219652,0.0075052774219652,-0.00353491288320555,-0.0121081658433771,-0.012816905715274,-0.012816905715274,-0.00390302330741578,1,0,-2.16840434497101e-19,1,0.00224955487154938,0.0075056526858363,0.0075056526858363,-0.00353484860933981,-0.0121081633490276,-0.0128175465605598,-0.0128175465605598,-0.00390322594162967,8.41060846045505,27.2721214625173,-2.98333298531625,-11.1919185575322,-2.98333298531625,-11.1919185575322,-41.7756225493754,1.89966563790632,2.60208521396521e-18,-2.32413380881385e-19,-1.56089162127802e-18,0,0,0,0.00224963521138601,-0.00353491288320555,0.00750527742196521,-0.0121081658433772,-0.00390302330741578,-0.012816905715274,5.1577385823817e-13,7.80089772958767e-09,6.41269771642143e-12,7.24681721349055e-20,1.04083408558608e-17,2.68083401687577e-14
NC_k0031,-0.0268421052631579,-0.0268421052631579,0.486438869123858,55.0263364099046,-61.1342012881076,49.5353066546924,-78.5375783228826,-49.795895726074,68.6284226754281,-59.0356611677894,70.2347818952614,1,800,-9.17554983011208,-8.79549037277321,-5.93044326695213,-3.040244546988,5.66784155721335e-19,2.14768512498778e-18,0,-1.47555786389659e-18,-0.00155010064190465,-8.69316969155572e-05,1,-5.34392594788561e-20,1.39205523107566e-19,1,-0.00489617049868363,-0.0095951032372957,-0.0095951032372957,-0.0131397015888722,-0.00314287102986019,-0.00907244958180328,-0.00907244958180328,0.00437295903755682,1,0,-2.71050543121376e-20,1,-0.0048963862670228,-0.00959558299245756,-0.00959558299245756,-0.0131397112689341,-0.0031427693939343,-0.00907290320428237,-0.00907290320428238,0.00437287277773103,5.37868008203481,-29.755840495661,-10.6446388320305,-11.8937546448402,-10.6446388320305,-11.8937546448402,-29.6528967499822,10.2678482006388,1.30104260698261e-18,-9.52182173007307e-20,5.52581113182511e-19,0,0,0,-0.00489617049868363,-0.0131397015888722,-0.0095951032372957,-0.00314287102986019,0.00437295903755682,-0.00907244958180328,9.48527390269234e-13,1.29188301933222e-08,2.56219776612285e-12,1.39205523107566e-19,3.46944695195361e-18,4.90704928091654e-15
NC_k0031,-0.0168421052631579,-0.0168421052631579,0.485555867619848,53.9272455330107,-63.6598670116229,49.4439393172717,-74.6431912574934,-50.9308984445022,68.7045130807819,-56.7417371432369,68.7472027643892,1,800,-5.88810977824172,-5.68525527010388,-3.81921046595409,-1.89440637436733,-2.02282055716168e-19,3.18815260412638e-19,0,-2.93605442319982e-18,-0.00154913049685465,-8.83631949934013e-05,1,2.94036640079274e-19,1.13985494247537e-19,1,-0.00489617049868362,-0.00959510323729569,-0.00959510323729569,-0.0131397015888722,-0.00314287102986019,-0.00907244958180328,-0.00907244958180328,0.00437295903755682,1,0,-2.71050543121376e-20,1,-0.0048963862670228,-0.00959558299245756,-0.00959558299245756,-0.0131397112689341,-0.0031427693939343,-0.00907290320428237,-0.00907290320428238,0.00437287277773103,5.17952378916393,-29.8578962721927,-10.5748238028395,-11.7837648005585,-10.5748238028395,-11.7837648005585,-29.6665990445904,10.1507126889168,2.60208521396521e-18,-3.54192155533695e-19,2.50385955905999e-19,0,0,0,-0.00489617049868363,-0.0131397015888722,-0.0095951032372957,-0.00314287102986019,0.00437295903755682,-0.00907244958180328,1.18170176881596e-12,1.22168110522747e-08,5.70120528236257e-12,2.94036640079274e-19,3.46944695195361e-18,4.1156982699463e-14
NC_k0031,-0.00684210526315789,-0.00684210526315789,0.485256091744744,52.2519308020182,-66.4153325668573,50.2178190917459,-70.8978382504606,-52.2058368371261,68.3121939636802,-54.5802942331663,68.1267209100793,1,800,-2.4115802210791,-2.33721038288387,-1.56710089930778,-0.763923251086845,2.05140791913151e-21,-2.40888560137488e-18,0,-5.97160874792242e-18,-0.00154882019212357,-8.93458167566108e-05,1,2.24366271767793e-19,2.93353883889076e-20,1,-0.00489617049868363,-0.0095951032372957,-0.0095951032372957,-0.0131397015888722,-0.00314287102986019,-0.00907244958180328,-0.00907244958180328,0.00437295903755682,1,0,-2.71050543121376e-20,1,-0.0048963862670228,-0.00959558299245756,-0.00959558299245756,-0.0131397112689341,-0.0031427693939343,-0.00907290320428237,-0.00907290320428238,0.00437287277773103,5.06481606622643,-29.9308773218104,-10.5361157414726,-11.7228518712241,-10.5361157414726,-11.7228518712241,-29.695806617943,10.0866002928066,1.73472347597681e-18,1.77206522196891e-19,-1.3142648115763e-19,0,0,0,-0.00489617049868363,-0.0131397015888722,-0.0095951032372957,-0.00314287102986019,0.00437295903755682,-0.00907244958180328,1.75180598031828e-12,4.1277867467293e-09,3.85687782533081e-12,2.24366271767793e-19,6.07153216591882e-18,6.65782265616286e-14
NC_k0031,0.00315789473684211,0.00315789473684211,0.485215550436172,50.6806079558844,-69.6059635053508,51.6329256700033,-67.5360359949683,-53.8637758513527,68.0841556353036,-52.7670278661816,68.1818686724357,1,800,1.11417591090927,1.08039304378009,0.724207755047471,0.35202650890046,-1.46060243842163e-19,1.55650244991858e-18,0,5.67835005971522e-18,-0.00154878457729809,-8.95098231200261e-05,1,2.04992025951398e-19,-2.46735668626436e-21,1,-0.00489617049868363,-0.00959510323729569,-0.00959510323729569,-0.0131397015888722,-0.00314287102986019,-0.00907244958180328,-0.00907244958180328,0.00437295903755682,1,0,-2.71050543121376e-20,1,-0.0048963862670228,-0.00959558299245756,-0.00959558299245756,-0.0131397112689341,-0.0031427693939343,-0.00907290320428237,-0.00907290320428238,0.00437287277773103,5.046515822618,-29.9430182948686,-10.5299192685824,-11.7131823841315,-10.5299192685824,-11.7131823841315,-29.7014186406302,10.0764518446675,1.73472347597681e-18,2.43353321946624e-19,1.2979537052033e-19,0,0,0,-0.00489617049868363,-0.0131397015888722,-0.0095951032372957,-0.00314287102986019,0.00437295903755682,-0.00907244958180328,3.95003611981247e-12,9.87033927712231e-09,1.41747032176818e-11,2.04992025951398e-19,3.46944695195361e-18,1.29277804132481e-14
NC_k0031,0.0131578947368421,0.0131578947368421,0.485407116076629,49.6384968837727,-73.2311101866625,53.3357628282813,-64.6338892338602,-55.9163010131028,68.4254769850813,-51.3663494510591,68.5775359570376,1,800,4.61920797541841,4.46785091872987,2.99872943506893,1.47541064917231,3.25644463549876e-19,-4.52242140195402e-18,0,-1.3071835958502e-18,-0.00154896650510832,-8.88052492587764e-05,1,5.11042721255673e-19,-1.12229055460378e-19,1,-0.00489617049868363,-0.0095951032372957,-0.0095951032372957,-0.0131397015888722,-0.00314287102986019,-0.00907244958180328,-0.00907244958180328,0.00437295903755682,1,0,-2.71050543121376e-20,1,-0.0048963862670228,-0.00959558299245756,-0.00959558299245756,-0.0131397112689341,-0.0031427693939343,-0.00907290320428237,-0.00907290320428238,0.00437287277773103,5.1266190772572,-29.8908464834627,-10.5569878098256,-11.7555980900942,-10.5569878098256,-11.7555980900942,-29.67871941356,10.1210269585976,1.51788304147971e-18,-1.54403063313522e-19,-8.49796472254346e-20,0,0,0,-0.00489617049868363,-0.0131397015888722,-0.0095951032372957,-0.00314287102986019,0.00437295903755682,-0.00907244958180328,2.66465564016834e-12,1.20279921191755e-08,5.16509744544321e-12,5.11042721255673e-19,1.73472347597681e-18,7.26185914140657e-14
NC_k0031,0.0231578947368421,0.0231578947368421,0.485991198879082,49.3909834668004,-77.1044480936963,54.7377575094818,-62.055721631893,-58.1923143078563,69.5793921273938,-50.2204795117173,68.754641484085,1,800,8.00183848540841,7.69412665199711,5.17966849534403,2.61843356084362,3.01954010806357e-19,2.26797042094279e-18,0,5.39348229164176e-19,-0.00154962432112551,-8.74675149061209e-05,1,1.10463609396419e-19,-6.89566469865057e-20,1,-0.00489617049868362,-0.0095951032372957,-0.0095951032372957,-0.0131397015888722,-0.00314287102986019,-0.00907244958180328,-0.00907244958180328,0.00437295903755682,1,0,-2.71050543121376e-20,1,-0.0048963862670228,-0.00959558299245756,-0.00959558299245756,-0.0131397112689341,-0.0031427693939343,-0.00907290320428237,-0.00907290320428238,0.00437287277773103,5.29662503547859,-29.7921150586263,-10.6149374908794,-11.8472832097142,-10.6149374908794,-11.8472832097142,-29.6510089807594,10.2181221803834,1.30104260698261e-18,-1.16987063948507e-18,2.08080137179572e-19,0,0,0,-0.00489617049868363,-0.0131397015888722,-0.0095951032372957,-0.00314287102986019,0.00437295903755682,-0.00907244958180328,9.57236353303241e-13,9.99200227452955e-09,3.32094176252559e-12,1.10463609396419e-19,3.46944695195361e-18,4.55747951657509e-14
NC_k0032,-0.0268421052631579,-0.0268421052631579,0.393317173156046,82.0480590636739,-39.6506512188614,112.791833367735,-65.023711410267,-72.2674764731413,43.8996842512147,-119.031412530219,64.5348335609737,1,800,13.5128932305379,1.64245381529114,5.00126452512349,-3.83561863122465,3.63668301947714e-18,1.14600910785547e-18,0,1.90966224936442e-19,0.00132098894780565,0.000674162504917082,1,1.13721593510567e-19,7.81630269443936e-21,1,0.0136913367855113,0.0110871636454645,0.0110871636454645,0.00148412401573945,-0.00614492925545893,-0.00329091592009189,-0.00329091592009189,0.00623130741358427,1,1.0842021724855e-19,-1.0842021724855e-19,1,0.0136912790419817,0.0110877180036468,0.0110877180036468,0.00148437145252907,-0.00614477401263707,-0.0032910804658879,-0.0032910804658879,0.0062311532504894,17.2145045464205,42.5230120261857,-3.57532086746476,-10.3587168093565,-3.57532086746476,-10.3587168093565,-5.29377220445449,9.79214086796386,2.60208521396521e-18,-9.33183050613025e-19,5.14992054526786e-19,0,0,0,0.0136913367855113,0.00148412401573944,0.0110871636454645,-0.00614492925545893,0.00623130741358428,-0.00329091592009189,9.3938772088181e-13,1.54555338838706e-08,2.29317906579385e-12,1.13721593510567e-19,6.93889390390723e-18,2.03235615499802e-14
NC_k0032,-0.0168421052631579,-0.0168421052631579,0.39347639226614,88.4867863950685,-43.9199985879095,107.923056828971,-60.1464120220868,-81.4402924235944,47.3375315421139,-111.374466895657,60.518522210239,1,800,8.6257166881774,1.13394099300238,3.22068703478933,-2.4268135092631,5.73864821764788e-19,9.83219963305031e-19,0,-8.20867570118023e-19,0.00131978523852465,0.00067188653061729,1,-2.31439483454573e-19,3.78270656817729e-20,1,0.0136913367855113,0.0110871636454645,0.0110871636454645,0.00148412401573944,-0.00614492925545893,-0.00329091592009189,-0.00329091592009189,0.00623130741358427,1,1.0842021724855e-19,-1.0842021724855e-19,1,0.0136912790419817,0.0110877180036468,0.0110877180036468,0.00148437145252907,-0.00614477401263707,-0.0032910804658879,-0.0032910804658879,0.0062311532504894,17.2744882535161,42.5145015674568,-3.52613305285463,-10.2066960119247,-3.52613305285463,-10.2066960119247,-5.30605396997631,9.72517086661068,3.46944695195361e-18,-2.43369220016563e-19,4.13777873562419e-19,0,0,0,0.0136913367855113,0.00148412401573944,0.0110871636454645,-0.00614492925545893,0.00623130741358428,-0.00329091592009189,3.56425988811557e-13,1.33935653368269e-08,2.55975928804397e-12,2.31439483454573e-19,5.20417042793042e-18,2.96265341140958e-15
NC_k0032,-0.00684210526315789,-0.00684210526315789,0.393824964712676,94.7722121348899,-48.5845018203268,102.671779480603,-55.2325404460565,-90.7792081673962,51.115378084839,-103.041762004189,56.504372149346,1,800,3.52813395938597,0.484996888769841,1.32433317989141,-0.98871445548146,-1.51036562407282e-18,-6.04172719408731e-19,0,1.57298650516554e-18,0.00131910023269054,0.000670874511353336,1,-1.40320927502793e-19,6.01563236691994e-20,1,0.0136913367855113,0.0110871636454645,0.0110871636454645,0.00148412401573945,-0.00614492925545893,-0.00329091592009189,-0.00329091592009189,0.00623130741358427,1,1.0842021724855e-19,-1.0842021724855e-19,1,0.0136912790419817,0.0110877180036468,0.0110877180036468,0.00148437145252907,-0.00614477401263707,-0.0032910804658879,-0.0032910804658879,0.0062311532504894,17.3144721970417,42.5426409569522,-3.50398586557084,-10.1256512688364,-3.50398586557084,-10.1256512688364,-5.31110908353524,9.70239349748934,1.73472347597681e-18,4.75410699447241e-19,1.96948814562002e-19,0,0,0,0.0136913367855113,0.00148412401573944,0.0110871636454645,-0.00614492925545893,0.00623130741358428,-0.00329091592009189,1.54783380574264e-12,6.7112195433649e-09,1.63182274915871e-12,1.40320927502793e-19,3.46944695195361e-18,9.24657359755565e-14
NC_k0032,0.00315789473684211,0.00315789473684211,0.39389204367251,100.628381132388,-53.4274237952809,96.9839628824402,-50.3553306464008,-99.8263320624668,55.0368882874222,-94.1599235399938,52.5490529906101,1,800,-1.62983142106263,-0.225617402473102,-0.612298111766786,0.456505427432869,-9.52726777203876e-19,-3.68657855402633e-19,0,-1.62803041184727e-18,0.00131899257094158,0.000670734596789085,1,-9.12516672394826e-20,3.26792173827631e-20,1,0.0136913367855113,0.0110871636454645,0.0110871636454645,0.00148412401573944,-0.00614492925545892,-0.00329091592009189,-0.00329091592009189,0.00623130741358427,1,1.0842021724855e-19,-1.0842021724855e-19,1,0.0136912790419817,0.0110877180036468,0.0110877180036468,0.00148437145252907,-0.00614477401263707,-0.0032910804658879,-0.0032910804658879,0.0062311532504894,17.3209296755957,42.548771924949,-3.50082767443215,-10.1130766074944,-3.50082767443215,-10.1130766074944,-5.31167414048816,9.69966862073127,1.73472347597681e-18,3.31126169376414e-19,-2.88753481034679e-20,0,0,0,0.0136913367855113,0.00148412401573944,0.0110871636454645,-0.00614492925545893,0.00623130741358428,-0.00329091592009189,1.60011265652503e-12,1.09609993235474e-08,1.9017396196521e-12,9.12516672394826e-20,3.46944695195361e-18,8.68127947943147e-14
NC_k0032,0.0131578947368421,0.0131578947368421,0.393621330648921,106.036861040396,-58.3364053988109,90.8442686373558,-45.6069043021063,-108.377376575115,59.0355067305325,-84.8955272811926,48.7037174591618,1,800,-6.76177606721678,-0.907555211016974,-2.53087932181711,1.89876703266204,-8.24658042556986e-18,1.53205099101151e-18,0,4.33356614194081e-19,0.00131946621808637,0.00067139263248287,1,-5.76425983833533e-19,-2.97653767799505e-20,1,0.0136913367855113,0.0110871636454645,0.0110871636454645,0.00148412401573945,-0.00614492925545893,-0.00329091592009189,-0.00329091592009189,0.00623130741358428,1,1.0842021724855e-19,-1.0842021724855e-19,1,0.0136912790419817,0.0110877180036468,0.0110877180036468,0.00148437145252907,-0.00614477401263707,-0.0032910804658879,-0.0032910804658879,0.0062311532504894,17.2928113756773,42.5252318156308,-3.51540743822613,-10.1688354094872,-3.51540743822613,-10.1688354094872,-5.30872450114226,9.71339994918069,2.05998412772246e-18,2.5719459835523e-20,7.13890449692929e-20,0,0,0,0.0136913367855113,0.00148412401573944,0.0110871636454645,-0.00614492925545893,0.00623130741358428,-0.00329091592009189,3.81317264393045e-13,6.42415380671631e-09,2.42223781078662e-12,5.76425983833533e-19,5.20417042793042e-18,3.00387054552282e-14
NC_k0032,0.0231578947368421,0.0231578947368421,0.393290785862593,111.036917245656,-63.2363673452498,84.3996639929629,-41.1565987281917,-116.295535227607,63.0603597254671,-75.5773768313742,45.1058287752531,1,800,-11.7525569229577,-1.47450126259106,-4.3649292012311,3.32258102171742,1.5146801981479e-18,2.11269869379924e-18,0,6.04139632184229e-19,0.00132050125635247,0.000673146953076338,1,-2.14060336323596e-19,5.75710132881862e-20,1,0.0136913367855113,0.0110871636454645,0.0110871636454645,0.00148412401573944,-0.00614492925545893,-0.00329091592009189,-0.00329091592009189,0.00623130741358427,1,1.0842021724855e-19,-1.0842021724855e-19,1,0.0136912790419817,0.0110877180036468,0.0110877180036468,0.00148437145252907,-0.00614477401263707,-0.0032910804658879,-0.0032910804658879,0.0062311532504894,17.2365787857582,42.5083603673537,-3.55330094596167,-10.2940783452908,-3.55330094596167,-10.2940783452908,-5.29885986558599,9.75983028270925,2.60208521396521e-18,1.05365908612066e-18,2.86764352896145e-19,0,0,0,0.0136913367855113,0.00148412401573944,0.0110871636454645,-0.00614492925545893,0.00623130741358428,-0.00329091592009189,1.53111317827133e-13,7.72607050243091e-09,2.0637912158419e-12,2.14060336323596e-19,8.67361737988404e-18,7.49481614199228e-14
NC_k0033,-0.0268421052631579,-0.0268421052631579,0.500496437424736,-18.5945418262881,69.3981631506748,-24.0673476286259,89.2184734196551,14.9850239008606,-78.7634289469413,31.8700544559024,-85.1870722087957,1,800,-5.77735023305194,9.44277928640476,1.20959158760643,2.55954710115407,6.57668143983761e-19,-2.6409031457511e-18,0,1.08963509474875e-18,0.00111220831123053,-0.00152111670788612,1,-4.27862587837574e-20,-2.39566731609546e-19,1,0.00391322324877467,-0.00626045912008749,-0.00626045912008749,0.00480708725796237,-0.000209210142586534,0.0124886858476349,0.0124886858476349,-0.0128986124998242,1,0,0,1,0.00391328892401546,-0.00626077214304349,-0.00626077214304349,0.00480713058660292,-0.000209450684007515,0.0124893102819273,0.0124893102819273,-0.0128985358061862,-1.3826638424797,-27.5706079858931,5.61108925519733,7.78478442911868,5.61108925519733,7.78478442911868,43.3734765973634,-15.0232581970093,2.60208521396521e-18,2.04745464443563e-19,-6.00371303431636e-19,0,0,0,0.00391322324877467,0.00480708725796237,-0.00626045912008749,-0.000209210142586534,-0.0128986124998242,0.012488685847635,1.1108368435298e-12,1.35205174127704e-08,3.02741451990951e-12,2.39566731609546e-19,6.93889390390723e-18,4.81358863578101e-14
NC_k0033,-0.0168421052631579,-0.0168421052631579,0.497919233948113,-20.561416952044,71.5969522572428,-23.5199423618648,84.2834047618887,18.695047597241,-78.774262270361,29.5550788087825,-82.4164179561022,1,800,-3.67406863898003,6.04120099487378,0.781153677444956,1.60676440961876,4.55094920691975e-19,4.26059557702383e-18,0,1.41231494298324e-18,0.00110873737224669,-0.00151611473468866,1,1.01715325241167e-19,-1.16067999794351e-19,1,0.00391322324877467,-0.00626045912008749,-0.00626045912008749,0.00480708725796236,-0.000209210142586529,0.0124886858476349,0.0124886858476349,-0.0128986124998242,1,0,0,1,0.00391328892401546,-0.00626077214304349,-0.00626077214304349,0.00480713058660292,-0.000209450684007515,0.0124893102819273,0.0124893102819273,-0.0128985358061862,-1.32638419387727,-27.4284855821951,5.61357962696961,7.64403844556223,5.61357962696961,7.64403844556223,43.2691125310027,-14.9665774301435,1.73472347597681e-18,3.11378725716081e-19,-1.22343732710883e-18,0,0,0,0.00391322324877467,0.00480708725796237,-0.00626045912008749,-0.000209210142586534,-0.0128986124998242,0.012488685847635,2.5216900195215e-12,1.06610671908886e-08,3.69326153370067e-12,1.16067999794351e-19,6.93889390390723e-18,9.19761612795221e-14
NC_k0033,-0.00684210526315789,-0.00684210526315789,0.496909010015395,-21.8600359229435,74.5437087425961,-22.9531284336868,79.753514525851,22.2509785657264,-79.1006848655715,26.7146757882329,-80.4911824721945,1,800,-1.49965644138451,2.46974019463911,0.320127638574014,0.651259776529546,-1.70781694501168e-18,2.69032222426747e-18,0,-4.34455110047551e-19,0.00110709160497559,-0.00151352480832193,1,7.19938219680619e-20,4.87191513917176e-20,1,0.00391322324877468,-0.00626045912008749,-0.00626045912008749,0.00480708725796237,-0.000209210142586536,0.012488685847635,0.012488685847635,-0.0128986124998242,1,0,0,1,0.00391328892401546,-0.00626077214304349,-0.00626077214304349,0.00480713058660292,-0.000209450684007515,0.0124893102819273,0.0124893102819273,-0.0128985358061862,-1.28413560215225,-27.3779793906852,5.61854176804525,7.56486025217875,5.61854176804525,7.56486025217875,43.2462519666937,-14.9524262318491,8.67361737988404e-19,-1.86095453847229e-19,-2.98773555911892e-20,0,0,0,0.00391322324877467,0.00480708725796237,-0.00626045912008749,-0.000209210142586534,-0.0128986124998242,0.012488685847635,2.42562048898033e-12,5.89658670713443e-09,1.23263944977262e-12,7.19938219680619e-20,2.41234983378025e-18,6.15538130964368e-14
NC_k0033,0.00315789473684211,0.00315789473684211,0.496772520780759,-22.7097432990305,78.2259556234502,-22.2131911918538,75.817787779049,25.5682518394006,-79.985854052823,23.5044703218235,-79.3501290281735,1,800,0.692501218266646,-1.14063019194827,-0.147882561314921,-0.300407002648711,2.43356536213101e-19,4.33662340148481e-18,0,3.69597532578494e-19,0.00110685313927896,-0.00151313352593004,1,1.20132164406093e-19,2.13072902400996e-20,1,0.00391322324877467,-0.00626045912008749,-0.00626045912008749,0.00480708725796237,-0.000209210142586534,0.012488685847635,0.012488685847635,-0.0128986124998242,1,0,0,1,0.00391328892401546,-0.00626077214304349,-0.00626077214304349,0.00480713058660292,-0.000209450684007515,0.0124893102819273,0.0124893102819273,-0.0128985358061862,-1.2767711521247,-27.3716766151798,5.61946717115716,7.55231989430561,5.61946717115716,7.55231989430561,43.2444427450795,-14.9511190309512,1.51788304147971e-18,1.05703865286664e-19,-6.3327181775758e-19,0,0,0,0.00391322324877467,0.00480708725796237,-0.00626045912008749,-0.000209210142586534,-0.0128986124998242,0.012488685847635,5.21545727514703e-12,8.02843802299992e-09,1.96205990031513e-12,1.20132164406093e-19,3.46944695195361e-18,2.70419518713538e-14
NC_k0033,0.0131578947368421,0.0131578947368421,0.497419232558039,-23.3213474117638,82.5561596454605,-21.1073309888996,72.5948945573048,28.5607751881484,-81.6097443314342,20.0290763203615,-78.8445936732783,1,800,2.87734360840816,-4.73527216998698,-0.613116425321028,-1.25422778162636,3.91820236043098e-18,-7.22034707041207e-18,0,-9.98883455384335e-19,0.00110794688278103,-0.00151489144311353,1,2.69935303731036e-19,1.11268123997267e-19,1,0.00391322324877468,-0.00626045912008749,-0.00626045912008749,0.00480708725796237,-0.000209210142586533,0.012488685847635,0.012488685847635,-0.0128986124998242,1,0,0,1,0.00391328892401546,-0.00626077214304349,-0.00626077214304349,0.00480713058660292,-0.000209450684007515,0.0124893102819273,0.0124893102819273,-0.0128985358061862,-1.30776511819243,-27.402787107386,5.61565075042156,7.60742335860089,5.61565075042156,7.60742335860089,43.2559983349353,-14.9587075739215,2.60208521396521e-18,-2.16922126713951e-19,1.11291104325478e-19,0,0,0,0.00391322324877467,0.00480708725796237,-0.00626045912008749,-0.000209210142586534,-0.0128986124998242,0.012488685847635,1.73686577480208e-12,7.47493655950221e-09,1.21084501670136e-12,2.69935303731036e-19,3.46944695195361e-18,8.92786568718463e-16
NC_k0033,0.0231578947368421,0.0231578947368421,0.49928124557109,-23.8586403481958,87.3676832578148,-19.4045765158082,70.1215868401295,31.088736361686,-84.0695447382221,16.3595831252724,-78.7450868647259,1,800,5.01714187013736,-8.22513436592393,-1.05863752360959,-2.21052742706107,8.76282053714175e-19,6.62141536736448e-18,0,-1.56439044423989e-18,0.00111067909860466,-0.00151898696947753,1,-4.28309011421724e-20,-1.0561122665887e-19,1,0.00391322324877467,-0.00626045912008748,-0.00626045912008748,0.00480708725796236,-0.000209210142586536,0.012488685847635,0.012488685847635,-0.0128986124998242,1,0,0,1,0.00391328892401546,-0.00626077214304349,-0.00626077214304349,0.00480713058660292,-0.000209450684007515,0.0124893102819273,0.0124893102819273,-0.0128985358061862,-1.3621702238046,-27.5023800674015,5.6108309150658,7.72612006330519,5.6108309150658,7.72612006330519,43.3180247668343,-14.9939566972998,1.73472347597681e-18,8.10525777830692e-19,1.45469961280467e-20,0,0,0,0.00391322324877467,0.00480708725796237,-0.00626045912008749,-0.000209210142586534,-0.0128986124998242,0.012488685847635,3.32157104972801e-13,6.70902799044734e-09,2.03515891980173e-12,1.0561122665887e-19,4.33680868994202e-18,4.73635864240544e-14
NC_k0034,-0.0268421052631579,-0.0268421052631579,0.40536073800311,43.6349309030409,123.901821191844,24.7977406775277,173.164829341243,-37.6052389882698,-137.616555037345,-31.3244442365994,-164.02562972674,1,800,-2.88249597066237,-11.0283475059211,-4.59057834727255,2.9913923016663,-9.000717681312e-20,-1.96135772892654e-18,0,-2.42389727513149e-18,0.000163904641195094,-0.00133531292702214,1,-1.61345165181789e-20,1.88591739402264e-19,1,0.00359295174533235,0.000616426183014777,0.000616426183014777,0.00199159317497654,0.00546833848355632,-0.00844327965108072,-0.00844327965108072,-0.0167795284827941,1,-5.42101086242752e-20,-6.7762635780344e-21,1,0.00359296663175598,0.000616457004323928,0.000616457004323928,0.00199164809536442,0.00546798969028174,-0.00844370181506328,-0.00844370181506328,-0.0167793210793945,5.11151899474845,-7.32559552079409,16.711622591679,-5.34982214534315,16.711622591679,-5.34982214534315,-27.6755452236911,-25.4475381548399,1.95156391047391e-18,6.13465248613502e-20,-4.14944270332195e-19,0,0,0,0.00359295174533235,0.00199159317497654,0.000616426183014777,0.00546833848355632,-0.0167795284827941,-0.00844327965108072,2.28883163813302e-13,1.05805917248814e-08,2.41916733967666e-12,1.88591739402264e-19,3.46944695195361e-18,5.69681193742697e-14
NC_k0034,-0.0168421052631579,-0.0168421052631579,0.405401313970767,39.9596458258989,133.106537820008,27.6865295947442,164.621200925105,-36.0060646846518,-142.855851456307,-32.1522299379164,-159.495133589953,1,800,-1.94469225810022,-7.02066330370815,-2.95856733539678,1.89392334532015,7.20037562170259e-19,5.97158227814282e-20,0,8.46536638886769e-19,0.00016352180737353,-0.00133234462210438,1,-5.40933552720878e-20,7.91012065278673e-20,1,0.00359295174533235,0.000616426183014777,0.000616426183014777,0.00199159317497654,0.00546833848355632,-0.00844327965108072,-0.00844327965108072,-0.0167795284827941,1,-5.42101086242752e-20,-6.7762635780344e-21,1,0.00359296663175598,0.000616457004323928,0.000616457004323928,0.00199164809536442,0.00546798969028174,-0.00844370181506328,-0.00844370181506328,-0.0167793210793945,5.17159306210601,-7.23910069073556,16.5260487636479,-5.32560865078564,16.5260487636479,-5.32560865078564,-27.7289420072287,-25.486069305395,1.0842021724855e-18,2.56652235866237e-20,-2.49832601826789e-19,0,0,0,0.00359295174533235,0.00199159317497654,0.000616426183014777,0.00546833848355632,-0.0167795284827941,-0.00844327965108072,5.67267202777243e-13,6.20388820245911e-09,1.38762236683103e-12,7.91012065278673e-20,3.46944695195361e-18,4.62819642402987e-14
NC_k0034,-0.00684210526315789,-0.00684210526315789,0.405596102895586,36.1333617382586,142.696467327271,31.0582709393713,155.603377807244,-34.6264686039638,-148.098142297378,-33.083862640561,-154.849283096481,1,800,-0.819152950293955,-2.86817251061889,-1.21681740210124,0.771884705923133,7.59515584084965e-19,-3.47977016599828e-18,0,-1.33283942972914e-18,0.000163141314655682,-0.00133072872320307,1,-4.04925251006843e-20,4.70730140184578e-20,1,0.00359295174533235,0.000616426183014777,0.000616426183014777,0.00199159317497654,0.00546833848355631,-0.00844327965108072,-0.00844327965108072,-0.0167795284827941,1,-5.42101086242752e-20,-6.7762635780344e-21,1,0.00359296663175598,0.000616457004323928,0.000616457004323928,0.00199164809536442,0.00546798969028174,-0.00844370181506328,-0.00844370181506328,-0.0167793210793945,5.20130905005041,-7.2062593247624,16.4281996315901,-5.31010771814912,16.4281996315901,-5.31010771814912,-27.7747135083144,-25.5201288538997,1.30104260698261e-18,1.40910167635061e-19,8.7441343420873e-19,0,0,0,0.00359295174533235,0.00199159317497654,0.000616426183014777,0.00546833848355632,-0.0167795284827941,-0.00844327965108072,2.74690125603705e-12,5.02771445501494e-09,1.10940786010576e-12,4.70730140184578e-20,6.93889390390723e-18,6.07672287054085e-14
NC_k0034,0.00315789473684211,0.00315789473684211,0.405632483174892,32.3853655472968,152.180947873259,34.7330594008522,146.217137971818,-33.4634951401421,-153.080741174364,-34.1739429274416,-149.967092273771,1,800,0.380063616067999,1.3247667515862,0.56259402132588,-0.356395424503743,1.01579764454982e-18,-1.82090907835993e-18,0,-2.98977484090146e-18,0.000163071620856751,-0.00133047946788621,1,-1.53463837228201e-20,8.41840583429249e-20,1,0.00359295174533235,0.000616426183014777,0.000616426183014777,0.00199159317497654,0.00546833848355632,-0.00844327965108072,-0.00844327965108072,-0.0167795284827941,1,-5.42101086242752e-20,-6.7762635780344e-21,1,0.00359296663175598,0.000616457004323928,0.000616457004323928,0.00199164809536442,0.00546798969028174,-0.00844370181506328,-0.00844370181506328,-0.0167793210793945,5.20560844513972,-7.20206704997226,16.4130380354455,-5.30747479943698,16.4130380354455,-5.30747479943698,-27.7826187316137,-25.5259229257185,1.73472347597681e-18,1.38490552381844e-19,-9.0827717321143e-19,0,0,0,0.00359295174533235,0.00199159317497654,0.000616426183014777,0.00546833848355632,-0.0167795284827941,-0.00844327965108072,9.68888328222903e-12,4.87725284912379e-09,4.84636218344973e-12,8.41840583429249e-20,6.93889390390723e-18,1.46430412457467e-14
NC_k0034,0.0131578947368421,0.0131578947368421,0.405483323652074,28.8837357537941,161.350166259153,38.5547889099225,136.631675756033,-32.4813363826416,-157.806120754055,-35.4724864041222,-144.810394922803,1,800,1.54566786441651,5.50031365726463,2.32517390215472,-1.48200295363535,-5.83858817925654e-19,5.43853385652385e-18,0,9.73359970403399e-19,0.000163359406826702,-0.0013315876331926,1,-2.94037509277407e-20,-2.78103316077279e-19,1,0.00359295174533235,0.000616426183014777,0.000616426183014777,0.00199159317497654,0.00546833848355631,-0.00844327965108072,-0.00844327965108072,-0.0167795284827941,1,-5.42101086242752e-20,-6.7762635780344e-21,1,0.00359296663175598,0.000616457004323928,0.000616457004323928,0.00199164809536442,0.00546798969028174,-0.00844370181506328,-0.00844370181506328,-0.0167793210793945,5.18587866039611,-7.22247239908339,16.4802879439621,-5.31866458182621,16.4802879439621,-5.31866458182621,-27.7492243000237,-25.5012328264121,2.16840434497101e-18,-3.5141451030698e-20,6.02566087061255e-19,0,0,0,0.00359295174533235,0.00199159317497654,0.000616426183014777,0.00546833848355632,-0.0167795284827941,-0.00844327965108072,3.34097519680985e-13,6.56321338028233e-09,1.40375959213339e-12,2.78103316077279e-19,5.20417042793042e-18,2.32732030119472e-15
NC_k0034,0.0231578947368421,0.0231578947368421,0.40530807619027,25.7910817041694,170.075640100336,42.3147389194933,127.193784929183,-31.6184973077462,-162.356747804713,-36.9908255015733,-139.508719084081,1,800,2.56579718976638,9.57993983681296,4.00809321877122,-2.5919808452653,-3.53272296009147e-19,-6.79132488262777e-18,0,-5.33033863240191e-18,0.000163794781084535,-0.00133408123301405,1,-4.85025649013751e-22,6.94964612473824e-20,1,0.00359295174533235,0.000616426183014777,0.000616426183014777,0.00199159317497654,0.00546833848355632,-0.00844327965108072,-0.00844327965108072,-0.0167795284827941,1,-5.42101086242752e-20,-6.7762635780344e-21,1,0.00359296663175598,0.000616457004323928,0.000616457004323928,0.00199164809536442,0.00546798969028174,-0.00844370181506328,-0.00844370181506328,-0.0167793210793945,5.13713743373753,-7.28529349202433,16.6322352455953,-5.34006594079205,16.6322352455953,-5.34006594079205,-27.6918813125651,-25.4586143296421,1.0842021724855e-18,2.71230363470012e-19,-1.08598109414658e-18,0,0,0,0.00359295174533235,0.00199159317497654,0.000616426183014777,0.00546833848355632,-0.0167795284827941,-0.00844327965108072,1.04115932074064e-12,5.08779456903708e-09,1.5791643320801e-12,6.94964612473824e-20,6.93889390390723e-18,7.80674209584786e-15
NC_k0035,-0.0268421052631579,-0.0268421052631579,0.4961280896496,-60.1769836617344,-78.4260795617288,-41.5898708181939,-106.385419366372,48.6833314294037,82.0865312220998,54.7423209010908,101.765598010355,1,800,0.477243118240238,14.040266037083,4.79077802125668,-1.19656924576486,-1.25155073657233e-18,-7.25801356678529e-19,0,-3.69372870324124e-18,9.69557190164136e-05,-0.000686855547939458,1,2.54138384637956e-21,-4.21625942351767e-19,1,-0.00351465423052479,-0.00255730804241255,-0.00255730804241255,-0.000555357364942644,-0.0142628356337485,0.0131526284975548,0.0131526284975548,0.00209256844649203,1,0,-2.16840434497101e-19,1,-0.00351464267688644,-0.00255743590781467,-0.00255743590781467,-0.000555419793725935,-0.0142627072553674,0.0131532861289797,0.0131532861289797,0.0020922879397711,-7.17059444681492,-3.81640924631064,-14.4256930230005,9.0153376924224,-14.4256930230005,9.0153376924224,43.5871780623995,13.2838892600278,2.16840434497101e-18,8.23125623361504e-21,-5.29423472564291e-19,0,0,0,-0.00351465423052479,-0.000555357364942644,-0.00255730804241255,-0.0142628356337485,0.00209256844649203,0.0131526284975548,4.25213687322671e-13,1.53695057197912e-08,7.01095672962951e-12,4.21625942351767e-19,3.90312782094782e-18,1.05175423939886e-14
NC_k0035,-0.0168421052631579,-0.0168421052631579,0.493639854887537,-56.7394126504242,-84.7810517287077,-44.2846279118694,-102.465265720795,49.1831144389803,86.8306422104671,53.4833686258854,99.4999535266226,1,800,0.402738257344386,8.97265809295138,3.09388079559764,-0.763679353866319,1.14541353781443e-18,1.14132395686597e-18,0,-9.41933724571284e-19,9.55594391161751e-05,-0.000686219749500734,1,6.36398350290923e-20,-2.31875666286901e-19,1,-0.00351465423052479,-0.00255730804241255,-0.00255730804241255,-0.000555357364942644,-0.0142628356337485,0.0131526284975548,0.0131526284975548,0.00209256844649203,1,0,-2.16840434497101e-19,1,-0.00351464267688644,-0.00255743590781467,-0.00255743590781467,-0.000555419793725935,-0.0142627072553674,0.0131532861289797,0.0131532861289797,0.0020922879397711,-7.20506565112167,-3.83107205080991,-14.2396081196975,8.90716010569512,-14.2396081196975,8.90716010569512,43.5393801572399,13.2773194414772,2.60208521396521e-18,8.61179971004581e-20,-1.40516519847753e-19,0,0,0,-0.00351465423052479,-0.000555357364942644,-0.00255730804241255,-0.0142628356337485,0.00209256844649203,0.0131526284975548,5.37079872069752e-13,8.31607624637216e-09,1.98513471255903e-12,2.31875666286901e-19,5.20417042793042e-18,5.69010833402334e-14
NC_k0035,-0.00684210526315789,-0.00684210526315789,0.492462448096427,-52.9093857615108,-90.8024353170042,-47.6777795247386,-97.9947071748972,50.1810710435575,91.3495275954213,52.0368254797227,96.5568025519349,1,800,0.186598671002654,3.67085372738185,1.27295929146686,-0.312612760394885,-9.05153965814726e-19,3.38548481105703e-20,0,2.21020343568454e-18,9.50432509538902e-05,-0.000685956612382275,1,2.29927148921677e-20,-8.44363113925233e-20,1,-0.00351465423052479,-0.00255730804241255,-0.00255730804241255,-0.000555357364942644,-0.0142628356337485,0.0131526284975548,0.0131526284975548,0.00209256844649202,1,0,-2.16840434497101e-19,1,-0.00351464267688644,-0.00255743590781467,-0.00255743590781467,-0.000555419793725935,-0.0142627072553674,0.0131532861289797,0.0131532861289797,0.0020922879397711,-7.21728713014381,-3.83866061200375,-14.1396420965972,8.84508786169124,-14.1396420965972,8.84508786169124,43.5433978635261,13.2741513470621,1.73472347597681e-18,8.50842140441983e-20,-3.92206729499592e-19,0,0,0,-0.00351465423052479,-0.000555357364942644,-0.00255730804241255,-0.0142628356337485,0.00209256844649203,0.0131526284975548,2.48288847401435e-12,5.43513679666733e-09,3.83337924057788e-12,8.44363113925233e-20,3.46944695195361e-18,6.49276370874551e-14
NC_k0035,0.00315789473684211,0.00315789473684211,0.49228571002579,-49.044187204821,-96.1847797093107,-51.4706893036932,-92.86507217078,51.5038469420109,95.2846471073585,50.6397246754054,92.8776909459575,1,800,-0.0877301437554593,-1.69577657489176,-0.588557217153573,0.144450009094749,-1.83514320234074e-18,-7.98246496470413e-18,0,-3.25685491708259e-18,9.49790780336144e-05,-0.000685920523691931,1,2.99517373964895e-20,-8.89050606571458e-20,1,-0.00351465423052479,-0.00255730804241255,-0.00255730804241255,-0.000555357364942644,-0.0142628356337485,0.0131526284975548,0.0131526284975548,0.00209256844649203,1,0,-2.16840434497101e-19,1,-0.00351464267688644,-0.00255743590781467,-0.00255743590781467,-0.000555419793725935,-0.0142627072553674,0.0131532861289797,0.0131532861289797,0.0020922879397711,-7.21859600592297,-3.83978307830791,-14.1240641885636,8.8351384492497,-14.1240641885636,8.8351384492497,43.5455051267131,13.2735273842956,2.38524477946811e-18,-1.46912118278772e-19,-3.43068986538308e-19,0,0,0,-0.00351465423052479,-0.000555357364942644,-0.00255730804241255,-0.0142628356337485,0.00209256844649203,0.0131526284975548,3.73842881068693e-12,7.6850974163136e-09,4.96480765909619e-12,8.89050606571458e-20,6.93889390390723e-18,5.14194997862673e-14
NC_k0035,0.0131578947368421,0.0131578947368421,0.493081447080292,-45.4703350816339,-100.890204889708,-55.3559962878049,-87.0640162625883,52.9602553645006,98.5021173959093,49.5031384345271,88.5478859358156,1,800,-0.335311302878123,-7.03468605733762,-2.4320991288712,0.598776563418259,1.44800944077613e-18,-1.04867178732615e-17,0,4.02132200431429e-18,9.52963797933649e-05,-0.000686091192739842,1,1.0509395474186e-19,5.1714072690399e-20,1,-0.00351465423052479,-0.00255730804241255,-0.00255730804241255,-0.000555357364942644,-0.0142628356337485,0.0131526284975548,0.0131526284975548,0.00209256844649202,1,0,-2.16840434497101e-19,1,-0.00351464267688644,-0.00255743590781467,-0.00255743590781467,-0.000555419793725935,-0.0142627072553674,0.0131532861289797,0.0131532861289797,0.0020922879397711,-7.21154916241618,-3.83474036421493,-14.1929934718392,8.87859613077144,-14.1929934718392,8.87859613077144,43.5392025092651,13.2760036353012,1.73472347597681e-18,1.27720003591718e-19,5.75280097654384e-19,0,0,0,-0.00351465423052479,-0.000555357364942644,-0.00255730804241255,-0.0142628356337485,0.00209256844649203,0.0131526284975548,2.22930422289206e-13,6.30698010108348e-09,1.11044264244583e-12,1.0509395474186e-19,5.20417042793042e-18,3.82772289048513e-15
NC_k0035,0.0231578947368421,0.0231578947368421,0.495011313769421,-42.4806388303739,-104.993910133858,-58.9752003243775,-80.766843009069,54.3129360185595,100.996083370019,48.7962829481887,83.8230020054845,1,800,-0.470420711569305,-12.218640085377,-4.18739006299231,1.04025120004805,6.93905272258484e-19,-1.75071122285623e-18,0,4.44292603636522e-18,9.6296874335593e-05,-0.000686555066212776,1,3.27979169099198e-20,1.92163996105828e-20,1,-0.00351465423052479,-0.00255730804241255,-0.00255730804241255,-0.000555357364942644,-0.0142628356337485,0.0131526284975548,0.0131526284975548,0.00209256844649203,1,0,-2.16840434497101e-19,1,-0.00351464267688644,-0.00255743590781467,-0.00255743590781467,-0.000555419793725935,-0.0142627072553674,0.0131532861289797,0.0131532861289797,0.0020922879397711,-7.1863174368199,-3.82237273654012,-14.3467257380596,8.97048349817122,-14.3467257380596,8.97048349817122,43.5564983649669,13.2804146095756,1.51788304147971e-18,-3.6284397679427e-19,-6.81330922836302e-19,0,0,0,-0.00351465423052479,-0.000555357364942644,-0.00255730804241255,-0.0142628356337485,0.00209256844649203,0.0131526284975548,6.22520995230477e-13,6.47265491171146e-09,3.41622514188749e-12,3.27979169099198e-20,3.46944695195361e-18,6.80696942879753e-14
NC_k0036,-0.0268421052631579,-0.0268421052631579,0.263126419002996,-19.9081646206763,7.56156234164413,-47.5716558142667,13.8536984468546,25.0654011150355,0.516920789083125,42.7417466652109,-22.2191108733277,1,800,-13.0856270276908,-6.18511060714065,-6.35934341949442,1.36396802679156,6.41945094900353e-19,1.11369198850363e-18,0,1.09716574704544e-18,0.000506315182141774,0.000680142204036923,1,-1.16936598217122e-19,2.49167589652566e-19,1,0.000844162125238233,-0.0113505931958439,-0.0113505931958439,0.00945185736383171,0.0125214744945685,-0.00300099643370445,-0.00300099643370445,0.0039141427757966,1,0,-2.16840434497101e-19,1,0.000844334071550522,-0.0113511607255037,-0.0113511607255037,0.00945181411776303,0.0125214696255299,-0.00300114648352613,-0.00300114648352613,0.00391435309005102,-4.82903141007989,-40.547061452972,1.34617670403747,5.49303480390054,1.34617670403747,5.49303480390054,-12.5489200526056,-1.16862437640851,1.30104260698261e-18,3.38675092493032e-19,-6.3155643017452e-19,0,0,0,0.000844162125238233,0.00945185736383171,-0.0113505931958439,0.0125214744945685,0.0039141427757966,-0.00300099643370445,4.51635920248872e-13,1.05475126980285e-08,4.55884634244102e-12,2.49167589652566e-19,1.73472347597681e-18,1.666644103578e-14
NC_k0036,-0.0168421052631579,-0.0168421052631579,0.262631622247815,-26.1625442172698,9.76683701358018,-44.2731308244512,13.3093451148093,29.9478523216958,-4.14377741635195,40.793863750447,-19.224066756335,1,800,-8.40488051995198,-4.04459710971003,-4.10832761778839,0.87211371528022,-7.41974392015165e-19,-4.92182390636402e-19,0,5.14850448142805e-19,0.000506178072036711,0.000680970149302364,1,2.05775478235492e-19,1.9150525333219e-19,1,0.000844162125238233,-0.0113505931958439,-0.0113505931958439,0.00945185736383171,0.0125214744945685,-0.00300099643370445,-0.00300099643370445,0.0039141427757966,1,0,-2.16840434497101e-19,1,0.000844334071550522,-0.0113511607255037,-0.0113511607255037,0.00945181411776303,0.0125214696255299,-0.00300114648352613,-0.00300114648352613,0.00391435309005102,-4.82619452456401,-40.4951556303174,1.33173701613023,5.41274666138956,1.33173701613023,5.41274666138956,-12.5071926334927,-1.10290641649977,1.30104260698261e-18,-3.78409071542891e-19,-5.71908440428016e-20,0,0,0,0.000844162125238233,0.00945185736383171,-0.0113505931958439,0.0125214744945685,0.0039141427757966,-0.00300099643370445,6.65007287361751e-13,1.00536342135716e-08,2.4439639011691e-12,2.05775478235492e-19,1.73472347597681e-18,2.51524433348188e-14
NC_k0036,-0.00684210526315789,-0.00684210526315789,0.26254155981148,-32.3652407225626,11.3911124234205,-39.8791025980303,12.7320462534109,34.1025169849038,-9.05721938584257,38.4363364486714,-15.3593196274475,1,800,-3.44759348516327,-1.67532888759957,-1.69056438301171,0.357276186765331,4.82067626106104e-19,1.29343750843079e-18,0,2.45421179022033e-19,0.000506079209830822,0.000681244454920791,1,6.27880706825412e-20,-5.06446406364147e-20,1,0.000844162125238232,-0.0113505931958439,-0.0113505931958439,0.00945185736383171,0.0125214744945685,-0.00300099643370445,-0.00300099643370445,0.0039141427757966,1,0,-2.16840434497101e-19,1,0.000844334071550522,-0.0113511607255037,-0.0113511607255037,0.00945181411776303,0.0125214696255299,-0.00300114648352613,-0.00300114648352613,0.00391435309005102,-4.82611447046989,-40.496306018863,1.32771230484963,5.3711166068737,1.32771230484963,5.3711166068737,-12.4950438594722,-1.07314903836849,1.73472347597681e-18,2.43145090753041e-19,4.46890478129591e-19,0,0,0,0.000844162125238233,0.00945185736383171,-0.0113505931958439,0.0125214744945685,0.0039141427757966,-0.00300099643370445,7.90257701250154e-13,7.04982985461843e-09,7.13457502394485e-12,6.27880706825412e-20,3.46944695195361e-18,6.57570864030736e-14
NC_k0036,0.00315789473684211,0.00315789473684211,0.262536437586802,-38.0078600857137,12.453700209583,-34.5294106477394,11.8418144615021,37.4125040478034,-13.7549007702753,35.417685980787,-10.8341832623394,1,800,1.59326849454137,0.775400518776728,0.781660774394969,-0.16513790218333,-3.53080390107035e-19,1.05243678260224e-18,0,7.02468245959633e-19,0.000506061750094228,0.000681273463831203,1,1.01836985125303e-19,-5.15718295284614e-20,1,0.000844162125238231,-0.0113505931958439,-0.0113505931958439,0.00945185736383171,0.0125214744945685,-0.00300099643370445,-0.00300099643370445,0.0039141427757966,1,0,-2.16840434497101e-19,1,0.000844334071550522,-0.0113511607255037,-0.0113511607255037,0.00945181411776303,0.0125214696255299,-0.00300114648352613,-0.00300114648352613,0.00391435309005102,-4.82617409592909,-40.4979907007752,1.32733028799307,5.36473588225238,1.32733028799307,5.36473588225238,-12.4937025522305,-1.06898088713582,8.67361737988404e-19,9.2373792999767e-19,2.92209362800292e-19,0,0,0,0.000844162125238233,0.00945185736383171,-0.0113505931958439,0.0125214744945685,0.0039141427757966,-0.00300099643370445,1.72377849191869e-12,8.13499047507546e-09,3.74400280331692e-12,1.01836985125303e-19,3.46944695195361e-18,1.01492017016473e-14
NC_k0036,0.0131578947368421,0.0131578947368421,0.262577277316761,-42.7772741354501,13.1161133409649,-28.4861732108753,10.4352104000605,39.9876801084139,-17.892117823187,31.5764294770462,-5.95178230509869,1,800,6.5977332843054,3.1894647840098,3.22977536254401,-0.684121311141536,-8.20430818754595e-20,-5.02419577897358e-19,0,6.57178453061129e-20,0.000506136177212998,0.000681115067164783,1,4.70572319677048e-19,-1.1583875810469e-20,1,0.000844162125238233,-0.0113505931958439,-0.0113505931958439,0.00945185736383171,0.0125214744945685,-0.00300099643370445,-0.00300099643370445,0.0039141427757966,1,0,-2.16840434497101e-19,1,0.000844334071550522,-0.0113511607255037,-0.0113511607255037,0.00945181411776303,0.0125214696255299,-0.00300114648352613,-0.00300114648352613,0.00391435309005102,-4.82606591416156,-40.4936142843233,1.32951745063618,5.39319262555788,1.32951745063618,5.39319262555788,-12.5007389163293,-1.08839287206313,1.73472347597681e-18,-1.39025535050359e-19,-6.0990671114301e-19,0,0,0,0.000844162125238233,0.00945185736383171,-0.0113505931958439,0.0125214744945685,0.0039141427757966,-0.00300099643370445,6.34592653271703e-13,9.09162287518063e-09,5.14570997383206e-12,4.70572319677048e-19,6.93889390390723e-18,4.0379083801603e-14
NC_k0036,0.0231578947368421,0.0231578947368421,0.262855504802239,-46.4858114308673,13.6388490355727,-22.1758365646951,8.43534480309773,42.0540170104767,-21.225706877042,26.9261562671141,-1.13757955118834,1,800,11.4121479818515,5.4343207349885,5.55933467655727,-1.18676881761837,2.1776158282724e-18,1.02167558998262e-19,0,1.72252090758042e-20,0.000506259941633353,0.000680538127583508,1,-3.72723821026911e-20,-2.24103994414157e-20,1,0.00084416212523823,-0.0113505931958439,-0.0113505931958439,0.00945185736383171,0.0125214744945685,-0.00300099643370445,-0.00300099643370445,0.0039141427757966,1,0,-2.16840434497101e-19,1,0.000844334071550522,-0.0113511607255037,-0.0113511607255037,0.00945181411776303,0.0125214696255299,-0.00300114648352613,-0.00300114648352613,0.00391435309005102,-4.827336696494,-40.515065936827,1.33903496112668,5.4585918779736,1.33903496112668,5.4585918779736,-12.5278750116158,-1.13959752012159,1.73472347597681e-18,9.51465276385893e-19,9.8134161813564e-19,0,0,0,0.000844162125238233,0.00945185736383171,-0.0113505931958439,0.0125214744945685,0.0039141427757966,-0.00300099643370445,5.82441207299558e-13,8.41163673871537e-09,3.15578696369197e-12,3.72723821026911e-20,5.20417042793042e-18,5.42745561945398e-14
NC_k0037,-0.0268421052631579,-0.0268421052631579,0.373773730556213,70.3628237067417,3.87458782388054,74.6235361393568,-5.03940680525357,-59.1121139956762,0.0168868659121317,-86.308246607549,6.7285607302586,1,800,7.63887538149225,-5.76767781538786,0.61749519681443,-1.80937152321621,6.62220946075253e-19,-1.5192727049088e-18,0,1.09815009197437e-18,3.1233669584658e-05,0.00193933388605524,1,2.14307181487877e-20,1.08168466864489e-19,1,0.00526516256280188,0.0075507131118313,0.0075507131118313,-0.00336613753595377,0.011274254889374,-0.00828254755886328,-0.00828254755886328,0.0104031002784616,1,0,-2.16840434497101e-19,1,0.00526506654045707,0.00755109064748689,0.00755109064748689,-0.00336601777579612,0.0112743794834111,-0.00828296168624123,-0.00828296168624123,0.010403246651364,11.0487176517829,27.6202610996511,5.72985594029812,-10.929903428238,5.72985594029812,-10.929903428238,-25.093384045213,3.63362843952114,1.73472347597681e-18,-4.7574381208441e-19,2.11436614772246e-19,0,0,0,0.00526516256280188,-0.00336613753595378,0.0075507131118313,0.011274254889374,0.0104031002784616,-0.00828254755886328,4.58455902731779e-13,2.06358092638772e-08,1.52662693225177e-12,1.08168466864489e-19,5.20417042793042e-18,3.29704165003802e-14
NC_k0037,-0.0168421052631579,-0.0168421052631579,0.371636665393126,71.6217487560157,3.31151688966168,73.9129545403472,-2.53196993172206,-64.0973541326374,0.299265462231645,-81.8190918581662,4.495275525855,1,800,4.8511201233942,-3.66476944281284,0.391495724591835,-1.14172031113062,1.07999347752883e-18,-8.02973999107276e-19,0,-2.0133725002051e-18,3.26751410548399e-05,0.00193589700811915,1,-1.7993022718466e-19,1.92272022143907e-19,1,0.00526516256280188,0.0075507131118313,0.0075507131118313,-0.00336613753595378,0.011274254889374,-0.00828254755886328,-0.00828254755886328,0.0104031002784616,1,0,-2.16840434497101e-19,1,0.00526506654045707,0.00755109064748689,0.00755109064748689,-0.00336601777579612,0.0112743794834111,-0.00828296168624123,-0.00828296168624123,0.010403246651364,11.0618063395127,27.5716660360543,5.64437673989206,-10.7612869114996,5.64437673989206,-10.7612869114996,-25.0097479630449,3.66149484537814,1.30104260698261e-18,-4.5017508174035e-20,8.46791952425481e-20,0,0,0,0.00526516256280188,-0.00336613753595378,0.0075507131118313,0.011274254889374,0.0104031002784616,-0.00828254755886328,4.51401704775455e-13,1.04833745669666e-08,6.79245998683621e-12,1.92272022143907e-19,2.60208521396521e-18,5.76565941161893e-14
NC_k0037,-0.00684210526315789,-0.00684210526315789,0.370663936729622,72.5444027200134,2.15885038319086,73.3766055336641,-0.271001124976222,-69.4720285560508,0.994681771161098,-76.8006420827572,2.68439510590568,1,800,1.97854948714547,-1.49291814872798,0.160258341677773,-0.464540639698239,7.46977180359886e-19,1.56370222997024e-18,0,-8.91080314872749e-19,3.33193476561583e-05,0.00193422123790537,1,-9.98629120808846e-20,-2.88984316271831e-20,1,0.00526516256280188,0.0075507131118313,0.0075507131118313,-0.00336613753595378,0.011274254889374,-0.00828254755886328,-0.00828254755886328,0.0104031002784616,1,0,-2.16840434497101e-19,1,0.00526506654045707,0.00755109064748689,0.00755109064748689,-0.00336601777579612,0.0112743794834111,-0.00828296168624123,-0.00828296168624123,0.010403246651364,11.0668653937775,27.5680281481314,5.59545250001267,-10.6686679072411,5.59545250001267,-10.6686679072411,-24.9810857420562,3.68962682499459,1.73472347597681e-18,1.63438417828677e-20,1.17076539835381e-19,0,0,0,0.00526516256280188,-0.00336613753595378,0.0075507131118313,0.011274254889374,0.0104031002784616,-0.00828254755886328,3.12661509525162e-12,4.1964518431248e-09,2.9057544054328e-12,9.98629120808846e-20,3.46944695195361e-18,3.01020420166253e-14
NC_k0037,0.00315789473684211,0.00315789473684211,0.370521382203334,73.1796235263202,0.468766305268185,72.8035560517097,1.59419415382621,-74.8611413064781,2.13971276623675,-71.4697562694711,1.36207085414727,1,800,-0.913594925677146,0.689147690933439,-0.0740675874654274,0.214440696134282,-2.67289187439975e-18,1.05323253035152e-18,0,-5.28759076552578e-19,3.34101922697408e-05,0.00193397510695176,1,-1.40255202803806e-19,-1.09747117039515e-19,1,0.00526516256280188,0.0075507131118313,0.0075507131118313,-0.00336613753595378,0.011274254889374,-0.00828254755886328,-0.00828254755886328,0.0104031002784616,1,0,-2.16840434497101e-19,1,0.00526506654045707,0.00755109064748689,0.00755109064748689,-0.00336601777579612,0.0112743794834111,-0.00828296168624123,-0.00828296168624123,0.010403246651364,11.0673402614471,27.5687314781728,5.58764200370107,-10.6541249458741,5.58764200370107,-10.6541249458741,-24.9774414455887,3.69478911270334,1.73472347597681e-18,-8.55755008377372e-20,2.69239801528632e-20,0,0,0,0.00526516256280188,-0.00336613753595378,0.0075507131118313,0.011274254889374,0.0104031002784616,-0.00828254755886328,4.87766848413432e-12,9.57981448655145e-09,6.96173126945861e-13,1.40255202803806e-19,1.73472347597681e-18,8.41982905452041e-14
NC_k0037,0.0131578947368421,0.0131578947368421,0.371170747639432,73.7074709259052,-1.66128773657653,72.0035589414351,2.95453351434186,-80.021121043508,3.77215887504336,-66.0576152580779,0.505603274352357,1,800,-3.79776802926002,2.86777509483141,-0.306897668361424,0.892756316326405,-2.26065152688292e-19,-3.2041006463364e-19,0,3.76147148668688e-19,3.29877854578905e-05,0.00193509724447261,1,-3.45394125301613e-19,-1.03288760215575e-19,1,0.00526516256280188,0.0075507131118313,0.0075507131118313,-0.00336613753595378,0.011274254889374,-0.00828254755886328,-0.00828254755886328,0.0104031002784616,1,0,-2.16840434497101e-19,1,0.00526506654045707,0.00755109064748689,0.00755109064748689,-0.00336601777579612,0.0112743794834111,-0.00828296168624123,-0.00828296168624123,0.010403246651364,11.0645676245614,27.568252185337,5.6218262249313,-10.7182596172043,5.6218262249313,-10.7182596172043,-24.9952519081628,3.67352885970192,1.73472347597681e-18,1.04336574306421e-19,-4.90467371358352e-19,0,0,0,0.00526516256280188,-0.00336613753595378,0.0075507131118313,0.011274254889374,0.0104031002784616,-0.00828254755886328,1.31442882955512e-12,7.1278394789316e-09,2.55476339312056e-12,3.45394125301613e-19,3.46944695195361e-18,7.55262410900375e-14
NC_k0037,0.0231578947368421,0.0231578947368421,0.372805935872384,74.325702102649,-4.09921382480134,70.8553978668624,3.73589509587743,-84.7272006065056,5.86825622911437,-60.8675638544048,0.0742450914047197,1,800,-6.62985273713642,5.00928472397367,-0.534787444343701,1.5655391547044,1.28498868565418e-18,-7.99466753310051e-19,0,-3.79145678389193e-19,3.1884935034224e-05,0.00193783409100639,1,-1.23665111671534e-19,-9.96097681693081e-20,1,0.00526516256280188,0.0075507131118313,0.0075507131118313,-0.00336613753595377,0.0112742548893739,-0.00828254755886328,-0.00828254755886328,0.0104031002784615,1,0,-2.16840434497101e-19,1,0.00526506654045707,0.00755109064748689,0.00755109064748689,-0.00336601777579612,0.0112743794834111,-0.00828296168624123,-0.00828296168624123,0.010403246651364,11.0541063678375,27.5922651553056,5.6944518047256,-10.8590159562059,5.6944518047256,-10.8590159562059,-25.0521917989196,3.64139766399757,1.30104260698261e-18,-2.30892715507825e-20,1.74232858318721e-18,0,0,0,0.00526516256280188,-0.00336613753595378,0.0075507131118313,0.011274254889374,0.0104031002784616,-0.00828254755886328,1.03629815593126e-12,7.0991124744828e-09,2.97574103619174e-12,1.23665111671534e-19,1.04083408558608e-17,4.60103879256105e-14
NC_k0038,-0.0268421052631579,-0.0268421052631579,0.0786181711524481,27.069981831181,10.2880474025845,21.7764109031681,1.36453334095266,-25.1038577410087,-9.99550284803187,-25.2345829597564,0.736745447940487,1,800,-1.98556005352125,3.32591159900268,0.442316010008843,-0.494706990529092,2.02930565316409e-19,-1.42905707858131e-18,0,-1.97304082789823e-19,-0.00100885261203668,0.00128074078001869,1,5.8104371082862e-20,8.14109509930133e-20,1,-0.0044705407505022,-0.00322081580792181,-0.00322081580792181,-0.0124565213817698,0.0122190735985311,0.00371546962431562,0.00371546962431562,0.00716695275968236,1,2.16840434497101e-19,0,1,-0.00447074636939841,-0.00322097684871221,-0.00322097684871221,-0.0124565273511503,0.0122191316096854,0.00371565539779684,0.00371565539779684,0.00716713707385759,2.25840622201784,-10.9904021767642,3.08028162647154,-4.94158411622049,3.08028162647154,-4.94158411622049,14.0014210877145,1.25589080858345,8.67361737988404e-19,-2.61067079867934e-19,-6.00158185423817e-19,0,0,0,-0.0044705407505022,-0.0124565213817698,-0.00322081580792181,0.0122190735985311,0.00716695275968236,0.00371546962431562,2.51555985245715e-12,1.96980958466637e-08,4.6760606496755e-12,8.14109509930133e-20,3.46944695195361e-18,1.26389305738585e-13
NC_k0038,-0.0168421052631579,-0.0168421052631579,0.0788823835682484,25.8434762705241,8.34446910947013,22.3932597818719,2.70016357624281,-24.7727592714075,-7.75589632048011,-24.9424789625412,-0.899404633010871,1,800,-1.22864538685364,2.0908499311218,0.284527499608489,-0.312493042171098,-1.95254329231917e-19,4.56550758570068e-19,0,-1.78237569670476e-19,-0.00100818592789215,0.00127963423059624,1,1.14330795505381e-19,1.31872539757484e-19,1,-0.00447054075050219,-0.00322081580792181,-0.00322081580792181,-0.0124565213817698,0.0122190735985311,0.00371546962431562,0.00371546962431562,0.00716695275968236,1,2.16840434497101e-19,0,1,-0.00447074636939841,-0.00322097684871221,-0.00322097684871221,-0.0124565273511503,0.0122191316096854,0.00371565539779684,0.00371565539779684,0.00716713707385759,2.16370213974421,-11.0354215058363,3.04419728437441,-4.87991034962474,3.04419728437441,-4.87991034962474,14.044866242535,1.34831758347474,1.73472347597681e-18,-4.97254761413663e-19,-2.22873745551978e-19,0,0,0,-0.0044705407505022,-0.0124565213817698,-0.00322081580792181,0.0122190735985311,0.00716695275968236,0.00371546962431562,2.28570494738345e-12,2.08479531156075e-08,3.12102206615296e-12,1.31872539757484e-19,3.46944695195361e-18,5.52420600714171e-14
NC_k0038,-0.00684210526315789,-0.00684210526315789,0.0790635795152792,24.6711547454576,6.4995422134885,23.2446019204452,4.20262221249178,-24.6479941003493,-5.55996803386697,-24.7378440097318,-2.75658619871227,1,800,-0.493037216450452,0.847578903112164,0.116998756598367,-0.127192744886195,-9.43250596106469e-20,1.65098632820684e-18,0,-6.34904133526301e-19,-0.00100777636589598,0.00127900108997333,1,8.74720923741931e-20,-2.96013449716788e-20,1,-0.0044705407505022,-0.00322081580792181,-0.00322081580792181,-0.0124565213817698,0.0122190735985311,0.00371546962431562,0.00371546962431562,0.00716695275968236,1,2.16840434497101e-19,0,1,-0.00447074636939841,-0.00322097684871221,-0.00322097684871221,-0.0124565273511503,0.0122191316096854,0.00371565539779684,0.00371565539779684,0.00716713707385759,2.11297516500939,-11.0653386880433,3.02519818829175,-4.84764345831066,3.02519818829175,-4.84764345831066,14.0770866308273,1.40029909645673,8.67361737988404e-19,1.01013830695809e-19,3.08497410567982e-20,0,0,0,-0.0044705407505022,-0.0124565213817698,-0.00322081580792181,0.0122190735985311,0.00716695275968236,0.00371546962431562,2.10051670204597e-12,1.72463420888541e-08,5.04190838524204e-12,8.74720923741931e-20,3.46944695195361e-18,1.44634194704393e-13
NC_k0038,0.00315789473684211,0.00315789473684211,0.0790931628868356,23.6029459415996,4.79402486634982,24.263019882738,5.85439240426025,-24.6888567408647,-3.48458864715107,-24.6459013415312,-4.77919887242134,1,800,0.227041781669127,-0.390966721298056,-0.0540952300775514,0.0587175687765348,6.44472958852315e-20,2.25654871104466e-20,0,-9.02978480803712e-19,-0.00100770863553514,0.00127890123334645,1,9.76992383225206e-20,-7.69467742748793e-20,1,-0.00447054075050219,-0.00322081580792181,-0.00322081580792181,-0.0124565213817698,0.0122190735985311,0.00371546962431562,0.00371546962431562,0.00716695275968236,1,2.16840434497101e-19,0,1,-0.00447074636939841,-0.00322097684871221,-0.00322097684871221,-0.0124565273511503,0.0122191316096854,0.00371565539779684,0.00371565539779684,0.00716713707385759,2.10514700787776,-11.0702067725039,3.02226423624001,-4.84267339651288,3.02226423624001,-4.84267339651288,14.0824874995626,1.4084291621371,1.0842021724855e-18,-8.61066331121358e-19,6.29583030636131e-19,0,0,0,-0.0044705407505022,-0.0124565213817698,-0.00322081580792181,0.0122190735985311,0.00716695275968236,0.00371546962431562,1.09491932422314e-11,1.43483494690329e-08,1.67360693719658e-11,9.76992383225206e-20,3.46944695195361e-18,3.50922565270791e-15
NC_k0038,0.0131578947368421,0.0131578947368421,0.0789649625171855,22.6839229405621,3.2355511346627,25.4019260369429,7.64954297180264,-24.8559142296237,-1.56174839624626,-24.7045297238697,-6.93565545311684,1,800,0.954749285291837,-1.63225440370255,-0.223576689075518,0.244402672438378,-8.60069313708136e-20,-3.39104346477339e-19,0,-1.01505483635975e-18,-0.00100799959650892,0.00127934205095936,1,1.37925019710156e-19,2.3496317395747e-19,1,-0.0044705407505022,-0.00322081580792181,-0.00322081580792181,-0.0124565213817698,0.0122190735985311,0.00371546962431562,0.00371546962431562,0.00716695275968236,1,2.16840434497101e-19,0,1,-0.00447074636939841,-0.00322097684871221,-0.00322097684871221,-0.0124565273511503,0.0122191316096854,0.00371565539779684,0.00371565539779684,0.00716713707385759,2.13991749511942,-11.0490756273307,3.03529953924641,-4.86477518544391,3.03529953924641,-4.86477518544391,14.059339681736,1.37251708858632,1.73472347597681e-18,1.16955811740088e-18,-5.10761335671248e-19,0,0,0,-0.0044705407505022,-0.0124565213817698,-0.00322081580792181,0.0122190735985311,0.00716695275968236,0.00371546962431562,4.95060527580865e-12,1.67395322841838e-08,9.12339902981313e-12,2.3496317395747e-19,6.07153216591882e-18,2.0035060609907e-14
NC_k0038,0.0231578947368421,0.0231578947368421,0.0787143602146795,21.9704858880617,1.83500525504853,26.6155397232774,9.56659124352566,-25.1173544810284,0.16527242779623,-24.9557670431376,-9.17435279300594,1,800,1.70585303207723,-2.87489887542277,-0.385785128304035,0.428262103813894,4.06714781024973e-19,-7.56043079873467e-20,0,1.62335849574757e-19,-0.00100858319392995,0.00128028301380383,1,4.02297824505843e-20,-1.94109807284742e-22,1,-0.00447054075050219,-0.00322081580792181,-0.00322081580792181,-0.0124565213817698,0.0122190735985311,0.00371546962431562,0.00371546962431562,0.00716695275968236,1,2.16840434497101e-19,0,1,-0.00447074636939841,-0.00322097684871221,-0.00322097684871221,-0.0124565273511503,0.0122191316096854,0.00371565539779684,0.00371565539779684,0.00716713707385759,2.21849916464505,-11.0071785408137,3.06489275261274,-4.91520136488178,3.06489275261274,-4.91520136488178,14.0165699754842,1.29394613602975,1.30104260698261e-18,-1.07301743265099e-18,1.38887621440561e-18,0,0,0,-0.0044705407505022,-0.0124565213817698,-0.00322081580792181,0.0122190735985311,0.00716695275968236,0.00371546962431562,2.79141125884572e-12,1.37538157700705e-08,7.30970824519537e-12,4.02297824505843e-20,1.04083408558608e-17,1.76305667351742e-16
NC_k0039,-0.0268421052631579,-0.0268421052631579,0.486066579945962,-48.4578245600348,44.1234220100143,-79.9670096374498,68.8653490996821,43.3149622750259,-47.6554384619192,82.706485266354,-70.3431972764774,1,800,-16.4693400784203,-2.90656301873467,-6.39404802206123,3.15669106392962,1.07268781835877e-18,-8.91118365180927e-19,0,6.17665689560696e-19,-0.000915161098925218,-0.000983095992530254,1,-3.17427499717138e-20,1.73067946150538e-20,1,-0.00936196115721762,-0.0143750446473943,-0.0143750446473943,-0.00123606231006256,0.00591636410265958,0.00222737079348689,0.00222737079348689,-0.00801369950739952,1,0,0,1,-0.0093619258211287,-0.0143757633996266,-0.0143757633996266,-0.00123623012144482,0.00591617686851818,0.00222748216202656,0.00222748216202656,-0.00801353848995068,-11.5573246111453,-54.580260632853,2.91012820085101,6.94280502406557,2.91012820085101,6.94280502406557,3.65662443391292,-11.0971184295421,2.60208521396521e-18,4.65843108172634e-19,1.30350843339808e-19,0,0,0,-0.00936196115721762,-0.00123606231006256,-0.0143750446473943,0.00591636410265959,-0.00801369950739952,0.00222737079348689,4.47612402707646e-13,1.2447890168562e-08,1.57855198298676e-12,3.17427499717138e-20,5.20417042793042e-18,1.55318569079371e-14
NC_k0039,-0.0168421052631579,-0.0168421052631579,0.486031974981103,-55.3475420944657,48.3470516819362,-75.5414765536373,64.128888138632,51.6311504644713,-51.4044231448195,76.7944821412587,-66.11219583578,1,800,-10.5366022867648,-1.94673593545459,-4.11950161333248,2.00334602912559,-1.31610391157597e-18,-9.06589951358118e-20,0,4.14086614644046e-20,-0.000915156666705884,-0.000979938299016345,1,3.43930293411349e-19,4.33546513486699e-20,1,-0.00936196115721761,-0.0143750446473943,-0.0143750446473943,-0.00123606231006255,0.00591636410265959,0.00222737079348689,0.00222737079348689,-0.00801369950739952,1,0,0,1,-0.0093619258211287,-0.0143757633996266,-0.0143757633996266,-0.00123623012144482,0.00591617686851818,0.00222748216202656,0.00222748216202656,-0.00801353848995068,-11.6315090217593,-54.5422158634972,2.87724216678673,6.81011026000008,2.87724216678673,6.81011026000008,3.63175992630907,-11.0586745364775,1.73472347597681e-18,-4.20434017328576e-19,-6.89857324573571e-20,0,0,0,-0.00936196115721762,-0.00123606231006256,-0.0143750446473943,0.00591636410265959,-0.00801369950739952,0.00222737079348689,1.06379754607376e-13,1.18352981855527e-08,2.63080322832073e-12,3.43930293411349e-19,1.73472347597681e-18,1.40481942606969e-14
NC_k0039,-0.00684210526315789,-0.00684210526315789,0.486384089138982,-62.0930999410305,52.9426773513356,-70.3615934264942,59.3968652613197,59.8337325012568,-55.6667369665443,70.1258421806958,-61.7268486225519,1,800,-4.31368055585702,-0.818293160049154,-1.69355132624905,0.81776146639219,1.2666318935004e-18,-9.9444314985615e-19,0,6.10565171182541e-19,-0.000915140859256146,-0.000978508792116812,1,1.45292529446571e-19,-5.60567310309352e-20,1,-0.00936196115721762,-0.0143750446473943,-0.0143750446473943,-0.00123606231006255,0.00591636410265959,0.00222737079348689,0.00222737079348689,-0.00801369950739952,1,0,0,1,-0.0093619258211287,-0.0143757633996266,-0.0143757633996266,-0.00123623012144482,0.00591617686851818,0.00222748216202656,0.00222748216202656,-0.00801353848995068,-11.6758794412888,-54.5642073354092,2.86486776844894,6.73919967702764,2.86486776844894,6.73919967702764,3.61774962752763,-11.0548733810173,8.67361737988404e-19,1.53497900801121e-19,6.42102492974379e-20,0,0,0,-0.00936196115721762,-0.00123606231006256,-0.0143750446473943,0.00591636410265959,-0.00801369950739952,0.00222737079348689,8.18547702315045e-13,6.5690448588181e-09,9.14941196875181e-13,1.45292529446571e-19,3.46944695195361e-18,5.06738433617546e-14
NC_k0039,0.00315789473684211,0.00315789473684211,0.486458293233489,-68.2639706441767,57.6541874188057,-64.4451317950141,54.6724964012674,67.4826002240416,-60.0909822877732,62.727805848238,-57.2900482263585,1,800,1.99294696521462,0.379646962344623,0.782955996094556,-0.377711470966169,-4.08447228099904e-18,-6.5328739545968e-19,0,-1.75464860257198e-19,-0.000915137223116721,-0.000978308096255284,1,2.39056457891176e-19,-1.4517615651578e-20,1,-0.00936196115721762,-0.0143750446473943,-0.0143750446473943,-0.00123606231006256,0.00591636410265959,0.00222737079348689,0.00222737079348689,-0.00801369950739952,1,0,0,1,-0.0093619258211287,-0.0143757633996266,-0.0143757633996266,-0.00123623012144482,0.00591617686851818,0.00222748216202656,0.00222748216202656,-0.00801353848995068,-11.6828807806484,-54.5699108972082,2.86329057984827,6.72821615682241,2.86329057984827,6.72821615682241,3.61546911425733,-11.0553097965686,1.73472347597681e-18,-2.01864392884967e-19,-8.68872879260172e-19,0,0,0,-0.00936196115721762,-0.00123606231006256,-0.0143750446473943,0.00591636410265959,-0.00801369950739952,0.00222737079348689,2.43138627705826e-12,1.01109223045857e-08,4.93082309320308e-12,2.39056457891176e-19,6.07153216591882e-18,8.46717484037699e-14
NC_k0039,0.0131578947368421,0.0131578947368421,0.486169509100995,-73.7215493747264,62.3854397505491,-57.8818624776149,50.0146938091212,74.4254686235865,-64.5089747657664,54.6996740785103,-52.9382964578026,1,800,8.26349329468589,1.54552272889578,3.236975287782,-1.5687959719627,4.63618189723721e-19,-9.69439134299897e-19,0,-3.54628872213734e-19,-0.000915148989659519,-0.000979243554968589,1,7.09804287428844e-19,2.14661903907948e-20,1,-0.00936196115721761,-0.0143750446473943,-0.0143750446473943,-0.00123606231006256,0.00591636410265958,0.00222737079348689,0.00222737079348689,-0.00801369950739952,1,0,0,1,-0.0093619258211287,-0.0143757633996266,-0.0143757633996266,-0.00123623012144482,0.00591617686851818,0.00222748216202656,0.00222748216202656,-0.00801353848995068,-11.6520784610845,-54.5493376061594,2.87098347455521,6.77696959670764,2.87098347455521,6.77696959670764,3.62536963595073,-11.055463951029,1.73472347597681e-18,-2.03728659321178e-19,7.64262158785e-20,0,0,0,-0.00936196115721762,-0.00123606231006256,-0.0143750446473943,0.00591636410265959,-0.00801369950739952,0.00222737079348689,5.19085273621536e-13,7.928159118845e-09,2.41746126402433e-12,7.09804287428844e-19,1.73472347597681e-18,4.45304540390113e-14
NC_k0039,0.0231578947368421,0.0231578947368421,0.485925038644426,-78.4218530472033,67.1197544981246,-50.9651685879527,45.6103950488129,80.6160872711588,-68.809044091986,46.3428130306859,-48.9447855440244,1,800,14.3387401699059,2.57771330700847,5.58242964738169,-2.73769979492618,2.9715503976457e-18,1.01052684968663e-18,0,-7.26251342931757e-19,-0.000915169086825481,-0.000981693142712607,1,4.32480911449207e-20,-2.64908601227441e-20,1,-0.00936196115721761,-0.0143750446473943,-0.0143750446473943,-0.00123606231006256,0.00591636410265958,0.00222737079348689,0.00222737079348689,-0.00801369950739952,1,0,0,1,-0.0093619258211287,-0.0143757633996266,-0.0143757633996266,-0.00123623012144482,0.00591617686851818,0.00222748216202656,0.00222748216202656,-0.00801353848995068,-11.586649936836,-54.5498501600346,2.89474595529072,6.8865542688822,2.89474595529072,6.8865542688822,3.6459729454854,-11.0757674346975,2.16840434497101e-18,-5.47413959206968e-19,3.57264476306301e-20,0,0,0,-0.00936196115721762,-0.00123606231006256,-0.0143750446473943,0.00591636410265959,-0.00801369950739952,0.00222737079348689,8.69890484746858e-13,8.3221904676007e-09,1.78937260735208e-12,4.32480911449207e-20,5.20417042793042e-18,4.2153857437511e-14
NC_k0040,-0.0268421052631579,-0.0268421052631579,0.542608016319678,26.306923518719,-37.4416726998937,14.3923295355548,-34.7297158825063,-20.4424781012398,44.064973225755,-21.5890383390332,23.610999172469,1,800,-12.2919509450176,-13.0248331776366,-8.35453876047595,-1.25339943048313,1.46984039150263e-18,2.86810649896226e-18,0,7.19064797769897e-19,6.94330976710521e-05,-0.0014493386900639,1,-7.34601780197773e-20,9.43085808713259e-20,1,0.00239448904696964,-0.0107100934987805,-0.0107100934987805,0.00459870799470201,-0.00943143305055485,-0.0118532853785697,-0.0118532853785697,-0.00538144038133594,1,-2.16840434497101e-19,0,1,0.002394560307188,-0.0107106290034554,-0.0107106290034554,0.00459872414944667,-0.00943147500610544,-0.0118538780428387,-0.0118538780428387,-0.00538158358670326,2.76778765834141,-36.537261298106,-9.40136394570792,-4.1649840634363,-9.40136394570792,-4.1649840634363,-40.5912162579253,2.49769410908934,8.67361737988404e-19,6.78147734257786e-19,2.32096194480118e-19,0,0,0,0.00239448904696964,0.00459870799470201,-0.0107100934987805,-0.00943143305055485,-0.00538144038133594,-0.0118532853785697,4.4368575082414e-13,1.30975047924036e-08,4.52659410417426e-12,9.43085808713259e-20,3.46944695195361e-18,8.573103111766e-14
NC_k0040,-0.0168421052631579,-0.0168421052631579,0.542577423054813,23.6491498732022,-35.8661439665269,15.0848125123139,-34.2403291507904,-19.6845320058289,39.8275121352217,-20.4347936191398,25.747555686167,1,800,-7.94240334237494,-8.37560034693417,-5.38494121747196,-0.765170211026297,-1.18813576209157e-18,2.88625153287923e-18,0,2.24213591605154e-18,6.87777065180585e-05,-0.001448080529105,1,3.00229824858084e-19,-2.45508588051545e-20,1,0.00239448904696964,-0.0107100934987805,-0.0107100934987805,0.00459870799470201,-0.00943143305055485,-0.0118532853785697,-0.0118532853785697,-0.00538144038133594,1,-2.16840434497101e-19,0,1,0.002394560307188,-0.0107106290034554,-0.0107106290034554,0.00459872414944667,-0.00943147500610544,-0.0118538780428387,-0.0118538780428387,-0.00538158358670326,2.69651490175629,-36.5298577709812,-9.32577682268709,-4.16601775330367,-9.32577682268709,-4.16601775330367,-40.6581092991903,2.32844254393366,1.73472347597681e-18,3.75421532112786e-19,3.6595235505143e-19,0,0,0,0.00239448904696964,0.00459870799470201,-0.0107100934987805,-0.00943143305055485,-0.00538144038133594,-0.0118532853785697,7.06581449403881e-13,1.17435612182536e-08,2.35327717513601e-12,3.00229824858084e-19,3.46944695195361e-18,1.63696162420381e-14
NC_k0040,-0.00684210526315789,-0.00684210526315789,0.542853493137752,20.531379826717,-34.6565349071253,16.8274100503016,-34.0304917939906,-19.2227579738764,35.0557775819332,-19.5497296124657,29.0826921050524,1,800,-3.26671566334455,-3.43598788177658,-2.21189216988998,-0.30438624956645,2.17555118546347e-19,-3.73971663657674e-18,0,1.8095138382414e-18,6.81915126676606e-05,-0.00144763505209763,1,1.27470686239804e-19,2.49493188275665e-20,1,0.00239448904696964,-0.0107100934987805,-0.0107100934987805,0.00459870799470201,-0.00943143305055486,-0.0118532853785697,-0.0118532853785697,-0.00538144038133595,1,-2.16840434497101e-19,0,1,0.002394560307188,-0.0107106290034554,-0.0107106290034554,0.00459872414944667,-0.00943147500610544,-0.0118538780428387,-0.0118538780428387,-0.00538158358670326,2.65317012741191,-36.5532360964905,-9.28231062553869,-4.16395599640101,-9.28231062553869,-4.16395599640101,-40.7218744086133,2.22806999132941,1.95156391047391e-18,2.33345358426139e-19,3.123852252842e-19,0,0,0,0.00239448904696964,0.00459870799470201,-0.0107100934987805,-0.00943143305055485,-0.00538144038133594,-0.0118532853785697,2.38189884279987e-12,5.36271892471856e-09,1.23383206549992e-12,1.27470686239804e-19,5.20417042793042e-18,6.58541979462928e-14
NC_k0040,0.00315789473684211,0.00315789473684211,0.542909333714773,17.7012946595845,-34.0800250396257,19.4251149888836,-34.3667102909118,-19.3477778297862,30.5628611940861,-19.1953546360859,33.3348432579993,1,800,1.51027664118836,1.58787136480599,1.02238884197812,0.13989540431854,-3.00259944911849e-19,-5.70794327330992e-19,0,-6.95625807932594e-19,6.80861953401131e-05,-0.00144758149923077,1,1.33928537803851e-19,2.49748832538221e-20,1,0.00239448904696964,-0.0107100934987805,-0.0107100934987805,0.00459870799470201,-0.00943143305055485,-0.0118532853785697,-0.0118532853785697,-0.00538144038133594,1,-2.16840434497101e-19,0,1,0.002394560307188,-0.0107106290034554,-0.0107106290034554,0.00459872414944667,-0.00943147500610544,-0.0118538780428387,-0.0118538780428387,-0.00538158358670326,2.64606023412421,-36.5582923838516,-9.27529405958117,-4.16339253379485,-9.27529405958117,-4.16339253379485,-40.7330856293444,2.21188927006066,1.73472347597681e-18,4.84571373513973e-19,-2.98202503097721e-19,0,0,0,0.00239448904696964,0.00459870799470201,-0.0107100934987805,-0.00943143305055485,-0.00538144038133594,-0.0118532853785697,4.84594275683799e-12,9.79618803172614e-09,9.86133179742182e-13,1.33928537803851e-19,3.46944695195361e-18,2.39259275563287e-14
NC_k0040,0.0131578947368421,0.0131578947368421,0.542687997270903,15.611822590465,-34.114123242438,22.5084079303727,-35.3568446582791,-20.0608836687917,26.8497151840488,-19.4578890718938,38.0817021933018,1,800,6.2428772613447,6.57528020894445,4.22999196519544,0.592314794899988,6.09837252243495e-19,-1.51293319269419e-18,0,-1.9264573245217e-18,6.85254623143262e-05,-0.00144785203323302,1,4.48608864908309e-19,-2.41315589872669e-19,1,0.00239448904696964,-0.0107100934987805,-0.0107100934987805,0.00459870799470201,-0.00943143305055486,-0.0118532853785697,-0.0118532853785697,-0.00538144038133595,1,-2.16840434497101e-19,0,1,0.002394560307188,-0.0107106290034554,-0.0107106290034554,0.00459872414944667,-0.00943147500610544,-0.0118538780428387,-0.0118538780428387,-0.00538158358670326,2.67680588500929,-36.5387979232999,-9.30584093644235,-4.16538257159517,-9.30584093644235,-4.16538257159517,-40.6860233944193,2.28238235985225,2.81892564846231e-18,2.96529517412018e-19,3.43184181542646e-20,0,0,0,0.00239448904696964,0.00459870799470201,-0.0107100934987805,-0.00943143305055485,-0.00538144038133594,-0.0118532853785697,1.16780354010915e-12,1.30343295417707e-08,7.38473336431951e-13,4.48608864908309e-19,5.20417042793042e-18,6.54651235455099e-14
NC_k0040,0.0231578947368421,0.0231578947368421,0.542484720486909,14.5204233109245,-34.5366962393803,25.4377660153657,-36.8482588603717,-21.1534998589553,24.2456247046705,-20.1589039779735,42.6282660949614,1,800,10.7486310826807,11.3665841169547,7.29802101587976,1.07109289682642,1.72119741860034e-20,-4.07886068772348e-19,0,8.92785961295833e-19,6.92258108064897e-05,-0.0014487374989253,1,-4.78885852028122e-20,3.34762597588434e-20,1,0.00239448904696964,-0.0107100934987805,-0.0107100934987805,0.00459870799470201,-0.00943143305055485,-0.0118532853785697,-0.0118532853785697,-0.00538144038133594,1,-2.16840434497101e-19,0,1,0.002394560307188,-0.0107106290034554,-0.0107106290034554,0.00459872414944667,-0.00943147500610544,-0.0118538780428387,-0.0118538780428387,-0.00538158358670326,2.73878596924812,-36.5246367676862,-9.36980440170667,-4.16578843264688,-9.36980440170667,-4.16578843264688,-40.609547968756,2.42882681631286,8.67361737988404e-19,8.5431944759977e-19,-3.88526634723888e-19,0,0,0,0.00239448904696964,0.00459870799470201,-0.0107100934987805,-0.00943143305055485,-0.00538144038133594,-0.0118532853785697,7.96397084686244e-13,8.53451688151542e-09,5.75740460218211e-12,4.78885852028122e-20,3.46944695195361e-18,2.80377582316287e-14
NC_k0041,-0.0268421052631579,-0.0268421052631579,0.306338878641151,-52.2266380216374,6.59937743321344,-56.7632128613478,25.1989585629207,50.2474298688951,-6.07299133523872,58.0612260143316,-25.0199781509401,1,800,4.91694076593661,-9.03238369655189,-1.35809616710297,1.83542620814542,-8.91541881654554e-19,5.49785263261125e-18,0,-3.51247357869617e-19,0.00058038279956045,-0.00014719832140221,1,5.50900386135059e-20,9.1415332753944e-20,1,0.000693404154477524,0.00813472975173025,0.00813472975173025,0.0151266557406844,-0.00346283095456102,-0.00928959031609184,-0.00928959031609184,-0.00249839192021467,1,0,0,1,0.000693683445496696,0.00813513648821784,0.00813513648821784,0.0151265742004139,-0.00346285615671606,-0.00929005479560765,-0.00929005479560765,-0.00249844123334556,-7.73048699067822,27.6048859191783,3.31617518129919,6.79095776847915,3.31617518129919,6.79095776847915,-35.7114792305507,-2.6427815409924,1.30104260698261e-18,2.89206551465856e-19,3.30325363439238e-19,0,0,0,0.000693404154477524,0.0151266557406844,0.00813472975173025,-0.00346283095456102,-0.00249839192021467,-0.00928959031609184,9.11642198302902e-13,2.0075959735882e-08,5.2020891361576e-12,9.1415332753944e-20,5.20417042793042e-18,5.11007441061771e-14
NC_k0041,-0.0168421052631579,-0.0168421052631579,0.305948921170763,-52.4901508110277,11.1356640266906,-55.2975027152408,22.8143693136331,51.1230240701901,-10.6367203568246,55.9881271691269,-22.6174736468519,1,800,3.08289818065703,-5.74531759394874,-0.878598406386233,1.15684967351676,-7.76080703031952e-19,4.42589273319153e-18,0,-2.27415111447979e-19,0.000582217599617017,-0.0001481078898455,1,-4.92317774139694e-20,-2.99204666878263e-21,1,0.000693404154477517,0.00813472975173025,0.00813472975173025,0.0151266557406844,-0.00346283095456102,-0.00928959031609184,-0.00928959031609184,-0.00249839192021467,1,0,0,1,0.000693683445496696,0.00813513648821784,0.00813513648821784,0.0151265742004139,-0.00346285615671606,-0.00929005479560765,-0.00929005479560765,-0.00249844123334556,-7.59211479763222,27.6141983885007,3.25411989583985,6.74449648331333,3.25411989583985,6.74449648331333,-35.6593994961608,-2.68012314474776,1.73472347597681e-18,1.12388020498086e-18,1.50731775269762e-19,0,0,0,0.000693404154477524,0.0151266557406844,0.00813472975173025,-0.00346283095456102,-0.00249839192021467,-0.00928959031609184,4.87118449887396e-13,1.74559760061143e-08,6.15544364194601e-12,4.92317774139694e-20,6.28837260041593e-18,4.42711837276492e-14
NC_k0041,-0.00684210526315789,-0.00684210526315789,0.305938749007696,-52.992955590078,15.2127079977079,-54.1284535473457,19.9467194101889,52.2394768160798,-14.7952522585918,54.2089653689098,-19.6736794427873,1,800,1.2460270949303,-2.34447887957283,-0.362489088932056,0.469983092763954,6.84773198295898e-19,-1.16166598248987e-18,0,3.37741152827851e-19,0.000583073804759741,-0.000148451161471856,1,-1.16156311641869e-19,6.79480843716499e-21,1,0.000693404154477526,0.00813472975173025,0.00813472975173025,0.0151266557406844,-0.00346283095456102,-0.00928959031609184,-0.00928959031609184,-0.00249839192021467,1,0,0,1,0.000693683445496696,0.00813513648821784,0.00813513648821784,0.0151265742004139,-0.00346285615671606,-0.00929005479560765,-0.00929005479560765,-0.00249844123334556,-7.52581170198428,27.6380086362534,3.21906168378383,6.72295464998976,3.21906168378383,6.72295464998976,-35.6583883821638,-2.69569997689472,1.73472347597681e-18,-2.26172317559805e-19,1.50090787340163e-19,0,0,0,0.000693404154477524,0.0151266557406844,0.00813472975173025,-0.00346283095456102,-0.00249839192021467,-0.00928959031609184,2.23779790506134e-12,1.1794599999614e-08,6.88869503290951e-12,1.16156311641869e-19,3.46944695195361e-18,1.35358201446645e-13
NC_k0041,0.00315789473684211,0.00315789473684211,0.305947136488102,-53.7704351057117,18.7664730762904,-53.2463345065075,16.582440728902,53.6262868737024,-18.4556213268712,52.7179435459414,-16.2035316995048,1,800,-0.57444000727414,1.08257079327069,0.167683159378859,-0.216877527155256,3.88788122789724e-19,2.402264847752e-18,0,1.1309080985927e-18,0.000583194627403252,-0.000148495497772365,1,-2.20589570901629e-19,1.07259629136446e-20,1,0.000693404154477521,0.00813472975173025,0.00813472975173025,0.0151266557406844,-0.00346283095456102,-0.00928959031609184,-0.00928959031609184,-0.00249839192021467,1,0,0,1,0.000693683445496696,0.00813513648821784,0.00813513648821784,0.0151265742004139,-0.00346285615671606,-0.00929005479560765,-0.00929005479560765,-0.00249844123334556,-7.51605802173699,27.6426468810012,3.21350131269996,6.71978288133514,3.21350131269996,6.71978288133514,-35.659642075477,-2.6977506367035,1.73472347597681e-18,9.77824993695764e-19,-1.67193942581549e-19,0,0,0,0.000693404154477524,0.0151266557406844,0.00813472975173025,-0.00346283095456102,-0.00249839192021467,-0.00928959031609184,3.30817134502605e-12,1.09133494190955e-08,4.7156270075222e-12,2.20589570901629e-19,6.93889390390723e-18,8.76356822700324e-14
NC_k0041,0.0131578947368421,0.0131578947368421,0.305930214913812,-54.833018518694,21.8146081225916,-52.644602072078,12.6984820729437,55.2986741108293,-21.595499356294,51.5040484281263,-12.2242103323474,1,800,-2.40370603691809,4.49902863511079,0.691456457403569,-0.904014188795344,-2.81518017464867e-18,2.50715134942372e-18,0,1.97469849784579e-18,0.000582631910098216,-0.000148282244859701,1,-3.33893652287618e-19,-2.79891265006929e-19,1,0.000693404154477527,0.00813472975173025,0.00813472975173025,0.0151266557406844,-0.00346283095456102,-0.00928959031609184,-0.00928959031609184,-0.00249839192021467,1,0,0,1,0.000693683445496696,0.00813513648821784,0.00813513648821784,0.0151265742004139,-0.00346285615671606,-0.00929005479560765,-0.00929005479560765,-0.00249844123334556,-7.56037919446939,27.6240152286127,3.23792377908165,6.73416911382917,3.23792377908165,6.73416911382917,-35.6569455312035,-2.68791744622989,1.51788304147971e-18,-6.96557429413539e-19,2.31161746787753e-19,0,0,0,0.000693404154477524,0.0151266557406844,0.00813472975173025,-0.00346283095456102,-0.00249839192021467,-0.00928959031609184,2.325136213468e-12,9.12284219975129e-09,4.06436229540526e-12,3.33893652287618e-19,3.57786716920216e-18,1.3427327510852e-14
NC_k0041,0.0231578947368421,0.0231578947368421,0.306103759877373,-56.1876232854238,24.3762858183761,-52.2994803785219,8.31099680914112,57.2632637232176,-24.197878961006,50.544015883272,-7.78794637754779,1,800,-4.24772485437794,7.84527202627117,1.18719056672475,-1.58776938590016,-3.62794799220858e-19,4.27340033290615e-18,0,-1.95161685003311e-19,0.00058118700771061,-0.000147623796917938,1,-8.65562249742132e-20,-7.62036265441605e-22,1,0.000693404154477517,0.00813472975173025,0.00813472975173025,0.0151266557406844,-0.00346283095456101,-0.00928959031609184,-0.00928959031609184,-0.00249839192021466,1,0,0,1,0.000693683445496696,0.00813513648821784,0.00813513648821784,0.0151265742004139,-0.00346285615671606,-0.00929005479560765,-0.00929005479560765,-0.00249844123334556,-7.66972716847047,27.6021333446418,3.29030370962388,6.77015215518304,3.29030370962388,6.77015215518304,-35.6803187715008,-2.65951472777575,1.73472347597681e-18,1.55324195933514e-18,-6.76777135169157e-19,0,0,0,0.000693404154477524,0.0151266557406844,0.00813472975173025,-0.00346283095456102,-0.00249839192021467,-0.00928959031609184,9.00799056716443e-13,9.40502680211308e-09,4.5356206742619e-12,8.65562249742132e-20,6.93889390390723e-18,4.02591447366608e-14
NC_k0042,-0.0268421052631579,-0.0268421052631579,0.58532016299265,43.42473298073,34.6538776762907,72.7359098549272,25.1406920287598,-43.1302890930784,-43.3019838658321,-67.4093753252616,-15.5214539786115,1,800,12.9473127703482,16.4462054683344,9.69986101876535,-0.885801601538216,-1.23523873489279e-18,3.78012937258363e-18,0,-8.22667515130938e-19,0.00128470994475459,-2.15026655371954e-05,1,-3.3662704605387e-20,-1.95436498758092e-19,1,0.00978896359714777,0.00931601071912623,0.00931601071912623,-0.00341841517630104,-0.0020515195720058,0.0139864037805132,0.0139864037805132,-0.00242370592098119,1,1.35525271560688e-20,0,1,0.00978883832084074,0.00931647651966219,0.00931647651966219,-0.00341821026813875,-0.00205155219449449,0.0139871031007022,0.0139871031007022,-0.00242372923881116,11.5248713059475,31.194467347741,4.87643938009766,-2.37550351957988,4.87643938009766,-2.37550351957988,53.4274580243309,-3.97623260772914,1.30104260698261e-18,3.77479722801008e-20,-1.20257645261223e-19,0,0,0,0.00978896359714778,-0.00341841517630104,0.00931601071912623,-0.0020515195720058,-0.00242370592098119,0.0139864037805132,5.0138303722233e-13,1.30306978779936e-08,2.45506256258707e-12,1.95436498758092e-19,3.46944695195361e-18,2.50374835032568e-14
NC_k0042,-0.0168421052631579,-0.0168421052631579,0.585737697348211,49.0957171959587,31.2437981367833,68.5734457246976,25.3807509202212,-48.3213579415606,-37.1173150689747,-63.6789161870475,-18.4826460440971,1,800,8.34165291967591,10.6104316750394,6.254187916256,-0.583066667891099,-3.04693632995133e-19,-1.42858062254848e-18,0,-2.84596452832544e-19,0.00128169357133746,-2.03334924887263e-05,1,-2.89361851754263e-19,-1.77633243926937e-19,1,0.00978896359714778,0.00931601071912623,0.00931601071912623,-0.00341841517630104,-0.0020515195720058,0.0139864037805132,0.0139864037805132,-0.00242370592098119,1,1.35525271560688e-20,0,1,0.00978883832084074,0.00931647651966219,0.00931647651966219,-0.00341821026813875,-0.00205155219449449,0.0139871031007022,0.0139871031007022,-0.00242372923881116,11.6054227405744,31.2627708822986,4.88827017658093,-2.33939611384452,4.88827017658093,-2.33939611384452,53.3628892706846,-3.91261145535178,1.73472347597681e-18,-2.3583034867056e-19,-1.96260735958741e-19,0,0,0,0.00978896359714778,-0.00341841517630104,0.00931601071912623,-0.0020515195720058,-0.00242370592098119,0.0139864037805132,7.46675700514859e-13,1.04036280457893e-08,5.2347697926775e-12,2.89361851754263e-19,3.46944695195361e-18,5.28824122594036e-14
NC_k0042,-0.00684210526315789,-0.00684210526315789,0.586403872745211,55.346792050373,28.4723912781411,63.4747169398325,26.1343657692854,-53.4445483536548,-30.6843718311355,-59.6853254942818,-22.8700731006696,1,800,3.42761440880021,4.36158092469345,2.57043446005286,-0.243383330097656,-1.28778124740216e-18,9.0505735111918e-18,0,-9.62838233011724e-20,0.00128032935311018,-1.95112513902337e-05,1,-1.05584153781768e-19,-1.15678122986394e-19,1,0.00978896359714778,0.00931601071912623,0.00931601071912623,-0.00341841517630104,-0.0020515195720058,0.0139864037805132,0.0139864037805132,-0.00242370592098119,1,1.35525271560688e-20,0,1,0.00978883832084074,0.00931647651966219,0.00931647651966219,-0.00341821026813875,-0.00205155219449449,0.0139871031007022,0.0139871031007022,-0.00242372923881116,11.6656355183939,31.3200026169882,4.89230674513488,-2.32493844920729,4.89230674513488,-2.32493844920729,53.3712685495726,-3.87566433258435,1.30104260698261e-18,1.08128705211468e-19,-1.96050997171205e-20,0,0,0,0.00978896359714778,-0.00341841517630104,0.00931601071912623,-0.0020515195720058,-0.00242370592098119,0.0139864037805132,1.62912628658346e-12,7.4953269533088e-09,5.52539749989585e-13,1.15678122986394e-19,3.46944695195361e-18,3.78654738219146e-14
NC_k0042,0.00315789473684211,0.00315789473684211,0.586529666952987,61.3921322112097,26.5987802060417,57.6273489288029,27.6748870852961,-58.1030323597365,-24.7989952550986,-55.2228684109759,-28.4201127443507,1,800,-1.58451120766352,-2.01623451500286,-1.18824608847992,0.1128834917072,-2.94026311815649e-19,8.12046516065757e-19,0,-9.0787042694635e-19,0.00128013718862611,-1.93706354609116e-05,1,-1.6586668002971e-19,-3.77976928758158e-20,1,0.00978896359714778,0.00931601071912623,0.00931601071912623,-0.00341841517630104,-0.0020515195720058,0.0139864037805132,0.0139864037805132,-0.00242370592098119,1,1.35525271560688e-20,0,1,0.00978883832084074,0.00931647651966219,0.00931647651966219,-0.00341821026813875,-0.00205155219449449,0.0139871031007022,0.0139871031007022,-0.00242372923881116,11.6759596253781,31.3298765572812,4.89269124539787,-2.323024698885,4.89269124539787,-2.323024698885,53.3748477575072,-3.86966590774535,2.60208521396521e-18,-5.11022635609954e-20,-1.46786015801023e-19,0,0,0,0.00978896359714778,-0.00341841517630104,0.00931601071912623,-0.0020515195720058,-0.00242370592098119,0.0139864037805132,4.07111516501937e-12,8.33117013129213e-09,6.35930337928005e-12,1.6586668002971e-19,6.93889390390723e-18,3.25573233537449e-14
NC_k0042,0.0131578947368421,0.0131578947368421,0.586017376763095,66.7970506554258,25.5822034954408,51.381935469777,30.1272342186518,-62.2517594018874,-19.9447272586988,-50.2476682433064,-34.7271649867623,1,800,-6.55339089975377,-8.33748278445457,-4.91398831578877,0.461283340960391,-3.41724854657907e-19,-4.32205178781407e-18,0,1.47913128414282e-19,0.00128102909833801,-1.99652326455714e-05,1,-4.1105049794847e-19,2.42606161290557e-19,1,0.00978896359714778,0.00931601071912623,0.00931601071912623,-0.00341841517630104,-0.0020515195720058,0.0139864037805132,0.0139864037805132,-0.0024237059209812,1,1.35525271560688e-20,0,1,0.00978883832084074,0.00931647651966219,0.00931647651966219,-0.00341821026813875,-0.00205155219449449,0.0139871031007022,0.0139871031007022,-0.00242372923881116,11.6321855389974,31.2881370523274,4.89046113876241,-2.33217245919136,4.89046113876241,-2.33217245919136,53.3635908165566,-3.8956972037632,1.30104260698261e-18,-1.22521178048078e-19,2.0389396239319e-19,0,0,0,0.00978896359714778,-0.00341841517630104,0.00931601071912623,-0.0020515195720058,-0.00242370592098119,0.0139864037805132,1.05995724422889e-12,1.39202152261134e-08,7.52758575562103e-13,4.1105049794847e-19,1.73472347597681e-18,3.33435935660011e-14
NC_k0042,0.0231578947368421,0.0231578947368421,0.585343409412462,71.3161155596192,25.1892693139484,45.3808700651121,33.3544206542337,-66.0487351882808,-16.4355771791698,-45.0058677715587,-41.1147129158512,1,800,-11.305659723554,-14.3709172161586,-8.47327039010516,0.779359970697687,-1.30085731852539e-18,9.46911366625383e-18,0,-2.22480813657977e-18,0.00128336992323901,-2.10688090497886e-05,1,5.32935267141613e-20,-8.82414976952644e-20,1,0.00978896359714777,0.00931601071912623,0.00931601071912623,-0.00341841517630104,-0.0020515195720058,0.0139864037805132,0.0139864037805132,-0.00242370592098119,1,1.35525271560688e-20,0,1,0.00978883832084074,0.00931647651966219,0.00931647651966219,-0.00341821026813875,-0.00205155219449449,0.0139871031007022,0.0139871031007022,-0.00242372923881116,11.5536213888093,31.2159054698065,4.88174570643218,-2.3589442319673,4.88174570643218,-2.3589442319673,53.3856945062805,-3.94979574912323,1.73472347597681e-18,4.19151521881862e-19,-2.00307720552564e-19,0,0,0,0.00978896359714778,-0.00341841517630104,0.00931601071912623,-0.0020515195720058,-0.00242370592098119,0.0139864037805132,4.96655966585412e-13,9.72710707991309e-09,2.64816246402958e-12,8.82414976952644e-20,5.20417042793042e-18,1.97257187326859e-14
NC_k0043,-0.0268421052631579,-0.0268421052631579,0.0593888952246793,-8.82636250043341,9.52564864489798,-1.05566793265877,21.6280652637904,5.50643751072169,-15.1061709089299,5.95982689104498,-20.5870703861217,1,800,0.666443843744415,0.249520959507866,0.302268385073259,0.48574065012025,2.45000971270856e-19,1.38084899248172e-18,0,1.7641777232286e-19,0.000679601863454258,-0.00197804584811155,1,-1.9133637597276e-20,-1.50611735219708e-19,1,0.00349834465260774,0.00105725274737618,0.00105725274737618,0.00567869514329042,-0.0143226463588292,0.000335182333641108,0.000335182333641108,-0.0122125213151273,1,0,-4.33680868994202e-19,1,0.0034984292634876,0.00105730561001355,0.00105730561001355,0.00567872524540801,-0.0143227858270641,0.00033519909275779,0.00033519909275779,-0.0122127135364883,0.355114747550446,1.8123946791255,-2.34945292194631,2.32779631853406,-2.34945292194631,2.32779631853406,1.35898736896904,-5.73168368998255,1.0842021724855e-18,-4.09445539402784e-21,-1.22525798195569e-18,0,0,0,0.00349834465260774,0.00567869514329042,0.00105725274737618,-0.0143226463588292,-0.0122125213151273,0.000335182333641108,2.44602824732864e-12,4.66838071904273e-09,1.35705970188335e-12,1.50611735219708e-19,5.20417042793042e-18,4.22954423333101e-14
NC_k0043,-0.0168421052631579,-0.0168421052631579,0.0596782226705624,-7.25770707276979,11.2424247470877,-2.13427625347012,19.1293206893188,5.20148071834175,-15.7692587114514,5.75060926905291,-19.1415789181834,1,800,0.402896437977725,0.202713826331471,0.199851387222033,0.30631033935526,1.30902986297742e-19,8.13283978262137e-21,0,-1.18951880807576e-19,0.000677968135486655,-0.00197554683761677,1,-4.77956696752814e-20,-2.00371803783927e-19,1,0.00349834465260773,0.00105725274737618,0.00105725274737618,0.00567869514329041,-0.0143226463588292,0.000335182333641108,0.000335182333641108,-0.0122125213151273,1,0,-4.33680868994202e-19,1,0.0034984292634876,0.00105730561001355,0.00105730561001355,0.00567872524540801,-0.0143227858270641,0.00033519909275779,0.00033519909275779,-0.0122127135364883,0.404576070926668,1.86827543666196,-2.30841809191718,2.27235283104781,-2.30841809191718,2.27235283104781,1.26241264111186,-5.83458505346775,8.67361737988404e-19,4.51344944944419e-19,-6.00524876523069e-19,0,0,0,0.00349834465260774,0.00567869514329042,0.00105725274737618,-0.0143226463588292,-0.0122125213151273,0.000335182333641108,9.99781343957198e-12,4.86974514225928e-09,2.79318700865941e-12,2.00371803783927e-19,3.46944695195361e-18,2.37659543211941e-13
NC_k0043,-0.00684210526315789,-0.00684210526315789,0.0598819507822201,-5.63023853786103,13.3418478264971,-3.49311654415578,16.6052820161476,5.19338389978695,-16.5701428888252,5.47557545831759,-17.9136745834693,1,800,0.159448131088786,0.091982024183072,0.082971951239712,0.124718154809342,2.14401906051295e-19,-4.51111218861919e-19,0,-1.66575315650214e-18,0.000677083467629136,-0.00197421564956039,1,-4.75646794878946e-20,1.01992093320052e-20,1,0.00349834465260774,0.00105725274737618,0.00105725274737618,0.00567869514329041,-0.0143226463588292,0.000335182333641108,0.000335182333641108,-0.0122125213151273,1,0,-4.33680868994202e-19,1,0.0034984292634876,0.00105730561001355,0.00105730561001355,0.00567872524540801,-0.0143227858270641,0.00033519909275779,0.00033519909275779,-0.0122127135364883,0.434030299975427,1.89569368007998,-2.28591343992377,2.2419581065789,-2.28591343992377,2.2419581065789,1.21355635874769,-5.89789109685354,1.30104260698261e-18,-5.24226667605149e-21,-2.25391455772322e-19,0,0,0,0.00349834465260774,0.00567869514329042,0.00105725274737618,-0.0143226463588292,-0.0122125213151273,0.000335182333641108,7.91741208602917e-11,4.29206713766096e-09,9.4481296405652e-12,4.75646794878946e-20,3.46944695195361e-18,4.92358044662364e-13
NC_k0043,0.00315789473684211,0.00315789473684211,0.0599156903233361,-4.04501832163602,15.6953933517069,-5.03566364908681,14.185064100834,5.37943858594001,-17.5166032707103,5.24490957937822,-16.8992869845885,1,800,-0.0732691446826134,-0.0431108698789629,-0.0384054048053209,-0.05757701257662,1.17684640109144e-19,-6.54663823998968e-20,0,-1.04969550605224e-18,0.000676946601968147,-0.001974011128776,1,-4.71885464018337e-20,9.98853793944741e-20,1,0.00349834465260774,0.00105725274737618,0.00105725274737618,0.00567869514329041,-0.0143226463588292,0.000335182333641108,0.000335182333641108,-0.0122125213151273,1,0,-4.33680868994202e-19,1,0.0034984292634876,0.00105730561001355,0.00105730561001355,0.00567872524540801,-0.0143227858270641,0.00033519909275779,0.00033519909275779,-0.0122127135364883,0.438764291551074,1.89969672769236,-2.28239188477791,2.23721096457326,-2.28239188477791,2.23721096457326,1.20620438132944,-5.90807846616324,1.73472347597681e-18,5.89683237749949e-19,-1.39637425392124e-18,0,0,0,0.00349834465260774,0.00567869514329042,0.00105725274737618,-0.0143226463588292,-0.0122125213151273,0.000335182333641108,6.24927281038605e-11,4.59823246491026e-09,1.66734539559516e-11,9.98853793944741e-20,5.20417042793042e-18,5.04819995628943e-13
NC_k0043,0.0131578947368421,0.0131578947368421,0.0597704718949397,-2.60735756437546,18.1952281529114,-6.65942942394658,11.9793856139818,5.65118638840455,-18.6626133878407,5.16895592593742,-16.0501188550844,1,800,-0.311086854334006,-0.167147635931404,-0.157817381787587,-0.239562274537869,-1.54341976135044e-19,1.63583237938487e-20,0,-1.43905769218708e-18,0.000677554404073337,-0.00197492292179112,1,-5.9448596725538e-20,-6.76725529965536e-20,1,0.00349834465260774,0.00105725274737618,0.00105725274737618,0.00567869514329042,-0.0143226463588292,0.000335182333641108,0.000335182333641108,-0.0122125213151273,1,0,-4.33680868994202e-19,1,0.0034984292634876,0.00105730561001355,0.00105730561001355,0.00567872524540801,-0.0143227858270641,0.00033519909275779,0.00033519909275779,-0.0122127135364883,0.418130692023735,1.88142320552106,-2.29795199311896,2.25819958395252,-2.29795199311896,2.25819958395252,1.23927778271961,-5.86364429472308,8.67361737988404e-19,1.29013149524024e-19,-3.887571235763e-19,0,0,0,0.00349834465260774,0.00567869514329042,0.00105725274737618,-0.0143226463588292,-0.0122125213151273,0.000335182333641108,2.60825998917291e-11,5.03649396829614e-09,7.23367605918192e-12,6.76725529965536e-20,1.73472347597681e-18,7.89427907303571e-14
NC_k0043,0.0231578947368421,0.0231578947368421,0.0594933178880684,-1.41449053065299,20.719419335269,-8.26075085821502,10.1028950880703,5.89656150670947,-20.0325748540924,5.35397182797136,-15.329994387291,1,800,-0.567128307527925,-0.242279111207213,-0.267104448182594,-0.42004244955143,-1.73661606521833e-19,-7.91472879870339e-19,0,2.36545531049339e-19,0.000678914428959458,-0.00197698851218096,1,-2.8343367982759e-20,-2.28211692527038e-21,1,0.00349834465260773,0.00105725274737618,0.00105725274737618,0.00567869514329041,-0.0143226463588292,0.000335182333641108,0.000335182333641108,-0.0122125213151273,1,0,-4.33680868994202e-19,1,0.0034984292634876,0.00105730561001355,0.00105730561001355,0.00567872524540801,-0.0143227858270641,0.00033519909275779,0.00033519909275779,-0.0122127135364883,0.375073626215956,1.83646464837628,-2.33222612160283,2.30456287092749,-2.33222612160283,2.30456287092749,1.31737273790172,-5.77227861218498,1.30104260698261e-18,5.29208873329998e-19,-1.67101242245587e-18,0,0,0,0.00349834465260774,0.00567869514329042,0.00105725274737618,-0.0143226463588292,-0.0122125213151273,0.000335182333641108,1.98847443254756e-11,3.4364150907154e-09,1.20458374974357e-11,2.8343367982759e-20,1.38777878078145e-17,1.96760147718021e-13
NC_k0044,-0.0268421052631579,-0.0268421052631579,0.506960751652272,-18.7638399844216,-10.4880797635634,-48.8001900748994,1.42510862171333,21.4393504095757,17.248523012896,40.68864380031,-8.12382872762607,1,800,-11.3485745051687,-16.2066293896993,-9.0932172853064,0.91330212678087,1.01802772348126e-18,3.17640002198323e-18,0,7.12420883089871e-19,-0.00132061389450038,0.000501305758732169,1,-5.18723319131161e-20,4.88426644330972e-19,1,-0.00851380873607495,-0.00787971180468843,-0.00787971180468843,0.000459257358681306,0.00778578210790153,-0.0138707345613709,-0.0138707345613709,0.00349265014786155,1,0,0,1,-0.00851374691369487,-0.00788010579027866,-0.00788010579027866,0.000459094854409012,0.00778579893395362,-0.0138714280980989,-0.0138714280980989,0.00349277430221265,-7.84602179697144,-27.3735479979293,-0.246956382339918,-0.877346045023438,-0.246956382339918,-0.877346045023438,-51.6451119330487,0.939387947769617,2.60208521396521e-18,3.73918606562641e-19,5.76598580784658e-19,0,0,0,-0.00851380873607495,0.000459257358681306,-0.00787971180468842,0.00778578210790153,0.00349265014786155,-0.0138707345613709,4.8183150723288e-13,1.03703557494046e-08,3.46361287548671e-13,4.88426644330972e-19,3.46944695195361e-18,7.66485486997489e-15
NC_k0044,-0.0168421052631579,-0.0168421052631579,0.506926708104091,-24.5795737531443,-6.67497467765516,-44.539532480247,0.719958740783314,25.8011587900841,11.468898315323,37.8489231014017,-5.50723666041478,1,800,-7.3214060953272,-10.4497213840621,-5.86447206819853,0.598257869723314,6.76779324856186e-19,5.33194005406781e-19,0,9.28586338207128e-19,-0.00131756498254952,0.000499861615525086,1,2.0297078615488e-19,2.82842317344439e-19,1,-0.00851380873607495,-0.00787971180468842,-0.00787971180468842,0.000459257358681306,0.00778578210790153,-0.0138707345613709,-0.0138707345613709,0.00349265014786156,1,0,0,1,-0.00851374691369487,-0.00788010579027866,-0.00788010579027866,0.000459094854409012,0.00778579893395362,-0.0138714280980989,-0.0138714280980989,0.00349277430221265,-7.92541668776928,-27.4386919842772,-0.306243734926686,-0.871157495780675,-0.306243734926686,-0.871157495780675,-51.5673727571697,0.910291305730545,1.30104260698261e-18,5.01487108473412e-19,4.24162520073096e-20,0,0,0,-0.00851380873607495,0.000459257358681306,-0.00787971180468842,0.00778578210790153,0.00349265014786155,-0.0138707345613709,1.08488149419401e-12,8.78884074033729e-09,2.8757519296393e-12,2.82842317344439e-19,3.46944695195361e-18,4.11739853696308e-14
NC_k0044,-0.00684210526315789,-0.00684210526315789,0.507295995545986,-30.9577415168409,-3.46914856618644,-39.2902759716004,-0.503368460954915,29.9492382561084,5.53057953910707,34.8154651806819,-1.58083188971908,1,800,-3.01045946164392,-4.29440942701291,-2.41060673325674,0.248941882177336,-1.76288732147301e-20,2.82099029127124e-18,0,-1.37020814108184e-19,-0.00131618190531846,0.000498933875546206,1,1.12136871593449e-19,1.36815925529488e-19,1,-0.00851380873607495,-0.00787971180468842,-0.00787971180468842,0.000459257358681304,0.00778578210790153,-0.0138707345613709,-0.0138707345613709,0.00349265014786156,1,0,0,1,-0.00851374691369487,-0.00788010579027866,-0.00788010579027866,0.000459094854409012,0.00778579893395362,-0.0138714280980989,-0.0138714280980989,0.00349277430221265,-7.98379236197687,-27.491850901587,-0.336100783469861,-0.862961103453363,-0.336100783469861,-0.862961103453363,-51.5666449784174,0.893088328559303,1.30104260698261e-18,8.05446071121386e-20,-2.51610346874854e-19,0,0,0,-0.00851380873607495,0.000459257358681306,-0.00787971180468842,0.00778578210790153,0.00349265014786155,-0.0138707345613709,2.66407440152141e-12,6.69424630558479e-09,2.23830739509831e-12,1.36815925529488e-19,3.46944695195361e-18,7.2220873285622e-14
NC_k0044,0.00315789473684211,0.00315789473684211,0.507373259669202,-37.150150325196,-1.13976364362147,-33.290081231246,-2.50589434823199,33.5998763683617,0.162480078615724,31.3561803975077,3.4575698559304,1,800,1.39180327181561,1.9851222858048,1.11438543401474,-0.115390917614786,-1.52730628301791e-20,9.83087614407022e-19,0,3.14365028717103e-19,-0.00131598633005715,0.000498779839796255,1,1.33841273563537e-19,5.72384466203125e-20,1,-0.00851380873607495,-0.00787971180468842,-0.00787971180468842,0.000459257358681305,0.00778578210790153,-0.0138707345613708,-0.0138707345613708,0.00349265014786155,1,0,0,1,-0.00851374691369487,-0.00788010579027866,-0.00788010579027866,0.000459094854409012,0.00778579893395362,-0.0138714280980989,-0.0138714280980989,0.00349277430221265,-7.99380148870743,-27.5009713100018,-0.340544310635849,-0.861349990060982,-0.340544310635849,-0.861349990060982,-51.5687018749498,0.890255237928865,2.60208521396521e-18,2.34137770649666e-19,5.1033253079439e-19,0,0,0,-0.00851380873607495,0.000459257358681306,-0.00787971180468842,0.00778578210790153,0.00349265014786155,-0.0138707345613709,1.77890395510058e-12,8.01942026815963e-09,3.06758634757398e-12,1.33841273563537e-19,6.93889390390723e-18,3.7855480082923e-14
NC_k0044,0.0131578947368421,0.0131578947368421,0.507071312824436,-42.7102615732469,0.345558653131212,-26.9111682733116,-5.40098276793519,36.7682018524045,-4.20577129698866,27.3774652009244,9.25414836453558,1,800,5.75372753753478,8.2101750958708,4.6080878690239,-0.47261432639568,6.47093467032883e-19,-3.68737264741438e-19,0,4.23174020853553e-19,-0.0013168922944635,0.000499440814950779,1,2.22740875853643e-19,-1.12794249856297e-19,1,-0.00851380873607495,-0.00787971180468842,-0.00787971180468842,0.000459257358681305,0.00778578210790153,-0.0138707345613708,-0.0138707345613708,0.00349265014786155,1,0,0,1,-0.00851374691369487,-0.00788010579027866,-0.00788010579027866,0.000459094854409012,0.00778579893395362,-0.0138714280980989,-0.0138714280980989,0.00349277430221265,-7.95137842492393,-27.4623108518646,-0.320430539645123,-0.867806374448726,-0.320430539645123,-0.867806374448726,-51.5639848397488,0.90246789304676,2.60208521396521e-18,2.9822063660511e-19,2.8748403791429e-19,0,0,0,-0.00851380873607495,0.000459257358681306,-0.00787971180468842,0.00778578210790153,0.00349265014786155,-0.0138707345613709,1.11187614040888e-12,1.1760132436186e-08,2.2965255692341e-12,2.22740875853643e-19,6.93889390390723e-18,3.76590738631753e-14
NC_k0044,0.0231578947368421,0.0231578947368421,0.506812848823205,-47.3553262408067,1.20574776998381,-20.7809768602559,-9.04558896451508,39.6478045672949,-7.31721226771737,23.0370224097514,15.1960846112212,1,800,9.91523288487795,14.1578299152153,7.94411072403085,-0.802063777384617,9.36672855875447e-19,2.97123276029048e-20,0,1.75985984043107e-19,-0.00131925852648959,0.000500740695549804,1,1.18403057074812e-19,8.25522416215976e-20,1,-0.00851380873607495,-0.00787971180468842,-0.00787971180468842,0.000459257358681305,0.00778578210790152,-0.0138707345613709,-0.0138707345613709,0.00349265014786155,1,0,0,1,-0.00851374691369487,-0.00788010579027866,-0.00788010579027866,0.000459094854409012,0.00778579893395362,-0.0138714280980989,-0.0138714280980989,0.00349277430221265,-7.87480092444251,-27.3945269868088,-0.272360842889563,-0.875962856046159,-0.272360842889563,-0.875962856046159,-51.59841515405,0.927292401189798,1.73472347597681e-18,-4.9770377956128e-19,8.39190556470929e-19,0,0,0,-0.00851380873607495,0.000459257358681306,-0.00787971180468842,0.00778578210790153,0.00349265014786155,-0.0138707345613709,4.61095480302401e-13,8.31230844204434e-09,1.5035363086289e-12,1.18403057074812e-19,5.20417042793042e-18,1.84010200777379e-14
NC_k0045,-0.0268421052631579,-0.0268421052631579,0.52384991435644,-81.3593199406392,-42.3943243504174,-72.5740811071501,-65.875707773105,70.5433376843709,46.3290645824536,84.3388826433404,66.0977091228587,1,800,4.63653245247747,14.9998928258695,6.4800203418546,0.446300966613384,3.03833365158078e-18,-3.88602834332512e-19,0,-7.61151747336595e-19,-0.000147473651113315,0.00141747708803296,1,3.64376553063311e-20,-2.30692075307239e-19,1,-0.00654149191567826,0.00237477066938528,0.00237477066938528,-0.000361188515241833,0.00375017741096736,0.0144696732013101,0.0144696732013101,0.0113138683691724,1,0,-1.0842021724855e-19,1,-0.00654145780363845,0.00237488940791875,0.00237488940791875,-0.000361308910787032,0.00375036610739047,0.0144703966849702,0.0144703966849702,0.0113138679733215,-11.586666658183,12.388378930886,-3.81542377470441,11.9483567387772,-3.81542377470441,11.9483567387772,46.4346458284546,11.0826895806037,1.73472347597681e-18,1.43562789447378e-19,3.41727973023722e-19,0,0,0,-0.00654149191567826,-0.000361188515241834,0.00237477066938528,0.00375017741096736,0.0113138683691724,0.0144696732013101,5.35279352145885e-13,1.02913158225052e-08,2.04876433067627e-12,2.30692075307239e-19,3.46944695195361e-18,5.0652542954291e-14
NC_k0045,-0.0168421052631579,-0.0168421052631579,0.524702451725387,-79.6939936474557,-47.5478249399887,-73.2147376173311,-62.5830451579106,72.4876709016683,50.6073944743342,81.39340128626,63.7309766900549,1,800,3.08116277661236,9.57378605506695,4.17613311445417,0.262585060153957,5.96622214777347e-19,3.33453048532377e-18,0,-1.78935710107471e-20,-0.000146848506522186,0.00141599479641006,1,-5.46266402722999e-21,-7.43001849354132e-20,1,-0.00654149191567826,0.00237477066938528,0.00237477066938528,-0.000361188515241834,0.00375017741096736,0.0144696732013101,0.0144696732013101,0.0113138683691724,1,0,-1.0842021724855e-19,1,-0.00654145780363845,0.00237488940791875,0.00237488940791875,-0.000361308910787032,0.00375036610739047,0.0144703966849702,0.0144703966849702,0.0113138679733215,-11.569070429364,12.3558875191773,-3.75049103169248,11.8531532451856,-3.75049103169248,11.8531532451856,46.50935664742,11.2384071194377,1.73472347597681e-18,-1.82391330996225e-19,2.81689461966424e-19,0,0,0,-0.00654149191567826,-0.000361188515241834,0.00237477066938528,0.00375017741096736,0.0113138683691724,0.0144696732013101,4.43449730519062e-13,9.28382124755376e-09,1.96689229741462e-12,7.43001849354132e-20,3.90312782094782e-18,6.09382003153645e-14
NC_k0045,-0.00684210526315789,-0.00684210526315789,0.525402596546647,-77.5195671637134,-52.6511697582628,-74.6830086374459,-58.7996759173378,74.7555357149104,55.1088728331881,78.430659625534,60.5757875723081,1,800,1.28539404736211,3.91301800240574,1.71547597642339,0.101728350456986,1.48512668922261e-18,-1.45295267211674e-18,0,-1.94817577868489e-20,-0.000146220939747406,0.00141525928715573,1,9.7118503067755e-24,-3.99813743005818e-20,1,-0.00654149191567826,0.00237477066938528,0.00237477066938528,-0.000361188515241834,0.00375017741096736,0.0144696732013101,0.0144696732013101,0.0113138683691724,1,0,-1.0842021724855e-19,1,-0.00654145780363845,0.00237488940791875,0.00237488940791875,-0.000361308910787032,0.00375036610739047,0.0144703966849702,0.0144703966849702,0.0113138679733215,-11.555954310866,12.3522078935268,-3.71686533293143,11.7988502870138,-3.71686533293143,11.7988502870138,46.5787524195105,11.3312907347278,1.73472347597681e-18,-3.89781313682064e-20,6.68727791001448e-19,0,0,0,-0.00654149191567826,-0.000361188515241834,0.00237477066938528,0.00375017741096736,0.0113138683691724,0.0144696732013101,5.36695172904852e-13,4.64805446040141e-09,2.83695593939808e-12,3.99813743005818e-20,3.46944695195361e-18,4.09939479159308e-14
NC_k0045,0.00315789473684211,0.00315789473684211,0.525520162522607,-75.3797061010527,-57.2570288263641,-76.7021766355226,-54.4165738383967,77.3830926702055,59.2199380650278,75.6831144743451,56.689502039907,1,800,-0.595504034095914,-1.80735613678878,-0.792943856391943,-0.0465243929353849,-1.65204511939091e-19,-3.14810382758901e-18,0,-1.67752228225754e-20,-0.000146106051992338,0.00141514958609102,1,-2.74616939523249e-20,-1.05580751308525e-19,1,-0.00654149191567826,0.00237477066938528,0.00237477066938528,-0.000361188515241834,0.00375017741096736,0.0144696732013101,0.0144696732013101,0.0113138683691724,1,0,-1.0842021724855e-19,1,-0.00654145780363845,0.00237488940791875,0.00237488940791875,-0.000361308910787032,0.00375036610739047,0.0144703966849702,0.0144703966849702,0.0113138679733215,-11.5534753925447,12.3524414282043,-3.7117260951003,11.7901037211526,-3.7117260951003,11.7901037211526,46.5908675863012,11.3460877580499,2.60208521396521e-18,2.39813931682079e-20,6.73262715736293e-19,0,0,0,-0.00654149191567826,-0.000361188515241834,0.00237477066938528,0.00375017741096736,0.0113138683691724,0.0144696732013101,2.46001545240764e-12,8.91230919970068e-09,1.09493577587338e-12,1.05580751308525e-19,5.20417042793042e-18,6.06321185733217e-14
NC_k0045,0.0131578947368421,0.0131578947368421,0.525016706099556,-73.6738921503684,-61.2548269136239,-78.9221967874433,-49.468044805728,80.2907896323609,62.6608605351149,73.2829224290994,52.2818293250157,1,800,-2.43819451957377,-7.50272241700045,-3.28050258906954,-0.200958987731152,4.60653574408331e-19,-1.91966782605386e-18,0,2.71593173603211e-19,-0.000146580751862485,0.00141564440525575,1,-9.69438655458237e-20,3.20607307207042e-19,1,-0.00654149191567826,0.00237477066938528,0.00237477066938528,-0.000361188515241834,0.00375017741096737,0.0144696732013101,0.0144696732013101,0.0113138683691724,1,0,-1.0842021724855e-19,1,-0.00654145780363845,0.00237488940791875,0.00237488940791875,-0.000361308910787032,0.00375036610739047,0.0144703966849702,0.0144703966849702,0.0113138679733215,-11.5635377453124,12.3530164654323,-3.7346658244874,11.8282105253757,-3.7346658244874,11.8282105253757,46.5398911252382,11.2812461629564,1.73472347597681e-18,-1.41461900370061e-19,1.21200200693903e-19,0,0,0,-0.00654149191567826,-0.000361188515241834,0.00237477066938528,0.00375017741096736,0.0113138683691724,0.0144696732013101,1.04305339062597e-12,8.26948331891407e-09,1.55293909022396e-12,3.20607307207042e-19,3.46944695195361e-18,6.97832266801864e-15
NC_k0045,0.0231578947368421,0.0231578947368421,0.524112637915639,-72.6971931132986,-64.7079260339029,-80.8391184527884,-44.2498518446521,83.2710756851288,65.3133826273101,71.2241501901004,47.8226880651467,1,800,-4.10339690209527,-13.0480342664077,-5.65997228560578,-0.376229517497107,-1.9748374641887e-18,3.46282950705319e-18,0,-6.34659288064986e-19,-0.000147300131726716,0.00141683912882458,1,2.54007946657069e-20,-1.40441814631042e-19,1,-0.00654149191567826,0.00237477066938528,0.00237477066938528,-0.000361188515241833,0.00375017741096736,0.0144696732013101,0.0144696732013101,0.0113138683691724,1,0,-1.0842021724855e-19,1,-0.00654145780363845,0.00237488940791875,0.00237488940791875,-0.000361308910787032,0.00375036610739047,0.0144703966849702,0.0144703966849702,0.0113138679733215,-11.5794265873647,12.3703219922,-3.78764224101008,11.9084983467018,-3.78764224101008,11.9084983467018,46.4555063679208,11.1450936784247,1.95156391047391e-18,-6.06277206374783e-19,9.86335786004965e-19,0,0,0,-0.00654149191567826,-0.000361188515241834,0.00237477066938528,0.00375017741096736,0.0113138683691724,0.0144696732013101,2.74593986489945e-13,7.99349331034663e-09,5.72131529347343e-13,1.40441814631042e-19,5.20417042793042e-18,2.96560724171166e-15
NC_k0046,-0.0268421052631579,-0.0268421052631579,0.513967580725004,-143.14145257482,-51.9895920046099,-147.843155557161,-60.4632672320003,129.101498441096,59.0102038183867,162.939758710823,54.3801641076507,1,800,-2.318624969724,8.3140707445044,1.97849710567752,2.25220081439269,-6.41018652614293e-19,5.9727998880045e-18,0,1.35803204246506e-19,0.000524401397129627,0.000293251167701422,1,-6.19317128358226e-20,-9.94329484764361e-20,1,-0.00666227389545113,-0.00203310119108945,-0.00203310119108945,0.0148185363540503,-0.0028143569959596,0.00978930193875319,0.00978930193875319,0.00530476659841745,1,0,0,1,-0.00666195440868265,-0.002033202846149,-0.002033202846149,0.0148183188205626,-0.00281423994185466,0.00978979140385013,0.00978979140385013,0.00530468067443253,-21.3702189361439,-3.74615027559243,-7.15889192339483,21.8808174360005,-7.15889192339483,21.8808174360005,26.2066273715712,9.09709749124623,1.73472347597681e-18,7.73411949743152e-19,-4.22223324758666e-19,0,0,0,-0.00666227389545113,0.0148185363540504,-0.00203310119108945,-0.0028143569959596,0.00530476659841745,0.00978930193875319,4.13639352702415e-13,1.41861115289429e-08,1.3786477581219e-12,9.94329484764361e-20,6.93889390390723e-18,2.31131044233025e-14
NC_k0046,-0.0168421052631579,-0.0168421052631579,0.511202474168045,-144.304348125625,-53.6829905735792,-146.526694969,-59.3620829141038,135.106344265643,58.3898844881617,156.766592898688,55.6363672486121,1,800,-1.41460714490143,5.27122142407333,1.27268271212674,1.40996286766925,1.76372111953047e-18,2.69250598108461e-18,0,1.23762101505694e-18,0.000524974885644735,0.000293393396907672,1,1.34768497776717e-19,-3.00578269343309e-20,1,-0.00666227389545114,-0.00203310119108945,-0.00203310119108945,0.0148185363540504,-0.0028143569959596,0.00978930193875319,0.00978930193875319,0.00530476659841745,1,0,0,1,-0.00666195440868265,-0.002033202846149,-0.002033202846149,0.0148183188205626,-0.00281423994185466,0.00978979140385013,0.00978979140385013,0.00530468067443253,-21.2865576155998,-3.7282682458454,-7.06417963101429,21.6541064365703,-7.06417963101429,21.6541064365703,26.2654940943465,9.19610832916527,1.30104260698261e-18,2.71060838815659e-19,-2.37906742003731e-19,0,0,0,-0.00666227389545113,0.0148185363540504,-0.00203310119108945,-0.0028143569959596,0.00530476659841745,0.00978930193875319,7.41381310379608e-13,8.93726027411628e-09,4.16728697862359e-12,1.34768497776717e-19,3.46944695195361e-18,1.73742981417605e-15
NC_k0046,-0.00684210526315789,-0.00684210526315789,0.509772400449192,-145.005942989999,-55.6032198217689,-145.748247256864,-57.9760634952771,141.452175210525,57.8391869956263,150.33396163535,56.7460721032365,1,800,-0.566067913945372,2.14588525290704,0.521339721857352,0.570305196612564,2.78300615754281e-18,-7.70032358392964e-19,0,-2.31478222616839e-20,0.000525510702119403,0.000293436849767808,1,-3.07000118861155e-20,8.78935560383797e-21,1,-0.00666227389545113,-0.00203310119108945,-0.00203310119108945,0.0148185363540504,-0.0028143569959596,0.00978930193875319,0.00978930193875319,0.00530476659841745,1,0,0,1,-0.00666195440868265,-0.002033202846149,-0.002033202846149,0.0148183188205626,-0.00281423994185466,0.00978979140385013,0.00978979140385013,0.00530468067443253,-21.2421667407513,-3.71837163424563,-7.01249907739841,21.5310037380592,-7.01249907739841,21.5310037380592,26.3105422114402,9.25163174856508,1.30104260698261e-18,1.83121378345104e-19,-3.60138531371373e-19,0,0,0,-0.00666227389545113,0.0148185363540504,-0.00203310119108945,-0.0028143569959596,0.00530476659841745,0.00978930193875319,3.4399093968924e-12,5.11857584720851e-09,4.83419209284075e-12,3.07000118861155e-20,3.46944695195361e-18,3.2668197326303e-14
NC_k0046,0.00315789473684211,0.00315789473684211,0.50954908716694,-145.535385730701,-57.3866852693222,-145.203641767943,-56.2870127958814,147.936753816478,57.0893144640251,143.832159816836,57.5930767943481,1,800,0.260704901754607,-0.990545682413034,-0.240847457617279,-0.262976263808749,2.23352000279118e-19,-2.0122061755414e-18,0,1.75851980783873e-19,0.000525605577166347,0.000293439501551141,1,-1.03871125096616e-19,2.3778036235613e-20,1,-0.00666227389545114,-0.00203310119108945,-0.00203310119108945,0.0148185363540503,-0.0028143569959596,0.00978930193875319,0.00978930193875319,0.00530476659841745,1,0,0,1,-0.00666195440868265,-0.002033202846149,-0.002033202846149,0.0148183188205626,-0.00281423994185466,0.00978979140385013,0.00978979140385013,0.00530468067443253,-21.2350475504073,-3.71679798146094,-7.00439736506679,21.5116627903396,-7.00439736506679,21.5116627903396,26.3180666626744,9.26021953496955,1.30104260698261e-18,1.16582437880902e-18,-3.1751551091175e-19,0,0,0,-0.00666227389545113,0.0148185363540504,-0.00203310119108945,-0.0028143569959596,0.00530476659841745,0.00978930193875319,5.20889705164704e-12,8.32660253580049e-09,6.17735554118144e-12,1.03871125096616e-19,6.93889390390723e-18,9.80475431442859e-15
NC_k0046,0.0131578947368421,0.0131578947368421,0.510535868231561,-146.195656004529,-58.8883187293541,-144.604482217349,-54.3903703435926,154.417383868925,56.0724873255012,137.420022848946,58.1988167356802,1,800,1.09735853269961,-4.12333423884633,-0.998571983028404,-1.09968962136703,2.54903977564341e-20,-1.50411875608682e-18,0,7.06729880475506e-19,0.000525207652236498,0.000293415807956054,1,3.78996402810821e-20,2.85742194721093e-19,1,-0.00666227389545113,-0.00203310119108945,-0.00203310119108945,0.0148185363540504,-0.0028143569959596,0.00978930193875319,0.00978930193875319,0.00530476659841745,1,0,0,1,-0.00666195440868265,-0.002033202846149,-0.002033202846149,0.0148183188205626,-0.00281423994185466,0.00978979140385013,0.00978979140385013,0.00530468067443253,-21.2660919725393,-3.72375716826184,-7.04013534386143,21.5968993604014,-7.04013534386143,21.5968993604014,26.2858187415855,9.22205422101723,1.73472347597681e-18,-4.07848666802683e-19,-4.93529323326715e-19,0,0,0,-0.00666227389545113,0.0148185363540504,-0.00203310119108945,-0.0028143569959596,0.00530476659841745,0.00978930193875319,5.24344666941176e-13,8.23305352784689e-09,4.85279554390841e-12,2.85742194721093e-19,3.46944695195361e-18,2.76177116831766e-14
NC_k0046,0.0231578947368421,0.0231578947368421,0.512761658068595,-147.27177061702,-60.0836033050228,-143.631780928912,-52.5511400553703,160.705743030541,54.8440489578276,131.249137222107,58.7460227837712,1,800,1.97731787037336,-7.21307424976551,-1.72779960519941,-1.9432401044196,-1.61590063534479e-18,-2.19116835542847e-19,0,1.15421473953199e-19,0.000524564036684518,0.000293326794628132,1,-1.08724280105282e-20,-4.06385862211928e-20,1,-0.00666227389545113,-0.00203310119108945,-0.00203310119108945,0.0148185363540503,-0.00281435699595961,0.00978930193875319,0.00978930193875319,0.00530476659841745,1,0,0,1,-0.00666195440868265,-0.002033202846149,-0.002033202846149,0.0148183188205626,-0.00281423994185466,0.00978979140385013,0.00978979140385013,0.00530468067443253,-21.3336293728886,-3.73847896216193,-7.11901064703702,21.7846977277676,-7.11901064703702,21.7846977277676,26.2261318544322,9.13766500065056,1.73472347597681e-18,6.01494223349606e-19,5.83918208639196e-19,0,0,0,-0.00666227389545113,0.0148185363540504,-0.00203310119108945,-0.0028143569959596,0.00530476659841745,0.00978930193875319,6.17642741354098e-13,9.03937011777375e-09,3.00777682595024e-12,4.06385862211928e-20,5.20417042793042e-18,2.07857605355034e-14
NC_k0047,-0.0268421052631579,-0.0268421052631579,0.557860491135062,-8.00804128431415,76.1118421976771,0.705872702802285,89.2031740694268,3.0546879142025,-88.6667946597429,4.35321267416771,-73.3209288721756,1,800,13.4240975359689,9.03794649564125,7.41247453043143,1.99493091655154,-2.31360432097612e-18,-5.17459044922553e-18,0,3.83940182655673e-18,-0.000450785832905043,0.00100669819164046,1,5.98449778944819e-20,-8.34972090847098e-20,1,-0.00322042004354662,0.0129470972600951,0.0129470972600951,-0.00756834716060175,0.00988741323463333,0.00818138711367098,0.00818138711367098,-0.000160165418325987,1,2.16840434497101e-19,-2.16840434497101e-19,1,-0.00322054182243061,0.0129477446149581,0.0129477446149581,-0.00756836024130781,0.00988734843519902,0.00818179618302666,0.00818179618302666,-0.000159979028293974,-0.884789332973785,41.4925495471716,14.9185643053101,0.420683172177358,14.9185643053101,0.420683172177358,28.4889930793691,-10.4143391515663,1.73472347597681e-18,-4.55393111649148e-20,-4.88356978393996e-19,0,0,0,-0.00322042004354662,-0.00756834716060175,0.0129470972600951,0.00988741323463333,-0.000160165418325989,0.00818138711367098,6.00462208084418e-13,1.14942514048869e-08,2.69710693360063e-12,8.34972090847098e-20,3.46944695195361e-18,5.8311235763139e-14
NC_k0047,-0.0168421052631579,-0.0168421052631579,0.556240449527843,-5.72305568797769,77.4047343051071,0.736008150548117,85.9995897194761,2.13216328787147,-85.5084062663391,3.01152726248669,-74.5556199632062,1,800,8.63768371303346,5.84713189770431,4.77998915154347,1.23484759262073,-4.08587517931793e-19,1.60334072492378e-19,0,1.28566366503402e-18,-0.00044965710217589,0.00100584629275401,1,-2.49033614795357e-19,-6.53005605009533e-20,1,-0.00322042004354662,0.0129470972600951,0.0129470972600951,-0.00756834716060175,0.00988741323463334,0.00818138711367098,0.00818138711367098,-0.000160165418325989,1,2.16840434497101e-19,-2.16840434497101e-19,1,-0.00322054182243061,0.0129477446149581,0.0129477446149581,-0.00756836024130781,0.00988734843519902,0.00818179618302666,0.00818179618302666,-0.000159979028293974,-0.812331211003489,41.484768725166,14.7719036915979,0.458138181354808,14.7719036915979,0.458138181354808,28.543115601254,-10.2718162898977,1.0842021724855e-18,-5.09982168374797e-19,-2.97720483480258e-19,0,0,0,-0.00322042004354662,-0.00756834716060175,0.0129470972600951,0.00988741323463333,-0.000160165418325989,0.00818138711367098,5.83229041940679e-13,1.02907108503059e-08,3.26642006938463e-12,2.49033614795357e-19,3.46944695195361e-18,5.78822840759946e-15
NC_k0047,-0.00684210526315789,-0.00684210526315789,0.555596017409414,-3.12122756880085,79.2770633011222,-0.289615009521185,82.8606705899823,1.60409354104387,-81.7605137980463,1.9917232481036,-77.0320320163992,1,800,3.5445573697614,2.40543530656229,1.9634975831868,0.495953066063292,-3.48117306431717e-19,-4.08157384013266e-19,0,-1.49175736901283e-18,-0.000448900177203771,0.00100565325176451,1,-1.3490411968742e-19,-6.93388418615152e-20,1,-0.00322042004354662,0.0129470972600951,0.0129470972600951,-0.00756834716060175,0.00988741323463333,0.00818138711367098,0.00818138711367098,-0.000160165418325988,1,2.16840434497101e-19,-2.16840434497101e-19,1,-0.00322054182243061,0.0129477446149581,0.0129477446149581,-0.00756836024130781,0.00988734843519902,0.00818179618302666,0.00818179618302666,-0.000159979028293974,-0.77123840920586,41.5091196161075,14.6900703587786,0.476711119427314,14.6900703587786,0.476711119427314,28.5918575473648,-10.1885188016049,1.0842021724855e-18,8.80584049074088e-20,-5.58884388476151e-20,0,0,0,-0.00322042004354662,-0.00756834716060175,0.0129470972600951,0.00988741323463333,-0.000160165418325989,0.00818138711367098,1.35423404632112e-12,3.92902443357711e-09,2.52626159393481e-12,1.3490411968742e-19,2.60208521396521e-18,2.03822102684941e-14
NC_k0047,0.00315789473684211,0.00315789473684211,0.55550519974472,-0.913288072492753,81.792098019591,-2.23365710284187,80.1319754479626,1.75819281487967,-78.1897482707566,1.5771198093705,-80.3898460481187,1,800,-1.63815962226032,-1.11205940080646,-0.907572277612058,-0.228354320460004,-5.6796206091361e-19,-7.74406489472145e-19,0,2.73058275904165e-18,-0.000448773791500537,0.00100564090071957,1,-1.89307396729719e-19,-1.15357098745643e-19,1,-0.00322042004354662,0.0129470972600951,0.0129470972600951,-0.00756834716060175,0.00988741323463333,0.00818138711367098,0.00818138711367098,-0.000160165418325988,1,2.16840434497101e-19,-2.16840434497101e-19,1,-0.00322054182243061,0.0129477446149581,0.0129477446149581,-0.00756836024130781,0.00988734843519902,0.00818179618302666,0.00818179618302666,-0.000159979028293974,-0.764704750491221,41.5143389953243,14.6770630066871,0.479449488483174,14.6770630066871,0.479449488483174,28.6003313553274,-10.1750352327849,1.30104260698261e-18,-4.08508068689001e-19,5.6559822298871e-20,0,0,0,-0.00322042004354662,-0.00756834716060175,0.0129470972600951,0.00988741323463333,-0.000160165418325989,0.00818138711367098,4.15716999766737e-12,8.08443756032338e-09,7.23803574361672e-12,1.89307396729719e-19,1.73472347597681e-18,4.99645649192553e-14
NC_k0047,0.0131578947368421,0.0131578947368421,0.555926453865658,0.478014700116818,84.815740622215,-4.75745809608913,78.0204957819822,2.58025291196534,-75.3414892305799,1.86896025369464,-84.1520021258865,1,800,-6.78212030241298,-4.59647793433966,-3.75493741812843,-0.959944051593865,-1.17979778151703e-18,-1.86887893644311e-18,0,8.10650235191768e-19,-0.000449317735972264,0.00100573340483668,1,-4.93633322078739e-19,1.1550831958532e-19,1,-0.00322042004354662,0.0129470972600951,0.0129470972600951,-0.00756834716060175,0.00988741323463333,0.00818138711367098,0.00818138711367098,-0.000160165418325988,1,2.16840434497101e-19,-2.16840434497101e-19,1,-0.00322054182243061,0.0129477446149581,0.0129477446149581,-0.00756836024130781,0.00988734843519902,0.00818179618302666,0.00818179618302666,-0.000159979028293974,-0.793370230924053,41.49416163679,14.7340940255692,0.467008438883069,14.7340940255692,0.467008438883069,28.5645673063813,-10.2336515232541,1.73472347597681e-18,1.99965347263218e-19,-1.70987674001159e-19,0,0,0,-0.00322042004354662,-0.00756834716060175,0.0129470972600951,0.00988741323463333,-0.000160165418325989,0.00818138711367098,9.10687580755122e-13,9.80812724760065e-09,2.0480036248736e-12,4.93633322078739e-19,3.46944695195361e-18,3.05551429665726e-14
NC_k0047,0.0231578947368421,0.0231578947368421,0.557085607849086,0.838457705536566,88.0386320081589,-7.2577374337687,76.5298153246632,3.84492121167044,-73.6114836497131,2.70071740382555,-87.6236584719906,1,800,-11.7182643778581,-7.90839883226642,-6.47679885934106,-1.71362379987977,-1.08870203501779e-18,4.90018486153963e-18,0,-7.70537931183357e-18,-0.000450353557485087,0.00100625432338752,1,-6.61793379063416e-20,-6.48120029267664e-20,1,-0.00322042004354662,0.0129470972600951,0.0129470972600951,-0.00756834716060175,0.00988741323463333,0.00818138711367098,0.00818138711367098,-0.000160165418325989,1,2.16840434497101e-19,-2.16840434497101e-19,1,-0.00322054182243061,0.0129477446149581,0.0129477446149581,-0.00756836024130781,0.00988734843519902,0.00818179618302666,0.00818179618302666,-0.000159979028293974,-0.854585586341782,41.4790956591347,14.8568939813842,0.436698841289354,14.8568939813842,0.436698841289354,28.5048238498341,-10.355496563172,1.0842021724855e-18,-4.57342046765483e-19,5.22359947825804e-19,0,0,0,-0.00322042004354662,-0.00756834716060175,0.0129470972600951,0.00988741323463333,-0.000160165418325989,0.00818138711367098,1.02712735149659e-12,8.70980894130676e-09,4.08569141237452e-12,6.61793379063416e-20,5.20417042793042e-18,2.37156620219461e-14
NC_k0048,-0.0268421052631579,-0.0268421052631579,0.49378943670825,-83.2460667858466,44.4631280963456,-81.0461768814702,74.2414856070449,70.1495100329336,-56.2375166359179,90.9445770857934,-62.2486509254059,1,800,11.4628553447946,-1.73697832397385,3.2095394168708,3.40723956685294,-2.54565164385439e-18,1.3960691157527e-18,0,-6.47556688175913e-19,-0.000877208280761102,-0.000569302931740111,1,5.15950939398709e-20,-7.87966857995468e-21,1,-0.00959817720777239,0.0143184260441408,0.0143184260441408,0.00264488798011918,-0.00547214519221274,-0.00197937105098254,-0.00197937105098254,-0.00787400499854833,1,-2.71050543121376e-20,0,1,-0.00959806762751522,0.0143191419654431,0.0143191419654431,0.00264469148374666,-0.00547225862889901,-0.00197947001953509,-0.00197947001953509,-0.00787405838873945,-13.8802734770734,46.8939319538501,8.78983011582834,7.87356650685146,8.78983011582834,7.87356650685146,-12.0346546770697,-9.66317638917506,1.73472347597681e-18,-4.65547577906269e-20,-5.35155379237329e-19,0,0,0,-0.00959817720777239,0.00264488798011918,0.0143184260441408,-0.00547214519221274,-0.00787400499854834,-0.00197937105098254,4.55368615896216e-13,1.15966761703909e-08,1.53710757571005e-12,5.15950939398709e-20,3.46944695195361e-18,5.50851478003313e-15
NC_k0048,-0.0168421052631579,-0.0168421052631579,0.492359912688122,-81.6039097897285,49.6204498219069,-79.3803276050368,68.9096897315328,72.1185479578195,-57.697768558205,85.6755740087609,-60.632734273286,1,800,7.33079108961595,-1.04203848884657,2.07528835825389,2.13599979899977,-9.87296309363692e-19,-4.43620271234639e-19,0,-9.73995245113839e-19,-0.000874095690738279,-0.000570071843434604,1,-3.80227167488629e-19,-4.31595680942058e-20,1,-0.00959817720777239,0.0143184260441408,0.0143184260441408,0.00264488798011918,-0.00547214519221273,-0.00197937105098254,-0.00197937105098254,-0.00787400499854833,1,-2.71050543121376e-20,0,1,-0.00959806762751522,0.0143191419654431,0.0143191419654431,0.00264469148374666,-0.00547225862889901,-0.00197947001953509,-0.00197947001953509,-0.00787405838873945,-13.7717864522111,46.8549193689617,8.6658636813744,7.8239063223127,8.6658636813744,7.8239063223127,-11.9848398970656,-9.65925498637691,1.73472347597681e-18,5.75365405669289e-20,-1.60694712395774e-19,0,0,0,-0.00959817720777239,0.00264488798011918,0.0143184260441408,-0.00547214519221274,-0.00787400499854834,-0.00197937105098254,6.66849452162685e-13,8.18646307510773e-09,2.31766639531958e-12,3.80227167488629e-19,5.20417042793042e-18,6.06568459226579e-14
NC_k0048,-0.00684210526315789,-0.00684210526315789,0.491852046019553,-80.0553357991843,55.1858083223525,-78.9639276528306,63.147338510194,75.1058351107619,-58.5731598592034,80.729818346069,-59.5705924237241,1,800,2.99655869849541,-0.413088384288986,0.852545203688122,0.865230412664545,4.42779855732285e-19,-7.48373461233876e-19,0,-1.14124454752716e-18,-0.000872457290216439,-0.000570250197862867,1,-1.7965939044624e-19,4.77972952443357e-20,1,-0.00959817720777239,0.0143184260441408,0.0143184260441408,0.00264488798011918,-0.00547214519221274,-0.00197937105098254,-0.00197937105098254,-0.00787400499854834,1,-2.71050543121376e-20,0,1,-0.00959806762751522,0.0143191419654431,0.0143191419654431,0.00264469148374666,-0.00547225862889901,-0.00197947001953509,-0.00197947001953509,-0.00787405838873945,-13.7242775419024,46.8654341645662,8.59609369259115,7.79920653614463,8.59609369259115,7.79920653614463,-11.9706031133189,-9.65310043596046,1.73472347597681e-18,-1.87660840573432e-19,2.26999395728273e-19,0,0,0,-0.00959817720777239,0.00264488798011918,0.0143184260441408,-0.00547214519221274,-0.00787400499854834,-0.00197937105098254,1.06585250569105e-12,4.98537429775156e-09,2.22462331855216e-12,1.7965939044624e-19,5.20417042793042e-18,2.49423876984753e-14
NC_k0048,0.00315789473684211,0.00315789473684211,0.491785109576854,-79.0925676880526,60.9883976037398,-79.6094419279621,57.3052934120042,79.0616469373961,-59.2758564497537,76.4579022972122,-58.8296249301587,1,800,-1.38396853207849,0.18990391151214,-0.394041324786892,-0.399040897954085,-4.63783625846232e-19,-4.305375826665e-19,0,3.19225541996464e-18,-0.000872209319392268,-0.000570262792037396,1,-2.31258072113758e-19,6.53997620695549e-20,1,-0.00959817720777239,0.0143184260441408,0.0143184260441408,0.00264488798011918,-0.00547214519221274,-0.00197937105098254,-0.00197937105098254,-0.00787400499854833,1,-2.71050543121376e-20,0,1,-0.00959806762751522,0.0143191419654431,0.0143191419654431,0.00264469148374666,-0.00547225862889901,-0.00197947001953509,-0.00197947001953509,-0.00787405838873945,-13.7174780471578,46.8686309292877,8.58502102046564,7.79543194422389,8.58502102046564,7.79543194422389,-11.9691697944402,-9.65169250742848,2.16840434497101e-18,-1.2120049911908e-19,-4.33295040379077e-19,0,0,0,-0.00959817720777239,0.00264488798011918,0.0143184260441408,-0.00547214519221274,-0.00787400499854834,-0.00197937105098254,7.68429780474319e-12,8.80666312951437e-09,2.83238003378285e-12,2.31258072113758e-19,6.93889390390723e-18,1.3319467624639e-14
NC_k0048,0.0131578947368421,0.0131578947368421,0.492106114876661,-79.0886317936672,66.8169539359673,-80.9945561687369,51.6339108680992,83.7956657704764,-60.1875072838663,73.100305561198,-58.0684099445301,1,800,-5.74576415856672,0.804860160093733,-1.63049831949605,-1.66687055813331,4.90729861480759e-19,2.25681340884068e-19,0,1.26330993616039e-18,-0.000873325011074638,-0.000570176873297657,1,-7.06640272974839e-19,-6.96719476146936e-20,1,-0.00959817720777239,0.0143184260441408,0.0143184260441408,0.00264488798011918,-0.00547214519221274,-0.00197937105098254,-0.00197937105098254,-0.00787400499854834,1,-2.71050543121376e-20,0,1,-0.00959806762751522,0.0143191419654431,0.0143191419654431,0.00264469148374666,-0.00547225862889901,-0.00197947001953509,-0.00197947001953509,-0.00787405838873945,-13.7487769234096,46.8576580676927,8.63363042329698,7.81225754559191,8.63363042329698,7.81225754559191,-11.9771235443328,-9.65699675293773,2.60208521396521e-18,3.32933307873033e-20,4.7625117192933e-19,0,0,0,-0.00959817720777239,0.00264488798011918,0.0143184260441408,-0.00547214519221274,-0.00787400499854834,-0.00197937105098254,1.00368590146789e-12,7.89470068484144e-09,2.33054702562155e-12,7.06640272974839e-19,5.20417042793042e-18,7.41117113898844e-14
NC_k0048,0.0231578947368421,0.0231578947368421,0.493086802642164,-80.282148678561,72.3509814380683,-82.6618374422277,46.3001417981675,88.9906470791759,-61.5785594790229,70.7575326143275,-56.8619141106529,1,800,-9.98274506490435,1.47120146755548,-2.80880938712511,-2.94089330047959,4.65431369626437e-19,-6.0181690902418e-19,0,-1.33476510619517e-18,-0.000875893873700639,-0.000569698268831936,1,-2.8033397320063e-20,8.3609261138677e-21,1,-0.00959817720777239,0.0143184260441408,0.0143184260441408,0.00264488798011918,-0.00547214519221273,-0.00197937105098254,-0.00197937105098254,-0.00787400499854833,1,-2.71050543121376e-20,0,1,-0.00959806762751522,0.0143191419654431,0.0143191419654431,0.00264469148374666,-0.00547225862889901,-0.00197947001953509,-0.00197947001953509,-0.00787405838873945,-13.8307238422518,46.8661861764774,8.73802153332062,7.85169302876371,8.73802153332062,7.85169302876371,-12.0098008378766,-9.66186417236383,1.73472347597681e-18,-8.68959905724474e-20,-8.02469770950175e-19,0,0,0,-0.00959817720777239,0.00264488798011918,0.0143184260441408,-0.00547214519221274,-0.00787400499854834,-0.00197937105098254,8.05546706810747e-13,7.84173375474062e-09,2.19950680299669e-12,2.8033397320063e-20,4.33680868994202e-18,1.26088325718439e-14
NC_k0049,-0.0268421052631579,-0.0268421052631579,0.248884452950459,44.1991362926856,-25.6036520230373,75.9434905563607,-42.5352442826042,-46.451600842851,20.3094988079448,-73.3035791559918,48.589329240949,1,800,12.5294452106417,7.3105727254796,6.54720591892003,-2.61012945541795,-2.62291693051175e-18,1.1730744574982e-18,0,-1.34187224201822e-18,-0.000351352945728626,-0.000480335006304811,1,3.48062489438115e-20,-1.85431480969787e-19,1,0.00157454726667927,0.00976867116296737,0.00976867116296737,-0.0112931204706938,-0.0126793367371587,0.00350337763604774,0.00350337763604774,-0.00123290700954228,1,-4.33680868994202e-19,4.33680868994202e-19,1,0.00157432567975003,0.00976915959652552,0.00976915959652552,-0.0112930203659296,-0.0126792806083105,0.00350355280492954,0.00350355280492954,-0.00123313704143729,9.1484321129383,36.4303541446423,-4.22769536111068,-8.43760364453505,-4.22769536111068,-8.43760364453505,15.914698397933,5.10927010518169,8.67361737988404e-19,-1.83754311241321e-19,2.97780718227184e-19,0,0,0,0.00157454726667927,-0.0112931204706938,0.00976867116296737,-0.0126793367371587,-0.00123290700954228,0.00350337763604774,5.66354005695892e-13,1.02912465824536e-08,1.23541225582042e-12,1.85431480969787e-19,1.73472347597681e-18,1.27132714907328e-14
NC_k0049,-0.0168421052631579,-0.0168421052631579,0.248038192287359,51.0980523055958,-29.7391021869643,71.6504145805816,-40.0956779574107,-52.8031888545303,26.0794324115417,-69.5325962787829,44.5265802999896,1,800,8.05477458496046,4.7592121930258,4.22861563673546,-1.6565513088434,5.54674231553558e-19,1.5689051960232e-18,0,-1.99317440400778e-19,-0.000351837784455649,-0.00048142078428087,1,-2.18305632375096e-19,-1.73775592400885e-19,1,0.00157454726667927,0.00976867116296737,0.00976867116296737,-0.0112931204706938,-0.0126793367371587,0.00350337763604774,0.00350337763604774,-0.00123290700954228,1,-4.33680868994202e-19,4.33680868994202e-19,1,0.00157432567975003,0.00976915959652552,0.00976915959652552,-0.0112930203659296,-0.0126792806083105,0.00350355280492954,0.00350355280492954,-0.00123313704143729,9.11823979795794,36.3745292531181,-4.17690220905448,-8.32702284976015,-4.17690220905448,-8.32702284976015,15.862505575729,5.03429360556367,1.0842021724855e-18,-4.81285906925331e-19,1.09889289561487e-19,0,0,0,0.00157454726667927,-0.0112931204706938,0.00976867116296737,-0.0126793367371587,-0.00123290700954228,0.00350337763604774,9.71482670262887e-13,1.12998955686996e-08,2.06513298979833e-12,2.18305632375096e-19,5.20417042793042e-18,5.0243284457498e-14
NC_k0049,-0.00684210526315789,-0.00684210526315789,0.247752842753895,57.9394753375446,-33.3811306323426,66.4160931441154,-37.5167118085562,-58.5901381275729,32.016570016638,-65.3395622846622,39.6574322910067,1,800,3.30647696507433,1.96736668783841,1.74036840546116,-0.675812244288476,-9.47723988859155e-19,-1.58537436201913e-20,0,1.15376475327876e-18,-0.000352065683814802,-0.000481859997870178,1,-1.28330013496477e-19,8.53242576587542e-21,1,0.00157454726667926,0.00976867116296737,0.00976867116296737,-0.0112931204706938,-0.0126793367371587,0.00350337763604774,0.00350337763604774,-0.00123290700954228,1,-4.33680868994202e-19,4.33680868994202e-19,1,0.00157432567975003,0.00976915959652552,0.00976915959652552,-0.0112930203659296,-0.0126792806083105,0.00350355280492954,0.00350355280492954,-0.00123313704143729,9.106103829673,36.3716631300976,-4.1533221769198,-8.26971415774572,-4.1533221769198,-8.26971415774572,15.8482315158621,5.00065657612527,1.0842021724855e-18,6.01477018265237e-19,-1.51850289930642e-19,0,0,0,0.00157454726667927,-0.0112931204706938,0.00976867116296737,-0.0126793367371587,-0.00123290700954228,0.00350337763604774,1.75175711276782e-12,7.99168463891282e-09,4.78635679379035e-12,1.28330013496477e-19,3.90312782094782e-18,7.98768853425487e-14
NC_k0049,0.00315789473684211,0.00315789473684211,0.247717505418633,64.2682357056605,-36.4876553240074,60.3476322263532,-34.5841742361881,-63.6498512960379,37.6923873440203,-60.538421824491,34.1560710236784,1,800,-1.52825829666799,-0.910300294101397,-0.804724334953891,0.312116255615025,-9.37956640186129e-19,-1.49379636922277e-18,0,-2.44620468189082e-19,-0.000352097514708659,-0.000481915659526049,1,-1.91401068592558e-19,1.68038242173972e-20,1,0.00157454726667927,0.00976867116296737,0.00976867116296737,-0.0112931204706938,-0.0126793367371587,0.00350337763604774,0.00350337763604774,-0.00123290700954228,1,-4.33680868994202e-19,4.33680868994202e-19,1,0.00157432567975003,0.00976915959652552,0.00976915959652552,-0.0112930203659296,-0.0126792806083105,0.00350355280492954,0.00350355280492954,-0.00123313704143729,9.10442581720388,36.3726564263896,-4.14988987940756,-8.26092047737637,-4.14988987940756,-8.26092047737637,15.8467740270875,4.99590379381769,1.73472347597681e-18,-4.65800668640474e-19,-2.88265330281012e-19,0,0,0,0.00157454726667927,-0.0112931204706938,0.00976867116296737,-0.0126793367371587,-0.00123290700954228,0.00350337763604774,4.45270933563485e-12,9.27682986006297e-09,1.13466652917055e-12,1.91401068592558e-19,3.46944695195361e-18,4.59385620857776e-15
NC_k0049,0.0131578947368421,0.0131578947368421,0.247892503994927,69.8284011610836,-39.173680307257,53.6554094256908,-31.1449959051309,-68.0479172877588,42.8187999811375,-55.0170219726626,28.2735304266137,1,800,-6.32499145990976,-3.7493408511978,-3.3245296626655,1.29695966343461,1.66566382099598e-18,6.26089696918936e-19,0,2.34059026128005e-18,-0.000351949950325029,-0.000481640715119112,1,-4.6938643876627e-19,2.72430438273997e-20,1,0.00157454726667927,0.00976867116296737,0.00976867116296737,-0.0112931204706938,-0.0126793367371587,0.00350337763604774,0.00350337763604774,-0.00123290700954228,1,-4.33680868994202e-19,4.33680868994202e-19,1,0.00157432567975003,0.00976915959652552,0.00976915959652552,-0.0112930203659296,-0.0126792806083105,0.00350355280492954,0.00350355280492954,-0.00123313704143729,9.11229057904174,36.3712089945254,-4.1655719991541,-8.30011145207707,-4.1655719991541,-8.30011145207707,15.8547634194928,5.01793979096739,8.67361737988404e-19,-1.20794799595439e-21,1.87079952094902e-19,0,0,0,0.00157454726667927,-0.0112931204706938,0.00976867116296737,-0.0126793367371587,-0.00123290700954228,0.00350337763604774,8.95060378033992e-13,9.57285762090443e-09,3.07723168158614e-12,4.6938643876627e-19,1.95156391047391e-18,8.15113757880771e-14
NC_k0049,0.0231578947368421,0.0231578947368421,0.248469132314021,74.4721266508639,-41.6390539611391,46.706291591621,-27.1716837272775,-71.9502063236487,47.1936896763343,-48.8301601218869,22.3819897312183,1,800,-10.9301207008868,-6.41038361991828,-5.72236642586559,2.2641331448018,7.30433568108826e-20,-1.89392927411366e-19,0,-8.32474568473367e-21,-0.00035155937431162,-0.000480830238507314,1,-1.1308585662443e-19,-3.72095762261386e-21,1,0.00157454726667927,0.00976867116296736,0.00976867116296736,-0.0112931204706938,-0.0126793367371586,0.00350337763604774,0.00350337763604774,-0.00123290700954228,1,-4.33680868994202e-19,4.33680868994202e-19,1,0.00157432567975003,0.00976915959652552,0.00976915959652552,-0.0112930203659296,-0.0126792806083105,0.00350355280492954,0.00350355280492954,-0.00123313704143729,9.13423774885252,36.3975133586345,-4.20510515299878,-8.39009717626722,-4.20510515299878,-8.39009717626722,15.8881679881048,5.07578802585512,1.73472347597681e-18,-5.05212080497231e-19,-8.74660773272415e-19,0,0,0,0.00157454726667927,-0.0112931204706938,0.00976867116296737,-0.0126793367371587,-0.00123290700954228,0.00350337763604774,8.08818506438631e-13,9.3679364163417e-09,2.07883746713446e-12,1.1308585662443e-19,8.67361737988404e-18,1.76496006020057e-14
NC_k0050,-0.0268421052631579,-0.0268421052631579,0.372353409452789,-145.548877971108,59.661406181138,-172.878861514142,98.9433605700183,129.280963955827,-67.5871354336662,184.950338362236,-91.9873762423687,1,800,-2.59811564841699,-2.36499507731123,-1.63782653949031,6.00615891989273,2.05776066623592e-18,-9.1740078837388e-19,0,-1.37642853928824e-18,-0.00118617842302651,-0.000160085975517468,1,1.66913196370784e-20,4.91628838946168e-20,1,-0.0164440485414028,0.001712164880368,0.001712164880368,0.00689250589615461,0.00645796550210893,0.00163830469021281,0.00163830469021281,-0.00589624972143269,1,0,0,1,-0.0164438165316139,0.00171225048861202,0.00171225048861202,0.00689215449208261,0.00645781458514227,0.00163838660544732,0.00163838660544732,-0.00589609178301877,-26.4442323301177,1.34617449062086,10.3680220685314,18.1420922969713,10.3680220685314,18.1420922969713,-4.07578318110229,-12.6782678854499,8.67361737988404e-19,5.59726245513658e-19,-2.78064551107704e-19,0,0,0,-0.0164440485414028,0.00689250589615461,0.001712164880368,0.00645796550210893,-0.00589624972143269,0.00163830469021281,5.39310854049831e-13,4.68961605588171e-09,2.16566615907591e-12,4.91628838946168e-20,3.46944695195361e-18,1.53554350025215e-14
NC_k0050,-0.0168421052631579,-0.0168421052631579,0.370088589260196,-150.503545827692,66.7647322708887,-167.150919030702,91.8343151399221,138.913749040433,-72.3279834280366,174.518439135784,-87.2638728864632,1,800,-1.64821815430613,-1.5448470361065,-1.05371151283618,3.78215810144868,1.39151631366121e-19,-4.7670087829186e-19,0,1.66571676055518e-18,-0.00118273160613759,-0.000159408954883455,1,2.6156976141885e-20,1.26168012020617e-20,1,-0.0164440485414028,0.001712164880368,0.001712164880368,0.00689250589615461,0.00645796550210893,0.00163830469021281,0.00163830469021281,-0.00589624972143269,1,0,0,1,-0.0164438165316139,0.00171225048861202,0.00171225048861202,0.00689215449208261,0.00645781458514227,0.00163838660544732,0.00163838660544732,-0.00589609178301877,-26.3667852102057,1.34081640199898,10.2311348046831,17.9534725932927,10.2311348046831,17.9534725932927,-3.98495469993199,-12.5649321129735,8.67361737988404e-19,3.98689648148128e-19,-1.70507755050731e-19,0,0,0,-0.0164440485414028,0.00689250589615461,0.001712164880368,0.00645796550210893,-0.00589624972143269,0.00163830469021281,6.50254690095488e-13,5.84393603953002e-09,2.25720525397771e-12,2.6156976141885e-20,3.46944695195361e-18,2.84989028033061e-14
NC_k0050,-0.00684210526315789,-0.00684210526315789,0.368998973386659,-155.307087897271,74.1440686661011,-161.939998014603,84.4092445384485,149.210097690176,-76.793422188938,163.803004545829,-82.7635641332016,1,800,-0.675893257013451,-0.642829440053407,-0.435178490032075,1.53609440906326,-9.42138865363197e-19,-6.16115553092772e-19,0,-1.56653449638763e-18,-0.00118083594904698,-0.000159016139743921,1,4.09634575310548e-21,-3.25857234811977e-20,1,-0.0164440485414028,0.001712164880368,0.001712164880368,0.00689250589615461,0.00645796550210893,0.00163830469021281,0.00163830469021281,-0.00589624972143269,1,0,0,1,-0.0164438165316139,0.00171225048861202,0.00171225048861202,0.00689215449208261,0.00645781458514227,0.00163838660544732,0.00163838660544732,-0.00589609178301877,-26.3385922852032,1.33672094531758,10.1587153420334,17.8543401631446,10.1587153420334,17.8543401631446,-3.9468390925868,-12.5083362216313,8.67361737988404e-19,1.34363705632461e-19,1.72327813214629e-19,0,0,0,-0.0164440485414028,0.00689250589615461,0.001712164880368,0.00645796550210893,-0.00589624972143269,0.00163830469021281,1.86991697408874e-12,4.77039525973478e-09,2.59138408600041e-12,3.25857234811977e-20,3.46944695195361e-18,6.76967142341897e-15
NC_k0050,0.00315789473684211,0.00315789473684211,0.368834582260598,-160.1160028641,81.6423457428192,-157.064652607759,76.8992624616786,159.844576153581,-81.1469722490481,153.100898552345,-78.3992896768627,1,800,0.312488972478421,0.297790415429497,0.201392198009623,-0.708814096450976,-8.90258097343871e-19,-8.58911260850562e-20,0,1.94319946011977e-18,-0.00118054375125582,-0.000158956565846656,1,-4.82790772497533e-20,-9.58428223830201e-21,1,-0.0164440485414028,0.001712164880368,0.001712164880368,0.00689250589615461,0.00645796550210893,0.00163830469021281,0.00163830469021281,-0.00589624972143269,1,0,0,1,-0.0164438165316139,0.00171225048861202,0.00171225048861202,0.00689215449208261,0.00645781458514227,0.00163838660544732,0.00163838660544732,-0.00589609178301877,-26.3347917693375,1.33594088206794,10.1475096413293,17.8389802943538,10.1475096413293,17.8389802943538,-3.94170800298516,-12.4997252870218,6.50521303491303e-19,-1.6148113062097e-19,1.37413286949997e-19,0,0,0,-0.0164440485414028,0.00689250589615461,0.001712164880368,0.00645796550210893,-0.00589624972143269,0.00163830469021281,9.73368052184012e-12,4.91693842187561e-09,2.32159831829059e-12,4.82790772497533e-20,2.60208521396521e-18,5.64390724539322e-14
NC_k0050,0.0131578947368421,0.0131578947368421,0.369572818812271,-165.180057096494,89.1219321720751,-152.28828421393,69.4620773693535,170.587447884727,-85.5826552856631,142.652979054844,-73.999295054438,1,800,1.29295252567497,1.22038315064931,0.829400773186985,-2.95506748120213,8.29906999852002e-19,-4.23268319443384e-19,0,3.89473690081408e-18,-0.00118184543624935,-0.000159226837498229,1,-1.17920813131388e-19,2.01239545945769e-20,1,-0.0164440485414028,0.001712164880368,0.001712164880368,0.00689250589615461,0.00645796550210893,0.00163830469021281,0.00163830469021281,-0.00589624972143269,1,0,0,1,-0.0164438165316139,0.00171225048861202,0.00171225048861202,0.00689215449208261,0.00645781458514227,0.00163838660544732,0.00163838660544732,-0.00589609178301877,-26.3527978704306,1.33907198510499,10.1972786997302,17.9071030589474,10.1972786997302,17.9071030589474,-3.96606118283697,-12.5382506237428,4.33680868994202e-19,1.1182708199252e-19,-1.15974332039951e-19,0,0,0,-0.0164440485414028,0.00689250589615461,0.001712164880368,0.00645796550210893,-0.00589624972143269,0.00163830469021281,1.57185956665096e-12,4.44150221896056e-09,5.56830122156206e-13,1.17920813131388e-19,8.67361737988404e-19,1.86252408247926e-14
NC_k0050,0.0231578947368421,0.0231578947368421,0.371343175429589,-170.698654171337,96.3782412427199,-147.385918268011,62.2285523699173,181.159745878186,-90.2198534816785,132.716769920972,-69.3666798933664,1,800,2.24942042181231,2.0734659825508,1.42655251343983,-5.19342130019328,4.81591170073273e-19,2.46231816022335e-19,0,3.16949140950719e-19,-0.00118475317965554,-0.000159815284877223,1,1.06398012258916e-19,-4.78168159343986e-20,1,-0.0164440485414028,0.001712164880368,0.001712164880368,0.00689250589615461,0.00645796550210893,0.00163830469021281,0.00163830469021281,-0.00589624972143269,1,0,0,1,-0.0164438165316139,0.00171225048861202,0.00171225048861202,0.00689215449208261,0.00645781458514227,0.00163838660544732,0.00163838660544732,-0.00589609178301877,-26.4063411860467,1.34393911670437,10.3095387563986,18.0611828193814,10.3095387563986,18.0611828193814,-4.03471344362308,-12.6286097393642,8.67361737988404e-19,-4.87681927708327e-19,2.1180538213151e-20,0,0,0,-0.0164440485414028,0.00689250589615461,0.001712164880368,0.00645796550210893,-0.00589624972143269,0.00163830469021281,1.5380675196283e-12,5.23428793869894e-09,4.96443393464273e-12,1.06398012258916e-19,6.93889390390723e-18,2.85521064791471e-14
NC_k0051,-0.0268421052631579,-0.0268421052631579,0.237173272458278,-45.2879223397145,-106.870262388856,-34.2389761023804,-144.195893852355,44.7317857934422,123.38294339668,36.8622216797094,132.455307863856,1,800,2.51350837369144,3.82731348636015,2.09247121381704,-2.12647209564091,9.1644994425975e-20,-6.89895100648827e-19,0,1.0626541175285e-18,0.00100907339173841,0.00143842395964807,1,-3.42306053823069e-20,-1.04672205898161e-19,1,0.00312673908891714,0.000957244486943936,0.000957244486943936,0.0114337576136561,-0.00281773145494278,0.0016217794992341,0.0016217794992341,0.0157482250808751,1,0,0,1,0.00312693392975309,0.000957292349168283,0.000957292349168283,0.0114337447790289,-0.00281741856490092,0.00162186058820906,0.00162186058820906,0.0157480738220036,-4.44366994054227,11.4064841315672,-13.0003739985066,7.81032265503353,-13.0003739985066,7.81032265503353,3.72453019431169,21.9152695809156,6.50521303491303e-19,7.41557499679745e-19,3.30082564746979e-19,0,0,0,0.00312673908891714,0.0114337576136561,0.000957244486943936,-0.00281773145494278,0.0157482250808751,0.0016217794992341,1.49843175283187e-12,7.83628134969792e-09,6.57860543866581e-13,1.04672205898161e-19,5.20417042793042e-18,3.80336366808205e-14
NC_k0051,-0.0168421052631579,-0.0168421052631579,0.237069406210732,-43.2071298021571,-112.83967431888,-36.1272775921842,-137.056605013228,43.3003527653215,124.643764634474,38.121793422886,130.072354970595,1,800,1.64357468280357,2.42154682645318,1.34149009805474,-1.3454615982756,7.98374874901481e-19,-1.19087538428034e-19,0,2.45110986292326e-18,0.0010093317978122,0.00143565048833757,1,-1.35860470150831e-20,3.89309912231654e-20,1,0.00312673908891714,0.000957244486943935,0.000957244486943935,0.0114337576136561,-0.00281773145494278,0.0016217794992341,0.0016217794992341,0.0157482250808751,1,0,0,1,0.00312693392975309,0.000957292349168283,0.000957292349168283,0.0114337447790289,-0.00281741856490092,0.00162186058820906,0.00162186058820906,0.0157480738220036,-4.39937138920607,11.3764451678489,-12.8566157101806,7.76447184678708,-12.8566157101806,7.76447184678708,3.79721152888829,21.9426191575323,8.67361737988404e-19,1.09618902814166e-20,1.63081553161897e-19,0,0,0,0.00312673908891714,0.0114337576136561,0.000957244486943936,-0.00281773145494278,0.0157482250808751,0.0016217794992341,9.87742404203589e-13,5.20477877164649e-09,1.92285599003656e-12,3.89309912231654e-20,3.46944695195361e-18,4.68311387104194e-16
NC_k0051,-0.00684210526315789,-0.00684210526315789,0.237130713574635,-41.0622555900058,-119.699366852059,-38.1698074269039,-129.694086172268,41.7408349943605,126.055063235911,39.588345603288,128.182467704351,1,800,0.681012255579715,0.987349550854701,0.550559396123356,-0.548412608300352,3.41989552453924e-19,8.42069863578982e-19,0,1.14690329009764e-18,0.00100955838608393,0.00143419010638942,1,-9.14535812899494e-20,-1.64386349003258e-20,1,0.00312673908891715,0.000957244486943936,0.000957244486943936,0.0114337576136561,-0.00281773145494277,0.0016217794992341,0.0016217794992341,0.0157482250808751,1,0,0,1,0.00312693392975309,0.000957292349168283,0.000957292349168283,0.0114337447790289,-0.00281741856490092,0.00162186058820906,0.00162186058820906,0.0157480738220036,-4.37365826159526,11.3752996147542,-12.7810530025361,7.7394101829937,-12.7810530025361,7.7394101829937,3.83748225467209,21.9709257528859,1.30104260698261e-18,-1.75108985404811e-19,4.92280219045261e-20,0,0,0,0.00312673908891714,0.0114337576136561,0.000957244486943936,-0.00281773145494278,0.0157482250808751,0.0016217794992341,7.32082980932884e-12,4.59593601763945e-09,3.01178545009026e-12,9.14535812899494e-20,6.50521303491303e-18,7.81877818851355e-14
NC_k0051,0.00315789473684211,0.00315789473684211,0.237144796325605,-38.9406760010497,-126.971934035319,-40.2754617586702,-122.348350263405,40.1583086396483,127.570439918753,41.1553655291832,126.595839906495,1,800,-0.315171768446122,-0.455978052918172,-0.254479441050225,0.253214542175392,1.62140634950194e-19,-1.06180873894247e-18,0,4.54599522223117e-18,0.00100959741131101,0.00143396713956851,1,-7.12869733323888e-20,-7.41814987189993e-20,1,0.00312673908891715,0.000957244486943936,0.000957244486943936,0.0114337576136561,-0.00281773145494278,0.0016217794992341,0.0016217794992341,0.0157482250808751,1,0,0,1,0.00312693392975309,0.000957292349168283,0.000957292349168283,0.0114337447790289,-0.00281741856490092,0.00162186058820906,0.00162186058820906,0.0157480738220036,-4.36950104983575,11.3760543242594,-12.7693641506792,7.73541499835154,-12.7693641506792,7.73541499835154,3.84376552450257,21.9758889030628,9.75781955236954e-19,8.12280184564521e-19,9.36536477511114e-19,0,0,0,0.00312673908891714,0.0114337576136561,0.000957244486943936,-0.00281773145494278,0.0157482250808751,0.0016217794992341,6.91901890647241e-12,4.69316181454238e-09,6.33817603842657e-12,7.41814987189993e-20,6.93889390390723e-18,6.76494823179949e-14
NC_k0051,0.0131578947368421,0.0131578947368421,0.237091231817081,-36.8692558750233,-134.358701153206,-42.4182377747086,-115.29562983814,38.6446456437737,129.330078034617,42.7350757562564,125.155453439362,1,800,-1.29624172178455,-1.89519318826402,-1.05317352031605,1.05282243349445,6.92932507858121e-19,4.17203431192145e-19,0,-1.8775965929188e-18,0.00100943122258004,0.00143496216100636,1,-6.19021981568139e-20,5.23563657176665e-20,1,0.00312673908891715,0.000957244486943936,0.000957244486943936,0.0114337576136561,-0.00281773145494278,0.0016217794992341,0.0016217794992341,0.0157482250808751,1,0,0,1,0.00312693392975309,0.000957292349168283,0.000957292349168283,0.0114337447790289,-0.00281741856490092,0.00162186058820906,0.00162186058820906,0.0157480738220036,-4.38756177503974,11.3745929432099,-12.8212493202931,7.75288645977153,-12.8212493202931,7.75288645977153,3.81600790564573,21.9550055985937,8.67361737988404e-19,-2.47988724365465e-19,2.39403253574136e-19,0,0,0,0.00312673908891714,0.0114337576136561,0.000957244486943936,-0.00281773145494278,0.0157482250808751,0.0016217794992341,4.78723890177514e-12,6.5420726661218e-09,3.8885873774361e-12,6.19021981568139e-20,3.90312782094782e-18,2.29451455415288e-14
NC_k0051,0.0231578947368421,0.0231578947368421,0.237084185343318,-34.9052047629816,-141.603731876688,-44.5380914278449,-108.920823749251,37.2933096316713,131.505799144773,44.2259342888064,123.811328942405,1,800,-2.20824578307592,-3.31472575898914,-1.82258060888148,1.84180255797229,-5.33683696329413e-19,4.22245924206269e-19,0,-8.2191312641229e-19,0.00100915335083814,0.00143725768854196,1,-8.57747778998754e-20,-8.52490810073033e-21,1,0.00312673908891714,0.000957244486943936,0.000957244486943936,0.0114337576136561,-0.00281773145494278,0.0016217794992341,0.0016217794992341,0.0157482250808751,1,0,0,1,0.00312693392975309,0.000957292349168283,0.000957292349168283,0.0114337447790289,-0.00281741856490092,0.00162186058820906,0.00162186058820906,0.0157480738220036,-4.42539708859358,11.3893552474687,-12.9388444599176,7.79078649280255,-12.9388444599176,7.79078649280255,3.75464367677622,21.9217324638289,1.0842021724855e-18,9.71548998774886e-19,9.97648895248814e-19,0,0,0,0.00312673908891714,0.0114337576136561,0.000957244486943936,-0.00281773145494278,0.0157482250808751,0.0016217794992341,2.04666367824751e-12,5.30615032547872e-09,3.77967822337477e-12,8.57747778998754e-20,4.77048955893622e-18,2.39994624397425e-14
NC_k0052,-0.0268421052631579,-0.0268421052631579,0.675821660138354,107.317283759337,54.5469451681946,102.474814739727,74.3004938845965,-95.7376201676261,-61.0721857807804,-117.139114725926,-68.74583475082,1,800,1.18909129854305,-14.3242578271558,-4.33460495444219,-0.982828193060822,-3.17205897812855e-18,8.04522481213975e-19,0,-4.00752463169691e-20,-0.000876191774953212,-0.000333198303229359,1,-2.02041257127035e-20,2.31228274408686e-19,1,0.00261780353728338,0.00293059111048586,0.00293059111048586,-0.0105468976187944,0.00302736868501016,-0.015038295014095,-0.015038295014095,-0.00616493413720396,1,0,0,1,0.00261758942168092,0.00293073764004138,0.00293073764004138,-0.010546782616868,0.0030272341714408,-0.0150390469288457,-0.0150390469288457,-0.00616483884320276,14.3905811898337,6.38777532462354,8.45884643650889,-18.3269871878031,8.45884643650889,-18.3269871878031,-47.2763680284892,-10.5432951216018,2.60208521396521e-18,-6.31549960773931e-19,-3.17536787933115e-19,0,0,0,0.00261780353728338,-0.0105468976187944,0.00293059111048586,0.00302736868501016,-0.00616493413720396,-0.015038295014095,2.95710532228908e-13,1.35029965335261e-08,3.01803874176756e-12,2.31228274408686e-19,6.93889390390723e-18,1.26493686039356e-14
NC_k0052,-0.0168421052631579,-0.0168421052631579,0.673291729786621,106.886209996176,58.8965987843761,102.973892909652,71.7112927261239,-99.5910448177916,-63.2389626267292,-113.349151435426,-68.4010975651499,1,800,0.666149026671923,-9.12637129544254,-2.79187334869427,-0.605410878555364,-2.0356451653787e-18,-1.86323425594305e-18,0,-1.11117487789963e-18,-0.000875167303241281,-0.000333860164551267,1,-6.16168615405222e-20,9.37615628141859e-20,1,0.00261780353728338,0.00293059111048586,0.00293059111048586,-0.0105468976187944,0.00302736868501016,-0.015038295014095,-0.015038295014095,-0.00616493413720395,1,0,0,1,0.00261758942168092,0.00293073764004138,0.00293073764004138,-0.010546782616868,0.0030272341714408,-0.0150390469288457,-0.0150390469288457,-0.00616483884320276,14.3298853972866,6.35153420874059,8.32537846027995,-18.1314440780469,8.32537846027995,-18.1314440780469,-47.2976332005091,-10.6541867751907,1.30104260698261e-18,-4.75050311704671e-19,-4.47601226619803e-19,0,0,0,0.00261780353728338,-0.0105468976187944,0.00293059111048586,0.00302736868501016,-0.00616493413720396,-0.015038295014095,6.10780296087843e-13,7.77999014670041e-09,2.92559702480202e-12,9.37615628141859e-20,4.33680868994202e-18,9.23410857856703e-15
NC_k0052,-0.00684210526315789,-0.00684210526315789,0.672115747295892,105.81024136035,63.2837637520215,104.034464678806,68.5593992488808,-103.631404172582,-65.3761529199573,-109.28764240629,-67.5333954071648,1,800,0.252952853348058,-3.72627266945271,-1.14619553931452,-0.242200786099189,7.91631698547949e-19,3.19993165604914e-19,0,1.2010794843168e-18,-0.000874931551779617,-0.000334173964611106,1,-1.58424265444064e-20,-5.03198028645616e-20,1,0.00261780353728338,0.00293059111048585,0.00293059111048585,-0.0105468976187944,0.00302736868501016,-0.015038295014095,-0.015038295014095,-0.00616493413720396,1,0,0,1,0.00261758942168092,0.00293073764004138,0.00293073764004138,-0.010546782616868,0.0030272341714408,-0.0150390469288457,-0.0150390469288457,-0.00616483884320276,14.2904335182195,6.33357135220905,8.25284757986368,-18.0229091906073,8.25284757986368,-18.0229091906073,-47.3398016841193,-10.7156372472124,1.73472347597681e-18,-2.31306439853659e-19,-4.94795395763756e-19,0,0,0,0.00261780353728338,-0.0105468976187944,0.00293059111048586,0.00302736868501016,-0.00616493413720396,-0.015038295014095,2.91973844032048e-12,3.75106228013739e-09,1.0774131361735e-12,5.03198028645616e-20,4.33680868994202e-18,2.29604798048213e-14
NC_k0052,0.00315789473684211,0.00315789473684211,0.671938510226317,104.502159730649,67.2449897265351,105.334070108045,64.8053497413924,-107.761864590523,-67.0592178186026,-105.146908669083,-66.0611248409689,1,800,-0.115521322646422,1.72081628116718,0.529747336311831,0.111460061324069,-1.45286002788814e-18,-3.57482314454797e-18,0,-2.35792796691916e-19,-0.000874914407062231,-0.000334218399112519,1,-9.12553876111281e-20,-7.15542543769585e-21,1,0.00261780353728338,0.00293059111048586,0.00293059111048586,-0.0105468976187944,0.00302736868501016,-0.015038295014095,-0.015038295014095,-0.00616493413720395,1,0,0,1,0.00261758942168092,0.00293073764004138,0.00293073764004138,-0.010546782616868,0.0030272341714408,-0.0150390469288457,-0.0150390469288457,-0.00616483884320276,14.283653261986,6.33083929962122,8.24152008408174,-18.0057086342718,8.24152008408174,-18.0057086342718,-47.3478171000646,-10.7250957525926,2.60208521396521e-18,1.07646242645236e-19,-6.44953034283276e-19,0,0,0,0.00261780353728338,-0.0105468976187944,0.00293059111048586,0.00302736868501016,-0.00616493413720396,-0.015038295014095,3.82845252001984e-12,8.05798884306806e-09,4.42544630176921e-12,9.12553876111281e-20,5.20417042793042e-18,2.23056285721613e-14
NC_k0052,0.0131578947368421,0.0131578947368421,0.672734848839747,103.318193747343,70.6206449519228,106.544227597167,60.5430500128631,-111.874414953597,-68.1510946959603,-101.065478523282,-64.0605901455163,1,800,-0.504518122320398,7.14867835522118,2.19257287685726,0.469908547867976,1.52031826120306e-18,-8.27921766381875e-19,0,-2.48221681703893e-18,-0.000875029825823428,-0.000334010170476801,1,-1.48309852970033e-19,-4.56684334440797e-19,1,0.00261780353728338,0.00293059111048585,0.00293059111048585,-0.0105468976187944,0.00302736868501015,-0.015038295014095,-0.015038295014095,-0.00616493413720396,1,0,0,1,0.00261758942168092,0.00293073764004138,0.00293073764004138,-0.010546782616868,0.0030272341714408,-0.0150390469288457,-0.0150390469288457,-0.00616483884320276,14.3123272631919,6.34312300961202,8.29159310338366,-18.0812214764196,8.29159310338366,-18.0812214764196,-47.3152963737546,-10.6829747351438,1.73472347597681e-18,-4.11358658062604e-19,2.88509763514851e-19,0,0,0,0.00261780353728338,-0.0105468976187944,0.00293059111048586,0.00302736868501016,-0.00616493413720396,-0.015038295014095,5.81514984405336e-13,6.37945148928909e-09,1.8987227706122e-12,4.56684334440797e-19,3.46944695195361e-18,4.10927921466302e-14
NC_k0052,0.0231578947368421,0.0231578947368421,0.674670809002015,102.569330877641,73.4033312890462,107.253811614949,56.0964995376895,-115.785090269317,-68.6648577273576,-97.1222523980723,-61.8308245492668,1,800,-0.98040751190166,12.451549435481,3.7854768347811,0.84285046394227,-1.7736737566607e-18,-1.25678513548857e-18,0,-4.01182597088218e-19,-0.000875659837257481,-0.000333495773619129,1,1.77508354193945e-20,-2.57448704480061e-20,1,0.00261780353728338,0.00293059111048586,0.00293059111048586,-0.0105468976187944,0.00302736868501015,-0.015038295014095,-0.015038295014095,-0.00616493413720396,1,0,0,1,0.00261758942168092,0.00293073764004138,0.00293073764004138,-0.010546782616868,0.0030272341714408,-0.0150390469288457,-0.0150390469288457,-0.00616483884320276,14.3660463893295,6.37170455133625,8.40259327630015,-18.2447355618753,8.40259327630015,-18.2447355618753,-47.2742351911931,-10.5889189005668,2.60208521396521e-18,-5.37965123190334e-19,-1.27915498259448e-19,0,0,0,0.00261780353728338,-0.0105468976187944,0.00293059111048586,0.00302736868501016,-0.00616493413720396,-0.015038295014095,3.22245601167046e-13,7.70687319346212e-09,3.01553269083483e-12,2.57448704480061e-20,6.93889390390723e-18,4.32786851869775e-14
NC_k0053,-0.0268421052631579,-0.0268421052631579,0.310056237736417,-13.4415024120225,-128.661090223384,3.18459840747428,-171.978452700084,11.1279959035105,142.642447590386,-3.60356642979656,163.091725902685,1,800,4.49625774196812,0.292205955523634,1.58019302017229,-3.75669665935754,-4.09520577662753e-20,-1.22184502641433e-19,0,1.03858150734198e-18,-0.000955776829480495,0.0013246528668437,1,1.51288196919206e-20,2.95062427359493e-20,1,-0.00534594159204217,0.00258142334671432,0.00258142334671432,-0.00544452772527846,-0.00724818554560279,-0.00326677755462682,-0.00326677755462682,0.0164895800599435,1,1.0842021724855e-19,0,1,-0.00534601026480207,0.00258155241788166,0.00258155241788166,-0.00544459393338503,-0.007247831064817,-0.00326694089350455,-0.00326694089350455,0.0164893410965892,-2.12607928825958,18.723130406028,-16.1812830034665,-2.39720307436109,-16.1812830034665,-2.39720307436109,-12.2741675840918,25.708375096666,6.50521303491303e-19,-4.85897408229504e-21,-2.74842663958944e-19,0,0,0,-0.00534594159204217,-0.00544452772527846,0.00258142334671432,-0.00724818554560279,0.0164895800599435,-0.00326677755462682,1.59359478007608e-12,5.47055741878341e-09,9.85146699942496e-13,2.95062427359493e-20,3.46944695195361e-18,5.01300101498542e-15
NC_k0053,-0.0168421052631579,-0.0168421052631579,0.308948396207365,-9.59841829234873,-135.898805913758,0.772466196417088,-163.538359024173,7.68471915701859,145.997123423014,-1.57672315739971,158.543940806294,1,800,2.92278766311745,0.16659499229145,1.01949627628493,-2.36645783979293,-1.89126575254124e-20,1.67300256739055e-18,0,2.38386835092882e-18,-0.00095349914049453,0.00131997722388254,1,2.77978619734517e-21,8.23233735622352e-20,1,-0.00534594159204217,0.00258142334671432,0.00258142334671432,-0.00544452772527846,-0.00724818554560279,-0.00326677755462682,-0.00326677755462682,0.0164895800599435,1,1.0842021724855e-19,0,1,-0.00534601026480207,0.00258155241788166,0.00258155241788166,-0.00544459393338503,-0.007247831064817,-0.00326694089350455,-0.00326694089350455,0.0164893410965892,-2.21952989030788,18.5734566194885,-16.0462217917249,-2.32351345112769,-16.0462217917249,-2.32351345112769,-12.1979145885939,25.6594012950389,8.67361737988404e-19,-3.58241316399425e-19,-6.27739132752041e-19,0,0,0,-0.00534594159204217,-0.00544452772527846,0.00258142334671432,-0.00724818554560279,0.0164895800599435,-0.00326677755462682,2.18800667307087e-12,8.3536339024998e-09,3.60271524877485e-12,8.23233735622352e-20,3.46944695195361e-18,4.0607170428047e-14
NC_k0053,-0.00684210526315789,-0.00684210526315789,0.308561212452243,-6.1401207837322,-143.758858345421,-1.94683650177273,-155.07250821808,4.56957265714886,149.458345605405,0.80822275012219,154.479697869492,1,800,1.20779374626262,0.0672051833322623,0.420749646766302,-0.961242795960062,-3.19126280322958e-20,-6.27426420788822e-19,0,3.48527588015543e-18,-0.00095232745063566,0.00131748132430119,1,2.97583175827748e-20,6.29472641796626e-20,1,-0.00534594159204218,0.00258142334671432,0.00258142334671432,-0.00544452772527846,-0.00724818554560278,-0.00326677755462682,-0.00326677755462682,0.0164895800599435,1,1.0842021724855e-19,0,1,-0.00534601026480207,0.00258155241788166,0.00258155241788166,-0.00544459393338503,-0.007247831064817,-0.00326694089350455,-0.00326694089350455,0.0164893410965892,-2.27634274790277,18.5152134731223,-15.9768871484874,-2.28322387129462,-15.9768871484874,-2.28322387129462,-12.1686694047062,25.6498403809619,6.50521303491303e-19,-2.26856891303937e-19,-3.27132100705494e-19,0,0,0,-0.00534594159204217,-0.00544452772527846,0.00258142334671432,-0.00724818554560279,0.0164895800599435,-0.00326677755462682,4.67834851878848e-12,3.50686158858715e-09,2.1282735287247e-12,6.29472641796626e-20,2.60208521396521e-18,2.64457712171385e-14
NC_k0053,0.00315789473684211,0.00315789473684211,0.308511342405126,-3.02056945603114,-151.981881553114,-4.95407402470445,-146.75478627926,1.76543889114533,153.077543472356,3.50136631541818,150.765709669713,1,800,-0.55877467483808,-0.0311364110961714,-0.194670658358304,0.443558694406658,-1.68830871744523e-19,6.45353079024071e-19,0,-4.90256052425889e-18,-0.000952150844649552,0.00131709963839022,1,-5.00065379018545e-20,-3.10294070758889e-20,1,-0.00534594159204217,0.00258142334671432,0.00258142334671432,-0.00544452772527846,-0.00724818554560278,-0.00326677755462682,-0.00326677755462682,0.0164895800599435,1,1.0842021724855e-19,0,1,-0.00534601026480207,0.00258155241788166,0.00258155241788166,-0.00544459393338503,-0.007247831064817,-0.00326694089350455,-0.00326694089350455,0.0164893410965892,-2.28550675403111,18.5075640806402,-15.9662089457656,-2.27694022822847,-15.9662089457656,-2.27694022822847,-12.164786027063,25.6491292798415,6.50521303491303e-19,-5.26113767964012e-19,1.76344649639978e-19,0,0,0,-0.00534594159204217,-0.00544452772527846,0.00258142334671432,-0.00724818554560279,0.0164895800599435,-0.00326677755462682,7.03726134493852e-12,6.32116543782401e-09,1.51236119568353e-12,5.00065379018545e-20,3.46944695195361e-18,2.10520775133396e-14
NC_k0053,0.0131578947368421,0.0131578947368421,0.308752923881356,-0.195953578805948,-160.413303886338,-8.28154339645821,-138.741417602607,-0.735780041071204,156.997890736704,6.49949629830829,147.26222067802,1,800,-2.30213870680311,-0.129214731753055,-0.802346634723536,1.84901081714642,3.96169882576147e-19,2.29099251175137e-18,0,-2.91621532338835e-18,-0.000952945842511824,0.00131880422413767,1,-9.71344211268899e-20,-4.01153283863034e-20,1,-0.00534594159204218,0.00258142334671432,0.00258142334671432,-0.00544452772527846,-0.00724818554560279,-0.00326677755462682,-0.00326677755462682,0.0164895800599435,1,1.0842021724855e-19,0,1,-0.00534601026480207,0.00258155241788166,0.00258155241788166,-0.00544459393338503,-0.007247831064817,-0.00326694089350455,-0.00326694089350455,0.0164893410965892,-2.2455678001769,18.544314949368,-16.0136859849042,-2.3047589368477,-16.0136859849042,-2.3047589368477,-12.1833169112679,25.6538210947224,8.67361737988404e-19,5.37403986345692e-20,-3.44129356522209e-20,0,0,0,-0.00534594159204217,-0.00544452772527846,0.00258142334671432,-0.00724818554560279,0.0164895800599435,-0.00326677755462682,3.88602872016028e-12,4.23217943060472e-09,2.88004736706659e-12,9.71344211268899e-20,3.46944695195361e-18,9.52894948579407e-14
NC_k0053,0.0231578947368421,0.0231578947368421,0.309515152097079,2.33559963547497,-168.882702860288,-11.9816143482667,-131.225540785051,-2.90413195566477,161.351103862461,9.82262322224536,143.85667847565,1,800,-3.93979509248727,-0.238916980254572,-1.37897498400481,3.24885209522848,7.00191844913887e-19,-1.68084423959755e-18,0,1.213626159848e-18,-0.00095479998042981,0.00132269114313896,1,5.60224427079814e-20,1.97131202593305e-20,1,-0.00534594159204217,0.00258142334671432,0.00258142334671432,-0.00544452772527846,-0.00724818554560278,-0.00326677755462682,-0.00326677755462682,0.0164895800599435,1,1.0842021724855e-19,0,1,-0.00534601026480207,0.00258155241788166,0.00258155241788166,-0.00544459393338503,-0.007247831064817,-0.00326694089350455,-0.00326694089350455,0.0164893410965892,-2.16344694974909,18.6532918286406,-16.1227549646926,-2.36621731882546,-16.1227549646926,-2.36621731882546,-12.238134898117,25.6816383305941,9.21571846612679e-19,-9.05870127978341e-19,-5.33213523693467e-20,0,0,0,-0.00534594159204217,-0.00544452772527846,0.00258142334671432,-0.00724818554560279,0.0164895800599435,-0.00326677755462682,1.16274435118925e-12,4.46409311560399e-09,1.71051763932113e-12,5.60224427079814e-20,5.20417042793042e-18,6.88699145369051e-14
NC_k0054,-0.0268421052631579,-0.0268421052631579,0.374305868214985,-69.4131377032851,-102.167680272787,-73.6624947413179,-117.306275679962,60.6434295498682,111.850658623067,77.8563820394326,106.386472283739,1,800,-7.20347631665443,-5.80843966646859,-4.29393227443059,-0.973261850508399,1.75380818706963e-18,-1.02536646987583e-18,0,-1.04972528455429e-18,-0.00131899046207753,-0.000671557536038067,1,-1.84246184568935e-20,2.33060101154262e-20,1,-0.0113430168402953,-0.00634342003889684,-0.00634342003889684,0.000163527106001503,-0.0137305766224986,-0.00563256556312674,-0.00563256556312674,0.00328872632599214,1,-5.42101086242752e-20,0,1,-0.0113429428803068,-0.00634373720989879,-0.00634373720989879,0.000163313402391336,-0.0137304291427761,-0.00563284719140489,-0.00563284719140489,0.00328844832314093,-13.1718098002453,-16.2117015637959,-16.7145045757934,5.25401512976667,-16.7145045757934,5.25401512976667,-24.5989429256005,15.5131134444176,8.67361737988404e-19,1.78668524511322e-19,3.46243117129585e-19,0,0,0,-0.0113430168402953,0.000163527106001503,-0.00634342003889684,-0.0137305766224986,0.00328872632599214,-0.00563256556312674,6.5198749251293e-13,1.78015433040984e-08,1.72628728880953e-12,2.33060101154262e-20,1.73472347597681e-18,2.66947650841729e-14
NC_k0054,-0.0168421052631579,-0.0168421052631579,0.37384582388101,-69.9468535295891,-104.309710775953,-72.9616371634787,-113.914524808833,63.4956902478756,110.584889898547,74.7876107613008,106.38014003176,1,800,-4.59632177050288,-3.77528390722253,-2.76262987364936,-0.598523325937925,-1.05190904137143e-19,1.60188488704569e-18,0,-2.17555118546347e-19,-0.00131684798054663,-0.000672965529235481,1,1.48675924543201e-19,1.09029324114716e-20,1,-0.0113430168402953,-0.00634342003889684,-0.00634342003889684,0.000163527106001504,-0.0137305766224986,-0.00563256556312673,-0.00563256556312673,0.00328872632599214,1,-5.42101086242752e-20,0,1,-0.0113429428803068,-0.00634373720989879,-0.00634373720989879,0.000163313402391336,-0.0137304291427761,-0.00563284719140489,-0.00563284719140489,0.00328844832314093,-13.2774600030267,-16.3162017298084,-16.5818741647565,5.19048066616953,-16.5818741647565,5.19048066616953,-24.5823784268413,15.3996613085937,8.67361737988404e-19,2.25288303571476e-19,3.65316891919356e-19,0,0,0,-0.0113430168402953,0.000163527106001503,-0.00634342003889684,-0.0137305766224986,0.00328872632599214,-0.00563256556312674,9.34299832272244e-13,1.33394284857809e-08,4.05115723859289e-12,1.48675924543201e-19,3.46944695195361e-18,1.51456484569171e-14
NC_k0054,-0.00684210526315789,-0.00684210526315789,0.373746060941194,-70.8888061112794,-106.75751529209,-72.1731618301109,-110.684490599556,66.8667251429936,109.019473474945,71.5445960605615,107.152774654207,1,800,-1.87855253903369,-1.55640955624368,-1.13353749144154,-0.23908364277538,7.95628635267805e-19,2.87687792217778e-18,0,-1.63000902787249e-19,-0.00131581369531064,-0.000673899912523357,1,6.73349646403074e-20,1.16220344552437e-19,1,-0.0113430168402953,-0.00634342003889684,-0.00634342003889684,0.000163527106001503,-0.0137305766224986,-0.00563256556312674,-0.00563256556312674,0.00328872632599214,1,-5.42101086242752e-20,0,1,-0.0113429428803068,-0.00634373720989879,-0.00634373720989879,0.000163313402391336,-0.0137304291427761,-0.00563284719140489,-0.00563284719140489,0.00328844832314093,-13.3466479285807,-16.3796124645601,-16.5100396653169,5.15835042429926,-16.5100396653169,5.15835042429926,-24.5960793462364,15.3396206337093,8.67361737988404e-19,-3.22263510337318e-19,-5.65441262704643e-19,0,0,0,-0.0113430168402953,0.000163527106001503,-0.00634342003889684,-0.0137305766224986,0.00328872632599214,-0.00563256556312674,3.76549222452695e-12,7.01678922979071e-09,6.22962326719334e-12,1.16220344552437e-19,5.20417042793042e-18,1.76746397805088e-14
NC_k0054,0.00315789473684211,0.00315789473684211,0.373735918220923,-71.8469299091386,-109.562481168206,-71.2512814187983,-107.748707323929,70.3050789775789,107.58542919756,68.1398851026712,108.456012424018,1,800,0.867734963861911,0.719717571795473,0.523859336766934,0.109962786835392,2.18508030612008e-19,9.01418418168437e-19,0,-4.34474962382253e-18,-0.00131566302493751,-0.000674055270082016,1,1.16393335428116e-19,1.15395040900352e-19,1,-0.0113430168402953,-0.00634342003889684,-0.00634342003889684,0.000163527106001504,-0.0137305766224986,-0.00563256556312674,-0.00563256556312674,0.00328872632599214,1,-5.42101086242752e-20,0,1,-0.0113429428803068,-0.00634373720989879,-0.00634373720989879,0.000163313402391336,-0.0137304291427761,-0.00563284719140489,-0.00563284719140489,0.00328844832314093,-13.3579824420156,-16.3897141009426,-16.4987073832662,5.15347653908165,-16.4987073832662,5.15347653908165,-24.5994378197909,15.3301887748866,1.30104260698261e-18,-4.20027593758649e-19,-6.58486042479417e-20,0,0,0,-0.0113430168402953,0.000163527106001503,-0.00634342003889684,-0.0137305766224986,0.00328872632599214,-0.00563256556312674,5.07351286672526e-12,8.07077361749251e-09,7.04667698912402e-12,1.16393335428116e-19,3.46944695195361e-18,4.18855771790209e-14
NC_k0054,0.0131578947368421,0.0131578947368421,0.373791180900847,-72.6866699307389,-112.698317569124,-70.2743939211309,-105.173306071882,73.6151089546516,106.58845894696,64.7089011365206,110.018991211758,1,800,3.60196455293121,2.97083310265854,2.16902322634461,0.464145827481009,1.51014063094621e-18,1.01598045146519e-18,0,-2.66947727283113e-18,-0.00131635155857948,-0.000673389622129826,1,1.93485974422107e-19,-5.48350567889199e-20,1,-0.0113430168402953,-0.00634342003889684,-0.00634342003889684,0.000163527106001504,-0.0137305766224986,-0.00563256556312673,-0.00563256556312673,0.00328872632599214,1,-5.42101086242752e-20,0,1,-0.0113429428803068,-0.00634373720989879,-0.00634373720989879,0.000163313402391336,-0.0137304291427761,-0.00563284719140489,-0.00563284719140489,0.00328844832314093,-13.3089137685945,-16.3454936416347,-16.5485360097826,5.17529614086642,-16.5485360097826,5.17529614086642,-24.5870189024728,15.3717379952232,1.2510676630946e-18,-2.97955369066953e-19,2.44550716489459e-19,0,0,0,-0.0113430168402953,0.000163527106001503,-0.00634342003889684,-0.0137305766224986,0.00328872632599214,-0.00563256556312674,2.63410864516295e-12,1.53691634560347e-08,3.14220323449561e-12,1.93485974422107e-19,5.20417042793042e-18,2.42068783669222e-14
NC_k0054,0.0231578947368421,0.0231578947368421,0.374051824562774,-73.4053002936815,-116.045990828258,-69.524290830261,-102.923050120565,76.7417673693313,106.275824496132,61.5908544953589,111.446891144539,1,800,6.26510800157058,5.09313940505763,3.74822164418726,0.834191530519437,3.58056708672154e-19,3.62951343151783e-19,0,5.64540841900091e-18,-0.00131805843716329,-0.000672087918069318,1,8.28645277837704e-20,1.6876889976026e-19,1,-0.0113430168402953,-0.00634342003889684,-0.00634342003889684,0.000163527106001503,-0.0137305766224986,-0.00563256556312674,-0.00563256556312674,0.00328872632599214,1,-5.42101086242752e-20,0,1,-0.0113429428803068,-0.00634373720989879,-0.00634373720989879,0.000163313402391336,-0.0137304291427761,-0.00563284719140489,-0.00563284719140489,0.00328844832314093,-13.2121581341769,-16.2527353975854,-16.658001848838,5.22659882900084,-16.658001848838,5.22659882900084,-24.5845729700246,15.4642138963637,1.19262238973405e-18,-1.14583884368008e-18,-4.20879166036289e-19,0,0,0,-0.0113430168402953,0.000163527106001503,-0.00634342003889684,-0.0137305766224986,0.00328872632599214,-0.00563256556312674,4.56486067074575e-13,1.12225897063795e-08,1.95281023943163e-12,1.6876889976026e-19,8.67361737988404e-18,1.67697620415682e-14
NC_k0055,-0.0268421052631579,-0.0268421052631579,0.555698755699619,-71.4680280828436,91.4638789205163,-77.6891339189773,124.226868981023,65.0108703001214,-101.741593448093,85.4486587443737,-112.097125912202,1,800,9.60362238030462,3.07406900928338,4.18363815856403,4.57189620832449,-1.36991697350622e-18,4.17851940792387e-19,0,1.77969563152009e-18,0.000680476072065533,0.000557250393526567,1,6.50288320082406e-20,4.99875187096085e-20,1,-0.000946888973156344,0.0120044002480288,0.0120044002480288,0.0111505857370525,0.00975143128445296,0.00417145617530866,0.00417145617530866,-0.00426271685200356,1,0,0,1,-0.000946673981617691,0.0120050004680412,0.0120050004680412,0.0111504982917234,0.00975129041206645,0.00417166474811743,0.00417166474811743,-0.00426250737068665,-10.3309049548125,36.2819395639228,17.2309387392736,11.8348920018403,17.2309387392736,11.8348920018403,10.6319238979188,-15.3689876418924,1.73472347597681e-18,8.06321116673614e-19,-4.20731348498633e-19,0,0,0,-0.000946888973156342,0.0111505857370525,0.0120044002480288,0.00975143128445296,-0.00426271685200356,0.00417145617530866,8.40121825396057e-13,9.80379540955374e-09,3.82933033746946e-12,6.50288320082406e-20,5.20417042793042e-18,1.33858393395601e-14
NC_k0055,-0.0168421052631579,-0.0168421052631579,0.55327314071192,-72.2825734203011,97.2243708306435,-75.2924121346944,118.025565085708,68.0151297721774,-103.933897593591,80.8961352143825,-109.448093651373,1,800,6.14243269004596,2.01848540467528,2.69310297125799,2.86234166625287,-4.51653849343754e-19,-1.24218043459333e-18,0,2.7235285627778e-18,0.000681699196794219,0.000557670227534077,1,-2.05524097385153e-19,-6.74881631456587e-21,1,-0.000946888973156348,0.0120044002480288,0.0120044002480288,0.0111505857370525,0.00975143128445296,0.00417145617530866,0.00417145617530866,-0.00426271685200356,1,0,0,1,-0.000946673981617691,0.0120050004680412,0.0120050004680412,0.0111504982917234,0.00975129041206645,0.00417166474811743,0.00417166474811743,-0.00426250737068665,-10.1307633239028,36.3481479663526,17.0606946229952,11.7414330275426,17.0606946229952,11.7414330275426,10.7046376178783,-15.2225939015027,1.73472347597681e-18,5.41432066105467e-19,-3.50732029980719e-19,0,0,0,-0.000946888973156342,0.0111505857370525,0.0120044002480288,0.00975143128445296,-0.00426271685200356,0.00417145617530866,9.90562953016288e-13,1.00388332964875e-08,1.96922045507519e-12,2.05524097385153e-19,6.17995238316738e-18,3.53169597357643e-14
NC_k0055,-0.00684210526315789,-0.00684210526315789,0.552097138046365,-72.7187154726914,103.164783265534,-73.7534151744359,111.665912271315,71.2873326275132,-105.464042102472,76.5396194507012,-107.490870314994,1,800,2.51023950298878,0.834326157244529,1.10370666787698,1.15793062381713,7.24702860825058e-19,-6.05317537376505e-19,0,1.12957137472281e-18,0.000682476731070793,0.000558156248965151,1,-8.68602764211978e-20,-6.07876116355256e-20,1,-0.000946888973156336,0.0120044002480288,0.0120044002480288,0.0111505857370525,0.00975143128445295,0.00417145617530866,0.00417145617530866,-0.00426271685200356,1,0,0,1,-0.000946673981617691,0.0120050004680412,0.0120050004680412,0.0111504982917234,0.00975129041206645,0.00417166474811743,0.00417166474811743,-0.00426250737068665,-10.0237468465943,36.4062726286982,16.9676040352161,11.6916293878965,16.9676040352161,11.6916293878965,10.7495240857479,-15.1411166768498,1.73472347597681e-18,-5.14448366208494e-19,4.05541164152652e-19,0,0,0,-0.000946888973156342,0.0111505857370525,0.0120044002480288,0.00975143128445296,-0.00426271685200356,0.00417145617530866,1.92824243941571e-12,4.01870109538034e-09,3.23752152855295e-12,8.68602764211978e-20,5.96311194867027e-18,5.99254077840397e-14
NC_k0055,0.00315789473684211,0.00315789473684211,0.551917432604008,-73.3753089607131,109.338945026351,-72.9098478989654,105.41230166034,75.0335160170988,-106.898845385762,72.6082690464307,-105.976783514523,1,800,-1.15933337549142,-0.385934397151961,-0.509938364972311,-0.533907747774134,-2.71222596688787e-19,-1.21285026443343e-18,0,-5.31322591988941e-18,0.00068260214572896,0.000558246232695382,1,-2.44992410002615e-19,-8.48594528321289e-20,1,-0.000946888973156344,0.0120044002480288,0.0120044002480288,0.0111505857370525,0.00975143128445296,0.00417145617530866,0.00417145617530866,-0.00426271685200356,1,0,0,1,-0.000946673981617691,0.0120050004680412,0.0120050004680412,0.0111504982917234,0.00975129041206645,0.00417166474811743,0.00417166474811743,-0.00426250737068665,-10.007133901602,36.4163432216715,16.9529242126423,11.6838224729393,16.9529242126423,11.6838224729393,10.7566748325265,-15.1281183381281,1.95156391047391e-18,5.6784245742817e-19,-4.45190555588669e-20,0,0,0,-0.000946888973156342,0.0111505857370525,0.0120044002480288,0.00975143128445296,-0.00426271685200356,0.00417145617530866,8.23943145561853e-12,9.19420984031424e-09,1.29663482364437e-11,2.44992410002615e-19,5.20417042793042e-18,4.82777876127014e-14
NC_k0055,0.0131578947368421,0.0131578947368421,0.552719570531045,-74.6316787765094,115.685009287176,-72.4514887638951,99.3891244006602,79.2536028012636,-108.65848518869,69.1743851949096,-104.544010052933,1,800,-4.81395503786773,-1.59064392801043,-2.11351765873981,-2.23243253852553,-1.55460324323216e-18,-6.61084399913605e-19,0,-4.4972420241079e-18,0.000682053261618431,0.000557875975125704,1,-5.14912937356864e-19,7.35521936388461e-20,1,-0.000946888973156344,0.0120044002480288,0.0120044002480288,0.0111505857370525,0.00975143128445295,0.00417145617530866,0.00417145617530866,-0.00426271685200356,1,0,0,1,-0.000946673981617691,0.0120050004680412,0.0120050004680412,0.0111504982917234,0.00975129041206645,0.00417166474811743,0.00417166474811743,-0.00426250737068665,-10.0807768488913,36.3738425902384,17.017525135302,11.7182558623977,17.017525135302,11.7182558623977,10.7253210507672,-15.1850065520871,1.30104260698261e-18,4.29983892516743e-19,4.17464185743149e-19,0,0,0,-0.000946888973156342,0.0111505857370525,0.0120044002480288,0.00975143128445296,-0.00426271685200356,0.00417145617530866,8.32744233334625e-13,8.39383594404472e-09,8.89891367961211e-13,5.14912937356864e-19,5.20417042793042e-18,3.23393482870371e-14
NC_k0055,0.0231578947368421,0.0231578947368421,0.554610679424115,-76.7020778898661,121.980246993465,-71.8538385751324,93.5656615557091,83.7677465500035,-111.028018851112,66.1045040947338,-102.65916437423,1,800,-8.36476872518923,-2.70954997404211,-3.65452517074625,-3.94465437164399,-8.40839018827503e-19,3.99840910134657e-19,0,1.24556194893745e-18,0.00068094819493575,0.000557342419957884,1,-3.52822294533466e-20,-8.80886618572293e-20,1,-0.000946888973156348,0.0120044002480288,0.0120044002480288,0.0111505857370524,0.00975143128445295,0.00417145617530866,0.00417145617530866,-0.00426271685200356,1,0,0,1,-0.000946673981617691,0.0120050004680412,0.0120050004680412,0.0111504982917234,0.00975129041206645,0.00417166474811743,0.00417166474811743,-0.00426250737068665,-10.2458634710973,36.3014944648061,17.1587826684162,11.7947480261046,17.1587826684162,11.7947480261046,10.660238856924,-15.3071557668797,1.73472347597681e-18,1.23155296985294e-18,5.72001884154692e-19,0,0,0,-0.000946888973156342,0.0111505857370525,0.0120044002480288,0.00975143128445296,-0.00426271685200356,0.00417145617530866,3.49388152385187e-13,9.42786437151309e-09,5.41942084214112e-12,8.80886618572293e-20,6.93889390390723e-18,1.7015351596029e-14
NC_k0056,-0.0268421052631579,-0.0268421052631579,0.101926915425831,-32.7029342696084,43.3201742276091,-40.7308330550206,62.3426492153398,22.8595962505885,-54.2251795289321,46.4002228292016,-53.6847400994114,1,800,-1.43371159676601,1.62353864724035,0.0626429266565241,2.12629447667477,-5.78060281831657e-19,-2.32692523756067e-19,0,1.62234933540025e-20,-0.00189569569783969,-0.000711453001235921,1,-3.94355798583094e-20,-3.96259326457686e-20,1,-0.0130849159121108,-0.000564617477839249,-0.000564617477839249,-0.0128578700403618,0.000337649338865147,0.00341650191747311,0.00341650191747311,-0.00716623110663764,1,0,0,1,-0.0130850752164496,-0.000564645708713141,-0.000564645708713141,-0.0128580350208474,0.000337512861723529,0.00341667274256898,0.00341667274256898,-0.00716617998676812,-8.47360355893277,-5.26980842720849,5.11051566652863,0.750417143030399,5.11051566652863,0.750417143030399,9.17264593428722,-9.33664269290062,1.30104260698261e-18,-4.13491381491849e-19,-4.39703167054403e-19,0,0,0,-0.0130849159121108,-0.0128578700403618,-0.000564617477839249,0.000337649338865147,-0.00716623110663764,0.00341650191747311,1.431080830653e-12,8.86685316003743e-09,3.77328487696878e-12,3.96259326457686e-20,6.93889390390723e-18,1.08378822697315e-13
NC_k0056,-0.0168421052631579,-0.0168421052631579,0.102479073262728,-33.9331869217199,45.7684975422563,-38.6818279015078,58.3269733992205,26.524885851263,-53.5689873040218,41.8931371503048,-52.8061754850232,1,800,-0.881655967132113,1.03222799558682,0.0496887693900534,1.34009857909412,-3.75129716515248e-19,-8.65869504163358e-19,0,1.73742504785741e-18,-0.00189407916550153,-0.000710646220641144,1,9.97631893982332e-20,-9.25853942520364e-20,1,-0.0130849159121108,-0.000564617477839249,-0.000564617477839249,-0.0128578700403618,0.000337649338865149,0.00341650191747311,0.00341650191747311,-0.00716623110663764,1,0,0,1,-0.0130850752164496,-0.000564645708713141,-0.000564645708713141,-0.0128580350208474,0.000337512861723529,0.00341667274256898,0.00341667274256898,-0.00716617998676812,-8.55236800326048,-5.31874152905077,5.0379351806093,0.72895503228307,5.0379351806093,0.72895503228307,9.16694088945887,-9.31521559662104,8.67361737988404e-19,-5.09245892412466e-19,-2.89681251175801e-19,0,0,0,-0.0130849159121108,-0.0128578700403618,-0.000564617477839249,0.000337649338865147,-0.00716623110663764,0.00341650191747311,8.00229655247337e-12,8.72222686654907e-09,6.99377494602345e-12,9.97631893982332e-20,3.46944695195361e-18,2.03131049578809e-14
NC_k0056,-0.00684210526315789,-0.00684210526315789,0.102850378203646,-35.1600042783017,49.0038900719834,-37.0070647907163,54.2375286890816,30.7971081917883,-52.9762901080772,37.1625576966224,-52.5612512958059,1,800,-0.354297032155267,0.419349246322723,0.0214672306752609,0.544925163613202,4.31258884160647e-19,-2.56541795177196e-19,0,-4.43149605466096e-19,-0.0018931969902148,-0.000710251729634457,1,2.30961303813792e-21,-6.89524743558609e-20,1,-0.0130849159121108,-0.000564617477839249,-0.000564617477839249,-0.0128578700403618,0.000337649338865145,0.00341650191747311,0.00341650191747311,-0.00716623110663764,1,0,0,1,-0.0130850752164496,-0.000564645708713141,-0.000564645708713141,-0.0128580350208474,0.000337512861723529,0.00341667274256898,0.00341667274256898,-0.00716617998676812,-8.6015729963152,-5.35069461550536,4.9995943101529,0.71729887609061,4.9995943101529,0.71729887609061,9.16695273840357,-9.30990362942829,8.67361737988404e-19,2.69213050901983e-19,1.12305018951273e-19,0,0,0,-0.0130849159121108,-0.0128578700403618,-0.000564617477839249,0.000337649338865147,-0.00716623110663764,0.00341650191747311,1.0983752903555e-11,4.62613919749196e-09,5.32627711610409e-12,6.89524743558609e-20,3.46944695195361e-18,3.2154250595502e-13
NC_k0056,0.00315789473684211,0.00315789473684211,0.102911016883228,-36.4704383667374,52.7659073119472,-35.6249548777585,50.3412328604043,35.4169085580987,-52.602072864036,32.4704808715454,-52.8023925916768,1,800,0.163244971558607,-0.193452524439074,-0.00996849245055279,-0.251500400449942,2.00872539952377e-18,1.06367816712684e-18,0,4.78613319868082e-19,-0.0018930596368291,-0.00071019364396601,1,2.42680164833865e-20,6.25458166272437e-21,1,-0.0130849159121108,-0.000564617477839249,-0.000564617477839249,-0.0128578700403618,0.000337649338865146,0.00341650191747311,0.00341650191747311,-0.00716623110663764,1,0,0,1,-0.0130850752164496,-0.000564645708713141,-0.000564645708713141,-0.0128580350208474,0.000337512861723529,0.00341667274256898,0.00341667274256898,-0.00716617998676812,-8.60948548804786,-5.3559903361915,4.99367614825948,0.71548462879238,4.99367614825948,0.71548462879238,9.16700254984443,-9.3093607763857,1.30104260698261e-18,-6.091136316644e-19,-6.64800997481626e-20,0,0,0,-0.0130849159121108,-0.0128578700403618,-0.000564617477839249,0.000337649338865147,-0.00716623110663764,0.00341650191747311,3.14538042390136e-11,8.29944710660942e-09,4.98290164215644e-12,2.42680164833865e-20,3.46944695195361e-18,3.2688198664204e-13
NC_k0056,0.0131578947368421,0.0131578947368421,0.102648241136845,-38.0237284514846,56.8147046172796,-34.3845245975349,46.8839303433146,40.1619274746339,-52.6489598683753,28.0443623628325,-53.337040087959,1,800,0.685271521100528,-0.806906371486622,-0.0401395006274078,-1.04753733119715,-9.33020026290413e-19,-1.76327775072214e-18,0,-1.39202916564099e-19,-0.00189366782229877,-0.000710457552955307,1,5.01578406094473e-20,3.25005061197955e-20,1,-0.0130849159121108,-0.000564617477839249,-0.000564617477839249,-0.0128578700403618,0.00033764933886515,0.00341650191747311,0.00341650191747311,-0.00716623110663764,1,0,0,1,-0.0130850752164496,-0.000564645708713141,-0.000564645708713141,-0.0128580350208474,0.000337512861723529,0.00341667274256898,0.00341667274256898,-0.00716617998676812,-8.57497383531856,-5.33320758056109,5.01998770510194,0.723520526126354,5.01998770510194,0.723520526126354,9.16685823705417,-9.31232329977977,1.0842021724855e-18,6.16450107894013e-19,-4.32994525166526e-19,0,0,0,-0.0130849159121108,-0.0128578700403618,-0.000564617477839249,0.000337649338865147,-0.00716623110663764,0.00341650191747311,8.44544908382173e-12,4.8757526710676e-09,3.2438065052148e-12,5.01578406094473e-20,5.20417042793042e-18,1.97658776714704e-13
NC_k0056,0.0231578947368421,0.0231578947368421,0.102131313019677,-39.9318049293454,60.8882944853473,-33.1532842830334,44.111048382018,44.7831327076711,-53.2806862804793,24.1177562983591,-53.979599150848,1,800,1.22677168726061,-1.41171181613875,-0.0610302425297753,-1.83881431573641,7.5452106754637e-19,-3.89880001198294e-19,0,-2.43114172293623e-19,-0.00189502003803349,-0.000711106060111293,1,1.15200943235793e-19,-1.91776956238371e-20,1,-0.0130849159121108,-0.000564617477839249,-0.000564617477839249,-0.0128578700403618,0.000337649338865148,0.00341650191747311,0.00341650191747311,-0.00716623110663764,1,0,0,1,-0.0130850752164496,-0.000564645708713141,-0.000564645708713141,-0.0128580350208474,0.000337512861723529,0.00341667274256898,0.00341667274256898,-0.00716617998676812,-8.50417356894154,-5.28874328148497,5.07957425978147,0.741360012930085,5.07957425978147,0.741360012930085,9.16875598323389,-9.32531958885825,1.51788304147971e-18,-1.33414036911616e-18,-3.51779253345669e-19,0,0,0,-0.0130849159121108,-0.0128578700403618,-0.000564617477839249,0.000337649338865147,-0.00716623110663764,0.00341650191747311,1.35293038143644e-12,5.81813712974544e-09,7.14308693387938e-12,1.15200943235793e-19,6.93889390390723e-18,3.60222681866706e-13
NC_k0057,-0.0268421052631579,-0.0268421052631579,0.596964044174421,-36.6153526440871,-28.9420860686159,-40.1761278963827,-24.0334777047654,33.7793111395293,32.048289059388,37.4296291079169,24.8766084169277,1,800,6.83769502118628,-12.2358907200072,-1.7814045806108,0.269589104521813,-1.08316323363614e-18,3.58480225145781e-19,0,1.27220378210656e-21,-0.00134848007670737,0.00094106815848561,1,8.17860112801215e-20,1.75530781564273e-19,1,-0.00874049705452371,0.00970397016124897,0.00970397016124897,0.000396105896908982,-0.000359444000503647,-0.0138470573277066,-0.0138470573277066,0.00611633696272486,1,5.42101086242752e-20,-2.71050543121376e-20,1,-0.00874043499943155,0.00970445535975704,0.00970445535975704,0.000395939536927354,-0.000359327072660595,-0.013847749680573,-0.013847749680573,0.00611629199604383,-8.24587743423093,36.3334401014593,0.595825318861404,-0.856246729752913,0.595825318861404,-0.856246729752913,-51.7232812580444,5.88197184515295,1.73472347597681e-18,-8.95136791138629e-20,-2.37406397870386e-19,0,0,0,-0.0087404970545237,0.000396105896908983,0.00970397016124897,-0.00035944400050365,0.00611633696272485,-0.0138470573277066,5.87599584860324e-13,1.61397026297648e-08,1.21959762741695e-12,1.75530781564273e-19,3.46944695195361e-18,1.26465180627282e-14
NC_k0057,-0.0168421052631579,-0.0168421052631579,0.59449995100843,-36.0878379828446,-26.634523404369,-38.5369448652559,-23.4934883985097,33.3730389752194,29.3515675030251,35.6828090296349,24.6879413501624,1,800,4.33544764082647,-7.81411630125552,-1.1479606579416,0.17450954820133,-1.49488742045073e-18,7.66432468367133e-20,0,4.13942323325943e-19,-0.00134376785003411,0.000936838670114168,1,-1.24729341438505e-19,2.13169749912928e-19,1,-0.0087404970545237,0.00970397016124897,0.00970397016124897,0.000396105896908982,-0.000359444000503648,-0.0138470573277066,-0.0138470573277066,0.00611633696272485,1,5.42101086242752e-20,-2.71050543121376e-20,1,-0.00874043499943155,0.00970445535975704,0.00970445535975704,0.000395939536927354,-0.000359327072660595,-0.013847749680573,-0.013847749680573,0.00611629199604383,-8.23409356892066,36.2068419468815,0.515879972266946,-0.789402646879508,0.515879972266946,-0.789402646879508,-51.60182269836,5.83804304209393,1.73472347597681e-18,-3.31034609107898e-19,-2.1143409047907e-19,0,0,0,-0.0087404970545237,0.000396105896908983,0.00970397016124897,-0.00035944400050365,0.00611633696272485,-0.0138470573277066,1.4410236002181e-12,1.24997175883359e-08,5.6399886488813e-12,2.13169749912928e-19,3.46944695195361e-18,4.68740121354464e-14
NC_k0057,-0.00684210526315789,-0.00684210526315789,0.59367394243329,-36.2133748052009,-24.8827246559758,-37.2530001736089,-23.6037525295289,33.4824186993774,27.1494450410198,34.4263762301165,25.226056449102,1,800,1.76453642397798,-3.19397472069109,-0.471714637915323,0.0721588701828732,2.73995306102065e-19,5.60886688826076e-18,0,1.65436122510606e-23,-0.00134147503540536,0.000934719908206846,1,-4.69471062482968e-20,1.40759351817237e-19,1,-0.0087404970545237,0.00970397016124897,0.00970397016124897,0.000396105896908984,-0.000359444000503649,-0.0138470573277066,-0.0138470573277066,0.00611633696272485,1,5.42101086242752e-20,-2.71050543121376e-20,1,-0.00874043499943155,0.00970445535975704,0.00970445535975704,0.000395939536927354,-0.000359327072660595,-0.013847749680573,-0.013847749680573,0.00611629199604383,-8.24543429200799,36.1683425873693,0.469345577987212,-0.748566186399802,0.469345577987212,-0.748566186399802,-51.5779899801533,5.82767851217018,2.16840434497101e-18,-5.89310676727018e-19,-4.40700987296791e-20,0,0,0,-0.0087404970545237,0.000396105896908983,0.00970397016124897,-0.00035944400050365,0.00611633696272485,-0.0138470573277066,1.57198257520286e-12,8.10836680048826e-09,1.97727033361796e-12,1.40759351817237e-19,6.93889390390723e-18,2.15060218591689e-14
NC_k0057,0.00315789473684211,0.00315789473684211,0.593573593839893,-36.8852973339248,-23.8175240114769,-36.402356160409,-24.4080856436542,34.0841133578765,25.6114082687045,33.6481796069922,26.5003055965679,1,800,-0.814393803116209,1.47514875334906,0.218049133576825,-0.0334004477977594,-3.86160997164255e-19,4.52319564300737e-18,0,2.7625847225801e-19,-0.00134113951066872,0.00093440377613346,1,-1.90431586364582e-19,-3.77985368013137e-20,1,-0.00874049705452371,0.00970397016124897,0.00970397016124897,0.000396105896908981,-0.000359444000503646,-0.0138470573277066,-0.0138470573277066,0.00611633696272485,1,5.42101086242752e-20,-2.71050543121376e-20,1,-0.00874043499943155,0.00970445535975704,0.00970445535975704,0.000395939536927354,-0.000359327072660595,-0.013847749680573,-0.013847749680573,0.00611629199604383,-8.24828964467536,36.164014975849,0.46194029988572,-0.741929001449664,0.46194029988572,-0.741929001449664,-51.57651985498,5.82688904047297,2.16840434497101e-18,1.96174330692067e-19,-2.43524014477955e-19,0,0,0,-0.0087404970545237,0.000396105896908983,0.00970397016124897,-0.00035944400050365,0.00611633696272485,-0.0138470573277066,5.99248304200742e-12,8.40953672120817e-09,1.7781697780507e-12,1.90431586364582e-19,5.20417042793042e-18,3.19839256970232e-14
NC_k0057,0.0131578947368421,0.0131578947368421,0.594075705450891,-38.0179138646688,-23.4554162226677,-36.0636810931128,-25.9135792225411,35.1637573719391,24.7995632297985,33.3541173278962,28.4706835625645,1,800,-3.39110224383451,6.12404905325602,0.901872447109097,-0.137469879886733,2.1323128004841e-18,6.43632543349961e-18,0,8.59912149391751e-19,-0.00134267165462856,0.000935831302782365,1,-4.5028894520515e-19,-2.53910417871317e-19,1,-0.00874049705452371,0.00970397016124897,0.00970397016124897,0.000396105896908981,-0.000359444000503647,-0.0138470573277066,-0.0138470573277066,0.00611633696272485,1,5.42101086242752e-20,-2.71050543121376e-20,1,-0.00874043499943155,0.00970445535975704,0.00970445535975704,0.000395939536927354,-0.000359327072660595,-0.013847749680573,-0.013847749680573,0.00611629199604383,-8.23786510494843,36.1865898089484,0.494434009248785,-0.770775404008989,0.494434009248785,-0.770775404008989,-51.5875744613072,5.83204746389742,2.60208521396521e-18,-9.34410675474776e-20,-3.65515150749599e-19,0,0,0,-0.0087404970545237,0.000396105896908983,0.00970397016124897,-0.00035944400050365,0.00611633696272485,-0.0138470573277066,1.17156234575276e-12,8.11214559910452e-09,1.49325556175366e-12,4.5028894520515e-19,6.93889390390723e-18,6.35400210628133e-15
NC_k0057,0.0231578947368421,0.0231578947368421,0.595758478739138,-39.5371797560801,-23.7633951800742,-36.3398607099117,-28.0433962749611,36.7285135761754,24.7268920130731,33.5693110622985,31.014455550085,1,800,-5.93300187089577,10.6473162750215,1.55572375336155,-0.235595295774719,5.28350035739671e-19,8.69896219385266e-18,0,-5.69146583550786e-19,-0.0013464279725806,0.0009392439941844,1,-3.45889079470441e-20,6.23010142639368e-20,1,-0.0087404970545237,0.00970397016124897,0.00970397016124897,0.000396105896908984,-0.000359444000503647,-0.0138470573277066,-0.0138470573277066,0.00611633696272485,1,5.42101086242752e-20,-2.71050543121376e-20,1,-0.00874043499943155,0.00970445535975704,0.00970445535975704,0.000395939536927354,-0.000359327072660595,-0.013847749680573,-0.013847749680573,0.00611629199604383,-8.23560178499759,36.270136130703,0.563135677134032,-0.829407614396529,0.563135677134032,-0.829407614396529,-51.6580694187841,5.85948323591323,2.60208521396521e-18,-1.0010983433984e-18,-2.20939486023414e-19,0,0,0,-0.0087404970545237,0.000396105896908983,0.00970397016124897,-0.00035944400050365,0.00611633696272485,-0.0138470573277066,6.23132874405623e-13,7.38337488816789e-09,4.31217528441371e-12,6.23010142639368e-20,6.93889390390723e-18,2.5716927725901e-14
NC_k0058,-0.0268421052631579,-0.0268421052631579,0.26754988973284,120.213996975345,51.1835259302645,126.06699200436,55.7199980661165,-111.376446623235,-60.2178424123985,-134.039474457067,-50.5306634718031,1,800,-2.8346196648668,1.02990495636556,-0.595555853805411,-1.79302198768846,-6.16907992119598e-19,-1.81370929830827e-19,0,-1.59864233904448e-19,-0.000294573036136903,-0.00112716837193218,1,3.26719473823447e-20,2.61723773911721e-22,1,0.00572346562335538,-0.00470009187908998,-0.00470009187908998,-0.0160558367440877,-0.000666340657392889,0.00100947961288123,0.00100947961288123,-0.00926812413992542,1,0,-1.0842021724855e-19,1,0.00572312880475628,-0.00470032688368394,-0.00470032688368394,-0.0160556290801276,-0.000666510270091403,0.00100953008686188,0.00100953008686188,-0.00926807870803687,18.5284292506046,-20.2402155937647,3.55196947602622,-16.4528274845717,3.55196947602622,-16.4528274845717,10.7407125474393,-10.2054990810339,1.0842021724855e-18,-8.41203209266047e-19,-2.67603167411305e-19,0,0,0,0.00572346562335538,-0.0160558367440877,-0.00470009187908999,-0.000666340657392888,-0.00926812413992542,0.00100947961288123,1.04715716024545e-12,1.12883674010976e-08,2.90195444382392e-12,3.26719473823447e-20,3.46944695195361e-18,1.95030849048328e-14
NC_k0058,-0.0168421052631579,-0.0168421052631579,0.266475586120198,120.987052260128,51.0207564966797,124.283987311298,54.2742106800796,-115.039259105753,-57.6300364897711,-129.374802612063,-51.5318514189252,1,800,-1.82982463538401,0.683778269959675,-0.378195300590035,-1.12396824258998,9.56187700886798e-19,1.79637159266916e-19,0,-6.41759806443141e-19,-0.000297218300086231,-0.0011248025907214,1,-8.76620171446483e-21,-2.36409545823137e-20,1,0.00572346562335538,-0.00470009187908998,-0.00470009187908998,-0.0160558367440877,-0.000666340657392885,0.00100947961288123,0.00100947961288123,-0.00926812413992542,1,0,-1.0842021724855e-19,1,0.00572312880475628,-0.00470032688368394,-0.00470032688368394,-0.0160556290801276,-0.000666510270091403,0.00100953008686188,0.00100953008686188,-0.00926807870803687,18.4161675206817,-20.210018744241,3.53350988216367,-16.3208142297226,3.53350988216367,-16.3208142297226,10.6166962390865,-10.2754484148317,1.73472347597681e-18,-5.02726135908944e-19,-4.3335318165457e-19,0,0,0,0.00572346562335538,-0.0160558367440877,-0.00470009187908999,-0.000666340657392888,-0.00926812413992542,0.00100947961288123,2.420154103836e-12,8.60487767153557e-09,4.11335351716266e-12,2.36409545823137e-20,4.33680868994202e-18,8.74927563030552e-15
NC_k0058,-0.00684210526315789,-0.00684210526315789,0.266031786709362,121.727841988445,51.5644006584497,122.988961255469,52.9705980307457,-119.010190378145,-55.4503938881285,-124.854241455422,-52.9626492623644,1,800,-0.750177165085007,0.285418497692322,-0.153370360239589,-0.454882027969824,-2.09384890200038e-18,3.50334150473359e-19,0,-4.1524466750162e-19,-0.000298685149445421,-0.00112362585210616,1,6.46336491260467e-20,-2.70000903704641e-21,1,0.00572346562335538,-0.00470009187908998,-0.00470009187908998,-0.0160558367440877,-0.000666340657392888,0.00100947961288123,0.00100947961288123,-0.00926812413992542,1,0,-1.0842021724855e-19,1,0.00572312880475628,-0.00470032688368394,-0.00470032688368394,-0.0160556290801276,-0.000666510270091403,0.00100953008686188,0.00100953008686188,-0.00926807870803687,18.3638080987127,-20.2124679640497,3.52511078594587,-16.2517719923378,3.52511078594587,-16.2517719923378,10.563213086808,-10.32382014376,8.67361737988404e-19,-3.69931480356629e-19,-2.29365932780262e-19,0,0,0,0.00572346562335538,-0.0160558367440877,-0.00470009187908999,-0.000666340657392888,-0.00926812413992542,0.00100947961288123,3.26950061952894e-12,5.96461202865577e-09,6.91790367165555e-12,6.46336491260467e-20,3.46944695195361e-18,1.02245165661473e-14
NC_k0058,0.00315789473684211,0.00315789473684211,0.265968962326031,122.602836230897,52.5388070090131,122.025499207345,51.8839168147076,-123.237170750502,-53.5757664221016,-120.538942653973,-54.7256148923567,1,800,0.346533812290483,-0.13218752271425,0.0707342755601533,0.209770558136392,-5.77428315843667e-19,-1.47595491059062e-19,0,-3.28966420889889e-19,-0.000298910743163126,-0.00112344917308626,1,6.66570268129246e-20,6.2127656822728e-20,1,0.00572346562335538,-0.00470009187908998,-0.00470009187908998,-0.0160558367440877,-0.000666340657392887,0.00100947961288123,0.00100947961288123,-0.00926812413992542,1,0,-1.0842021724855e-19,1,0.00572312880475628,-0.00470032688368394,-0.00470032688368394,-0.0160556290801276,-0.000666510270091403,0.00100953008686188,0.00100953008686188,-0.00926807870803687,18.3560270516727,-20.2138952901951,3.5238741653441,-16.2410461580053,3.5238741653441,-16.2410461580053,10.5557389684571,-10.3318555109218,1.30104260698261e-18,-1.24297478166365e-18,-8.78402641939159e-19,0,0,0,0.00572346562335538,-0.0160558367440877,-0.00470009187908999,-0.000666340657392888,-0.00926812413992542,0.00100947961288123,7.16264264134265e-12,6.50000750186372e-09,3.16617499110071e-12,6.66570268129246e-20,1.04083408558608e-17,3.86118849657128e-14
NC_k0058,0.0131578947368421,0.0131578947368421,0.266259280770898,123.760038685467,53.7751696519124,121.255937714055,51.1565271862242,-127.689748291482,-52.0158537536676,-116.471383595087,-56.7879940607702,1,800,1.43641715878112,-0.541215727674389,0.295416472265233,0.876877105186778,1.04145347842876e-19,3.95511446808555e-19,0,-6.13754779624546e-19,-0.000297903656522057,-0.00112424190822014,1,2.16859696717246e-19,-1.92955800998662e-20,1,0.00572346562335538,-0.00470009187908998,-0.00470009187908998,-0.0160558367440877,-0.00066634065739289,0.00100947961288123,0.00100947961288123,-0.00926812413992542,1,0,-1.0842021724855e-19,1,0.00572312880475628,-0.00470032688368394,-0.00470032688368394,-0.0160556290801276,-0.000666510270091403,0.00100953008686188,0.00100953008686188,-0.00926807870803687,18.3911936560765,-20.2096793567681,3.52946637265621,-16.2885360322075,3.52946637265621,-16.2885360322075,10.5905360993152,-10.297275637897,8.67361737988404e-19,-1.03916634608688e-19,6.86077868235279e-20,0,0,0,0.00572346562335538,-0.0160558367440877,-0.00470009187908999,-0.000666340657392888,-0.00926812413992542,0.00100947961288123,1.30776588554524e-12,1.01868699922586e-08,3.77893631191764e-12,2.16859696717246e-19,1.73472347597681e-18,2.77285474984437e-14
NC_k0058,0.0231578947368421,0.0231578947368421,0.267047086681213,125.340048201372,55.1718491550903,120.509345004748,51.0188556548773,-132.307148575854,-50.8401427432599,-112.68000887143,-59.2050608803023,1,800,2.48008287038541,-0.910809534424331,0.517860200867154,1.54796713504452,5.80541823669317e-19,-6.90159798444844e-19,0,-1.82892942157925e-19,-0.000295662981283176,-0.00112614950547374,1,9.81528675688092e-21,-2.78065222705024e-21,1,0.00572346562335537,-0.00470009187908998,-0.00470009187908998,-0.0160558367440877,-0.000666340657392886,0.00100947961288123,0.00100947961288123,-0.00926812413992542,1,0,-1.0842021724855e-19,1,0.00572312880475628,-0.00470032688368394,-0.00470032688368394,-0.0160556290801276,-0.000666510270091403,0.00100953008686188,0.00100953008686188,-0.00926807870803687,18.4779952851086,-20.2213577033721,3.54370831463134,-16.3959496020254,3.54370831463134,-16.3959496020254,10.6844559949178,-10.2313885966123,1.51788304147971e-18,-4.79593520193926e-20,-2.8603641632268e-19,0,0,0,0.00572346562335538,-0.0160558367440877,-0.00470009187908999,-0.000666340657392888,-0.00926812413992542,0.00100947961288123,2.72371582889065e-12,7.57120628974581e-09,3.18490866428291e-12,9.81528675688092e-21,4.33680868994202e-18,8.73055153189526e-15
NC_k0059,-0.0268421052631579,-0.0268421052631579,0.505422532969133,153.033633796822,-60.0846167496756,172.778693442336,-94.5015000176352,-135.844798790678,68.3456995324831,-188.397211398564,86.9859314475637,1,800,-0.0442651848128329,-3.74628182654656,-1.2508805137486,-6.02568777775069,-2.26258382079385e-18,1.24117458296847e-18,0,-1.09275191129685e-18,0.000384799708265707,0.000161585314300415,1,1.05176713409265e-19,7.56540911086358e-20,1,0.0125934877014677,-0.00328537948333291,-0.00328537948333291,-0.0106863504327794,-0.00533084528573011,-0.00734647189427622,-0.00734647189427622,0.00583298404228314,1,0,0,1,0.012593208623099,-0.00328554375230708,-0.00328554375230708,-0.0106860475151948,-0.00533070259949629,-0.00734683921787094,-0.00734683921787094,0.00583284763278377,25.586808975329,-7.00112554370956,-10.1951481721112,-21.4776606083292,-10.1951481721112,-21.4776606083292,-16.2145910550788,12.2321574619556,1.0842021724855e-18,5.3459703158219e-20,-6.6078072945429e-20,0,0,0,0.0125934877014677,-0.0106863504327794,-0.00328537948333291,-0.00533084528573012,0.00583298404228314,-0.00734647189427622,6.21727628857263e-13,8.70341164062014e-09,1.44808909287979e-12,1.05176713409265e-19,1.73472347597681e-18,1.66943387695509e-14
NC_k0059,-0.0168421052631579,-0.0168421052631579,0.502041309196344,156.691915499812,-65.8720902573749,168.190499196907,-87.789433561273,-144.839837497806,71.6911207564834,-178.457536675327,82.7114661601852,1,800,-0.0643825158878667,-2.38142871055942,-0.807117704727595,-3.78610292997878,1.24838098046503e-18,1.98642461020934e-18,0,-3.95879376745018e-18,0.000382611218517479,0.000160243372435129,1,4.50249111600009e-20,1.81750449892673e-19,1,0.0125934877014677,-0.00328537948333291,-0.00328537948333291,-0.0106863504327794,-0.00533084528573012,-0.00734647189427622,-0.00734647189427622,0.00583298404228314,1,0,0,1,0.012593208623099,-0.00328554375230708,-0.00328554375230708,-0.0106860475151948,-0.00533070259949629,-0.00734683921787094,-0.00734683921787094,0.00583284763278377,25.4589653905141,-7.03650787422975,-10.0877843636706,-21.253832680413,-10.0877843636706,-21.253832680413,-16.2886344900049,12.0862074312117,8.67361737988404e-19,2.52192672123778e-20,2.61533557318004e-19,0,0,0,0.0125934877014677,-0.0106863504327794,-0.00328537948333291,-0.00533084528573012,0.00583298404228314,-0.00734647189427622,7.9502240695305e-13,9.13800827140207e-09,2.8855012404597e-12,1.81750449892673e-19,2.60208521396521e-18,1.43742148860528e-14
NC_k0059,-0.00684210526315789,-0.00684210526315789,0.500310120425555,159.919473842892,-72.0145071202337,164.383466627628,-80.9854538482743,-154.463082581691,74.7079554252375,-168.247408018813,79.0290767933037,1,800,-0.0298659792327808,-0.967452826506026,-0.329115205893809,-1.53544065825231,-2.2259761156047e-19,3.51015747298102e-19,0,9.48068095993977e-19,0.000381273184259894,0.000159452165884555,1,1.07894504166787e-19,1.73560381786632e-19,1,0.0125934877014677,-0.00328537948333291,-0.00328537948333291,-0.0106863504327794,-0.00533084528573012,-0.00734647189427622,-0.00734647189427622,0.00583298404228314,1,0,0,1,0.012593208623099,-0.00328554375230708,-0.00328554375230708,-0.0106860475151948,-0.00533070259949629,-0.00734683921787094,-0.00734683921787094,0.00583284763278377,25.3972788967221,-7.0580670889027,-10.0309890490703,-21.1340060290619,-10.0309890490703,-21.1340060290619,-16.3334144298882,12.0116035880858,8.67361737988404e-19,2.85118721372997e-19,1.87962030724139e-19,0,0,0,0.0125934877014677,-0.0106863504327794,-0.00328537948333291,-0.00533084528573012,0.00583298404228314,-0.00734647189427622,3.04844101050926e-12,5.21140947168521e-09,1.09460018456868e-12,1.73560381786632e-19,2.60208521396521e-18,1.75306505634515e-14
NC_k0059,0.00315789473684211,0.00315789473684211,0.500042038880863,163.124970965911,-78.5150729082246,161.079433007045,-74.3703018355922,-164.490588347685,77.8027875895835,-158.120182848223,75.819235308095,1,800,0.0139059808575449,0.446342815034039,0.151882102644231,0.708319213638466,-3.7656040810272e-18,-2.50602638379065e-18,0,-3.99256920622195e-18,0.00038105923502348,0.000159328589421762,1,1.95574030190749e-19,6.10503110421966e-20,1,0.0125934877014677,-0.00328537948333291,-0.00328537948333291,-0.0106863504327794,-0.00533084528573011,-0.00734647189427622,-0.00734647189427622,0.00583298404228314,1,0,0,1,0.012593208623099,-0.00328554375230708,-0.00328554375230708,-0.0106860475151948,-0.00533070259949629,-0.00734683921787094,-0.00734683921787094,0.00583284763278377,25.3878772247887,-7.0614371381721,-10.0221684085471,-21.1152912988613,-10.0221684085471,-21.1152912988613,-16.3403986851798,12.0001750410736,8.67361737988404e-19,-6.99758247542747e-20,3.93885993530955e-20,0,0,0,0.0125934877014677,-0.0106863504327794,-0.00328537948333291,-0.00533084528573012,0.00583298404228314,-0.00734647189427622,7.47511083250431e-12,7.85480147880548e-09,4.70590067117327e-12,1.95574030190749e-19,3.46944695195361e-18,1.95382824983423e-14
NC_k0059,0.0131578947368421,0.0131578947368421,0.501231317200467,166.711075220909,-85.2761453710652,157.912972403289,-68.0927416262166,-174.707622020076,81.2891008510924,-148.327787249805,72.8190893298854,1,800,0.0543681421271208,1.86152631444568,0.632245170669008,2.95621043979914,1.84118492953483e-18,7.45739718163507e-19,0,2.58133290675748e-18,0.000381997058406674,0.000159878278877386,1,2.52259626627804e-19,-6.99866140695792e-20,1,0.0125934877014677,-0.00328537948333291,-0.00328537948333291,-0.0106863504327794,-0.00533084528573012,-0.00734647189427622,-0.00734647189427622,0.00583298404228314,1,0,0,1,0.012593208623099,-0.00328554375230708,-0.00328554375230708,-0.0106860475151948,-0.00533070259949629,-0.00734683921787094,-0.00734683921787094,0.00583284763278377,25.4298844282034,-7.04650509979881,-10.061272489009,-21.1979950696632,-10.061272489009,-21.1979950696632,-16.3094963956429,12.05114549707,8.13151629364128e-19,-3.62416811664004e-19,-1.65222874837348e-19,0,0,0,0.0125934877014677,-0.0106863504327794,-0.00328537948333291,-0.00533084528573012,0.00583298404228314,-0.00734647189427622,2.1589643597511e-12,7.10679510180603e-09,8.67647290809588e-13,2.52259626627804e-19,3.46944695195361e-18,2.21499133539001e-15
NC_k0059,0.0231578947368421,0.0231578947368421,0.503945903093235,170.981987883491,-92.0615704940885,154.444850572758,-62.1742987748342,-184.790623477585,85.3417891121589,-139.059702403656,69.638266811932,1,800,0.0638837629397238,3.25740571548447,1.09602552787998,5.20595382919434,3.1136401745476e-19,1.17975807684763e-19,0,1.61701236608806e-18,0.000383939696176733,0.00016104595940711,1,7.21755914682125e-20,3.64350317657147e-20,1,0.0125934877014677,-0.00328537948333291,-0.00328537948333291,-0.0106863504327794,-0.00533084528573012,-0.00734647189427623,-0.00734647189427623,0.00583298404228313,1,0,0,1,0.012593208623099,-0.00328554375230708,-0.00328554375230708,-0.0106860475151948,-0.00533070259949629,-0.00734683921787094,-0.00734683921787094,0.00583284763278377,25.5295064743247,-7.01471576224416,-10.1491199585235,-21.3822328703711,-10.1491199585235,-21.3822328703711,-16.2432164783996,12.1688733130708,8.67361737988404e-19,-7.39986311971732e-19,4.11390354059794e-19,0,0,0,0.0125934877014677,-0.0106863504327794,-0.00328537948333291,-0.00533084528573012,0.00583298404228314,-0.00734647189427622,7.12646452031331e-13,8.51543887214144e-09,1.57929341349038e-13,7.21755914682125e-20,6.93889390390723e-18,2.15899872874125e-14
NC_k0060,-0.0268421052631579,-0.0268421052631579,0.289397199694245,69.8617375436502,118.441383246742,62.9090533813366,144.742835759484,-59.5915441325698,-128.493963151191,-69.2398595289939,-135.424207038235,1,800,1.62541934241607,0.925873025792467,0.841926481508819,1.73480149938115,1.30386163851019e-18,-5.4768620973871e-19,0,-1.67392239223171e-18,0.00128077025156683,0.000195149186808192,1,2.28094037849574e-20,1.30160301031602e-19,1,0.0110124244131944,0.00201889622432736,0.00201889622432736,0.00192426675443054,0.0147006014428568,0.0022188640864324,0.0022188640864324,-0.00706517681456637,1,0,0,1,0.0110123916655435,0.00201899716913858,0.00201899716913858,0.00192446121072107,0.0147003770920325,0.00221897502963672,0.00221897502963672,-0.00706485702093422,12.1077757778017,-0.633827929500779,17.9182245229088,-5.09772221717802,17.9182245229088,-5.09772221717802,12.2181106622038,-19.9803289533479,1.51788304147971e-18,-2.61042993364576e-19,4.69249693124333e-19,0,0,0,0.0110124244131944,0.00192426675443054,0.00201889622432736,0.0147006014428568,-0.00706517681456636,0.0022188640864324,3.29930760562191e-12,1.10309258554115e-08,3.80571244172591e-12,1.30160301031602e-19,7.80625564189563e-18,3.8746928306705e-14
NC_k0060,-0.0168421052631579,-0.0168421052631579,0.288512431219998,68.0057239701529,122.927464013016,63.62606809653,139.600008324722,-60.5680644457417,-129.664012633589,-67.0952851871706,-133.592278255614,1,800,0.996553145914212,0.630631404049958,0.536970901488172,1.08672007978441,-1.86731060200171e-18,-7.12513527318477e-19,0,-5.11316732565979e-19,0.00127854299464736,0.000197579817278529,1,-8.59740233910252e-20,5.63127220909302e-20,1,0.0110124244131944,0.00201889622432736,0.00201889622432736,0.00192426675443054,0.0147006014428568,0.0022188640864324,0.0022188640864324,-0.00706517681456636,1,0,0,1,0.0110123916655435,0.00201899716913858,0.00201899716913858,0.00192446121072107,0.0147003770920325,0.00221897502963672,0.00221897502963672,-0.00706485702093422,12.2033949374853,-0.508054589169793,17.7661251677244,-5.0561730946712,17.7661251677244,-5.0561730946712,12.1863354172354,-19.8904416125522,8.67361737988404e-19,-3.81553468183051e-19,-2.02584182151954e-19,0,0,0,0.0110124244131944,0.00192426675443054,0.00201889622432736,0.0147006014428568,-0.00706517681456636,0.0022188640864324,2.98744288340833e-12,7.4791398496653e-09,5.05906874525601e-12,8.59740233910252e-20,3.46944695195361e-18,4.40606790432013e-14
NC_k0060,-0.00684210526315789,-0.00684210526315789,0.288132633212055,66.4732001182471,127.687946884195,64.6814398760859,134.49042707749,-62.2123276638207,-130.699437127362,-64.9589751433303,-132.205472026324,1,800,0.398199912067814,0.264303861273652,0.218626245202678,0.439605934604628,-7.81943759213728e-19,3.16207987121871e-19,0,-2.5067807725093e-18,0.00127739542547483,0.000198982611568366,1,-3.57269801162261e-20,9.76558617576102e-22,1,0.0110124244131944,0.00201889622432736,0.00201889622432736,0.00192426675443054,0.0147006014428568,0.0022188640864324,0.0022188640864324,-0.00706517681456636,1,0,0,1,0.0110123916655435,0.00201899716913858,0.00201899716913858,0.00192446121072107,0.0147003770920325,0.00221897502963672,0.00221897502963672,-0.00706485702093422,12.2649473494792,-0.446997734738574,17.6855031172393,-5.03477940190545,17.6855031172393,-5.03477940190545,12.182949337016,-19.8488474178799,8.67361737988404e-19,1.38642376620325e-19,2.2424494871992e-20,0,0,0,0.0110124244131944,0.00192426675443054,0.00201889622432736,0.0147006014428568,-0.00706517681456636,0.0022188640864324,6.16372551097865e-12,5.79660881123967e-09,4.07737966425361e-12,3.57269801162261e-20,1.73472347597681e-18,4.81645818910103e-14
NC_k0060,0.00315789473684211,0.00315789473684211,0.288076615207945,65.1292068680583,132.63128784691,65.9577167563626,129.490138822221,-64.1881670597433,-131.769185601067,-62.9139426512659,-131.079250948707,1,800,-0.183341242717089,-0.122416991040728,-0.100900217140079,-0.202687205417644,-5.1929737111589e-19,9.31676684975627e-19,0,-5.27079486318789e-19,0.00127722287792036,0.000199204212826435,1,-2.90487508110212e-20,-3.05767256581411e-20,1,0.0110124244131944,0.00201889622432736,0.00201889622432736,0.00192426675443054,0.0147006014428568,0.0022188640864324,0.0022188640864324,-0.00706517681456636,1,0,0,1,0.0110123916655435,0.00201899716913858,0.00201899716913858,0.00192446121072107,0.0147003770920325,0.00221897502963672,0.00221897502963672,-0.00706485702093422,12.274947881862,-0.438015031672674,17.6729175075194,-5.0314845301376,17.6729175075194,-5.0314845301376,12.1832145668434,-19.8426034266386,8.67361737988404e-19,2.53381215613291e-19,-3.32376856220712e-19,0,0,0,0.0110124244131944,0.00192426675443054,0.00201889622432736,0.0147006014428568,-0.00706517681456636,0.0022188640864324,3.12152854428921e-11,3.94016497731151e-09,7.33221346105334e-12,3.05767256581411e-20,3.46944695195361e-18,4.6246989835968e-15
NC_k0060,0.0131578947368421,0.0131578947368421,0.288330315331513,63.9838583878066,137.710036155088,67.4150664971835,124.657879364566,-66.3049248121597,-133.041358737725,-61.1186408437135,-130.054335127259,1,800,-0.772813468179236,-0.500421523886898,-0.420167547381822,-0.847520528132182,-9.15139690169466e-19,-1.17272373291848e-18,0,-2.65232485564923e-18,0.00127800026109352,0.000198230940426878,1,-3.13318045716479e-20,9.71976389312584e-21,1,0.0110124244131944,0.00201889622432736,0.00201889622432736,0.00192426675443054,0.0147006014428568,0.0022188640864324,0.0022188640864324,-0.00706517681456636,1,0,0,1,0.0110123916655435,0.00201899716913858,0.00201899716913858,0.00192446121072107,0.0147003770920325,0.00221897502963672,0.00221897502963672,-0.00706485702093422,12.2314854144231,-0.478816832919256,17.7285277104304,-5.04611975683007,17.7285277104304,-5.04611975683007,12.1836165695439,-19.8706804644982,6.50521303491303e-19,-2.43570756823615e-20,4.81511639938917e-19,0,0,0,0.0110124244131944,0.00192426675443054,0.00201889622432736,0.0147006014428568,-0.00706517681456636,0.0022188640864324,5.80576904253023e-12,8.5743585529046e-09,2.12699887525461e-12,3.13318045716479e-20,3.46944695195361e-18,1.09739956290884e-14
NC_k0060,0.0231578947368421,0.0231578947368421,0.288983020434933,63.1220374665465,142.847777190907,69.1239204313352,120.047559607318,-68.4498316833204,-134.681902441543,-59.8440461844086,-128.945396264998,1,800,-1.39076525945596,-0.830467055624904,-0.733006663976707,-1.49727405388193,8.61591326035234e-20,7.86450239190917e-19,0,-4.50959017629209e-18,0.00127982102818594,0.000196132116342853,1,-1.41419437316345e-20,-5.88432505919013e-20,1,0.0110124244131944,0.00201889622432736,0.00201889622432736,0.00192426675443054,0.0147006014428568,0.0022188640864324,0.0022188640864324,-0.00706517681456636,1,0,0,1,0.0110123916655435,0.00201899716913858,0.00201899716913858,0.00192446121072107,0.0147003770920325,0.00221897502963672,0.00221897502963672,-0.00706485702093422,12.1445118202768,-0.579200874572827,17.8530351587113,-5.07983044759219,17.8530351587113,-5.07983044759219,12.2004213224696,-19.9395455650452,9.75781955236954e-19,8.39554236628414e-19,8.8979707488212e-19,0,0,0,0.0110124244131944,0.00192426675443054,0.00201889622432736,0.0147006014428568,-0.00706517681456636,0.0022188640864324,2.8584678595302e-12,6.73916788120848e-09,5.28379884471118e-12,5.88432505919013e-20,8.67361737988404e-18,1.45989459423119e-14
NC_k0061,-0.0268421052631579,-0.0268421052631579,0.204722585150802,54.5501523113737,-33.4767991803141,56.2358889254043,-48.6012459158818,-42.6647011658934,43.4356004753047,-63.429641128037,37.4586986129533,1,800,-6.34462611065325,-2.26842062235221,-2.84230542189178,-2.24322479641439,9.70537630153368e-19,-6.34364811766917e-20,0,6.21225874917125e-19,0.00196187815664063,-0.000210091166755678,1,-8.4321499644559e-20,4.62525173678294e-20,1,0.0144410819694882,-0.00741668693217575,-0.00741668693217575,0.0110534261280014,-0.00211563498216453,-0.00256145906364691,-0.00256145906364691,0.00179796924916267,1,-4.33680868994202e-19,0,1,0.0144411989644658,-0.00741705776652236,-0.00741705776652236,0.011053627814375,-0.00211558804752247,-0.0025615871366001,-0.0025615871366001,0.00179791834369895,11.3607740460826,-24.0896349853765,-6.95546841919915,-2.65633787165166,-6.95546841919915,-2.65633787165166,-5.01329006614991,5.6354971922815,8.67361737988404e-19,4.72676774934497e-20,2.17877921002328e-19,0,0,0,0.0144410819694882,0.0110534261280014,-0.00741668693217575,-0.00211563498216453,0.00179796924916267,-0.00256145906364692,7.93038180634912e-13,8.53023436343974e-09,3.65389513592783e-12,8.4321499644559e-20,1.73472347597681e-18,5.51796435514907e-14
NC_k0061,-0.0168421052631579,-0.0168421052631579,0.204121975659842,54.0222750789247,-35.4835735895737,54.4587768086237,-45.519396119065,-45.1191483619713,42.1801765596277,-58.6756233669875,37.6626524341809,1,800,-4.10519202007844,-1.47029790732667,-1.8399116760437,-1.40547976565475,1.19108714251716e-18,4.93595215122643e-20,0,-3.15517787618757e-18,0.0019587108311638,-0.000208790512256578,1,1.0446583485452e-19,2.18819710617999e-20,1,0.0144410819694882,-0.00741668693217575,-0.00741668693217575,0.0110534261280014,-0.00211563498216453,-0.00256145906364691,-0.00256145906364691,0.00179796924916267,1,-4.33680868994202e-19,0,1,0.0144411989644658,-0.00741705776652236,-0.00741705776652236,0.011053627814375,-0.00211558804752247,-0.0025615871366001,-0.0025615871366001,0.00179791834369895,11.386775926671,-24.0031436396959,-6.85097735853776,-2.65499435613361,-6.85097735853776,-2.65499435613361,-5.07373356795812,5.57686151185017,2.60208521396521e-18,1.40877482888801e-19,1.33650829352716e-19,0,0,0,0.0144410819694882,0.0110534261280014,-0.00741668693217575,-0.00211563498216453,0.00179796924916267,-0.00256145906364692,4.15671856639793e-13,7.99901338540654e-09,1.35885529567824e-13,1.0446583485452e-19,3.46944695195361e-18,3.34499584347693e-14
NC_k0061,-0.00684210526315789,-0.00684210526315789,0.203918269040639,53.5410633325734,-38.0647506443296,53.5720264561452,-42.2614326421105,-48.405009185933,40.5937915311215,-54.0274757723881,38.585543313791,1,800,-1.68833283308238,-0.604516779181639,-0.756640372047109,-0.569249517521618,8.62762613782609e-19,-6.72385341442304e-19,0,-1.45634742135066e-18,0.00195698851586163,-0.000208205798752571,1,5.60056698746513e-20,3.6838717001209e-20,1,0.0144410819694882,-0.00741668693217575,-0.00741668693217575,0.0110534261280014,-0.00211563498216453,-0.00256145906364692,-0.00256145906364692,0.00179796924916267,1,-4.33680868994202e-19,0,1,0.0144411989644658,-0.00741705776652236,-0.00741705776652236,0.011053627814375,-0.00211558804752247,-0.0025615871366001,-0.0025615871366001,0.00179791834369895,11.4105198601419,-23.9741738635499,-6.79288806928419,-2.65484542982531,-6.79288806928419,-2.65484542982531,-5.10492871125654,5.54188674443088,8.67361737988404e-19,1.31555660242723e-19,1.18493396505921e-19,0,0,0,0.0144410819694882,0.0110534261280014,-0.00741668693217575,-0.00211563498216453,0.00179796924916267,-0.00256145906364692,4.64150080094537e-12,4.2567690249385e-09,2.16810086729191e-12,5.60056698746513e-20,1.73472347597681e-18,7.11861968781275e-14
NC_k0061,0.00315789473684211,0.00315789473684211,0.203892055221013,53.4477454816141,-41.0794796307118,53.4441448601551,-39.1342531136981,-52.4077878284204,39.064529073881,-49.804818165902,40.0039761152405,1,800,0.780487313682691,0.279445169076702,0.349777719310599,0.262527776858563,3.78226680728647e-19,1.67950751572767e-19,0,-1.94695816882321e-18,0.00195672235925018,-0.000208123185815201,1,8.66290815181847e-20,3.18779238007556e-20,1,0.0144410819694882,-0.00741668693217575,-0.00741668693217575,0.0110534261280014,-0.00211563498216453,-0.00256145906364691,-0.00256145906364691,0.00179796924916267,1,-4.33680868994202e-19,0,1,0.0144411989644658,-0.00741705776652236,-0.00741705776652236,0.011053627814375,-0.00211558804752247,-0.0025615871366001,-0.0025615871366001,0.00179791834369895,11.4146563368222,-23.9705947524588,-6.78372746200508,-2.65482185568271,-6.78372746200508,-2.65482185568271,-5.10953740702312,5.53615674184807,1.51788304147971e-18,4.05994817463632e-19,1.59213583737237e-19,0,0,0,0.0144410819694882,0.0110534261280014,-0.00741668693217575,-0.00211563498216453,0.00179796924916267,-0.00256145906364692,1.20554683833381e-11,7.85048007303034e-09,3.76034941146367e-12,8.66290815181847e-20,2.60208521396521e-18,5.32263508450448e-14
NC_k0061,0.0131578947368421,0.0131578947368421,0.204019416111703,54.0326510111811,-44.3225296243461,53.8219533409732,-36.3745548227311,-56.9326261788901,37.9294949422356,-46.2382145114124,41.6135247519015,1,800,3.22686789697166,1.15563462948295,1.44622583372997,1.09671015670866,-5.45088862615294e-19,5.6843189950154e-19,0,2.238383824793e-18,0.00195790663262668,-0.00020850644729338,1,3.56235028448271e-19,-6.96471989992599e-23,1,0.0144410819694883,-0.00741668693217575,-0.00741668693217575,0.0110534261280014,-0.00211563498216453,-0.00256145906364692,-0.00256145906364692,0.00179796924916267,1,-4.33680868994202e-19,0,1,0.0144411989644658,-0.00741705776652236,-0.00741705776652236,0.011053627814375,-0.00211558804752247,-0.0025615871366001,-0.0025615871366001,0.00179791834369895,11.397240396904,-23.9883372124482,-6.82406117877465,-2.65491079415388,-6.82406117877465,-2.65491079415388,-5.08860319772908,5.56093049961843,8.67361737988404e-19,-5.21461985239711e-19,5.5301381905898e-21,0,0,0,0.0144410819694882,0.0110534261280014,-0.00741668693217575,-0.00211563498216453,0.00179796924916267,-0.00256145906364692,1.94212689502583e-12,7.88408217087108e-09,3.05694428046471e-12,3.56235028448271e-19,3.46944695195361e-18,5.36012552186227e-14
NC_k0061,0.0231578947368421,0.0231578947368421,0.204423603784276,55.4760963652851,-47.5062295076689,54.3688514294137,-34.1407105531923,-61.6883719542667,37.4392967571952,-43.4658006681251,43.0333906446293,1,800,5.55272635541755,1.98735691445995,2.4882274790596,1.93562897937922,-4.21769468173438e-19,2.49126948166271e-19,0,-3.39823000993525e-18,0.00196055249890995,-0.000209506621815608,1,3.53852970764221e-20,3.58178968031916e-20,1,0.0144410819694882,-0.00741668693217575,-0.00741668693217575,0.0110534261280014,-0.00211563498216453,-0.00256145906364691,-0.00256145906364691,0.00179796924916267,1,-4.33680868994202e-19,0,1,0.0144411989644658,-0.00741705776652236,-0.00741705776652236,0.011053627814375,-0.00211558804752247,-0.0025615871366001,-0.0025615871366001,0.00179791834369895,11.3681371547528,-24.0469953020306,-6.91168083454781,-2.65542294892083,-6.91168083454781,-2.65542294892083,-5.03866118331196,5.61135610821076,1.73472347597681e-18,1.38881728359055e-18,1.43684609006167e-19,0,0,0,0.0144410819694882,0.0110534261280014,-0.00741668693217575,-0.00211563498216453,0.00179796924916267,-0.00256145906364692,1.25659526844079e-12,7.27589183249668e-09,2.65326729836736e-12,3.58178968031916e-20,1.04083408558608e-17,7.33183964815343e-14
NC_k0062,-0.0268421052631579,-0.0268421052631579,0.715018831554186,34.9372786635184,-90.4156342994337,33.4151525302548,-125.65077317024,-30.6464837831065,103.360519736019,-37.4247092097321,110.947091154242,1,800,-14.2185342595365,1.92576569688334,-4.05661362567561,-3.50364392827533,1.99936833243457e-18,-8.18445585284468e-20,0,-4.35819627186019e-18,-0.000219342537599641,-0.000178063322946013,1,-1.0638406536981e-19,-1.33974024740379e-19,1,0.000514545245127709,-0.016965264742165,-0.016965264742165,-0.00641988876246026,-0.00428897221301671,0.00241466856620862,0.00241466856620862,0.00681719566742371,1,0,1.0842021724855e-19,1,0.000514421656305634,-0.0169661130054021,-0.0169661130054021,-0.00641983899043215,-0.00428881758452161,0.00241478929963694,0.00241478929963694,0.00681707264172179,4.87791941167266,-53.6408557082648,-17.2914847517703,-4.20945734656294,-17.2914847517703,-4.20945734656294,10.3655870378816,15.8554718424297,2.16840434497101e-18,3.68274231274883e-19,5.9096375873237e-19,0,0,0,0.000514545245127712,-0.00641988876246026,-0.016965264742165,-0.00428897221301671,0.00681719566742371,0.00241466856620863,7.48657925338991e-13,1.19133286396754e-08,1.40989456410761e-12,1.33974024740379e-19,3.90312782094782e-18,1.24217486379982e-14
NC_k0062,-0.0168421052631579,-0.0168421052631579,0.712832006488818,33.6824897989689,-96.8343541339508,31.9765471732118,-119.405685974628,-30.5708650521398,105.351505906668,-34.8460597854116,109.136025014535,1,800,-9.0639080862207,1.14045451218422,-2.61473967943204,-2.19209822075424,1.14084750083314e-19,-7.29957112075995e-19,0,1.48545756146763e-18,-0.000221319267605358,-0.000177542213432681,1,2.92146310365628e-19,-4.46402700381859e-20,1,0.000514545245127712,-0.016965264742165,-0.016965264742165,-0.00641988876246026,-0.00428897221301671,0.00241466856620862,0.00241466856620862,0.00681719566742371,1,0,1.0842021724855e-19,1,0.000514421656305634,-0.0169661130054021,-0.0169661130054021,-0.00641983899043215,-0.00428881758452161,0.00241478929963694,0.00241478929963694,0.00681707264172179,4.69746752880363,-53.6650476242608,-17.097094611807,-4.20798363334034,-17.097094611807,-4.20798363334034,10.3070902184192,15.7949696216284,1.30104260698261e-18,3.90787729938321e-20,-4.42864131996518e-20,0,0,0,0.000514545245127712,-0.00641988876246026,-0.016965264742165,-0.00428897221301671,0.00681719566742371,0.00241466856620863,1.29955225604836e-12,8.23048186408476e-09,6.78449596538357e-12,2.92146310365628e-19,1.73472347597681e-18,2.80346761387549e-15
NC_k0062,-0.00684210526315789,-0.00684210526315789,0.711910885524628,32.391862037668,-103.48242484493,31.5430464366746,-112.744756556783,-30.9799244689275,106.579830141412,-32.7355516107276,107.899596125788,1,800,-3.69963613755603,0.448910448656716,-1.07273947733678,-0.886534428654482,-3.26081214913304e-19,-2.33066409392941e-19,0,6.74013232887809e-19,-0.000222362483586514,-0.000177589900636888,1,2.83326307913037e-19,-2.22847373129855e-20,1,0.000514545245127708,-0.016965264742165,-0.016965264742165,-0.00641988876246026,-0.00428897221301671,0.00241466856620862,0.00241466856620862,0.00681719566742371,1,0,1.0842021724855e-19,1,0.000514421656305634,-0.0169661130054021,-0.0169661130054021,-0.00641983899043215,-0.00428881758452161,0.00241478929963694,0.00241478929963694,0.00681707264172179,4.60490411559413,-53.7126663491041,-16.9892567313486,-4.20898230006426,-16.9892567313486,-4.20898230006426,10.2837504698064,15.7571090264174,2.16840434497101e-18,6.28779244186852e-19,-1.0815820281049e-19,0,0,0,0.000514545245127712,-0.00641988876246026,-0.016965264742165,-0.00428897221301671,0.00681719566742371,0.00241466856620863,1.6095615875385e-12,4.21778298187476e-09,1.50686948514007e-12,2.83326307913037e-19,4.87890977618477e-18,5.81692451408453e-14
NC_k0062,0.00315789473684211,0.00315789473684211,0.711777483503732,31.6248354110232,-110.247903181387,32.0265691970493,-105.966941295903,-32.1231659312846,107.531588191978,-31.3116012049511,106.93691433367,1,800,1.70837465142546,-0.206174764044257,0.495725962835803,0.408737538285606,2.54244880052259e-18,-8.53848915501737e-19,0,5.83810841450126e-18,-0.000222520030471565,-0.000177617902131611,1,2.98772348674653e-19,-5.3121077372385e-20,1,0.00051454524512771,-0.016965264742165,-0.016965264742165,-0.00641988876246026,-0.00428897221301671,0.00241466856620863,0.00241466856620863,0.00681719566742371,1,0,1.0842021724855e-19,1,0.000514421656305634,-0.0169661130054021,-0.0169661130054021,-0.00641983899043215,-0.00428881758452161,0.00241478929963694,0.00241478929963694,0.00681707264172179,4.59086236208587,-53.7217439480399,-16.9721879595995,-4.20919768343385,-16.9721879595995,-4.20919768343385,10.2806132650684,15.7506415290052,1.73472347597681e-18,9.65739945499488e-20,5.50427589932009e-19,0,0,0,0.000514545245127712,-0.00641988876246026,-0.016965264742165,-0.00428897221301671,0.00681719566742371,0.00241466856620863,4.26952204020139e-12,8.49167904561309e-09,4.50216876132453e-12,2.98772348674653e-19,3.46944695195361e-18,3.33794946842453e-14
NC_k0062,0.0131578947368421,0.0131578947368421,0.71238855877092,31.7009311794919,-116.9831661244,33.1756216082783,-99.2655875775538,-33.9997716676323,108.629429841201,-30.6451262512399,105.868903140801,1,800,7.09916581475597,-0.877974782217859,2.05299304073758,1.70943029262544,-1.17061276799524e-18,7.82962845728393e-19,0,3.88655773891715e-18,-0.000221809481116527,-0.000177536062128998,1,7.10746121844461e-19,1.558050343899e-20,1,0.000514545245127706,-0.016965264742165,-0.016965264742165,-0.00641988876246026,-0.00428897221301671,0.00241466856620862,0.00241466856620862,0.00681719566742371,1,0,1.0842021724855e-19,1,0.000514421656305634,-0.0169661130054021,-0.0169661130054021,-0.00641983899043215,-0.00428881758452161,0.00241478929963694,0.00241478929963694,0.00681707264172179,4.65378237221386,-53.6849719528132,-17.0471813513983,-4.20834598433154,-17.0471813513983,-4.20834598433154,10.2955420118058,15.7780816017718,3.46944695195361e-18,7.91544123210125e-19,-2.85245966543727e-19,0,0,0,0.000514545245127712,-0.00641988876246026,-0.016965264742165,-0.00428897221301671,0.00681719566742371,0.00241466856620863,5.65498336255239e-13,5.932473913352e-09,2.56542581062887e-12,7.10746121844461e-19,6.93889390390723e-18,4.98704482976254e-15
NC_k0062,0.0231578947368421,0.0231578947368421,0.713988163911054,32.7710208628042,-123.418079466753,34.5233826048669,-92.7388766430683,-36.4391011079489,110.194842709989,-30.5895511728585,104.205637492144,1,800,12.364846792998,-1.62229472381105,3.54504218283172,3.02207798829484,2.32072469168897e-18,1.57199388843048e-18,0,-4.53177185159832e-18,-0.000220176613091931,-0.000177739869962059,1,4.80894598044348e-20,3.53933544106119e-20,1,0.000514545245127708,-0.016965264742165,-0.016965264742165,-0.00641988876246026,-0.00428897221301671,0.00241466856620862,0.00241466856620862,0.00681719566742371,1,0,1.0842021724855e-19,1,0.000514421656305634,-0.0169661130054021,-0.0169661130054021,-0.00641983899043215,-0.00428881758452161,0.00241478929963694,0.00241478929963694,0.00681707264172179,4.80040760062339,-53.6384877339465,-17.2096763103305,-4.20803686693864,-17.2096763103305,-4.20803686693864,10.3382755178166,15.8304090488576,3.03576608295941e-18,4.83939516893571e-19,4.98573985529736e-19,0,0,0,0.000514545245127712,-0.00641988876246026,-0.016965264742165,-0.00428897221301671,0.00681719566742371,0.00241466856620863,1.23480956775794e-12,8.54145107568442e-09,2.70646313958064e-12,4.80894598044348e-20,6.93889390390723e-18,1.05737278978081e-14
NC_k0063,-0.0268421052631579,-0.0268421052631579,0.415956400721842,87.4585631757808,-3.34657504890517,93.0670232384241,-26.1260264353486,-75.5730221065895,8.42272565299826,-99.2297904616496,20.4860762470202,1,800,-6.24476686350245,8.43045938706386,0.721278532775217,-2.54856246397034,-4.88295468938015e-19,8.98715191926614e-19,0,1.47007200207414e-18,0.00152661561993571,0.000351125127126981,1,1.04818783551185e-20,-8.33352013189257e-20,1,0.0132846561620654,-0.0098562838037297,-0.0098562838037297,-0.00177196758404015,0.00616208488741966,0.00847158768275763,0.00847158768275763,0.0036732306067995,1,0,0,1,0.0132845399085722,-0.00985677661791988,-0.00985677661791988,-0.00177170742193971,0.00616211524746299,0.00847201126214177,0.00847201126214177,0.00367332318819985,16.3600786402713,-33.8585091064376,-2.9366166469199,-6.36835632057154,-2.9366166469199,-6.36835632057154,35.754893872314,2.66035739845775,9.75781955236954e-19,-6.21439043488613e-19,3.30435813401017e-19,0,0,0,0.0132846561620654,-0.00177196758404015,-0.0098562838037297,0.00616208488741966,0.0036732306067995,0.00847158768275763,7.05341695734486e-13,1.71146903882376e-08,3.63934310659064e-12,8.33352013189257e-20,3.46944695195361e-18,1.61479647562242e-14
NC_k0063,-0.0168421052631579,-0.0168421052631579,0.414910523195991,87.2975361910656,-8.02258114611284,90.5269685059285,-22.7658520506119,-78.3738729126836,11.4558028653384,-93.7184107026165,18.8079545158232,1,800,-3.97491465441761,5.36604842177324,0.459074143227355,-1.60660274483196,-6.98098871168975e-19,-2.71939927715993e-18,0,-2.21803518172419e-19,0.00152223771903486,0.000353129767335395,1,1.64295466662187e-19,5.13210844224311e-20,1,0.0132846561620654,-0.0098562838037297,-0.0098562838037297,-0.00177196758404015,0.00616208488741966,0.00847158768275763,0.00847158768275763,0.0036732306067995,1,0,0,1,0.0132845399085722,-0.00985677661791988,-0.00985677661791988,-0.00177170742193971,0.00616211524746299,0.00847201126214177,0.00847201126214177,0.00367332318819985,16.3181121480476,-33.7658889113243,-2.84448391717196,-6.33491954231326,-2.84448391717196,-6.33491954231326,35.6769343823623,2.70267078769112,1.30104260698261e-18,1.85020496342543e-19,-2.45316103876538e-20,0,0,0,0.0132846561620654,-0.00177196758404015,-0.0098562838037297,0.00616208488741966,0.0036732306067995,0.00847158768275763,1.18453065663606e-12,1.6030337650556e-08,2.24137899753367e-12,1.64295466662187e-19,1.73472347597681e-18,5.39176345152122e-14
NC_k0063,-0.00684210526315789,-0.00684210526315789,0.414691592953918,87.5541101428315,-12.7274934712865,88.7915806252451,-18.8031698965969,-82.1361588476872,14.0522404268032,-88.4756626519076,16.9749080947438,1,800,-1.6196468313302,2.19084925713422,0.188496800515332,-0.653191244007567,-9.66382701936514e-19,4.12916650385651e-18,0,1.0233150619567e-18,0.00152004142748158,0.000354069034721973,1,1.72776725282031e-19,-8.10831545293037e-20,1,0.0132846561620654,-0.00985628380372969,-0.00985628380372969,-0.00177196758404015,0.00616208488741966,0.00847158768275763,0.00847158768275763,0.0036732306067995,1,0,0,1,0.0132845399085722,-0.00985677661791988,-0.00985677661791988,-0.00177170742193971,0.00616211524746299,0.00847201126214177,0.00847201126214177,0.00367332318819985,16.3132627684685,-33.7406436534972,-2.79237148184095,-6.3208732956083,-2.79237148184095,-6.3208732956083,35.6663324865747,2.71998942297042,1.51788304147971e-18,4.62730223289666e-19,-5.40540686592584e-20,0,0,0,0.0132846561620654,-0.00177196758404015,-0.0098562838037297,0.00616208488741966,0.0036732306067995,0.00847158768275763,1.77728987025729e-12,9.56438987692098e-09,1.88647852683968e-12,1.72776725282031e-19,3.46944695195361e-18,6.53243091037635e-14
NC_k0063,0.00315789473684211,0.00315789473684211,0.414676148907091,88.3393266340008,-17.2283215950726,87.7739918572921,-14.4181814186827,-86.6565782729306,16.2440105174147,-83.7234222418263,14.9010631733647,1,800,0.74760854118547,-1.011702489956,-0.0871510030942788,0.301459613450342,8.59298381377237e-19,4.65840327721283e-18,0,-1.42828945497286e-18,0.00151971569558281,0.000354205155332425,1,1.66940486333951e-19,-3.40382891600755e-20,1,0.0132846561620654,-0.00985628380372969,-0.00985628380372969,-0.00177196758404015,0.00616208488741966,0.00847158768275763,0.00847158768275763,0.0036732306067995,1,0,0,1,0.0132845399085722,-0.00985677661791988,-0.00985677661791988,-0.00177170742193971,0.00616211524746299,0.00847201126214177,0.00847201126214177,0.00367332318819985,16.3134947548843,-33.7380081793726,-2.78414021270272,-6.31889488788705,-2.78414021270272,-6.31889488788705,35.6664398098103,2.72223468812938,1.84314369322536e-18,3.1305907213115e-19,2.91632723177153e-19,0,0,0,0.0132846561620654,-0.00177196758404015,-0.0098562838037297,0.00616208488741966,0.0036732306067995,0.00847158768275763,7.0925924607237e-12,1.07344283338178e-08,2.62326290162262e-12,1.66940486333951e-19,3.46944695195361e-18,4.95305216123419e-14
NC_k0063,0.0131578947368421,0.0131578947368421,0.414782496543169,89.7973692205198,-21.3662168893709,87.3392791492898,-9.7685802780595,-91.7437061754867,18.1545497770384,-79.6598202521392,12.4653320538322,1,800,3.11101812779409,-4.20300434058031,-0.360355450219485,1.25583506708541,5.69220202625303e-19,-5.03308300747485e-18,0,-9.83074379517221e-19,0.00152119400780869,0.000353583166218706,1,5.2422578277317e-19,2.01606039339237e-19,1,0.0132846561620654,-0.0098562838037297,-0.0098562838037297,-0.00177196758404015,0.00616208488741967,0.00847158768275763,0.00847158768275763,0.0036732306067995,1,0,0,1,0.0132845399085722,-0.00985677661791988,-0.00985677661791988,-0.00177170742193971,0.00616211524746299,0.00847201126214177,0.00847201126214177,0.00367332318819985,16.3144575933891,-33.7523134997762,-2.82037487176493,-6.32804450053536,-2.82037487176493,-6.32804450053536,35.6695353953174,2.71137938224421,1.95156391047391e-18,2.05788598505499e-19,-2.03417995649139e-19,0,0,0,0.0132846561620654,-0.00177196758404015,-0.0098562838037297,0.00616208488741966,0.0036732306067995,0.00847158768275763,2.99049343942646e-12,8.12694681227923e-09,2.2520577082485e-12,5.2422578277317e-19,3.46944695195361e-18,5.3265116956885e-14
NC_k0063,0.0231578947368421,0.0231578947368421,0.415398787832825,92.0353079772113,-24.9696773123192,87.3529753816032,-5.04294404847302,-97.1825333056977,19.8818940672326,-76.4773377979489,9.58299887374993,1,800,5.42893085537478,-7.32428457021765,-0.625466725898185,2.20440375964636,-9.16044625759599e-20,-6.607823135539e-18,0,-1.55728330841683e-18,0.00152473299380399,0.000352009319516111,1,7.91688572819729e-20,-7.3088550945414e-20,1,0.0132846561620654,-0.0098562838037297,-0.0098562838037297,-0.00177196758404015,0.00616208488741966,0.00847158768275763,0.00847158768275763,0.0036732306067995,1,0,0,1,0.0132845399085722,-0.00985677661791988,-0.00985677661791988,-0.00177170742193971,0.00616211524746299,0.00847201126214177,0.00847201126214177,0.00367332318819985,16.3365529777,-33.810871695755,-2.89838275821799,-6.35291184662919,-2.89838275821799,-6.35291184662919,35.7117753679292,2.6793834221772,1.0842021724855e-18,1.73606029952957e-19,9.20668539684978e-19,0,0,0,0.0132846561620654,-0.00177196758404015,-0.0098562838037297,0.00616208488741966,0.0036732306067995,0.00847158768275763,1.31948305559486e-12,8.16194191665849e-09,4.61575653616813e-13,7.91688572819729e-20,3.46944695195361e-18,5.74623608171123e-15
