# LOG-energy minimizing points, hierarchical order
# DIM = 9   (sphere S^8)
# components: H11, H22, H12, G1_11, G1_22, G1_12, G2_11, G2_22, G2_12
# the first N rows are themselves an optimized N-point set
#
# Active subspace is S^2; columns 4..9 are exact zeros.
+9.83677545818528842e-01 -4.01035018675350713e-02 -1.75414352293068260e-01 +0.00000000000000000e+00 +0.00000000000000000e+00 +0.00000000000000000e+00 +0.00000000000000000e+00 +0.00000000000000000e+00 +0.00000000000000000e+00
-3.44300241072967472e-01 +2.49470136686495980e-01 -9.05108830416938015e-01 +0.00000000000000000e+00 +0.00000000000000000e+00 +0.00000000000000000e+00 +0.00000000000000000e+00 +0.00000000000000000e+00 +0.00000000000000000e+00
+7.22980410561680942e-01 -1.82946159416259357e-01 +6.66205695486689731e-01 +0.00000000000000000e+00 +0.00000000000000000e+00 +0.00000000000000000e+00 +0.00000000000000000e+00 +0.00000000000000000e+00 +0.00000000000000000e+00
-3.63514057576097864e-03 +9.11070157804550362e-01 -4.12235313032479289e-01 +0.00000000000000000e+00 +0.00000000000000000e+00 +0.00000000000000000e+00 +0.00000000000000000e+00 +0.00000000000000000e+00 +0.00000000000000000e+00
-7.40113246468243752e-02 -5.70990387227964247e-01 +8.17613785058252218e-01 +0.00000000000000000e+00 +0.00000000000000000e+00 +0.00000000000000000e+00 +0.00000000000000000e+00 +0.00000000000000000e+00 +0.00000000000000000e+00
-8.91977682178503262e-01 +4.01290081145993849e-01 -2.08187620355550385e-01 +0.00000000000000000e+00 +0.00000000000000000e+00 +0.00000000000000000e+00 +0.00000000000000000e+00 +0.00000000000000000e+00 +0.00000000000000000e+00
+5.38216483787666178e-01 +3.07462988171353369e-01 -7.84722579950381638e-01 +0.00000000000000000e+00 +0.00000000000000000e+00 +0.00000000000000000e+00 +0.00000000000000000e+00 +0.00000000000000000e+00 +0.00000000000000000e+00
+6.64190410265826925e-01 +7.29780757901719146e-01 +1.62083757074251739e-01 +0.00000000000000000e+00 +0.00000000000000000e+00 +0.00000000000000000e+00 +0.00000000000000000e+00 +0.00000000000000000e+00 +0.00000000000000000e+00
+5.86596661959454591e-01 -8.08658282590811184e-01 +4.44537757148399104e-02 +0.00000000000000000e+00 +0.00000000000000000e+00 +0.00000000000000000e+00 +0.00000000000000000e+00 +0.00000000000000000e+00 +0.00000000000000000e+00
-8.94382092876341628e-01 -4.03290347828144324e-01 +1.93487899597854729e-01 +0.00000000000000000e+00 +0.00000000000000000e+00 +0.00000000000000000e+00 +0.00000000000000000e+00 +0.00000000000000000e+00 +0.00000000000000000e+00
-5.85513851623507775e-01 -4.99641092938873876e-01 -6.38382571663616671e-01 +0.00000000000000000e+00 +0.00000000000000000e+00 +0.00000000000000000e+00 +0.00000000000000000e+00 +0.00000000000000000e+00 +0.00000000000000000e+00
-2.27723202601961744e-01 -9.73318013788508019e-01 +2.81813241615736579e-02 +0.00000000000000000e+00 +0.00000000000000000e+00 +0.00000000000000000e+00 +0.00000000000000000e+00 +0.00000000000000000e+00 +0.00000000000000000e+00
-6.27511726920278456e-01 +1.35931630008456344e-01 +7.66649610018014793e-01 +0.00000000000000000e+00 +0.00000000000000000e+00 +0.00000000000000000e+00 +0.00000000000000000e+00 +0.00000000000000000e+00 +0.00000000000000000e+00
+3.01798457330922310e-01 -5.60080035536875576e-01 -7.71510236449062026e-01 +0.00000000000000000e+00 +0.00000000000000000e+00 +0.00000000000000000e+00 +0.00000000000000000e+00 +0.00000000000000000e+00 +0.00000000000000000e+00
-3.55238744362549097e-01 +8.70906016399017768e-01 +3.39599978067892883e-01 +0.00000000000000000e+00 +0.00000000000000000e+00 +0.00000000000000000e+00 +0.00000000000000000e+00 +0.00000000000000000e+00 +0.00000000000000000e+00
+2.06834038701988854e-01 +4.33116047928299108e-01 +8.77285682922727128e-01 +0.00000000000000000e+00 +0.00000000000000000e+00 +0.00000000000000000e+00 +0.00000000000000000e+00 +0.00000000000000000e+00 +0.00000000000000000e+00
+3.52032463776507876e-01 +7.53458091683903652e-01 +5.55314369095102789e-01 +0.00000000000000000e+00 +0.00000000000000000e+00 +0.00000000000000000e+00 +0.00000000000000000e+00 +0.00000000000000000e+00 +0.00000000000000000e+00
+5.57989785040212891e-02 -8.80632090067697604e-01 -4.70503555715476640e-01 +0.00000000000000000e+00 +0.00000000000000000e+00 +0.00000000000000000e+00 +0.00000000000000000e+00 +0.00000000000000000e+00 +0.00000000000000000e+00
-3.93706802452519766e-01 +5.24931852479932237e-01 +7.54613479838916912e-01 +0.00000000000000000e+00 +0.00000000000000000e+00 +0.00000000000000000e+00 +0.00000000000000000e+00 +0.00000000000000000e+00 +0.00000000000000000e+00
+8.68597273293495453e-01 -4.62385598676742282e-01 +1.78152560923090675e-01 +0.00000000000000000e+00 +0.00000000000000000e+00 +0.00000000000000000e+00 +0.00000000000000000e+00 +0.00000000000000000e+00 +0.00000000000000000e+00
-9.29844062881275080e-01 +2.54229620022286662e-01 +2.66002479363947053e-01 +0.00000000000000000e+00 +0.00000000000000000e+00 +0.00000000000000000e+00 +0.00000000000000000e+00 +0.00000000000000000e+00 +0.00000000000000000e+00
-4.84715680114215397e-01 +6.77240745537501021e-01 -5.53530199749953433e-01 +0.00000000000000000e+00 +0.00000000000000000e+00 +0.00000000000000000e+00 +0.00000000000000000e+00 +0.00000000000000000e+00 +0.00000000000000000e+00
+9.07679632237683220e-01 +2.55878675867226679e-01 +3.32631610730698746e-01 +0.00000000000000000e+00 +0.00000000000000000e+00 +0.00000000000000000e+00 +0.00000000000000000e+00 +0.00000000000000000e+00 +0.00000000000000000e+00
-6.66334287800126934e-01 -7.24698868597630996e-01 -1.75528250590072626e-01 +0.00000000000000000e+00 +0.00000000000000000e+00 +0.00000000000000000e+00 +0.00000000000000000e+00 +0.00000000000000000e+00 +0.00000000000000000e+00
+1.97616741032459048e-02 +9.99726782016950755e-01 +1.24834912852720640e-02 +0.00000000000000000e+00 +0.00000000000000000e+00 +0.00000000000000000e+00 +0.00000000000000000e+00 +0.00000000000000000e+00 +0.00000000000000000e+00
-5.73313793343051992e-01 -5.24330748951386316e-01 +6.29593964445878895e-01 +0.00000000000000000e+00 +0.00000000000000000e+00 +0.00000000000000000e+00 +0.00000000000000000e+00 +0.00000000000000000e+00 +0.00000000000000000e+00
+6.02860032979372851e-01 +6.45318013183458272e-01 -4.69174213376080063e-01 +0.00000000000000000e+00 +0.00000000000000000e+00 +0.00000000000000000e+00 +0.00000000000000000e+00 +0.00000000000000000e+00 +0.00000000000000000e+00
+1.63815316436022013e-01 -1.34875201150543383e-01 +9.77227313482163407e-01 +0.00000000000000000e+00 +0.00000000000000000e+00 +0.00000000000000000e+00 +0.00000000000000000e+00 +0.00000000000000000e+00 +0.00000000000000000e+00
+3.57821124699669590e-02 -8.26441898407207776e-02 -9.95936533275468161e-01 +0.00000000000000000e+00 +0.00000000000000000e+00 +0.00000000000000000e+00 +0.00000000000000000e+00 +0.00000000000000000e+00 +0.00000000000000000e+00
+2.17491248971628415e-01 -8.59470989009396447e-01 +4.62609095967612016e-01 +0.00000000000000000e+00 +0.00000000000000000e+00 +0.00000000000000000e+00 +0.00000000000000000e+00 +0.00000000000000000e+00 +0.00000000000000000e+00
+7.26612054196642654e-01 -2.74310941045887269e-01 -6.29911446410251541e-01 +0.00000000000000000e+00 +0.00000000000000000e+00 +0.00000000000000000e+00 +0.00000000000000000e+00 +0.00000000000000000e+00 +0.00000000000000000e+00
-8.21144657055897897e-01 -2.39392390397214355e-02 -5.70217822435208466e-01 +0.00000000000000000e+00 +0.00000000000000000e+00 +0.00000000000000000e+00 +0.00000000000000000e+00 +0.00000000000000000e+00 +0.00000000000000000e+00
-4.42240593426648454e-01 -1.84972799586689968e-01 -8.77615132583017932e-01 +0.00000000000000000e+00 +0.00000000000000000e+00 +0.00000000000000000e+00 +0.00000000000000000e+00 +0.00000000000000000e+00 +0.00000000000000000e+00
+4.48608135301975242e-01 -2.64098038034165816e-01 +8.53816705884459126e-01 +0.00000000000000000e+00 +0.00000000000000000e+00 +0.00000000000000000e+00 +0.00000000000000000e+00 +0.00000000000000000e+00 +0.00000000000000000e+00
+1.39304168019572183e-01 +2.85482523249938391e-01 -9.48205714858976756e-01 +0.00000000000000000e+00 +0.00000000000000000e+00 +0.00000000000000000e+00 +0.00000000000000000e+00 +0.00000000000000000e+00 +0.00000000000000000e+00
-1.69813728078879789e-01 +6.12759084425324008e-01 -7.71809304303978316e-01 +0.00000000000000000e+00 +0.00000000000000000e+00 +0.00000000000000000e+00 +0.00000000000000000e+00 +0.00000000000000000e+00 +0.00000000000000000e+00
-3.38878581466492745e-01 -8.26958435582031970e-01 -4.48665858789117078e-01 +0.00000000000000000e+00 +0.00000000000000000e+00 +0.00000000000000000e+00 +0.00000000000000000e+00 +0.00000000000000000e+00 +0.00000000000000000e+00
+2.57505958551480174e-01 +6.88909434988016489e-01 -6.77565105133798418e-01 +0.00000000000000000e+00 +0.00000000000000000e+00 +0.00000000000000000e+00 +0.00000000000000000e+00 +0.00000000000000000e+00 +0.00000000000000000e+00
+1.73218214187650932e-01 -9.83973385106341136e-01 -4.23299855422740803e-02 +0.00000000000000000e+00 +0.00000000000000000e+00 +0.00000000000000000e+00 +0.00000000000000000e+00 +0.00000000000000000e+00 +0.00000000000000000e+00
-7.15735102478938567e-01 +5.29991968103795896e-01 +4.54787617273083367e-01 +0.00000000000000000e+00 +0.00000000000000000e+00 +0.00000000000000000e+00 +0.00000000000000000e+00 +0.00000000000000000e+00 +0.00000000000000000e+00
-4.14547817991519629e-01 -2.42233305197526144e-01 +8.77196176719639009e-01 +0.00000000000000000e+00 +0.00000000000000000e+00 +0.00000000000000000e+00 +0.00000000000000000e+00 +0.00000000000000000e+00 +0.00000000000000000e+00
+6.29759652360734501e-01 -6.52838106087152203e-01 +4.20957465189806535e-01 +0.00000000000000000e+00 +0.00000000000000000e+00 +0.00000000000000000e+00 +0.00000000000000000e+00 +0.00000000000000000e+00 +0.00000000000000000e+00
+4.30771257971920896e-01 -1.76117981903658155e-01 -8.85109360336603590e-01 +0.00000000000000000e+00 +0.00000000000000000e+00 +0.00000000000000000e+00 +0.00000000000000000e+00 +0.00000000000000000e+00 +0.00000000000000000e+00
-1.38482299775214618e-01 -5.42714239851358915e-01 -8.28422541045045091e-01 +0.00000000000000000e+00 +0.00000000000000000e+00 +0.00000000000000000e+00 +0.00000000000000000e+00 +0.00000000000000000e+00 +0.00000000000000000e+00
-8.50006364662678204e-01 -1.33493150868310484e-01 +5.09577039027651391e-01 +0.00000000000000000e+00 +0.00000000000000000e+00 +0.00000000000000000e+00 +0.00000000000000000e+00 +0.00000000000000000e+00 +0.00000000000000000e+00
-7.18633701731671848e-01 +3.30579090809961895e-01 -6.11786782674073160e-01 +0.00000000000000000e+00 +0.00000000000000000e+00 +0.00000000000000000e+00 +0.00000000000000000e+00 +0.00000000000000000e+00 +0.00000000000000000e+00
+8.38320145821847995e-01 +1.53514094723631755e-01 -5.23118300033959205e-01 +0.00000000000000000e+00 +0.00000000000000000e+00 +0.00000000000000000e+00 +0.00000000000000000e+00 +0.00000000000000000e+00 +0.00000000000000000e+00
-9.61432518431917932e-02 +7.03064031666139733e-01 +7.04597361975170866e-01 +0.00000000000000000e+00 +0.00000000000000000e+00 +0.00000000000000000e+00 +0.00000000000000000e+00 +0.00000000000000000e+00 +0.00000000000000000e+00
+9.72874103029439885e-01 -9.03280349191157572e-02 +2.12971420059861055e-01 +0.00000000000000000e+00 +0.00000000000000000e+00 +0.00000000000000000e+00 +0.00000000000000000e+00 +0.00000000000000000e+00 +0.00000000000000000e+00
+5.44626046425637389e-01 +2.23474435864590870e-01 +8.08357375218277108e-01 +0.00000000000000000e+00 +0.00000000000000000e+00 +0.00000000000000000e+00 +0.00000000000000000e+00 +0.00000000000000000e+00 +0.00000000000000000e+00
-2.61116806592247896e-01 -8.57916117551754454e-01 +4.42490619742374913e-01 +0.00000000000000000e+00 +0.00000000000000000e+00 +0.00000000000000000e+00 +0.00000000000000000e+00 +0.00000000000000000e+00 +0.00000000000000000e+00
+8.83384468533650824e-01 +4.43019660666830239e-01 -1.52857649517994132e-01 +0.00000000000000000e+00 +0.00000000000000000e+00 +0.00000000000000000e+00 +0.00000000000000000e+00 +0.00000000000000000e+00 +0.00000000000000000e+00
-6.25658365840567887e-01 -7.43551348653038957e-01 +2.35972458498777654e-01 +0.00000000000000000e+00 +0.00000000000000000e+00 +0.00000000000000000e+00 +0.00000000000000000e+00 +0.00000000000000000e+00 +0.00000000000000000e+00
-8.77433082701530975e-01 -3.68242071748584143e-01 -3.07423099286958268e-01 +0.00000000000000000e+00 +0.00000000000000000e+00 +0.00000000000000000e+00 +0.00000000000000000e+00 +0.00000000000000000e+00 +0.00000000000000000e+00
+2.68142993236071769e-01 -6.33875457745408766e-01 +7.25466221988624760e-01 +0.00000000000000000e+00 +0.00000000000000000e+00 +0.00000000000000000e+00 +0.00000000000000000e+00 +0.00000000000000000e+00 +0.00000000000000000e+00
-4.35529645321960590e-01 +8.84386612384346904e-01 -1.67851862906153615e-01 +0.00000000000000000e+00 +0.00000000000000000e+00 +0.00000000000000000e+00 +0.00000000000000000e+00 +0.00000000000000000e+00 +0.00000000000000000e+00
+4.71084808534485422e-01 -7.73392027937927051e-01 -4.24197918771518578e-01 +0.00000000000000000e+00 +0.00000000000000000e+00 +0.00000000000000000e+00 +0.00000000000000000e+00 +0.00000000000000000e+00 +0.00000000000000000e+00
+4.45972654661041190e-01 +8.79799700964254638e-01 -1.64501907216274557e-01 +0.00000000000000000e+00 +0.00000000000000000e+00 +0.00000000000000000e+00 +0.00000000000000000e+00 +0.00000000000000000e+00 +0.00000000000000000e+00
-1.94202270261500692e-01 +1.37962837768630386e-01 +9.71211477290145009e-01 +0.00000000000000000e+00 +0.00000000000000000e+00 +0.00000000000000000e+00 +0.00000000000000000e+00 +0.00000000000000000e+00 +0.00000000000000000e+00
-7.26728424136457551e-01 +6.86237180145006453e-01 +3.07299550727144176e-02 +0.00000000000000000e+00 +0.00000000000000000e+00 +0.00000000000000000e+00 +0.00000000000000000e+00 +0.00000000000000000e+00 +0.00000000000000000e+00
-9.97499567584478553e-01 -2.49624384896217286e-02 -6.61172393058737096e-02 +0.00000000000000000e+00 +0.00000000000000000e+00 +0.00000000000000000e+00 +0.00000000000000000e+00 +0.00000000000000000e+00 +0.00000000000000000e+00
+8.05845330149549621e-01 -5.06785950162112031e-01 -3.06237333769820874e-01 +0.00000000000000000e+00 +0.00000000000000000e+00 +0.00000000000000000e+00 +0.00000000000000000e+00 +0.00000000000000000e+00 +0.00000000000000000e+00
+6.97875460027820305e-01 +5.00843505207197559e-01 +5.11982055918687617e-01 +0.00000000000000000e+00 +0.00000000000000000e+00 +0.00000000000000000e+00 +0.00000000000000000e+00 +0.00000000000000000e+00 +0.00000000000000000e+00
+1.20404933827713195e-01 +9.38537292530449485e-01 +3.23497144407114745e-01 +0.00000000000000000e+00 +0.00000000000000000e+00 +0.00000000000000000e+00 +0.00000000000000000e+00 +0.00000000000000000e+00 +0.00000000000000000e+00
-6.70753971743240807e-01 -2.17998153481858109e-01 +7.08918834895200134e-01 +0.00000000000000000e+00 +0.00000000000000000e+00 +0.00000000000000000e+00 +0.00000000000000000e+00 +0.00000000000000000e+00 +0.00000000000000000e+00
+9.24439759700402042e-01 +2.37329991595147283e-01 -2.98472118923209462e-01 +0.00000000000000000e+00 +0.00000000000000000e+00 +0.00000000000000000e+00 +0.00000000000000000e+00 +0.00000000000000000e+00 +0.00000000000000000e+00
-4.09321143508972807e-01 +7.78958138383945009e-02 +9.09059098003513366e-01 +0.00000000000000000e+00 +0.00000000000000000e+00 +0.00000000000000000e+00 +0.00000000000000000e+00 +0.00000000000000000e+00 +0.00000000000000000e+00
-5.36706115673975193e-01 +8.34220535216892323e-01 +1.26580583110504380e-01 +0.00000000000000000e+00 +0.00000000000000000e+00 +0.00000000000000000e+00 +0.00000000000000000e+00 +0.00000000000000000e+00 +0.00000000000000000e+00
+2.00397356754331651e-01 -4.25179800741378899e-01 +8.82645476081647784e-01 +0.00000000000000000e+00 +0.00000000000000000e+00 +0.00000000000000000e+00 +0.00000000000000000e+00 +0.00000000000000000e+00 +0.00000000000000000e+00
-4.52840686544483062e-01 -8.82791523954475021e-01 +1.24957744234029028e-01 +0.00000000000000000e+00 +0.00000000000000000e+00 +0.00000000000000000e+00 +0.00000000000000000e+00 +0.00000000000000000e+00 +0.00000000000000000e+00
-4.55745613651986681e-01 +7.15612254208919496e-01 +5.29334523022070735e-01 +0.00000000000000000e+00 +0.00000000000000000e+00 +0.00000000000000000e+00 +0.00000000000000000e+00 +0.00000000000000000e+00 +0.00000000000000000e+00
+5.19284396862267350e-01 -3.71008081323573602e-01 -7.69867987883631866e-01 +0.00000000000000000e+00 +0.00000000000000000e+00 +0.00000000000000000e+00 +0.00000000000000000e+00 +0.00000000000000000e+00 +0.00000000000000000e+00
+9.26681723924449724e-02 -7.26793689931931275e-01 -6.80575890037673936e-01 +0.00000000000000000e+00 +0.00000000000000000e+00 +0.00000000000000000e+00 +0.00000000000000000e+00 +0.00000000000000000e+00 +0.00000000000000000e+00
-2.26747287321621173e-02 +7.67285915288829390e-01 -6.40904190091082571e-01 +0.00000000000000000e+00 +0.00000000000000000e+00 +0.00000000000000000e+00 +0.00000000000000000e+00 +0.00000000000000000e+00 +0.00000000000000000e+00
-2.09617623861396901e-01 -3.15745516753680400e-01 -9.25400032643533876e-01 +0.00000000000000000e+00 +0.00000000000000000e+00 +0.00000000000000000e+00 +0.00000000000000000e+00 +0.00000000000000000e+00 +0.00000000000000000e+00
+3.37013632364254523e-01 +4.30902253638868526e-01 -8.37105166278165669e-01 +0.00000000000000000e+00 +0.00000000000000000e+00 +0.00000000000000000e+00 +0.00000000000000000e+00 +0.00000000000000000e+00 +0.00000000000000000e+00
-9.39549941567847546e-01 -1.23146588550181540e-01 -3.19500899886536849e-01 +0.00000000000000000e+00 +0.00000000000000000e+00 +0.00000000000000000e+00 +0.00000000000000000e+00 +0.00000000000000000e+00 +0.00000000000000000e+00
+5.18696348144100816e-01 +4.65033828783460501e-01 +7.17424307163458841e-01 +0.00000000000000000e+00 +0.00000000000000000e+00 +0.00000000000000000e+00 +0.00000000000000000e+00 +0.00000000000000000e+00 +0.00000000000000000e+00
-8.56523651516199330e-02 +8.81553514963207219e-01 +4.64248933870556213e-01 +0.00000000000000000e+00 +0.00000000000000000e+00 +0.00000000000000000e+00 +0.00000000000000000e+00 +0.00000000000000000e+00 +0.00000000000000000e+00
+3.82354173048476298e-01 +8.02361660010889821e-01 -4.58280539513718610e-01 +0.00000000000000000e+00 +0.00000000000000000e+00 +0.00000000000000000e+00 +0.00000000000000000e+00 +0.00000000000000000e+00 +0.00000000000000000e+00
-8.50464616272632590e-01 -5.24269205790598658e-01 -4.30318060036857797e-02 +0.00000000000000000e+00 +0.00000000000000000e+00 +0.00000000000000000e+00 +0.00000000000000000e+00 +0.00000000000000000e+00 +0.00000000000000000e+00
-7.72514771776641518e-01 -4.87749413204612903e-01 +4.06597389693341915e-01 +0.00000000000000000e+00 +0.00000000000000000e+00 +0.00000000000000000e+00 +0.00000000000000000e+00 +0.00000000000000000e+00 +0.00000000000000000e+00
+3.72004636052290394e-01 +9.17342697861850187e-01 +1.41756571047501195e-01 +0.00000000000000000e+00 +0.00000000000000000e+00 +0.00000000000000000e+00 +0.00000000000000000e+00 +0.00000000000000000e+00 +0.00000000000000000e+00
+6.91021786962968121e-01 -6.99714341752621261e-01 -1.81352501742331390e-01 +0.00000000000000000e+00 +0.00000000000000000e+00 +0.00000000000000000e+00 +0.00000000000000000e+00 +0.00000000000000000e+00 +0.00000000000000000e+00
-1.66790215057839336e-01 +5.03048809584817624e-02 -9.84708303566448451e-01 +0.00000000000000000e+00 +0.00000000000000000e+00 +0.00000000000000000e+00 +0.00000000000000000e+00 +0.00000000000000000e+00 +0.00000000000000000e+00
+3.83552370954797051e-01 -8.88343328693540157e-01 +2.52455360609821211e-01 +0.00000000000000000e+00 +0.00000000000000000e+00 +0.00000000000000000e+00 +0.00000000000000000e+00 +0.00000000000000000e+00 +0.00000000000000000e+00
+8.82502866480760373e-01 -1.64023792887761810e-01 -4.40777592465807888e-01 +0.00000000000000000e+00 +0.00000000000000000e+00 +0.00000000000000000e+00 +0.00000000000000000e+00 +0.00000000000000000e+00 +0.00000000000000000e+00
+9.44330475464091879e-01 -3.19574750055655776e-01 -7.81788477570980606e-02 +0.00000000000000000e+00 +0.00000000000000000e+00 +0.00000000000000000e+00 +0.00000000000000000e+00 +0.00000000000000000e+00 +0.00000000000000000e+00
-9.69982093504870635e-01 -1.27118181012827097e-01 +2.07305828031675965e-01 +0.00000000000000000e+00 +0.00000000000000000e+00 +0.00000000000000000e+00 +0.00000000000000000e+00 +0.00000000000000000e+00 +0.00000000000000000e+00
-1.08307572651171691e-01 -2.00968862391655234e-01 +9.73591796419533972e-01 +0.00000000000000000e+00 +0.00000000000000000e+00 +0.00000000000000000e+00 +0.00000000000000000e+00 +0.00000000000000000e+00 +0.00000000000000000e+00
-5.79036435877343589e-02 -9.66982614307826283e-01 -2.48176936248448110e-01 +0.00000000000000000e+00 +0.00000000000000000e+00 +0.00000000000000000e+00 +0.00000000000000000e+00 +0.00000000000000000e+00 +0.00000000000000000e+00
+8.53916736307365754e-01 +4.91229697850326608e-01 +1.71812663689419692e-01 +0.00000000000000000e+00 +0.00000000000000000e+00 +0.00000000000000000e+00 +0.00000000000000000e+00 +0.00000000000000000e+00 +0.00000000000000000e+00
-8.42129872142494795e-01 +1.55363618564176076e-01 +5.16410132038393366e-01 +0.00000000000000000e+00 +0.00000000000000000e+00 +0.00000000000000000e+00 +0.00000000000000000e+00 +0.00000000000000000e+00 +0.00000000000000000e+00
-4.69903544368077599e-03 -7.98112249723529010e-01 +6.02490461258223031e-01 +0.00000000000000000e+00 +0.00000000000000000e+00 +0.00000000000000000e+00 +0.00000000000000000e+00 +0.00000000000000000e+00 +0.00000000000000000e+00
+5.74368559293944370e-01 +4.88371365009820924e-02 -8.17138722734997547e-01 +0.00000000000000000e+00 +0.00000000000000000e+00 +0.00000000000000000e+00 +0.00000000000000000e+00 +0.00000000000000000e+00 +0.00000000000000000e+00
+1.55506552161926104e-01 -3.22286038735517533e-01 -9.33782320174717517e-01 +0.00000000000000000e+00 +0.00000000000000000e+00 +0.00000000000000000e+00 +0.00000000000000000e+00 +0.00000000000000000e+00 +0.00000000000000000e+00
+5.96312562333298435e-01 -5.81119858793587185e-01 -5.53814985098107893e-01 +0.00000000000000000e+00 +0.00000000000000000e+00 +0.00000000000000000e+00 +0.00000000000000000e+00 +0.00000000000000000e+00 +0.00000000000000000e+00
-2.34420598545260012e-01 +9.71933759119190777e-01 +1.97926971916645919e-02 +0.00000000000000000e+00 +0.00000000000000000e+00 +0.00000000000000000e+00 +0.00000000000000000e+00 +0.00000000000000000e+00 +0.00000000000000000e+00
+8.58841324172481491e-01 -2.65425015694686794e-01 +4.38110877446718450e-01 +0.00000000000000000e+00 +0.00000000000000000e+00 +0.00000000000000000e+00 +0.00000000000000000e+00 +0.00000000000000000e+00 +0.00000000000000000e+00
+5.48470684080473281e-01 +7.42783236875879660e-01 +3.83996056907474848e-01 +0.00000000000000000e+00 +0.00000000000000000e+00 +0.00000000000000000e+00 +0.00000000000000000e+00 +0.00000000000000000e+00 +0.00000000000000000e+00
-4.90534994396583490e-01 +4.68776489160335263e-01 -7.34591057992713292e-01 +0.00000000000000000e+00 +0.00000000000000000e+00 +0.00000000000000000e+00 +0.00000000000000000e+00 +0.00000000000000000e+00 +0.00000000000000000e+00
+7.33588756048652368e-01 -6.47992532523337550e-01 +2.04824839296854633e-01 +0.00000000000000000e+00 +0.00000000000000000e+00 +0.00000000000000000e+00 +0.00000000000000000e+00 +0.00000000000000000e+00 +0.00000000000000000e+00
+1.74260336389397780e-01 +9.63633351978716579e-01 -2.02593430583810158e-01 +0.00000000000000000e+00 +0.00000000000000000e+00 +0.00000000000000000e+00 +0.00000000000000000e+00 +0.00000000000000000e+00 +0.00000000000000000e+00
-6.89769908282777289e-01 +6.47148574220655970e-01 -3.24678604949173277e-01 +0.00000000000000000e+00 +0.00000000000000000e+00 +0.00000000000000000e+00 +0.00000000000000000e+00 +0.00000000000000000e+00 +0.00000000000000000e+00
+9.84593704406044767e-01 +1.61327533947155544e-01 +6.74437842540862170e-02 +0.00000000000000000e+00 +0.00000000000000000e+00 +0.00000000000000000e+00 +0.00000000000000000e+00 +0.00000000000000000e+00 +0.00000000000000000e+00
-3.12485320174816672e-01 -5.13910272782069022e-01 +7.98904973200381119e-01 +0.00000000000000000e+00 +0.00000000000000000e+00 +0.00000000000000000e+00 +0.00000000000000000e+00 +0.00000000000000000e+00 +0.00000000000000000e+00
+1.71303796172234901e-01 +6.63252479240563519e-01 +7.28526703833309974e-01 +0.00000000000000000e+00 +0.00000000000000000e+00 +0.00000000000000000e+00 +0.00000000000000000e+00 +0.00000000000000000e+00 +0.00000000000000000e+00
+7.12071412680039928e-01 +6.81624966140707556e-01 -1.68349959244223635e-01 +0.00000000000000000e+00 +0.00000000000000000e+00 +0.00000000000000000e+00 +0.00000000000000000e+00 +0.00000000000000000e+00 +0.00000000000000000e+00
-3.10478283999355176e-01 -6.69012180619273256e-01 -6.75296925320899688e-01 +0.00000000000000000e+00 +0.00000000000000000e+00 +0.00000000000000000e+00 +0.00000000000000000e+00 +0.00000000000000000e+00 +0.00000000000000000e+00
-3.12904966920363015e-01 +8.56517002333068156e-01 -4.10449882922314491e-01 +0.00000000000000000e+00 +0.00000000000000000e+00 +0.00000000000000000e+00 +0.00000000000000000e+00 +0.00000000000000000e+00 +0.00000000000000000e+00
-8.32172428828429012e-01 +5.25496796388595588e-01 +1.77037187288762221e-01 +0.00000000000000000e+00 +0.00000000000000000e+00 +0.00000000000000000e+00 +0.00000000000000000e+00 +0.00000000000000000e+00 +0.00000000000000000e+00
-8.74216715241153519e-01 +2.44044937252404753e-01 -4.19746594261868888e-01 +0.00000000000000000e+00 +0.00000000000000000e+00 +0.00000000000000000e+00 +0.00000000000000000e+00 +0.00000000000000000e+00 +0.00000000000000000e+00
+8.20081292532918060e-01 +1.10154137058452853e-01 +5.61544957885338092e-01 +0.00000000000000000e+00 +0.00000000000000000e+00 +0.00000000000000000e+00 +0.00000000000000000e+00 +0.00000000000000000e+00 +0.00000000000000000e+00
-6.81634228092211969e-01 -2.56044392083373928e-01 -6.85431286399876938e-01 +0.00000000000000000e+00 +0.00000000000000000e+00 +0.00000000000000000e+00 +0.00000000000000000e+00 +0.00000000000000000e+00 +0.00000000000000000e+00
-4.18582569951765238e-01 -8.83040105773960748e-01 -2.12199914531763817e-01 +0.00000000000000000e+00 +0.00000000000000000e+00 +0.00000000000000000e+00 +0.00000000000000000e+00 +0.00000000000000000e+00 +0.00000000000000000e+00
+2.42537688080233099e-02 -9.71056557067156656e-01 +2.37615061971010455e-01 +0.00000000000000000e+00 +0.00000000000000000e+00 +0.00000000000000000e+00 +0.00000000000000000e+00 +0.00000000000000000e+00 +0.00000000000000000e+00
-6.81406605628016804e-01 -5.96850603319522111e-01 -4.23620579202223013e-01 +0.00000000000000000e+00 +0.00000000000000000e+00 +0.00000000000000000e+00 +0.00000000000000000e+00 +0.00000000000000000e+00 +0.00000000000000000e+00
+5.74077776782829896e-01 -5.07092164219205666e-01 +6.42878093569508424e-01 +0.00000000000000000e+00 +0.00000000000000000e+00 +0.00000000000000000e+00 +0.00000000000000000e+00 +0.00000000000000000e+00 +0.00000000000000000e+00
-9.70625614361781630e-01 +2.39866877520345745e-01 -1.87028824905049115e-02 +0.00000000000000000e+00 +0.00000000000000000e+00 +0.00000000000000000e+00 +0.00000000000000000e+00 +0.00000000000000000e+00 +0.00000000000000000e+00
+1.90947654934862349e-01 +1.53441203411316451e-01 +9.69533284715158206e-01 +0.00000000000000000e+00 +0.00000000000000000e+00 +0.00000000000000000e+00 +0.00000000000000000e+00 +0.00000000000000000e+00 +0.00000000000000000e+00
+7.09514943827110112e-01 +4.11108872989970120e-01 -5.72344336073075333e-01 +0.00000000000000000e+00 +0.00000000000000000e+00 +0.00000000000000000e+00 +0.00000000000000000e+00 +0.00000000000000000e+00 +0.00000000000000000e+00
-5.89227906414691693e-01 +8.20628717268813562e-02 -8.03788628549879758e-01 +0.00000000000000000e+00 +0.00000000000000000e+00 +0.00000000000000000e+00 +0.00000000000000000e+00 +0.00000000000000000e+00 +0.00000000000000000e+00
-4.44023943382020170e-01 -7.29687804035639265e-01 +5.19998506098938051e-01 +0.00000000000000000e+00 +0.00000000000000000e+00 +0.00000000000000000e+00 +0.00000000000000000e+00 +0.00000000000000000e+00 +0.00000000000000000e+00
+5.48205969068069066e-01 -1.17651546678727379e-02 +8.36260603289297855e-01 +0.00000000000000000e+00 +0.00000000000000000e+00 +0.00000000000000000e+00 +0.00000000000000000e+00 +0.00000000000000000e+00 +0.00000000000000000e+00
-1.13782072491120698e-01 +4.10318487748926486e-01 +9.04816212604006909e-01 +0.00000000000000000e+00 +0.00000000000000000e+00 +0.00000000000000000e+00 +0.00000000000000000e+00 +0.00000000000000000e+00 +0.00000000000000000e+00
-6.13482184070415437e-01 +3.94023045742826483e-01 +6.84386914874721586e-01 +0.00000000000000000e+00 +0.00000000000000000e+00 +0.00000000000000000e+00 +0.00000000000000000e+00 +0.00000000000000000e+00 +0.00000000000000000e+00
-5.77745357545495150e-02 +4.07412344012772154e-01 -9.11414990530858504e-01 +0.00000000000000000e+00 +0.00000000000000000e+00 +0.00000000000000000e+00 +0.00000000000000000e+00 +0.00000000000000000e+00 +0.00000000000000000e+00
+3.39367403945877388e-01 -9.10372957304435015e-01 -2.36750593975629281e-01 +0.00000000000000000e+00 +0.00000000000000000e+00 +0.00000000000000000e+00 +0.00000000000000000e+00 +0.00000000000000000e+00 +0.00000000000000000e+00
+2.00803115417794192e-01 +9.49713661307683282e-02 -9.75017204183476704e-01 +0.00000000000000000e+00 +0.00000000000000000e+00 +0.00000000000000000e+00 +0.00000000000000000e+00 +0.00000000000000000e+00 +0.00000000000000000e+00
+6.99330499639079783e-01 +2.86141821702982413e-01 +6.55026495759563843e-01 +0.00000000000000000e+00 +0.00000000000000000e+00 +0.00000000000000000e+00 +0.00000000000000000e+00 +0.00000000000000000e+00 +0.00000000000000000e+00
+7.50408684975172546e-01 -4.28986366973179434e-01 -5.02849383478775946e-01 +0.00000000000000000e+00 +0.00000000000000000e+00 +0.00000000000000000e+00 +0.00000000000000000e+00 +0.00000000000000000e+00 +0.00000000000000000e+00
-2.72171395870021926e-01 +4.31386261604272847e-01 -8.60132910990652588e-01 +0.00000000000000000e+00 +0.00000000000000000e+00 +0.00000000000000000e+00 +0.00000000000000000e+00 +0.00000000000000000e+00 +0.00000000000000000e+00
+2.50879122665905951e-01 -2.80104221366639983e-01 +9.26607409307185437e-01 +0.00000000000000000e+00 +0.00000000000000000e+00 +0.00000000000000000e+00 +0.00000000000000000e+00 +0.00000000000000000e+00 +0.00000000000000000e+00
+9.28827989796004450e-01 -1.41078518780718559e-02 -3.70242533870569601e-01 +0.00000000000000000e+00 +0.00000000000000000e+00 +0.00000000000000000e+00 +0.00000000000000000e+00 +0.00000000000000000e+00 +0.00000000000000000e+00
-2.98450861140994561e-01 +3.35666543409329776e-01 +8.93451204666394494e-01 +0.00000000000000000e+00 +0.00000000000000000e+00 +0.00000000000000000e+00 +0.00000000000000000e+00 +0.00000000000000000e+00 +0.00000000000000000e+00
-1.76186954893841674e-01 -9.51996302365633595e-01 +2.50322186806117175e-01 +0.00000000000000000e+00 +0.00000000000000000e+00 +0.00000000000000000e+00 +0.00000000000000000e+00 +0.00000000000000000e+00 +0.00000000000000000e+00
+8.20085874892201167e-02 -5.72203459274194692e-01 -8.16001098511924927e-01 +0.00000000000000000e+00 +0.00000000000000000e+00 +0.00000000000000000e+00 +0.00000000000000000e+00 +0.00000000000000000e+00 +0.00000000000000000e+00
+1.23770685805757816e-02 +5.49267234234074753e-01 +8.35555093078967359e-01 +0.00000000000000000e+00 +0.00000000000000000e+00 +0.00000000000000000e+00 +0.00000000000000000e+00 +0.00000000000000000e+00 +0.00000000000000000e+00
+8.02506792365126231e-01 +5.45727050158092641e-01 -2.41173868678974196e-01 +0.00000000000000000e+00 +0.00000000000000000e+00 +0.00000000000000000e+00 +0.00000000000000000e+00 +0.00000000000000000e+00 +0.00000000000000000e+00
+9.38907700518201827e-01 -2.88303454793434277e-01 +1.87971933707649003e-01 +0.00000000000000000e+00 +0.00000000000000000e+00 +0.00000000000000000e+00 +0.00000000000000000e+00 +0.00000000000000000e+00 +0.00000000000000000e+00
-3.96478055432481102e-01 +9.16191536266547035e-01 +5.82942572988361385e-02 +0.00000000000000000e+00 +0.00000000000000000e+00 +0.00000000000000000e+00 +0.00000000000000000e+00 +0.00000000000000000e+00 +0.00000000000000000e+00
+3.77201688586411177e-01 +3.75938714933335638e-01 +8.46397642211881629e-01 +0.00000000000000000e+00 +0.00000000000000000e+00 +0.00000000000000000e+00 +0.00000000000000000e+00 +0.00000000000000000e+00 +0.00000000000000000e+00
-6.35355799986809799e-01 +5.33596258370992560e-01 -5.58209674294165237e-01 +0.00000000000000000e+00 +0.00000000000000000e+00 +0.00000000000000000e+00 +0.00000000000000000e+00 +0.00000000000000000e+00 +0.00000000000000000e+00
-7.24027836250120904e-01 -3.68768334136124865e-01 +5.82918183001213008e-01 +0.00000000000000000e+00 +0.00000000000000000e+00 +0.00000000000000000e+00 +0.00000000000000000e+00 +0.00000000000000000e+00 +0.00000000000000000e+00
-7.52280061089981467e-01 +3.02548721786110808e-01 +5.85268297989942621e-01 +0.00000000000000000e+00 +0.00000000000000000e+00 +0.00000000000000000e+00 +0.00000000000000000e+00 +0.00000000000000000e+00 +0.00000000000000000e+00
-3.43023971993077326e-01 +6.42564169392269124e-01 -6.85161180198729514e-01 +0.00000000000000000e+00 +0.00000000000000000e+00 +0.00000000000000000e+00 +0.00000000000000000e+00 +0.00000000000000000e+00 +0.00000000000000000e+00
-9.60527635288880188e-01 +1.81470113643639713e-01 -2.10844159749604215e-01 +0.00000000000000000e+00 +0.00000000000000000e+00 +0.00000000000000000e+00 +0.00000000000000000e+00 +0.00000000000000000e+00 +0.00000000000000000e+00
+9.80579403018235984e-01 +1.59197633263103849e-01 -1.14543214289744677e-01 +0.00000000000000000e+00 +0.00000000000000000e+00 +0.00000000000000000e+00 +0.00000000000000000e+00 +0.00000000000000000e+00 +0.00000000000000000e+00
+4.05758752918950583e-01 -5.07801402393629808e-01 +7.59932608957347600e-01 +0.00000000000000000e+00 +0.00000000000000000e+00 +0.00000000000000000e+00 +0.00000000000000000e+00 +0.00000000000000000e+00 +0.00000000000000000e+00
-7.84664160226555940e-01 +4.63920472505480685e-01 -4.11193325391165931e-01 +0.00000000000000000e+00 +0.00000000000000000e+00 +0.00000000000000000e+00 +0.00000000000000000e+00 +0.00000000000000000e+00 +0.00000000000000000e+00
-6.98429421092218727e-01 +6.66601234832269629e-01 +2.60459473762966576e-01 +0.00000000000000000e+00 +0.00000000000000000e+00 +0.00000000000000000e+00 +0.00000000000000000e+00 +0.00000000000000000e+00 +0.00000000000000000e+00
-9.19277046094888473e-01 -3.81780782608168223e-01 -9.57765449061044466e-02 +0.00000000000000000e+00 +0.00000000000000000e+00 +0.00000000000000000e+00 +0.00000000000000000e+00 +0.00000000000000000e+00 +0.00000000000000000e+00
-9.63555264160914304e-01 -2.50211203319963382e-01 +9.46340670211669316e-02 +0.00000000000000000e+00 +0.00000000000000000e+00 +0.00000000000000000e+00 +0.00000000000000000e+00 +0.00000000000000000e+00 +0.00000000000000000e+00
+7.27409147406552825e-01 +5.34229578219208912e-01 -4.30667725775914334e-01 +0.00000000000000000e+00 +0.00000000000000000e+00 +0.00000000000000000e+00 +0.00000000000000000e+00 +0.00000000000000000e+00 +0.00000000000000000e+00
-1.86754694301201146e-01 -1.39030014958083648e-01 -9.72519068757636163e-01 +0.00000000000000000e+00 +0.00000000000000000e+00 +0.00000000000000000e+00 +0.00000000000000000e+00 +0.00000000000000000e+00 +0.00000000000000000e+00
+7.79621157979238366e-01 +6.25382910694565641e-01 +3.29706694245726073e-02 +0.00000000000000000e+00 +0.00000000000000000e+00 +0.00000000000000000e+00 +0.00000000000000000e+00 +0.00000000000000000e+00 +0.00000000000000000e+00
+6.17465785701628578e-01 -1.57118891268353711e-01 -7.70746169302497286e-01 +0.00000000000000000e+00 +0.00000000000000000e+00 +0.00000000000000000e+00 +0.00000000000000000e+00 +0.00000000000000000e+00 +0.00000000000000000e+00
+9.50010603892090910e-01 +7.10713929088434698e-02 +3.04020903232954776e-01 +0.00000000000000000e+00 +0.00000000000000000e+00 +0.00000000000000000e+00 +0.00000000000000000e+00 +0.00000000000000000e+00 +0.00000000000000000e+00
+3.48699121473445728e-01 +6.03127132126784371e-01 +7.17388726686004952e-01 +0.00000000000000000e+00 +0.00000000000000000e+00 +0.00000000000000000e+00 +0.00000000000000000e+00 +0.00000000000000000e+00 +0.00000000000000000e+00
+8.99342980640028933e-01 -3.14113748893306677e-01 -3.04162384146530185e-01 +0.00000000000000000e+00 +0.00000000000000000e+00 +0.00000000000000000e+00 +0.00000000000000000e+00 +0.00000000000000000e+00 +0.00000000000000000e+00
-3.32516780649340982e-01 -4.98366746381127546e-01 -8.00664209695979290e-01 +0.00000000000000000e+00 +0.00000000000000000e+00 +0.00000000000000000e+00 +0.00000000000000000e+00 +0.00000000000000000e+00 +0.00000000000000000e+00
-5.03427415923489441e-02 +9.79073751812750026e-01 -1.97180619940884899e-01 +0.00000000000000000e+00 +0.00000000000000000e+00 +0.00000000000000000e+00 +0.00000000000000000e+00 +0.00000000000000000e+00 +0.00000000000000000e+00
+3.63861485799441442e-01 -5.41722281746660553e-02 +9.29876437407903600e-01 +0.00000000000000000e+00 +0.00000000000000000e+00 +0.00000000000000000e+00 +0.00000000000000000e+00 +0.00000000000000000e+00 +0.00000000000000000e+00
-2.55327665897318756e-01 +7.92711150953060772e-01 +5.53549287942908474e-01 +0.00000000000000000e+00 +0.00000000000000000e+00 +0.00000000000000000e+00 +0.00000000000000000e+00 +0.00000000000000000e+00 +0.00000000000000000e+00
+1.44701571468649533e-02 +2.62097347215301424e-01 +9.64932948517588374e-01 +0.00000000000000000e+00 +0.00000000000000000e+00 +0.00000000000000000e+00 +0.00000000000000000e+00 +0.00000000000000000e+00 +0.00000000000000000e+00
-1.16288567697093934e-02 +9.87762788426152852e-03 +9.99883594303661805e-01 +0.00000000000000000e+00 +0.00000000000000000e+00 +0.00000000000000000e+00 +0.00000000000000000e+00 +0.00000000000000000e+00 +0.00000000000000000e+00
-9.73113185275403691e-01 -1.77345689146138435e-01 -1.46966782588580702e-01 +0.00000000000000000e+00 +0.00000000000000000e+00 +0.00000000000000000e+00 +0.00000000000000000e+00 +0.00000000000000000e+00 +0.00000000000000000e+00
+3.29360690558538394e-01 -3.71235176182765358e-01 -8.68162415380528851e-01 +0.00000000000000000e+00 +0.00000000000000000e+00 +0.00000000000000000e+00 +0.00000000000000000e+00 +0.00000000000000000e+00 +0.00000000000000000e+00
-1.45308286003121179e-01 -8.76956649168199487e-01 -4.58074816485821157e-01 +0.00000000000000000e+00 +0.00000000000000000e+00 +0.00000000000000000e+00 +0.00000000000000000e+00 +0.00000000000000000e+00 +0.00000000000000000e+00
+8.62816686956053736e-01 -4.97256854388670344e-01 -9.10109085421299813e-02 +0.00000000000000000e+00 +0.00000000000000000e+00 +0.00000000000000000e+00 +0.00000000000000000e+00 +0.00000000000000000e+00 +0.00000000000000000e+00
-5.31102575527015675e-01 +2.90782367850929813e-01 -7.95849023883033468e-01 +0.00000000000000000e+00 +0.00000000000000000e+00 +0.00000000000000000e+00 +0.00000000000000000e+00 +0.00000000000000000e+00 +0.00000000000000000e+00
+7.53839406549096314e-01 -6.57036206367155651e-01 -5.43807469266397846e-03 +0.00000000000000000e+00 +0.00000000000000000e+00 +0.00000000000000000e+00 +0.00000000000000000e+00 +0.00000000000000000e+00 +0.00000000000000000e+00
+3.07412737487230581e-01 -7.34443402778877874e-01 -6.05053962010984714e-01 +0.00000000000000000e+00 +0.00000000000000000e+00 +0.00000000000000000e+00 +0.00000000000000000e+00 +0.00000000000000000e+00 +0.00000000000000000e+00
-5.45343780316593030e-01 +7.64336712664567597e-01 +3.44077826869343351e-01 +0.00000000000000000e+00 +0.00000000000000000e+00 +0.00000000000000000e+00 +0.00000000000000000e+00 +0.00000000000000000e+00 +0.00000000000000000e+00
+5.16021072895488042e-01 +4.73771773416850117e-01 -7.13626344133428403e-01 +0.00000000000000000e+00 +0.00000000000000000e+00 +0.00000000000000000e+00 +0.00000000000000000e+00 +0.00000000000000000e+00 +0.00000000000000000e+00
+2.56352218211482408e-01 +8.71535709180731644e-01 +4.17982114259559723e-01 +0.00000000000000000e+00 +0.00000000000000000e+00 +0.00000000000000000e+00 +0.00000000000000000e+00 +0.00000000000000000e+00 +0.00000000000000000e+00
-1.06650604706049409e-01 -7.52252119352018300e-01 -6.50186432837713713e-01 +0.00000000000000000e+00 +0.00000000000000000e+00 +0.00000000000000000e+00 +0.00000000000000000e+00 +0.00000000000000000e+00 +0.00000000000000000e+00
-1.70634629231013912e-01 -7.62248795309798832e-01 +6.24388178424251539e-01 +0.00000000000000000e+00 +0.00000000000000000e+00 +0.00000000000000000e+00 +0.00000000000000000e+00 +0.00000000000000000e+00 +0.00000000000000000e+00
+6.92076543393875698e-01 +1.56244274705285735e-01 -7.04711135647652642e-01 +0.00000000000000000e+00 +0.00000000000000000e+00 +0.00000000000000000e+00 +0.00000000000000000e+00 +0.00000000000000000e+00 +0.00000000000000000e+00
+5.44738412958783003e-01 +7.85988248282830315e-01 -2.92373964313572710e-01 +0.00000000000000000e+00 +0.00000000000000000e+00 +0.00000000000000000e+00 +0.00000000000000000e+00 +0.00000000000000000e+00 +0.00000000000000000e+00
-5.23496228499173544e-01 -7.69563003357035758e-01 -3.65683582638378801e-01 +0.00000000000000000e+00 +0.00000000000000000e+00 +0.00000000000000000e+00 +0.00000000000000000e+00 +0.00000000000000000e+00 +0.00000000000000000e+00
+7.34113994707760065e-01 -4.11596371116653870e-01 +5.40060246692734114e-01 +0.00000000000000000e+00 +0.00000000000000000e+00 +0.00000000000000000e+00 +0.00000000000000000e+00 +0.00000000000000000e+00 +0.00000000000000000e+00
+4.85234655068186915e-01 -8.65879377213323753e-01 -1.21656210846484328e-01 +0.00000000000000000e+00 +0.00000000000000000e+00 +0.00000000000000000e+00 +0.00000000000000000e+00 +0.00000000000000000e+00 +0.00000000000000000e+00
+5.53543073500098348e-01 +8.32815796806526731e-01 +2.81324893580832749e-03 +0.00000000000000000e+00 +0.00000000000000000e+00 +0.00000000000000000e+00 +0.00000000000000000e+00 +0.00000000000000000e+00 +0.00000000000000000e+00
-6.11734031552071192e-02 +2.02380747309161030e-01 -9.77394417758253864e-01 +0.00000000000000000e+00 +0.00000000000000000e+00 +0.00000000000000000e+00 +0.00000000000000000e+00 +0.00000000000000000e+00 +0.00000000000000000e+00
+3.06928961675872747e-01 -9.47440123385394406e-01 +9.02874580661095494e-02 +0.00000000000000000e+00 +0.00000000000000000e+00 +0.00000000000000000e+00 +0.00000000000000000e+00 +0.00000000000000000e+00 +0.00000000000000000e+00
-9.83620313787972544e-01 +1.03587268228685914e-01 +1.47515274343265557e-01 +0.00000000000000000e+00 +0.00000000000000000e+00 +0.00000000000000000e+00 +0.00000000000000000e+00 +0.00000000000000000e+00 +0.00000000000000000e+00
-2.17504431015118392e-03 -4.11405515084208195e-01 +9.11449818333706419e-01 +0.00000000000000000e+00 +0.00000000000000000e+00 +0.00000000000000000e+00 +0.00000000000000000e+00 +0.00000000000000000e+00 +0.00000000000000000e+00
+3.69099676040658353e-01 +1.62659796274890411e-01 +9.15044927761742399e-01 +0.00000000000000000e+00 +0.00000000000000000e+00 +0.00000000000000000e+00 +0.00000000000000000e+00 +0.00000000000000000e+00 +0.00000000000000000e+00
+4.28358669883552035e-01 -6.96541948627322216e-01 +5.75619808326682803e-01 +0.00000000000000000e+00 +0.00000000000000000e+00 +0.00000000000000000e+00 +0.00000000000000000e+00 +0.00000000000000000e+00 +0.00000000000000000e+00
+4.79277152424421149e-01 -5.68999130128776898e-01 -6.68231547501787260e-01 +0.00000000000000000e+00 +0.00000000000000000e+00 +0.00000000000000000e+00 +0.00000000000000000e+00 +0.00000000000000000e+00 +0.00000000000000000e+00
+7.76306101609434029e-01 -6.38529345351860900e-02 -6.27113737176286379e-01 +0.00000000000000000e+00 +0.00000000000000000e+00 +0.00000000000000000e+00 +0.00000000000000000e+00 +0.00000000000000000e+00 +0.00000000000000000e+00
+4.92873134824346956e-02 +6.20792147901772617e-01 -7.82424354064460315e-01 +0.00000000000000000e+00 +0.00000000000000000e+00 +0.00000000000000000e+00 +0.00000000000000000e+00 +0.00000000000000000e+00 +0.00000000000000000e+00
-8.25601833187202927e-01 -2.22930532548885341e-01 -5.18346979054957413e-01 +0.00000000000000000e+00 +0.00000000000000000e+00 +0.00000000000000000e+00 +0.00000000000000000e+00 +0.00000000000000000e+00 +0.00000000000000000e+00
+2.59224624566074924e-01 +9.02820859567097234e-01 -3.43099241545511580e-01 +0.00000000000000000e+00 +0.00000000000000000e+00 +0.00000000000000000e+00 +0.00000000000000000e+00 +0.00000000000000000e+00 +0.00000000000000000e+00
-2.75211401903613373e-01 -7.85343226222015023e-02 +9.58170676044993508e-01 +0.00000000000000000e+00 +0.00000000000000000e+00 +0.00000000000000000e+00 +0.00000000000000000e+00 +0.00000000000000000e+00 +0.00000000000000000e+00
-3.82963323864604188e-01 +3.51948563657048796e-02 -9.23092852675163944e-01 +0.00000000000000000e+00 +0.00000000000000000e+00 +0.00000000000000000e+00 +0.00000000000000000e+00 +0.00000000000000000e+00 +0.00000000000000000e+00
+7.58915771795496269e-02 +8.12556798057343044e-01 +5.77920339185253873e-01 +0.00000000000000000e+00 +0.00000000000000000e+00 +0.00000000000000000e+00 +0.00000000000000000e+00 +0.00000000000000000e+00 +0.00000000000000000e+00
-5.59602846955222666e-01 +5.76482424343292998e-01 +5.95409664099340152e-01 +0.00000000000000000e+00 +0.00000000000000000e+00 +0.00000000000000000e+00 +0.00000000000000000e+00 +0.00000000000000000e+00 +0.00000000000000000e+00
-4.03536633869353123e-01 -8.60080934775209749e-01 +3.12120122327275040e-01 +0.00000000000000000e+00 +0.00000000000000000e+00 +0.00000000000000000e+00 +0.00000000000000000e+00 +0.00000000000000000e+00 +0.00000000000000000e+00
+5.48626764667605626e-01 +6.25391407999020710e-01 +5.54882203617450886e-01 +0.00000000000000000e+00 +0.00000000000000000e+00 +0.00000000000000000e+00 +0.00000000000000000e+00 +0.00000000000000000e+00 +0.00000000000000000e+00
-5.11754725248464548e-01 -3.89176538933391603e-01 +7.65929972471175002e-01 +0.00000000000000000e+00 +0.00000000000000000e+00 +0.00000000000000000e+00 +0.00000000000000000e+00 +0.00000000000000000e+00 +0.00000000000000000e+00
+9.34822717723002961e-01 +3.46674371340011778e-01 +7.69634113393279223e-02 +0.00000000000000000e+00 +0.00000000000000000e+00 +0.00000000000000000e+00 +0.00000000000000000e+00 +0.00000000000000000e+00 +0.00000000000000000e+00
+2.73562281203086621e-01 -8.47605828698401870e-02 -9.58112374356227758e-01 +0.00000000000000000e+00 +0.00000000000000000e+00 +0.00000000000000000e+00 +0.00000000000000000e+00 +0.00000000000000000e+00 +0.00000000000000000e+00
-7.42270190435918797e-01 -4.19704087867189324e-01 -5.22382468137853384e-01 +0.00000000000000000e+00 +0.00000000000000000e+00 +0.00000000000000000e+00 +0.00000000000000000e+00 +0.00000000000000000e+00 +0.00000000000000000e+00
+2.33434649150738010e-03 -9.99260211556675437e-01 +3.83872430133504125e-02 +0.00000000000000000e+00 +0.00000000000000000e+00 +0.00000000000000000e+00 +0.00000000000000000e+00 +0.00000000000000000e+00 +0.00000000000000000e+00
-5.56180202078528807e-01 -7.36144985157037302e-02 +8.27794955544045585e-01 +0.00000000000000000e+00 +0.00000000000000000e+00 +0.00000000000000000e+00 +0.00000000000000000e+00 +0.00000000000000000e+00 +0.00000000000000000e+00
+6.32699024689778899e-01 -6.86054285592170188e-01 -3.59195575386473565e-01 +0.00000000000000000e+00 +0.00000000000000000e+00 +0.00000000000000000e+00 +0.00000000000000000e+00 +0.00000000000000000e+00 +0.00000000000000000e+00
+9.91234847516555884e-01 -1.32106533077530092e-01 +1.15800995928423581e-03 +0.00000000000000000e+00 +0.00000000000000000e+00 +0.00000000000000000e+00 +0.00000000000000000e+00 +0.00000000000000000e+00 +0.00000000000000000e+00
+8.36573197947992231e-01 +3.13249595454999585e-01 -4.49466322901225568e-01 +0.00000000000000000e+00 +0.00000000000000000e+00 +0.00000000000000000e+00 +0.00000000000000000e+00 +0.00000000000000000e+00 +0.00000000000000000e+00
+4.33127972247184190e-01 +6.39273262884917148e-01 -6.35397399284506004e-01 +0.00000000000000000e+00 +0.00000000000000000e+00 +0.00000000000000000e+00 +0.00000000000000000e+00 +0.00000000000000000e+00 +0.00000000000000000e+00
-2.44910399421734454e-01 +6.11544684723013043e-01 +7.52350978494822686e-01 +0.00000000000000000e+00 +0.00000000000000000e+00 +0.00000000000000000e+00 +0.00000000000000000e+00 +0.00000000000000000e+00 +0.00000000000000000e+00
-6.16706465547252725e-01 -1.00903444439931947e-01 -7.80699449373683629e-01 +0.00000000000000000e+00 +0.00000000000000000e+00 +0.00000000000000000e+00 +0.00000000000000000e+00 +0.00000000000000000e+00 +0.00000000000000000e+00
+8.18916022426792622e-01 +3.41466026807812573e-01 +4.61278116485886569e-01 +0.00000000000000000e+00 +0.00000000000000000e+00 +0.00000000000000000e+00 +0.00000000000000000e+00 +0.00000000000000000e+00 +0.00000000000000000e+00
-1.37585377135947783e-02 -3.65647040373413612e-01 -9.30651892227242428e-01 +0.00000000000000000e+00 +0.00000000000000000e+00 +0.00000000000000000e+00 +0.00000000000000000e+00 +0.00000000000000000e+00 +0.00000000000000000e+00
+1.48386687027140751e-01 +8.28285890521612500e-01 -5.40299800736524949e-01 +0.00000000000000000e+00 +0.00000000000000000e+00 +0.00000000000000000e+00 +0.00000000000000000e+00 +0.00000000000000000e+00 +0.00000000000000000e+00
+7.50073681479110688e-01 +5.77021304289746517e-01 +3.23165417005182531e-01 +0.00000000000000000e+00 +0.00000000000000000e+00 +0.00000000000000000e+00 +0.00000000000000000e+00 +0.00000000000000000e+00 +0.00000000000000000e+00
+4.09530799336351170e-02 -9.12073613639931224e-01 +4.07976186248348360e-01 +0.00000000000000000e+00 +0.00000000000000000e+00 +0.00000000000000000e+00 +0.00000000000000000e+00 +0.00000000000000000e+00 +0.00000000000000000e+00
-4.83630193451951074e-01 -8.74037233292099258e-01 -4.64838767823984034e-02 +0.00000000000000000e+00 +0.00000000000000000e+00 +0.00000000000000000e+00 +0.00000000000000000e+00 +0.00000000000000000e+00 +0.00000000000000000e+00
+2.70725314997587729e-01 -8.55585166012045262e-01 -4.41227636849277571e-01 +0.00000000000000000e+00 +0.00000000000000000e+00 +0.00000000000000000e+00 +0.00000000000000000e+00 +0.00000000000000000e+00 +0.00000000000000000e+00
+1.46281032440710917e-01 -9.58256950559725040e-01 -2.45653162511815321e-01 +0.00000000000000000e+00 +0.00000000000000000e+00 +0.00000000000000000e+00 +0.00000000000000000e+00 +0.00000000000000000e+00 +0.00000000000000000e+00
-7.75074398622886407e-01 -5.98087527672273467e-01 +2.03840589290353813e-01 +0.00000000000000000e+00 +0.00000000000000000e+00 +0.00000000000000000e+00 +0.00000000000000000e+00 +0.00000000000000000e+00 +0.00000000000000000e+00
-3.36138942971900445e-01 -6.56075031131586939e-01 +6.75704198997920003e-01 +0.00000000000000000e+00 +0.00000000000000000e+00 +0.00000000000000000e+00 +0.00000000000000000e+00 +0.00000000000000000e+00 +0.00000000000000000e+00
-6.81878462922270612e-01 -7.30745825494936718e-01 +3.24391788503564094e-02 +0.00000000000000000e+00 +0.00000000000000000e+00 +0.00000000000000000e+00 +0.00000000000000000e+00 +0.00000000000000000e+00 +0.00000000000000000e+00
-5.16416231746953835e-01 +7.74982259081963165e-01 -3.64303134348983204e-01 +0.00000000000000000e+00 +0.00000000000000000e+00 +0.00000000000000000e+00 +0.00000000000000000e+00 +0.00000000000000000e+00 +0.00000000000000000e+00
-7.33804514958771859e-01 +1.48690686305474662e-01 -6.62889141283916850e-01 +0.00000000000000000e+00 +0.00000000000000000e+00 +0.00000000000000000e+00 +0.00000000000000000e+00 +0.00000000000000000e+00 +0.00000000000000000e+00
+4.46716963996251881e-01 +8.52118811269947263e-01 +2.72649015325314270e-01 +0.00000000000000000e+00 +0.00000000000000000e+00 +0.00000000000000000e+00 +0.00000000000000000e+00 +0.00000000000000000e+00 +0.00000000000000000e+00
-7.50195989393812046e-01 -3.00896570417092399e-03 +6.61208683868285685e-01 +0.00000000000000000e+00 +0.00000000000000000e+00 +0.00000000000000000e+00 +0.00000000000000000e+00 +0.00000000000000000e+00 +0.00000000000000000e+00
+3.97399803171786414e-01 +1.55468636696222684e-01 -9.04379842457163075e-01 +0.00000000000000000e+00 +0.00000000000000000e+00 +0.00000000000000000e+00 +0.00000000000000000e+00 +0.00000000000000000e+00 +0.00000000000000000e+00
+6.05339518351536543e-01 -3.10157865567805391e-01 +7.33052635182735779e-01 +0.00000000000000000e+00 +0.00000000000000000e+00 +0.00000000000000000e+00 +0.00000000000000000e+00 +0.00000000000000000e+00 +0.00000000000000000e+00
+7.11769518253919653e-01 +2.44530313891738980e-02 +7.01987323347411429e-01 +0.00000000000000000e+00 +0.00000000000000000e+00 +0.00000000000000000e+00 +0.00000000000000000e+00 +0.00000000000000000e+00 +0.00000000000000000e+00
-2.33127942525384185e-01 +9.41800294815931305e-01 -2.42205629782848736e-01 +0.00000000000000000e+00 +0.00000000000000000e+00 +0.00000000000000000e+00 +0.00000000000000000e+00 +0.00000000000000000e+00 +0.00000000000000000e+00
-8.70919198604921729e-01 -2.86672880412661868e-01 +3.99147102128111109e-01 +0.00000000000000000e+00 +0.00000000000000000e+00 +0.00000000000000000e+00 +0.00000000000000000e+00 +0.00000000000000000e+00 +0.00000000000000000e+00
-1.91868660123348994e-01 +9.46391077395576819e-01 +2.59866015262693095e-01 +0.00000000000000000e+00 +0.00000000000000000e+00 +0.00000000000000000e+00 +0.00000000000000000e+00 +0.00000000000000000e+00 +0.00000000000000000e+00
-2.19971096586450671e-01 -9.58686099897918975e-01 -1.80370947020499883e-01 +0.00000000000000000e+00 +0.00000000000000000e+00 +0.00000000000000000e+00 +0.00000000000000000e+00 +0.00000000000000000e+00 +0.00000000000000000e+00
-9.26005322106852047e-01 +2.95095343475105035e-02 +3.76355325207945568e-01 +0.00000000000000000e+00 +0.00000000000000000e+00 +0.00000000000000000e+00 +0.00000000000000000e+00 +0.00000000000000000e+00 +0.00000000000000000e+00
+9.99588071773167275e-02 -6.92755239955958779e-01 +7.14211743379545849e-01 +0.00000000000000000e+00 +0.00000000000000000e+00 +0.00000000000000000e+00 +0.00000000000000000e+00 +0.00000000000000000e+00 +0.00000000000000000e+00
-4.84117085048655471e-01 +2.86749836980676243e-01 +8.26683239793543079e-01 +0.00000000000000000e+00 +0.00000000000000000e+00 +0.00000000000000000e+00 +0.00000000000000000e+00 +0.00000000000000000e+00 +0.00000000000000000e+00
+7.87624184991528309e-01 -4.96007080106595333e-01 +3.65547698256411646e-01 +0.00000000000000000e+00 +0.00000000000000000e+00 +0.00000000000000000e+00 +0.00000000000000000e+00 +0.00000000000000000e+00 +0.00000000000000000e+00
+8.79413232133265832e-01 -7.70627092302400840e-02 +4.69780487030930560e-01 +0.00000000000000000e+00 +0.00000000000000000e+00 +0.00000000000000000e+00 +0.00000000000000000e+00 +0.00000000000000000e+00 +0.00000000000000000e+00
-4.68616706726545096e-01 -6.73838976666907175e-01 -5.71261249955974826e-01 +0.00000000000000000e+00 +0.00000000000000000e+00 +0.00000000000000000e+00 +0.00000000000000000e+00 +0.00000000000000000e+00 +0.00000000000000000e+00
-7.93779540093303315e-01 +5.89434531520647620e-01 -1.49936569189436208e-01 +0.00000000000000000e+00 +0.00000000000000000e+00 +0.00000000000000000e+00 +0.00000000000000000e+00 +0.00000000000000000e+00 +0.00000000000000000e+00
-8.99239267027486022e-01 +4.36754069323017746e-01 +2.47916027246016211e-02 +0.00000000000000000e+00 +0.00000000000000000e+00 +0.00000000000000000e+00 +0.00000000000000000e+00 +0.00000000000000000e+00 +0.00000000000000000e+00
-6.13238043512571940e-01 +7.79420762273484224e-01 -1.28227833662951984e-01 +0.00000000000000000e+00 +0.00000000000000000e+00 +0.00000000000000000e+00 +0.00000000000000000e+00 +0.00000000000000000e+00 +0.00000000000000000e+00
+3.93071465389520869e-01 -8.12046543777008245e-01 +4.31364386379253451e-01 +0.00000000000000000e+00 +0.00000000000000000e+00 +0.00000000000000000e+00 +0.00000000000000000e+00 +0.00000000000000000e+00 +0.00000000000000000e+00
-7.75087540829556332e-01 -5.79658754808224042e-01 -2.51465767103537019e-01 +0.00000000000000000e+00 +0.00000000000000000e+00 +0.00000000000000000e+00 +0.00000000000000000e+00 +0.00000000000000000e+00 +0.00000000000000000e+00
-6.16370869548308220e-01 -6.55104207015552942e-01 +4.36950144893883730e-01 +0.00000000000000000e+00 +0.00000000000000000e+00 +0.00000000000000000e+00 +0.00000000000000000e+00 +0.00000000000000000e+00 +0.00000000000000000e+00
+1.66307359862096993e-01 +4.81802585120155280e-01 -8.60353491901575507e-01 +0.00000000000000000e+00 +0.00000000000000000e+00 +0.00000000000000000e+00 +0.00000000000000000e+00 +0.00000000000000000e+00 +0.00000000000000000e+00
+5.57246359302883149e-03 +9.81764028531583066e-01 +1.90021945919258056e-01 +0.00000000000000000e+00 +0.00000000000000000e+00 +0.00000000000000000e+00 +0.00000000000000000e+00 +0.00000000000000000e+00 +0.00000000000000000e+00
+2.47674722454699431e-01 +9.68832853217431178e-01 +4.48713533998302064e-03 +0.00000000000000000e+00 +0.00000000000000000e+00 +0.00000000000000000e+00 +0.00000000000000000e+00 +0.00000000000000000e+00 +0.00000000000000000e+00
-8.42292972476696988e-01 +3.94830454229006589e-01 +3.66948853288420085e-01 +0.00000000000000000e+00 +0.00000000000000000e+00 +0.00000000000000000e+00 +0.00000000000000000e+00 +0.00000000000000000e+00 +0.00000000000000000e+00
-9.09335129905822326e-01 +6.81807529057586181e-02 -4.10440015656813206e-01 +0.00000000000000000e+00 +0.00000000000000000e+00 +0.00000000000000000e+00 +0.00000000000000000e+00 +0.00000000000000000e+00 +0.00000000000000000e+00
-2.06927350662587828e-01 +8.04840055381201513e-01 -5.56249545439586823e-01 +0.00000000000000000e+00 +0.00000000000000000e+00 +0.00000000000000000e+00 +0.00000000000000000e+00 +0.00000000000000000e+00 +0.00000000000000000e+00
-2.24451839090539812e-01 -3.64647959709739067e-01 +9.03688683899714906e-01 +0.00000000000000000e+00 +0.00000000000000000e+00 +0.00000000000000000e+00 +0.00000000000000000e+00 +0.00000000000000000e+00 +0.00000000000000000e+00
-4.80286636078555484e-01 -3.68681800482543953e-01 -7.95863353344840929e-01 +0.00000000000000000e+00 +0.00000000000000000e+00 +0.00000000000000000e+00 +0.00000000000000000e+00 +0.00000000000000000e+00 +0.00000000000000000e+00
+5.54297342235800183e-01 -7.96671633661840239e-01 +2.40974613826650058e-01 +0.00000000000000000e+00 +0.00000000000000000e+00 +0.00000000000000000e+00 +0.00000000000000000e+00 +0.00000000000000000e+00 +0.00000000000000000e+00
+3.57501344947469490e-01 -3.38967366493282185e-01 +8.70226357227451230e-01 +0.00000000000000000e+00 +0.00000000000000000e+00 +0.00000000000000000e+00 +0.00000000000000000e+00 +0.00000000000000000e+00 +0.00000000000000000e+00
-3.20442746852746874e-01 -1.93637486899174094e-01 -9.27265317833487535e-01 +0.00000000000000000e+00 +0.00000000000000000e+00 +0.00000000000000000e+00 +0.00000000000000000e+00 +0.00000000000000000e+00 +0.00000000000000000e+00
-1.62426712402450546e-01 +9.11243890854897542e-01 -3.78486637119144764e-01 +0.00000000000000000e+00 +0.00000000000000000e+00 +0.00000000000000000e+00 +0.00000000000000000e+00 +0.00000000000000000e+00 +0.00000000000000000e+00
-3.20291303005013350e-01 +5.33721310373614144e-01 -7.82658957702793368e-01 +0.00000000000000000e+00 +0.00000000000000000e+00 +0.00000000000000000e+00 +0.00000000000000000e+00 +0.00000000000000000e+00 +0.00000000000000000e+00
-5.18795235369714502e-01 +1.24335643986709640e-01 +8.45808578457379445e-01 +0.00000000000000000e+00 +0.00000000000000000e+00 +0.00000000000000000e+00 +0.00000000000000000e+00 +0.00000000000000000e+00 +0.00000000000000000e+00
-6.28549370578337263e-01 +7.77282436156949919e-01 +2.75264089102250295e-02 +0.00000000000000000e+00 +0.00000000000000000e+00 +0.00000000000000000e+00 +0.00000000000000000e+00 +0.00000000000000000e+00 +0.00000000000000000e+00
-7.90805703398058335e-01 +3.40796131774008804e-01 -5.08413548246872127e-01 +0.00000000000000000e+00 +0.00000000000000000e+00 +0.00000000000000000e+00 +0.00000000000000000e+00 +0.00000000000000000e+00 +0.00000000000000000e+00
-9.24163747870499597e-01 -1.13655805861900425e-01 +3.64696757479188227e-01 +0.00000000000000000e+00 +0.00000000000000000e+00 +0.00000000000000000e+00 +0.00000000000000000e+00 +0.00000000000000000e+00 +0.00000000000000000e+00
+9.18864865259680585e-01 -3.91888254570515626e-01 +4.59451338117975866e-02 +0.00000000000000000e+00 +0.00000000000000000e+00 +0.00000000000000000e+00 +0.00000000000000000e+00 +0.00000000000000000e+00 +0.00000000000000000e+00
+9.66311623320910806e-01 +8.94785652419544802e-02 -2.41320187711570461e-01 +0.00000000000000000e+00 +0.00000000000000000e+00 +0.00000000000000000e+00 +0.00000000000000000e+00 +0.00000000000000000e+00 +0.00000000000000000e+00
-6.18462948426077852e-01 +7.52412152545410384e-01 +2.26670540931336512e-01 +0.00000000000000000e+00 +0.00000000000000000e+00 +0.00000000000000000e+00 +0.00000000000000000e+00 +0.00000000000000000e+00 +0.00000000000000000e+00
-6.99341504114798673e-01 +5.52691089805834368e-01 -4.53270360680786577e-01 +0.00000000000000000e+00 +0.00000000000000000e+00 +0.00000000000000000e+00 +0.00000000000000000e+00 +0.00000000000000000e+00 +0.00000000000000000e+00
-4.68209812171386630e-01 +1.68090215395139408e-01 -8.67482133115634046e-01 +0.00000000000000000e+00 +0.00000000000000000e+00 +0.00000000000000000e+00 +0.00000000000000000e+00 +0.00000000000000000e+00 +0.00000000000000000e+00
+7.25299711264556390e-01 +5.99003157293438226e-01 -3.39316292553192567e-01 +0.00000000000000000e+00 +0.00000000000000000e+00 +0.00000000000000000e+00 +0.00000000000000000e+00 +0.00000000000000000e+00 +0.00000000000000000e+00
+4.38139075585174120e-01 -8.50128202031326996e-01 -2.92089353719631961e-01 +0.00000000000000000e+00 +0.00000000000000000e+00 +0.00000000000000000e+00 +0.00000000000000000e+00 +0.00000000000000000e+00 +0.00000000000000000e+00
+5.64770496923242549e-02 +8.92702470766570388e-01 +4.47093548986463474e-01 +0.00000000000000000e+00 +0.00000000000000000e+00 +0.00000000000000000e+00 +0.00000000000000000e+00 +0.00000000000000000e+00 +0.00000000000000000e+00
-1.01383915341758071e-01 -9.86006923086137577e-01 +1.32331588580289150e-01 +0.00000000000000000e+00 +0.00000000000000000e+00 +0.00000000000000000e+00 +0.00000000000000000e+00 +0.00000000000000000e+00 +0.00000000000000000e+00
+6.35333663422307127e-01 -3.27751266986198997e-01 -6.99235470432766237e-01 +0.00000000000000000e+00 +0.00000000000000000e+00 +0.00000000000000000e+00 +0.00000000000000000e+00 +0.00000000000000000e+00 +0.00000000000000000e+00
-9.26925945568268100e-02 -3.21666688012837987e-01 +9.42304953153264124e-01 +0.00000000000000000e+00 +0.00000000000000000e+00 +0.00000000000000000e+00 +0.00000000000000000e+00 +0.00000000000000000e+00 +0.00000000000000000e+00
+6.06526459992574596e-01 +5.01450985515745407e-01 +6.16986679316631204e-01 +0.00000000000000000e+00 +0.00000000000000000e+00 +0.00000000000000000e+00 +0.00000000000000000e+00 +0.00000000000000000e+00 +0.00000000000000000e+00
+1.36963320138411310e-01 -9.82615965080996800e-01 +1.25327228105485633e-01 +0.00000000000000000e+00 +0.00000000000000000e+00 +0.00000000000000000e+00 +0.00000000000000000e+00 +0.00000000000000000e+00 +0.00000000000000000e+00
-9.91292311402218601e-02 -8.58725467084565430e-01 +5.02756370137607878e-01 +0.00000000000000000e+00 +0.00000000000000000e+00 +0.00000000000000000e+00 +0.00000000000000000e+00 +0.00000000000000000e+00 +0.00000000000000000e+00
-4.43818090351738082e-01 -5.52130577850899251e-01 -7.05816780530591048e-01 +0.00000000000000000e+00 +0.00000000000000000e+00 +0.00000000000000000e+00 +0.00000000000000000e+00 +0.00000000000000000e+00 +0.00000000000000000e+00
+9.53463791479962519e-01 +2.95953543588640511e-01 -5.76046731956836103e-02 +0.00000000000000000e+00 +0.00000000000000000e+00 +0.00000000000000000e+00 +0.00000000000000000e+00 +0.00000000000000000e+00 +0.00000000000000000e+00
-9.34751239723371929e-01 +3.40666080140425598e-01 -1.00929389562091479e-01 +0.00000000000000000e+00 +0.00000000000000000e+00 +0.00000000000000000e+00 +0.00000000000000000e+00 +0.00000000000000000e+00 +0.00000000000000000e+00
-9.93570671545896067e-01 -2.50816018794285771e-02 +1.10400334650756507e-01 +0.00000000000000000e+00 +0.00000000000000000e+00 +0.00000000000000000e+00 +0.00000000000000000e+00 +0.00000000000000000e+00 +0.00000000000000000e+00
-7.90976164981885166e-01 -4.73167131272033803e-01 -3.87904076176499579e-01 +0.00000000000000000e+00 +0.00000000000000000e+00 +0.00000000000000000e+00 +0.00000000000000000e+00 +0.00000000000000000e+00 +0.00000000000000000e+00
-3.03570986895828732e-01 +9.36599644311457369e-01 +1.75002177674290882e-01 +0.00000000000000000e+00 +0.00000000000000000e+00 +0.00000000000000000e+00 +0.00000000000000000e+00 +0.00000000000000000e+00 +0.00000000000000000e+00
-8.49705598161320741e-01 +1.47735681581318834e-02 +5.27050413278643881e-01 +0.00000000000000000e+00 +0.00000000000000000e+00 +0.00000000000000000e+00 +0.00000000000000000e+00 +0.00000000000000000e+00 +0.00000000000000000e+00
+7.29605001007267440e-01 +1.69374586243833697e-01 +6.62562292950569010e-01 +0.00000000000000000e+00 +0.00000000000000000e+00 +0.00000000000000000e+00 +0.00000000000000000e+00 +0.00000000000000000e+00 +0.00000000000000000e+00
-5.23202547201139678e-01 -8.21344006693713546e-01 +2.27273221631050154e-01 +0.00000000000000000e+00 +0.00000000000000000e+00 +0.00000000000000000e+00 +0.00000000000000000e+00 +0.00000000000000000e+00 +0.00000000000000000e+00
+1.09617175286704449e-01 -2.08336916633474867e-01 -9.71894955254846704e-01 +0.00000000000000000e+00 +0.00000000000000000e+00 +0.00000000000000000e+00 +0.00000000000000000e+00 +0.00000000000000000e+00 +0.00000000000000000e+00
+9.74057917968246478e-01 -2.07772446252628723e-01 +8.96759891027879424e-02 +0.00000000000000000e+00 +0.00000000000000000e+00 +0.00000000000000000e+00 +0.00000000000000000e+00 +0.00000000000000000e+00 +0.00000000000000000e+00
-7.64652789973962244e-01 -1.61902533295261469e-01 +6.23773741430025619e-01 +0.00000000000000000e+00 +0.00000000000000000e+00 +0.00000000000000000e+00 +0.00000000000000000e+00 +0.00000000000000000e+00 +0.00000000000000000e+00
+4.67299312881586493e-01 -1.38280519314823658e-01 +8.73218099994737762e-01 +0.00000000000000000e+00 +0.00000000000000000e+00 +0.00000000000000000e+00 +0.00000000000000000e+00 +0.00000000000000000e+00 +0.00000000000000000e+00
+7.94301729571815107e-01 -1.64130626605109881e-01 -5.84932389092480798e-01 +0.00000000000000000e+00 +0.00000000000000000e+00 +0.00000000000000000e+00 +0.00000000000000000e+00 +0.00000000000000000e+00 +0.00000000000000000e+00
+3.71837977735251790e-01 +2.69900379612221415e-02 -9.27905197832521123e-01 +0.00000000000000000e+00 +0.00000000000000000e+00 +0.00000000000000000e+00 +0.00000000000000000e+00 +0.00000000000000000e+00 +0.00000000000000000e+00
+3.77670741773167284e-01 +8.80075173583801718e-01 -2.87806357903968246e-01 +0.00000000000000000e+00 +0.00000000000000000e+00 +0.00000000000000000e+00 +0.00000000000000000e+00 +0.00000000000000000e+00 +0.00000000000000000e+00
-2.16023613398922454e-01 -6.29881087744471491e-01 -7.46045316154397176e-01 +0.00000000000000000e+00 +0.00000000000000000e+00 +0.00000000000000000e+00 +0.00000000000000000e+00 +0.00000000000000000e+00 +0.00000000000000000e+00
+4.54867885578052744e-01 +7.67669326093560533e-01 +4.51418888001831664e-01 +0.00000000000000000e+00 +0.00000000000000000e+00 +0.00000000000000000e+00 +0.00000000000000000e+00 +0.00000000000000000e+00 +0.00000000000000000e+00
+8.88390600791934104e-01 +3.83428349508966926e-01 +2.52477407340490678e-01 +0.00000000000000000e+00 +0.00000000000000000e+00 +0.00000000000000000e+00 +0.00000000000000000e+00 +0.00000000000000000e+00 +0.00000000000000000e+00
-2.30132715182531200e-01 +8.75057224251070020e-01 +4.25809567399240863e-01 +0.00000000000000000e+00 +0.00000000000000000e+00 +0.00000000000000000e+00 +0.00000000000000000e+00 +0.00000000000000000e+00 +0.00000000000000000e+00
+8.93630569566027266e-01 -4.05902029206288872e-01 -1.91488766833239454e-01 +0.00000000000000000e+00 +0.00000000000000000e+00 +0.00000000000000000e+00 +0.00000000000000000e+00 +0.00000000000000000e+00 +0.00000000000000000e+00
-8.77799915388619123e-01 -2.63214752305351851e-01 -4.00231561364874644e-01 +0.00000000000000000e+00 +0.00000000000000000e+00 +0.00000000000000000e+00 +0.00000000000000000e+00 +0.00000000000000000e+00 +0.00000000000000000e+00
+3.72379243856198416e-01 +5.42629237285960686e-01 -7.52919125529125211e-01 +0.00000000000000000e+00 +0.00000000000000000e+00 +0.00000000000000000e+00 +0.00000000000000000e+00 +0.00000000000000000e+00 +0.00000000000000000e+00
-3.74476981292413469e-01 -8.68942131826070385e-01 -3.23583933500545928e-01 +0.00000000000000000e+00 +0.00000000000000000e+00 +0.00000000000000000e+00 +0.00000000000000000e+00 +0.00000000000000000e+00 +0.00000000000000000e+00
-6.45876393647488445e-02 -2.21027027196684184e-01 -9.73126656756398534e-01 +0.00000000000000000e+00 +0.00000000000000000e+00 +0.00000000000000000e+00 +0.00000000000000000e+00 +0.00000000000000000e+00 +0.00000000000000000e+00
+1.46795285349317045e-01 +9.82549449478072656e-01 +1.14226632312912080e-01 +0.00000000000000000e+00 +0.00000000000000000e+00 +0.00000000000000000e+00 +0.00000000000000000e+00 +0.00000000000000000e+00 +0.00000000000000000e+00
-8.80633650799146350e-01 +2.34768356878884893e-01 +4.11543669236395460e-01 +0.00000000000000000e+00 +0.00000000000000000e+00 +0.00000000000000000e+00 +0.00000000000000000e+00 +0.00000000000000000e+00 +0.00000000000000000e+00
+7.93700607042563733e-01 -5.53402697944693989e-01 +2.52556528895611254e-01 +0.00000000000000000e+00 +0.00000000000000000e+00 +0.00000000000000000e+00 +0.00000000000000000e+00 +0.00000000000000000e+00 +0.00000000000000000e+00
-9.75765283832310648e-01 -8.38832596198977980e-03 -2.18658973873027934e-01 +0.00000000000000000e+00 +0.00000000000000000e+00 +0.00000000000000000e+00 +0.00000000000000000e+00 +0.00000000000000000e+00 +0.00000000000000000e+00
+7.38298817437542526e-02 +4.13862015024536622e-01 -9.07340829612298228e-01 +0.00000000000000000e+00 +0.00000000000000000e+00 +0.00000000000000000e+00 +0.00000000000000000e+00 +0.00000000000000000e+00 +0.00000000000000000e+00
-6.98609584033428183e-02 +8.50587450417606528e-01 -5.21172174701453494e-01 +0.00000000000000000e+00 +0.00000000000000000e+00 +0.00000000000000000e+00 +0.00000000000000000e+00 +0.00000000000000000e+00 +0.00000000000000000e+00
-5.59920737608712749e-01 +7.88317779874087798e-01 -2.55036949342844377e-01 +0.00000000000000000e+00 +0.00000000000000000e+00 +0.00000000000000000e+00 +0.00000000000000000e+00 +0.00000000000000000e+00 +0.00000000000000000e+00
-7.47942176628988875e-01 -3.15706880021007941e-01 -5.83876413573019226e-01 +0.00000000000000000e+00 +0.00000000000000000e+00 +0.00000000000000000e+00 +0.00000000000000000e+00 +0.00000000000000000e+00 +0.00000000000000000e+00
-6.41218921858348945e-01 +2.41428427137054896e-01 -7.28389050453769782e-01 +0.00000000000000000e+00 +0.00000000000000000e+00 +0.00000000000000000e+00 +0.00000000000000000e+00 +0.00000000000000000e+00 +0.00000000000000000e+00
+1.75065763691366699e-01 +5.52097127733878756e-01 +8.15193682465191527e-01 +0.00000000000000000e+00 +0.00000000000000000e+00 +0.00000000000000000e+00 +0.00000000000000000e+00 +0.00000000000000000e+00 +0.00000000000000000e+00
-6.56810122314025580e-01 -3.04940405060301449e-02 +7.53439165904886798e-01 +0.00000000000000000e+00 +0.00000000000000000e+00 +0.00000000000000000e+00 +0.00000000000000000e+00 +0.00000000000000000e+00 +0.00000000000000000e+00
-7.04259211041989741e-01 +2.44583484775550246e-02 -7.09521495694291682e-01 +0.00000000000000000e+00 +0.00000000000000000e+00 +0.00000000000000000e+00 +0.00000000000000000e+00 +0.00000000000000000e+00 +0.00000000000000000e+00
-8.40260920031272285e-01 -4.42438610432499158e-01 +3.13384208706755429e-01 +0.00000000000000000e+00 +0.00000000000000000e+00 +0.00000000000000000e+00 +0.00000000000000000e+00 +0.00000000000000000e+00 +0.00000000000000000e+00
+8.24018167539669055e-01 -2.87852679467002825e-01 -4.87990670493025802e-01 +0.00000000000000000e+00 +0.00000000000000000e+00 +0.00000000000000000e+00 +0.00000000000000000e+00 +0.00000000000000000e+00 +0.00000000000000000e+00
-6.80846484946204256e-01 -5.17985427512007601e-01 +5.17821553067850604e-01 +0.00000000000000000e+00 +0.00000000000000000e+00 +0.00000000000000000e+00 +0.00000000000000000e+00 +0.00000000000000000e+00 +0.00000000000000000e+00
+9.99484187363860688e-01 +2.36673727953224597e-02 -2.17074796918126298e-02 +0.00000000000000000e+00 +0.00000000000000000e+00 +0.00000000000000000e+00 +0.00000000000000000e+00 +0.00000000000000000e+00 +0.00000000000000000e+00
-9.92884336888418373e-01 +1.11311342768662114e-01 -4.23140465174782973e-02 +0.00000000000000000e+00 +0.00000000000000000e+00 +0.00000000000000000e+00 +0.00000000000000000e+00 +0.00000000000000000e+00 +0.00000000000000000e+00
+2.97766193355717135e-01 -2.37860372966815087e-01 -9.24531090373132525e-01 +0.00000000000000000e+00 +0.00000000000000000e+00 +0.00000000000000000e+00 +0.00000000000000000e+00 +0.00000000000000000e+00 +0.00000000000000000e+00
-8.43347472547945953e-01 +5.36202820990934859e-01 -3.53776102691407413e-02 +0.00000000000000000e+00 +0.00000000000000000e+00 +0.00000000000000000e+00 +0.00000000000000000e+00 +0.00000000000000000e+00 +0.00000000000000000e+00
+5.58447669285313419e-01 +3.42350106261133436e-01 +7.55600824121302583e-01 +0.00000000000000000e+00 +0.00000000000000000e+00 +0.00000000000000000e+00 +0.00000000000000000e+00 +0.00000000000000000e+00 +0.00000000000000000e+00
-8.87528281227073501e-01 -7.63266297957611861e-02 -4.54387274916604245e-01 +0.00000000000000000e+00 +0.00000000000000000e+00 +0.00000000000000000e+00 +0.00000000000000000e+00 +0.00000000000000000e+00 +0.00000000000000000e+00
+1.01954455101955915e-01 -2.80386800241811507e-01 +9.54457191986640141e-01 +0.00000000000000000e+00 +0.00000000000000000e+00 +0.00000000000000000e+00 +0.00000000000000000e+00 +0.00000000000000000e+00 +0.00000000000000000e+00
+4.52465497389842930e-01 -6.06428088937785104e-01 +6.53850094913985602e-01 +0.00000000000000000e+00 +0.00000000000000000e+00 +0.00000000000000000e+00 +0.00000000000000000e+00 +0.00000000000000000e+00 +0.00000000000000000e+00
-5.60251150341802839e-01 -2.31911731107212776e-01 -7.95195320355661095e-01 +0.00000000000000000e+00 +0.00000000000000000e+00 +0.00000000000000000e+00 +0.00000000000000000e+00 +0.00000000000000000e+00 +0.00000000000000000e+00
+1.80888743299765758e-01 -9.18137163202868423e-01 +3.52566890239598474e-01 +0.00000000000000000e+00 +0.00000000000000000e+00 +0.00000000000000000e+00 +0.00000000000000000e+00 +0.00000000000000000e+00 +0.00000000000000000e+00
-6.27321952828187035e-01 -3.73640452602253814e-01 +6.83271527051298122e-01 +0.00000000000000000e+00 +0.00000000000000000e+00 +0.00000000000000000e+00 +0.00000000000000000e+00 +0.00000000000000000e+00 +0.00000000000000000e+00
+6.92054021663245700e-01 -2.28032727114398440e-03 -7.21842109610726701e-01 +0.00000000000000000e+00 +0.00000000000000000e+00 +0.00000000000000000e+00 +0.00000000000000000e+00 +0.00000000000000000e+00 +0.00000000000000000e+00
+4.51025794461292984e-01 +6.37444664183847265e-01 +6.24691950351612846e-01 +0.00000000000000000e+00 +0.00000000000000000e+00 +0.00000000000000000e+00 +0.00000000000000000e+00 +0.00000000000000000e+00 +0.00000000000000000e+00
-3.59362765940152984e-01 -3.59356317705507300e-01 -8.61232511799793432e-01 +0.00000000000000000e+00 +0.00000000000000000e+00 +0.00000000000000000e+00 +0.00000000000000000e+00 +0.00000000000000000e+00 +0.00000000000000000e+00
+8.58069406241205201e-01 +2.12366526973400915e-01 +4.67565345480309813e-01 +0.00000000000000000e+00 +0.00000000000000000e+00 +0.00000000000000000e+00 +0.00000000000000000e+00 +0.00000000000000000e+00 +0.00000000000000000e+00
-9.51526330540835241e-01 +2.84763542370203793e-01 +1.16221199547527909e-01 +0.00000000000000000e+00 +0.00000000000000000e+00 +0.00000000000000000e+00 +0.00000000000000000e+00 +0.00000000000000000e+00 +0.00000000000000000e+00
+2.74309440028349838e-01 -9.54302758632513015e-01 -1.18577299588533525e-01 +0.00000000000000000e+00 +0.00000000000000000e+00 +0.00000000000000000e+00 +0.00000000000000000e+00 +0.00000000000000000e+00 +0.00000000000000000e+00
-2.03172505218181913e-02 -9.32543769625227892e-01 -3.60484849979029798e-01 +0.00000000000000000e+00 +0.00000000000000000e+00 +0.00000000000000000e+00 +0.00000000000000000e+00 +0.00000000000000000e+00 +0.00000000000000000e+00
-5.52468289503914800e-01 -2.25046306481595793e-01 +8.02578936324403136e-01 +0.00000000000000000e+00 +0.00000000000000000e+00 +0.00000000000000000e+00 +0.00000000000000000e+00 +0.00000000000000000e+00 +0.00000000000000000e+00
+2.41855024363311633e-01 +9.46508481304660920e-01 +2.13606746168201744e-01 +0.00000000000000000e+00 +0.00000000000000000e+00 +0.00000000000000000e+00 +0.00000000000000000e+00 +0.00000000000000000e+00 +0.00000000000000000e+00
+5.08341178122341586e-01 -4.00316057814222137e-01 +7.62454130083423665e-01 +0.00000000000000000e+00 +0.00000000000000000e+00 +0.00000000000000000e+00 +0.00000000000000000e+00 +0.00000000000000000e+00 +0.00000000000000000e+00
+9.55145130659335262e-01 +2.22891992214800549e-01 +1.94979330146245744e-01 +0.00000000000000000e+00 +0.00000000000000000e+00 +0.00000000000000000e+00 +0.00000000000000000e+00 +0.00000000000000000e+00 +0.00000000000000000e+00
-3.88987165884028208e-01 -3.85001947233140240e-01 +8.36936368790484608e-01 +0.00000000000000000e+00 +0.00000000000000000e+00 +0.00000000000000000e+00 +0.00000000000000000e+00 +0.00000000000000000e+00 +0.00000000000000000e+00
+6.40719134418519909e-01 -7.04447871478053544e-01 +3.05339462172878051e-01 +0.00000000000000000e+00 +0.00000000000000000e+00 +0.00000000000000000e+00 +0.00000000000000000e+00 +0.00000000000000000e+00 +0.00000000000000000e+00
+4.19350187193849644e-01 -4.63302596583407944e-01 -7.80702327714958955e-01 +0.00000000000000000e+00 +0.00000000000000000e+00 +0.00000000000000000e+00 +0.00000000000000000e+00 +0.00000000000000000e+00 +0.00000000000000000e+00
+1.63072763504446105e-01 -8.08115302465979735e-01 -5.66000823076558079e-01 +0.00000000000000000e+00 +0.00000000000000000e+00 +0.00000000000000000e+00 +0.00000000000000000e+00 +0.00000000000000000e+00 +0.00000000000000000e+00
+1.97806273317881753e-01 -6.50660515148564822e-01 -7.33153171078660626e-01 +0.00000000000000000e+00 +0.00000000000000000e+00 +0.00000000000000000e+00 +0.00000000000000000e+00 +0.00000000000000000e+00 +0.00000000000000000e+00
+4.63917200801441720e-01 +9.06358120739003403e-02 +8.81229811326341594e-01 +0.00000000000000000e+00 +0.00000000000000000e+00 +0.00000000000000000e+00 +0.00000000000000000e+00 +0.00000000000000000e+00 +0.00000000000000000e+00
-2.15257657216526149e-01 -7.98403703962264566e-01 -5.62330566934600484e-01 +0.00000000000000000e+00 +0.00000000000000000e+00 +0.00000000000000000e+00 +0.00000000000000000e+00 +0.00000000000000000e+00 +0.00000000000000000e+00
+2.90136627577099848e-01 -5.05995463395353728e-01 +8.12274170684694652e-01 +0.00000000000000000e+00 +0.00000000000000000e+00 +0.00000000000000000e+00 +0.00000000000000000e+00 +0.00000000000000000e+00 +0.00000000000000000e+00
+6.18653769636426265e-01 -7.80386938058585833e-01 -9.09051165896867103e-02 +0.00000000000000000e+00 +0.00000000000000000e+00 +0.00000000000000000e+00 +0.00000000000000000e+00 +0.00000000000000000e+00 +0.00000000000000000e+00
+3.89278754246044523e-01 -6.47258115640130027e-01 -6.55376977952869533e-01 +0.00000000000000000e+00 +0.00000000000000000e+00 +0.00000000000000000e+00 +0.00000000000000000e+00 +0.00000000000000000e+00 +0.00000000000000000e+00
-1.75889449428259098e-01 +3.35085411910407582e-01 -9.25624474776167827e-01 +0.00000000000000000e+00 +0.00000000000000000e+00 +0.00000000000000000e+00 +0.00000000000000000e+00 +0.00000000000000000e+00 +0.00000000000000000e+00
+2.02467521144950313e-01 -4.62936462339791799e-01 -8.62958130338742246e-01 +0.00000000000000000e+00 +0.00000000000000000e+00 +0.00000000000000000e+00 +0.00000000000000000e+00 +0.00000000000000000e+00 +0.00000000000000000e+00
-5.01827129579829001e-01 -2.61722146828615755e-02 -8.64571886656201660e-01 +0.00000000000000000e+00 +0.00000000000000000e+00 +0.00000000000000000e+00 +0.00000000000000000e+00 +0.00000000000000000e+00 +0.00000000000000000e+00
+7.25345893861720326e-01 +3.83704940654639115e-01 +5.71527648303353675e-01 +0.00000000000000000e+00 +0.00000000000000000e+00 +0.00000000000000000e+00 +0.00000000000000000e+00 +0.00000000000000000e+00 +0.00000000000000000e+00
+6.75681713015846008e-01 +7.36957968756424164e-01 +1.86326321913334383e-02 +0.00000000000000000e+00 +0.00000000000000000e+00 +0.00000000000000000e+00 +0.00000000000000000e+00 +0.00000000000000000e+00 +0.00000000000000000e+00
-4.39939156703643197e-01 +6.15261064192054286e-01 +6.54146284318842808e-01 +0.00000000000000000e+00 +0.00000000000000000e+00 +0.00000000000000000e+00 +0.00000000000000000e+00 +0.00000000000000000e+00 +0.00000000000000000e+00
-2.90275217489778581e-01 +4.63483732817741634e-01 +8.37211518987044379e-01 +0.00000000000000000e+00 +0.00000000000000000e+00 +0.00000000000000000e+00 +0.00000000000000000e+00 +0.00000000000000000e+00 +0.00000000000000000e+00
-3.78483489159686937e-01 +7.72160314138838122e-01 -5.10410322880053058e-01 +0.00000000000000000e+00 +0.00000000000000000e+00 +0.00000000000000000e+00 +0.00000000000000000e+00 +0.00000000000000000e+00 +0.00000000000000000e+00
-5.51373803380411531e-01 -8.13947600732539356e-01 -1.82965111995599339e-01 +0.00000000000000000e+00 +0.00000000000000000e+00 +0.00000000000000000e+00 +0.00000000000000000e+00 +0.00000000000000000e+00 +0.00000000000000000e+00
+3.95881293541103851e-01 -9.18018507086794777e-01 -2.28039924213931169e-02 +0.00000000000000000e+00 +0.00000000000000000e+00 +0.00000000000000000e+00 +0.00000000000000000e+00 +0.00000000000000000e+00 +0.00000000000000000e+00
+6.17393370687930876e-01 -1.40428934148215140e-01 +7.74018824244340542e-01 +0.00000000000000000e+00 +0.00000000000000000e+00 +0.00000000000000000e+00 +0.00000000000000000e+00 +0.00000000000000000e+00 +0.00000000000000000e+00
-5.14945909727765327e-01 -6.37766991418793672e-01 +5.72786150942273142e-01 +0.00000000000000000e+00 +0.00000000000000000e+00 +0.00000000000000000e+00 +0.00000000000000000e+00 +0.00000000000000000e+00 +0.00000000000000000e+00
-4.89832333056023361e-01 +8.70852280417341751e-01 -4.09950141457294179e-02 +0.00000000000000000e+00 +0.00000000000000000e+00 +0.00000000000000000e+00 +0.00000000000000000e+00 +0.00000000000000000e+00 +0.00000000000000000e+00
-9.43447535648535229e-01 +1.21492813991109075e-01 -3.08457847407433816e-01 +0.00000000000000000e+00 +0.00000000000000000e+00 +0.00000000000000000e+00 +0.00000000000000000e+00 +0.00000000000000000e+00 +0.00000000000000000e+00
+7.72398717525065726e-01 +2.55928466437613245e-01 -5.81292388761907919e-01 +0.00000000000000000e+00 +0.00000000000000000e+00 +0.00000000000000000e+00 +0.00000000000000000e+00 +0.00000000000000000e+00 +0.00000000000000000e+00
+2.67140978051931752e-02 +6.91775538402557344e-01 +7.21618293453198612e-01 +0.00000000000000000e+00 +0.00000000000000000e+00 +0.00000000000000000e+00 +0.00000000000000000e+00 +0.00000000000000000e+00 +0.00000000000000000e+00
-3.27273132683982559e-02 +4.20249377371832919e-02 -9.98580406163879331e-01 +0.00000000000000000e+00 +0.00000000000000000e+00 +0.00000000000000000e+00 +0.00000000000000000e+00 +0.00000000000000000e+00 +0.00000000000000000e+00
-1.36432908195424640e-01 +5.57507941666679496e-01 +8.18883970132473271e-01 +0.00000000000000000e+00 +0.00000000000000000e+00 +0.00000000000000000e+00 +0.00000000000000000e+00 +0.00000000000000000e+00 +0.00000000000000000e+00
+6.32189965745035942e-01 -4.60676660168266361e-01 -6.22987048009428612e-01 +0.00000000000000000e+00 +0.00000000000000000e+00 +0.00000000000000000e+00 +0.00000000000000000e+00 +0.00000000000000000e+00 +0.00000000000000000e+00
-1.86349073141626548e-01 -4.99594773128039515e-01 +8.45978182698820858e-01 +0.00000000000000000e+00 +0.00000000000000000e+00 +0.00000000000000000e+00 +0.00000000000000000e+00 +0.00000000000000000e+00 +0.00000000000000000e+00
-5.51856566335765186e-01 -6.93600951430401902e-01 -4.63003294121046904e-01 +0.00000000000000000e+00 +0.00000000000000000e+00 +0.00000000000000000e+00 +0.00000000000000000e+00 +0.00000000000000000e+00 +0.00000000000000000e+00
+2.63967029978332213e-01 -1.67146622345408502e-02 +9.64386865915750513e-01 +0.00000000000000000e+00 +0.00000000000000000e+00 +0.00000000000000000e+00 +0.00000000000000000e+00 +0.00000000000000000e+00 +0.00000000000000000e+00
-5.91791689112139196e-01 -3.89833093606777925e-01 -7.05558470877340027e-01 +0.00000000000000000e+00 +0.00000000000000000e+00 +0.00000000000000000e+00 +0.00000000000000000e+00 +0.00000000000000000e+00 +0.00000000000000000e+00
-7.82715064486024514e-02 +5.26019746554539092e-01 -8.46862915419588469e-01 +0.00000000000000000e+00 +0.00000000000000000e+00 +0.00000000000000000e+00 +0.00000000000000000e+00 +0.00000000000000000e+00 +0.00000000000000000e+00
-2.86368048760948901e-01 -9.07627085929061717e-01 +3.06930633102605877e-01 +0.00000000000000000e+00 +0.00000000000000000e+00 +0.00000000000000000e+00 +0.00000000000000000e+00 +0.00000000000000000e+00 +0.00000000000000000e+00
+8.31775460334410188e-01 -5.53282867633525632e-01 +4.50294566778537825e-02 +0.00000000000000000e+00 +0.00000000000000000e+00 +0.00000000000000000e+00 +0.00000000000000000e+00 +0.00000000000000000e+00 +0.00000000000000000e+00
+8.32627920414187650e-01 +4.15953916975368487e-01 -3.65667998462530897e-01 +0.00000000000000000e+00 +0.00000000000000000e+00 +0.00000000000000000e+00 +0.00000000000000000e+00 +0.00000000000000000e+00 +0.00000000000000000e+00
-1.90091793273956866e-01 -4.35591685434509102e-01 -8.79843732551533808e-01 +0.00000000000000000e+00 +0.00000000000000000e+00 +0.00000000000000000e+00 +0.00000000000000000e+00 +0.00000000000000000e+00 +0.00000000000000000e+00
+5.04180466986363429e-01 -5.07474772305968325e-02 -8.62105997116446754e-01 +0.00000000000000000e+00 +0.00000000000000000e+00 +0.00000000000000000e+00 +0.00000000000000000e+00 +0.00000000000000000e+00 +0.00000000000000000e+00
-1.77102259179332699e-01 +2.86128924658522299e-01 +9.41682020783732643e-01 +0.00000000000000000e+00 +0.00000000000000000e+00 +0.00000000000000000e+00 +0.00000000000000000e+00 +0.00000000000000000e+00 +0.00000000000000000e+00
+6.19550096555723795e-01 +1.10392676950988797e-01 +7.77155798236999651e-01 +0.00000000000000000e+00 +0.00000000000000000e+00 +0.00000000000000000e+00 +0.00000000000000000e+00 +0.00000000000000000e+00 +0.00000000000000000e+00
-7.18385236133389449e-01 -6.83175736529572530e-01 +1.31124236977191305e-01 +0.00000000000000000e+00 +0.00000000000000000e+00 +0.00000000000000000e+00 +0.00000000000000000e+00 +0.00000000000000000e+00 +0.00000000000000000e+00
+3.98099375223316537e-02 +9.56857415228881125e-01 -2.87817747534742596e-01 +0.00000000000000000e+00 +0.00000000000000000e+00 +0.00000000000000000e+00 +0.00000000000000000e+00 +0.00000000000000000e+00 +0.00000000000000000e+00
+2.03139558148362265e-01 +8.22614089706774410e-01 +5.31074739873008017e-01 +0.00000000000000000e+00 +0.00000000000000000e+00 +0.00000000000000000e+00 +0.00000000000000000e+00 +0.00000000000000000e+00 +0.00000000000000000e+00
+4.31122488031110085e-01 +9.02022209657509233e-01 +2.21208860231667526e-02 +0.00000000000000000e+00 +0.00000000000000000e+00 +0.00000000000000000e+00 +0.00000000000000000e+00 +0.00000000000000000e+00 +0.00000000000000000e+00
+9.69094720049753056e-01 -1.94697101012943102e-01 -1.51487499249431695e-01 +0.00000000000000000e+00 +0.00000000000000000e+00 +0.00000000000000000e+00 +0.00000000000000000e+00 +0.00000000000000000e+00 +0.00000000000000000e+00
+7.11766809430615238e-02 +1.86375206391047488e-01 -9.79897016289275280e-01 +0.00000000000000000e+00 +0.00000000000000000e+00 +0.00000000000000000e+00 +0.00000000000000000e+00 +0.00000000000000000e+00 +0.00000000000000000e+00
-1.84614075909936753e-01 -1.35992003575655974e-03 +9.82810151348375349e-01 +0.00000000000000000e+00 +0.00000000000000000e+00 +0.00000000000000000e+00 +0.00000000000000000e+00 +0.00000000000000000e+00 +0.00000000000000000e+00
+9.06326235407532654e-01 +1.33957237311240068e-01 -4.00784497684166685e-01 +0.00000000000000000e+00 +0.00000000000000000e+00 +0.00000000000000000e+00 +0.00000000000000000e+00 +0.00000000000000000e+00 +0.00000000000000000e+00
-7.07632692583182177e-01 +6.84585571368399926e-01 -1.74924463302526534e-01 +0.00000000000000000e+00 +0.00000000000000000e+00 +0.00000000000000000e+00 +0.00000000000000000e+00 +0.00000000000000000e+00 +0.00000000000000000e+00
+5.72793187085525957e-01 -7.78923711202923919e-01 -2.55315132638607223e-01 +0.00000000000000000e+00 +0.00000000000000000e+00 +0.00000000000000000e+00 +0.00000000000000000e+00 +0.00000000000000000e+00 +0.00000000000000000e+00
+8.03636114424250647e-01 +4.66966918126256070e-01 +3.68932098046184154e-01 +0.00000000000000000e+00 +0.00000000000000000e+00 +0.00000000000000000e+00 +0.00000000000000000e+00 +0.00000000000000000e+00 +0.00000000000000000e+00
-1.61727020074006848e-02 -8.19942047698477117e-01 -5.72218037225154408e-01 +0.00000000000000000e+00 +0.00000000000000000e+00 +0.00000000000000000e+00 +0.00000000000000000e+00 +0.00000000000000000e+00 +0.00000000000000000e+00
-6.17283626100260552e-01 +4.15154127062538791e-01 -6.68287345182785320e-01 +0.00000000000000000e+00 +0.00000000000000000e+00 +0.00000000000000000e+00 +0.00000000000000000e+00 +0.00000000000000000e+00 +0.00000000000000000e+00
+8.97869864302040188e-01 -3.21017272477427063e-01 +3.01293241791762145e-01 +0.00000000000000000e+00 +0.00000000000000000e+00 +0.00000000000000000e+00 +0.00000000000000000e+00 +0.00000000000000000e+00 +0.00000000000000000e+00
-8.12015912232641024e-01 +5.14416962287211676e-01 -2.75690673023570976e-01 +0.00000000000000000e+00 +0.00000000000000000e+00 +0.00000000000000000e+00 +0.00000000000000000e+00 +0.00000000000000000e+00 +0.00000000000000000e+00
+4.20624550332648006e-01 +7.13364020829370116e-01 -5.60523649316968409e-01 +0.00000000000000000e+00 +0.00000000000000000e+00 +0.00000000000000000e+00 +0.00000000000000000e+00 +0.00000000000000000e+00 +0.00000000000000000e+00
+1.57069372596149281e-01 +3.02734867064441526e-01 +9.40042984365995427e-01 +0.00000000000000000e+00 +0.00000000000000000e+00 +0.00000000000000000e+00 +0.00000000000000000e+00 +0.00000000000000000e+00 +0.00000000000000000e+00
+9.32265884904273756e-01 -1.32516340684912554e-01 +3.36629973851307329e-01 +0.00000000000000000e+00 +0.00000000000000000e+00 +0.00000000000000000e+00 +0.00000000000000000e+00 +0.00000000000000000e+00 +0.00000000000000000e+00
+4.62580789713186558e-01 -8.79305040829029383e-01 +1.13321040239594301e-01 +0.00000000000000000e+00 +0.00000000000000000e+00 +0.00000000000000000e+00 +0.00000000000000000e+00 +0.00000000000000000e+00 +0.00000000000000000e+00
+1.83732332682128935e-01 -9.16606875041776403e-01 -3.55069382731506233e-01 +0.00000000000000000e+00 +0.00000000000000000e+00 +0.00000000000000000e+00 +0.00000000000000000e+00 +0.00000000000000000e+00 +0.00000000000000000e+00
-9.27124250929832194e-01 -2.60451073811072298e-01 +2.69454748498624441e-01 +0.00000000000000000e+00 +0.00000000000000000e+00 +0.00000000000000000e+00 +0.00000000000000000e+00 +0.00000000000000000e+00 +0.00000000000000000e+00
+8.10441956952636655e-01 -3.95559555171205168e-01 +4.32107015360244817e-01 +0.00000000000000000e+00 +0.00000000000000000e+00 +0.00000000000000000e+00 +0.00000000000000000e+00 +0.00000000000000000e+00 +0.00000000000000000e+00
-2.54358150402004712e-01 +7.24926440118060067e-01 -6.40143411855365274e-01 +0.00000000000000000e+00 +0.00000000000000000e+00 +0.00000000000000000e+00 +0.00000000000000000e+00 +0.00000000000000000e+00 +0.00000000000000000e+00
-2.84628126836510342e-01 -2.47132350922249361e-02 -9.58319406787119132e-01 +0.00000000000000000e+00 +0.00000000000000000e+00 +0.00000000000000000e+00 +0.00000000000000000e+00 +0.00000000000000000e+00 +0.00000000000000000e+00
+7.94617303013935183e-01 -4.90376188257397108e-02 +6.05126973197164131e-01 +0.00000000000000000e+00 +0.00000000000000000e+00 +0.00000000000000000e+00 +0.00000000000000000e+00 +0.00000000000000000e+00 +0.00000000000000000e+00
+8.16602430501380705e-01 +5.71855060191781339e-01 -7.83725757666032113e-02 +0.00000000000000000e+00 +0.00000000000000000e+00 +0.00000000000000000e+00 +0.00000000000000000e+00 +0.00000000000000000e+00 +0.00000000000000000e+00
-3.56019315509308987e-01 +2.05624841706177230e-01 +9.11574830421284066e-01 +0.00000000000000000e+00 +0.00000000000000000e+00 +0.00000000000000000e+00 +0.00000000000000000e+00 +0.00000000000000000e+00 +0.00000000000000000e+00
-3.63647418741736395e-01 -7.47425959356522118e-01 -5.55981105904197803e-01 +0.00000000000000000e+00 +0.00000000000000000e+00 +0.00000000000000000e+00 +0.00000000000000000e+00 +0.00000000000000000e+00 +0.00000000000000000e+00
+8.01607566535881055e-01 -2.11579725763592824e-01 +5.59159484331818946e-01 +0.00000000000000000e+00 +0.00000000000000000e+00 +0.00000000000000000e+00 +0.00000000000000000e+00 +0.00000000000000000e+00 +0.00000000000000000e+00
-1.16639086125088609e-01 -9.90231496618189322e-01 -7.63996511327456329e-02 +0.00000000000000000e+00 +0.00000000000000000e+00 +0.00000000000000000e+00 +0.00000000000000000e+00 +0.00000000000000000e+00 +0.00000000000000000e+00
-9.35492329489766350e-01 -2.77969739628016355e-01 -2.18144276379059365e-01 +0.00000000000000000e+00 +0.00000000000000000e+00 +0.00000000000000000e+00 +0.00000000000000000e+00 +0.00000000000000000e+00 +0.00000000000000000e+00
+7.05841378969132016e-01 -5.75550161247696757e-01 -4.12952732915892629e-01 +0.00000000000000000e+00 +0.00000000000000000e+00 +0.00000000000000000e+00 +0.00000000000000000e+00 +0.00000000000000000e+00 +0.00000000000000000e+00
+6.64716377063021335e-01 +2.74544194508373585e-01 -6.94822008377656175e-01 +0.00000000000000000e+00 +0.00000000000000000e+00 +0.00000000000000000e+00 +0.00000000000000000e+00 +0.00000000000000000e+00 +0.00000000000000000e+00
-4.92191327980132168e-02 +1.51608602748909749e-01 +9.87214418725301468e-01 +0.00000000000000000e+00 +0.00000000000000000e+00 +0.00000000000000000e+00 +0.00000000000000000e+00 +0.00000000000000000e+00 +0.00000000000000000e+00
+9.88874851280526657e-01 +3.53868998163898371e-02 +1.44479395853877091e-01 +0.00000000000000000e+00 +0.00000000000000000e+00 +0.00000000000000000e+00 +0.00000000000000000e+00 +0.00000000000000000e+00 +0.00000000000000000e+00
-2.85687312661911608e-01 -2.14385105482869015e-01 +9.34035216643951949e-01 +0.00000000000000000e+00 +0.00000000000000000e+00 +0.00000000000000000e+00 +0.00000000000000000e+00 +0.00000000000000000e+00 +0.00000000000000000e+00
+2.16355839554613183e-01 +5.82025855318596630e-01 -7.83859716040615551e-01 +0.00000000000000000e+00 +0.00000000000000000e+00 +0.00000000000000000e+00 +0.00000000000000000e+00 +0.00000000000000000e+00 +0.00000000000000000e+00
-4.25761220733833601e-01 -6.72407039623805214e-02 +9.02333680325565268e-01 +0.00000000000000000e+00 +0.00000000000000000e+00 +0.00000000000000000e+00 +0.00000000000000000e+00 +0.00000000000000000e+00 +0.00000000000000000e+00
+4.17878758055619942e-02 -9.91472732995698602e-01 -1.23432544985912315e-01 +0.00000000000000000e+00 +0.00000000000000000e+00 +0.00000000000000000e+00 +0.00000000000000000e+00 +0.00000000000000000e+00 +0.00000000000000000e+00
-8.87210729437439394e-01 +3.30575172881835522e-01 -3.21834082479204364e-01 +0.00000000000000000e+00 +0.00000000000000000e+00 +0.00000000000000000e+00 +0.00000000000000000e+00 +0.00000000000000000e+00 +0.00000000000000000e+00
+9.16328902229128883e-01 +3.35534692568273674e-01 -2.18535610422360360e-01 +0.00000000000000000e+00 +0.00000000000000000e+00 +0.00000000000000000e+00 +0.00000000000000000e+00 +0.00000000000000000e+00 +0.00000000000000000e+00
-4.92637989868648374e-01 +5.75798763940642333e-01 -6.52505627855121229e-01 +0.00000000000000000e+00 +0.00000000000000000e+00 +0.00000000000000000e+00 +0.00000000000000000e+00 +0.00000000000000000e+00 +0.00000000000000000e+00
-6.54102213728772641e-01 +4.80780220583138518e-01 +5.83952629492450970e-01 +0.00000000000000000e+00 +0.00000000000000000e+00 +0.00000000000000000e+00 +0.00000000000000000e+00 +0.00000000000000000e+00 +0.00000000000000000e+00
-5.05541511408027167e-01 -7.68542937022467898e-01 +3.92134586839985921e-01 +0.00000000000000000e+00 +0.00000000000000000e+00 +0.00000000000000000e+00 +0.00000000000000000e+00 +0.00000000000000000e+00 +0.00000000000000000e+00
-8.04501164495289411e-01 -3.03817615751628078e-01 +5.10365293377909035e-01 +0.00000000000000000e+00 +0.00000000000000000e+00 +0.00000000000000000e+00 +0.00000000000000000e+00 +0.00000000000000000e+00 +0.00000000000000000e+00
+5.42284958178785859e-01 -6.76587121178858997e-01 -4.98153481959061117e-01 +0.00000000000000000e+00 +0.00000000000000000e+00 +0.00000000000000000e+00 +0.00000000000000000e+00 +0.00000000000000000e+00 +0.00000000000000000e+00
+1.07054822903511343e-02 -1.33739413108042493e-01 +9.90958708539587674e-01 +0.00000000000000000e+00 +0.00000000000000000e+00 +0.00000000000000000e+00 +0.00000000000000000e+00 +0.00000000000000000e+00 +0.00000000000000000e+00
+1.07961583533060818e-01 +9.90028247079993262e-01 -9.04895931295409822e-02 +0.00000000000000000e+00 +0.00000000000000000e+00 +0.00000000000000000e+00 +0.00000000000000000e+00 +0.00000000000000000e+00 +0.00000000000000000e+00
+6.48725076894334451e-01 -5.55431050526447256e-01 +5.20242369208359534e-01 +0.00000000000000000e+00 +0.00000000000000000e+00 +0.00000000000000000e+00 +0.00000000000000000e+00 +0.00000000000000000e+00 +0.00000000000000000e+00
+9.42872978929367833e-01 -1.52266143159445727e-01 -2.96320041934742040e-01 +0.00000000000000000e+00 +0.00000000000000000e+00 +0.00000000000000000e+00 +0.00000000000000000e+00 +0.00000000000000000e+00 +0.00000000000000000e+00
+2.34688094048520618e-01 -9.42778750698208490e-01 +2.36832695681567784e-01 +0.00000000000000000e+00 +0.00000000000000000e+00 +0.00000000000000000e+00 +0.00000000000000000e+00 +0.00000000000000000e+00 +0.00000000000000000e+00
-1.04185433982873957e-01 +7.93224015055657317e-01 +5.99950879059929831e-01 +0.00000000000000000e+00 +0.00000000000000000e+00 +0.00000000000000000e+00 +0.00000000000000000e+00 +0.00000000000000000e+00 +0.00000000000000000e+00
+2.62563886164985105e-01 +7.89724544409973417e-01 -5.54432457237489795e-01 +0.00000000000000000e+00 +0.00000000000000000e+00 +0.00000000000000000e+00 +0.00000000000000000e+00 +0.00000000000000000e+00 +0.00000000000000000e+00
-3.22422627395101746e-01 -9.38250342390441472e-01 +1.25419074896359672e-01 +0.00000000000000000e+00 +0.00000000000000000e+00 +0.00000000000000000e+00 +0.00000000000000000e+00 +0.00000000000000000e+00 +0.00000000000000000e+00
-7.48689081803609713e-01 -1.14308831089281013e-01 -6.52991692078138231e-01 +0.00000000000000000e+00 +0.00000000000000000e+00 +0.00000000000000000e+00 +0.00000000000000000e+00 +0.00000000000000000e+00 +0.00000000000000000e+00
-9.23360056525178163e-01 -3.81332705675515249e-01 +4.46270500482699173e-02 +0.00000000000000000e+00 +0.00000000000000000e+00 +0.00000000000000000e+00 +0.00000000000000000e+00 +0.00000000000000000e+00 +0.00000000000000000e+00
-5.98515562785789310e-02 +9.45096932474223550e-01 +3.21262477483513442e-01 +0.00000000000000000e+00 +0.00000000000000000e+00 +0.00000000000000000e+00 +0.00000000000000000e+00 +0.00000000000000000e+00 +0.00000000000000000e+00
-3.00786971366869715e-01 +9.46662104389039971e-01 -1.15577065067687737e-01 +0.00000000000000000e+00 +0.00000000000000000e+00 +0.00000000000000000e+00 +0.00000000000000000e+00 +0.00000000000000000e+00 +0.00000000000000000e+00
-8.79701487991879916e-02 +6.89911728782336975e-01 -7.18528398470663077e-01 +0.00000000000000000e+00 +0.00000000000000000e+00 +0.00000000000000000e+00 +0.00000000000000000e+00 +0.00000000000000000e+00 +0.00000000000000000e+00
+3.47163102678318514e-01 +8.79017879132754421e-01 +3.26810875436723824e-01 +0.00000000000000000e+00 +0.00000000000000000e+00 +0.00000000000000000e+00 +0.00000000000000000e+00 +0.00000000000000000e+00 +0.00000000000000000e+00
-7.04232530972271786e-01 -6.22733740474339492e-01 +3.40968078850830580e-01 +0.00000000000000000e+00 +0.00000000000000000e+00 +0.00000000000000000e+00 +0.00000000000000000e+00 +0.00000000000000000e+00 +0.00000000000000000e+00
+6.44507717432959981e-01 +7.13429769702120686e-01 -2.75005028812447372e-01 +0.00000000000000000e+00 +0.00000000000000000e+00 +0.00000000000000000e+00 +0.00000000000000000e+00 +0.00000000000000000e+00 +0.00000000000000000e+00
+6.78255862733257886e-01 -3.57330873175894126e-01 +6.42093164379840764e-01 +0.00000000000000000e+00 +0.00000000000000000e+00 +0.00000000000000000e+00 +0.00000000000000000e+00 +0.00000000000000000e+00 +0.00000000000000000e+00
-3.42943569109485369e-01 -9.36564679492039143e-01 -7.23623488730263803e-02 +0.00000000000000000e+00 +0.00000000000000000e+00 +0.00000000000000000e+00 +0.00000000000000000e+00 +0.00000000000000000e+00 +0.00000000000000000e+00
+1.42935377305503930e-01 +8.98479054711361025e-01 -4.15096213135596581e-01 +0.00000000000000000e+00 +0.00000000000000000e+00 +0.00000000000000000e+00 +0.00000000000000000e+00 +0.00000000000000000e+00 +0.00000000000000000e+00
+5.86101236799615566e-01 +8.01743370382410170e-01 -1.17016700815800540e-01 +0.00000000000000000e+00 +0.00000000000000000e+00 +0.00000000000000000e+00 +0.00000000000000000e+00 +0.00000000000000000e+00 +0.00000000000000000e+00
-6.56055145864131384e-01 -6.91695250473211787e-01 -3.01909466658457692e-01 +0.00000000000000000e+00 +0.00000000000000000e+00 +0.00000000000000000e+00 +0.00000000000000000e+00 +0.00000000000000000e+00 +0.00000000000000000e+00
+5.08311390643184202e-01 +7.51084498854145965e-01 -4.21297526367540587e-01 +0.00000000000000000e+00 +0.00000000000000000e+00 +0.00000000000000000e+00 +0.00000000000000000e+00 +0.00000000000000000e+00 +0.00000000000000000e+00
+3.33828404275402918e-02 +4.22899149703643729e-01 +9.05561646242222795e-01 +0.00000000000000000e+00 +0.00000000000000000e+00 +0.00000000000000000e+00 +0.00000000000000000e+00 +0.00000000000000000e+00 +0.00000000000000000e+00
-7.81796377019078781e-01 +3.84068797016698660e-01 +4.91208289870996073e-01 +0.00000000000000000e+00 +0.00000000000000000e+00 +0.00000000000000000e+00 +0.00000000000000000e+00 +0.00000000000000000e+00 +0.00000000000000000e+00
-4.81913501789548226e-01 +4.21299780746004937e-01 +7.68287622922758873e-01 +0.00000000000000000e+00 +0.00000000000000000e+00 +0.00000000000000000e+00 +0.00000000000000000e+00 +0.00000000000000000e+00 +0.00000000000000000e+00
+2.78462888452462753e-01 -7.58712814560741466e-01 +5.88908553831602344e-01 +0.00000000000000000e+00 +0.00000000000000000e+00 +0.00000000000000000e+00 +0.00000000000000000e+00 +0.00000000000000000e+00 +0.00000000000000000e+00
-8.92213364183177537e-01 +3.98348649116437747e-01 +2.12776094804011967e-01 +0.00000000000000000e+00 +0.00000000000000000e+00 +0.00000000000000000e+00 +0.00000000000000000e+00 +0.00000000000000000e+00 +0.00000000000000000e+00
+5.59605095196863189e-01 +8.04533249617239932e-01 +1.98918042645793575e-01 +0.00000000000000000e+00 +0.00000000000000000e+00 +0.00000000000000000e+00 +0.00000000000000000e+00 +0.00000000000000000e+00 +0.00000000000000000e+00
-4.45185284328853625e-01 -5.45838647312756775e-01 +7.09838174316384407e-01 +0.00000000000000000e+00 +0.00000000000000000e+00 +0.00000000000000000e+00 +0.00000000000000000e+00 +0.00000000000000000e+00 +0.00000000000000000e+00
-5.22645478192552138e-02 -7.03230231166524722e-01 +7.09038545507030382e-01 +0.00000000000000000e+00 +0.00000000000000000e+00 +0.00000000000000000e+00 +0.00000000000000000e+00 +0.00000000000000000e+00 +0.00000000000000000e+00
+1.12650731024311196e-01 +7.22516696908529266e-01 -6.82113946117565484e-01 +0.00000000000000000e+00 +0.00000000000000000e+00 +0.00000000000000000e+00 +0.00000000000000000e+00 +0.00000000000000000e+00 +0.00000000000000000e+00
+5.30380022803004447e-01 +1.73923692356904303e-01 -8.29727413460845886e-01 +0.00000000000000000e+00 +0.00000000000000000e+00 +0.00000000000000000e+00 +0.00000000000000000e+00 +0.00000000000000000e+00 +0.00000000000000000e+00
+8.43763525817124993e-01 +1.74877131934189842e-02 -5.36430137471710866e-01 +0.00000000000000000e+00 +0.00000000000000000e+00 +0.00000000000000000e+00 +0.00000000000000000e+00 +0.00000000000000000e+00 +0.00000000000000000e+00
-8.39555984588116755e-01 -5.34607406293499232e-01 +9.66471410773001721e-02 +0.00000000000000000e+00 +0.00000000000000000e+00 +0.00000000000000000e+00 +0.00000000000000000e+00 +0.00000000000000000e+00 +0.00000000000000000e+00
+1.86070394433356760e-02 -4.76575098766617522e-01 -8.78936831244852779e-01 +0.00000000000000000e+00 +0.00000000000000000e+00 +0.00000000000000000e+00 +0.00000000000000000e+00 +0.00000000000000000e+00 +0.00000000000000000e+00
+6.18418450571214473e-01 +4.23907340169965785e-01 -6.61710803102929068e-01 +0.00000000000000000e+00 +0.00000000000000000e+00 +0.00000000000000000e+00 +0.00000000000000000e+00 +0.00000000000000000e+00 +0.00000000000000000e+00
-5.78239611430436118e-01 -8.15633842167796552e-01 +1.95035197689137144e-02 +0.00000000000000000e+00 +0.00000000000000000e+00 +0.00000000000000000e+00 +0.00000000000000000e+00 +0.00000000000000000e+00 +0.00000000000000000e+00
+5.17597934021006512e-01 -2.46361584952936835e-01 -8.19389009052881256e-01 +0.00000000000000000e+00 +0.00000000000000000e+00 +0.00000000000000000e+00 +0.00000000000000000e+00 +0.00000000000000000e+00 +0.00000000000000000e+00
-5.81664487233368610e-01 +6.75998589649249637e-01 -4.52429365850369858e-01 +0.00000000000000000e+00 +0.00000000000000000e+00 +0.00000000000000000e+00 +0.00000000000000000e+00 +0.00000000000000000e+00 +0.00000000000000000e+00
+6.75860807016986032e-01 -7.30379177064115481e-01 +9.87847521103027842e-02 +0.00000000000000000e+00 +0.00000000000000000e+00 +0.00000000000000000e+00 +0.00000000000000000e+00 +0.00000000000000000e+00 +0.00000000000000000e+00
+3.18288756585030808e-01 +9.40415092713011047e-01 -1.19631604641641576e-01 +0.00000000000000000e+00 +0.00000000000000000e+00 +0.00000000000000000e+00 +0.00000000000000000e+00 +0.00000000000000000e+00 +0.00000000000000000e+00
-1.26924879948537489e-01 +9.87724784454487970e-01 -9.10484762331845165e-02 +0.00000000000000000e+00 +0.00000000000000000e+00 +0.00000000000000000e+00 +0.00000000000000000e+00 +0.00000000000000000e+00 +0.00000000000000000e+00
-9.86140026325710517e-01 -1.65888241139522913e-01 -2.98997156552514723e-03 +0.00000000000000000e+00 +0.00000000000000000e+00 +0.00000000000000000e+00 +0.00000000000000000e+00 +0.00000000000000000e+00 +0.00000000000000000e+00
-4.09879989444643489e-01 +3.75932030588412569e-01 -8.31067688356689649e-01 +0.00000000000000000e+00 +0.00000000000000000e+00 +0.00000000000000000e+00 +0.00000000000000000e+00 +0.00000000000000000e+00 +0.00000000000000000e+00
+9.04344796658574812e-01 +5.95356982972226889e-02 +4.22629849140856440e-01 +0.00000000000000000e+00 +0.00000000000000000e+00 +0.00000000000000000e+00 +0.00000000000000000e+00 +0.00000000000000000e+00 +0.00000000000000000e+00
-4.03489713388775317e-01 +7.92959618281423251e-01 +4.56520640239216013e-01 +0.00000000000000000e+00 +0.00000000000000000e+00 +0.00000000000000000e+00 +0.00000000000000000e+00 +0.00000000000000000e+00 +0.00000000000000000e+00
+7.47583623547541265e-01 +6.32228690490033496e-01 +2.03483681716214448e-01 +0.00000000000000000e+00 +0.00000000000000000e+00 +0.00000000000000000e+00 +0.00000000000000000e+00 +0.00000000000000000e+00 +0.00000000000000000e+00
-8.50773023182564092e-01 -4.86284547883348350e-01 -1.99280208537345405e-01 +0.00000000000000000e+00 +0.00000000000000000e+00 +0.00000000000000000e+00 +0.00000000000000000e+00 +0.00000000000000000e+00 +0.00000000000000000e+00
-3.78040727994569059e-01 +8.73838169490183780e-01 -3.05764715949014165e-01 +0.00000000000000000e+00 +0.00000000000000000e+00 +0.00000000000000000e+00 +0.00000000000000000e+00 +0.00000000000000000e+00 +0.00000000000000000e+00
-9.54153611397948076e-01 +1.01278712335966220e-01 +2.81662046225298779e-01 +0.00000000000000000e+00 +0.00000000000000000e+00 +0.00000000000000000e+00 +0.00000000000000000e+00 +0.00000000000000000e+00 +0.00000000000000000e+00
+1.46662954779834265e-01 -6.09423585217291230e-01 +7.79161646563889421e-01 +0.00000000000000000e+00 +0.00000000000000000e+00 +0.00000000000000000e+00 +0.00000000000000000e+00 +0.00000000000000000e+00 +0.00000000000000000e+00
+4.59034968746793226e-01 -8.19774917431397854e-01 +3.42426608513379804e-01 +0.00000000000000000e+00 +0.00000000000000000e+00 +0.00000000000000000e+00 +0.00000000000000000e+00 +0.00000000000000000e+00 +0.00000000000000000e+00
+3.72772225064115115e-01 +4.91529051329363198e-01 +7.87045144778877992e-01 +0.00000000000000000e+00 +0.00000000000000000e+00 +0.00000000000000000e+00 +0.00000000000000000e+00 +0.00000000000000000e+00 +0.00000000000000000e+00
-2.21503836091140910e-01 -9.20936141324743218e-01 -3.20644155098454231e-01 +0.00000000000000000e+00 +0.00000000000000000e+00 +0.00000000000000000e+00 +0.00000000000000000e+00 +0.00000000000000000e+00 +0.00000000000000000e+00
+5.17118645435330149e-01 -7.05312952637569102e-01 +4.84893746489685584e-01 +0.00000000000000000e+00 +0.00000000000000000e+00 +0.00000000000000000e+00 +0.00000000000000000e+00 +0.00000000000000000e+00 +0.00000000000000000e+00
-6.30002729743804668e-01 -5.57210315625927599e-01 -5.40937357441144906e-01 +0.00000000000000000e+00 +0.00000000000000000e+00 +0.00000000000000000e+00 +0.00000000000000000e+00 +0.00000000000000000e+00 +0.00000000000000000e+00
-1.18054816069250487e-01 +9.87433424662697123e-01 +1.05063277417721576e-01 +0.00000000000000000e+00 +0.00000000000000000e+00 +0.00000000000000000e+00 +0.00000000000000000e+00 +0.00000000000000000e+00 +0.00000000000000000e+00
-4.48535098039909985e-01 +8.59553457861903403e-01 +2.44916554981433443e-01 +0.00000000000000000e+00 +0.00000000000000000e+00 +0.00000000000000000e+00 +0.00000000000000000e+00 +0.00000000000000000e+00 +0.00000000000000000e+00
-2.34989386982018100e-01 +1.88917152713539094e-01 -9.53462268480732678e-01 +0.00000000000000000e+00 +0.00000000000000000e+00 +0.00000000000000000e+00 +0.00000000000000000e+00 +0.00000000000000000e+00 +0.00000000000000000e+00
-7.57909890143621867e-01 -6.47163711860929580e-01 -8.21689021033319561e-02 +0.00000000000000000e+00 +0.00000000000000000e+00 +0.00000000000000000e+00 +0.00000000000000000e+00 +0.00000000000000000e+00 +0.00000000000000000e+00
+3.18824005170719738e-01 +2.79955297516074175e-01 +9.05525419366893014e-01 +0.00000000000000000e+00 +0.00000000000000000e+00 +0.00000000000000000e+00 +0.00000000000000000e+00 +0.00000000000000000e+00 +0.00000000000000000e+00
+2.75268590867888963e-01 +2.76239350700952735e-01 -9.20825186452848277e-01 +0.00000000000000000e+00 +0.00000000000000000e+00 +0.00000000000000000e+00 +0.00000000000000000e+00 +0.00000000000000000e+00 +0.00000000000000000e+00
+6.49059369153735188e-01 +6.52270830685649283e-01 +3.91490355884290320e-01 +0.00000000000000000e+00 +0.00000000000000000e+00 +0.00000000000000000e+00 +0.00000000000000000e+00 +0.00000000000000000e+00 +0.00000000000000000e+00
+1.37550379497444780e-01 -8.12461853414541912e-01 +5.66555937085047590e-01 +0.00000000000000000e+00 +0.00000000000000000e+00 +0.00000000000000000e+00 +0.00000000000000000e+00 +0.00000000000000000e+00 +0.00000000000000000e+00
-6.06599612056774262e-01 +6.55781063519050966e-01 +4.49430870526706883e-01 +0.00000000000000000e+00 +0.00000000000000000e+00 +0.00000000000000000e+00 +0.00000000000000000e+00 +0.00000000000000000e+00 +0.00000000000000000e+00
-7.76242919651141894e-01 +6.18241486000310148e-01 +1.23387173886102208e-01 +0.00000000000000000e+00 +0.00000000000000000e+00 +0.00000000000000000e+00 +0.00000000000000000e+00 +0.00000000000000000e+00 +0.00000000000000000e+00
+1.56135021734953694e-01 -2.02006063684628048e-02 -9.87529133995636577e-01 +0.00000000000000000e+00 +0.00000000000000000e+00 +0.00000000000000000e+00 +0.00000000000000000e+00 +0.00000000000000000e+00 +0.00000000000000000e+00
+8.24786852567616524e-01 -4.09925864439589172e-01 -3.89470709418642369e-01 +0.00000000000000000e+00 +0.00000000000000000e+00 +0.00000000000000000e+00 +0.00000000000000000e+00 +0.00000000000000000e+00 +0.00000000000000000e+00
-7.67718391630463737e-01 +5.47987434479821900e-01 +3.32141901609172063e-01 +0.00000000000000000e+00 +0.00000000000000000e+00 +0.00000000000000000e+00 +0.00000000000000000e+00 +0.00000000000000000e+00 +0.00000000000000000e+00
-2.11627149974584483e-01 -6.52562440778434949e-01 +7.27582442255808259e-01 +0.00000000000000000e+00 +0.00000000000000000e+00 +0.00000000000000000e+00 +0.00000000000000000e+00 +0.00000000000000000e+00 +0.00000000000000000e+00
-3.11608213307829507e-01 -7.78401260198538725e-01 +5.44969539993226726e-01 +0.00000000000000000e+00 +0.00000000000000000e+00 +0.00000000000000000e+00 +0.00000000000000000e+00 +0.00000000000000000e+00 +0.00000000000000000e+00
+2.41723884383717835e-01 +7.23880913393801340e-01 +6.46193459377764845e-01 +0.00000000000000000e+00 +0.00000000000000000e+00 +0.00000000000000000e+00 +0.00000000000000000e+00 +0.00000000000000000e+00 +0.00000000000000000e+00
-7.46605688374637366e-01 +1.56805622582609161e-01 +6.46522963871442480e-01 +0.00000000000000000e+00 +0.00000000000000000e+00 +0.00000000000000000e+00 +0.00000000000000000e+00 +0.00000000000000000e+00 +0.00000000000000000e+00
-2.99652070568388718e-01 +6.98398840744454463e-01 +6.49959764793852091e-01 +0.00000000000000000e+00 +0.00000000000000000e+00 +0.00000000000000000e+00 +0.00000000000000000e+00 +0.00000000000000000e+00 +0.00000000000000000e+00
-6.30036362146496165e-01 +2.71623945968480052e-01 +7.27512621436715246e-01 +0.00000000000000000e+00 +0.00000000000000000e+00 +0.00000000000000000e+00 +0.00000000000000000e+00 +0.00000000000000000e+00 +0.00000000000000000e+00
+4.03620012128420635e-01 +3.22691101777211331e-01 -8.56131612921321228e-01 +0.00000000000000000e+00 +0.00000000000000000e+00 +0.00000000000000000e+00 +0.00000000000000000e+00 +0.00000000000000000e+00 +0.00000000000000000e+00
+5.89344986628745460e-01 +5.59221675147779207e-01 -5.83046828977292209e-01 +0.00000000000000000e+00 +0.00000000000000000e+00 +0.00000000000000000e+00 +0.00000000000000000e+00 +0.00000000000000000e+00 +0.00000000000000000e+00
-3.87735552768632696e-02 -6.56537326886961647e-01 -7.53296322714584132e-01 +0.00000000000000000e+00 +0.00000000000000000e+00 +0.00000000000000000e+00 +0.00000000000000000e+00 +0.00000000000000000e+00 +0.00000000000000000e+00
+6.19815655992494718e-02 -5.18767608821199100e-01 +8.52665499222175272e-01 +0.00000000000000000e+00 +0.00000000000000000e+00 +0.00000000000000000e+00 +0.00000000000000000e+00 +0.00000000000000000e+00 +0.00000000000000000e+00
-8.23701908511252801e-01 +1.51511087798780059e-01 -5.46406036010721796e-01 +0.00000000000000000e+00 +0.00000000000000000e+00 +0.00000000000000000e+00 +0.00000000000000000e+00 +0.00000000000000000e+00 +0.00000000000000000e+00
+1.26052249309190179e-01 +4.03771149893194584e-02 +9.91201553181406791e-01 +0.00000000000000000e+00 +0.00000000000000000e+00 +0.00000000000000000e+00 +0.00000000000000000e+00 +0.00000000000000000e+00 +0.00000000000000000e+00
-8.91996183034992202e-02 -9.25118987023155870e-01 +3.69050522210388143e-01 +0.00000000000000000e+00 +0.00000000000000000e+00 +0.00000000000000000e+00 +0.00000000000000000e+00 +0.00000000000000000e+00 +0.00000000000000000e+00
+8.81687552036190203e-01 +4.71106132305390723e-01 +2.61929893041275320e-02 +0.00000000000000000e+00 +0.00000000000000000e+00 +0.00000000000000000e+00 +0.00000000000000000e+00 +0.00000000000000000e+00 +0.00000000000000000e+00
+7.77372678796384275e-01 -5.99704554904971654e-01 -1.89858276319899738e-01 +0.00000000000000000e+00 +0.00000000000000000e+00 +0.00000000000000000e+00 +0.00000000000000000e+00 +0.00000000000000000e+00 +0.00000000000000000e+00
+3.70155344738499537e-01 -7.86337403834954540e-01 -4.94629667621773628e-01 +0.00000000000000000e+00 +0.00000000000000000e+00 +0.00000000000000000e+00 +0.00000000000000000e+00 +0.00000000000000000e+00 +0.00000000000000000e+00
-2.07890932938130130e-01 +9.69730648783424520e-01 -1.28077432876337605e-01 +0.00000000000000000e+00 +0.00000000000000000e+00 +0.00000000000000000e+00 +0.00000000000000000e+00 +0.00000000000000000e+00 +0.00000000000000000e+00
+9.13571701477436493e-01 +1.51392625268633174e-01 +3.77448035196758014e-01 +0.00000000000000000e+00 +0.00000000000000000e+00 +0.00000000000000000e+00 +0.00000000000000000e+00 +0.00000000000000000e+00 +0.00000000000000000e+00
+3.58496304570388724e-01 -1.09274582982964941e-01 -9.27113512534077033e-01 +0.00000000000000000e+00 +0.00000000000000000e+00 +0.00000000000000000e+00 +0.00000000000000000e+00 +0.00000000000000000e+00 +0.00000000000000000e+00
-9.24904556565320557e-01 -3.83281775764413371e-02 -3.78262490935034001e-01 +0.00000000000000000e+00 +0.00000000000000000e+00 +0.00000000000000000e+00 +0.00000000000000000e+00 +0.00000000000000000e+00 +0.00000000000000000e+00
-8.88547890341904623e-01 +9.89500128321799260e-02 +4.47986095241205085e-01 +0.00000000000000000e+00 +0.00000000000000000e+00 +0.00000000000000000e+00 +0.00000000000000000e+00 +0.00000000000000000e+00 +0.00000000000000000e+00
+7.08990229819139728e-01 -8.81949678725321706e-02 -6.99681714540952293e-01 +0.00000000000000000e+00 +0.00000000000000000e+00 +0.00000000000000000e+00 +0.00000000000000000e+00 +0.00000000000000000e+00 +0.00000000000000000e+00
+5.71055114796132579e-01 -7.41002321901381378e-01 +3.53286873237511678e-01 +0.00000000000000000e+00 +0.00000000000000000e+00 +0.00000000000000000e+00 +0.00000000000000000e+00 +0.00000000000000000e+00 +0.00000000000000000e+00
-3.16164730021451568e-01 -9.23655314041566866e-01 +2.16565750600683116e-01 +0.00000000000000000e+00 +0.00000000000000000e+00 +0.00000000000000000e+00 +0.00000000000000000e+00 +0.00000000000000000e+00 +0.00000000000000000e+00
+5.62645120762858886e-01 -5.32446614315416844e-01 -6.32401036515435888e-01 +0.00000000000000000e+00 +0.00000000000000000e+00 +0.00000000000000000e+00 +0.00000000000000000e+00 +0.00000000000000000e+00 +0.00000000000000000e+00
-1.26543434116666714e-01 -9.22462848139909197e-01 -3.64758897195897713e-01 +0.00000000000000000e+00 +0.00000000000000000e+00 +0.00000000000000000e+00 +0.00000000000000000e+00 +0.00000000000000000e+00 +0.00000000000000000e+00
-4.52080976536901102e-01 +2.06239974369022527e-01 +8.67806351455039149e-01 +0.00000000000000000e+00 +0.00000000000000000e+00 +0.00000000000000000e+00 +0.00000000000000000e+00 +0.00000000000000000e+00 +0.00000000000000000e+00
+7.84528673308511393e-01 +5.97498973692902169e-01 -1.65860595660078297e-01 +0.00000000000000000e+00 +0.00000000000000000e+00 +0.00000000000000000e+00 +0.00000000000000000e+00 +0.00000000000000000e+00 +0.00000000000000000e+00
+9.71170860099368705e-01 -2.36219270571244894e-01 -3.20564611996002682e-02 +0.00000000000000000e+00 +0.00000000000000000e+00 +0.00000000000000000e+00 +0.00000000000000000e+00 +0.00000000000000000e+00 +0.00000000000000000e+00
-2.08970567031189297e-01 -5.76709839943309488e-01 +7.89770259396506913e-01 +0.00000000000000000e+00 +0.00000000000000000e+00 +0.00000000000000000e+00 +0.00000000000000000e+00 +0.00000000000000000e+00 +0.00000000000000000e+00
+4.35380745304508376e-01 -1.27429352935874013e-02 -9.00156222118246752e-01 +0.00000000000000000e+00 +0.00000000000000000e+00 +0.00000000000000000e+00 +0.00000000000000000e+00 +0.00000000000000000e+00 +0.00000000000000000e+00
+6.48628299711617062e-01 +2.16006370410397774e-01 +7.29809959342391346e-01 +0.00000000000000000e+00 +0.00000000000000000e+00 +0.00000000000000000e+00 +0.00000000000000000e+00 +0.00000000000000000e+00 +0.00000000000000000e+00
+5.87035773754477214e-02 -2.99365156228747487e-01 -9.52331031332835698e-01 +0.00000000000000000e+00 +0.00000000000000000e+00 +0.00000000000000000e+00 +0.00000000000000000e+00 +0.00000000000000000e+00 +0.00000000000000000e+00
-2.80946878483559870e-01 +3.24941623852308625e-01 -9.03040305057625114e-01 +0.00000000000000000e+00 +0.00000000000000000e+00 +0.00000000000000000e+00 +0.00000000000000000e+00 +0.00000000000000000e+00 +0.00000000000000000e+00
+2.77036142872350788e-01 +9.55335312192239994e-01 +1.02885454856192951e-01 +0.00000000000000000e+00 +0.00000000000000000e+00 +0.00000000000000000e+00 +0.00000000000000000e+00 +0.00000000000000000e+00 +0.00000000000000000e+00
-1.07754554030543098e-01 +9.71143251713372790e-01 +2.12766869454000140e-01 +0.00000000000000000e+00 +0.00000000000000000e+00 +0.00000000000000000e+00 +0.00000000000000000e+00 +0.00000000000000000e+00 +0.00000000000000000e+00
+6.07458958461544851e-01 +6.99152405817239364e-01 -3.77067006279761308e-01 +0.00000000000000000e+00 +0.00000000000000000e+00 +0.00000000000000000e+00 +0.00000000000000000e+00 +0.00000000000000000e+00 +0.00000000000000000e+00
+9.63605617400898118e-01 -4.76024139418890144e-02 -2.63055553639034989e-01 +0.00000000000000000e+00 +0.00000000000000000e+00 +0.00000000000000000e+00 +0.00000000000000000e+00 +0.00000000000000000e+00 +0.00000000000000000e+00
+8.67140442586859073e-01 +4.91272377865481280e-01 -8.19689183572780145e-02 +0.00000000000000000e+00 +0.00000000000000000e+00 +0.00000000000000000e+00 +0.00000000000000000e+00 +0.00000000000000000e+00 +0.00000000000000000e+00
-5.44590152176014808e-01 -4.62562299844691938e-01 +6.99612524841639938e-01 +0.00000000000000000e+00 +0.00000000000000000e+00 +0.00000000000000000e+00 +0.00000000000000000e+00 +0.00000000000000000e+00 +0.00000000000000000e+00
-8.21491922596282342e-01 +5.67837202610092295e-01 +5.20762176142715583e-02 +0.00000000000000000e+00 +0.00000000000000000e+00 +0.00000000000000000e+00 +0.00000000000000000e+00 +0.00000000000000000e+00 +0.00000000000000000e+00
-4.28399716340226611e-01 -4.64334589202942238e-01 +7.75156159950592394e-01 +0.00000000000000000e+00 +0.00000000000000000e+00 +0.00000000000000000e+00 +0.00000000000000000e+00 +0.00000000000000000e+00 +0.00000000000000000e+00
-1.54289540050718856e-02 +9.15335521055570922e-01 +4.02396360908291562e-01 +0.00000000000000000e+00 +0.00000000000000000e+00 +0.00000000000000000e+00 +0.00000000000000000e+00 +0.00000000000000000e+00 +0.00000000000000000e+00
-4.15019996103085209e-01 +5.46933849572886599e-01 -7.27063798456489274e-01 +0.00000000000000000e+00 +0.00000000000000000e+00 +0.00000000000000000e+00 +0.00000000000000000e+00 +0.00000000000000000e+00 +0.00000000000000000e+00
+3.33421345990813467e-01 +8.53788147575311629e-01 -3.99844976331568014e-01 +0.00000000000000000e+00 +0.00000000000000000e+00 +0.00000000000000000e+00 +0.00000000000000000e+00 +0.00000000000000000e+00 +0.00000000000000000e+00
+7.49767113201519009e-01 -5.89129981096515931e-01 -3.01289132453660735e-01 +0.00000000000000000e+00 +0.00000000000000000e+00 +0.00000000000000000e+00 +0.00000000000000000e+00 +0.00000000000000000e+00 +0.00000000000000000e+00
-5.57765099942615583e-01 -8.21234032827272586e-01 +1.20302770592610492e-01 +0.00000000000000000e+00 +0.00000000000000000e+00 +0.00000000000000000e+00 +0.00000000000000000e+00 +0.00000000000000000e+00 +0.00000000000000000e+00
+8.82175140002522840e-01 -1.69747813133802217e-01 +4.39263818562172392e-01 +0.00000000000000000e+00 +0.00000000000000000e+00 +0.00000000000000000e+00 +0.00000000000000000e+00 +0.00000000000000000e+00 +0.00000000000000000e+00
+6.49419612339347196e-01 +4.25027078777082457e-01 +6.30560186988705862e-01 +0.00000000000000000e+00 +0.00000000000000000e+00 +0.00000000000000000e+00 +0.00000000000000000e+00 +0.00000000000000000e+00 +0.00000000000000000e+00
+9.90804661197880354e-01 +5.10786565209341153e-02 -1.25288044906806423e-01 +0.00000000000000000e+00 +0.00000000000000000e+00 +0.00000000000000000e+00 +0.00000000000000000e+00 +0.00000000000000000e+00 +0.00000000000000000e+00
-7.71236165276725116e-01 +6.34501471878431089e-01 -5.10162675365055177e-02 +0.00000000000000000e+00 +0.00000000000000000e+00 +0.00000000000000000e+00 +0.00000000000000000e+00 +0.00000000000000000e+00 +0.00000000000000000e+00
-8.91932772744585156e-01 -4.62977465833433743e-02 +4.49791560131424684e-01 +0.00000000000000000e+00 +0.00000000000000000e+00 +0.00000000000000000e+00 +0.00000000000000000e+00 +0.00000000000000000e+00 +0.00000000000000000e+00
-9.98512455692169509e-01 +3.74355114021938593e-02 +3.96416234991644259e-02 +0.00000000000000000e+00 +0.00000000000000000e+00 +0.00000000000000000e+00 +0.00000000000000000e+00 +0.00000000000000000e+00 +0.00000000000000000e+00
-4.67686015628655694e-01 +8.41248594508484659e-01 -2.71238996132363075e-01 +0.00000000000000000e+00 +0.00000000000000000e+00 +0.00000000000000000e+00 +0.00000000000000000e+00 +0.00000000000000000e+00 +0.00000000000000000e+00
-7.37766493876583329e-01 +4.46772505907367667e-01 -5.06058226371535969e-01 +0.00000000000000000e+00 +0.00000000000000000e+00 +0.00000000000000000e+00 +0.00000000000000000e+00 +0.00000000000000000e+00 +0.00000000000000000e+00
-3.85515898628430609e-01 -7.01985832871066417e-01 +5.98826671377477027e-01 +0.00000000000000000e+00 +0.00000000000000000e+00 +0.00000000000000000e+00 +0.00000000000000000e+00 +0.00000000000000000e+00 +0.00000000000000000e+00
-4.23449742378705973e-01 -6.84473281096692615e-02 -9.03330105196353261e-01 +0.00000000000000000e+00 +0.00000000000000000e+00 +0.00000000000000000e+00 +0.00000000000000000e+00 +0.00000000000000000e+00 +0.00000000000000000e+00
+5.95395623366276605e-01 -4.13783784369579910e-01 +6.88685001629244176e-01 +0.00000000000000000e+00 +0.00000000000000000e+00 +0.00000000000000000e+00 +0.00000000000000000e+00 +0.00000000000000000e+00 +0.00000000000000000e+00
-1.02931931950722477e-01 +6.49163759981233046e-02 +9.92567822122076615e-01 +0.00000000000000000e+00 +0.00000000000000000e+00 +0.00000000000000000e+00 +0.00000000000000000e+00 +0.00000000000000000e+00 +0.00000000000000000e+00
-5.95771249597405794e-01 -3.00832020573195413e-01 +7.44685647472135948e-01 +0.00000000000000000e+00 +0.00000000000000000e+00 +0.00000000000000000e+00 +0.00000000000000000e+00 +0.00000000000000000e+00 +0.00000000000000000e+00
-8.01049385278304743e-02 -9.65983710684374830e-01 +2.45883447014838052e-01 +0.00000000000000000e+00 +0.00000000000000000e+00 +0.00000000000000000e+00 +0.00000000000000000e+00 +0.00000000000000000e+00 +0.00000000000000000e+00
+5.61870336071248255e-01 +6.83763473414025214e-01 +4.65584834233215117e-01 +0.00000000000000000e+00 +0.00000000000000000e+00 +0.00000000000000000e+00 +0.00000000000000000e+00 +0.00000000000000000e+00 +0.00000000000000000e+00
-8.49687524376475989e-01 +5.01644353262358123e-01 -1.62431689515827316e-01 +0.00000000000000000e+00 +0.00000000000000000e+00 +0.00000000000000000e+00 +0.00000000000000000e+00 +0.00000000000000000e+00 +0.00000000000000000e+00
+3.31850851748919040e-01 +9.12664577011853551e-01 +2.38575736530962867e-01 +0.00000000000000000e+00 +0.00000000000000000e+00 +0.00000000000000000e+00 +0.00000000000000000e+00 +0.00000000000000000e+00 +0.00000000000000000e+00
+7.08961124766069650e-01 -5.75180302088047268e-01 +4.08095262972179296e-01 +0.00000000000000000e+00 +0.00000000000000000e+00 +0.00000000000000000e+00 +0.00000000000000000e+00 +0.00000000000000000e+00 +0.00000000000000000e+00
+2.06192190489078081e-01 +7.53678705742793942e-01 -6.24061847168357997e-01 +0.00000000000000000e+00 +0.00000000000000000e+00 +0.00000000000000000e+00 +0.00000000000000000e+00 +0.00000000000000000e+00 +0.00000000000000000e+00
+7.14414968441844378e-01 +6.45681856637588814e-01 -2.69640859061223981e-01 +0.00000000000000000e+00 +0.00000000000000000e+00 +0.00000000000000000e+00 +0.00000000000000000e+00 +0.00000000000000000e+00 +0.00000000000000000e+00
-5.65217591786229323e-01 +6.08138910025579738e-01 -5.57401237932134030e-01 +0.00000000000000000e+00 +0.00000000000000000e+00 +0.00000000000000000e+00 +0.00000000000000000e+00 +0.00000000000000000e+00 +0.00000000000000000e+00
-2.32033053548517193e-01 -9.70126821458660915e-01 -7.08139276376240773e-02 +0.00000000000000000e+00 +0.00000000000000000e+00 +0.00000000000000000e+00 +0.00000000000000000e+00 +0.00000000000000000e+00 +0.00000000000000000e+00
-9.27086284793457338e-01 -3.48949054335566666e-01 +1.36914491658766901e-01 +0.00000000000000000e+00 +0.00000000000000000e+00 +0.00000000000000000e+00 +0.00000000000000000e+00 +0.00000000000000000e+00 +0.00000000000000000e+00
-3.27236784861009711e-01 -9.56992126593217696e-02 -9.40083904409715565e-01 +0.00000000000000000e+00 +0.00000000000000000e+00 +0.00000000000000000e+00 +0.00000000000000000e+00 +0.00000000000000000e+00 +0.00000000000000000e+00
+9.26818472381651715e-01 -2.99787809599170417e-02 +3.74311089796039831e-01 +0.00000000000000000e+00 +0.00000000000000000e+00 +0.00000000000000000e+00 +0.00000000000000000e+00 +0.00000000000000000e+00 +0.00000000000000000e+00
-6.08193660536706648e-01 -2.93499810978224088e-03 -7.93783255724796133e-01 +0.00000000000000000e+00 +0.00000000000000000e+00 +0.00000000000000000e+00 +0.00000000000000000e+00 +0.00000000000000000e+00 +0.00000000000000000e+00
+9.97287855298494508e-01 -4.65220783391497722e-02 +5.70318323494461987e-02 +0.00000000000000000e+00 +0.00000000000000000e+00 +0.00000000000000000e+00 +0.00000000000000000e+00 +0.00000000000000000e+00 +0.00000000000000000e+00
+9.44711259843320494e-01 +2.91374794150590699e-01 -1.50404005461780205e-01 +0.00000000000000000e+00 +0.00000000000000000e+00 +0.00000000000000000e+00 +0.00000000000000000e+00 +0.00000000000000000e+00 +0.00000000000000000e+00
+6.04620061052577817e-01 +7.70949168124808848e-01 -2.00179824009419943e-01 +0.00000000000000000e+00 +0.00000000000000000e+00 +0.00000000000000000e+00 +0.00000000000000000e+00 +0.00000000000000000e+00 +0.00000000000000000e+00
-8.92097051102980987e-01 +4.44187620644066583e-01 -8.28263791308559566e-02 +0.00000000000000000e+00 +0.00000000000000000e+00 +0.00000000000000000e+00 +0.00000000000000000e+00 +0.00000000000000000e+00 +0.00000000000000000e+00
+4.34968034803760284e-01 +2.37664959503087775e-01 -8.68514925446506325e-01 +0.00000000000000000e+00 +0.00000000000000000e+00 +0.00000000000000000e+00 +0.00000000000000000e+00 +0.00000000000000000e+00 +0.00000000000000000e+00
+1.82022225054496167e-01 +3.76961845991347355e-01 -9.08167207210768157e-01 +0.00000000000000000e+00 +0.00000000000000000e+00 +0.00000000000000000e+00 +0.00000000000000000e+00 +0.00000000000000000e+00 +0.00000000000000000e+00
-4.70577286795254124e-01 +8.77400368977245937e-01 +9.34109718984338366e-02 +0.00000000000000000e+00 +0.00000000000000000e+00 +0.00000000000000000e+00 +0.00000000000000000e+00 +0.00000000000000000e+00 +0.00000000000000000e+00
-8.30184818960034376e-01 +2.98407153247797985e-01 +4.70899498044795251e-01 +0.00000000000000000e+00 +0.00000000000000000e+00 +0.00000000000000000e+00 +0.00000000000000000e+00 +0.00000000000000000e+00 +0.00000000000000000e+00
-8.33525295097419350e-01 +3.57368905913737434e-01 -4.21334840143535172e-01 +0.00000000000000000e+00 +0.00000000000000000e+00 +0.00000000000000000e+00 +0.00000000000000000e+00 +0.00000000000000000e+00 +0.00000000000000000e+00
-1.38729704415482408e-01 -6.73531525319874924e-01 -7.26022970375645671e-01 +0.00000000000000000e+00 +0.00000000000000000e+00 +0.00000000000000000e+00 +0.00000000000000000e+00 +0.00000000000000000e+00 +0.00000000000000000e+00
-8.46116099304844993e-01 +4.30132817771421760e-01 -3.14759123097600457e-01 +0.00000000000000000e+00 +0.00000000000000000e+00 +0.00000000000000000e+00 +0.00000000000000000e+00 +0.00000000000000000e+00 +0.00000000000000000e+00
-1.29352709365121638e-01 -4.16022867484468983e-01 +9.00107132684716871e-01 +0.00000000000000000e+00 +0.00000000000000000e+00 +0.00000000000000000e+00 +0.00000000000000000e+00 +0.00000000000000000e+00 +0.00000000000000000e+00
-4.94223243102316634e-01 -8.22963218311680844e-01 -2.80133766767787673e-01 +0.00000000000000000e+00 +0.00000000000000000e+00 +0.00000000000000000e+00 +0.00000000000000000e+00 +0.00000000000000000e+00 +0.00000000000000000e+00
+3.74869769291655164e-01 -9.13495087867965405e-01 +1.58111924004230381e-01 +0.00000000000000000e+00 +0.00000000000000000e+00 +0.00000000000000000e+00 +0.00000000000000000e+00 +0.00000000000000000e+00 +0.00000000000000000e+00
+4.63026458536225538e-01 +8.68268692592082392e-01 +1.78089798022898677e-01 +0.00000000000000000e+00 +0.00000000000000000e+00 +0.00000000000000000e+00 +0.00000000000000000e+00 +0.00000000000000000e+00 +0.00000000000000000e+00
+9.40902241687759155e-01 -2.25566830859211281e-01 -2.52631305271301621e-01 +0.00000000000000000e+00 +0.00000000000000000e+00 +0.00000000000000000e+00 +0.00000000000000000e+00 +0.00000000000000000e+00 +0.00000000000000000e+00
-7.27600163223250829e-01 -5.10197351364368057e-01 -4.58581143461309904e-01 +0.00000000000000000e+00 +0.00000000000000000e+00 +0.00000000000000000e+00 +0.00000000000000000e+00 +0.00000000000000000e+00 +0.00000000000000000e+00
+2.67745999083452875e-02 -6.18029071139007957e-01 +7.85699171456100687e-01 +0.00000000000000000e+00 +0.00000000000000000e+00 +0.00000000000000000e+00 +0.00000000000000000e+00 +0.00000000000000000e+00 +0.00000000000000000e+00
-6.40385089662032114e-01 -7.57343593700183892e-01 +1.27818691981423482e-01 +0.00000000000000000e+00 +0.00000000000000000e+00 +0.00000000000000000e+00 +0.00000000000000000e+00 +0.00000000000000000e+00 +0.00000000000000000e+00
-1.23053564313033419e-02 +8.41890789139491225e-01 +5.39507624937018981e-01 +0.00000000000000000e+00 +0.00000000000000000e+00 +0.00000000000000000e+00 +0.00000000000000000e+00 +0.00000000000000000e+00 +0.00000000000000000e+00
+9.61143362129490364e-01 +2.60233885374150875e-01 +9.20964838497799754e-02 +0.00000000000000000e+00 +0.00000000000000000e+00 +0.00000000000000000e+00 +0.00000000000000000e+00 +0.00000000000000000e+00 +0.00000000000000000e+00
+7.23701186708169630e-01 -6.13578781496698089e-01 +3.15876037796814169e-01 +0.00000000000000000e+00 +0.00000000000000000e+00 +0.00000000000000000e+00 +0.00000000000000000e+00 +0.00000000000000000e+00 +0.00000000000000000e+00
-9.77207629778960030e-01 +8.81093728850913804e-03 +2.12102842239054235e-01 +0.00000000000000000e+00 +0.00000000000000000e+00 +0.00000000000000000e+00 +0.00000000000000000e+00 +0.00000000000000000e+00 +0.00000000000000000e+00
-4.16101915113609777e-01 +8.15426483041604921e-01 -4.02416260845887774e-01 +0.00000000000000000e+00 +0.00000000000000000e+00 +0.00000000000000000e+00 +0.00000000000000000e+00 +0.00000000000000000e+00 +0.00000000000000000e+00
-3.37870825852131795e-01 +9.16494228701883795e-01 -2.14199985513859326e-01 +0.00000000000000000e+00 +0.00000000000000000e+00 +0.00000000000000000e+00 +0.00000000000000000e+00 +0.00000000000000000e+00 +0.00000000000000000e+00
-9.88570147040346070e-01 -1.21424473125400820e-01 +8.93597320209016527e-02 +0.00000000000000000e+00 +0.00000000000000000e+00 +0.00000000000000000e+00 +0.00000000000000000e+00 +0.00000000000000000e+00 +0.00000000000000000e+00
-9.90511609682156235e-01 -1.15859663517255324e-01 -7.39140680421005586e-02 +0.00000000000000000e+00 +0.00000000000000000e+00 +0.00000000000000000e+00 +0.00000000000000000e+00 +0.00000000000000000e+00 +0.00000000000000000e+00
-6.52809068991336144e-02 +9.40243802739248569e-01 -3.34185569115220349e-01 +0.00000000000000000e+00 +0.00000000000000000e+00 +0.00000000000000000e+00 +0.00000000000000000e+00 +0.00000000000000000e+00 +0.00000000000000000e+00
-6.74945020804545215e-01 -3.70860626874297827e-01 -6.37896241034194289e-01 +0.00000000000000000e+00 +0.00000000000000000e+00 +0.00000000000000000e+00 +0.00000000000000000e+00 +0.00000000000000000e+00 +0.00000000000000000e+00
-3.66302418980395950e-01 -1.52256588694691525e-01 +9.17954502711417653e-01 +0.00000000000000000e+00 +0.00000000000000000e+00 +0.00000000000000000e+00 +0.00000000000000000e+00 +0.00000000000000000e+00 +0.00000000000000000e+00
+3.81776299541766451e-01 -9.14095501086082396e-01 -1.36661157621247364e-01 +0.00000000000000000e+00 +0.00000000000000000e+00 +0.00000000000000000e+00 +0.00000000000000000e+00 +0.00000000000000000e+00 +0.00000000000000000e+00
-3.38113694149869082e-01 +7.37305767211094198e-01 -5.84858389241009968e-01 +0.00000000000000000e+00 +0.00000000000000000e+00 +0.00000000000000000e+00 +0.00000000000000000e+00 +0.00000000000000000e+00 +0.00000000000000000e+00
-8.08661494949244108e-01 -3.32557725713071073e-01 -4.85254516367445543e-01 +0.00000000000000000e+00 +0.00000000000000000e+00 +0.00000000000000000e+00 +0.00000000000000000e+00 +0.00000000000000000e+00 +0.00000000000000000e+00
+2.68739404316302277e-01 +3.79416503366860169e-01 +8.85337364816703332e-01 +0.00000000000000000e+00 +0.00000000000000000e+00 +0.00000000000000000e+00 +0.00000000000000000e+00 +0.00000000000000000e+00 +0.00000000000000000e+00
-1.82030010356479116e-01 +7.02135646256115353e-01 -6.88382604069951332e-01 +0.00000000000000000e+00 +0.00000000000000000e+00 +0.00000000000000000e+00 +0.00000000000000000e+00 +0.00000000000000000e+00 +0.00000000000000000e+00
+2.68407368467862339e-01 +5.01737669164749933e-01 -8.22324021230853575e-01 +0.00000000000000000e+00 +0.00000000000000000e+00 +0.00000000000000000e+00 +0.00000000000000000e+00 +0.00000000000000000e+00 +0.00000000000000000e+00
-3.27677321377377817e-01 -3.10293054628272336e-01 +8.92382089300543191e-01 +0.00000000000000000e+00 +0.00000000000000000e+00 +0.00000000000000000e+00 +0.00000000000000000e+00 +0.00000000000000000e+00 +0.00000000000000000e+00
-1.10138386996061294e-01 -6.48534112561778509e-01 +7.53175305326464040e-01 +0.00000000000000000e+00 +0.00000000000000000e+00 +0.00000000000000000e+00 +0.00000000000000000e+00 +0.00000000000000000e+00 +0.00000000000000000e+00
-1.66690338225717771e-01 +8.37767361566704838e-01 +5.19961709201512301e-01 +0.00000000000000000e+00 +0.00000000000000000e+00 +0.00000000000000000e+00 +0.00000000000000000e+00 +0.00000000000000000e+00 +0.00000000000000000e+00
-3.57645290880804267e-01 -8.43506171874086608e-01 +4.00733307726109655e-01 +0.00000000000000000e+00 +0.00000000000000000e+00 +0.00000000000000000e+00 +0.00000000000000000e+00 +0.00000000000000000e+00 +0.00000000000000000e+00
-3.68942353721978866e-01 +4.50617001561657182e-01 -8.12911961736120459e-01 +0.00000000000000000e+00 +0.00000000000000000e+00 +0.00000000000000000e+00 +0.00000000000000000e+00 +0.00000000000000000e+00 +0.00000000000000000e+00
+7.10695948298340929e-01 +5.64930299618957577e-01 +4.19243396662078549e-01 +0.00000000000000000e+00 +0.00000000000000000e+00 +0.00000000000000000e+00 +0.00000000000000000e+00 +0.00000000000000000e+00 +0.00000000000000000e+00
+3.40220318520833231e-01 +6.88969668116517497e-01 +6.39977289660342952e-01 +0.00000000000000000e+00 +0.00000000000000000e+00 +0.00000000000000000e+00 +0.00000000000000000e+00 +0.00000000000000000e+00 +0.00000000000000000e+00
+8.81348856608315079e-01 +3.38208137024103350e-01 -3.29908243313047855e-01 +0.00000000000000000e+00 +0.00000000000000000e+00 +0.00000000000000000e+00 +0.00000000000000000e+00 +0.00000000000000000e+00 +0.00000000000000000e+00
-8.23682876646981366e-01 -5.51032028158168097e-01 -1.33829080032890402e-01 +0.00000000000000000e+00 +0.00000000000000000e+00 +0.00000000000000000e+00 +0.00000000000000000e+00 +0.00000000000000000e+00 +0.00000000000000000e+00
+8.16986873102610422e-01 -5.53300787579943609e-01 +1.62452108762654979e-01 +0.00000000000000000e+00 +0.00000000000000000e+00 +0.00000000000000000e+00 +0.00000000000000000e+00 +0.00000000000000000e+00 +0.00000000000000000e+00
+8.83854906808128726e-01 +2.32069204139834562e-01 -4.06133461070493251e-01 +0.00000000000000000e+00 +0.00000000000000000e+00 +0.00000000000000000e+00 +0.00000000000000000e+00 +0.00000000000000000e+00 +0.00000000000000000e+00
-2.21657971701256090e-01 +9.65839158951255716e-01 +1.34247765782586403e-01 +0.00000000000000000e+00 +0.00000000000000000e+00 +0.00000000000000000e+00 +0.00000000000000000e+00 +0.00000000000000000e+00 +0.00000000000000000e+00
-4.24335502089433159e-01 -4.53901818104118726e-01 -7.83525699124339003e-01 +0.00000000000000000e+00 +0.00000000000000000e+00 +0.00000000000000000e+00 +0.00000000000000000e+00 +0.00000000000000000e+00 +0.00000000000000000e+00
+8.81449439107400007e-02 +6.74618842191464091e-02 -9.93820588959886231e-01 +0.00000000000000000e+00 +0.00000000000000000e+00 +0.00000000000000000e+00 +0.00000000000000000e+00 +0.00000000000000000e+00 +0.00000000000000000e+00
-8.85810583934271700e-01 -3.56696417841952107e-01 +2.96828696201604125e-01 +0.00000000000000000e+00 +0.00000000000000000e+00 +0.00000000000000000e+00 +0.00000000000000000e+00 +0.00000000000000000e+00 +0.00000000000000000e+00
-1.82033743233936229e-01 +6.64536632999307431e-01 +7.24744630698417325e-01 +0.00000000000000000e+00 +0.00000000000000000e+00 +0.00000000000000000e+00 +0.00000000000000000e+00 +0.00000000000000000e+00 +0.00000000000000000e+00
-3.95117111869768667e-01 +6.74416192673028103e-01 +6.23734933259401325e-01 +0.00000000000000000e+00 +0.00000000000000000e+00 +0.00000000000000000e+00 +0.00000000000000000e+00 +0.00000000000000000e+00 +0.00000000000000000e+00
+5.40368392215185733e-01 -1.33549896624610503e-01 +8.30762556815322073e-01 +0.00000000000000000e+00 +0.00000000000000000e+00 +0.00000000000000000e+00 +0.00000000000000000e+00 +0.00000000000000000e+00 +0.00000000000000000e+00
-1.11777431217956691e-01 -2.82051543587302389e-01 -9.52865537539444918e-01 +0.00000000000000000e+00 +0.00000000000000000e+00 +0.00000000000000000e+00 +0.00000000000000000e+00 +0.00000000000000000e+00 +0.00000000000000000e+00
+4.17501908263804289e-01 -7.23210447689799363e-01 -5.50144349192465909e-01 +0.00000000000000000e+00 +0.00000000000000000e+00 +0.00000000000000000e+00 +0.00000000000000000e+00 +0.00000000000000000e+00 +0.00000000000000000e+00
+2.89003714184413507e-01 -6.55188995230155280e-01 -6.98000167418972417e-01 +0.00000000000000000e+00 +0.00000000000000000e+00 +0.00000000000000000e+00 +0.00000000000000000e+00 +0.00000000000000000e+00 +0.00000000000000000e+00
-1.99220346731005193e-01 -9.14664951515007707e-01 +3.51709084213681855e-01 +0.00000000000000000e+00 +0.00000000000000000e+00 +0.00000000000000000e+00 +0.00000000000000000e+00 +0.00000000000000000e+00 +0.00000000000000000e+00
+8.58211695047152889e-01 +3.90348509130229310e-02 +5.11809502548058348e-01 +0.00000000000000000e+00 +0.00000000000000000e+00 +0.00000000000000000e+00 +0.00000000000000000e+00 +0.00000000000000000e+00 +0.00000000000000000e+00
-5.67155318371759254e-01 +8.23452812961456559e-01 -1.61341150514376502e-02 +0.00000000000000000e+00 +0.00000000000000000e+00 +0.00000000000000000e+00 +0.00000000000000000e+00 +0.00000000000000000e+00 +0.00000000000000000e+00
+2.16395682236342229e-01 -6.97972497450948248e-01 +6.82647274594687214e-01 +0.00000000000000000e+00 +0.00000000000000000e+00 +0.00000000000000000e+00 +0.00000000000000000e+00 +0.00000000000000000e+00 +0.00000000000000000e+00
+2.17621386527593830e-01 +9.71031714658458611e-01 -9.86830342726728316e-02 +0.00000000000000000e+00 +0.00000000000000000e+00 +0.00000000000000000e+00 +0.00000000000000000e+00 +0.00000000000000000e+00 +0.00000000000000000e+00
-2.40340818412276114e-01 +5.31682373925794427e-01 +8.12126926201532373e-01 +0.00000000000000000e+00 +0.00000000000000000e+00 +0.00000000000000000e+00 +0.00000000000000000e+00 +0.00000000000000000e+00 +0.00000000000000000e+00
-6.47800145169603492e-01 +6.22388911809670708e-01 -4.39302873169086616e-01 +0.00000000000000000e+00 +0.00000000000000000e+00 +0.00000000000000000e+00 +0.00000000000000000e+00 +0.00000000000000000e+00 +0.00000000000000000e+00
-1.33782776942767079e-01 +9.58928865014501475e-01 -2.50115174340706403e-01 +0.00000000000000000e+00 +0.00000000000000000e+00 +0.00000000000000000e+00 +0.00000000000000000e+00 +0.00000000000000000e+00 +0.00000000000000000e+00
-2.85680462952845271e-01 -4.17226861543323058e-01 -8.62733110002019687e-01 +0.00000000000000000e+00 +0.00000000000000000e+00 +0.00000000000000000e+00 +0.00000000000000000e+00 +0.00000000000000000e+00 +0.00000000000000000e+00
+7.96100382149380281e-01 +2.05591081715768620e-01 +5.69171756731262080e-01 +0.00000000000000000e+00 +0.00000000000000000e+00 +0.00000000000000000e+00 +0.00000000000000000e+00 +0.00000000000000000e+00 +0.00000000000000000e+00
-3.61047530648878456e-01 -3.47232469927979048e-03 +9.32540950078617259e-01 +0.00000000000000000e+00 +0.00000000000000000e+00 +0.00000000000000000e+00 +0.00000000000000000e+00 +0.00000000000000000e+00 +0.00000000000000000e+00
-8.34714175942707692e-01 -3.79201303269636414e-01 -3.99322696673875432e-01 +0.00000000000000000e+00 +0.00000000000000000e+00 +0.00000000000000000e+00 +0.00000000000000000e+00 +0.00000000000000000e+00 +0.00000000000000000e+00
-8.88768706230988914e-01 -4.58226047738947539e-01 +1.09121949230168106e-02 +0.00000000000000000e+00 +0.00000000000000000e+00 +0.00000000000000000e+00 +0.00000000000000000e+00 +0.00000000000000000e+00 +0.00000000000000000e+00
+6.88723447277118206e-01 -6.69474428638341723e-01 -2.78323557339454741e-01 +0.00000000000000000e+00 +0.00000000000000000e+00 +0.00000000000000000e+00 +0.00000000000000000e+00 +0.00000000000000000e+00 +0.00000000000000000e+00
+4.86374837663535120e-01 +7.20795004085014401e-01 -4.93856334751164305e-01 +0.00000000000000000e+00 +0.00000000000000000e+00 +0.00000000000000000e+00 +0.00000000000000000e+00 +0.00000000000000000e+00 +0.00000000000000000e+00
-5.68213681866964415e-01 +5.04297118243415277e-01 -6.50244283535484136e-01 +0.00000000000000000e+00 +0.00000000000000000e+00 +0.00000000000000000e+00 +0.00000000000000000e+00 +0.00000000000000000e+00 +0.00000000000000000e+00
+5.03247296220911244e-01 +8.59655912174529968e-01 +8.79424329304066554e-02 +0.00000000000000000e+00 +0.00000000000000000e+00 +0.00000000000000000e+00 +0.00000000000000000e+00 +0.00000000000000000e+00 +0.00000000000000000e+00
-8.58396179749096544e-01 +4.51897734699255177e-02 -5.10993036122698752e-01 +0.00000000000000000e+00 +0.00000000000000000e+00 +0.00000000000000000e+00 +0.00000000000000000e+00 +0.00000000000000000e+00 +0.00000000000000000e+00
-7.86235833649236437e-01 -2.36001808592997492e-01 +5.71083496720684924e-01 +0.00000000000000000e+00 +0.00000000000000000e+00 +0.00000000000000000e+00 +0.00000000000000000e+00 +0.00000000000000000e+00 +0.00000000000000000e+00
-8.05713880731109167e-01 -6.33900416414015788e-02 +5.88903086269648712e-01 +0.00000000000000000e+00 +0.00000000000000000e+00 +0.00000000000000000e+00 +0.00000000000000000e+00 +0.00000000000000000e+00 +0.00000000000000000e+00
+5.44858095972766354e-01 -2.51318146294089106e-01 +7.99980527635663630e-01 +0.00000000000000000e+00 +0.00000000000000000e+00 +0.00000000000000000e+00 +0.00000000000000000e+00 +0.00000000000000000e+00 +0.00000000000000000e+00
+4.34097919217403982e-01 -3.41628088721107614e-01 -8.33576178599102713e-01 +0.00000000000000000e+00 +0.00000000000000000e+00 +0.00000000000000000e+00 +0.00000000000000000e+00 +0.00000000000000000e+00 +0.00000000000000000e+00
-6.32082797673392593e-01 +7.64827546139048242e-01 +1.24539799069611740e-01 +0.00000000000000000e+00 +0.00000000000000000e+00 +0.00000000000000000e+00 +0.00000000000000000e+00 +0.00000000000000000e+00 +0.00000000000000000e+00
+4.80974219978986928e-01 +9.74681625322277034e-02 -8.71300038452998304e-01 +0.00000000000000000e+00 +0.00000000000000000e+00 +0.00000000000000000e+00 +0.00000000000000000e+00 +0.00000000000000000e+00 +0.00000000000000000e+00
+6.69663063703390793e-01 -7.63801251359951805e-02 +7.38726916793748800e-01 +0.00000000000000000e+00 +0.00000000000000000e+00 +0.00000000000000000e+00 +0.00000000000000000e+00 +0.00000000000000000e+00 +0.00000000000000000e+00
-2.02856173053790917e-01 +5.16615138422422793e-01 -8.31840232140013347e-01 +0.00000000000000000e+00 +0.00000000000000000e+00 +0.00000000000000000e+00 +0.00000000000000000e+00 +0.00000000000000000e+00 +0.00000000000000000e+00
+1.73151773792383466e-02 +6.92824203254999271e-01 -7.20898611467937989e-01 +0.00000000000000000e+00 +0.00000000000000000e+00 +0.00000000000000000e+00 +0.00000000000000000e+00 +0.00000000000000000e+00 +0.00000000000000000e+00
+2.46076785587430097e-01 -9.39891120242880573e-01 -2.36750707883928491e-01 +0.00000000000000000e+00 +0.00000000000000000e+00 +0.00000000000000000e+00 +0.00000000000000000e+00 +0.00000000000000000e+00 +0.00000000000000000e+00
-7.95704652965056436e-01 -6.05661839469845642e-01 -5.27650071187469368e-03 +0.00000000000000000e+00 +0.00000000000000000e+00 +0.00000000000000000e+00 +0.00000000000000000e+00 +0.00000000000000000e+00 +0.00000000000000000e+00
-5.75206569187749484e-01 -6.26828293301993411e-01 -5.25569874973222717e-01 +0.00000000000000000e+00 +0.00000000000000000e+00 +0.00000000000000000e+00 +0.00000000000000000e+00 +0.00000000000000000e+00 +0.00000000000000000e+00
-4.56179721616916223e-01 -7.47048836951446860e-01 -4.83547409045900656e-01 +0.00000000000000000e+00 +0.00000000000000000e+00 +0.00000000000000000e+00 +0.00000000000000000e+00 +0.00000000000000000e+00 +0.00000000000000000e+00
-8.26776138278240813e-01 -1.20238813961105653e-01 -5.49530567658384261e-01 +0.00000000000000000e+00 +0.00000000000000000e+00 +0.00000000000000000e+00 +0.00000000000000000e+00 +0.00000000000000000e+00 +0.00000000000000000e+00
+2.55359603174677763e-01 +9.34206034799104912e-01 -2.49099493398530547e-01 +0.00000000000000000e+00 +0.00000000000000000e+00 +0.00000000000000000e+00 +0.00000000000000000e+00 +0.00000000000000000e+00 +0.00000000000000000e+00
-1.01508273978163963e-01 +2.39486127464774518e-01 +9.65578823849145840e-01 +0.00000000000000000e+00 +0.00000000000000000e+00 +0.00000000000000000e+00 +0.00000000000000000e+00 +0.00000000000000000e+00 +0.00000000000000000e+00
-2.60299658987047156e-01 +9.55566067535265073e-02 -9.60787709349458230e-01 +0.00000000000000000e+00 +0.00000000000000000e+00 +0.00000000000000000e+00 +0.00000000000000000e+00 +0.00000000000000000e+00 +0.00000000000000000e+00
+1.49828153530409958e-01 -7.59905420027652934e-01 +6.32530850648618026e-01 +0.00000000000000000e+00 +0.00000000000000000e+00 +0.00000000000000000e+00 +0.00000000000000000e+00 +0.00000000000000000e+00 +0.00000000000000000e+00
-4.33003726306105119e-01 -8.10370665142231661e-01 -3.94724154419215600e-01 +0.00000000000000000e+00 +0.00000000000000000e+00 +0.00000000000000000e+00 +0.00000000000000000e+00 +0.00000000000000000e+00 +0.00000000000000000e+00
-6.83227812089218900e-01 +4.33144829482665972e-01 -5.87865046996512097e-01 +0.00000000000000000e+00 +0.00000000000000000e+00 +0.00000000000000000e+00 +0.00000000000000000e+00 +0.00000000000000000e+00 +0.00000000000000000e+00
-2.54858278050227094e-01 -8.72806281733968792e-01 -4.16240858968694893e-01 +0.00000000000000000e+00 +0.00000000000000000e+00 +0.00000000000000000e+00 +0.00000000000000000e+00 +0.00000000000000000e+00 +0.00000000000000000e+00
-8.74937717578677887e-01 +1.59533841542230354e-01 -4.57201207086105788e-01 +0.00000000000000000e+00 +0.00000000000000000e+00 +0.00000000000000000e+00 +0.00000000000000000e+00 +0.00000000000000000e+00 +0.00000000000000000e+00
-6.89040858998443584e-01 +7.21848387203093522e-01 -6.44794581473814160e-02 +0.00000000000000000e+00 +0.00000000000000000e+00 +0.00000000000000000e+00 +0.00000000000000000e+00 +0.00000000000000000e+00 +0.00000000000000000e+00
+3.62746260127448428e-01 -4.35615011578694200e-01 +8.23805020894412654e-01 +0.00000000000000000e+00 +0.00000000000000000e+00 +0.00000000000000000e+00 +0.00000000000000000e+00 +0.00000000000000000e+00 +0.00000000000000000e+00
-6.21726725556862481e-01 -7.03520004509747165e-01 +3.44260776131913082e-01 +0.00000000000000000e+00 +0.00000000000000000e+00 +0.00000000000000000e+00 +0.00000000000000000e+00 +0.00000000000000000e+00 +0.00000000000000000e+00
+4.82077691503013051e-01 -8.51331371914650692e-01 -2.06968583483205820e-01 +0.00000000000000000e+00 +0.00000000000000000e+00 +0.00000000000000000e+00 +0.00000000000000000e+00 +0.00000000000000000e+00 +0.00000000000000000e+00
-6.89977012143761614e-01 -7.20949455799644645e-01 -6.45260016998082941e-02 +0.00000000000000000e+00 +0.00000000000000000e+00 +0.00000000000000000e+00 +0.00000000000000000e+00 +0.00000000000000000e+00 +0.00000000000000000e+00
-7.82389924832956218e-01 +4.68162591758271518e-01 +4.10718630205715418e-01 +0.00000000000000000e+00 +0.00000000000000000e+00 +0.00000000000000000e+00 +0.00000000000000000e+00 +0.00000000000000000e+00 +0.00000000000000000e+00
+2.72993222125045065e-01 -8.12122037077735226e-01 +5.15686433374483388e-01 +0.00000000000000000e+00 +0.00000000000000000e+00 +0.00000000000000000e+00 +0.00000000000000000e+00 +0.00000000000000000e+00 +0.00000000000000000e+00
+5.60509720082736362e-01 -7.19716947776803506e-01 -4.09678372355210541e-01 +0.00000000000000000e+00 +0.00000000000000000e+00 +0.00000000000000000e+00 +0.00000000000000000e+00 +0.00000000000000000e+00 +0.00000000000000000e+00
+5.45946000968069001e-01 -8.36700253371217229e-01 -4.33087755023628951e-02 +0.00000000000000000e+00 +0.00000000000000000e+00 +0.00000000000000000e+00 +0.00000000000000000e+00 +0.00000000000000000e+00 +0.00000000000000000e+00
-3.53574868308476009e-01 +5.94781950471271803e-01 +7.21955153658614401e-01 +0.00000000000000000e+00 +0.00000000000000000e+00 +0.00000000000000000e+00 +0.00000000000000000e+00 +0.00000000000000000e+00 +0.00000000000000000e+00
-9.19563035240893112e-01 -2.49405171645365131e-01 -3.03645985606762092e-01 +0.00000000000000000e+00 +0.00000000000000000e+00 +0.00000000000000000e+00 +0.00000000000000000e+00 +0.00000000000000000e+00 +0.00000000000000000e+00
+7.43147895706155359e-01 -6.61316846353096399e-01 -1.01937401561489199e-01 +0.00000000000000000e+00 +0.00000000000000000e+00 +0.00000000000000000e+00 +0.00000000000000000e+00 +0.00000000000000000e+00 +0.00000000000000000e+00
+3.77039024549098156e-01 -8.39762859439833420e-01 -3.90691584081996168e-01 +0.00000000000000000e+00 +0.00000000000000000e+00 +0.00000000000000000e+00 +0.00000000000000000e+00 +0.00000000000000000e+00 +0.00000000000000000e+00
+4.48457385469755720e-01 -2.47653248736756024e-02 +8.93461052369677877e-01 +0.00000000000000000e+00 +0.00000000000000000e+00 +0.00000000000000000e+00 +0.00000000000000000e+00 +0.00000000000000000e+00 +0.00000000000000000e+00
+8.16145301062546458e-01 -5.74665244195074476e-01 -6.05533208646813828e-02 +0.00000000000000000e+00 +0.00000000000000000e+00 +0.00000000000000000e+00 +0.00000000000000000e+00 +0.00000000000000000e+00 +0.00000000000000000e+00
+9.82472441691009890e-01 -1.28469533006970699e-01 +1.35068428608154489e-01 +0.00000000000000000e+00 +0.00000000000000000e+00 +0.00000000000000000e+00 +0.00000000000000000e+00 +0.00000000000000000e+00 +0.00000000000000000e+00
+7.07698620429269898e-01 -1.86976352047378919e-01 -6.81324083250814505e-01 +0.00000000000000000e+00 +0.00000000000000000e+00 +0.00000000000000000e+00 +0.00000000000000000e+00 +0.00000000000000000e+00 +0.00000000000000000e+00
-2.12544745539006347e-01 -9.66915411410182668e-01 +1.41064943629650025e-01 +0.00000000000000000e+00 +0.00000000000000000e+00 +0.00000000000000000e+00 +0.00000000000000000e+00 +0.00000000000000000e+00 +0.00000000000000000e+00
+5.26108915565107416e-01 +6.37402237213239187e-01 -5.62963406411522094e-01 +0.00000000000000000e+00 +0.00000000000000000e+00 +0.00000000000000000e+00 +0.00000000000000000e+00 +0.00000000000000000e+00 +0.00000000000000000e+00
+5.78225118044540035e-03 -1.63287206211777502e-01 -9.86561632063014615e-01 +0.00000000000000000e+00 +0.00000000000000000e+00 +0.00000000000000000e+00 +0.00000000000000000e+00 +0.00000000000000000e+00 +0.00000000000000000e+00
+2.21054078077775579e-01 -1.94516801758533975e-01 -9.55666421089919838e-01 +0.00000000000000000e+00 +0.00000000000000000e+00 +0.00000000000000000e+00 +0.00000000000000000e+00 +0.00000000000000000e+00 +0.00000000000000000e+00
+4.75664955636269815e-01 -8.48555089278194896e-01 +2.31726369754545108e-01 +0.00000000000000000e+00 +0.00000000000000000e+00 +0.00000000000000000e+00 +0.00000000000000000e+00 +0.00000000000000000e+00 +0.00000000000000000e+00
-1.95244547080188652e-01 -2.62993767267843348e-01 +9.44835353494840158e-01 +0.00000000000000000e+00 +0.00000000000000000e+00 +0.00000000000000000e+00 +0.00000000000000000e+00 +0.00000000000000000e+00 +0.00000000000000000e+00
+6.30185040492766801e-01 +3.45700497579779276e-01 +6.95239513198310011e-01 +0.00000000000000000e+00 +0.00000000000000000e+00 +0.00000000000000000e+00 +0.00000000000000000e+00 +0.00000000000000000e+00 +0.00000000000000000e+00
+1.37503670259523147e-01 +9.90367964124245992e-01 +1.62491938740548236e-02 +0.00000000000000000e+00 +0.00000000000000000e+00 +0.00000000000000000e+00 +0.00000000000000000e+00 +0.00000000000000000e+00 +0.00000000000000000e+00
+6.60542980655620782e-01 -4.71029914578057873e-01 +5.84648433059711259e-01 +0.00000000000000000e+00 +0.00000000000000000e+00 +0.00000000000000000e+00 +0.00000000000000000e+00 +0.00000000000000000e+00 +0.00000000000000000e+00
-9.64769514436204845e-01 -1.33620052217091334e-01 -2.26639505956113596e-01 +0.00000000000000000e+00 +0.00000000000000000e+00 +0.00000000000000000e+00 +0.00000000000000000e+00 +0.00000000000000000e+00 +0.00000000000000000e+00
-8.29515763319004229e-01 -4.75820899418462340e-01 -2.92400530235318368e-01 +0.00000000000000000e+00 +0.00000000000000000e+00 +0.00000000000000000e+00 +0.00000000000000000e+00 +0.00000000000000000e+00 +0.00000000000000000e+00
+4.22244818337845829e-01 +4.58557300310425686e-01 -7.81942782893258581e-01 +0.00000000000000000e+00 +0.00000000000000000e+00 +0.00000000000000000e+00 +0.00000000000000000e+00 +0.00000000000000000e+00 +0.00000000000000000e+00
+5.31020292527426219e-01 -6.03598926024538129e-01 +5.94714877421198329e-01 +0.00000000000000000e+00 +0.00000000000000000e+00 +0.00000000000000000e+00 +0.00000000000000000e+00 +0.00000000000000000e+00 +0.00000000000000000e+00
-3.14280796334030721e-01 +8.37656764458243108e-01 +4.46719963750216664e-01 +0.00000000000000000e+00 +0.00000000000000000e+00 +0.00000000000000000e+00 +0.00000000000000000e+00 +0.00000000000000000e+00 +0.00000000000000000e+00
-2.50753087690118240e-02 +1.25714198466531341e-01 -9.91749549631385729e-01 +0.00000000000000000e+00 +0.00000000000000000e+00 +0.00000000000000000e+00 +0.00000000000000000e+00 +0.00000000000000000e+00 +0.00000000000000000e+00
+9.40865612855623201e-01 +8.45101517135901648e-02 -3.28070012044927195e-01 +0.00000000000000000e+00 +0.00000000000000000e+00 +0.00000000000000000e+00 +0.00000000000000000e+00 +0.00000000000000000e+00 +0.00000000000000000e+00
-5.38372470634409850e-01 -6.95228831434514194e-01 +4.76247787191920957e-01 +0.00000000000000000e+00 +0.00000000000000000e+00 +0.00000000000000000e+00 +0.00000000000000000e+00 +0.00000000000000000e+00 +0.00000000000000000e+00
-8.88406273239315980e-01 -1.75277066206991544e-01 -4.24278497841806379e-01 +0.00000000000000000e+00 +0.00000000000000000e+00 +0.00000000000000000e+00 +0.00000000000000000e+00 +0.00000000000000000e+00 +0.00000000000000000e+00
+4.56814807580613103e-01 -3.54762820378007326e-01 +8.15759506749709429e-01 +0.00000000000000000e+00 +0.00000000000000000e+00 +0.00000000000000000e+00 +0.00000000000000000e+00 +0.00000000000000000e+00 +0.00000000000000000e+00
-4.51159011731222748e-01 +8.15661531233528692e-01 +3.62148881814484624e-01 +0.00000000000000000e+00 +0.00000000000000000e+00 +0.00000000000000000e+00 +0.00000000000000000e+00 +0.00000000000000000e+00 +0.00000000000000000e+00
+3.83835102798723127e-01 -7.60492035765855223e-01 +5.23758033252186950e-01 +0.00000000000000000e+00 +0.00000000000000000e+00 +0.00000000000000000e+00 +0.00000000000000000e+00 +0.00000000000000000e+00 +0.00000000000000000e+00
+2.03668170633570733e-01 -5.48493355931481297e-01 +8.10971216979860743e-01 +0.00000000000000000e+00 +0.00000000000000000e+00 +0.00000000000000000e+00 +0.00000000000000000e+00 +0.00000000000000000e+00 +0.00000000000000000e+00
+4.36430408444793194e-01 +5.64386015492900905e-01 +7.00711726818352920e-01 +0.00000000000000000e+00 +0.00000000000000000e+00 +0.00000000000000000e+00 +0.00000000000000000e+00 +0.00000000000000000e+00 +0.00000000000000000e+00
-9.25124756990675201e-01 +3.31351997766727580e-01 +1.85337631308223588e-01 +0.00000000000000000e+00 +0.00000000000000000e+00 +0.00000000000000000e+00 +0.00000000000000000e+00 +0.00000000000000000e+00 +0.00000000000000000e+00
-7.06146116341072827e-01 -2.89232942201578525e-01 +6.46298667430034501e-01 +0.00000000000000000e+00 +0.00000000000000000e+00 +0.00000000000000000e+00 +0.00000000000000000e+00 +0.00000000000000000e+00 +0.00000000000000000e+00
+3.01664971323475639e-01 -9.53285838914852857e-01 -1.56318393291398211e-02 +0.00000000000000000e+00 +0.00000000000000000e+00 +0.00000000000000000e+00 +0.00000000000000000e+00 +0.00000000000000000e+00 +0.00000000000000000e+00
-7.53844709781203770e-01 -4.26728279734915283e-01 +4.99620985157121555e-01 +0.00000000000000000e+00 +0.00000000000000000e+00 +0.00000000000000000e+00 +0.00000000000000000e+00 +0.00000000000000000e+00 +0.00000000000000000e+00
-7.94535698044473992e-01 +2.23523216296343197e-01 +5.64579840509310760e-01 +0.00000000000000000e+00 +0.00000000000000000e+00 +0.00000000000000000e+00 +0.00000000000000000e+00 +0.00000000000000000e+00 +0.00000000000000000e+00
-1.65593976670949994e-01 +9.15695517738259745e-01 +3.66169842674627433e-01 +0.00000000000000000e+00 +0.00000000000000000e+00 +0.00000000000000000e+00 +0.00000000000000000e+00 +0.00000000000000000e+00 +0.00000000000000000e+00
+1.38815419829417891e-01 +9.38405523011536569e-01 -3.16425905385490092e-01 +0.00000000000000000e+00 +0.00000000000000000e+00 +0.00000000000000000e+00 +0.00000000000000000e+00 +0.00000000000000000e+00 +0.00000000000000000e+00
-7.16291472484604230e-01 +4.39917523531008436e-01 +5.41663270802241414e-01 +0.00000000000000000e+00 +0.00000000000000000e+00 +0.00000000000000000e+00 +0.00000000000000000e+00 +0.00000000000000000e+00 +0.00000000000000000e+00
+8.65304733636911516e-01 -4.06751158926566103e-01 -2.92918440282357695e-01 +0.00000000000000000e+00 +0.00000000000000000e+00 +0.00000000000000000e+00 +0.00000000000000000e+00 +0.00000000000000000e+00 +0.00000000000000000e+00
+6.88752087107863953e-01 +4.91428733369485671e-01 -5.33027543869380449e-01 +0.00000000000000000e+00 +0.00000000000000000e+00 +0.00000000000000000e+00 +0.00000000000000000e+00 +0.00000000000000000e+00 +0.00000000000000000e+00
+9.01796373380936989e-01 +4.08529742292895626e-01 +1.40949461223128375e-01 +0.00000000000000000e+00 +0.00000000000000000e+00 +0.00000000000000000e+00 +0.00000000000000000e+00 +0.00000000000000000e+00 +0.00000000000000000e+00
+1.12644957908467597e-01 -4.28678988786685033e-01 -8.96406960052533730e-01 +0.00000000000000000e+00 +0.00000000000000000e+00 +0.00000000000000000e+00 +0.00000000000000000e+00 +0.00000000000000000e+00 +0.00000000000000000e+00
-4.57292445441246254e-01 -8.88648406367017696e-01 +3.44619965139087298e-02 +0.00000000000000000e+00 +0.00000000000000000e+00 +0.00000000000000000e+00 +0.00000000000000000e+00 +0.00000000000000000e+00 +0.00000000000000000e+00
+1.51288973992333653e-01 +8.78780593687300660e-01 +4.52610555010532656e-01 +0.00000000000000000e+00 +0.00000000000000000e+00 +0.00000000000000000e+00 +0.00000000000000000e+00 +0.00000000000000000e+00 +0.00000000000000000e+00
-7.35906830538725187e-01 -6.48204256576512927e-01 -1.95633275601412721e-01 +0.00000000000000000e+00 +0.00000000000000000e+00 +0.00000000000000000e+00 +0.00000000000000000e+00 +0.00000000000000000e+00 +0.00000000000000000e+00
-1.62274648432776336e-01 +4.30356494934531819e-01 -8.87952828557735496e-01 +0.00000000000000000e+00 +0.00000000000000000e+00 +0.00000000000000000e+00 +0.00000000000000000e+00 +0.00000000000000000e+00 +0.00000000000000000e+00
-5.56767593582884052e-02 -9.89194808790095581e-01 -1.35623481484902275e-01 +0.00000000000000000e+00 +0.00000000000000000e+00 +0.00000000000000000e+00 +0.00000000000000000e+00 +0.00000000000000000e+00 +0.00000000000000000e+00
+7.94892802783958574e-02 +6.16811010658718017e-01 +7.83087243831103064e-01 +0.00000000000000000e+00 +0.00000000000000000e+00 +0.00000000000000000e+00 +0.00000000000000000e+00 +0.00000000000000000e+00 +0.00000000000000000e+00
+8.01616966396584973e-01 -3.24498519972639676e-01 +5.02106512326521148e-01 +0.00000000000000000e+00 +0.00000000000000000e+00 +0.00000000000000000e+00 +0.00000000000000000e+00 +0.00000000000000000e+00 +0.00000000000000000e+00
-7.06852218517622033e-01 +6.91706453498847740e-01 +1.47993659880287953e-01 +0.00000000000000000e+00 +0.00000000000000000e+00 +0.00000000000000000e+00 +0.00000000000000000e+00 +0.00000000000000000e+00 +0.00000000000000000e+00
+5.28587525279279991e-01 -1.40282617500223972e-01 -8.37207271436657186e-01 +0.00000000000000000e+00 +0.00000000000000000e+00 +0.00000000000000000e+00 +0.00000000000000000e+00 +0.00000000000000000e+00 +0.00000000000000000e+00
+8.81197303584983826e-01 +6.26445953136283151e-02 -4.68579733698060885e-01 +0.00000000000000000e+00 +0.00000000000000000e+00 +0.00000000000000000e+00 +0.00000000000000000e+00 +0.00000000000000000e+00 +0.00000000000000000e+00
+1.25168152521440493e-02 +9.94804406477345249e-01 +1.01032282906013793e-01 +0.00000000000000000e+00 +0.00000000000000000e+00 +0.00000000000000000e+00 +0.00000000000000000e+00 +0.00000000000000000e+00 +0.00000000000000000e+00
+3.68069574402814181e-01 -2.03107224693599708e-01 +9.07343509193841657e-01 +0.00000000000000000e+00 +0.00000000000000000e+00 +0.00000000000000000e+00 +0.00000000000000000e+00 +0.00000000000000000e+00 +0.00000000000000000e+00
-6.23344163543554042e-01 -6.78596291113016670e-01 -3.88521720710496232e-01 +0.00000000000000000e+00 +0.00000000000000000e+00 +0.00000000000000000e+00 +0.00000000000000000e+00 +0.00000000000000000e+00 +0.00000000000000000e+00
+9.25785969925198682e-01 +2.98601445339627181e-01 +2.31856668506094099e-01 +0.00000000000000000e+00 +0.00000000000000000e+00 +0.00000000000000000e+00 +0.00000000000000000e+00 +0.00000000000000000e+00 +0.00000000000000000e+00
-8.79314097068864320e-01 +4.61817459258197727e-01 +1.16324344056912984e-01 +0.00000000000000000e+00 +0.00000000000000000e+00 +0.00000000000000000e+00 +0.00000000000000000e+00 +0.00000000000000000e+00 +0.00000000000000000e+00
+4.94949338393245231e-01 -4.71642403101279695e-01 -7.29779827085497712e-01 +0.00000000000000000e+00 +0.00000000000000000e+00 +0.00000000000000000e+00 +0.00000000000000000e+00 +0.00000000000000000e+00 +0.00000000000000000e+00
-6.95617073202806968e-01 +8.68039969962077496e-02 +7.13149320671514819e-01 +0.00000000000000000e+00 +0.00000000000000000e+00 +0.00000000000000000e+00 +0.00000000000000000e+00 +0.00000000000000000e+00 +0.00000000000000000e+00
-7.51794713350310784e-01 +5.56798660302931347e-01 -3.53242071196771423e-01 +0.00000000000000000e+00 +0.00000000000000000e+00 +0.00000000000000000e+00 +0.00000000000000000e+00 +0.00000000000000000e+00 +0.00000000000000000e+00
+8.15950475679651288e-01 +5.07140087999339628e-01 +2.77549549418068975e-01 +0.00000000000000000e+00 +0.00000000000000000e+00 +0.00000000000000000e+00 +0.00000000000000000e+00 +0.00000000000000000e+00 +0.00000000000000000e+00
+2.73339697288675743e-01 +5.11651343783295909e-01 +8.14554057316568048e-01 +0.00000000000000000e+00 +0.00000000000000000e+00 +0.00000000000000000e+00 +0.00000000000000000e+00 +0.00000000000000000e+00 +0.00000000000000000e+00
-6.29903607460017056e-01 +6.96300549543470537e-01 +3.44074105410909881e-01 +0.00000000000000000e+00 +0.00000000000000000e+00 +0.00000000000000000e+00 +0.00000000000000000e+00 +0.00000000000000000e+00 +0.00000000000000000e+00
-6.88670777055198191e-01 +6.12794921042686291e-01 +3.87575728825319266e-01 +0.00000000000000000e+00 +0.00000000000000000e+00 +0.00000000000000000e+00 +0.00000000000000000e+00 +0.00000000000000000e+00 +0.00000000000000000e+00
+1.68366640985217669e-01 +6.46334470925298055e-01 -7.44247556863353088e-01 +0.00000000000000000e+00 +0.00000000000000000e+00 +0.00000000000000000e+00 +0.00000000000000000e+00 +0.00000000000000000e+00 +0.00000000000000000e+00
-9.81528655402423400e-01 +1.37794872521080830e-01 -1.32718015848677678e-01 +0.00000000000000000e+00 +0.00000000000000000e+00 +0.00000000000000000e+00 +0.00000000000000000e+00 +0.00000000000000000e+00 +0.00000000000000000e+00
-2.83637456015952583e-01 +9.12007730064194000e-01 +2.96296631516382247e-01 +0.00000000000000000e+00 +0.00000000000000000e+00 +0.00000000000000000e+00 +0.00000000000000000e+00 +0.00000000000000000e+00 +0.00000000000000000e+00
-6.06648171277755055e-01 -7.90782483066984843e-01 -8.14927037210664285e-02 +0.00000000000000000e+00 +0.00000000000000000e+00 +0.00000000000000000e+00 +0.00000000000000000e+00 +0.00000000000000000e+00 +0.00000000000000000e+00
+4.93075800714045109e-01 -5.06412031982571564e-01 +7.07405900889642170e-01 +0.00000000000000000e+00 +0.00000000000000000e+00 +0.00000000000000000e+00 +0.00000000000000000e+00 +0.00000000000000000e+00 +0.00000000000000000e+00
+9.65163999685307999e-02 -3.66193232859407969e-01 +9.25519908346163156e-01 +0.00000000000000000e+00 +0.00000000000000000e+00 +0.00000000000000000e+00 +0.00000000000000000e+00 +0.00000000000000000e+00 +0.00000000000000000e+00
+2.77416173281321676e-01 +4.39957742864892434e-02 -9.59741964616990129e-01 +0.00000000000000000e+00 +0.00000000000000000e+00 +0.00000000000000000e+00 +0.00000000000000000e+00 +0.00000000000000000e+00 +0.00000000000000000e+00
+7.46119245327937053e-01 -9.00121837313246492e-02 +6.59699839723482229e-01 +0.00000000000000000e+00 +0.00000000000000000e+00 +0.00000000000000000e+00 +0.00000000000000000e+00 +0.00000000000000000e+00 +0.00000000000000000e+00
+4.80797976368629532e-01 +8.73877642807930344e-01 -7.19108567622875616e-02 +0.00000000000000000e+00 +0.00000000000000000e+00 +0.00000000000000000e+00 +0.00000000000000000e+00 +0.00000000000000000e+00 +0.00000000000000000e+00
+4.98602220070294075e-02 +1.12594950363763824e-01 +9.92389205611382774e-01 +0.00000000000000000e+00 +0.00000000000000000e+00 +0.00000000000000000e+00 +0.00000000000000000e+00 +0.00000000000000000e+00 +0.00000000000000000e+00
-6.31299386387097372e-01 +5.69714371737861436e-01 +5.26200170450949578e-01 +0.00000000000000000e+00 +0.00000000000000000e+00 +0.00000000000000000e+00 +0.00000000000000000e+00 +0.00000000000000000e+00 +0.00000000000000000e+00
+7.62248597516954507e-01 +4.43436512721645359e-01 +4.71530629724837558e-01 +0.00000000000000000e+00 +0.00000000000000000e+00 +0.00000000000000000e+00 +0.00000000000000000e+00 +0.00000000000000000e+00 +0.00000000000000000e+00
-9.57072772683326800e-01 -2.23390402388665393e-01 +1.84684693217600920e-01 +0.00000000000000000e+00 +0.00000000000000000e+00 +0.00000000000000000e+00 +0.00000000000000000e+00 +0.00000000000000000e+00 +0.00000000000000000e+00
+7.60741857615448436e-01 -6.40758998591119844e-01 +1.03439507908256206e-01 +0.00000000000000000e+00 +0.00000000000000000e+00 +0.00000000000000000e+00 +0.00000000000000000e+00 +0.00000000000000000e+00 +0.00000000000000000e+00
-5.16549624604134339e-01 -4.65430414663842051e-01 -7.18714835263035368e-01 +0.00000000000000000e+00 +0.00000000000000000e+00 +0.00000000000000000e+00 +0.00000000000000000e+00 +0.00000000000000000e+00 +0.00000000000000000e+00
+2.01508781866035325e-01 -7.32722488754165791e-01 -6.50009204015426389e-01 +0.00000000000000000e+00 +0.00000000000000000e+00 +0.00000000000000000e+00 +0.00000000000000000e+00 +0.00000000000000000e+00 +0.00000000000000000e+00
+5.85881196160804141e-01 -4.03725432814904361e-01 -7.02672753764939650e-01 +0.00000000000000000e+00 +0.00000000000000000e+00 +0.00000000000000000e+00 +0.00000000000000000e+00 +0.00000000000000000e+00 +0.00000000000000000e+00
-4.77916889430729908e-01 +7.96391584866109475e-02 -8.74787432027003931e-01 +0.00000000000000000e+00 +0.00000000000000000e+00 +0.00000000000000000e+00 +0.00000000000000000e+00 +0.00000000000000000e+00 +0.00000000000000000e+00
-3.54642171205314882e-01 +1.49758229767445822e-01 -9.22930876620617346e-01 +0.00000000000000000e+00 +0.00000000000000000e+00 +0.00000000000000000e+00 +0.00000000000000000e+00 +0.00000000000000000e+00 +0.00000000000000000e+00
-1.64638482949998111e-01 -3.77988385506106417e-02 -9.85629452551083252e-01 +0.00000000000000000e+00 +0.00000000000000000e+00 +0.00000000000000000e+00 +0.00000000000000000e+00 +0.00000000000000000e+00 +0.00000000000000000e+00
+3.03986551985564624e-01 -4.63156577633526356e-01 -8.32513159539671865e-01 +0.00000000000000000e+00 +0.00000000000000000e+00 +0.00000000000000000e+00 +0.00000000000000000e+00 +0.00000000000000000e+00 +0.00000000000000000e+00
+4.12294167236639586e-01 +2.86126485718307066e-01 +8.64953844914939651e-01 +0.00000000000000000e+00 +0.00000000000000000e+00 +0.00000000000000000e+00 +0.00000000000000000e+00 +0.00000000000000000e+00 +0.00000000000000000e+00
-1.07257366459192940e-01 -3.89508413823714317e-01 -9.14756280601982441e-01 +0.00000000000000000e+00 +0.00000000000000000e+00 +0.00000000000000000e+00 +0.00000000000000000e+00 +0.00000000000000000e+00 +0.00000000000000000e+00
+2.96464489678112841e-01 -8.92823506093164632e-01 -3.39079626824445257e-01 +0.00000000000000000e+00 +0.00000000000000000e+00 +0.00000000000000000e+00 +0.00000000000000000e+00 +0.00000000000000000e+00 +0.00000000000000000e+00
-2.70018073759984045e-01 +4.88704750801594243e-02 +9.61614224368788961e-01 +0.00000000000000000e+00 +0.00000000000000000e+00 +0.00000000000000000e+00 +0.00000000000000000e+00 +0.00000000000000000e+00 +0.00000000000000000e+00
+1.01409002181393385e-01 +4.98069120833867673e-01 +8.61187183571813564e-01 +0.00000000000000000e+00 +0.00000000000000000e+00 +0.00000000000000000e+00 +0.00000000000000000e+00 +0.00000000000000000e+00 +0.00000000000000000e+00
-1.51563723346662155e-01 -9.59752656871595278e-01 -2.36438734967878261e-01 +0.00000000000000000e+00 +0.00000000000000000e+00 +0.00000000000000000e+00 +0.00000000000000000e+00 +0.00000000000000000e+00 +0.00000000000000000e+00
-6.72185711532404140e-01 -4.65045335518084857e-01 -5.76106938965803117e-01 +0.00000000000000000e+00 +0.00000000000000000e+00 +0.00000000000000000e+00 +0.00000000000000000e+00 +0.00000000000000000e+00 +0.00000000000000000e+00
-8.23197464595736283e-01 -3.84931229662491492e-01 +4.17341446196844768e-01 +0.00000000000000000e+00 +0.00000000000000000e+00 +0.00000000000000000e+00 +0.00000000000000000e+00 +0.00000000000000000e+00 +0.00000000000000000e+00
+8.52748942197868232e-01 +3.86231726442625600e-01 +3.51630907443537533e-01 +0.00000000000000000e+00 +0.00000000000000000e+00 +0.00000000000000000e+00 +0.00000000000000000e+00 +0.00000000000000000e+00 +0.00000000000000000e+00
+8.44062796928037040e-02 -9.25768376122376280e-01 -3.68549174086930886e-01 +0.00000000000000000e+00 +0.00000000000000000e+00 +0.00000000000000000e+00 +0.00000000000000000e+00 +0.00000000000000000e+00 +0.00000000000000000e+00
+2.34636914754587034e-01 -9.58841967060386158e-01 +1.59898719313877224e-01 +0.00000000000000000e+00 +0.00000000000000000e+00 +0.00000000000000000e+00 +0.00000000000000000e+00 +0.00000000000000000e+00 +0.00000000000000000e+00
-7.10933117002528259e-01 -1.02411327190952015e-01 +6.95762907326955338e-01 +0.00000000000000000e+00 +0.00000000000000000e+00 +0.00000000000000000e+00 +0.00000000000000000e+00 +0.00000000000000000e+00 +0.00000000000000000e+00
+6.00787566024320041e-02 +9.80127221828480333e-01 -1.89053357642467779e-01 +0.00000000000000000e+00 +0.00000000000000000e+00 +0.00000000000000000e+00 +0.00000000000000000e+00 +0.00000000000000000e+00 +0.00000000000000000e+00
+2.54862693669410834e-01 +6.15606846050730572e-01 +7.45703170484774192e-01 +0.00000000000000000e+00 +0.00000000000000000e+00 +0.00000000000000000e+00 +0.00000000000000000e+00 +0.00000000000000000e+00 +0.00000000000000000e+00
-5.38540129798988423e-02 -4.93562353942496423e-01 +8.68041443743732155e-01 +0.00000000000000000e+00 +0.00000000000000000e+00 +0.00000000000000000e+00 +0.00000000000000000e+00 +0.00000000000000000e+00 +0.00000000000000000e+00
-6.77683838991477883e-01 +3.73575887019133690e-01 +6.33392193674377602e-01 +0.00000000000000000e+00 +0.00000000000000000e+00 +0.00000000000000000e+00 +0.00000000000000000e+00 +0.00000000000000000e+00 +0.00000000000000000e+00
-4.68842118888209813e-01 -2.80454084838245354e-01 -8.37575413830871751e-01 +0.00000000000000000e+00 +0.00000000000000000e+00 +0.00000000000000000e+00 +0.00000000000000000e+00 +0.00000000000000000e+00 +0.00000000000000000e+00
-5.63800310754690504e-01 +2.35346837660207142e-01 +7.91669802124758681e-01 +0.00000000000000000e+00 +0.00000000000000000e+00 +0.00000000000000000e+00 +0.00000000000000000e+00 +0.00000000000000000e+00 +0.00000000000000000e+00
+9.46576935000999597e-01 -3.11832176281778228e-01 +8.21754218698227124e-02 +0.00000000000000000e+00 +0.00000000000000000e+00 +0.00000000000000000e+00 +0.00000000000000000e+00 +0.00000000000000000e+00 +0.00000000000000000e+00
+9.66490873056898847e-01 -4.89208131454520537e-03 +2.56654358696916884e-01 +0.00000000000000000e+00 +0.00000000000000000e+00 +0.00000000000000000e+00 +0.00000000000000000e+00 +0.00000000000000000e+00 +0.00000000000000000e+00
-7.06814230107740360e-01 -6.62448296123590574e-01 +2.48144915483178713e-01 +0.00000000000000000e+00 +0.00000000000000000e+00 +0.00000000000000000e+00 +0.00000000000000000e+00 +0.00000000000000000e+00 +0.00000000000000000e+00
+3.45926487576574015e-01 -6.80483895429510710e-01 +6.45969452260719001e-01 +0.00000000000000000e+00 +0.00000000000000000e+00 +0.00000000000000000e+00 +0.00000000000000000e+00 +0.00000000000000000e+00 +0.00000000000000000e+00
-6.63135394300112035e-01 -1.72372793393024859e-01 -7.28381128890857932e-01 +0.00000000000000000e+00 +0.00000000000000000e+00 +0.00000000000000000e+00 +0.00000000000000000e+00 +0.00000000000000000e+00 +0.00000000000000000e+00
+5.98749287701773880e-02 -9.97970484439065553e-01 -2.16772944165818625e-02 +0.00000000000000000e+00 +0.00000000000000000e+00 +0.00000000000000000e+00 +0.00000000000000000e+00 +0.00000000000000000e+00 +0.00000000000000000e+00
-2.64248556984661542e-01 +2.63388763058567787e-01 +9.27792573599294235e-01 +0.00000000000000000e+00 +0.00000000000000000e+00 +0.00000000000000000e+00 +0.00000000000000000e+00 +0.00000000000000000e+00 +0.00000000000000000e+00
+3.43635555271139148e-01 +6.72457031789032988e-02 +9.36692383099953951e-01 +0.00000000000000000e+00 +0.00000000000000000e+00 +0.00000000000000000e+00 +0.00000000000000000e+00 +0.00000000000000000e+00 +0.00000000000000000e+00
-3.99462796196072611e-01 +3.45675566464529349e-01 +8.49080607012456690e-01 +0.00000000000000000e+00 +0.00000000000000000e+00 +0.00000000000000000e+00 +0.00000000000000000e+00 +0.00000000000000000e+00 +0.00000000000000000e+00
-5.03472524538822852e-01 +2.04597481947461843e-02 +8.63768959698316574e-01 +0.00000000000000000e+00 +0.00000000000000000e+00 +0.00000000000000000e+00 +0.00000000000000000e+00 +0.00000000000000000e+00 +0.00000000000000000e+00
+3.56422798464932800e-01 +9.13614115338915900e-01 -1.95632402704449870e-01 +0.00000000000000000e+00 +0.00000000000000000e+00 +0.00000000000000000e+00 +0.00000000000000000e+00 +0.00000000000000000e+00 +0.00000000000000000e+00
+7.71781798870633584e-01 +5.43729500137828531e-02 -6.33558550758181793e-01 +0.00000000000000000e+00 +0.00000000000000000e+00 +0.00000000000000000e+00 +0.00000000000000000e+00 +0.00000000000000000e+00 +0.00000000000000000e+00
+5.47538357872609738e-01 +1.13494077756658915e-01 +8.29048153590810077e-01 +0.00000000000000000e+00 +0.00000000000000000e+00 +0.00000000000000000e+00 +0.00000000000000000e+00 +0.00000000000000000e+00 +0.00000000000000000e+00
-3.49235180273277768e-01 +7.56552985839229919e-01 +5.52867405873449291e-01 +0.00000000000000000e+00 +0.00000000000000000e+00 +0.00000000000000000e+00 +0.00000000000000000e+00 +0.00000000000000000e+00 +0.00000000000000000e+00
+9.64460034424489909e-01 +1.34654222846151694e-01 +2.27343533595329939e-01 +0.00000000000000000e+00 +0.00000000000000000e+00 +0.00000000000000000e+00 +0.00000000000000000e+00 +0.00000000000000000e+00 +0.00000000000000000e+00
+1.21597233384389131e-01 -4.69956799180869689e-01 +8.74273824231821650e-01 +0.00000000000000000e+00 +0.00000000000000000e+00 +0.00000000000000000e+00 +0.00000000000000000e+00 +0.00000000000000000e+00 +0.00000000000000000e+00
+6.13017906896551890e-01 -4.18530822725066351e-02 -7.88959672815069291e-01 +0.00000000000000000e+00 +0.00000000000000000e+00 +0.00000000000000000e+00 +0.00000000000000000e+00 +0.00000000000000000e+00 +0.00000000000000000e+00
-5.99792329688033754e-01 -7.56781119935871716e-01 -2.59868231525149984e-01 +0.00000000000000000e+00 +0.00000000000000000e+00 +0.00000000000000000e+00 +0.00000000000000000e+00 +0.00000000000000000e+00 +0.00000000000000000e+00
+9.47889102335554234e-01 -2.01768315647085084e-01 +2.46568036197791884e-01 +0.00000000000000000e+00 +0.00000000000000000e+00 +0.00000000000000000e+00 +0.00000000000000000e+00 +0.00000000000000000e+00 +0.00000000000000000e+00
-3.42453089462835092e-01 -9.25946586133451821e-01 -1.59213068386880957e-01 +0.00000000000000000e+00 +0.00000000000000000e+00 +0.00000000000000000e+00 +0.00000000000000000e+00 +0.00000000000000000e+00 +0.00000000000000000e+00
+8.45615964947299181e-01 -4.28123109117584832e-01 +3.18816943191137181e-01 +0.00000000000000000e+00 +0.00000000000000000e+00 +0.00000000000000000e+00 +0.00000000000000000e+00 +0.00000000000000000e+00 +0.00000000000000000e+00
+2.99726254873143916e-01 -9.00226014378655681e-01 +3.15843782866846834e-01 +0.00000000000000000e+00 +0.00000000000000000e+00 +0.00000000000000000e+00 +0.00000000000000000e+00 +0.00000000000000000e+00 +0.00000000000000000e+00
+1.89929142133939022e-01 +1.95802756145270485e-01 -9.62074945965324280e-01 +0.00000000000000000e+00 +0.00000000000000000e+00 +0.00000000000000000e+00 +0.00000000000000000e+00 +0.00000000000000000e+00 +0.00000000000000000e+00
-3.51813578945528560e-01 -9.35638803150900533e-01 +2.84118937751261687e-02 +0.00000000000000000e+00 +0.00000000000000000e+00 +0.00000000000000000e+00 +0.00000000000000000e+00 +0.00000000000000000e+00 +0.00000000000000000e+00
+2.34390509202164726e-01 +7.21530905624982732e-02 +9.69461201244397386e-01 +0.00000000000000000e+00 +0.00000000000000000e+00 +0.00000000000000000e+00 +0.00000000000000000e+00 +0.00000000000000000e+00 +0.00000000000000000e+00
+7.75369719189839879e-01 -3.30447860892478407e-01 -5.38150545660834756e-01 +0.00000000000000000e+00 +0.00000000000000000e+00 +0.00000000000000000e+00 +0.00000000000000000e+00 +0.00000000000000000e+00 +0.00000000000000000e+00
+3.86474023039315787e-02 +3.04986150433129655e-01 -9.51572291704176676e-01 +0.00000000000000000e+00 +0.00000000000000000e+00 +0.00000000000000000e+00 +0.00000000000000000e+00 +0.00000000000000000e+00 +0.00000000000000000e+00
-7.67677602632750644e-01 +5.93772237326758767e-01 +2.41051091256621081e-01 +0.00000000000000000e+00 +0.00000000000000000e+00 +0.00000000000000000e+00 +0.00000000000000000e+00 +0.00000000000000000e+00 +0.00000000000000000e+00
-9.56623433928846412e-01 -2.91171936157074762e-01 -9.51363509508713900e-03 +0.00000000000000000e+00 +0.00000000000000000e+00 +0.00000000000000000e+00 +0.00000000000000000e+00 +0.00000000000000000e+00 +0.00000000000000000e+00
-6.14259552503526596e-01 +3.34423479015779013e-01 -7.14735013023113375e-01 +0.00000000000000000e+00 +0.00000000000000000e+00 +0.00000000000000000e+00 +0.00000000000000000e+00 +0.00000000000000000e+00 +0.00000000000000000e+00
-4.90962466123604946e-01 -1.52240304812426785e-01 +8.57775463888101330e-01 +0.00000000000000000e+00 +0.00000000000000000e+00 +0.00000000000000000e+00 +0.00000000000000000e+00 +0.00000000000000000e+00 +0.00000000000000000e+00
-5.28708413668782962e-01 +8.36088535011087819e-01 -1.46367260474644101e-01 +0.00000000000000000e+00 +0.00000000000000000e+00 +0.00000000000000000e+00 +0.00000000000000000e+00 +0.00000000000000000e+00 +0.00000000000000000e+00
+3.09067176128198229e-01 +8.11600393384621976e-01 +4.95764341293389532e-01 +0.00000000000000000e+00 +0.00000000000000000e+00 +0.00000000000000000e+00 +0.00000000000000000e+00 +0.00000000000000000e+00 +0.00000000000000000e+00
-9.52145512149235818e-01 -2.85163011733545246e-01 -1.10004456423926339e-01 +0.00000000000000000e+00 +0.00000000000000000e+00 +0.00000000000000000e+00 +0.00000000000000000e+00 +0.00000000000000000e+00 +0.00000000000000000e+00
-7.81361740400859484e-01 +6.48571024554941561e-02 -6.20699111404887871e-01 +0.00000000000000000e+00 +0.00000000000000000e+00 +0.00000000000000000e+00 +0.00000000000000000e+00 +0.00000000000000000e+00 +0.00000000000000000e+00
+4.48868696194022865e-01 +8.18896084320435147e-01 -3.57667578432455890e-01 +0.00000000000000000e+00 +0.00000000000000000e+00 +0.00000000000000000e+00 +0.00000000000000000e+00 +0.00000000000000000e+00 +0.00000000000000000e+00
+8.57905190514716143e-01 +4.46120015671283232e-01 -2.54903149657595918e-01 +0.00000000000000000e+00 +0.00000000000000000e+00 +0.00000000000000000e+00 +0.00000000000000000e+00 +0.00000000000000000e+00 +0.00000000000000000e+00
-1.43905905878890916e-02 +7.65057469423060299e-01 +6.43801195542937132e-01 +0.00000000000000000e+00 +0.00000000000000000e+00 +0.00000000000000000e+00 +0.00000000000000000e+00 +0.00000000000000000e+00 +0.00000000000000000e+00
+9.16760617166017311e-01 -1.01364507726888750e-01 -3.86361498323356090e-01 +0.00000000000000000e+00 +0.00000000000000000e+00 +0.00000000000000000e+00 +0.00000000000000000e+00 +0.00000000000000000e+00 +0.00000000000000000e+00
-7.53421574288664186e-01 +6.12738209251566190e-01 -2.38553596324966033e-01 +0.00000000000000000e+00 +0.00000000000000000e+00 +0.00000000000000000e+00 +0.00000000000000000e+00 +0.00000000000000000e+00 +0.00000000000000000e+00
+6.03670352265563537e-01 +7.91400756049821186e-01 +9.62649942572155193e-02 +0.00000000000000000e+00 +0.00000000000000000e+00 +0.00000000000000000e+00 +0.00000000000000000e+00 +0.00000000000000000e+00 +0.00000000000000000e+00
-9.21316521766368357e-01 -1.96202116321628567e-01 +3.35679305694043473e-01 +0.00000000000000000e+00 +0.00000000000000000e+00 +0.00000000000000000e+00 +0.00000000000000000e+00 +0.00000000000000000e+00 +0.00000000000000000e+00
+6.04510416375215742e-01 +2.07223569885305131e-01 -7.69171988945160034e-01 +0.00000000000000000e+00 +0.00000000000000000e+00 +0.00000000000000000e+00 +0.00000000000000000e+00 +0.00000000000000000e+00 +0.00000000000000000e+00
+3.86353282444169221e-01 -2.63667264826256242e-01 -8.83861253027678040e-01 +0.00000000000000000e+00 +0.00000000000000000e+00 +0.00000000000000000e+00 +0.00000000000000000e+00 +0.00000000000000000e+00 +0.00000000000000000e+00
+2.27364172109300877e-01 -1.99828639377936351e-01 +9.53086590045949089e-01 +0.00000000000000000e+00 +0.00000000000000000e+00 +0.00000000000000000e+00 +0.00000000000000000e+00 +0.00000000000000000e+00 +0.00000000000000000e+00
-1.84750073844799689e-01 -1.30587162339386248e-01 +9.74071046303342292e-01 +0.00000000000000000e+00 +0.00000000000000000e+00 +0.00000000000000000e+00 +0.00000000000000000e+00 +0.00000000000000000e+00 +0.00000000000000000e+00
+6.78772726660615722e-01 +6.74327306446113495e-01 +2.90775290082982030e-01 +0.00000000000000000e+00 +0.00000000000000000e+00 +0.00000000000000000e+00 +0.00000000000000000e+00 +0.00000000000000000e+00 +0.00000000000000000e+00
-4.63994197327451285e-01 -6.07982686254873395e-01 +6.44256500208389427e-01 +0.00000000000000000e+00 +0.00000000000000000e+00 +0.00000000000000000e+00 +0.00000000000000000e+00 +0.00000000000000000e+00 +0.00000000000000000e+00
+7.99629098981952224e-01 +5.75081339323445628e-01 +1.72843157872283826e-01 +0.00000000000000000e+00 +0.00000000000000000e+00 +0.00000000000000000e+00 +0.00000000000000000e+00 +0.00000000000000000e+00 +0.00000000000000000e+00
+2.44999894876621022e-01 +2.28679288372730105e-01 +9.42168156211929286e-01 +0.00000000000000000e+00 +0.00000000000000000e+00 +0.00000000000000000e+00 +0.00000000000000000e+00 +0.00000000000000000e+00 +0.00000000000000000e+00
+7.75824820574918861e-01 +4.09264353559055327e-01 -4.80206764514811424e-01 +0.00000000000000000e+00 +0.00000000000000000e+00 +0.00000000000000000e+00 +0.00000000000000000e+00 +0.00000000000000000e+00 +0.00000000000000000e+00
-8.98859209862330477e-01 -3.95736215912665446e-01 -1.88268341100651659e-01 +0.00000000000000000e+00 +0.00000000000000000e+00 +0.00000000000000000e+00 +0.00000000000000000e+00 +0.00000000000000000e+00 +0.00000000000000000e+00
+1.97592474159553472e-02 -9.41768069124517604e-01 +3.35682105747436121e-01 +0.00000000000000000e+00 +0.00000000000000000e+00 +0.00000000000000000e+00 +0.00000000000000000e+00 +0.00000000000000000e+00 +0.00000000000000000e+00
-1.34037930524199302e-02 -2.71246190205830739e-01 +9.62416667889033461e-01 +0.00000000000000000e+00 +0.00000000000000000e+00 +0.00000000000000000e+00 +0.00000000000000000e+00 +0.00000000000000000e+00 +0.00000000000000000e+00
-1.53734737083692924e-01 -8.81388996375484401e-01 +4.46675573187099939e-01 +0.00000000000000000e+00 +0.00000000000000000e+00 +0.00000000000000000e+00 +0.00000000000000000e+00 +0.00000000000000000e+00 +0.00000000000000000e+00
-7.99307891675735016e-01 +2.49162252579711085e-01 -5.46831844532024269e-01 +0.00000000000000000e+00 +0.00000000000000000e+00 +0.00000000000000000e+00 +0.00000000000000000e+00 +0.00000000000000000e+00 +0.00000000000000000e+00
-5.24089488302076245e-01 +7.25630951439093952e-01 +4.45858644151779338e-01 +0.00000000000000000e+00 +0.00000000000000000e+00 +0.00000000000000000e+00 +0.00000000000000000e+00 +0.00000000000000000e+00 +0.00000000000000000e+00
-5.96434570000111020e-01 +4.69457199573555528e-02 +8.01287653147400247e-01 +0.00000000000000000e+00 +0.00000000000000000e+00 +0.00000000000000000e+00 +0.00000000000000000e+00 +0.00000000000000000e+00 +0.00000000000000000e+00
-9.18843339853754104e-01 +2.22410639275330640e-01 -3.25976110080995807e-01 +0.00000000000000000e+00 +0.00000000000000000e+00 +0.00000000000000000e+00 +0.00000000000000000e+00 +0.00000000000000000e+00 +0.00000000000000000e+00
+7.13981235541536141e-01 +3.24043690140034979e-01 -6.20666160004724854e-01 +0.00000000000000000e+00 +0.00000000000000000e+00 +0.00000000000000000e+00 +0.00000000000000000e+00 +0.00000000000000000e+00 +0.00000000000000000e+00
-1.09291957373134317e-02 -7.33659878037637880e-01 -6.79428977920675470e-01 +0.00000000000000000e+00 +0.00000000000000000e+00 +0.00000000000000000e+00 +0.00000000000000000e+00 +0.00000000000000000e+00 +0.00000000000000000e+00
-8.66284253334121068e-01 -2.05414408738532644e-01 +4.55364154395076937e-01 +0.00000000000000000e+00 +0.00000000000000000e+00 +0.00000000000000000e+00 +0.00000000000000000e+00 +0.00000000000000000e+00 +0.00000000000000000e+00
+7.71452576401657653e-01 +2.98837631368517653e-01 +5.61744597162534776e-01 +0.00000000000000000e+00 +0.00000000000000000e+00 +0.00000000000000000e+00 +0.00000000000000000e+00 +0.00000000000000000e+00 +0.00000000000000000e+00
+3.80459579970020417e-02 +9.57337147299588631e-01 +2.86457835431981389e-01 +0.00000000000000000e+00 +0.00000000000000000e+00 +0.00000000000000000e+00 +0.00000000000000000e+00 +0.00000000000000000e+00 +0.00000000000000000e+00
+6.08346315555729378e-01 -2.48310792062184926e-01 -7.53827905357197126e-01 +0.00000000000000000e+00 +0.00000000000000000e+00 +0.00000000000000000e+00 +0.00000000000000000e+00 +0.00000000000000000e+00 +0.00000000000000000e+00
-4.32037311225128492e-02 -8.80148568842187284e-01 -4.72728182343874315e-01 +0.00000000000000000e+00 +0.00000000000000000e+00 +0.00000000000000000e+00 +0.00000000000000000e+00 +0.00000000000000000e+00 +0.00000000000000000e+00
+1.40864063944862693e-02 +4.84995072939180871e-01 -8.74403426559850594e-01 +0.00000000000000000e+00 +0.00000000000000000e+00 +0.00000000000000000e+00 +0.00000000000000000e+00 +0.00000000000000000e+00 +0.00000000000000000e+00
+2.96689192257450218e-01 -1.25648650872132284e-01 +9.46672033880601616e-01 +0.00000000000000000e+00 +0.00000000000000000e+00 +0.00000000000000000e+00 +0.00000000000000000e+00 +0.00000000000000000e+00 +0.00000000000000000e+00
-6.07594267434641844e-01 -5.85499220932730768e-01 +5.36674825632548425e-01 +0.00000000000000000e+00 +0.00000000000000000e+00 +0.00000000000000000e+00 +0.00000000000000000e+00 +0.00000000000000000e+00 +0.00000000000000000e+00
+6.78352941125263675e-01 -7.34712777155905661e-01 -5.86705637957087283e-03 +0.00000000000000000e+00 +0.00000000000000000e+00 +0.00000000000000000e+00 +0.00000000000000000e+00 +0.00000000000000000e+00 +0.00000000000000000e+00
+9.79839035993191998e-01 +1.97929121353064230e-01 -2.71942358660099553e-02 +0.00000000000000000e+00 +0.00000000000000000e+00 +0.00000000000000000e+00 +0.00000000000000000e+00 +0.00000000000000000e+00 +0.00000000000000000e+00
-6.74019640929804098e-02 +3.07534201852187106e-01 -9.49146822113179134e-01 +0.00000000000000000e+00 +0.00000000000000000e+00 +0.00000000000000000e+00 +0.00000000000000000e+00 +0.00000000000000000e+00 +0.00000000000000000e+00
-6.05496066805789490e-01 +7.17431104263710151e-01 -3.44480948265172671e-01 +0.00000000000000000e+00 +0.00000000000000000e+00 +0.00000000000000000e+00 +0.00000000000000000e+00 +0.00000000000000000e+00 +0.00000000000000000e+00
+3.03273300109414834e-01 +1.73527833013623595e-01 -9.36970328564539434e-01 +0.00000000000000000e+00 +0.00000000000000000e+00 +0.00000000000000000e+00 +0.00000000000000000e+00 +0.00000000000000000e+00 +0.00000000000000000e+00
-7.05714487254007650e-01 -5.66010963246693755e-01 +4.26143933389134533e-01 +0.00000000000000000e+00 +0.00000000000000000e+00 +0.00000000000000000e+00 +0.00000000000000000e+00 +0.00000000000000000e+00 +0.00000000000000000e+00
+7.37381762595846313e-01 +6.72912336229099850e-01 -5.87973123683225990e-02 +0.00000000000000000e+00 +0.00000000000000000e+00 +0.00000000000000000e+00 +0.00000000000000000e+00 +0.00000000000000000e+00 +0.00000000000000000e+00
-3.43731576790486715e-01 -5.85628607807333501e-01 -7.34089733503180186e-01 +0.00000000000000000e+00 +0.00000000000000000e+00 +0.00000000000000000e+00 +0.00000000000000000e+00 +0.00000000000000000e+00 +0.00000000000000000e+00
-5.30573464214773582e-01 -1.30388105194580273e-01 -8.37550440925739936e-01 +0.00000000000000000e+00 +0.00000000000000000e+00 +0.00000000000000000e+00 +0.00000000000000000e+00 +0.00000000000000000e+00 +0.00000000000000000e+00
+8.34756835631158212e-01 -1.88391512150498319e-01 -5.17387343792544252e-01 +0.00000000000000000e+00 +0.00000000000000000e+00 +0.00000000000000000e+00 +0.00000000000000000e+00 +0.00000000000000000e+00 +0.00000000000000000e+00
+9.89738712986007019e-01 -1.01350060013432247e-01 -1.00724601523541332e-01 +0.00000000000000000e+00 +0.00000000000000000e+00 +0.00000000000000000e+00 +0.00000000000000000e+00 +0.00000000000000000e+00 +0.00000000000000000e+00
+1.61505469260502160e-01 -8.69235203420426483e-01 -4.67275234239516335e-01 +0.00000000000000000e+00 +0.00000000000000000e+00 +0.00000000000000000e+00 +0.00000000000000000e+00 +0.00000000000000000e+00 +0.00000000000000000e+00
+8.56017995946713461e-01 -6.38970905525017979e-02 -5.12981824662724240e-01 +0.00000000000000000e+00 +0.00000000000000000e+00 +0.00000000000000000e+00 +0.00000000000000000e+00 +0.00000000000000000e+00 +0.00000000000000000e+00
-4.28098850755687765e-01 -8.75952870847953147e-01 +2.22346445968646944e-01 +0.00000000000000000e+00 +0.00000000000000000e+00 +0.00000000000000000e+00 +0.00000000000000000e+00 +0.00000000000000000e+00 +0.00000000000000000e+00
+6.62103854570976424e-01 +5.85962413042120156e-01 -4.67190042984769849e-01 +0.00000000000000000e+00 +0.00000000000000000e+00 +0.00000000000000000e+00 +0.00000000000000000e+00 +0.00000000000000000e+00 +0.00000000000000000e+00
-9.89767774962057367e-01 +3.06233539674940283e-02 -1.39362698877568136e-01 +0.00000000000000000e+00 +0.00000000000000000e+00 +0.00000000000000000e+00 +0.00000000000000000e+00 +0.00000000000000000e+00 +0.00000000000000000e+00
-3.94602307686146292e-01 +4.43215142372441917e-01 +8.04890897165910446e-01 +0.00000000000000000e+00 +0.00000000000000000e+00 +0.00000000000000000e+00 +0.00000000000000000e+00 +0.00000000000000000e+00 +0.00000000000000000e+00
+8.33569052668704846e-01 +5.48977062607605482e-01 +6.15371364602148516e-02 +0.00000000000000000e+00 +0.00000000000000000e+00 +0.00000000000000000e+00 +0.00000000000000000e+00 +0.00000000000000000e+00 +0.00000000000000000e+00
-6.55896297759715474e-02 -5.67046749535955533e-02 -9.96234199525522279e-01 +0.00000000000000000e+00 +0.00000000000000000e+00 +0.00000000000000000e+00 +0.00000000000000000e+00 +0.00000000000000000e+00 +0.00000000000000000e+00
+2.85316523478303885e-01 +3.60765990195133057e-01 -8.87942780672707377e-01 +0.00000000000000000e+00 +0.00000000000000000e+00 +0.00000000000000000e+00 +0.00000000000000000e+00 +0.00000000000000000e+00 +0.00000000000000000e+00
+3.25446010397290986e-01 +6.22384462785147363e-01 -7.11844417552129016e-01 +0.00000000000000000e+00 +0.00000000000000000e+00 +0.00000000000000000e+00 +0.00000000000000000e+00 +0.00000000000000000e+00 +0.00000000000000000e+00
+3.09048617793716396e-01 -8.63155144392117935e-01 +3.99314598467443438e-01 +0.00000000000000000e+00 +0.00000000000000000e+00 +0.00000000000000000e+00 +0.00000000000000000e+00 +0.00000000000000000e+00 +0.00000000000000000e+00
-7.15578975232384340e-01 -5.21610570336254464e-02 -6.96581620726893558e-01 +0.00000000000000000e+00 +0.00000000000000000e+00 +0.00000000000000000e+00 +0.00000000000000000e+00 +0.00000000000000000e+00 +0.00000000000000000e+00
+8.68240004262251674e-01 +2.78923529228634670e-01 +4.10318120293667210e-01 +0.00000000000000000e+00 +0.00000000000000000e+00 +0.00000000000000000e+00 +0.00000000000000000e+00 +0.00000000000000000e+00 +0.00000000000000000e+00
+7.02477561841962750e-01 -3.76264532642962835e-01 -6.04111145885874445e-01 +0.00000000000000000e+00 +0.00000000000000000e+00 +0.00000000000000000e+00 +0.00000000000000000e+00 +0.00000000000000000e+00 +0.00000000000000000e+00
-2.57684044544135744e-02 -5.82857508829708992e-01 -8.12165693521155641e-01 +0.00000000000000000e+00 +0.00000000000000000e+00 +0.00000000000000000e+00 +0.00000000000000000e+00 +0.00000000000000000e+00 +0.00000000000000000e+00
+7.45713207382356913e-01 -2.92908308247070037e-01 +5.98428387775310378e-01 +0.00000000000000000e+00 +0.00000000000000000e+00 +0.00000000000000000e+00 +0.00000000000000000e+00 +0.00000000000000000e+00 +0.00000000000000000e+00
-5.24544364480938774e-01 +5.07708720124374291e-01 +6.83436218824374442e-01 +0.00000000000000000e+00 +0.00000000000000000e+00 +0.00000000000000000e+00 +0.00000000000000000e+00 +0.00000000000000000e+00 +0.00000000000000000e+00
+9.99980924006990401e-02 +5.46029887573981965e-01 -8.31776258011832192e-01 +0.00000000000000000e+00 +0.00000000000000000e+00 +0.00000000000000000e+00 +0.00000000000000000e+00 +0.00000000000000000e+00 +0.00000000000000000e+00
-4.81313568074397680e-01 +7.41427115333526343e-01 -4.67571472435710400e-01 +0.00000000000000000e+00 +0.00000000000000000e+00 +0.00000000000000000e+00 +0.00000000000000000e+00 +0.00000000000000000e+00 +0.00000000000000000e+00
+3.07990275775608599e-02 -7.38132644692446438e-01 +6.73952237728766224e-01 +0.00000000000000000e+00 +0.00000000000000000e+00 +0.00000000000000000e+00 +0.00000000000000000e+00 +0.00000000000000000e+00 +0.00000000000000000e+00
-4.19739395230005807e-01 +6.59184933105044224e-01 -6.23934342747093584e-01 +0.00000000000000000e+00 +0.00000000000000000e+00 +0.00000000000000000e+00 +0.00000000000000000e+00 +0.00000000000000000e+00 +0.00000000000000000e+00
+6.49148027570332520e-01 +9.46866208338616872e-02 -7.54745839429811882e-01 +0.00000000000000000e+00 +0.00000000000000000e+00 +0.00000000000000000e+00 +0.00000000000000000e+00 +0.00000000000000000e+00 +0.00000000000000000e+00
-8.35901153496228955e-01 +4.71563436883679632e-01 +2.80886430035567680e-01 +0.00000000000000000e+00 +0.00000000000000000e+00 +0.00000000000000000e+00 +0.00000000000000000e+00 +0.00000000000000000e+00 +0.00000000000000000e+00
-5.49046531169472218e-01 +3.78724599499949133e-01 +7.45060792381650461e-01 +0.00000000000000000e+00 +0.00000000000000000e+00 +0.00000000000000000e+00 +0.00000000000000000e+00 +0.00000000000000000e+00 +0.00000000000000000e+00
-7.26354948252628474e-01 +2.43188248968599446e-01 -6.42859210646085311e-01 +0.00000000000000000e+00 +0.00000000000000000e+00 +0.00000000000000000e+00 +0.00000000000000000e+00 +0.00000000000000000e+00 +0.00000000000000000e+00
-3.93091545591277514e-01 +9.17095039677060297e-01 -6.64509216218403947e-02 +0.00000000000000000e+00 +0.00000000000000000e+00 +0.00000000000000000e+00 +0.00000000000000000e+00 +0.00000000000000000e+00 +0.00000000000000000e+00
-1.97836496431245762e-01 +7.42742795897279540e-01 +6.39682624293095636e-01 +0.00000000000000000e+00 +0.00000000000000000e+00 +0.00000000000000000e+00 +0.00000000000000000e+00 +0.00000000000000000e+00 +0.00000000000000000e+00
+5.98999440570598507e-01 +3.47571828551404338e-01 -7.21383042629602844e-01 +0.00000000000000000e+00 +0.00000000000000000e+00 +0.00000000000000000e+00 +0.00000000000000000e+00 +0.00000000000000000e+00 +0.00000000000000000e+00
-5.09368924894082920e-01 +3.84550870558821589e-01 -7.69846690130378208e-01 +0.00000000000000000e+00 +0.00000000000000000e+00 +0.00000000000000000e+00 +0.00000000000000000e+00 +0.00000000000000000e+00 +0.00000000000000000e+00
-7.65826755221897665e-02 +4.92991771286115321e-01 +8.66656914386564781e-01 +0.00000000000000000e+00 +0.00000000000000000e+00 +0.00000000000000000e+00 +0.00000000000000000e+00 +0.00000000000000000e+00 +0.00000000000000000e+00
-6.88866317630885960e-02 -4.90387879179407848e-01 -8.68777508869940318e-01 +0.00000000000000000e+00 +0.00000000000000000e+00 +0.00000000000000000e+00 +0.00000000000000000e+00 +0.00000000000000000e+00 +0.00000000000000000e+00
-2.39265818907764910e-01 -5.44796234667213386e-01 -8.03709481463808162e-01 +0.00000000000000000e+00 +0.00000000000000000e+00 +0.00000000000000000e+00 +0.00000000000000000e+00 +0.00000000000000000e+00 +0.00000000000000000e+00
-3.86407096815034767e-01 +9.01987554091583044e-01 +1.92634388920721600e-01 +0.00000000000000000e+00 +0.00000000000000000e+00 +0.00000000000000000e+00 +0.00000000000000000e+00 +0.00000000000000000e+00 +0.00000000000000000e+00
-9.59887076211166312e-01 +2.54412169131216559e-01 -1.17861143388004547e-01 +0.00000000000000000e+00 +0.00000000000000000e+00 +0.00000000000000000e+00 +0.00000000000000000e+00 +0.00000000000000000e+00 +0.00000000000000000e+00
-6.58570211623224044e-01 +1.35528999000748829e-01 -7.40214270865130586e-01 +0.00000000000000000e+00 +0.00000000000000000e+00 +0.00000000000000000e+00 +0.00000000000000000e+00 +0.00000000000000000e+00 +0.00000000000000000e+00
+4.52606318043184908e-01 +7.10205542706291548e-01 +5.39217588712250007e-01 +0.00000000000000000e+00 +0.00000000000000000e+00 +0.00000000000000000e+00 +0.00000000000000000e+00 +0.00000000000000000e+00 +0.00000000000000000e+00
+4.48497684476428446e-02 -9.66721130432895426e-01 -2.51870510867663377e-01 +0.00000000000000000e+00 +0.00000000000000000e+00 +0.00000000000000000e+00 +0.00000000000000000e+00 +0.00000000000000000e+00 +0.00000000000000000e+00
-2.57684944232639990e-01 +9.05627242100965679e-01 -3.36805237311447236e-01 +0.00000000000000000e+00 +0.00000000000000000e+00 +0.00000000000000000e+00 +0.00000000000000000e+00 +0.00000000000000000e+00 +0.00000000000000000e+00
+1.16143301502704771e-01 -8.75339398837390537e-01 +4.69352394645055071e-01 +0.00000000000000000e+00 +0.00000000000000000e+00 +0.00000000000000000e+00 +0.00000000000000000e+00 +0.00000000000000000e+00 +0.00000000000000000e+00
-4.27782576099948131e-01 +2.77794882463117065e-01 -8.60134914337625789e-01 +0.00000000000000000e+00 +0.00000000000000000e+00 +0.00000000000000000e+00 +0.00000000000000000e+00 +0.00000000000000000e+00 +0.00000000000000000e+00
+8.31075203248997418e-01 -1.15290169171293436e-01 +5.44079206951609273e-01 +0.00000000000000000e+00 +0.00000000000000000e+00 +0.00000000000000000e+00 +0.00000000000000000e+00 +0.00000000000000000e+00 +0.00000000000000000e+00
+3.84457703466588252e-01 +8.26137480476816899e-01 +4.11933414032673473e-01 +0.00000000000000000e+00 +0.00000000000000000e+00 +0.00000000000000000e+00 +0.00000000000000000e+00 +0.00000000000000000e+00 +0.00000000000000000e+00
+2.62248653109818208e-01 -3.64086064182870928e-01 +8.93681700500750353e-01 +0.00000000000000000e+00 +0.00000000000000000e+00 +0.00000000000000000e+00 +0.00000000000000000e+00 +0.00000000000000000e+00 +0.00000000000000000e+00
-3.51710616298267165e-01 -2.77275660722909600e-01 -8.94101700229770868e-01 +0.00000000000000000e+00 +0.00000000000000000e+00 +0.00000000000000000e+00 +0.00000000000000000e+00 +0.00000000000000000e+00 +0.00000000000000000e+00
-5.56726058661038969e-01 +1.92360387614425893e-01 -8.08117303913592155e-01 +0.00000000000000000e+00 +0.00000000000000000e+00 +0.00000000000000000e+00 +0.00000000000000000e+00 +0.00000000000000000e+00 +0.00000000000000000e+00
-5.76661524026474345e-02 +6.00268795670567124e-01 -7.97716734067476896e-01 +0.00000000000000000e+00 +0.00000000000000000e+00 +0.00000000000000000e+00 +0.00000000000000000e+00 +0.00000000000000000e+00 +0.00000000000000000e+00
+6.35228666871743508e-01 +2.06109127366743521e-02 +7.72049047056279192e-01 +0.00000000000000000e+00 +0.00000000000000000e+00 +0.00000000000000000e+00 +0.00000000000000000e+00 +0.00000000000000000e+00 +0.00000000000000000e+00
+4.60285378709626380e-01 +1.98502171326374488e-01 +8.65294318786879901e-01 +0.00000000000000000e+00 +0.00000000000000000e+00 +0.00000000000000000e+00 +0.00000000000000000e+00 +0.00000000000000000e+00 +0.00000000000000000e+00
-3.40539786242986087e-01 -5.82458750388314739e-01 +7.38088380942055200e-01 +0.00000000000000000e+00 +0.00000000000000000e+00 +0.00000000000000000e+00 +0.00000000000000000e+00 +0.00000000000000000e+00 +0.00000000000000000e+00
+7.21699433229220921e-02 +8.87530710013727187e-01 -4.55061246496881566e-01 +0.00000000000000000e+00 +0.00000000000000000e+00 +0.00000000000000000e+00 +0.00000000000000000e+00 +0.00000000000000000e+00 +0.00000000000000000e+00
+4.57649138605826900e-01 +5.65277553233147212e-01 -6.86307914673939257e-01 +0.00000000000000000e+00 +0.00000000000000000e+00 +0.00000000000000000e+00 +0.00000000000000000e+00 +0.00000000000000000e+00 +0.00000000000000000e+00
+8.95371765780256013e-01 -3.87500364227426342e-01 +2.19437619307078752e-01 +0.00000000000000000e+00 +0.00000000000000000e+00 +0.00000000000000000e+00 +0.00000000000000000e+00 +0.00000000000000000e+00 +0.00000000000000000e+00
+5.75089726880815832e-01 +5.06135248680662397e-01 -6.42727715350063900e-01 +0.00000000000000000e+00 +0.00000000000000000e+00 +0.00000000000000000e+00 +0.00000000000000000e+00 +0.00000000000000000e+00 +0.00000000000000000e+00
+7.89930706401889560e-01 +4.98580394153304851e-01 -3.56969283901776624e-01 +0.00000000000000000e+00 +0.00000000000000000e+00 +0.00000000000000000e+00 +0.00000000000000000e+00 +0.00000000000000000e+00 +0.00000000000000000e+00
-2.66754113307778151e-01 +6.12122049855193362e-01 -7.44411740312078463e-01 +0.00000000000000000e+00 +0.00000000000000000e+00 +0.00000000000000000e+00 +0.00000000000000000e+00 +0.00000000000000000e+00 +0.00000000000000000e+00
+3.82521920656508918e-01 -5.59067715015653111e-01 -7.35608775263340786e-01 +0.00000000000000000e+00 +0.00000000000000000e+00 +0.00000000000000000e+00 +0.00000000000000000e+00 +0.00000000000000000e+00 +0.00000000000000000e+00
+1.85492792119648753e-01 -9.81503376480086898e-01 +4.73660852282045478e-02 +0.00000000000000000e+00 +0.00000000000000000e+00 +0.00000000000000000e+00 +0.00000000000000000e+00 +0.00000000000000000e+00 +0.00000000000000000e+00
+1.25981960043109797e-01 -9.53387125288458037e-01 +2.74192514627782047e-01 +0.00000000000000000e+00 +0.00000000000000000e+00 +0.00000000000000000e+00 +0.00000000000000000e+00 +0.00000000000000000e+00 +0.00000000000000000e+00
+8.79711767680871892e-01 -4.70162137331083752e-01 +7.10969086814811357e-02 +0.00000000000000000e+00 +0.00000000000000000e+00 +0.00000000000000000e+00 +0.00000000000000000e+00 +0.00000000000000000e+00 +0.00000000000000000e+00
+1.79271626781646737e-01 +7.77110930616198625e-01 +6.03291211064679533e-01 +0.00000000000000000e+00 +0.00000000000000000e+00 +0.00000000000000000e+00 +0.00000000000000000e+00 +0.00000000000000000e+00 +0.00000000000000000e+00
+4.92110287929782231e-01 -7.62269888625403680e-01 +4.20442720722670804e-01 +0.00000000000000000e+00 +0.00000000000000000e+00 +0.00000000000000000e+00 +0.00000000000000000e+00 +0.00000000000000000e+00 +0.00000000000000000e+00
-9.20567069599872667e-01 +1.63814952427400101e-01 +3.54571476192758472e-01 +0.00000000000000000e+00 +0.00000000000000000e+00 +0.00000000000000000e+00 +0.00000000000000000e+00 +0.00000000000000000e+00 +0.00000000000000000e+00
+4.88698820005935786e-01 +3.44135484677844272e-01 +8.01713310049391281e-01 +0.00000000000000000e+00 +0.00000000000000000e+00 +0.00000000000000000e+00 +0.00000000000000000e+00 +0.00000000000000000e+00 +0.00000000000000000e+00
+8.40108247520640172e-01 -5.06235358928839418e-01 -1.94791924416768819e-01 +0.00000000000000000e+00 +0.00000000000000000e+00 +0.00000000000000000e+00 +0.00000000000000000e+00 +0.00000000000000000e+00 +0.00000000000000000e+00
+5.83107914038555442e-01 -6.29308460652440393e-01 +5.13766505269524831e-01 +0.00000000000000000e+00 +0.00000000000000000e+00 +0.00000000000000000e+00 +0.00000000000000000e+00 +0.00000000000000000e+00 +0.00000000000000000e+00
-2.12099431400669836e-01 +4.16988123697703494e-01 +8.83818270853562460e-01 +0.00000000000000000e+00 +0.00000000000000000e+00 +0.00000000000000000e+00 +0.00000000000000000e+00 +0.00000000000000000e+00 +0.00000000000000000e+00
+8.78841498543819988e-01 -2.74004468709286575e-01 -3.90588237872819710e-01 +0.00000000000000000e+00 +0.00000000000000000e+00 +0.00000000000000000e+00 +0.00000000000000000e+00 +0.00000000000000000e+00 +0.00000000000000000e+00
-4.78871230365450207e-01 -3.06560223314785052e-01 +8.22619702055250479e-01 +0.00000000000000000e+00 +0.00000000000000000e+00 +0.00000000000000000e+00 +0.00000000000000000e+00 +0.00000000000000000e+00 +0.00000000000000000e+00
-5.94212207939544323e-01 -3.04828173937581881e-01 -7.44306144210492904e-01 +0.00000000000000000e+00 +0.00000000000000000e+00 +0.00000000000000000e+00 +0.00000000000000000e+00 +0.00000000000000000e+00 +0.00000000000000000e+00
+7.22889008392992527e-01 +6.82927475567467024e-01 +1.05078754558868059e-01 +0.00000000000000000e+00 +0.00000000000000000e+00 +0.00000000000000000e+00 +0.00000000000000000e+00 +0.00000000000000000e+00 +0.00000000000000000e+00
+6.57175010455728237e-01 -7.24961890437516021e-01 +2.06279574960238660e-01 +0.00000000000000000e+00 +0.00000000000000000e+00 +0.00000000000000000e+00 +0.00000000000000000e+00 +0.00000000000000000e+00 +0.00000000000000000e+00
+7.66999889344196495e-01 +7.82374076722451156e-02 +6.36859543217119017e-01 +0.00000000000000000e+00 +0.00000000000000000e+00 +0.00000000000000000e+00 +0.00000000000000000e+00 +0.00000000000000000e+00 +0.00000000000000000e+00
-4.85551619501112752e-01 -8.64299035396856596e-01 -1.31250913185051804e-01 +0.00000000000000000e+00 +0.00000000000000000e+00 +0.00000000000000000e+00 +0.00000000000000000e+00 +0.00000000000000000e+00 +0.00000000000000000e+00
-1.53722694041205366e-01 +8.73200009538598332e-01 -4.62483596118290041e-01 +0.00000000000000000e+00 +0.00000000000000000e+00 +0.00000000000000000e+00 +0.00000000000000000e+00 +0.00000000000000000e+00 +0.00000000000000000e+00
-9.62232949127623916e-01 +1.85750940831801020e-01 +1.99008390760933268e-01 +0.00000000000000000e+00 +0.00000000000000000e+00 +0.00000000000000000e+00 +0.00000000000000000e+00 +0.00000000000000000e+00 +0.00000000000000000e+00
-2.21190987957169655e-01 -2.16741717285332425e-01 -9.50840457087694824e-01 +0.00000000000000000e+00 +0.00000000000000000e+00 +0.00000000000000000e+00 +0.00000000000000000e+00 +0.00000000000000000e+00 +0.00000000000000000e+00
+4.75685242009130205e-01 -8.79223413040662871e-01 +2.62629110313998722e-02 +0.00000000000000000e+00 +0.00000000000000000e+00 +0.00000000000000000e+00 +0.00000000000000000e+00 +0.00000000000000000e+00 +0.00000000000000000e+00
+4.48449914730305321e-01 +4.50575117416682269e-01 +7.71929230916490794e-01 +0.00000000000000000e+00 +0.00000000000000000e+00 +0.00000000000000000e+00 +0.00000000000000000e+00 +0.00000000000000000e+00 +0.00000000000000000e+00
-1.15650024755087497e-01 +9.93262706303355669e-01 +7.36668453793837708e-03 +0.00000000000000000e+00 +0.00000000000000000e+00 +0.00000000000000000e+00 +0.00000000000000000e+00 +0.00000000000000000e+00 +0.00000000000000000e+00
-3.07349042261670702e-01 -9.13321763272239462e-01 -2.67170213448507887e-01 +0.00000000000000000e+00 +0.00000000000000000e+00 +0.00000000000000000e+00 +0.00000000000000000e+00 +0.00000000000000000e+00 +0.00000000000000000e+00
+1.06612936342285386e-01 +3.75589470320070062e-01 +9.20633603334771289e-01 +0.00000000000000000e+00 +0.00000000000000000e+00 +0.00000000000000000e+00 +0.00000000000000000e+00 +0.00000000000000000e+00 +0.00000000000000000e+00
-8.28551991635612661e-02 -7.53829686528591086e-02 +9.93706407350103071e-01 +0.00000000000000000e+00 +0.00000000000000000e+00 +0.00000000000000000e+00 +0.00000000000000000e+00 +0.00000000000000000e+00 +0.00000000000000000e+00
+1.38599012982537906e-01 +9.67214665179835342e-01 +2.12805321976038603e-01 +0.00000000000000000e+00 +0.00000000000000000e+00 +0.00000000000000000e+00 +0.00000000000000000e+00 +0.00000000000000000e+00 +0.00000000000000000e+00
+1.53654590192733691e-02 +8.44497060974475744e-01 -5.35339720807824659e-01 +0.00000000000000000e+00 +0.00000000000000000e+00 +0.00000000000000000e+00 +0.00000000000000000e+00 +0.00000000000000000e+00 +0.00000000000000000e+00
-3.16248964262097365e-01 +9.48461706451459774e-01 +2.01738444114123727e-02 +0.00000000000000000e+00 +0.00000000000000000e+00 +0.00000000000000000e+00 +0.00000000000000000e+00 +0.00000000000000000e+00 +0.00000000000000000e+00
-4.64886173671275049e-02 +3.47806484838756758e-01 +9.36413080621688265e-01 +0.00000000000000000e+00 +0.00000000000000000e+00 +0.00000000000000000e+00 +0.00000000000000000e+00 +0.00000000000000000e+00 +0.00000000000000000e+00
-5.36670653338246262e-01 -7.83523851685513195e-01 +3.13169257248213428e-01 +0.00000000000000000e+00 +0.00000000000000000e+00 +0.00000000000000000e+00 +0.00000000000000000e+00 +0.00000000000000000e+00 +0.00000000000000000e+00
+5.34619421179968080e-01 +5.56871935771546811e-01 +6.35669506620575864e-01 +0.00000000000000000e+00 +0.00000000000000000e+00 +0.00000000000000000e+00 +0.00000000000000000e+00 +0.00000000000000000e+00 +0.00000000000000000e+00
+6.06630553540778661e-01 +7.44018894753414095e-01 +2.80062949639392100e-01 +0.00000000000000000e+00 +0.00000000000000000e+00 +0.00000000000000000e+00 +0.00000000000000000e+00 +0.00000000000000000e+00 +0.00000000000000000e+00
-9.26403972280060994e-01 +3.02137474582148569e-01 -2.24696743627596257e-01 +0.00000000000000000e+00 +0.00000000000000000e+00 +0.00000000000000000e+00 +0.00000000000000000e+00 +0.00000000000000000e+00 +0.00000000000000000e+00
+7.64666383064286470e-01 +1.50828947044433476e-01 -6.26526895946893592e-01 +0.00000000000000000e+00 +0.00000000000000000e+00 +0.00000000000000000e+00 +0.00000000000000000e+00 +0.00000000000000000e+00 +0.00000000000000000e+00
-8.85871932255657968e-01 +3.21028994149117952e-01 +3.34919847959527173e-01 +0.00000000000000000e+00 +0.00000000000000000e+00 +0.00000000000000000e+00 +0.00000000000000000e+00 +0.00000000000000000e+00 +0.00000000000000000e+00
+2.47387163432023105e-01 +8.51021078264703967e-01 -4.63209149001008069e-01 +0.00000000000000000e+00 +0.00000000000000000e+00 +0.00000000000000000e+00 +0.00000000000000000e+00 +0.00000000000000000e+00 +0.00000000000000000e+00
+1.53927820151410072e-01 -9.77432269451618096e-01 -1.44680284828634181e-01 +0.00000000000000000e+00 +0.00000000000000000e+00 +0.00000000000000000e+00 +0.00000000000000000e+00 +0.00000000000000000e+00 +0.00000000000000000e+00
-6.94663301490526019e-01 +2.41933170633068129e-01 +6.77429877190040552e-01 +0.00000000000000000e+00 +0.00000000000000000e+00 +0.00000000000000000e+00 +0.00000000000000000e+00 +0.00000000000000000e+00 +0.00000000000000000e+00
+7.40054204976606123e-01 -4.87018988414134768e-01 +4.63823542546641654e-01 +0.00000000000000000e+00 +0.00000000000000000e+00 +0.00000000000000000e+00 +0.00000000000000000e+00 +0.00000000000000000e+00 +0.00000000000000000e+00
+3.37202760802685797e-01 +7.28419050769645526e-01 -5.96405889124927424e-01 +0.00000000000000000e+00 +0.00000000000000000e+00 +0.00000000000000000e+00 +0.00000000000000000e+00 +0.00000000000000000e+00 +0.00000000000000000e+00
-2.57000504605574942e-01 -7.17491906352596853e-01 +6.47422663297321010e-01 +0.00000000000000000e+00 +0.00000000000000000e+00 +0.00000000000000000e+00 +0.00000000000000000e+00 +0.00000000000000000e+00 +0.00000000000000000e+00
+5.14900393147470159e-01 -7.90261102322453834e-01 -3.32212244344908425e-01 +0.00000000000000000e+00 +0.00000000000000000e+00 +0.00000000000000000e+00 +0.00000000000000000e+00 +0.00000000000000000e+00 +0.00000000000000000e+00
-8.48276209842187212e-01 -4.94128969109674077e-01 +1.90431178388373284e-01 +0.00000000000000000e+00 +0.00000000000000000e+00 +0.00000000000000000e+00 +0.00000000000000000e+00 +0.00000000000000000e+00 +0.00000000000000000e+00
+7.73416353741814139e-02 -1.90126588046537925e-01 +9.78708410076989832e-01 +0.00000000000000000e+00 +0.00000000000000000e+00 +0.00000000000000000e+00 +0.00000000000000000e+00 +0.00000000000000000e+00 +0.00000000000000000e+00
-9.82239732075936844e-01 +1.74941858779367604e-01 +6.78266524178504498e-02 +0.00000000000000000e+00 +0.00000000000000000e+00 +0.00000000000000000e+00 +0.00000000000000000e+00 +0.00000000000000000e+00 +0.00000000000000000e+00
+4.93931956850349962e-01 +8.38101274801115403e-01 -2.31554475618004851e-01 +0.00000000000000000e+00 +0.00000000000000000e+00 +0.00000000000000000e+00 +0.00000000000000000e+00 +0.00000000000000000e+00 +0.00000000000000000e+00
-5.33707732829642456e-01 +8.09380683780238308e-01 +2.45069305791804387e-01 +0.00000000000000000e+00 +0.00000000000000000e+00 +0.00000000000000000e+00 +0.00000000000000000e+00 +0.00000000000000000e+00 +0.00000000000000000e+00
+5.78196218223121283e-01 -8.02991035086122018e-01 +1.44549406099780592e-01 +0.00000000000000000e+00 +0.00000000000000000e+00 +0.00000000000000000e+00 +0.00000000000000000e+00 +0.00000000000000000e+00 +0.00000000000000000e+00
+9.35636741612847600e-01 -3.04767736036467507e-01 -1.78046383887175641e-01 +0.00000000000000000e+00 +0.00000000000000000e+00 +0.00000000000000000e+00 +0.00000000000000000e+00 +0.00000000000000000e+00 +0.00000000000000000e+00
-5.91407110541238845e-02 +6.23174735901557142e-01 +7.79843333516442527e-01 +0.00000000000000000e+00 +0.00000000000000000e+00 +0.00000000000000000e+00 +0.00000000000000000e+00 +0.00000000000000000e+00 +0.00000000000000000e+00
+9.72578254948419513e-02 +2.14018830967135698e-01 +9.71975748345335733e-01 +0.00000000000000000e+00 +0.00000000000000000e+00 +0.00000000000000000e+00 +0.00000000000000000e+00 +0.00000000000000000e+00 +0.00000000000000000e+00
+3.52414089484101856e-01 +9.35776501094960689e-01 -1.12538674047888265e-02 +0.00000000000000000e+00 +0.00000000000000000e+00 +0.00000000000000000e+00 +0.00000000000000000e+00 +0.00000000000000000e+00 +0.00000000000000000e+00
+4.82153488987224155e-01 -6.52621526251358275e-01 -5.84476822920117711e-01 +0.00000000000000000e+00 +0.00000000000000000e+00 +0.00000000000000000e+00 +0.00000000000000000e+00 +0.00000000000000000e+00 +0.00000000000000000e+00
+6.62568469941688165e-01 -2.43212919029618668e-01 +7.08414072881265233e-01 +0.00000000000000000e+00 +0.00000000000000000e+00 +0.00000000000000000e+00 +0.00000000000000000e+00 +0.00000000000000000e+00 +0.00000000000000000e+00
-2.70434127088907794e-01 +8.29095598540257717e-01 -4.89352502176940263e-01 +0.00000000000000000e+00 +0.00000000000000000e+00 +0.00000000000000000e+00 +0.00000000000000000e+00 +0.00000000000000000e+00 +0.00000000000000000e+00
-2.31903095340815435e-01 -7.25430066313501265e-01 -6.48052600688970304e-01 +0.00000000000000000e+00 +0.00000000000000000e+00 +0.00000000000000000e+00 +0.00000000000000000e+00 +0.00000000000000000e+00 +0.00000000000000000e+00
+3.57626652927871935e-01 -5.89656353642497910e-01 +7.24160591115424523e-01 +0.00000000000000000e+00 +0.00000000000000000e+00 +0.00000000000000000e+00 +0.00000000000000000e+00 +0.00000000000000000e+00 +0.00000000000000000e+00
+7.31181915528359982e-02 -8.01322247334247950e-01 -5.93747746093602702e-01 +0.00000000000000000e+00 +0.00000000000000000e+00 +0.00000000000000000e+00 +0.00000000000000000e+00 +0.00000000000000000e+00 +0.00000000000000000e+00
-9.55262911122483627e-01 -4.49007697316950172e-02 +2.92329765010851172e-01 +0.00000000000000000e+00 +0.00000000000000000e+00 +0.00000000000000000e+00 +0.00000000000000000e+00 +0.00000000000000000e+00 +0.00000000000000000e+00
+2.30318034511552763e-02 -9.89960825253605514e-01 +1.39452861186092514e-01 +0.00000000000000000e+00 +0.00000000000000000e+00 +0.00000000000000000e+00 +0.00000000000000000e+00 +0.00000000000000000e+00 +0.00000000000000000e+00
+4.74498356353239004e-01 +3.71980970169997094e-01 -7.97797886465903328e-01 +0.00000000000000000e+00 +0.00000000000000000e+00 +0.00000000000000000e+00 +0.00000000000000000e+00 +0.00000000000000000e+00 +0.00000000000000000e+00
-7.35972560806717246e-01 -5.87673697479873414e-01 -3.36130949229518805e-01 +0.00000000000000000e+00 +0.00000000000000000e+00 +0.00000000000000000e+00 +0.00000000000000000e+00 +0.00000000000000000e+00 +0.00000000000000000e+00
+2.40306287090273990e-01 -3.46070493437874938e-01 -9.06911297733440258e-01 +0.00000000000000000e+00 +0.00000000000000000e+00 +0.00000000000000000e+00 +0.00000000000000000e+00 +0.00000000000000000e+00 +0.00000000000000000e+00
+9.02411571579977534e-01 -2.50949337109395432e-01 +3.50253887462951885e-01 +0.00000000000000000e+00 +0.00000000000000000e+00 +0.00000000000000000e+00 +0.00000000000000000e+00 +0.00000000000000000e+00 +0.00000000000000000e+00
-9.29123707306290930e-02 -7.87742153980768522e-01 +6.08957790168541679e-01 +0.00000000000000000e+00 +0.00000000000000000e+00 +0.00000000000000000e+00 +0.00000000000000000e+00 +0.00000000000000000e+00 +0.00000000000000000e+00
-4.02560759649963296e-01 -6.53977200196641850e-01 -6.40514368623379182e-01 +0.00000000000000000e+00 +0.00000000000000000e+00 +0.00000000000000000e+00 +0.00000000000000000e+00 +0.00000000000000000e+00 +0.00000000000000000e+00
-2.93432144522315197e-01 -7.96186901646445011e-01 -5.29135137944617528e-01 +0.00000000000000000e+00 +0.00000000000000000e+00 +0.00000000000000000e+00 +0.00000000000000000e+00 +0.00000000000000000e+00 +0.00000000000000000e+00
+6.50836389174838104e-01 +7.55825487520740746e-01 -7.16925863663272905e-02 +0.00000000000000000e+00 +0.00000000000000000e+00 +0.00000000000000000e+00 +0.00000000000000000e+00 +0.00000000000000000e+00 +0.00000000000000000e+00
-7.96318329148834159e-01 +7.81427911945806880e-02 +5.99808988633822815e-01 +0.00000000000000000e+00 +0.00000000000000000e+00 +0.00000000000000000e+00 +0.00000000000000000e+00 +0.00000000000000000e+00 +0.00000000000000000e+00
-2.88948949092981744e-01 -4.30632588184816367e-01 +8.55022852800618405e-01 +0.00000000000000000e+00 +0.00000000000000000e+00 +0.00000000000000000e+00 +0.00000000000000000e+00 +0.00000000000000000e+00 +0.00000000000000000e+00
+1.86421857018545994e-01 -5.49998315714559594e-01 -8.14093817650585416e-01 +0.00000000000000000e+00 +0.00000000000000000e+00 +0.00000000000000000e+00 +0.00000000000000000e+00 +0.00000000000000000e+00 +0.00000000000000000e+00
-7.63301601082605696e-01 -2.12376864800992521e-01 -6.10136651154502885e-01 +0.00000000000000000e+00 +0.00000000000000000e+00 +0.00000000000000000e+00 +0.00000000000000000e+00 +0.00000000000000000e+00 +0.00000000000000000e+00
-1.64043177327439955e-02 +9.95922304028637462e-01 -8.87111193594898734e-02 +0.00000000000000000e+00 +0.00000000000000000e+00 +0.00000000000000000e+00 +0.00000000000000000e+00 +0.00000000000000000e+00 +0.00000000000000000e+00
+6.38511917053410039e-01 -6.17079800851139781e-01 -4.59907655037722907e-01 +0.00000000000000000e+00 +0.00000000000000000e+00 +0.00000000000000000e+00 +0.00000000000000000e+00 +0.00000000000000000e+00 +0.00000000000000000e+00
-2.99814628919917725e-01 +1.47393653431741045e-01 +9.42542465469676349e-01 +0.00000000000000000e+00 +0.00000000000000000e+00 +0.00000000000000000e+00 +0.00000000000000000e+00 +0.00000000000000000e+00 +0.00000000000000000e+00
-1.24958815638608223e-01 +7.84111897866051177e-01 -6.07909389645443388e-01 +0.00000000000000000e+00 +0.00000000000000000e+00 +0.00000000000000000e+00 +0.00000000000000000e+00 +0.00000000000000000e+00 +0.00000000000000000e+00
-1.22096954811457478e-01 -8.19827021134222345e-01 -5.59442569924702982e-01 +0.00000000000000000e+00 +0.00000000000000000e+00 +0.00000000000000000e+00 +0.00000000000000000e+00 +0.00000000000000000e+00 +0.00000000000000000e+00
+9.95324576350474888e-01 +7.81403516343161519e-02 +5.67721160360710950e-02 +0.00000000000000000e+00 +0.00000000000000000e+00 +0.00000000000000000e+00 +0.00000000000000000e+00 +0.00000000000000000e+00 +0.00000000000000000e+00
+1.05080898121448274e-01 +7.32783646650483789e-01 +6.72299138815162345e-01 +0.00000000000000000e+00 +0.00000000000000000e+00 +0.00000000000000000e+00 +0.00000000000000000e+00 +0.00000000000000000e+00 +0.00000000000000000e+00
-2.19404159594699055e-01 -8.12017508133567989e-01 +5.40822874180719837e-01 +0.00000000000000000e+00 +0.00000000000000000e+00 +0.00000000000000000e+00 +0.00000000000000000e+00 +0.00000000000000000e+00 +0.00000000000000000e+00
+6.33474496292046885e-01 +5.87016245109929335e-01 +5.04105138363592720e-01 +0.00000000000000000e+00 +0.00000000000000000e+00 +0.00000000000000000e+00 +0.00000000000000000e+00 +0.00000000000000000e+00 +0.00000000000000000e+00
-1.14572049367678869e-01 -9.92960379542360494e-01 +3.00487963616104109e-02 +0.00000000000000000e+00 +0.00000000000000000e+00 +0.00000000000000000e+00 +0.00000000000000000e+00 +0.00000000000000000e+00 +0.00000000000000000e+00
+1.53593703371461936e-02 -8.59701710428122490e-01 +5.10565430507987972e-01 +0.00000000000000000e+00 +0.00000000000000000e+00 +0.00000000000000000e+00 +0.00000000000000000e+00 +0.00000000000000000e+00 +0.00000000000000000e+00
+9.15509897402222994e-02 -6.48095265912204455e-01 -7.56036336811779730e-01 +0.00000000000000000e+00 +0.00000000000000000e+00 +0.00000000000000000e+00 +0.00000000000000000e+00 +0.00000000000000000e+00 +0.00000000000000000e+00
-9.54027541143866120e-01 +2.62805238099609144e-02 -2.98564540438517378e-01 +0.00000000000000000e+00 +0.00000000000000000e+00 +0.00000000000000000e+00 +0.00000000000000000e+00 +0.00000000000000000e+00 +0.00000000000000000e+00
+5.01000921682320244e-01 +8.00188066737789860e-01 +3.29692484481984904e-01 +0.00000000000000000e+00 +0.00000000000000000e+00 +0.00000000000000000e+00 +0.00000000000000000e+00 +0.00000000000000000e+00 +0.00000000000000000e+00
+9.98161299701301186e-02 -4.85774942896925604e-02 +9.93819383613703256e-01 +0.00000000000000000e+00 +0.00000000000000000e+00 +0.00000000000000000e+00 +0.00000000000000000e+00 +0.00000000000000000e+00 +0.00000000000000000e+00
+6.86905156233601932e-01 -5.06202972394194317e-01 -5.21459353237597401e-01 +0.00000000000000000e+00 +0.00000000000000000e+00 +0.00000000000000000e+00 +0.00000000000000000e+00 +0.00000000000000000e+00 +0.00000000000000000e+00
-9.37852753117827120e-01 +3.45785548065464243e-01 +2.94035409156561366e-02 +0.00000000000000000e+00 +0.00000000000000000e+00 +0.00000000000000000e+00 +0.00000000000000000e+00 +0.00000000000000000e+00 +0.00000000000000000e+00
-1.56121079642230348e-01 +2.14341742934922835e-01 -9.64201133439991365e-01 +0.00000000000000000e+00 +0.00000000000000000e+00 +0.00000000000000000e+00 +0.00000000000000000e+00 +0.00000000000000000e+00 +0.00000000000000000e+00
+9.08387047965334649e-01 -4.13966600689826658e-01 -5.88610618502118862e-02 +0.00000000000000000e+00 +0.00000000000000000e+00 +0.00000000000000000e+00 +0.00000000000000000e+00 +0.00000000000000000e+00 +0.00000000000000000e+00
+7.84087637322508219e-02 +7.90572718782838524e-01 -6.07327623351919588e-01 +0.00000000000000000e+00 +0.00000000000000000e+00 +0.00000000000000000e+00 +0.00000000000000000e+00 +0.00000000000000000e+00 +0.00000000000000000e+00
+2.22530985048828039e-01 +9.16138771743438940e-01 +3.33421222482345181e-01 +0.00000000000000000e+00 +0.00000000000000000e+00 +0.00000000000000000e+00 +0.00000000000000000e+00 +0.00000000000000000e+00 +0.00000000000000000e+00
-4.07976376876799163e-01 -7.90762348357901490e-01 +4.56344370327910309e-01 +0.00000000000000000e+00 +0.00000000000000000e+00 +0.00000000000000000e+00 +0.00000000000000000e+00 +0.00000000000000000e+00 +0.00000000000000000e+00
+1.58897880438823941e-01 -1.03874150906454341e-01 -9.81815473684089279e-01 +0.00000000000000000e+00 +0.00000000000000000e+00 +0.00000000000000000e+00 +0.00000000000000000e+00 +0.00000000000000000e+00 +0.00000000000000000e+00
+8.16364812195468081e-01 +2.60451789639939313e-01 -5.15473916587843584e-01 +0.00000000000000000e+00 +0.00000000000000000e+00 +0.00000000000000000e+00 +0.00000000000000000e+00 +0.00000000000000000e+00 +0.00000000000000000e+00
-5.25479709523566374e-01 +6.42430889365909197e-01 +5.57811462115610834e-01 +0.00000000000000000e+00 +0.00000000000000000e+00 +0.00000000000000000e+00 +0.00000000000000000e+00 +0.00000000000000000e+00 +0.00000000000000000e+00
+6.16246715092719111e-01 -7.67069427826672312e-01 -1.78450214432750137e-01 +0.00000000000000000e+00 +0.00000000000000000e+00 +0.00000000000000000e+00 +0.00000000000000000e+00 +0.00000000000000000e+00 +0.00000000000000000e+00
+9.20185266316809525e-01 +3.89254168282495761e-01 -4.17165210458040267e-02 +0.00000000000000000e+00 +0.00000000000000000e+00 +0.00000000000000000e+00 +0.00000000000000000e+00 +0.00000000000000000e+00 +0.00000000000000000e+00
-6.54596190974851333e-01 -4.52454216376745710e-01 +6.05631083122490477e-01 +0.00000000000000000e+00 +0.00000000000000000e+00 +0.00000000000000000e+00 +0.00000000000000000e+00 +0.00000000000000000e+00 +0.00000000000000000e+00
-6.21197177219028229e-01 -1.39611025630985930e-01 +7.71117908323607493e-01 +0.00000000000000000e+00 +0.00000000000000000e+00 +0.00000000000000000e+00 +0.00000000000000000e+00 +0.00000000000000000e+00 +0.00000000000000000e+00
-6.44282671575523436e-01 +7.29534130113418944e-01 -2.29520787963015560e-01 +0.00000000000000000e+00 +0.00000000000000000e+00 +0.00000000000000000e+00 +0.00000000000000000e+00 +0.00000000000000000e+00 +0.00000000000000000e+00
+7.69761609948577008e-01 -4.86231557655906033e-01 -4.13577001523158017e-01 +0.00000000000000000e+00 +0.00000000000000000e+00 +0.00000000000000000e+00 +0.00000000000000000e+00 +0.00000000000000000e+00 +0.00000000000000000e+00
-7.81184379589177746e-01 -6.17881872989166303e-01 +8.92914112178282843e-02 +0.00000000000000000e+00 +0.00000000000000000e+00 +0.00000000000000000e+00 +0.00000000000000000e+00 +0.00000000000000000e+00 +0.00000000000000000e+00
+9.57417221660229134e-01 +1.90923847053667384e-01 -2.16564882413182391e-01 +0.00000000000000000e+00 +0.00000000000000000e+00 +0.00000000000000000e+00 +0.00000000000000000e+00 +0.00000000000000000e+00 +0.00000000000000000e+00
+2.63372135101568927e-01 -8.01881565220862735e-01 -5.36303154765082946e-01 +0.00000000000000000e+00 +0.00000000000000000e+00 +0.00000000000000000e+00 +0.00000000000000000e+00 +0.00000000000000000e+00 +0.00000000000000000e+00
-7.89444110521705711e-01 -5.37253228673231886e-01 +2.96878703585792769e-01 +0.00000000000000000e+00 +0.00000000000000000e+00 +0.00000000000000000e+00 +0.00000000000000000e+00 +0.00000000000000000e+00 +0.00000000000000000e+00
-5.16541334269989050e-01 -5.83034515737875125e-01 -6.27101111025073155e-01 +0.00000000000000000e+00 +0.00000000000000000e+00 +0.00000000000000000e+00 +0.00000000000000000e+00 +0.00000000000000000e+00 +0.00000000000000000e+00
