# LOG-energy minimizing points, hierarchical order
# DIM = 9   (sphere S^8)
# components: H11, H22, H12, G1_11, G1_22, G1_12, G2_11, G2_22, G2_12
# the first N rows are themselves an optimized N-point set
+5.72245728820545696e-01 -1.92916345731379196e-01 -1.25580798095818208e-01 -4.43331170730187241e-01 -2.71724749117376430e-01 -1.94577047958669619e-01 +5.34194488340966944e-01 -9.46217548967859950e-02 +1.30358930864310052e-01
+3.89401785162701644e-02 +5.20049381283080203e-01 -4.23251239225720610e-01 -2.17512016523035312e-01 -4.78738434339595065e-01 +3.07203217685440177e-01 -2.09761065596719642e-01 -1.46996275981882751e-01 -3.35271978285023475e-01
+2.04382737206049520e-01 +4.37983427120877233e-01 -1.57404874181000604e-01 +4.80552506113600897e-01 +3.42426971184904450e-01 +1.79164692001892195e-01 +5.83503410425181057e-01 +6.57069970568121137e-02 -1.28613186946649333e-01
-2.04382728047914741e-01 -4.37983424529773624e-01 +1.57404862444459698e-01 -4.80552514754346738e-01 -3.42426984449264338e-01 -1.79164689331640536e-01 -5.83503405429226962e-01 -6.57069986264219169e-02 +1.28613182670599929e-01
-4.13394660235569367e-01 +4.30256367626411007e-01 +2.86453052966206712e-01 +2.57395923793125536e-01 -1.58557782293095140e-01 -4.45659842625310887e-01 -1.74510163743479912e-01 +4.56404859665600349e-01 -1.82109420503152736e-01
+1.89729548768627881e-01 +2.41712473340742556e-01 +7.26755909741853334e-01 -6.50070315943202248e-02 +2.97214205429696850e-02 +1.71043523230122903e-02 -1.42640685798325392e-02 -5.54827248142884977e-01 -2.52913130170028033e-01
+3.37013470058923126e-01 +1.26463495972250692e-02 +3.93876338516710278e-01 +5.84741578976861534e-02 -2.53403416072056908e-01 +5.63779718596782664e-01 -1.02023979253692984e-01 +5.29799642901926937e-01 +2.33552515113222142e-01
-1.58851064271021775e-01 -2.37340112340309550e-01 -1.60872195530000789e-01 +1.85935276600267041e-01 +4.30282597111140030e-01 +6.40236839697782223e-01 -3.59684280997826622e-01 -3.61783078241668610e-01 +5.17505371309343667e-02
-4.47733468574043336e-01 +7.32986556633801467e-02 +1.40417182196952067e-01 -6.38440974597218713e-01 +2.90539318589054740e-01 +2.80685440474951253e-01 +3.43651001160889202e-01 +2.33330722839709320e-01 -1.76356276143568524e-01
-8.16177475081942827e-02 +1.85428097611700676e-01 +1.94428329176382059e-01 -5.19311329121754997e-02 +3.55532543286392000e-01 -2.12450537281366203e-01 +3.85075185029529476e-02 -6.72314001624653018e-02 +8.60763751490523976e-01
+5.02452255987214436e-01 +1.53010897509966076e-01 -1.00933527235601617e-01 -2.71724022811512644e-01 +5.44646270599418725e-01 -2.02649297235949516e-01 -4.29125060495158694e-01 +2.69456870892649414e-01 -2.13649838846536683e-01
+4.26775527855408898e-02 -7.05477458871857976e-01 +2.28822899964116616e-01 +2.69443158336330202e-01 +1.23205880845223562e-01 -9.47526719206074897e-02 +1.71253528569715679e-01 +2.14227682296226019e-01 -5.25491786395530402e-01
-3.37013550190951305e-01 -1.26463466588045432e-02 -3.93876305638415414e-01 -5.84740865051266573e-02 +2.53403470430628108e-01 -5.63779707606559932e-01 +1.02023916797871400e-01 -5.29799619602135063e-01 -2.33552520652915901e-01
-5.02452204835636906e-01 -1.53010874588547285e-01 +1.00933470808524300e-01 +2.71723967879166917e-01 -5.44646321904497355e-01 +2.02649325529248914e-01 +4.29125080109835078e-01 -2.69456903622764643e-01 +2.13649833777618564e-01
+4.47733507246300677e-01 -7.32986176305833181e-02 -1.40417223776124533e-01 +6.38440925986416774e-01 -2.90539378244089930e-01 -2.80685438124408826e-01 -3.43650979866509498e-01 -2.33330734508257420e-01 +1.76356268162082108e-01
-1.89729559232210659e-01 -2.41712476422189154e-01 -7.26755902267397391e-01 +6.50070437190288231e-02 -2.97214123626704241e-02 -1.71043528987352977e-02 +1.42640619340987963e-02 +5.54827252694343964e-01 +2.52913129049655738e-01
-1.71021281952918436e-01 +7.43518018899763933e-02 -5.56851442235463345e-01 -1.03303444961381594e-01 -3.95784499041795079e-01 -1.17820072763640052e-01 -1.20923357733652898e-01 -3.83309545930849871e-01 +5.58921098670644212e-01
+3.41102880172387102e-01 -4.85138117446103856e-01 -2.24662445007689726e-01 -1.23551421314932228e-01 -9.32802574316132921e-02 -3.38055930654887898e-02 -3.17510218387212106e-01 -5.28850181184409962e-01 -4.38420331149324882e-01
-4.89233661491364838e-02 -2.71525688976551216e-01 +4.18863486520495779e-02 -1.44148020091647650e-01 +2.92483920245695583e-01 +2.89754573659675441e-01 +6.65895792834597877e-01 -5.32429318387848682e-01 +7.03167406664042122e-02
-9.53466703843005164e-02 +6.25145630146125675e-01 -2.14198281445065856e-02 -1.44132822967722535e-01 -2.49575503558850942e-01 +2.80279460899674551e-02 +4.50892066386568591e-01 +4.20043082465261397e-01 +3.68857058310535557e-01
-4.15724089138062747e-01 -2.27842199259434386e-01 -5.72810163251196922e-02 +7.56413935381706537e-01 +3.24060765859910171e-01 -2.10002002259223997e-01 +1.23506632259022073e-01 +5.98708756189480010e-02 +1.78503855964329022e-01
+5.73582002956415371e-02 +7.63041103330249659e-01 -6.23860564675234042e-02 +1.92726332711113280e-01 +3.59044562123709388e-01 -3.75635339699446832e-02 -3.16264204169587060e-01 -3.54488532066003004e-01 +1.32036620849321135e-01
+1.66273877966593153e-01 +1.09551066785628856e-01 +2.19599907427343699e-01 +5.12306449257272645e-01 -3.77423724672257155e-01 +4.98160764315125459e-01 +6.20494375746511034e-02 -5.42535980593631534e-02 -5.02258044559926842e-01
+1.99433714303762999e-01 -3.25377383206080117e-01 +7.86823094327474104e-01 +1.87877517875155164e-01 -1.19790705107481674e-01 -2.41291044367272417e-01 +5.55083840442889762e-02 +3.97291861067520652e-02 +3.50337606541273938e-01
-1.15629545705603964e-01 -3.40228334509987795e-01 +1.45070333426559256e-01 -3.73437170177386202e-01 +5.29123874010322570e-01 -5.46284458879776169e-01 +9.44325883418336981e-02 +3.31990432314631823e-01 +1.13312937898691374e-01
+2.77257830682205830e-01 +1.88711738541963492e-01 +1.36034671836499060e-01 -7.34667355838868996e-01 +1.84604993239970011e-02 +4.48871423158492766e-01 -2.11724397199322678e-01 -1.42347035361019780e-01 +2.49716190856375558e-01
-1.36229177382847733e-01 -2.99562260651804135e-01 -7.84882791822133913e-02 -2.36328557415422830e-01 -7.21115733525430902e-01 -1.17681281131533325e-01 +1.82248381757139005e-01 +4.07634904946879761e-01 -3.10572041164214829e-01
-1.35919548468319412e-01 -6.16738587209353893e-03 -1.46469852109223329e-02 +2.23715135721517827e-01 +4.62376198742500549e-02 +1.60914988159445799e-01 -8.17216769177896429e-01 +4.77860753526535398e-01 +8.36608933523259324e-02
-8.14429533310249476e-01 +8.89931683812689445e-02 +3.69118946656162461e-01 -6.44120193624423271e-02 +4.19697616287424205e-02 +1.32839280749490279e-01 -2.78141125085252294e-01 -2.36276621368411266e-01 -1.89182936768707399e-01
-1.32018069684946032e-01 +9.12126928231838802e-02 -4.71096332934735185e-01 -6.04867526339564823e-02 +2.97510399654971891e-01 +1.78751827677204739e-01 +7.77652925955323315e-02 +2.84107890800858132e-01 -7.35820415350963652e-01
+3.86312262675816864e-01 +3.61135141228741074e-01 +7.81169222088684279e-02 -1.92540213672796161e-02 -2.17207827397413927e-01 -7.39606292725657255e-01 +1.79592125524650453e-01 +1.09066550051328884e-02 -2.95469591338655302e-01
+6.27512054682862419e-01 -3.64874123945063578e-01 -3.16251687387164027e-01 +1.55985471297100692e-01 +2.77764898117695946e-01 +3.27322727787329404e-01 +1.34263006860051992e-01 +1.61977661594700950e-01 +3.46687284527058437e-01
-2.62156237948929671e-01 -1.15599015370221631e-01 -4.40521155906540118e-01 -5.85925269208442345e-01 +3.86929807670309323e-01 +1.54091999738651619e-01 -2.13875681828956637e-01 -3.60403146685044862e-01 +1.77345450424185952e-01
+2.99266719936172598e-01 -5.08337846560787732e-01 +2.06777050004541441e-01 +3.96204226773536131e-02 -5.17829745383265094e-01 +4.12613867125544598e-01 -1.44075856375156131e-01 -3.43562756592911245e-01 +1.74683912066694147e-01
+3.50967035576344566e-01 +4.14239305796281487e-01 +2.55007560653930073e-03 +1.22456009292312415e-01 -1.96150053396576929e-01 +1.20364414185989296e-01 +3.25277943919437706e-01 -6.31784945525068475e-01 +3.63738321506523188e-01
+4.73890895120439512e-02 +2.23435883620518583e-02 +4.49220573892457786e-01 -2.51309847052199942e-01 -9.86409667528768686e-02 +1.20108010256352898e-01 -4.90095072486069816e-01 +2.23564860581753205e-01 -6.46505122647075603e-01
+5.53843611860316831e-01 +2.01881875748492368e-01 -2.85807802726938620e-01 +7.93855445138194754e-02 -3.45584375860303383e-01 +2.18183477045285450e-02 -1.16640806521706962e-02 +5.94430957347379385e-01 -3.01867490967045904e-01
-1.55060187959063251e-02 -1.19921140948575797e-01 +3.39071193697363049e-01 +4.34965201382416650e-02 +3.35913800406820839e-01 -1.92454186458250187e-01 -6.96078518845625216e-01 -4.01416836958497225e-01 +2.70147709770150068e-01
-2.66118620959393704e-01 +4.52305018308645709e-02 +1.48688328600308867e-01 +5.10761726887928980e-01 -3.54733583410128617e-01 -3.36822484163320390e-01 -1.69460304546814405e-01 -4.99020576808925587e-01 -3.56546895421279986e-01
+3.01726645571646579e-01 -6.38627893801885449e-01 +1.27895531048877353e-01 -4.86631174556710899e-01 +1.81851920190630290e-01 +2.52847395701050137e-01 +1.97828330277036897e-02 +3.54531786553233530e-01 -1.57677528990275595e-01
+5.80274038864563191e-01 +2.37351068183595304e-01 -5.76875735559168532e-02 -1.00654566229009632e-01 +2.75408399914070900e-01 +5.23839838712366390e-01 +2.50801669565210682e-02 -2.82223414646433357e-01 -4.03671002787799715e-01
-8.26337710934414577e-02 -4.76739042347252423e-02 -3.84950653078005245e-01 -2.78601416540896485e-01 -2.60349775723716814e-01 +7.43779567201279468e-01 +3.26076293721580368e-01 +1.24029064935064007e-01 +1.49646568770344074e-01
-7.83970500261607361e-02 +3.40332145105496781e-02 +4.01626990503053879e-02 -6.19278446081827805e-01 -2.89305539836003545e-01 -8.64440972438979827e-02 +2.40930846045870173e-01 -3.93889674745313112e-01 -5.50644877307766012e-01
+5.40944428032112068e-01 -2.36042168441707084e-01 +1.21536929675885863e-01 +1.80864742959934238e-01 +4.95216112723424140e-01 -3.86843583874996677e-01 +1.87699622497643742e-01 -4.11073052662676408e-01 +7.12795930124702493e-02
-5.28453295450753924e-01 -4.25060146821901630e-01 -2.48543458767903430e-01 +2.12988090950005288e-01 -2.34395203051077083e-01 +3.95923813608547892e-01 -2.67618811519779842e-01 +1.29793991888869475e-01 -3.64362624761023546e-01
+1.42031085606885432e-01 +2.57911632530890833e-01 -5.76956743135776384e-01 -2.75654817467446245e-01 +3.74376057677383411e-01 -3.43890093308327871e-01 +4.57833455974552939e-01 +8.67809557722860059e-02 +1.69952529112405215e-01
-7.02568815236767480e-02 -3.63265199665674110e-01 -2.38453844120322472e-01 +8.30014445396632800e-02 -1.21161936844153217e-01 -7.58257431091466483e-01 -3.16909461966701167e-01 +2.55797879742070911e-01 -2.09413897889267592e-01
-1.82794962943276629e-01 +3.61412387236638322e-01 -9.97702075940707783e-02 +4.83796466069682074e-01 -1.79935950340378459e-01 +4.70978843700629535e-01 -2.59866092459007325e-01 +8.44802053194229283e-03 +5.19763600563087458e-01
-1.82729627650545678e-01 +1.51310868815007826e-01 -9.39604764768562084e-02 +8.26750088380363846e-02 +6.86170818885464273e-01 +3.18509606243301213e-01 -5.70361126472826441e-03 +5.54347750806099326e-01 +2.20087378026458863e-01
-3.65573951685249088e-01 +1.10704696006614766e-03 +3.20265017304829258e-01 -3.47634989852564746e-01 -1.98305249373219916e-01 -5.62620587129941674e-01 +3.14864997106479305e-01 -3.34572678090302722e-01 +2.75660937563536823e-01
-2.67679370389837246e-01 +3.40802811914383830e-02 +2.69956745210535920e-01 +1.27260125534666008e-01 +7.19483774867340276e-01 -1.76048947721491683e-01 +1.03851643638283430e-02 -1.52686946164711151e-01 -5.15793772555152463e-01
+1.19777461094170298e-01 +1.43492347972816375e-01 -7.49012399872075574e-01 +3.73027901950318319e-01 +1.63981607023056947e-01 -4.02331758494877678e-02 -4.47287371709080672e-01 -1.22938463762969061e-01 -1.45620673147339674e-01
-2.05385331357793965e-01 -3.66314627628070155e-02 +6.28235840115392019e-01 +1.98478213694624345e-01 +3.06714221770732431e-01 +5.83585989937041583e-01 +2.02109300500037115e-01 -7.74445925408424191e-02 +2.02259916276929574e-01
+1.30950010494482211e-01 -7.71241381649365870e-02 -4.13786760481974492e-02 +4.74757823076154994e-01 -3.01989004795099603e-01 -3.83310338652729676e-01 +4.08731565618299653e-01 +3.84988926988777624e-01 +4.43164343430671015e-01
+3.03205961754171693e-01 +5.27899737613137132e-01 +5.69061356277580477e-01 -3.51876127849566622e-01 +2.52109395456749652e-01 -9.89818696337066428e-02 +1.66191010931915184e-01 +2.82436428061669742e-01 +3.15282321303693228e-02
-3.43353675945286707e-01 +4.78373248094903780e-01 -2.72338994892573794e-01 -5.12520263775228524e-01 -3.56116544330594351e-02 -3.26460684190428563e-01 -3.93243237888423247e-01 +2.32236760223139826e-01 +1.67767851812100893e-03
-8.68747369465697750e-02 -2.43586012205386504e-02 +4.07087787647734289e-01 +6.50346840563884449e-02 -7.99880784744753798e-02 -6.79810028278259593e-02 +7.67547642748636516e-01 +3.07663759060439912e-01 -3.56515889790479046e-01
-6.71850248533913841e-01 +5.57987840682664715e-01 -2.58384135113634561e-01 +1.92016293777565100e-01 +7.79840119976068450e-03 +5.81804492606212142e-02 +3.16763609723781980e-01 -1.19558038819774323e-01 -1.24720110694351335e-01
+3.63700832447017341e-01 +7.44057711156019402e-02 +3.56596700798317234e-01 +6.65992868074139377e-01 +2.93068922459750358e-01 -7.26287785381357215e-02 -1.96402399996738836e-01 +3.73810977255116639e-01 -1.48340473680016655e-01
+2.81033489172439997e-02 +4.34976664577755856e-01 +3.67752525885284509e-01 -7.60243714804515747e-02 -7.33884335340845295e-01 -6.03083257300111170e-02 -3.08698878983949765e-01 -7.78693007022190631e-02 +1.59379860740341273e-01
+5.60235609379723387e-01 -3.34115214083804046e-03 -1.55739601173181474e-01 -2.87351353518220221e-01 -2.04202598896728649e-01 -2.68452174958829559e-01 -3.95258088681932462e-01 +1.95322429517212043e-01 +5.20724682692939256e-01
+1.08451898943461092e-01 -2.74916662858212646e-01 -5.61293494596615927e-01 +3.43389747923872057e-01 -2.73185744001343211e-01 -4.22392290745520690e-02 +5.17218571376238723e-01 -2.06937644904288398e-01 -3.04859419059620218e-01
-5.52518590600023285e-01 -2.65371387053387864e-01 +2.74531797198961758e-01 -1.71915820348754633e-01 -1.61749789810899824e-01 +7.21687502774470691e-02 -3.72580797716013322e-04 +5.51127659575299633e-01 +4.29261363308382216e-01
-2.37685363182339821e-01 -8.19876432275774891e-01 -1.59006693510707814e-01 +4.96575863732041725e-02 +1.21598339082405055e-01 -6.54615672226929735e-02 +7.55156699504006823e-02 -1.94152157399567177e-01 +4.25547000906117190e-01
+2.47555103467340526e-01 -4.03596601133336841e-01 -4.20680633966968809e-01 -4.71135080228244560e-02 +4.34537859621640599e-01 -3.23080124702386395e-01 -4.34009805887281941e-01 -6.27828191425213455e-02 +3.33353061272519846e-01
+4.62064842628283678e-01 +5.18302388717451379e-01 -5.12988758933295097e-01 -1.52783690499339458e-01 +6.33727752596108945e-02 +2.40253953609923715e-01 +2.10053840218044942e-02 +2.01779044764083093e-01 +3.58419185101815641e-01
-1.50246806825715312e-01 +4.52363014115653217e-01 +2.61479788429974769e-01 +3.80021229440124675e-01 +3.51803171564752770e-01 +4.01532164799534685e-01 -3.22397139341741468e-01 +6.27869557488214131e-02 -4.08815505768491072e-01
-5.56346993271100154e-01 -6.23084003222825825e-02 -2.73249189094700917e-01 -8.68356003465221155e-02 -4.59505836117859376e-02 -4.43117590437432429e-01 +5.16822037403681489e-01 +3.48575205293458479e-01 -1.31589506869747158e-01
+2.70289346238981709e-01 -1.24960520518936330e-01 -6.48715379986041119e-01 -5.18350651131971651e-01 -1.38846963874805995e-01 -2.53948276855010036e-01 -6.51157206714820941e-02 +1.40419497919572589e-01 -3.37762633653481581e-01
-4.66481983198681616e-01 -4.77421837097389140e-02 +2.67840830781176154e-01 +3.96769112037224425e-01 +4.80355208234160280e-02 +2.05612505642414900e-01 +2.20041139084745846e-01 +6.47283195922661481e-01 -1.97416443069964559e-01
-4.00471506139941036e-01 +2.74585757034747080e-01 +7.58109354449409880e-03 -2.60874450516894341e-01 -5.40089012662773760e-01 +3.75459193541086478e-01 -2.07970830372229937e-01 +4.62409773593234319e-01 -7.98239956279212237e-02
-8.78472519609629215e-02 +7.08165849321862217e-01 +1.43490209453729870e-02 -3.01831442828635721e-01 +1.67024890871352583e-01 -2.19163883057541392e-01 +1.39625416209267689e-01 +1.76417984603227218e-01 -5.22424340880594085e-01
-1.55793798590140222e-02 +8.57280830161139817e-02 -4.97811354337419243e-01 +5.08749160256326993e-01 +2.70244804767762026e-01 +1.18868232425758724e-01 +2.68749091839723786e-01 -2.49072472114287791e-01 +5.14141074242302376e-01
+2.21604255081748747e-01 -6.56787017564887249e-02 -3.88752941761739856e-01 +2.56277893285646208e-01 -7.96769813512813507e-01 +1.48972556568113285e-01 -6.59980660434225930e-02 +1.13431959260922546e-01 +2.35612269440669625e-01
-1.69384851361320032e-01 +3.43002112229017775e-01 -4.04656976911659472e-01 +6.52550023348080876e-01 -2.97905562359530696e-01 +2.08555622096905854e-02 -2.91501624275767902e-02 +3.81428618767681193e-01 -1.69024611984368134e-01
+5.29526885272401659e-01 +4.64690939532527852e-02 +2.39622421497899474e-01 +3.09993751633158954e-01 +2.19581677774220191e-01 +3.86220524562488288e-01 -3.27638205014627149e-01 -2.80612947680228930e-01 +4.24798827147976288e-01
+6.89890029781253522e-02 -4.41783157235630664e-01 +4.86283669390618234e-01 +9.32849612261743982e-02 +6.35841161793368692e-01 +1.55854095705705298e-01 -2.03726855021182318e-01 +2.55799306416721717e-01 +1.39182863689995245e-01
+1.15513008908370227e-02 +5.52706981668200759e-01 -3.19728815291538349e-01 +2.22637005856059139e-01 -8.75032337729042126e-02 -6.52476859328175118e-01 -6.05963153930477658e-02 -2.44918329021174899e-02 +3.23933908322486808e-01
-2.11732040851879161e-01 +1.29425560808504370e-01 +6.62322021805460820e-02 -1.02763950829072748e-01 -3.71004885465535894e-01 +4.51239442245725042e-01 -4.33421104176423100e-01 -6.24861010798906658e-01 +6.24870966740186315e-02
-7.46693925535493963e-01 -2.56065961726583413e-02 -1.34629481407887136e-01 -6.27724747969255481e-02 +2.32524243332902558e-01 +2.46155029727585906e-01 +2.50784142924231623e-01 -6.23333946816781934e-02 +4.88148586100632498e-01
-5.25852600228090203e-02 +4.04080010462947115e-01 -2.61522299066556108e-01 -1.25997390992726895e-02 -5.80551272170593546e-01 -1.75901258364442120e-01 +6.01469218797548555e-01 -1.49855609304072990e-01 -1.14884777600229762e-01
+5.23732531339184404e-01 +6.20879155215058987e-01 +2.03478363901032105e-01 +1.42250648680410707e-01 -1.94850033260936528e-01 +9.47643504110153717e-02 -4.63941919279414638e-01 +1.16284832317654921e-01 -5.35120019082163181e-02
-4.46246957442915537e-01 -5.70475059338730051e-02 +8.04455843153323025e-02 +2.39406727293483973e-01 -3.41015820209657095e-01 -4.12493751802366082e-01 -3.41731249269018988e-01 +5.65873499014514711e-02 +5.72186072991437644e-01
+3.67308266158869953e-02 -3.09939879518343009e-01 -1.84353209499812737e-01 +5.69671321400423869e-01 -6.88885946211682948e-02 +6.29504198057465159e-01 +3.10064104318228895e-01 +2.09969490823581878e-01 +5.31835263690764795e-02
-5.37872933130775221e-01 +1.71709707885389751e-01 -2.29263451130418822e-01 +1.94105470863215279e-01 +5.67071403392770956e-01 -3.38461108362381968e-01 -3.70556827896691310e-01 +3.32608378332614543e-02 +1.28161131884760249e-01
-6.63315369788199938e-02 +1.06072710813309243e-02 -2.14971154912548978e-01 -7.94666726709978288e-01 -1.55586023803823276e-01 -1.78553915542998237e-01 +1.49776373320839290e-01 +3.12110417031625342e-01 +3.76623715443185680e-01
+4.00632288593734065e-01 +2.53195171977247280e-01 -5.57107402051620383e-03 -4.80944507792031128e-01 -4.81049013083669832e-02 -4.51644473761838749e-01 -2.41016658824190211e-01 -5.02669105480103684e-01 +1.64271866544635436e-01
+3.92934046748448118e-01 +3.89122873014270509e-01 -2.12312463055069428e-01 +3.33246748017553385e-01 +1.11071183359491787e-01 -2.21580774037676620e-01 +8.38920357904934244e-02 -4.86118752009661925e-01 -4.82982490003214249e-01
+1.67560683395236859e-01 -4.24357171127674959e-01 +4.72505524038201563e-01 -5.71524861092343350e-01 +2.01508608218560537e-01 -2.62987558072962230e-02 +4.59936039557751891e-02 -3.55911238867047786e-01 +2.68061012270509269e-01
+8.57919527681387656e-02 -2.96793150911834405e-02 +2.85522057679544583e-01 -2.15381236488796868e-01 -4.08584801296956346e-01 +2.22397167031308463e-01 +2.84634890588113698e-01 -9.45888886499498399e-02 +7.46646394280705228e-01
-1.45375110029093563e-01 -4.57005955669703978e-01 -5.06481521466327078e-01 -6.28389596574469109e-04 +5.60543309354056940e-01 +1.76294887256327443e-01 +3.48373368770790115e-01 +1.55136456053381160e-02 -2.15857224116134450e-01
+7.59834217615633523e-01 -3.03358421619923935e-01 +3.68630389479039200e-01 -2.42232255748266942e-02 -6.78302807036133271e-02 -1.29469576842069417e-01 -3.03527031606216802e-01 +1.45484104594114441e-02 -2.83631570170559899e-01
+2.33398996512418688e-01 -7.00938767403578855e-01 -4.33909410397661927e-02 +2.73379039684945591e-01 -2.97886640318492824e-01 -9.61469200931301532e-02 -1.41253588686144377e-01 +4.93929458974118885e-01 +1.25264967934191229e-01
+1.49232422216191429e-01 +2.34565722359933337e-01 +2.80483145948565160e-02 +1.65257758597060739e-01 +2.30037164392011745e-01 -2.91329215368391903e-01 -1.91774713617749087e-01 +6.99764560105042066e-01 +4.79972897395531839e-01
+5.00307577970408451e-02 -3.49269546935209785e-01 +7.92054946614805522e-02 -9.67411788334829881e-02 +1.48167043267306009e-01 +1.13351740305287621e-01 +7.17765137109527163e-01 +3.73868480894400945e-01 +4.12442502652560050e-01
+3.53331000885318158e-01 -1.46052468746592751e-01 +9.64509428578488731e-02 -3.72454062731526592e-01 +3.60557172330576214e-01 -2.22736884173419608e-01 +4.92484085087977919e-01 -7.43497257058307603e-02 -5.27370284615314544e-01
-2.30012894284618186e-01 -1.34988085881445674e-01 +1.05183906884951106e-01 +3.36998186418438705e-01 +1.32637138655494757e-01 -5.13340695977125144e-02 -6.50633173310930929e-02 -8.34019493422614833e-01 +2.90157380214180582e-01
+7.38022193316340447e-01 +2.03016101095692680e-01 +2.99597534444186686e-01 +2.16667923712617838e-01 +7.52388272875283235e-03 -6.01885261781083883e-02 +4.27694967556145555e-01 +1.51674464279289933e-01 +2.60377873820719863e-01
+4.15196147716186015e-01 -1.09848148667427870e-01 -6.18968774432429147e-01 -1.38676969708238784e-01 -6.72433007842365149e-02 +2.77445075555105058e-01 +9.24981111580361337e-02 -5.63132930961070310e-01 +7.75878054554148822e-02
-4.27986545118969108e-01 -3.45621394961484307e-01 -1.01824689216055392e-01 -3.41255385956200530e-01 +2.83211496999290546e-01 -8.90992029804937719e-02 -4.01141648319174482e-01 +4.67518323500254240e-01 -3.20802802255363284e-01
-2.55072844881145733e-01 +2.56691579707791218e-01 +3.55579138078504386e-01 +1.80946406829547379e-01 +4.63506420719804246e-01 -3.83399744977437229e-01 +5.68169521125559296e-01 -9.77119294962896651e-02 +1.25185297583215560e-01
-8.13876391169722768e-02 +5.68438073005004152e-01 +2.48150446372586764e-01 -7.71946462230188868e-02 -4.80215964101912973e-02 +6.53589076036974581e-01 +4.00954939766032803e-01 -1.02769929029483065e-01 -4.36494655723833058e-02
-6.79612095297669888e-02 +3.37212388417096401e-02 +6.23817408451394356e-02 -5.14977531994447624e-01 +3.98940610131250983e-01 -4.53502202109417329e-02 -4.40045820113212971e-01 -3.90937410597192947e-01 -4.66334832831137691e-01
+1.31042752919775685e-01 -4.05341083472360753e-01 -1.41474957969472265e-01 +6.08934680560671571e-01 +3.48957485812347756e-01 +7.05502592411384188e-02 -3.51628928102899363e-01 -1.97132317972798288e-01 -3.72098205025339135e-01
+2.74519688360738812e-01 +9.27537972446060427e-02 -1.81995349170283871e-02 -2.14285501046648869e-01 +2.21468473480252948e-01 +3.81371539637532397e-01 +2.91220763304056607e-01 +7.12967476942922507e-01 -2.86638243470913268e-01
-3.19105727944482331e-01 +3.30796707932665413e-02 +7.56943286818469896e-01 -2.79635119837464474e-01 -4.17636223564824383e-01 +3.36216756114226106e-02 +1.95653815553550825e-01 +6.57385514356036843e-02 -1.66631104771130883e-01
-1.05099576987012402e-01 -4.02793214782001086e-01 +3.80692904918660202e-01 -2.28202640614043883e-01 +5.43744280456467527e-02 +6.75922871226577460e-01 -2.29324256471673538e-02 -1.33930838800362217e-01 -3.89122731286413559e-01
-3.04527568762890499e-01 -5.75949741921417013e-01 -2.86840142026858202e-01 -4.93229414458561222e-01 -3.36564026226839175e-01 +1.83474756967604513e-01 +2.47989196543905221e-01 -1.93459495324202119e-01 -6.42556157153934132e-02
+1.93034594933724130e-01 -3.06802601543124775e-01 +2.09270191167005709e-01 -2.38924778703489757e-02 -7.12405194674012310e-01 -4.38880507119835839e-01 +1.03318261778033126e-02 -3.34736687691456758e-01 -1.09326519144194501e-01
-3.37644866310693514e-01 +5.12482071054510893e-02 -1.90329070419463231e-01 +1.68667333206994952e-01 +4.81599673403109718e-02 +3.80132517909953116e-01 +2.57484083665128649e-01 -5.70180681786263466e-01 -5.29595661174366739e-01
+2.12795064064437087e-02 +1.81065935950534440e-01 -1.40579114039801889e-01 +5.25286585057170054e-03 -3.08103023819797761e-01 -2.62566558101484826e-01 -8.11634566076106956e-01 -1.80861867025617185e-01 -3.02724090597179751e-01
+1.28289450567085739e-01 -4.29924740048944598e-01 -2.49118937912247346e-01 +7.45651567330296305e-02 -9.67810403254256435e-02 -6.71449098729526850e-01 +3.35770601524798318e-01 -2.29768446099315654e-01 +3.24561903678652064e-01
+5.08457840924798066e-01 +4.16754539141369201e-02 +2.15331411255628297e-01 -2.74218758662127582e-01 -5.07423552925724275e-01 +3.61616696194055787e-01 +3.59801118323300417e-01 -1.80907925448887605e-03 -3.16961861622322816e-01
-5.52593263934100035e-02 -3.29905430390058485e-01 -1.41842362537871580e-01 -2.00203126508715412e-01 +3.01241566859227188e-03 +4.12003923707570663e-01 -4.31011085074849531e-01 +1.38296347371925477e-01 +6.73242544124402320e-01
-2.73342118172015869e-01 +4.34126216041687274e-01 -4.74739466205671590e-01 -1.86119291997563191e-01 +2.63545514490477084e-01 +5.41184578562066920e-01 -3.02672396670785937e-01 +1.51003905960314100e-01 -7.12865684969683083e-03
+3.16363951023499623e-01 -7.20969190987615360e-02 -3.22813116223893914e-01 +3.71842099315581265e-01 +3.80741939513338623e-01 -4.48745792538762567e-01 +2.01511700109231556e-01 +4.39061370027367781e-01 -2.69299029264542300e-01
-2.50413834890177212e-01 -3.67227267941117930e-01 +4.64182251956720526e-01 +5.30052365179443319e-01 -3.02011005275002131e-01 +1.43805934369580335e-01 -4.37683328317700904e-01 +2.85721101726150034e-02 +4.17434626985019736e-02
-2.18369982405205408e-02 +7.35008412050179721e-02 +5.48244413665307628e-01 +7.04154071643193630e-02 +2.28851231945486983e-01 -7.38203046794383977e-01 -2.78789926277997646e-01 -2.49751588560379566e-02 -1.13693882663978535e-01
-8.25844714333805879e-02 +1.90854015457635195e-02 +5.27097046227334443e-02 +2.42820614575043281e-01 -2.90850024130457407e-01 -2.66804392668576640e-01 +2.57560836316238391e-02 +1.47475782998258587e-01 -8.67689221900885710e-01
-1.37997856860307050e-01 +4.86753857242715582e-01 +5.10554559478333059e-01 +6.03015363893067313e-01 -1.81515699234436445e-01 -9.24653789103404150e-02 +1.59543186624982014e-01 -9.78560909660062261e-02 +2.07860887044429149e-01
+2.38312529938511430e-01 +2.13292339449521529e-01 +2.98709072169661347e-02 -2.66990359522601362e-01 +8.21596635255666508e-01 +1.91022431896291534e-01 +1.86319173851587250e-01 -1.89975198964379560e-01 +2.07897526472019506e-01
-3.30189873937356659e-01 +5.50291911489677710e-01 +5.01205589962596121e-02 -4.89245158626254784e-01 +4.63882562921914890e-02 -4.80040548777833295e-02 +1.80706679290898758e-01 -5.28628502870999939e-01 +1.72398683377874729e-01
+2.42547419215983440e-01 -3.38913282747533573e-01 +3.40280555151186992e-01 +5.37972356231125826e-01 -9.39285557301103441e-02 +3.21000908320248704e-02 +5.10364021557606518e-01 -3.62997525568423740e-01 -1.37883271080529612e-01
-2.51776086489536588e-01 +3.68119290422306178e-01 +5.43238922359907450e-01 -3.35702896867834888e-01 +1.96540261816923523e-01 +1.33633592800859347e-01 -4.49435942168279479e-01 +1.62643917280025335e-01 +3.29181267659583332e-01
-6.34799301039542629e-01 -1.02116282953755258e-01 -5.43897208601364257e-01 +2.78653266805816840e-02 -3.84451419287941853e-01 -1.86971533629878367e-01 -2.35665873329752279e-01 -1.89538166868328667e-01 -1.25606900557026002e-01
+2.08175973183946483e-01 -6.23711525783917017e-02 +3.88550363709815494e-01 -4.01202961032609773e-01 -2.66471774264668282e-01 -4.16696458821421534e-01 -7.43754097386498253e-02 +6.24905506814151579e-01 -1.24765035198001733e-02
+3.61505966522351008e-01 -2.74484428898735144e-01 -3.52746753151141512e-01 -1.23326047347323942e-01 -1.31359137982864638e-01 +4.97446674923715415e-01 -5.39602895942021488e-01 +2.06046533189332276e-01 -2.36637427249513477e-01
-5.41728920918412404e-01 -5.86632741887430309e-01 +3.43046840045332313e-01 -4.40930757536317566e-02 +6.68955431394999689e-02 -3.06003876889975046e-01 +1.12588162248101295e-01 -2.49945535011477177e-01 -2.63636525309948244e-01
+2.04302568913492244e-01 +8.10440330753403937e-01 +3.10635918827210505e-02 +3.10117062648833874e-01 -2.72741618962974497e-01 +4.64752697310548968e-02 +2.31249157242558567e-01 +2.15297259590336104e-01 -1.67129791519774223e-01
+2.10384366794992839e-01 -9.04799745946520406e-02 -4.54309609212212084e-01 +1.76683125124359949e-02 -2.70839058766938312e-01 -6.40479996116450900e-01 -2.84989802434951867e-01 -4.19588010985629034e-01 +8.33355957632871580e-04
-1.28409777304265588e-01 +5.63928869692598589e-01 -3.82345491447216690e-01 +3.73323460116648909e-01 -3.51799644918565024e-01 +9.39523096450245176e-02 -1.15694814186263373e-01 -4.79644064836006023e-01 +6.24734559789409880e-02
+6.69885095393716323e-02 -7.54666647030707849e-01 -6.18899109209082088e-01 -9.77384243664244923e-02 -5.71246354378069851e-02 -2.84376802663890028e-03 -9.84390496676562365e-02 +7.55073675390836030e-02 -1.21404136787223296e-01
-7.58880319851999996e-02 -3.96497938741863565e-01 -2.34310106558865416e-01 +3.74534879652698272e-01 +2.98928972010623240e-01 -4.17606550599577686e-01 +3.89301028561491791e-01 -3.00185690447374198e-01 -3.69367416082375999e-01
-5.31096788588950042e-01 -1.22197134046305861e-01 -2.96572830589118708e-01 -3.14166240622839710e-01 +1.03278108051937934e-01 -5.44037017915587229e-01 -4.64749391465903924e-02 +5.09242992280908788e-02 +4.52716624727675765e-01
+3.79076309782454213e-01 +1.48542722187924525e-01 +3.00774015157769248e-01 +2.36095315406470135e-01 +2.63936956145027213e-01 -1.54812514221814163e-01 -5.12093662615578649e-01 -3.92564423324669065e-01 -4.21964249392838719e-01
-2.38433052369719289e-01 +4.24282406036985804e-01 -2.71922354615948048e-01 +3.40373647552555558e-01 +3.50949744732396374e-01 -1.30906515141784252e-01 +4.05502137769885196e-01 +3.42600047458189172e-01 +3.88881880894972387e-01
-4.23757929547732351e-02 +9.34395974041052485e-02 -9.03120869086454503e-02 +3.16170813778279713e-01 -3.20092366393564143e-01 +3.57497119920355155e-01 +2.86369315409639225e-01 +6.99215195885400931e-01 +2.83161594396862337e-01
+8.34837258405638910e-02 +4.31325183259844813e-01 +2.73782109621854841e-01 -4.11642186032396273e-01 -5.44648821922977880e-02 +5.68715307310266427e-01 -1.37547412072763636e-01 +2.64488415676753685e-01 -3.83804877742284889e-01
+1.19959380177541708e-02 -5.61122899420341104e-01 +4.69865913807537616e-01 +2.58571067035297641e-01 +1.54763741338969002e-01 +1.84737393358014756e-01 -1.35431100308173735e-01 -5.43637421914434427e-01 -1.59377746178111152e-01
-1.00625088471597263e-01 -1.53596156192453634e-02 +3.79091849523680691e-01 -4.80631303974858592e-01 -2.83538006964565159e-01 +4.05412540778245234e-01 +4.73535257112664476e-01 -3.77654919095197272e-01 +5.75289994957943127e-02
-4.47736661997412203e-02 -1.32196828224428159e-01 +7.59640134195136096e-01 -3.42635373278298183e-01 +4.09091466808680304e-01 +3.42237534596408384e-03 +2.88689061163460603e-01 +4.34990938607672725e-02 -1.82937417851126743e-01
-4.78727701556341256e-02 -4.30074471804212544e-01 -2.20753494424998808e-01 +2.78122727722194471e-02 +4.39068188841191753e-01 -1.67361694011696788e-01 +6.80032803204647651e-02 +4.68430970902862065e-01 +5.64265617464202895e-01
+6.11364828241720906e-02 +1.60281184846196550e-01 +1.12492054727924701e-01 -2.19605091000518504e-01 +1.04427105546139140e-01 -5.09493002598168099e-01 -7.33653852719479249e-01 +2.28206947881863687e-01 +2.21081177717598359e-01
-6.00857173721774274e-01 -2.50995005225383039e-01 +4.77303512603500901e-01 +1.01194353373469395e-01 +2.58490743936493517e-01 -2.19334448048263297e-01 -3.79033991851014940e-01 +2.70646525601706267e-01 +7.79220780036585237e-02
-1.77503334264840940e-01 +3.25975798903884451e-01 +2.46537313488863180e-01 -1.63061659775712159e-01 +3.67044015559180203e-01 +4.51019326023889389e-01 -1.21955335154448244e-01 -6.45155482511911127e-01 -7.49943386533982181e-02
-2.08507650512185699e-01 -3.12755553922237362e-01 -5.47903314253041576e-02 -5.02042719231394541e-01 +1.47819548473373003e-01 -2.61898606910171250e-01 +7.14814638980843742e-01 -4.01042080508306961e-02 +2.54918810737196216e-02
+7.50561254861983468e-02 +3.87067485517118781e-01 +6.02625724564505361e-01 +3.15670720508250569e-01 +5.16657935226652709e-01 -5.07273164734780915e-02 -3.74911808100625507e-02 -2.09597114745166097e-01 +2.58639421148560644e-01
+1.62486013360864712e-01 +6.80515331565670345e-02 -2.95907895196192761e-01 +4.01570640760130937e-01 +8.06954722147807058e-01 +1.70502463268066728e-01 -1.71564121661684110e-01 +6.47638555337939209e-02 -7.91909334136190329e-02
+5.63519528437133488e-01 -6.67342131636019298e-01 -7.56920490507160676e-02 +2.38258431901746948e-01 -1.62153232481875603e-01 -1.29459063139704903e-02 +1.89591663694885310e-01 -2.71033964452959075e-01 +1.96820165703150557e-01
+2.74225460915788477e-01 +8.82273627632643304e-02 +4.33892423049315135e-01 +2.01331010073416250e-01 -2.70835654212605137e-01 -4.09326664773120574e-01 -1.49215028311273978e-01 -5.48298292551530730e-01 +3.52736596163001348e-01
+4.00409816883642744e-01 +4.98392107939490195e-02 -7.48948182513756833e-01 +2.63604200177195047e-01 -8.88021370533918081e-02 -2.63905559591195604e-01 +2.15998922000226440e-01 +6.78583190282933818e-02 +2.79258352558932055e-01
+5.92475780439445932e-01 +4.63408563671997953e-01 -8.23254018014817901e-02 +2.02368708092534488e-01 +4.14016255422449797e-01 -4.08314652863028815e-01 -6.23605037725717334e-02 +4.50288511262526697e-02 +2.06028254251950899e-01
+2.70134008288463012e-01 +3.36111750937779008e-01 +5.98462343117215009e-02 -5.15094103156097938e-02 +9.61408583144472001e-02 -4.19891880016317609e-01 +6.79474408371505190e-01 -3.93817940618413465e-01 +7.41041146589205141e-02
-4.50260955217033410e-01 +1.30855423178846686e-01 +8.92027786523406363e-02 -2.94048323875162054e-01 -4.05276799832865520e-01 -6.43590051482138992e-01 -3.62652875704338948e-02 +3.22363484232785352e-02 -3.23895949105348802e-01
-1.73573838769231270e-01 +4.53823577369241837e-01 -2.36493416912572169e-01 -1.12640096530919401e-01 +1.76352757854527364e-01 +4.63632432634534575e-01 +2.93349235917972795e-01 -2.86122239473032669e-01 +5.30400148568024643e-01
-6.22302460539108648e-01 +3.51148223247835456e-01 +4.63424539125774582e-01 -1.40357556821669206e-02 -5.85866192913698861e-02 -2.14055938170450537e-02 +4.00808841529367188e-01 +1.30734120087344141e-01 +3.04705657980904154e-01
-7.26714895669074989e-02 +2.50161734099916544e-01 -3.30031281372166141e-01 -3.59612554266050891e-02 +3.78457977862210138e-01 +8.41089145440540725e-02 -5.16610752513363858e-01 -1.27577168018380094e-01 +6.23262985339970377e-01
+4.61038712885124213e-01 -6.84901880962436177e-02 -3.58829638190429789e-01 +4.69735418840940833e-01 +9.15710732947892236e-02 +1.39884180013660542e-01 -4.09015231014978331e-01 +4.46414455664110865e-01 +1.97002933195539159e-01
+1.32326996476522185e-01 +5.44353173661328640e-02 -4.00407853238952782e-01 +1.18395843112788196e-01 +5.05612170702647079e-01 -1.07796402424985949e-01 -4.81376564849972377e-02 -7.29463638448574869e-01 +5.90268777424586763e-02
+6.36767301123070895e-01 -3.07796123345133177e-01 -3.00871111899157148e-02 -1.56397658936945461e-01 +7.93781906165419993e-02 -5.21663352942427605e-01 +1.68597832284892141e-01 +4.05354105952001220e-01 +5.70329508392643653e-02
+5.65283109450435250e-01 -2.48602623326610733e-01 +4.38318137446470579e-01 +8.59476030864150115e-02 +2.16115743986574516e-01 +5.25500217264790792e-01 +2.77830033426924194e-01 +6.55425573171202897e-02 -1.21655720442750748e-01
-2.26534104565440375e-01 -2.78987541041359866e-01 +1.75120343700870540e-01 -4.96877023528039363e-01 -1.34430279813650855e-01 -2.80079797537251610e-02 +1.12515034677294179e-01 +5.52303772066854548e-01 -5.06694487236702407e-01
+7.21239046088240424e-03 +2.06674616287996049e-01 -3.73071050803014892e-01 -1.08089869251427925e-01 -5.48585389176051708e-01 -4.88281906129538090e-01 -8.39093226739519166e-02 +4.73305984844482996e-01 +1.89588176930552604e-01
-3.40165906555491782e-01 +2.71210645282897844e-01 -5.37263047461218446e-01 -2.75170688595053281e-01 -1.10861087223527083e-01 +2.04989322388908601e-01 +3.23306420717142107e-01 +5.17831270651375020e-01 -1.39191890489819337e-01
+6.86246080681623072e-01 +1.49083278890076110e-01 +3.37582404990739382e-01 -3.84520491077125548e-01 +1.17032541058349135e-01 +1.19426166067706993e-01 +1.41332159737514701e-01 -4.37069843134330449e-01 +7.78367042289521693e-02
-4.71849274493841175e-01 +1.72037255659590105e-01 +9.78194316757134419e-02 +3.62714422486662358e-01 -7.66153105521735989e-01 -3.48358445609882952e-02 -3.44893860525047197e-02 +1.10177963524623154e-01 -7.14019101142979729e-02
+2.67354871414870370e-03 +2.75602266240187854e-01 +8.64952446957347881e-02 -4.36480119683679002e-01 +5.73822779942523398e-01 -5.88539629938752640e-01 +2.81754234828031809e-02 -2.15716888290229392e-01 +5.53246018966964820e-02
+2.49442107426599946e-01 -3.58510643463329448e-01 +4.88692365970456621e-01 -1.16791255627406235e-01 -9.23284388592659488e-02 -5.53593829600918630e-01 +2.49369228117533676e-01 -2.30483559971724428e-01 -3.55654292078252443e-01
-8.13078250669017344e-02 -2.25151516644798710e-01 +1.18955203644449101e-01 -2.62408977752260492e-02 -6.27629834700418332e-01 +6.90329455281496196e-02 -5.46634172998723300e-01 +4.79650706357143963e-01 +1.72751489725226914e-02
-3.22333280887614093e-01 +2.09048907988951010e-01 +3.57517753776678993e-01 +1.21722000048921919e-01 -5.22803343673773971e-02 -1.69323862348027432e-01 +5.27745301623799623e-01 -4.98593343001431377e-01 -3.88909233300091639e-01
+2.87044972572684298e-01 -1.28011411763595262e-01 -2.75553125133664534e-01 -3.58548260044912026e-01 +2.13858649959341507e-01 -1.34802363666229746e-01 +2.03466305633027089e-01 -3.13634115447929185e-01 +7.02182161061987831e-01
+7.94248169677815863e-01 +2.52542681408496728e-01 -1.97287808261843362e-01 +9.95509598756800090e-02 -4.74695649451582657e-01 +1.07836379169212408e-02 +6.08166925849341899e-03 -1.69520243095549361e-01 +4.82992769551239057e-02
-1.33589503950133276e-01 -8.76543045071039861e-02 -6.22665726484957660e-01 -3.08965192995357074e-01 -2.83675986657099977e-01 +1.18719817309108702e-01 -6.04377544806001588e-01 +1.04764060160217276e-01 +1.43123319271402066e-01
+3.38133038411146225e-01 +5.18390663969031773e-01 +1.10853441569266464e-01 +2.03175994873386223e-01 +3.28657251014027041e-01 +5.46278071998114512e-01 +2.37689692583132432e-02 +2.74270224925292072e-01 +2.84857432189867310e-01
-6.86092816214440182e-01 +9.44278392324355426e-02 -5.05887961720527385e-02 -5.08104030280793317e-01 -4.26006600340561647e-01 +1.76396102022761653e-01 -3.20849174101114354e-02 -1.19422120924646519e-01 +1.78165107687242780e-01
-1.38209862147531393e-01 -4.24335299799824928e-01 -3.52857358833892965e-01 +4.96233437576044323e-01 -1.87748827601842583e-01 +8.72089492579308512e-02 -4.15241025562028021e-01 -1.92036792502373849e-01 +4.21809654958538172e-01
+1.51413164752459611e-01 +5.34386777297878590e-02 +1.67783288397910485e-01 -2.46806584479905000e-01 +5.22987522342423850e-01 +4.33284373408535706e-01 -6.37931770316701341e-01 +9.74924810706758460e-02 -8.62589997813124898e-02
+4.44360213533566695e-01 -3.15630919968852730e-01 -1.37868306881385128e-01 -4.17292795260065241e-01 -4.57924143213829959e-01 +3.91775022143593499e-01 +1.60471403950323971e-02 +3.09312558219878408e-01 +2.25091576183124253e-01
-4.13695244021545949e-01 +2.53124717117128806e-01 -2.22000004032874454e-01 +1.18720805798654086e-01 +7.35343164780252745e-02 +1.67397335355102178e-01 -5.23702436257524107e-01 -1.62807350959258051e-01 -6.05975125137932613e-01
+1.25091323309350105e-01 -5.25163997012590644e-01 -1.23781711274525294e-01 -6.48664941884815272e-01 +5.97712905774159670e-02 -4.74308173363021446e-01 -8.62010413144083248e-02 -1.43993291220275099e-01 -1.25543937574075809e-01
+1.72179785163666998e-01 -3.32367077198455763e-01 -6.60454761881385938e-02 -1.08807945830525943e-01 +1.65950033043529455e-01 +7.18000260167416693e-01 +1.24929989957592955e-01 -2.97680649591961999e-01 +4.43170413018343756e-01
-4.98144271709261510e-01 +5.82225399936930788e-01 +1.50806676037739729e-01 -2.11694661938152395e-01 +5.41553689286966011e-01 +1.63307630734557535e-02 -4.91837538390720863e-02 +2.22026886520980765e-01 -6.82001598841429271e-03
+1.81603286270570242e-02 -2.06536342251241900e-01 +2.96139141661052707e-01 +3.49391091871572190e-01 +1.11943085754794294e-01 +1.94164061578911535e-03 +5.32400625321813648e-01 -2.89317132473811967e-01 +6.06259484122242287e-01
+5.68691098487260349e-02 -5.28605861550990541e-01 +2.17308732799077226e-01 -2.86083579841984181e-01 -3.42113389869305451e-01 -3.66241797943103298e-01 -6.75641360488861420e-02 +1.15468739905738804e-01 +5.64979892570600439e-01
+1.62258191555326281e-01 +9.75921687019466327e-02 +3.81754614925602198e-01 -1.26322623367604137e-01 -6.18604218747051515e-01 -2.69956958360879407e-01 +5.44219153401871103e-01 +1.76036289570122712e-01 +1.40509272632109855e-01
-2.37578408078234521e-01 +4.25976047400732971e-01 -1.07646942650328759e-01 +5.10595723170879201e-01 +3.30341255204668505e-01 -4.92760941302222866e-01 +6.71448167661377743e-02 -9.57627213086157530e-03 -3.65056473307587059e-01
+2.59223974401981083e-01 -6.58169486263629894e-02 +7.17869713030828027e-01 -2.30467414651467223e-01 -2.59217622558269911e-01 +2.28896415282166504e-01 -4.74361542322136065e-01 -5.45502186888003129e-02 +1.11521129382022896e-01
+1.48432147879848320e-01 -2.53299863848799323e-01 +3.71181864773575043e-03 +3.26880345098873981e-01 +1.58274187712939496e-01 +4.79965601809202169e-01 -2.27660961611689416e-01 +4.71847982254904430e-01 -5.26359962026062500e-01
+3.75934910679568579e-01 -2.39049958467572404e-01 +4.39873963239991561e-01 +3.22679321732047220e-01 -4.59942206465704106e-01 +5.90237675574982953e-02 +1.81876771550490896e-01 +4.45517070624805389e-01 -2.39419617838902421e-01
-1.61341780894318693e-01 -3.00261619932300883e-01 -3.70468384402283801e-01 +2.64776074036411069e-01 -4.18022981912396507e-01 +5.15586747669214751e-01 +4.95902617306130944e-02 -4.82986196552379565e-01 +1.22812137841563519e-02
+3.63617540759693270e-01 +4.94780733830555930e-01 -9.93311100203834035e-02 -6.54118270795106316e-01 -1.24187818123505558e-01 +7.29138738257116559e-03 +3.65283366916717922e-01 +1.53856302420708996e-01 -1.12505330697180855e-01
-2.34135234522690666e-01 -2.30545461299640153e-01 -4.09744908339335245e-01 -3.78414576007418679e-02 -4.40766975878191691e-01 +4.28897051165167409e-02 +4.35783434487847843e-01 +1.33271483474692781e-01 +5.64732744308689805e-01
+2.62136375240540898e-02 +7.33129943006151363e-03 +3.64719110758386478e-01 -1.67386202648190444e-02 +4.54949778724888121e-01 -1.86313147789627459e-01 -1.51619927193421711e-01 +6.56609329111691897e-01 -4.12483432995699228e-01
-4.72754763605504724e-01 -6.73943041107151058e-02 -7.55366094929675325e-01 +2.74674118013713331e-01 +2.31223685543767932e-01 +2.17701023272536043e-01 +6.84651764196454043e-02 -1.42780228091543837e-01 -2.30880475969600209e-03
-2.60455111943126427e-01 -5.97705737616579941e-02 +7.07490315077055398e-01 +4.29472707893321648e-01 +2.24093171718950206e-02 -4.16324032430739985e-03 -6.54444605811678043e-02 -2.10589705977308160e-02 -4.88216440415864594e-01
-5.94077491008543901e-01 -4.19062300862197756e-01 -2.66483628500373583e-02 +2.67263235642811459e-01 +3.97431632000182430e-02 +1.94502002964890064e-01 +5.85942683851254698e-01 +3.93698433431933018e-02 -1.22595223406320897e-01
+1.05884581042583678e-01 +5.61961670734923077e-02 -1.62794249056193246e-01 -5.34341343037345373e-01 -7.60548013872130335e-01 -1.26227730691294438e-02 -4.71003967123368658e-02 -2.63494646898696006e-01 +1.52863716360149504e-01
+9.62456614887194882e-03 +3.04558908806634721e-01 +2.43658067216678299e-02 -1.44030330391622913e-01 +1.86874987704576195e-01 -4.82456379702299820e-01 +4.34553119553396372e-01 +6.50172141735450904e-01 -8.10318655564193635e-02
+2.27811585183986809e-01 -2.60341496338425460e-01 +1.93844401419523860e-01 +3.53609346623731780e-01 +6.09501204109155981e-01 -6.63650254700456632e-02 +5.11828728245922182e-01 +2.79324884707315757e-01 +4.26836299783507275e-02
+1.64011961083690774e-02 +1.11323043017038228e-01 +3.00884232240751948e-01 -4.76708596933143658e-01 +2.50705914505349126e-01 +2.94971479858526842e-01 +3.51712660120007736e-01 +3.64257160917174472e-01 +5.13136501520348953e-01
+1.09841392202382968e-01 +3.71099944699068984e-02 -1.28342445292584401e-01 -4.86441703697367389e-01 +6.19345336546084993e-02 +1.60069874732902628e-01 -3.26351577872279308e-01 +7.51584546915450624e-01 +1.80603066729105199e-01
-4.65648640995029062e-01 +3.47614128073295559e-01 +8.26776592305223379e-02 -9.23138251883676431e-02 -5.56161293749030811e-02 -4.09574550601219334e-01 -4.24618912969980444e-01 -5.33502174891063774e-01 +1.05868150236217234e-01
+2.69799319882639999e-01 +1.14593729008599279e-01 +7.27281557042773891e-02 +3.01642246981898510e-01 -2.57528462622950705e-01 +5.65158776815587016e-01 -6.10203125091356546e-01 -1.94589089399468618e-01 -1.47854843712106443e-01
+1.14267890021522864e-01 -2.65863735510765087e-01 +9.10095942209602909e-02 +5.05661092497631359e-01 +3.28314596062633690e-01 -6.36526878252698380e-01 -2.03862156443171488e-01 -7.80010435954041348e-02 +3.02791271978901766e-01
-4.52684340155157794e-02 -3.37781984826878934e-01 +2.54071711345363993e-01 +5.94791683885909528e-01 +1.53251167990555021e-01 +2.61028475246870284e-01 -9.38971121131050440e-02 +2.59821645305171378e-01 +5.45507816140114454e-01
+2.63730185556257768e-01 +1.45878150312331673e-01 +3.80139103826640998e-02 +2.23815189871997035e-02 -4.53802781472933792e-01 +6.34217889223329251e-02 +8.96175639660599516e-02 -7.06531056964146420e-01 -4.35939485140304728e-01
-4.01795906600617647e-01 -9.90820777382603324e-02 +4.68794713074471292e-01 -1.44071591825856386e-02 -1.66962923343309283e-01 +1.46746044726415975e-01 -2.37502838221485962e-01 -3.89356120825047891e-01 +5.92747784193570104e-01
+3.11087955728838905e-01 +5.47029163135097640e-01 -4.52153757937290568e-01 -3.90220155749341990e-01 +1.79046011612584294e-01 -4.00686226513009558e-02 -3.26766414093027480e-01 -2.78152424110307106e-01 -1.71640783315359452e-01
-4.33086235147426113e-01 +3.29536294761867687e-02 +2.13510690413865223e-01 +2.92474102583796247e-02 -1.54964565237795004e-01 +7.98324149789000348e-01 -2.74408318770138493e-01 +1.33773217625251489e-01 +1.01869924524421826e-01
-1.10851186902656218e-01 -1.02348511495804803e-01 -3.08806569965118072e-01 -5.75928633945808066e-01 -5.26192022059885980e-02 +5.15974899669765175e-01 -2.11348520913838545e-01 -1.76478450962799016e-01 -4.53177436582895665e-01
-3.48582359442233258e-01 -5.91531070087417343e-01 -7.83856049398684585e-02 +3.91453763572126245e-01 -4.93539521014242422e-01 -3.28167014454041728e-01 +1.09320183636305523e-01 -6.34733051809587973e-02 -4.41176668788353654e-02
-4.66358794964488732e-02 +2.91867483914030668e-01 -6.21601577474746980e-01 +1.18932060225587321e-03 -2.75080456658827854e-01 -4.12365011286088323e-01 +1.46459629316369216e-01 -4.84914905788329589e-03 -5.08979796789634897e-01
-4.51843964595327330e-01 -3.77880422040543840e-01 +2.07952376167024805e-01 -5.75050270033064526e-01 +2.79015619707469520e-01 +2.74477161589737562e-01 -2.73798253511972289e-01 -2.88504500441667429e-02 +2.23899875188812020e-01
+3.41217324012081380e-01 -1.21768596398150949e-01 -4.26928606094728380e-01 -5.81570033747742410e-01 +4.28651526948822192e-01 +3.17156816156309806e-01 +1.68809046248207723e-01 +1.79251800102593617e-01 +5.73857852146899133e-02
+7.62096249399979553e-01 -1.31512741369489150e-01 -3.88724485439987111e-01 +1.08328117313223629e-01 +2.06682495803518773e-01 +1.72494459191694857e-02 +6.89362440623069034e-02 +3.56381321731062892e-02 -4.35929488863118830e-01
+4.48658962402965933e-01 -1.56496784630529462e-01 -1.52671584835416346e-01 -2.11444449516040384e-01 -7.30863915172162149e-02 +1.66324090164581467e-01 -6.20978964411591172e-01 -4.56878664964079584e-01 +2.80781430072156224e-01
-2.46792289067654769e-01 +4.82794100920843280e-02 +1.12021721898834664e-01 +1.38123697054250927e-01 +5.31241768323128749e-01 +5.20398155328163803e-01 +4.31644438601212987e-01 +1.14491557763190130e-01 -3.90740768410917871e-01
+2.17843146802723958e-01 -2.59841718207107497e-01 -3.53888950909094169e-01 +3.76144875158962000e-01 -5.12217516394315231e-01 +1.95424248530173851e-02 -2.79976909996593970e-01 +2.16713946129918657e-02 -5.26021746927220923e-01
-1.27059818004800734e-01 +4.62346377236735467e-02 -6.01402832174377067e-01 -2.70085336219521022e-01 +5.68339705361864733e-01 -3.15512792299124878e-01 -1.60076772913656629e-01 +2.92862224494022882e-01 -1.14610239410509643e-01
-1.82692242298923363e-01 +3.23588408357350976e-01 +9.59030114473452405e-02 +6.59055654570351535e-01 +3.40573649577823323e-02 -1.43119191649387023e-01 -6.13781129514270885e-01 -6.16722993654458887e-02 +1.27234384392139632e-01
-2.02708433976738878e-01 +7.20411103157286292e-01 +3.69192706588677311e-01 -9.01080920566875304e-02 -2.59278172051914113e-01 -5.61596973859408502e-02 -1.71845334319893239e-01 -2.41918318197325316e-01 -3.70216202603329658e-01
-2.57831201312500646e-01 -3.55082815962401488e-01 +2.90477567809509896e-01 -1.44089524318569112e-01 -5.04001545008060159e-01 +9.93454369413172972e-02 -3.31698306761950612e-01 -2.72851672869041328e-01 -5.03925968482803799e-01
+5.82910603919099615e-02 +5.34264676425332152e-01 -2.64812093164512707e-01 +1.02945280883779480e-01 +5.22427116911370823e-02 -8.17621057829903963e-02 -4.27259648480784515e-01 +5.65666424248779443e-01 -3.44233320076478388e-01
+2.17883277262790248e-01 +2.55211162235634781e-01 -5.79729001432949809e-01 +2.83066900410408384e-01 -5.58774203270054962e-02 +6.47510921275666784e-01 +5.46506900185724370e-02 +7.61972810515619686e-02 -1.99990380059493961e-01
+1.09776018459691357e-01 -1.57764437025802534e-01 -9.73104961539648788e-02 -8.08112979282331889e-02 +2.59051748128630521e-01 -5.09858778384297939e-01 -2.85824454036684494e-01 -3.23582452680340610e-02 -7.32975683757837726e-01
+4.92050139754982518e-01 +1.22414709052590776e-01 +4.11527566757753441e-02 -5.20320019851900573e-01 -3.78214245848279895e-01 -1.39399990533190632e-01 -3.14078342545645040e-01 +1.25580510741644280e-01 -4.39978162499442271e-01
-3.79887460663820287e-01 -2.68147086329746487e-01 -2.82081868420200610e-01 +4.79514880190176407e-01 +8.51605821518163636e-02 -2.36118509722569841e-01 -2.00931271707037784e-01 +5.36761181835491374e-01 -2.87728585383424940e-01
+2.45723165847647113e-01 -5.25282541940083503e-01 -2.50330792813126708e-02 -2.23909009560051275e-01 +6.38411208416842069e-01 +1.62887191244403262e-01 -6.59440552020433696e-02 -3.11025906685775011e-01 -2.78836217390002417e-01
-7.18539699435103985e-01 -8.68339368810411849e-02 -1.16657689578052545e-01 -2.91948231766950672e-01 +1.96659606305365220e-01 -1.18368387009247289e-01 +1.18693256981293419e-01 -5.80150615348898196e-02 -5.54236293253008605e-01
+3.40361035595158012e-01 +1.56554591393138709e-01 +4.35621785010754867e-02 +3.38338323828758336e-01 -3.04964323761970746e-01 -1.75078853604360464e-02 -1.27724658030326177e-01 +1.18001250890102313e-01 +7.87227344734240497e-01
+4.29696736814709213e-01 +3.44530734421368889e-01 +4.13537642182471910e-01 +1.38568114664737119e-01 +1.59726110444162989e-01 -1.53456184676747810e-02 +2.56769968772082746e-01 +9.62007768634825511e-02 -6.36797816273073081e-01
+1.92658389762801918e-01 -6.80983042057181742e-01 +2.15266628526240955e-01 +4.35374167382674634e-02 +1.22824305382120871e-01 -1.42598580232010330e-01 -6.23605828671832563e-01 +1.43071811107802593e-01 -7.83305528342516794e-02
-3.12615571696772399e-01 -2.84067684021873768e-01 +3.99810006350629910e-01 +2.24573821691053610e-01 -4.69603735001276959e-02 -6.12268548610529817e-01 +2.77197466607885579e-01 +3.78338214313559185e-01 +1.19328623805919964e-01
+1.88946240403639637e-01 +5.41240086057150488e-02 +8.00310382119895705e-03 +7.76653968486148649e-01 -2.55004972269414765e-01 -3.15626010974329518e-01 +3.75500803525418425e-01 +7.23903659387282877e-02 -2.17315301529947019e-01
-1.55156190649371084e-01 -6.85895926791261656e-01 +4.20841516277636329e-01 -1.04739669192164389e-01 -3.24163835790049093e-01 +2.99046897712757664e-01 +2.78900909951043774e-01 +1.90224921772325972e-01 +9.44080297879258262e-02
-1.21715493564741442e-01 +1.34411238475480227e-01 +4.47869879487031608e-01 -7.92372347900329732e-01 -5.91612529005927732e-03 -2.68230930737831497e-01 -2.23142564511462166e-01 -1.77730026799328492e-02 -1.28787710846283016e-01
+2.90381737016651542e-01 +9.26012649882216043e-02 -2.47204836244054538e-01 +7.15364483948780355e-02 -1.10493853568516598e-01 +3.50183686700517693e-01 +8.36243538450270218e-01 -4.19917294149458730e-03 +8.19595220676795633e-02
+3.15929034444523471e-01 +6.96929692277899887e-02 -3.09689407633846094e-02 +7.43026515745359939e-01 +1.73572851426453900e-01 +3.27106804807431262e-01 +1.07769383725969531e-01 -4.38105046016699140e-01 -4.00947493428236573e-02
+1.05775823511020592e-02 +4.23930269612276533e-01 -2.79715933871784506e-01 -2.38208466474630731e-01 +4.56735539417193193e-01 +1.48651139650392505e-01 +4.56110592646344848e-01 -3.02439670832628571e-01 -3.93669687164867721e-01
-4.74365270621031565e-01 -4.67311042049620373e-01 -1.97381975342857618e-01 +8.22264720792489634e-02 +1.99672001060606813e-01 -1.20156025277829939e-01 -5.64307439116860543e-01 -3.46431494946045859e-01 -1.34584910576894451e-01
-3.73462870115128964e-01 +1.63895871642366464e-01 -1.74953693157850892e-01 +4.02010309218150785e-01 -2.07057963104451875e-01 -4.58239929880862318e-01 +3.80969870194052540e-01 -3.83829705509034669e-01 +3.10036169160482045e-01
-5.67081999099281697e-01 +1.24424204064171082e-01 +9.24576781498924472e-02 +6.64168369234912070e-01 +1.71205381405064611e-01 +3.62466395436914113e-01 +7.70971636588103568e-03 -2.25739217809030057e-01 -3.94686479749475072e-02
-1.44851663779469952e-01 -3.67231810794125701e-01 -1.20430472216058841e-02 -2.93819881045125686e-01 -1.69066658988187929e-01 -1.29909010012782600e-01 +6.66983942472840069e-02 -8.37165306513970031e-01 +8.32425544280593621e-02
+2.09688284148216164e-01 -4.30114036556859258e-01 -1.22541590198635669e-01 -1.09691068626204341e-01 -1.51290787035456287e-01 +3.24650153319204493e-01 +3.91490634016981087e-01 -1.66743593063798740e-01 -6.59264135639228033e-01
-2.31814661188117249e-01 +1.55415795812377633e-01 -6.47165043254833150e-01 -4.13615145698788600e-01 -1.07513763325168155e-01 +2.51739663535163012e-03 +4.22873030764511937e-01 -3.76378788425787036e-01 +1.26361462794783996e-02
-3.56565325987450554e-01 +1.97601415286105975e-01 -4.89108948880728669e-03 +3.20510018518167031e-02 -4.28204227604041421e-01 +3.95147372641231842e-01 +3.81610120993712054e-01 +1.77260014084520995e-01 -5.62330824180016120e-01
+5.83395217665956922e-01 -1.37927653990886578e-01 +3.92198079773561470e-01 -2.57299987935523944e-01 +3.40798445478394552e-01 -4.68725633358885452e-02 -1.87583245426324541e-01 +2.49440342599046072e-01 +4.52608869317208562e-01
-4.49580776313382280e-01 -2.64252672195840921e-01 +1.54353256344092887e-01 -3.49800272474072652e-02 +7.11642055725241751e-01 -8.39992252369775455e-02 +1.20266561839868613e-01 -3.28865773829369379e-01 +2.58635056297721988e-01
-5.41529144482742683e-02 +3.44582331325215152e-01 +6.80555302867623224e-01 +1.96464506580791259e-01 -8.48913307719421778e-02 +9.56541455229966003e-02 -9.31517118312529396e-02 +5.75566877593283288e-01 +1.42358458099338725e-01
+9.73125179351570085e-02 +5.34801514521015764e-01 +3.25190361609080880e-01 -2.65575587408651781e-01 -1.78300388334357879e-01 -4.95109382447574353e-01 +6.52401967235782393e-02 +3.94782537757391930e-02 +4.95478864484387660e-01
+1.51331909384118002e-01 +1.96494195955797230e-01 +3.84655423208734082e-01 +3.48662767891275482e-01 -5.54606281901633746e-01 +4.72846245351189798e-01 +2.32381955853614652e-01 -1.92929804173323699e-01 +2.15796620520725568e-01
+1.92617859940043767e-01 -3.72313967050381278e-01 -3.55352471290432681e-01 +6.52558114619180077e-03 -1.59828391486908084e-01 -7.11593733275933393e-02 +5.63481110182876721e-01 +5.29236514932790336e-01 -2.64105445799610761e-01
-6.56934767596455860e-01 +3.21687425293453622e-01 -2.65142151934881221e-01 +1.63732806931731034e-01 -1.06119187276557753e-01 +3.81575556439139457e-02 -2.74102327112616784e-01 +3.96763858750930509e-01 +3.50105973145589666e-01
-3.55360646277338599e-01 -5.30094730536765146e-01 -1.68520843567872364e-01 -3.65879296032976115e-02 +2.73074713284959303e-01 +5.46245206378231929e-01 -4.63667305078486400e-02 +4.27655056326187222e-01 +7.06264185614834394e-02
+3.91644868903123951e-03 +6.33838235936209138e-01 -5.46359862122009557e-02 -2.94155911829828753e-01 -2.95999673249667361e-01 +2.40792827020049560e-01 -3.34357157742774025e-01 +2.00220477551982662e-02 +5.00927516915140036e-01
+3.20092074319685116e-01 +7.07089081329709129e-02 +3.08089416979352604e-01 +3.77831847538470489e-01 -4.18539712577718326e-01 -4.90411486281815634e-01 -3.82752942149709785e-01 +2.81618316860678397e-01 -1.15662061203637326e-01
-3.32733487202624578e-01 +3.93281353273025935e-01 -2.05817661887286646e-01 +3.28692613727329497e-01 +6.47955677956686404e-01 +1.59141088263226815e-01 +1.46426001302667003e-01 -3.32682857251265340e-01 -8.32319377510685604e-02
+1.35304904118350638e-01 +3.69539959649605107e-02 -1.60003136172819777e-02 -2.99465271691065515e-01 +3.10349652564104628e-01 +8.83774274559754769e-01 +2.28775058572338527e-02 +9.88218954864998611e-02 -5.22350801360242090e-02
-1.26311994596530586e-01 +3.12765570072118040e-02 -4.05064228653526426e-01 -4.23792856475005364e-01 -2.28218943775530869e-01 -8.19891526911856600e-02 -3.90412829877515855e-01 -6.43324337888278586e-01 -1.19562341728070953e-01
-3.36942648426872216e-01 +1.65171037671818399e-01 +7.06956553600272264e-02 -4.36748832309590940e-01 -1.26751805860908728e-01 +3.15037154738779468e-01 -7.36326483521561048e-01 +3.44296243140703867e-02 -6.90234978422725881e-02
-3.95003432966306467e-01 -1.36883267505001988e-01 -5.38223052297935212e-01 +2.85332844282094877e-01 -3.69056781279050672e-01 +1.74190809249803069e-01 +3.97700392245458001e-01 +2.02183648553441953e-01 -2.97568811203801242e-01
-1.46399449807915749e-01 -1.56138258783944356e-01 +6.80467283760419761e-01 -1.43788293458011474e-01 +4.52542108141918198e-01 +8.72816985285558150e-02 -4.18887571111272894e-01 -1.96168343443305110e-01 -2.10038036782990684e-01
+7.13985345608314503e-02 -1.24347334841282520e-01 +7.41979128883638872e-02 +5.56736852812860561e-01 +5.06595967798705415e-01 +6.30996367721535778e-02 -5.39016156431272875e-01 -1.17314918390383272e-01 +3.14732410631488657e-01
-6.73075226817938799e-02 -3.79201518397383086e-01 -2.32083402290919727e-01 +1.90973234508002604e-01 -3.67983835564270723e-01 +5.01182497417162698e-01 -2.60341520677588922e-01 +4.88324391603198960e-01 +2.61740341065207383e-01
-4.13450664253195099e-01 -3.57269218997609606e-01 +9.80080103666838703e-02 +2.16557495810922540e-01 -1.03804022138631186e-01 +5.86543799791809484e-01 +1.85637678977226606e-01 -7.63476040345758972e-02 +4.99815291596057421e-01
-1.22841901377360868e-01 -5.17787228860856819e-01 -2.32529883109191468e-02 +1.33946673050382464e-01 +6.34514139215596407e-01 -4.66216047757464336e-01 -1.91453736473745612e-01 +5.88432521081244577e-03 -2.04130070454823925e-01
-3.68975608032601654e-01 +3.38144650125393464e-01 +1.09847579360192751e-01 +4.11291474759263531e-01 -3.26915284536747341e-01 -2.47430729715704706e-01 +5.72355852603351312e-01 +2.62727794033972450e-01 -5.97941747074756183e-02
+1.14091332898569986e-01 +4.21457391308164675e-01 -7.22765397871345527e-01 +2.41992184325598575e-01 +5.98886453548489323e-02 +3.27349876526501354e-02 +3.16994213837457184e-01 -3.03454271407658571e-01 -1.76575031454922843e-01
-3.88799752804529608e-01 +3.90673148532504622e-02 +2.69054723342505193e-02 -3.94017656745570821e-01 -4.38073559961175307e-01 +1.11673624254888360e-01 +6.32541168606000737e-01 +2.76977758617968195e-01 +1.00649032875314473e-01
+5.95549148621709601e-01 -1.85365308124865291e-01 +1.27927319189818541e-02 +1.39944724937757364e-01 -3.02056509027437248e-01 -2.72630277218721961e-01 +3.74213847847413295e-01 +8.48000454417788957e-02 -5.27655455540811169e-01
-2.78127007041471253e-01 +3.82046401615239103e-02 +1.14023529209123682e-02 +4.24353988423098405e-01 +3.67487466211176950e-01 -1.95925406981441952e-01 -3.64957137168423429e-01 -5.99587671260157773e-01 -2.73580996893155459e-01
-4.17889465714383276e-02 +9.16723111731115314e-02 -4.39746021384221975e-01 +2.62220901900304081e-02 +8.22510222097039148e-04 +8.58835892856618932e-02 -2.38285470478959496e-03 +3.10509836157107200e-01 +8.31857563644721298e-01
-5.60044861591056375e-01 +5.66097875463964284e-01 -1.86514614382578242e-01 -1.31840305477630565e-01 -3.89456519649449717e-01 -3.43460053941009369e-01 +1.19034148121476530e-01 +1.05612284922419294e-01 +1.36927383593496349e-01
-4.98814507000196805e-01 +4.33129423158325588e-01 -5.17953606883165940e-01 -1.37822166023413795e-01 +1.93061749289107243e-01 -3.54986383458589586e-02 -3.02398541969931878e-01 -3.81289334691132631e-01 -3.08654300519655596e-02
+3.41789813257012187e-01 +5.74521894716594428e-01 -2.16934668325977659e-01 +1.32342402773407114e-01 +5.01205318604524219e-01 +9.65054612438387277e-02 -5.33064265014584204e-02 +2.51490625496021969e-01 -4.02392804216682942e-01
+5.24717859547611187e-01 -4.61441796295610274e-01 +2.43090972159250712e-01 +4.07204884344954277e-01 +1.28779819099823778e-01 -3.48202360766579178e-01 -5.05625790701195454e-02 +3.21190491623309704e-01 +2.08049431052547945e-01
-5.19431505682486971e-01 +9.72404133512303759e-02 -2.54007879008267989e-01 -1.15236189351963891e-01 +3.20446937404714749e-01 -1.79867630186488880e-01 +5.66104795659628568e-01 -4.18479069302497397e-01 +1.10895697783938943e-01
+9.93151277444392216e-02 +3.16915993942412377e-01 +5.39997059220064135e-01 -1.34228438087840796e-01 +7.70756929540535457e-02 +5.23576691674531802e-01 -8.34638952487650743e-02 -2.26448411413739670e-01 +4.91699442012782151e-01
+4.51531525001372724e-01 -9.91191572000901383e-02 -3.66593627558342461e-01 -1.94618391516937994e-01 -6.89733304200107755e-02 -4.51099829063231039e-01 +3.18879556351338966e-01 -4.66990809873315149e-01 -2.93282294841996583e-01
+3.82312151573360570e-01 -2.99977599173249544e-02 -2.25673820985488410e-01 -2.19409578503685143e-01 -2.06579336928203156e-01 -3.59544159765292498e-02 +3.61739625231961237e-01 +6.56163107462153006e-01 +3.85350482042876086e-01
-4.03980932674407434e-01 -2.08204981663512284e-01 -3.64802977738104495e-01 -7.24506437986731089e-02 +9.56723749642870852e-02 +1.63010451170742754e-01 -9.26470349763583167e-02 -5.77155549601397699e-01 +5.26974545158287344e-01
-2.45897065320817398e-01 +1.85449069495072699e-01 +8.29945583018682903e-02 +5.35168787304721505e-01 +9.95989849006645960e-05 +2.48288300364656156e-01 +6.76378540751674917e-01 -2.83379900092478321e-01 +1.11401795736771017e-01
-1.01395748872043168e-01 -1.37682026638721811e-01 -1.12813516563734242e-01 -8.15882211543060287e-01 -4.45858563566967125e-01 +1.07505011527791280e-01 -9.57856054788003147e-02 +2.03793855717056716e-01 -1.76968598810371636e-01
+5.05963829097224038e-01 +7.94959048855438666e-02 -3.81414212945272932e-02 -2.20784974660039574e-01 +5.78092110042969232e-01 -9.99645935675030212e-02 +3.84944711161294084e-01 +4.18378703235190330e-01 +1.41681523371407297e-01
-6.79758417988739927e-01 -1.88425972102094746e-01 -5.00295287809709555e-01 -4.49944926002503964e-01 +7.85192875163097659e-02 +6.40872064011229620e-02 +2.09650326831487092e-02 +1.97267021842405965e-01 -7.21635174309562342e-03
-3.31062336371539742e-02 -4.24347089641195552e-01 -1.39479319574652011e-01 -6.97046875574420383e-02 -2.70833273200851932e-01 +5.23762069669321595e-01 +1.59479701425979670e-01 +5.04507671901331944e-01 -4.08510914272459280e-01
+3.92540963040938218e-01 -3.25697325850347719e-01 +4.18654937470649274e-03 +1.81768965488780188e-01 -3.04497719206654582e-01 -9.30445384540993653e-02 -7.33661409892782834e-01 +2.21056616716420011e-02 +2.58169495634745838e-01
-1.38595694539433351e-01 -5.33063998913186676e-01 +5.33807344724843036e-01 -4.39698780065658837e-02 -2.24302920690980477e-02 +4.56297613337789065e-01 -3.84983883662136428e-01 +1.15936624530520692e-02 +2.29548995717668930e-01
+7.97358569187606447e-02 -1.34507777221484243e-01 -2.15572930707308014e-01 +3.00697655777806327e-01 +8.90655300595722538e-02 -3.71761584226850295e-01 +8.23273338751616901e-01 +7.85267962304798672e-02 +9.25974630713655988e-02
-5.57863524498912855e-01 -2.14870767848777150e-01 -2.36442766483628358e-01 +4.82895365574581736e-01 -1.75020908983652468e-01 -2.65697190946959060e-02 +1.91298846467117867e-01 +3.41700578080957995e-01 +4.10892836354129376e-01
+6.47210358322084289e-01 -7.26524294604989490e-02 +3.81587501425303732e-01 -1.59516202457493761e-01 -5.64493636082065042e-01 -5.88914811508828087e-02 -6.45281105168396957e-02 +9.40151086332146058e-02 +2.63935497908364014e-01
+1.89121831562787002e-01 -1.03619958374864582e-01 +5.67739923250204087e-02 -3.07510964806454401e-01 +4.78397304762814890e-01 +1.88780642973663842e-01 -3.74990087235670788e-01 -6.47942836199803307e-01 +1.75385177533545600e-01
-1.83230575901862230e-01 +6.01455260635923916e-01 -7.11828450037127580e-01 +9.15079131337875051e-02 +1.08795882673336938e-01 -1.46787850630564737e-01 -5.52998112949532120e-02 +2.22349453055016272e-01 +6.10255641280830416e-02
+4.95550340579729798e-01 +9.19564222438711970e-02 -2.84320867107984265e-01 +3.24595025305262797e-01 +6.63638073739975798e-02 -5.93412792713827075e-01 -3.51177306575944426e-01 +1.91581283867011537e-01 -2.07850436530205240e-01
-3.17736594180794349e-02 -1.24175643176332756e-01 +4.76625152449699496e-01 -6.17534864358721070e-01 -2.94127442118046978e-01 +4.00941882787036186e-01 -9.83872687531543895e-03 +3.12692010185771863e-01 +1.72949588615932431e-01
-6.49422137402988486e-01 +3.43941527624836818e-01 -9.24918559980152932e-02 +4.88868834547267553e-02 +1.60808029145508902e-01 +1.74055201695349687e-01 -1.43901871421462907e-01 +4.42049803326993673e-01 -4.20404840042606309e-01
+3.60940647464018494e-01 -3.68653194880205370e-01 +4.76738349193138664e-02 +4.63147942895209053e-01 -1.23324247750855279e-01 -4.78579233390745540e-01 -6.79663885402047030e-02 -2.90515178952658326e-01 -4.28686840805282188e-01
-3.06977129962184257e-02 +3.92441258564292961e-01 +2.45471127016900048e-01 -5.34030481820902125e-02 -2.57961683554660037e-01 +6.33249325128740354e-02 +2.38630968878836114e-01 +7.09262029062740718e-01 -3.89085988954661621e-01
+2.22761862339009908e-01 -3.87185903889006588e-01 -1.54892072999405720e-02 +2.22940793069721505e-01 -6.13852768588330600e-01 +2.05799109969565686e-01 +5.54301680101116578e-01 +1.16846082242796009e-01 +1.02224562084351100e-01
-3.30663876588822084e-02 -7.11134073615218854e-02 +6.37403204477043128e-01 -1.15260842637603764e-01 +2.59493974914469572e-01 -1.59902732839663664e-01 +2.04669294087503617e-01 +5.40939636766986642e-01 +3.83236705996583826e-01
+1.16574814908353530e-01 +7.89843101553520804e-02 +1.98533811432857921e-01 -7.23492238756487271e-01 +4.04246723565988342e-01 +2.33604287906415742e-01 +2.47801427247793943e-01 -2.86316348774100782e-01 -2.36529325226193604e-01
-1.79654752867027839e-01 -3.35391236415479160e-02 +8.63876311948849618e-02 +2.25994249335108810e-01 -8.03589965070889839e-02 -8.81492344244900194e-01 +2.49375834623859344e-01 -1.85344571548762993e-01 -1.67439048679525110e-01
+5.15079652149867395e-02 +4.26470589972787542e-02 +9.25064771586991963e-02 +6.74790498617576784e-01 -3.81522946527847684e-01 -1.57885849369819998e-03 -2.72322331807037077e-01 +5.21636736300358450e-01 +1.99504145212769046e-01
+5.85681080948272995e-02 +6.78115294947621794e-01 -1.95909626778758561e-01 -3.05515244137703257e-01 +3.14385851091006086e-01 +3.25730907267096137e-01 +2.31767295340001567e-01 +3.81048496223737210e-01 -3.40022679879836837e-02
+1.19762706323267826e-01 +4.55288653666070242e-01 -1.20158854322969910e-01 +1.88801919692493381e-01 -2.60673134320047850e-01 +5.76002769786742586e-01 -3.22859389464201063e-01 +4.65017111967728602e-01 -8.98668310281595245e-02
-1.94484498713993231e-01 -3.73211207974067705e-01 +3.49890827855184161e-01 +2.57390580515027223e-01 -4.81330561527744116e-01 +1.73776241845236462e-01 +3.45162020745818143e-01 -1.18774383348065157e-01 -4.88972601739543378e-01
-3.13630370139693804e-01 -1.23908412382432043e-02 +4.41680704649812295e-01 -2.51850718474211588e-01 +2.71966986563972446e-01 +4.22510602106339450e-01 -2.32828375050051106e-01 +5.62468126766442089e-01 -1.41106811295446360e-01
-6.36758461467750725e-02 -1.09850997812981133e-01 -4.73699880939073170e-01 -2.89784652419299349e-01 +2.38747405077224389e-01 +4.24409170829521898e-01 -3.43054118384711448e-01 +4.87663805854424037e-01 -2.87899009239481252e-01
-5.75080203202115392e-01 -7.01364155383989857e-02 -2.61380072367148331e-01 -1.71860471048419700e-01 +1.03415321842118865e-01 +6.84687857525298038e-01 +1.08640167309803790e-01 -1.94855822856622340e-01 -1.92988110183692246e-01
-1.35224438249002266e-01 -6.36834939974582293e-01 -2.13101511021052958e-01 -3.03188455450161320e-01 -5.09586603396025017e-02 +4.38486378829144430e-01 -3.91888464104923007e-01 -2.92005093319749054e-01 +7.14806596542584549e-02
-1.66916928950416266e-01 -3.44541571425851456e-01 +2.28941761319343684e-01 +5.83904728091530600e-01 -4.69374218707199892e-02 -4.20184072432427835e-01 -4.36140628819290443e-01 +1.27647912093570154e-01 -2.73496561146598816e-01
+9.52500580080169329e-02 +2.78598288319186926e-01 -2.56887987611132462e-01 +2.16269753449321034e-02 +3.69379072968930744e-01 -6.14341382881805287e-01 -4.85022087533577895e-01 -3.09910705604515391e-01 -4.12789394411604282e-02
+1.37349058728602452e-01 -2.97605447320051064e-01 +8.06388664085534897e-03 -1.38822219291011434e-01 -4.44752648430001507e-01 -5.42967851507205959e-02 +5.48072191326484326e-01 -5.31051753263808934e-01 +3.00129052645653149e-01
-3.41973767541295659e-01 +2.65493544512658219e-01 -1.25451465191958100e-01 -7.35568575520356427e-02 -3.37782341695118726e-01 +4.10453002354425167e-01 +3.81043587782141424e-01 -5.95478216774428026e-01 +9.51910645934720689e-02
-5.39229031479180554e-01 -1.91651590215149575e-01 +9.90585915613833995e-02 -4.86056341182114937e-01 +2.79306411225231976e-01 -4.81044966508104743e-01 -2.68663673615847365e-01 -2.00785615320183936e-01 -6.72828671950773255e-02
+5.11332413361577295e-02 -2.05646867054669225e-01 +1.98906475974462177e-01 +1.42777269178143928e-01 +8.94474230753305871e-02 +1.42871462195428039e-01 -2.82935789615054029e-02 -4.18850002716101233e-01 -8.30961295929060872e-01
-1.46336441673509093e-01 +4.28226598403463193e-02 -5.84978045624523713e-01 +1.65139179100407298e-02 -5.09081389485364300e-01 +3.00746731317309973e-02 -2.97375164560917504e-01 +4.29841711604474042e-01 -3.17829529273289280e-01
-5.19781398368237668e-01 +1.74789990402379303e-01 +3.64776559395879940e-01 +3.96405581047653943e-01 +2.92157449372870248e-01 +1.41905138232262279e-01 -1.73065211790286916e-01 +3.06513716558871996e-01 +4.23888151218624720e-01
-3.91449447396512856e-03 -3.11055669500719320e-02 -4.18748348760035305e-01 +3.78930132548738696e-01 -1.96954366491777250e-01 +2.34213138039830182e-01 -3.73471904874128624e-01 -5.73588031334874571e-01 -3.43434980110497390e-01
-5.99015148038615663e-01 +1.33120516338991555e-02 +5.94481028155632429e-03 +9.00530864411006743e-03 -2.38516879039120944e-01 -3.48869843746622110e-01 -6.22994525474054317e-01 +2.15637886418876323e-01 -1.66327565533542415e-01
+4.74165299968395459e-01 -8.47031580640150022e-03 +3.74545561814122407e-01 +5.79809951357615830e-02 +7.14102192045686507e-02 +1.03417517191288527e-01 -5.09763496999331656e-01 +5.90392212884533585e-01 -8.50468001037817112e-02
+1.86244989325168170e-01 +4.01426666652578479e-01 -8.43849785046227735e-02 -1.34909984020128743e-01 -6.97046714484925389e-01 +3.92680006547829696e-01 +2.76637536687132757e-01 +2.40413724052121941e-01 +6.67016621409349808e-02
-4.98177070462018368e-02 -8.04704213327953499e-01 -7.82180647951174861e-03 +4.30368551488524875e-01 -1.90611710135980827e-01 +3.10683908700319145e-01 -5.87220541290753434e-02 -5.35162059465803183e-02 -1.59754421671634256e-01
+2.19257358104221589e-01 +2.63623858697176416e-01 -3.90508202069379320e-02 +4.34010701122516218e-01 -7.41237824917351573e-01 -2.58360183953219746e-01 +1.67225374531893289e-01 -2.15222899150542296e-01 +4.54939210052442075e-02
-3.20550076189495714e-01 -7.04421527626026611e-01 -2.08968194366685650e-01 +1.40141798853622518e-01 +1.66116746143988248e-01 -3.31124493285431087e-01 +2.68433333541287067e-01 +3.55327863047701697e-01 -4.66688526962838121e-02
-5.94193138223946815e-01 +1.44374650134412603e-02 -1.51092765825124931e-01 +2.26695703808656529e-01 -1.69057243535969959e-01 +2.97415053774917948e-01 -6.19462363217153422e-01 -1.96760903411423688e-01 +1.81718380258568180e-01
+3.65530501398981744e-01 +1.75200475286072743e-01 -1.00604394387760379e-01 -1.04758477182276530e-01 -4.39390926387622449e-01 +6.29428387121775512e-01 -2.82215435014485594e-01 -1.03036477359903955e-01 +3.67546072161327342e-01
-1.25776081165891781e-02 -1.79456574344073749e-01 -6.06489135087945774e-01 -3.46838273953527787e-01 +2.63060075189068543e-01 +3.67479571031290864e-02 +1.20432316962356026e-01 -3.88641219389117998e-01 -4.93370374620380581e-01
-4.51939970463253127e-01 -5.40502544064887736e-01 -1.67224457501554458e-01 +7.40346643431275125e-02 +1.28945353386543532e-01 +1.85372522920152050e-01 +1.26068285034648009e-01 -5.92641140565144942e-01 -2.28156748421503436e-01
+6.14694084962302822e-01 -2.02499105602385238e-01 +1.81195061531842283e-01 +1.20152328632717367e-01 -9.72386525058215045e-02 +4.16521603697520698e-02 -6.50238050465351131e-02 -7.14940491122069033e-01 -8.55500009935016154e-02
-1.21391118383723413e-02 +3.57449180340722983e-01 -3.23126968097328160e-01 +1.91808853694505149e-01 -5.47839834900105127e-01 -1.16040147130594767e-01 -5.71752525243310439e-01 +1.02135625162624671e-01 +2.82762471115284242e-01
+4.78926516083846621e-01 +8.17379101954252008e-02 +9.58912599726792769e-02 +4.59821432726848611e-01 +4.28456020633947929e-02 +2.94376059756936870e-01 +4.16743774959343338e-01 +4.91104075680692975e-01 -1.99914544750520312e-01
-1.44887816557917104e-01 +6.42446321683595389e-01 -8.53065766712200746e-02 +3.86263640692051657e-01 -1.09645881456597871e-01 +3.65338907701916293e-01 +7.12029149041417536e-03 -2.15781036833209150e-01 -4.66568902752111936e-01
+3.86996577788360663e-01 +2.45831861583853145e-01 -2.81902671389806826e-02 +5.33158869458393969e-01 -2.76313607429941911e-02 +1.72603595207167365e-02 -3.37223368793180989e-01 +9.28022390234196082e-02 -6.17538666993022511e-01
-2.87282614617441201e-01 +2.12982757466632311e-01 +3.89978550293771153e-01 -2.32054528714001229e-01 +1.07240371011318267e-01 +3.25528112999708352e-01 +1.27552949075095262e-01 -7.60901126443125631e-02 -7.25703769307279978e-01
+9.97350232123198482e-02 -7.57389915654373396e-03 +3.14109355681738089e-01 +5.52726810853975681e-01 +2.17275125686653636e-01 +6.79012060215817059e-01 -2.19529037416929168e-01 +1.70158354151488056e-01 -2.02786714400834851e-02
+7.24160257302977894e-02 +1.64866977260551467e-01 -5.32164304593627166e-02 -7.57866043712888238e-01 +4.00549323568503479e-01 -1.34811689174835408e-01 -4.55660957776909889e-02 +3.71404948344969288e-01 -2.67861929832566736e-01
-8.75768913453199294e-02 +1.06788142087288804e-01 +1.23925025700800537e-01 -2.18271658033484472e-01 -5.54739826548745985e-01 -1.16991360888367951e-01 -9.54452112257484359e-02 +4.83340584044634425e-01 +5.94790290693975154e-01
+1.27334676715888689e-01 +5.64928800043472540e-02 -5.49421830855984616e-01 +3.27008386954641073e-01 +3.13128912307846174e-01 +1.83487202074864658e-01 +2.27294269261052367e-01 +6.20772382952913038e-01 -5.52928198805706303e-02
-1.31851093373176076e-01 +7.93422355811032931e-01 +7.99131582687460096e-02 +1.46502499091094279e-01 +1.26768094911519746e-01 -1.99704994062417200e-02 -2.95931185554195286e-01 +3.67580273513367417e-01 +2.93406994765704809e-01
+3.22762862862406241e-01 -3.02551759469683212e-01 +1.10668992299372174e-01 -6.62943420281190354e-01 +3.87612337530406081e-02 +9.83137479974025841e-02 -5.66273100578012722e-01 +1.37173942340574728e-01 +4.35318465624294632e-02
-3.51156369883444064e-01 +2.13517583470970745e-01 -3.05542377496989849e-02 -3.18964439478770456e-01 +1.44879747131246156e-02 +5.20387403590349407e-01 -2.98145065034584496e-02 +4.11940792128658029e-01 +5.35565587111516361e-01
+4.04560897135036790e-01 -1.00882819356630168e-01 -7.09574225630350330e-01 -2.24280335358109401e-01 -2.25830663957334116e-01 +2.81649796031089084e-01 +2.74435826292433183e-01 +2.28176986406583515e-01 -1.21037310340774973e-01
-3.78301200961751904e-01 -1.80785034392757754e-01 +5.65370091882953396e-01 +5.17402934523327751e-01 +1.63776746374018400e-01 -3.03778399036081947e-01 +2.87636695865811226e-02 -3.16502775240087242e-01 +1.29423110165332478e-01
+1.49936151432717213e-01 +5.21513411067168059e-02 -1.30411406716378520e-01 -2.02871623932585815e-01 +1.17292067833921154e-01 -8.27292865895452922e-01 +8.57090112294295603e-02 +2.57740072581022717e-01 +3.80379366629238269e-01
+5.61418501943570722e-02 +2.75494933274719467e-01 +2.03599686548916137e-01 -9.79927484575056074e-02 +3.77933128087591608e-01 -1.17322474102294197e-01 +2.26480237185869515e-01 -6.89364786434173649e-01 +4.32180638664994399e-01
-7.72592601937123313e-01 -2.83427724616271248e-01 +2.68484189022133335e-01 -7.95273248223570678e-02 -2.98139167467312116e-01 +1.47138254429228704e-01 +4.68236210399768857e-02 +2.76302113016036466e-01 -2.35136349728388316e-01
+3.42146374593173930e-01 +4.81224374152770140e-01 -2.21129122272813117e-01 +7.29123078869864938e-01 +1.07583045174607511e-01 +3.57194289909078672e-02 -1.05049407391161642e-01 +6.82416159673641665e-02 +2.05665072038634378e-01
-1.03690039926253683e-01 -2.79985829808704789e-01 -6.49074429053191460e-01 +2.85528594931571844e-01 +1.58537597841321487e-01 -1.26116353410890003e-01 -1.27496552144159003e-01 +5.37128687362639773e-02 -5.89789937307016676e-01
-6.10156505740357069e-01 -3.59300163690703181e-02 +4.65635434653375424e-01 -1.15529361514827136e-01 +2.19718417233676633e-01 +2.73907895901708998e-01 +4.13304156303463288e-01 -3.11952263589775514e-01 -6.94148569407051497e-02
-1.43658019618487565e-01 +4.39345438260957566e-01 -9.53584197933084882e-02 -1.31591305948959320e-01 +1.03291857283460242e-01 -2.80954800885720113e-01 -6.09241288237463915e-02 -4.87381436656333766e-01 -6.55035294514597966e-01
-3.00814507085466865e-01 -2.81926994816560694e-01 +5.20057673568552273e-02 -1.45100101677148097e-01 -7.43637909550288745e-01 +3.25984127299866366e-01 -1.88568677286576503e-01 -7.71066828789213066e-02 +3.24811613409308197e-01
+2.20127270361888255e-01 +1.06391679358226424e-01 +7.81260174719692446e-01 +3.39475377056724439e-02 -1.43930145902066209e-01 +4.51202821052393677e-01 -1.53317325153087369e-03 +1.16074913649845818e-01 -3.01544840219445776e-01
+1.40109883537378382e-01 +4.35740132427175797e-01 -2.80670408989167730e-01 +1.15368388137575315e-01 +1.53011592863830398e-01 +6.48156898890029365e-01 -1.70371443632279074e-01 -4.58232977915465189e-01 +1.26056376593142228e-01
-1.56259939375153423e-01 +1.31285314945525644e-01 +5.74814008339838492e-02 +2.00720182638778999e-01 +5.17646432209695417e-01 -1.77760247475230310e-01 -6.53004460286635280e-01 +2.46673625367343607e-01 -3.57680104699373891e-01
+1.23889731059763517e-01 +5.75587585214550335e-01 +5.06813001579366040e-01 -4.12710476929401271e-01 -3.68672093683852176e-01 +1.05431910851218433e-01 +2.06974008145626526e-01 -1.50103757861596160e-01 +1.17288240197511315e-01
+9.75776145370564063e-02 -1.27555644770743659e-01 -2.36928485237224012e-01 -4.17987124598114157e-01 -1.49767750839817585e-02 -5.74684832714951632e-01 +3.05339733807588998e-01 +3.31079375027125256e-01 -4.58286980861559556e-01
-6.19476481567103679e-02 -1.02730860654838635e-01 -3.58133493382528992e-02 +3.37342536911478252e-01 -4.48888708067311681e-01 -4.75433696156233598e-01 +1.82169234961642640e-01 +5.86976361265535984e-01 -2.55462571493586088e-01
+4.40320638197581493e-01 -3.65278611031291445e-01 -4.38058085650991580e-01 +8.36981127330345270e-02 -5.03613388264755213e-01 -4.05296426238884233e-01 -2.00574301317571474e-04 +2.19616931507205598e-01 +8.75541925028872348e-02
+7.35778763188164819e-01 +6.84029489813054066e-03 -1.32114996921205818e-01 +2.19864647709170219e-01 +4.39251804382620070e-01 +2.07658255719444310e-02 -3.87409100576405652e-01 -2.20180532834108017e-01 +2.91434532893754435e-02
+6.78806720338776259e-02 -7.37272072708144544e-01 +2.36569220855101570e-01 +3.71243901824882139e-03 -7.21612325316432907e-02 -4.10467396822072339e-01 -2.62110127833810658e-01 -3.83599745876049725e-01 +7.93858628838312458e-02
-4.32533307333022976e-01 -3.73831198950799970e-01 -3.67961715585004956e-01 +1.14771817367834025e-01 +4.58932569068430107e-01 +1.26561276275922091e-01 -4.43615101855904859e-01 +1.93217498441708713e-01 +2.52651061025581825e-01
+8.52207072415258476e-02 +6.88674255621079395e-02 +4.18708475232908106e-01 +1.04777809806750888e-01 -1.00743930209172924e-01 +8.22831806303912366e-02 -5.79671809302315766e-01 +1.85294734682156292e-01 +6.43759369333402276e-01
+2.53976987207577221e-01 -5.14600702992850989e-01 -4.24437281487798024e-01 -3.00122409646347843e-01 -2.97274586113665640e-01 -9.33183044728674305e-02 -1.47675819112296713e-01 -1.14932817452940927e-01 +5.18037792233966510e-01
-3.20223305077066256e-01 -6.42338899263933116e-02 +5.92951898698573565e-01 -8.35100013120050472e-02 -4.89915944029170936e-01 -4.65031520592809389e-01 -2.53572491859091642e-01 +3.23677533258368150e-02 +1.14658363581659248e-01
+1.83193398649982575e-01 +4.80124057021658002e-01 +1.58574453623397421e-01 -4.87007195365232071e-01 -3.23928894474138251e-01 +5.43996510367840067e-03 -3.72521062338466713e-01 +4.78003557311686589e-01 +3.71529042833854128e-02
+1.52296444245295842e-01 +3.27517576347903405e-01 -3.48411921143830572e-01 -2.45604369103109982e-01 -2.78009076525952414e-01 -2.22778805985366007e-01 +4.89985784054645157e-01 -1.27482086440800446e-01 +5.51877217657822716e-01
+1.78018583119753521e-01 +3.40562573065962271e-01 -3.46918242152796708e-01 +4.96352696838550267e-01 -3.63941672290174156e-01 +2.28761958366525964e-01 +3.92784658054975144e-01 +2.34722250786439240e-02 +3.82088921737957388e-01
+5.15514535900392978e-01 -5.42965847981110139e-01 +1.13791247804162457e-01 +1.00278165950612799e-01 +1.58960055956839902e-01 +5.24189590288523299e-01 -3.33430031676177407e-01 -3.64199453351371563e-02 -6.23190834324976115e-02
+4.73531829269297877e-01 -1.05195206499231350e-01 +4.41310580925873275e-01 -4.31383570457739007e-01 -3.96011645446589025e-02 +4.56705240233618720e-02 +3.92648369065602798e-01 +4.41755328003433312e-01 -1.75727632867734379e-01
+3.11636477343934015e-01 -4.79096790163688543e-02 -8.16968328056511678e-02 -2.00244737649078568e-02 +3.76601772995331152e-01 +4.71946202629777711e-01 -3.12974818480166783e-01 +4.55874357817227016e-01 +4.72414263001572965e-01
-3.41655577627755447e-01 +4.81169994002391965e-01 +1.73753128284328623e-01 +7.73089333873335227e-02 -3.91251562198225156e-01 +5.00194322856225074e-04 +1.11508063842740340e-01 -2.92949441202315031e-01 +6.03530135003951473e-01
-1.70286444419302102e-01 -2.75171710945971704e-01 -4.65549633926479051e-02 +1.98911834558027772e-01 -5.61167105716086967e-01 -2.00851340996695216e-01 -5.15964095770326980e-01 -4.63183130700824619e-01 +1.32447844038771662e-01
-2.63361774543170779e-01 +6.16545768854442899e-03 -5.54262583648709728e-01 +6.01983894473704484e-01 -1.81974385309944864e-01 -4.55984892380847995e-01 -8.56183289538188508e-02 -1.12256841033414670e-01 +6.47660421362928652e-03
+9.90659719410868916e-02 -1.80283779316775583e-01 -5.02495189931072339e-01 -1.15959430018735390e-01 -7.15186727254427779e-01 +7.32226671259606776e-02 +1.14995522522886501e-01 -3.03170388561942561e-01 -2.64094335951083670e-01
-3.94491240021418665e-01 +2.75445638181380625e-01 -6.00433463825694069e-01 +6.89504656183990289e-02 -4.65024601601091991e-01 +3.66844677441471201e-01 +4.05076508418118902e-02 +6.48617890627909083e-04 +2.25316805452276225e-01
+2.56811247290778200e-01 +1.93287274509569978e-01 -1.98292948933150387e-01 -2.70190945009411666e-03 +6.88268274160603433e-01 -4.39277815518484938e-01 +2.21649417721327624e-01 -9.47366457683015140e-02 -3.64113864080997940e-01
-8.37189834679377687e-02 -4.69970544823443359e-01 +2.09427365271125820e-01 -2.99685495125412427e-01 +5.79212697342595839e-01 +3.99720628328660621e-01 +2.95037217002945718e-01 +9.16875475639379184e-02 +2.18472209269290618e-01
-2.77376556873501559e-02 -7.66370483221850141e-02 +1.06338601840052140e-02 -1.18487599412155489e-01 -5.73793634610228365e-01 +7.28534445832269340e-01 -1.13328695043062783e-01 -6.36989589609371354e-02 -3.19847574179242311e-01
-2.55528246124021918e-01 +4.67018690209489596e-03 -4.35879125445817972e-01 -1.03955115775247811e-01 +3.71382172266222443e-01 +3.01947857157815636e-01 +6.24868073961186710e-01 +2.61622137988496872e-01 +2.14202585023650888e-01
-2.44326824191906128e-01 +3.54550442702285862e-01 +2.95259630574087384e-01 -4.86715319548176872e-01 -4.09104476907890327e-02 -3.61935356959037446e-01 +5.58083377231800681e-01 +1.21653444998785516e-02 -2.15063748534476046e-01
+6.27619363044905509e-01 +2.02443059532776519e-02 -2.70856446329904188e-01 +1.09624135307472406e-01 +3.78851292077638513e-01 +1.02201806054626823e-01 +5.18665113216406182e-01 -3.08694108400490441e-01 +4.49930522249498144e-02
-6.27694419991501468e-02 -4.95599293533435181e-01 +6.65253371892246759e-01 -8.70853701812771969e-02 -1.33174406681114438e-01 -1.71107673567170021e-01 -2.16698069466507992e-01 +3.71990818162590886e-01 -2.60666350399202884e-01
-3.77356563598961192e-01 +2.43764333226061225e-01 -2.67152237295665840e-01 -1.05388232427636556e-02 +2.45257908695622417e-01 -7.12428414943989563e-01 -5.76288583845383437e-02 +3.40264571060717780e-01 -1.99731913406496125e-01
+4.85334148673350410e-02 +3.30307781409247325e-01 +1.95585406388030014e-01 -2.85968678699061452e-01 -6.76660083031094928e-01 -2.09124038027681702e-01 +1.33443341076189936e-01 +1.57776289556684213e-01 -4.73505360814907295e-01
-5.38144199001181628e-02 -5.74235364554941882e-02 -6.67514063967147575e-02 +6.59700731244860727e-01 +2.12051330950717959e-01 +1.12941133983999978e-01 +3.02341751398950531e-01 +9.06680478495890257e-02 -6.29915108857861950e-01
+1.90990097700492384e-01 +4.54416881963363328e-01 +1.23370405954064080e-01 +1.41301657297666472e-01 -2.15158944250840228e-01 -2.78473922965543734e-02 -5.44152517233419175e-01 -5.72954436076993256e-01 +2.24486231573535616e-01
-8.71334439198727800e-02 -9.33708064762365925e-02 -4.50772412725994165e-01 +3.38486545157508867e-01 +1.54138917532747159e-02 -4.33926842391484158e-01 -4.71364902817370035e-01 +2.88766934811654108e-01 +4.14511084611481839e-01
-6.81368591780704899e-03 -1.07274135687902519e-01 +2.45614596473629265e-01 -2.42743535504077040e-01 +3.34195915458842363e-01 -3.15338719874775075e-01 +1.98979109771210250e-01 -7.30983836112453322e-01 -2.90067934322370713e-01
+5.82353484355699891e-02 +6.54802903325696350e-01 +2.70518647241293486e-01 -3.78367644014743210e-01 +3.56439706080329710e-01 +4.55745999542302993e-02 -4.08642750385695419e-01 -1.86377855147634691e-01 -1.43692306274418008e-01
+3.11192471488517308e-01 +4.43480338603430557e-01 -2.53246458718321077e-01 -4.27478439680161859e-01 -1.19294866457026819e-01 +3.25949332176141915e-01 +2.55327423797624853e-01 -5.18536944224537111e-01 -7.11755684092038737e-02
-2.64302250348077861e-01 -6.68857772962256014e-01 +1.05559198594874074e-01 -4.45105021170510151e-01 +2.38119328043372214e-01 +6.41647927930029255e-02 +4.71601208757794071e-02 -3.72947995290449016e-02 -4.57252076687241549e-01
-3.63099783001428478e-01 +4.01641011385975091e-02 -1.39186636008450132e-01 -3.32837076683885180e-01 +7.94307386952318950e-01 +1.81491098317429350e-01 -1.04082202131479715e-01 -3.66758205455308753e-02 -2.45663365108651860e-01
-7.02211560606046281e-01 -1.25749064010742071e-02 -1.84482050223927496e-02 +4.80526891762130037e-01 -1.90920570267229563e-02 -2.15497260306215715e-01 +7.32317571423325708e-02 -4.71993287609683981e-02 -4.70212848797719574e-01
-5.27617542036825760e-01 +5.05982106598833137e-01 +4.06539126232641324e-01 +5.77919104798754399e-02 +2.49767395716010476e-01 -4.06058163987001564e-01 -3.27000323521572586e-02 -2.45025785957375092e-01 -9.28114144854921413e-02
-2.56716119990739178e-01 -3.06200650604625535e-01 -4.71804671853518834e-02 -1.04095226355888124e-01 -3.35062514619331620e-01 -2.75975005173853927e-01 +6.44855905002376661e-01 -3.09744174389947002e-01 -3.56463881345095601e-01
-1.63923940499455828e-01 -3.73098034011876967e-01 +5.48281823738164698e-01 +5.54313255420221362e-01 +8.85477524083481959e-02 +8.87714419393053761e-02 +4.04319737577168936e-01 +2.16441015735561293e-01 +2.90146923572400395e-03
+1.81553836339332336e-01 -2.14681242349527429e-01 -6.95917200968062755e-01 +2.03836905830286852e-01 -6.00188095225468107e-02 +4.86218980832058500e-01 -2.72883715254337633e-01 -3.65312223526815943e-02 +2.81582540006629300e-01
+3.55797646850996019e-01 +2.05268918116024296e-01 +2.12906061948934688e-01 -3.71864611754813834e-01 -2.19191568046102847e-01 +3.53450786775873271e-01 -4.20917848831720509e-01 -4.08495031881163428e-01 -3.61452619784253137e-01
-2.64968119900018118e-01 -5.04170255733690120e-01 -2.58104074357904500e-01 -1.51515853131003603e-01 -2.85680131172454277e-01 -3.55965919193888702e-01 -8.97211350795736884e-02 -1.67659431879981197e-01 -5.84418549985678104e-01
+4.17635650124671742e-01 +4.20679370325534985e-01 -3.89295368077708259e-01 +4.93965786554715278e-02 -1.08622784292217625e-01 -2.96936272091300579e-01 +5.12804582222776473e-01 +3.11713326783910449e-01 -1.85781131828795049e-01
+1.15929105441187050e-01 +3.24319160171477550e-01 +3.96348240667004525e-01 +3.53261074487115856e-01 +4.63818402294733159e-02 +1.93913161683122726e-01 +4.33436636540361353e-01 +2.79780651737827624e-01 +5.41843233666685076e-01
+3.05582853808125075e-02 +2.13459573489098303e-01 +2.45044563584229491e-01 +8.76714034311130708e-02 +7.90205806104586239e-01 -3.25059563962942166e-01 -2.05497132965000440e-01 +2.34727185656176202e-01 +2.41564130388991050e-01
+5.20388780534735251e-01 +2.91726871297531165e-01 +5.75449112907747362e-01 +3.15058521374690856e-02 +1.03375209803769866e-01 -3.25890810422616306e-01 -3.62910920207183019e-01 -6.95752322827925540e-02 +2.41909789216127935e-01
-6.36788117243847873e-01 -8.47145695252815162e-02 +1.06464271884118028e-01 +7.40026606271375516e-03 +5.45341738387107422e-01 -1.53726064062401080e-01 +3.29729036663379660e-01 +3.77807500705955590e-01 +5.87015392791055690e-02
+2.13306383581585816e-02 -7.80636484156251170e-02 +3.98175464148164682e-01 -1.87116623287580525e-01 -1.75704007402127382e-01 -4.54935864755540376e-01 -4.75827079955073340e-01 -4.39623606693020030e-01 -3.77327278187958692e-01
-5.03108889803776216e-01 -5.11165717613895398e-01 +3.26551710298972397e-01 -3.89332198056457524e-01 -1.12031634064747407e-01 -6.51110022803808447e-02 +2.91647791163921088e-01 -1.01274764580439172e-01 +3.39514259661116258e-01
+1.47728162108476085e-01 +7.97960391829787563e-02 -3.39726830668114044e-01 -1.27807611895223560e-03 +4.30343241715000269e-01 +3.95879271256222298e-01 -3.95796165024575430e-01 -2.85954082339247573e-01 -5.25407446408611922e-01
+2.13571788211127489e-01 -4.99800661538567850e-02 +2.67289586699738513e-02 -4.05052621541760249e-01 -4.52430488876436110e-01 -6.68142264470734437e-01 -3.66488472325077197e-01 +4.10263769295027350e-02 -1.61988578041248762e-03
+4.33085308899857746e-01 -2.77040925516037595e-01 +4.82067730493043356e-01 +3.11709270471592803e-01 +4.80064083198126546e-01 -7.45194769729283224e-02 +2.09025302858237734e-02 -2.34668581062671758e-02 -4.11255625003209113e-01
-2.86921737043615600e-03 -3.47115973832443359e-02 -2.50349398292043279e-01 -5.21732231425092507e-01 -5.05162226731036834e-02 +2.88247048498398439e-01 +6.56027135240110804e-01 +8.50101516453423550e-02 -3.75061264716156806e-01
-1.00790334126935791e-01 -2.45265105687742208e-01 +6.63252139703430447e-03 -9.83046167238742635e-02 +5.53278480998859234e-01 -4.68039515889030824e-02 +4.30821800429947444e-01 +4.51745546657397079e-01 -4.71157509117723639e-01
+2.74665106494329569e-01 -3.81314988079204720e-01 +5.33568043931678004e-01 -4.98243242879151782e-01 -3.18971067176457068e-01 +9.86067313544052200e-03 +1.02171026936947990e-01 -2.18091464403481677e-01 -2.93894866235234586e-01
+3.93012675077729856e-01 -1.66419405541239518e-01 +8.28991808151018916e-02 -3.22926979254008595e-01 +2.40715975295977797e-01 +1.80953013585581191e-01 -9.93868952252707771e-02 +1.84949119703058135e-01 -7.56253532135725659e-01
-1.79673992093524991e-02 -4.94065264886120348e-01 -5.28004333703192996e-01 +5.49788684025761601e-02 +8.77769862927927323e-03 +2.38977318626880930e-01 +5.19786209331325244e-01 -1.68309601483045107e-01 +3.43616649836338772e-01
-4.82292062415918377e-01 -5.97300979064805060e-01 -2.39230398150212242e-01 -1.45715563719735292e-01 -3.55722619122849248e-01 -1.57086155215900358e-01 -2.68971156385434895e-01 +2.98981340993895894e-01 +1.38606388321736190e-01
-3.86743172774996480e-02 +4.30102459697228379e-01 +6.83297772272513648e-02 -9.99956424507126435e-02 -3.93441796794100407e-01 -4.71381018577749167e-01 +1.22859934271745130e-01 -6.37195675246270077e-01 -2.71786724966975451e-02
+3.06270890585276012e-01 -1.38937988199277097e-02 +3.40189131045544935e-01 -6.29362210165610336e-01 +2.50431535382704719e-02 -4.11115880976271386e-01 +3.37007489025866802e-01 +3.64768175536563932e-02 +3.31106681388323887e-01
+5.12222143003240427e-01 +6.41265284873409391e-01 +3.26025890501784488e-01 +2.63019273643614993e-01 -2.13726261836670855e-03 +2.59775213052278631e-01 +8.53487399939117514e-02 -2.73846566771686117e-01 -3.42229789593512593e-02
+2.28854942320803056e-01 -4.25717591025582487e-01 -3.96113804512852274e-01 +7.25741859467909700e-01 +6.15455819359114267e-02 -6.05913458656077014e-02 +1.68104825263912155e-01 +2.06158216900584806e-01 +6.75495583616741169e-02
-5.57231973537091266e-03 +7.18176525501098562e-02 +4.28031346064449286e-02 +3.00783006034724965e-01 +6.16611937188526582e-01 +4.37795436060979870e-01 +2.46497016523652079e-01 -6.71737606277739291e-02 +5.15131469425413324e-01
+1.91827792501385042e-02 -8.77966646429831077e-02 -3.04883900176446898e-01 +4.38619975045563881e-01 -1.61832632045007918e-01 -1.44989255887199103e-01 +3.40074089952424163e-01 -7.37319015906707564e-01 -8.98268167594017813e-03
+8.10711488857838586e-02 +1.83495427944817741e-01 -6.00411141846703744e-01 -6.29393504060645870e-01 -1.48677414046301276e-01 +2.77578822912071865e-01 -1.23774565356605248e-01 -1.37957283662076408e-02 +2.97425172114213043e-01
+5.12644390221820428e-02 +3.51755138009095969e-01 +2.38445930636732834e-01 -2.48692161229711189e-01 +3.56920655732826164e-01 +1.38803612801869342e-01 +7.67551265072635713e-01 +5.69883029648279773e-03 +1.38238231631727465e-01
+6.94954811056826410e-02 -4.20131758118541976e-01 +1.84725947711079780e-01 +1.80333944125500745e-01 +1.57605470000232201e-01 +1.28826724354320465e-01 +1.03371080300322979e-01 +8.34642664470290008e-01 +5.71481415806129461e-02
+6.15595653829899780e-01 +3.81796845969932463e-01 +1.87173083564457554e-01 -3.37188973752631627e-01 +8.56113765316927622e-02 -3.16130206635665989e-01 +2.51150779811612108e-02 -2.35954955795306731e-01 -4.03695266898491667e-01
+3.84567442234731216e-01 -6.97890388708365839e-01 +9.14826179896520292e-02 -7.58430345171897946e-02 +1.40613703109702504e-01 +7.55695376411054942e-02 +5.55331471431909640e-01 -4.99286572236672874e-02 -1.20692874462844851e-01
-6.91961849119695216e-02 -1.69505383154931744e-01 -2.79805556211159892e-02 -1.10095494326042098e-01 +1.27524804721047880e-01 -6.43760018733022021e-01 -2.37476770208124133e-01 -4.68063845291784464e-01 +4.97400609685262063e-01
-3.03854182896863501e-01 -7.40286368029358273e-03 +5.69766297290875412e-02 -3.25860181283052289e-02 -2.70805658609333307e-03 -3.81510752328092062e-01 +5.32551714210818927e-01 +1.82815961201273136e-01 +6.63866595440242957e-01
-1.25099416599632196e-01 +2.74628689887473854e-01 +7.42333345259496014e-02 +6.27527447066887234e-01 +4.04386345100393563e-01 -2.03555216104617714e-01 +5.48823518578729422e-02 +5.47607815444081991e-01 -4.21722621168433218e-02
+3.71283748781889689e-01 -6.29708583711981795e-01 -9.01407979993876403e-03 -2.25359457148672643e-01 -4.88440179901103166e-01 +2.31783696145424038e-02 -2.13092162402648388e-01 +1.17563064741254442e-01 -3.41184625826441823e-01
-3.17845593691150785e-01 -4.80839845513232667e-01 +2.25423530122661447e-01 +7.58019429759712315e-02 +2.50873546166637429e-01 -1.83407394844697313e-01 -3.08419025248075906e-01 +2.52734950855112786e-02 +6.47200637907041965e-01
+1.69573531912236064e-01 -1.35002917199407269e-01 +2.05479352384352831e-01 +9.59513092108112697e-02 -7.60640816664066299e-02 +7.09063131659518842e-01 +2.46184971838044581e-01 -5.65487119357124257e-01 -1.12479419942596290e-01
-4.97746587475466795e-01 +2.45964920933803927e-01 +1.40879037524477585e-01 -6.87572726827390124e-02 +4.65860846387565530e-01 +3.97490193727612184e-01 -3.67351023154540823e-01 -2.24722603877176713e-01 +3.26654743350503873e-01
-3.02516047678829947e-01 +1.62580066792545330e-01 -3.91087112217124791e-02 -4.88792233398901155e-01 -1.10439320140201566e-01 -1.98388013612253389e-01 -4.93199786244289839e-01 -1.29113602900465807e-01 +5.74572384535320557e-01
+3.55052879507469887e-01 +2.30042094507726363e-01 +4.74090919936651201e-01 -7.10627404023083387e-02 +6.62707067594331178e-01 +3.19095431125081153e-01 -5.31739274897867764e-02 +1.37019872905709328e-01 -1.69119810572036150e-01
-2.87013685171406630e-01 -1.37074410193703755e-01 -2.36122686658148950e-01 -2.16546438989030171e-01 -6.72925652552722631e-01 -5.06023222097807590e-01 +2.05308627024327311e-01 -5.39881458881051324e-02 +2.05505911856764728e-01
-1.52487049966813244e-02 -3.93631536808283777e-01 +1.48846215957767258e-01 +5.03277368428449612e-01 -4.29601881025174437e-01 -2.60479598065900486e-01 +9.43054515536238674e-02 -1.74888654615552586e-01 +5.26774551163730065e-01
-4.48919830092781857e-02 -5.66914535982932066e-01 -2.93481004676040658e-01 -5.52880393285258620e-01 +6.16582499449144644e-02 +2.03940621172855295e-02 +1.66816928500629097e-01 +4.37918446668233596e-01 +2.46914313568928873e-01
+8.16447469620145472e-01 +1.90094178624171578e-01 -9.66487523004749783e-04 -2.72128967299130331e-01 +1.67716110450009497e-02 +3.46090399443976182e-01 -1.18501139835575905e-01 +2.93478906833589570e-01 -5.46843966752382851e-02
-1.01095679164596677e-01 +2.95636038708816273e-01 +3.28490716266814198e-01 +3.86524901536123178e-01 -6.35439007167406950e-02 -6.37490442057694007e-01 -8.65382373143705336e-02 +1.88434823795901235e-01 +4.37770380131102421e-01
-3.33231045427209494e-01 +7.89771668729117166e-02 -1.69601722557207568e-01 -1.03140699407635775e-01 -4.18119218745308108e-02 -1.76141226833953168e-01 +1.89337265641256122e-02 +8.98291033002227235e-01 +5.70762186231993859e-02
+2.94298044274301229e-01 +5.06124643756220710e-02 +2.68543445192367836e-01 +1.62796027242764707e-01 -7.42025045360153568e-01 +8.85157557431835440e-02 -3.47804161672998657e-01 -6.17625279024561560e-02 -3.59152278926154866e-01
+4.37725240066484333e-01 -2.12751005148919953e-02 -1.00539077902503673e-01 +3.73458992565786352e-01 +3.72563387293257442e-01 -1.90910117864264733e-01 +2.03683011665259150e-01 +9.21556313899785789e-02 +6.58129682282141970e-01
+1.75439132248759094e-01 +4.80552913478935639e-01 +3.36592501398104260e-01 -1.52580291066739204e-01 +8.00624323411942840e-02 -4.79797552754126500e-01 -3.48466568307596702e-01 +3.08698571507575126e-01 -3.85195157060856497e-01
+5.93334144866203950e-01 +1.17072579772870208e-01 -5.06563341971752790e-01 -4.22329118018974284e-02 -2.83952453344142541e-01 -2.35682288070485045e-02 -4.64733370843862847e-01 -1.25701867491044977e-01 -2.50790834554341868e-01
-8.50378154286981491e-01 -1.98924167708964345e-01 -2.76065070277245299e-02 +1.65039893140115690e-01 -7.77415254416627122e-02 -2.74543453396951687e-01 +1.97248550953180654e-02 -2.98613055773543745e-01 +1.95727374392863251e-01
-4.94128191820209728e-01 -4.07850142579770369e-01 +1.93857398250026181e-01 +2.85636737311229238e-01 +4.64369614924074248e-01 +3.17809197817780387e-01 -1.59972408049222969e-01 +1.03119196442156461e-01 -3.42724363291873779e-01
+3.84442495231150205e-01 -5.43994980385976268e-01 +2.34747853407253820e-01 -3.74537172810173180e-02 -8.94960184414790444e-02 +2.33804608980108519e-01 +1.36239613929890396e-01 +2.75216354768947791e-01 +5.85478169297999229e-01
-3.04403319504966574e-01 -4.31066383292243241e-02 +4.68447399365532813e-01 -1.31655537590729149e-01 +1.35235266273454169e-01 -4.56407550557857422e-01 +1.46632884079804598e-01 +1.83179189211631732e-01 -6.22135067932686248e-01
+3.67881431962014283e-01 -5.43665284607302901e-01 -3.04317370306451285e-01 +4.31334964887951991e-02 +5.06907591654656042e-01 +7.95088909570858737e-04 -1.89349505339502233e-01 +4.01509176124063893e-01 -1.43537303908143593e-01
-1.37740975423946060e-01 -4.49787936499457253e-02 -4.30555227697848486e-01 +2.87946040198402586e-01 +5.85275710811617111e-01 -4.77920374532900649e-01 +2.30276853155198497e-01 -7.90020335915892491e-02 +2.83706385505843539e-01
+6.10378692780122134e-01 +1.52713592341507422e-02 +9.17683394500995869e-02 +1.28434663078959066e-01 -2.21980899604630244e-01 -5.47841787769640876e-01 +2.48711157018282447e-01 -2.06059720271505986e-01 +3.85439689214636005e-01
+2.11055058616791830e-01 -5.27116119152000850e-01 -5.16365576124493963e-01 +3.35208798656447760e-01 +1.66074279438713973e-01 -1.74589603836895202e-01 -1.66303321814332522e-01 -4.56640972278507695e-01 +6.60760455109298261e-02
-4.79584322426742038e-01 +5.61938527940423094e-01 +3.84846800935739808e-01 +1.50062915496028293e-01 -3.42114768056464347e-01 +3.90204163453650887e-01 -1.14806744235842098e-01 -8.07597547055672119e-03 +3.24101234225571827e-02
-1.69167301869118769e-01 +1.95218908759514281e-01 +4.61348750741955804e-01 +4.43362212208017303e-01 -5.50452348199705482e-02 +3.67062872330196466e-01 -2.64029116159311239e-01 -5.58898623385665094e-01 -6.33648569317294685e-02
-7.34205405306654485e-02 -3.70193433057424193e-01 +1.12413977234757032e-01 -1.29182392959560799e-01 +6.81320036957939468e-02 -3.97637512502032497e-01 -4.44484003293048657e-01 +6.29156159143783422e-01 +2.68477541653800278e-01
-3.94221589405034212e-01 +3.63920499509382323e-01 -1.14355263082345338e-01 +3.32956804604521039e-01 +4.98372432562382145e-02 +6.17462020006524170e-01 +3.33092419560611919e-01 +3.01482449756312665e-01 +5.12691340964127537e-02
+3.10190630770491360e-01 -3.78669670933426822e-02 +6.94358324407856942e-01 -2.72494554022914628e-02 -4.36224653954823682e-02 +5.29905072310167119e-02 +5.69733771540946066e-01 -2.32390988410946575e-01 +1.90154659733807851e-01
+3.46672373528679911e-01 +1.71050663470076331e-01 -5.81112322123125580e-01 -2.31141434261685819e-01 +1.13544091980461823e-01 -2.86380485662212692e-01 -2.82785971401617597e-01 +5.09870388931064289e-01 +1.56844763637470824e-01
-2.28079164241649646e-01 -8.85589223461868691e-02 +5.33082174175281032e-01 +2.84815579113340656e-01 -5.84706725357598933e-01 +1.07503505433802188e-01 +1.59567431920719788e-01 +3.31001861226279892e-01 +2.93900897852665988e-01
+3.42961730070546131e-02 +8.60451501062964197e-01 -1.31869633167982668e-03 +5.24420491399817806e-02 +1.97824691554166737e-01 -2.33690237125360079e-01 +3.29773644024268175e-01 -1.79001273895965790e-01 +1.45455255978995196e-01
-2.84469245535376829e-02 -4.82133421033175802e-01 +4.24164789860767555e-01 +1.74729780968688880e-02 +3.53607883256074895e-01 -4.20727000618543734e-01 +4.59680756116965239e-01 -2.05925648982757920e-01 +1.75372598434122257e-01
-3.34570765289216809e-01 +4.35564715982417916e-01 -2.30084619628990239e-01 -4.43264350937811247e-01 +4.14155376015351573e-01 -1.85055088253752748e-01 +1.52279059714108045e-01 +1.43372838793419333e-01 +4.46552147123590981e-01
-4.20827761815448453e-01 +5.93074709632180452e-01 -8.05598078240533644e-02 -5.56592102409020129e-01 -8.18348663844984392e-02 +3.23420081587107111e-01 +2.75298561934522179e-02 -8.03724699539315468e-02 -1.90700317621277676e-01
-2.12237223713020257e-01 -2.48756037854884510e-01 -8.02888324473779114e-01 -1.35955784507621524e-01 -4.98588698413961542e-02 -4.36151661009660685e-01 +1.48128338850652880e-01 -4.84273945672906020e-02 +1.13845342308575015e-01
-5.25823460437351287e-01 +2.18626077400592977e-01 +3.54303582361145064e-01 -4.89890765590930033e-01 -2.71067281469408658e-05 -3.03150362743298540e-01 -3.34751494212857797e-02 +4.53491613963496853e-01 +1.07298477709369469e-01
+6.93893916296858149e-01 -1.54042959642108235e-01 -1.51886759224810458e-01 +4.63753106484487199e-01 -3.03659042190895012e-01 +3.94965283211141271e-01 +5.45757932684350633e-02 +7.24459237217158457e-03 -7.35396351174976981e-02
+3.02705388411939669e-01 +6.54210234926986156e-01 -3.45358056805005975e-01 -2.89519852722052828e-01 -4.07758838180224015e-01 -3.16926063331266161e-01 -8.12118899256731169e-02 -4.85867435123344266e-02 +4.02373132757750177e-02
-1.99554301323305483e-01 +5.41704380111537653e-01 +5.34128424942943880e-01 +2.43623765788049396e-01 +3.02353534676322200e-01 +1.11707836346665576e-01 +3.08337172859175002e-01 +2.26724333087290064e-01 -2.67799730749262110e-01
-2.42696804073368688e-01 -1.74277217512027183e-01 +6.04954975307386844e-01 +1.10831349065779142e-01 -4.48660249418111834e-01 +1.43703248710346544e-02 +1.31499906314694437e-01 -5.58251749344979342e-01 +4.50758916895980036e-02
-2.62539736876109264e-01 +2.27217170222076048e-01 -2.70309919659397546e-01 +1.22295897715969992e-01 +1.81843334520965849e-01 -1.83942449726931301e-01 +6.36916457800745905e-01 +1.01295909016537525e-01 -5.55514397950841565e-01
-3.94431106327617631e-01 -9.38692132335850193e-02 +3.55716130137249120e-01 -5.46466839146146355e-01 -1.10558417151200281e-01 +1.96419866542384747e-01 -1.86272816967550631e-01 -5.55481376445512653e-01 -1.28029887711984675e-01
+3.96767760157136329e-01 -2.82335276441945060e-01 +3.97904108753437735e-01 -3.69054528840568996e-01 +4.00642857966582944e-01 -4.71747270394865914e-01 -2.70238436530481241e-01 -4.35381958202807895e-02 -1.01728252306699324e-01
+3.52165255754440729e-02 -5.93227415644359990e-01 +2.07577345695456716e-01 -2.60280723995688135e-01 -3.15333348853528539e-01 -4.44789833782280264e-01 +3.99862288948888311e-01 +2.80518606949095917e-01 -1.23678543515752092e-02
+2.99922336377987986e-01 +3.20423475868633789e-01 -2.95798334044661493e-01 -8.87326705418131911e-02 -2.23654363993787797e-01 +2.63749819957904419e-01 +1.58459324087303760e-01 +8.64381038497577525e-02 -7.48223964973131483e-01
+1.92447669467305071e-01 -3.59242668801926374e-02 +2.66147657023718009e-01 -4.78524726402810574e-01 -3.68183259119748196e-01 -4.33107742793959541e-02 -2.15012938455852620e-01 -4.82777019390696283e-01 +4.95089792691910002e-01
+2.81594278169664425e-01 +2.74068444296710734e-01 +1.58450424325967232e-01 +1.12787871576121954e-01 -2.03020832833063936e-01 +1.44264743740863566e-01 +6.86629203311425740e-01 -2.91094420699025358e-01 -4.35359747732955937e-01
-6.38494896699603048e-02 +5.82829484172519008e-01 -1.33526169470065986e-01 +3.62766571491752843e-01 -3.51013555820176459e-01 -4.01936957143120444e-01 -3.05087382474483859e-01 -5.22652092461866058e-02 -3.55289198812990425e-01
+5.02443271177603457e-01 +4.61315303834678836e-01 +1.48506560069166710e-01 +1.52325152154149851e-01 -2.73003873959950460e-01 -2.45812818020408497e-01 +4.74315814472738156e-02 +5.53456065197957536e-01 +2.14390698517064604e-01
+1.27166548219166453e-01 -4.48810617531465950e-01 -3.25813253335184017e-01 -3.70153376843226189e-01 +5.33787156206831481e-01 -2.84104034934051064e-01 +2.92233459063887258e-01 -2.50982882165130539e-01 +1.58723872288326517e-01
-1.87166238451889538e-01 -8.55312531433115170e-02 -7.44101184893261880e-02 +8.37520638371191728e-01 -4.02168761848702483e-01 +2.32797293068660538e-01 -6.93364443416776693e-02 -1.55356236062633074e-01 -7.61454084217270954e-02
+1.53350272559519940e-01 +7.78003602707758313e-02 +3.23899782997799701e-01 +2.65379971292175776e-01 +5.72331740477885376e-01 +2.00000194241865853e-01 +3.45774888357056887e-01 -4.89825939466093319e-01 -2.60844352078390351e-01
-2.53013738680326561e-01 +1.76540652784145768e-01 -2.38669407633996605e-01 -4.33935677135984466e-01 -2.00575058712449267e-01 -1.17121513045328612e-01 -3.64205374207194454e-01 +1.79810174546733675e-01 -6.63799014351681538e-01
-3.91688051230675016e-01 +3.72721925783420671e-01 -1.01375468935981289e-01 +4.53169996098703565e-01 +1.75174706958539816e-01 -1.69604542095963595e-01 -1.12877509536352658e-01 -3.23097068828188005e-01 +5.61635004958948025e-01
-2.04374345606063518e-01 +3.27645160742508823e-01 +6.01338928726397604e-01 +1.65851510669932256e-01 -1.23885885753141772e-01 -1.95411260517492427e-02 -6.59086515793881444e-01 +9.85894463844421212e-03 -1.07437155211245861e-01
-5.47694294631723366e-01 +1.88093293118636040e-01 -5.81205123083029102e-02 -7.28121628015052091e-02 -5.76820985655004725e-01 +3.60229909322180783e-02 +7.12359329006854829e-03 -3.79393893662269999e-01 -4.21855058297917418e-01
+2.29078040841811215e-01 -2.78394373487569846e-01 -3.37413485392185575e-01 +2.22677713483306838e-01 +3.01001205668800120e-01 +6.15875705687114694e-01 +3.06299527256280624e-01 -1.24658389710414430e-01 -3.56823310078807965e-01
-2.04123966361111270e-01 -7.30359010728959535e-02 -4.93550876279000572e-02 -6.67826778148260414e-01 +7.77521802587655686e-02 +2.46001924771198616e-01 +2.97010161465733835e-01 -2.80622757445749604e-01 +5.20618974575794202e-01
+1.66446263866382116e-01 +3.47756001913950424e-02 -6.84738505057755242e-01 -1.06216476272401467e-01 +5.86392480756963042e-01 +2.50206582122025956e-01 -4.89658651047598162e-02 -9.78805550183479700e-02 +2.69257877348364427e-01
-1.02449696662153603e-01 -3.50332100270888014e-01 +1.28299276595051831e-01 +1.09221528829284972e-01 +4.28669974912051447e-03 +2.93756787328996571e-01 -7.43882341957024185e-01 -9.83531084058620886e-02 -4.34782398371698908e-01
+4.16512647137646019e-01 +2.78330323461108364e-01 -4.35872155551355389e-01 +1.25153448325247080e-01 +1.79520088507752196e-02 -2.06727358494007918e-01 -1.93814496129044556e-01 -4.34173213602233488e-01 +5.23710426201928758e-01
+4.28912898437120937e-01 -1.05146034591260984e-01 +5.62207155453810947e-01 +6.21059580387542609e-01 -1.80867907362962765e-01 +1.08240288236403873e-01 -1.76007504019031924e-01 -1.39254570442557235e-01 +9.15779021264271353e-02
-2.31747308326633455e-01 +1.25847905741982236e-01 +7.41856065493433192e-01 -3.00653424790099655e-01 +2.29765893365340618e-01 -2.28124161506386813e-01 +5.14189674464625174e-04 -2.25989331615186556e-01 +3.65797956178597394e-01
+3.45461074032274218e-01 -4.57480965232538617e-01 +2.89670025209182058e-01 +7.35750424241875863e-03 +3.55069129457554089e-01 +5.58409581712169048e-02 -8.32382887283113909e-02 -3.59236693563406373e-01 +5.67655742848599654e-01
-3.40989485893915742e-02 -9.51885689629921317e-02 +1.24502488532623069e-02 -5.65229265669148329e-01 +5.70219779453489672e-01 -7.39621054937825845e-02 -3.42548502047526571e-01 +1.87769489127434575e-01 +4.32341785335677631e-01
-5.40244761399915757e-02 -5.34033532683379497e-01 -3.24780175823741121e-02 +5.06922414307177660e-01 +5.23285715938846097e-01 +2.34839076659694779e-01 +2.09120340158176765e-01 -2.52565553575553992e-01 +1.31781555012846774e-01
-2.44822857055080501e-01 +4.40882214053393978e-02 +2.49583170372030538e-01 +3.29854815300993753e-01 -3.55013997040257712e-01 +2.17420404748461082e-01 -3.35527409336782989e-01 +4.56260608826626113e-01 -5.22458690431993222e-01
+7.36608766107151647e-01 -2.10501817913650496e-01 -2.97732602870692420e-01 -4.68334315482172303e-01 +2.00331383542670050e-01 -1.84177255174215099e-01 -1.02509345256499781e-01 -1.28041930603411930e-01 +6.44821685866880101e-02
+5.76159005628557264e-01 +1.40727146952841498e-01 -1.39348516153457724e-02 -1.65103222274763595e-01 -4.91005364840206848e-02 +4.70573930752193115e-01 +3.88823400282820975e-01 -1.19453021536831613e-03 +4.95729427966562219e-01
+6.62712602749508228e-03 -2.56500948217702696e-01 -4.32399248665502889e-01 -3.17349104203161758e-01 +2.11285709541350675e-01 -2.27664639318264306e-01 -7.20614315113870529e-01 -4.20348754353123966e-02 -1.70173498603020307e-01
+2.21219785615202003e-01 +2.94414423348536125e-01 +1.90080242212736922e-01 +6.56814450360045043e-01 +2.28264176915187356e-01 -4.07642823928608566e-01 +1.40517859098796744e-01 -3.98506799876502726e-01 +4.01104207324632679e-03
-2.98614632076417530e-01 +5.87116186474191254e-02 -3.92862352526613556e-01 +5.94711021957222585e-01 +2.34649700260774502e-01 +3.97529779844155218e-01 -3.43311339635878732e-01 +2.49192986880191092e-01 -7.94354539689300643e-02
+1.94419051537034010e-01 -1.30305434832154426e-01 -7.56195743167592666e-02 +3.74349659884775088e-01 -2.26678070178773089e-01 +3.02670000468349243e-01 -3.88374753429235262e-02 -4.95173963908451920e-01 +6.40053167689719649e-01
+3.08357737490120076e-01 +1.27669320273615661e-01 +4.84917392994291874e-01 +2.43684264811689866e-01 +2.40128934678857014e-01 -5.58605551528071564e-01 +3.66506999311193959e-01 +2.70755095292292969e-01 -1.29427129330889124e-01
+2.25257864898137289e-01 +3.95355492149309318e-01 -2.47685344652153777e-01 -1.47710976805720141e-02 +1.75095690018116534e-01 +2.19350197363943761e-01 -7.97291547036678927e-01 +5.63391399300366622e-02 +1.17327722367930584e-01
-9.73533949820109407e-02 -1.14753320125193084e-01 +3.39513818036930148e-01 -7.06225487566555371e-02 -1.00097798269091029e-01 +6.33242670058593027e-01 +5.83021818532411418e-01 +3.24114626261534422e-01 -3.34100992526467494e-02
+4.17400793695227146e-01 +5.23072901118514677e-01 +1.72009922610623957e-02 -4.14446641646966929e-01 +3.13230070780332270e-01 -5.65545604986267547e-02 -1.19767264279822150e-01 -1.83077011984072620e-02 +5.13924663312000041e-01
-8.81750342272941690e-02 +2.02935486859932263e-01 -3.24362689005013249e-01 -7.25742696061465242e-01 -2.94413646573289216e-02 -4.98205793413087239e-01 +1.24018908797429744e-01 -2.27605982740431173e-01 -5.35514420442481306e-02
+1.62372532752002696e-01 +3.13131622554674194e-01 +6.60314872620205717e-01 +2.67790888685346340e-01 -3.61471022135827380e-01 -3.40446651459550664e-01 +1.85379762968481188e-01 -7.78781649951272997e-02 -2.84359225386572601e-01
+2.56146972217582258e-01 -2.73362183720358976e-01 -1.42798479811514251e-01 -2.69541216774526089e-02 -8.79842011153279258e-02 -2.27926806314149660e-01 -3.40012199324033315e-01 +6.46983581379265815e-01 -4.94627148140436901e-01
+4.06300913439060440e-01 -4.29935208612129194e-01 -1.07177037016984750e-01 -5.60672560374744000e-01 -1.07057798573294463e-01 +3.74215694277802935e-01 +1.63625676159773803e-01 -3.80343007915395326e-01 -3.60794022299045850e-02
-1.07300688690236040e-01 -1.92682825602886548e-01 +1.85521957336695048e-01 +3.91915698597949724e-01 -4.33533986174840513e-01 +2.72851317307970964e-01 +4.40734793344966305e-02 -6.65855896307255057e-01 -2.35875973150304924e-01
+2.12875829937614232e-02 -2.36416691902737258e-01 -5.36210480558314204e-02 -3.00136971942326247e-01 -4.18698692370766734e-01 +1.38537123291668757e-01 +1.16119115551269244e-02 +6.44599349163736957e-02 -8.07406662504358663e-01
+5.71036493320869143e-01 +1.64236967679882662e-01 -2.03936002722395343e-01 +2.24746252014852932e-01 -3.14025110278433439e-01 +3.11507377915812844e-01 -7.45176500544222215e-02 +4.56903824772209699e-01 +3.80631277090486997e-01
-1.82228677011838057e-02 +1.18919334868964582e-01 +4.25210101769099402e-01 -2.33500645252805700e-01 -1.75188230839668557e-01 -7.71350544701290497e-01 +2.24208484462333157e-01 +2.71912537382301145e-01 -1.79300134081239043e-02
+3.62280043298787324e-01 +2.15398531375513291e-01 +5.54864899908498077e-01 +9.07166767775025029e-02 +2.54283530242532196e-01 +4.28639641294412121e-01 -4.47642042138705121e-01 -2.35586500020151995e-01 -4.44479199650223769e-02
+3.38069217547530221e-01 +2.08261961317345617e-01 -3.31495361896362917e-01 -5.50327071133702383e-01 +3.70294968987870787e-01 -1.55057709642850261e-01 +1.86184657674728471e-01 -4.72619024925707065e-01 +1.01942986914532435e-01
+1.73363291163870697e-01 +6.80022288844926992e-01 -3.52850209315398525e-02 +1.68840030192147078e-01 -2.60995644149693007e-01 +5.50514895955970807e-01 +8.83286280471532737e-02 -4.48099613869502172e-02 +3.11074928830329278e-01
+2.34752904388611690e-02 -1.27557434980714368e-01 -3.43112251308595184e-02 -9.15785783898093397e-01 -6.18652977877546320e-02 +2.05574691301138590e-02 -7.65460028473183701e-02 -3.47499808358985696e-01 +1.11677291296348985e-01
-3.87862619643544737e-01 -3.98469171747153572e-01 -1.29717453620542350e-01 +1.39407235561863796e-01 -1.97570070414536031e-01 -1.86377638233205856e-01 +3.36650223759049905e-01 +3.03985333916986400e-01 -6.12382967757067131e-01
+2.50569919327824908e-02 +2.12105144753828474e-02 +5.73795017502445326e-01 +3.01021023328128912e-01 -1.36080909703768432e-01 -2.56656194416906680e-01 +6.77566925675366777e-02 +5.91504046681726403e-01 -3.74445536611001828e-01
-1.18992366793073137e-01 -1.24457034354888835e-01 +2.37541961614630537e-01 -3.37907205875971506e-01 -2.04941249438218669e-02 +3.43081093723193231e-01 -6.59291110104996414e-01 -3.41198572691221003e-01 +3.61300318345300908e-01
-2.95226037931194896e-01 -5.93058653273561276e-02 +6.22707988251477662e-01 +1.08475090788911471e-02 -5.09037396130886721e-01 +4.37541065402197060e-01 -2.57729155407888932e-01 -6.22554074032557747e-02 -2.40870485653880383e-02
-6.15552594339154102e-01 +3.47157272271916229e-01 -2.37722185473931230e-01 +4.98711439442153126e-01 -1.74003039645796359e-01 -7.26429639031451746e-02 -3.43722280638762367e-01 -1.59745251865715809e-01 -1.27020804997959119e-01
-7.28747426579605007e-01 -2.28701490903413074e-01 +3.02406625796900995e-02 -6.51811710820690698e-02 -4.86722118548653174e-02 +2.65837463116768313e-01 -4.47389200669180032e-01 +3.39569843194535093e-01 +1.51513752806463314e-01
-1.89209072826200364e-01 -8.65151259331565503e-02 -2.61170591959632381e-01 -4.56879870824246692e-01 +5.21918407346047553e-01 -4.00092751452739925e-01 +8.03431478608965244e-02 -2.08061873892079405e-02 -4.90310934757285877e-01
-5.47797736148450176e-01 -1.50874363980007170e-01 -4.02351949296833766e-01 +2.19631396556380060e-01 +2.76856332839991059e-01 +2.90495089571568721e-01 +1.66931711222379292e-01 +4.49818043101741061e-01 -2.75300255898319801e-01
+3.27412915242079994e-01 -3.63027587384244232e-01 -3.42351567773888754e-01 +2.60392658924140596e-01 -3.52795305440771700e-01 +1.94793979720337546e-01 +1.80498987623511659e-01 +1.12057246554722351e-01 +6.07006497359757424e-01
-4.40079847596036577e-01 +2.91198502845507259e-02 -6.08388193127339036e-02 -3.12113550320471667e-01 -6.09801789583374956e-02 +6.16782450983247243e-01 +7.50661111891974125e-02 +4.09049187692317184e-01 -3.83757995047310230e-01
+8.61483587212298202e-02 -7.97369310926382302e-01 -9.25983776391958724e-02 +9.00953569697375695e-02 +1.31116418066359569e-01 +2.42223704550832003e-01 -3.08626951812392025e-01 +2.29053222040999038e-01 +3.41334436217994697e-01
-1.60279958505488207e-01 -4.48900712495573298e-03 +1.81075271157036810e-01 +8.33976133889448024e-01 +1.26407828595842486e-01 +7.88118881082229966e-02 -2.65971793531840695e-01 +3.84002471627161515e-02 -3.89332648541739323e-01
-5.42935737426272991e-01 +2.60457850388079226e-01 -3.38662084702235855e-01 -4.75757199420494770e-01 -7.36232084179361951e-02 +7.30153467459267042e-02 +3.69572919942687428e-01 +8.08430113365666142e-02 +3.77457573067763730e-01
+9.80597372434750987e-03 -7.01108023301467487e-01 -2.39024362211239849e-01 +4.55509563383709404e-01 +2.50174949878821766e-02 -4.83646947090203894e-01 -9.47561838582822724e-02 +1.44759204057314655e-02 -1.11505201587778612e-03
-3.22657575641351280e-01 -3.20031098603343278e-01 +1.87491900772403852e-01 -3.89876012304259223e-01 -1.61611973788782254e-01 +7.05620832815477605e-01 +1.91014143617326215e-01 -3.54662023044104713e-02 +2.11073974330307085e-01
+1.29501955283053971e-01 -1.73085060789457734e-01 +2.89519704145522305e-01 +2.06028518648648962e-01 -1.09476779852339542e-01 -4.45066475264720485e-01 +3.42797455268144702e-01 -7.05472420317828308e-01 -4.16008632782816981e-02
+3.34433206161318219e-01 +4.49030019852841633e-01 -3.25774022121816553e-01 -5.14585803522013108e-01 +3.15707857494641614e-02 +3.45158750321842067e-01 -2.87258570480637243e-01 +2.62066469605365004e-01 -2.10408200812665369e-01
-3.23917024558701083e-01 +2.68374666866000977e-01 +4.87738995849136214e-01 -3.21785710615595466e-01 -4.31778206740087156e-01 -1.07445729149215186e-01 -8.64703663538979039e-02 -5.21511628112415138e-01 +6.47218720013743865e-02
+3.34943099764884386e-02 -2.15060667216586260e-01 -5.85111846180970008e-01 -1.75303635891618570e-01 +1.28493334805392490e-01 -1.14208084388647990e-01 +7.06574961805402024e-01 -1.23372287630232072e-01 -1.88459230824265939e-01
+7.42485495764585030e-02 -2.25397483831873663e-01 -4.91719299629376716e-01 +2.33835857536508374e-01 -2.26243579031002534e-01 -6.25878679723577469e-01 +2.33706901129382666e-01 +1.29727723352664914e-01 -3.64496327338374060e-01
+6.84147450563927118e-01 +2.00374573532082406e-01 +9.96744056200443290e-02 +4.90015345042973394e-01 +4.47550487800790875e-01 +1.15892198196431123e-01 +1.21034568099872550e-01 +1.75126050317490171e-02 -1.14253104604532585e-01
-6.09677907632902374e-02 +2.32195705864515906e-02 -3.02409384690401462e-01 +6.28955258118525484e-01 +1.23721622713053883e-01 +2.21926309996220067e-01 -2.63992112678462197e-02 +4.57563043870423458e-01 +4.83826872859119961e-01
+1.16162916978278949e-01 +3.91200496123277452e-01 -4.22621816811451223e-02 -3.64986069005644009e-01 +3.39967889183149630e-01 +1.66498876358773640e-01 -1.16106582219534710e-01 -9.15646496116905018e-02 -7.30275674650170958e-01
+3.54915172305841520e-01 -1.83910188734617563e-01 -1.33257704338505339e-01 -4.15754535827954630e-01 +2.93256813585646980e-01 -1.36325955283533279e-01 +2.90238419897613474e-02 +4.94861451201642544e-01 +5.47072434904198546e-01
-4.38458301590766916e-02 +2.35096096026182422e-01 -2.51055646645507280e-01 -6.37301916120610046e-01 +3.79996258195624326e-01 -2.44371121874449426e-01 -4.89954902532772185e-01 -1.41432240453187030e-01 +9.72183737929998015e-02
+1.72643407142665573e-01 -1.42624490155411371e-01 +6.92692473766336886e-02 -5.77873174537897771e-01 -4.40903735504628635e-01 -5.12617054434784447e-01 +3.22784859082761999e-01 -6.12056992415120696e-02 -2.14495507979530126e-01
+1.21926155674518491e-01 +4.34470481017844523e-01 +2.84314937744661766e-01 +2.97145137048483998e-01 -6.50957283839652123e-01 +3.18105356375794207e-02 -1.64781895670942535e-01 +4.04300768210287598e-01 -1.08948233177309450e-01
-1.84493548078487224e-01 +5.08433595119646808e-01 +1.18529393189461388e-01 -1.09434989097321647e-01 +2.87848568070519006e-01 -5.02231304976666237e-01 -3.68955626226066646e-01 -5.82105439404606573e-02 +4.54777278229687387e-01
+3.26401992037133326e-01 +1.85174999360003367e-01 -2.37642459213358442e-01 -1.91893753303066239e-01 -7.37141053686250158e-01 +2.10787659076162370e-01 -3.02762360641529893e-01 +2.51383992001640633e-01 -1.52340012879436687e-01
-4.87891201534016605e-01 -3.23320636884517398e-01 -9.59515946391788221e-02 +3.93844238193915119e-01 +1.70717412237127664e-01 -4.43463395790241521e-01 -4.30591086321627070e-01 -1.37581238697266184e-01 +2.50927179974729242e-01
-3.33015319052283265e-01 +1.02430194978113662e-01 -5.05419176393850478e-01 +1.75655092473776114e-01 -2.51222513912356615e-01 +1.56796767277585125e-01 +4.18875863361533873e-02 -1.79374367615563218e-01 -6.86059680846313413e-01
-3.42859929308464539e-01 -2.71401693318636845e-02 -1.39506743140680206e-01 +7.27993338514386912e-02 -6.45599749863803862e-01 -1.55096031188057398e-01 +4.68862543605146967e-02 -5.97745870290005921e-01 +2.37899860195611129e-01
-2.87163091775623658e-01 -1.26879070942254452e-01 -2.56506094508566151e-01 -5.16303717873893397e-01 -1.21944464049412116e-01 -5.38445717330891971e-01 -1.35072555706179931e-01 +4.86708331871064381e-01 -9.56572842300164594e-02
+2.19747159721672497e-01 -2.79734956201814974e-02 -3.43800090906926537e-01 -2.69217562213059425e-01 -5.71475559760438734e-01 -1.93835099797438279e-02 +5.53178651479413919e-01 +1.13101461996890446e-01 -3.38368843134874531e-01
-2.78021377487047860e-01 +7.92643653549846450e-01 -2.35431586769985740e-01 -1.01714116524519907e-01 -2.44233389823311164e-01 +2.06015886580359020e-01 -1.30422855216274530e-01 +3.00408863120188385e-01 -1.38918170755132825e-01
-2.71423634752597620e-01 -2.99516112796676670e-02 +2.04672961950769006e-01 -5.41165751318754884e-01 +4.61972071003482809e-01 -2.77509594219678246e-01 +3.50141538012407993e-01 -4.86586783008367690e-02 +4.18669543719686621e-01
-1.03153793734270416e-01 -1.82295034157275632e-01 -1.02321611656542397e-01 +5.22094126719426233e-01 +1.14324297546855524e-01 -8.83064767023628988e-02 +5.60086928022695774e-01 +5.54750427684997827e-01 -1.75391970161569960e-01
+3.49851642261571685e-02 -7.33327512151183081e-01 +1.05859378088967490e-01 -1.09935463873290340e-01 -2.12914401730200764e-01 -6.29654585480433071e-02 +2.22711630770085961e-01 -4.92253827560389046e-01 -3.10649788986549380e-01
-3.47237169315992689e-01 +1.11229100305820200e-01 -7.02459533144173198e-01 +1.96327185927753695e-01 +2.74910793945542575e-01 -3.13516301195660541e-01 +3.33556869083106389e-01 +1.19464610273966515e-01 -1.88839302285097210e-01
+1.49265186142802680e-01 -5.15682850969287343e-02 -3.17801719661420290e-01 +2.83439425306932113e-01 +4.82003267338781793e-01 +5.98844512577568697e-03 +8.40613861499687337e-02 -4.77800946342525290e-01 -5.70965588430935256e-01
+5.75635665496432303e-01 +2.53390688255419883e-01 +1.71350831114742724e-01 +5.56382376537694970e-02 -3.92550501549389086e-01 -4.11914297333828061e-01 -3.69497906099363060e-01 -2.84867631417969447e-01 -1.74735412108701194e-01
-1.12954490533635019e-02 +1.62507196969748580e-01 -9.00752744843947295e-02 -4.85486260010035420e-02 +8.31209820181612935e-01 -1.08283368122062199e-01 -4.47846675845774034e-01 -2.44121616116502543e-01 +1.40085011347955216e-02
+7.67435896477572377e-02 -3.68454092863228000e-01 +1.65800158493582733e-01 -3.30409786018744545e-01 +6.13481254062094417e-01 -5.70593350412368291e-02 -4.03327784705232395e-01 +3.01556920123662642e-01 -2.97433671355842033e-01
+3.59382664659012377e-02 -1.18675049949532582e-01 +6.49351253640818915e-01 -3.73949411833275680e-01 +8.03469690070710285e-02 -3.13323363683795098e-01 -4.07912251680560722e-01 +2.74700135726760941e-01 +2.76856867369023929e-01
+4.89545573835513448e-01 +1.15774279006682274e-01 +4.63837779052693328e-02 -1.95868580979994891e-02 +9.15734736683611050e-02 +1.18420125366731049e-01 -7.12786322125752103e-01 +7.38207912865330301e-02 -4.56599901651692675e-01
-4.80292549801698165e-01 +5.89567517725895010e-03 +3.87642672165017466e-01 -8.85637519167817994e-02 +1.12025187675069665e-01 -1.78047692775595456e-01 -8.33536725592689820e-02 -5.35319261240804312e-01 -5.22885033656069864e-01
-3.25743828629558863e-01 +1.50097553646157539e-01 +2.68193511273362890e-02 +2.62977483694591008e-01 -5.83615667247993297e-01 +2.39533166982319939e-01 -5.00502624121891948e-01 -1.55836238886675665e-01 -3.58767407562086194e-01
-1.59567100522825661e-01 +6.07902795575865129e-01 +2.82792367927629691e-02 +4.81450481584248663e-02 -6.83080095036609491e-01 +1.71416047943725280e-01 +2.05043682919921588e-01 -2.47000608341684025e-01 -5.32989728947173488e-02
-7.16618475566437318e-02 +7.76886261195396166e-01 +2.20263673280766986e-01 -2.03677291420540585e-01 -3.09302252553470380e-01 -3.80743542463898021e-01 -5.78490653422188555e-02 +2.38002950609865593e-01 -2.61981781901633286e-02
+4.69229082255364416e-01 -8.08215183025742662e-02 -5.68016729406168319e-01 +5.43245349711532266e-01 +1.70082101875121544e-02 +2.20007076766182752e-01 +1.21451475988829296e-02 -3.12792423029558841e-01 +9.40980239998967100e-02
-1.44224714683472449e-01 +1.79360029673898719e-01 -2.31009082372677366e-01 -3.00052493298514078e-01 -2.48590328693944103e-02 -5.45030554686070645e-01 +2.25005037168969246e-01 -5.31558624181017847e-01 +4.15661402835643290e-01
-3.45118301773815306e-01 -1.45158174858308425e-01 -2.01202136728094727e-01 +3.83097977942820578e-01 +7.32727246906668683e-01 -7.94081918454332542e-02 +3.09708439315696471e-01 +5.27498497064484567e-02 -1.75155240303363435e-01
+4.30490382705286001e-01 -2.65842340552052581e-01 +3.52673444074030687e-02 +5.33730006324193762e-01 +1.05347606090463813e-01 +1.93916325774897591e-01 +5.56767211032456966e-01 +2.81887090968469742e-02 +3.13701107781362232e-01
-3.33163611364677370e-01 -4.54050302455954069e-01 -6.09921059743583419e-02 +4.52442417483009895e-01 -2.09739059909687414e-01 -8.91974841911800237e-03 -2.14580900691029058e-01 -2.54265946229310869e-01 -5.65375966288031440e-01
-2.02476860755351512e-01 +2.95745852160403111e-01 -6.63266912091003968e-01 -4.46927421953005388e-01 -4.22132291906474222e-01 -2.09175551394739756e-01 +2.87615268474225201e-02 +9.18845444451185100e-02 -2.55013041684506378e-02
-5.90117303538776044e-03 -9.87970863658253623e-02 +2.20072554281257243e-01 -1.17419148964269970e-01 -8.41781693720457524e-01 +1.92832884317774511e-01 +3.23946429312778950e-01 -2.48232644844117278e-01 -1.25073778239328498e-01
-6.83353952970011114e-01 -7.91137203184587301e-02 -2.43945874378819011e-01 -7.58895038356400958e-02 -5.37876399396512994e-01 -1.49077299816592429e-01 +1.51527374067305966e-02 +3.86880371140767620e-01 +7.64842633929772864e-03
-2.90432494775133485e-02 +3.23269407373171114e-01 -3.29832494108135921e-01 -2.03153016366272761e-02 -2.81221509012494431e-01 +1.93512869777086649e-01 -3.87620007402779743e-01 +6.01824502664903505e-01 +3.95571010336686901e-01
-4.32569086752710552e-01 -1.70814435710385584e-02 +4.33110857611724909e-01 -3.97133082713101715e-01 +6.55706808542535602e-01 -6.09150216027790695e-02 -9.73363288630327284e-02 +1.54906519881345323e-01 +1.26514687247712247e-02
-5.49076885553967942e-02 -1.98813432800318074e-01 +5.57843212659304033e-01 +2.92792738314903822e-01 +1.69114164492054964e-01 +2.92205607254208355e-01 -5.84670651263221930e-01 +2.94091308255260586e-01 -1.35013116300478270e-01
+7.59706271258039217e-02 -2.58016397563253230e-01 -4.24545319791816145e-01 -5.07422057770172408e-02 -4.94522409583374623e-01 +3.48265035451406579e-01 -5.24338910660304469e-01 -3.21136299399526481e-01 -3.06877479748380380e-02
-2.95188031953258712e-01 -5.11817672355356246e-01 -1.75551520982931586e-01 -2.81892150037147793e-01 -6.54382301330037885e-02 -6.61558592829635805e-01 +2.40609289383437258e-01 -1.86007506603981604e-01 -7.86868408567788502e-02
-1.11947118735159570e-01 -6.16016849222983054e-01 +8.77552820593052590e-02 +3.29796862924548462e-01 -1.44962750940621027e-01 +2.24749030308603569e-02 +3.50829054660342754e-01 +3.80005273225594631e-01 +4.50021966193268397e-01
+4.57135580202558289e-01 +1.92922206798587896e-02 +1.29567406293676302e-01 -1.50626714419651975e-01 -4.21418614222710680e-02 -2.79844789445515107e-01 +7.89280189999469584e-01 +1.74078342105446232e-01 -1.33503638466754893e-01
-4.41858670689279309e-01 +1.20203465658601672e-02 -7.28363652336006320e-03 -1.60504723977581559e-03 +4.07609620630623504e-01 +5.41234230096256153e-01 -5.22095272671523669e-01 +1.52185647116322459e-01 -2.23017396798542905e-01
-2.05367936177798943e-01 +1.92389809886761798e-01 -1.55331592772695981e-01 +6.04742871547138017e-01 -3.37674391172971156e-01 +1.43630052121648619e-02 +4.24947048083632928e-01 -2.70730932740209040e-01 -4.03562641297838587e-01
-4.60579134562411549e-02 -2.36034805612901050e-01 -4.98851256491514572e-01 -3.26820260549240960e-01 -6.19731418749655094e-01 +8.95248792318741465e-02 +1.26934502020643290e-02 +3.91560865083218579e-01 +2.02334896172183476e-01
-1.23457968644701488e-01 -6.97233403298842425e-01 +3.51486083831478335e-01 -3.45845466466258855e-01 +2.53675074619499508e-01 -1.21520400898847108e-01 +7.86368596101495454e-02 +3.29642646974086295e-01 +2.48003781803284612e-01
+2.04364200155425252e-01 +1.21530129868029732e-01 -6.45581467869335457e-01 +3.74475800642641354e-01 -2.42654110786907767e-01 -2.99007173730901188e-01 -2.27765502983256984e-01 +4.31617645616790113e-01 -9.59439678701004442e-04
+2.34742961724184934e-01 -3.14733445116335941e-01 -9.05327550349567384e-02 -7.70545791701466726e-02 +1.66210613862327772e-01 +6.33818815665617707e-01 +2.94211044984844738e-01 +5.03166889470286538e-01 +2.50231284291785872e-01
-7.32528555873164122e-01 +1.05537902590608718e-01 +2.02907192340877868e-01 -1.07810416160318584e-01 -3.46049246842113523e-01 -2.44154799882746826e-01 +4.15967314088558138e-01 -1.54541233830541330e-01 -1.52301689160494164e-01
+5.42050692486558239e-01 +4.39520582630212986e-01 +5.21798460027276589e-01 -1.40808513898092180e-01 -2.09901367090370661e-01 +3.39612049403085814e-01 +8.71550151346503765e-02 +2.02662769045834246e-01 +1.13308918976386674e-01
+1.28797869820308802e-01 -5.07789459009018618e-01 +9.39815808331160574e-02 -7.39641246164776389e-02 +2.10201618957547437e-01 -4.08797086645921293e-01 +1.20187765468279154e-01 +6.46063965479182656e-01 -2.60987010522352680e-01
-4.01948472273118251e-01 -2.83684463803625053e-01 +3.04483623474247123e-01 +1.23073992882441058e-01 -5.03059554916648777e-01 -3.36933448935327340e-01 -2.26557667734960139e-01 +2.37951788845941342e-01 -4.18999487489951583e-01
-9.22176587853586471e-02 -5.81242703190420484e-02 -2.04723291171276994e-01 +2.06225678339570229e-01 -7.71422874107742018e-01 -4.09592514429129695e-01 -3.02606694992897884e-01 +5.80000685896328513e-02 -2.14202516020372546e-01
+1.68249569271362379e-02 +3.22070356106839498e-02 -4.91522263972035467e-01 +2.68008530400980875e-02 +2.36103481376877984e-02 +6.56060845380882912e-02 +4.48771669963399511e-01 -5.88207360570041304e-01 +4.51798282776269100e-01
+1.26869621290560952e-01 +5.30317406826715576e-01 +3.42560297519965251e-01 +1.57604368191327338e-01 +5.21279698901748856e-01 -2.00068537912695493e-01 -1.70920478010982618e-01 -2.08668894842122199e-01 -4.19481097395896674e-01
-3.71110450988789628e-02 +1.94519272639566587e-01 +1.29747210867268647e-01 -3.75824551761640813e-01 +7.44681102027466429e-02 -7.68725086580745010e-01 -7.30311668709018730e-02 -2.71436269161828780e-01 -3.56667397924184892e-01
-4.09073242075075116e-01 +5.10576813412313701e-02 +1.81767932391917270e-01 -1.59236492368973276e-01 -6.52911559290400567e-02 +3.72445993730689123e-02 +5.23569888461486110e-01 -4.73138772288783482e-01 +5.17706995195850506e-01
+3.04557723307038730e-01 -1.97131792685315749e-01 -1.03542563086818241e-02 +6.20473672152539790e-01 -1.77432562987052955e-01 -1.56712284276746522e-01 -1.49042901582323833e-01 +4.61155332493288994e-01 -4.38599794092608908e-01
+1.22085876319840983e-01 +2.59859544470729509e-01 -6.88205715729066775e-02 -5.98948111331736532e-01 -9.98256479795200935e-02 +5.01034988820351468e-01 +3.52863910153379756e-01 +3.74337315320285413e-01 +1.68672345286752512e-01
+5.21342094068783624e-01 +1.95105459429853495e-01 +5.13090945780032226e-01 -1.03464717947824997e-01 +4.38806568867775026e-01 -3.80297609837042250e-01 +2.35622125655654935e-01 -1.46223719763839521e-01 +4.57424846486330153e-02
+2.07758801238255658e-01 +2.41226847380559717e-01 -2.97652785388844765e-01 +6.25833576552615845e-01 -3.90432063533937113e-01 +2.41402646516675534e-01 -4.38024655176139699e-01 +5.38281465784312269e-02 -1.13602555136907951e-01
-5.63763193425606324e-01 +7.48532480858570548e-02 -5.90164947801856465e-01 +2.37645804213707547e-02 +1.74402291416308648e-02 -1.60886966137363557e-01 -3.31330667037711912e-01 +3.30142473574904505e-01 -2.87655681066406932e-01
-9.74865414537652852e-02 -6.72033428663512816e-02 +3.49249334105091735e-01 -7.94220333654660909e-02 +5.59153610102962273e-01 +3.64186960027297113e-01 -2.50649787927814116e-01 +8.50487418803347606e-02 +5.85109922969547780e-01
+5.20323773167323589e-01 -3.19498840687133689e-01 +1.70405971242267085e-01 +3.42115356745443522e-02 -8.78665523468487170e-02 -6.83402090525295325e-01 -2.68158160391311962e-01 -4.50942068228814968e-02 +2.19713001069948732e-01
-2.35117846993274204e-01 +7.03994955767429098e-02 -1.30646283155982312e-01 +3.61036554254151321e-01 -6.32898333226852072e-01 +5.90423789240608787e-01 +6.26964377419377689e-02 +1.91177144342053240e-01 +5.20343089771233211e-02
+1.08845975146096043e-02 -1.17593651099699367e-01 -3.35075338518680599e-01 -2.99999245996958652e-01 -2.64425656933166442e-01 -4.72638293735793968e-01 +5.49625430516378133e-01 +3.57388148174116183e-01 +2.46284269900003572e-01
+6.91441942183644076e-01 +1.44726203982359580e-01 +2.91665804807615170e-01 +3.50962001903499188e-01 -1.35673755191168893e-01 -1.85190809792361993e-01 +3.23566952864302537e-01 -3.22765986368092006e-01 -1.76472771765787684e-01
-2.72913413619892464e-01 -1.82449375100239730e-01 +3.03986066203513206e-01 +4.64140059863149268e-01 +1.76376885164282432e-01 +3.61225798572113677e-01 -3.54688292493883395e-01 -3.21435278208293151e-01 +4.40090518521849050e-01
+7.31291621695266403e-02 -1.96777370753859621e-01 +9.86409304765461896e-03 +4.52121868803498528e-01 +5.78209912837023277e-01 +5.27340398533518884e-01 +1.69125728819460308e-01 +3.22895236945014152e-01 -7.83572715105705642e-02
+2.89658507049508573e-01 -6.37290186132369540e-01 -2.89231626200999847e-01 -8.31820743962507492e-02 +1.94204811458555254e-01 -3.21272622701248955e-01 +2.27043338185683619e-01 -3.61567994989484345e-02 -4.74970923743741891e-01
+3.31287426706863619e-01 -3.40600872338347016e-01 +1.65094312492459150e-01 +3.45027974922209435e-01 -4.97662615760845972e-01 +4.43166628373731331e-01 -3.41582196522505210e-01 +2.57896555746847667e-01 -2.61816938857778181e-02
-1.13045332148318675e-01 -2.82364130182233386e-01 +4.65563611802686739e-01 -8.32080199119085567e-02 +5.42991945245944407e-01 -4.97113521848197237e-01 -1.94177520383165575e-01 -2.51467456925063948e-01 +2.02275312711852229e-01
-4.23546911999301057e-01 -1.30074790504871557e-01 -3.56822084030341755e-02 -6.41151193402476616e-01 +2.37748977982610132e-01 -6.55356672659725831e-02 +2.75616989597504969e-01 -4.72665750488967418e-01 -1.76474792979537914e-01
+1.09533639333902352e-01 +9.80710470316901034e-02 +4.35890523903816995e-01 +1.98669672843784256e-01 +1.11073006949395550e-01 -6.11620792733160279e-01 +3.07503061148744372e-01 -1.95878493229300205e-01 +4.79135200282163332e-01
-3.65041263091953949e-01 +4.00278905404403557e-02 -4.39774174115152738e-01 -3.98870112175511160e-01 -4.99332261218675522e-01 +3.65252855330819137e-01 +1.53349948087062815e-01 -1.24473021551398111e-01 -3.01482766539038549e-01
+2.24318125006214369e-01 +1.14980450267288661e-01 +2.14664526840348757e-01 -1.30208033900752584e-01 -4.00883835748327200e-01 +2.67441304807092106e-01 -7.79002852669530066e-01 +1.61975412177343847e-01 +9.00649975053564866e-02
+3.59096589616559991e-01 -1.02290021063638881e-01 -1.38319735492151569e-01 -6.26575300345328712e-01 +2.67297848360900994e-02 -1.54560125340825194e-01 -1.34732564173830949e-01 -3.32204675512385472e-01 -5.43821028154666264e-01
+1.74968381434673692e-01 +6.44145782871469175e-01 -3.12846679483835655e-01 -1.45646777660504212e-01 +2.95890670562384439e-01 -5.33286473456769605e-01 -7.75438192457017644e-02 +9.02197264617777550e-02 -2.21986153974114586e-01
+1.88319044904710159e-01 -3.40753039675008251e-01 -4.34049335253057000e-01 +1.40091248092495374e-01 +3.75463347315697138e-01 +2.12754200855519854e-01 -6.53316241843350243e-01 -1.59368334578306320e-01 -4.40620808737621356e-02
+1.18181900625646166e-01 +2.32191731755045760e-01 -7.36425521041331854e-01 +1.55168494559735470e-01 -5.08662445882269165e-01 -1.85397931161310481e-01 -5.98099395725235419e-02 -2.60378688484805276e-01 +3.51576635402332596e-02
+1.00580385952320620e-01 +2.09982905600275965e-02 -6.17438761452160992e-02 +2.53655383643149490e-01 -4.77868304133842181e-01 -8.05860478677746794e-01 +2.48075988209342999e-02 +1.83503174158280054e-02 +2.06319944657917698e-01
+5.08071903975248818e-01 +3.54875616102662772e-01 -3.00805631891991776e-01 +4.77355878261473465e-01 -3.19913842940350135e-01 -3.13809752892496685e-01 +6.43647642618625504e-02 -6.14511522335743562e-02 -2.98048787773689983e-01
+2.12629556332132541e-01 +6.05021368209501587e-01 +3.80275090320471632e-01 +3.05727113231320652e-02 -1.56813101802130095e-01 -1.39002953470628077e-01 +6.16290343441214028e-01 +1.37913001843902233e-01 -2.11666558805131341e-02
+5.02544531991446011e-02 -5.44383697334460820e-02 +6.23030203521844017e-01 +4.48292288102573211e-01 +1.39650029066016285e-01 -2.94879114861359981e-01 -4.29979389313960736e-01 +1.62037810347978428e-01 +2.96283636984860710e-01
-1.59066199615491038e-01 +1.11465919322564680e-01 +9.54306657082962667e-02 +2.55399837961059473e-01 +5.89791595509854161e-01 -5.56096777888253624e-01 +3.14557677479356881e-02 -4.78411858953301683e-01 +3.11781840053759474e-02
-4.47670750637621344e-03 -2.57985693630120694e-01 +4.02399641408643649e-01 -4.98824509409625416e-01 -6.94648895984130710e-01 -5.12531425226782494e-02 -1.15133764137097978e-02 +1.04070871348506594e-01 +1.62925446043356459e-01
+1.81820250532664790e-01 -3.70785103178739528e-01 -5.58995683300359203e-01 +3.83419862234609277e-01 -1.34580539617031619e-01 +3.02684135320966718e-01 -2.53682173401885112e-02 +4.07985572669745333e-01 -3.05200684265675481e-01
-1.21063232728336176e-01 +7.32330939271816916e-02 -4.33548174024850075e-01 +1.39828179122110013e-01 +1.82980661577710896e-01 +7.16232274375838140e-01 -2.29438551285523779e-03 +1.34536042374824749e-01 +4.55948313393706672e-01
-5.49348198188309156e-01 -3.20058741380810807e-01 +1.80280210963806170e-01 -2.78041159073116551e-01 -3.30136617279841393e-01 +3.40663388869115846e-01 +2.67635376853086804e-01 -2.60431899667531441e-01 -3.48533956332253647e-01
-2.34983511924145884e-02 -4.39405576569659229e-01 -3.86510885077469446e-01 -7.06196248376995905e-01 +2.77332494629735526e-01 +5.25033561583726771e-02 -2.12202769936915031e-01 +8.37695154169429135e-02 -1.62940169995238388e-01
+8.70572183630000246e-02 +7.01170415815645723e-03 -1.77032395965003891e-01 -2.02527092523267643e-01 -1.13897928633113293e-01 +4.96923169572262499e-02 +5.81256918149534285e-01 -6.87658868177206006e-01 -3.06329554430707529e-01
-2.56319321788851195e-01 +6.06972585023735522e-01 +2.75107341227829427e-01 -1.84934267648424987e-02 +3.62350713477135600e-01 +1.71708493159532766e-01 +2.25786420333209809e-01 +2.01071520004947532e-02 +5.26965823301087877e-01
-2.95135113597408849e-01 -1.67239052399787286e-01 +8.14441347398535909e-01 +3.80702222914172800e-02 -5.14364211863713259e-03 +2.05450640131750378e-01 +5.17093599924573280e-02 +1.71153681294300836e-01 +3.82045089983360564e-01
-2.52986997467407770e-01 +4.83735364095607911e-01 +4.02376966818855042e-01 -1.65461574196742622e-01 -1.47895053884380512e-01 +4.18821222922812542e-01 +1.91660901456057464e-01 +5.13805258559846711e-01 +1.21239482302530899e-01
-2.04347106656269206e-01 -4.08285552933000812e-02 -2.06618840262222242e-01 +4.24256748343380508e-01 +2.33980197703123720e-02 +7.24211101143580449e-01 -1.08112212050753609e-01 -9.98045792848547414e-02 -4.32679748333760106e-01
-3.11807727278606284e-01 +1.18433926834002570e-01 -4.06592195248872246e-01 -1.53220374226767930e-01 -1.80086189323928725e-01 -6.95102900057838702e-01 -4.06481757285075851e-01 -7.00977066362094836e-02 +1.19228625477648634e-01
-3.36294120703450883e-01 -2.15931337912869420e-01 -3.49279681306247813e-01 +6.49615855757271765e-02 +5.85349284001314696e-01 +2.53996183657585264e-02 -3.37957554490014467e-01 -1.16335230800115097e-01 -4.92986306967423960e-01
+2.36671344974168252e-01 +1.53111512789868870e-01 +7.34194617895101098e-01 +4.92946826107302560e-01 +1.21609795039994945e-01 +1.63959762777309614e-01 +2.93730323930623205e-01 +2.59955801146179374e-02 -9.93992422625730732e-02
+9.67132319550358249e-02 +3.11430462292652567e-02 -3.47267518127788055e-01 -3.97522602018752003e-01 +2.30328359965756874e-01 +5.81987503952917873e-01 +4.85734360556861755e-01 -2.86610899251225959e-01 +3.48342994322825145e-02
-3.98239431539650218e-02 +5.39970959457359956e-01 +1.76747501268026519e-01 +3.10786033222472891e-01 -1.10182162071733730e-02 -3.55856543752047283e-01 +4.03108477490673800e-01 +8.97875921155961570e-02 -5.30758176292565831e-01
-7.02316401587350231e-02 -2.20256206256799120e-01 +2.08567457135779288e-01 +4.88282429425926090e-01 +2.97487233633637160e-01 -5.82312484048041146e-01 +1.57405972625905555e-01 +1.79599407642304199e-01 -4.24282375979533721e-01
-5.24297746771913320e-01 +2.29313706398254158e-01 +1.00351926624690207e-02 +1.74409178319793190e-01 +3.04101418869141937e-01 -6.38242541584301493e-01 +1.55553534575741725e-01 +8.34114396127054632e-03 +3.43380457460858546e-01
+6.71557561476700537e-01 +4.84023253511613072e-01 -1.53215417975128719e-03 -2.23546870344008136e-01 +2.44333985275586906e-03 +2.51611495200723345e-01 -3.06286525064979942e-01 -2.82916115687961434e-01 +1.66099676602167873e-01
-3.61723869267667142e-01 -1.14231169411651068e-01 -3.95247778943292716e-01 -2.45995510647347232e-01 +6.07286495404088078e-01 +7.54248807692708273e-03 +1.71767631242863775e-02 +5.45369529594535649e-02 +5.16961688389497520e-01
+2.81662760045351124e-01 +2.01699107593705795e-01 +2.23278213168737416e-01 +1.69483950095641600e-01 +2.95432564523468222e-01 +6.10237673512666889e-01 +5.37458294960621918e-01 -1.77265181158125423e-01 +1.46460944130590826e-01
-5.84013859153194453e-02 -2.42553541533779171e-01 -3.66538654695622024e-01 +1.43371890549361114e-01 -2.96323680954577506e-01 -3.45741159614799620e-01 +4.30210387647518289e-02 -6.15120805497402001e-01 -4.41907099680905024e-01
+2.61160372358588515e-02 +1.51921481075414311e-01 -1.12257781728920980e-01 -4.26850577245121265e-01 +4.70422000119485248e-02 -3.52754017382397589e-02 -7.16898224574516796e-01 +4.31613831018618055e-01 -2.78825582146502327e-01
+9.76711142235553165e-02 -1.72839546256793292e-01 -1.25365057308104572e-01 -1.48994864125359838e-01 -5.76484144539913923e-01 +8.96625059286891291e-02 -4.99360021966183898e-01 +3.82199941882870736e-02 +5.75739910200193772e-01
+6.97221873497607558e-01 +4.00546879655433175e-02 +2.91285788737911389e-01 +1.75278972494365165e-01 -2.29747576332538700e-01 +3.02727701691936413e-01 -9.47463922278724419e-02 -9.45443773685763211e-02 -4.84111168880200504e-01
+4.99248472833149284e-02 -3.19425853244521829e-01 +1.55893000408471538e-01 -2.08447991971187824e-01 -4.22627079758270852e-01 +7.18757807831163081e-02 +1.63807099574447973e-01 +7.72653978662168783e-01 +1.41826400743699094e-01
+2.21364427136554909e-01 -5.91295156224668106e-01 -3.01343751578126318e-01 -3.75327491530552448e-01 +3.20576565265381586e-01 +2.10175256490246126e-01 -5.84110502404146525e-02 -2.59298943502193513e-01 +3.89997795609567377e-01
+1.25661699158779200e-01 +1.15838251181427765e-01 -4.77737575957333571e-01 -1.01516421965703513e-01 -1.06166994459932398e-01 +5.64297857558926030e-01 +1.66731180470151819e-03 +6.33054043616809281e-01 +4.22866017900769137e-02
-2.86518681691360744e-01 -8.48036773635888058e-02 +3.11924240799346497e-01 -6.89385266693977039e-01 +1.11756387646302885e-01 +3.03927134327433901e-01 -2.73792474447414946e-01 +2.16338036585165781e-02 -3.97334959108146313e-01
-1.43159632482227073e-01 +5.13290872027888812e-01 +5.68115527532625175e-01 +5.99790048377340165e-02 -3.18054358754689317e-03 +1.58158864808949473e-01 +3.97373905895224810e-01 -4.45613444267076497e-01 +9.04619339957080382e-02
-9.96617755383435305e-03 -4.54604698675553642e-01 -5.62877412522234333e-01 +3.73680958828902510e-01 +4.46324393048414259e-01 +1.99974195574433578e-01 +3.66105517749489850e-02 +1.36511000146463918e-01 +2.78560719305737503e-01
-5.42843731331002943e-01 +2.05712920911670039e-01 +3.25070527831321066e-01 +4.03303972347579143e-01 +4.42959724914878061e-01 -9.47830851157960980e-02 -4.24460535432599984e-01 -5.18883179065379313e-02 -8.13734634455257066e-02
-4.48664270801951842e-02 +2.99174759952161307e-01 +4.03200897009505010e-01 -6.23320182208039975e-01 -2.13875378604278937e-01 +1.23406714106512785e-01 +3.07278351096268332e-01 +2.62604808090792397e-01 -3.64731804051904640e-01
-2.15757505580238040e-01 -3.74474886066814505e-01 +3.99988789038438347e-02 +5.99942720162431331e-01 -4.36018855274804384e-01 +1.35254306482492259e-01 +1.95995483168625195e-01 +4.16002297913260932e-01 -1.78347329199938537e-01
+2.46800261844158819e-01 +6.01399133283427090e-01 +3.40149850888326388e-01 +4.97338847897366154e-01 +8.93583027331045221e-02 -3.63424025681359231e-01 -1.49574887181838617e-01 +2.08282107661090093e-01 -9.24383610595468502e-02
-1.88751513112579622e-01 -2.13048065412019330e-02 -5.31783254544475836e-01 +5.32563966634891917e-01 +4.33935603587264004e-02 +1.70071783562321638e-01 +5.82393471771528892e-01 +1.30639875876247841e-01 +1.02199889277910017e-01
+5.24066809618249141e-01 -4.44682339404445844e-03 -1.27673165683733908e-01 +2.99809977583227957e-02 +5.16580900137543209e-01 +4.72597560445785492e-01 +3.63563500945531621e-03 -3.77588500586410858e-01 +2.74489222398117461e-01
-4.46564008112841082e-01 -5.18444273005984169e-01 -4.71120089392978780e-01 -1.28259773498228619e-01 +3.97199637898837665e-01 -3.55394354728663153e-01 -9.56644959744497037e-02 -1.26345612639917997e-02 -2.71784283506326272e-03
-2.76056927394563834e-01 -3.92570880741646977e-01 +2.34403659858812563e-01 -1.00080098502236980e-01 -3.19907148782492892e-02 -7.62871354125554513e-01 -2.02931762807266575e-01 +1.45226123458537359e-01 +2.43826861697269553e-01
-1.79242334590630936e-01 +2.03434004664081625e-01 -1.50866362628464562e-01 +1.53158277333198922e-01 +1.74378300692044352e-01 -3.13768456358884118e-01 +5.53970759837104920e-02 +6.18405886452080056e-01 -6.04909548250156415e-01
+1.47294207475527433e-01 -3.64755341690759183e-01 -1.04764433418489372e-01 -5.27949335032538269e-01 -2.75485983991650640e-01 +1.98602132465171721e-01 +5.19080643992896329e-01 +6.76267169300645982e-02 +4.07674438829608687e-01
-5.94546361010035551e-01 +6.52001982623249376e-01 +3.27145966836960428e-02 -5.24417045831714196e-02 -1.51677909273866453e-02 +1.60920217280897088e-01 -2.50157644101727195e-01 -2.28980699695617990e-01 +2.76498238877468883e-01
-3.26946904089522317e-01 +3.16825777950403634e-02 +7.88983044419728108e-01 +8.74124089566800655e-02 +1.64911784023634329e-02 -3.82150829822777538e-01 +3.17703976371626728e-01 -1.12257543628732553e-01 -4.60214531047121525e-02
+3.30697115563973021e-01 +1.67118770208305040e-01 -5.83177868701762470e-01 -1.23738825336016225e-01 -4.33962641042935526e-01 +3.32157724392611153e-01 +2.29000234023515270e-01 -1.85883857717922374e-01 +3.48793302007228190e-01
+1.29557261133871560e-01 +3.35548082444470860e-02 +1.04256034005485027e-01 +1.20417684809535075e-01 +3.92281405982412901e-01 -7.29511357934748861e-01 -2.03095150115267020e-01 +4.74545057120060898e-01 -6.48619874576960298e-02
+6.93077116053046755e-02 -6.36682098212594944e-02 -1.66082309713534881e-01 -2.49902357376837218e-03 +5.82996408519885545e-01 -6.34110317243558458e-02 +6.48274794182084224e-01 -1.68758683461480818e-01 +4.13409903297778769e-01
+4.51913784031973964e-01 +6.32603251852508208e-02 +2.37797486372967687e-01 +6.03719813778269998e-01 -4.77651142045613097e-01 +3.83079949085239554e-02 +2.43514992642279854e-01 +1.27780221827704127e-01 +2.55932319729828550e-01
-4.75968702389931830e-01 -4.23533263939619639e-02 -1.43070555862498117e-01 +1.41363236951323634e-01 +5.41700247917340713e-02 -5.73651374539432379e-01 -3.02404522060490122e-01 -1.70836933243544070e-01 -5.27790865355626360e-01
+4.66017181801146596e-01 -3.80862938709452814e-01 +6.17655781844878571e-01 -4.17881354635512847e-02 +2.23450144490373759e-01 -1.72521489100066316e-01 +2.26595254335679230e-01 +3.43971126646918590e-01 -7.19118804059063754e-02
+3.83309265704112945e-01 -5.06481213111870110e-01 -5.03641032847965131e-01 -2.72542882631385741e-03 +1.97300970409369725e-01 -2.12243650027577752e-01 +4.01552129221896814e-01 +2.20966251321533524e-01 +2.21006409527895353e-01
-3.92106045076147814e-03 -4.66097579822749519e-01 -4.63813648808094725e-01 +2.56010307236436557e-02 +8.78638365827345280e-02 -9.73288722458461458e-02 -4.91617531791115114e-01 +5.55048066288440500e-01 +2.02896314118873264e-04
-3.25516346534042100e-01 +1.39583158199241303e-01 -3.44114371920518580e-01 -3.52770346607054919e-01 -7.12638146927981608e-02 +5.76832232840264525e-01 -2.91617360690722027e-01 -3.19853001727408881e-01 +3.26394619717343570e-01
-4.25046159416517133e-01 -4.95739941455916766e-01 -2.24696167223995963e-01 -4.23372686250282126e-01 +2.88416361060451987e-01 +3.12734997675127524e-01 +3.87722701905893863e-01 -1.06011350869095217e-01 +3.59221045890547805e-02
-3.66672321670296841e-01 -8.19567290199113563e-01 +8.29776921308859050e-02 +1.03456252848550690e-02 -1.63228011887442369e-02 -4.16201849889937317e-02 -2.38049457017575850e-01 +2.63387123668847978e-01 -2.42548018884130911e-01
+1.27172546618603305e-01 +8.93444204711116297e-02 -9.16358120989611141e-02 -3.24886731765618650e-02 +3.39330150975348660e-02 -4.00291259087794227e-01 +4.24295015229940231e-01 -2.23879944407361753e-01 -7.58194599625248711e-01
-8.58729044031938060e-01 -9.73234270484926306e-02 -1.98216776582094301e-01 +3.08871420777730096e-02 +4.12185906031611038e-01 +6.57003352209064861e-02 -8.27151960151334686e-02 -1.65812470230528253e-01 -6.57216806251233743e-02
-2.98271391038641254e-01 +1.72939189639811086e-01 -4.86460979325872123e-01 +1.11576555089060794e-01 -2.74486222263517876e-01 +5.69591398719035968e-01 -4.67066050444191805e-01 +5.68836560489623944e-02 -1.04255016244458987e-01
+5.23703534490260525e-01 -2.69359792555613486e-01 -5.64414546684307350e-01 -2.19969937437770491e-01 -7.11574809059590998e-03 +1.57795244994569456e-01 -3.11457981631745096e-01 +3.21499147369837035e-01 +2.46802769304031999e-01
+3.13404009053199595e-01 +1.83684083419239891e-01 -1.03300991166027908e-01 +1.42378189605460975e-01 -6.58924877941902132e-01 +2.30602685095222665e-01 -2.13188606889048782e-01 -5.24286671043761809e-01 +1.71493300951621436e-01
+5.37672210513825077e-01 +1.77137659445442797e-01 -2.76407455041011996e-01 +2.56622806963295425e-01 +2.78236530522676440e-01 +5.64647269855280021e-01 -2.93437563712094340e-01 +1.92767683231530845e-01 -1.33294439581471025e-01
+2.08940117547986470e-01 -4.28830758853118943e-01 +3.37027957801209699e-01 -1.96573466492329291e-01 -5.38156036586141875e-02 +1.97461607097742381e-01 -4.16521262828501659e-01 +5.49452323677514176e-01 +3.20849203855008813e-01
-7.70858226917304351e-02 +2.68070993935633939e-01 -4.58567392548005659e-01 +7.71943008247127471e-01 +2.10234507520765862e-01 +6.80079902026433508e-02 +4.32358375040144613e-02 -1.05514928288814022e-01 -2.32785918904108241e-01
-4.27030448768170645e-01 -2.14354127536907774e-01 +1.12160255101985767e-01 +5.32059482219732871e-01 -1.97239557574877961e-02 -3.75018072264112878e-01 +5.64266169851188604e-01 -1.23435191163943525e-01 -3.70127353305409884e-02
-4.50274520244976106e-01 -3.42769148929346346e-01 -1.56854938293865043e-01 -8.34206192125168111e-02 -2.76167604804187117e-01 +3.33035900249180616e-01 +4.09621397461192693e-01 +5.21793604245726517e-01 +1.44775633638973306e-01
-5.33151094502796186e-02 +2.35747345806120251e-01 +4.02895499044398503e-02 +1.71006748573276718e-01 -2.52027808157945288e-01 -4.41712151294429756e-01 -5.15133739729432216e-01 +6.18301171530547533e-01 +6.65385824228236500e-02
+3.07834365145034428e-01 -5.96947366436672233e-01 -3.84385026151474296e-01 -8.41556786350287633e-02 -1.89475761062786546e-01 +5.76406464564795273e-01 +1.57933919201050987e-01 +5.52748683117365146e-03 -3.06376630440617394e-02
-2.55113941716968939e-01 +3.96498223813762152e-01 +3.36203798151586686e-01 -2.97860744389634169e-01 +5.82240777559523970e-01 -2.24920941079940276e-02 +2.97001386842839554e-01 -3.46872860569254260e-01 -1.67066441207424282e-01
+4.45408040905968416e-01 -5.58184110700984462e-02 -4.34077766793235620e-01 -4.35267557441865793e-01 +2.60010305590643143e-01 +3.99978727097717535e-01 -3.62218690859734238e-01 -2.29556075158589001e-01 -9.55401229950058467e-02
-1.50901772925981947e-01 -1.42380495826544190e-01 -1.31872373832609052e-01 +1.10075008689482570e-01 -2.43826742192652962e-01 +1.72721059906536523e-01 -1.77158090700921450e-01 +8.50811535334066726e-01 -2.87924150282532210e-01
+3.38616977671367878e-02 -4.41266031541183490e-01 +2.38038818439120586e-01 -5.71544303047215707e-01 -1.51742420156370794e-01 +2.32341671549644663e-01 +5.20719484656279485e-01 +8.14955872873671383e-02 -2.56931077414143560e-01
-4.59860329175576787e-01 +2.90000284051939727e-01 +4.26670573470010472e-02 -2.03636155792524864e-01 +5.11763794404016814e-02 +2.73805678105860206e-01 +7.20806558791912355e-01 -9.97152433608623351e-02 -2.32478719542503959e-01
-5.64818186594344573e-01 -4.48852501001363813e-01 -2.29279228348083008e-01 -7.77572991904191130e-02 +1.13286829169825132e-01 -2.26983940718865518e-01 +4.37315656726548263e-01 +1.45848497317362491e-01 +3.79505340558328019e-01
+6.40746083756970203e-02 +2.53687745513131779e-01 -2.24138658584229489e-01 -2.23149768759773409e-01 -6.01612476601575574e-01 -3.88164271530054783e-01 -1.60096651159084169e-01 -3.74844260855722478e-01 -3.90838564454074777e-01
+3.67653693550536564e-01 -5.02956784289088077e-01 +1.62065779173619473e-01 +6.68739476740753069e-01 +1.26176004106547196e-01 +2.18657492510562046e-01 -1.89190859738427974e-01 +1.89153307962296707e-01 -5.55318994869833868e-02
+2.92892167167484452e-01 +1.11972907306554278e-01 +7.84314816737143594e-02 +8.98963781296470699e-02 -1.70628164546341665e-01 +8.77641255537346621e-01 +1.68892513617655726e-01 +1.72035270928419887e-01 -1.73073483716486731e-01
-2.97751771240081953e-01 +2.19289983960221646e-01 +2.63755475555581820e-01 -8.95802323236372655e-02 -5.43788126228059943e-01 -3.11167739678087973e-01 +2.42774223871301431e-01 +5.72845751289636773e-01 +7.77286932832124827e-02
+5.45089879746109215e-02 +2.61064846435119402e-01 +3.47339447757529396e-01 -3.07896175740387579e-01 +5.71861428754251611e-01 -2.77190811224024281e-01 +2.69860962155917872e-01 +2.24992453840404061e-01 -4.31419038148526279e-01
-3.50707719302700061e-01 +3.44660861732991042e-01 +4.58798710370304952e-01 +3.11180220338178104e-01 -3.68131537617010840e-01 +1.30971430240400089e-01 +1.29692063525826212e-01 -1.23638521219077341e-01 -5.15851470915311583e-01
-1.23353685024296819e-01 +6.89518131849238936e-01 -4.77027507813681695e-01 +1.35801169109589243e-02 -4.24657889040624681e-02 +5.52690298545271685e-02 +4.34393002443547865e-02 -4.64962888609803046e-02 +5.22208832636855136e-01
+1.96602104924005899e-01 +4.48151464402925193e-01 -2.54804282518789393e-01 -2.55590831208460711e-01 +6.16568883250420585e-01 +9.77269813664226189e-02 -2.58917841243269664e-01 +3.42676708435303401e-01 +2.36817347775503950e-01
-3.99333179938638205e-02 -1.45443000095938552e-01 -2.89937754927397595e-01 +4.01368236237749365e-01 -8.59550211151151738e-02 -1.41057253335706068e-01 -7.44260753122302443e-01 +1.81413036891998419e-01 -3.43469253468319524e-01
-1.34429270140914964e-01 +4.21635799733902306e-01 +1.05970969577649052e-01 -2.74179966004757303e-01 +4.25557897568521415e-01 +1.92413094099620458e-01 -2.08363088279172298e-01 +5.40576653465814960e-01 -4.04952967351855930e-01
+8.08493691993195096e-01 -3.06714976668974959e-01 +6.55205367813910255e-02 -1.56828522243278284e-01 -1.47106303699408053e-01 +2.83031596622561110e-01 -1.94525124520875919e-01 -1.34090754309796695e-01 +2.56531173990569239e-01
+1.66262721402691216e-01 +2.80538076289529759e-01 -2.30012106863178689e-01 -1.30973821560100651e-01 -2.85369787544953846e-01 -5.60285705820481650e-01 -2.98976794676588831e-01 +3.45260554825670252e-01 -4.68665575567505654e-01
+3.75800339738584732e-01 -2.32758421180892072e-01 +5.71005041970320093e-01 -3.17213308539324446e-01 +3.66600120229571827e-03 +5.35409940517178828e-01 +5.82088729106252020e-02 +8.31561067331114054e-03 +2.96297004230437144e-01
-1.29410623695688176e-01 -2.09540535371090270e-01 -1.72787200971871030e-01 +1.21667367444708810e-01 -2.46168824484601728e-01 +5.69533975295194339e-01 +6.53256980506161211e-01 -1.35398249366570883e-01 -2.54247677895460544e-01
-6.42975080336920385e-02 +4.71583386790952186e-01 +9.01718736589557888e-03 +3.94501622764051318e-01 +5.10309085354329062e-01 +5.02558182905292306e-01 -2.78415448660129572e-01 -5.29882310907270268e-02 +1.56394038393361717e-01
-5.58287197800912072e-01 +2.19038899622550742e-01 -1.52047704155138852e-01 -5.71619319026673067e-01 +1.87607625173297154e-01 +1.97735152822205051e-01 -3.38813044449551293e-01 +2.86336808960604094e-01 +1.39252849380833127e-01
+6.61391182717816273e-01 -2.50421395649035428e-01 +1.88095027519842861e-01 -1.46254397189092972e-01 +1.44662058835184099e-01 +1.02779699984790612e-01 +2.63549705623117525e-01 -3.88980244385530749e-01 -4.36836221137653469e-01
-3.09483101989428189e-01 -1.79682451697744133e-01 -1.56853116428426753e-01 -3.92776677133738816e-01 +4.12138524330676603e-01 +1.56674255274472485e-01 +1.58278845132966056e-01 +6.79729148254723636e-01 +1.07559818679479030e-01
-4.55283676740086796e-01 -4.31105024123762059e-01 -5.62942604809374858e-01 -5.71900678624328584e-02 -1.14062152723352267e-01 +4.28134579994707942e-01 -3.93856888668948010e-02 +3.59541969560507116e-02 +2.95866222573988036e-01
-2.18107509212756456e-01 -5.14450279719445236e-01 +1.77140647285729341e-01 -3.02789093392000830e-01 -2.31696530707919152e-01 +4.00897396028919273e-01 -4.42727064474763399e-01 +3.27475235282411348e-01 -2.16934765072519353e-01
+2.15864936902372025e-02 +4.60655912037305215e-02 +1.83353848504803268e-01 -4.22993222838579513e-02 -2.29980140649923975e-02 -1.33839314060809511e-01 -3.67548285428753396e-01 -8.82048741257089652e-01 -1.74529434354157242e-01
-5.76117275734372991e-01 -3.44661423146651325e-01 +1.74467828028696870e-01 +1.01082672740009885e-01 -5.19327281783504499e-02 +4.58788666941870205e-01 -2.37919769114725593e-01 -4.86506228403150942e-01 -4.65024974448314810e-02
-5.33383175962989009e-01 -4.95183738605576185e-01 -1.55359606277281209e-01 +5.81696668661109140e-01 +7.95176040331205397e-02 +2.53307460764977399e-01 -1.47660417103414932e-01 +5.83787827178325128e-02 +1.09947400810733939e-01
-1.13809805438662606e-01 -3.22414220442052868e-01 +3.98881600388628719e-03 -6.90816222109831429e-02 +2.38449220043408683e-01 +2.76855374413757238e-01 +2.33081623809853894e-01 +2.25460955590503671e-02 +8.30641871565872547e-01
-6.66030264505937386e-02 +1.88235797108601416e-01 -6.38511498624326879e-01 -1.14518351403287588e-01 +7.20121512358625482e-02 -3.28259983494372187e-01 -3.80059881090750173e-01 -2.99526340291839333e-01 -4.38426762912826729e-01
+2.17327323546330387e-01 +8.13195689385036863e-02 -1.75697668900128140e-01 +3.53546729757338252e-01 -6.30770222754230447e-01 +2.17330521166718110e-01 +3.26804068331704334e-01 +2.98497412341493573e-01 -3.86375164279560757e-01
-8.28801469283124370e-01 +1.17751225903344761e-01 -1.02459379515114885e-01 +1.77735774250402878e-01 -2.68937259705311960e-01 +4.08318040587628106e-01 +1.34449489577330800e-01 +2.70023740700748227e-03 +1.22297179616848140e-04
+5.80306142435395356e-01 +6.24808396521176410e-02 +3.12142537434964895e-01 -7.33479361280552217e-02 -4.34761377698577173e-02 -2.45391527326937128e-02 +9.05780491823952177e-02 -2.66660829730614835e-01 +6.89001681158328605e-01
-4.72023401829728073e-01 -4.23183194172230437e-01 -2.57516820782262179e-01 -4.44765523740094482e-01 -1.99032799064327443e-01 -1.38725354384572785e-01 -1.80524126382183847e-01 -2.99119236733521088e-01 +3.91226981634797411e-01
-5.24073879218914684e-01 +4.43876474808137911e-01 -5.75312129906497827e-02 -1.14392530420492355e-01 +3.08495755482798450e-01 +3.86060210413310734e-01 -1.67970924755428443e-02 -2.92081764762306961e-01 -4.26753718098146606e-01
-3.91186701630343470e-01 -6.08353239713102442e-02 +2.10839193587025658e-01 +2.74142057712774168e-01 +3.50276424616247917e-01 +2.32137986452122996e-01 +6.37157523566297623e-01 +2.27934403913375466e-01 +2.98596004234795376e-01
-9.00678532487374645e-02 -3.91667828362718295e-01 -7.22085019390051208e-01 +3.89288343395480907e-01 -3.98827186461176542e-01 -1.62882775241029315e-02 -4.62369373602966593e-02 -1.74788052080318314e-02 +6.13197264546019027e-02
+4.11627516996188159e-01 -4.77582041516055600e-01 +2.02927227657559960e-02 +3.12993393386596319e-01 +6.91823697223698297e-01 -4.89298112652801209e-02 -2.97111526142625898e-02 -8.57339957481258602e-02 +1.21878205125748165e-01
+6.39834018305490582e-01 +4.36413369751797786e-01 -1.89639461274501209e-01 +3.93297491860015655e-02 -1.24975748053216359e-01 +3.59694779726852154e-01 +4.14432226073528087e-01 +1.59986907138349399e-01 -1.42466461489181712e-01
+8.94617102072794990e-02 +4.91705453929806649e-02 +4.15077573446792858e-01 +4.70499624628385682e-01 +1.74856135496364334e-01 -3.47903155084202331e-01 +1.22530641854800976e-01 -3.90953852573128868e-01 -5.25784770267482382e-01
+3.39882343693259481e-01 -2.91531646262086275e-01 +1.01863286435895525e-01 -3.76096791588262591e-01 +1.44239002827465324e-01 -2.81731038399943290e-01 +4.22347802895369384e-01 -5.83990004321868428e-01 +1.67526434373249405e-01
+3.01951298413891435e-02 -3.64108738267405529e-01 -2.06753868564766852e-01 -2.48330391551170371e-01 +3.46415186935441932e-01 -3.97299776496119861e-01 -2.85000048036993359e-01 -6.30971226798005658e-01 -6.99830318382417133e-02
+4.08869153069112368e-01 +1.26339321264813592e-01 +1.10735000129266473e-01 +3.02390366950448186e-01 +3.41311459894699853e-01 -2.98378421136876959e-01 -2.98244545280012929e-01 -5.36351794591831910e-01 +3.61961277053348074e-01
+4.96763437654697160e-01 +3.03882561361829839e-02 +5.57906442447494363e-02 -2.90352657917613777e-01 +6.99561460557983850e-01 -6.60250660689654101e-02 -1.26151345009421184e-01 -2.85265044706999094e-01 -2.71752690744028580e-01
-2.94433222864199651e-01 -2.51410438627480026e-01 +8.59904685785018441e-02 -1.91162132981820193e-01 +2.86759801243468615e-01 -6.66847066498194030e-02 -8.14069835732140978e-01 +1.05212042145247708e-01 +2.13792520633755367e-01
-2.64643517493006630e-01 +3.79514052387261713e-01 -2.20872487976771503e-01 -1.99372017721707595e-01 +5.65060427081518379e-01 -1.15429696163462353e-01 +5.09193001557559199e-01 +2.92832368937510967e-01 -1.40546878838931161e-01
+2.46064084325048088e-01 +4.31256302106444722e-01 +1.13437255120978298e-01 -4.35541631764497339e-01 +4.54187533477834124e-02 +1.25097035289891773e-01 +4.92395912069136021e-01 -2.62241808321001690e-01 +4.71136193474280873e-01
+1.34240472747548828e-01 +6.92091371585998316e-02 +5.15494291374858249e-01 -2.22588219550665101e-01 -2.38556737238861921e-01 -1.68029517669521983e-01 +4.92296361083758224e-02 -1.87487288724189349e-01 -7.34296557729001043e-01
+1.37686335522120146e-01 -4.40761014288006236e-01 +3.32475675457258923e-01 +1.97268661436682535e-01 -6.87218090699792339e-01 -2.17649056132503405e-01 -2.20055457857022629e-01 +1.88703809661887684e-01 +1.83422609305684686e-01
-2.03921427848276493e-01 +1.36196610258474127e-01 -1.31631072467561817e-02 +3.03362985563665755e-01 +2.77579061363175339e-01 -9.79112733472362051e-02 -5.35625013273111628e-01 +2.81237724821221891e-01 +6.28520962859437149e-01
+4.81054782306525319e-01 -1.06852820739527621e-01 -2.66657957825345904e-01 +6.04308006575394296e-01 +2.76060094389438349e-01 -3.96425992819508577e-01 +2.62337681806540601e-01 -1.36278526828938817e-01 -1.08856864635587611e-02
-9.60203226512580388e-02 -2.66748127127727566e-02 +6.16847635992322063e-01 -4.03335059255336137e-01 -1.26819412015820338e-01 -5.54796808616497619e-02 +5.38608191167255335e-01 +1.41552016510146483e-01 +3.42916113251863441e-01
-3.21386062810734452e-01 +4.51735347230776629e-01 -2.60428750041437340e-01 +1.55337719670361807e-01 -4.67681578903464790e-01 -1.50630779273526610e-01 +1.12654172801958108e-01 +3.64852904712163140e-01 -4.62026988449795284e-01
-5.90377530622421005e-03 -2.94266847874546322e-01 -5.18334810655891598e-02 +3.75728317035295301e-01 -3.04383116455645688e-03 +5.21579330983005685e-01 -6.70331876869087906e-01 +7.75454739426821027e-02 +2.05186014642549680e-01
+1.74510989472045838e-02 -2.07937218017550496e-01 -1.30638782285142696e-01 -4.33872610061044273e-01 +4.13152664223382593e-01 +5.14710801499278947e-01 +1.94269133004796035e-01 +1.65940001629628103e-01 -5.00246665152645709e-01
-1.42202259600379549e-01 -1.24069731536557051e-01 -3.88997510754475417e-01 +1.88889348440722082e-01 +2.23807151438006058e-01 -5.32002672945556254e-01 +2.38913783755032971e-01 +5.68454855896551647e-01 +2.53080551281459343e-01
-4.38088901010094400e-01 -1.95184284192180063e-01 +3.82767158881763325e-01 +6.06039146385214528e-02 -1.44953376657056238e-01 -1.58425467290197797e-01 -7.04432602813955588e-01 -2.75193553339528607e-01 -4.16026901887845621e-02
-1.36223099229133532e-01 +1.24473803746743397e-01 +9.09390549859168769e-04 +1.15690486496172584e-01 -2.17980861412275795e-01 +4.77272433109779792e-01 +5.79249336303292339e-01 +7.53744202157058535e-02 +5.79697072255077051e-01
+1.71744364654427356e-01 +6.31547488345909458e-01 +3.26088380164858194e-01 -2.35998806165089135e-02 +8.01053964987957223e-02 -5.44455104796748968e-01 -3.23879452566618389e-02 -4.01065151509492068e-01 -3.25371925918546039e-03
+2.99994434105830099e-01 +1.63451820553768196e-01 -5.19935144715583442e-01 +4.23600026015651443e-01 +6.53308860094728959e-03 +8.76523915502886754e-03 +2.56105427188027590e-01 +2.20332269540798820e-01 -5.65032296078757379e-01
+3.82474942015088082e-01 +1.07773231878738798e-02 -7.40945922224777453e-02 -1.53686453345783847e-01 +5.88127698949170163e-01 -4.80631740396382956e-01 -7.84294935197727555e-02 -7.68447806242360532e-02 +4.85314194709140112e-01
-3.15686492318774659e-01 -4.23164105922468337e-01 +7.29237415889407048e-01 -3.26425818005606605e-01 -4.28406081123355528e-02 -8.59002556276615425e-02 -1.79065969630022997e-01 -1.89152558201091614e-01 -7.66529272678296292e-02
+1.08101157519123567e-01 +4.18147129874128831e-01 +4.58973327447650736e-01 +4.87056006660318896e-01 -2.02775347805005363e-01 +3.54633684033908325e-01 -3.79432637091740355e-01 +8.90497764236668210e-02 +2.16345021408834548e-01
-1.92321566809515107e-02 -2.67763324660751853e-02 -3.94435614314647132e-01 +5.42141942816313116e-01 +4.55878743890528293e-01 -4.55383058353235837e-01 -3.29407001944871880e-01 +3.74547648231202540e-02 -1.55900034842939295e-01
-2.49408444928424428e-01 -6.67578513386265504e-01 +1.17827460435163928e-01 -1.85831532150865619e-01 +4.78863070395875501e-01 +6.97469729014241618e-02 -3.31477879092075156e-01 -3.08733028455467018e-01 +6.59510400576713424e-02
-3.05523103516361805e-01 +2.34622570685115078e-01 +1.56383114115722477e-01 +2.26303473397634625e-01 -1.16376644933501541e-01 +7.22089470232234021e-01 +6.95993012910570419e-02 -4.12678659150758409e-01 +2.56582300881326775e-01
+2.09902163792487703e-02 +3.81748991431471008e-01 +1.59049410391114449e-01 -1.62807870327265153e-01 +1.01463342654277228e-01 +6.53166603548921865e-01 -4.79121429948596467e-01 +2.81992957335125527e-01 +2.36696443265070527e-01
+1.92503735342501259e-01 +2.84148769506600507e-01 -5.05200636790231861e-01 +3.26081841585330656e-01 +5.15209674001384732e-01 -2.16200801439070722e-01 -1.54211203287786230e-01 +2.48187915065271936e-01 +3.50831308053756341e-01
+6.13497703431011357e-02 -7.45592799088141023e-01 -2.88141599587040054e-01 -7.27716093766996169e-02 -4.25109715759911910e-01 -1.77478962915490451e-01 +3.72942349336839452e-01 -2.41971698709373996e-02 +1.08509637005721592e-02
-7.00112291387943314e-02 -2.85609466726152117e-01 -1.94993053551641399e-01 -2.59642999453549295e-01 -4.50190682236137896e-01 +4.39464765335271790e-01 +1.28492034847878661e-01 -4.54542817194098225e-01 +4.34935140206822612e-01
+1.93098616939398948e-01 -1.68003396451288145e-01 +5.01103160740993814e-01 -3.90226314123150397e-01 -1.94806285171861104e-01 -5.47692989364805483e-01 -4.89320690457953414e-02 -3.98439105439844010e-01 +1.79001847788076707e-01
-3.09813751737692766e-01 +2.85962702520028977e-01 -1.69641056680858264e-02 -2.42794606344053115e-01 -6.36670058672189954e-01 +2.92552724253574481e-01 +1.91041414819906136e-01 +1.13167430636275504e-01 +4.71979046822768755e-01
-1.05946918792871145e-01 +4.22521210391150370e-01 -1.03961919728474531e-01 +2.57369072273253896e-01 +1.08314227686244047e-01 +4.51825122534479151e-01 +2.53821937809125431e-01 +4.15066300735473959e-01 -5.29736381287422842e-01
-2.31727848860371205e-01 +3.19048015166350230e-01 -5.85973684499498382e-01 -5.89166109599427723e-01 +2.63276352021708238e-01 +7.90560209524834301e-02 +7.88965310862189545e-02 +3.88893214541484733e-02 -2.65946179764278923e-01
-6.18211862485615717e-04 +5.68639511936312791e-01 -3.00865948700213603e-01 -3.53142906832589587e-01 +6.83843257120646114e-02 -3.09678126306402790e-01 +6.96527131011682593e-02 +5.41083889219241443e-01 +2.51432412418849560e-01
-2.02071236551895045e-01 +1.59991953436145889e-01 -4.08853044388905129e-01 +4.51772574001435223e-01 +2.11457526352739539e-01 +2.70974529682511400e-01 -3.64286870708553312e-01 -5.19311343932610137e-01 +2.04401179968498076e-01
+3.58988657023903424e-01 +6.95245187551266186e-01 +7.00844839905510469e-02 +1.86166899195763902e-01 -3.69438638749119364e-01 -2.12501671609307552e-01 +3.07825248853976422e-05 -1.49559169257739460e-01 +3.79712404022321148e-01
-5.23560039729702220e-01 -3.12526058720829558e-01 +1.55566305925928766e-01 -6.99875285696671567e-01 -1.33735286417850485e-01 -2.00396131728129645e-01 +8.18993812977199809e-02 +2.22234939020061278e-01 -6.81491945351364418e-03
+3.82697926395167920e-01 -4.02582977984872026e-01 -1.01638487163213304e-01 +5.39295691953779688e-01 -1.89250361311379227e-02 +1.50208681645994269e-01 +2.93590617122569453e-01 -1.51971133617578080e-01 -5.08023165404022037e-01
+1.25770463466712196e-01 +4.31162243269974099e-02 -1.56132225743759984e-01 -7.46623738809728099e-01 +3.43473138145571733e-01 -1.48301889925679525e-01 +4.90916626360498709e-01 +1.34014535946640256e-01 +3.96512973807013266e-02
+1.88928073394326407e-01 -1.34612145188613030e-01 +9.33717859357587332e-02 -1.93586344266920868e-01 -3.53070656976550643e-02 +8.47676625737675105e-01 -3.80617630716311939e-01 -1.87558276309084254e-01 +1.19017570736911979e-02
+3.78983701233648954e-02 +2.16579324367462495e-01 +3.97192363412380012e-01 +4.06348474986518299e-03 +4.74842360554044329e-01 +3.10957064239117176e-01 +3.87352257205977546e-01 +5.66938866830739907e-01 +1.57420225658753792e-02
+2.60784435302066075e-01 +2.75023667325559440e-01 -4.58725528447947895e-01 +1.36128212455615683e-01 +1.22003267003047117e-01 -6.19992742234341643e-01 +2.37610905927523958e-01 -4.08400208827015332e-01 +6.97709772788683985e-02
-1.25141620260154601e-01 -2.36003890236194530e-01 +2.39692318235774637e-01 +3.23786554544721106e-01 +5.06432390795923837e-01 -3.77139637492581670e-01 +1.76721484166425691e-01 +2.78974136271878892e-01 +5.08513986097656856e-01
+8.38075233057048730e-02 -2.26239690393267134e-01 -1.17543114363538551e-01 -1.56650001790952648e-01 +8.90544398355933131e-01 -1.10078943817316713e-01 +1.44704595939907532e-01 +2.74288807128060086e-01 +4.55612293052335832e-02
-5.41681955809006424e-02 -7.63452915673457189e-01 +4.54985840522062923e-01 +3.65626408249948132e-01 +1.60110935424083806e-01 -1.99020590797375441e-01 +2.85374869453911446e-02 -1.73699160341742563e-02 +8.45568288429524029e-02
-3.15223446564749044e-01 -2.59752824355629353e-01 -6.82736482329615868e-02 -6.01117589060412780e-02 +2.39788661261787217e-01 +8.57236085502976752e-02 +4.59726476576076848e-01 -2.05772651770043447e-01 -7.11582727277133897e-01
+3.05391903063662151e-01 -4.18652331322832250e-01 -7.62763438528480525e-02 +4.92095314681377571e-01 -6.06744340584328468e-01 -4.69002450582669886e-02 -1.22607381853346385e-02 -3.17938706582824637e-01 -1.09162525603544058e-01
-5.49054650156413415e-01 +1.87863037553136408e-01 -6.32260776132903879e-01 +1.19072008844257171e-01 -5.53058526939971132e-06 -2.42453977484498318e-01 +5.28909720005720854e-02 -7.29875942516017701e-02 +4.27090228024589291e-01
+2.73400200655220305e-01 +1.67980170644873611e-01 -3.17411308110527424e-01 -5.94255664767399105e-01 -3.17967931991257613e-01 -1.00977337501808387e-01 -5.54698628003946759e-01 -4.52590645031333283e-02 +1.48681806668853445e-01
+6.36462041330879580e-01 -4.51338741860764170e-01 -3.98762664718256610e-01 +2.57111608508332479e-01 -7.32488210559535252e-02 -1.66670228804816967e-01 -3.43824964764243957e-01 -2.55281355357211623e-02 -1.18658000078057990e-01
+2.30335472911131184e-01 +1.19963160497508159e-01 -1.39676626244238572e-01 +8.70571484420483016e-02 -2.33430441897318069e-01 -9.22067456111048261e-02 -3.28751201542713922e-01 -3.31168711999460130e-01 -7.90394825112546884e-01
-4.00147892174274156e-01 +2.74817875390686306e-01 +2.47746571197767634e-01 -3.01164530128485708e-01 +3.43164473954708893e-01 -3.35380076218660617e-01 -5.11993047594199502e-01 +2.07013331998460171e-02 -3.45646183714471977e-01
-1.41585491635784322e-01 -2.68048204106705046e-01 +1.61822798768577025e-01 -2.46067205882208422e-02 -1.74771426910316441e-01 -2.70796962356827597e-01 +7.82341650542713735e-02 -4.14492726990576321e-01 +7.74280794116866122e-01
+4.65533091481077022e-01 -2.00599379446297424e-02 +6.68147904132131848e-02 -1.98023745722863076e-01 +3.59096940945849485e-01 +9.76987860046377721e-02 -6.40906534289079510e-01 +1.16733530700919991e-02 +4.35667075744620824e-01
-2.68410310937559522e-02 +4.31225687276119485e-01 -1.29489735309539694e-01 -5.54042566703901285e-01 +4.56087287213592263e-01 +4.53087362646605207e-01 -1.10968493377721716e-01 -1.87132827342936570e-01 +1.70166786045009483e-01
+3.17333054233550182e-01 +6.52435196917986043e-02 -2.39091733566437314e-01 -3.61881222473169728e-01 +1.04203743618787301e-01 +3.85123309659036905e-01 -1.20651588330516132e-01 -8.35137533683796424e-02 +7.25403613855970075e-01
-5.06392182741277286e-01 -2.61502177799620539e-01 +4.98872421598745841e-01 -1.66528982077016302e-01 +1.80860603833146144e-01 +1.40969013997833209e-01 +3.74621292791275651e-01 +3.61405574377400118e-01 -2.73934390376783243e-01
-2.21658755829017035e-01 +3.62706584366611073e-01 +6.06416345360914044e-01 +2.10710579118514596e-01 +5.32637249631350493e-02 -1.10176378825571478e-01 -3.50346266465379641e-01 -4.38497594681752589e-01 +2.77800453081188836e-01
-2.41840971681340847e-02 +1.85950317655002140e-01 -2.59662369371881474e-01 +5.08745596666825950e-01 -1.18143402927075231e-01 -4.02501886250306362e-01 -2.57539022769241288e-01 -5.90554956574084966e-01 +2.18045507954332474e-01
+5.04857517134711720e-01 -4.93743590568311796e-01 +5.04592627409657490e-01 -9.22428931654277256e-04 -3.78024335701062031e-01 -4.91015752607667916e-02 +2.90749749492364817e-01 -1.17938589574931404e-01 +5.44361354052157118e-02
-5.51064622806543780e-01 +1.41360628738997240e-01 -1.78432099588372972e-01 +4.75662508654684346e-01 -1.26912254007217840e-01 -5.16507737964118085e-01 +1.26799291204487876e-02 +3.55542040926750735e-01 +9.37775600426490052e-02
-5.04869510540795832e-02 -2.55655298977606471e-01 -4.69545261448265583e-01 +3.38646045948831020e-01 -1.25602750685792474e-02 -3.69792556882310386e-01 +9.92592586350136141e-02 -1.46479497558153843e-01 +6.54770646583686444e-01
+3.99734361806435401e-01 +6.46347586450563782e-01 +1.45247219436244274e-01 -1.10162127138214314e-01 -3.39790500171183840e-01 +7.60791770822767666e-02 -8.33347362389335877e-02 -1.90747530084866765e-02 -5.10549350026723081e-01
-6.71193698153447427e-01 +4.09676794977182124e-01 -1.48762644424039775e-01 -3.72167076895001558e-01 +1.93351355216465320e-01 -3.76368186018846029e-01 +9.37974441426055044e-02 -1.16395655545957141e-01 -1.40148558847034893e-01
+5.37323671789693869e-01 -1.18066544592212677e-01 -5.24954554588414474e-02 +5.38496458032415096e-02 +2.40512310777525939e-01 -6.18737823046234259e-01 -1.48716291097193504e-01 -3.55956680906260092e-01 -3.19661768690730708e-01
+9.93053294107568152e-02 +7.71398169058948729e-02 -1.77224064610809834e-01 +2.77839876002818398e-01 +4.31088553508415462e-01 +1.86995274384781973e-01 -3.77077816306628899e-01 +6.98968282588943612e-01 -1.55034258148891796e-01
+1.36615580405073517e-01 -1.54779070349187031e-01 +2.67645871598908403e-01 +1.32221965330375807e-01 -2.66432125301162212e-02 +2.63055626056949432e-01 +3.89255936522651336e-01 +3.40755035952690633e-01 -7.28505566247283909e-01
+4.33428821001487385e-01 -8.65871153331680132e-02 -2.74447803979285754e-01 -5.42739030184063651e-03 +4.20648729594695681e-01 +2.17428822017976614e-01 +5.97311390701804945e-01 +2.09458208486383607e-01 -3.23135869242017815e-01
+6.81961528609426743e-02 -3.68272595855008156e-01 -6.66295853987218661e-02 -5.78383565081057704e-01 +1.61189068316582779e-01 -4.27437094143035212e-01 -2.61321609434311042e-01 -7.36599035534832580e-02 +4.88219601949618609e-01
-5.74893757890966306e-02 -3.83468300950353391e-01 -2.52612207011052636e-01 +1.09738359646353409e-01 -3.45488366086133203e-01 -3.98493461573620866e-01 -6.14870071321314965e-02 +4.74764573306740656e-01 +5.16188237949850026e-01
-2.71461121450030429e-01 -3.18062792950474849e-01 +3.25139022991055127e-01 +4.00439652653920952e-01 -1.25321317750278549e-01 -1.86877465650351016e-01 -2.42518483466408086e-01 +6.31338776816949276e-01 +2.25931701640854798e-01
+2.39205546073074232e-01 -3.85395324580394202e-02 -2.40332591689373237e-02 +2.97272966402765404e-01 +5.79956668423501687e-01 -7.96456245523487483e-02 -4.12563015985404763e-02 +2.44495443564892639e-01 -6.69457489285774421e-01
+3.60441360981807679e-01 +1.46668353296776049e-01 +1.07514603887471694e-01 -2.16801194433232869e-01 -6.44041685997805979e-02 -2.45373694149228133e-01 +1.92075179280934205e-01 +4.88777176290629500e-01 -6.70713144500781344e-01
+1.02407442003754623e-02 -5.75335099517536031e-01 -3.41788808186820836e-01 -3.83436916403791170e-02 -3.43294008321971100e-01 -3.93238049217887520e-01 -5.06197847345934315e-01 -1.19472222431112537e-01 +8.71665660574463402e-02
+1.82597990523836434e-01 -5.66931852436261263e-02 -5.23816680686666536e-01 -2.57147366917462872e-01 +2.96520850724129315e-01 -1.36051034708031898e-01 +1.88098759396609555e-01 +6.54643293447296881e-01 -2.29263362585591990e-01
+5.11601016203973580e-01 -7.58805102234607842e-01 +8.76720922866798813e-02 -1.97113801319678372e-01 +2.29870289364440955e-01 -2.34112772024721916e-01 -5.01150231897192419e-02 -2.36471643366191545e-02 +7.22435237035823075e-02
-2.35897305780300104e-01 -9.65136113540367574e-02 -2.31335713532539483e-01 -1.38263635726163542e-01 +6.29306685809755240e-01 +3.15080981613838018e-01 +1.63908083643323821e-01 -5.82668594406736906e-01 -2.70750449311571613e-02
+7.84876121881782574e-01 +6.27901023665648622e-02 +1.98658257725026821e-01 +3.97478678784120354e-01 -9.59690079831877901e-02 -2.04907513426282294e-02 -3.26801944238666597e-01 +1.17659205630917266e-01 +2.28690515943628159e-01
-4.09220992339742295e-01 +3.81240032289416553e-01 +1.34185145307995135e-01 +4.87709203268327784e-01 -4.34954899098581038e-02 +2.30179179807123935e-01 -3.60225647746149569e-01 +4.89872455263195505e-01 -8.19539190983749333e-02
+8.50638501223428101e-01 +5.41944680764115394e-02 -3.55752961689107638e-01 +1.40210470608506908e-02 +7.20005259864963804e-02 -1.16193569185345985e-01 +1.25675764368719939e-01 +2.01418266841306218e-02 +3.34417744984955856e-01
+2.73542676077687119e-02 -5.45647348542490293e-02 +4.26578729372274146e-01 -1.42309726554687765e-01 -6.40676834649335003e-01 +3.50462791829763642e-01 +7.22363202152501299e-02 +4.18925614994091533e-01 -2.82922659677821764e-01
+3.04712697542211253e-01 +2.14681630647770932e-01 -3.27056217329945387e-01 +9.93215552664319379e-02 +2.96877221881970021e-01 +2.53067526657512087e-01 +4.57635302015817758e-01 +3.91047640759856263e-01 +4.79274288762063794e-01
-1.05986449760565676e-01 -1.00523089097279403e-01 +4.40892190674013307e-01 +6.99535898757313590e-01 -3.86381012462084727e-01 -3.75454214207743386e-01 +5.87553962466045437e-02 +1.13830361311438987e-02 -3.29796864860880182e-02
+2.74397006685336509e-01 -5.83651653406178972e-01 -1.57510083768946235e-01 +3.40969285838604169e-02 +1.36068792466912114e-01 +4.57890501550579782e-02 -3.37221935400167760e-01 +1.14964081609212163e-01 -6.40732608814173821e-01
-6.87050936276870972e-01 -2.40163499352959442e-01 +1.33715485509622950e-01 +3.18820558973699347e-02 +1.61522273719747450e-01 -4.68615860113395344e-01 -3.47370817596512615e-02 +3.91625815009375433e-01 -2.26093995714062107e-01
-1.40755476901704507e-01 -3.23520513418637690e-01 +2.37409915464514482e-01 -6.45442289049620067e-03 -1.42665736965462170e-01 +1.63272098235010509e-02 +8.78246324652539045e-01 -1.30623174072691278e-01 +1.00588940389890372e-01
-8.73816093184622347e-03 +1.77860315736679458e-01 -1.74632398845680326e-01 +3.96748286582269407e-04 -1.86758792007827246e-01 +4.64908620290341357e-01 -3.99771002790163421e-01 +2.59827014449063420e-01 -6.77825137311917625e-01
-1.26730627283672015e-01 +2.85554370158888071e-01 -5.71130277564899869e-01 -1.37253240359743206e-01 +1.44223152090839132e-02 +4.15501123413294982e-01 -1.03693492830300937e-01 -5.73168220189726796e-01 -2.12712171786974852e-01
-7.55160949107285040e-01 +1.08895733322879329e-01 +2.90259735438778199e-01 -1.84845868916305389e-01 +3.89307080781522777e-02 -2.91355026063845057e-01 -1.64387285960908208e-01 +1.61093781918969399e-02 +4.31009173730200534e-01
-3.80268113067037117e-01 +3.16396722251017892e-01 +6.38309590874444277e-01 -1.08827886720152742e-02 +2.47237809139481041e-01 +5.02459028546567987e-01 -1.01819220609649902e-01 +3.52688018042910598e-02 -1.50096821216670340e-01
-6.07499599350099340e-01 -2.23418319441970381e-01 -4.72546972076301919e-01 -1.09397543254857472e-02 -2.46459036663342318e-01 -5.37144221195612823e-02 +4.39242802747426386e-01 -3.11064203482927737e-01 -6.54652421783303989e-02
+2.59358510903523742e-01 +4.99210377353532575e-01 +1.85808536674547664e-01 +3.57241407574679704e-01 +2.47690056744858389e-01 +4.17454329625169401e-02 -1.40297244424926582e-01 -2.17791155247144680e-02 +6.61910291752295876e-01
-6.16039280590551241e-01 +2.82575392490016841e-01 +2.26269495144816840e-01 +3.33942552167982964e-01 +3.17899427261925382e-01 -1.89345212481759236e-02 +3.23090104459651528e-01 +1.16512599400146966e-01 -3.98183721892228393e-01
+2.55952738690720771e-01 +3.95955650409959892e-01 -1.28397506409770101e-01 +5.27027131296487483e-01 +3.44452003231162207e-01 -8.57816355856647755e-03 -5.46164501304945982e-01 -1.78948080236181667e-01 -1.85539635561784239e-01
+4.60547268017637235e-01 +1.34414772120456549e-01 +5.62226406374082499e-01 -5.04584611664564142e-01 +1.98493065244071426e-01 +1.14229945593289542e-01 -2.35378963217018872e-01 +2.06550862925729863e-02 -3.01408119116252815e-01
+2.65869987394793394e-01 -5.25825392357353261e-01 +4.50381913272456968e-01 +1.90013140502790612e-01 -2.55136989888382959e-01 +2.72746613954329309e-01 -1.65921077047092830e-01 -2.67248097034218993e-02 -4.96127329314993204e-01
-2.02177421799204171e-01 -3.71466942897736241e-01 -7.27328262652666480e-01 -8.18823050580162887e-02 +1.32960628437661082e-02 +1.90727667382567453e-02 -1.48726126809925918e-01 -5.12557641361395144e-01 -7.08058485156391141e-03
-3.46386130309416951e-01 -2.56811294782751665e-01 -2.44504018762290054e-01 +4.80133912028829046e-01 -4.51296718184854839e-01 -3.06837900548830415e-02 -4.85326065988583577e-01 +2.62357364174001462e-01 +1.21535259284784244e-01
+9.78644221659764370e-03 -6.66004505196821084e-02 -7.16357193381783275e-01 -3.61885249452492841e-01 +1.16747280473779594e-01 +9.89407121145013252e-02 +3.12355073663827754e-01 +1.78704636596263872e-01 +4.45443388167241772e-01
-1.28727739332507696e-01 +3.80525790977425560e-01 +8.33916733659509357e-01 -1.88386322850252891e-01 +6.41069989827598996e-02 -1.12957374069884292e-01 -1.35818446659974973e-01 +1.18245622911928194e-01 -2.41712665672828286e-01
-7.10746559391486343e-02 -1.99137466277918812e-01 -2.09127734737678483e-01 +2.42477136691285705e-01 +5.69938592395950905e-01 +4.00707567111176742e-03 -1.34486123721889617e-01 -3.76384772978912652e-01 +6.06766034803519760e-01
-1.77252856121908886e-01 +4.83135114449482095e-01 -4.24339228690312820e-01 -1.21932279143805763e-01 +5.36022368328130883e-01 -2.15632216250273817e-01 +7.17226603532883922e-02 -3.72888964468773954e-01 +2.49445530358770623e-01
+1.36089159103688656e-01 -3.47560192615517516e-01 +1.58784466061924395e-01 +7.62722511809987291e-01 +6.92992105289376714e-02 -1.43768497429296593e-01 -5.91521235470367571e-02 -4.23424831521480693e-01 +2.13223341820446832e-01
-3.95875555241980870e-01 -2.34377335419124089e-01 +1.79499069221706137e-01 +3.87012321072380816e-02 +1.76289982594195205e-01 +8.23825715617383658e-02 -2.18079594742555782e-01 +2.51708138216109212e-01 -7.78364545465762947e-01
-5.83481146010772084e-02 -4.96801390096661133e-01 +2.72666279731966443e-01 +8.35349784380747945e-02 +3.25101428947544679e-01 -3.09935506258538829e-01 -2.66428336994670167e-01 -3.87838816599090475e-01 -4.95282666804324367e-01
+2.13881281352237912e-01 -4.62036551358035105e-02 +5.43938083603437650e-01 -5.47158274267543140e-02 +5.95029742152918928e-01 +6.89125483599150462e-02 +3.32950456961931041e-01 -7.21392846306918301e-02 +4.22360204834485442e-01
+5.52200388528716751e-02 -3.46616022458050843e-01 +3.95366895426791432e-01 -6.13124094930130203e-01 +1.83353270602269164e-01 -3.33044242459948459e-01 +8.77289356711340451e-02 +1.09528275174154949e-01 -4.24667215603290238e-01
+6.79763872055125368e-02 -4.12318053957100861e-01 +5.92816603336813297e-01 +2.83675660673275536e-03 +1.52960291956231204e-01 +3.87174117516032701e-01 +6.35342141995595411e-02 +4.76160270777093386e-01 -2.64324824323309726e-01
+7.95583072979461181e-01 +1.45333528399326312e-01 +1.28473124995439003e-01 +8.55977900825751620e-02 +1.40308173962032184e-01 -3.44057851068955201e-01 -5.77275106279570571e-03 +3.12385037486302530e-01 -2.93961713723992657e-01
-2.71495843027468653e-01 +4.12491523185924247e-01 -2.24340719767847058e-01 +7.42639746103429393e-02 -6.20476099298360034e-02 -7.67691384976711133e-02 +7.74261114833977193e-01 -6.29015751788478128e-02 +2.95155154825501587e-01
+6.44821228359760412e-02 +2.12391178024664534e-01 -2.68550706413055840e-01 -1.60615469048192683e-01 -1.38452275453691820e-01 -4.54410067099551285e-01 -8.94153536387219949e-02 +6.95419454441179030e-02 +7.83789833576019834e-01
-8.89985732390662365e-02 -3.69844132474829335e-01 -3.56711523063107216e-01 -3.12507670155031558e-01 -3.88675296992503805e-01 +2.84443120402700896e-03 -5.38524964348398583e-01 +3.83496797812097334e-02 -4.33398205576318973e-01
+3.38415105883881961e-01 -4.44110942881178861e-01 +2.03294905638155832e-01 +3.81931154355428681e-01 -1.72594941797848844e-01 -5.00470188290192963e-01 +4.53607906424879415e-01 +1.17633926210467629e-01 -3.43971587317709118e-02
-5.17448664180311657e-01 -6.30854642711416891e-01 +2.10022765776303494e-01 +1.04547822901284934e-01 -3.90902582016593669e-01 +2.71142992634490210e-02 -1.72738325578365076e-01 -2.17853116286281456e-01 +2.19979469584518889e-01
+1.30199713224945196e-01 +4.86544297920913082e-01 +7.25404842814073858e-02 +2.40637542353117823e-01 +7.32083058664565800e-01 -1.53374275972181839e-01 +3.04787778029378675e-01 +1.70538255450154053e-01 +4.13034219591210325e-02
+3.31074574386525433e-01 -5.02082047479256999e-01 -2.57538113526901202e-01 +1.22625238152605925e-01 +2.71187641566538240e-01 +1.56777651074626240e-01 +2.88830398157937485e-01 -6.08262978079440852e-01 -7.35635550106062269e-02
+1.99954914058849242e-01 -2.58211804508857612e-01 +1.28250301696035518e-01 +4.70987687266530120e-01 -1.00104843487320211e-01 -6.29689268324953033e-02 -6.97059906493649906e-01 -3.73938640556679081e-01 -1.23929291678072845e-01
+9.68670367688724970e-02 -7.88157070362706658e-01 +1.67329103968086229e-01 -4.35146178057015776e-01 -2.73454967569944585e-01 +1.19982100039618053e-01 -5.97063762614984256e-02 -1.38268824622227116e-01 +2.00543116224952384e-01
+3.06342523492040775e-01 -4.64342851816804958e-01 +3.65111616844340403e-01 -3.82878517869383206e-01 +1.28254476052378885e-01 +2.22635973680519600e-01 -4.15272246588825888e-01 -3.21729532006549190e-01 -2.62031685317623164e-01
-1.52017931863884792e-01 +5.47626461910946216e-01 -5.03933618272089268e-01 -3.08293264005161521e-02 -6.88163196982059799e-02 +4.53602190459670984e-01 +4.46860319958885199e-01 -2.55786586715253256e-02 -1.06147167818120142e-01
-4.45443781077480505e-01 -2.68131170070045000e-01 +2.75991699817718206e-01 +1.75995411538078933e-02 -5.27508553339033348e-01 -2.99261483701338538e-01 +3.32811464281455194e-01 +8.92077407465864392e-02 +4.08240309229656206e-01
+3.50930934135688322e-01 +6.98767858725781399e-01 -5.22423666142947440e-01 +1.85626790773291778e-01 -8.61794590919768566e-02 +1.13124593585591612e-01 -2.00614326872150611e-01 +3.29938596065646808e-02 -1.40101359443852796e-01
+3.01253418458035938e-01 +2.21299310336525945e-01 -4.53764809569206284e-01 +2.98296625851370067e-01 -1.39310410830701031e-01 +2.12418843902493770e-01 -5.05485904469020308e-01 -1.11983646343834217e-01 +4.82497794024200899e-01
-5.58626569885576907e-02 -6.86615448448415933e-01 -1.20294277286330950e-01 +9.14156780315412143e-02 +1.90937737135129432e-01 +2.62252096107806087e-01 +5.02577852667546288e-01 +3.38882729512282044e-01 -1.73065497542156499e-01
+4.95290130724344912e-01 -1.12534992992965738e-01 -1.71047963770443207e-01 +3.56663693391473635e-01 +3.04535215556919620e-02 -1.88855693471063429e-01 +1.32483154828183819e-01 +7.05991242636229255e-01 +1.81625589446029578e-01
-1.05060435498261412e-01 -1.25405645909486080e-01 +3.25870081804574996e-01 -5.60040360486301347e-01 -6.36360926688841200e-02 +3.03369342166903665e-02 -1.36297927872041563e-01 +1.32820761772515950e-01 +7.15689074605809106e-01
-1.12882933294431911e-02 -9.07577778398652446e-02 +2.52339340416496194e-01 +1.25331740272686593e-01 -4.21271549787400612e-01 +5.13785920650485783e-01 -1.10038167114256860e-01 +2.30565136800158499e-01 +6.36818687622449642e-01
-1.78801567087267133e-01 +2.34981682569917416e-01 +4.52830423569676954e-01 +2.56653521099250159e-01 -4.03799398514673336e-01 +3.35466587291728624e-01 +5.88079451772301587e-01 +1.11001063127257771e-01 -9.02037860549584625e-02
-2.29950203426858374e-01 -5.19060612086701748e-02 -3.24776060436321123e-01 +3.40726589457922779e-01 +2.52725786280042275e-01 +5.92784523138206842e-01 +3.65975100499024375e-01 -4.04075849519272334e-01 +1.01861112719890359e-01
-2.02744311220113965e-01 -4.14985127904478890e-01 +2.74542820232550090e-02 +4.39017603129133960e-01 +5.32614545520887717e-01 -4.49015253604439848e-02 -2.42755434568151379e-01 +4.98308419303296057e-01 -1.60003620673070911e-02
-6.29684642508281794e-03 +2.38839901819679679e-01 -1.44671292431931692e-01 -1.34572623732851331e-02 -1.27489290641839059e-01 +1.39996571197164882e-01 +7.64541884268489680e-01 +5.17780957510130757e-01 -1.82567791034215859e-01
-1.87905930165200852e-01 +1.10047079130056444e-01 +3.82281634449809060e-01 +1.20587150722812220e-02 -3.36766641696618352e-02 +4.47095215885241870e-01 -4.26325712138972190e-01 -3.63474284276542658e-01 -5.39815638156832200e-01
-1.39900147540465963e-02 +1.64084470259605736e-02 +1.36347458055811416e-01 +1.89433910498999852e-01 -5.94943139872820992e-01 -4.17640376898652299e-01 +3.94025919998797880e-01 -1.66153729494924407e-01 -4.83544098334787231e-01
+3.49459680588872779e-01 -3.86201745300953414e-01 -1.28753251917548467e-01 +2.84135173779398176e-01 +5.89949261418727736e-02 -1.53547546186150768e-01 -3.20820342720044782e-01 +4.51462370167869317e-02 +7.06678725759571913e-01
-2.11650049672982760e-01 -4.45987255272808858e-01 +5.22094716812493531e-01 +3.18511435282331223e-02 -3.54929328788589404e-01 -2.78504500730970050e-01 +4.29726260307347396e-01 +1.24867360619233869e-01 -2.80902356758712834e-01
-3.73433660387194999e-01 +2.13083834899488789e-01 -2.14707939283687255e-01 -4.68216381980300855e-01 -1.84422931810481749e-01 -1.69645415759849649e-01 +3.52910055308501946e-01 +1.51751619637521151e-01 -5.82624282863159926e-01
-3.73986740220622754e-02 +2.04969071656170593e-01 -1.87789874042080585e-01 +3.25484409349079684e-01 +3.70586581980494045e-01 -1.35898114045469892e-01 +6.31650728457885835e-01 -4.88085422358463861e-01 -1.49569872963844969e-01
+2.22092525976371025e-01 -1.71319436701626665e-01 -5.86369487670886091e-03 -7.46712983970311966e-02 +3.99421753246865963e-01 -7.26309032307234759e-01 +4.73757282571050653e-01 +3.79737158535558700e-02 -5.25724407751991668e-02
-2.50247820244339225e-01 +7.90796548005174432e-02 +4.44959983952278426e-01 -2.49023209417793517e-01 -1.38337969268523875e-01 -4.70054798127282278e-02 -4.11292440580510121e-01 +6.82567965060847603e-01 -1.21297498046311264e-01
+3.22508999175203426e-01 -7.75963289056564726e-02 +3.92095007578290633e-01 +5.62314634843666464e-02 -2.00978388778944528e-01 -4.26504589128708811e-01 -2.46647500654092189e-02 +4.73663146881328490e-01 +5.34605161614269297e-01
+3.07097524139796144e-02 +1.20830728325508757e-01 +3.64225348732101939e-01 +3.65586798920883027e-01 -3.72575438583319044e-03 -2.10761807855822131e-01 +5.00530559775066664e-01 +6.17830759172711574e-01 +2.03624470164297910e-01
+4.59951844985209524e-01 +3.39391061062029542e-01 -8.26669692938009765e-02 -4.53172721993219008e-01 -4.79396566752131825e-01 -6.39638775743895521e-03 +1.12703879021272921e-01 +1.80663520212747036e-01 +4.31109278864127088e-01
-2.23725287927886263e-01 -3.69779518601095827e-02 +6.32818832788939578e-01 +3.43272106286711454e-01 +5.71207025950335456e-01 -1.23350186881767174e-01 +3.28623029115140824e-02 +2.74090817202357229e-01 -1.12186320043250812e-01
-5.84185370736596155e-01 +1.78199220042085910e-01 +2.62890019991826596e-01 +2.93584349082707530e-01 +3.11285070529785379e-01 +5.61978303348158875e-02 +2.35730633322538075e-01 -4.77643419861405849e-01 +2.96480688516975288e-01
-4.59303075114171788e-01 +2.77436349853234843e-01 +3.47773542889448173e-01 -3.51502091042037931e-02 -3.73765709425152581e-01 +3.42761099730232513e-02 -4.87564273451691510e-01 +2.80696301544986371e-01 +3.64009328084255013e-01
+3.15532572486220630e-01 +4.01744836698477992e-01 +3.52661230104437895e-01 +2.59711822843998408e-01 +1.14525787290948901e-02 +3.19087845709761619e-01 -1.46943577836381151e-01 +4.96902388869299105e-01 -4.20437264965890178e-01
-2.66867591387182981e-02 +3.22065066984227932e-01 +1.99729168075831021e-01 -2.55937769555130368e-01 -2.83773818190871940e-01 +5.17260266026941862e-01 +1.76238181802535587e-01 -4.19356055044924514e-01 -4.84933878710493982e-01
-3.55137030145102561e-01 +4.99235058525713649e-01 -3.42417142807464880e-01 +1.83992541253975017e-01 -1.21935298742227624e-01 -4.46454537201423307e-01 +1.93191512321905678e-01 -4.07037949881306038e-01 -2.37374318933462752e-01
-2.13535779061997777e-01 +1.79976777155088280e-01 -6.82853398521479638e-01 +2.62463497005269442e-02 +2.37993154669256635e-01 +1.02353748604777847e-01 -5.41986696378033428e-01 +2.49388009207050620e-01 +1.78807735544106589e-01
+4.63064671965910779e-01 +7.81211974812881238e-02 -1.18848332843043587e-02 -1.09413341555643605e-02 -6.71713184004225972e-01 -3.41838925011955841e-01 +2.26774791011957771e-01 +3.97590874163310404e-01 -4.06136030291142855e-02
+2.87902065585970590e-01 -8.86794594562095168e-02 -6.71541774214530623e-02 +5.29994015567352150e-01 -7.04569189144027413e-02 +6.88150011196219324e-01 -4.94458850293533481e-02 -1.18043895172082497e-01 +3.59097677454931485e-01
-4.14987371074869160e-01 +4.33190984655009215e-01 +2.93762593716881903e-01 +2.51704962331858906e-01 -4.27963895635327218e-01 -5.11362989746949714e-01 -6.08517999901226209e-02 -1.92060052163228134e-01 +7.24154312488428792e-02
-5.51505820855420659e-01 +3.25925437851756927e-01 -3.43618254045210403e-01 +3.05360153313182281e-01 +4.52186958180313736e-01 +2.43104201982569851e-01 -2.25233463695206117e-02 +1.85457905375795623e-01 +2.82526063950202910e-01
+1.08859094636664877e-01 +8.29313989769574933e-01 +2.74454072698206653e-01 -1.47783036510379440e-01 +2.79133277434685967e-01 +3.42384148274954558e-01 +4.03498674068479279e-02 -6.68676853417548844e-02 -4.45134730433903794e-02
+4.97593832167197825e-01 +2.64646270157054442e-01 -3.49546847382730286e-01 +9.73809948709471740e-02 -4.86580184956290993e-03 -1.93180805306180751e-02 -2.87623089834611545e-01 -6.70111400084295261e-01 -1.36100986814536307e-01
+1.47875020431024101e-01 +3.83537446996150277e-02 +2.99215134376821963e-02 -3.08772160522138517e-01 -4.84649025187005172e-02 +3.48012312756204367e-01 +2.96836348620913536e-02 -8.22275245385706066e-01 +2.82749554484727716e-01
+3.80159743619212231e-01 -1.21507939002329715e-01 -7.41931149280765312e-01 +6.81101494376867012e-02 +4.79409749379524575e-01 -1.43465615798196555e-01 +7.23991952749502288e-02 -1.01138402089649915e-01 -1.40452329247604424e-01
+2.53528069459879213e-01 -1.44594287161314727e-01 +5.26592229393896716e-01 +1.93536836679126384e-01 +1.60497273091527531e-01 -3.14483804551996371e-01 -5.01526831455371469e-01 +1.75803818060551703e-01 -4.39277297156151658e-01
+1.14198360969273408e-03 +7.49709207150708767e-01 -1.82263602227496102e-01 -2.22942594631808211e-01 -1.27051491148777229e-01 -6.45533109381318526e-02 +4.11851714086378329e-01 -2.64418226744150053e-01 -3.08485550718624935e-01
+1.36230020510262704e-02 +5.75096473315953038e-01 -2.80761850107666688e-01 -3.37836082399342263e-01 -2.03692332618068794e-01 -4.85588761370660885e-02 -1.67190823296150010e-01 -5.55654891913446636e-01 +3.09134863816721228e-01
+2.01816071792392145e-03 +1.73349972745577757e-01 +3.54046666972238466e-01 +2.30288215471185526e-01 -4.60071446022463082e-01 -2.49284135971735460e-01 +5.86611176665253309e-01 -3.26097530524657397e-01 +2.59429029798367350e-01
+9.36330015646489322e-02 +2.07390478203366535e-01 +4.95777631050659473e-01 -5.02954399567099086e-01 +1.81372776446014454e-02 -2.26836135999611721e-01 +4.08612429160676915e-01 -4.41402529224617535e-01 -1.89419005298829823e-01
+3.67238405350950203e-01 -1.82721765039185857e-01 +2.73056660985374067e-02 +2.47327878925909683e-01 +4.35888385620370800e-01 -3.07944542913927310e-01 -6.06183783931205533e-01 +3.14456575839955677e-01 +1.36608150934842437e-01
+5.22653373694420331e-01 -1.69463087791039801e-01 +4.32757225246975658e-02 -1.25196393730813062e-02 -3.50307634682263780e-01 +4.55009548268805797e-01 +4.83457346442481506e-01 -3.44946372863887407e-01 +1.16696398395483875e-01
-4.73227539519426088e-01 +2.59497739431973351e-02 +1.14147754653521144e-01 -3.68112848453952812e-01 +3.47939148373394014e-01 -1.15563732621553089e-01 -2.22577081904648311e-01 -5.78730618508510042e-01 +3.28571472478522475e-01
+5.81569988886284750e-01 -4.19534694531615709e-02 +2.47138592467176288e-01 -7.23706681749177960e-01 -1.78279018017794944e-01 -7.67945541530762332e-02 -5.92806303013378999e-02 +1.12439239171475774e-01 +1.46115782464602301e-01
+3.42934079397648250e-01 +1.18907036816392739e-01 +5.57030500298636544e-01 -7.73391379316160227e-02 -4.34024471460668859e-01 +3.31267614843307134e-01 -4.69999724268033436e-02 -4.91027865249053896e-01 +1.02762721521123770e-01
-1.13541839982625736e-01 -3.07999024001563981e-01 +2.10468810365365494e-01 -3.75733442863440570e-01 -3.50155338246613199e-02 -4.61941267154041324e-01 -5.54165724205192833e-01 +1.67596441842875976e-01 -3.96191964145730546e-01
+1.51630753437071969e-01 -1.83616485813363900e-01 +6.80830957281685856e-01 +2.54083209548650768e-01 -3.82646474384849611e-01 -1.78152429557992736e-01 -3.22997669915151608e-01 -2.75697718440910178e-01 -2.38140067484044177e-01
-1.75734503473520709e-01 +2.05954333847461979e-01 -7.12773146964649218e-02 -7.07786671844758131e-02 +2.50831982250984797e-01 +1.63209509446520795e-01 -7.59679657457737356e-01 -4.83215398774609561e-01 -1.28241141908013334e-01
+2.79391393195468907e-01 +2.83228257156650787e-01 -2.77856357401019105e-01 +3.64458039395664957e-01 -3.73560703823987095e-01 +4.26710865391702943e-01 +3.30671597143411267e-01 -4.09206593794767315e-01 -1.82386628568838111e-01
+5.47901502538426732e-01 -9.49226740466473651e-02 -6.04546390006420603e-02 -2.84866125395780052e-02 -3.85682349754942422e-01 -1.52278868449682830e-01 -5.04337466224489828e-01 +5.09918806870145347e-01 -3.76574970890451895e-03
-1.39398408864495199e-01 -5.90354029796546165e-01 -3.89118690111847965e-01 +1.60161691201555524e-02 +1.50423447898956869e-01 +4.81773031566719689e-01 -1.27684589827227163e-01 -1.20410311691913269e-01 -4.41413485495732616e-01
-2.49267140982101870e-01 +5.83843894093362570e-01 -3.83717009225580219e-01 +1.78455635518241090e-01 +4.58569680048479811e-01 -6.41593377266438669e-02 -1.66493254420857578e-01 +2.73515450778604313e-02 -4.18373469374173745e-01
-1.56445684032263749e-01 +3.73634034750046362e-01 -1.88054977204667378e-01 -1.81241452093814093e-01 -1.06436483450011860e-01 -6.89415144669303537e-01 +5.29689156236852199e-01 +1.57327758300052530e-02 +1.64051344623855691e-02
+2.03324671220235981e-01 +3.66994994862624768e-01 -5.99864940409719286e-02 +5.28428393915541306e-01 -1.19982474062726215e-02 -2.21892904267286251e-01 +4.37424370129910312e-01 -2.43931337789267955e-01 +4.90831752040630620e-01
+2.29076963967387665e-01 -6.44719919510697466e-03 -6.14824150119179999e-02 -5.32527286196468087e-03 -7.21508645526642622e-01 -2.56448537807425991e-01 +1.24275563299734979e-01 -1.53600938189567771e-01 +5.64176825433154172e-01
+3.96133791717824979e-01 -1.79893498958470704e-01 +1.91395222119409736e-01 -3.31504030386252535e-01 -2.14148651075954072e-01 +4.85578933922335698e-01 -2.47999622998532759e-01 +4.60539116276785065e-01 -3.30064627647451536e-01
+4.53751499991240648e-01 -2.77614178159635405e-01 -2.12759416323208717e-01 -2.01013035445095148e-02 -2.46736211609085765e-01 -2.56093856080390037e-01 -8.13344978263685348e-02 -6.26791276701867961e-01 +3.81344839186944062e-01
-1.87391400614619688e-02 -2.49841018456723019e-01 -3.71427702521656480e-02 -3.42887398856988324e-01 +7.93065835781113920e-02 +3.92209058073882899e-01 -4.53692252283472569e-02 -6.97834707758897888e-01 -4.11251542324823915e-01
-4.36127028582771248e-01 -1.12598749613500373e-01 +1.65781325043796085e-01 -1.53986283690534548e-01 +3.74962720873416477e-01 -5.41741800727233769e-01 +4.90631023841154257e-01 -9.42077600449787722e-02 -2.49488254069901078e-01
-5.85093120841742254e-01 +1.56570791008734472e-01 -1.63413853541834103e-01 -1.58144839746792512e-02 -5.67453180238700061e-02 +4.00669659974842250e-03 +1.25751369575703518e-02 -7.70597402719663482e-01 -9.47779828374001321e-02
-1.76199057159175332e-01 +5.50300502818307113e-01 +8.78271346797119268e-02 +3.93047513575193797e-01 +4.08936383911887025e-02 +4.16391574825113811e-02 +1.28097459499876498e-01 -6.92428712857151130e-01 -6.81960755790919498e-02
+2.74776573536608427e-02 +3.17056365101744064e-01 -6.35738236375684052e-01 +1.42583875367808505e-01 -3.53655649965490038e-01 -2.99452597130186252e-02 +3.58270709952210553e-01 +4.37191736703531730e-01 +1.69597816632620968e-01
+2.61563882940557824e-01 +5.68189136980313328e-02 +3.70144023994767424e-01 +3.71225874671103295e-01 +1.54385650613682063e-01 +2.37793537677073813e-01 +2.30275227827269280e-01 -6.35604441360346439e-01 +3.40793655396609052e-01
-4.16231643610570634e-02 -4.65885638070984709e-02 -9.05285209785301359e-01 -1.13608961176962078e-01 -2.37103478702748866e-02 +3.25765220914537468e-01 -1.32087628861484643e-02 +2.18767806391590922e-02 -2.37298306132798786e-01
-4.12657110305867547e-01 -2.88669067424038528e-01 -3.93420328949301235e-01 +5.87324522273912075e-01 +1.68942913168112163e-01 -1.02380766574558621e-01 +2.67791382508509798e-02 -4.21936563800379916e-01 -1.69951504084073918e-01
-1.76401153839658431e-01 -1.23251675237026598e-01 +2.08233505065518992e-01 -4.12375171026971854e-01 +1.01559076726289846e-01 -1.92220825082671271e-01 +5.34780288989599950e-01 +6.37123832212986629e-01 +3.31263707246431532e-02
-2.49006455038646990e-01 -5.33374392546036649e-02 +1.94627761743614153e-01 +2.07093200192158100e-01 +1.26172163937392334e-01 +5.34233647602113559e-01 -1.24699101871039927e-01 +6.71500162779936738e-01 +2.94271989682776680e-01
-1.15923424736174063e-01 +2.09872547452110564e-01 -4.46972502297639518e-02 -5.94709799646776616e-01 -4.56291459263997445e-01 -4.61087261522414374e-02 +5.38720140188814645e-01 -2.72901695169168235e-01 +1.08697048503969995e-01
-1.24950349366639596e-01 +1.08613922411350206e-01 +2.29834313485159480e-01 +5.06907226193047511e-01 -5.52189326812312475e-01 +7.95398510399661363e-02 -3.39746513522393323e-01 -2.88808494563416895e-01 +3.90811972562443932e-01
+3.36370684453060967e-02 -3.50309457001748259e-01 -2.07280091166586827e-01 -2.25738837005311332e-01 +6.18251742795157044e-01 +5.25782418281549258e-01 -3.00639241822690861e-01 +1.39420906168140762e-01 +1.17150593644658990e-01
-3.62543242391702936e-01 +9.07930066811996200e-02 -3.52712166591903409e-01 +5.90140096433090511e-01 -3.46100636327681510e-01 +1.65068618361147917e-01 +1.24500949601957331e-01 -2.81400583047941799e-01 +3.82004905241139170e-01
+2.19643860508158234e-01 +4.28894375683326612e-01 +2.61767914290002346e-01 +5.99894868622431576e-01 -2.99061781142918981e-01 -9.09263468494763273e-04 -1.91346414312613122e-01 -3.88121951012247446e-01 -2.50437656650795426e-01
+6.47920164458892223e-01 +5.79442669264379484e-01 -4.68317249560630672e-02 -2.33475674492555768e-01 +3.19093841730025474e-01 -7.16231397930102154e-02 +2.71292879517517072e-01 +5.35822392623474184e-02 -6.57260652717746030e-02
-1.77937423090056140e-01 -5.69552560928180740e-01 -1.54866101792553224e-01 +3.82685192371268398e-02 -7.09916975755944923e-01 +3.04805279053748546e-01 +1.71944802407299237e-02 +3.48648151383620097e-02 -1.41776544831351964e-01
-2.91942401112877947e-01 -1.28653043557140884e-01 -3.41599121305714071e-01 -3.91154194516650122e-01 -3.83890533712628323e-02 -1.44682209242877641e-01 -4.15381010026912134e-01 +4.22119411832170666e-01 +5.05364841302270773e-01
-2.41972023749539411e-01 +1.40040206433033110e-01 +2.88221998916899924e-01 -4.13127595809829606e-01 -6.01348198138019874e-01 -8.47359824413317225e-02 -4.43334178132834433e-01 +1.25725421299956119e-01 -2.94855951338232891e-01
-2.35423220191690041e-01 +5.16566200636022876e-01 +4.13616353622044963e-01 -6.01574665375246426e-02 +3.04199085793904034e-01 -4.54209736013011289e-01 +1.15164504408229104e-01 +3.98553528909385391e-01 +1.79127084559135452e-01
+6.69929712859273052e-01 -3.00754558798549232e-01 -2.37935006173763702e-01 -2.28176298077600676e-01 -4.93638031979241276e-01 -1.55010563929833284e-01 -8.93794612025247334e-03 -2.26228348506337523e-01 -1.81927048368124816e-01
-3.68936103116573377e-01 -2.19689350941418227e-01 +3.75078773010771527e-01 +3.80079501698004418e-01 -1.29752037493396394e-01 +6.40489394219470376e-01 +9.05803793728846146e-02 +1.34032466682560414e-01 -2.77932482326494257e-01
+3.51440187484226396e-01 +2.60335166170532373e-01 +9.75240707745828050e-02 -5.89736484997982258e-01 +1.90108081644387555e-01 -5.41363129556592382e-01 -1.80407499728231058e-01 +2.97549108700824516e-01 +3.34345773283890035e-02
-2.16800994900069807e-02 +2.96737453151880493e-01 +6.39951072684833561e-02 -4.57760115910917573e-02 +2.31725109852835599e-02 +2.00701299689263729e-01 -2.72866694936204468e-01 -4.93291513329755127e-01 +7.39374947439156993e-01
-5.33944293246493062e-01 -9.04650595904044896e-02 -1.70725911982884976e-01 +5.27485899579537357e-02 -2.44372920804255100e-01 +1.73010316352438104e-01 -2.06994051480016872e-01 -1.67550252054368479e-02 +7.36214541919233745e-01
+2.94594817049292967e-01 -4.06378392553986167e-01 +1.96286097413640920e-01 -2.62049361987807053e-02 -3.58088210644079863e-01 -5.18590427922630992e-01 -1.39817911005783307e-01 +1.90702969779795201e-01 -5.05742716860817954e-01
+4.98674792319397764e-01 -4.60653545973970999e-02 -3.31975849958827007e-01 +2.43252319791017607e-01 -3.33952685096351898e-01 -1.80810203313952200e-01 +5.94049118239134977e-01 -2.53086927402291773e-01 +1.36593211263598968e-01
-6.46529014371762023e-01 -5.00228851685343368e-01 +3.24275758603220388e-01 +1.06868836395197883e-01 +3.31076512206038287e-01 +1.95348568480004620e-01 +9.04014859740218113e-02 +6.44950587232886174e-02 +2.34714405819389793e-01
-3.54737368621821536e-01 -2.72644770143511905e-01 +3.35716712904071679e-01 +4.91927525569176016e-01 +2.23399871876228423e-01 +2.21173103220366235e-01 +2.99364790888349497e-01 -3.87619913621359558e-01 -3.26242711917113903e-01
+4.41971649082150364e-01 +1.49761963604582465e-01 +7.08612797900033398e-01 -1.64191507282476667e-01 -3.31828565862235358e-01 -2.69245640164955835e-01 -6.91026880961164436e-02 +2.11833408097394676e-01 -1.44531937976378227e-01
-5.31444375693394644e-01 +2.24374399812870551e-01 +4.56477075286841560e-01 -4.90161889586488819e-01 -2.76691737316261017e-02 +3.58352510720954531e-01 +7.64722860326926684e-02 -1.02796139454553209e-01 +2.70177430689939879e-01
-1.59961789022698420e-02 +2.81562134988978030e-01 +1.90585225844831646e-01 +7.88009667107957834e-01 -9.23274954558002264e-02 +3.59518630598463673e-01 +2.56404894867888367e-01 +2.43871789565385078e-01 -1.37837082268732099e-02
+2.19971156669598072e-01 -4.45519761355755217e-01 +4.57537070080399899e-01 +9.60679217867554530e-02 -2.04497164886308147e-01 -2.83795700773208266e-02 -4.30419645923890259e-01 -2.66049843810751863e-01 +4.85682545442476354e-01
+4.15705899748656960e-01 -2.58206090359895724e-01 +7.17186890563655366e-01 +1.23281311200870783e-01 +2.98764861944786297e-01 -3.49945868154138834e-02 -1.37953954121508238e-01 -3.44665059261699602e-01 +5.15028324905303439e-02
-9.41144176688679113e-02 -4.78088235647532167e-01 +3.06254123255148003e-01 -1.09687926506201280e-01 +6.09706563478835339e-01 -7.99819101033419182e-03 +4.11120963540421713e-01 -2.03470887472429668e-01 -2.72991158777053933e-01
+3.40576490646434860e-01 -1.30334042460939464e-01 +8.20116003984620590e-02 +3.66035396267693491e-01 +2.04729371694506945e-01 +4.58060074126348249e-01 -2.85280319931859261e-01 -5.54739881193643924e-01 -2.92332915703584384e-01
+3.07998894484243224e-01 +3.65332662052385015e-01 +3.79285019275213270e-02 -9.21559303036131178e-02 +1.78080492949944380e-01 -3.36410296709935552e-01 +5.14525802319677372e-01 +2.48980863695621640e-01 +5.38632173978238815e-01
-4.25895135961084026e-01 +3.34245932647135535e-01 -2.14664992657536802e-01 -2.05360723012576601e-01 -5.96228136633989547e-01 -5.43752353111625411e-02 -4.69123953333528187e-01 -1.74535768087640597e-01 +9.82559361169759865e-02
-2.08453131479323039e-01 -6.91366908568597366e-02 -3.63788736348018338e-01 +3.22207444972813450e-01 -6.06484766569266198e-01 -2.79709203314564836e-01 +4.96230374355355552e-01 +1.09459229844727959e-01 +1.06398353999144074e-01
+4.49539507282831874e-01 +4.92876204102396409e-01 -1.89836385084994980e-01 +8.25994614765346580e-02 -4.07222247447195165e-02 -3.60329199692624780e-01 -5.36252511668355858e-01 +1.64747727465050453e-01 +2.56754265725740782e-01
-1.07619585304979282e-01 +4.72058183028977452e-01 +3.12089882695411672e-03 -6.46004603613475670e-01 -1.86473479690744653e-01 -6.85530484053234745e-02 -3.00689362308428632e-01 -3.36385517011390411e-01 -3.24355084838770624e-01
-1.01253119022080312e-01 -9.64493468013245953e-02 +3.50904816408013798e-01 +3.11110443595397357e-01 +7.19692479307187383e-01 +2.19537896321708031e-01 -2.02798896110548382e-01 -3.90733927209572673e-01 -2.38093315418938210e-02
+1.35881609715859525e-01 +5.91509181907812098e-01 -1.40122909664041978e-01 +3.18544307320340003e-01 +1.16894262440780328e-01 +7.74901226502361234e-02 +1.09469711565642766e-01 +6.90166562794542138e-01 +5.06525465405710529e-02
-2.79200109538357055e-01 +6.44589648416774685e-01 -1.32620985817009318e-01 +6.35655023023584537e-02 +2.13546008579873978e-02 -2.06562714416468424e-01 -6.62223176715324047e-01 +4.45751112042230696e-02 -3.56641941304465457e-02
-3.78697955003985454e-01 -2.97991166185323897e-01 +2.03570211737499229e-01 +1.70911857796574501e-01 -1.98077523160379243e-01 -6.09586776780765116e-01 -1.26902506361693618e-01 -5.18896096723974409e-01 +3.08103973589197548e-02
-8.67611938017927645e-03 +1.75896655452922240e-01 +1.00433887273028696e-01 +4.08135973612353986e-01 -3.07517855519477863e-02 -7.17645338750734663e-01 -4.73836769516519929e-01 -1.75289665543559903e-01 -1.45309660195691359e-01
+2.66446300923745438e-01 +4.68265610427772094e-01 +6.67568206359352295e-02 -1.14830398975359654e-01 +2.91214941681050388e-01 +3.33186728440702865e-02 +6.98368595285229349e-02 -7.35418953297109712e-01 -2.45879428071340361e-01
+1.81466530902334361e-01 -8.29146118555759287e-02 +2.52812493988222031e-01 +2.54159720127419109e-01 +3.45366417464113007e-01 -5.43815312298559089e-02 +7.67321539496356175e-01 -7.85442103146924142e-02 -3.38373896232262328e-01
+3.73598319713041971e-01 +7.73785052644149207e-02 -1.84532127396809437e-01 -6.11702096149319807e-01 -3.47078950738043679e-01 +5.09245175092151059e-01 +5.93013818096636350e-02 -1.25347825783783590e-01 -2.17214466005969498e-01
-1.82927575341684523e-01 +4.71559648062024495e-01 -1.07280055687936082e-01 +3.74573348482913737e-01 -5.01951113539384930e-01 -1.55678933809325015e-01 +5.45021358975316672e-02 +3.07443463334768352e-01 +4.67623758995430350e-01
+1.04527164487922986e-01 -5.50347348137024683e-01 -7.78662288727632601e-02 +1.96124789674130301e-01 -1.82420976467287527e-02 +2.44351834225478737e-01 -3.56031731135879159e-01 -6.35302938389418315e-01 +2.26395175393212356e-01
+5.75489628648307661e-01 -2.47465583327021649e-01 -2.19514263309162294e-01 -5.53998004049703674e-01 -2.27367691956334404e-02 +6.27464460650464240e-02 +1.84828294953792882e-01 +3.04423159611636240e-01 -3.48113682880927588e-01
+4.52793998920410223e-01 +2.69878558223136833e-01 +1.78020358642174914e-01 -1.92844854688476897e-01 +2.08570278823300703e-01 -9.56736563346649860e-02 -2.92510573185825323e-02 +7.74434893439221006e-01 +1.65348928349500716e-03
-2.62419246219021740e-01 -4.69798346834236769e-01 -1.34502822660367921e-01 +1.62887923015081537e-01 +2.79902372018768775e-01 -3.42505727311483599e-01 +3.74085050531646757e-01 -5.10335216367832190e-01 +2.64130646761250920e-01
-1.76884138330698826e-01 -3.93412329825426343e-02 -3.78398746354381643e-01 +6.54491309337147248e-02 +9.72491022112929350e-03 -2.01714145480454382e-01 -7.13909197275500729e-01 -3.83327802574083776e-01 +3.49721821545823264e-01
+6.29294852701067220e-02 +2.76928917259039120e-01 -5.01547994456589041e-01 +1.68669411127059521e-02 +5.82913000386804825e-01 +5.00135991722504669e-01 +1.89056923426258933e-01 +7.18170551218594716e-02 -1.91550474511212487e-01
+5.11957829521273999e-01 +3.11195318249232467e-01 +1.90234229555369810e-01 -3.17697642757409415e-01 -4.81216713553474562e-01 -1.90617947487560169e-01 +2.77920671744565861e-01 -3.96140306580571477e-01 -4.31744229284952083e-02
+3.81861750468082517e-01 +1.22894636167169016e-01 -5.62671582164266160e-01 -1.10455258174357071e-01 +2.18372618563958509e-01 -9.31154010070929933e-02 -3.30558756568529843e-01 +2.44040000016943620e-01 -5.33944891259008458e-01
+1.44079754265477394e-01 -3.12786713049283072e-01 -5.41474220909782811e-01 -5.17636331734124266e-01 -2.95991782955946803e-01 -2.46199501959517453e-01 +1.69921459002772307e-01 -3.61250896204566518e-01 +1.12529774410243630e-01
-2.28851997252583483e-01 +2.40490177191161947e-01 +1.29246033141985794e-01 -5.75427062821928792e-01 -4.71415126502322590e-01 -4.30964798929532933e-01 -6.22407136026190549e-02 +1.74640681820071100e-02 +3.60317383425298232e-01
-1.87579577043383960e-01 +3.90906180594050856e-01 +2.61722408295506415e-01 +2.50035440845762014e-01 -2.97371968391043455e-02 -2.03906289341889840e-01 -4.00778744291637512e-01 +6.73914700846957732e-02 -6.88013540376552379e-01
+1.68750821567511977e-01 -3.22696010178742526e-02 +3.62329244927100169e-01 -6.55913626717397169e-01 +4.14323369930221785e-01 +2.80751173170857793e-01 -7.38816831198302604e-02 +3.82464349481698551e-01 +8.21833790690003757e-02
+1.43337220897017004e-01 +3.86973270624214549e-01 +1.53091410016257173e-01 +3.35585986735121078e-01 +2.70518394161768927e-01 +4.86053787906833346e-01 +2.17725584846882952e-01 -2.63099203067202358e-01 -5.17297871002974641e-01
-3.58877543788784642e-02 +6.72170334882299270e-01 +1.40714731057216321e-02 -6.78909592021942256e-03 -1.18901120469248403e-01 +4.27942751303463098e-01 -5.10096514722271244e-01 -2.32636519893105131e-01 -1.87254725572617381e-01
-7.23412190633196617e-01 +1.00382780623192308e-02 +4.45544309382377268e-01 +4.68308760129187651e-01 -2.21495096289100329e-01 -1.39279312000004599e-02 -2.09743438048195473e-02 +7.28903400986194855e-02 +6.11900257779113554e-02
-3.79302879747099475e-01 +1.46295016408183431e-01 -4.84569113518394656e-02 -1.05890504981072914e-01 +4.84919529459066190e-01 -2.75744347724509620e-01 -3.38328618995965280e-01 +6.11191273080339492e-01 +1.48200203146552578e-01
-3.33981898153179635e-01 +7.42772478692880322e-01 +1.30480333986734854e-02 +5.55391287056562710e-01 +7.46080295628674534e-02 -1.01592800310705399e-02 +1.15057932207336913e-01 +4.57121337825352955e-02 +8.43676934835348863e-02
+8.29367972628551747e-02 +1.39878252058987934e-01 +1.69321177764662101e-01 +6.18525983429066076e-02 -3.82676758878647494e-01 -4.91637052458517188e-01 -5.81375400575216084e-01 -1.26373527696952148e-01 +4.46031432823730867e-01
+4.16286222314013188e-02 -6.84561797761450652e-01 +2.25789605769205065e-01 +1.34684499295870508e-01 +2.29981621195896740e-01 +5.78125384737211867e-01 +2.40621270767086587e-01 -1.24301596309957602e-01 +7.16610609188460170e-03
+3.70774037779189103e-01 -2.35032561795134459e-02 +3.14148057074745857e-01 -2.94124914413786791e-02 -3.56415119401203462e-01 +2.42980581978208682e-01 +5.64736448173139949e-01 +4.37165584389460904e-01 +2.57503026807868796e-01
+4.45019187091882096e-01 -1.52892231604832729e-01 -3.80156861192036011e-01 +2.45552412764886256e-02 -2.68422506441895858e-01 +4.92893038168865760e-01 -4.95033922228669820e-02 -2.90397652375672943e-01 -4.81335764578832759e-01
+3.25136465002416719e-01 -4.41808153466349607e-01 +1.39548882063458612e-01 -1.19843971035159411e-01 +3.86356898907018811e-02 -3.37404265753923627e-01 +4.49635234189980248e-01 +4.92916681687193825e-02 +5.87638919166813878e-01
+2.78413005125871638e-01 -4.90090466660079549e-01 -1.60028312662113592e-01 -4.96652449802869100e-01 -2.61406275771423613e-01 -2.97326254067496965e-01 -2.12399770219492190e-01 +4.55813336008210557e-01 +2.02290453133627535e-02
+2.77443088120371384e-01 +4.01788846151492851e-01 +2.78745341690778969e-01 -2.60524483273542939e-01 -1.28956172571438130e-02 +1.50269275461104829e-01 -1.44919333576289888e-01 +4.76649329348094453e-01 +5.87431473074941701e-01
+3.03961652446322561e-01 +2.42126448967347585e-01 +3.01173895460290886e-01 -3.30542134635634643e-01 +2.07412261635922274e-01 +4.35450357451409920e-01 +5.19337608015914887e-01 +1.54866484675010851e-02 -3.82661771038626808e-01
+7.96710633261745321e-02 +3.31074878736747402e-01 +7.20535144221335799e-01 +3.62552882891092332e-02 -3.14539866632519982e-01 -6.71240565384105259e-02 +2.36610159446105223e-02 +2.80157545689336956e-02 +5.08695305171931289e-01
-1.52418778885597017e-01 -5.67314226734277782e-01 -1.00233330106281993e-01 +4.61060328646671902e-01 -2.01044005714311858e-01 +1.37876661037779374e-01 +4.16321950853237921e-01 -3.81331257825403058e-01 +2.32666233094548952e-01
+6.64820692581620576e-01 -4.63021754214974712e-01 -3.49951602774217566e-02 +6.92988636437508881e-02 -1.76068846625814235e-01 +1.83771548333299728e-01 +2.25042907023303068e-01 +4.42687373386583427e-01 -1.61890910206380523e-01
-6.40567716659426578e-01 +3.77555388406192127e-01 +3.24260870705617488e-01 -2.62442329008260589e-01 -1.85376098672632716e-01 -3.70383919654437982e-02 -5.39099731147071326e-02 +2.25816001860746324e-01 -4.28332287362346686e-01
+1.53755278174238820e-02 -8.72289538376125051e-02 +4.87009203262580515e-01 -3.89179517288379129e-01 +4.07685412991610929e-01 +5.40270735530946400e-01 +4.15283634850861158e-02 -3.75807815979691207e-01 +4.95989803826319894e-02
+4.39870875621623386e-02 -2.33497465917754776e-01 +6.33073905201242404e-01 -7.96361307750903108e-02 +1.93420738488527949e-02 +2.59455676816566339e-01 +4.37629335927879060e-01 -3.31101373309927616e-01 -4.09366177939376352e-01
+1.21071349115915758e-01 -3.81026755033100406e-01 +5.33695708257038492e-01 +3.84993783979113491e-01 -2.53672243511128770e-01 +4.61971631398512161e-01 +2.06688218505584720e-01 -9.72541549892225604e-02 +2.77782706410977187e-01
-1.64790081050922022e-01 -4.46201878809129648e-01 +4.83184130211211982e-01 -9.22846403327951675e-02 +7.85824784238133983e-02 +2.01834207978822983e-01 +2.29948891343766920e-01 -5.77059378184508254e-01 +3.14608458243779754e-01
-6.15408289686792620e-01 -1.71548281803720892e-01 -2.36547919304348681e-01 -3.98608308098876429e-01 -5.33452353770847224e-02 +1.25067911303232221e-01 -4.33567061708404478e-01 -2.42837260615430123e-01 -3.34009421821371721e-01
+4.46060844639509901e-01 -1.49873743700964179e-01 +3.44251691137899066e-02 -2.46652874008622652e-01 +9.53010704076242832e-02 -3.44336632516434149e-01 -7.10258513341974318e-01 -2.74142625409786012e-01 -9.62990443794735640e-02
-6.65530701855697071e-01 +3.54317849161261633e-01 -1.87593658526458221e-02 +2.38412156527350733e-02 +2.69752662048315314e-02 +4.28892007471143866e-02 +3.51242021618807299e-01 +5.45973311840872944e-01 +8.11323964967232969e-02
-6.49390710437593721e-02 +3.18199148782779384e-01 +2.43383931048032021e-01 -4.96910777155106675e-01 -4.79672600413821870e-01 +5.54273824179147279e-01 -1.52565863504126681e-01 -1.46800150075135610e-01 +7.90206168909520917e-02
+3.82719617370034015e-01 +5.64489152971576424e-01 -3.36551117495231089e-01 +1.88769845025432287e-01 +3.92350482438258485e-01 +1.67200594314699691e-01 +2.22821668333874817e-01 -3.03525155610772146e-01 +2.49609747011199562e-01
+7.73152309996821552e-02 +6.41811664873281201e-02 -9.51907214343796632e-02 +8.30477906381067110e-01 -4.22814655200806078e-02 -3.54841160918234422e-01 -1.39059259901244542e-01 +1.51679913764283747e-01 +3.48000087180110995e-01
-4.12542874350117661e-01 +1.57724844738710318e-01 +7.93391352227453411e-02 -2.02527582583814869e-01 +5.18719007379743857e-01 +6.26378961244723587e-01 +2.63166935033272764e-01 +4.14996312881168519e-02 +1.58808259517739941e-01
+6.59048269229557726e-01 -1.89812607394306915e-01 +6.07268308799184461e-02 -6.90529147656460951e-02 +5.30937183118215583e-01 +2.76666976049568969e-01 -6.94821518796049503e-02 +3.80817232444833009e-01 -1.13499153576882672e-01
+5.55080816615833417e-01 -2.57675451606820261e-01 +1.37008989291886707e-01 -4.24706411962786468e-01 +3.79208430324769696e-01 +2.15022556032496870e-01 +4.47131547093969794e-01 -4.10945126355170137e-02 +1.86259326069088266e-01
+7.49838265436822415e-02 -1.49999931314536539e-01 +2.79623828759243687e-01 +6.27715284358793396e-02 +5.71764262397178369e-01 +5.09189933960832453e-01 -1.32059043927476305e-01 -2.75341899073976784e-02 -5.34192112139279085e-01
-1.35360497878698471e-01 -2.47058537483065138e-01 -1.92182551188519013e-01 -6.07975935979000570e-01 -1.61090826394803183e-01 +5.34355283503491929e-01 -2.76013218465349264e-01 +2.99629776670410353e-01 +1.91372985993508965e-01
+7.85528757050854010e-02 +2.81150731810355770e-01 -2.38247672357565082e-01 -5.30481769040962448e-01 -3.36345927778320231e-01 -2.90100361157427690e-02 +9.39246757130449972e-02 +6.25276431292753898e-01 -2.50695483576864497e-01
+4.97002410713860143e-01 +3.01710338547512058e-01 -5.54031733862250797e-01 -3.12317504506121724e-01 +4.04680016176563948e-02 -4.02864114703883960e-02 +3.04933710549478043e-01 -1.28780034598428544e-01 -3.80311149410690608e-01
+2.39500129226217551e-01 -2.75662442159237742e-01 +1.46086589114323678e-01 -3.99892688252290684e-01 -5.29754801051911195e-01 +4.93648670194191189e-02 -4.30289670751567321e-01 -4.45814075240882013e-01 -1.35713015864209807e-01
+2.38518784900425523e-01 -2.46148728903534342e-01 -4.79679235000291249e-01 -1.90795431705371471e-01 +2.79525650983885376e-01 -7.09522267796872552e-01 -1.50369421303785999e-01 +1.01304616294721275e-01 -3.99312040296447429e-02
+1.80987506766652650e-01 +2.42081717589587381e-01 +4.46216898220640312e-01 -4.85561124962115620e-01 +3.70007125175465634e-01 -9.66900697353406113e-02 -2.76800393640807940e-01 -3.99358472217158755e-01 +3.02325897921059072e-01
-1.01117083951125040e-02 +1.34232621012881470e-01 +2.20063561558742404e-01 +7.84719372016148053e-01 +4.97816345155737194e-01 +1.39223008959555548e-02 +1.77574136328318782e-01 -5.98951748560105010e-02 +1.85827724077367085e-01
-3.48429503663871376e-01 +6.26309529312907842e-02 +2.67375907944566282e-01 +5.36981068977936626e-01 -9.44565666488044325e-02 +5.75015948893405592e-03 +1.87780069404013816e-01 +2.02498365157643342e-02 +6.85718005057529667e-01
+4.44256416204794502e-01 -3.46142878182157318e-02 +4.38429991558752452e-01 +3.34017551012110003e-01 +3.22922425836336291e-01 +2.11428730024440875e-01 +6.26983405051363858e-03 +4.13909186993835221e-01 +4.21080014929091639e-01
-4.36314224791225724e-01 -2.81949933539792474e-01 +8.87965656616714755e-03 -4.70780627980943223e-01 -4.62200048867556001e-01 -3.29084220284971363e-01 -1.04006225161665203e-01 -3.76110219144270286e-01 -1.84984818858211303e-01
-1.15852139755649688e-01 +5.72408091668253904e-01 +1.86080884708335392e-01 -7.38811278369800650e-01 +5.96445879437957627e-02 -4.01475514144126397e-02 +4.34482132547826458e-02 +1.06710891512024911e-01 +2.44979169009545028e-01
+1.51321722964293665e-01 +4.40696735482112190e-01 -1.93865710987009748e-01 +4.64509715733155804e-01 +3.53248416558153214e-02 -5.74788716102077268e-01 +3.38123100486707961e-01 +2.87397919694612258e-01 +3.13085557589776811e-02
+1.64720849829138510e-01 +8.00565435533557718e-02 -7.78938132109455839e-01 -2.66325910364421381e-01 +1.17269374149415836e-01 -2.59931782739005746e-01 -2.67183922148940212e-01 -1.67363639768880496e-01 +3.28739126538655613e-01
-2.58121735468227198e-01 -4.41812735263527934e-01 -5.26661091531402725e-01 -3.40210068876480198e-01 -7.98133742605682123e-02 -1.55361015666659191e-02 +1.88466617795104957e-01 +3.34380986457595730e-01 -4.37170475958308491e-01
+5.85610300505916226e-01 +2.21176139927019455e-01 -3.59023778525140502e-01 -3.62113874858741636e-01 -1.60012698215260762e-01 -5.42316680474448476e-01 +1.12732268675163894e-01 +7.10053257540789462e-02 +1.03224962870553189e-01
-3.09735925896839071e-01 +1.43559640546573525e-01 +8.26354600800255079e-02 -5.55923830257688753e-02 +1.17276287506400900e-01 -7.47978943245535266e-02 +1.22153420273582253e-01 +5.93830814889474867e-01 +6.97588851758929485e-01
+1.84619011087696655e-01 +4.53064975582994245e-01 +4.15442577730106621e-01 +9.28056950791894680e-02 +4.46703177162581622e-01 +1.85710729134557530e-02 -5.10356992811584531e-01 +3.28845505934957982e-01 +1.04643566898355037e-01
+1.60638166787492265e-01 +4.28091120463014285e-01 +3.98693690297126091e-01 -3.96008135643997894e-01 -1.85810580509761680e-01 -1.89173221392438001e-01 -6.07149967710576721e-01 -1.80537023013465303e-01 +6.01455757476255862e-02
