# LOG-energy minimizing points, hierarchical order
# DIM = 9   (active subspace S^5 in G-block; H fixed at 0)
# components: H11, H22, H12, G1, G2, G3, G4, G5, G6
# the first N rows are themselves an optimized N-point set
#
# Columns 1..3 (H11,H22,H12) are exact zeros; columns 4..9 (G1..G6) live on S^5.
+0.00000000000000000e+00 +0.00000000000000000e+00 +0.00000000000000000e+00 -2.61670355825442569e-01 -7.58298728393805188e-01 +5.01052254496108351e-01 +5.20444059614055751e-02 +2.11771735632107327e-01 -2.40629203253430929e-01
+0.00000000000000000e+00 +0.00000000000000000e+00 +0.00000000000000000e+00 +8.39683527117984441e-01 -9.23672829451424870e-02 -2.80005084219536356e-02 -3.45714236879992920e-01 -4.02959771407178202e-01 +6.09993434563368894e-02
+0.00000000000000000e+00 +0.00000000000000000e+00 +0.00000000000000000e+00 -3.63048811375230096e-01 +1.35777453447499197e-01 +3.99431318590197204e-01 -1.08330747167708671e-01 -3.22420984524718235e-01 +7.57973497808359098e-01
+0.00000000000000000e+00 +0.00000000000000000e+00 +0.00000000000000000e+00 -4.45170797339430269e-01 +4.09299583733493455e-01 +3.29691570572778037e-01 +5.54097925164400262e-01 +4.26278312814773297e-01 -1.91996274956878016e-01
+0.00000000000000000e+00 +0.00000000000000000e+00 +0.00000000000000000e+00 -1.56331341029210980e-01 -5.19856008439359196e-01 -3.35580263796211309e-01 -6.38108665444197976e-01 -4.29839167700395819e-01 +2.74180569629981184e-02
+0.00000000000000000e+00 +0.00000000000000000e+00 +0.00000000000000000e+00 +3.26117378015238102e-01 +1.45047291572426851e-02 +8.18812815081487511e-01 +1.32950325542874309e-01 -3.38519398316391273e-01 -3.01183449658880331e-01
+0.00000000000000000e+00 +0.00000000000000000e+00 +0.00000000000000000e+00 -1.99100469722891832e-01 +4.63661509887297874e-01 +3.77371330991010279e-01 -7.45892794735222742e-01 +2.15433255965370302e-01 +1.41540360839812196e-02
+0.00000000000000000e+00 +0.00000000000000000e+00 +0.00000000000000000e+00 +9.10285691887258858e-02 +7.87585687796785394e-01 -1.91878618302176923e-01 +2.27021673445129746e-01 -5.25056260323879753e-01 -8.59200971161028781e-02
+0.00000000000000000e+00 +0.00000000000000000e+00 +0.00000000000000000e+00 -1.62320258829235266e-02 -3.88741651069657301e-01 -1.35385992516830783e-01 +6.50382881327654094e-01 -4.68619946451094060e-01 +4.33225733946770442e-01
+0.00000000000000000e+00 +0.00000000000000000e+00 +0.00000000000000000e+00 +2.59964009909698424e-01 -4.86881360136546704e-01 +4.19000714705197799e-02 -2.70964296425974249e-01 +6.18270949791961955e-01 +4.87779685329087831e-01
+0.00000000000000000e+00 +0.00000000000000000e+00 +0.00000000000000000e+00 -5.57862780434072003e-01 +4.60944315807246957e-02 -5.70820338457659962e-02 -4.19215728617850295e-02 -5.34449728550908665e-01 -6.29294948634025686e-01
+0.00000000000000000e+00 +0.00000000000000000e+00 +0.00000000000000000e+00 +5.57812539001553476e-01 +3.38337209259005012e-01 +1.86123649512149048e-01 +4.51958067239619898e-01 +4.46790867196290464e-01 +3.68568742167267260e-01
+0.00000000000000000e+00 +0.00000000000000000e+00 +0.00000000000000000e+00 -7.62157521333544752e-01 -1.35590507755180750e-01 -4.65270801285210978e-01 +1.01656665186570017e-01 +3.86751353077554816e-01 +1.56024106049814176e-01
+0.00000000000000000e+00 +0.00000000000000000e+00 +0.00000000000000000e+00 +2.49456311091631494e-01 +1.35655191092133226e-01 -1.36120790068035513e-01 -3.32233919528226673e-01 +5.04704208214370897e-01 -7.31938954710830036e-01
+0.00000000000000000e+00 +0.00000000000000000e+00 +0.00000000000000000e+00 +1.08611268573063816e-01 +3.97218313964001146e-01 -7.99736399181546154e-01 -2.22988413687009418e-01 +1.40940801433221241e-01 +3.48216531869745272e-01
+0.00000000000000000e+00 +0.00000000000000000e+00 +0.00000000000000000e+00 +3.28899455646810723e-01 -3.46400585130636041e-01 -5.05328969685134854e-01 +5.36041275167661757e-01 +7.09245416193552553e-02 -4.73396108777898894e-01
+0.00000000000000000e+00 +0.00000000000000000e+00 +0.00000000000000000e+00 -5.77928436285878977e-01 +3.96605128936675988e-01 -3.02004631970411219e-01 -4.08225417648290401e-01 -4.54216302777055270e-01 +2.11035198910321520e-01
+0.00000000000000000e+00 +0.00000000000000000e+00 +0.00000000000000000e+00 -4.13857775748135037e-01 -1.81086162816585433e-01 +2.25352559460540336e-01 +7.63904391621693324e-01 -2.55412594445614427e-01 -3.10419480853579455e-01
+0.00000000000000000e+00 +0.00000000000000000e+00 +0.00000000000000000e+00 +2.40332611291681694e-02 +6.28344500440859155e-02 +8.32534678613558565e-01 -7.12627932052573715e-03 +5.20148300684889486e-01 +1.78199900647113746e-01
+0.00000000000000000e+00 +0.00000000000000000e+00 +0.00000000000000000e+00 +6.37435937631769201e-01 -6.48185054562441132e-01 +2.41492712594337577e-01 +3.30394635733457454e-01 +4.17266689524175907e-02 +6.56589673838415683e-02
+0.00000000000000000e+00 +0.00000000000000000e+00 +0.00000000000000000e+00 -3.20931015791076565e-02 -2.72895429611310025e-01 +3.80675907218451293e-01 -5.39686360953293767e-02 -8.70802363376761979e-01 +1.35552946287257836e-01
+0.00000000000000000e+00 +0.00000000000000000e+00 +0.00000000000000000e+00 -7.88482529530997178e-01 -2.45339172849313114e-01 +3.71673884888362338e-01 -3.19657765216682876e-01 +2.11059107573803334e-01 +1.82306007659741004e-01
+0.00000000000000000e+00 +0.00000000000000000e+00 +0.00000000000000000e+00 +4.60921340648471289e-01 +7.28764662331024549e-02 -2.51982584694271927e-01 -7.58392696057954785e-01 +3.68630220193494618e-01 +8.77359375685236725e-02
+0.00000000000000000e+00 +0.00000000000000000e+00 +0.00000000000000000e+00 +8.95298282212428492e-02 -4.16374756158014225e-01 -3.74334303480186092e-01 -5.36499068092966339e-02 -6.48751145793766137e-02 +8.19391974904989828e-01
+0.00000000000000000e+00 +0.00000000000000000e+00 +0.00000000000000000e+00 +5.44639744442699913e-01 +4.16263446070944454e-01 +1.12369196236790952e-01 +3.88523286500951581e-01 -9.24713278396407587e-03 -6.05334289758481470e-01
+0.00000000000000000e+00 +0.00000000000000000e+00 +0.00000000000000000e+00 -3.81727679206116666e-01 +7.01410917095272035e-01 -2.55654218147616630e-01 -1.02619371371492518e-01 +2.98368343124215341e-01 -4.44289569415536323e-01
+0.00000000000000000e+00 +0.00000000000000000e+00 +0.00000000000000000e+00 +6.90874541796244052e-02 -7.30826822304063706e-02 -3.11571479094103154e-01 +3.49376506091454764e-01 +8.77551745687305984e-01 -2.54568120665172384e-02
+0.00000000000000000e+00 +0.00000000000000000e+00 +0.00000000000000000e+00 +2.73390308172926921e-01 -7.71766748308934120e-03 -7.43689654435021219e-01 +9.83410522113103563e-02 -5.64187770389365517e-01 -2.10107287082338667e-01
+0.00000000000000000e+00 +0.00000000000000000e+00 +0.00000000000000000e+00 -2.35673916049674304e-01 +3.99064176646522550e-01 -2.15171461234604677e-01 +6.54437967356630401e-01 +4.64103248560154419e-02 +5.55395227842561012e-01
+0.00000000000000000e+00 +0.00000000000000000e+00 +0.00000000000000000e+00 +4.42494903965217568e-01 +6.34666586316958714e-01 +3.23992536171940348e-01 -2.12274652376480494e-01 -1.90147905197350559e-01 +4.63905881391871333e-01
+0.00000000000000000e+00 +0.00000000000000000e+00 +0.00000000000000000e+00 +1.12481760569300676e-01 -1.76745644160277354e-01 +3.75263871098260260e-01 -6.05408292168857609e-01 -1.95151165370789054e-01 -6.40845285763699479e-01
+0.00000000000000000e+00 +0.00000000000000000e+00 +0.00000000000000000e+00 -2.44808524934181260e-01 -6.56985079443610620e-01 -4.79755161864784840e-01 -1.57143551493009404e-01 +2.18647951877841085e-01 -4.53622479090164232e-01
+0.00000000000000000e+00 +0.00000000000000000e+00 +0.00000000000000000e+00 +6.84566839275566386e-01 +7.42062007869722234e-02 +5.54358182273226197e-01 -3.07246462772946261e-01 +3.11565370679213749e-01 -1.64545796004594652e-01
+0.00000000000000000e+00 +0.00000000000000000e+00 +0.00000000000000000e+00 +1.95661162438733716e-01 +2.40354362898118318e-01 -3.13022956004374353e-01 -1.04605071293267012e-02 -6.44930624991207901e-01 +6.24434292381747746e-01
+0.00000000000000000e+00 +0.00000000000000000e+00 +0.00000000000000000e+00 +1.79647587266617642e-01 +9.95796587488271129e-02 +3.08213091507388397e-02 +2.73416924177815879e-01 -8.38976424139702970e-01 -4.22163982554036143e-01
+0.00000000000000000e+00 +0.00000000000000000e+00 +0.00000000000000000e+00 -1.75732711526239593e-01 -2.77678682471322012e-02 -1.27865402120627469e-01 -7.13141781687424259e-01 +1.04628422324601386e-01 +6.57631424877739956e-01
+0.00000000000000000e+00 +0.00000000000000000e+00 +0.00000000000000000e+00 +4.22081062619116335e-02 +4.72592868191585469e-01 -5.67529659792194940e-01 +6.26073724728422820e-01 +1.95707138789829926e-01 -1.50049821685222351e-01
+0.00000000000000000e+00 +0.00000000000000000e+00 +0.00000000000000000e+00 +2.63258128140094028e-01 -1.68306876797688826e-01 +3.77535655591565100e-01 +5.63712744468697680e-01 +5.20155013923077725e-01 -4.14127377943164121e-01
+0.00000000000000000e+00 +0.00000000000000000e+00 +0.00000000000000000e+00 -2.23527037525109773e-01 -6.22826069088492029e-01 -1.61040790396090649e-01 +6.10953679926556137e-01 +3.58347637984118006e-01 +1.85773481215781078e-01
+0.00000000000000000e+00 +0.00000000000000000e+00 +0.00000000000000000e+00 -4.68098057860880823e-01 -6.18031155031277674e-02 -7.18752232369713639e-01 +2.95818205132979239e-01 -4.00684975369976049e-01 +1.11368539674344416e-01
+0.00000000000000000e+00 +0.00000000000000000e+00 +0.00000000000000000e+00 +1.19724452348481933e-01 +2.29935399735100465e-01 -5.35504674939023428e-01 -4.71571652527742691e-01 -2.69072019066797230e-01 -5.92664268928486559e-01
+0.00000000000000000e+00 +0.00000000000000000e+00 +0.00000000000000000e+00 +3.46702077238761758e-02 +7.56332787034220799e-01 +4.06736487586512652e-01 -1.73141547728050932e-01 -1.24919596010733325e-01 -4.64479515804592180e-01
+0.00000000000000000e+00 +0.00000000000000000e+00 +0.00000000000000000e+00 +4.89448179857388754e-01 -1.70920758815052171e-01 +4.65800535956311434e-01 -1.02575978600289844e-01 -1.21185296049059726e-01 +6.99320189025659289e-01
+0.00000000000000000e+00 +0.00000000000000000e+00 +0.00000000000000000e+00 +1.74917232630386860e-01 +2.83934757164520768e-01 +5.28626373688089388e-02 -7.16132317941459928e-01 -6.10626065756363468e-01 +1.67591166820553958e-02
+0.00000000000000000e+00 +0.00000000000000000e+00 +0.00000000000000000e+00 -4.25690436803747407e-01 +2.29628679340653126e-02 -3.93985590234421257e-01 +3.89289105395076329e-01 +1.74632507393077702e-01 -6.93536728068542829e-01
+0.00000000000000000e+00 +0.00000000000000000e+00 +0.00000000000000000e+00 -3.27074595783913014e-01 -1.80594257620916958e-02 +1.18738533469263871e-01 +1.87508870548368206e-01 +5.65693418458618424e-01 +7.23483660065505352e-01
+0.00000000000000000e+00 +0.00000000000000000e+00 +0.00000000000000000e+00 -3.33113694772556646e-01 +7.40926817702517559e-01 -1.01655059554472404e-01 -1.40717849797980243e-01 +2.65238329920872484e-01 +4.89465096937659661e-01
+0.00000000000000000e+00 +0.00000000000000000e+00 +0.00000000000000000e+00 -1.61021002177330952e-01 -3.78417358030087581e-01 +6.47354863004756975e-01 +4.94370661731666661e-01 -8.00827091629945087e-03 +4.09069355683549074e-01
+0.00000000000000000e+00 +0.00000000000000000e+00 +0.00000000000000000e+00 -4.79908860388619740e-01 +1.32244399005958940e-01 +7.15921302207042198e-01 -2.73607259610636810e-01 -3.93700249927416812e-01 -9.89685525491268842e-02
+0.00000000000000000e+00 +0.00000000000000000e+00 +0.00000000000000000e+00 +7.87273633339633933e-02 -5.64656023534690799e-01 +4.88433558148368419e-01 -6.33966836857932536e-01 -6.16453504771139540e-02 +1.75168881802387072e-01
+0.00000000000000000e+00 +0.00000000000000000e+00 +0.00000000000000000e+00 -8.22202427070139130e-01 +3.44625294807730354e-01 +8.56082440183998511e-02 +3.22898275105446664e-01 -2.94812486071634572e-01 +8.19152345106402974e-02
+0.00000000000000000e+00 +0.00000000000000000e+00 +0.00000000000000000e+00 +1.56336954445857240e-01 +5.71687880682803407e-01 +4.78622243471967940e-02 -1.40886572747138922e-01 +7.87411254043757225e-01 +8.10889749617048766e-02
+0.00000000000000000e+00 +0.00000000000000000e+00 +0.00000000000000000e+00 +1.30890176864168900e-01 -5.27344880939720873e-01 +1.46529555524292782e-01 +1.51368434250507750e-01 -3.08246706860197894e-01 -7.51914750704748669e-01
+0.00000000000000000e+00 +0.00000000000000000e+00 +0.00000000000000000e+00 -2.67297079602108689e-01 -2.72226386263923148e-01 +1.29071167335716053e-01 -3.62409277280139330e-01 +8.24479002997176358e-01 -1.63338877731340953e-01
+0.00000000000000000e+00 +0.00000000000000000e+00 +0.00000000000000000e+00 -5.67150842014766621e-01 +8.17635530007514849e-03 -3.17171001944842157e-01 -6.86528831124932237e-01 +1.64436316299606949e-01 -2.81628278156336787e-01
+0.00000000000000000e+00 +0.00000000000000000e+00 +0.00000000000000000e+00 -4.73444486578171106e-02 +5.57529286852622818e-01 +6.00220012401439407e-01 +4.87571564222647746e-01 -2.13135842600177816e-01 +2.08572808765433104e-01
+0.00000000000000000e+00 +0.00000000000000000e+00 +0.00000000000000000e+00 -6.54245795605538083e-01 -6.42893502018092144e-01 -2.82308738919624519e-02 +1.68824669432573286e-02 -3.58311555331882137e-01 +1.70825095873655353e-01
+0.00000000000000000e+00 +0.00000000000000000e+00 +0.00000000000000000e+00 -4.37024852726185242e-01 +1.98052948454491319e-02 +4.85198508062448630e-01 -1.79722000251825026e-02 +3.05816848136242658e-01 -6.92352866385331223e-01
+0.00000000000000000e+00 +0.00000000000000000e+00 +0.00000000000000000e+00 +2.86173281167768911e-01 -8.02791837204383407e-01 -2.35004593954499269e-01 -3.33170328696444085e-02 -4.63406206996270997e-01 +5.04739806440616667e-02
+0.00000000000000000e+00 +0.00000000000000000e+00 +0.00000000000000000e+00 +6.29674385073386911e-01 -5.34317521638970838e-01 -1.64268974166645571e-01 -2.66542264286505792e-01 +2.91649202114156847e-01 -3.67323594713811208e-01
+0.00000000000000000e+00 +0.00000000000000000e+00 +0.00000000000000000e+00 +5.50621220659720634e-01 +9.62133377215270702e-02 +1.00944811216368016e-01 +7.35030072142841329e-01 -3.53258840728318146e-01 +1.10943204321619970e-01
+0.00000000000000000e+00 +0.00000000000000000e+00 +0.00000000000000000e+00 +7.22054098474412376e-01 +5.52671306400067897e-01 -3.70834346608787502e-01 -1.05781749108226505e-01 +8.98984624581334879e-02 -1.28072953182345767e-01
+0.00000000000000000e+00 +0.00000000000000000e+00 +0.00000000000000000e+00 +2.57272622563856218e-02 -3.20994438123012926e-01 -8.48263237108250245e-01 -2.14448610650835370e-01 +3.40859783371185499e-01 +1.20733428310431254e-01
+0.00000000000000000e+00 +0.00000000000000000e+00 +0.00000000000000000e+00 +6.64232808103268457e-01 -8.85983792020074573e-02 -4.92814190186484868e-01 +3.08104244370983105e-01 +1.83661530339974982e-01 +4.23579384137881432e-01
+0.00000000000000000e+00 +0.00000000000000000e+00 +0.00000000000000000e+00 +2.68075591042419639e-02 -3.56832013897529221e-01 -7.54613556403487151e-01 +4.23671458580469784e-01 -2.61081431560910085e-02 +3.49759215990123051e-01
+0.00000000000000000e+00 +0.00000000000000000e+00 +0.00000000000000000e+00 -3.29499431876371707e-01 -1.51887569259191807e-01 -3.04150193199485941e-01 -5.58316504103236258e-02 -8.69446279431372648e-01 +1.29610742879595509e-01
+0.00000000000000000e+00 +0.00000000000000000e+00 +0.00000000000000000e+00 +5.65225562744116283e-01 -5.15199636773422065e-01 -1.16174775906334279e-01 -5.06057000736202856e-01 +1.52972846605141221e-02 +3.81136621200506565e-01
+0.00000000000000000e+00 +0.00000000000000000e+00 +0.00000000000000000e+00 -3.69423501236424090e-01 -3.21405709882084459e-02 +8.76408632688060019e-01 +2.81741172110477944e-01 +2.67717866449911981e-02 -1.19609165026214673e-01
+0.00000000000000000e+00 +0.00000000000000000e+00 +0.00000000000000000e+00 +1.35951123953222425e-01 +9.92972608653665267e-02 -6.34528153760799740e-01 -6.02578178778913398e-01 -3.62156818925281843e-01 +2.73447151988844839e-01
+0.00000000000000000e+00 +0.00000000000000000e+00 +0.00000000000000000e+00 +1.66612956250012961e-01 +4.88992821835646130e-01 +5.77650102189104286e-01 -5.42616762498025623e-02 +4.84873455481327265e-01 -4.01746070427477953e-01
+0.00000000000000000e+00 +0.00000000000000000e+00 +0.00000000000000000e+00 -1.34477284071712999e-01 +4.19102299681044677e-01 +3.17236251343149311e-01 -2.16389674212039113e-01 -7.41277815810595486e-01 -3.30625153286894236e-01
+0.00000000000000000e+00 +0.00000000000000000e+00 +0.00000000000000000e+00 -5.45830360856431662e-01 -5.24115265954582452e-02 -4.14685905811071454e-01 -1.26547988380144610e-01 -1.40619667409720733e-01 +7.01120221034481905e-01
+0.00000000000000000e+00 +0.00000000000000000e+00 +0.00000000000000000e+00 +2.33330794510956341e-01 -3.45563567350236009e-03 +5.55545757840053334e-01 +3.50683708292443552e-01 -5.76105805055798559e-01 +4.26657647277262908e-01
+0.00000000000000000e+00 +0.00000000000000000e+00 +0.00000000000000000e+00 +1.41658016006407012e-01 +4.44708730566318156e-01 -6.53458497384176162e-02 +3.97488053373091121e-01 +6.15599032273018820e-01 -4.90854510289332024e-01
+0.00000000000000000e+00 +0.00000000000000000e+00 +0.00000000000000000e+00 +6.33018583487371389e-01 +2.88657482188193648e-01 -2.14232937179580918e-01 -3.05425051676000370e-01 +8.83612410843318402e-02 +6.07434283232822780e-01
+0.00000000000000000e+00 +0.00000000000000000e+00 +0.00000000000000000e+00 -2.41757664559252600e-01 -6.46326852941797481e-01 -3.83980703188036732e-01 +3.59242817657332847e-01 -3.73380679244288194e-01 -3.28489142440238135e-01
+0.00000000000000000e+00 +0.00000000000000000e+00 +0.00000000000000000e+00 -6.04960312117637455e-01 +3.11887745013235962e-01 +1.35544852059332338e-01 -2.89282517269987063e-02 +7.17163955162030131e-01 +5.67068428117472462e-02
+0.00000000000000000e+00 +0.00000000000000000e+00 +0.00000000000000000e+00 -3.05767119794336184e-01 +2.63440533608767735e-01 +4.50281690744859034e-02 +4.97397984011952454e-01 -6.99267998677890357e-01 +3.14161629134219356e-01
+0.00000000000000000e+00 +0.00000000000000000e+00 +0.00000000000000000e+00 -8.45261776667551590e-02 -8.32115253824482259e-01 +1.87900578898616527e-01 +7.28724157178574361e-02 -1.63904517802337196e-01 +4.82657044041270855e-01
+0.00000000000000000e+00 +0.00000000000000000e+00 +0.00000000000000000e+00 -5.47396913480352687e-01 +5.18365756798119803e-01 -5.81002461535871650e-01 +1.91565114873185893e-01 +1.60896070154407711e-01 +1.77496372788418094e-01
+0.00000000000000000e+00 +0.00000000000000000e+00 +0.00000000000000000e+00 +3.89427692371536405e-01 +4.88297773913754396e-01 -5.22762817658031897e-01 +3.94191958167239342e-01 -2.38788964308636192e-01 +3.52452725227049180e-01
+0.00000000000000000e+00 +0.00000000000000000e+00 +0.00000000000000000e+00 +8.17696753587825523e-03 -4.45344865820522184e-01 +2.54225022087655288e-02 +1.21691312373259641e-01 +4.83364001685780642e-01 -7.43306969184230115e-01
+0.00000000000000000e+00 +0.00000000000000000e+00 +0.00000000000000000e+00 +4.92027805274024566e-02 +1.53816458702946940e-01 -4.74382682491786001e-01 +1.58025399310589593e-01 +6.18810362520886170e-01 +5.83936950690613910e-01
+0.00000000000000000e+00 +0.00000000000000000e+00 +0.00000000000000000e+00 +3.62189602840929270e-01 -5.44057395844613545e-01 +5.38230647761333447e-01 -8.97596495980216152e-02 +5.04934280568258620e-01 -1.41818859966431732e-01
+0.00000000000000000e+00 +0.00000000000000000e+00 +0.00000000000000000e+00 -2.40801796936811335e-01 +5.67988627398329116e-01 -6.27029290212594237e-01 -3.89218413898964471e-02 -3.72652774543063392e-01 -2.93006284645622228e-01
+0.00000000000000000e+00 +0.00000000000000000e+00 +0.00000000000000000e+00 -3.74008489585265780e-01 +5.57058239511780795e-01 +6.09600352259700884e-01 +1.54772564410241877e-02 +2.09783968482128130e-01 +3.65981309817838274e-01
+0.00000000000000000e+00 +0.00000000000000000e+00 +0.00000000000000000e+00 -2.80769186753802247e-01 +1.39373980357453409e-01 -3.34067569294784261e-01 -5.85663730199839638e-01 +6.01466110415253108e-01 +2.92196731098688267e-01
+0.00000000000000000e+00 +0.00000000000000000e+00 +0.00000000000000000e+00 +4.29759504662200892e-02 +9.05957708980869164e-02 -3.49798922235742882e-01 +7.81040877844428993e-01 -4.30373464518271243e-01 -2.68960993741032051e-01
+0.00000000000000000e+00 +0.00000000000000000e+00 +0.00000000000000000e+00 +5.39877839789299707e-01 +4.21103544419548614e-01 +1.09795173307895219e-01 -6.24518596316882113e-01 -2.42299886078350610e-02 -3.58522207689394468e-01
+0.00000000000000000e+00 +0.00000000000000000e+00 +0.00000000000000000e+00 -2.56923228760823408e-01 -3.28335199854134174e-01 +5.70525135574191933e-01 -2.81347282290366929e-01 +2.20968253140034876e-01 +6.10495093010562595e-01
+0.00000000000000000e+00 +0.00000000000000000e+00 +0.00000000000000000e+00 -4.33315826491693867e-01 -6.04753994904317582e-01 +1.45485805339165053e-01 -4.11118163282882865e-01 -1.53234065031731870e-01 -4.82540213595368084e-01
+0.00000000000000000e+00 +0.00000000000000000e+00 +0.00000000000000000e+00 -8.18835318660464107e-01 -3.33596176700111269e-01 +2.38253613426435279e-02 +2.31255446504966766e-01 +1.90821086356949360e-01 -3.57439359088390141e-01
+0.00000000000000000e+00 +0.00000000000000000e+00 +0.00000000000000000e+00 -4.15916818498671514e-01 -6.73701445780129804e-01 -2.44322553280062998e-01 -3.32526024111688800e-01 +3.11506843004904888e-01 +3.25324425845965104e-01
+0.00000000000000000e+00 +0.00000000000000000e+00 +0.00000000000000000e+00 +5.66541290456680918e-02 +1.58170158434491226e-01 +2.51428401086881415e-01 +9.11402495195911433e-01 +2.37827378048720922e-01 +1.46081825600984899e-01
+0.00000000000000000e+00 +0.00000000000000000e+00 +0.00000000000000000e+00 -8.52900544866458832e-01 +3.89737867773737978e-01 +1.61710203215226028e-01 -2.52475733493539245e-01 +1.55049268533510899e-02 -1.74729695260822632e-01
+0.00000000000000000e+00 +0.00000000000000000e+00 +0.00000000000000000e+00 -6.97386400977035081e-01 -1.82281069745318325e-01 +1.17789818134003244e-01 +4.36881072147997707e-01 -4.84973936073568451e-02 +5.22813838474909032e-01
+0.00000000000000000e+00 +0.00000000000000000e+00 +0.00000000000000000e+00 +6.29855887872526665e-01 -2.69465977309761628e-01 -2.41189706868651543e-01 +2.56254248853256872e-01 -5.83732486147468643e-01 +2.57074536751830673e-01
+0.00000000000000000e+00 +0.00000000000000000e+00 +0.00000000000000000e+00 -2.80074679356492273e-01 +3.89868525179154074e-02 -5.29339362498456589e-01 -1.78222956082004169e-01 +6.74789153941828368e-01 -3.90812249387983646e-01
+0.00000000000000000e+00 +0.00000000000000000e+00 +0.00000000000000000e+00 +2.32676603016769817e-01 +9.03791154789108764e-01 +5.89576065131668242e-02 +2.72680499663038811e-01 +2.08071959489818548e-01 +8.88738001064841160e-02
+0.00000000000000000e+00 +0.00000000000000000e+00 +0.00000000000000000e+00 -3.40147604822527538e-01 +6.17439840317628219e-01 +1.00951289311124751e-01 +5.07084074988955136e-01 -2.20975896198152610e-01 -4.32333068247711227e-01
+0.00000000000000000e+00 +0.00000000000000000e+00 +0.00000000000000000e+00 +3.25349085015981920e-01 +2.24661378095076220e-01 -7.69576113336402079e-01 +1.22937346932737654e-02 +3.61830069361844198e-01 -3.46923203096328125e-01
+0.00000000000000000e+00 +0.00000000000000000e+00 +0.00000000000000000e+00 +1.24691990489535248e-01 +2.76096297141433134e-01 +5.51531116004875532e-02 +2.57525445872881786e-01 -1.94500076176226597e-02 +9.15687292925362772e-01
+0.00000000000000000e+00 +0.00000000000000000e+00 +0.00000000000000000e+00 +2.33703568679348078e-01 -2.93403400317543916e-01 -1.42064816843881364e-01 -4.02693097892975471e-01 -6.85256168344895111e-01 -4.55386568904251110e-01
+0.00000000000000000e+00 +0.00000000000000000e+00 +0.00000000000000000e+00 +8.04830529177094744e-01 -4.57554455066366619e-02 -1.87316821438046566e-01 +4.60936529947704288e-01 +2.53612116899026629e-01 -1.95665726276007257e-01
+0.00000000000000000e+00 +0.00000000000000000e+00 +0.00000000000000000e+00 -5.17168296331585713e-03 +1.16742306891620753e-01 +4.99397583091009067e-01 +3.91574642305707987e-01 -1.43628294038775667e-01 -7.50324432585316003e-01
+0.00000000000000000e+00 +0.00000000000000000e+00 +0.00000000000000000e+00 +7.52407906267782423e-01 -1.33787845278506623e-01 +1.41960774360865571e-01 -4.88057355561128600e-02 -1.82191574951366009e-01 -6.00212065671706818e-01
+0.00000000000000000e+00 +0.00000000000000000e+00 +0.00000000000000000e+00 +2.03713527020633417e-01 -5.39188802185841531e-01 +2.67746334627937344e-01 +7.09283102912321106e-01 -1.91734169776907909e-01 -2.37157379945354463e-01
+0.00000000000000000e+00 +0.00000000000000000e+00 +0.00000000000000000e+00 +2.37638382190815872e-01 +1.59283128762513215e-01 +7.40594551734163553e-01 -5.27872703486945594e-01 -2.54526613153580272e-01 +1.61997550144996838e-01
+0.00000000000000000e+00 +0.00000000000000000e+00 +0.00000000000000000e+00 -2.99621347905491830e-01 -3.16437401779742000e-01 +3.46359719723408233e-01 +3.72452785526869445e-01 +7.39828656030771747e-01 +6.37326090497029318e-02
+0.00000000000000000e+00 +0.00000000000000000e+00 +0.00000000000000000e+00 +1.03904766522326955e-01 -2.23865960610026504e-01 +8.08670078273583531e-02 -4.72496043481205441e-01 -5.77353777423912695e-01 +6.13154517889321737e-01
+0.00000000000000000e+00 +0.00000000000000000e+00 +0.00000000000000000e+00 -4.95019034974246208e-01 -3.92413474803982532e-01 +4.71684369507664680e-01 +1.81301852017393877e-01 -5.52625675874170996e-01 -2.00539712244896862e-01
+0.00000000000000000e+00 +0.00000000000000000e+00 +0.00000000000000000e+00 -2.16793352716448201e-01 +7.36028049537681750e-01 +1.70123438084273326e-01 -2.43330859416098472e-01 -4.33741020696732205e-01 +3.67396499911041285e-01
+0.00000000000000000e+00 +0.00000000000000000e+00 +0.00000000000000000e+00 +1.91721088604980300e-01 -8.20910569459129658e-01 -3.11637611296012806e-01 +1.29811960558417372e-01 +4.18726557132939936e-01 +6.91271348306929292e-03
+0.00000000000000000e+00 +0.00000000000000000e+00 +0.00000000000000000e+00 +6.57057966060997312e-01 +1.66447781731115851e-01 +6.52171360854800874e-01 +3.03893957746356580e-01 +7.80998466989337031e-02 +1.29581471145499283e-01
+0.00000000000000000e+00 +0.00000000000000000e+00 +0.00000000000000000e+00 +3.67319781924014488e-01 -6.00461944899304045e-01 +5.64771376326630992e-01 -1.53318189122054693e-01 -3.78270994921102111e-01 -1.37693537622125439e-01
+0.00000000000000000e+00 +0.00000000000000000e+00 +0.00000000000000000e+00 +5.43489523584449130e-01 -3.27794671425005124e-01 -6.99763977463108588e-01 -2.50259313680788908e-01 -1.11616208709170620e-01 -1.80034065814619643e-01
+0.00000000000000000e+00 +0.00000000000000000e+00 +0.00000000000000000e+00 +1.62250802410215528e-01 +1.23671779961358655e-01 -3.28932010233967564e-01 +1.37108343426630030e-01 -1.84850461185607523e-01 -8.92869144815826354e-01
+0.00000000000000000e+00 +0.00000000000000000e+00 +0.00000000000000000e+00 -5.20272291261172581e-01 -1.88200823691320601e-01 -7.16352500153695226e-01 -2.42899507075780396e-01 -2.03647333289291410e-01 -2.83308809495594949e-01
+0.00000000000000000e+00 +0.00000000000000000e+00 +0.00000000000000000e+00 -2.97954582445900562e-01 +2.87991105570875150e-01 +6.26121292033480353e-02 -4.95227318259007288e-01 -1.38607691631758099e-02 -7.60869038347845139e-01
+0.00000000000000000e+00 +0.00000000000000000e+00 +0.00000000000000000e+00 +9.19025073127997943e-02 -3.95860577368624844e-01 -1.62656652092609461e-01 -8.32413971836742483e-01 +2.17542471980810309e-01 -2.61062058408495834e-01
+0.00000000000000000e+00 +0.00000000000000000e+00 +0.00000000000000000e+00 +3.35625559194403511e-01 -3.53859511071914323e-01 +1.26049705074509494e-01 +4.96695009658548070e-01 +3.57251175822876244e-01 +6.09849216645792169e-01
+0.00000000000000000e+00 +0.00000000000000000e+00 +0.00000000000000000e+00 +6.68717097081484635e-01 +4.59962716897880874e-01 +1.48256283367991099e-01 +2.94047572117863178e-02 -5.59100479936269212e-01 -7.62484830346891046e-02
+0.00000000000000000e+00 +0.00000000000000000e+00 +0.00000000000000000e+00 +2.40370383880916694e-01 +2.62826881308971139e-01 +3.49234934990132417e-01 -4.52400763854000743e-01 +4.78111055840268750e-01 +5.63846110516334709e-01
+0.00000000000000000e+00 +0.00000000000000000e+00 +0.00000000000000000e+00 +6.16727391291134810e-02 +7.37189441493888875e-01 -2.94104307238937768e-01 -6.01163383090631664e-01 +6.80804588156584123e-02 -1.47815770545993968e-02
+0.00000000000000000e+00 +0.00000000000000000e+00 +0.00000000000000000e+00 +6.28507293794755117e-01 -1.74663363211637682e-02 -6.14042652135310466e-02 -1.17787326740536144e-01 +7.66074944928235468e-01 +1.25836945455307849e-02
+0.00000000000000000e+00 +0.00000000000000000e+00 +0.00000000000000000e+00 -5.17213501792175401e-01 -9.39355083320115858e-02 +1.89019122840482501e-01 -7.44384431088411902e-01 -3.36455732180297618e-01 +1.43622575088660442e-01
+0.00000000000000000e+00 +0.00000000000000000e+00 +0.00000000000000000e+00 -3.76880835074388354e-01 -7.65983807578246717e-02 -3.72468274291746726e-01 +7.87294080090127579e-01 +3.00996887924351586e-01 -5.41277542480239349e-02
+0.00000000000000000e+00 +0.00000000000000000e+00 +0.00000000000000000e+00 -8.87381481841251762e-02 -1.20646739782972662e-01 +5.70969894325219496e-01 -6.38754115334537631e-01 +4.08718472892982965e-01 -2.76596592658079399e-01
+0.00000000000000000e+00 +0.00000000000000000e+00 +0.00000000000000000e+00 +5.13764832453044384e-01 +1.62487120689391557e-01 +4.62564655718265216e-01 -3.88481763464741892e-01 -5.01352167252540504e-01 -3.05623126859395799e-01
+0.00000000000000000e+00 +0.00000000000000000e+00 +0.00000000000000000e+00 -4.60192840789646174e-01 +5.87762608833356293e-01 +5.30248495540356357e-01 -1.29335521808503717e-01 +2.99106140469822313e-01 -2.35376374031720265e-01
+0.00000000000000000e+00 +0.00000000000000000e+00 +0.00000000000000000e+00 -3.15509073031103038e-01 -3.61260027510008075e-01 +3.81335431398736546e-01 +6.41105912209837703e-01 +3.20634770403836367e-01 -3.32723698368680987e-01
+0.00000000000000000e+00 +0.00000000000000000e+00 +0.00000000000000000e+00 +2.73079201858532038e-02 -4.50416999693509512e-01 +2.31817900525889770e-01 -4.30608394345234680e-01 +3.44050151976133312e-01 -6.62453899167788962e-01
+0.00000000000000000e+00 +0.00000000000000000e+00 +0.00000000000000000e+00 +4.03355199146075261e-01 -4.51631035413682103e-01 +3.51315355135764923e-02 +5.13394807290113109e-01 +6.06810094854587700e-01 -1.75227570766585683e-02
+0.00000000000000000e+00 +0.00000000000000000e+00 +0.00000000000000000e+00 +2.96141261579225767e-01 -8.36187009836071082e-01 +3.62306805007114180e-02 +1.81660829538049046e-01 +7.36970152396935474e-02 -4.16349694990207519e-01
+0.00000000000000000e+00 +0.00000000000000000e+00 +0.00000000000000000e+00 +3.42859246819878727e-01 -2.28246393585952473e-01 +4.58643856253797721e-01 -6.34262904994244536e-01 +3.90853234034112096e-01 +2.54835732579038410e-01
+0.00000000000000000e+00 +0.00000000000000000e+00 +0.00000000000000000e+00 -2.47772765670320805e-01 -5.31126232437711399e-01 -4.17053587171141049e-01 +4.21516822662827417e-01 +3.99358510806148093e-01 -3.81334807348104932e-01
+0.00000000000000000e+00 +0.00000000000000000e+00 +0.00000000000000000e+00 -1.93149563515682722e-02 +1.22570298330221858e-01 -1.00311911167052889e-01 +6.61316997923190764e-01 +6.24731512998966565e-01 +3.83290150969564258e-01
+0.00000000000000000e+00 +0.00000000000000000e+00 +0.00000000000000000e+00 -3.16750804462178404e-01 +5.88237995187187557e-01 -1.93318771576474549e-02 -5.73083129179530082e-01 -3.32574687316231243e-01 -3.37995668348858969e-01
+0.00000000000000000e+00 +0.00000000000000000e+00 +0.00000000000000000e+00 +2.13099326516244164e-01 +2.67136425724923354e-01 +3.34638355361909945e-01 -1.64407469260303113e-01 -7.36826818443422349e-01 +4.48665133349894329e-01
+0.00000000000000000e+00 +0.00000000000000000e+00 +0.00000000000000000e+00 +4.05965721414404401e-01 -2.31476080596846240e-01 -2.39574681546548873e-01 -7.83298671672072344e-01 -3.27588054881050195e-01 -5.78263466413995730e-02
+0.00000000000000000e+00 +0.00000000000000000e+00 +0.00000000000000000e+00 -8.09919832427348774e-01 +2.45295022620871744e-01 -3.41542326114400940e-01 +1.22056887195486380e-01 -3.57193791878202480e-02 -3.88632601089037188e-01
+0.00000000000000000e+00 +0.00000000000000000e+00 +0.00000000000000000e+00 +1.31761447867985215e-01 +8.20344254355610814e-02 -3.99300518092854884e-01 +4.95475307785610608e-01 -7.25896907975272732e-01 +2.09872028904902558e-01
+0.00000000000000000e+00 +0.00000000000000000e+00 +0.00000000000000000e+00 +3.81703606990704380e-01 -6.00617308007650008e-01 +2.48207864295778791e-01 -1.15302969787628107e-01 -4.59260038897649769e-01 +4.55784492565884047e-01
+0.00000000000000000e+00 +0.00000000000000000e+00 +0.00000000000000000e+00 +3.85835014749416616e-02 -9.02933338231072691e-01 +1.15894996166199787e-02 -3.93895250860407720e-01 -1.25417344381458462e-01 -1.10478073396397300e-01
+0.00000000000000000e+00 +0.00000000000000000e+00 +0.00000000000000000e+00 +6.81392304432809848e-01 +2.56042710825355624e-01 -3.70570102471063090e-01 +3.56280410969029349e-01 -3.46484432083277949e-01 -2.92979971894329727e-01
+0.00000000000000000e+00 +0.00000000000000000e+00 +0.00000000000000000e+00 -3.68711777222192116e-01 +7.63973203578463433e-01 +1.23232303007235408e-01 +4.47574590934512129e-01 +1.24676854467981796e-01 +2.22132925423088018e-01
+0.00000000000000000e+00 +0.00000000000000000e+00 +0.00000000000000000e+00 +1.01848423083849685e-01 +3.71240109402309754e-02 -1.18735171786052626e-01 +8.40355617852413084e-01 +3.19135121447815195e-01 -4.07560885402852069e-01
+0.00000000000000000e+00 +0.00000000000000000e+00 +0.00000000000000000e+00 -2.75888545619277281e-01 +4.19766352454165381e-01 +8.58200077364052044e-02 +2.50198427378150901e-01 +2.46012706754692168e-01 -7.85617681234491272e-01
+0.00000000000000000e+00 +0.00000000000000000e+00 +0.00000000000000000e+00 +6.84407043672427967e-02 +3.33487043655351256e-01 +6.91426935839341672e-01 +5.42842994408478163e-01 +1.65098289626511907e-01 -2.89991538289629813e-01
+0.00000000000000000e+00 +0.00000000000000000e+00 +0.00000000000000000e+00 -4.84160081131779552e-01 -4.53633120331356277e-01 +1.04384490689193601e-01 +1.98066453959882871e-01 -1.08400951348682231e-01 -7.05640701520909741e-01
+0.00000000000000000e+00 +0.00000000000000000e+00 +0.00000000000000000e+00 +1.67093753849715497e-02 +1.38996016694571289e-01 +7.96782659639521801e-02 -9.44192630563249091e-01 -5.10971945939877048e-02 -2.82739511113922926e-01
+0.00000000000000000e+00 +0.00000000000000000e+00 +0.00000000000000000e+00 +7.57467135190122098e-01 -1.98314258115449366e-01 +3.01288201664643152e-01 -4.01361382871340440e-03 +3.63424290594657085e-01 +4.05027270171377352e-01
+0.00000000000000000e+00 +0.00000000000000000e+00 +0.00000000000000000e+00 -3.35132537030060185e-01 -3.16512604079242421e-01 +1.20204477940418761e-01 -8.13046734706805108e-01 +2.91617070949570401e-01 +1.64229500027366387e-01
+0.00000000000000000e+00 +0.00000000000000000e+00 +0.00000000000000000e+00 +2.62998142555099623e-01 +5.87617938451957866e-01 +4.48159081019011904e-02 +7.49372563043841144e-01 -7.20756992463941204e-02 -1.29516505273606697e-01
+0.00000000000000000e+00 +0.00000000000000000e+00 +0.00000000000000000e+00 -4.72981236875436695e-01 -1.66666444160727650e-01 -6.34107030266705562e-01 -5.29811555562674119e-01 -2.92293788141263465e-02 +2.54685451346048419e-01
+0.00000000000000000e+00 +0.00000000000000000e+00 +0.00000000000000000e+00 -2.63361648881770938e-01 -8.04632126793793034e-01 +2.04973594609617477e-01 +4.65564422075676998e-01 -1.55959825702398414e-01 +1.09503244976189486e-02
+0.00000000000000000e+00 +0.00000000000000000e+00 +0.00000000000000000e+00 -5.81336691886221946e-01 -5.81536664789626290e-01 +1.94241674028325040e-01 +1.36728887692545736e-01 +3.70707938473304632e-01 +3.60574216862558583e-01
+0.00000000000000000e+00 +0.00000000000000000e+00 +0.00000000000000000e+00 +4.77673020863421338e-01 -3.05601237652676438e-01 -6.21532059974915785e-01 +1.44010663711407971e-01 +5.20940295963996380e-01 +4.05017111331276280e-03
+0.00000000000000000e+00 +0.00000000000000000e+00 +0.00000000000000000e+00 +2.01107961451597733e-02 +1.07948639286546577e-01 -6.73494339654579721e-01 -6.69374818888404000e-01 +1.75459812022428496e-01 -2.35582740902221144e-01
+0.00000000000000000e+00 +0.00000000000000000e+00 +0.00000000000000000e+00 +2.65107250077385115e-01 +2.21193595965495510e-01 +1.72196429593378442e-01 -6.30478555234831650e-01 +6.47015677031180236e-01 -1.87102735844336343e-01
+0.00000000000000000e+00 +0.00000000000000000e+00 +0.00000000000000000e+00 -3.71284902609237799e-01 -3.83266049644820916e-02 -2.80551223591756660e-01 -5.90335418206818452e-01 -5.55077011850019009e-01 -3.54066672130755988e-01
+0.00000000000000000e+00 +0.00000000000000000e+00 +0.00000000000000000e+00 +3.85261632795080688e-01 -1.02301933093929792e-01 -3.40315983071084127e-01 +2.16352266736271420e-01 +4.54604712257052124e-01 -6.86890873952650027e-01
+0.00000000000000000e+00 +0.00000000000000000e+00 +0.00000000000000000e+00 -4.67104491762405372e-01 +4.42684738291819146e-01 -2.24678259043103318e-01 +1.79769747599387186e-01 -3.82983762987263388e-01 +5.96966976731893473e-01
+0.00000000000000000e+00 +0.00000000000000000e+00 +0.00000000000000000e+00 -2.43681741771383908e-01 +1.49075798044701557e-01 +4.98931882776220414e-01 +4.59016533977818830e-01 +1.90707695755949674e-01 +6.49920755037428965e-01
+0.00000000000000000e+00 +0.00000000000000000e+00 +0.00000000000000000e+00 +2.18970544292104802e-01 +5.92225032683159847e-01 +1.09466673498412145e-01 +4.45969304828391255e-01 -3.89799118320113436e-01 +4.88371257648098356e-01
+0.00000000000000000e+00 +0.00000000000000000e+00 +0.00000000000000000e+00 -5.90232071285945015e-01 +1.08959352867401299e-01 +1.99970407088446517e-01 -2.26328610440493100e-01 -7.02798057999546422e-01 +2.33700764879456707e-01
+0.00000000000000000e+00 +0.00000000000000000e+00 +0.00000000000000000e+00 -4.87532704313947407e-02 -4.43513561938971124e-01 -5.33147799547675771e-01 -8.14904217424001071e-02 -5.71284483718648595e-01 +4.28562262293921747e-01
+0.00000000000000000e+00 +0.00000000000000000e+00 +0.00000000000000000e+00 +1.46043559437795262e-01 -6.51807491862411714e-01 +5.24574676115250882e-01 +1.29974401792231214e-01 +3.29594512579684362e-01 +3.91297576830553162e-01
+0.00000000000000000e+00 +0.00000000000000000e+00 +0.00000000000000000e+00 -5.29762178104954615e-02 -2.82632744023650018e-01 +4.11011131167535737e-01 -6.30684654679743995e-01 -5.86669507998002993e-01 -8.02362582964395443e-02
+0.00000000000000000e+00 +0.00000000000000000e+00 +0.00000000000000000e+00 +4.85420447432171276e-01 -2.41811600227161111e-01 +5.39332927796694617e-01 +8.70779587117171544e-02 +2.62178288707355933e-01 -5.81974317510367989e-01
+0.00000000000000000e+00 +0.00000000000000000e+00 +0.00000000000000000e+00 +4.68270214738543619e-02 +8.47286146927725636e-01 -4.91969594221204731e-01 +3.83379717827409955e-02 +3.11845565199939112e-02 +1.88247329331164781e-01
+0.00000000000000000e+00 +0.00000000000000000e+00 +0.00000000000000000e+00 -6.33150068183617742e-01 -9.86137588170656193e-02 +4.06714383583080430e-01 -5.01582749414916207e-01 -7.52013408918084797e-02 -4.08337154487724729e-01
+0.00000000000000000e+00 +0.00000000000000000e+00 +0.00000000000000000e+00 -2.80385238203054388e-01 +2.34124622803527693e-01 +5.83310273478504060e-01 -5.58028674600637653e-01 -8.57885721555196740e-02 +4.55591070215745353e-01
+0.00000000000000000e+00 +0.00000000000000000e+00 +0.00000000000000000e+00 +6.07627037784950683e-02 +3.01849570369850051e-01 +4.34949932061115596e-01 +5.32090236305402642e-01 -6.21563066503590278e-01 -2.15760566564442147e-01
+0.00000000000000000e+00 +0.00000000000000000e+00 +0.00000000000000000e+00 +4.29176608862243181e-01 +6.02812215842398261e-02 +2.00751065900869330e-01 -7.27861621039658346e-01 -1.67348617884126610e-01 +4.62692687406312142e-01
+0.00000000000000000e+00 +0.00000000000000000e+00 +0.00000000000000000e+00 -8.11410768697262585e-01 -3.71619576728572515e-02 +4.80900428562066273e-01 +3.09899515120772795e-01 +1.11404505693792760e-01 +2.27520942308809607e-02
+0.00000000000000000e+00 +0.00000000000000000e+00 +0.00000000000000000e+00 -4.65071375584448998e-01 +8.91719305751165203e-02 -3.74147400796868757e-01 -1.49771572843523576e-01 +4.27045916879439769e-01 +6.56483789389363581e-01
+0.00000000000000000e+00 +0.00000000000000000e+00 +0.00000000000000000e+00 -2.42230311714126373e-01 -3.74850425397114995e-01 -2.26051110673144401e-01 +4.53249000048087103e-01 +1.47100164802608430e-01 +7.22938044026160909e-01
+0.00000000000000000e+00 +0.00000000000000000e+00 +0.00000000000000000e+00 -4.36548740442999461e-01 -1.93593756792877159e-01 +7.03213415939773934e-01 -1.33918594707640420e-01 +5.00044687347099392e-01 -9.72556776658203281e-02
+0.00000000000000000e+00 +0.00000000000000000e+00 +0.00000000000000000e+00 -7.24406683517033634e-01 +1.84590075067148557e-01 -5.46741115725908541e-02 +4.94869185921209764e-01 +3.91971391831455684e-01 +1.99085708672659428e-01
+0.00000000000000000e+00 +0.00000000000000000e+00 +0.00000000000000000e+00 +4.25380428979232825e-02 +2.12875004226620396e-01 +8.44563841951521010e-01 -3.61792727801196257e-01 +5.42432493948982256e-02 -3.25192798744482758e-01
+0.00000000000000000e+00 +0.00000000000000000e+00 +0.00000000000000000e+00 -3.64013069417614354e-01 +3.36868406249923813e-01 +3.94700993086064197e-02 -4.82874340356091003e-01 +6.00568942321068056e-01 -3.98253173709131714e-01
+0.00000000000000000e+00 +0.00000000000000000e+00 +0.00000000000000000e+00 +1.41973578609380480e-01 -4.49989233632326679e-01 +2.71898991512157517e-01 +4.41209584994330439e-01 -7.11081218655479241e-01 -5.58724761495179648e-02
+0.00000000000000000e+00 +0.00000000000000000e+00 +0.00000000000000000e+00 +7.55351597516905282e-01 -1.75272801607086331e-01 +4.49586649930378723e-01 +8.99061846413284210e-02 -4.21925054834327518e-01 +1.02427434880164162e-01
+0.00000000000000000e+00 +0.00000000000000000e+00 +0.00000000000000000e+00 -4.54740949781212322e-01 +8.41429336031221164e-01 +5.69528952346305059e-02 -5.10679306575394665e-03 -2.59235769374187242e-01 -1.21385523535919748e-01
+0.00000000000000000e+00 +0.00000000000000000e+00 +0.00000000000000000e+00 +1.01779600341676768e-01 -5.31800540736399041e-01 -4.82401421558080967e-01 -5.90018095794229480e-01 +1.21796426417407955e-01 +3.33410023023911650e-01
+0.00000000000000000e+00 +0.00000000000000000e+00 +0.00000000000000000e+00 -9.06272542191424946e-01 -1.76308896818883287e-01 -1.84908488376853031e-01 -1.79478473646339010e-01 -2.84741053447600589e-01 +1.02035816122757542e-02
+0.00000000000000000e+00 +0.00000000000000000e+00 +0.00000000000000000e+00 -2.52204243474312362e-01 +5.47276042783424010e-01 -3.36087777870474724e-01 +2.41860122171818459e-01 +6.81084138808904838e-01 -3.94339359044693638e-02
+0.00000000000000000e+00 +0.00000000000000000e+00 +0.00000000000000000e+00 -2.78797138720130788e-01 -4.15758945075016331e-02 -8.19724329575964861e-01 +2.99694158680161804e-01 +3.94554050637151599e-01 +5.57327221424754396e-02
+0.00000000000000000e+00 +0.00000000000000000e+00 +0.00000000000000000e+00 +6.01311373546662975e-01 -1.15527435160556177e-01 +3.00530998829394436e-01 +5.53122889414887520e-01 -2.56615881318441152e-01 -4.03686166683652148e-01
+0.00000000000000000e+00 +0.00000000000000000e+00 +0.00000000000000000e+00 +6.81854633015411493e-01 +6.97063440306415344e-02 -3.30790879532751603e-01 -3.73155589672360510e-01 +1.29129374506251865e-01 -5.14658323153474373e-01
+0.00000000000000000e+00 +0.00000000000000000e+00 +0.00000000000000000e+00 -4.29323136989355758e-01 +4.07039784531423088e-01 -4.12570285073500853e-01 +6.40606649033924835e-01 -2.50393815827847865e-01 -8.19272600377760063e-02
+0.00000000000000000e+00 +0.00000000000000000e+00 +0.00000000000000000e+00 -3.88467161685534662e-02 +5.55268791128426420e-01 +7.06503332802073225e-01 -6.45662084872677400e-02 -4.28890094511110376e-01 +5.38983722675197910e-02
+0.00000000000000000e+00 +0.00000000000000000e+00 +0.00000000000000000e+00 +1.91708987470387449e-01 -3.47479573746295844e-01 -3.63021879352855958e-01 -3.99037800740342397e-01 +7.10173729776241935e-01 -2.17124001849873877e-01
+0.00000000000000000e+00 +0.00000000000000000e+00 +0.00000000000000000e+00 +9.46765141186399428e-01 -2.35976683188968611e-01 -1.78952418426723658e-01 -5.51218539185543560e-02 +1.03165144672873396e-01 +4.73850030058431612e-02
+0.00000000000000000e+00 +0.00000000000000000e+00 +0.00000000000000000e+00 +3.13082174776194100e-01 -6.11603599268395401e-02 -3.08793016486486216e-01 +8.46125954459261087e-01 +9.34737969782267197e-02 +2.79677231195323006e-01
+0.00000000000000000e+00 +0.00000000000000000e+00 +0.00000000000000000e+00 -5.68493861796557781e-02 -1.02235967979820486e-01 +4.08532784756265865e-01 -1.10500706134421922e-01 -6.03955828869991773e-01 -6.65164542530095493e-01
+0.00000000000000000e+00 +0.00000000000000000e+00 +0.00000000000000000e+00 +1.28823290580785260e-01 +6.61009805063303424e-01 -3.82281788956081281e-01 +2.65546917106459501e-01 -8.69864639895976816e-02 -5.67670169327657903e-01
+0.00000000000000000e+00 +0.00000000000000000e+00 +0.00000000000000000e+00 +5.74597335422129402e-02 -2.13934786884475037e-01 +1.42504978795551490e-01 -1.91876003210746021e-01 +1.77563902239701754e-01 +9.28588863283267618e-01
+0.00000000000000000e+00 +0.00000000000000000e+00 +0.00000000000000000e+00 -4.40512081561781010e-01 +3.38824960078311296e-02 +6.35624631976746346e-01 +3.01545869014462731e-01 -4.61995936573578181e-01 +3.10503225678295580e-01
+0.00000000000000000e+00 +0.00000000000000000e+00 +0.00000000000000000e+00 -7.08949189351200437e-01 -4.11499906386693481e-01 -1.42774906096692272e-01 -3.11156511474581898e-01 +3.89847585222672766e-01 -2.42641063742554980e-01
+0.00000000000000000e+00 +0.00000000000000000e+00 +0.00000000000000000e+00 -1.35388561081369353e-02 +1.51202103096516299e-01 -6.24024787219082167e-01 +3.09328742269331380e-01 -5.26106067659992821e-02 +6.99353659883495626e-01
+0.00000000000000000e+00 +0.00000000000000000e+00 +0.00000000000000000e+00 +3.92466562796269958e-01 -1.88719948347568445e-01 +1.06645422901298734e-01 +4.63706813229101011e-01 -2.49971366342342488e-01 +7.22130070922565759e-01
+0.00000000000000000e+00 +0.00000000000000000e+00 +0.00000000000000000e+00 +2.47580474666646205e-01 +7.41834179612957945e-01 -1.43035475015796609e-01 -2.25486996960897662e-01 +2.97801819068130857e-01 -4.77908466309273194e-01
+0.00000000000000000e+00 +0.00000000000000000e+00 +0.00000000000000000e+00 +2.02927752742309175e-01 +4.22974224015683131e-01 -5.08106897892849463e-01 -3.47882870134844313e-01 +6.32135649716697445e-01 +3.35043627455386614e-02
+0.00000000000000000e+00 +0.00000000000000000e+00 +0.00000000000000000e+00 +5.04167635573270490e-01 +4.62844659510879941e-01 -4.16513441343508817e-01 +3.44733934872503422e-01 +4.70219627816217900e-01 +1.34753053199551054e-01
+0.00000000000000000e+00 +0.00000000000000000e+00 +0.00000000000000000e+00 -4.80675026862751265e-01 -2.53339878298871335e-02 -3.25058219556133912e-02 +2.50621018798168005e-01 +7.11160257102793625e-01 -4.45750235899180947e-01
+0.00000000000000000e+00 +0.00000000000000000e+00 +0.00000000000000000e+00 -7.37977839679879039e-02 -8.04669114804116070e-01 +1.38030047342987655e-01 -2.92696543962439659e-01 +4.92137975465410049e-01 -1.17539376175929671e-02
+0.00000000000000000e+00 +0.00000000000000000e+00 +0.00000000000000000e+00 -4.31890081673440951e-01 -6.90547752965329442e-01 -5.33715310397443576e-01 +1.07104643799006027e-01 -1.38022728614504240e-02 +2.00251886918823702e-01
+0.00000000000000000e+00 +0.00000000000000000e+00 +0.00000000000000000e+00 -1.97529182663858410e-01 -9.63189443056444300e-02 -5.35679304908255993e-01 +1.89718307415481735e-01 -5.30544509670666353e-01 -5.89306416346130679e-01
+0.00000000000000000e+00 +0.00000000000000000e+00 +0.00000000000000000e+00 +1.36639128067824883e-01 -2.51072961778490145e-01 +9.09215856779708398e-01 -7.19061547803687279e-02 -1.26705526415628406e-01 +2.65318406458018186e-01
+0.00000000000000000e+00 +0.00000000000000000e+00 +0.00000000000000000e+00 +7.56439200798709188e-01 +4.40582308048367233e-01 +1.73765937328840520e-01 -3.59538755620265216e-01 +2.27559417593502539e-01 +1.49803067477106505e-01
+0.00000000000000000e+00 +0.00000000000000000e+00 +0.00000000000000000e+00 -5.97511640571648295e-01 +4.80575123864913356e-01 -4.11311501594524509e-01 -4.33483280945955840e-01 +2.28309460139798526e-01 +5.30779983671356634e-02
+0.00000000000000000e+00 +0.00000000000000000e+00 +0.00000000000000000e+00 -2.13788629319204976e-01 -3.53821945521118411e-02 +2.36755463896569124e-01 +8.79709393726767708e-01 -2.42201332794237445e-01 +2.53848910927721882e-01
+0.00000000000000000e+00 +0.00000000000000000e+00 +0.00000000000000000e+00 -3.49488553036506000e-01 -1.21218310674370791e-01 -3.05955726703854847e-01 -2.75781488896554683e-01 +1.24060080325589808e-01 -8.23473516636949676e-01
+0.00000000000000000e+00 +0.00000000000000000e+00 +0.00000000000000000e+00 -1.83036244094210293e-02 -8.65647777314552669e-02 -5.56342957720787623e-02 +6.40596327082147088e-01 -2.05279293346464276e-01 -7.32511501053578318e-01
+0.00000000000000000e+00 +0.00000000000000000e+00 +0.00000000000000000e+00 +3.82945235737307543e-01 -9.75016388941100792e-02 -1.40840165701857895e-01 -1.94404858088777527e-01 -8.83044330345585049e-01 +8.03111845270237518e-02
+0.00000000000000000e+00 +0.00000000000000000e+00 +0.00000000000000000e+00 -4.75407540923065836e-02 -4.39509962841859059e-01 +7.71983894705188578e-01 +3.23119493979176428e-02 -8.76592923718443745e-02 -4.47083350132684854e-01
+0.00000000000000000e+00 +0.00000000000000000e+00 +0.00000000000000000e+00 +1.94912135207745668e-01 -4.29146604248848318e-01 -3.60648240354742189e-01 -3.46266189302071925e-01 -1.26631053726739079e-01 -7.15429661614435219e-01
+0.00000000000000000e+00 +0.00000000000000000e+00 +0.00000000000000000e+00 +8.03473703563978070e-01 +2.83159793266852644e-01 -7.12443919962959756e-04 +2.47401286083128863e-01 -1.61491396958079209e-01 +4.32392372660365842e-01
+0.00000000000000000e+00 +0.00000000000000000e+00 +0.00000000000000000e+00 +6.18330096577913491e-01 -4.33798041139137169e-01 +3.18413521842024372e-01 -5.32333815754093886e-01 -2.01373194447646980e-02 -2.10511703352142560e-01
+0.00000000000000000e+00 +0.00000000000000000e+00 +0.00000000000000000e+00 -3.57983025629468543e-01 +1.62335393896833935e-01 +3.05553333029942142e-01 -4.20482976938942654e-01 +6.34239751755569681e-01 +4.16012664856999448e-01
+0.00000000000000000e+00 +0.00000000000000000e+00 +0.00000000000000000e+00 -5.65250180996773266e-01 +2.97359133556896249e-01 +4.68339559860474597e-01 +1.95494030939961899e-01 -3.05599104566160906e-01 -4.91038803352962738e-01
+0.00000000000000000e+00 +0.00000000000000000e+00 +0.00000000000000000e+00 -2.29889386643547133e-01 +2.00613082141025439e-01 -8.27324964008287256e-01 -7.62793048872314767e-03 +1.20647788615227000e-01 -4.55877824520926789e-01
+0.00000000000000000e+00 +0.00000000000000000e+00 +0.00000000000000000e+00 +1.88865276173067059e-01 -6.03571688851652494e-02 +2.95769513704863651e-01 +5.61014422003384486e-02 +8.54790536360464315e-01 +3.73353828846925306e-01
+0.00000000000000000e+00 +0.00000000000000000e+00 +0.00000000000000000e+00 -1.37835752183503774e-01 +4.00601456788437005e-01 -1.31022560794465587e-01 -8.20444962916306642e-01 -1.13714070155231273e-01 +3.42479254664924015e-01
+0.00000000000000000e+00 +0.00000000000000000e+00 +0.00000000000000000e+00 -2.77711051967533207e-01 -2.89685323796485428e-01 +7.13677355409160913e-02 +1.88131702241738724e-01 -5.49334144490700838e-01 +7.04772368516295544e-01
+0.00000000000000000e+00 +0.00000000000000000e+00 +0.00000000000000000e+00 +3.23769459579215796e-02 -5.52704134958675875e-01 -7.72102965250022311e-01 -8.20715073229320996e-02 -2.25825066177662320e-01 -1.98982890706057541e-01
+0.00000000000000000e+00 +0.00000000000000000e+00 +0.00000000000000000e+00 -8.37206462917455124e-02 +4.02573873565259754e-01 -2.94947669200320672e-01 -1.46486700631798084e-01 -8.47454874733354124e-01 -6.55201035495066586e-02
+0.00000000000000000e+00 +0.00000000000000000e+00 +0.00000000000000000e+00 +5.42433917352299844e-01 +3.28628727204397342e-01 -5.95126943433357813e-01 -3.18590507931540090e-01 -3.61565049977675967e-01 -1.06598916749136241e-01
+0.00000000000000000e+00 +0.00000000000000000e+00 +0.00000000000000000e+00 +4.53538255771932311e-03 +3.80489451201518836e-01 -1.69863738868313074e-01 -3.50816558296031145e-01 -1.67873216581801488e-01 +8.21644596907267766e-01
+0.00000000000000000e+00 +0.00000000000000000e+00 +0.00000000000000000e+00 +2.36981758608845350e-01 +3.21308663376805637e-01 +6.90859054167960340e-01 +6.32693584332662540e-02 +1.21030143056119824e-01 +5.87079934042272322e-01
+0.00000000000000000e+00 +0.00000000000000000e+00 +0.00000000000000000e+00 +3.07150162904546109e-01 -5.88263406120714372e-01 -3.52951323095603509e-01 +6.29605014578591859e-01 -1.95709298671100596e-01 +1.80472159400339449e-02
+0.00000000000000000e+00 +0.00000000000000000e+00 +0.00000000000000000e+00 +3.05757624833240205e-01 -2.52683939331827312e-01 +6.66790854721239112e-01 +6.06315817382858668e-01 +1.44686925026870111e-01 +9.74673331831198281e-02
+0.00000000000000000e+00 +0.00000000000000000e+00 +0.00000000000000000e+00 -4.16297975452426083e-01 -4.76118898253758804e-01 +2.16400401468653664e-02 -4.39514856822108668e-01 -2.73050160151348253e-01 +5.76028471254889096e-01
+0.00000000000000000e+00 +0.00000000000000000e+00 +0.00000000000000000e+00 -4.97913319378029740e-01 +1.24710154820583344e-02 -6.42351466952397476e-02 +3.97178054935378055e-01 -7.31297772233548526e-01 -2.35061283693930367e-01
+0.00000000000000000e+00 +0.00000000000000000e+00 +0.00000000000000000e+00 +2.61459102771479102e-01 +5.55714283320248165e-02 -8.65217067626552927e-01 +4.11107225382769115e-01 -6.53070363632154149e-02 -8.17081394863178878e-02
+0.00000000000000000e+00 +0.00000000000000000e+00 +0.00000000000000000e+00 -6.35904642004645915e-01 -3.10512352089171717e-01 -2.99835646831274893e-01 +5.93805864450046350e-01 -2.31640386601945247e-01 +5.51659043785099890e-02
+0.00000000000000000e+00 +0.00000000000000000e+00 +0.00000000000000000e+00 -2.07944772121473470e-01 +2.56956334557081389e-01 -8.09972093586230235e-01 -1.27352800188888421e-01 -3.78015110417304567e-01 +2.74888090084162984e-01
+0.00000000000000000e+00 +0.00000000000000000e+00 +0.00000000000000000e+00 +4.48850994505156808e-01 -7.02687987070561126e-01 -2.73272280639027088e-01 +1.21451661737741815e-01 +8.83986121150506510e-02 +4.55543430893337875e-01
+0.00000000000000000e+00 +0.00000000000000000e+00 +0.00000000000000000e+00 +3.47979781258781554e-02 +4.45491217602123790e-01 +4.57071080666402396e-01 +3.72720470521550495e-01 +6.56989307074871243e-01 +1.44420234799871705e-01
+0.00000000000000000e+00 +0.00000000000000000e+00 +0.00000000000000000e+00 -7.76208404506169014e-01 +2.56766136488381036e-01 +1.46116387667370978e-01 -2.13554847221413380e-01 +6.89783666627631076e-02 +5.09762667662739477e-01
+0.00000000000000000e+00 +0.00000000000000000e+00 +0.00000000000000000e+00 -2.45502204360992848e-01 -3.79161430456552317e-01 -3.09308810602471229e-01 -9.64327412406170044e-03 +7.88415522561978666e-01 +2.80359248178491782e-01
+0.00000000000000000e+00 +0.00000000000000000e+00 +0.00000000000000000e+00 +5.35367018738997280e-01 -1.11552258735326426e-01 -5.90517713571942826e-01 -1.84599497347935515e-01 -2.54571978483595640e-01 +5.03332109173622255e-01
+0.00000000000000000e+00 +0.00000000000000000e+00 +0.00000000000000000e+00 +5.66571423428860244e-01 -4.11648635104798599e-01 -2.44893451610634666e-01 +1.81617265990678345e-01 -4.87081915223956163e-01 -4.23480574860542358e-01
+0.00000000000000000e+00 +0.00000000000000000e+00 +0.00000000000000000e+00 +2.91308088653312258e-01 +4.62727735624095970e-01 -5.97017014271129381e-02 -1.61252869377154606e-01 -5.06733473806672330e-01 -6.43954226368237737e-01
+0.00000000000000000e+00 +0.00000000000000000e+00 +0.00000000000000000e+00 +3.79884074271368111e-01 +6.91058024138920812e-01 -2.17381359461206569e-01 -3.45943583215916617e-01 -4.02225692342565944e-01 +2.22283088871532752e-01
+0.00000000000000000e+00 +0.00000000000000000e+00 +0.00000000000000000e+00 +3.60224492366338134e-01 -6.28440326443634178e-02 -4.29487971963380011e-01 -3.40824272952412910e-01 +4.86493863725516507e-01 +5.73577858815234376e-01
+0.00000000000000000e+00 +0.00000000000000000e+00 +0.00000000000000000e+00 +5.16265774466528216e-01 +6.76411660018687910e-01 +4.72091730442918300e-01 +1.29024070145283110e-01 -9.55686563876255168e-02 -1.65183944716365022e-01
+0.00000000000000000e+00 +0.00000000000000000e+00 +0.00000000000000000e+00 +7.04880789569889199e-01 +3.19788606946686815e-01 +1.95742340728603664e-01 +1.88755562455889786e-01 +4.94966755668976466e-01 -2.86256010998900801e-01
+0.00000000000000000e+00 +0.00000000000000000e+00 +0.00000000000000000e+00 +2.20620603663522707e-01 +5.69626389244957010e-01 -4.71554140535848446e-02 +1.59976860683626147e-02 +4.18868003196988470e-01 +6.70016688432875096e-01
+0.00000000000000000e+00 +0.00000000000000000e+00 +0.00000000000000000e+00 +1.13489463717410963e-01 -1.96214014467963604e-02 +3.16525357722681033e-01 +1.86697790870716529e-02 +8.57920246541438725e-01 -3.87519199617314569e-01
+0.00000000000000000e+00 +0.00000000000000000e+00 +0.00000000000000000e+00 -2.48914235556923324e-01 -6.26590260579512615e-01 -4.43582611685939959e-02 -1.17398471881932517e-01 -6.76798282154097097e-01 -2.67619837499315838e-01
+0.00000000000000000e+00 +0.00000000000000000e+00 +0.00000000000000000e+00 +1.06090609580874753e-01 +8.12817825219108836e-01 +3.54606764885843861e-01 -3.60827591792474145e-01 +2.31502847493517405e-01 +1.36146569790317307e-01
+0.00000000000000000e+00 +0.00000000000000000e+00 +0.00000000000000000e+00 +2.50386193120677891e-01 +2.06287244378840523e-01 +3.09997132704777467e-01 -1.77583809135530735e-01 +5.20389420467556596e-02 -8.74305463816568817e-01
+0.00000000000000000e+00 +0.00000000000000000e+00 +0.00000000000000000e+00 -4.14386527080694345e-01 -5.37772859486133958e-01 +6.16544382564047977e-01 -2.08893447922679582e-01 -2.75978454512345095e-01 +1.97880272293064124e-01
+0.00000000000000000e+00 +0.00000000000000000e+00 +0.00000000000000000e+00 -3.55966464531757176e-01 -8.54518007550766567e-01 -1.00298787566243136e-01 +1.29858382406139977e-01 +3.40790269246879995e-01 -5.07907653719776378e-03
+0.00000000000000000e+00 +0.00000000000000000e+00 +0.00000000000000000e+00 +5.32656296933719076e-01 -1.45105309150077938e-01 +4.98652946711242218e-01 +2.58754618223223931e-01 +6.15831456211798578e-01 +1.90950888377779231e-02
+0.00000000000000000e+00 +0.00000000000000000e+00 +0.00000000000000000e+00 -4.00776841473445444e-01 -3.92966687261446457e-01 +3.54880109940047817e-01 +4.69461402691678464e-01 -4.94156402827870045e-01 +3.07295711875799404e-01
+0.00000000000000000e+00 +0.00000000000000000e+00 +0.00000000000000000e+00 -7.25645783212869211e-01 +1.63598068191063900e-01 -3.41435223519825637e-01 -1.68979671261599157e-01 +4.41420204655369353e-01 -3.26634246752899482e-01
+0.00000000000000000e+00 +0.00000000000000000e+00 +0.00000000000000000e+00 +3.23943763179862176e-01 +5.60389031497005363e-01 -7.03631288832602730e-01 +9.02285736448188436e-02 -1.64176995649613217e-01 -2.25460195262880803e-01
+0.00000000000000000e+00 +0.00000000000000000e+00 +0.00000000000000000e+00 -6.01399890972741824e-01 +5.60271200206927389e-02 -5.22945698534417303e-01 +4.17761585612091257e-01 +1.75938055601513937e-03 +4.32641990000325660e-01
+0.00000000000000000e+00 +0.00000000000000000e+00 +0.00000000000000000e+00 -5.35619781977209497e-01 +3.33115776298710142e-01 +7.69077432683073180e-03 +2.57591294132908322e-01 +1.25619291720640652e-01 +7.21077457323681781e-01
+0.00000000000000000e+00 +0.00000000000000000e+00 +0.00000000000000000e+00 +1.18341693235859177e-01 +6.29216566949193590e-01 +7.17334657768977313e-01 +1.42510906239667612e-01 +2.21013580584312364e-01 +7.97269282128409695e-02
+0.00000000000000000e+00 +0.00000000000000000e+00 +0.00000000000000000e+00 +1.19363834651827122e-01 +5.57151088823937823e-01 +3.91469004057469983e-01 +1.94622852215353054e-01 -4.17837994227518272e-01 -5.56435363755081513e-01
+0.00000000000000000e+00 +0.00000000000000000e+00 +0.00000000000000000e+00 -5.69195389211379799e-01 +1.03638168949692251e-02 +5.20315479821588545e-01 +1.70359112492624615e-01 +4.64348385461303803e-01 +4.00673622001884555e-01
+0.00000000000000000e+00 +0.00000000000000000e+00 +0.00000000000000000e+00 +8.41703627122850739e-01 +1.55352158608071417e-01 -4.13743537582249576e-01 +2.65432877042352071e-02 -2.63656105656224216e-01 +1.61238667325860785e-01
+0.00000000000000000e+00 +0.00000000000000000e+00 +0.00000000000000000e+00 +4.20093197103656280e-01 -3.69475593075783926e-01 +2.88972434523449562e-01 -1.07121422514736123e-01 -6.76747492116127614e-01 -3.66117818068266432e-01
+0.00000000000000000e+00 +0.00000000000000000e+00 +0.00000000000000000e+00 +7.83127516210247010e-01 +1.35333174606540568e-01 +4.42476802030892180e-01 -2.86203439465973486e-01 -1.23244227629950881e-01 +2.74788930751482918e-01
+0.00000000000000000e+00 +0.00000000000000000e+00 +0.00000000000000000e+00 -1.85996069618620752e-01 -2.98039595852830595e-02 +6.70174398001283783e-02 -2.41937811811592324e-01 -9.01190556358487216e-01 -2.98910563861833067e-01
+0.00000000000000000e+00 +0.00000000000000000e+00 +0.00000000000000000e+00 -6.88073483777368183e-02 -7.78646722832509575e-01 -3.32541055422977294e-01 -2.83244380875134538e-01 -1.79975487804403284e-01 +4.07151962763068254e-01
+0.00000000000000000e+00 +0.00000000000000000e+00 +0.00000000000000000e+00 +3.86458183875799832e-01 -3.73540302795072748e-02 +3.58793962154755730e-01 -8.39125683929667021e-01 -1.02494636847022563e-01 -7.67109982059525075e-02
+0.00000000000000000e+00 +0.00000000000000000e+00 +0.00000000000000000e+00 -2.55696458355194001e-01 +2.51541637478722824e-01 -1.90182705132684255e-03 +2.89908459349807135e-01 -3.88433926708247335e-01 -7.97756027011036317e-01
+0.00000000000000000e+00 +0.00000000000000000e+00 +0.00000000000000000e+00 -1.61146423227938068e-01 -5.22699487449014510e-01 +5.17037035545920398e-01 -3.23759747617799520e-01 -4.18305272474639833e-01 -3.92033295547256688e-01
+0.00000000000000000e+00 +0.00000000000000000e+00 +0.00000000000000000e+00 -2.93434819325570431e-02 +3.87667398660671181e-01 -3.82609947268526540e-01 -8.48559331844390002e-02 +2.59214285873644312e-01 -7.92508675622754399e-01
+0.00000000000000000e+00 +0.00000000000000000e+00 +0.00000000000000000e+00 -1.35511676485213783e-01 +2.95052037585757543e-01 +5.15585780671122040e-01 -2.97132260228291478e-01 +7.33832214433134178e-01 -4.42140748427311825e-02
+0.00000000000000000e+00 +0.00000000000000000e+00 +0.00000000000000000e+00 +5.82870412216137779e-01 -2.27053261756554020e-01 -5.47151292197284089e-01 -4.57995949392465296e-01 +3.12123506968057185e-01 +4.64003132920162153e-02
+0.00000000000000000e+00 +0.00000000000000000e+00 +0.00000000000000000e+00 -4.49699616180063044e-01 -4.96187487317455933e-01 +2.55204883960401196e-01 +1.50664947152648904e-02 +5.47955395312829996e-01 -4.31226837435249144e-01
+0.00000000000000000e+00 +0.00000000000000000e+00 +0.00000000000000000e+00 +5.71921010018878406e-01 -2.62851512018893507e-01 -1.21596475169592724e-01 -5.46918532626760379e-01 -2.41609816639301117e-01 -4.81180375044133302e-01
+0.00000000000000000e+00 +0.00000000000000000e+00 +0.00000000000000000e+00 +5.29323312966549553e-01 +3.83756447105569887e-01 +4.72397651231986349e-01 +4.83936862212491492e-01 -3.39296472037027230e-01 +8.44370894119460778e-03
+0.00000000000000000e+00 +0.00000000000000000e+00 +0.00000000000000000e+00 +2.65255982358618414e-01 -3.01450090716446240e-01 +7.90170968047563815e-01 -4.06566903323489048e-01 +5.46090879527533074e-02 -2.14751364418724694e-01
+0.00000000000000000e+00 +0.00000000000000000e+00 +0.00000000000000000e+00 +1.11845058275044235e-01 +1.46595761568505852e-02 -6.51924059824916302e-01 -1.01222722892187644e-01 +7.34879846472484277e-01 +1.09436609992368650e-01
+0.00000000000000000e+00 +0.00000000000000000e+00 +0.00000000000000000e+00 -6.13332226247492285e-01 +1.54575199494769638e-01 -5.04429645738717292e-01 -7.25033545074598856e-02 -5.45935519358745180e-01 -2.05374031306351235e-01
+0.00000000000000000e+00 +0.00000000000000000e+00 +0.00000000000000000e+00 +4.26322872989104429e-01 -4.77196036597383799e-01 +6.30080825547611911e-01 +3.22569046858207475e-01 -1.27378865117033280e-01 -2.70656126163418387e-01
+0.00000000000000000e+00 +0.00000000000000000e+00 +0.00000000000000000e+00 -6.13259079505601656e-01 +7.88774475786938045e-02 +2.68887581723575575e-01 +4.98761042185055070e-01 +9.30826198169540237e-02 -5.36622927900728408e-01
+0.00000000000000000e+00 +0.00000000000000000e+00 +0.00000000000000000e+00 +3.07675978762028790e-01 +3.38246483854412805e-01 -5.94172762250875230e-01 +1.16640791051097585e-02 -6.37678452783473682e-01 +1.76390694103810253e-01
+0.00000000000000000e+00 +0.00000000000000000e+00 +0.00000000000000000e+00 -8.63842817537359364e-01 -3.47420362054051413e-01 -1.40317319319838346e-01 -8.92083551704528355e-03 +8.06801500856856729e-02 +3.26797889518999241e-01
+0.00000000000000000e+00 +0.00000000000000000e+00 +0.00000000000000000e+00 -6.34495009172215907e-01 +1.69650280326837849e-01 +7.16154494029371397e-02 +7.33237318082835876e-01 -6.88980915888722512e-02 +1.45334722188098703e-01
+0.00000000000000000e+00 +0.00000000000000000e+00 +0.00000000000000000e+00 +8.10898556805716653e-01 -5.88629631834276384e-02 +8.45667543499148411e-03 -5.24241796089602863e-01 +2.48837774623533903e-01 -4.64485514242816769e-02
+0.00000000000000000e+00 +0.00000000000000000e+00 +0.00000000000000000e+00 +9.31895312706324114e-02 +5.63046319311997001e-01 +2.94242128439126671e-01 +5.89770383304821788e-01 +1.88045399877204283e-01 +4.52245448826067431e-01
+0.00000000000000000e+00 +0.00000000000000000e+00 +0.00000000000000000e+00 -1.60185317637470709e-01 +2.61964537986276412e-02 +3.93453074289427107e-02 +6.13396696537014563e-01 -2.25165605369345323e-01 +7.38343618812551838e-01
+0.00000000000000000e+00 +0.00000000000000000e+00 +0.00000000000000000e+00 -4.65088817613682537e-01 +1.25736052385619301e-01 +5.92260399216725485e-03 -4.71262551112224037e-01 -3.63958826932704094e-01 +6.42878946490011982e-01
+0.00000000000000000e+00 +0.00000000000000000e+00 +0.00000000000000000e+00 +3.74100683302180437e-01 +2.64162491640618224e-01 +7.91690562896397387e-01 +6.46245698508152513e-03 -3.05872427761077703e-01 +2.64373228540840999e-01
+0.00000000000000000e+00 +0.00000000000000000e+00 +0.00000000000000000e+00 -5.81336634331508062e-01 +2.53048020507159743e-01 +8.12040710964786611e-02 -7.41143646571888026e-01 -1.32001133432223222e-01 -1.57169054389257518e-01
+0.00000000000000000e+00 +0.00000000000000000e+00 +0.00000000000000000e+00 -2.96693642735872343e-01 -1.67323910486819299e-01 +6.85553829597446263e-01 -6.40712029660858384e-01 -4.99412520041735281e-02 +3.13927453388858496e-02
+0.00000000000000000e+00 +0.00000000000000000e+00 +0.00000000000000000e+00 -4.52355618078846222e-01 +3.43548219313052627e-01 -4.96740597186839106e-01 -3.85019333544931286e-01 -8.03312918145644567e-02 -5.25266400274963852e-01
+0.00000000000000000e+00 +0.00000000000000000e+00 +0.00000000000000000e+00 +2.71629675226968993e-02 -7.37686195257334809e-01 -1.23794698024309049e-01 -2.89024338425734439e-01 +3.62815367306240644e-01 -4.73905121630050052e-01
+0.00000000000000000e+00 +0.00000000000000000e+00 +0.00000000000000000e+00 -7.24036898018496494e-02 +5.40948590892624370e-01 -8.34264750085014078e-02 +7.04841427945226084e-01 +4.44301385875022659e-01 +3.10996936268926744e-02
+0.00000000000000000e+00 +0.00000000000000000e+00 +0.00000000000000000e+00 +3.30590372159288437e-02 -7.28410295869088981e-02 -7.34685814115660779e-02 -6.27038950966278957e-02 -3.91506207593679101e-01 +9.11589141536785275e-01
+0.00000000000000000e+00 +0.00000000000000000e+00 +0.00000000000000000e+00 +4.96888534437459506e-01 +5.57018198911465756e-01 +1.60044404959841680e-01 -2.48674381595307775e-01 +5.13031514096355834e-01 -3.03608327206719486e-01
+0.00000000000000000e+00 +0.00000000000000000e+00 +0.00000000000000000e+00 -1.67578112485880920e-02 -8.46607244209027332e-01 +2.82079880291826901e-01 +1.24596594003247171e-01 -3.82289321523737846e-01 -2.04295996928995027e-01
+0.00000000000000000e+00 +0.00000000000000000e+00 +0.00000000000000000e+00 -2.72791898699158597e-01 +8.71952587738145969e-03 +2.83659045547160612e-03 -1.61388091728937394e-01 +5.69589331154149670e-01 -7.58302302060748223e-01
+0.00000000000000000e+00 +0.00000000000000000e+00 +0.00000000000000000e+00 -2.48197287032590530e-01 +6.90983854238999884e-01 -4.61057719285937265e-02 -4.26229577999948372e-01 +5.25748476676476617e-01 +2.70289436696560352e-02
+0.00000000000000000e+00 +0.00000000000000000e+00 +0.00000000000000000e+00 +7.68990571381158311e-02 +7.41941795327341058e-01 +2.69081755734007166e-01 +3.96457626531305507e-01 +1.61498850848698611e-01 -4.33524379508844704e-01
+0.00000000000000000e+00 +0.00000000000000000e+00 +0.00000000000000000e+00 -2.79367489246791112e-01 +3.04243068846884013e-01 -5.15650824614850498e-02 +8.17827080849043098e-01 +6.16235999964140982e-02 -3.92546049572186251e-01
+0.00000000000000000e+00 +0.00000000000000000e+00 +0.00000000000000000e+00 +7.27321990648197580e-01 +2.56624704176013074e-01 -1.96674083757111984e-01 -4.99821014240212844e-02 +4.97079193693182819e-01 +3.41876955407923899e-01
+0.00000000000000000e+00 +0.00000000000000000e+00 +0.00000000000000000e+00 -2.07118218571615914e-01 -1.61417994202268905e-01 +1.97828028117605775e-01 -1.19207664872950744e-01 -8.54666105964688033e-02 -9.32949804160559393e-01
+0.00000000000000000e+00 +0.00000000000000000e+00 +0.00000000000000000e+00 -2.34921471467386206e-01 +6.02105575940884874e-01 -1.47979343785087480e-01 -8.46105123109357898e-02 -3.34078055572162136e-01 -6.64541801144994060e-01
+0.00000000000000000e+00 +0.00000000000000000e+00 +0.00000000000000000e+00 -3.47201391902533074e-01 -5.92582815609093649e-01 -2.81288135399979489e-01 +2.85126041716073197e-01 -2.45982375498597389e-01 +5.54409231766875066e-01
+0.00000000000000000e+00 +0.00000000000000000e+00 +0.00000000000000000e+00 -6.16952882847474293e-01 +4.95590973401113744e-01 +3.86648307432480964e-01 +4.58936485377433243e-02 -3.06631417892972324e-01 +3.57956366578336127e-01
+0.00000000000000000e+00 +0.00000000000000000e+00 +0.00000000000000000e+00 -5.09370776570685191e-01 +5.53813141400480213e-01 -2.61159920912847288e-01 +2.04306786926238965e-01 -5.67371565491773699e-01 +4.44539715210557421e-02
+0.00000000000000000e+00 +0.00000000000000000e+00 +0.00000000000000000e+00 +1.44332038743866492e-01 -6.62690805904492586e-01 +1.57055535612323716e-01 -3.66150495026275835e-01 +4.96042998946586433e-02 +6.15480255994612091e-01
+0.00000000000000000e+00 +0.00000000000000000e+00 +0.00000000000000000e+00 +2.01475022728882847e-01 -3.82212283401827002e-01 -4.00644566744739750e-02 +1.36733956703891518e-01 -7.51428934713312624e-01 +4.77885766793960443e-01
+0.00000000000000000e+00 +0.00000000000000000e+00 +0.00000000000000000e+00 +7.90106863627575762e-01 -1.61078355385357169e-01 +9.65375954493720018e-02 +4.91550014243577194e-01 +9.70801241762243167e-02 +2.99030823038136884e-01
+0.00000000000000000e+00 +0.00000000000000000e+00 +0.00000000000000000e+00 +8.51872885647489420e-02 +5.39903855212468975e-01 -3.72931821924262330e-01 -5.19957461262658627e-01 -4.86591023292715086e-01 -2.34610791990029738e-01
+0.00000000000000000e+00 +0.00000000000000000e+00 +0.00000000000000000e+00 +4.21608174560765381e-01 -3.75469844467059444e-01 -4.89626731211630917e-01 -3.57626319954209626e-01 -5.44306988333636110e-01 +1.31787422956862077e-01
+0.00000000000000000e+00 +0.00000000000000000e+00 +0.00000000000000000e+00 -3.18113063178263211e-01 +7.98893631860136844e-01 -3.05588221754366895e-01 +3.53754242213183800e-01 +5.16085962467185758e-02 -1.98452441767002025e-01
+0.00000000000000000e+00 +0.00000000000000000e+00 +0.00000000000000000e+00 -3.20323170997363488e-02 +5.24677436653270268e-01 +2.79090835267222670e-01 -5.36663609478963743e-01 +2.47441498006750998e-01 -5.44573869298927038e-01
+0.00000000000000000e+00 +0.00000000000000000e+00 +0.00000000000000000e+00 +3.92980100895690895e-02 -2.00554290898497578e-01 -8.48124214849965252e-01 -1.30780202058477957e-01 -1.43361202604462418e-01 +4.48623520702689960e-01
+0.00000000000000000e+00 +0.00000000000000000e+00 +0.00000000000000000e+00 -4.84455103506241713e-01 -5.25893722066235525e-01 -5.18531339457321327e-01 -1.22707209028956460e-01 -4.47852774358244443e-01 -6.50778697455704769e-02
+0.00000000000000000e+00 +0.00000000000000000e+00 +0.00000000000000000e+00 -7.60025372931208421e-01 +5.72493188614529913e-01 +3.00467439887321698e-02 +1.04730412202510684e-01 +2.62305025315458462e-01 +1.18058414018529179e-01
+0.00000000000000000e+00 +0.00000000000000000e+00 +0.00000000000000000e+00 +4.95091384507090115e-01 +2.95963510394537832e-01 +3.69616266863917076e-01 +6.36182061045019176e-01 +2.95171664166229530e-01 -1.97027943828348595e-01
+0.00000000000000000e+00 +0.00000000000000000e+00 +0.00000000000000000e+00 +2.17598616012418783e-01 -1.90413554160886983e-01 -3.38292113611952605e-01 -5.53807855547678640e-01 -2.15443378292622473e-01 +6.69949980560340053e-01
+0.00000000000000000e+00 +0.00000000000000000e+00 +0.00000000000000000e+00 +5.73014212483260899e-01 +1.60540719674919952e-01 -7.51618707191576640e-01 -9.38354723186491518e-02 +1.78930150906145363e-01 +2.00323772552211454e-01
+0.00000000000000000e+00 +0.00000000000000000e+00 +0.00000000000000000e+00 -6.06313744771963203e-01 +3.27342121760783145e-01 -3.39418605858914313e-01 +4.44630381770878269e-01 +3.73949339946177628e-01 -2.69242461321834714e-01
+0.00000000000000000e+00 +0.00000000000000000e+00 +0.00000000000000000e+00 -2.65129644001600162e-01 +1.65159771161213442e-01 +5.91784322969789334e-01 -2.81212936646310030e-01 -1.79146639290583720e-01 -6.64112643188184082e-01
+0.00000000000000000e+00 +0.00000000000000000e+00 +0.00000000000000000e+00 +8.20242239894178049e-02 -6.99140210299291853e-01 +3.73082689377842502e-01 +4.79387256351482438e-01 +3.59812340769894989e-01 -7.75063725488370631e-02
+0.00000000000000000e+00 +0.00000000000000000e+00 +0.00000000000000000e+00 +2.93317519906762664e-02 -4.87435606333715077e-01 -7.80552641872428676e-01 +2.19991348033830969e-01 +2.65356832793182118e-01 -1.82957124347324640e-01
+0.00000000000000000e+00 +0.00000000000000000e+00 +0.00000000000000000e+00 -4.31815003361593397e-01 -7.54673548070852740e-01 +2.70287360539550714e-01 -3.42168810181013361e-01 +3.82524835661582838e-02 +2.28922769262628473e-01
+0.00000000000000000e+00 +0.00000000000000000e+00 +0.00000000000000000e+00 -2.27283484986999101e-01 -6.22012032086172728e-01 +1.41314808936636338e-01 -2.32785794685004710e-01 -6.39275020195061883e-01 +2.80377596314097421e-01
+0.00000000000000000e+00 +0.00000000000000000e+00 +0.00000000000000000e+00 -8.16307067032998268e-01 +6.56608056273367130e-02 +2.74611943524030788e-01 -9.28948010464130704e-03 +4.23681175751824568e-01 -2.72631029531205105e-01
+0.00000000000000000e+00 +0.00000000000000000e+00 +0.00000000000000000e+00 +2.46302831632823960e-01 +7.08702593621213017e-01 -3.64624952670232816e-01 +1.88374473038892043e-01 +4.60854759579449824e-01 -2.37175338715339884e-01
+0.00000000000000000e+00 +0.00000000000000000e+00 +0.00000000000000000e+00 +8.76446024560635695e-01 -2.05261531493496574e-01 +3.37595957741609498e-01 +1.50759542746319752e-01 +1.22417044247852505e-01 -1.94999145090092779e-01
+0.00000000000000000e+00 +0.00000000000000000e+00 +0.00000000000000000e+00 -6.44037186007224927e-01 -3.30504287599587721e-01 -6.06564336977315599e-01 +1.72762845733676257e-01 +8.46176204757185801e-02 -2.66562528245218977e-01
+0.00000000000000000e+00 +0.00000000000000000e+00 +0.00000000000000000e+00 +3.38555785171990795e-02 +6.43168971049064009e-02 -6.22267574385988231e-01 -6.49554625086393611e-01 +2.13405538289685059e-01 +3.74215269162023356e-01
+0.00000000000000000e+00 +0.00000000000000000e+00 +0.00000000000000000e+00 +8.47423066102675066e-02 -4.58023512857053325e-02 +1.30265422668420255e-01 +7.29609622606835040e-01 -6.60626433526293133e-01 +7.06705007052614437e-02
+0.00000000000000000e+00 +0.00000000000000000e+00 +0.00000000000000000e+00 +1.43674308516685417e-01 -2.16408233380141091e-01 -6.07562584133409911e-01 -3.14567989686838467e-01 +3.95386224738691061e-01 -5.55076201174161787e-01
+0.00000000000000000e+00 +0.00000000000000000e+00 +0.00000000000000000e+00 -5.94790068763593638e-01 +8.25589418930676444e-02 +2.69841906305053170e-01 -6.09999168141986625e-01 +4.31947610141620697e-01 -8.89742534353525766e-02
+0.00000000000000000e+00 +0.00000000000000000e+00 +0.00000000000000000e+00 -1.91805386780019543e-01 +9.08275754553889869e-01 +1.90597601513372433e-01 +2.74057965548163418e-02 +2.98636648365697144e-01 -1.09469064841067859e-01
+0.00000000000000000e+00 +0.00000000000000000e+00 +0.00000000000000000e+00 -2.45993570090696750e-01 +5.20239962231713426e-01 +1.87791650127270504e-01 +1.62897833511953805e-01 +6.33466736926316387e-01 +4.53603384421559119e-01
+0.00000000000000000e+00 +0.00000000000000000e+00 +0.00000000000000000e+00 -2.57869895318203812e-01 +2.90245778862047610e-01 +2.85405659754817964e-01 -2.48989664629235857e-01 +2.81091652806588821e-01 +7.91704328617407360e-01
+0.00000000000000000e+00 +0.00000000000000000e+00 +0.00000000000000000e+00 +4.61364228451040248e-01 -1.76070341983658424e-01 +4.35515042651499817e-01 -4.41164708993553312e-01 -5.75826715872432615e-01 +2.00664455821150362e-01
+0.00000000000000000e+00 +0.00000000000000000e+00 +0.00000000000000000e+00 +3.86500200535118188e-01 +3.42110212618977949e-01 -3.57669090100167231e-02 +2.81134487252313936e-01 -7.86177577557029772e-01 +1.87582361249450075e-01
+0.00000000000000000e+00 +0.00000000000000000e+00 +0.00000000000000000e+00 +3.99861997299710059e-01 -2.72346300694212728e-01 +9.18562969789361305e-02 +8.50081601005004184e-01 +1.86684473242193061e-01 +3.23657257536007865e-03
+0.00000000000000000e+00 +0.00000000000000000e+00 +0.00000000000000000e+00 -2.51484772327959585e-02 +7.71679868114799605e-01 +2.91935234568722113e-01 -3.23297549668303333e-02 -2.08105247785786464e-02 +5.63181376697354130e-01
+0.00000000000000000e+00 +0.00000000000000000e+00 +0.00000000000000000e+00 +3.46802356005619150e-01 +2.57409815129260644e-01 -2.27905186526740633e-01 +5.67359599538213910e-01 +1.93359695715339924e-01 +6.34226025784965564e-01
+0.00000000000000000e+00 +0.00000000000000000e+00 +0.00000000000000000e+00 +2.23312144343548152e-01 +1.13707315810121085e-01 +2.51901943693756347e-01 +1.73791714351736959e-01 +4.89495778130869086e-01 +7.77134522780960180e-01
+0.00000000000000000e+00 +0.00000000000000000e+00 +0.00000000000000000e+00 +3.01905867705428599e-01 +6.54658563234275181e-01 +2.84281623025364028e-01 -3.58620509063819481e-01 -5.18338347856835746e-01 -4.66439605842436100e-02
+0.00000000000000000e+00 +0.00000000000000000e+00 +0.00000000000000000e+00 -4.76320681810557478e-01 +1.13382001852841752e-01 -8.52931774062311687e-01 -1.27551356436573560e-01 +1.11155251909923564e-01 +6.43869550011259978e-02
+0.00000000000000000e+00 +0.00000000000000000e+00 +0.00000000000000000e+00 +6.33605983000859907e-01 -5.93875370817075643e-01 -2.93369118753209757e-01 +3.23621307639037015e-01 +1.35179954824731052e-01 -1.91795963096055927e-01
+0.00000000000000000e+00 +0.00000000000000000e+00 +0.00000000000000000e+00 -2.01686471012545082e-01 -2.32598686403794469e-01 -6.87798621004105160e-01 +6.05681750514970973e-01 -6.23063556037003752e-02 -2.47832626147350327e-01
+0.00000000000000000e+00 +0.00000000000000000e+00 +0.00000000000000000e+00 +5.04426508645094751e-01 -3.23207563373373197e-01 +5.44110689867239664e-02 +5.02080191516821150e-01 +1.36821672208606637e-01 -6.06073852947445868e-01
+0.00000000000000000e+00 +0.00000000000000000e+00 +0.00000000000000000e+00 +6.49814205173909087e-01 +4.24630665975712862e-01 -1.88211034960642398e-01 +5.90787864624671921e-01 +1.13492206452297864e-01 -9.80411510930659195e-03
+0.00000000000000000e+00 +0.00000000000000000e+00 +0.00000000000000000e+00 +3.04998414076925406e-01 +1.24712657951403932e-01 +4.67108767305280836e-01 +3.66740169094958851e-02 -8.14490272247139435e-01 -9.21560240152552862e-02
+0.00000000000000000e+00 +0.00000000000000000e+00 +0.00000000000000000e+00 -1.39137337262534161e-01 +5.75915687487841832e-01 -6.95050936251470963e-01 -2.26414457015745696e-01 +2.92056328070759763e-01 -1.71189115275890258e-01
+0.00000000000000000e+00 +0.00000000000000000e+00 +0.00000000000000000e+00 +2.19381177874527544e-01 -4.39839201059270379e-01 -2.50965033369225543e-01 +2.14814968409224705e-01 +7.07028454807881013e-01 -3.86516780322969877e-01
+0.00000000000000000e+00 +0.00000000000000000e+00 +0.00000000000000000e+00 +5.96347687717372676e-01 +2.28869988444149020e-01 -1.05701613105804018e-01 -4.36009990073431553e-01 -5.53114367946552887e-01 -2.91161325140892435e-01
+0.00000000000000000e+00 +0.00000000000000000e+00 +0.00000000000000000e+00 +2.87422200753428225e-01 +4.49213408425657046e-01 -1.00918940352201003e-01 +5.34392909371178892e-01 -4.66060529162227399e-01 -4.50136602881480941e-01
+0.00000000000000000e+00 +0.00000000000000000e+00 +0.00000000000000000e+00 -5.80772474982678366e-01 +2.04069283924745687e-01 +7.24979591765202991e-01 -2.63191814842692051e-01 +1.51545844425187842e-01 +5.68117665819512160e-02
+0.00000000000000000e+00 +0.00000000000000000e+00 +0.00000000000000000e+00 -6.76466238747880699e-01 -3.78973820671980099e-01 -3.88589242541804297e-02 +5.29726510661032046e-01 +3.41543620765409839e-01 -1.84669234797905799e-04
+0.00000000000000000e+00 +0.00000000000000000e+00 +0.00000000000000000e+00 -6.61678660682275543e-02 +4.55894973299036499e-01 -2.80275283312279966e-01 -4.08061933606907512e-01 -5.92445414456316377e-01 +4.37859842433106217e-01
+0.00000000000000000e+00 +0.00000000000000000e+00 +0.00000000000000000e+00 -3.90408128549715294e-01 -7.41355413974272154e-02 -3.65261787280587891e-01 +4.62452909462664985e-01 +5.51457268490611385e-01 +4.36693747350474559e-01
+0.00000000000000000e+00 +0.00000000000000000e+00 +0.00000000000000000e+00 -3.62544175461259388e-01 +8.57720753601325936e-02 +5.82724168728454117e-01 +6.79519795980415897e-01 +2.22987123572153945e-01 +1.00831565985133279e-01
+0.00000000000000000e+00 +0.00000000000000000e+00 +0.00000000000000000e+00 +4.88548603572201284e-02 -1.21303551240736787e-01 +5.47760088375966236e-01 +5.01466536531471108e-01 +5.63521518500608498e-01 +3.37390497175180382e-01
+0.00000000000000000e+00 +0.00000000000000000e+00 +0.00000000000000000e+00 -7.72209196757179472e-01 -1.56034988513779199e-01 -1.07551568730120742e-01 -2.65409757789502543e-01 -6.99825635320585060e-02 -5.40776109067722666e-01
+0.00000000000000000e+00 +0.00000000000000000e+00 +0.00000000000000000e+00 -7.12490537521323963e-01 -8.09243163656625381e-02 -1.24816030768538741e-01 +1.96555877187027550e-01 -5.37148320643483057e-01 +3.78241875259252736e-01
+0.00000000000000000e+00 +0.00000000000000000e+00 +0.00000000000000000e+00 +4.03052062801691924e-01 +5.26488913524096436e-01 +5.84902979178621774e-01 -4.46909460728383556e-01 +4.84375746799261750e-02 -1.27171926249791706e-01
+0.00000000000000000e+00 +0.00000000000000000e+00 +0.00000000000000000e+00 +5.95331358158973423e-01 +6.28665993300359438e-01 +2.59743266253981642e-01 +1.55765281191322935e-01 +1.47784966892944292e-01 +3.69851131175527592e-01
+0.00000000000000000e+00 +0.00000000000000000e+00 +0.00000000000000000e+00 -1.78611777121933907e-01 -3.75101994262551197e-01 +4.62707528030436466e-01 -3.16667744783839522e-01 +6.52039933475698885e-01 +2.96417838606396422e-01
+0.00000000000000000e+00 +0.00000000000000000e+00 +0.00000000000000000e+00 +9.20942520822670252e-01 +3.09078554813589035e-01 +1.13924682236133806e-01 +3.28758419338077892e-03 -5.71194834911138150e-02 -2.00207501029318363e-01
+0.00000000000000000e+00 +0.00000000000000000e+00 +0.00000000000000000e+00 -5.29242302095340067e-01 +5.12928370417463864e-01 +5.67254951050455536e-01 +3.56075949208034537e-01 -6.49830969788918605e-02 -6.33719851755044916e-02
+0.00000000000000000e+00 +0.00000000000000000e+00 +0.00000000000000000e+00 +2.85992513880427679e-01 -5.94782997008904812e-03 +8.90136098803379738e-01 +1.59119074269667093e-01 +2.61923670061588065e-01 -1.78627383665362877e-01
+0.00000000000000000e+00 +0.00000000000000000e+00 +0.00000000000000000e+00 -5.49331992472838149e-01 -5.66540590114356868e-01 -2.04382335497954426e-01 -5.75155707154777374e-01 -5.51474285826663232e-02 -4.06036498742103902e-02
+0.00000000000000000e+00 +0.00000000000000000e+00 +0.00000000000000000e+00 +7.12946173263054872e-01 -3.67420133638390045e-01 -3.94186195847176513e-02 -7.63800593443006021e-02 -2.25576641427700925e-01 +5.46294460189290843e-01
+0.00000000000000000e+00 +0.00000000000000000e+00 +0.00000000000000000e+00 +3.10988881902257569e-02 +1.39008659516199229e-01 +2.49151334921767845e-02 -4.99764703527107446e-01 -4.99134251913147864e-01 -6.92956656315149910e-01
+0.00000000000000000e+00 +0.00000000000000000e+00 +0.00000000000000000e+00 -1.01894332245458547e-01 -4.07159786176205171e-02 +4.34346844301747304e-02 +4.87992325084666945e-01 +3.75837404390398255e-01 -7.78898528981446847e-01
+0.00000000000000000e+00 +0.00000000000000000e+00 +0.00000000000000000e+00 -4.52705668962321145e-02 -3.44700129172203662e-01 -2.35284677987509905e-01 -6.30066210310687436e-01 +6.30954949610752935e-01 +1.69369239274121813e-01
+0.00000000000000000e+00 +0.00000000000000000e+00 +0.00000000000000000e+00 +6.01874255719560325e-01 -4.35449396658797783e-01 +6.00617277572973896e-01 -1.86177595519725236e-01 +3.48627934915571522e-02 +2.26963824625869087e-01
+0.00000000000000000e+00 +0.00000000000000000e+00 +0.00000000000000000e+00 -4.15448852434981475e-01 +3.01653011338877564e-01 -4.68400477293505313e-01 -1.09752325499001505e-01 +6.80638072354981527e-01 +2.04193403762992748e-01
+0.00000000000000000e+00 +0.00000000000000000e+00 +0.00000000000000000e+00 +4.68131574289328056e-01 +3.70467224561496222e-01 +4.86053152991970994e-01 -1.10064487104492070e-01 +5.93162549149557794e-01 +2.08334337329410701e-01
+0.00000000000000000e+00 +0.00000000000000000e+00 +0.00000000000000000e+00 -2.43567794892479234e-01 +5.08058911496524379e-01 +2.00992120109013406e-01 +1.00659416994139231e-01 +6.82813145925048715e-01 -4.07169410585574376e-01
+0.00000000000000000e+00 +0.00000000000000000e+00 +0.00000000000000000e+00 +5.68516564637790212e-01 +1.85556752415315052e-01 -9.13595522872149568e-02 -3.88016491241810757e-01 -5.25412824758492047e-01 +4.55407076882981876e-01
+0.00000000000000000e+00 +0.00000000000000000e+00 +0.00000000000000000e+00 -4.32179575193362975e-01 -1.76892805303513867e-01 -4.40118805157280635e-01 -4.10352064425362872e-01 -5.02492337835811931e-01 +4.09069457675109716e-01
+0.00000000000000000e+00 +0.00000000000000000e+00 +0.00000000000000000e+00 +1.19248197558945904e-01 +2.43856065350713413e-01 -7.91823713870356882e-01 +3.52636898140155530e-01 +3.10707834901902680e-01 +2.80066335577534520e-01
+0.00000000000000000e+00 +0.00000000000000000e+00 +0.00000000000000000e+00 +9.56922226892587824e-02 +1.92044726147259093e-01 -1.91021966589544762e-01 -1.81516653408340417e-01 +8.79751883693336012e-01 -3.32506778321194518e-01
+0.00000000000000000e+00 +0.00000000000000000e+00 +0.00000000000000000e+00 -3.16075509293199719e-01 +4.45883891126404586e-01 -5.42371042112794743e-01 -2.87254509163205163e-01 +5.28417353797112996e-03 +5.69714318945845788e-01
+0.00000000000000000e+00 +0.00000000000000000e+00 +0.00000000000000000e+00 -7.53124138554704392e-01 -1.57004622074505606e-01 +4.45874259424588693e-01 -1.25694020093590930e-01 -2.58232528170664333e-01 +3.56183520201805492e-01
+0.00000000000000000e+00 +0.00000000000000000e+00 +0.00000000000000000e+00 +7.42326191618790376e-02 +2.36429981823857494e-01 +7.53104710493539442e-01 -4.73503871158275302e-01 +2.98164999341506476e-01 +2.41485805266866860e-01
+0.00000000000000000e+00 +0.00000000000000000e+00 +0.00000000000000000e+00 -2.40757375109000998e-01 -2.82529420620608929e-01 +1.80282888063006380e-01 +7.49033851579873899e-01 +2.83739330677840018e-01 +4.33764192274995353e-01
+0.00000000000000000e+00 +0.00000000000000000e+00 +0.00000000000000000e+00 -5.39651817513006060e-01 -7.73526982562236509e-01 -7.09993194760148022e-02 +3.16204831396918601e-02 -8.40454696044114352e-02 -3.11973594751222105e-01
+0.00000000000000000e+00 +0.00000000000000000e+00 +0.00000000000000000e+00 +9.52629566291975267e-03 -8.84162613468382097e-01 -3.07071963381445268e-01 +3.06718526742360553e-01 -1.22398537321552647e-01 +1.21716372585236376e-01
+0.00000000000000000e+00 +0.00000000000000000e+00 +0.00000000000000000e+00 +1.86629031734898559e-01 -1.27285944108800203e-01 -7.56376649418216473e-01 +4.47140997830881709e-02 -8.33473654773419920e-02 -6.06560898104611335e-01
+0.00000000000000000e+00 +0.00000000000000000e+00 +0.00000000000000000e+00 -7.25374919245447392e-01 -4.98986738914022759e-02 -1.52423827470087814e-01 -5.76146082359471401e-01 +1.43382864858314751e-01 +3.09201182953372400e-01
+0.00000000000000000e+00 +0.00000000000000000e+00 +0.00000000000000000e+00 +4.29904448719755583e-01 -2.39604834056412058e-02 +2.84714678156213041e-01 -5.84674571667128551e-01 +3.07929300472068290e-01 -5.44867693486205229e-01
+0.00000000000000000e+00 +0.00000000000000000e+00 +0.00000000000000000e+00 +1.83872347240312262e-01 -6.68025558874719594e-01 +9.55813687127801681e-02 +5.59953511408646132e-01 -3.41440373198720684e-02 +4.42812899927356340e-01
+0.00000000000000000e+00 +0.00000000000000000e+00 +0.00000000000000000e+00 +1.36810513844188186e-01 -3.80603008331552362e-01 -2.74082821449623371e-01 +1.58803973764461703e-01 -8.45933402205674034e-01 -1.43111206012056236e-01
+0.00000000000000000e+00 +0.00000000000000000e+00 +0.00000000000000000e+00 +3.78805012027459143e-01 +2.51935704442168618e-01 -3.84195392859376594e-01 +5.48142996744892863e-01 +9.64732454499134390e-02 -5.79362780844285274e-01
+0.00000000000000000e+00 +0.00000000000000000e+00 +0.00000000000000000e+00 -7.80832548849874214e-02 -2.32078424922529003e-01 +6.05299299320095741e-01 -2.15874009128756511e-01 -4.88405989887138181e-01 +5.37134405395602754e-01
+0.00000000000000000e+00 +0.00000000000000000e+00 +0.00000000000000000e+00 +5.93443020805841437e-01 -2.37037142889952673e-01 +1.09480330905867826e-01 -5.88821012135411770e-02 +5.78471534285001976e-01 -4.91483889126370033e-01
+0.00000000000000000e+00 +0.00000000000000000e+00 +0.00000000000000000e+00 -3.65648844584966271e-01 -3.50766471387694012e-01 -6.57787594060270875e-01 -2.05571897222637245e-02 +2.28152853480268147e-01 +5.08038348457909072e-01
+0.00000000000000000e+00 +0.00000000000000000e+00 +0.00000000000000000e+00 +3.83694793869782780e-01 +4.43037638772267484e-01 -4.73022759822998851e-01 -5.59144661668960596e-01 +1.65799512810352628e-01 -3.04324158352086371e-01
+0.00000000000000000e+00 +0.00000000000000000e+00 +0.00000000000000000e+00 +4.07909729859772252e-01 +7.49654704493771029e-01 -2.16724501785635376e-01 -2.59679904808224449e-01 +3.09861648406498269e-01 +2.47406694588993725e-01
+0.00000000000000000e+00 +0.00000000000000000e+00 +0.00000000000000000e+00 -1.62342999234225488e-01 +1.98209922236923297e-01 +9.70337987397786594e-02 +4.04893236239400878e-02 -8.95513691928848776e-01 +3.48364552543791617e-01
+0.00000000000000000e+00 +0.00000000000000000e+00 +0.00000000000000000e+00 -6.30442532754594720e-01 -3.20634247604247746e-01 +5.84661562995469564e-01 -2.91320532599319004e-02 -5.45797695840031516e-02 -3.92529134126299251e-01
+0.00000000000000000e+00 +0.00000000000000000e+00 +0.00000000000000000e+00 +5.26287487388481301e-01 +1.97382119690244190e-01 +1.83963047321111128e-01 +1.18377738907735550e-01 -4.48138368745606530e-01 +6.59831864988615568e-01
+0.00000000000000000e+00 +0.00000000000000000e+00 +0.00000000000000000e+00 -2.82414988239209686e-01 -3.17834868520582792e-01 -4.46195484809408377e-02 -4.11112978482340852e-01 +4.50352593277114188e-01 +6.67383343600710721e-01
+0.00000000000000000e+00 +0.00000000000000000e+00 +0.00000000000000000e+00 +1.23946442152138084e-01 +8.12796595404475380e-02 +3.55067733585931966e-01 +8.38213624094735987e-01 -1.23323817562791246e-01 -3.66260777851892538e-01
+0.00000000000000000e+00 +0.00000000000000000e+00 +0.00000000000000000e+00 -3.10878516294529825e-02 -7.51459566380141830e-02 -6.40029491831510366e-01 -3.49891915746001814e-01 -6.52736667152361671e-01 -1.87774787760075140e-01
+0.00000000000000000e+00 +0.00000000000000000e+00 +0.00000000000000000e+00 -6.63948010957827073e-01 +3.67709700877992485e-01 +1.32095944095238810e-01 -2.25841947595500497e-01 -5.44109604772288646e-01 -2.43830738176639250e-01
+0.00000000000000000e+00 +0.00000000000000000e+00 +0.00000000000000000e+00 +5.23790409998754147e-01 -1.48824727029801290e-01 -1.35617057278610925e-01 +7.72119404904304807e-02 +1.85055618145243184e-01 +8.03053893105261207e-01
+0.00000000000000000e+00 +0.00000000000000000e+00 +0.00000000000000000e+00 +7.33420181638317681e-01 -9.77352862497314206e-02 -4.96281943932428304e-01 +9.74878130386136466e-02 -4.59775983484401185e-02 -4.41167847732592433e-01
+0.00000000000000000e+00 +0.00000000000000000e+00 +0.00000000000000000e+00 -3.27785154428655523e-01 +7.96593339660841449e-01 -3.54726468429817421e-01 -3.05677206213169850e-01 -1.78388056998822875e-01 +8.30916545832107167e-02
+0.00000000000000000e+00 +0.00000000000000000e+00 +0.00000000000000000e+00 +5.48235896689726387e-01 +2.44741209863516246e-01 -3.50184397620761645e-01 -6.89728757481066101e-01 -1.06113150313693116e-01 +1.72986328570979286e-01
+0.00000000000000000e+00 +0.00000000000000000e+00 +0.00000000000000000e+00 -1.88986245044626189e-01 -4.00017941407334945e-02 -4.68738460105924293e-01 +7.95704952668749188e-01 -1.39643144192922813e-01 +3.00535742042972231e-01
+0.00000000000000000e+00 +0.00000000000000000e+00 +0.00000000000000000e+00 +5.60232508215569469e-01 -6.56828158580074484e-02 -4.76081721229269950e-01 +6.21337866162807728e-01 -2.62501003202181560e-01 +1.42821056195448319e-02
+0.00000000000000000e+00 +0.00000000000000000e+00 +0.00000000000000000e+00 -1.45310648979445678e-01 +3.91251826707741834e-01 +8.03512487708728518e-01 +1.16989044930589606e-01 -6.58321669109924457e-02 -4.02683740239396404e-01
+0.00000000000000000e+00 +0.00000000000000000e+00 +0.00000000000000000e+00 +4.98190560197404528e-02 -5.49217094163210406e-01 +1.62548329232224703e-01 +1.05075779511466752e-01 +8.09584054275665155e-01 -5.46756382922788109e-02
+0.00000000000000000e+00 +0.00000000000000000e+00 +0.00000000000000000e+00 +4.25919274916072912e-02 +1.02262506594541794e-01 +1.51833175685431643e-01 -8.72146074271882843e-01 +3.94078924815673415e-01 +2.20766891464943521e-01
+0.00000000000000000e+00 +0.00000000000000000e+00 +0.00000000000000000e+00 -1.09999946434167190e-01 +3.28226971035610215e-01 -3.69875742638330118e-01 +3.30446750378865284e-01 -7.35515897304739985e-01 -3.05254504066793553e-01
+0.00000000000000000e+00 +0.00000000000000000e+00 +0.00000000000000000e+00 +3.76773366472236526e-01 +6.17647422615157701e-03 +2.93979400743161257e-01 +1.80274938809575097e-01 -4.44477699816037464e-01 -7.35880638572215640e-01
+0.00000000000000000e+00 +0.00000000000000000e+00 +0.00000000000000000e+00 -5.96324931103676473e-02 +2.73150198420184953e-01 +4.75643897019682904e-01 -6.75983306896098091e-01 -3.60775353625066575e-01 -3.29368382075312049e-01
+0.00000000000000000e+00 +0.00000000000000000e+00 +0.00000000000000000e+00 +1.30770277675423152e-01 -5.27098497242821540e-01 -4.90535270529674938e-01 -4.05622191660672746e-02 +4.39527602820297736e-01 +5.19241417630370683e-01
+0.00000000000000000e+00 +0.00000000000000000e+00 +0.00000000000000000e+00 +3.78202571269208088e-01 +5.97315970036892199e-02 -3.85322605979760868e-01 -3.29705814624340413e-02 -5.99001576834677918e-01 -5.87393813751313609e-01
+0.00000000000000000e+00 +0.00000000000000000e+00 +0.00000000000000000e+00 +5.60466937743872573e-01 +2.33691943447860179e-01 +5.87848474699794954e-01 -1.04505083796761725e-01 -1.03051352602261406e-01 -5.13963193472225965e-01
+0.00000000000000000e+00 +0.00000000000000000e+00 +0.00000000000000000e+00 +5.46865392987177179e-01 +7.71007478746952857e-01 -1.22982308769635063e-01 +2.09623929665852748e-01 -2.14624179048219899e-01 +3.68148241644701973e-02
+0.00000000000000000e+00 +0.00000000000000000e+00 +0.00000000000000000e+00 -8.18764695259024539e-02 -7.27875064527186283e-02 -1.26905638174745067e-01 -6.03091562708647388e-01 -7.57793955424892807e-01 +1.84179449866068157e-01
+0.00000000000000000e+00 +0.00000000000000000e+00 +0.00000000000000000e+00 +6.54188358640397816e-01 +1.80488435963331612e-01 -3.70038146012994562e-01 -1.12913465922422612e-02 +5.53245749166413336e-01 -3.10362582988971347e-01
+0.00000000000000000e+00 +0.00000000000000000e+00 +0.00000000000000000e+00 -2.17247634273835949e-01 +5.86220060062697321e-02 +6.34302251511306703e-01 +3.24412254412083156e-01 +5.91613746985816258e-01 -3.02947921442914270e-01
+0.00000000000000000e+00 +0.00000000000000000e+00 +0.00000000000000000e+00 -2.67248165916824543e-01 +5.03959035572181469e-01 +1.71240174364783587e-01 +7.16832326319356450e-01 -3.61120238980133623e-01 +3.20015609819228955e-02
+0.00000000000000000e+00 +0.00000000000000000e+00 +0.00000000000000000e+00 +3.62147120243426712e-01 +6.18565145681944234e-02 +4.76666549505943338e-01 +6.04981889403007567e-01 -2.53629193461328527e-02 +5.20735894003452104e-01
+0.00000000000000000e+00 +0.00000000000000000e+00 +0.00000000000000000e+00 -1.01303655356303340e-01 +1.30980861980879770e-01 -5.68051978984945194e-01 +3.60050085493078542e-01 +5.63543879111416346e-01 -4.50200804786007491e-01
+0.00000000000000000e+00 +0.00000000000000000e+00 +0.00000000000000000e+00 -5.49575792944369881e-02 -2.30786594846499937e-01 +3.87697125509130103e-01 -6.85494367202979737e-01 -8.52649147082037984e-02 +5.62348217603648171e-01
+0.00000000000000000e+00 +0.00000000000000000e+00 +0.00000000000000000e+00 +2.87147751448566857e-01 -6.00300210579774562e-01 +7.32568203620477254e-02 -5.61721600914628083e-01 -4.80829514159005489e-01 +7.13518441659018454e-02
+0.00000000000000000e+00 +0.00000000000000000e+00 +0.00000000000000000e+00 -3.02464122822460213e-01 -5.75116635734070680e-01 +4.54699842914242369e-01 -5.20492370450792108e-01 +2.29928574040972417e-01 -2.17312921159621864e-01
+0.00000000000000000e+00 +0.00000000000000000e+00 +0.00000000000000000e+00 -6.80886495005477155e-01 -1.77455599394429175e-01 +1.47145358693209650e-02 -1.57871984709727659e-01 +6.43506561036429559e-01 +2.56246592062704559e-01
+0.00000000000000000e+00 +0.00000000000000000e+00 +0.00000000000000000e+00 -6.37087659453287936e-01 -1.13183561430843280e-01 -2.71501517878225407e-01 +4.87667798473157443e-01 -2.74448423511710393e-01 -4.40969276195363302e-01
+0.00000000000000000e+00 +0.00000000000000000e+00 +0.00000000000000000e+00 -2.69921309865824743e-01 +8.68632567310761855e-02 +8.54083040977152375e-01 +3.76463450228827282e-02 -3.19571467810487106e-02 +4.33244634936938711e-01
+0.00000000000000000e+00 +0.00000000000000000e+00 +0.00000000000000000e+00 -1.58937587646297812e-01 -4.87245225554401251e-01 +8.16189682157273833e-01 +2.77909691999118011e-02 +2.47961221425934741e-01 +9.43834246439085173e-02
+0.00000000000000000e+00 +0.00000000000000000e+00 +0.00000000000000000e+00 -3.94032625132050909e-02 +7.39003970343426908e-01 +2.74553927324846070e-01 +1.83325835341845433e-01 -5.84120280743063769e-01 +4.62146235658044968e-02
+0.00000000000000000e+00 +0.00000000000000000e+00 +0.00000000000000000e+00 -2.02157243045061580e-01 -3.28026184430057877e-01 +1.30388581279966942e-01 +3.60809639687578232e-01 -6.28322821099054685e-01 -5.56378401521051336e-01
+0.00000000000000000e+00 +0.00000000000000000e+00 +0.00000000000000000e+00 +9.82456691026562384e-02 +4.85783040422541890e-01 -1.76360344039465766e-01 -5.43965884892656404e-01 +3.62669329239102667e-01 +5.43904154141970353e-01
+0.00000000000000000e+00 +0.00000000000000000e+00 +0.00000000000000000e+00 +1.98374683518534045e-01 +9.08689041627301353e-01 -4.76594229003014722e-02 -2.01786675326770415e-01 -1.71277391261825229e-01 -2.50212875122965306e-01
+0.00000000000000000e+00 +0.00000000000000000e+00 +0.00000000000000000e+00 -2.36612573099587276e-01 +3.83861118221413625e-02 -4.81107602881908181e-01 +2.47181026203329518e-01 -5.64833272688410992e-01 +5.75275052013176302e-01
+0.00000000000000000e+00 +0.00000000000000000e+00 +0.00000000000000000e+00 -4.61382719526453114e-02 -3.98510632364381667e-01 +5.08133881837382173e-01 +3.21438898578747134e-01 +1.87436117771468402e-01 -6.65135497562624245e-01
+0.00000000000000000e+00 +0.00000000000000000e+00 +0.00000000000000000e+00 -1.32380016483398560e-01 -3.89784635871695928e-01 -1.17610059167220976e-01 +8.98307236695588651e-01 -7.14434239327141618e-02 -6.82003558202848303e-02
+0.00000000000000000e+00 +0.00000000000000000e+00 +0.00000000000000000e+00 -6.38166225034505374e-01 -2.93463275681067393e-01 +1.84515780330065382e-01 -3.69724868827413178e-01 -5.60210847621265384e-01 -1.48473665809629091e-01
+0.00000000000000000e+00 +0.00000000000000000e+00 +0.00000000000000000e+00 +3.12118685731542556e-01 -8.91785829081803261e-01 +2.75683639002085423e-01 -8.41996526417485569e-02 +9.62028104380433235e-02 +1.22286262562456158e-01
+0.00000000000000000e+00 +0.00000000000000000e+00 +0.00000000000000000e+00 +8.94441118088493275e-02 +6.03704183623145138e-02 -9.49555700063084651e-01 -2.45887983193656651e-01 -1.23950367370276510e-01 -1.04281072476840486e-01
+0.00000000000000000e+00 +0.00000000000000000e+00 +0.00000000000000000e+00 +1.80873566754997384e-01 +2.92205734092826519e-01 +3.78540076124412261e-01 -3.79488703085153867e-01 -1.56182490499287868e-01 +7.55118087766747936e-01
+0.00000000000000000e+00 +0.00000000000000000e+00 +0.00000000000000000e+00 -9.94963759761918060e-03 +8.47982751144409214e-02 -3.83055950774369935e-01 -6.99901692758514993e-02 +2.33695829087750384e-01 +8.86829200859647893e-01
+0.00000000000000000e+00 +0.00000000000000000e+00 +0.00000000000000000e+00 -3.91698385104891689e-01 +1.93094443593717469e-01 +4.50151911583419551e-01 +2.50631205486788022e-01 -7.23315774930323507e-01 -1.43695706374376564e-01
+0.00000000000000000e+00 +0.00000000000000000e+00 +0.00000000000000000e+00 +1.24365521587920774e-01 +1.19623945905626874e-01 -7.42583591403053189e-02 -3.29504318127864737e-01 +8.42150980797133353e-01 +3.83298388440962201e-01
+0.00000000000000000e+00 +0.00000000000000000e+00 +0.00000000000000000e+00 -1.70829235285630626e-01 -2.51587239489069081e-01 +6.33454873225148818e-01 +4.99030977118979646e-01 -3.41651391168726171e-01 -3.74831385656881066e-01
+0.00000000000000000e+00 +0.00000000000000000e+00 +0.00000000000000000e+00 +4.34584977688110385e-01 -1.63946972160446319e-01 -1.90661427439129672e-01 +2.69370465947710691e-01 +6.99493467523873425e-01 +4.31339713614061926e-01
+0.00000000000000000e+00 +0.00000000000000000e+00 +0.00000000000000000e+00 +2.59576902599661763e-01 -3.31739983500576208e-01 -2.08591339181777080e-01 +6.08539775046768150e-01 -4.72819347328162776e-01 -4.30324616052062348e-01
+0.00000000000000000e+00 +0.00000000000000000e+00 +0.00000000000000000e+00 -1.57349754817927179e-01 -3.74210593650845469e-01 +4.02130709512079007e-02 -7.90754316431421356e-01 -2.54181772353786084e-01 -3.79064153978000140e-01
+0.00000000000000000e+00 +0.00000000000000000e+00 +0.00000000000000000e+00 -1.24561791006434636e-01 +3.49002322450509661e-01 +4.03562637889057274e-01 +2.85500179499032503e-01 -4.14903391281089384e-01 +6.67954908549160065e-01
+0.00000000000000000e+00 +0.00000000000000000e+00 +0.00000000000000000e+00 +5.35887413628385767e-01 -9.45890499069633323e-02 +7.56103769273250848e-02 -5.05744034524541197e-01 +2.98819494727497192e-01 +5.94214223632292593e-01
+0.00000000000000000e+00 +0.00000000000000000e+00 +0.00000000000000000e+00 +3.53889763227165144e-01 +2.52461030682850696e-01 +4.33254063696295044e-02 +4.37539552787845565e-01 +7.84043329902116670e-01 -5.46220579500006492e-02
+0.00000000000000000e+00 +0.00000000000000000e+00 +0.00000000000000000e+00 -7.53266050121949582e-02 +2.84430601190083343e-01 -2.52908638195725399e-01 -7.66990116658470500e-01 +4.53315582210410239e-01 -2.35994703930895833e-01
+0.00000000000000000e+00 +0.00000000000000000e+00 +0.00000000000000000e+00 -3.48917386057477075e-01 +6.79371736861907216e-01 +4.64808564051541140e-01 -4.10636431859653483e-01 -1.74341440015743782e-01 -4.05768747836313878e-02
+0.00000000000000000e+00 +0.00000000000000000e+00 +0.00000000000000000e+00 +7.31931781528231129e-01 -4.96813806689426554e-02 +4.56634901109327987e-02 +2.63143668339207937e-01 -6.00831626048594414e-01 -1.71695195702772113e-01
+0.00000000000000000e+00 +0.00000000000000000e+00 +0.00000000000000000e+00 +7.20966436261632704e-01 -6.19569807316522780e-01 -2.41602127713941434e-02 -1.06929696482267286e-01 -2.71557008560730229e-01 -1.02857993741695908e-01
+0.00000000000000000e+00 +0.00000000000000000e+00 +0.00000000000000000e+00 +3.13842023910947898e-01 -6.31824709161643239e-01 +3.22138325982177509e-01 -2.64815795462187420e-01 -4.70790393924694073e-02 -5.71125011164190344e-01
+0.00000000000000000e+00 +0.00000000000000000e+00 +0.00000000000000000e+00 -2.82120107265584008e-01 -3.48326624287309927e-01 -2.88759428366744453e-01 -2.54516799317262121e-01 -4.25303525268265648e-01 -6.85589462198811561e-01
+0.00000000000000000e+00 +0.00000000000000000e+00 +0.00000000000000000e+00 -1.80079757685152109e-01 +2.86488534248104165e-01 +3.99297333017849865e-01 -5.55111663665112332e-01 -5.91901998028278364e-01 +2.59923654280146688e-01
+0.00000000000000000e+00 +0.00000000000000000e+00 +0.00000000000000000e+00 +3.66662271422372510e-01 +5.21091210620822420e-01 -4.31278199246517280e-01 -4.34180332234781197e-02 -9.92976702251677917e-02 +6.29505115835171325e-01
+0.00000000000000000e+00 +0.00000000000000000e+00 +0.00000000000000000e+00 +1.32920800033949738e-01 +4.06488254357715351e-01 -2.46352029041029041e-01 +7.88394683523817252e-01 -2.76330405150966685e-01 +2.41837482527838460e-01
+0.00000000000000000e+00 +0.00000000000000000e+00 +0.00000000000000000e+00 -2.57576624929493458e-01 +2.18335710780168724e-01 -4.71721128019404801e-01 -7.81603718303524930e-01 -2.25439502180079743e-01 -4.16609584509488665e-02
+0.00000000000000000e+00 +0.00000000000000000e+00 +0.00000000000000000e+00 +5.23168637530326053e-01 -4.75961806225370265e-01 -6.49360146736557287e-01 +1.47723651373496606e-01 -1.56194957735528772e-01 +1.78513846948914146e-01
+0.00000000000000000e+00 +0.00000000000000000e+00 +0.00000000000000000e+00 +3.22824443475206335e-01 -5.99265126993746344e-01 +7.62330235474838191e-02 -6.58830530003291281e-01 +3.09894149543656072e-01 +2.76072671428676600e-02
+0.00000000000000000e+00 +0.00000000000000000e+00 +0.00000000000000000e+00 +2.83983157533304331e-01 +5.57918729088224818e-01 +1.59402248994776008e-01 -7.31472240284524955e-01 -5.16131791629712497e-02 +2.12027409584778059e-01
+0.00000000000000000e+00 +0.00000000000000000e+00 +0.00000000000000000e+00 -5.79432106873268959e-01 -5.37223155906504379e-01 +4.80246752505074148e-01 +3.69115985203676111e-01 +2.00291991664361228e-02 +9.14603282219183106e-02
+0.00000000000000000e+00 +0.00000000000000000e+00 +0.00000000000000000e+00 +1.43806519723957166e-01 +6.26570249039133942e-02 -2.05570330916338112e-01 -6.94206856476456302e-01 +6.93043822551520083e-02 -6.68137982892253568e-01
+0.00000000000000000e+00 +0.00000000000000000e+00 +0.00000000000000000e+00 +5.55292697622406628e-01 +4.73367516431767055e-01 -9.76464564615770608e-02 -1.07613290454847993e-01 -3.39892111225877439e-02 -6.67309895880237480e-01
+0.00000000000000000e+00 +0.00000000000000000e+00 +0.00000000000000000e+00 +3.10564616587139353e-01 -3.53793756069696735e-02 -4.98957422851359300e-01 +6.59696463006082534e-01 +4.56888898065413496e-01 -9.69150164273349379e-02
+0.00000000000000000e+00 +0.00000000000000000e+00 +0.00000000000000000e+00 -1.25526449340667812e-01 -6.48015799753389188e-01 -3.97795384451671216e-02 +5.73623697257104159e-01 +1.06674293869469972e-01 -4.71500446531633643e-01
+0.00000000000000000e+00 +0.00000000000000000e+00 +0.00000000000000000e+00 +1.67165362482144891e-01 -7.41678718579370733e-01 -3.11097617121606718e-01 -4.39810231737241680e-02 -3.14261268616593703e-01 -4.73806096691479439e-01
+0.00000000000000000e+00 +0.00000000000000000e+00 +0.00000000000000000e+00 -4.12489753081007215e-01 -3.99604183693896997e-01 -3.69904806238055328e-01 +8.22992969439643451e-02 +6.97967424799091352e-01 -1.98513057357305178e-01
+0.00000000000000000e+00 +0.00000000000000000e+00 +0.00000000000000000e+00 -1.27372851859098968e-01 +4.39922422058318163e-01 -7.43235638587011138e-01 +3.77601041858638631e-01 -2.62553894863950754e-01 +1.62259391693736321e-01
+0.00000000000000000e+00 +0.00000000000000000e+00 +0.00000000000000000e+00 +5.11236564601815546e-01 -4.58456358575467404e-01 +2.34462372895635707e-01 +4.93696315962768084e-01 -4.12830180683727233e-01 +2.43551899014225914e-01
+0.00000000000000000e+00 +0.00000000000000000e+00 +0.00000000000000000e+00 +2.85164284210946029e-01 -7.50448523954746483e-01 -4.71704460149904470e-01 -3.40719791331021926e-01 +1.15681157874076998e-01 -5.94233934368133196e-02
+0.00000000000000000e+00 +0.00000000000000000e+00 +0.00000000000000000e+00 +6.31374777118007713e-01 -5.65795694242982039e-01 -4.33008453015400682e-02 -7.17876606833760950e-02 +5.01383735459663749e-01 +1.51086205795176010e-01
+0.00000000000000000e+00 +0.00000000000000000e+00 +0.00000000000000000e+00 -2.26390666182132799e-01 +2.78553111942878351e-01 -6.50275685241926471e-01 +4.18232648263207440e-01 -1.74175794985789528e-01 -4.92992096938180135e-01
+0.00000000000000000e+00 +0.00000000000000000e+00 +0.00000000000000000e+00 -7.65400588014001626e-02 -9.19990982362882403e-02 +8.09582646411916573e-01 -1.01427603419702389e-01 -5.57269451196821697e-01 -9.70408366534141337e-02
+0.00000000000000000e+00 +0.00000000000000000e+00 +0.00000000000000000e+00 -6.10368031858043780e-01 +4.77793907777335436e-01 +1.31616271277139124e-01 -6.88577676749120710e-02 +5.33470482425261877e-02 -6.11762784734688814e-01
+0.00000000000000000e+00 +0.00000000000000000e+00 +0.00000000000000000e+00 -3.40338190479160363e-01 -4.55077825978064510e-01 -1.34687208527837138e-01 +4.56400485136696232e-01 -6.70147104283256190e-01 +3.91778004893465620e-02
+0.00000000000000000e+00 +0.00000000000000000e+00 +0.00000000000000000e+00 +4.86742329359644149e-03 -3.45521215938370874e-01 -6.86632815372478889e-01 +3.59065472601657554e-01 -5.27513146437513125e-01 +4.39162965373596434e-02
+0.00000000000000000e+00 +0.00000000000000000e+00 +0.00000000000000000e+00 +3.21053812082189860e-01 -2.47512336830653434e-01 +2.66626009975227840e-01 -4.29078131272802754e-01 +7.54802506278300145e-01 -1.03623344127899406e-01
+0.00000000000000000e+00 +0.00000000000000000e+00 +0.00000000000000000e+00 -1.13843032159723200e-02 -3.58013170828446747e-01 +4.32203095931125769e-01 +2.10625148746627605e-01 -9.55897073451311002e-02 +7.94604999723970806e-01
+0.00000000000000000e+00 +0.00000000000000000e+00 +0.00000000000000000e+00 -4.02855821936828687e-02 -3.74601567535448265e-01 -6.05080183990338250e-01 -6.26599127554628099e-01 -9.91233651592618586e-02 -2.99126729392079072e-01
+0.00000000000000000e+00 +0.00000000000000000e+00 +0.00000000000000000e+00 -8.93171456286827870e-02 -6.00151190856371142e-01 +5.88227173983447288e-02 +1.77886642858011285e-01 +4.93787223320421687e-01 +5.94063467911058463e-01
+0.00000000000000000e+00 +0.00000000000000000e+00 +0.00000000000000000e+00 -2.46338104188067092e-01 +8.89616472013080445e-02 +4.92715142786419522e-02 +1.54217211195739057e-01 +9.40509597795887387e-01 +1.43646892962484701e-01
+0.00000000000000000e+00 +0.00000000000000000e+00 +0.00000000000000000e+00 +9.41518603264898842e-03 -7.89811430632703093e-02 +6.33666703642664753e-01 -1.97038427666490018e-01 +4.66698113674713977e-01 -5.79231016712857261e-01
+0.00000000000000000e+00 +0.00000000000000000e+00 +0.00000000000000000e+00 -2.76980445024316672e-02 -2.22258844503622349e-01 -1.02740007397880931e-01 -9.31406123245138384e-01 -1.42690954393013575e-01 +2.26716211079870278e-01
+0.00000000000000000e+00 +0.00000000000000000e+00 +0.00000000000000000e+00 -5.07207589277869464e-01 -3.05991432975445454e-01 +1.54995329826307954e-01 -1.06959892125061198e-02 +4.28559694448652356e-02 +7.89389076282606350e-01
+0.00000000000000000e+00 +0.00000000000000000e+00 +0.00000000000000000e+00 -1.97319290933596153e-01 -8.28415970423277276e-02 +3.96745621388951836e-02 +6.89423219386365305e-01 +6.70741264906030032e-01 -1.65620277946949918e-01
+0.00000000000000000e+00 +0.00000000000000000e+00 +0.00000000000000000e+00 -8.60478147554373102e-02 +6.14799461822854831e-01 -3.88612085632273119e-01 +3.19282600056352228e-01 +4.06023538986558685e-01 +4.43623206458772734e-01
+0.00000000000000000e+00 +0.00000000000000000e+00 +0.00000000000000000e+00 +2.76777713069035869e-01 +2.68686072479966176e-01 +3.03166435972459958e-01 +2.25012806314858760e-01 +3.86568911811400628e-01 -7.47813959162693553e-01
+0.00000000000000000e+00 +0.00000000000000000e+00 +0.00000000000000000e+00 +2.95053700669389241e-01 -1.92809197692724421e-01 +6.56871258623971777e-01 -8.41641334435589972e-02 +3.59177404969743708e-01 +5.55154093023766948e-01
+0.00000000000000000e+00 +0.00000000000000000e+00 +0.00000000000000000e+00 -8.64842749517583442e-01 -1.49391393926056881e-01 +1.89547111553949627e-01 +2.13675260405058492e-01 -3.36895956990766743e-01 -1.86131995592795668e-01
+0.00000000000000000e+00 +0.00000000000000000e+00 +0.00000000000000000e+00 +3.82047858044238409e-01 -2.21352425571964273e-01 -5.64357068370282267e-02 -4.03721670597293816e-02 +5.35666489270638368e-02 -8.92949187300514091e-01
+0.00000000000000000e+00 +0.00000000000000000e+00 +0.00000000000000000e+00 -5.10330180786868648e-01 +5.35183022946381537e-01 +1.24088557217882742e-01 -5.47586047563685674e-01 +1.13763414038463198e-01 +3.53485041600763050e-01
+0.00000000000000000e+00 +0.00000000000000000e+00 +0.00000000000000000e+00 +9.77377674402979263e-02 -5.84586013719909592e-01 +6.22903027029272915e-01 +2.33997582820303973e-01 -3.78197204761169248e-01 +2.50819349017801729e-01
+0.00000000000000000e+00 +0.00000000000000000e+00 +0.00000000000000000e+00 -8.07612100870868099e-02 +7.63639687413703139e-01 -2.21195719465566626e-01 +1.99761328072573491e-01 -2.78501352289555026e-01 +4.93899703403082091e-01
+0.00000000000000000e+00 +0.00000000000000000e+00 +0.00000000000000000e+00 -3.13517310757632783e-01 -2.26598693758889080e-01 -1.15476500548850006e-02 -6.49585437733361859e-01 +4.08998102451907486e-01 -5.10867782205702392e-01
+0.00000000000000000e+00 +0.00000000000000000e+00 +0.00000000000000000e+00 -1.49892329628288107e-01 -3.98835651709006811e-01 -4.03014949264194400e-01 +2.06139319788158748e-01 +1.48505681523263648e-02 -7.83152223119403246e-01
+0.00000000000000000e+00 +0.00000000000000000e+00 +0.00000000000000000e+00 +4.44770452502199903e-02 -1.79389673108794230e-02 +7.50765172928531954e-01 +5.82742293516615439e-01 -2.98462033127515958e-01 +7.33721687263296507e-02
+0.00000000000000000e+00 +0.00000000000000000e+00 +0.00000000000000000e+00 -3.79940913083986753e-01 -3.39328509363210962e-01 -5.97800901129475593e-01 -4.51798839792530271e-01 +4.12007733535842635e-01 -9.62423180093677083e-02
+0.00000000000000000e+00 +0.00000000000000000e+00 +0.00000000000000000e+00 +3.52330864942801247e-01 -1.50310696508262093e-01 -4.41635871535117241e-01 +4.05181951178733735e-01 -3.14143947734895679e-01 +6.28783412343078218e-01
+0.00000000000000000e+00 +0.00000000000000000e+00 +0.00000000000000000e+00 -8.72073368301110152e-01 +2.64833403045009130e-01 -3.52031125175945259e-01 -4.83011289934728721e-02 -8.56008399772291845e-02 +1.89116083324668643e-01
+0.00000000000000000e+00 +0.00000000000000000e+00 +0.00000000000000000e+00 +1.40627893668553688e-01 -4.18526316306073953e-01 -4.58212145970329832e-01 +5.52897067225191163e-01 +4.14527614965309543e-01 +3.42888957028122499e-01
+0.00000000000000000e+00 +0.00000000000000000e+00 +0.00000000000000000e+00 -8.36093840167219382e-02 -4.55216367148542633e-01 +4.88839259698662154e-01 -2.50585887286616238e-01 +6.20918828856925065e-01 -3.13831530005217407e-01
+0.00000000000000000e+00 +0.00000000000000000e+00 +0.00000000000000000e+00 +5.72629616955204201e-01 +2.88255067349061145e-01 +1.89283526722636736e-01 -6.48476687232186100e-01 -3.57167163947646471e-01 +7.13140067499346553e-02
+0.00000000000000000e+00 +0.00000000000000000e+00 +0.00000000000000000e+00 -1.37050067640060114e-01 +1.33974217618557129e-01 -9.02468999953648709e-01 +1.39132792074052880e-01 -3.09027334300047474e-01 -1.84287994511571102e-01
+0.00000000000000000e+00 +0.00000000000000000e+00 +0.00000000000000000e+00 -8.88711019445501571e-01 -4.45808531814631051e-02 -1.21986283932134631e-02 -4.11557291779045598e-01 +1.72788288284682567e-01 -9.39216052153136749e-02
+0.00000000000000000e+00 +0.00000000000000000e+00 +0.00000000000000000e+00 -7.00670978067544220e-02 +4.34143256334350021e-04 -5.27928226011974533e-01 +6.20086341150326570e-01 +2.45971363513259905e-01 +5.20934947334741438e-01
+0.00000000000000000e+00 +0.00000000000000000e+00 +0.00000000000000000e+00 -5.14400549940417395e-01 +1.61658062931280197e-02 -3.40469582918809965e-01 +2.98286249041517071e-01 +7.28081187961651333e-01 +1.15888482634504044e-02
+0.00000000000000000e+00 +0.00000000000000000e+00 +0.00000000000000000e+00 -4.31661534133778280e-01 +2.49166147223919207e-02 -8.70513903957474133e-02 +7.25996924905010887e-01 +1.83685393725507129e-01 +4.94628829376725365e-01
+0.00000000000000000e+00 +0.00000000000000000e+00 +0.00000000000000000e+00 +1.31490292737095560e-01 -5.82515243632129143e-01 +6.10850733337247376e-01 -1.78920790160073923e-01 -1.01484475789754003e-01 +4.77426358149227958e-01
+0.00000000000000000e+00 +0.00000000000000000e+00 +0.00000000000000000e+00 +1.31821951668748633e-01 +4.34946206332030516e-01 +1.10655848210421456e-02 +6.24652586721285763e-01 -6.34911816513237914e-01 -4.29588668985607641e-03
+0.00000000000000000e+00 +0.00000000000000000e+00 +0.00000000000000000e+00 -4.25588000557822338e-02 -1.63616507586837184e-01 -6.60444320923593509e-01 +5.63063033295757576e-01 +3.83427435288019924e-01 -2.66786634498251851e-01
+0.00000000000000000e+00 +0.00000000000000000e+00 +0.00000000000000000e+00 -5.26216834940818834e-01 +4.69127682558817760e-01 +1.59978262631778306e-01 -5.16411404714669620e-01 -3.83738535668755487e-01 +2.51964308763362732e-01
+0.00000000000000000e+00 +0.00000000000000000e+00 +0.00000000000000000e+00 +4.95844980337823704e-02 -2.34095924406505590e-01 -2.09673400366862633e-01 +6.08691120942628297e-02 +5.74508406128251603e-01 +7.51673189218845850e-01
+0.00000000000000000e+00 +0.00000000000000000e+00 +0.00000000000000000e+00 -1.09728623086034746e-01 -3.84433072912023291e-03 +3.41011251578189734e-01 -9.16198484535139079e-01 -2.47830126600911069e-02 +1.77826645677662459e-01
+0.00000000000000000e+00 +0.00000000000000000e+00 +0.00000000000000000e+00 +7.42974018129689218e-01 -5.96385122969692816e-01 +1.83332767654585532e-01 -1.30872846469379939e-01 +3.99547689105653747e-02 +1.99948504088087231e-01
+0.00000000000000000e+00 +0.00000000000000000e+00 +0.00000000000000000e+00 +3.73436755576049495e-01 -7.69579018723847291e-02 -5.87557244219944041e-01 -4.60533819701999025e-01 -3.71844006928887916e-01 -3.98797681927384462e-01
+0.00000000000000000e+00 +0.00000000000000000e+00 +0.00000000000000000e+00 -2.62510395677517605e-01 -7.22280229163170945e-02 +7.27014800876496170e-01 +8.70152693577747327e-02 -2.70051460208336647e-01 -5.62868933155207141e-01
+0.00000000000000000e+00 +0.00000000000000000e+00 +0.00000000000000000e+00 +6.67357233575721298e-01 -5.13743870236679778e-01 -2.20973727313851231e-01 -4.77490223425468263e-01 -9.58313526744648814e-02 -6.84953195707582591e-02
+0.00000000000000000e+00 +0.00000000000000000e+00 +0.00000000000000000e+00 +2.91765540415062752e-01 +5.02295254968766341e-02 -4.85185904382270994e-01 -2.39300711653491621e-01 +7.04241874784380800e-02 -7.84040882609801870e-01
+0.00000000000000000e+00 +0.00000000000000000e+00 +0.00000000000000000e+00 -3.42841415714399744e-01 +2.64484306539145453e-01 -7.60934064582533320e-01 -4.81107378767168470e-01 -3.95663563235862312e-02 -2.13859338448899386e-02
+0.00000000000000000e+00 +0.00000000000000000e+00 +0.00000000000000000e+00 -5.73774314618402448e-01 +2.17903532024663442e-02 +1.34405471987184503e-02 +1.36910947393945187e-01 +9.03785208592429029e-02 -8.02006660529375637e-01
+0.00000000000000000e+00 +0.00000000000000000e+00 +0.00000000000000000e+00 +2.93753482614991755e-02 -2.34425084579675175e-01 -6.36858753579853554e-01 +5.60926220500647110e-02 +6.88058680150879454e-01 -2.49041697399494916e-01
+0.00000000000000000e+00 +0.00000000000000000e+00 +0.00000000000000000e+00 -3.89138609778154287e-01 +4.36127995640835930e-01 -2.74173956906858196e-01 +7.28461232403081693e-01 +2.06170510446809563e-01 +1.00150430154613682e-01
+0.00000000000000000e+00 +0.00000000000000000e+00 +0.00000000000000000e+00 +3.70968024761666848e-01 +4.56063791599523316e-01 +1.00688240204764592e-01 -3.05273982228497949e-02 -3.94966917984755569e-02 +8.01098314924879595e-01
+0.00000000000000000e+00 +0.00000000000000000e+00 +0.00000000000000000e+00 +1.46526415662890430e-01 +4.65839659387047411e-01 +1.95512219040528644e-02 +1.54936362761089824e-01 -7.13740620448931190e-02 -8.55594318435308310e-01
+0.00000000000000000e+00 +0.00000000000000000e+00 +0.00000000000000000e+00 +2.37794047757719507e-01 -1.63865427818437909e-01 +6.71126577583304407e-01 -3.56316197296325132e-01 -4.10771152679379692e-01 -4.12912892689173472e-01
+0.00000000000000000e+00 +0.00000000000000000e+00 +0.00000000000000000e+00 -3.50283624530889293e-01 +2.92598090663271471e-01 -1.35618287794564502e-01 -4.33601071657428672e-01 +3.46685554177196487e-01 +6.81978487141465028e-01
+0.00000000000000000e+00 +0.00000000000000000e+00 +0.00000000000000000e+00 +3.39964002699209344e-01 -2.59282532403672938e-01 +6.78289672292278767e-01 +1.30605532917899385e-02 -5.84137198831829685e-01 +1.25432534094307463e-01
+0.00000000000000000e+00 +0.00000000000000000e+00 +0.00000000000000000e+00 -2.26743567561217663e-01 -8.22439197684044082e-02 +9.89819637325685953e-02 -2.05294233981569013e-01 -7.39686665589584402e-01 +5.85443231517170704e-01
+0.00000000000000000e+00 +0.00000000000000000e+00 +0.00000000000000000e+00 +6.72814544613342780e-01 +5.61365073407757653e-01 +2.60992073342650288e-01 -2.83091900487347226e-01 -1.92433341308833827e-01 -2.16567231127258564e-01
+0.00000000000000000e+00 +0.00000000000000000e+00 +0.00000000000000000e+00 +5.54417063567200552e-01 -2.54474275425615515e-01 -5.94369342847635762e-01 +5.01330576886465873e-01 +1.51583835472312800e-01 +1.67224566731814309e-02
+0.00000000000000000e+00 +0.00000000000000000e+00 +0.00000000000000000e+00 -1.80566432370834973e-01 +1.25226013586096557e-01 -6.19870238522060135e-01 +1.44070281892088314e-01 -7.35261014633110666e-01 +7.81670688527503488e-02
+0.00000000000000000e+00 +0.00000000000000000e+00 +0.00000000000000000e+00 -4.19095146328351195e-02 +1.73755485767000145e-01 -5.86281320978279813e-02 +9.78959135998138219e-01 -7.85150613734833941e-02 -9.47423132134578121e-03
+0.00000000000000000e+00 +0.00000000000000000e+00 +0.00000000000000000e+00 -7.43630351283578017e-01 +2.65671779302150135e-01 +4.09432010404155777e-01 -1.36798509037225097e-01 +4.01709440120548378e-01 +1.69450667841501978e-01
+0.00000000000000000e+00 +0.00000000000000000e+00 +0.00000000000000000e+00 -3.63543293132452927e-01 -8.35669868394516187e-03 -2.09919914774169963e-01 +2.30559068154796848e-01 -8.54881547405531572e-02 +8.73632852219609179e-01
+0.00000000000000000e+00 +0.00000000000000000e+00 +0.00000000000000000e+00 -2.23549199754551398e-01 -3.12593204113940093e-01 -5.31131889172372307e-01 -2.43074658062570580e-02 -7.00625024688749543e-01 -2.80613403494975155e-01
+0.00000000000000000e+00 +0.00000000000000000e+00 +0.00000000000000000e+00 -3.72544268164396841e-01 -1.91193728243671562e-01 +5.13622433838304970e-01 -3.06816601965167857e-01 -6.72392029223176424e-01 +1.20831509929496581e-01
+0.00000000000000000e+00 +0.00000000000000000e+00 +0.00000000000000000e+00 -3.59540990801220040e-01 +6.45756008789361013e-01 +4.44985463174830953e-01 -1.76431624079191260e-02 -3.86098349532422058e-01 -3.26089211593668771e-01
+0.00000000000000000e+00 +0.00000000000000000e+00 +0.00000000000000000e+00 +1.03632013810790125e-01 -1.60425279587826708e-01 +7.58462779199888693e-01 +5.16868051157066910e-01 +9.19276888387764723e-02 -3.35641275276038709e-01
+0.00000000000000000e+00 +0.00000000000000000e+00 +0.00000000000000000e+00 -5.31525145763411394e-02 +5.38925107264465297e-01 -2.42629586890973803e-01 +1.98452932347734035e-01 -7.22047557114891103e-01 +2.95176525872766271e-01
+0.00000000000000000e+00 +0.00000000000000000e+00 +0.00000000000000000e+00 -5.68880101804145499e-01 +2.01787035020552785e-01 -1.13951188468654706e-03 -4.40103764497914940e-01 -3.23014364767603646e-01 -5.81056383159267331e-01
+0.00000000000000000e+00 +0.00000000000000000e+00 +0.00000000000000000e+00 -1.82281850434402759e-01 -5.13263537442161688e-01 -4.85446727807088418e-01 +6.25977778996678835e-01 -2.36554219177807945e-01 +1.40958377500318116e-01
+0.00000000000000000e+00 +0.00000000000000000e+00 +0.00000000000000000e+00 -7.60393389836144018e-01 -2.40749431446814904e-01 -3.66294403561762849e-01 +2.11656922669687303e-01 -4.29778334690073538e-01 -1.27257215076713517e-02
+0.00000000000000000e+00 +0.00000000000000000e+00 +0.00000000000000000e+00 +1.20982403576214981e-01 -6.19508259503267489e-01 -4.59096511802265239e-01 +5.73996466986438358e-01 +2.38340704404027104e-01 -6.72676132654146247e-02
+0.00000000000000000e+00 +0.00000000000000000e+00 +0.00000000000000000e+00 +4.83039261160928990e-01 +9.42640398821228964e-02 +6.36244304138217920e-02 -4.29166017713949410e-01 -1.33560793286991913e-01 -7.42776775722573057e-01
+0.00000000000000000e+00 +0.00000000000000000e+00 +0.00000000000000000e+00 +3.35660890185231708e-01 +2.00358760468248936e-01 +2.85593879965125141e-01 -2.30056533362859167e-01 +6.14664086430548595e-01 -5.78693633920153827e-01
+0.00000000000000000e+00 +0.00000000000000000e+00 +0.00000000000000000e+00 +5.04663072587977712e-01 -5.46714831336687523e-01 +1.99553030770041745e-01 +2.95945236745173479e-01 -4.01819712201218149e-01 -3.96930724443728622e-01
+0.00000000000000000e+00 +0.00000000000000000e+00 +0.00000000000000000e+00 -3.33097537303841562e-01 -3.38377216718900586e-01 -3.28615342108125819e-01 -7.01442372421918425e-01 +2.00426769195845261e-01 +3.66560438590516069e-01
+0.00000000000000000e+00 +0.00000000000000000e+00 +0.00000000000000000e+00 -1.60366335103443364e-01 -6.56742006812979007e-01 +3.01504652917545912e-01 +5.18163901386414882e-01 +3.04133289397371442e-01 +3.01789053648679917e-01
+0.00000000000000000e+00 +0.00000000000000000e+00 +0.00000000000000000e+00 -1.69498252948245637e-01 +1.46304484721279715e-01 +6.89336015859754569e-01 -3.97642511689746056e-02 -5.68261691220798393e-01 +3.87528904543109343e-01
+0.00000000000000000e+00 +0.00000000000000000e+00 +0.00000000000000000e+00 -5.60376360171252030e-01 -4.93320560727248392e-01 -3.12648967991874388e-02 +1.50160977527680650e-01 -5.46538625314103022e-01 -3.46962357354239082e-01
+0.00000000000000000e+00 +0.00000000000000000e+00 +0.00000000000000000e+00 -2.84426109187204179e-01 +2.17961295974284902e-01 +7.34365876233398079e-02 +6.79948396590868920e-01 -5.00728832693638659e-01 -3.91334311747450925e-01
+0.00000000000000000e+00 +0.00000000000000000e+00 +0.00000000000000000e+00 -7.71960222039696164e-01 +1.40043804754601042e-01 -2.11401034214665801e-01 +8.61113005925234071e-02 +2.38036422872651587e-01 +5.25069763333887440e-01
+0.00000000000000000e+00 +0.00000000000000000e+00 +0.00000000000000000e+00 +7.76118315551896143e-01 -1.22050912643042811e-01 +4.05352842525062845e-02 +2.69826797630763615e-01 +5.48909895920244195e-01 +8.36196816521670855e-02
+0.00000000000000000e+00 +0.00000000000000000e+00 +0.00000000000000000e+00 +2.99980233606364555e-01 -7.21945010545769206e-01 +1.13939063449161437e-01 +2.33653817840474787e-01 +5.01680473426302065e-01 +2.63719068338259310e-01
+0.00000000000000000e+00 +0.00000000000000000e+00 +0.00000000000000000e+00 -6.47609666579535337e-01 +6.04572914512236825e-01 -2.32748803932101511e-01 -2.05240283235598925e-01 -2.28682322071179722e-01 -2.57880062759034190e-01
+0.00000000000000000e+00 +0.00000000000000000e+00 +0.00000000000000000e+00 +9.22715917242651756e-02 +7.12058485457139789e-01 -5.60116054631359384e-02 +3.22471752632260800e-01 +5.66345203820295851e-01 +2.37879056595200367e-01
+0.00000000000000000e+00 +0.00000000000000000e+00 +0.00000000000000000e+00 -4.24754661663194422e-01 -7.51939130728202954e-01 +4.40798713055834609e-02 -3.29736527517158040e-01 +2.72997266799044236e-01 -2.62629588511959333e-01
+0.00000000000000000e+00 +0.00000000000000000e+00 +0.00000000000000000e+00 +8.01789581807179852e-01 -4.39503304115438226e-02 +2.82875142718349126e-01 -4.29809168060957147e-01 -1.71001625268870666e-01 -2.47398487870096689e-01
+0.00000000000000000e+00 +0.00000000000000000e+00 +0.00000000000000000e+00 +2.08717342423841185e-01 +2.54013636821999012e-01 +6.72721503477165195e-01 +5.21758995827071526e-01 +3.20247073809799165e-01 +2.54104868172964904e-01
+0.00000000000000000e+00 +0.00000000000000000e+00 +0.00000000000000000e+00 +2.16375469948555832e-01 -2.86699784903994503e-01 +5.58525751087392996e-01 +2.59080382486145955e-01 -5.17719575880888128e-01 -4.73157131271794595e-01
+0.00000000000000000e+00 +0.00000000000000000e+00 +0.00000000000000000e+00 -1.32917662531199909e-01 +2.14081293494980979e-01 -5.10907810542007845e-01 +5.26066464566066538e-01 +6.20626885956528040e-01 +1.16411542283367989e-01
+0.00000000000000000e+00 +0.00000000000000000e+00 +0.00000000000000000e+00 -2.02040310513394550e-01 +1.40828946191531301e-01 +2.37742161264936108e-01 -7.97532343867866977e-01 +2.42422639006738605e-01 -4.33588526348364034e-01
+0.00000000000000000e+00 +0.00000000000000000e+00 +0.00000000000000000e+00 -3.06772934279340659e-01 -8.81182522271221624e-01 -1.42437276608419067e-01 -1.92380808471390691e-01 -2.59639071047586323e-01 +6.85312249065263696e-02
+0.00000000000000000e+00 +0.00000000000000000e+00 +0.00000000000000000e+00 -4.98157820276339092e-01 -2.75405499587352387e-01 +5.70211023699289776e-01 +3.30236456086222263e-01 +1.96119136075569356e-01 -4.50922557522863809e-01
+0.00000000000000000e+00 +0.00000000000000000e+00 +0.00000000000000000e+00 -9.55221431831851236e-02 +9.19996990419326560e-02 -5.28803120817656902e-01 -2.02401429814412448e-01 -3.72909511122113069e-01 +7.23015209158935801e-01
+0.00000000000000000e+00 +0.00000000000000000e+00 +0.00000000000000000e+00 -8.23099296062383343e-03 +9.09857263601054789e-01 -2.19115433908719431e-01 -1.31889541502100582e-01 +3.26574609720745812e-01 -5.88305859097892209e-03
+0.00000000000000000e+00 +0.00000000000000000e+00 +0.00000000000000000e+00 +5.47975338786954938e-02 +2.51160528194192212e-01 +3.46337793208001954e-01 +7.03485056447710533e-01 +5.04687293307805485e-01 -2.53703101443875700e-01
+0.00000000000000000e+00 +0.00000000000000000e+00 +0.00000000000000000e+00 +2.27982514938261105e-01 -3.35167261598807498e-01 +3.11007950853499082e-01 +8.03731916694535031e-01 -1.47627573243683835e-01 +2.66799624897411547e-01
+0.00000000000000000e+00 +0.00000000000000000e+00 +0.00000000000000000e+00 -2.66413316935448785e-01 +3.44899127219942980e-01 +7.82907153818756196e-01 +1.79995164389161882e-01 +4.05864147982310575e-01 -9.79428864251839868e-04
+0.00000000000000000e+00 +0.00000000000000000e+00 +0.00000000000000000e+00 -6.73451221298283498e-01 +6.05982844360461903e-01 -1.44705609851425554e-01 -1.32019627328000683e-01 -1.70386486104789514e-01 +3.34436533146753867e-01
+0.00000000000000000e+00 +0.00000000000000000e+00 +0.00000000000000000e+00 -6.34946967046706279e-01 +2.85456640367132697e-01 +4.89100650841936338e-02 +1.68925453057735431e-01 -6.94526945391473749e-01 +4.54001594312849407e-02
+0.00000000000000000e+00 +0.00000000000000000e+00 +0.00000000000000000e+00 -2.65718732384391754e-01 +4.02148196753995602e-01 +2.31989202370325859e-01 +6.79298191764753145e-01 -1.56035793095194664e-01 +4.77554385415328131e-01
+0.00000000000000000e+00 +0.00000000000000000e+00 +0.00000000000000000e+00 -3.84559526527044337e-01 +6.82308476670587916e-01 +1.95697078739488856e-01 +3.27634613062494806e-01 -3.98300333141851093e-01 +2.86852177150648924e-01
+0.00000000000000000e+00 +0.00000000000000000e+00 +0.00000000000000000e+00 -5.95902292485702700e-01 +6.04214950691957187e-01 -3.00136593898972015e-01 -5.14656004789696003e-02 +4.25005734688808923e-01 -8.04002090935604097e-02
+0.00000000000000000e+00 +0.00000000000000000e+00 +0.00000000000000000e+00 +3.29450755507861182e-01 -2.91290505960308865e-01 -1.89815575070409553e-01 +6.77391345350319307e-01 -5.51413824774982020e-01 +8.75548250234483849e-02
+0.00000000000000000e+00 +0.00000000000000000e+00 +0.00000000000000000e+00 -7.24315081824127988e-02 -4.26099701142287957e-01 +2.33333074200154783e-01 -2.54674748382141880e-01 -2.95960426690302869e-01 +7.78650496797482106e-01
+0.00000000000000000e+00 +0.00000000000000000e+00 +0.00000000000000000e+00 +1.40957028868803125e-01 -5.24634612134115663e-01 -2.23576180807630309e-02 -1.83203790491751756e-01 -8.17636368308642170e-01 +4.79261624337818729e-02
+0.00000000000000000e+00 +0.00000000000000000e+00 +0.00000000000000000e+00 -6.23648347919321666e-01 -3.55460974163725740e-01 -3.03095697745346004e-01 -4.70642091920170369e-01 -2.54892045652966526e-01 -3.26143064265039084e-01
+0.00000000000000000e+00 +0.00000000000000000e+00 +0.00000000000000000e+00 -3.21054396705295453e-01 +2.96386213832991186e-01 -3.07946820572893645e-02 -5.15569530556106326e-01 -7.34616305071051690e-01 -5.15549963519110060e-02
+0.00000000000000000e+00 +0.00000000000000000e+00 +0.00000000000000000e+00 -6.09318971782402463e-01 +2.11047204337527994e-01 +4.84179070201281980e-01 -5.75495173797399451e-01 -1.04189624265595290e-01 +8.78061687905058869e-02
+0.00000000000000000e+00 +0.00000000000000000e+00 +0.00000000000000000e+00 +1.01407608973014624e-01 +3.97192495710995755e-02 +1.79728815886152998e-01 +7.22652258137959858e-01 +2.32646555174131603e-01 +6.16024126938030991e-01
+0.00000000000000000e+00 +0.00000000000000000e+00 +0.00000000000000000e+00 -6.95778283582230039e-01 -4.59329277648186207e-01 -4.81873584056062357e-02 -3.99128040156366604e-01 -1.95010372424581288e-02 +3.78026044589334087e-01
+0.00000000000000000e+00 +0.00000000000000000e+00 +0.00000000000000000e+00 -1.18300711100625511e-01 -2.10641802142982865e-01 +1.40792988671520930e-01 +3.18733273732140887e-01 -7.22641833175506898e-02 -9.02773113971292007e-01
+0.00000000000000000e+00 +0.00000000000000000e+00 +0.00000000000000000e+00 -7.07276204751819404e-01 +2.95092236299246302e-01 -9.38063266660764394e-02 -3.35423450256170985e-01 +4.76899806022866746e-01 +2.52861621007988979e-01
+0.00000000000000000e+00 +0.00000000000000000e+00 +0.00000000000000000e+00 -3.03020538116006155e-01 +3.75170529957879584e-01 -3.45574413340809627e-01 +6.68476835822860160e-02 +5.55285434428542946e-01 -5.78958915024505139e-01
+0.00000000000000000e+00 +0.00000000000000000e+00 +0.00000000000000000e+00 +7.48264363684525646e-01 -2.36505064954835559e-01 -2.61047846607825096e-01 -9.92879402704193170e-02 +3.05682007253126387e-01 +4.61216037698685855e-01
+0.00000000000000000e+00 +0.00000000000000000e+00 +0.00000000000000000e+00 +8.53656745269825296e-02 +5.82816532608269711e-01 +4.94962203063701200e-01 -5.23384778306266729e-01 -2.96994064786869627e-01 +2.14272974936241672e-01
+0.00000000000000000e+00 +0.00000000000000000e+00 +0.00000000000000000e+00 +3.39132381123693150e-01 -5.87273372339630173e-01 -2.26202039147381084e-03 -1.96588363210207978e-01 +6.66968401681096834e-01 -2.37908100087523139e-01
+0.00000000000000000e+00 +0.00000000000000000e+00 +0.00000000000000000e+00 +3.64821971125209518e-02 -6.83233084458265805e-01 +6.12499949344964767e-01 +3.88657733924091475e-01 -7.46525190443674408e-02 -8.80800256719435799e-03
+0.00000000000000000e+00 +0.00000000000000000e+00 +0.00000000000000000e+00 -4.91584346082878543e-01 -3.78339657192725443e-01 -5.10871280186340981e-01 +5.04021084336374492e-01 +2.09757720400237990e-01 +2.37020916459306813e-01
+0.00000000000000000e+00 +0.00000000000000000e+00 +0.00000000000000000e+00 -3.48310942655315148e-01 -6.42808147866619328e-01 +4.95710458705449220e-01 +1.30629302815344038e-02 +7.60416652335804827e-02 +4.62380080014104133e-01
+0.00000000000000000e+00 +0.00000000000000000e+00 +0.00000000000000000e+00 -3.33956314982953195e-01 +1.67021367757511113e-01 -7.57792649551290665e-01 +5.33268326477171040e-01 +3.58250846824927846e-02 +2.58611284591588955e-02
+0.00000000000000000e+00 +0.00000000000000000e+00 +0.00000000000000000e+00 +1.68039741397837755e-01 +1.09275364549524523e-01 -2.76692274776992597e-01 -5.88185297605566815e-01 +7.32393921648906487e-01 +3.00020716724012301e-02
+0.00000000000000000e+00 +0.00000000000000000e+00 +0.00000000000000000e+00 +4.13053157115730457e-02 -1.37954633054822667e-01 +8.42682980388865521e-02 -6.50591250579700464e-01 +5.63536279511139382e-01 +4.80956474540254308e-01
+0.00000000000000000e+00 +0.00000000000000000e+00 +0.00000000000000000e+00 -2.87626642678257827e-01 +5.16702216778242643e-02 -1.13350867603952438e-01 -6.69668735717570962e-02 +8.02641872543616852e-01 +5.03024995115083917e-01
+0.00000000000000000e+00 +0.00000000000000000e+00 +0.00000000000000000e+00 -2.76576391334310279e-01 -3.06626985438589794e-01 +5.64599751435106212e-01 +7.10907819363147730e-01 -6.95939412807624336e-02 -2.18921890658193598e-02
+0.00000000000000000e+00 +0.00000000000000000e+00 +0.00000000000000000e+00 +1.75441607510347597e-01 -3.71450062545508775e-01 -2.38749228587233270e-01 -4.55717554119846213e-01 +2.49220576072556099e-01 +7.10249614267556173e-01
+0.00000000000000000e+00 +0.00000000000000000e+00 +0.00000000000000000e+00 +1.03867521149891437e-01 +2.30641898390872499e-02 -1.26064495123173165e-01 +1.79426968754819505e-01 +7.83916881059684489e-01 -5.71023301398197236e-01
+0.00000000000000000e+00 +0.00000000000000000e+00 +0.00000000000000000e+00 -1.41557419655382599e-01 +5.29377320122631240e-03 -2.56134726157709991e-01 -7.29640633118496362e-01 -3.79197149793360111e-01 +4.88018998659837722e-01
+0.00000000000000000e+00 +0.00000000000000000e+00 +0.00000000000000000e+00 -1.39745411225040389e-01 -1.20145550270355783e-01 +9.24895271319223555e-01 -1.02242760159452453e-01 +1.89725540588664282e-01 -2.53289638805920259e-01
+0.00000000000000000e+00 +0.00000000000000000e+00 +0.00000000000000000e+00 -3.24687248520761029e-01 +4.67187833540970709e-01 +3.84084862659516801e-01 -9.49873782416647966e-02 -7.02335868837053012e-01 +1.62770582215610443e-01
+0.00000000000000000e+00 +0.00000000000000000e+00 +0.00000000000000000e+00 +9.60249136909224199e-02 -6.67548625737465762e-01 -6.88584133688380895e-01 +1.03263202287397736e-02 -4.58724420283521186e-02 +2.62295682831766852e-01
+0.00000000000000000e+00 +0.00000000000000000e+00 +0.00000000000000000e+00 -1.43977372416045274e-01 -3.01089606278934663e-01 +4.82810977942821629e-01 +2.14897645450496222e-01 +4.40885032225570739e-01 +6.44164975095785630e-01
+0.00000000000000000e+00 +0.00000000000000000e+00 +0.00000000000000000e+00 +3.83534234999303114e-01 -1.68990684114497941e-01 +1.57997015943597580e-01 +2.50103518959367888e-01 -8.56934309833179197e-01 +4.99239487000537954e-02
+0.00000000000000000e+00 +0.00000000000000000e+00 +0.00000000000000000e+00 -2.93581637151073987e-04 +7.38171208040720228e-01 -4.84027993908472232e-01 -2.05105623567997386e-01 -2.33082019511997515e-02 -4.22147478311846680e-01
+0.00000000000000000e+00 +0.00000000000000000e+00 +0.00000000000000000e+00 +5.02215542811835336e-01 +1.94951903926134130e-02 +8.34123953444975474e-01 -1.89012497653149036e-01 -1.03949851339786556e-01 -7.14522255528024230e-02
+0.00000000000000000e+00 +0.00000000000000000e+00 +0.00000000000000000e+00 +5.89431657096945338e-01 +7.47739411747248145e-02 +2.07006449905146078e-01 +3.26922536063540270e-01 +1.42755545339418366e-01 +6.90557759147954808e-01
+0.00000000000000000e+00 +0.00000000000000000e+00 +0.00000000000000000e+00 -3.07435252569739081e-01 +3.00860816015825483e-01 -5.78506447953173630e-01 -4.14401792196820440e-01 -5.48134935429205661e-01 -9.00881331050773643e-02
+0.00000000000000000e+00 +0.00000000000000000e+00 +0.00000000000000000e+00 +6.89862267677617408e-02 +6.93373126304719034e-01 +4.04785983785801995e-01 +4.80827313783628030e-01 -2.60771620844115426e-01 -2.26773392723398998e-01
+0.00000000000000000e+00 +0.00000000000000000e+00 +0.00000000000000000e+00 +1.36649156912626718e-01 +3.17700079839790928e-01 -2.64897788498581255e-01 +4.01241909308758526e-01 -3.31874315974700074e-01 +7.34225576675184177e-01
+0.00000000000000000e+00 +0.00000000000000000e+00 +0.00000000000000000e+00 +1.15965842479259493e-01 +5.11818551326353011e-01 -1.65267322013387674e-01 -4.40039380352712617e-01 -3.85877544163182318e-02 -7.08630182195691627e-01
+0.00000000000000000e+00 +0.00000000000000000e+00 +0.00000000000000000e+00 +2.40088944563886603e-01 +6.92883142046078482e-01 +2.60027231357164823e-01 +2.18080995173239145e-01 +5.40691796082445109e-01 -2.33985363458207751e-01
+0.00000000000000000e+00 +0.00000000000000000e+00 +0.00000000000000000e+00 +5.77911390795538882e-01 -5.66416336456282754e-01 -5.12460635294926914e-01 -9.33197289409233854e-02 +2.43320251259049741e-01 +1.21085667917200504e-01
+0.00000000000000000e+00 +0.00000000000000000e+00 +0.00000000000000000e+00 +1.22416665269749717e-01 +6.90166551391871302e-02 +5.30515601417963362e-02 +3.98389235136718867e-01 -6.82196936180560654e-01 +5.94415469967926047e-01
+0.00000000000000000e+00 +0.00000000000000000e+00 +0.00000000000000000e+00 +1.02697875990381118e-01 -3.17224330663548937e-01 +2.83794964833455232e-01 +7.26043991331447369e-01 +8.13692931764628119e-02 -5.23947944949467170e-01
+0.00000000000000000e+00 +0.00000000000000000e+00 +0.00000000000000000e+00 +6.50816514952474306e-02 -1.15862737093273105e-01 +2.69023637417901862e-01 -8.00269378158838363e-01 -4.52613040653461696e-01 +2.54316427141546952e-01
+0.00000000000000000e+00 +0.00000000000000000e+00 +0.00000000000000000e+00 -3.91269908859674664e-01 +4.37514351842395871e-02 +3.39157631764648748e-01 -1.35921783921773509e-01 +7.68562311002242926e-01 -3.47567279700593701e-01
+0.00000000000000000e+00 +0.00000000000000000e+00 +0.00000000000000000e+00 +1.50288220017411128e-01 -1.09831691737904674e-02 +2.25843228882272290e-01 -3.93848850368916092e-01 -8.73862436977101309e-01 +8.68054214346818398e-02
+0.00000000000000000e+00 +0.00000000000000000e+00 +0.00000000000000000e+00 +6.25326464846933994e-01 +1.13863612467266950e-01 +5.38151733502577501e-01 +2.44778248313026942e-01 +2.81794057105413220e-01 -4.08742364306647843e-01
+0.00000000000000000e+00 +0.00000000000000000e+00 +0.00000000000000000e+00 +8.98495710341760900e-01 +1.75335790305783890e-01 -3.27782374306098356e-01 +9.53866576942990901e-02 +2.12336131793504329e-01 +1.83381269065169446e-02
+0.00000000000000000e+00 +0.00000000000000000e+00 +0.00000000000000000e+00 +5.81105706410656397e-01 -5.21450775770862962e-01 +2.17953777840368845e-01 +2.97901368012300993e-01 +4.24949953289241400e-01 -2.71244740568217679e-01
+0.00000000000000000e+00 +0.00000000000000000e+00 +0.00000000000000000e+00 +2.24343467327546980e-01 +2.86748922553175356e-01 -5.28870273140383151e-01 -3.52801686775282120e-01 +5.09525564436837719e-01 -4.51282580280140067e-01
+0.00000000000000000e+00 +0.00000000000000000e+00 +0.00000000000000000e+00 -1.14571545246451453e-01 -7.42039149136171750e-01 +9.89125869713314565e-02 +2.64332638734505909e-01 -5.44824928487543714e-01 +2.44461890089112871e-01
+0.00000000000000000e+00 +0.00000000000000000e+00 +0.00000000000000000e+00 -2.73232872164782203e-01 +7.99966873646480670e-01 +8.87970351035117372e-02 -3.23199566540952221e-01 +7.69965916083664992e-02 -4.08809797169931211e-01
+0.00000000000000000e+00 +0.00000000000000000e+00 +0.00000000000000000e+00 +6.50294001772443564e-01 +8.58650255579824495e-02 -3.14299866010321893e-01 +5.34237037798517056e-01 -1.57025778370607744e-01 +4.01116186711497014e-01
+0.00000000000000000e+00 +0.00000000000000000e+00 +0.00000000000000000e+00 +7.38391736369949370e-01 -1.08140932283227298e-01 -4.65484559129309305e-01 -4.03889601439680168e-01 -1.15255069047852626e-01 +2.23599567408680922e-01
+0.00000000000000000e+00 +0.00000000000000000e+00 +0.00000000000000000e+00 +6.41205685394535402e-02 +3.20037937653943949e-01 +1.14301061216242672e-01 -5.55887261437659430e-01 -4.97785545908111748e-01 +5.68857136206913472e-01
+0.00000000000000000e+00 +0.00000000000000000e+00 +0.00000000000000000e+00 +2.50107056153894003e-01 +7.28590974803873803e-01 -1.07902770574479098e-01 +3.30655041072566158e-01 +7.49352547224613197e-02 +5.29160273841210338e-01
+0.00000000000000000e+00 +0.00000000000000000e+00 +0.00000000000000000e+00 -1.29259302492777645e-01 +6.17593619111798553e-01 -3.28773052588231918e-01 +5.31679778234545153e-01 -3.51707314523152792e-01 -2.95629857373479910e-01
+0.00000000000000000e+00 +0.00000000000000000e+00 +0.00000000000000000e+00 -2.30257679409701571e-01 -5.54987484220255012e-01 +4.43569658497167379e-03 -2.08341799842608061e-01 +7.08524420151696255e-01 +3.05838942115915891e-01
+0.00000000000000000e+00 +0.00000000000000000e+00 +0.00000000000000000e+00 +1.13282993234477394e-01 +3.22923241081984502e-01 -6.83158072835338248e-01 +2.48314450765470901e-01 +1.71517577438842883e-01 -5.70179134573866930e-01
+0.00000000000000000e+00 +0.00000000000000000e+00 +0.00000000000000000e+00 -6.09278814119318723e-01 +2.16669947523159989e-01 -6.18222004401932868e-01 -1.99312301100729519e-02 -3.11633981230917512e-01 +3.19565363560245341e-01
+0.00000000000000000e+00 +0.00000000000000000e+00 +0.00000000000000000e+00 +4.88873245244930754e-01 +3.89827370070956913e-01 -4.99048284968800604e-01 -4.86982401415724964e-01 +2.39818152343904495e-01 +2.55585162743613259e-01
+0.00000000000000000e+00 +0.00000000000000000e+00 +0.00000000000000000e+00 -6.12879576269342752e-01 -8.03360085801715640e-02 -1.72637694969880906e-01 -1.41820915992404067e-01 -7.24036285919280931e-01 -2.09234943190884704e-01
+0.00000000000000000e+00 +0.00000000000000000e+00 +0.00000000000000000e+00 -1.54630409012446068e-01 +3.70184186063910514e-01 +8.01520578064337658e-02 -8.48680184839250562e-01 -3.35208457283645789e-01 +2.44676377521017667e-03
+0.00000000000000000e+00 +0.00000000000000000e+00 +0.00000000000000000e+00 +2.38650672696921473e-02 +2.70363595782197111e-02 -6.41267884410966493e-02 +1.95288236177142971e-02 +2.63018396619494166e-01 -9.61783341983536211e-01
+0.00000000000000000e+00 +0.00000000000000000e+00 +0.00000000000000000e+00 +4.71708132114416423e-01 -3.76023734557641875e-01 -1.84540712569864734e-01 -5.06320686967013045e-01 +5.49767551792331610e-01 +2.08416207374035489e-01
+0.00000000000000000e+00 +0.00000000000000000e+00 +0.00000000000000000e+00 -6.21303867983260649e-01 +1.75134044704822134e-01 -1.01686320605712845e-02 -3.46432931571583669e-01 +3.06320540530376773e-01 -6.07748401321041354e-01
+0.00000000000000000e+00 +0.00000000000000000e+00 +0.00000000000000000e+00 -6.44473481505357548e-01 -5.94145292878247688e-01 -3.85433102110040005e-01 -5.42179963784649513e-02 +2.81657821886743820e-01 -2.85640792523818021e-02
+0.00000000000000000e+00 +0.00000000000000000e+00 +0.00000000000000000e+00 +5.06605335842757243e-01 -7.44972347517083439e-02 -2.23412032650085607e-01 +3.64180191318980939e-01 +7.01135393989855360e-01 -2.52329560144494147e-01
+0.00000000000000000e+00 +0.00000000000000000e+00 +0.00000000000000000e+00 +3.06444406555039683e-01 +3.08274355601887672e-02 +5.61080359365100367e-01 -3.43561598791313816e-01 -4.25905037847401968e-01 +5.39352066664067875e-01
+0.00000000000000000e+00 +0.00000000000000000e+00 +0.00000000000000000e+00 +6.16616227120698746e-01 +2.78890062937858063e-01 +4.20092406101503391e-01 -1.64089328602984752e-01 -5.38290331301183977e-01 +2.21009825682219996e-01
+0.00000000000000000e+00 +0.00000000000000000e+00 +0.00000000000000000e+00 +2.20987247637570439e-01 +2.70680952978188283e-01 -3.09782261847288798e-01 -8.78053704425509118e-01 -8.13183203175615460e-02 -6.58819493225554637e-02
+0.00000000000000000e+00 +0.00000000000000000e+00 +0.00000000000000000e+00 -3.86103551670028855e-01 +2.47256645580239992e-01 -5.64581190361865895e-02 -8.29489043763641409e-01 +2.88245532106842117e-01 +1.24350789686338406e-01
+0.00000000000000000e+00 +0.00000000000000000e+00 +0.00000000000000000e+00 -2.72261066500924964e-01 -3.13539874969467003e-01 -7.38707025827635810e-01 +2.06326917509747743e-01 -1.24876582395476610e-01 -4.72983753151152375e-01
+0.00000000000000000e+00 +0.00000000000000000e+00 +0.00000000000000000e+00 +2.22562732145459102e-01 -1.78996090623141896e-01 -7.97665899583971605e-01 +1.96587242323843198e-01 +3.48894385315410671e-01 +3.48972071222558133e-01
+0.00000000000000000e+00 +0.00000000000000000e+00 +0.00000000000000000e+00 +2.17685599723647538e-01 +5.86002089872614124e-02 -2.92886949493929398e-02 +7.79848514426069284e-01 -3.38938366791859513e-01 +4.74634855011393575e-01
+0.00000000000000000e+00 +0.00000000000000000e+00 +0.00000000000000000e+00 +4.11413521269973548e-01 -7.74251785510314372e-01 +2.11484845434739943e-01 +1.88875826143018594e-01 -3.78010742531603050e-01 +8.93367121136311448e-02
+0.00000000000000000e+00 +0.00000000000000000e+00 +0.00000000000000000e+00 +1.29142231388606143e-01 +2.23566454709460433e-01 +9.29617464684635131e-01 +2.45898088615688876e-01 -4.52685070068224449e-02 +8.14652443834160134e-02
+0.00000000000000000e+00 +0.00000000000000000e+00 +0.00000000000000000e+00 +1.44575074823953986e-01 -8.42564677059514211e-01 -1.45599077376872471e-01 -2.69989950463894290e-01 +2.62528299071939475e-01 +3.25834375431976575e-01
+0.00000000000000000e+00 +0.00000000000000000e+00 +0.00000000000000000e+00 -1.01299055786377337e-01 +5.32001479203147332e-01 +6.35481875009713426e-01 -1.21819625992245772e-01 -2.19957618343523092e-01 +4.89545032466212671e-01
+0.00000000000000000e+00 +0.00000000000000000e+00 +0.00000000000000000e+00 -5.39673202797430585e-01 -4.26436705198611987e-01 +2.00855374743250631e-01 -4.63847493234995467e-01 +5.15841030862366212e-01 +7.29055757601990706e-02
+0.00000000000000000e+00 +0.00000000000000000e+00 +0.00000000000000000e+00 -1.97096240756225477e-01 -3.86267631641912357e-01 +8.29563256293405993e-01 +1.70965120215933186e-01 -3.06557513054222130e-01 +2.38455717682503690e-02
+0.00000000000000000e+00 +0.00000000000000000e+00 +0.00000000000000000e+00 -5.32343048817448983e-01 +2.64036716095095436e-01 -3.78941785393255293e-01 -5.58276590497448932e-01 -5.16141946144137720e-02 +4.34697409273718194e-01
+0.00000000000000000e+00 +0.00000000000000000e+00 +0.00000000000000000e+00 +4.78573595590892797e-01 +1.08940188226656645e-01 +3.91876729123984968e-02 -6.22582026913686068e-02 +6.56066928186992526e-01 +5.68562905245303618e-01
+0.00000000000000000e+00 +0.00000000000000000e+00 +0.00000000000000000e+00 +2.59330132644394251e-01 +6.74055845131594084e-02 -2.21106502174436753e-01 -7.89798797309735900e-01 +1.43079270714726092e-01 +4.84832410462731789e-01
+0.00000000000000000e+00 +0.00000000000000000e+00 +0.00000000000000000e+00 -5.96752888195555831e-02 +6.01493201317831572e-01 +7.38791942344635855e-01 -2.60674061823309322e-01 +1.10943557166656229e-01 -9.25840980682765963e-02
+0.00000000000000000e+00 +0.00000000000000000e+00 +0.00000000000000000e+00 -1.85185311528728358e-01 -4.65609653709286975e-01 -2.10626246730275274e-01 +4.51946277605953795e-01 +7.07308451270948213e-01 +3.15465907162224739e-03
+0.00000000000000000e+00 +0.00000000000000000e+00 +0.00000000000000000e+00 -1.64550308159010034e-01 +2.08330940965243572e-01 +9.21517919257181517e-01 -2.40746433181008496e-01 -1.27435212696287103e-01 +7.82787396736807500e-02
+0.00000000000000000e+00 +0.00000000000000000e+00 +0.00000000000000000e+00 +2.67586575454771047e-01 +4.73917745764142917e-01 +6.90769792481535361e-01 -9.02069437277909225e-02 -3.84578109383975297e-01 -2.65704485786703415e-01
+0.00000000000000000e+00 +0.00000000000000000e+00 +0.00000000000000000e+00 +8.24738847872780956e-01 +2.80174297371539927e-01 +1.53185195093284543e-01 +4.49792376055611565e-01 -8.00860259206705588e-02 -9.54753308481067486e-02
+0.00000000000000000e+00 +0.00000000000000000e+00 +0.00000000000000000e+00 -7.22597019354342507e-01 -2.67031702743250166e-01 -5.91461081878817074e-01 -1.09949465317111444e-01 -9.14057993486415005e-02 +1.90466534842520518e-01
+0.00000000000000000e+00 +0.00000000000000000e+00 +0.00000000000000000e+00 +1.53373222688576089e-01 -5.67842478095162861e-01 -4.73847798877278403e-01 -3.46450551076160629e-01 -5.18018288614634503e-01 -2.02802629302021337e-01
+0.00000000000000000e+00 +0.00000000000000000e+00 +0.00000000000000000e+00 +4.28064355221757453e-01 -3.87020857514169120e-02 -2.55682391776435175e-02 -8.23149344570379693e-01 +1.88375919301403488e-01 -3.18667524315125961e-01
+0.00000000000000000e+00 +0.00000000000000000e+00 +0.00000000000000000e+00 +1.08947018292334261e-01 +3.77748302250132728e-01 +1.26343941010814614e-01 +6.45364821722731796e-01 -8.04558590783337607e-02 -6.37577507088324169e-01
+0.00000000000000000e+00 +0.00000000000000000e+00 +0.00000000000000000e+00 -1.42388729965781918e-01 -8.55397485619973502e-02 -6.80306991952008722e-01 -3.20509058672274971e-01 -2.82282303774763266e-01 -5.71997763964612327e-01
+0.00000000000000000e+00 +0.00000000000000000e+00 +0.00000000000000000e+00 +3.20716508817060042e-01 +5.22662720015877214e-01 +7.55593468751101088e-02 -5.48662106414430806e-01 +5.07389572248396203e-01 +2.44501742603355138e-01
+0.00000000000000000e+00 +0.00000000000000000e+00 +0.00000000000000000e+00 +3.37816427121930218e-01 +2.43856707171548143e-01 -3.78950329972665090e-01 -5.17849689179227135e-01 -6.32593738218807156e-01 +1.20280826115242045e-01
+0.00000000000000000e+00 +0.00000000000000000e+00 +0.00000000000000000e+00 +2.86361024864238034e-01 -5.89427617433775031e-01 -5.08561692345965821e-01 -1.69130122260463048e-02 +3.09280084173525316e-01 -4.64755023506268961e-01
+0.00000000000000000e+00 +0.00000000000000000e+00 +0.00000000000000000e+00 -1.79339277657951990e-01 -3.84564121766769962e-01 -1.73405657362010274e-01 -2.07441943704577469e-01 +7.28066583113848531e-01 -4.65580528242664549e-01
+0.00000000000000000e+00 +0.00000000000000000e+00 +0.00000000000000000e+00 +3.33131489016891269e-01 +1.29484820041860044e-01 +1.65358479272816966e-01 -2.28235218988305649e-01 -7.91181713629758421e-01 -4.08477473758267984e-01
+0.00000000000000000e+00 +0.00000000000000000e+00 +0.00000000000000000e+00 -2.75051195705635576e-01 -5.74459005101245410e-02 -5.49557404075648875e-02 -3.26704508378869773e-01 -5.58567239180946945e-02 +8.98983239804723167e-01
+0.00000000000000000e+00 +0.00000000000000000e+00 +0.00000000000000000e+00 -7.36670174953689000e-02 +2.68616777008392038e-01 +6.01130207004477168e-01 +2.56882312319153122e-02 +5.24589590488689583e-01 +5.34047327674991634e-01
+0.00000000000000000e+00 +0.00000000000000000e+00 +0.00000000000000000e+00 -6.36326151188040479e-01 -3.85857198740400045e-03 +3.23599891950639318e-01 +4.21307452830648133e-01 +5.50833901270803228e-01 -9.71560294891980064e-02
+0.00000000000000000e+00 +0.00000000000000000e+00 +0.00000000000000000e+00 +7.36171352548087715e-02 +3.77513275302288731e-01 -5.95961464940788388e-01 -2.75001572778597048e-02 -4.30360235348295983e-01 -5.57609169449082120e-01
+0.00000000000000000e+00 +0.00000000000000000e+00 +0.00000000000000000e+00 -1.97334321199803153e-01 +6.21358098046817853e-01 -5.22711312986273269e-01 -1.57169888534926805e-01 +4.28531092091352706e-01 +3.05622139566706863e-01
+0.00000000000000000e+00 +0.00000000000000000e+00 +0.00000000000000000e+00 -6.18089751738845703e-03 -1.19951779592425076e-01 +3.34046520426309612e-01 -2.17257593347130518e-01 +6.24336327464494523e-01 +6.61051872102882188e-01
+0.00000000000000000e+00 +0.00000000000000000e+00 +0.00000000000000000e+00 -8.46355000056852713e-01 +4.24248950157172025e-02 +2.62611452123518330e-01 -4.97285759498123231e-02 -1.32204812804987915e-01 -4.39280688831695909e-01
+0.00000000000000000e+00 +0.00000000000000000e+00 +0.00000000000000000e+00 -1.31547179096559275e-01 +8.09861841541777538e-01 +7.31479430315800094e-02 -5.49164708030447701e-01 -9.24989413078890627e-02 +1.06445220781865996e-01
+0.00000000000000000e+00 +0.00000000000000000e+00 +0.00000000000000000e+00 -6.72858263312618443e-01 +4.38143580380653763e-01 -2.55516818936583290e-01 +4.36183272602467698e-01 -1.37644521613459303e-01 +2.84255613973201204e-01
+0.00000000000000000e+00 +0.00000000000000000e+00 +0.00000000000000000e+00 -7.28932486834718424e-02 +5.02484017413705519e-01 +1.45046052141222376e-01 -1.68616899964360745e-01 +4.29398205381460951e-01 -7.12982153745791769e-01
+0.00000000000000000e+00 +0.00000000000000000e+00 +0.00000000000000000e+00 +5.95429414855525141e-01 +4.50441002449068817e-01 -1.83708269450752526e-01 +4.51909733779104705e-01 -4.37675926581154062e-01 +1.14172513241681553e-01
+0.00000000000000000e+00 +0.00000000000000000e+00 +0.00000000000000000e+00 -1.04463294992854630e-01 +1.07892104294769076e-02 +3.11595196938964758e-01 -4.51679242933546610e-01 +2.41047563765056511e-01 -7.93575062415661781e-01
+0.00000000000000000e+00 +0.00000000000000000e+00 +0.00000000000000000e+00 -2.76592148960206119e-01 -5.99028453054120114e-01 +1.99095502322113566e-01 -6.63045537065007795e-01 -2.86005782563670374e-01 +5.99498510305592966e-02
+0.00000000000000000e+00 +0.00000000000000000e+00 +0.00000000000000000e+00 +5.34146388117796023e-01 -5.07021173558064864e-02 -1.71869469635974992e-01 +3.95575975284162107e-01 -2.51394609234077804e-01 -6.80366235926966656e-01
+0.00000000000000000e+00 +0.00000000000000000e+00 +0.00000000000000000e+00 +3.97013246647378526e-01 -1.94482323481553643e-01 -8.33690031631859618e-01 +9.01591932143750302e-02 +1.87395569786204669e-01 -2.57433990181619055e-01
+0.00000000000000000e+00 +0.00000000000000000e+00 +0.00000000000000000e+00 -2.21111330283037005e-01 +1.79900466301795930e-01 +4.17548164053036686e-01 +6.24496254379911964e-01 +1.81394128568707180e-01 -5.67009462819678234e-01
+0.00000000000000000e+00 +0.00000000000000000e+00 +0.00000000000000000e+00 +8.70761491143880795e-01 +2.45140774774591480e-01 +2.66299862501519546e-01 +1.06796089432095190e-01 +2.81696731536771383e-01 +1.41443826443511583e-01
+0.00000000000000000e+00 +0.00000000000000000e+00 +0.00000000000000000e+00 +5.51227055684234690e-01 -4.69266810348461960e-01 -4.08758863458666188e-01 -7.75314711058879558e-02 -1.25496785912370429e-01 -5.35810613038666395e-01
+0.00000000000000000e+00 +0.00000000000000000e+00 +0.00000000000000000e+00 -1.45133156159260202e-01 -4.03785298523105352e-01 +1.17053724579776666e-02 -5.24025560460523177e-01 -6.77838468256755089e-01 -2.85812887866956189e-01
+0.00000000000000000e+00 +0.00000000000000000e+00 +0.00000000000000000e+00 +3.89831816297792788e-01 +6.79239190983133234e-01 +4.13925736062784488e-01 +1.40348369240676674e-01 -3.94732475104315528e-01 +1.99547913566964025e-01
+0.00000000000000000e+00 +0.00000000000000000e+00 +0.00000000000000000e+00 +2.46752207709308391e-01 +4.22965197851348229e-01 -5.91312786152487391e-01 +4.66890460404597196e-01 -4.25051209028008581e-01 -1.09122619180197347e-01
+0.00000000000000000e+00 +0.00000000000000000e+00 +0.00000000000000000e+00 -1.94279055684373952e-01 +5.85937495718175883e-01 +2.85063060660988798e-01 +2.77170006977309202e-01 +1.60903167569833916e-01 +6.59514146155093961e-01
+0.00000000000000000e+00 +0.00000000000000000e+00 +0.00000000000000000e+00 -1.22651111284589914e-01 -1.76392194587241258e-01 -5.36821058419550967e-01 -2.98627365303724523e-01 +6.16409876020632241e-01 +4.43312769117526762e-01
+0.00000000000000000e+00 +0.00000000000000000e+00 +0.00000000000000000e+00 +3.50501010178100925e-01 -5.98487939965329674e-01 +4.04137975457682430e-01 -3.11283964123916235e-01 +4.27441623056564635e-01 +2.75734794560321517e-01
+0.00000000000000000e+00 +0.00000000000000000e+00 +0.00000000000000000e+00 -7.30054415113796096e-01 +3.71256839082013679e-01 +5.24132964329714235e-01 -2.85035917540678481e-02 -2.31298282806784272e-01 -1.27356090699244917e-02
+0.00000000000000000e+00 +0.00000000000000000e+00 +0.00000000000000000e+00 -1.98574577158499244e-01 -3.83096807844171161e-01 -3.76659077201824510e-01 -5.61292025504491865e-01 +2.50856883078263038e-01 -5.42176169713058265e-01
+0.00000000000000000e+00 +0.00000000000000000e+00 +0.00000000000000000e+00 +4.75480911182377286e-01 +5.89051200913033979e-01 -5.67398157592283070e-01 -9.08551199002467086e-02 -2.22565896710742839e-01 +2.17268693958025672e-01
+0.00000000000000000e+00 +0.00000000000000000e+00 +0.00000000000000000e+00 -5.51850556951499316e-01 +1.46134883472188504e-01 +2.19828846561096886e-01 +3.16242838206407861e-01 -4.02869090699042420e-01 +6.02882907277184299e-01
+0.00000000000000000e+00 +0.00000000000000000e+00 +0.00000000000000000e+00 +3.44003960618783799e-01 -3.54465713608965893e-01 -8.50655474790048133e-02 -3.81033558289451568e-01 +3.01217624030114706e-01 -7.16142832134278651e-01
+0.00000000000000000e+00 +0.00000000000000000e+00 +0.00000000000000000e+00 +2.84694460997030552e-01 -5.75221459257106882e-01 +2.41757969487967246e-02 +1.01208939182960450e-01 -1.97329395997647788e-01 +7.33691166386981175e-01
+0.00000000000000000e+00 +0.00000000000000000e+00 +0.00000000000000000e+00 +6.71526642696901876e-01 +1.97932389866976227e-01 -2.32269311506364567e-01 -3.46249693094943245e-02 -6.49281276657360462e-01 +1.82100629885344034e-01
+0.00000000000000000e+00 +0.00000000000000000e+00 +0.00000000000000000e+00 +4.76413859763573033e-01 -4.69888415909428481e-01 -4.84024186233599718e-01 +1.56387909023598920e-01 -5.38665898008094501e-01 -5.77682455555269814e-02
+0.00000000000000000e+00 +0.00000000000000000e+00 +0.00000000000000000e+00 -2.67553268733103700e-01 -2.95756853826530997e-01 -9.02305727808753066e-01 +1.33274844622817995e-01 -7.95223707084869585e-02 +5.19760879255618743e-02
+0.00000000000000000e+00 +0.00000000000000000e+00 +0.00000000000000000e+00 +8.43134945178709905e-01 +1.69144767638487931e-01 -2.51810991999074363e-01 -3.97838720073930063e-01 -8.64053336454095322e-02 -1.77096604244746852e-01
+0.00000000000000000e+00 +0.00000000000000000e+00 +0.00000000000000000e+00 +1.96064953129655384e-01 +2.19957478782361049e-01 +4.43025284461975810e-01 +8.20080388632307589e-01 -1.95077316894127523e-01 +7.94911040521534135e-02
+0.00000000000000000e+00 +0.00000000000000000e+00 +0.00000000000000000e+00 +2.72180747520271049e-01 +1.84103370039817332e-01 -8.41967258820457198e-01 +1.35677665957922855e-01 -1.93474884575311451e-01 +3.56754488258289260e-01
+0.00000000000000000e+00 +0.00000000000000000e+00 +0.00000000000000000e+00 +2.01992056224601951e-01 +2.72954931338250162e-01 +1.95738615783072667e-01 +3.83611683055160635e-01 +6.94116872160787990e-01 +4.66288594517307642e-01
+0.00000000000000000e+00 +0.00000000000000000e+00 +0.00000000000000000e+00 +7.40691247138773989e-01 +5.89639590892957408e-02 -8.32877066373376995e-02 +1.58807891027219039e-01 +1.92086373907738694e-01 -6.15504479731934895e-01
+0.00000000000000000e+00 +0.00000000000000000e+00 +0.00000000000000000e+00 +5.34466564299163838e-01 +3.09686554032050018e-02 +7.31642873536328509e-01 -6.99749628169112903e-02 +3.36221391681620074e-01 +2.45242369884805550e-01
+0.00000000000000000e+00 +0.00000000000000000e+00 +0.00000000000000000e+00 +1.74895579922930394e-01 -9.97758093029057630e-02 +2.16380396163330879e-01 +6.62046826717504699e-01 -5.43818860842318563e-01 -4.22600158522234093e-01
+0.00000000000000000e+00 +0.00000000000000000e+00 +0.00000000000000000e+00 +5.83573597263475463e-01 +3.78774859599158228e-02 +2.16182368902662403e-01 -4.19061231887943753e-01 +6.16804397051345488e-01 +2.34973095729366283e-01
+0.00000000000000000e+00 +0.00000000000000000e+00 +0.00000000000000000e+00 +2.74372796069033864e-01 +1.85667107054381442e-01 -9.64875767643843252e-02 -7.42723626883752375e-01 -3.88354506128413379e-01 -4.22468736481002916e-01
+0.00000000000000000e+00 +0.00000000000000000e+00 +0.00000000000000000e+00 -9.43496860476075061e-01 +4.72139498610858396e-02 -1.14905678376950468e-01 +8.98422261386082749e-02 +2.87781617660752553e-01 -5.90873694291518259e-02
+0.00000000000000000e+00 +0.00000000000000000e+00 +0.00000000000000000e+00 +2.28777374340504186e-01 +4.25902476727628265e-01 -4.58236359608647281e-01 -1.55646643476298141e-01 +5.19923549256054218e-01 +5.11606349983364739e-01
+0.00000000000000000e+00 +0.00000000000000000e+00 +0.00000000000000000e+00 +2.87528680917281509e-01 -4.35784147638981878e-01 -3.06883004815876548e-01 +3.11390666785561557e-02 +7.70303888544574433e-01 +1.97242321754761973e-01
+0.00000000000000000e+00 +0.00000000000000000e+00 +0.00000000000000000e+00 -1.04739761044510327e-01 +3.99732838887395303e-01 +6.16617419012087040e-02 -2.93808486177692223e-02 -5.31376734922677119e-01 +7.36353584139091466e-01
+0.00000000000000000e+00 +0.00000000000000000e+00 +0.00000000000000000e+00 -7.82177727155296654e-01 +1.73594551882167908e-01 -4.14638022507735737e-01 -3.80670483723454967e-01 -1.31106991614448637e-01 -1.55045749898014923e-01
+0.00000000000000000e+00 +0.00000000000000000e+00 +0.00000000000000000e+00 +2.13661663552291298e-01 +3.13698559422658285e-01 -5.19535696803297253e-01 +2.01180209398058668e-01 +7.14851976799594335e-01 -1.85843325690202232e-01
+0.00000000000000000e+00 +0.00000000000000000e+00 +0.00000000000000000e+00 +4.67879047417677385e-01 +3.95753483791295879e-01 +1.14648328888682025e-01 +6.97151866151795807e-01 -1.33002566626257840e-02 +3.53732266596346545e-01
+0.00000000000000000e+00 +0.00000000000000000e+00 +0.00000000000000000e+00 +3.48240471712316646e-01 +6.07695013623695601e-01 -6.55789076212859312e-01 +4.52396158876595695e-03 +2.78689762397393570e-01 +4.10801887141727176e-02
+0.00000000000000000e+00 +0.00000000000000000e+00 +0.00000000000000000e+00 -5.70175768840421759e-01 -1.84672170897569404e-01 +5.44217554683653404e-01 +3.05608758514028522e-01 -2.76988860681380350e-03 +5.01217168035950067e-01
+0.00000000000000000e+00 +0.00000000000000000e+00 +0.00000000000000000e+00 -5.03181381375037651e-01 +4.54249903865845905e-01 -1.78399565178374908e-01 +2.83551297251520784e-01 +5.24424235738498168e-01 +3.91429431975442277e-01
+0.00000000000000000e+00 +0.00000000000000000e+00 +0.00000000000000000e+00 +4.04657005409246651e-01 +4.88165084602933175e-01 -6.70976653540946572e-02 -5.58244552719454057e-01 -1.30350015214485637e-01 +5.14604075328307431e-01
+0.00000000000000000e+00 +0.00000000000000000e+00 +0.00000000000000000e+00 -1.58348784588046715e-01 +5.71188410311568862e-01 -7.11006109851106238e-01 +2.48756248497731536e-01 +2.55244645572953011e-01 -1.26926253546303297e-01
+0.00000000000000000e+00 +0.00000000000000000e+00 +0.00000000000000000e+00 +1.93253218147740824e-01 +6.73080023051732645e-01 +3.81019248009390799e-01 -1.97542588573481788e-02 +4.32815293611275020e-01 +4.20382563581985447e-01
+0.00000000000000000e+00 +0.00000000000000000e+00 +0.00000000000000000e+00 -5.70561730886217977e-01 +1.53837731839912534e-01 +5.59242291764746824e-01 -1.40209614993686282e-01 +6.84932032299281207e-02 +5.60081482988693313e-01
+0.00000000000000000e+00 +0.00000000000000000e+00 +0.00000000000000000e+00 -7.83787166048284689e-01 +1.67757075224480134e-01 -1.02464127419394889e-02 +5.36002063481004543e-01 -1.04812635129951305e-03 -2.64822473463461161e-01
+0.00000000000000000e+00 +0.00000000000000000e+00 +0.00000000000000000e+00 -5.38983271844150513e-01 +9.53873373312595363e-02 -6.80896585336062676e-01 +1.75323591612292579e-01 +3.72559527493748321e-01 -2.59305158692453019e-01
+0.00000000000000000e+00 +0.00000000000000000e+00 +0.00000000000000000e+00 -6.65645774501011922e-02 +4.90960396283584982e-02 -1.42279060179488187e-01 -1.99148590497855493e-01 -3.28829889014922438e-01 -9.08364545735517503e-01
+0.00000000000000000e+00 +0.00000000000000000e+00 +0.00000000000000000e+00 +5.20629293368854329e-01 -4.78974268067422770e-01 +3.11505559715290259e-01 -4.99758413009765645e-01 -2.21770086107609732e-01 +3.21795949657188773e-01
+0.00000000000000000e+00 +0.00000000000000000e+00 +0.00000000000000000e+00 +5.37714550007677317e-01 -8.33125125888017209e-02 -2.00800019486396475e-01 -4.40048726990151740e-01 +5.91030900003934989e-01 -3.47334180934341930e-01
+0.00000000000000000e+00 +0.00000000000000000e+00 +0.00000000000000000e+00 +4.43982991719895304e-01 -5.40274458098334520e-01 +4.24627818675644697e-01 +3.13204066433849793e-01 -4.94363307785940786e-02 +4.79721888770166582e-01
+0.00000000000000000e+00 +0.00000000000000000e+00 +0.00000000000000000e+00 -1.33858152290459359e-01 +2.54468198018356684e-01 +7.91328621861361992e-01 +2.62354266956367543e-01 -4.45652295198595505e-01 -1.53919504545990349e-01
+0.00000000000000000e+00 +0.00000000000000000e+00 +0.00000000000000000e+00 +1.48615592311291650e-01 +3.18201306563808184e-01 -2.65767819910575187e-01 +1.17778116836335087e-01 +8.55496547564256860e-01 +2.45525502592201905e-01
+0.00000000000000000e+00 +0.00000000000000000e+00 +0.00000000000000000e+00 -1.99098098083410682e-02 -3.00273828646150820e-01 +8.74090353309236318e-03 +4.27608278584142909e-01 +7.36368289356161720e-01 +4.29273486749402244e-01
+0.00000000000000000e+00 +0.00000000000000000e+00 +0.00000000000000000e+00 -7.86438085318242108e-01 +4.08988257815617699e-03 -4.43631364230532954e-01 +4.25028912839402806e-01 +4.31761223344577783e-02 -4.66462131704773325e-02
+0.00000000000000000e+00 +0.00000000000000000e+00 +0.00000000000000000e+00 -4.44938786977243816e-01 -5.26672605693281823e-02 +1.57862019520138119e-01 +8.47022353929330341e-01 +2.24908758864620029e-01 -7.94002545988188035e-02
+0.00000000000000000e+00 +0.00000000000000000e+00 +0.00000000000000000e+00 -3.64362313718162412e-01 +1.81176415212374570e-01 -6.96864717387681187e-01 +1.47823051367908465e-01 +3.25757038478631467e-01 +4.69920710268062203e-01
+0.00000000000000000e+00 +0.00000000000000000e+00 +0.00000000000000000e+00 +4.52476471470353969e-01 +1.13816261488732764e-01 -7.65351211457933611e-01 -3.96874154875192620e-01 +9.21166141229343427e-02 -1.74796622109719718e-01
+0.00000000000000000e+00 +0.00000000000000000e+00 +0.00000000000000000e+00 +4.29613676683752388e-01 -6.06946743531958988e-01 -3.35026675373242544e-01 -2.30860754999346579e-01 -2.92036770280597324e-01 +4.42970318097928639e-01
+0.00000000000000000e+00 +0.00000000000000000e+00 +0.00000000000000000e+00 -2.44513465322208329e-01 -7.40472303404821324e-03 -2.85444813856840840e-01 -7.24220847020318748e-01 -1.48939293917538879e-01 -5.58570358203570483e-01
+0.00000000000000000e+00 +0.00000000000000000e+00 +0.00000000000000000e+00 -1.84051346900321516e-01 -6.77662026440899901e-01 -4.07673939567651855e-01 +1.29902566212845988e-01 -5.55521413808613085e-01 +1.23379579805484599e-01
+0.00000000000000000e+00 +0.00000000000000000e+00 +0.00000000000000000e+00 +4.99506897684129481e-01 +1.68182428703397696e-01 -7.03003297782965331e-02 +7.75074261710012813e-01 -1.38703474455203285e-01 -3.11908044915804428e-01
+0.00000000000000000e+00 +0.00000000000000000e+00 +0.00000000000000000e+00 -2.90418492393366923e-01 -2.14703597857853784e-01 +7.43131095524083074e-01 +3.80796514451494983e-01 +3.92284986302748773e-01 +1.35728196448187538e-01
+0.00000000000000000e+00 +0.00000000000000000e+00 +0.00000000000000000e+00 -3.73946242457630779e-02 +3.81611363181386165e-01 +2.63914704711961767e-01 -6.72504793083222308e-01 +9.70397285733580750e-02 +5.67136696541197138e-01
+0.00000000000000000e+00 +0.00000000000000000e+00 +0.00000000000000000e+00 +3.31396439589633995e-01 +3.89849408113384477e-01 -1.45759241728754707e-01 +7.32261912076340393e-01 +4.05328929326175202e-01 -1.28253785305599610e-01
+0.00000000000000000e+00 +0.00000000000000000e+00 +0.00000000000000000e+00 -1.24077932320114825e-01 -2.59823476943864207e-01 -8.52724508115946689e-01 -2.36792433974408523e-01 +1.68654242086770684e-01 -3.24719002580685923e-01
+0.00000000000000000e+00 +0.00000000000000000e+00 +0.00000000000000000e+00 +5.88288996575040635e-01 +2.68593473218457279e-01 -6.01571089234492207e-01 +3.91873142722863277e-01 +1.73171483336200249e-01 -1.90611921510829951e-01
+0.00000000000000000e+00 +0.00000000000000000e+00 +0.00000000000000000e+00 +6.12990980883652115e-01 +2.36851295574886350e-01 +3.35583946950927303e-01 -1.24730461309717600e-01 +2.12686433954845766e-01 +6.28278384573008553e-01
+0.00000000000000000e+00 +0.00000000000000000e+00 +0.00000000000000000e+00 +4.29253233515527743e-01 -8.81850193349158040e-01 -1.87086581962696979e-01 -1.45131827497129353e-02 -3.31027855743425553e-02 -4.21198524418587919e-02
+0.00000000000000000e+00 +0.00000000000000000e+00 +0.00000000000000000e+00 -7.45798372256482878e-02 -7.75153693541277389e-01 -2.89431353260071411e-01 +2.40229423691154159e-01 +2.18153313565859319e-01 +4.52220130900877482e-01
+0.00000000000000000e+00 +0.00000000000000000e+00 +0.00000000000000000e+00 +2.21335006978319843e-01 -1.86413419709834355e-01 -8.41773614504570666e-01 -1.34803567531708246e-01 -4.16820697067392498e-01 +1.25564876613167592e-01
+0.00000000000000000e+00 +0.00000000000000000e+00 +0.00000000000000000e+00 +4.76220262833949193e-01 +2.93550206573344852e-01 +2.95495028366108914e-01 +2.99982632037751051e-01 -6.08006184926780713e-01 -3.74251419856369116e-01
+0.00000000000000000e+00 +0.00000000000000000e+00 +0.00000000000000000e+00 +7.03462013514485618e-02 +1.61982944435908410e-01 -2.01668873738598986e-01 +3.61980264664304552e-01 -5.41929858267176434e-01 -7.09524432098273872e-01
+0.00000000000000000e+00 +0.00000000000000000e+00 +0.00000000000000000e+00 +2.88007542668356376e-01 +7.69016173171095607e-01 -3.83023511066406697e-01 +4.06088057649247325e-01 -6.84247515454142717e-03 -1.18340359582866025e-01
+0.00000000000000000e+00 +0.00000000000000000e+00 +0.00000000000000000e+00 +4.14065337180767545e-01 +4.16559030582520695e-01 -2.28816580673853520e-01 +8.56707133326449766e-02 +4.33422619690014221e-01 -6.38339098451892628e-01
+0.00000000000000000e+00 +0.00000000000000000e+00 +0.00000000000000000e+00 -6.35664685182988909e-01 -1.29153045147518436e-01 -4.96920480248658925e-01 -3.25089048016725835e-01 +4.21224267202023661e-01 +2.21826875805151841e-01
+0.00000000000000000e+00 +0.00000000000000000e+00 +0.00000000000000000e+00 +1.55426495305322904e-01 +1.27836603388450182e-01 -5.44810492156951209e-01 +8.09393763177060355e-01 -1.02665752429933858e-02 -8.63612678795663558e-02
+0.00000000000000000e+00 +0.00000000000000000e+00 +0.00000000000000000e+00 +4.00392192215330622e-01 -2.68393724193197070e-01 -8.69409702622771403e-04 -8.54255775590571309e-01 +8.24688488812146681e-02 +1.76340874977514633e-01
+0.00000000000000000e+00 +0.00000000000000000e+00 +0.00000000000000000e+00 +7.16743603234541893e-01 +2.19590381813407537e-01 -6.60081597089600264e-02 +9.35418908938764567e-04 -4.14575168826124218e-01 -5.11691458472290028e-01
+0.00000000000000000e+00 +0.00000000000000000e+00 +0.00000000000000000e+00 -2.35283072927958858e-01 -4.73884581500169599e-01 +4.79354730658412942e-01 -1.68867104860634887e-01 +1.27089125660787866e-01 -6.67552676753041085e-01
+0.00000000000000000e+00 +0.00000000000000000e+00 +0.00000000000000000e+00 +1.50223478947215078e-01 +5.03103165640222283e-01 -4.45404598002744345e-01 +6.37848336158164941e-01 +1.59164423085715739e-01 +3.06187918863315922e-01
+0.00000000000000000e+00 +0.00000000000000000e+00 +0.00000000000000000e+00 -9.91508637287280038e-03 -7.87176473460161619e-01 +3.42596544028687597e-02 +2.00259990576180685e-01 +4.67768589287038350e-01 -3.46654943458303944e-01
+0.00000000000000000e+00 +0.00000000000000000e+00 +0.00000000000000000e+00 -3.19895288033550773e-01 -2.35779775584895379e-01 -6.91254453771537158e-01 +2.23507447430064343e-01 -2.00958744403931910e-01 +5.23356653011093353e-01
+0.00000000000000000e+00 +0.00000000000000000e+00 +0.00000000000000000e+00 +1.85595002597151976e-01 +1.98520959807403419e-01 -4.29530980678314092e-02 -3.09851184895149234e-01 +3.25593297440215812e-01 +8.49870697680279452e-01
+0.00000000000000000e+00 +0.00000000000000000e+00 +0.00000000000000000e+00 +1.30282667714129913e-01 -7.24209882014079764e-01 -8.19952708075592784e-02 +3.80018443158382679e-01 -4.82229939320245715e-01 -2.73611983170161444e-01
+0.00000000000000000e+00 +0.00000000000000000e+00 +0.00000000000000000e+00 +6.81438767577831395e-01 -3.72035142817748743e-01 -4.30535952979050340e-02 +5.89063754190260580e-01 -1.63039639862040814e-01 -1.47646252290534769e-01
+0.00000000000000000e+00 +0.00000000000000000e+00 +0.00000000000000000e+00 -4.94455002055834980e-01 +7.87034121397706010e-01 +2.58718017259648880e-01 -1.32246803327556783e-01 +1.02707163382043290e-01 +2.02777098910597253e-01
+0.00000000000000000e+00 +0.00000000000000000e+00 +0.00000000000000000e+00 -4.84250297161314347e-01 -1.13760026461473471e-01 -2.35439468540241725e-01 +5.59095896002256842e-01 -3.92752600156566212e-01 +4.79880961151661067e-01
+0.00000000000000000e+00 +0.00000000000000000e+00 +0.00000000000000000e+00 +1.84205866965705019e-02 -7.36907250805476588e-01 +6.08465070494293658e-01 -2.65819727124701144e-01 +1.34594661581317106e-02 -1.24729143052176125e-01
+0.00000000000000000e+00 +0.00000000000000000e+00 +0.00000000000000000e+00 -3.43019941363730985e-01 +6.21030560240044660e-01 +3.74367696593345456e-01 +1.12167515172894666e-01 +5.84208262798737943e-01 +5.12478783928763462e-02
+0.00000000000000000e+00 +0.00000000000000000e+00 +0.00000000000000000e+00 +2.15434556648203858e-02 +1.68176599931918969e-01 -9.39349035485957384e-01 -1.70239997671525513e-02 +2.96400997081556428e-01 +2.70653403072284617e-02
+0.00000000000000000e+00 +0.00000000000000000e+00 +0.00000000000000000e+00 +1.17189011822964262e-01 -1.05971058551364405e-01 +7.88728243869304513e-01 +2.98222943122682771e-01 +6.82031086744758902e-02 +5.09270104897868614e-01
+0.00000000000000000e+00 +0.00000000000000000e+00 +0.00000000000000000e+00 +3.36926310996324585e-01 +6.18209922030447001e-01 -4.29025042703326878e-02 -2.29670237712554896e-02 -5.17669301012953054e-01 +4.83681236969868478e-01
+0.00000000000000000e+00 +0.00000000000000000e+00 +0.00000000000000000e+00 -7.38222063380697541e-02 +8.83357626548313735e-01 -1.76876040983094500e-02 +1.42006433055440140e-01 -1.16144538816793347e-01 -4.24571964695593218e-01
+0.00000000000000000e+00 +0.00000000000000000e+00 +0.00000000000000000e+00 -4.65053013850134034e-01 -6.76324151418943642e-01 +1.64761318140315471e-01 +3.85142890669110227e-01 +2.60425116583418881e-01 -2.88112403378565862e-01
+0.00000000000000000e+00 +0.00000000000000000e+00 +0.00000000000000000e+00 -5.66875660328718500e-01 -8.27951579522702708e-02 -2.64675250136624296e-01 -7.01677206318616631e-01 -3.18177183085805393e-01 +9.03124454775565966e-02
+0.00000000000000000e+00 +0.00000000000000000e+00 +0.00000000000000000e+00 +1.88690165157226447e-01 -4.21280967385277705e-01 -1.45845119079106078e-01 +6.41975914456686558e-01 +4.47984054044635427e-01 -3.90928103251606429e-01
+0.00000000000000000e+00 +0.00000000000000000e+00 +0.00000000000000000e+00 +3.73703043051833439e-02 -5.97208681060431151e-02 -1.88864308388710031e-02 -5.67273467910397011e-01 +6.57152070110999409e-01 -4.90950252421472166e-01
+0.00000000000000000e+00 +0.00000000000000000e+00 +0.00000000000000000e+00 -2.37609928004662990e-01 -5.07598145138882129e-01 +1.89321137317384203e-01 +4.72066244683972902e-01 -1.34504156835404953e-01 +6.39613355515662896e-01
+0.00000000000000000e+00 +0.00000000000000000e+00 +0.00000000000000000e+00 +3.46418742675663360e-01 -7.77955790889352294e-01 +2.10972339132054792e-01 -3.62912895935788404e-01 +2.03114444079581236e-01 -2.39391451049587006e-01
+0.00000000000000000e+00 +0.00000000000000000e+00 +0.00000000000000000e+00 -6.19579551305319831e-01 -3.59939562313281447e-01 +2.87952403077783269e-02 +1.07261698227384031e-01 +6.87268760034076220e-01 -4.34983309592455319e-02
+0.00000000000000000e+00 +0.00000000000000000e+00 +0.00000000000000000e+00 -1.16723186372110627e-01 +4.76122482073955910e-01 -4.50216933208685943e-01 -6.58109469798052626e-01 +2.95606557400765135e-01 +1.91040524137777473e-01
+0.00000000000000000e+00 +0.00000000000000000e+00 +0.00000000000000000e+00 -2.56752025287434293e-01 +7.37844576451414880e-01 -2.82138961871059996e-02 +3.95927460313592494e-01 +4.12192973903533100e-01 -2.49411613619265921e-01
+0.00000000000000000e+00 +0.00000000000000000e+00 +0.00000000000000000e+00 -2.50603873392752849e-02 +8.02434069955845652e-01 -8.72517939197264419e-02 +5.54883221604789090e-01 -1.46639759033331818e-01 +1.35867789672273254e-01
+0.00000000000000000e+00 +0.00000000000000000e+00 +0.00000000000000000e+00 -1.06871725137002854e-01 -9.73451178995784705e-01 +1.52144583073747675e-01 +5.69022491794538218e-02 +6.99799276428190176e-02 +9.84286852736463019e-02
+0.00000000000000000e+00 +0.00000000000000000e+00 +0.00000000000000000e+00 -1.49306567625469760e-01 -5.96351603666398278e-01 +2.86026750266870744e-01 -5.60719777388008045e-01 +2.82291547574194612e-01 +3.82316394121803405e-01
+0.00000000000000000e+00 +0.00000000000000000e+00 +0.00000000000000000e+00 -6.61997638955074796e-01 -4.00728900253794873e-01 +4.12559125248990743e-01 -4.53192378638400339e-01 -1.54738254031252381e-01 -4.05361983479751997e-02
+0.00000000000000000e+00 +0.00000000000000000e+00 +0.00000000000000000e+00 -2.60542997107853114e-01 -6.26046654143768366e-01 -6.43205689116869705e-01 -3.49139653849395326e-01 +1.76016934123919186e-03 +6.75853452677253053e-02
+0.00000000000000000e+00 +0.00000000000000000e+00 +0.00000000000000000e+00 +5.61751334666383828e-01 +7.06295771069771205e-02 -2.78441579217917623e-01 +5.68806566949400377e-02 -2.91558854093626973e-01 +7.16711387724809024e-01
+0.00000000000000000e+00 +0.00000000000000000e+00 +0.00000000000000000e+00 +4.62547943742856349e-01 -1.99205760776798108e-01 -1.34910301326950338e-01 -6.13199870393284940e-01 -4.89727644986882760e-01 +3.35139415607481506e-01
+0.00000000000000000e+00 +0.00000000000000000e+00 +0.00000000000000000e+00 -5.26135381164400950e-01 -4.29418751874329652e-01 -3.19017350137950073e-01 -3.25730167722072528e-02 -4.53913880162711447e-01 +4.79489535350494878e-01
+0.00000000000000000e+00 +0.00000000000000000e+00 +0.00000000000000000e+00 -3.02667768089029843e-01 +4.32321151763073036e-03 +2.69119088577246091e-01 -6.62357340898404923e-01 -4.90386580724341825e-01 -3.95919439493711223e-01
+0.00000000000000000e+00 +0.00000000000000000e+00 +0.00000000000000000e+00 -1.53632087636508419e-02 +6.01911485983293582e-01 -2.19171726832205482e-01 -2.39549351793725551e-01 +6.60867571646565954e-01 -3.08707709356980220e-01
+0.00000000000000000e+00 +0.00000000000000000e+00 +0.00000000000000000e+00 -6.06664504017767614e-02 -3.83053960316478204e-01 +1.61699466079313139e-02 -4.99941115119411528e-01 -1.20818410744314819e-01 -7.64715353021360844e-01
+0.00000000000000000e+00 +0.00000000000000000e+00 +0.00000000000000000e+00 -2.68605438541237751e-01 -6.52614631463308892e-01 -7.15653784704262247e-02 -1.05850507491991194e-01 +1.08346286800349884e-01 +6.88389722461577702e-01
+0.00000000000000000e+00 +0.00000000000000000e+00 +0.00000000000000000e+00 +1.28622783492959164e-01 -2.11490158972636733e-01 -6.38255113824989451e-01 -5.89523071693150436e-01 +4.28743505496988309e-01 +2.37352330171646073e-04
+0.00000000000000000e+00 +0.00000000000000000e+00 +0.00000000000000000e+00 -3.62817078871067733e-01 +1.51477598820028859e-02 -1.76236945802209777e-01 +7.62088272124405663e-01 -5.04318570150266932e-01 +4.42616863253104259e-02
+0.00000000000000000e+00 +0.00000000000000000e+00 +0.00000000000000000e+00 +7.78951887550565769e-01 -2.96261090604459987e-01 +2.76212405982849463e-01 -2.23843573359674086e-01 +4.16983377536321143e-01 -7.20343486151334561e-02
+0.00000000000000000e+00 +0.00000000000000000e+00 +0.00000000000000000e+00 -2.07249405842252959e-01 +4.83981346496286047e-01 -2.69841027774157693e-01 +8.33209870255851442e-02 +6.11172298545571979e-02 +7.99573547015813180e-01
+0.00000000000000000e+00 +0.00000000000000000e+00 +0.00000000000000000e+00 +3.59188758167144517e-01 -2.46171455115757110e-01 +5.88115198909209894e-02 -2.02846159709827584e-01 -4.38937142984174855e-01 -7.57041528464932112e-01
+0.00000000000000000e+00 +0.00000000000000000e+00 +0.00000000000000000e+00 -3.50290718917543153e-01 +2.38901936127147385e-01 +6.00494616380662816e-01 -3.81902465564469440e-01 +4.06129827760066842e-01 -3.85794715687150958e-01
+0.00000000000000000e+00 +0.00000000000000000e+00 +0.00000000000000000e+00 -2.37914844706209050e-01 +3.93642414495350479e-01 +2.97767263238831792e-01 -3.81442241383193395e-02 -1.62565383071704567e-01 -8.19691617325432387e-01
+0.00000000000000000e+00 +0.00000000000000000e+00 +0.00000000000000000e+00 -3.36776489946946159e-02 -2.55183339258223396e-01 -8.53539849582499871e-02 +2.93479618432740848e-02 -7.54820303429318606e-01 -5.96529113490260943e-01
+0.00000000000000000e+00 +0.00000000000000000e+00 +0.00000000000000000e+00 +4.22152844004864636e-01 -1.66414675915074084e-01 +5.75933137604771161e-01 +5.27539722892549467e-01 -4.27408512105017291e-01 -3.76557764232308551e-02
+0.00000000000000000e+00 +0.00000000000000000e+00 +0.00000000000000000e+00 -6.43280876839657650e-02 -4.55970973544315150e-01 +4.05071074752500981e-01 +2.51425285576495280e-02 -7.41693622164213973e-01 -2.70422293676913617e-01
+0.00000000000000000e+00 +0.00000000000000000e+00 +0.00000000000000000e+00 +2.44595291106618817e-01 -6.38136916571896751e-01 -1.44114986890347435e-01 -6.18218558498935478e-01 -1.53032262721857076e-01 -3.26454024824173850e-01
+0.00000000000000000e+00 +0.00000000000000000e+00 +0.00000000000000000e+00 +8.54116651562922408e-02 +3.59973402320662883e-01 +4.48444686406457016e-01 +3.25112342086722350e-01 -7.08671195475305882e-01 +2.32612256850787874e-01
+0.00000000000000000e+00 +0.00000000000000000e+00 +0.00000000000000000e+00 +2.41514741785429532e-01 -5.58924855407237242e-01 -1.84359239642822165e-01 +2.83375457154552812e-01 +1.01543163459490243e-01 -7.10403154908340939e-01
+0.00000000000000000e+00 +0.00000000000000000e+00 +0.00000000000000000e+00 +1.81439901006250792e-01 +7.70751343797563826e-02 -3.43540693648996920e-01 -2.04508076520709847e-01 -8.55610172255767853e-01 -2.63109212230596801e-01
+0.00000000000000000e+00 +0.00000000000000000e+00 +0.00000000000000000e+00 +5.85365758179446707e-02 -5.27792306587170981e-02 -3.94329235054556804e-01 +4.97186344948625902e-01 +1.62728386313399614e-01 -7.51410332087824817e-01
+0.00000000000000000e+00 +0.00000000000000000e+00 +0.00000000000000000e+00 +4.19164713048376866e-02 -5.29359710096971581e-01 -2.11403294318773249e-01 -3.85469530300241836e-01 -5.54440137722351900e-01 +4.66196663226048469e-01
+0.00000000000000000e+00 +0.00000000000000000e+00 +0.00000000000000000e+00 -4.34816211293218902e-01 +4.92004548966937849e-01 -3.17949451374950343e-01 +2.62629168803097002e-01 -1.00525439677944493e-02 -6.31426479185335454e-01
+0.00000000000000000e+00 +0.00000000000000000e+00 +0.00000000000000000e+00 -4.45157600873197168e-01 -2.50637375618286973e-01 +1.40989361545716591e-01 -8.12062059727198027e-01 +4.45615442271930576e-02 -2.40223013440921535e-01
+0.00000000000000000e+00 +0.00000000000000000e+00 +0.00000000000000000e+00 +2.96797338950698653e-01 +2.49060953744307784e-01 +5.11022726590002474e-01 -5.45934423986638051e-01 +2.63776133779600845e-02 -5.38512376867180342e-01
+0.00000000000000000e+00 +0.00000000000000000e+00 +0.00000000000000000e+00 +1.24964485606473955e-01 +9.49901221586196387e-01 +8.52613075488784372e-02 -2.82528389517445050e-02 -2.08038159863086491e-01 +1.75282506637612523e-01
+0.00000000000000000e+00 +0.00000000000000000e+00 +0.00000000000000000e+00 -2.19123443062483964e-01 +3.07132767948755325e-01 -2.48589789467097921e-01 -2.23124927245315130e-01 -6.70956106509248418e-01 -5.43958331221248259e-01
+0.00000000000000000e+00 +0.00000000000000000e+00 +0.00000000000000000e+00 -7.91072951491948728e-02 -6.73203084225796333e-01 -4.55537220839420998e-01 -2.30004178482093286e-01 +5.29165451990794899e-01 -1.03675442176730213e-02
+0.00000000000000000e+00 +0.00000000000000000e+00 +0.00000000000000000e+00 +2.36066710374297106e-01 -5.14245397859166009e-01 -6.54163268250786523e-01 +3.35194706360206873e-01 -2.32470902162289328e-01 -2.92397650437073886e-01
+0.00000000000000000e+00 +0.00000000000000000e+00 +0.00000000000000000e+00 +2.68295120343554461e-01 +2.12867639147125032e-01 -5.61886952212686808e-01 -3.93562920747987155e-01 -1.44633317951736479e-01 +6.25441908003845359e-01
+0.00000000000000000e+00 +0.00000000000000000e+00 +0.00000000000000000e+00 +5.40332410399381319e-02 -3.34372762443543511e-02 -4.10673497177464319e-01 -2.78278743948930873e-01 -7.81298905266312849e-01 +3.73420135279254051e-01
+0.00000000000000000e+00 +0.00000000000000000e+00 +0.00000000000000000e+00 +5.69655609991330802e-01 -1.57002026775618114e-01 +6.43612114082142583e-01 +2.51070873285585527e-01 -1.76358579892510414e-01 +3.77448491964637312e-01
+0.00000000000000000e+00 +0.00000000000000000e+00 +0.00000000000000000e+00 +1.59573212090589694e-01 +4.19064242477718077e-02 +4.42671871930708560e-01 +9.75409661895675073e-02 -2.99266064921015262e-01 +8.23254175630294904e-01
+0.00000000000000000e+00 +0.00000000000000000e+00 +0.00000000000000000e+00 -5.45992998105877203e-01 +1.88285601893422222e-01 -5.20723400846759499e-01 +3.51008635032486860e-01 -4.55110709308990447e-01 -2.54861723988657751e-01
+0.00000000000000000e+00 +0.00000000000000000e+00 +0.00000000000000000e+00 -2.43678074471722794e-01 -7.02804376959707544e-01 -3.61599247433843030e-01 -3.30193830324399029e-01 -2.28739965596193473e-01 -3.93170510794061567e-01
+0.00000000000000000e+00 +0.00000000000000000e+00 +0.00000000000000000e+00 -1.56368122938551651e-01 +5.23278230879121620e-01 +2.09039540801735611e-02 -2.60581843952049363e-01 +6.72619067204645260e-01 +4.25408769251184260e-01
+0.00000000000000000e+00 +0.00000000000000000e+00 +0.00000000000000000e+00 -1.57883082351582327e-01 +1.54062697068711812e-01 +1.79628219303933495e-01 -5.65020780936088318e-01 +7.72953631953489317e-01 +4.86366165461639688e-02
+0.00000000000000000e+00 +0.00000000000000000e+00 +0.00000000000000000e+00 -1.46642933982570861e-01 -1.35552843009118990e-01 +4.91124409512294191e-01 +4.33719535439457904e-01 -7.27322849442074593e-01 +4.25079792976680304e-02
+0.00000000000000000e+00 +0.00000000000000000e+00 +0.00000000000000000e+00 +1.50963749855669415e-02 +6.26911418013048949e-01 +3.54127952131460255e-01 -3.87984546024898513e-01 +5.44486245112588585e-01 -1.85338306551530885e-01
+0.00000000000000000e+00 +0.00000000000000000e+00 +0.00000000000000000e+00 -2.52218184321479022e-01 -3.83684125893326511e-01 -4.65994283223830741e-01 -3.76855238945819904e-01 -7.56472699367278373e-02 +6.51367351398554284e-01
+0.00000000000000000e+00 +0.00000000000000000e+00 +0.00000000000000000e+00 +8.28216125206884479e-01 -1.00052271062563997e-02 +2.33995331765240247e-02 -4.17611844913592545e-01 +1.25765642633792508e-02 +3.72629285274469590e-01
+0.00000000000000000e+00 +0.00000000000000000e+00 +0.00000000000000000e+00 -4.32634423011247993e-01 +2.55038143647640658e-01 -2.83605535037341094e-01 -1.29383954992922212e-01 -6.90599260364958223e-01 +4.16753351012845219e-01
+0.00000000000000000e+00 +0.00000000000000000e+00 +0.00000000000000000e+00 -4.24080014377646065e-04 -2.06179803670982986e-01 -1.71561118445750393e-01 +8.58778178186554220e-01 +4.21605638999248022e-01 +1.13160139566006887e-01
+0.00000000000000000e+00 +0.00000000000000000e+00 +0.00000000000000000e+00 -1.52342770181298992e-01 +2.96302540106205603e-01 +1.17430999405840578e-01 +3.56844663071933632e-01 +8.52370102369685911e-01 -1.46060057859817266e-01
+0.00000000000000000e+00 +0.00000000000000000e+00 +0.00000000000000000e+00 +4.34475655891964130e-01 +9.18581605544399327e-02 -3.88931595150783183e-01 +5.07934475831030019e-01 +5.33325110892589604e-01 +3.30290919378558534e-01
+0.00000000000000000e+00 +0.00000000000000000e+00 +0.00000000000000000e+00 +2.57042808018923541e-01 -1.81265839879146212e-01 +3.85899047264095962e-01 -5.12580358811352665e-01 +1.24932149814929228e-01 +6.88336363388396322e-01
+0.00000000000000000e+00 +0.00000000000000000e+00 +0.00000000000000000e+00 +6.62260910282370885e-01 +5.23473720714797808e-01 -2.75055530500332379e-01 +1.90301144971996988e-01 +1.40711033903405502e-01 +3.94608774274386565e-01
+0.00000000000000000e+00 +0.00000000000000000e+00 +0.00000000000000000e+00 +2.48216523982268678e-02 -8.14702909284446969e-02 -3.32954258608380127e-01 -7.85988026833576492e-01 -4.86395831487792418e-01 -1.65921233506625937e-01
+0.00000000000000000e+00 +0.00000000000000000e+00 +0.00000000000000000e+00 -5.19348233667228043e-01 -8.87651589017655479e-02 +2.67944916803256994e-01 +3.72405504759830641e-01 -3.48648729176987415e-01 -6.24789471725490708e-01
+0.00000000000000000e+00 +0.00000000000000000e+00 +0.00000000000000000e+00 +1.50197178663064757e-01 +3.38723990590589386e-01 +4.09642459918808766e-01 -2.54208540831733720e-01 -4.23639529145397487e-01 -6.71421989411558950e-01
+0.00000000000000000e+00 +0.00000000000000000e+00 +0.00000000000000000e+00 -2.51867529871262985e-01 -2.21502999215282548e-01 +7.02160377172287076e-01 -4.70225490734668516e-01 -9.35390727848905978e-02 -4.05719611542673608e-01
+0.00000000000000000e+00 +0.00000000000000000e+00 +0.00000000000000000e+00 -1.69084906607030405e-01 -3.43924860426453372e-01 +1.61725210436563321e-01 +3.70637410518601829e-01 +6.97612206486917241e-01 -4.50484250925718532e-01
+0.00000000000000000e+00 +0.00000000000000000e+00 +0.00000000000000000e+00 -5.77333587808011132e-03 +5.63468391183172823e-01 -5.12195574533136355e-01 -5.12745614346407086e-01 -2.37056128102363789e-01 +3.17839678543440640e-01
+0.00000000000000000e+00 +0.00000000000000000e+00 +0.00000000000000000e+00 +2.35636682273166725e-01 -7.86514685086446841e-01 +2.29783276136633109e-02 +5.63996294903499895e-01 +7.41684164529263362e-02 -4.18237481191127206e-02
+0.00000000000000000e+00 +0.00000000000000000e+00 +0.00000000000000000e+00 +3.54224270917942244e-02 -3.21156174289693064e-01 +7.77227735127993147e-01 -4.16265360470834511e-01 +3.09608646078442573e-01 +1.49621679805785113e-01
+0.00000000000000000e+00 +0.00000000000000000e+00 +0.00000000000000000e+00 -6.57334488716490167e-02 +6.91725066159608160e-01 -5.46743158743158819e-01 -4.12797418150244386e-02 -4.44308414336267166e-01 +1.38396101025838880e-01
+0.00000000000000000e+00 +0.00000000000000000e+00 +0.00000000000000000e+00 -5.19674973869992951e-01 -2.88626768783084964e-01 +1.91159640785662110e-01 +1.23453389218794687e-01 -7.56805150866884158e-01 +1.48646311496450634e-01
+0.00000000000000000e+00 +0.00000000000000000e+00 +0.00000000000000000e+00 -9.07981226475894215e-02 -5.21301348279701871e-02 +4.85791349644439707e-01 +5.96195323441667369e-01 -3.39836054135621735e-01 +5.31137936126710120e-01
+0.00000000000000000e+00 +0.00000000000000000e+00 +0.00000000000000000e+00 +2.21760293882991733e-01 +4.70177620930055384e-01 +7.10965871173659530e-02 -1.80292714445812630e-01 -8.30824285192793832e-01 +4.38884538960865808e-02
+0.00000000000000000e+00 +0.00000000000000000e+00 +0.00000000000000000e+00 -5.55041440522252794e-01 +4.91231574229089307e-01 -6.41239767956683027e-01 +3.07528580020113365e-02 -6.86454137951500593e-02 -1.83777497708107695e-01
+0.00000000000000000e+00 +0.00000000000000000e+00 +0.00000000000000000e+00 -1.38667942666064692e-01 -6.95489913767099899e-01 -2.06046035617592382e-01 -6.31719332159110136e-01 +2.28248950908638254e-01 -5.86780582229918246e-02
+0.00000000000000000e+00 +0.00000000000000000e+00 +0.00000000000000000e+00 +6.36569058179899505e-01 +4.05277868842362332e-01 -1.93372798232963855e-01 -4.11726565676261036e-01 +4.54314059931318459e-01 -1.31212096101145148e-01
+0.00000000000000000e+00 +0.00000000000000000e+00 +0.00000000000000000e+00 -1.75951659266006463e-02 +5.17545487127275106e-01 -2.18400916765609632e-01 +5.48401329565243012e-01 +2.17617016994967050e-01 -5.79686927652706685e-01
+0.00000000000000000e+00 +0.00000000000000000e+00 +0.00000000000000000e+00 +3.94655062615470897e-01 +6.50037926407413869e-01 +3.93635311342554750e-01 +4.82120885385917630e-01 +1.82186831174464520e-01 +3.34174785027943136e-02
+0.00000000000000000e+00 +0.00000000000000000e+00 +0.00000000000000000e+00 -4.96504400609216856e-01 -7.76515705833698139e-02 +2.57132743773148653e-01 -6.24612707898282160e-01 +1.32835899869049534e-01 +5.23020032770510124e-01
+0.00000000000000000e+00 +0.00000000000000000e+00 +0.00000000000000000e+00 +3.86403387914138308e-01 +5.52946888757528954e-01 -3.17369453911067356e-01 -1.65744756966141847e-02 -6.14832931056751852e-01 -2.56757752345633139e-01
+0.00000000000000000e+00 +0.00000000000000000e+00 +0.00000000000000000e+00 +1.09195028354030874e-01 -4.44670146399406441e-01 +3.66158451073414215e-01 -7.58372608017383376e-01 -1.36230992247383647e-02 -2.84531709951345080e-01
+0.00000000000000000e+00 +0.00000000000000000e+00 +0.00000000000000000e+00 -3.97520721912956232e-01 -4.85229795423072152e-01 -5.23487409059004566e-02 -9.47533414047311562e-02 +2.50496345390755271e-01 -7.29426018076930416e-01
+0.00000000000000000e+00 +0.00000000000000000e+00 +0.00000000000000000e+00 +4.62271731220683435e-01 +2.56121408007124907e-01 +3.30791223771153886e-01 -7.28589463889873890e-01 +2.77633608147059951e-01 +5.79724924992333981e-02
+0.00000000000000000e+00 +0.00000000000000000e+00 +0.00000000000000000e+00 -4.90688201538615310e-01 -6.29713441698093290e-01 -3.49879871254482722e-01 +4.53166389446191753e-01 +1.53844592713339740e-02 -1.86208721051725118e-01
+0.00000000000000000e+00 +0.00000000000000000e+00 +0.00000000000000000e+00 +3.41607865342010208e-01 -1.19949292220356121e-01 -5.35753176778647755e-01 +1.04766084802305134e-01 -6.42105707389762137e-01 +3.98257573960103251e-01
+0.00000000000000000e+00 +0.00000000000000000e+00 +0.00000000000000000e+00 -1.19025951811453895e-01 -7.84413429731607992e-01 +7.51118839524636817e-02 -4.93447451610687024e-02 -8.29356629631934072e-02 -5.96299732412341021e-01
+0.00000000000000000e+00 +0.00000000000000000e+00 +0.00000000000000000e+00 -4.68028662522892713e-01 -2.60989135264257321e-01 +7.93593662622766982e-01 -1.97162591662617903e-01 +7.22745913306800380e-02 +1.97348009548848319e-01
+0.00000000000000000e+00 +0.00000000000000000e+00 +0.00000000000000000e+00 -1.13816820737839955e-01 +6.30478721890949806e-02 +4.18062983586536055e-02 +2.18405101376605931e-01 -9.61633767572148912e-01 -9.42477549057483821e-02
+0.00000000000000000e+00 +0.00000000000000000e+00 +0.00000000000000000e+00 -4.08775413289981293e-01 +1.50075064453426305e-01 -4.50978610025525251e-01 -2.01635427880242531e-03 -1.80873838817556615e-01 -7.57811994207780559e-01
+0.00000000000000000e+00 +0.00000000000000000e+00 +0.00000000000000000e+00 -1.68546527423991288e-01 -1.11521840007236347e-01 -3.58293252444733035e-01 -8.98027726821784222e-01 +1.53721682509063512e-01 -2.63958090076881792e-02
+0.00000000000000000e+00 +0.00000000000000000e+00 +0.00000000000000000e+00 -3.67164636990329307e-01 +5.21324050311066656e-01 +1.07409125615853362e-01 -2.25150209614003227e-01 -1.47296067862180885e-01 +7.13782806705633877e-01
+0.00000000000000000e+00 +0.00000000000000000e+00 +0.00000000000000000e+00 +3.59998433592874534e-01 +2.19645056937243538e-01 +2.23648881099361263e-01 -7.29987199975065809e-02 +8.70595452334609776e-01 -9.41971337660415381e-02
+0.00000000000000000e+00 +0.00000000000000000e+00 +0.00000000000000000e+00 +7.85619943339700311e-01 +5.01215252151422597e-01 -3.89470192486746705e-02 -1.83547097657101393e-01 -1.97132016265029519e-01 +2.39827305439339472e-01
+0.00000000000000000e+00 +0.00000000000000000e+00 +0.00000000000000000e+00 +2.49938821786724913e-01 -2.37539108355995288e-01 +5.35357873885155211e-01 -1.23853770440598421e-01 -1.11420217497431237e-01 -7.52823673189772502e-01
+0.00000000000000000e+00 +0.00000000000000000e+00 +0.00000000000000000e+00 +3.99410463050007380e-01 -2.80250765058449536e-01 -4.61192977648036739e-01 -6.26616021451641636e-01 +1.56189222409571643e-01 -3.63578212385834598e-01
+0.00000000000000000e+00 +0.00000000000000000e+00 +0.00000000000000000e+00 -3.94234446145045103e-01 +8.33017577763279005e-01 -2.69535943902547592e-01 +1.78133932318791405e-01 -2.72714069223653974e-02 +2.13391340208056612e-01
+0.00000000000000000e+00 +0.00000000000000000e+00 +0.00000000000000000e+00 -3.03271477017239721e-01 +1.68607539223433571e-02 -3.67231540178131755e-01 +7.62256659998802100e-01 -8.70773659736200772e-02 -4.29261503894672491e-01
+0.00000000000000000e+00 +0.00000000000000000e+00 +0.00000000000000000e+00 -4.59533249998287985e-01 -2.64450111612924310e-01 -1.00521063751205300e-01 +6.30712063897214459e-01 +2.60315729032489673e-01 -4.93182380087780869e-01
+0.00000000000000000e+00 +0.00000000000000000e+00 +0.00000000000000000e+00 +3.82400708983146459e-02 -7.69244106222833013e-01 +3.78188932705602499e-01 -2.72829174711220146e-01 -4.08105961816201956e-01 +1.50957273937334130e-01
+0.00000000000000000e+00 +0.00000000000000000e+00 +0.00000000000000000e+00 -6.08515752888367789e-01 -2.53428734882397810e-01 -2.74996776193210224e-01 +1.51183531170311081e-01 +4.16086212142635081e-01 -5.42102418251036444e-01
+0.00000000000000000e+00 +0.00000000000000000e+00 +0.00000000000000000e+00 +4.76804505145029534e-01 -2.74537554998938949e-01 +4.60938025701482845e-01 +3.75172532158233929e-01 +4.37822093930206158e-01 +3.90358958410814527e-01
+0.00000000000000000e+00 +0.00000000000000000e+00 +0.00000000000000000e+00 +9.06851056060501981e-01 -9.47876521869520094e-02 +1.93507014907508684e-01 +6.94217072200574159e-02 -1.53123300235729370e-01 +3.20819855663571019e-01
+0.00000000000000000e+00 +0.00000000000000000e+00 +0.00000000000000000e+00 +4.17634524376298666e-01 -8.38079461601584641e-02 -4.33305867199192379e-03 -3.18351930795198357e-01 -2.03714115231741988e-01 +8.22004540271075057e-01
+0.00000000000000000e+00 +0.00000000000000000e+00 +0.00000000000000000e+00 -1.68450056755179572e-01 +5.66085790162367708e-01 +3.57549853791579997e-01 +7.05943500636271648e-01 +1.56846519414499119e-01 -1.93003074070814684e-02
+0.00000000000000000e+00 +0.00000000000000000e+00 +0.00000000000000000e+00 -8.82375161602757307e-01 +1.25304455589470981e-01 +1.34117825140214364e-01 -2.88647390231289824e-01 -3.03613176296674447e-01 +1.10575765280206212e-01
+0.00000000000000000e+00 +0.00000000000000000e+00 +0.00000000000000000e+00 -3.57932287598417553e-01 +2.37225119105773208e-01 +5.32607383504537180e-01 +6.49981238130780570e-01 -2.19963369832502503e-01 -2.47140853373483460e-01
+0.00000000000000000e+00 +0.00000000000000000e+00 +0.00000000000000000e+00 +7.64629270135288586e-01 +1.60686753419297806e-01 +1.64949469247170688e-01 -2.41278744620100682e-01 +2.82815849770131855e-01 -4.73406043092359619e-01
+0.00000000000000000e+00 +0.00000000000000000e+00 +0.00000000000000000e+00 +1.96066509783421328e-01 -1.66758282934930335e-01 +2.63802285511272161e-01 +3.99900430756591485e-01 +8.39103014413797199e-01 -1.19887303473680176e-02
+0.00000000000000000e+00 +0.00000000000000000e+00 +0.00000000000000000e+00 +4.80831063809826820e-01 +6.65624278620948195e-01 -2.51176053580763503e-01 -4.17909000587476320e-01 -1.86551146874094770e-01 -2.30666717844995844e-01
+0.00000000000000000e+00 +0.00000000000000000e+00 +0.00000000000000000e+00 +4.72277825900021708e-01 +8.33862331430963777e-01 +1.43861344650782208e-01 -2.03990403707132839e-01 +1.37964577378154929e-01 -1.68781362479201238e-02
+0.00000000000000000e+00 +0.00000000000000000e+00 +0.00000000000000000e+00 +5.33228214819499446e-01 -1.06193414465026739e-01 +5.91382508167120902e-01 -5.59193247771448632e-01 +1.44938978433847426e-02 +2.04328650097725967e-01
+0.00000000000000000e+00 +0.00000000000000000e+00 +0.00000000000000000e+00 -1.34837918207916546e-01 +1.78270591193167960e-01 +3.74346003152063789e-01 +2.32950881718782699e-01 -6.54495190546211414e-01 -5.72078084103375573e-01
+0.00000000000000000e+00 +0.00000000000000000e+00 +0.00000000000000000e+00 +4.55771398030586083e-02 -3.65049437896537543e-01 +6.77989779302022089e-01 +2.42147695873464186e-01 +5.39789938282948745e-01 -2.34484130150534487e-01
+0.00000000000000000e+00 +0.00000000000000000e+00 +0.00000000000000000e+00 +5.21158977011892177e-01 +4.76680223418670390e-01 +6.62427267609419501e-01 +1.77157356980215275e-03 +2.38121170388906539e-01 -7.51968759235870643e-02
+0.00000000000000000e+00 +0.00000000000000000e+00 +0.00000000000000000e+00 -1.04478024912195239e-01 -2.07649773584664299e-01 -5.05538441549052253e-01 +5.59095846432298704e-02 +4.19925655139495091e-01 -7.14796027169658399e-01
+0.00000000000000000e+00 +0.00000000000000000e+00 +0.00000000000000000e+00 -1.39131485022901596e-01 -1.98149526527309661e-01 -1.62858923245138676e-01 +3.25983172106621366e-01 -8.47131278004581434e-01 +3.01595317373112681e-01
+0.00000000000000000e+00 +0.00000000000000000e+00 +0.00000000000000000e+00 -2.33325727125167998e-01 -2.39015073648277315e-01 -7.53439858438799015e-01 -3.96104478578278241e-01 -3.85115185697263163e-01 +1.24686868361250591e-01
+0.00000000000000000e+00 +0.00000000000000000e+00 +0.00000000000000000e+00 +3.87326183082102538e-01 +2.88926907855676707e-01 +5.97128485208884729e-01 +4.48654237451393823e-01 -1.33860383931260152e-01 -4.36724186184865915e-01
+0.00000000000000000e+00 +0.00000000000000000e+00 +0.00000000000000000e+00 +1.66316456248546518e-01 -3.73956291460502022e-01 -2.15892568971775861e-01 +7.32229082818257604e-01 -1.22476136230664657e-02 +4.99576313846517239e-01
+0.00000000000000000e+00 +0.00000000000000000e+00 +0.00000000000000000e+00 -6.07367094710867583e-01 +4.60786604224220769e-02 +3.39607063087365768e-01 +5.70880175784303723e-01 -4.28520597815842064e-01 +6.41477525823398315e-02
+0.00000000000000000e+00 +0.00000000000000000e+00 +0.00000000000000000e+00 +6.41308067540109633e-02 -2.06103655123463597e-01 +2.19856214024639098e-02 +3.36198574825461838e-01 +1.45849715532651220e-01 +9.04778168495321666e-01
+0.00000000000000000e+00 +0.00000000000000000e+00 +0.00000000000000000e+00 +7.24076118336163588e-01 -4.35616482779246694e-01 -1.94175316838445300e-01 +3.32451099225636260e-01 -1.62192200924435287e-01 +3.33793285882019730e-01
+0.00000000000000000e+00 +0.00000000000000000e+00 +0.00000000000000000e+00 +3.69917375211063160e-01 -7.41008780797851596e-02 +3.03956315975570546e-01 +3.44294545149111675e-01 +1.23016329678261992e-02 -8.04108630329393170e-01
+0.00000000000000000e+00 +0.00000000000000000e+00 +0.00000000000000000e+00 -6.76854114733062340e-01 +3.63137054080338695e-01 +3.47180823354341139e-01 +3.70817433193926294e-01 +1.60716859818394953e-01 +3.55147836016720897e-01
+0.00000000000000000e+00 +0.00000000000000000e+00 +0.00000000000000000e+00 +7.63853821466705329e-01 +1.15929207974486539e-01 +4.91970295011332548e-01 +1.15578222920709975e-01 -3.12548136765570750e-01 -2.23625409080547011e-01
+0.00000000000000000e+00 +0.00000000000000000e+00 +0.00000000000000000e+00 +5.62425824514477646e-01 -4.83364235491598238e-01 -1.86111916975447128e-01 +4.86372677466988701e-01 +3.13635580527047264e-01 +2.83677463623058512e-01
+0.00000000000000000e+00 +0.00000000000000000e+00 +0.00000000000000000e+00 +9.77251587618682693e-02 +4.83237124330567314e-01 -7.54633592595691960e-01 -3.81645476053716515e-01 -1.65564795095923256e-01 -1.19978519629089592e-01
+0.00000000000000000e+00 +0.00000000000000000e+00 +0.00000000000000000e+00 +6.34951822878876554e-02 +7.98722993862882591e-01 -1.37040651943162339e-01 -3.10693925588980235e-01 -1.18199108729938199e-03 +4.92643571068489217e-01
+0.00000000000000000e+00 +0.00000000000000000e+00 +0.00000000000000000e+00 -6.67293134488780471e-01 +6.17000962467973313e-01 +1.29223342060205360e-01 +3.29409522249175579e-01 +1.58309772920634945e-02 -2.20385479680655028e-01
+0.00000000000000000e+00 +0.00000000000000000e+00 +0.00000000000000000e+00 -2.37859348928113751e-01 +5.90314611693263824e-01 +4.99568768266914986e-01 +2.06130332372123165e-01 +1.86061597751926350e-01 -5.17951738137213735e-01
+0.00000000000000000e+00 +0.00000000000000000e+00 +0.00000000000000000e+00 -7.05736377892349886e-01 -4.34414302790693485e-01 +4.51812341588086142e-01 +2.60801168776223363e-02 +3.27703152299807898e-01 -3.18819371332941179e-02
+0.00000000000000000e+00 +0.00000000000000000e+00 +0.00000000000000000e+00 +2.13126918385305342e-01 -2.81208491254126558e-01 -6.53948326274564784e-01 -6.42065191280497438e-01 -1.35502736971171656e-01 +1.31307220243657846e-01
+0.00000000000000000e+00 +0.00000000000000000e+00 +0.00000000000000000e+00 +2.40687560340777595e-01 -3.09389671170837766e-01 -4.64665854212874707e-01 +3.13705058753715516e-01 +1.62845383917628844e-01 +7.10987827355485047e-01
+0.00000000000000000e+00 +0.00000000000000000e+00 +0.00000000000000000e+00 +7.80674718349906871e-02 -1.81262483788144524e-01 -6.79763664993773692e-02 -1.42739759492811591e-01 +9.67277745838870162e-01 +2.06813653948816449e-02
+0.00000000000000000e+00 +0.00000000000000000e+00 +0.00000000000000000e+00 -5.96983879454393129e-01 -2.32147277196754959e-01 +3.30389783453111430e-01 -3.49481130155038733e-01 +3.55486530046757288e-01 -4.81718535010222326e-01
+0.00000000000000000e+00 +0.00000000000000000e+00 +0.00000000000000000e+00 +2.04907595727343766e-01 +5.59039882744138295e-01 +1.75557497549191713e-02 -7.15345911536237944e-01 +2.73404311309524639e-01 -2.42300210010135464e-01
+0.00000000000000000e+00 +0.00000000000000000e+00 +0.00000000000000000e+00 -6.25604243114436298e-01 -3.47265012314181831e-01 -3.49699080538417306e-01 +7.39364988180340188e-02 -2.26121551602833343e-01 -5.56002997593977089e-01
+0.00000000000000000e+00 +0.00000000000000000e+00 +0.00000000000000000e+00 +4.85822475301392609e-02 +1.86456174029098781e-01 +6.01472728069359808e-01 -7.63671160220707246e-01 +4.23051578289550118e-02 -1.26968698695304139e-01
+0.00000000000000000e+00 +0.00000000000000000e+00 +0.00000000000000000e+00 +2.55144914283973401e-01 +1.39415517234813879e-01 +6.70941814470842002e-01 -3.84578305992423097e-01 +5.38422265922865129e-01 -1.65838650447455577e-01
+0.00000000000000000e+00 +0.00000000000000000e+00 +0.00000000000000000e+00 +5.68740736167495986e-01 +5.74743702148531654e-01 -5.53003800513866307e-03 +8.63779246770332160e-02 +5.75493233021571959e-01 +8.67148396687898865e-02
+0.00000000000000000e+00 +0.00000000000000000e+00 +0.00000000000000000e+00 -2.80555192748153326e-01 +5.43477909055070429e-01 -2.86310826286828579e-01 -6.56000207480338049e-01 +7.03429332037297933e-02 -3.29639585723829232e-01
+0.00000000000000000e+00 +0.00000000000000000e+00 +0.00000000000000000e+00 +4.31471496853045644e-01 -4.92526153700353631e-01 +1.68148687973422722e-01 -9.34145969893760558e-03 +2.89285686133534448e-01 +6.77645101056805421e-01
+0.00000000000000000e+00 +0.00000000000000000e+00 +0.00000000000000000e+00 -4.67092514777972090e-01 -1.09896081593389330e-01 -2.24590194013751354e-01 -5.35144541181024502e-01 +6.49214464812813308e-01 -1.06993351960007199e-01
+0.00000000000000000e+00 +0.00000000000000000e+00 +0.00000000000000000e+00 -4.05866733674268954e-01 -1.62657975611231298e-01 +4.26195080434051299e-01 -5.00779475718208911e-01 -3.68353228184697123e-01 +4.90620165571857392e-01
+0.00000000000000000e+00 +0.00000000000000000e+00 +0.00000000000000000e+00 -2.37655877064597149e-01 -4.28982213682019942e-01 -1.74842122561602253e-01 +6.08207023724671170e-01 -2.76605898074832546e-01 -5.31505004737939601e-01
+0.00000000000000000e+00 +0.00000000000000000e+00 +0.00000000000000000e+00 +2.43399966671522000e-01 -7.01219154398710076e-01 +4.64888547608792113e-01 +1.58155776254995550e-01 +1.68216300931996771e-01 -4.23812244477178635e-01
+0.00000000000000000e+00 +0.00000000000000000e+00 +0.00000000000000000e+00 +6.87009604468129642e-01 -1.75067672762109439e-01 -3.37147178878595244e-01 -2.01746646311304928e-01 -5.32342572184312801e-01 -2.44152758818610038e-01
+0.00000000000000000e+00 +0.00000000000000000e+00 +0.00000000000000000e+00 -3.58198626215442073e-01 +1.92563672636098637e-01 -1.78607687418321087e-01 -1.87753598342815076e-01 +8.66025257998757736e-01 -1.32140489521027721e-01
+0.00000000000000000e+00 +0.00000000000000000e+00 +0.00000000000000000e+00 -1.99406417138632608e-01 -6.28561593961460274e-01 +3.71138174016127087e-01 +3.71542415171850438e-01 -2.33161362568622882e-01 -4.84763727935525857e-01
+0.00000000000000000e+00 +0.00000000000000000e+00 +0.00000000000000000e+00 -2.42641025644420749e-01 +3.65472784210771728e-01 -3.92105257410598096e-01 +5.68341964058632576e-01 -4.52204251358915121e-01 +3.55397201352681325e-01
+0.00000000000000000e+00 +0.00000000000000000e+00 +0.00000000000000000e+00 -6.16643583030134890e-01 -6.71176297978005820e-01 -5.45195227476794261e-02 +2.77895751257178469e-01 +3.34518158115008251e-03 +2.98435003598872650e-01
+0.00000000000000000e+00 +0.00000000000000000e+00 +0.00000000000000000e+00 +5.42159069682534245e-01 +3.50099592930230852e-01 -5.34917397889816293e-01 -2.56074046407000315e-02 -1.02803711504954889e-01 -5.34913874707150461e-01
+0.00000000000000000e+00 +0.00000000000000000e+00 +0.00000000000000000e+00 -3.32076138921324093e-01 +2.98678736345831475e-01 +7.22833200642746476e-01 +4.27090576321217386e-01 -5.52047958697752944e-02 +3.04260882456342974e-01
+0.00000000000000000e+00 +0.00000000000000000e+00 +0.00000000000000000e+00 +6.36366356542807043e-01 -4.04304954766520175e-01 +1.27079508356926385e-01 -1.54697028887384347e-01 -6.25345166070156444e-01 +2.09383593803652256e-02
+0.00000000000000000e+00 +0.00000000000000000e+00 +0.00000000000000000e+00 -6.08214942801651892e-01 +2.12492308397256635e-01 +6.50143921428829263e-01 +1.07223572077631862e-01 +1.93046523706415452e-01 -3.36854017238498060e-01
+0.00000000000000000e+00 +0.00000000000000000e+00 +0.00000000000000000e+00 -2.13081787582509369e-01 +5.36508649720465081e-01 +4.82219909922624423e-01 -3.97247606193093294e-01 +4.03963976020042304e-01 +3.36490749504228304e-01
+0.00000000000000000e+00 +0.00000000000000000e+00 +0.00000000000000000e+00 -5.18636060036012370e-01 -3.70067288538171890e-01 -2.61194054143201460e-01 +1.09689672562490417e-01 +3.63739433949781643e-01 +6.17661966764663006e-01
+0.00000000000000000e+00 +0.00000000000000000e+00 +0.00000000000000000e+00 +4.85162866977052021e-01 -1.62303725392881515e-01 +1.12671653066103272e-01 -1.00022303786945363e-01 -6.57512436640723563e-01 +5.32214736956317047e-01
+0.00000000000000000e+00 +0.00000000000000000e+00 +0.00000000000000000e+00 -9.98213332744410098e-02 +2.44188394549078314e-01 -1.30403796151141393e-01 +3.79702263224290182e-01 +4.17746196474535259e-01 +7.71178893625622419e-01
+0.00000000000000000e+00 +0.00000000000000000e+00 +0.00000000000000000e+00 +4.07709915506668408e-01 -4.45363865116557622e-01 +7.67675062330597457e-01 +1.40051832018025790e-01 +1.62202499942613071e-01 +1.32092574530359840e-02
+0.00000000000000000e+00 +0.00000000000000000e+00 +0.00000000000000000e+00 -4.46207385695910286e-01 -7.36491600894233045e-01 +4.01155123413390713e-01 -3.75305941665440637e-02 -2.74373220730239842e-01 -1.44445311344741811e-01
+0.00000000000000000e+00 +0.00000000000000000e+00 +0.00000000000000000e+00 +9.56141873166040102e-03 -3.11597965211793893e-01 -3.34294135015712257e-01 +2.23398188233818351e-01 -4.01668897816477799e-01 +7.61457854817026547e-01
+0.00000000000000000e+00 +0.00000000000000000e+00 +0.00000000000000000e+00 +2.43732265283487320e-01 -2.94005914876246000e-01 +3.04222686144274834e-01 +3.93342319433480844e-02 +5.49335565815012639e-01 -6.76968918371331330e-01
+0.00000000000000000e+00 +0.00000000000000000e+00 +0.00000000000000000e+00 +2.22686964066671905e-01 -1.94666604991043907e-01 +5.59358607955511289e-01 -1.45948864925766864e-01 +7.51031957588517041e-01 +1.19512778186026764e-01
+0.00000000000000000e+00 +0.00000000000000000e+00 +0.00000000000000000e+00 +3.77465225609968091e-01 -2.84035690213365388e-01 -6.74582639434569642e-01 -2.51775030661243959e-01 +1.39116280072103166e-01 +4.88915112538109653e-01
+0.00000000000000000e+00 +0.00000000000000000e+00 +0.00000000000000000e+00 -5.78430468798257991e-01 -1.43108201614739555e-01 -5.76588906955657565e-01 -2.59163587217986990e-01 +2.20648696001571498e-01 -4.43431906593575731e-01
+0.00000000000000000e+00 +0.00000000000000000e+00 +0.00000000000000000e+00 +3.63138199824605046e-01 +4.48233538773961659e-01 +5.11526200381159257e-01 +3.30256127227502305e-01 -1.64467257024981994e-01 +5.19075813986069945e-01
+0.00000000000000000e+00 +0.00000000000000000e+00 +0.00000000000000000e+00 +6.42239065611231230e-01 -1.70416508946307332e-01 +4.16615547181621027e-01 +5.98404311104189013e-01 +1.27629150554720044e-01 -1.02673084635291373e-01
+0.00000000000000000e+00 +0.00000000000000000e+00 +0.00000000000000000e+00 +4.05289065650656422e-01 +1.86891957436341072e-01 -5.24413883559410876e-01 +1.21309574440426574e-01 +2.10007726150018226e-01 +6.83361537069616776e-01
+0.00000000000000000e+00 +0.00000000000000000e+00 +0.00000000000000000e+00 -3.07590153081603090e-01 -2.32087158035574233e-02 +5.92658685230319171e-01 -5.73274039126580037e-01 +4.25561653237309434e-01 +2.09426577626813298e-01
+0.00000000000000000e+00 +0.00000000000000000e+00 +0.00000000000000000e+00 +9.13697380784252888e-01 -1.86396840717283935e-01 -1.40438012622669639e-01 +2.01332689221929401e-01 -2.19652404124352219e-01 -1.48015027420409812e-01
+0.00000000000000000e+00 +0.00000000000000000e+00 +0.00000000000000000e+00 -6.66566871099208536e-01 +3.84126070191796343e-01 +7.84360748725297235e-02 +1.86169733363389156e-01 +4.40207836300635869e-01 -4.16583055283729020e-01
+0.00000000000000000e+00 +0.00000000000000000e+00 +0.00000000000000000e+00 -5.15004712259493846e-01 -4.76139641079100173e-01 +3.42572275535300730e-01 +4.21262134309993222e-02 -3.82667120940653416e-01 +4.92439520419619692e-01
+0.00000000000000000e+00 +0.00000000000000000e+00 +0.00000000000000000e+00 -1.35101734724494993e-01 +7.51510799333867330e-01 -6.31830933798197963e-02 -2.76848075054602127e-01 -5.70899333499039985e-01 -1.02058957563137223e-01
+0.00000000000000000e+00 +0.00000000000000000e+00 +0.00000000000000000e+00 +5.12971155227676875e-02 -3.75733466458814280e-01 +3.99978143982152090e-01 +2.24829071726672547e-01 -6.02563690765558380e-01 +5.31581921754296305e-01
+0.00000000000000000e+00 +0.00000000000000000e+00 +0.00000000000000000e+00 -6.55140946143826675e-01 +4.06169304602993886e-01 -6.65204284961546238e-02 +2.48378895533810817e-01 -4.12800761488410384e-01 -4.11455131022536669e-01
+0.00000000000000000e+00 +0.00000000000000000e+00 +0.00000000000000000e+00 -4.93407202105807741e-01 -3.63692177661215199e-01 -9.66129047914238287e-02 -4.25730301301037450e-01 -6.32968415234237192e-01 +1.81791020999144820e-01
+0.00000000000000000e+00 +0.00000000000000000e+00 +0.00000000000000000e+00 +2.63277536998627992e-01 +1.14328659122114665e-02 -6.25564643891201366e-01 +4.59460321130396754e-01 -3.11864639074008521e-01 -4.80478682778159583e-01
+0.00000000000000000e+00 +0.00000000000000000e+00 +0.00000000000000000e+00 +3.36620191947263128e-02 -2.95911969996681068e-01 +3.75837788835475528e-01 +7.92921912365240900e-01 +3.75877192771406243e-01 +6.33307232030199969e-03
+0.00000000000000000e+00 +0.00000000000000000e+00 +0.00000000000000000e+00 -1.55906884739860641e-01 +1.11311232921141881e-01 +3.94311365047764761e-01 +2.39512678976576771e-01 +5.39122222911680438e-01 -6.78087240318446915e-01
+0.00000000000000000e+00 +0.00000000000000000e+00 +0.00000000000000000e+00 +2.56370875755752403e-01 -6.50762539231929282e-01 -2.85156437848181843e-01 +3.23055226597136980e-01 -3.93696573162062247e-01 +4.12439360875144767e-01
+0.00000000000000000e+00 +0.00000000000000000e+00 +0.00000000000000000e+00 +4.21097566476013541e-01 -3.29687289536923611e-01 +5.16160205617042012e-01 -4.16955757877493061e-01 +3.32271259755172632e-01 -4.04110725762958423e-01
+0.00000000000000000e+00 +0.00000000000000000e+00 +0.00000000000000000e+00 -1.96218924108459786e-01 +8.05156718074149930e-02 +3.64507022570476680e-01 +1.04513145590040574e-01 +8.03613143507093952e-02 +8.97089210985522079e-01
+0.00000000000000000e+00 +0.00000000000000000e+00 +0.00000000000000000e+00 -4.34542352191726600e-01 -4.50926646322005353e-01 +3.28677938859460728e-02 +7.35718873371960402e-01 -7.35060759392881374e-02 +2.45096732083156466e-01
+0.00000000000000000e+00 +0.00000000000000000e+00 +0.00000000000000000e+00 +1.42020340996493327e-01 -2.28389449005531597e-02 -6.87142285498826610e-01 +5.63408271660573945e-01 -3.35113105936325706e-01 +2.78234452346707239e-01
+0.00000000000000000e+00 +0.00000000000000000e+00 +0.00000000000000000e+00 +1.19317747581115047e-01 -3.74096325607889690e-01 -3.50717917299655013e-01 +1.48634527178106907e-01 -4.10889413368470791e-01 -7.29307770475601025e-01
+0.00000000000000000e+00 +0.00000000000000000e+00 +0.00000000000000000e+00 +4.27476344968903188e-01 +7.16577927231994760e-01 +3.88018702170724247e-02 +1.72907595813251519e-01 -3.35648905887122095e-01 -3.99646392265014694e-01
+0.00000000000000000e+00 +0.00000000000000000e+00 +0.00000000000000000e+00 -2.04750865426858053e-01 +5.65947601387473354e-01 +2.83144059756369332e-02 +1.62458612198568997e-01 -6.90978831326819809e-01 -3.64875518479525096e-01
+0.00000000000000000e+00 +0.00000000000000000e+00 +0.00000000000000000e+00 -5.86496504011129072e-01 -2.01847668036111844e-01 +1.18323434796748450e-01 +4.10896056556191602e-01 +5.24186580597286289e-01 +3.97079077637317035e-01
+0.00000000000000000e+00 +0.00000000000000000e+00 +0.00000000000000000e+00 -4.45376748497458952e-01 +4.07409096220265443e-01 +4.93303859240596665e-01 -4.63156309360075180e-01 -8.93836034011946806e-02 -4.12074613651610133e-01
+0.00000000000000000e+00 +0.00000000000000000e+00 +0.00000000000000000e+00 -1.72366457023033159e-01 +5.17071338035128725e-01 -6.58116190969872394e-01 +1.47545826731542096e-01 -9.80721509661464513e-02 +4.88284954998793985e-01
+0.00000000000000000e+00 +0.00000000000000000e+00 +0.00000000000000000e+00 -3.31859309499256905e-01 +2.56602763310900317e-01 +2.67091861299794731e-01 +5.95406946287366901e-01 +5.48879692325602186e-01 +3.11300513736489870e-01
+0.00000000000000000e+00 +0.00000000000000000e+00 +0.00000000000000000e+00 -2.18940929539964801e-01 +2.53863781550737022e-01 -4.50576997584444028e-01 -4.75770596251865741e-01 +3.36845821375609311e-01 -5.87175996955477952e-01
+0.00000000000000000e+00 +0.00000000000000000e+00 +0.00000000000000000e+00 -8.39695483958116884e-01 -5.01930230394489252e-01 +1.15969330838649354e-01 -1.00430987216285336e-01 -4.74743371151033766e-02 -1.31104753779407002e-01
+0.00000000000000000e+00 +0.00000000000000000e+00 +0.00000000000000000e+00 +4.84189906550156091e-01 +9.19605556898627774e-02 +2.93434944248223348e-02 +5.50124246919797555e-01 +4.28494185034319408e-01 -5.19613699078270153e-01
+0.00000000000000000e+00 +0.00000000000000000e+00 +0.00000000000000000e+00 +2.67659627149228807e-01 +2.15573911974707350e-01 +6.09113783885742888e-01 +2.48350408679048645e-01 +6.41900674515642922e-01 -1.92749083826516621e-01
+0.00000000000000000e+00 +0.00000000000000000e+00 +0.00000000000000000e+00 -7.42635702966417788e-01 -2.46210155457573625e-02 -1.25037149582639014e-02 -1.09013204921572973e-01 -2.90896967688855645e-01 +5.92642177648088464e-01
+0.00000000000000000e+00 +0.00000000000000000e+00 +0.00000000000000000e+00 +3.95857791104564760e-01 +4.63652576842767561e-01 +5.96221949329637346e-01 -3.56903153628075898e-01 +1.03438999049456193e-01 +3.67100526766748758e-01
+0.00000000000000000e+00 +0.00000000000000000e+00 +0.00000000000000000e+00 -2.40970284325047995e-01 -4.74036343237366986e-01 -6.25730960211275833e-01 +1.96231717813342560e-01 +5.06167274260454492e-01 +1.75987034145393878e-01
+0.00000000000000000e+00 +0.00000000000000000e+00 +0.00000000000000000e+00 +3.76595461957577426e-01 +6.28784200786890901e-01 +3.40648245635017999e-01 -6.18208883643755897e-02 +1.37573986611955773e-01 -5.69224591518204703e-01
+0.00000000000000000e+00 +0.00000000000000000e+00 +0.00000000000000000e+00 +4.03113733206073716e-02 -3.22365035362768448e-01 +2.18366012708356899e-01 -7.58279544632072366e-01 +5.06297943458993704e-01 -1.24284296241287451e-01
+0.00000000000000000e+00 +0.00000000000000000e+00 +0.00000000000000000e+00 -4.26633394679705347e-01 -3.11588275398574810e-01 +2.39774104304217056e-01 -2.13620321597353918e-01 -4.06323611191893586e-01 -6.72809447965726171e-01
+0.00000000000000000e+00 +0.00000000000000000e+00 +0.00000000000000000e+00 +1.30018226833747391e-01 +6.17118867210144306e-01 +1.88205565417475712e-01 -5.71012494935090320e-01 -3.00827245311042379e-01 -3.87667291213404208e-01
+0.00000000000000000e+00 +0.00000000000000000e+00 +0.00000000000000000e+00 +1.18739530704162363e-01 +1.68067127422900503e-01 +7.24355824471915044e-01 +5.22612450049853294e-02 +1.45213866725571461e-01 -6.39644197396270431e-01
+0.00000000000000000e+00 +0.00000000000000000e+00 +0.00000000000000000e+00 +4.14930989873983080e-01 +3.44975822031569346e-02 -3.25732802171091074e-01 +3.67167947138341999e-01 -7.40763705389837379e-01 -1.92346467150909528e-01
+0.00000000000000000e+00 +0.00000000000000000e+00 +0.00000000000000000e+00 -6.68617742705448492e-01 -1.15851315162722970e-01 +6.60435808469711394e-01 +1.24303556080576569e-01 -2.95796192404558012e-01 -2.01635391284727267e-02
+0.00000000000000000e+00 +0.00000000000000000e+00 +0.00000000000000000e+00 -2.45112668155418323e-01 -6.45495555110629615e-01 +4.28503432137236462e-01 +4.90432282611610801e-02 +5.61226067460378841e-01 +1.49198323896224561e-01
+0.00000000000000000e+00 +0.00000000000000000e+00 +0.00000000000000000e+00 +7.15598639346518794e-01 -2.81261034404797217e-01 -3.75870571741278803e-01 +3.43246400379631431e-02 +4.03180642270554668e-01 -3.22179018519837490e-01
+0.00000000000000000e+00 +0.00000000000000000e+00 +0.00000000000000000e+00 +6.34516302693672540e-01 +1.73206919598283375e-02 -7.21682338147768387e-01 +1.40579457367358551e-01 -2.37694976330257046e-01 -1.47392171168744682e-03
+0.00000000000000000e+00 +0.00000000000000000e+00 +0.00000000000000000e+00 +4.60749508757038115e-02 -3.23364382361927993e-01 +7.45725017116962929e-01 -4.51774796451184568e-01 -3.50660068548659887e-01 +1.00716550697169852e-01
+0.00000000000000000e+00 +0.00000000000000000e+00 +0.00000000000000000e+00 -5.87552498024781267e-01 +5.59954057067881150e-01 +8.76190795906527098e-02 -4.71874491028034970e-01 +2.87978852612687852e-01 -1.67209623211881597e-01
+0.00000000000000000e+00 +0.00000000000000000e+00 +0.00000000000000000e+00 +5.46819209184303157e-01 +4.40085174137243088e-02 -5.16368392323309444e-01 -1.54172201970971340e-01 +6.23326395063147687e-01 +1.41812635644863405e-01
+0.00000000000000000e+00 +0.00000000000000000e+00 +0.00000000000000000e+00 -1.62097389813735421e-01 +2.38669507954046879e-02 -7.36893244591915297e-01 -2.88613164399199651e-01 +1.86521563903861626e-01 +5.58619099641644468e-01
+0.00000000000000000e+00 +0.00000000000000000e+00 +0.00000000000000000e+00 +6.25143810146780554e-01 +4.58136786930213868e-02 +2.14371628480452686e-01 +4.02779097129711994e-01 -5.29764647396658961e-01 +3.43888856560495615e-01
+0.00000000000000000e+00 +0.00000000000000000e+00 +0.00000000000000000e+00 -1.33957793089983568e-01 -4.73886241502980199e-01 +1.71489118963228770e-01 +7.24882777792078770e-01 -4.48481895956296117e-01 -3.85690202331088403e-02
+0.00000000000000000e+00 +0.00000000000000000e+00 +0.00000000000000000e+00 -6.16163704821224734e-01 -1.54933944634521453e-01 +2.20236973211607096e-01 -1.72020024780621617e-01 +3.94412903322323483e-01 +6.02230030851077403e-01
+0.00000000000000000e+00 +0.00000000000000000e+00 +0.00000000000000000e+00 +2.14445062202222841e-01 -6.90120476848196440e-01 +1.41279728093882562e-01 -2.98081981773498372e-01 -4.48815377351505673e-01 -4.09266380681861830e-01
+0.00000000000000000e+00 +0.00000000000000000e+00 +0.00000000000000000e+00 +4.86439178247579596e-01 +2.56247065620129819e-02 +9.76609532693667876e-02 +7.22498293614282416e-01 +4.43051837011859018e-01 +1.86772385353981274e-01
+0.00000000000000000e+00 +0.00000000000000000e+00 +0.00000000000000000e+00 +3.89555256988024901e-01 -2.24132428174942999e-01 +2.44177560609542849e-01 -6.45881697805741894e-01 -4.96878207199772548e-01 -2.72649142558129998e-01
+0.00000000000000000e+00 +0.00000000000000000e+00 +0.00000000000000000e+00 -9.41739757953116818e-01 -6.52214006167654153e-02 +1.08474599442276234e-01 +2.28201348997918801e-01 -3.74804092234784086e-02 +2.08866037707906738e-01
+0.00000000000000000e+00 +0.00000000000000000e+00 +0.00000000000000000e+00 -4.76711286949650870e-01 +1.57713159750777626e-02 +4.39864458938184988e-01 -1.84795559930721998e-01 -6.31006262306716414e-01 -3.83012493542754184e-01
+0.00000000000000000e+00 +0.00000000000000000e+00 +0.00000000000000000e+00 +6.72951978212446345e-01 -3.54846245148819572e-01 +5.24332534404309714e-01 -1.16171654755542877e-01 -1.89648927466930212e-01 -3.11179372116620834e-01
+0.00000000000000000e+00 +0.00000000000000000e+00 +0.00000000000000000e+00 +6.06850245363342866e-01 +6.56934922639717533e-01 -7.79297399360395354e-02 +2.49838129876561260e-01 +1.88362804756098040e-01 -3.10155776016663609e-01
+0.00000000000000000e+00 +0.00000000000000000e+00 +0.00000000000000000e+00 -9.72645005683912822e-02 +8.56223784758950668e-01 +4.82660378767830023e-01 +1.40796088545955905e-01 -5.65155915290892416e-02 +3.79717720709891043e-02
+0.00000000000000000e+00 +0.00000000000000000e+00 +0.00000000000000000e+00 +3.86814346201349371e-02 +2.12584785139883436e-01 +6.04833899478203207e-01 -4.02576929233882996e-01 -6.40888534068919546e-01 -1.21165641715616501e-01
+0.00000000000000000e+00 +0.00000000000000000e+00 +0.00000000000000000e+00 +2.56288250595845868e-01 -2.35774344641337369e-01 -1.93884587349159310e-01 +8.71999396195359822e-01 -6.76571273582521476e-02 -2.75998412960060668e-01
+0.00000000000000000e+00 +0.00000000000000000e+00 +0.00000000000000000e+00 -1.69543278559299099e-01 -1.86412042577233455e-01 -4.15964060148870052e-01 +5.29928532436868771e-01 -6.54917318748609700e-01 -2.31815840387263356e-01
+0.00000000000000000e+00 +0.00000000000000000e+00 +0.00000000000000000e+00 -1.99439235780825763e-03 +1.74848884178883009e-02 +7.28978420556603002e-01 -2.99353550453172745e-01 +5.24786037841335831e-02 +6.13118431801625952e-01
+0.00000000000000000e+00 +0.00000000000000000e+00 +0.00000000000000000e+00 -2.82714289433943111e-01 +1.67394602099291051e-01 -7.02019073621058531e-01 -3.74951008438471289e-01 +5.05957751340588291e-01 -5.13750244716275964e-02
+0.00000000000000000e+00 +0.00000000000000000e+00 +0.00000000000000000e+00 -2.84147903415222669e-01 +1.94647916567206009e-01 -1.96112625128794765e-01 +6.21765677059378796e-01 +5.51494180435234571e-01 -3.90094357307092021e-01
+0.00000000000000000e+00 +0.00000000000000000e+00 +0.00000000000000000e+00 +6.92040791002898503e-01 -5.20986922829377197e-01 +1.03460334010606364e-01 +2.63226148180026251e-02 +3.65036880026461674e-02 -4.86747090208684730e-01
+0.00000000000000000e+00 +0.00000000000000000e+00 +0.00000000000000000e+00 -8.36347680660695370e-02 -8.55796977290144256e-01 -4.06398471662080263e-01 +1.35316101469137279e-01 +3.30504768107803895e-02 -2.75779368568584260e-01
+0.00000000000000000e+00 +0.00000000000000000e+00 +0.00000000000000000e+00 -3.01993355239592365e-01 +6.47717668511113651e-03 +4.88434486631227183e-01 +6.76253183366569161e-03 +7.99527069335986829e-01 +1.75785509655431049e-01
+0.00000000000000000e+00 +0.00000000000000000e+00 +0.00000000000000000e+00 -6.77877187729447162e-01 -4.57331376949319246e-01 +1.61471041992392095e-01 +4.85569513792570406e-01 -2.26676644463806920e-01 -1.34527241633144445e-01
+0.00000000000000000e+00 +0.00000000000000000e+00 +0.00000000000000000e+00 +3.96370175518780676e-02 -6.08928985108005194e-01 -4.28534509679765196e-02 -6.92577760742033144e-01 -1.37965148667114151e-01 +3.56510368367982666e-01
